Frame,root_translateX,root_translateY,root_translateZ,root_rotateX,root_rotateY,root_rotateZ,waist_yaw_joint,waist_roll_joint,waist_pitch_joint,head_yaw_joint,head_pitch_joint,left_shoulder_pitch_joint,left_shoulder_roll_joint,left_shoulder_yaw_joint,left_elbow_joint,left_wrist_roll_joint,left_wrist_pitch_joint,left_wrist_yaw_joint,right_shoulder_pitch_joint,right_shoulder_roll_joint,right_shoulder_yaw_joint,right_elbow_joint,right_wrist_roll_joint,right_wrist_pitch_joint,right_wrist_yaw_joint,left_hip_pitch_joint,left_hip_roll_joint,left_hip_yaw_joint,left_knee_joint,left_ankle_pitch_joint,left_ankle_roll_joint,right_hip_pitch_joint,right_hip_roll_joint,right_hip_yaw_joint,right_knee_joint,right_ankle_pitch_joint,right_ankle_roll_joint
0,0.0829879641532898,3.134798526763916,105.9640884399414,1.0875212713389684,-1.0433635721427952,-92.82900848820682,-3.2581215,-1.3869182,4.242182,2.5800314,-1.8549151,19.825184,23.240482,-13.150539,44.617226,24.964092,-7.352123,-6.181007,16.206257,-20.394386,9.434878,48.125683,-19.983727,-9.237586,-4.3700604,3.015707,5.033381,6.494173,5.6061306,-6.3047757,0.0,3.4888084,-6.284949,-10.914485,5.261953,-9.787031,0.0
1,0.0816388726234436,3.1345627307891846,105.96443176269531,1.0878779554455709,-1.0436791321524457,-92.82906796607337,-3.258054,-1.3870023,4.242254,2.5800416,-1.8549213,19.827715,23.251898,-13.151005,44.616512,24.963614,-7.3525968,-6.180957,16.208403,-20.412014,9.435038,48.12514,-19.983454,-9.237934,-4.37004,3.0205052,5.03307,6.496086,5.5973463,-6.298626,0.0,3.4892411,-6.2844963,-10.914569,5.262722,-9.788063,0.0
2,0.07878304272890091,3.137709856033325,105.96444702148438,1.0891663197235923,-1.0449506781555327,-92.82924230802767,-3.2578428,-1.3873441,4.242728,2.5800633,-1.8549337,19.83247,23.273813,-13.151958,44.61505,24.962683,-7.3535714,-6.1808724,16.21248,-20.445797,9.4354,48.124084,-19.98293,-9.23863,-4.3699465,3.023439,5.03287,6.497559,5.5906434,-6.2915506,0.0,3.48838,-6.2841887,-10.914306,5.2628107,-9.786408,0.0
3,0.08198335021734238,3.137444257736206,105.96640014648438,1.089256051085286,-1.0456406737371373,-92.82953964138187,-3.2575872,-1.3878258,4.2434235,2.580086,-1.8549459,19.837193,23.295506,-13.1529455,44.61354,24.961752,-7.3545885,-6.180803,16.216589,-20.479084,9.435799,48.123028,-19.982416,-9.239339,-4.3698025,3.0342553,5.029538,6.5018764,5.5710335,-6.280335,0.0,3.4893866,-6.286344,-10.914308,5.2627325,-9.786195,0.0
4,0.0852072611451149,3.1405906677246094,105.9672622680664,1.089422573020309,-1.0468954273340072,-92.82969842563266,-3.2572403,-1.388456,4.244364,2.5801098,-1.854958,19.841887,23.316944,-13.153951,44.61198,24.960804,-7.3556447,-6.180749,16.2207,-20.51188,9.436244,48.12196,-19.981892,-9.240069,-4.3696117,3.0305722,5.0277863,6.500974,5.57717,-6.2814713,0.0,3.4914548,-6.288104,-10.914868,5.2569885,-9.7810545,0.0
5,0.08586207032203674,3.1409642696380615,105.96647644042969,1.0892820252275048,-1.046979307297305,-92.82972691067091,-3.257216,-1.3884946,4.244419,2.580111,-1.8549587,19.842123,23.317976,-13.153997,44.611908,24.960758,-7.355695,-6.1807466,16.220907,-20.513456,9.436267,48.121906,-19.981865,-9.240103,-4.3696017,3.0178847,5.029202,6.4964542,5.600743,-6.29399,0.0,3.488818,-6.2888923,-10.913989,5.2619076,-9.783049,0.0
6,0.08497811108827591,3.1449530124664307,105.96512603759766,1.089432471569439,-1.0481941940669581,-92.82958532057367,-3.2568913,-1.3889943,4.245136,2.580123,-1.8549649,19.844553,23.328718,-13.154492,44.611103,24.960234,-7.356242,-6.1807337,16.223045,-20.529907,9.436516,48.121365,-19.981588,-9.24048,-4.369486,3.0086405,5.030652,6.4928856,5.6164412,-6.3017645,0.0,3.4871252,-6.2885823,-10.913662,5.2627864,-9.78125,0.0
7,0.08276042342185974,3.1473777294158936,105.96467590332031,1.0896610347113629,-1.0489486307373117,-92.82940638857434,-3.2565348,-1.3895528,4.24594,2.5801349,-1.854971,19.846977,23.339363,-13.154981,44.610287,24.959677,-7.3568015,-6.180729,16.22518,-20.54621,9.436775,48.120808,-19.981293,-9.240872,-4.3693595,3.0116308,5.031514,6.493424,5.609883,-6.2992253,0.0,3.4870129,-6.2872314,-10.913928,5.2617435,-9.779622,0.0
8,0.08642803877592087,3.149731159210205,105.96499633789062,1.0887777823814728,-1.0496394037087684,-92.8294194712665,-3.2563798,-1.389831,4.246398,2.5801408,-1.8549743,19.84821,23.3447,-13.155225,44.60987,24.95939,-7.3570857,-6.1807284,16.22627,-20.554365,9.436908,48.120525,-19.981136,-9.241075,-4.3692913,3.0090399,5.030981,6.4924445,5.6131883,-6.3006682,0.0,3.4858778,-6.288584,-10.913524,5.2619476,-9.777704,0.0
9,0.08196679502725601,3.1503281593322754,105.96578216552734,1.090126526475624,-1.0500089171930969,-92.82934866491472,-3.2562852,-1.3901393,4.246925,2.580147,-1.8549778,19.849516,23.350357,-13.155491,44.60942,24.959093,-7.3573933,-6.180728,16.227425,-20.562988,9.437058,48.120213,-19.980967,-9.241297,-4.3692126,3.0222507,5.030415,6.4967875,5.5879188,-6.286811,0.0,3.4859657,-6.287215,-10.913742,5.262495,-9.778467,0.0
10,0.08185189217329025,3.1511728763580322,105.96595764160156,1.0904021786415548,-1.0503195379353556,-92.82936875181916,-3.25629,-1.390213,4.2470694,2.5801487,-1.8549788,19.849846,23.351778,-13.1555605,44.60931,24.959023,-7.357471,-6.1807275,16.227716,-20.565145,9.4370985,48.120136,-19.98092,-9.241354,-4.369192,3.0207393,5.0305996,6.4962945,5.5902553,-6.2859607,0.0,3.4856453,-6.287476,-10.913673,5.2623954,-9.7777605,0.0
11,0.07539740949869156,3.152165174484253,105.96724700927734,1.09322096629889,-1.0513522080297522,-92.82929916485429,-3.256531,-1.3908824,4.2482204,2.5801613,-1.854986,19.852224,23.362307,-13.156104,44.608433,24.958511,-7.3580728,-6.180724,16.229815,-20.58106,9.437422,48.119495,-19.980577,-9.241809,-4.36902,3.0456557,5.0281568,6.504784,5.5434966,-6.2598715,0.0,3.4874303,-6.286375,-10.9145565,5.260947,-9.777591,0.0
12,0.07660768181085587,3.1540334224700928,105.96726989746094,1.0938964731960559,-1.0522812730389124,-92.8293580473131,-3.2567797,-1.3912286,4.2489243,2.5801685,-1.8549902,19.853586,23.36827,-13.156421,44.607933,24.958235,-7.358416,-6.1807218,16.231014,-20.590021,9.437614,48.119125,-19.980373,-9.242076,-4.368916,3.0413027,5.027402,6.5034375,5.551143,-6.261695,0.0,3.4861505,-6.2882247,-10.914105,5.2624426,-9.776798,0.0
13,0.07707064598798752,3.163037061691284,105.96559143066406,1.094735162398197,-1.0547894750599147,-92.82912473348019,-3.2579725,-1.3924963,4.251566,2.580195,-1.8550061,19.858128,23.388773,-13.157574,44.606117,24.95725,-7.3596606,-6.180726,16.234985,-20.62068,9.438326,48.117725,-19.979563,-9.243097,-4.368504,3.023458,5.0280004,6.4973736,5.579652,-6.2709875,0.0,3.4830477,-6.2895455,-10.913509,5.2624335,-9.771341,0.0
14,0.07712703943252563,3.1631815433502197,105.966064453125,1.094732269357491,-1.0548372507966242,-92.8291251633177,-3.2579856,-1.3925066,4.2515883,2.5801952,-1.8550063,19.858166,23.388939,-13.157583,44.606106,24.957243,-7.35967,-6.180726,16.23502,-20.620924,9.438332,48.117714,-19.979555,-9.243106,-4.3685007,3.0373306,5.0262213,6.502198,5.5533276,-6.2583623,0.0,3.4830182,-6.2895474,-10.913506,5.262253,-9.771078,0.0
15,0.08138616383075714,3.1628825664520264,105.96688079833984,1.0931269729418258,-1.055111568681591,-92.8292286512386,-3.2585084,-1.3927821,4.2523665,2.580202,-1.855011,19.859411,23.394331,-13.157896,44.605633,24.956997,-7.359992,-6.180731,16.236095,-20.628887,9.4385195,48.117332,-19.97931,-9.243396,-4.368382,3.0343928,5.025874,6.5014353,5.559402,-6.262421,0.0,3.4862595,-6.289821,-10.914334,5.257111,-9.76857,0.0
16,0.0813867449760437,3.1629018783569336,105.96648406982422,1.0931361438625418,-1.0550596672586576,-92.82924755506743,-3.2585084,-1.3927821,4.2523665,2.580202,-1.855011,19.859411,23.394331,-13.157896,44.605633,24.956997,-7.359992,-6.180731,16.236095,-20.628887,9.4385195,48.117332,-19.97931,-9.243396,-4.368382,3.0331793,5.0260344,6.50119,5.5615993,-6.264243,0.0,3.4832897,-6.2904034,-10.913368,5.262484,-9.77091,0.0
17,0.08147261291742325,3.1635522842407227,105.9663314819336,1.092971841622573,-1.0552697484413778,-92.82925770338638,-3.2585719,-1.3927907,4.2524695,2.580203,-1.8550113,19.859564,23.394987,-13.157935,44.605576,24.956968,-7.360031,-6.1807323,16.236227,-20.629852,9.438544,48.117283,-19.979279,-9.243433,-4.3683667,3.031434,5.0262756,6.5009985,5.564623,-6.2660627,0.0,3.4830558,-6.2902527,-10.913303,5.262373,-9.770377,0.0
18,0.08190721273422241,3.166109800338745,105.9661865234375,1.0925071556648933,-1.0560697482250445,-92.82929991833953,-3.2587838,-1.3927288,4.252914,2.5802066,-1.8550135,19.860218,23.397766,-13.158107,44.605335,24.956842,-7.3601995,-6.1807384,16.236782,-20.633938,9.438655,48.117073,-19.979147,-9.243589,-4.3683014,3.0254939,5.0274253,6.499657,5.574186,-6.269914,0.0,3.482476,-6.2898693,-10.913144,5.261935,-9.768614,0.0
19,0.08033164590597153,3.170311450958252,105.9663314819336,1.0923313772643832,-1.057227045207806,-92.82931922617288,-3.2590714,-1.3924516,4.253768,2.5802133,-1.8550172,19.861443,23.402954,-13.158437,44.604877,24.9566,-7.360516,-6.1807547,16.237822,-20.641563,9.438874,48.116684,-19.978905,-9.243883,-4.3681765,3.0231574,5.028881,6.499464,5.5765595,-6.269422,0.0,3.4807038,-6.288542,-10.912682,5.2623906,-9.76653,0.0
20,0.08024477958679199,3.1717848777770996,105.96671295166016,1.0922450936415335,-1.0576271949991116,-92.8293366116318,-3.2591326,-1.3923506,4.253988,2.580215,-1.855018,19.861755,23.404257,-13.158522,44.604767,24.95654,-7.3605957,-6.1807604,16.238085,-20.643475,9.438932,48.11659,-19.978846,-9.243957,-4.368145,3.0225122,5.029245,6.499517,5.5765224,-6.268704,0.0,3.4802504,-6.288289,-10.912581,5.2619085,-9.765273,0.0
21,0.0836864560842514,3.1745567321777344,105.96826171875,1.091615750397052,-1.0586518078231621,-92.82978527397118,-3.2596922,-1.3914013,4.2557526,2.5802279,-1.8550245,19.86419,23.4145,-13.159233,44.603874,24.956068,-7.3612285,-6.180821,16.240122,-20.658463,9.439413,48.115807,-19.978361,-9.244552,-4.36788,3.0250807,5.0278206,6.5007634,5.570082,-6.263857,0.0,3.4791152,-6.2897596,-10.911873,5.2622223,-9.763172,0.0
22,0.08307823538780212,3.1757466793060303,105.9672622680664,1.0918736938517857,-1.0590266269929742,-92.8298494104154,-3.2597923,-1.3912865,4.2559834,2.5802293,-1.8550253,19.864508,23.415798,-13.1593275,44.603767,24.956013,-7.3613067,-6.1808314,16.240385,-20.660353,9.439475,48.11571,-19.978298,-9.244627,-4.3678455,3.0191863,5.02833,6.4982424,5.580606,-6.268214,0.0,3.4794333,-6.2895913,-10.912,5.261126,-9.76208,0.0
23,0.08419540524482727,3.17878794670105,105.96739196777344,1.091943012529395,-1.0599882601500616,-92.83013951417915,-3.2600803,-1.3910217,4.256536,2.5802326,-1.8550272,19.86523,23.418715,-13.159552,44.603523,24.955894,-7.361481,-6.1808605,16.240982,-20.664585,9.439621,48.115494,-19.978163,-9.244797,-4.367766,3.0135849,5.028393,6.496025,5.589735,-6.2707744,0.0,3.4781396,-6.2904334,-10.91143,5.261409,-9.760098,0.0
24,0.08322929590940475,3.1794533729553223,105.96723937988281,1.092311024214764,-1.0603346649762209,-92.8302576363382,-3.2602358,-1.3908868,4.256829,2.5802345,-1.855028,19.865597,23.420174,-13.159668,44.603405,24.955837,-7.361567,-6.180878,16.241282,-20.666698,9.439698,48.11538,-19.978096,-9.244884,-4.367724,3.0161004,5.027913,6.496598,5.5843287,-6.266979,0.0,3.4781947,-6.2902374,-10.911409,5.2614803,-9.759986,0.0
25,0.07795722037553787,3.1861941814422607,105.96728515625,1.0941251993683656,-1.0624207521574298,-92.83087026096362,-3.2611046,-1.3898399,4.2590613,2.5802472,-1.8550345,19.868126,23.430359,-13.160528,44.602566,24.955437,-7.3621845,-6.181023,16.243326,-20.681427,9.440293,48.114574,-19.977638,-9.245518,-4.367408,3.0217774,5.0283117,6.4989552,5.570451,-6.2554846,0.0,3.475638,-6.2889495,-10.910471,5.262083,-9.756808,0.0
26,0.07672428339719772,3.187235116958618,105.96792602539062,1.0945970042650843,-1.0627647486768077,-92.83092149868105,-3.2611954,-1.3896233,4.259446,2.5802493,-1.8550355,19.868542,23.431969,-13.1606655,44.602436,24.955376,-7.362281,-6.1810484,16.243658,-20.68375,9.440395,48.114445,-19.977571,-9.24562,-4.367355,3.026537,5.0279975,6.5006485,5.5604625,-6.2488923,0.0,3.4756117,-6.288597,-10.910509,5.261492,-9.756005,0.0
27,0.07581501454114914,3.1882669925689697,105.96780395507812,1.0949323429882372,-1.0631253575238624,-92.83093300268342,-3.2612314,-1.3894112,4.2597814,2.580251,-1.8550364,19.868874,23.433254,-13.160779,44.602333,24.955326,-7.3623586,-6.1810713,16.243921,-20.685604,9.440483,48.114338,-19.977524,-9.245704,-4.36731,3.0287228,5.027902,6.5015025,5.555282,-6.2447314,0.0,3.4751198,-6.288435,-10.910394,5.2619405,-9.755732,0.0
28,0.07732149958610535,3.1911652088165283,105.96846008300781,1.095266960662615,-1.0642814261426283,-92.83097660585187,-3.2612846,-1.388414,4.261192,2.5802581,-1.8550394,19.87019,23.438347,-13.161241,44.601925,24.955124,-7.362672,-6.1811676,16.244942,-20.692944,9.44086,48.113895,-19.977339,-9.246052,-4.3671217,3.0281727,5.027009,6.501539,5.554947,-6.242434,0.0,3.4764614,-6.2894206,-10.910934,5.2581844,-9.751854,0.0
29,0.07641495019197464,3.1959147453308105,105.96813201904297,1.0961807066188005,-1.0658878549592867,-92.83099128051722,-3.2613578,-1.3872344,4.2627344,2.5802658,-1.8550426,19.871588,23.44374,-13.161743,44.601486,24.954916,-7.3630095,-6.181275,16.24602,-20.700691,9.441273,48.11341,-19.97714,-9.246434,-4.366913,3.0253882,5.0268292,6.5007453,5.557768,-6.241148,0.0,3.475633,-6.289818,-10.910677,5.2570195,-9.748765,0.0
30,0.07674938440322876,3.198273181915283,105.96894073486328,1.0967038716540367,-1.0669272213922754,-92.83113211604744,-3.2614975,-1.3859991,4.264193,2.580273,-1.8550456,19.872898,23.448801,-13.162226,44.601063,24.954725,-7.3633337,-6.181378,16.247019,-20.70792,9.441666,48.112934,-19.976944,-9.246807,-4.3667097,3.0277605,5.025894,6.5018325,5.5520277,-6.2370677,0.0,3.4727013,-6.291089,-10.909691,5.261755,-9.749371,0.0
31,0.07580721378326416,3.201601266860962,105.96862030029297,1.0976725630516053,-1.068325970891888,-92.83131447612713,-3.2617166,-1.3846251,4.26569,2.58028,-1.8550483,19.874228,23.453928,-13.1627245,44.60063,24.954535,-7.3636694,-6.1814847,16.248022,-20.715204,9.442069,48.11244,-19.97673,-9.247199,-4.366497,3.0270407,5.02559,6.501868,5.5520678,-6.2354083,0.0,3.4720087,-6.291673,-10.909418,5.262135,-9.747829,0.0
32,0.07471928745508194,3.2028934955596924,105.96908569335938,1.098218862901581,-1.0690144756848055,-92.83141826996635,-3.2618625,-1.383932,4.266436,2.5802836,-1.8550498,19.874887,23.456453,-13.162971,44.600414,24.95444,-7.363837,-6.1815376,16.248518,-20.718779,9.442268,48.112186,-19.97662,-9.247398,-4.36639,3.031148,5.0249963,6.5034275,5.54417,-6.2307696,0.0,3.4716582,-6.291632,-10.909287,5.2626257,-9.74743,0.0
33,0.07332714647054672,3.205366849899292,105.9686279296875,1.0992695867786686,-1.0703734152795885,-92.83160599826597,-3.2622206,-1.3825369,4.268028,2.5802913,-1.8550528,19.876238,23.461609,-13.163474,44.59997,24.954233,-7.3641815,-6.1816483,16.249514,-20.726067,9.442686,48.11164,-19.976372,-9.247828,-4.366165,3.0334837,5.0244303,6.5044537,5.539669,-6.2265058,0.0,3.4719772,-6.291953,-10.909343,5.2623534,-9.746238,0.0
34,0.07176608592271805,3.20883846282959,105.96961975097656,1.1002260139542048,-1.07173791826711,-92.8317250841326,-3.2626379,-1.38132,4.2696357,2.5802984,-1.855056,19.877554,23.466566,-13.163951,44.59954,24.954012,-7.3645163,-6.181756,16.25047,-20.733072,9.443095,48.1111,-19.976112,-9.2482605,-4.3659434,3.0415587,5.0230837,6.5074797,5.5232263,-6.215336,0.0,3.4713097,-6.291958,-10.909177,5.2617745,-9.743887,0.0
35,0.07324910163879395,3.209200143814087,105.96968078613281,1.1002368042246815,-1.07220096942558,-92.83178286550095,-3.2628686,-1.3807454,4.2704644,2.580302,-1.8550577,19.87822,23.469042,-13.164184,44.599327,24.953894,-7.3646827,-6.1818094,16.250946,-20.73656,9.443301,48.110817,-19.975971,-9.2484865,-4.3658304,3.0401099,5.022434,6.5071416,5.52609,-6.215622,0.0,3.4712434,-6.293033,-10.909069,5.2625747,-9.743967,0.0
36,0.07398689538240433,3.211263656616211,105.96991729736328,1.100478978065527,-1.07308693682308,-92.83166362448863,-3.2630796,-1.380172,4.271327,2.580306,-1.8550594,19.878908,23.47158,-13.164419,44.599106,24.953766,-7.3648534,-6.181865,16.251436,-20.740139,9.443515,48.110523,-19.975819,-9.248724,-4.365713,3.0401764,5.0215945,6.507282,5.5250583,-6.213551,0.0,3.4728448,-6.293423,-10.909816,5.25875,-9.740622,0.0
37,0.07067465037107468,3.219284772872925,105.96934509277344,1.1021993230435647,-1.0757739347349453,-92.8298994334311,-3.2635934,-1.378101,4.2745,2.5803218,-1.8550663,19.881496,23.481253,-13.165339,44.598248,24.95327,-7.3655243,-6.182083,16.253267,-20.75372,9.444325,48.109364,-19.975203,-9.249658,-4.3652506,3.0413098,5.0212784,6.5066357,5.518807,-6.2064214,0.0,3.472136,-6.2929616,-10.911146,5.2570686,-9.736201,0.0
38,0.0707969069480896,3.220170259475708,105.96997833251953,1.1022974706323696,-1.076075764969606,-92.82950236215589,-3.2635868,-1.3778222,4.274864,2.5803237,-1.8550671,19.88183,23.48248,-13.165456,44.598137,24.95321,-7.365608,-6.182111,16.253504,-20.755428,9.444426,48.10922,-19.975124,-9.249775,-4.365192,3.0453317,5.0207276,6.5080743,5.5100627,-6.202495,0.0,3.4689634,-6.293643,-10.910483,5.262274,-9.737792,0.0
39,0.07011128962039948,3.224670886993408,105.97100067138672,1.1034901455519186,-1.0779246495707575,-92.82497122407871,-3.2632241,-1.3755547,4.2774973,2.5803397,-1.8550726,19.88441,23.492117,-13.166414,44.597256,24.952757,-7.36629,-6.1823335,16.255322,-20.768799,9.445196,48.108047,-19.974485,-9.250708,-4.364718,3.0567148,5.018607,6.50888,5.4842844,-6.187342,0.0,3.4692903,-6.294284,-10.91433,5.261994,-9.735672,0.0
40,0.06713664531707764,3.228771686553955,105.97015380859375,1.1048783377791587,-1.0795131285801869,-92.81976767733686,-3.262702,-1.3733675,4.2799973,2.5803556,-1.8550777,19.88698,23.501692,-13.167388,44.59636,24.952309,-7.366987,-6.182563,16.25714,-20.782038,9.44596,48.10688,-19.973835,-9.251642,-4.364235,3.054417,5.0191054,6.5041094,5.4846973,-6.1850348,0.0,3.4697092,-6.2937393,-10.91875,5.2622457,-9.734657,0.0
41,0.06177285686135292,3.2323458194732666,105.9697036743164,1.107000839459066,-1.081072965819192,-92.81049800663244,-3.2622182,-1.3694755,4.2848425,2.5803869,-1.8550872,19.891886,23.520292,-13.169349,44.594498,24.951355,-7.368435,-6.183041,16.26064,-20.807747,9.447482,48.104527,-19.972485,-9.253528,-4.363239,3.053729,5.020135,6.496315,5.480424,-6.1788754,0.0,3.4715893,-6.292261,-10.926858,5.2625074,-9.734992,0.0
42,0.061884429305791855,3.2331533432006836,105.97038269042969,1.1071248949637598,-1.081354618209598,-92.80989324999952,-3.2621603,-1.3692155,4.2851825,2.5803888,-1.8550876,19.892218,23.52148,-13.169471,44.59438,24.95129,-7.3685274,-6.183072,16.260878,-20.809387,9.44758,48.10438,-19.972399,-9.253647,-4.363174,3.0533006,5.020259,6.4951153,5.4806247,-6.1776214,0.0,3.471562,-6.2923837,-10.927339,5.262495,-9.734623,0.0
43,0.06166398525238037,3.234536647796631,105.9706802368164,1.1076558183749028,-1.0819659665837025,-92.80850809448683,-3.2619789,-1.3686129,4.2860413,2.580393,-1.8550887,19.89296,23.52413,-13.169742,44.594112,24.951132,-7.3687396,-6.183142,16.261417,-20.813065,9.447811,48.10405,-19.97221,-9.253916,-4.363023,3.0524528,5.0201087,6.4932094,5.4806585,-6.1754766,0.0,3.471734,-6.292781,-10.92855,5.2624135,-9.733991,0.0
44,0.06324746459722519,3.23826265335083,105.97230529785156,1.1097423168487643,-1.0839660208501558,-92.80003008631584,-3.2612348,-1.3649776,4.292217,2.5804226,-1.8550957,19.897831,23.542198,-13.171665,44.592148,24.949955,-7.370299,-6.183662,16.265024,-20.838228,9.449481,48.101704,-19.970846,-9.255844,-4.3619146,3.0495281,5.0173407,6.48547,5.4811587,-6.1717176,0.0,3.4737587,-6.295858,-10.935949,5.261786,-9.732296,0.0
45,0.061818841844797134,3.2390549182891846,105.97235107421875,1.110644664721307,-1.0845342121255024,-92.79759964047211,-3.2608778,-1.364154,4.2938786,2.5804303,-1.8550974,19.899141,23.546871,-13.172154,44.591644,24.949656,-7.3706975,-6.183794,16.266005,-20.84473,9.449925,48.10111,-19.970518,-9.256335,-4.3616266,3.0492494,5.017261,6.4836154,5.4803157,-6.170408,0.0,3.47559,-6.295685,-10.938581,5.2599683,-9.73152,0.0
46,0.0568942166864872,3.24322772026062,105.97146606445312,1.1123845133851566,-1.0860796381846458,-92.79242838314387,-3.2599547,-1.3629209,4.297273,2.5804458,-1.8551012,19.901684,23.556023,-13.173132,44.590637,24.949074,-7.3714933,-6.1840563,16.267918,-20.8575,9.450848,48.09993,-19.969904,-9.257311,-4.361045,3.0473306,5.0184264,6.4793363,5.4796686,-6.1672535,0.0,3.4773302,-6.2940073,-10.9433775,5.257843,-9.72994,0.0
47,0.052904754877090454,3.245837688446045,105.97138214111328,1.1137229580962387,-1.0870846927644189,-92.78718498256553,-3.2588851,-1.3620361,4.30075,2.5804613,-1.8551055,19.9042,23.565054,-13.174107,44.58963,24.948507,-7.3722854,-6.1843157,16.269829,-20.870117,9.451799,48.098766,-19.96934,-9.258279,-4.3604584,3.0442352,5.01969,6.4747477,5.481293,-6.1658044,0.0,3.4752562,-6.29322,-10.946991,5.2629533,-9.731885,0.0
48,0.0555596798658371,3.2491042613983154,105.97258758544922,1.1137242490058674,-1.088116320694516,-92.78209310585937,-3.257775,-1.36132,4.3044763,2.5804772,-1.85511,19.906752,23.574173,-13.175094,44.588596,24.947931,-7.3730955,-6.184579,16.271788,-20.882868,9.452801,48.09759,-19.968792,-9.259262,-4.35985,3.0421197,5.018547,6.4706593,5.4805036,-6.162823,0.0,3.4757726,-6.294551,-10.951231,5.262228,-9.729899,0.0
49,0.05594247579574585,3.2535810470581055,105.9729232788086,1.114224593642858,-1.0891443827585179,-92.77737809832786,-3.2568417,-1.3607453,4.3084946,2.5804935,-1.8551145,19.909306,23.583206,-13.176068,44.587555,24.947323,-7.3739147,-6.1848454,16.273767,-20.895554,9.453828,48.09643,-19.96826,-9.260239,-4.359227,3.0383992,5.018028,6.4660993,5.481286,-6.159116,0.0,3.4747343,-6.295151,-10.954752,5.2624984,-9.727793,0.0
50,0.053424131125211716,3.2608442306518555,105.97258758544922,1.1153022190971897,-1.0904488675913995,-92.77324648150596,-3.2562115,-1.3602685,4.312818,2.5805097,-1.855119,19.911821,23.591997,-13.177009,44.586525,24.946676,-7.3747306,-6.1851125,16.275751,-20.907963,9.454854,48.09531,-19.967741,-9.26119,-4.3585973,3.0342448,5.018521,6.461815,5.480852,-6.152866,0.0,3.472391,-6.2944837,-10.957535,5.262376,-9.724204,0.0
51,0.05205094441771507,3.2629244327545166,105.97311401367188,1.1159662965780002,-1.090778081314118,-92.7713817672163,-3.2559762,-1.3600572,4.3152204,2.5805178,-1.8551211,19.91311,23.596388,-13.177468,44.586014,24.946327,-7.375142,-6.185249,16.276783,-20.914188,9.455375,48.094765,-19.967484,-9.261661,-4.358275,3.032774,5.0186224,6.4599423,5.480369,-6.149944,0.0,3.4723628,-6.294129,-10.959147,5.2613173,-9.722819,0.0
52,0.05322762206196785,3.2645952701568604,105.97339630126953,1.1157938795590647,-1.0911248136654779,-92.76954742562039,-3.2557654,-1.3599643,4.3179336,2.580526,-1.8551234,19.914448,23.600882,-13.177936,44.585484,24.945948,-7.3755693,-6.185393,16.277859,-20.920591,9.455918,48.094215,-19.967215,-9.26214,-4.357937,3.031719,5.0182195,6.458268,5.4795403,-6.1475377,0.0,3.4738066,-6.2942266,-10.961163,5.2577577,-9.720139,0.0
53,0.051356106996536255,3.268698215484619,105.97344970703125,1.116744777021144,-1.091689919724071,-92.76604505174672,-3.2554166,-1.3601444,4.323635,2.580542,-1.8551285,19.917074,23.609732,-13.17887,44.58443,24.945168,-7.376427,-6.1856923,16.279993,-20.933222,9.456998,48.09313,-19.966658,-9.263093,-4.3572555,3.0280395,5.0188656,6.4544077,5.4805417,-6.1448216,0.0,3.4699447,-6.2944145,-10.962888,5.2628064,-9.720812,0.0
54,0.045205071568489075,3.272024154663086,105.97331237792969,1.1181802258255766,-1.091570320755576,-92.75984928142928,-3.2551045,-1.3615192,4.3345265,2.580571,-1.8551403,19.921993,23.626566,-13.180701,44.582325,24.9436,-7.3781285,-6.186301,16.284018,-20.957197,9.459063,48.091015,-19.96548,-9.264954,-4.355923,3.0235324,5.021596,6.4480596,5.4808736,-6.1416254,0.0,3.4696963,-6.2915854,-10.968232,5.261332,-9.71945,0.0
55,0.04009285569190979,3.2843430042266846,105.974365234375,1.1033550989030925,-1.0905060841827932,-92.69895776251484,-3.3131795,-1.3639829,4.4505606,2.7149696,-1.9632605,20.002485,24.12476,-13.578818,43.7417,23.43913,-7.782667,-6.8131638,16.354609,-21.632858,9.815502,47.27782,-18.45282,-9.837018,-3.187939,2.9929953,5.0463867,6.3602414,5.489377,-6.1296163,0.0,3.4728537,-6.266653,-11.032663,5.2631507,-9.72154,0.0
56,0.04009488224983215,3.284360885620117,105.97415924072266,1.1033323623879245,-1.0905153842822466,-92.69895763567297,-3.3131793,-1.3639838,4.4505615,2.7149696,-1.9632605,20.002493,24.124775,-13.57882,43.7417,23.43913,-7.782667,-6.8131638,16.354614,-21.632875,9.815504,47.27782,-18.45282,-9.837018,-3.1879387,2.99261,5.046927,6.3600864,5.4900327,-6.130256,0.0,3.4730043,-6.266606,-11.032737,5.262659,-9.721172,0.0
57,0.0418429970741272,3.2896339893341064,105.9747314453125,1.1034501119818707,-1.0917451425318891,-92.69906740202822,-3.3132148,-1.3643514,4.451262,2.7149734,-1.9632638,20.00416,24.128643,-13.579181,43.741676,23.439096,-7.782674,-6.8131857,16.356092,-21.63748,9.815849,47.277798,-18.45277,-9.837023,-3.1879013,2.9871962,5.046415,6.3589196,5.4964285,-6.13063,0.0,3.4707806,-6.26783,-11.032052,5.262498,-9.717557,0.0
58,0.040440820157527924,3.2921266555786133,105.97510528564453,1.103993126618405,-1.0922782752813671,-92.69916979991937,-3.3133018,-1.3646363,4.451782,2.714975,-1.9632652,20.005003,24.13059,-13.579367,43.741665,23.439087,-7.782677,-6.8131957,16.356844,-21.6398,9.816032,47.27779,-18.452753,-9.837025,-3.1878803,2.98621,5.046387,6.359391,5.4957714,-6.128588,0.0,3.4698777,-6.2674775,-11.031803,5.262019,-9.715868,0.0
59,0.0362824872136116,3.296738386154175,105.97529602050781,1.1054783098582075,-1.0931052417089462,-92.69954523188602,-3.313611,-1.3653575,4.4531612,2.7149787,-1.9632678,20.006702,24.134542,-13.579754,43.741646,23.439089,-7.7826853,-6.813215,16.358356,-21.644503,9.816426,47.277767,-18.452728,-9.837034,-3.1878333,2.9875848,5.0468507,6.3608775,5.488811,-6.1219454,0.0,3.4671726,-6.26657,-11.030897,5.2628503,-9.713902,0.0
60,0.03483463078737259,3.301863431930542,105.97498321533203,1.1062663382840703,-1.094014823509475,-92.7000401487956,-3.3139951,-1.3661993,4.454821,2.7149823,-1.9632701,20.00838,24.13843,-13.58014,43.74163,23.439098,-7.782691,-6.8132343,16.359848,-21.649134,9.816826,47.277744,-18.452711,-9.837047,-3.1877842,2.985368,5.0470405,6.3608875,5.4887733,-6.11881,0.0,3.464509,-6.266587,-11.029851,5.2631063,-9.710995,0.0
61,0.032403551042079926,3.3060836791992188,105.97455596923828,1.1072650215132789,-1.0947575622298713,-92.70067091184598,-3.3144526,-1.3672605,4.4569983,2.7149863,-1.9632729,20.010286,24.142788,-13.58057,43.741627,23.439098,-7.782691,-6.813262,16.36153,-21.654331,9.817274,47.277718,-18.452686,-9.837062,-3.1877284,2.9835498,5.047483,6.3604774,5.488635,-6.1158605,0.0,3.4622002,-6.26624,-11.028865,5.2630258,-9.708357,0.0
62,0.02840142697095871,3.3107950687408447,105.97372436523438,1.108506652271357,-1.0946453188981793,-92.70255167763452,-3.3157468,-1.3710021,4.4648743,2.7150004,-1.9632844,20.016678,24.157717,-13.582036,43.741627,23.439,-7.782675,-6.813375,16.367105,-21.672146,9.818823,47.277565,-18.452526,-9.837153,-3.1875308,2.9806237,5.048679,6.360516,5.4879775,-6.111835,0.0,3.4586241,-6.265171,-11.026754,5.2630053,-9.70574,0.0
63,0.02590445801615715,3.313981056213379,105.97454071044922,1.1091639863268876,-1.09520440126841,-92.70303232945966,-3.3160489,-1.372039,4.4671583,2.7150042,-1.9632876,20.018446,24.161629,-13.582404,43.741642,23.438951,-7.782661,-6.8134117,16.36863,-21.676815,9.819212,47.277527,-18.452473,-9.837178,-3.1874816,2.9796236,5.049442,6.3597374,5.487319,-6.1093245,0.0,3.4591517,-6.263832,-11.026784,5.2586727,-9.702004,0.0
64,0.027037527412176132,3.318981409072876,105.976318359375,1.1092594204588238,-1.0947396240534601,-92.70451197383392,-3.3168342,-1.3757427,4.4760075,2.7150183,-1.9633011,20.024973,24.17641,-13.583788,43.74172,23.43869,-7.7825937,-6.8135605,16.374203,-21.694439,9.820691,47.27733,-18.452211,-9.837302,-3.1872904,2.975492,5.049247,6.3596077,5.48753,-6.106101,0.0,3.4516397,-6.2652135,-11.023719,5.2638316,-9.700325,0.0
65,0.024887103587388992,3.3212146759033203,105.97587585449219,1.1097135234208926,-1.0947992580496628,-92.70454114763945,-3.3169606,-1.3767465,4.478387,2.7150218,-1.9633043,20.026701,24.180157,-13.584129,43.74175,23.438622,-7.782571,-6.813599,16.37567,-21.698898,9.821058,47.27728,-18.452147,-9.83733,-3.1872435,2.974184,5.0501237,6.3593016,5.487568,-6.105437,0.0,3.4502952,-6.2643204,-11.023498,5.263664,-9.699115,0.0
66,0.020516127347946167,3.3261992931365967,105.97697448730469,1.1098174609934657,-1.0934072617913484,-92.70327203830655,-3.3171859,-1.3806546,4.4874864,2.7150366,-1.9633168,20.033197,24.194704,-13.585477,43.74186,23.438343,-7.7824783,-6.8137417,16.381147,-21.71621,9.822533,47.27704,-18.451878,-9.837446,-3.1870584,2.96848,5.0531697,6.3572593,5.487787,-6.102568,0.0,3.4451044,-6.2613482,-11.023431,5.263705,-9.696249,0.0
67,0.019939128309488297,3.3277969360351562,105.97718048095703,1.1098555872511982,-1.0924119012359823,-92.70199199558463,-3.31717,-1.3825779,4.4921618,2.7150443,-1.9633229,20.036585,24.202082,-13.58615,43.741924,23.438213,-7.7824264,-6.8138094,16.383995,-21.724958,9.823273,47.27692,-18.451752,-9.837499,-3.1869671,2.9660676,5.05399,6.356161,5.487289,-6.1019535,0.0,3.4431093,-6.2609215,-11.02405,5.263521,-9.6951885,0.0
68,0.01646764576435089,3.334581136703491,105.97669219970703,1.1100473994405533,-1.091078395496742,-92.6986903465311,-3.317172,-1.3861972,4.501142,2.7150598,-1.9633343,20.043074,24.21654,-13.5875025,43.742035,23.43797,-7.7823315,-6.8139353,16.389437,-21.742048,9.824737,47.276646,-18.451504,-9.837611,-3.186789,2.9594007,5.0564594,6.3523803,5.486546,-6.0970073,0.0,3.43715,-6.258678,-11.0253315,5.263885,-9.691583,0.0
69,0.01679423823952675,3.3375415802001953,105.97720336914062,1.1095117735776723,-1.0905031437265944,-92.69680497234427,-3.3171597,-1.3880128,4.5059724,2.7150679,-1.9633402,20.046558,24.224104,-13.588216,43.74209,23.43786,-7.782284,-6.8140006,16.392336,-21.75097,9.825495,47.276497,-18.451391,-9.837669,-3.1867003,2.9556096,5.0571833,6.3502803,5.4873753,-6.09524,0.0,3.4348867,-6.2580266,-11.026373,5.263158,-9.689187,0.0
70,0.016730256378650665,3.341162919998169,105.97858428955078,1.1087552441256772,-1.0892135181591762,-92.69358142713716,-3.3173666,-1.3909768,4.5150733,2.7150838,-1.9633515,20.053015,24.238485,-13.589632,43.742153,23.437693,-7.7822156,-6.8141227,16.397676,-21.767866,9.826944,47.276154,-18.451199,-9.837801,-3.1865346,2.9505749,5.058466,6.3470025,5.486765,-6.0913754,0.0,3.4312725,-6.256792,-11.028214,5.2634935,-9.68732,0.0
71,0.012763915583491325,3.346547842025757,105.97723388671875,1.1080598675982174,-1.0884973951909742,-92.69026296146374,-3.3176365,-1.393708,4.5240736,2.7151003,-1.9633627,20.059494,24.2529,-13.591096,43.742176,23.437555,-7.7821755,-6.8142447,16.403006,-21.784748,9.828384,47.27576,-18.451029,-9.837953,-3.1863775,2.945454,5.0619287,6.343485,5.486382,-6.086595,0.0,3.427115,-6.253137,-11.030051,5.2640753,-9.685084,0.0
72,0.009158416651189327,3.348081111907959,105.97723388671875,1.108413523694248,-1.088099318667176,-92.68816070174239,-3.3175635,-1.3950422,4.5287857,2.7151086,-1.9633683,20.062887,24.260256,-13.591849,43.742176,23.437496,-7.7821627,-6.814309,16.405787,-21.793348,9.829108,47.27555,-18.450956,-9.838034,-3.186302,2.943513,5.0638933,6.341495,5.4857793,-6.0840425,0.0,3.425649,-6.251095,-11.031537,5.264513,-9.684857,0.0
73,0.008325278759002686,3.3484742641448975,105.97832489013672,1.1088890470187096,-1.0875575880432566,-92.68526605757162,-3.3170447,-1.3963853,4.5335264,2.7151167,-1.9633739,20.066223,24.26746,-13.592594,43.742165,23.437431,-7.7821574,-6.8143773,16.408508,-21.80178,9.8298235,47.27533,-18.450882,-9.838122,-3.1862302,2.940931,5.0644546,6.3385234,5.486885,-6.082621,0.0,3.4257112,-6.250859,-11.034067,5.263952,-9.684758,0.0
74,0.0008391682058572769,3.3518965244293213,105.97813415527344,1.1102002385562473,-1.0857740085900454,-92.67277661127744,-3.3151543,-1.4015652,4.5493793,2.7151473,-1.963398,20.077961,24.294504,-13.595539,43.741913,23.437063,-7.7822676,-6.8146496,16.418066,-21.833397,9.832599,47.27425,-18.450455,-9.838598,-3.1859708,2.9328992,5.0685472,6.326539,5.486596,-6.076075,0.0,3.4237607,-6.2468743,-11.043983,5.2645617,-9.6852865,0.0
75,0.0004012836143374443,3.3530373573303223,105.97982788085938,1.1108071247694247,-1.084951284829886,-92.66498607633956,-3.313566,-1.4042972,4.557029,2.715162,-1.9634101,20.084274,24.308344,-13.597017,43.741734,23.436832,-7.782358,-6.8147955,16.423199,-21.84953,9.833988,47.27366,-18.450197,-9.83887,-3.18585,2.9283957,5.06896,6.319142,5.4870152,-6.072595,0.0,3.423991,-6.246802,-11.050406,5.2643614,-9.685568,0.0
76,-0.003467337228357792,3.355536937713623,105.98066711425781,1.1118757133900732,-1.0844322776274777,-92.65639138281232,-3.3118107,-1.407121,4.564447,2.715176,-1.9634217,20.090525,24.321997,-13.598498,43.7415,23.436579,-7.7824855,-6.8149447,16.428276,-21.865442,9.835353,47.273037,-18.449911,-9.839165,-3.1857443,2.9235785,5.070705,6.311058,5.487019,-6.068345,0.0,3.4240184,-6.2449465,-11.057512,5.2636023,-9.68515,0.0
77,-0.0045174965634942055,3.356822967529297,105.98064422607422,1.1123874152284674,-1.0840195805597475,-92.65154633889713,-3.3107398,-1.4085644,4.5686445,2.7151835,-1.9634266,20.093979,24.329351,-13.599304,43.741364,23.43645,-7.7825637,-6.8150234,16.431093,-21.873985,9.836066,47.272705,-18.449759,-9.839325,-3.1856966,2.9210196,5.07123,6.3067665,5.4868336,-6.0660954,0.0,3.4232988,-6.244724,-11.061217,5.2644806,-9.685529,0.0
78,-0.005849916487932205,3.357712984085083,105.98017120361328,1.1126494113391252,-1.0833984207256537,-92.64688534112244,-3.3097084,-1.4098762,4.5728693,2.715191,-1.9634298,20.097265,24.336367,-13.600096,43.741207,23.436337,-7.782652,-6.815094,16.433771,-21.88213,9.836739,47.27239,-18.44962,-9.839482,-3.1856623,2.9182549,5.071998,6.3026986,5.486773,-6.0641766,0.0,3.4231849,-6.2439137,-11.065006,5.264404,-9.685768,0.0
79,-0.006472296081483364,3.3580751419067383,105.97987365722656,1.1127937237098957,-1.0816422788913016,-92.6388540524729,-3.3082309,-1.4120268,4.580968,2.7152045,-1.9634339,20.103437,24.349905,-13.601691,43.74084,23.436136,-7.7828603,-6.815216,16.438812,-21.897795,9.838018,47.271744,-18.44933,-9.839804,-3.1856174,2.9129598,5.072802,6.2953405,5.4878073,-6.062705,0.0,3.4225016,-6.243341,-11.0713625,5.264552,-9.686475,0.0
80,-0.010237633250653744,3.357881784439087,105.98007202148438,1.1135851442836848,-1.0805200199003786,-92.63462776881794,-3.30743,-1.413057,4.5852227,2.7152116,-1.963435,20.106695,24.356865,-13.602509,43.740643,23.436035,-7.782974,-6.8152742,16.441484,-21.905834,9.838647,47.27143,-18.44918,-9.839963,-3.1856027,2.9110744,5.0742145,6.291622,5.486997,-6.0618286,0.0,3.42228,-6.2415886,-11.074852,5.2646914,-9.687644,0.0
81,-0.014865724369883537,3.355524778366089,105.97856140136719,1.1135904609190677,-1.0781761451982859,-92.62639606976064,-3.3060546,-1.4151129,4.5932307,2.7152255,-1.9634393,20.113035,24.370653,-13.604148,43.740196,23.435795,-7.78323,-6.815385,16.446701,-21.921782,9.839867,47.27079,-18.44883,-9.840273,-3.1855843,2.9074392,5.077296,6.2839775,5.4870677,-6.062353,0.0,3.4235559,-6.238091,-11.082064,5.2642636,-9.690685,0.0
82,-0.012646173126995564,3.3570380210876465,105.97979736328125,1.1128327121090658,-1.0774239264523588,-92.62212981480651,-3.305217,-1.4160575,4.5971065,2.7152324,-1.9634426,20.116228,24.377378,-13.60492,43.739986,23.435654,-7.7833543,-6.815438,16.449345,-21.929571,9.840432,47.270504,-18.44864,-9.840405,-3.1855748,2.9042056,5.0772777,6.2794657,5.4876204,-6.0627418,0.0,3.4220676,-6.238404,-11.085065,5.264504,-9.689743,0.0
83,-0.01181506086140871,3.3574917316436768,105.97913360595703,1.1121239562072378,-1.076481712921307,-92.61756235765517,-3.3042793,-1.417007,4.600981,2.715239,-1.9634471,20.119427,24.38405,-13.60567,43.739777,23.435484,-7.7834783,-6.8154907,16.452015,-21.937317,9.840965,47.27025,-18.448433,-9.840519,-3.1855662,2.901948,5.077793,6.274984,5.4869843,-6.062892,0.0,3.421901,-6.237843,-11.088731,5.264229,-9.689829,0.0
84,-0.012843101285398006,3.3621602058410645,105.9795150756836,1.111593701969762,-1.0754491413426452,-92.60938690381315,-3.3028958,-1.4185349,4.60838,2.7152524,-1.9634577,20.125565,24.397057,-13.60713,43.73935,23.43511,-7.783733,-6.815592,16.457148,-21.95243,9.841963,47.269756,-18.447968,-9.840727,-3.1855607,2.895961,5.0796576,6.2668295,5.486038,-6.058748,0.0,3.4207866,-6.235679,-11.095271,5.2607794,-9.685956,0.0
85,-0.01530391164124012,3.3654625415802,105.97987365722656,1.111578095507948,-1.0750259449192408,-92.60534846356067,-3.30227,-1.4192092,4.6123466,2.7152588,-1.9634631,20.12882,24.403732,-13.607861,43.739147,23.434914,-7.783854,-6.815643,16.459879,-21.960186,9.842432,47.26953,-18.447731,-9.840819,-3.185571,2.8922331,5.081237,6.26271,5.485814,-6.0552697,0.0,3.4187448,-6.2337513,-11.09805,5.261008,-9.684763,0.0
86,-0.015738094225525856,3.3646340370178223,105.98011016845703,1.1119011569764912,-1.0742515410976405,-92.60332913608916,-3.3019269,-1.4194134,4.6146836,2.7152627,-1.9634658,20.130623,24.407352,-13.608249,43.739048,23.43481,-7.7839103,-6.8156705,16.461386,-21.964397,9.84267,47.269417,-18.447607,-9.840861,-3.1855848,2.8905065,5.08131,6.2608514,5.486643,-6.054301,0.0,3.4181402,-6.2339034,-11.099495,5.262295,-9.686132,0.0
87,-0.015597930178046227,3.3625409603118896,105.9801254272461,1.1126003344655673,-1.0729033466375866,-92.60004193548451,-3.3014786,-1.4195445,4.619136,2.715269,-1.9634703,20.133854,24.413897,-13.60895,43.738884,23.434622,-7.7840023,-6.8157177,16.464077,-21.972025,9.843077,47.269222,-18.447384,-9.840932,-3.1856275,2.8889306,5.0804963,6.2581916,5.4865627,-6.0531545,0.0,3.4180868,-6.2348857,-11.102162,5.263375,-9.688183,0.0
88,-0.014843209646642208,3.363672971725464,105.98094177246094,1.1130309839968304,-1.0721256035362323,-92.59703332230703,-3.3012462,-1.4195801,4.6238446,2.7152753,-1.9634746,20.137127,24.420465,-13.609649,43.73873,23.43443,-7.7840886,-6.8157654,16.4668,-21.979687,9.84346,47.269047,-18.447151,-9.840993,-3.185685,2.8863482,5.0796113,6.2554464,5.486364,-6.0506864,0.0,3.4190078,-6.235374,-11.1051,5.2596607,-9.685745,0.0
89,-0.01689412072300911,3.3655717372894287,105.98013305664062,1.1137282284554735,-1.0713165061326555,-92.5942297044197,-3.3012989,-1.4196075,4.628837,2.7152815,-1.9634784,20.14044,24.427048,-13.610348,43.73859,23.43422,-7.784174,-6.815815,16.469563,-21.987381,9.843831,47.268875,-18.446894,-9.841046,-3.1857548,2.8827915,5.08024,6.2524033,5.4872494,-6.0486484,0.0,3.4155672,-6.235129,-11.106378,5.263381,-9.687092,0.0
90,-0.016054697334766388,3.3646435737609863,105.98055267333984,1.1136188255140493,-1.0704871012301997,-92.59301274582265,-3.301472,-1.4195851,4.631546,2.7152846,-1.9634801,20.142145,24.430353,-13.610694,43.73853,23.434105,-7.784215,-6.815841,16.470985,-21.991245,9.844012,47.2688,-18.446749,-9.841066,-3.185794,2.882313,5.0800567,6.2514815,5.48694,-6.048465,0.0,3.415223,-6.2355375,-11.107298,5.263341,-9.68734,0.0
91,-0.011496897786855698,3.362121343612671,105.98163604736328,1.1124422210417126,-1.067776740438862,-92.58927368311383,-3.3029163,-1.4195458,4.641719,2.7152956,-1.9634871,20.14846,24.442936,-13.612035,43.73827,23.433607,-7.784397,-6.8159385,16.476269,-22.005985,9.844708,47.268486,-18.446095,-9.841154,-3.1859658,2.8789499,5.078897,6.2479024,5.487647,-6.049151,0.0,3.4137852,-6.237069,-11.110004,5.2639174,-9.688425,0.0
92,-0.012214668095111847,3.3604018688201904,105.98206329345703,1.112379063487751,-1.06611587135194,-92.58763337722947,-3.303874,-1.4196419,4.6468835,2.715301,-1.9634906,20.151764,24.449291,-13.612704,43.738148,23.433348,-7.7844872,-6.815991,16.479029,-22.01343,9.845058,47.268333,-18.445744,-9.841192,-3.186053,2.8772743,5.0794816,6.246197,5.4881353,-6.0499945,0.0,3.4134817,-6.236404,-11.111384,5.26368,-9.689517,0.0
93,-0.013104500249028206,3.360079288482666,105.98187255859375,1.1122173879259902,-1.065021744627306,-92.58676577867065,-3.3045158,-1.4198848,4.6498437,2.7153037,-1.9634925,20.153677,24.452894,-13.613087,43.73809,23.433205,-7.7845335,-6.8160253,16.48063,-22.01765,9.845262,47.268265,-18.445545,-9.841208,-3.1860974,2.8762991,5.0802307,6.2452383,5.4877677,-6.0506053,0.0,3.4130323,-6.235494,-11.11207,5.262859,-9.689432,0.0
94,-0.0117533840239048,3.356672763824463,105.98146057128906,1.110666106233657,-1.0623080546913442,-92.58538582358426,-3.3058734,-1.4207687,4.6549563,2.7153087,-1.9634968,20.15713,24.459429,-13.613796,43.738,23.432947,-7.7846136,-6.8160954,16.483522,-22.025301,9.845646,47.26814,-18.445173,-9.841235,-3.1861641,2.874668,5.081263,6.2437205,5.4879274,-6.0533667,0.0,3.4121115,-6.2345157,-11.112913,5.263084,-9.691273,0.0
95,-0.011002528481185436,3.360551118850708,105.97972869873047,1.1083695534297415,-1.0592484497505978,-92.58303893419644,-3.3086658,-1.4228508,4.6637616,2.715318,-1.9635066,20.163565,24.471832,-13.615186,43.737827,23.43246,-7.7847676,-6.816239,16.4889,-22.039783,9.846421,47.26789,-18.444452,-9.841299,-3.1862626,2.8689868,5.083886,6.2404976,5.4862504,-6.050741,0.0,3.4084852,-6.231623,-11.113984,5.2581353,-9.686196,0.0
96,-0.010198378004133701,3.36045503616333,105.97962188720703,1.1071824718344379,-1.056921194096554,-92.58200469902485,-3.31011,-1.4239315,4.6682134,2.7153223,-1.9635117,20.166985,24.47822,-13.615908,43.737755,23.432224,-7.784838,-6.8163223,16.491755,-22.04721,9.846825,47.267773,-18.444088,-9.841331,-3.1863017,2.865343,5.085013,6.2387176,5.4873147,-6.0513315,0.0,3.4035292,-6.2310977,-11.113348,5.2623773,-9.6877575,0.0
97,-0.007280800491571426,3.3602118492126465,105.97989654541016,1.105766219677021,-1.0545956857400822,-92.5811276650695,-3.3113892,-1.4246027,4.672825,2.715327,-1.9635168,20.17037,24.484503,-13.61664,43.737698,23.432005,-7.7849016,-6.8164167,16.494566,-22.054493,9.847226,47.26766,-18.443731,-9.841364,-3.1863363,2.8626063,5.0849876,6.2375107,5.486667,-6.050183,0.0,3.4006772,-6.2313023,-11.113245,5.2623477,-9.687029,0.0
98,-0.007375562563538551,3.3580493927001953,105.98040771484375,1.1054255714255363,-1.0517663336013798,-92.58022222922699,-3.3124456,-1.424678,4.677969,2.7153323,-1.9635222,20.173887,24.490978,-13.617425,43.73765,23.431791,-7.7849593,-6.8165293,16.497469,-22.061981,9.847643,47.26754,-18.443367,-9.8414,-3.1863732,2.8598044,5.0853453,6.236194,5.487108,-6.049754,0.0,3.3993943,-6.230699,-11.113782,5.2612076,-9.687443,0.0
99,-0.010250578634440899,3.35654354095459,105.98056030273438,1.106256948953494,-1.047300003175246,-92.57876552969712,-3.3140717,-1.4237001,4.6877728,2.7153425,-1.9635327,20.180439,24.50326,-13.618986,43.737553,23.43139,-7.785081,-6.8167677,16.502842,-22.07614,9.848427,47.267277,-18.442657,-9.841497,-3.1864579,2.8545132,5.086131,6.233809,5.4873805,-6.0482836,0.0,3.3942933,-6.230013,-11.113804,5.262926,-9.689045,0.0
100,-0.009766477160155773,3.3531341552734375,105.9815673828125,1.1065262910015157,-1.0425765732863241,-92.57771666857808,-3.315597,-1.4222058,4.6971993,2.7153537,-1.9635435,20.18709,24.515638,-13.620596,43.737423,23.430986,-7.7852216,-6.8170247,16.508251,-22.090391,9.849207,47.266968,-18.441925,-9.841619,-3.1865587,2.8505793,5.0854063,6.232173,5.487005,-6.048318,0.0,3.3912604,-6.2306523,-11.114129,5.2622495,-9.6900425,0.0
101,-0.00785919837653637,3.3487908840179443,105.98140716552734,1.1061303420916806,-1.0396669965298801,-92.57753924466985,-3.316605,-1.421531,4.701701,2.715359,-1.9635491,20.190495,24.52179,-13.621396,43.73736,23.430784,-7.785298,-6.8171577,16.511015,-22.097458,9.849575,47.26681,-18.441557,-9.8416815,-3.1866138,2.8502014,5.0845604,6.231996,5.486428,-6.050332,0.0,3.3930447,-6.2310925,-11.115012,5.257574,-9.689808,0.0
102,-0.00810055062174797,3.348676919937134,105.98082733154297,1.106128479430899,-1.0388873342982683,-92.5776136838139,-3.3170283,-1.4214126,4.7029877,2.7153606,-1.9635506,20.191486,24.523535,-13.621622,43.73734,23.430723,-7.7853208,-6.817197,16.51182,-22.099464,9.849674,47.26677,-18.441452,-9.841698,-3.1866307,2.848606,5.0847645,6.231428,5.488113,-6.051563,0.0,3.3899517,-6.2314205,-11.113964,5.262057,-9.692043,0.0
103,-0.006926478818058968,3.3463661670684814,105.98063659667969,1.105642658137125,-1.0370255265546222,-92.57796774950118,-3.318007,-1.4213445,4.7051897,2.7153628,-1.9635533,20.193235,24.526611,-13.622024,43.73731,23.430614,-7.785364,-6.817269,16.513231,-22.103008,9.84984,47.2667,-18.441261,-9.841726,-3.186664,2.8481631,5.084627,6.231538,5.487786,-6.053093,0.0,3.388819,-6.2317424,-11.113361,5.262091,-9.692747,0.0
104,-0.0009620562195777893,3.341285228729248,105.9815673828125,1.1036355497724941,-1.031862757976518,-92.57957471874737,-3.322002,-1.4213812,4.712623,2.7153723,-1.9635646,20.19984,24.538603,-13.623606,43.73715,23.430145,-7.78557,-6.817548,16.518538,-22.116827,9.850476,47.266346,-18.440458,-9.841872,-3.1868143,2.845455,5.083168,6.2322497,5.488011,-6.0563927,0.0,3.385332,-6.2334313,-11.111184,5.2618704,-9.693825,0.0
105,-0.0016894889995455742,3.342543125152588,105.98064422607422,1.1035754212170545,-1.030936128664898,-92.58005779786137,-3.323039,-1.4214685,4.714446,2.7153745,-1.9635674,20.201582,24.541637,-13.623998,43.73711,23.430029,-7.785621,-6.817618,16.51993,-22.120312,9.850623,47.26626,-18.44025,-9.841909,-3.1868565,2.8439362,5.0836,6.232352,5.487896,-6.0558085,0.0,3.38272,-6.233045,-11.110103,5.2627006,-9.693277,0.0
106,-0.0007635448127985001,3.340315818786621,105.98087310791016,1.103237662273227,-1.0296693791614562,-92.58044818739603,-3.323625,-1.4215437,4.715469,2.7153757,-1.9635689,20.202572,24.54335,-13.624217,43.73709,23.429966,-7.7856493,-6.817657,16.52072,-22.122276,9.850699,47.266205,-18.44013,-9.841929,-3.186884,2.8443267,5.0833507,6.2330384,5.4871984,-6.0568004,0.0,3.383767,-6.2330604,-11.110169,5.2604976,-9.69321,0.0
107,0.0010948628187179565,3.336897373199463,105.97977447509766,1.1023186804985672,-1.026531635256497,-92.58192579178666,-3.325569,-1.4218475,4.71876,2.7153795,-1.963574,20.205967,24.549343,-13.624987,43.737007,23.429739,-7.7857494,-6.817792,16.52342,-22.12912,9.850948,47.266003,-18.439678,-9.8420105,-3.186993,2.8426955,5.0831327,6.233961,5.4882607,-6.0595126,0.0,3.3811135,-6.2335553,-11.108207,5.2617493,-9.695012,0.0
108,0.0006594229489564896,3.3326737880706787,105.98009490966797,1.1019605925613094,-1.024247839390287,-92.5827940690507,-3.3266072,-1.4220287,4.7203584,2.7153811,-1.9635766,20.207754,24.552454,-13.625384,43.736965,23.429623,-7.7858005,-6.8178596,16.524836,-22.13266,9.851068,47.265892,-18.439436,-9.842054,-3.1870534,2.8429034,5.083407,6.234702,5.487705,-6.061478,0.0,3.3810823,-6.23289,-11.107542,5.261482,-9.697101,0.0
109,0.006253481842577457,3.324683427810669,105.9808349609375,1.1002358177243001,-1.0184721677059172,-92.586321023001,-3.3305044,-1.42224,4.7251773,2.715388,-1.9635864,20.214293,24.564249,-13.626925,43.73673,23.429136,-7.7860155,-6.8180904,16.529999,-22.14601,9.851508,47.265415,-18.438461,-9.842256,-3.1872928,2.842147,5.081809,6.2370768,5.4878106,-6.066956,0.0,3.3782268,-6.2348948,-11.103956,5.261931,-9.700189,0.0
110,0.007048575207591057,3.322470188140869,105.98006439208984,1.09981807362661,-1.0172703082772032,-92.58690433536066,-3.3311207,-1.4222451,4.725749,2.715389,-1.9635875,20.215189,24.565804,-13.62713,43.7367,23.429073,-7.786043,-6.8181176,16.530708,-22.147753,9.851562,47.265354,-18.438335,-9.842281,-3.1873233,2.842208,5.081581,6.236932,5.4881663,-6.0690246,0.0,3.3783007,-6.2350006,-11.103532,5.261455,-9.700913,0.0
111,0.010588904842734337,3.317288637161255,105.98038482666016,1.0981940338556029,-1.0134357431918366,-92.58932103820368,-3.3337078,-1.4220668,4.7275333,2.7153919,-1.9635918,20.218552,24.571745,-13.627928,43.736546,23.428814,-7.7861533,-6.81821,16.53336,-22.154392,9.851761,47.265106,-18.437832,-9.842389,-3.1874392,2.841976,5.0810356,6.238282,5.488104,-6.0728784,0.0,3.3766403,-6.2355323,-11.101106,5.260962,-9.702466,0.0
112,0.01187189482152462,3.3131885528564453,105.97908782958984,1.0968454275428452,-1.0099870395423862,-92.5918016973784,-3.3364139,-1.4218408,4.728982,2.7153947,-1.9635956,20.221962,24.577751,-13.62874,43.736378,23.428541,-7.7862716,-6.818295,16.536041,-22.161087,9.851962,47.26484,-18.437315,-9.842507,-3.1875546,2.8414416,5.08147,6.239897,5.4879727,-6.0755506,0.0,3.3743896,-6.235058,-11.098462,5.261555,-9.704451,0.0
113,0.011682603508234024,3.3089795112609863,105.97866821289062,1.0962328304754094,-1.0076113359485255,-92.59324175735412,-3.3379495,-1.4217561,4.7297115,2.7153962,-1.9635975,20.223886,24.581093,-13.629185,43.736282,23.428387,-7.7863407,-6.8183413,16.537552,-22.164808,9.852076,47.264683,-18.437027,-9.842576,-3.1876178,2.8419576,5.082015,6.241503,5.487733,-6.0775228,0.0,3.3744714,-6.2342553,-11.097375,5.260759,-9.706211,0.0
114,0.010762084275484085,3.304842948913574,105.97821807861328,1.0950347503771687,-1.004567579380445,-92.59561699342751,-3.3405025,-1.4217994,4.730809,2.7153988,-1.9636005,20.227217,24.586931,-13.629949,43.736103,23.428095,-7.7864776,-6.818426,16.54017,-22.171318,9.852279,47.26439,-18.436518,-9.842712,-3.187728,2.8423939,5.0835075,6.2441845,5.4869156,-6.078976,0.0,3.37449,-6.2320566,-11.095663,5.257723,-9.706548,0.0
115,0.012169033288955688,3.3007237911224365,105.97832489013672,1.093933390186473,-1.0025561596700343,-92.59690629985002,-3.3417773,-1.4218901,4.7313232,2.7154,-1.9636018,20.228935,24.589905,-13.630324,43.736015,23.427944,-7.786551,-6.818471,16.541521,-22.174637,9.852386,47.264233,-18.436262,-9.842786,-3.1877823,2.8423743,5.083839,6.245891,5.488384,-6.0815387,0.0,3.372451,-6.2321515,-11.093802,5.261544,-9.710447,0.0
116,0.017336826771497726,3.2941818237304688,105.97917938232422,1.0916818205420102,-0.9994063473363733,-92.59944034712778,-3.3441405,-1.4220371,4.732033,2.7154021,-1.963604,20.232235,24.595673,-13.6310425,43.735825,23.427637,-7.7867064,-6.8185577,16.544123,-22.18108,9.8526125,47.26391,-18.435762,-9.842943,-3.187884,2.843911,5.083003,6.248944,5.487714,-6.0849686,0.0,3.3734536,-6.2327814,-11.091989,5.259386,-9.711959,0.0
117,0.01893574371933937,3.2913882732391357,105.97834777832031,1.0910358528177222,-0.9982097616216732,-92.60023456404333,-3.344842,-1.422043,4.7321544,2.7154026,-1.9636043,20.233189,24.597311,-13.631244,43.73577,23.42755,-7.7867517,-6.818581,16.54488,-22.182907,9.852679,47.263817,-18.435623,-9.842988,-3.1879108,2.8432689,5.082797,6.2494855,5.490132,-6.087985,0.0,3.3726988,-6.2334023,-11.090964,5.2615414,-9.714476,0.0
118,0.020141853019595146,3.2853543758392334,105.97811889648438,1.090498105841563,-0.9959124167880223,-92.60172448844368,-3.3461118,-1.4219259,4.732129,2.7154033,-1.9636048,20.234858,24.600208,-13.631597,43.73567,23.427393,-7.786833,-6.818619,16.54621,-22.186136,9.85281,47.263653,-18.435385,-9.84307,-3.1879528,2.8411903,5.082747,6.249733,5.497744,-6.0961523,0.0,3.3736284,-6.2337394,-11.089947,5.2613974,-9.717408,0.0
119,0.01979551836848259,3.283522367477417,105.9782485961914,1.0904762556020533,-0.9948844903649198,-92.60253563646687,-3.346794,-1.4218181,4.7320156,2.7154036,-1.9636048,20.235697,24.601664,-13.631775,43.735615,23.427317,-7.786874,-6.818636,16.546885,-22.187756,9.852879,47.263573,-18.435268,-9.843111,-3.1879716,2.8425837,5.08257,6.250672,5.496298,-6.097357,0.0,3.373636,-6.233512,-11.089289,5.2612176,-9.718358,0.0
120,0.024608615785837173,3.2728216648101807,105.97854614257812,1.0891609128206834,-0.9902637437679275,-92.60836356102637,-3.3516152,-1.4206804,4.7301526,2.715405,-1.9636041,20.241907,24.612886,-13.633169,43.735134,23.426685,-7.787221,-6.818754,16.551918,-22.20025,9.853472,47.262917,-18.434364,-9.84346,-3.1880977,2.8435411,5.080716,6.2551427,5.500296,-6.1069555,0.0,3.3735697,-6.2356634,-11.084354,5.2616177,-9.72308,0.0
121,0.027210824191570282,3.267916202545166,105.97779846191406,1.088322227001094,-0.9884365687032537,-92.61023229603742,-3.353102,-1.420334,4.7295294,2.7154055,-1.9636035,20.243649,24.615938,-13.633544,43.734997,23.426523,-7.7873178,-6.8187833,16.55334,-22.203625,9.853631,47.26274,-18.43413,-9.843553,-3.1881278,2.8371165,5.08067,6.254001,5.515723,-6.1184325,0.0,3.3773882,-6.2360086,-11.083892,5.256195,-9.723163,0.0
122,0.030886195600032806,3.261948823928833,105.97671508789062,1.0867694907886767,-0.9856276960396735,-92.61424978750945,-3.3561969,-1.4196324,4.728118,2.715407,-1.9636014,20.246883,24.621712,-13.634263,43.734715,23.426226,-7.78751,-6.8188334,16.555998,-22.209997,9.853946,47.262405,-18.433699,-9.843736,-3.1881785,2.8265188,5.081061,6.2529993,5.5391426,-6.1348634,0.0,3.374456,-6.2374277,-11.079586,5.2610836,-9.727643,0.0
123,0.03526108339428902,3.2544009685516357,105.97639465332031,1.0848555577390555,-0.9820324277716502,-92.62165289513885,-3.3618908,-1.4181838,4.7250366,2.7154114,-1.9635956,20.25296,24.632812,-13.635669,43.734104,23.42565,-7.787911,-6.8189197,16.561016,-22.222218,9.854586,47.26173,-18.432882,-9.844114,-3.188259,2.8234208,5.0805917,6.2571735,5.5503855,-6.146602,0.0,3.3731847,-6.2385497,-11.073123,5.2607927,-9.729793,0.0
124,0.03831246867775917,3.2509751319885254,105.97506713867188,1.0835761416939607,-0.980222653945085,-92.62536363509555,-3.3646915,-1.417474,4.723357,2.7154138,-1.9635919,20.256096,24.638432,-13.636375,43.73378,23.42537,-7.7881227,-6.81896,16.563625,-22.228369,9.854909,47.26139,-18.432482,-9.844307,-3.1882935,2.8117306,5.081283,6.2558074,5.5749464,-6.161735,0.0,3.3726141,-6.2393193,-11.069858,5.260691,-9.730885,0.0
125,0.03946449235081673,3.246298313140869,105.9761734008789,1.083330159209473,-0.9786132178577178,-92.62709478262548,-3.3659286,-1.4171259,4.722419,2.7154152,-1.9635898,20.257687,24.641254,-13.636729,43.73361,23.425228,-7.7882347,-6.8189797,16.564953,-22.231455,9.855075,47.261223,-18.432285,-9.844403,-3.1883092,2.8192637,5.0799866,6.2598295,5.5635715,-6.1585035,0.0,3.3730521,-6.2399592,-11.068497,5.2611737,-9.733332,0.0
126,0.0387275367975235,3.2438862323760986,105.97579193115234,1.0837416256308803,-0.977798378877226,-92.62780075511148,-3.366426,-1.4169711,4.721902,2.7154157,-1.9635888,20.258484,24.64267,-13.636907,43.733513,23.42516,-7.7882934,-6.8189893,16.565628,-22.232998,9.855157,47.261135,-18.432188,-9.84445,-3.1883168,2.8187337,5.079951,6.260464,5.566667,-6.1609516,0.0,3.3742123,-6.239972,-11.068308,5.2602754,-9.734431,0.0
127,0.04069013521075249,3.2388758659362793,105.97576904296875,1.0840277825166047,-0.9762528268335511,-92.62903012912916,-3.3671765,-1.4166825,4.7207003,2.7154171,-1.963586,20.26015,24.645653,-13.637283,43.733307,23.425009,-7.788426,-6.81901,16.567049,-22.236244,9.855332,47.260956,-18.43198,-9.84455,-3.188332,2.8183906,5.0785365,6.2614822,5.570702,-6.1654463,0.0,3.3753843,-6.241845,-11.067586,5.2604904,-9.737025,0.0
128,0.03951825201511383,3.2342910766601562,105.97567749023438,1.0850085367306845,-0.974829986373351,-92.63000087169644,-3.3677328,-1.4163864,4.719488,2.7154183,-1.9635835,20.26171,24.648449,-13.637638,43.7331,23.424866,-7.7885566,-6.8190293,16.568384,-22.239285,9.855499,47.260784,-18.431782,-9.844643,-3.188346,2.8252757,5.077147,6.264555,5.5610647,-6.1633434,0.0,3.3767807,-6.242413,-11.0672455,5.2604737,-9.739831,0.0
129,0.04110129177570343,3.226611852645874,105.97574615478516,1.0850447941239953,-0.9723705157027037,-92.63206931231599,-3.3688145,-1.4155668,4.716945,2.715421,-1.9635779,20.264738,24.653973,-13.638351,43.732666,23.424576,-7.788829,-6.819067,16.571009,-22.245272,9.85583,47.260445,-18.43138,-9.8448305,-3.1883714,2.834033,5.074885,6.268736,5.549699,-6.16318,0.0,3.3790557,-6.2436795,-11.066206,5.2598,-9.743595,0.0
130,0.043416839092969894,3.224792003631592,105.97563171386719,1.0841964983702643,-0.971202729436309,-92.63336965659195,-3.3694816,-1.4149133,4.715634,2.7154222,-1.9635751,20.266275,24.656754,-13.638711,43.73244,23.424435,-7.788969,-6.819086,16.572348,-22.24827,9.855995,47.260277,-18.431171,-9.844926,-3.1883826,2.8317642,5.0744624,6.2685485,5.5555153,-6.1690946,0.0,3.3781748,-6.2443643,-11.064785,5.2601786,-9.744147,0.0
131,0.04646645486354828,3.2199580669403076,105.97476959228516,1.0826178699180982,-0.9685455262678603,-92.63664932484834,-3.3710716,-1.4130162,4.7127743,2.7154253,-1.9635689,20.26946,24.662596,-13.639477,43.731937,23.424133,-7.789273,-6.8191233,16.575148,-22.254545,9.856345,47.259914,-18.430725,-9.845131,-3.188403,2.8237085,5.0750155,6.2677894,5.573056,-6.1826286,0.0,3.3772855,-6.2447944,-11.061738,5.2605186,-9.746193,0.0
132,0.05050927773118019,3.2134904861450195,105.97413635253906,1.0805663331835937,-0.9659036796657183,-92.6401522859723,-3.3727117,-1.4110144,4.709931,2.715428,-1.963563,20.272533,24.668238,-13.640223,43.731426,23.423834,-7.7895765,-6.8191595,16.577864,-22.260574,9.856682,47.25956,-18.43028,-9.845334,-3.1884196,2.8176064,5.0753374,6.267976,5.5888624,-6.195808,0.0,3.380542,-6.244714,-11.059789,5.2549553,-9.746424,0.0
133,0.05236491560935974,3.2085299491882324,105.97379302978516,1.0794781263188713,-0.963748300496582,-92.64368284033011,-3.374336,-1.4092885,4.707155,2.7154317,-1.9635572,20.275494,24.673674,-13.640948,43.730915,23.42353,-7.7898808,-6.8191934,16.58049,-22.266373,9.857012,47.259205,-18.429844,-9.845535,-3.1884344,2.8138947,5.07567,6.2691984,5.5987287,-6.2041917,0.0,3.377378,-6.2454576,-11.055869,5.260164,-9.750559,0.0
134,0.057339202612638474,3.2056055068969727,105.97418212890625,1.0784185413136713,-0.9622299187865258,-92.64733578245577,-3.376005,-1.4079514,4.7044115,2.7154353,-1.9635516,20.278442,24.679081,-13.641678,43.73038,23.423214,-7.790193,-6.819227,16.583107,-22.272123,9.8573475,47.258846,-18.4294,-9.845743,-3.188447,2.8098123,5.074419,6.270625,5.6089997,-6.2117424,0.0,3.3785295,-6.247371,-11.053299,5.256882,-9.749491,0.0
135,0.05805794894695282,3.202461004257202,105.97315979003906,1.0783480671491907,-0.9610218605257047,-92.6493575144081,-3.3769917,-1.4075025,4.7029395,2.7154374,-1.9635487,20.280037,24.681969,-13.64207,43.730087,23.423038,-7.790364,-6.8192453,16.584526,-22.275185,9.857526,47.25865,-18.429161,-9.845857,-3.1884537,2.803287,5.074647,6.269848,5.623625,-6.2208614,0.0,3.3771253,-6.24832,-11.051064,5.2601995,-9.752763,0.0
136,0.05763666704297066,3.199683904647827,105.97281646728516,1.0784813807661864,-0.9599240531824961,-92.65128563951126,-3.3779628,-1.4072365,4.701544,2.7154396,-1.9635457,20.281532,24.684677,-13.64244,43.729805,23.422869,-7.790527,-6.8192616,16.585857,-22.278053,9.8577,47.25846,-18.428934,-9.845965,-3.1884577,2.8044984,5.0744686,6.2715793,5.6235504,-6.2223554,0.0,3.3772938,-6.24837,-11.049577,5.2598586,-9.75383,0.0
137,0.05966401845216751,3.194171905517578,105.97286224365234,1.0782129050274392,-0.9581322824405549,-92.65499095997195,-3.3797393,-1.4066713,4.6987867,2.715444,-1.9635392,20.28445,24.690027,-13.643169,43.729237,23.422525,-7.7908564,-6.819293,16.58847,-22.283707,9.858074,47.258076,-18.428478,-9.846193,-3.1884549,2.8062634,5.0733995,6.2747135,5.6249795,-6.226416,0.0,3.3790162,-6.2495103,-11.0470915,5.2580466,-9.7553625,0.0
138,0.060476478189229965,3.192258358001709,105.97265625,1.0779779549516069,-0.957527818145069,-92.6559591655756,-3.3801901,-1.4064988,4.6981034,2.715445,-1.9635373,20.2852,24.69138,-13.643351,43.72909,23.42244,-7.7909393,-6.8193,16.58915,-22.28513,9.858172,47.257977,-18.428364,-9.846252,-3.1884513,2.8044972,5.073318,6.274533,5.6299987,-6.2295904,0.0,3.3787544,-6.249972,-11.046141,5.259229,-9.75688,0.0
139,0.06099443510174751,3.187845230102539,105.97294616699219,1.0777186450523213,-0.9561997721264791,-92.6579153131034,-3.3810728,-1.4060589,4.6966844,2.7154474,-1.9635328,20.286728,24.694157,-13.64372,43.728794,23.422268,-7.791109,-6.8193145,16.590536,-22.288052,9.858395,47.25777,-18.42813,-9.846378,-3.1884372,2.8061352,5.073031,6.2761936,5.630829,-6.23248,0.0,3.3793254,-6.2502317,-11.044652,5.2599792,-9.759549,0.0
140,0.06031505763530731,3.1801130771636963,105.97306823730469,1.077853408511384,-0.9542152752854725,-92.66150159017602,-3.382622,-1.4051751,4.693892,2.7154524,-1.9635235,20.289625,24.699478,-13.644434,43.72822,23.421936,-7.7914395,-6.819343,16.593176,-22.293646,9.858849,47.257374,-18.427683,-9.846627,-3.1883972,2.8163257,5.0720835,6.281955,5.6184664,-6.2309775,0.0,3.3816793,-6.250205,-11.042426,5.259816,-9.76383,0.0
141,0.058289315551519394,3.17922306060791,105.97176361083984,1.0778620290868053,-0.9535467758878089,-92.66481934892607,-3.3841374,-1.4045401,4.6910214,2.715458,-1.963513,20.29255,24.704828,-13.64517,43.727642,23.421606,-7.791775,-6.8193817,16.595839,-22.299263,9.859329,47.25697,-18.427242,-9.846876,-3.1883461,2.8114629,5.0735254,6.282499,5.629949,-6.238061,0.0,3.3809452,-6.2490873,-11.039592,5.2595325,-9.764045,0.0
142,0.06260000914335251,3.175265073776245,105.97260284423828,1.076404517329917,-0.9520714859434389,-92.66816989135893,-3.3856883,-1.4041419,4.6879997,2.7154644,-1.9635015,20.295477,24.710169,-13.645926,43.727062,23.42128,-7.7921114,-6.8194327,16.59851,-22.304852,9.859818,47.256573,-18.426815,-9.847116,-3.1882846,2.8137918,5.072294,6.285718,5.6287913,-6.240723,0.0,3.3806171,-6.2504234,-11.036642,5.259929,-9.765356,0.0
143,0.06847149133682251,3.1656298637390137,105.9732666015625,1.0744622330160494,-0.9495385660257316,-92.6739700889969,-3.388375,-1.4037689,4.6818824,2.715479,-1.9634763,20.301071,24.720535,-13.647462,43.725903,23.420631,-7.792785,-6.8195567,16.603619,-22.315659,9.860808,47.2558,-18.425995,-9.847586,-3.1881387,2.8191032,5.070228,6.291716,5.62842,-6.2480097,0.0,3.3839777,-6.252128,-11.032879,5.2576303,-9.768387,0.0
144,0.0679512470960617,3.1633994579315186,105.97200012207031,1.0745256234034704,-0.9488518773308857,-92.67476597082955,-3.388769,-1.4037422,4.6810517,2.7154808,-1.9634728,20.301819,24.721872,-13.64766,43.725754,23.420555,-7.7928705,-6.819573,16.604303,-22.31704,9.860932,47.255703,-18.425894,-9.847643,-3.1881192,2.8103967,5.071372,6.2893076,5.6469865,-6.259347,0.0,3.3832858,-6.2522607,-11.031918,5.2601237,-9.77103,0.0
145,0.06880315393209457,3.1617860794067383,105.9712905883789,1.0739991583533246,-0.9480825653395013,-92.67647904792211,-3.389591,-1.40369,4.6792483,2.7154846,-1.9634652,20.303312,24.72459,-13.648075,43.725445,23.420418,-7.7930517,-6.8196034,16.605682,-22.319815,9.861182,47.25551,-18.425686,-9.847761,-3.1880767,2.804765,5.0719447,6.2890677,5.6591024,-6.267276,0.0,3.3836102,-6.252232,-11.030641,5.2591677,-9.771174,0.0
146,0.06891070306301117,3.1595957279205322,105.97083282470703,1.073389525517472,-0.9471127057048921,-92.67855183351907,-3.3905256,-1.4035554,4.676996,2.715489,-1.9634558,20.30504,24.72779,-13.648573,43.72506,23.420277,-7.7932734,-6.819631,16.607294,-22.323046,9.861473,47.255272,-18.425436,-9.847902,-3.1880257,2.8024318,5.0726333,6.2904525,5.6656084,-6.272979,0.0,3.3828654,-6.251824,-11.028671,5.26016,-9.772602,0.0
147,0.06929673254489899,3.1569690704345703,105.97027587890625,1.0724021854814099,-0.9460044158677459,-92.68208388463778,-3.391902,-1.403177,4.6730704,2.7154958,-1.9634385,20.30785,24.733143,-13.64942,43.724384,23.420073,-7.7936654,-6.8196635,16.609934,-22.32839,9.86196,47.254868,-18.425005,-9.848148,-3.1879354,2.8005948,5.0735354,6.2930555,5.671726,-6.2787004,0.0,3.3826783,-6.2510643,-11.025753,5.2599726,-9.773611,0.0
148,0.06930236518383026,3.1554911136627197,105.96949005126953,1.0717184882968867,-0.9451742272054612,-92.68592560735335,-3.3932173,-1.4026601,4.668915,2.7155027,-1.9634187,20.310724,24.738663,-13.650292,43.723667,23.419876,-7.7940836,-6.8196836,16.612652,-22.333858,9.862464,47.254433,-18.424553,-9.848414,-3.1878397,2.7970624,5.0746098,6.2949224,5.6810923,-6.285445,0.0,3.3821816,-6.2504044,-11.022535,5.2591453,-9.773482,0.0
149,0.07301049679517746,3.1477761268615723,105.97047424316406,1.0706805327663322,-0.943123770021156,-92.69336648529071,-3.395225,-1.401538,4.6610217,2.7155156,-1.9633743,20.316044,24.74908,-13.651915,43.722256,23.41945,-7.794911,-6.819702,16.617695,-22.344189,9.863471,47.253555,-18.42368,-9.848966,-3.1876488,2.8083355,5.07239,6.30394,5.668289,-6.284635,0.0,3.3825357,-6.2521963,-11.016495,5.260308,-9.777085,0.0
150,0.07805638015270233,3.143260955810547,105.97061157226562,1.0699106770545068,-0.9418105322802649,-92.70093754056076,-3.396873,-1.4004484,4.653378,2.7155278,-1.963323,20.321337,24.759356,-13.653446,43.72084,23.418947,-7.7957506,-6.819703,16.6227,-22.354433,9.86453,47.25263,-18.42282,-9.849558,-3.1874578,2.8055563,5.070634,6.30785,5.6803603,-6.2944245,0.0,3.3822043,-6.2551312,-11.010202,5.260413,-9.7781105,0.0
151,0.07710442692041397,3.143216609954834,105.96952819824219,1.0702389231901777,-0.9414237632323211,-92.70513021867549,-3.397776,-1.3999588,4.649479,2.7155337,-1.963294,20.324078,24.764517,-13.654164,43.720135,23.418657,-7.796174,-6.8196936,16.62529,-22.35961,9.865074,47.252148,-18.422396,-9.849873,-3.187366,2.799301,5.0714674,6.3080063,5.6942825,-6.301766,0.0,3.3828125,-6.2548184,-11.007211,5.256335,-9.775374,0.0
152,0.07665315270423889,3.1403861045837402,105.96925354003906,1.070328357233289,-0.9405030186399935,-92.70963486722496,-3.3986552,-1.3994614,4.6454186,2.7155392,-1.9632618,20.326803,24.76964,-13.654843,43.71943,23.418343,-7.796598,-6.819671,16.627867,-22.364761,9.865629,47.251648,-18.421972,-9.850201,-3.1872742,2.8013263,5.0713363,6.311554,5.694545,-6.3042593,0.0,3.3810527,-6.2552423,-11.00292,5.259498,-9.778205,0.0
153,0.07677891105413437,3.137066125869751,105.96890258789062,1.0705183650398846,-0.9399245274447384,-92.7178926605597,-3.399641,-1.3982904,4.6373334,2.715551,-1.9631922,20.33203,24.779633,-13.656127,43.718018,23.417673,-7.7974367,-6.819601,16.6328,-22.374796,9.866763,47.25062,-18.421106,-9.850878,-3.187065,2.8061767,5.070391,6.3195367,5.6923876,-6.3069777,0.0,3.3803244,-6.256166,-10.996029,5.2601805,-9.779365,0.0
154,0.07617589831352234,3.136380434036255,105.9686508178711,1.0703742189681942,-0.940008074977326,-92.72206653593182,-3.4000134,-1.3976307,4.6330395,2.715557,-1.9631553,20.334738,24.784693,-13.656741,43.717308,23.417332,-7.7978473,-6.819551,16.63536,-22.379833,9.867325,47.250103,-18.420658,-9.85122,-3.1869478,2.809276,5.0702243,6.3242497,5.689975,-6.307867,0.0,3.3803754,-6.255728,-10.992721,5.259521,-9.779081,0.0
155,0.07705315947532654,3.132477283477783,105.9683837890625,1.0695789533066384,-0.9400810045301478,-92.72983428908951,-3.3999524,-1.3960983,4.624198,2.7155714,-1.9630742,20.340115,24.794903,-13.65795,43.71586,23.416613,-7.7986727,-6.8194203,16.64044,-22.38994,9.868491,47.24901,-18.419699,-9.8519335,-3.1866727,2.814958,5.069752,6.3325744,5.688368,-6.311569,0.0,3.3823464,-6.2556014,-10.987068,5.257543,-9.779331,0.0
156,0.07775291055440903,3.132230758666992,105.96810913085938,1.0693287028137697,-0.9404443100215701,-92.73361372179046,-3.3996623,-1.395216,4.61968,2.7155795,-1.9630313,20.342855,24.799997,-13.658526,43.715145,23.416256,-7.799072,-6.819343,16.643034,-22.39495,9.869066,47.248466,-18.419218,-9.852288,-3.1865304,2.8144403,5.069569,6.335655,5.6923723,-6.314517,0.0,3.3811,-6.2561646,-10.98354,5.2595263,-9.780044,0.0
157,0.07659613341093063,3.1298675537109375,105.96822357177734,1.0694779594949495,-0.9403843648988269,-92.73729590897247,-3.398952,-1.3942376,4.6148334,2.7155893,-1.9629822,20.345718,24.805313,-13.659112,43.714397,23.415878,-7.7994847,-6.819255,16.645752,-22.40017,9.869673,47.247894,-18.418705,-9.852663,-3.1863868,2.8211365,5.0692425,6.340757,5.6844573,-6.3114505,0.0,3.381183,-6.255915,-10.980544,5.260449,-9.781492,0.0
158,0.07288707792758942,3.125070810317993,105.96830749511719,1.069981049607892,-0.9403034999702647,-92.74291836908998,-3.3964703,-1.3925747,4.6061177,2.7156115,-1.9628804,20.350885,24.815071,-13.660192,43.712997,23.415152,-7.800259,-6.819085,16.650663,-22.409788,9.870838,47.246803,-18.417738,-9.853374,-3.1861374,2.835747,5.0691047,6.3497176,5.665701,-6.303953,0.0,3.3832202,-6.254384,-10.9765625,5.26111,-9.784985,0.0
159,0.07465565204620361,3.1253204345703125,105.96878814697266,1.0702605811439805,-0.9406890448850378,-92.74563959097605,-3.3947687,-1.3915831,4.601641,2.7156243,-1.9628237,20.353611,24.820097,-13.660732,43.712288,23.414785,-7.800651,-6.818994,16.653257,-22.414738,9.8714485,47.246243,-18.417248,-9.853739,-3.186021,2.8353295,5.0680513,6.3515706,5.668885,-6.304378,0.0,3.383079,-6.255996,-10.974276,5.26047,-9.783796,0.0
160,0.07724347710609436,3.1222946643829346,105.9696044921875,1.0704733710435508,-0.9409015750651564,-92.75042176088922,-3.39093,-1.3897798,4.593112,2.715653,-1.9627035,20.358753,24.829771,-13.6617985,43.710873,23.414062,-7.8014307,-6.8188133,16.65819,-22.42428,9.872666,47.245148,-18.416292,-9.854455,-3.1857944,2.8416681,5.065441,6.3571873,5.66383,-6.3039665,0.0,3.3844936,-6.2582345,-10.970658,5.2601495,-9.784582,0.0
161,0.07718075066804886,3.1205921173095703,105.96866607666016,1.0706504055376969,-0.9407754054679918,-92.7517844122783,-3.390015,-1.3892626,4.590816,2.7156606,-1.9626714,20.360106,24.832256,-13.66207,43.71051,23.41389,-7.8016295,-6.8187647,16.6595,-22.426722,9.87298,47.244873,-18.416061,-9.854632,-3.1857333,2.8336945,5.0662494,6.3553042,5.681543,-6.3147492,0.0,3.3851283,-6.2585874,-10.969694,5.260167,-9.785389,0.0
162,0.07647580653429031,3.119685173034668,105.9666519165039,1.0722518596576962,-0.9426638614873444,-92.76206836410118,-3.3832276,-1.3855529,4.5750194,2.715725,-1.9624008,20.369576,24.850842,-13.664327,43.707554,23.41256,-7.8032627,-6.818393,16.668774,-22.44497,9.875533,47.242775,-18.414293,-9.856021,-3.18514,2.8308182,5.065297,6.361656,5.698911,-6.3281045,0.0,3.3857646,-6.260844,-10.961387,5.2607975,-9.78548,0.0
163,0.08322708308696747,3.1158056259155273,105.96748352050781,1.0716234084446592,-0.9431844578850812,-92.76761931868086,-3.3799412,-1.3835449,4.566982,2.7157588,-1.9622561,20.374733,24.860542,-13.665511,43.706005,23.411913,-7.804117,-6.8181987,16.673866,-22.454454,9.876893,47.241722,-18.41345,-9.856716,-3.1847908,2.8388302,5.0613003,6.36846,5.6928325,-6.330634,0.0,3.3877125,-6.2649055,-10.957192,5.260617,-9.786151,0.0
164,0.08104711025953293,3.1150050163269043,105.96650695800781,1.0723377407698438,-0.9438079361766096,-92.77004698591192,-3.3780735,-1.382628,4.56262,2.7157764,-1.9621794,20.377394,24.865454,-13.666115,43.70521,23.411598,-7.804558,-6.818098,16.676517,-22.459276,9.877611,47.2412,-18.413063,-9.857062,-3.1845996,2.8408816,5.06146,6.3707576,5.693207,-6.3328633,0.0,3.3889499,-6.2644496,-10.955602,5.2601357,-9.786616,0.0
165,0.08764837682247162,3.1121878623962402,105.96733093261719,1.0728675524246754,-0.9467089404550487,-92.7764277781385,-3.3687966,-1.3802459,4.5469637,2.7158482,-1.9618571,20.386738,24.88357,-13.668489,43.702023,23.410295,-7.806339,-6.8177395,16.685915,-22.477272,9.880626,47.239147,-18.411694,-9.85842,-3.1837811,2.8519561,5.056028,6.3791614,5.6859813,-6.3326516,0.0,3.3956218,-6.2693934,-10.952063,5.25516,-9.784783,0.0
166,0.08222419023513794,3.1106112003326416,105.96723937988281,1.074839446892082,-0.948353247774185,-92.77751848463438,-3.3627732,-1.3799533,4.538552,2.7158847,-1.9616853,20.391745,24.892784,-13.66967,43.700394,23.409607,-7.8072567,-6.817571,16.69101,-22.486551,9.882257,47.238113,-18.411112,-9.859101,-3.1833575,2.8660855,5.0552955,6.3844686,5.66583,-6.3228154,0.0,3.3968306,-6.268622,-10.951367,5.2593937,-9.7888975,0.0
167,0.07751823961734772,3.1103570461273193,105.96549224853516,1.0771870433429893,-0.9521442793809626,-92.77720751204154,-3.3492723,-1.3808029,4.522862,2.7159584,-1.9613175,20.401024,24.910278,-13.672029,43.69707,23.408142,-7.809149,-6.817286,16.700516,-22.50445,9.88576,47.236027,-18.410099,-9.860471,-3.1824634,2.8692613,5.0553737,6.3847265,5.669421,-6.324301,0.0,3.4016914,-6.268496,-10.952692,5.2604837,-9.791182,0.0
168,0.07354114204645157,3.103128671646118,105.96573638916016,1.079341987934187,-0.954598114290235,-92.77535570551495,-3.3346384,-1.3821329,4.508007,2.7160337,-1.9609247,20.410255,24.92743,-13.674393,43.693657,23.406607,-7.8111057,-6.817034,16.71007,-22.522057,9.889434,47.2339,-18.40917,-9.861871,-3.1815019,2.898573,5.0523844,6.39261,5.628174,-6.307775,0.0,3.4104707,-6.2684526,-10.956371,5.261024,-9.797622,0.0
169,0.07840248197317123,3.1005165576934814,105.96448516845703,1.079034846114705,-0.9573558470760883,-92.7725387058344,-3.3186936,-1.382936,4.494162,2.716113,-1.9605048,20.419458,24.944332,-13.676779,43.69012,23.405008,-7.813143,-6.8168015,16.719696,-22.539305,9.893213,47.231697,-18.40822,-9.863332,-3.1804357,2.8898737,5.0512156,6.3869314,5.65351,-6.323014,0.0,3.416619,-6.271241,-10.95993,5.260805,-9.799506,0.0
170,0.07580961287021637,3.0998458862304688,105.96449279785156,1.079692615982427,-0.9595189556242626,-92.76880131785856,-3.301244,-1.3829432,4.4812655,2.7161977,-1.9600582,20.428572,24.960913,-13.679184,43.686447,23.403357,-7.815265,-6.816584,16.729303,-22.556063,9.897049,47.2294,-18.40719,-9.864868,-3.1792514,2.9016461,5.050864,6.387548,5.6361475,-6.315643,0.0,3.4212503,-6.269969,-10.964119,5.2601814,-9.801032,0.0
171,0.07371832430362701,3.096299648284912,105.96443176269531,1.080508411559814,-0.9606946699040626,-92.76487247948896,-3.2824104,-1.3820474,4.4687943,2.7162879,-1.959582,20.437618,24.977243,-13.681602,43.682613,23.401644,-7.817484,-6.8163652,16.738913,-22.572369,9.900937,47.226963,-18.406069,-9.866505,-3.177946,2.9131374,5.0502005,6.38785,5.6204348,-6.310805,0.0,3.4263124,-6.2693887,-10.968541,5.2609367,-9.80524,0.0
172,0.07625303417444229,3.097665786743164,105.96453094482422,1.0803555028499767,-0.9624635072666763,-92.76106642998059,-3.262264,-1.3808396,4.456216,2.716384,-1.9590642,20.446798,24.993652,-13.684058,43.678543,23.39983,-7.8198414,-6.816128,16.748674,-22.588661,9.90501,47.224293,-18.404898,-9.868286,-3.1765177,2.9093246,5.04953,6.383424,5.6281834,-6.31432,0.0,3.4291065,-6.270517,-10.97228,5.2593637,-9.803877,0.0
173,0.07828585803508759,3.0928173065185547,105.9645767211914,1.0808241951876105,-0.9640352499316046,-92.75989216475307,-3.2292838,-1.3797755,4.4356337,2.7165718,-1.9579937,20.462114,25.022682,-13.688824,43.670334,23.396208,-7.824598,-6.815671,16.764969,-22.617334,9.91298,47.21876,-18.402632,-9.871929,-3.173625,2.9149463,5.047543,6.3840423,5.627495,-6.3179846,0.0,3.4340355,-6.272605,-10.974268,5.26118,-9.808304,0.0
174,0.08121027797460556,3.091660976409912,105.9652328491211,1.080124522496272,-0.9653383867480364,-92.75856538637326,-3.2118564,-1.3800571,4.424273,2.7166688,-1.9574205,20.470814,25.037922,-13.6911545,43.666054,23.394308,-7.827068,-6.815376,16.774197,-22.632343,9.917189,47.215725,-18.401638,-9.873898,-3.1721218,2.914801,5.046854,6.382841,5.6315384,-6.321092,0.0,3.4370606,-6.2734904,-10.976004,5.2601967,-9.808405,0.0
175,0.08005290478467941,3.0922911167144775,105.96382904052734,1.0809108896203874,-0.9673092380860682,-92.7565764692992,-3.1938012,-1.3808236,4.41215,2.7167668,-1.9568167,20.479319,25.052742,-13.693363,43.66168,23.392336,-7.8295803,-6.815016,16.783144,-22.646994,9.921554,47.212433,-18.40081,-9.875997,-3.1705897,2.9041462,5.048278,6.3773975,5.655108,-6.3327193,0.0,3.4416616,-6.2732673,-10.97892,5.2571325,-9.807568,0.0
176,0.07560434937477112,3.0897181034088135,105.9630126953125,1.0892116743464508,-0.9747710116962107,-92.81931271941747,-3.0397165,-1.3919138,4.375409,2.942205,-0.33358088,20.560589,25.292141,-14.012408,42.874958,22.524836,-7.895835,-6.953336,16.86021,-22.876547,10.290905,46.542168,-17.682112,-9.885153,-2.6350658,2.9753406,5.03395,6.475997,5.574068,-6.303699,0.0,3.4399643,-6.283505,-10.920501,5.254014,-9.801108,0.0
177,0.07254096865653992,3.0881552696228027,105.96320343017578,1.089889743693226,-0.9747555685929522,-92.81819762898584,-3.0386598,-1.3918139,4.374812,2.9422128,-0.33352706,20.562235,25.294048,-14.012654,42.874912,22.524778,-7.8958406,-6.953323,16.861744,-22.878252,10.29129,46.542076,-17.682108,-9.885182,-2.6350443,2.9850178,5.0336695,6.4785166,5.557108,-6.2951174,0.0,3.4380825,-6.282862,-10.920746,5.260229,-9.805548,0.0
178,0.07241356372833252,3.0849008560180664,105.96434783935547,1.0914629369779816,-0.9774926522941295,-92.80807246704022,-3.0261126,-1.3899373,4.3672714,2.9422781,-0.3330605,20.573627,25.30804,-14.0144,42.8744,22.524054,-7.89597,-6.9531403,16.872177,-22.890972,10.294668,46.540882,-17.682106,-9.885672,-2.6348126,3.00093,5.030648,6.475924,5.5319,-6.282109,0.0,3.4460194,-6.284202,-10.930957,5.261282,-9.810347,0.0
179,0.06826643645763397,3.0863094329833984,105.96305084228516,1.0943442284518992,-0.9834817640963178,-92.79332822346689,-3.001195,-1.3864809,4.351837,2.9424102,-0.33205074,20.593334,25.333282,-14.017649,42.872982,22.522131,-7.8964615,-6.9527235,16.889898,-22.914232,10.301871,46.53761,-17.682047,-9.887122,-2.634266,2.9998858,5.030335,6.4633775,5.539039,-6.282446,0.0,3.4575124,-6.2839613,-10.945917,5.26006,-9.813071,0.0
180,0.07098235934972763,3.0867109298706055,105.96383666992188,1.0968467154443562,-0.9895154157049906,-92.78203589549008,-2.9762006,-1.38321,4.336195,2.9425447,-0.33096275,20.61291,25.357563,-14.020704,42.871243,22.51982,-7.897154,-6.9522743,16.907106,-22.936684,10.309488,46.533375,-17.682085,-9.889086,-2.6336694,3.011964,5.025054,6.457903,5.5243483,-6.27392,0.0,3.4702177,-6.287699,-10.958524,5.2552185,-9.812742,0.0
181,0.070847287774086,3.085867404937744,105.96351623535156,1.0991071331650357,-0.9957428073111843,-92.7731402241555,-2.9518359,-1.3812203,4.320421,2.9426832,-0.329804,20.63224,25.380869,-14.023618,42.86925,22.51727,-7.89803,-6.9518266,16.923424,-22.958454,10.317523,46.528076,-17.682447,-9.891564,-2.6330812,3.0179067,5.0225635,6.451688,5.523856,-6.273897,0.0,3.4788623,-6.2903075,-10.967759,5.259778,-9.818219,0.0
182,0.06760498881340027,3.0887105464935303,105.96189880371094,1.1023926854453348,-1.0029182646081043,-92.76579484266036,-2.928073,-1.3802557,4.3047366,2.9428275,-0.3285707,20.65149,25.40339,-14.026408,42.867085,22.514555,-7.8990636,-6.9513984,16.938898,-22.979631,10.325968,46.521645,-17.683289,-9.8945875,-2.6325185,3.0179636,5.0216837,6.444347,5.5341425,-6.278175,0.0,3.4887204,-6.2916603,-10.976427,5.2589536,-9.819052,0.0
183,0.07013548165559769,3.088411808013916,105.9615707397461,1.1041402913951532,-1.0100713473500578,-92.75876891882127,-2.904579,-1.3797784,4.289057,2.9429774,-0.3272639,20.670664,25.42519,-14.029096,42.864784,22.511713,-7.9002223,-6.9510016,16.95343,-23.000154,10.334765,46.51399,-17.684616,-9.898207,-2.6320095,3.025616,5.018354,6.439818,5.533334,-6.2791004,0.0,3.499596,-6.295121,-10.984879,5.2595887,-9.821694,0.0
184,0.07524336874485016,3.0899693965911865,105.96268463134766,1.1044313563201331,-1.0176048195884255,-92.75030866253846,-2.8806527,-1.3792866,4.273687,2.9431324,-0.32588372,20.689804,25.446302,-14.0317,42.862396,22.508741,-7.9014587,-6.9506474,16.96691,-23.01996,10.34388,46.50497,-17.686287,-9.902497,-2.631582,3.0343158,5.0148706,6.434776,5.528135,-6.276452,0.0,3.5128891,-6.2976947,-10.995302,5.2542825,-9.820106,0.0
185,0.07552260160446167,3.089280605316162,105.95967864990234,1.1147262598291412,-1.0636106408737251,-92.75589917691602,-2.8064427,-1.3891913,4.2844486,3.129856,1.5092899,20.771332,25.617115,-14.256928,42.556087,21.87667,-7.85603,-6.974268,17.042526,-23.171902,10.717977,45.539425,-17.550346,-9.705575,-2.5400531,3.1035154,4.9989305,6.444315,5.5131702,-6.2824407,0.0,3.5712612,-6.311163,-11.020079,5.256388,-9.829308,0.0
186,0.07349017262458801,3.0915279388427734,105.95941162109375,1.1142848607781313,-1.065550184627799,-92.74659435793278,-2.7992215,-1.3881688,4.2803125,3.1299112,1.5097885,20.783436,25.627836,-14.25842,42.555992,21.876392,-7.855984,-6.974249,17.052824,-23.180696,10.721105,45.538006,-17.55042,-9.706074,-2.5401511,3.099462,5.0013514,6.4356303,5.5182915,-6.2833943,0.0,3.5765917,-6.308224,-11.029191,5.252012,-9.827543,0.0
187,0.07159211486577988,3.091717481613159,105.95938110351562,1.113785029792363,-1.0705073197994979,-92.72274251807349,-2.7767508,-1.3833961,4.263711,3.1301246,1.5118722,20.815931,25.661173,-14.264066,42.555096,21.874977,-7.8560505,-6.974267,17.078217,-23.20732,10.732956,45.528515,-17.55048,-9.710033,-2.5410323,3.0956943,5.0045104,6.41503,5.5252542,-6.284708,0.0,3.5868194,-6.3051586,-11.050608,5.255974,-9.834587,0.0
188,0.07110273092985153,3.089153289794922,105.95867919921875,1.113840096714587,-1.0739378385829146,-92.70607478323222,-2.7609367,-1.3802048,4.2516127,3.1302383,1.5130173,20.836966,25.679781,-14.266837,42.554535,21.874044,-7.856116,-6.9742475,17.092907,-23.221748,10.739433,45.521374,-17.550623,-9.713247,-2.5416675,3.0909839,5.0060496,6.3997636,5.5373416,-6.2907147,0.0,3.5976431,-6.3038387,-11.0668545,5.2551513,-9.839156,0.0
189,0.07061008363962173,3.0866055488586426,105.95791625976562,1.114468306820982,-1.0794575058846636,-92.6863944238737,-2.7387745,-1.3763949,4.232584,3.1304572,1.5153817,20.869076,25.710184,-14.2718525,42.552895,21.871773,-7.856568,-6.974128,17.112925,-23.244616,10.752001,45.50331,-17.551022,-9.721674,-2.5431056,3.0888162,5.0068502,6.3823586,5.5477233,-6.2948556,0.0,3.611622,-6.3031006,-11.086534,5.255218,-9.845203,0.0
190,0.0735262855887413,3.086717128753662,105.95917510986328,1.119351423697825,-1.0921937069481769,-92.66349862163203,-2.7201667,-1.3815643,4.22374,3.26561,3.0899034,20.950264,25.838707,-14.432641,42.361923,21.520824,-7.779749,-6.952492,17.185608,-23.348135,11.055844,44.491146,-17.339447,-9.554932,-2.5416975,3.112928,4.997374,6.356677,5.52039,-6.280028,0.0,3.6353595,-6.310231,-11.1301365,5.2524357,-9.848106,0.0
191,0.07336793839931488,3.086350202560425,105.9585952758789,1.120312294226148,-1.0940078347263733,-92.6553562785707,-2.7134588,-1.3812604,4.2191277,3.2656577,3.0903966,20.964369,25.847965,-14.433692,42.361816,21.520527,-7.7797403,-6.9523644,17.196634,-23.355042,11.058976,44.48898,-17.339619,-9.555825,-2.5417745,3.1058722,4.997357,6.3476915,5.534486,-6.285331,0.0,3.6401854,-6.3108387,-11.138025,5.2519403,-9.849601,0.0
192,0.07365991175174713,3.086538314819336,105.9600601196289,1.1230573309790686,-1.0988689073281923,-92.63738156244193,-2.6949387,-1.3801571,4.2017403,3.265824,3.092185,20.996664,25.872473,-14.436755,42.360912,21.51905,-7.7800565,-6.9517593,17.21842,-23.372702,11.069595,44.475918,-17.340424,-9.561825,-2.5425293,3.1208832,4.992896,6.338114,5.50811,-6.269645,0.0,3.6510777,-6.3132463,-11.155471,5.251565,-9.852909,0.0
193,0.0698460265994072,3.08815336227417,105.95768737792969,1.1289935018430572,-1.11404158799429,-92.61845071604043,-2.6694906,-1.3832368,4.183937,3.3754096,4.2935376,21.07813,25.974302,-14.545058,42.249805,21.286463,-7.7595196,-6.901009,17.288523,-23.452044,11.320534,43.638256,-17.201574,-9.422851,-2.572759,3.1254227,4.9889193,6.3147974,5.524808,-6.2782416,0.0,3.6753135,-6.317284,-11.1885195,5.2502995,-9.856958,0.0
194,0.07626190781593323,3.087571620941162,105.95713806152344,1.1276207600825812,-1.120071813567117,-92.60377661298222,-2.6514628,-1.3758352,4.1641994,3.3756251,4.2954555,21.134617,26.006477,-14.548798,42.248867,21.285393,-7.7599354,-6.9006863,17.33008,-23.473915,11.3320055,43.626236,-17.2017,-9.428103,-2.574523,3.1110845,4.9893336,6.2975407,5.5603333,-6.296954,0.0,3.687356,-6.3188515,-11.202918,5.249627,-9.85961,0.0
195,0.07705865800380707,3.0839130878448486,105.95471954345703,1.1168728478715781,-1.1400996947835216,-92.59407091153511,-2.6213999,-1.3574097,4.1496367,3.4754112,5.1730194,21.331661,26.140293,-14.627996,42.133152,21.12693,-7.7558904,-6.882341,17.495611,-23.57004,11.555768,42.95854,-17.061085,-9.316333,-2.6897392,3.0948997,5.006994,6.2790704,5.6406627,-6.343647,0.0,3.7183838,-6.304654,-11.2187,5.2492633,-9.868112,0.0
196,0.0716034322977066,3.0761194229125977,105.95359802246094,1.1138266537834298,-1.1513141737308246,-92.57987483190065,-2.6019473,-1.3553483,4.132148,3.61702,6.206322,22.066633,26.480553,-14.639453,41.208717,20.776789,-7.6465287,-6.8111105,18.101603,-23.773191,12.015602,41.79354,-16.611923,-8.987456,-3.054743,3.111874,5.013778,6.269135,5.6392508,-6.3487754,0.0,3.742491,-6.296005,-11.237897,5.2487903,-9.878635,0.0
197,0.07141008973121643,3.075547218322754,105.95323181152344,1.1181512244162153,-1.1608388131257983,-92.56399822322703,-2.5872374,-1.3640527,4.10755,3.746746,6.9574637,23.584742,26.717953,-14.195452,39.60127,20.788782,-7.3976417,-6.7423277,19.315516,-23.893137,12.028721,40.148285,-16.523684,-8.656883,-3.3308184,3.1275156,5.0079694,6.2573543,5.6254063,-6.342207,0.0,3.76252,-6.2997923,-11.260107,5.242746,-9.880195,0.0
198,0.07761304825544357,3.0724358558654785,105.95470428466797,1.125140366714609,-1.1690991694553385,-92.54706506786093,-2.573322,-1.3784978,4.0876756,3.7747598,7.150997,24.740944,26.819365,-13.785345,38.4395,20.897243,-7.2524796,-6.684881,20.189842,-23.968542,11.991182,38.888542,-16.522772,-8.445474,-3.4880002,3.1533127,4.9934707,6.247767,5.5910006,-6.3263755,0.0,3.7776845,-6.3123255,-11.282835,5.2464976,-9.88655,0.0
199,0.0795295238494873,3.072300910949707,105.95413208007812,1.1342255484802313,-1.1768545098726533,-92.52814012690011,-2.5591648,-1.394095,4.070479,3.8032267,7.339036,25.623434,26.894505,-13.470209,37.56498,20.98322,-7.14695,-6.6453757,20.81877,-24.026157,11.983945,37.894386,-16.531317,-8.287912,-3.6046133,3.1615622,4.9808283,6.230126,5.584196,-6.3219094,0.0,3.7936752,-6.3240848,-11.308373,5.2448945,-9.889279,0.0
200,0.08051169663667679,3.068881034851074,105.95233154296875,1.1423906385088356,-1.184640936001294,-92.50608592186639,-2.5420244,-1.4053963,4.054038,3.8355165,7.5204844,26.299358,26.951317,-13.22886,36.90614,21.062096,-7.0678816,-6.622152,21.264042,-24.067429,11.978221,37.104187,-16.55718,-8.177053,-3.685893,3.165185,4.9705033,6.2079635,5.5881367,-6.323964,0.0,3.8123846,-6.3340235,-11.336889,5.2441583,-9.895294,0.0
201,0.07691672444343567,3.0672616958618164,105.95135498046875,1.1506238030049392,-1.192332558336056,-92.47957804980072,-2.5220497,-1.4108105,4.0363417,3.8719287,7.6937356,26.817358,26.997246,-13.049382,36.40907,21.148462,-7.0019264,-6.615161,21.57662,-24.084167,11.925237,36.486237,-16.618452,-8.123968,-3.7178285,3.1827533,4.9613028,6.1865897,5.562042,-6.3093176,0.0,3.8313766,-6.340496,-11.368952,5.2431946,-9.90176,0.0
202,0.07524579018354416,3.067694902420044,105.95126342773438,1.1599421130939318,-1.1996078686706517,-92.44940702011324,-2.499366,-1.4139076,4.0181675,3.9100466,7.861758,27.215021,27.034546,-12.91611,36.035503,21.24135,-6.9465275,-6.619499,21.77618,-24.097385,11.884673,35.97954,-16.669004,-8.085654,-3.7276874,3.20174,4.9493423,6.162564,5.5272946,-6.2881985,0.0,3.8489873,-6.3494253,-11.403731,5.241623,-9.906139,0.0
203,0.0778508111834526,3.067373514175415,105.95116424560547,1.168070984260087,-1.2071737985272393,-92.4183628014776,-2.4746413,-1.414855,4.002722,3.9518197,8.024002,27.336363,27.046831,-12.888582,35.968098,21.301182,-6.9362187,-6.628259,21.824081,-24.09875,11.869738,35.635937,-16.735611,-8.082649,-3.7270124,3.212717,4.9371996,6.1350927,5.5087695,-6.275809,0.0,3.868633,-6.3594885,-11.439706,5.2386045,-9.910096,0.0
204,0.08222365379333496,3.067636489868164,105.95213317871094,1.1743450608639427,-1.215576750902321,-92.38923108923646,-2.4478853,-1.4151865,3.9917881,3.968331,8.085859,27.374817,27.04988,-12.88704,35.974373,21.326569,-6.928079,-6.6391654,21.835438,-24.099915,11.868986,35.321922,-16.835672,-8.098642,-3.7445285,3.2148669,4.9272804,6.1065984,5.5086904,-6.272808,0.0,3.886475,-6.368765,-11.473234,5.2386065,-9.914641,0.0
205,0.08419903367757797,3.0719425678253174,105.95065307617188,1.177724326617564,-1.2250418098417863,-92.36309008907789,-2.417123,-1.4147764,3.985845,3.9982462,8.187338,27.38827,27.051739,-12.888881,35.979336,21.309107,-6.9327965,-6.6331406,21.837751,-24.105246,11.894608,34.94799,-16.969543,-8.076608,-3.7831426,3.2070122,4.9236183,6.07795,5.52748,-6.277928,0.0,3.903058,-6.372775,-11.503703,5.236863,-9.916043,0.0
206,0.0859740674495697,3.074000835418701,105.95063018798828,1.181287715484302,-1.2354365893816859,-92.33846392181692,-2.3847592,-1.4131101,3.9824193,4.0397744,8.314169,27.402153,27.053675,-12.896789,36.009808,21.259087,-6.948839,-6.6224318,21.839464,-24.113888,11.9436655,34.564907,-17.131174,-8.049676,-3.8480742,3.212159,4.918789,6.0552263,5.5273457,-6.2756057,0.0,3.9227362,-6.376703,-11.53357,5.234272,-9.918712,0.0
207,0.08930419385433197,3.072308301925659,105.95147705078125,1.1817302623681465,-1.2462094663566883,-92.31378367268358,-2.352685,-1.4110128,3.9817286,4.089788,8.45455,27.41628,27.055645,-12.907614,36.042595,21.19892,-6.9639297,-6.604537,21.841063,-24.1241,12.008085,34.173088,-17.315956,-8.032216,-3.9407654,3.2210612,4.9164186,6.0333667,5.5256696,-6.2750034,0.0,3.9443076,-6.3778663,-11.564011,5.2334304,-9.924465,0.0
208,0.09186025708913803,3.078065872192383,105.94961547851562,1.1823685131334942,-1.2567828905523428,-92.28740306760815,-2.3213036,-1.4102944,3.9831111,4.143965,8.598849,27.430586,27.057251,-12.915899,36.074024,21.155525,-6.96783,-6.585522,21.841976,-24.136465,12.083851,33.762318,-17.518091,-8.021552,-4.0611014,3.1932967,4.917973,5.99706,5.5827146,-6.298687,0.0,3.961134,-6.3787894,-11.595261,5.2317114,-9.9250765,0.0
209,0.0946335718035698,3.0845682621002197,105.9484634399414,1.1820538717584907,-1.2680339116592765,-92.25994668440778,-2.2926817,-1.4107715,3.987787,4.200102,8.740739,27.444971,27.058012,-12.915615,36.105816,21.143091,-6.955013,-6.569124,21.841522,-24.151155,12.166513,33.334167,-17.733099,-8.01902,-4.2017293,3.1749725,4.919639,5.9619174,5.621871,-6.3128057,0.0,3.9782832,-6.3785925,-11.628149,5.2307153,-9.926008,0.0
210,0.1006830483675003,3.090040445327759,105.94863891601562,1.1797796568300178,-1.279995051181183,-92.23194401448107,-2.2661748,-1.4117835,3.995706,4.257713,8.877397,27.459349,27.057526,-12.904364,36.137917,21.150576,-6.931632,-6.5564837,21.839739,-24.166996,12.251195,32.897663,-17.969435,-8.030537,-4.360796,3.1644833,4.920922,5.9282465,5.6487646,-6.3215985,0.0,3.9971712,-6.3779798,-11.662325,5.229462,-9.927195,0.0
211,0.10625521838665009,3.093364715576172,105.94886779785156,1.1783993655338616,-1.2905359613725105,-92.2017140508428,-2.2351108,-1.4143573,4.0044456,4.3135967,9.007315,27.473717,27.055729,-12.883915,36.164566,21.167936,-6.905716,-6.548675,21.834652,-24.189312,12.353154,32.41242,-18.22168,-8.022072,-4.5447674,3.154916,4.9210796,5.892766,5.671775,-6.32892,0.0,4.0165453,-6.378083,-11.699175,5.2273197,-9.929117,0.0
212,0.10818131268024445,3.0983052253723145,105.94931030273438,1.1806969442638307,-1.2977034141181778,-92.16779038211209,-2.201423,-1.417603,4.012564,4.366067,9.128809,27.48811,27.052717,-12.858503,36.181843,21.17594,-6.8847837,-6.5443435,21.828266,-24.212568,12.457439,31.937048,-18.519161,-8.043746,-4.773334,3.1494582,4.917857,5.856262,5.6748424,-6.323591,0.0,4.0314,-6.380313,-11.738718,5.2257786,-9.930661,0.0
213,0.1101684719324112,3.106318473815918,105.95114135742188,1.189294680784648,-1.3000855276410586,-92.1304736372188,-2.1601036,-1.4226607,4.0192246,4.4118204,9.2398815,27.502508,27.048738,-12.832428,36.18574,21.167171,-6.869077,-6.5402703,21.821535,-24.235184,12.562145,31.458733,-18.84682,-8.08996,-5.035562,3.1512232,4.905175,5.8208566,5.646201,-6.298313,0.0,4.0398045,-6.3903484,-11.780488,5.2221746,-9.928099,0.0
214,0.11112736165523529,3.1150498390197754,105.95146179199219,1.202279894347339,-1.2989788596208036,-92.09030140351803,-2.1096175,-1.4299525,4.0250864,4.4484396,9.339565,27.516878,27.04412,-12.807589,36.178646,21.151155,-6.8538313,-6.535027,21.812233,-24.263971,12.686553,30.924164,-19.184189,-8.110791,-5.323284,3.1393912,4.8885837,5.7790875,5.632172,-6.2783885,0.0,4.044691,-6.4052467,-11.824485,5.217789,-9.924826,0.0
215,0.11158792674541473,3.124067783355713,105.95056915283203,1.2160747072489952,-1.296259797055285,-92.04601936496144,-2.060176,-1.4367845,4.0313616,4.478812,9.430301,27.531214,27.039082,-12.784339,36.16536,21.130001,-6.8389297,-6.5298433,21.801378,-24.295721,12.82011,30.384335,-19.582172,-8.14514,-5.664862,3.1159914,4.8724117,5.72984,5.6329136,-6.264277,0.0,4.0470023,-6.421035,-11.871991,5.216084,-9.922534,0.0
216,0.11855382472276688,3.1334691047668457,105.95228576660156,1.2248071207210003,-1.2941415619224843,-91.99658369573548,-2.0158496,-1.4415212,4.0387015,4.5067654,9.516284,27.545523,27.03398,-12.762727,36.149647,21.111612,-6.8245783,-6.5271554,21.788725,-24.330317,12.959528,29.828821,-20.080624,-8.186076,-6.07668,3.095656,4.858373,5.6764836,5.6267815,-6.246686,0.0,4.048249,-6.434834,-11.923363,5.2183404,-9.921649,0.0
217,0.1222950890660286,3.144984722137451,105.95146179199219,1.2286280231861237,-1.2925037787697373,-91.94335328713726,-1.9790058,-1.4420489,4.0465646,4.53671,9.601316,27.559855,27.028938,-12.742615,36.132187,21.094307,-6.808922,-6.5292077,21.773998,-24.366959,13.099574,29.265816,-20.696875,-8.243202,-6.5770416,3.0380564,4.856577,5.605827,5.688793,-6.262061,0.0,4.0523415,-6.439486,-11.978643,5.2152615,-9.91837,0.0
218,0.126539409160614,3.15631103515625,105.9512710571289,1.2274134270339232,-1.2905651860640937,-91.88639546305451,-1.9463161,-1.4399457,4.05471,4.569596,9.686509,27.574247,27.024027,-12.7240505,36.111122,21.075884,-6.792555,-6.534632,21.757,-24.405167,13.23859,28.694633,-21.413425,-8.313106,-7.151636,2.9743161,4.8611717,5.529145,5.7594686,-6.281142,0.0,4.056294,-6.4379168,-12.036869,5.2131248,-9.916234,0.0
219,0.128071591258049,3.1681582927703857,105.95258331298828,1.2260568990928256,-1.2889295640035485,-91.82221775020551,-1.9148906,-1.4384003,4.0649796,4.6029058,9.77047,27.588633,27.019602,-12.70667,36.086166,21.062101,-6.7800283,-6.5401497,21.73767,-24.445604,13.380608,28.099037,-22.216114,-8.370681,-7.768338,2.922618,4.866485,5.449684,5.804014,-6.2859216,0.0,4.0630765,-6.433616,-12.103143,5.2095675,-9.914813,0.0
220,0.12867417931556702,3.1823384761810303,105.9509506225586,1.2252387371710574,-1.2883521690521618,-91.74717450466372,-1.8819691,-1.4406006,4.0788255,4.6319094,9.849768,27.602852,27.016296,-12.690007,36.057484,21.059408,-6.7766795,-6.5425506,21.71607,-24.490067,13.5339,27.45955,-23.08849,-8.387147,-8.394,2.8387685,4.874728,5.3494353,5.903273,-6.315005,0.0,4.0718784,-6.4290977,-12.181203,5.2065673,-9.913821,0.0
221,0.1245587170124054,3.191202163696289,105.95016479492188,1.22716372526634,-1.2901723755396703,-91.65832015045744,-1.847089,-1.4478049,4.0978923,4.6533065,9.921055,27.61678,27.0151,-12.674343,36.02618,21.079838,-6.78892,-6.5416565,21.692295,-24.541134,13.710611,26.761694,-24.0478,-8.3447275,-9.019619,2.7853374,4.8799314,5.246737,5.950537,-6.3197255,0.0,4.091423,-6.423954,-12.276817,5.202884,-9.918883,0.0
222,0.11434327065944672,3.207136631011963,105.95086669921875,1.227956468206226,-1.2936456775109004,-91.55822118894845,-1.8117476,-1.4582938,4.1207366,4.666507,9.983881,27.63033,27.016464,-12.659462,35.992702,21.11705,-6.8144217,-6.538955,21.666378,-24.600256,13.914862,26.012619,-25.088863,-8.249742,-9.662941,2.7372758,4.8894024,5.1358876,5.97729,-6.3082304,0.0,4.110412,-6.412577,-12.383907,5.1997886,-9.922446,0.0
223,0.11726263910531998,3.2236955165863037,105.95117950439453,1.2310410307485216,-1.2961998584731997,-91.45154586519956,-1.7759812,-1.470696,4.1453104,4.6708145,10.040318,27.643448,27.020067,-12.644143,35.956238,21.148275,-6.8436036,-6.534496,21.638233,-24.666342,14.141094,25.226225,-26.15214,-8.117684,-10.327355,2.6633132,4.8903565,5.010575,6.0453253,-6.3158627,0.0,4.132527,-6.4121413,-12.498626,5.190824,-9.92138,0.0
224,0.12341134995222092,3.2435226440429688,105.9518814086914,1.2359480394640183,-1.295129306508423,-91.34302716388876,-1.7395165,-1.4842143,4.1688986,4.6654286,10.094589,27.65618,27.024529,-12.625555,35.916714,21.151857,-6.867271,-6.528652,21.607565,-24.736958,14.375497,24.418583,-27.183693,-7.9653225,-11.0145035,2.5810246,4.8870077,4.881146,6.115258,-6.321231,0.0,4.143461,-6.4172387,-12.611738,5.1901593,-9.920697,0.0
225,0.12239853292703629,3.2609517574310303,105.9530258178711,1.2427824225971336,-1.2921849803946384,-91.23307619445964,-1.702845,-1.5000525,4.1941876,4.6482935,10.151012,27.668528,27.028328,-12.60015,35.871437,21.116144,-6.8802195,-6.521065,21.5742,-24.8091,14.6066475,23.594706,-28.154655,-7.791973,-11.721872,2.5144997,4.8837676,4.7553253,6.152856,-6.310404,0.0,4.1557226,-6.4194765,-12.726817,5.1861024,-9.920653,0.0
226,0.1291431039571762,3.2724955081939697,105.9533920288086,1.2504863720158739,-1.2877858997687834,-91.11938579385483,-1.6657194,-1.518556,4.2214556,4.618873,10.209409,27.680496,27.030802,-12.567067,35.82037,21.055756,-6.8867946,-6.5136604,21.53797,-24.881683,14.831186,22.749546,-29.102587,-7.595813,-12.442725,2.4370544,4.8753905,4.6222496,6.212059,-6.3127747,0.0,4.1717634,-6.4278336,-12.846517,5.181894,-9.923749,0.0
227,0.12734821438789368,3.2927300930023193,105.95254516601562,1.2599448397911892,-1.2783299740876102,-91.00286752147014,-1.6271797,-1.5360458,4.244677,4.580054,10.26943,27.692123,27.03183,-12.528778,35.76792,20.988983,-6.893216,-6.509791,21.498594,-24.954807,15.047357,21.883673,-30.072447,-7.3952417,-13.170149,2.346314,4.870033,4.4827147,6.2722197,-6.3084736,0.0,4.175881,-6.4327626,-12.966008,5.1774406,-9.92153,0.0
228,0.11732755601406097,3.3111870288848877,105.95436096191406,1.270485449681261,-1.2600412105837187,-90.88454255964713,-1.5861901,-1.5497669,4.2580385,4.536851,10.329431,27.70341,27.031925,-12.490451,35.71843,20.932198,-6.904848,-6.5110955,21.45578,-25.029486,15.254208,20.999071,-31.109232,-7.210815,-13.898189,2.2831762,4.864817,4.3515887,6.2599463,-6.2666826,0.0,4.1697874,-6.433501,-13.084745,5.173477,-9.920164,0.0
229,0.10974808037281036,3.336367130279541,105.95475769042969,1.2825115783581782,-1.2285605888817532,-90.76507343323222,-1.5459738,-1.5570565,4.256407,4.4951186,10.389258,27.714415,27.031221,-12.456289,35.67734,20.874454,-6.9299283,-6.5151196,21.412188,-25.100475,15.440757,20.144434,-32.28119,-7.0836463,-14.6524725,2.1795678,4.8575354,4.2072988,6.283824,-6.23665,0.0,4.1438465,-6.4379735,-13.19979,5.1660466,-9.909411,0.0
230,0.12753361463546753,3.3537063598632812,105.9570083618164,1.2947175069725376,-1.1868980230450281,-90.64381874680839,-1.496836,-1.5627218,4.2430677,4.4526706,10.448796,27.725063,27.030344,-12.429275,35.639748,20.817028,-6.962184,-6.5185738,21.36134,-25.18267,15.6250305,19.19396,-33.520668,-6.9024906,-15.380783,2.0582283,4.8347397,4.0566688,6.324144,-6.217972,0.0,4.108786,-6.460455,-13.313709,5.1621356,-9.899587,0.0
231,0.14622022211551666,3.371204137802124,105.96028900146484,1.30690206519855,-1.1427124195705842,-90.51960520702478,-1.450441,-1.565322,4.2281947,4.410608,10.50677,27.735342,27.02913,-12.406847,35.60201,20.770382,-6.9903665,-6.5206113,21.307611,-25.264412,15.793958,18.275663,-34.773758,-6.773079,-16.118944,1.9382966,4.810688,3.9040165,6.3547325,-6.193774,0.0,4.0746036,-6.4825063,-13.430707,5.1513367,-9.886124,0.0
232,0.1519210934638977,3.3880527019500732,105.96437072753906,1.3196715101687733,-1.103704264231015,-90.39129019208526,-1.4000151,-1.5687486,4.219739,4.365037,10.561152,27.745094,27.028543,-12.387817,35.553833,20.761702,-6.997598,-6.5234075,21.24893,-25.348639,15.953528,17.30809,-35.936462,-6.6470923,-16.818104,1.8458916,4.7922955,3.756097,6.3444514,-6.1492805,0.0,4.043779,-6.4969983,-13.551828,5.1497316,-9.880833,0.0
233,0.14558620750904083,3.4100341796875,105.9645767211914,1.332989079547905,-1.0725977114111651,-90.25876094734812,-1.3462569,-1.5708978,4.22139,4.312275,10.609351,27.754198,27.029026,-12.369548,35.488503,20.814636,-6.972634,-6.5323625,21.185175,-25.433933,16.103266,16.303612,-36.978977,-6.5471888,-17.480299,1.7367265,4.7822976,3.5976427,6.376769,-6.1236534,0.0,4.0223465,-6.5033627,-13.678495,5.1449437,-9.87519,0.0
234,0.14874981343746185,3.4274404048919678,105.96659088134766,1.3461866533288631,-1.0451719242525883,-90.1226591767849,-1.2894744,-1.5714755,4.2282896,4.2514677,10.6503315,27.762604,27.030846,-12.351366,35.409294,20.914217,-6.923182,-6.547803,21.115955,-25.519985,16.242462,15.268266,-37.94733,-6.472393,-18.117182,1.6442488,4.7659044,3.441309,6.3899684,-6.0917244,0.0,4.0104465,-6.515315,-13.81009,5.1389813,-9.871773,0.0
235,0.15327927470207214,3.445741891860962,105.96785736083984,1.3594299334078703,-1.0183375128193186,-89.98256914780661,-1.2342569,-1.5736136,4.2379546,4.186024,10.685845,27.775877,27.034794,-12.331687,35.329067,21.019798,-6.868632,-6.562641,20.993544,-25.62695,16.375027,14.239564,-38.884804,-6.426384,-18.749226,1.5405436,4.7491417,3.2773309,6.42247,-6.068328,0.0,3.9999187,-6.52799,-13.945843,5.1327834,-9.868192,0.0
236,0.1543940007686615,3.46297025680542,105.96897888183594,1.3722996324763743,-0.9895821871644379,-89.83842813072548,-1.1794674,-1.5818394,4.2464557,4.119391,10.718119,27.799099,27.043232,-12.308386,35.253498,21.093826,-6.8290544,-6.567788,20.744267,-25.791739,16.5318,13.216703,-39.777187,-6.3529754,-19.338455,1.4398069,4.734201,3.1102262,6.4444547,-6.0392766,0.0,3.9883606,-6.537709,-14.086008,5.126733,-9.865925,0.0
237,0.1539483219385147,3.480699300765991,105.97002410888672,1.3848899084427724,-0.9578282735503515,-89.68564913762194,-1.13594,-1.5999457,4.249403,3.9718482,10.794279,27.881222,27.068424,-12.21427,35.10497,21.125145,-6.8196626,-6.5978446,19.817722,-26.114851,17.348995,12.970981,-40.14214,-6.131165,-20.15488,1.3338474,4.720206,2.9329472,6.463671,-6.006165,0.0,3.974974,-6.5455685,-14.2354765,5.120343,-9.864016,0.0
238,0.16241662204265594,3.506190061569214,105.97232818603516,1.3982140238354148,-0.9239417421568804,-89.52677120709276,-1.091755,-1.6288472,4.2541304,3.9300222,10.818767,28.001642,27.090828,-12.141623,34.948467,21.125282,-6.815375,-6.5838175,18.317122,-26.143269,17.99676,13.210773,-40.685135,-6.113506,-20.712341,1.2169335,4.6997123,2.7466753,6.486068,-5.96877,0.0,3.9563878,-6.5598955,-14.389787,5.110567,-9.853943,0.0
239,0.16232998669147491,3.5267345905303955,105.97492218017578,1.4100054773044755,-0.8907662316073903,-89.3687366294873,-1.0436356,-1.6586229,4.2578273,3.886598,10.843224,28.085962,27.105988,-12.083999,34.83889,21.114313,-6.8206244,-6.5620375,17.057268,-26.133924,18.51516,13.210188,-41.322384,-6.08885,-21.256643,1.1181438,4.6851377,2.566766,6.482163,-5.9210663,0.0,3.9382353,-6.567127,-14.543184,5.107251,-9.851695,0.0
240,0.16105961799621582,3.5441014766693115,105.97723388671875,1.42197865789947,-0.8607745833974197,-89.21889812751469,-0.9901459,-1.6816113,4.2641993,3.8362563,10.869798,28.142569,27.117039,-12.041115,34.761257,21.10063,-6.8233986,-6.535699,15.972306,-26.143099,18.974573,13.038059,-42.012493,-6.0644803,-21.855648,1.0291221,4.6709104,2.397873,6.475441,-5.875844,0.0,3.9256716,-6.5737305,-14.689829,5.1021156,-9.850534,0.0
241,0.16592910885810852,3.5637784004211426,105.97863006591797,1.4321117458174157,-0.8338350342950922,-89.08142327492644,-0.9315063,-1.696076,4.2732024,3.7789521,10.900729,28.17887,27.120813,-12.009119,34.711437,21.08767,-6.824702,-6.498199,15.021042,-26.167818,19.399982,12.738311,-42.764374,-6.0470953,-22.547945,0.927139,4.655641,2.2368913,6.5044427,-5.850145,0.0,3.9157853,-6.582053,-14.824595,5.091216,-9.8436985,0.0
242,0.17215856909751892,3.5807127952575684,105.98002624511719,1.4414429965672966,-0.808823955477343,-88.9516752357798,-0.8683943,-1.7059879,4.2836647,3.7170532,10.935445,28.199337,27.12207,-11.989316,34.683414,21.066172,-6.826003,-6.449814,14.144121,-26.217669,19.816576,12.339111,-43.53242,-6.017212,-23.29445,0.8327293,4.6401734,2.0859618,6.531174,-5.826686,0.0,3.902248,-6.592142,-14.950281,5.0917478,-9.842657,0.0
243,0.17550741136074066,3.612919569015503,105.98088836669922,1.4490747789927958,-0.7869131482024072,-88.82379455407118,-0.7987238,-1.712634,4.2947497,3.653626,10.9644985,28.20337,27.120632,-11.974833,34.67564,21.046099,-6.826206,-6.4066544,13.721553,-26.292494,20.042744,11.506165,-44.42142,-5.9669876,-24.030539,0.71991795,4.6287646,1.9311252,6.5823836,-5.807002,0.0,3.884719,-6.5977902,-15.072963,5.0851665,-9.829119,0.0
244,0.17861950397491455,3.6286849975585938,105.9820556640625,1.4547849876256012,-0.7692600484135033,-88.69198010263948,-0.72457874,-1.7173771,4.309622,3.5721233,10.986657,28.203362,27.11856,-11.95216,34.66867,21.034122,-6.8207984,-6.3843985,13.1999655,-26.381964,20.301033,10.763735,-45.249794,-5.9227653,-24.724789,0.6317991,4.6196947,1.779347,6.615846,-5.788998,0.0,3.8857474,-6.599672,-15.204286,5.0778933,-9.827598,0.0
245,0.17865316569805145,3.6472055912017822,105.98224639892578,1.4569092860582382,-0.7572287945645135,-88.55453438876998,-0.64405686,-1.7191509,4.33118,3.4885273,10.987353,28.197079,27.113811,-11.912931,34.663074,21.03914,-6.8073363,-6.3968077,12.234316,-26.440645,20.66108,10.435744,-45.98205,-5.9505515,-25.334227,0.53378904,4.6174417,1.6180956,6.675404,-5.782736,0.0,3.8912196,-6.5950255,-15.341582,5.0752645,-9.829734,0.0
246,0.16800542175769806,3.6645565032958984,105.98161315917969,1.457437842525771,-0.7499169149135917,-88.41457550829989,-0.5563811,-1.7178315,4.3560576,3.397244,10.97681,28.184788,27.108534,-11.868109,34.660847,21.051998,-6.786425,-6.4311047,11.313522,-26.481842,20.952145,10.067977,-46.75915,-6.0084414,-25.89013,0.44634154,4.6235642,1.4569947,6.7267222,-5.7736716,0.0,3.9050064,-6.5804124,-15.483401,5.0708814,-9.835076,0.0
247,0.162457674741745,3.6732263565063477,105.98155212402344,1.4567649447523905,-0.7448265352030717,-88.27355746883099,-0.4666512,-1.7164465,4.3830333,3.3006814,10.962057,28.168732,27.102127,-11.821779,34.664463,21.066929,-6.76679,-6.46684,10.414666,-26.527136,21.225588,9.682049,-47.491745,-6.05735,-26.41592,0.3689209,4.627993,1.297723,6.7745414,-5.7684555,0.0,3.9283655,-6.5670757,-15.62871,5.0659056,-9.845538,0.0
248,0.15873810648918152,3.7005081176757812,105.98223114013672,1.4559716546340309,-0.7393980543320706,-88.13294262329553,-0.38031852,-1.7182243,4.41046,3.201824,10.950541,28.150545,27.096577,-11.783612,34.6747,21.071815,-6.754566,-6.4817786,9.533512,-26.572054,21.509315,9.299599,-48.121616,-6.0711226,-26.931812,0.2674368,4.6309986,1.1320804,6.8442793,-5.762213,0.0,3.940516,-6.5549207,-15.770879,5.0555496,-9.840847,0.0
249,0.15338006615638733,3.7158470153808594,105.98155212402344,1.4578310286644913,-0.7339970860219648,-87.99123084568335,-0.30102935,-1.7257017,4.439077,3.1016142,10.945311,28.131735,27.092688,-11.755752,34.692677,21.062954,-6.754941,-6.4649515,8.657658,-26.618368,21.816702,8.927156,-48.6074,-6.0448413,-27.447863,0.17496347,4.6314745,0.96790755,6.909969,-5.760185,0.0,3.9561658,-6.5459704,-15.915213,5.055701,-9.848924,0.0
250,0.15042805671691895,3.7276406288146973,105.98136138916016,1.4594824700070579,-0.7296519799907142,-87.84819930291557,-0.22518781,-1.7367725,4.4691806,2.998482,10.9422865,28.113945,27.087654,-11.729242,34.71608,21.049929,-6.764542,-6.430766,7.777256,-26.66493,22.135443,8.569689,-48.985813,-5.9973884,-27.951506,0.088699885,4.630252,0.80443937,6.9702053,-5.7572823,0.0,3.9781952,-6.537469,-16.062773,5.0519314,-9.857773,0.0
251,0.14480510354042053,3.7661232948303223,105.98152923583984,1.4592184699651822,-0.7248756162081905,-87.70734530640168,-0.14699093,-1.7471217,4.499635,2.8911922,10.937177,28.096642,27.084364,-11.707034,34.738285,21.032114,-6.7724314,-6.3920126,6.890996,-26.71099,22.457647,8.236727,-49.30513,-5.9333396,-28.423412,-0.028186832,4.6323404,0.63440853,7.0556574,-5.7507796,0.0,3.9807527,-6.525901,-16.202923,5.045375,-9.847333,0.0
252,0.13164831697940826,3.7948739528656006,105.9803466796875,1.457449458144227,-0.7180360512675528,-87.57234696264372,-0.05998529,-1.7528837,4.5288663,2.7778962,10.926148,28.079824,27.080696,-11.68415,34.75666,21.017414,-6.7718916,-6.3642683,5.9936976,-26.76145,22.776714,7.934188,-49.60862,-5.8533254,-28.839256,-0.13905647,4.6411767,0.47161865,7.138357,-5.7488728,0.0,3.9845722,-6.5076494,-16.337404,5.042012,-9.845417,0.0
253,0.1167093887925148,3.8247199058532715,105.9777603149414,1.4491338644640053,-0.7077647976316984,-87.44696058580433,0.036389597,-1.7502449,4.5558953,2.6628237,10.9058075,28.064064,27.074684,-11.658299,34.76909,21.005177,-6.757649,-6.3522725,5.083286,-26.818241,23.099709,7.6577535,-49.878845,-5.758354,-29.18663,-0.26846763,4.6591735,0.31223398,7.251585,-5.7628684,0.0,3.9799783,-6.480822,-16.459675,5.0392346,-9.841596,0.0
254,0.10951927304267883,3.8479323387145996,105.9774398803711,1.438939288690319,-0.6952683741833132,-87.32839039969161,0.13930613,-1.7422998,4.5817122,2.5453343,10.880996,28.049955,27.066532,-11.629878,34.777596,20.99481,-6.7354794,-6.348258,4.1552553,-26.879745,23.430042,7.4101377,-50.098648,-5.648928,-29.47872,-0.38290042,4.675019,0.16480815,7.342879,-5.770834,0.0,3.9787724,-6.455977,-16.576134,5.030831,-9.837023,0.0
255,0.0967537984251976,3.8757965564727783,105.97636413574219,1.4260882382931448,-0.6826762777145512,-87.20999205372748,0.24907036,-1.7350898,4.607808,2.4166017,10.851366,28.036077,27.061186,-11.604915,34.784393,20.986555,-6.712143,-6.3466005,3.2149508,-26.936861,23.751272,7.207536,-50.32205,-5.5284758,-29.738832,-0.5084462,4.697,0.013928061,7.4485726,-5.7828326,0.0,3.9678774,-6.425995,-16.6891,5.033671,-9.835879,0.0
256,0.07996910810470581,3.901308298110962,105.9753646850586,1.4141229062577692,-0.67242884249763,-87.08516253598988,0.36648005,-1.7345386,4.6358933,2.2675948,10.821125,28.020807,27.060518,-11.583705,34.794186,20.987255,-6.69724,-6.3434033,2.2644448,-26.98481,24.046602,7.0631647,-50.599773,-5.396644,-29.985542,-0.62419325,4.7198772,-0.14034326,7.5412083,-5.7891517,0.0,3.9681172,-6.39229,-16.811867,5.0268974,-9.833624,0.0
257,0.067143514752388,3.922808885574341,105.9753646850586,1.4050341453236235,-0.6638734935476422,-86.95142951996942,0.49540287,-1.7444888,4.666318,2.0883715,10.788032,28.00139,27.069101,-11.573937,34.808285,20.998833,-6.692781,-6.3357162,1.3079208,-27.019884,24.301344,6.9695168,-50.964302,-5.230251,-30.213852,-0.73070896,4.73647,-0.300126,7.620954,-5.7901278,0.0,3.9715679,-6.3652706,-16.943825,5.0282116,-9.838742,0.0
258,0.05536426231265068,3.9413516521453857,105.9742431640625,1.3968248242157537,-0.6562355256790197,-86.81254946929361,0.63442785,-1.7610381,4.6981964,1.886099,10.752342,27.977621,27.081964,-11.56944,34.828053,21.021915,-6.6963773,-6.3276973,0.34467626,-27.046022,24.526268,6.919732,-51.38157,-5.035184,-30.415276,-0.84579676,4.7510166,-0.46789882,7.7202554,-5.802009,0.0,3.9833145,-6.3384786,-17.083387,5.0220404,-9.842542,0.0
259,0.03596395254135132,3.9652295112609863,105.97209930419922,1.387007698045655,-0.6513246011778777,-86.67138015539182,0.77591705,-1.7787528,4.7310867,1.6778127,10.716612,27.950745,27.09419,-11.562932,34.85305,21.04729,-6.704196,-6.3218684,-0.6230521,-27.069265,24.738674,6.9294643,-51.81145,-4.8582783,-30.608671,-0.964968,4.771454,-0.6396712,7.82605,-5.814189,0.0,3.9938672,-6.3048973,-17.2246,5.0185933,-9.84692,0.0
260,0.010279775597155094,3.989912986755371,105.9696044921875,1.3763736524132,-0.6509574146379886,-86.5307347640271,0.9124848,-1.7920018,4.7643304,1.4802142,10.683231,27.923538,27.099504,-11.544261,34.8821,21.068584,-6.7135363,-6.3216467,-1.5991236,-27.094984,24.960283,7.014338,-52.20786,-4.7442164,-30.81121,-1.0730159,4.796636,-0.8080086,7.9203024,-5.8211956,0.0,4.00688,-6.266651,-17.365576,5.0195937,-9.854949,0.0
261,-0.010608858428895473,4.017035961151123,105.96603393554688,1.3617791522529967,-0.6576250841580702,-86.39331123398279,1.0422466,-1.799259,4.7977204,1.2980961,10.654761,27.89945,27.09406,-11.505801,34.91502,21.083668,-6.725644,-6.3302145,-2.5831158,-27.126081,25.193403,7.179879,-52.579056,-4.717487,-31.039461,-1.1886357,4.8232207,-0.97650945,8.04483,-5.8445764,0.0,4.027572,-6.226506,-17.505077,5.0181055,-9.860472,0.0
262,-0.03986966237425804,4.02849817276001,105.9627914428711,1.34551290739993,-0.669652896626081,-86.257098622312,1.1691777,-1.8035297,4.8317747,1.1222014,10.627841,27.87974,27.081846,-11.453059,34.948807,21.097103,-6.741082,-6.345105,-3.5761685,-27.15892,25.429708,7.417198,-52.940567,-4.7487116,-31.280691,-1.2677779,4.857557,-1.1334068,8.133178,-5.861144,0.0,4.0690207,-6.1761656,-17.64894,5.0105696,-9.8764925,0.0
263,-0.06363026052713394,4.042088508605957,105.95983123779297,1.3270351132998242,-0.6827222599427987,-86.1172716437321,1.294141,-1.8059928,4.866556,0.94933563,10.60195,27.863636,27.067438,-11.39365,34.979202,21.112944,-6.756498,-6.361063,-4.5761566,-27.189732,25.669176,7.7211914,-53.267498,-4.8075986,-31.51249,-1.3552128,4.890849,-1.2967991,8.235508,-5.883564,0.0,4.105309,-6.12842,-17.79444,5.0140486,-9.895682,0.0
264,-0.09162858873605728,4.057758331298828,105.95719909667969,1.3047694947546353,-0.6927680941988685,-85.96901377606497,1.4180752,-1.808353,4.9028773,0.77617145,10.574456,27.84797,27.057852,-11.341285,35.002792,21.129797,-6.766801,-6.37169,-5.5787354,-27.215271,25.910736,8.08495,-53.535015,-4.86382,-31.711477,-1.4531536,4.9305534,-1.4723694,8.342348,-5.904776,0.0,4.140645,-6.0716434,-17.94793,5.012123,-9.91285,0.0
265,-0.11257649958133698,4.078107833862305,105.95414733886719,1.27831929142325,-0.7000712029225648,-85.80938623735068,1.5400665,-1.8100301,4.9436774,0.5996378,10.542978,27.829176,27.055145,-11.296669,35.019367,21.155144,-6.770222,-6.3800163,-6.581862,-27.234959,26.151907,8.5022545,-53.723316,-4.9123836,-31.87881,-1.5818303,4.9698915,-1.6698567,8.489187,-5.94125,0.0,4.1717415,-6.0140514,-18.111208,5.010012,-9.926761,0.0
266,-0.14700588583946228,4.098875999450684,105.9510726928711,1.2481751016144116,-0.7064954369925291,-85.64144679943777,1.6600302,-1.8103657,4.9874167,0.42223874,10.509994,27.805782,27.056517,-11.257512,35.03353,21.184034,-6.768972,-6.3873672,-7.5851755,-27.250021,26.39293,8.975191,-53.850754,-4.967958,-32.02417,-1.7089087,5.0212398,-1.8762556,8.624197,-5.9698057,0.0,4.204169,-5.941404,-18.283129,5.004277,-9.9420805,0.0
267,-0.17952176928520203,4.121856212615967,105.94576263427734,1.217943076849602,-0.7096005849183211,-85.46972859388386,1.780186,-1.8108673,5.028282,0.2487587,10.478489,27.779488,27.056725,-11.221734,35.052013,21.207897,-6.7686563,-6.387688,-8.585674,-27.263306,26.63395,9.50828,-53.952877,-5.0309553,-32.136387,-1.8579202,5.070312,-2.093336,8.787619,-6.0100007,0.0,4.2298446,-5.8706417,-18.45662,5.0019035,-9.957216,0.0
268,-0.21063971519470215,4.142035007476807,105.94230651855469,1.1888397081024906,-0.7070589266255892,-85.29865897384732,1.9026285,-1.8130769,5.0601244,0.08444139,10.454153,27.752478,27.05504,-11.19477,35.076843,21.210085,-6.770543,-6.372464,-9.579673,-27.27734,26.875431,10.104859,-54.064865,-5.1008286,-32.20439,-1.9958574,5.116823,-2.3045332,8.919884,-6.034958,0.0,4.2469335,-5.803131,-18.626703,5.005495,-9.975624,0.0
269,-0.23631280660629272,4.161945343017578,105.939697265625,1.1607140026185536,-0.6949436309724053,-85.12970621120012,2.026192,-1.8175045,5.0768137,-0.06542022,10.443019,27.727192,27.051441,-11.17932,35.11052,21.18851,-6.7763095,-6.3279514,-10.563889,-27.294374,27.114628,10.766515,-54.21038,-5.1792574,-32.21989,-2.1442318,5.157983,-2.5144475,9.050015,-6.0570087,0.0,4.254512,-5.7399435,-18.792019,5.0031786,-9.988018,0.0
270,-0.2639848291873932,4.184200763702393,105.93745422363281,1.1337364779981283,-0.6756296782183911,-84.96053183226283,2.1504831,-1.8233844,5.0829616,-0.20493609,10.442174,27.704525,27.046772,-11.171686,35.148174,21.151125,-6.7842183,-6.262206,-11.541171,-27.310785,27.3523,11.49065,-54.36802,-5.2642164,-32.190273,-2.299817,5.1981483,-2.7252922,9.172893,-6.072241,0.0,4.250589,-5.6773443,-18.95428,5.0011787,-9.997665,0.0
271,-0.3059055805206299,4.211384296417236,105.93159484863281,1.1080276345668454,-0.6562411654833885,-84.789234911151,2.2781022,-1.8300338,5.0888786,-0.34285036,10.438374,27.684204,27.039993,-11.165178,35.18251,21.098436,-6.7918563,-6.2004533,-12.504395,-27.329632,27.590479,12.262547,-54.50125,-5.3522196,-32.13092,-2.4659276,5.2439685,-2.9421787,9.306017,-6.088514,0.0,4.2416663,-5.607492,-19.117405,5.0014024,-10.007963,0.0
272,-0.3466770648956299,4.228452205657959,105.92787170410156,1.0841937311250889,-0.6438598222577746,-84.6140009774374,2.412027,-1.8367268,5.1043873,-0.48847196,10.418824,27.664488,27.031473,-11.155701,35.20643,21.028433,-6.795588,-6.167238,-13.450644,-27.345688,27.832438,13.072271,-54.578144,-5.4375024,-32.054825,-2.594862,5.2876368,-3.1520407,9.396426,-6.0904503,0.0,4.2506824,-5.5389285,-19.289589,4.999824,-10.025664,0.0
273,-0.374923974275589,4.24560546875,105.92633819580078,1.063712996013503,-0.6414986149793112,-84.43545420598808,2.5543935,-1.8465264,5.1336927,-0.6477884,10.381055,27.645012,27.016144,-11.134479,35.220154,20.91969,-6.793629,-6.1813745,-14.373745,-27.361988,28.078949,13.918446,-54.58817,-5.511324,-31.971561,-2.7074468,5.319181,-3.3609226,9.480602,-6.0911503,0.0,4.2747,-5.4823203,-19.469639,4.9973764,-10.043125,0.0
274,-0.4121355712413788,4.25929069519043,105.92076873779297,1.0460518615435002,-0.6451589828049197,-84.2542301243817,2.7032194,-1.8584929,5.170735,-0.8149487,10.3303795,27.625479,26.99648,-11.108183,35.227016,20.778452,-6.7873135,-6.2252655,-15.272251,-27.380209,28.326405,14.800917,-54.553345,-5.577071,-31.87132,-2.8234577,5.351654,-3.5755184,9.587491,-6.105766,0.0,4.308837,-5.422707,-19.655512,4.9953403,-10.066052,0.0
275,-0.4504748582839966,4.271139144897461,105.91716766357422,1.028408987308995,-0.6508958718549722,-84.06835637820824,2.855299,-1.8664374,5.211215,-0.9807583,10.268778,27.604898,26.97853,-11.087383,35.228912,20.653912,-6.7825327,-6.2713046,-16.145184,-27.398367,28.570824,15.70794,-54.479813,-5.6500616,-31.741234,-2.92234,5.3849874,-3.7891867,9.666445,-6.10725,0.0,4.348618,-5.361237,-19.847357,4.9916353,-10.0907345,0.0
276,-0.4905957579612732,4.283168792724609,105.91197967529297,1.0059813477950408,-0.6545212964863703,-83.87600390252395,3.0072694,-1.8638825,5.250925,-1.1358638,10.198712,27.580904,26.97092,-11.087455,35.22681,20.591215,-6.7836275,-6.2907896,-16.990034,-27.421448,28.808569,16.624413,-54.370567,-5.7459707,-31.569136,-3.0405838,5.4233375,-4.0159583,9.7731285,-6.121942,0.0,4.3839917,-5.2929225,-20.043167,4.9925137,-10.118691,0.0
277,-0.5367911458015442,4.297566890716553,105.90516662597656,0.9778937213976928,-0.6567524387938569,-83.67817857866979,3.1591265,-1.8447661,5.289902,-1.2767903,10.123559,27.551695,26.977188,-11.11511,35.223846,20.636517,-6.797938,-6.271251,-17.807917,-27.443014,29.036598,17.556627,-54.2227,-5.871349,-31.344471,-3.1724148,5.470645,-4.2529116,9.895321,-6.142558,0.0,4.4205284,-5.2115436,-20.243668,4.9848733,-10.143186,0.0
278,-0.5748730301856995,4.30812931060791,105.89942932128906,0.9466999433883878,-0.6590483598738578,-83.4753886795431,3.312299,-1.8139226,5.330013,-1.4090656,10.039394,27.516445,26.992868,-11.163534,35.22005,20.752827,-6.820749,-6.2292895,-18.598955,-27.463947,29.25724,18.508783,-54.036842,-6.0158825,-31.075996,-3.3035262,5.516164,-4.494699,10.019882,-6.167459,0.0,4.457024,-5.132312,-20.448015,4.9856834,-10.173523,0.0
279,-0.5984160900115967,4.317560195922852,105.89518737792969,0.9124649409343091,-0.6588221949028344,-83.26520711065425,3.467218,-1.7823076,5.3674283,-1.5366462,9.944398,27.493315,27.009115,-11.209959,35.19994,20.875406,-6.8406405,-6.18293,-19.04094,-27.532106,29.341597,19.164848,-53.929462,-6.128902,-30.772255,-3.4472866,5.5545473,-4.747363,10.161331,-6.200213,0.0,4.493119,-5.0584702,-20.658682,4.9870677,-10.20348,0.0
280,-0.6464942097663879,4.322009086608887,105.88997650146484,0.8808801676231284,-0.6541112436085237,-83.04487135403502,3.6211557,-1.7578956,5.40385,-1.6652822,9.82493,27.456533,27.019423,-11.251573,35.190586,20.924171,-6.854533,-6.1498113,-19.673742,-27.602718,29.521545,20.015219,-53.72177,-6.270256,-30.458246,-3.5785651,5.6046386,-5.006364,10.264803,-6.21329,0.0,4.5281677,-4.9696417,-20.879478,4.9862666,-10.240104,0.0
281,-0.6983596086502075,4.342170715332031,105.88421630859375,0.853553341021695,-0.643607118420688,-82.81473777763688,3.776801,-1.7433869,5.437625,-1.7954959,9.680413,27.40612,27.013805,-11.278918,35.19306,20.868217,-6.8594346,-6.1357636,-20.480268,-27.623556,29.777134,21.073957,-53.455303,-6.4368143,-30.126474,-3.7297816,5.6489167,-5.280136,10.366054,-6.2116666,0.0,4.549935,-4.883497,-21.107115,4.97841,-10.263563,0.0
282,-0.7418453693389893,4.358942985534668,105.87835693359375,0.8273789660326473,-0.6285314636203896,-82.57576051119742,3.9347878,-1.7343951,5.468693,-1.9261098,9.515908,27.357801,26.996937,-11.292416,35.19322,20.756433,-6.859996,-6.1313457,-21.222326,-27.639395,30.008167,22.112913,-53.192314,-6.6046486,-29.766869,-3.8909101,5.6848626,-5.565497,10.475444,-6.214227,0.0,4.5647836,-4.8057575,-21.341455,4.9814124,-10.292443,0.0
283,-0.7714832425117493,4.366133213043213,105.8724365234375,0.8001383789888271,-0.6105990593515699,-82.32689875528152,4.088588,-1.7297759,5.4985647,-2.051031,9.336025,27.310648,26.979942,-11.301412,35.1878,20.634916,-6.85458,-6.132368,-21.908628,-27.670527,30.233093,23.119946,-52.94047,-6.7670403,-29.403006,-4.0632386,5.7117004,-5.8638306,10.607456,-6.2320824,0.0,4.5895457,-4.7327495,-21.587639,4.978123,-10.323923,0.0
284,-0.8163673877716064,4.36232852935791,105.8665771484375,0.7731370333986956,-0.59175595584778,-82.06678212486284,4.232551,-1.7283963,5.5280414,-2.164961,9.14608,27.273201,26.968235,-11.302754,35.169624,20.561354,-6.8456964,-6.137254,-22.42978,-27.726725,30.404917,23.985586,-52.77554,-6.9059176,-29.05512,-4.217734,5.7482314,-6.1676927,10.708231,-6.2391105,0.0,4.6205707,-4.647602,-21.845903,4.9764514,-10.367307,0.0
285,-0.8692430257797241,4.365176200866699,105.8592529296875,0.744585244992744,-0.5710635008336837,-81.79511076053264,4.3671746,-1.7318572,5.556159,-2.249153,8.962446,27.248928,26.964542,-11.295185,35.13209,20.56471,-6.829311,-6.1488924,-22.752895,-27.80002,30.503643,24.685143,-52.735954,-7.015552,-28.719275,-4.386988,5.788544,-6.4872613,10.816107,-6.243765,0.0,4.6461487,-4.5547423,-22.11313,4.9748464,-10.40949,0.0
286,-0.9297751188278198,4.375124454498291,105.85193634033203,0.7139535659189964,-0.5479084534940984,-81.51280354850044,4.4946465,-1.7406232,5.584731,-2.2812793,8.861994,27.235607,26.964907,-11.288326,35.071808,20.605488,-6.80119,-6.154576,-22.91941,-27.859896,30.532825,25.207699,-52.868748,-7.0390544,-28.421509,-4.5624638,5.833648,-6.8186584,10.913523,-6.2369103,0.0,4.6631293,-4.454468,-22.387695,4.974941,-10.449776,0.0
287,-0.9745160937309265,4.386231899261475,105.84437561035156,0.6855728630534416,-0.5246237253168728,-81.21966508194366,4.612402,-1.751538,5.6114187,-2.3291552,8.716421,27.225649,26.965961,-11.278643,35.015553,20.64866,-6.775158,-6.1638646,-23.039324,-27.918034,30.560307,25.788029,-52.964695,-7.1191792,-28.12476,-4.7533107,5.863073,-7.1648264,11.035402,-6.240385,0.0,4.684744,-4.3661146,-22.674082,4.971492,-10.486316,0.0
288,-1.0058261156082153,4.39724588394165,105.83740234375,0.6575927185221535,-0.5033848152938872,-80.9156299111292,4.7169814,-1.7611707,5.641886,-2.3909428,8.544729,27.214617,26.966099,-11.264459,34.964638,20.655634,-6.7570834,-6.1679254,-23.172743,-27.996233,30.59499,26.361786,-53.064487,-7.1905813,-27.848755,-4.9507823,5.8805056,-7.523267,11.171828,-6.24985,0.0,4.71614,-4.2846136,-22.974154,4.9605255,-10.519016,0.0
289,-1.052179217338562,4.406645774841309,105.82892608642578,0.631451979776999,-0.48566319617590903,-80.59530263826386,4.8021913,-1.7698638,5.679445,-2.4664664,8.358446,27.195107,26.962685,-11.243048,34.925835,20.603065,-6.752119,-6.1636105,-23.413517,-28.143822,30.676476,26.983822,-53.153038,-7.2709923,-27.579636,-5.143399,5.9021482,-7.8974247,11.298026,-6.2533417,0.0,4.7478986,-4.196263,-23.291384,4.963216,-10.564267,0.0
290,-1.1099845170974731,4.407342433929443,105.81961059570312,0.6094254349658494,-0.47050456580993194,-80.26052369959814,4.869939,-1.7787582,5.718258,-2.7067664,7.878762,27.153091,26.949306,-11.201282,34.935783,20.528519,-6.7808948,-6.177741,-23.937733,-28.38127,31.076618,27.947426,-52.826237,-7.452952,-27.37203,-5.3207636,5.9255295,-8.281105,11.401654,-6.247951,0.0,4.797762,-4.0994663,-23.62855,4.951996,-10.61328,0.0
291,-1.1565086841583252,4.413188457489014,105.81080627441406,0.5870591597757377,-0.45486436931363733,-79.92229983570282,4.9311957,-1.7849228,5.7617292,-2.8082263,7.67102,27.08422,26.92975,-11.189034,34.962467,20.43879,-6.797632,-6.165944,-24.768469,-28.468864,31.559856,29.171692,-52.581863,-7.6080174,-27.224785,-5.5090833,5.938938,-8.670986,11.519486,-6.246792,0.0,4.8376236,-4.013058,-23.965393,4.954225,-10.6633415,0.0
292,-1.2004544734954834,4.415014743804932,105.80133056640625,0.5645958969614424,-0.43691279411856615,-79.59130563605108,4.999225,-1.7850986,5.80161,-2.9119883,7.4632545,27.0261,26.909842,-11.172605,34.98052,20.378382,-6.8071127,-6.16042,-25.438204,-28.484062,31.938768,30.283144,-52.366756,-7.757181,-27.112965,-5.6966934,5.9505157,-9.053383,11.639613,-6.2502227,0.0,4.8789096,-3.9265437,-24.294296,4.950338,-10.711643,0.0
293,-1.2440325021743774,4.413441181182861,105.79164123535156,0.5401623851427326,-0.4169893924640633,-79.26859522130063,5.0766478,-1.7733219,5.8394356,-3.020062,7.2502265,26.97623,26.885746,-11.145187,34.98801,20.370632,-6.807467,-6.1680484,-25.977413,-28.505472,32.271713,31.26007,-52.02326,-7.903635,-27.025105,-5.880692,5.9645333,-9.426402,11.756751,-6.2559204,0.0,4.9194994,-3.836772,-24.61315,4.9427943,-10.759105,0.0
294,-1.2982029914855957,4.410141944885254,105.78221130371094,0.5148997979161481,-0.39594110834796825,-78.94916759423914,5.1575503,-1.752997,5.876129,-3.1322842,7.0341187,26.932257,26.859535,-11.112269,34.988056,20.390867,-6.8015485,-6.1824007,-26.406477,-28.539457,32.569324,32.12622,-51.592598,-8.04582,-26.962576,-6.053355,5.987051,-9.79244,11.850383,-6.2508526,0.0,4.9566264,-3.7386212,-24.926464,4.9361567,-10.80986,0.0
295,-1.3494234085083008,4.408033847808838,105.7740707397461,0.4913922266463041,-0.37222655834731605,-78.6338770382564,5.2403255,-1.731948,5.909703,-3.2513273,6.815684,26.89605,26.831856,-11.078917,34.987965,20.412474,-6.794758,-6.197137,-26.73259,-28.585108,32.81533,32.89957,-51.184753,-8.195245,-26.948727,-6.2218804,6.005549,-10.152963,11.931501,-6.2400475,0.0,4.98246,-3.647731,-25.232141,4.9418344,-10.86354,0.0
296,-1.3900564908981323,4.404492378234863,105.76718139648438,0.4722456696046762,-0.3447087465252096,-78.32429724064696,5.325607,-1.720287,5.9367805,-3.295194,6.7247844,26.894085,26.828005,-11.072591,34.957928,20.380703,-6.779377,-6.1942024,-26.746033,-28.594067,32.842644,33.409317,-51.073914,-8.2988,-26.986277,-6.385751,6.012635,-10.505177,12.002874,-6.2250943,0.0,5.008304,-3.5676923,-25.532114,4.939064,-10.910306,0.0
297,-1.42949640750885,4.3978047370910645,105.75871276855469,0.45819035147032106,-0.3095262955179453,-78.01773286846854,5.4098587,-1.7176977,5.955171,-3.3737245,6.5841627,26.892328,26.822128,-11.066773,34.945583,20.317448,-6.7715054,-6.1925235,-26.760504,-28.61312,32.86765,33.954502,-51.051754,-8.451935,-27.139303,-6.5568204,6.011669,-10.856502,12.0758295,-6.2112317,0.0,5.026977,-3.4941542,-25.827122,4.9346724,-10.956086,0.0
298,-1.4602584838867188,4.3818769454956055,105.75120544433594,0.44791525665474924,-0.2687388436855433,-77.71498892033185,5.494854,-1.7203223,5.967727,-3.4788344,6.40953,26.890848,26.814869,-11.0655365,34.94438,20.233452,-6.7674165,-6.1897783,-26.775797,-28.64019,32.88534,34.51705,-51.088333,-8.643908,-27.38329,-6.7191215,6.0026093,-11.200431,12.134767,-6.1956544,0.0,5.044193,-3.4301403,-26.117271,4.932086,-11.005437,0.0
299,-1.5033469200134277,4.372979640960693,105.7449722290039,0.4397713737296361,-0.2289244627630914,-77.41916327734042,5.578736,-1.7241042,5.980077,-3.6021085,6.2144957,26.889727,26.806362,-11.068858,34.954735,20.135483,-6.7647333,-6.184555,-26.791597,-28.673767,32.89727,35.08186,-51.176865,-8.855668,-27.666155,-6.863429,6.0009737,-11.531587,12.153779,-6.1569552,0.0,5.0552273,-3.3614902,-26.399956,4.926882,-11.049707,0.0
300,-1.5497117042541504,4.371105194091797,105.73938751220703,0.4307068140847234,-0.1965118721838374,-77.13317599021529,5.659574,-1.7245965,5.9976535,-3.7350862,6.0103025,26.889053,26.79621,-11.0736265,34.978287,20.032133,-6.762522,-6.1770806,-26.807726,-28.713066,32.909096,35.631557,-51.311234,-9.062889,-27.935596,-6.996413,6.003079,-11.850157,12.164772,-6.1134,0.0,5.0693073,-3.2904172,-26.675344,4.918436,-11.088253,0.0
301,-1.5837596654891968,4.349554061889648,105.73287200927734,0.41845200311047226,-0.17444868996657645,-76.85711047063482,5.738169,-1.718377,6.0237055,-3.8713155,5.8044443,26.888882,26.784288,-11.077806,35.013023,19.913666,-6.759799,-6.16728,-26.82332,-28.756706,32.92696,36.162685,-51.481762,-9.269176,-28.108448,-7.115615,6.003157,-12.157027,12.207897,-6.1036444,0.0,5.1038017,-3.2230887,-26.947056,4.9223804,-11.145296,0.0
302,-1.6123530864715576,4.328660488128662,105.72600555419922,0.4044231009565521,-0.15904941352943047,-76.58941131988519,5.815045,-1.708588,6.0546646,-4.0083995,5.599578,26.889292,26.770418,-11.080848,35.05956,19.780626,-6.7580447,-6.1564417,-26.838062,-28.803959,32.950924,36.676643,-51.691124,-9.475148,-28.224457,-7.2298374,6.0016556,-12.455085,12.263116,-6.103076,0.0,5.1489744,-3.1556118,-27.214663,4.9184084,-11.197344,0.0
303,-1.649942398071289,4.323258399963379,105.72030639648438,0.39307444740844866,-0.14622043416893793,-76.3314647804172,5.887579,-1.7002916,6.0857496,-4.145367,5.3988886,26.890522,26.754059,-11.0823,35.12029,19.658054,-6.758595,-6.147914,-26.853024,-28.856121,32.97808,37.170456,-51.949577,-9.655287,-28.429731,-7.333695,6.003403,-12.739855,12.288883,-6.0800385,0.0,5.1835666,-3.0888093,-27.47144,4.9128203,-11.238241,0.0
304,-1.6918374300003052,4.315384387969971,105.71403503417969,0.38782651104454074,-0.13147818745517204,-76.08451370351483,5.953181,-1.698599,6.1123614,-4.282098,5.204135,26.892809,26.735624,-11.082939,35.19617,19.571589,-6.760997,-6.144352,-26.868328,-28.913097,33.00535,37.64542,-52.269566,-9.785016,-28.879822,-7.426765,6.0031204,-13.010054,12.296985,-6.0499153,0.0,5.212206,-3.0285478,-27.716393,4.9120917,-11.2815275,0.0
305,-1.7170392274856567,4.296597957611084,105.70912170410156,0.3897299158208976,-0.11432332794114136,-75.84449340230395,6.0110307,-1.7078813,6.133154,-4.421132,5.017127,26.89575,26.717194,-11.081669,35.29017,19.545671,-6.7657185,-6.148554,-26.88109,-28.969303,33.036552,38.113453,-52.730503,-9.822725,-29.71337,-7.507837,5.986976,-13.268269,12.299842,-6.023991,0.0,5.248891,-2.9855947,-27.956928,4.907072,-11.325058,0.0
306,-1.7399933338165283,4.2785964012146,105.70507049560547,0.3970108626685225,-0.09694519405131563,-75.61184688607678,6.0620265,-1.7227118,6.1511636,-4.695808,4.6840024,26.902958,26.683575,-11.072542,35.41358,19.578024,-6.784498,-6.1522746,-26.901365,-29.072828,33.11396,38.658268,-53.331352,-9.822366,-31.008324,-7.579447,5.964909,-13.515571,12.288297,-5.9907665,0.0,5.282279,-2.9522862,-28.190273,4.9041677,-11.366667,0.0
307,-1.7703666687011719,4.268111228942871,105.70159149169922,0.4079556227417663,-0.07904693887012605,-75.39578423156948,6.1084948,-1.7392484,6.1669683,-4.8743124,4.4737906,26.91219,26.65164,-11.059362,35.536564,19.614582,-6.7978306,-6.162799,-26.918346,-29.167065,33.180542,39.10503,-53.844723,-9.7807045,-32.241802,-7.638857,5.946396,-13.741768,12.249504,-5.941072,0.0,5.3087816,-2.919825,-28.40668,4.8942113,-11.3983345,0.0
308,-1.81155526638031,4.258903503417969,105.69834899902344,0.4203956170151622,-0.06011742392346305,-75.20444047282113,6.1515007,-1.7484707,6.182044,-5.046085,4.259109,26.934893,26.59862,-11.03361,35.667423,19.632631,-6.8199453,-6.167662,-26.943977,-29.304436,33.22397,39.4974,-54.15001,-9.843096,-33.306705,-7.681337,5.9385757,-13.938213,12.182891,-5.8798566,0.0,5.319299,-2.8884795,-28.595333,4.8983884,-11.434184,0.0
309,-1.8326530456542969,4.245894432067871,105.6972885131836,0.43450954699440564,-0.03765079068483069,-75.04263593537186,6.1894665,-1.7493681,6.1955385,-5.1415315,4.098664,26.986547,26.518171,-10.972789,35.777042,19.64087,-6.8479185,-6.152413,-26.972128,-29.467453,33.172302,39.808685,-54.16351,-10.113321,-34.10438,-7.7151318,5.9212713,-14.101048,12.118588,-5.8266606,0.0,5.3317633,-2.8714743,-28.756952,4.8895636,-11.457642,0.0
310,-1.84951651096344,4.230344295501709,105.69807434082031,0.45151003210288543,-0.01259771461215398,-74.90512336631171,6.2224917,-1.7470497,6.2059956,-5.190285,3.9728413,27.111454,26.441065,-10.889138,35.83029,19.612831,-6.8792033,-6.1280413,-26.984123,-29.552238,32.994095,40.11774,-54.13303,-10.479088,-34.80188,-7.7333694,5.903879,-14.233666,12.035277,-5.767996,0.0,5.3375444,-2.863508,-28.893873,4.8832545,-11.479618,0.0
311,-1.8713327646255493,4.215844631195068,105.696533203125,0.46814581401124444,0.010151296680714286,-74.78492703820916,6.253976,-1.7437197,6.215574,-5.2354074,3.852264,27.277782,26.390415,-10.806876,35.84717,19.563057,-6.903516,-6.1121063,-26.96753,-29.53972,32.74767,40.418457,-54.140022,-10.854661,-35.42061,-7.7515173,5.890678,-14.351295,11.9633875,-5.718614,0.0,5.334288,-2.857596,-29.011848,4.8918486,-11.50663,0.0
312,-1.8925575017929077,4.201905250549316,105.69654846191406,0.481435692279801,0.025622116157485247,-74.67503233726949,6.28735,-1.7392291,6.2276196,-5.2999015,3.727914,27.440516,26.349195,-10.73715,35.87353,19.540026,-6.9136257,-6.1198535,-26.939802,-29.523516,32.508347,40.67486,-54.187824,-11.200969,-35.952297,-7.754287,5.8841934,-14.455173,11.884221,-5.6676607,0.0,5.3418965,-2.8463113,-29.12204,4.8914537,-11.52941,0.0
313,-1.9177029132843018,4.184955596923828,105.695556640625,0.4900305854157944,0.030004874880851566,-74.57176971083612,6.326016,-1.7326919,6.245867,-5.3971486,3.5941396,27.5878,26.31848,-10.685778,35.91587,19.566597,-6.900069,-6.1655116,-26.908327,-29.515745,32.264057,40.883713,-54.278442,-11.523589,-36.37539,-7.748617,5.886161,-14.553466,11.821284,-5.629927,0.0,5.3637133,-2.8258312,-29.228386,4.8904495,-11.55649,0.0
314,-1.9381463527679443,4.170863628387451,105.69478607177734,0.49540923605077125,0.026864593293281214,-74.47941437492246,6.367204,-1.723407,6.2677913,-5.5123615,3.456556,27.71137,26.292774,-10.651148,35.986965,19.62276,-6.873331,-6.237594,-26.878675,-29.509592,32.004257,41.054348,-54.367855,-11.853519,-36.692207,-7.7408423,5.888623,-14.642274,11.7762165,-5.6025577,0.0,5.3918695,-2.8057246,-29.325201,4.8894033,-11.581344,0.0
315,-1.9595921039581299,4.161457538604736,105.69216918945312,0.49955626230924455,0.022093087443592844,-74.40324818080751,6.405449,-1.7136364,6.287949,-5.626408,3.3224099,27.853878,26.26727,-10.616527,36.052345,19.679375,-6.843596,-6.309769,-26.844933,-29.512197,31.781422,41.183735,-54.448006,-12.166547,-36.94366,-7.739864,5.8922124,-14.718261,11.750574,-5.5848527,0.0,5.415073,-2.7864358,-29.405127,4.8897004,-11.602323,0.0
316,-1.9744786024093628,4.15634298324585,105.69281768798828,0.5035136337966042,0.02166710592850086,-74.34831141965937,6.4353995,-1.705097,6.3010077,-5.720294,3.2011857,27.989641,26.235428,-10.587582,36.14864,19.700092,-6.831255,-6.3602467,-26.821283,-29.532446,31.66135,41.285152,-54.49949,-12.442533,-37.170277,-7.729974,5.89651,-14.7688,11.705314,-5.5574,0.0,5.4261465,-2.774902,-29.461958,4.8903303,-11.615094,0.0
317,-1.9894824028015137,4.152103424072266,105.69208526611328,0.5080952053389249,0.030053495935066402,-74.31784296371234,6.4542236,-1.6999496,6.301957,-5.7846007,3.0957093,28.11473,26.193003,-10.5595,36.287453,19.667343,-6.8417726,-6.3809237,-26.812563,-29.571959,31.669601,41.358356,-54.535976,-12.66394,-37.36671,-7.7301207,5.90151,-14.797336,11.669395,-5.5364127,0.0,5.421734,-2.7668834,-29.491905,4.8903966,-11.622656,0.0
318,-2.0033650398254395,4.148252010345459,105.69322204589844,0.5123490839637883,0.04310103317541909,-74.30840010495447,6.465126,-1.6964477,6.2946053,-5.830891,3.0009308,28.270424,26.1427,-10.520141,36.419205,19.608793,-6.8604183,-6.3825927,-26.818335,-29.633402,31.775507,41.40011,-54.550404,-12.849242,-37.51476,-7.7203317,5.911346,-14.80105,11.613389,-5.5078096,0.0,5.406421,-2.7621357,-29.499094,4.8915124,-11.626179,0.0
319,-2.0045602321624756,4.138266563415527,105.6947021484375,0.515566591163298,0.05391871031033119,-74.31556860324567,6.4718356,-1.691262,6.287618,-5.8717384,2.914278,28.43733,26.094843,-10.491936,36.5508,19.539406,-6.8840137,-6.3747244,-26.84062,-29.703285,31.948496,41.428875,-54.516014,-13.027328,-37.639423,-7.7095075,5.915543,-14.7884655,11.58164,-5.4980383,0.0,5.3976674,-2.7645793,-29.491789,4.891863,-11.629582,0.0
320,-2.019880533218384,4.131418228149414,105.69528198242188,0.5174337355689186,0.055384084380905446,-74.33504543714274,6.478121,-1.6806604,6.2896056,-5.91973,2.8321424,28.584362,26.057577,-10.502787,36.700768,19.473751,-6.909039,-6.3653507,-26.871943,-29.767859,32.15257,41.454563,-54.408707,-13.225598,-37.764492,-7.6821737,5.9325323,-14.760438,11.538554,-5.48343,0.0,5.3930492,-2.7580192,-29.47367,4.8938336,-11.634612,0.0
321,-2.03535795211792,4.127392768859863,105.69560241699219,0.5182712029199814,0.041970832561153984,-74.36659497178955,6.482776,-1.6636411,6.3065734,-5.9801273,2.7551165,28.698755,26.031713,-10.565787,36.890804,19.409834,-6.9428387,-6.348703,-26.903538,-29.826221,32.388756,41.46175,-54.203667,-13.444544,-37.876236,-7.639085,5.9514875,-14.717037,11.504695,-5.475281,0.0,5.405724,-2.7499115,-29.448215,4.8904915,-11.636647,0.0
322,-2.0522167682647705,4.124156475067139,105.69483947753906,0.5181216504595377,0.018677201023990807,-74.41226705754299,6.484405,-1.6420346,6.3327394,-6.045409,2.6849897,28.806765,26.012589,-10.660449,37.10078,19.344707,-6.984323,-6.3254848,-26.939949,-29.88918,32.66177,41.44676,-53.927982,-13.677912,-37.96265,-7.5865026,5.9730954,-14.658176,11.482744,-5.475866,0.0,5.4224906,-2.7437975,-29.409721,4.897769,-11.643865,0.0
323,-2.0651094913482666,4.121150970458984,105.69525146484375,0.5160255306794358,-0.005625321144196684,-74.47089813686162,6.4871774,-1.6174339,6.358857,-6.109531,2.6193676,28.89382,25.998247,-10.767704,37.306274,19.292439,-7.017858,-6.31144,-26.974009,-29.946568,32.952736,41.43052,-53.621002,-13.9274645,-38.060993,-7.528371,5.996548,-14.585541,11.460597,-5.4786305,0.0,5.4401855,-2.7382808,-29.35916,4.901374,-11.646921,0.0
324,-2.0600955486297607,4.115608215332031,105.69678497314453,0.5109928741071844,-0.022050928654476026,-74.54110297230312,6.4944487,-1.5907133,6.3748484,-6.167076,2.5561967,29.004288,25.985064,-10.879416,37.50185,19.25644,-7.045639,-6.3154054,-27.02566,-30.015558,33.248543,41.4327,-53.338425,-14.19409,-38.207455,-7.4871025,6.0113807,-14.507246,11.467253,-5.498757,0.0,5.456737,-2.7384062,-29.29757,4.8921413,-11.639595,0.0
325,-2.0644237995147705,4.110096454620361,105.69705963134766,0.5032498022463047,-0.026560947919537014,-74.62603291650075,6.509182,-1.5634124,6.375879,-6.2124386,2.4970665,29.123535,25.974894,-10.972972,37.680866,19.257608,-7.0690904,-6.363223,-27.091808,-30.099129,33.557,41.45224,-53.10086,-14.4633465,-38.410603,-7.46041,6.0360603,-14.421192,11.476784,-5.521687,0.0,5.443257,-2.7368083,-29.21444,4.904791,-11.640773,0.0
326,-2.071072816848755,4.10757303237915,105.69690704345703,0.49270192073088137,-0.024623975021514047,-74.72513480692831,6.5264,-1.5311155,6.368027,-6.2499814,2.439539,29.477274,25.98061,-11.013068,37.55099,19.287012,-7.0207725,-6.3959026,-27.309462,-30.172981,33.983,41.64778,-52.777214,-14.795091,-38.671497,-7.441506,6.066354,-14.324909,11.488169,-5.5450974,0.0,5.4202065,-2.730404,-29.115995,4.909362,-11.633556,0.0
327,-2.0745699405670166,4.104001045227051,105.69831085205078,0.4805033860612675,-0.021222209065361427,-74.83208361306484,6.545402,-1.4990622,6.357831,-6.2873588,2.3849654,29.781519,25.99162,-11.051882,37.50489,19.328714,-7.000981,-6.464462,-27.522266,-30.18691,34.336212,41.85608,-52.542515,-15.1519165,-38.94391,-7.41829,6.0987554,-14.219508,11.494079,-5.567527,0.0,5.3951726,-2.724411,-29.009209,4.9129634,-11.62459,0.0
328,-2.083113670349121,4.10457706451416,105.69851684570312,0.46728969504500056,-0.021517458949261794,-74.94033705138008,6.5622826,-1.4645082,6.353265,-6.332361,2.331401,30.045208,26.00345,-11.106123,37.485058,19.359743,-6.9837475,-6.522897,-27.731195,-30.145092,34.60922,42.091072,-52.320053,-15.59016,-39.21081,-7.398185,6.133868,-14.113616,11.5087,-5.592052,0.0,5.37221,-2.713889,-28.900724,4.9142084,-11.613518,0.0
329,-2.095954418182373,4.107545852661133,105.69740295410156,0.45252616321486905,-0.027670326624692872,-75.04873998107709,6.575146,-1.4288975,6.3565054,-6.3860726,2.2814722,30.27458,26.017992,-11.175363,37.485023,19.366058,-6.969392,-6.561585,-27.948341,-30.129807,34.929806,42.306797,-51.928257,-16.12007,-39.49411,-7.3793693,6.171838,-14.00776,11.535384,-5.6215124,0.0,5.350502,-2.7007735,-28.790585,4.922603,-11.606225,0.0
330,-2.1034927368164062,4.106452465057373,105.69695281982422,0.4358051925778668,-0.0367346773269397,-75.16062147676978,6.5856133,-1.3907318,6.363634,-6.444417,2.2349246,30.474463,26.035122,-11.258714,37.501675,19.358059,-6.9560423,-6.591901,-28.166937,-30.072836,35.19043,42.554634,-51.518394,-16.756172,-39.78551,-7.3577733,6.209379,-13.89742,11.572461,-5.6597524,0.0,5.3381486,-2.6864803,-28.67829,4.925917,-11.598867,0.0
331,-2.113086462020874,4.104257106781006,105.69597625732422,0.4193295712857092,-0.0459781673917626,-75.27615946774756,6.5985804,-1.3516803,6.372613,-6.5092993,2.1855032,30.623325,26.05226,-11.358051,37.555454,19.360909,-6.943357,-6.6254625,-28.362244,-30.055471,35.47328,42.729115,-51.068375,-17.35324,-40.06274,-7.3342047,6.2487,-13.782333,11.608254,-5.697276,0.0,5.3297434,-2.6690614,-28.563364,4.9208097,-11.588273,0.0
332,-2.1149396896362305,4.103961944580078,105.69581604003906,0.4039062594627683,-0.05246411990399244,-75.39578723396731,6.616657,-1.3098286,6.3815894,-6.5807686,2.1266384,30.781595,26.07099,-11.448437,37.581226,19.4043,-6.9217844,-6.671089,-28.597029,-29.988094,35.68075,42.93775,-50.76661,-17.87665,-40.28399,-7.315741,6.281405,-13.665232,11.650105,-5.737966,0.0,5.306955,-2.6645198,-28.441324,4.9370155,-11.583667,0.0
333,-2.1209399700164795,4.110617637634277,105.69670104980469,0.3915359817133751,-0.05520271879636991,-75.52172932072698,6.644189,-1.2653414,6.3903413,-6.662357,2.0530698,30.917795,26.091274,-11.546085,37.611977,19.512867,-6.88902,-6.742144,-28.823229,-29.891537,35.795998,43.108456,-50.643368,-18.276056,-40.448708,-7.2926683,6.3149633,-13.539146,11.667022,-5.759915,0.0,5.278897,-2.6600096,-28.3136,4.940464,-11.567044,0.0
334,-2.1286463737487793,4.111724376678467,105.69635772705078,0.38069324755748796,-0.05574166472520398,-75.65305895651909,6.6783333,-1.2185967,6.399659,-6.75265,1.9694738,31.033642,26.11417,-11.652207,37.645985,19.665136,-6.847342,-6.8291316,-29.044285,-29.799812,35.87922,43.230644,-50.59361,-18.586296,-40.57824,-7.2681108,6.3490415,-13.407706,11.684764,-5.7855616,0.0,5.24902,-2.6566374,-28.180737,4.9472737,-11.554738,0.0
335,-2.136038303375244,4.1154937744140625,105.69690704345703,0.36978261035914195,-0.0555663166511978,-75.78543247946925,6.7129674,-1.1713576,6.4092646,-6.8458486,1.8849658,31.13158,26.134825,-11.751317,37.680866,19.818027,-6.808173,-6.912015,-29.261293,-29.71877,35.95697,43.324448,-50.56774,-18.829042,-40.675125,-7.2396913,6.383952,-13.273387,11.69054,-5.8034244,0.0,5.21682,-2.6536167,-28.046434,4.9525714,-11.539401,0.0
336,-2.140545129776001,4.122129440307617,105.6987533569336,0.3568028745125907,-0.05614640132250297,-75.91462638171639,6.7415524,-1.1246756,6.4182353,-6.9357867,1.808457,31.213587,26.150751,-11.835301,37.711494,19.92108,-6.7798567,-6.96887,-29.470478,-29.62553,36.014347,43.42827,-50.55904,-19.040392,-40.737343,-7.212986,6.41873,-13.142398,11.697621,-5.820752,0.0,5.184762,-2.6498594,-27.914661,4.9576044,-11.522399,0.0
337,-2.1501502990722656,4.1248650550842285,105.69771575927734,0.3406714274588698,-0.05751719933010731,-76.0378772415832,6.761739,-1.0786085,6.426369,-7.020842,1.7412027,31.281012,26.160765,-11.898179,37.739193,19.961914,-6.7686443,-6.9863153,-29.673605,-29.535181,36.07835,43.53035,-50.515877,-19.201029,-40.754196,-7.1977615,6.4577947,-13.021926,11.728396,-5.8525996,0.0,5.155904,-2.637611,-27.788618,4.9636087,-11.510506,0.0
338,-2.158724784851074,4.131861209869385,105.69884490966797,0.32264230676302397,-0.05910231245418837,-76.15775908351787,6.777137,-1.0327724,6.4342213,-7.1042576,1.6789204,31.334738,26.16675,-11.946864,37.762604,19.96508,-6.767776,-6.97814,-29.872042,-29.451887,36.14253,43.619137,-50.462646,-19.303099,-40.729305,-7.1768193,6.4994755,-12.901577,11.741975,-5.872648,0.0,5.1317606,-2.6204667,-27.666859,4.9561405,-11.490134,0.0
339,-2.164649486541748,4.136772632598877,105.69767761230469,0.3044683876233675,-0.061180879598610925,-76.2788988900806,6.79075,-0.98778796,6.4419413,-7.187484,1.621556,31.376934,26.167856,-11.980443,37.77703,19.948042,-6.770087,-6.9651217,-30.067266,-29.376854,36.22046,43.701954,-50.424915,-19.369925,-40.69174,-7.1677675,6.5370226,-12.78554,11.784001,-5.9102073,0.0,5.098229,-2.610705,-27.540808,4.973212,-11.482349,0.0
340,-2.1659181118011475,4.139459609985352,105.69963073730469,0.28800868319654177,-0.06442134583425121,-76.40526135245015,6.8054314,-0.94429696,6.449993,-7.271781,1.5700133,31.410545,26.16429,-12.001117,37.77549,19.924759,-6.766802,-6.967188,-30.260532,-29.306099,36.314747,43.79089,-50.442394,-19.428692,-40.669014,-7.1390634,6.5736985,-12.657065,11.798715,-5.93555,0.0,5.073131,-2.6030695,-27.412016,4.9779863,-11.468494,0.0
341,-2.1651611328125,4.137994766235352,105.69918060302734,0.2735828680518871,-0.06932260627896104,-76.54149180645999,6.8207755,-0.90292877,6.458633,-7.3550854,1.5279669,31.439362,26.150393,-11.9947195,37.757893,19.902964,-6.754841,-6.9969053,-30.45771,-29.252337,36.464184,43.88241,-50.48916,-19.469147,-40.668995,-7.113187,6.606167,-12.521244,11.83391,-5.9748836,0.0,5.0517263,-2.599399,-27.274456,4.9825263,-11.455779,0.0
342,-2.160305976867676,4.142882347106934,105.70170593261719,0.26015250888726016,-0.07545776892491611,-76.68424406231395,6.8355355,-0.86296755,6.4675055,-7.4372945,1.4936936,31.465036,26.12838,-11.964614,37.722584,19.873243,-6.7380524,-7.040753,-30.659584,-29.205242,36.642773,43.981823,-50.57048,-19.48893,-40.675114,-7.0765533,6.636736,-12.375045,11.849457,-6.0017414,0.0,5.0268617,-2.6013474,-27.129704,4.9867954,-11.437035,0.0
343,-2.1620423793792725,4.147367477416992,105.70268249511719,0.24830430435582895,-0.08191007191058858,-76.82571666324752,6.851902,-0.82444906,6.476524,-7.523985,1.4603984,31.48661,26.10762,-11.931456,37.663887,19.831463,-6.72202,-7.0819373,-30.864899,-29.167013,36.83881,44.080345,-50.683258,-19.495138,-40.68821,-7.0404787,6.6689863,-12.230453,11.864584,-6.0280743,0.0,5.0019855,-2.6006408,-26.986357,4.9912496,-11.419975,0.0
344,-2.1652019023895264,4.157287120819092,105.70348358154297,0.2385985209682488,-0.0876561572627305,-76.958207754844,6.872247,-0.7874499,6.485527,-7.6210527,1.418098,31.50165,26.096487,-11.915541,37.578854,19.774603,-6.713315,-7.1039376,-31.069975,-29.140615,37.03741,44.16703,-50.82671,-19.495617,-40.70828,-7.006181,6.6982894,-12.09378,11.869862,-6.044658,0.0,4.9750314,-2.6012704,-26.851686,4.993398,-11.399071,0.0
345,-2.1619749069213867,4.162684917449951,105.7061538696289,0.23228684134551883,-0.09255440472030771,-77.08074499014822,6.900817,-0.75192153,6.49361,-7.7322083,1.3668046,31.508211,26.097652,-11.929663,37.466576,19.684958,-6.7167916,-7.098996,-31.26632,-29.112406,37.198483,44.25005,-51.04294,-19.502466,-40.729862,-6.96234,6.720811,-11.960874,11.857863,-6.053241,0.0,4.9570727,-2.6065724,-26.729486,4.9872766,-11.376972,0.0
346,-2.16082501411438,4.168700218200684,105.70623016357422,0.22851443183794215,-0.0969625358434578,-77.19686961589304,6.9357576,-0.7187516,6.4995384,-7.7780037,1.349484,31.50805,26.09878,-11.934841,37.343807,19.59735,-6.7430577,-7.088148,-31.277025,-29.114182,37.218727,44.153774,-51.37406,-19.477749,-40.731197,-6.9291096,6.7386675,-11.838071,11.860462,-6.068818,0.0,4.929158,-2.6182578,-26.611116,5.002106,-11.365409,0.0
347,-2.1520185470581055,4.171285629272461,105.7104263305664,0.22467521652090852,-0.10090863064495859,-77.3064315536085,6.9690285,-0.6870344,6.507149,-7.853995,1.3172164,31.507391,26.10172,-11.944569,37.18572,19.511782,-6.7616043,-7.065945,-31.28849,-29.119616,37.254368,44.05104,-51.748844,-19.438562,-40.75182,-6.87933,6.7547946,-11.7143955,11.833463,-6.070308,0.0,4.91135,-2.630457,-26.50157,5.0037165,-11.348913,0.0
348,-2.155496835708618,4.174955368041992,105.71334075927734,0.21871058220529255,-0.10432507249062599,-77.4086278996139,6.9925785,-0.6564205,6.51866,-7.948125,1.2735014,31.505978,26.106731,-11.951662,37.001774,19.459398,-6.767307,-7.034381,-31.302267,-29.129137,37.308132,43.936142,-52.12905,-19.39147,-40.787807,-6.834884,6.779686,-11.601324,11.805722,-6.069713,0.0,4.890648,-2.6316702,-26.398045,5.007301,-11.335982,0.0
349,-2.154374122619629,4.1828718185424805,105.71464538574219,0.20785057097252457,-0.10613269582977278,-77.50209719048785,7.0027447,-0.6282659,6.5348396,-8.052205,1.2189511,31.503618,26.113482,-11.946756,36.791054,19.449663,-6.7553062,-6.9974737,-31.318092,-29.142612,37.382442,43.802727,-52.53036,-19.333664,-40.83693,-6.8151455,6.8028235,-11.506566,11.812075,-6.082983,0.0,4.867909,-2.6294103,-26.301716,5.0096474,-11.320338,0.0
350,-2.158202648162842,4.189556121826172,105.71615600585938,0.1943356773215852,-0.10670170314844338,-77.58768619576354,7.004233,-0.6028815,6.554155,-8.162512,1.1552634,31.50013,26.121952,-11.926501,36.553116,19.474775,-6.7328315,-6.9584985,-31.336298,-29.161392,37.48242,43.651318,-52.94866,-19.259087,-40.898956,-6.794729,6.8322678,-11.42025,11.809227,-6.091284,0.0,4.8438945,-2.6200538,-26.212185,5.014742,-11.309031,0.0
351,-2.15867280960083,4.193889141082764,105.71762084960938,0.18065017203615358,-0.10806872231709756,-77.66746059524556,7.001385,-0.57609004,6.5760336,-8.2769985,1.085271,31.49545,26.13235,-11.893969,36.2932,19.53442,-6.712427,-6.919368,-31.356857,-29.18514,37.601948,43.498577,-53.34675,-19.179577,-40.976746,-6.7757635,6.859024,-11.340278,11.811891,-6.1033273,0.0,4.825339,-2.611074,-26.129503,5.0170684,-11.298155,0.0
352,-2.156754493713379,4.198712348937988,105.72001647949219,0.16934448699695664,-0.11226616417680686,-77.74345125253404,6.9988327,-0.5442964,6.5992455,-8.394845,1.0132967,31.48954,26.145119,-11.856556,36.01811,19.626732,-6.706372,-6.878484,-31.37967,-29.212942,37.731697,43.359158,-53.681973,-19.109545,-41.069336,-6.7513914,6.881316,-11.261342,11.809842,-6.1121483,0.0,4.815395,-2.6042316,-26.053019,5.0106015,-11.282961,0.0
353,-2.148655652999878,4.204056262969971,105.72195434570312,0.1609517840453,-0.11987962260280005,-77.815320980962,6.997652,-0.5052941,6.624867,-8.515617,0.9427064,31.482265,26.16138,-11.822607,35.724854,19.77436,-6.722795,-6.829325,-31.404772,-29.245096,37.87095,43.2341,-53.931587,-19.05098,-41.17774,-6.7315536,6.8941145,-11.187832,11.823921,-6.1290536,0.0,4.802716,-2.608977,-25.979351,5.0217466,-11.275958,0.0
354,-2.142094135284424,4.208827495574951,105.72216796875,0.15406778831172768,-0.12999106327753698,-77.88213004762375,6.995467,-0.4610298,6.653084,-8.638772,0.87437034,31.47378,26.18126,-11.794047,35.413685,19.967533,-6.754915,-6.7689605,-31.431114,-29.280651,38.01712,43.11929,-54.121143,-19.003052,-41.298893,-6.7160006,6.904371,-11.12048,11.849933,-6.150909,0.0,4.803667,-2.6095536,-25.914429,5.014181,-11.261667,0.0
355,-2.139171600341797,4.216271877288818,105.72323608398438,0.14870277413567212,-0.14163534711559153,-77.94576632800906,6.9920244,-0.41579175,6.6812687,-8.763728,0.80811083,31.463856,26.204548,-11.768892,35.091747,20.153152,-6.7881985,-6.7012024,-31.45918,-29.31952,38.16387,43.010418,-54.28459,-18.965391,-41.424458,-6.692572,6.915485,-11.053438,11.8594,-6.163333,0.0,4.7999525,-2.6119723,-25.851519,5.0161204,-11.250956,0.0
356,-2.136289119720459,4.220965385437012,105.72232055664062,0.1448690931254716,-0.15398872798111474,-78.00808738339093,6.9871116,-0.3734688,6.707108,-8.889773,0.7427271,31.452477,26.229797,-11.741467,34.76853,20.277496,-6.8098464,-6.6328354,-31.489052,-29.36065,38.299534,42.906303,-54.458084,-18.942554,-41.544266,-6.674046,6.9234486,-10.988866,11.882629,-6.183959,0.0,4.7952156,-2.6178038,-25.789537,5.027239,-11.247159,0.0
357,-2.12302303314209,4.221266269683838,105.72440338134766,0.1426079594375321,-0.1667187620653944,-78.06844564902052,6.980727,-0.33551547,6.7297425,-9.017207,0.6763446,31.439693,26.255869,-11.709011,34.442093,20.312185,-6.8154454,-6.564973,-31.520723,-29.402956,38.411713,42.809895,-54.65467,-18.943295,-41.64645,-6.641599,6.925067,-10.91892,11.888385,-6.197826,0.0,4.800442,-2.6293113,-25.732405,5.029142,-11.240253,0.0
358,-2.1139373779296875,4.22454309463501,105.72515869140625,0.14249374989526892,-0.18033398739426496,-78.12622659526517,6.9729924,-0.29985717,6.750831,-9.146034,0.60846907,31.425476,26.282486,-11.671685,34.107887,20.288523,-6.8104672,-6.4970527,-31.554157,-29.445696,38.49547,42.7216,-54.86502,-18.970198,-41.734158,-6.6128635,6.9251556,-10.851589,11.897448,-6.210667,0.0,4.8056846,-2.6405606,-25.678326,5.0285215,-11.230812,0.0
359,-2.104435920715332,4.23081111907959,105.72598266601562,0.14282413307609995,-0.1952295204851814,-78.18334988014767,6.9638433,-0.26483017,6.7710395,-9.274982,0.5414882,31.40945,26.309246,-11.626226,33.77226,20.246817,-6.798932,-6.433817,-31.589815,-29.48877,38.555813,42.634396,-55.086437,-19.014544,-41.81967,-6.584406,6.923855,-10.78503,11.90634,-6.221688,0.0,4.8095818,-2.6535857,-25.62459,5.03011,-11.220693,0.0
360,-2.0946013927459717,4.234682559967041,105.72571563720703,0.14239958877288877,-0.21187863694508952,-78.24212136298944,6.953015,-0.22885236,6.791358,-9.401683,0.4798501,31.392122,26.335028,-11.567376,33.442142,20.229239,-6.7850084,-6.381564,-31.626062,-29.531746,38.605946,42.540733,-55.314472,-19.061197,-41.920105,-6.557995,6.923001,-10.719639,11.927078,-6.241133,0.0,4.8179107,-2.6651943,-25.570366,5.0304623,-11.211929,0.0
361,-2.0831682682037354,4.238958835601807,105.72740173339844,0.1404922933665998,-0.23149203039520722,-78.30033585283657,6.939866,-0.18996923,6.8129945,-9.52394,0.4279307,31.372885,26.358974,-11.486428,33.11587,20.258095,-6.7685647,-6.3521004,-31.663464,-29.575195,38.655437,42.44423,-55.556896,-19.104391,-42.05882,-6.5229774,6.9241066,-10.654072,11.93823,-6.2568173,0.0,4.829736,-2.675891,-25.517422,5.0307856,-11.203225,0.0
362,-2.074610471725464,4.240281581878662,105.72770690917969,0.1379904063451995,-0.2535098005589253,-78.35783471770503,6.9248047,-0.1497132,6.835113,-9.641325,0.38650253,31.351116,26.380232,-11.3787365,32.793648,20.316526,-6.751478,-6.3446007,-31.702837,-29.61984,38.708847,42.347313,-55.807514,-19.144438,-42.229298,-6.4910603,6.9269137,-10.592279,11.963001,-6.281145,0.0,4.8513713,-2.6809175,-25.467825,5.021054,-11.19291,0.0
363,-2.0620222091674805,4.247917652130127,105.72762298583984,0.13559435496558198,-0.27526493763165105,-78.41937702953513,6.9087644,-0.11064477,6.857463,-9.754586,0.35351008,31.29488,26.409533,-11.240295,32.482647,20.382715,-6.739504,-6.3451633,-31.797894,-29.6942,38.772446,42.24339,-56.041767,-19.18004,-42.40136,-6.468864,6.9255004,-10.530858,12.001656,-6.3106413,0.0,4.8579373,-2.6950524,-25.410137,5.032049,-11.186958,0.0
364,-2.050600528717041,4.252755641937256,105.72675323486328,0.134187678972335,-0.29560778439846147,-78.48980369254396,6.891658,-0.07405591,6.880109,-9.871395,0.32307464,31.139421,26.455868,-11.029484,32.277912,20.430782,-6.744361,-6.416534,-32.04421,-29.851046,38.951626,42.202736,-56.127487,-19.292376,-42.50835,-6.4432883,6.925229,-10.459061,12.038244,-6.3407025,0.0,4.8675756,-2.707773,-25.344849,5.033287,-11.176855,0.0
365,-2.030811309814453,4.253387928009033,105.72876739501953,0.13387662897482125,-0.31145779708650967,-78.5694863750078,6.870219,-0.04241093,6.895063,-10.144509,0.23392217,30.682356,26.458637,-10.855477,32.500263,20.477787,-6.9337463,-6.590347,-32.72351,-29.939316,39.55897,42.60151,-55.70354,-19.48941,-42.634815,-6.4075613,6.9218483,-10.373051,12.0573225,-6.364569,0.0,4.875122,-2.7270005,-25.269968,5.032045,-11.164823,0.0
366,-2.0177624225616455,4.2523345947265625,105.72997283935547,0.13442417487115607,-0.3248847623267243,-78.65602544189159,6.8481965,-0.017163035,6.904037,-10.247545,0.20484659,30.308392,26.454594,-10.86668,32.59272,20.43191,-6.986641,-6.5100956,-33.22753,-29.82317,39.873276,42.91855,-55.654877,-19.573849,-42.7267,-6.369874,6.9228845,-10.279632,12.070581,-6.3858795,0.0,4.881024,-2.7419734,-25.188251,5.024763,-11.150319,0.0
367,-2.023390531539917,4.25700569152832,105.72903442382812,0.13590810028463896,-0.3388054267973724,-78.75041921143114,6.8279333,0.0059851743,6.9108114,-10.345609,0.18232231,29.995928,26.452888,-10.854414,32.63458,20.37483,-7.0338807,-6.4195123,-33.620674,-29.70872,40.10538,43.1253,-55.648914,-19.63748,-42.782536,-6.327133,6.9352365,-10.177883,12.068023,-6.3975987,0.0,4.870075,-2.7517316,-25.094643,5.037587,-11.14422,0.0
368,-2.018927812576294,4.258810043334961,105.73014068603516,0.1377547407323662,-0.35607682421842685,-78.85360169084444,6.812371,0.029351095,6.9192324,-10.434134,0.17154188,29.730186,26.442245,-10.797712,32.64438,20.323795,-7.079349,-6.34662,-33.937283,-29.618584,40.288876,43.23332,-55.665535,-19.701199,-42.79158,-6.2683334,6.943596,-10.0612135,12.054514,-6.407993,0.0,4.870049,-2.7664325,-24.995907,5.039668,-11.132297,0.0
369,-2.00171160697937,4.259662628173828,105.7317886352539,0.14011414550867504,-0.37824415325077027,-78.96816511622954,6.8042717,0.054734144,6.9312816,-10.513702,0.17870128,29.498446,26.414528,-10.682812,32.637547,20.269936,-7.1246867,-6.299428,-34.1983,-29.542599,40.419632,43.26329,-55.70442,-19.77929,-42.731514,-6.204596,6.944069,-9.9314165,12.05488,-6.4300246,0.0,4.876768,-2.7908525,-24.888575,5.040902,-11.117713,0.0
370,-1.985313892364502,4.253351211547852,105.73434448242188,0.14334210228125696,-0.40354578340661956,-79.09265474561494,6.8012853,0.08050715,6.944764,-10.58615,0.19839461,29.29205,26.375322,-10.528823,32.621136,20.208427,-7.1703606,-6.2636957,-34.41878,-29.474607,40.51164,43.23308,-55.75198,-19.865091,-42.615395,-6.1216846,6.9473104,-9.785398,12.040806,-6.451642,0.0,4.8944664,-2.8134334,-24.775213,5.033396,-11.102759,0.0
371,-1.9727674722671509,4.254449367523193,105.73637390136719,0.14664471521219935,-0.4297532002660317,-79.22252431502683,6.7983627,0.10475101,6.957899,-10.648205,0.2207259,29.105774,26.33973,-10.370194,32.593254,20.153536,-7.2134733,-6.2312045,-34.612724,-29.416164,40.595367,43.161556,-55.804718,-19.950146,-42.486824,-6.0425816,6.9519706,-9.635757,12.029011,-6.471386,0.0,4.8972454,-2.8394365,-24.652296,5.045331,-11.092758,0.0
372,-1.9554604291915894,4.260764122009277,105.73921203613281,0.14880862392400873,-0.4548026095812966,-79.35334580816452,6.790465,0.1255035,6.9689827,-10.696307,0.23472288,28.937464,26.321981,-10.239664,32.549404,20.121817,-7.251707,-6.194067,-34.791733,-29.366343,40.69576,43.06804,-55.86368,-20.028091,-42.388935,-5.9697857,6.9541383,-9.486963,12.021641,-6.4894834,0.0,4.9002485,-2.8657107,-24.528114,5.046776,-11.0729685,0.0
373,-1.9452402591705322,4.264493465423584,105.7405014038086,0.14994711526383336,-0.4772980661550016,-79.48532099222905,6.7756743,0.14160874,6.9730206,-10.705154,0.23825328,28.92957,26.32537,-10.196592,32.35317,20.097082,-7.24561,-6.0649905,-34.800316,-29.365448,40.714222,42.805367,-55.99262,-20.0805,-42.330658,-5.8999095,6.961996,-9.338789,12.015195,-6.508424,0.0,4.902019,-2.8849401,-24.4014,5.045012,-11.053908,0.0
374,-1.9245809316635132,4.25932502746582,105.74205017089844,0.15051209868972884,-0.49881208425805024,-79.62086268898022,6.7562666,0.15372616,6.9756145,-10.711291,0.2405201,28.920347,26.333355,-10.13516,32.15264,20.113665,-7.238308,-5.956071,-34.811134,-29.365198,40.74803,42.529865,-56.131657,-20.138113,-42.286312,-5.8297186,6.96482,-9.187437,12.021356,-6.539323,0.0,4.9064255,-2.910616,-24.27055,5.0495157,-11.041852,0.0
375,-1.9114539623260498,4.250669002532959,105.74491882324219,0.1509764373549268,-0.521230238933811,-79.75697751257604,6.7357593,0.16442968,6.978973,-10.716755,0.24021728,28.910091,26.345991,-10.064319,31.958658,20.159376,-7.236916,-5.873982,-34.824215,-29.365791,40.795948,42.249252,-56.270737,-20.18872,-42.246243,-5.74285,6.9748774,-9.02977,12.000666,-6.5583663,0.0,4.9182343,-2.9282017,-24.141321,5.0434217,-11.02818,0.0
376,-1.9100285768508911,4.253684043884277,105.74669647216797,0.15009204981562674,-0.5460210616166398,-79.89110977079231,6.717909,0.17558488,6.9867454,-10.73193,0.23689133,28.898767,26.362684,-9.986342,31.770332,20.221476,-7.2398343,-5.8241205,-34.83973,-29.367579,40.852783,41.964367,-56.407524,-20.218946,-42.191383,-5.66306,6.991463,-8.877726,11.980815,-6.5721445,0.0,4.914656,-2.9417877,-24.010557,5.055954,-11.018533,0.0
377,-1.8976953029632568,4.2528581619262695,105.74897766113281,0.14990532851478253,-0.5752421804120459,-80.0255735264833,6.7058425,0.18953037,7.000459,-10.769109,0.23027334,28.886364,26.382769,-9.90252,31.585993,20.302227,-7.2460747,-5.8176856,-34.85777,-29.371325,40.91683,41.675945,-56.550552,-20.2186,-42.11541,-5.578031,7.000803,-8.723326,11.969581,-6.5942535,0.0,4.927155,-2.9600072,-23.88485,5.0553713,-11.003933,0.0
378,-1.8771456480026245,4.2516093254089355,105.74966430664062,0.14810783906136632,-0.6073730647655403,-80.16070680243611,6.6969204,0.20442365,7.018184,-10.829884,0.2198187,28.872885,26.406317,-9.815744,31.405788,20.404154,-7.254836,-5.8465734,-34.878418,-29.377659,40.988888,41.381416,-56.698734,-20.196257,-42.025238,-5.503071,7.0050783,-8.572508,11.987194,-6.6326604,0.0,4.941825,-2.982823,-23.759245,5.060009,-10.991466,0.0
379,-1.8633074760437012,4.25224494934082,105.75152587890625,0.145452353207668,-0.639449634855274,-80.29090473855105,6.68607,0.21709749,7.037438,-10.906482,0.20555963,28.858374,26.433222,-9.72685,31.232565,20.517313,-7.2661366,-5.8882284,-34.901684,-29.386208,41.06448,41.076283,-56.834255,-20.172152,-41.919506,-5.421793,7.015084,-8.424301,11.985746,-6.659395,0.0,4.956108,-2.9993389,-23.638573,5.062484,-10.978397,0.0
380,-1.8598135709762573,4.26060676574707,105.75211334228516,0.13954569123209776,-0.6680709484611368,-80.41042354092352,6.6678805,0.22439472,7.05521,-10.985364,0.18779789,28.842903,26.463966,-9.63733,31.06681,20.62966,-7.2777796,-5.919414,-34.927265,-29.395462,41.134556,40.756615,-56.939102,-20.169846,-41.794617,-5.3576593,7.032662,-8.292434,11.990013,-6.681257,0.0,4.961777,-3.004872,-23.525646,5.064497,-10.963044,0.0
381,-1.856926441192627,4.265462398529053,105.75212097167969,0.13008579214414992,-0.6927634685305807,-80.51767231016586,6.6404314,0.22511318,7.0726824,-11.053795,0.1679202,28.82649,26.498917,-9.54832,30.90874,20.726858,-7.2925177,-5.9351964,-34.9551,-29.403887,41.188755,40.417576,-57.015427,-20.205544,-41.640553,-5.3078203,7.0532007,-8.177667,12.008473,-6.7095537,0.0,4.966952,-3.0040855,-23.42364,5.0665946,-10.951296,0.0
382,-1.8538521528244019,4.265262603759766,105.7529296875,0.11886461500299877,-0.7150544057195102,-80.61568548114377,6.606613,0.22106673,7.090644,-11.109324,0.14583583,28.809092,26.538565,-9.461526,30.757156,20.815735,-7.3091235,-5.9447527,-34.985104,-29.410383,41.22185,40.064487,-57.076233,-20.272202,-41.45756,-5.260868,7.075598,-8.072896,12.0274315,-6.7392974,0.0,4.9735737,-3.0000205,-23.330366,5.0702934,-10.9446745,0.0
383,-1.8492188453674316,4.26939058303833,105.75299072265625,0.10482245346568383,-0.7352084001653045,-80.70580226777551,6.569106,0.21328731,7.10632,-11.156288,0.12043492,28.790886,26.582634,-9.376707,30.615168,20.920742,-7.3239703,-5.9465575,-35.016884,-29.415054,41.239315,39.70504,-57.118702,-20.350033,-41.257572,-5.2332444,7.0977254,-7.9821444,12.067761,-6.7748327,0.0,4.97758,-2.9928226,-23.243912,5.070992,-10.934286,0.0
384,-1.8501652479171753,4.280838489532471,105.7514877319336,0.08939591740132366,-0.7534564265001877,-80.7893683605644,6.5301466,0.20274812,7.1171207,-11.20318,0.08931651,28.771912,26.63102,-9.293832,30.484123,21.066395,-7.331468,-5.938969,-35.050106,-29.41838,41.25116,39.34881,-57.138588,-20.417217,-41.05689,-5.2202644,7.122736,-7.902069,12.117007,-6.8076677,0.0,4.9726644,-2.9815562,-23.161484,5.0757217,-10.922634,0.0
385,-1.8431164026260376,4.286862850189209,105.75018310546875,0.06888168829772404,-0.7662769873300969,-80.86795196553943,6.489306,0.18618442,7.11752,-11.257833,0.049759652,28.752216,26.684143,-9.213334,30.364765,21.290848,-7.325452,-5.9151444,-35.08441,-29.42128,41.27205,38.996983,-57.131203,-20.47135,-40.87471,-5.2184305,7.148117,-7.8296146,12.1791115,-6.846433,0.0,4.967469,-2.9677413,-23.083483,5.0786853,-10.91269,0.0
386,-1.839345932006836,4.286938667297363,105.74816131591797,0.048089958821201255,-0.7751325708422169,-80.94011974181537,6.445719,0.16424261,7.110518,-11.321577,0.001826812,28.732037,26.741669,-9.134638,30.25701,21.574577,-7.310694,-5.877225,-35.119446,-29.424276,41.3071,38.64551,-57.095528,-20.513376,-40.70681,-5.2175856,7.176407,-7.762641,12.235963,-6.88252,0.0,4.963533,-2.9495988,-23.012026,5.0790663,-10.906009,0.0
387,-1.8376996517181396,4.293475151062012,105.74623107910156,0.02537569168890202,-0.7861481704301874,-81.00410438242452,6.4009275,0.14356034,7.1058407,-11.391975,-0.054135486,28.71133,26.80284,-9.056908,30.158133,21.851387,-7.2956395,-5.8379884,-35.155323,-29.42741,41.349655,38.29292,-57.027508,-20.527464,-40.52822,-5.220042,7.20686,-7.7040796,12.291401,-6.91299,0.0,4.9612827,-2.9268203,-22.948938,5.0748215,-10.894843,0.0
388,-1.833381175994873,4.2981486320495605,105.74703216552734,0.004437664645785118,-0.8060272612090613,-81.05765784721791,6.3566103,0.13088126,7.113597,-11.46433,-0.11780703,28.690006,26.86624,-8.978596,30.066122,22.052618,-7.2899256,-5.8113174,-35.1923,-29.430685,41.386322,37.934452,-56.926567,-20.49907,-40.307278,-5.2043033,7.2339134,-7.6505175,12.332139,-6.9410095,0.0,4.966162,-2.909838,-22.897236,5.086517,-10.89518,0.0
389,-1.8363898992538452,4.3075714111328125,105.74346923828125,-0.014309398779811895,-0.8413820479461291,-81.09643261750834,6.3143106,0.13429303,7.1429186,-11.535078,-0.19083229,28.66799,26.930273,-8.899333,29.977558,22.138994,-7.3023973,-5.8093925,-35.230415,-29.43364,41.40142,37.56763,-56.783203,-20.413622,-40.01619,-5.1917667,7.2596507,-7.6147647,12.401333,-6.984521,0.0,4.9948225,-2.887671,-22.866264,5.088388,-10.893962,0.0
390,-1.8423266410827637,4.317892551422119,105.7413330078125,-0.033183211578526585,-0.8872371269347913,-81.12292621368245,6.2728353,0.14787431,7.186662,-11.603596,-0.27387947,28.64547,26.994015,-8.8190775,29.894527,22.14958,-7.3266,-5.8240047,-35.26914,-29.436407,41.391193,37.189526,-56.605087,-20.28677,-39.663868,-5.1627455,7.287204,-7.586346,12.456848,-7.022746,0.0,5.042661,-2.8602264,-22.852264,5.0809116,-10.891597,0.0
391,-1.8368529081344604,4.316054344177246,105.73818969726562,-0.04944715904568367,-0.9325498095406376,-81.14487152315856,6.229556,0.15823269,7.2294645,-11.6699295,-0.36243355,28.621506,27.058434,-8.73569,29.824509,22.137836,-7.349779,-5.837067,-35.309807,-29.43894,41.35797,36.803963,-56.424423,-20.15589,-39.283833,-5.137514,7.30416,-7.564392,12.533749,-7.0802937,0.0,5.0962586,-2.8436298,-22.843422,5.08247,-10.900061,0.0
392,-1.8320043087005615,4.324050426483154,105.73595428466797,-0.060774264019100584,-0.9669278625339903,-81.17009778581567,6.182394,0.15171875,7.2559853,-11.73446,-0.44904408,28.597927,27.12098,-8.64495,29.778732,22.159512,-7.3626156,-5.8311462,-35.349422,-29.44117,41.310417,36.417747,-56.27066,-20.058159,-38.914474,-5.12331,7.3150682,-7.5396557,12.594249,-7.119279,0.0,5.129841,-2.8343275,-22.826494,5.0817785,-10.898356,0.0
393,-1.833020567893982,4.328161239624023,105.73406219482422,-0.0655265154947059,-0.9849544175656718,-81.20002571592053,6.129535,0.11935535,7.259772,-11.798289,-0.5257697,28.573948,27.182007,-8.539307,29.76041,22.25696,-7.362525,-5.796269,-35.389538,-29.442806,41.252182,36.03808,-56.15241,-20.004093,-38.583584,-5.1112967,7.3228784,-7.508412,12.625901,-7.1420603,0.0,5.1386228,-2.8319967,-22.798563,5.0916414,-10.90054,0.0
394,-1.8276399374008179,4.330801010131836,105.73263549804688,-0.06462695866834531,-0.9930110629935567,-81.23078373031449,6.072548,0.07012251,7.2496896,-11.861609,-0.5910888,28.547306,27.243092,-8.415675,29.765345,22.400217,-7.357106,-5.746155,-35.43409,-29.44326,41.182846,35.666336,-56.05656,-19.976402,-38.276188,-5.104627,7.3202167,-7.474753,12.647199,-7.156938,0.0,5.1415124,-2.839297,-22.768618,5.0917907,-10.895446,0.0
395,-1.8201971054077148,4.330752849578857,105.73225402832031,-0.06248698683021558,-0.9978770404052615,-81.2620693732716,6.0143805,0.016977293,7.2345257,-11.923226,-0.64877826,28.506065,27.315739,-8.274993,29.793314,22.535263,-7.351403,-5.6960635,-35.503334,-29.44269,41.108494,35.293983,-55.97338,-19.962835,-37.962013,-5.0941887,7.315845,-7.43847,12.657754,-7.1672354,0.0,5.1429424,-2.8490496,-22.737669,5.0904694,-10.890092,0.0
396,-1.8182588815689087,4.333601474761963,105.73103332519531,-0.06618850571722594,-1.005865167336805,-81.2931778649269,5.9585104,-0.027189543,7.221884,-11.981288,-0.70592386,28.448181,27.397938,-8.124958,29.856497,22.598948,-7.3575854,-5.6648593,-35.602425,-29.441624,41.04378,34.926575,-55.889336,-19.95812,-37.608967,-5.087775,7.321379,-7.4057364,12.6785555,-7.1820807,0.0,5.1445794,-2.8483362,-22.706549,5.0908895,-10.885738,0.0
397,-1.814017415046692,4.335512161254883,105.73052978515625,-0.077074483799576,-1.0187104655319885,-81.32233063173818,5.9067693,-0.056426063,7.2156744,-12.035128,-0.7683905,28.363157,27.494602,-7.967611,29.958727,22.561985,-7.3758183,-5.647979,-35.752827,-29.441994,41.005356,34.56687,-55.779285,-19.951618,-37.187775,-5.082667,7.334279,-7.3779187,12.71387,-7.2065535,0.0,5.153368,-2.8395627,-22.678429,5.0913363,-10.883565,0.0
398,-1.8095784187316895,4.3346099853515625,105.72767639160156,-0.09285661333636065,-1.0331566084724229,-81.35013990683875,5.855353,-0.07799911,7.209487,-12.157856,-0.9469938,28.121365,27.66449,-7.6692944,30.32234,22.398647,-7.5738034,-5.8986382,-36.207603,-29.406002,41.166534,34.53617,-55.415646,-20.070803,-36.634403,-5.0925097,7.35153,-7.359077,12.783802,-7.2507763,0.0,5.165262,-2.8246531,-22.651588,5.0940485,-10.885464,0.0
399,-1.8104808330535889,4.335060119628906,105.7255630493164,-0.1095060940743437,-1.0482539932107653,-81.38085723387847,5.8003726,-0.09515633,7.2027254,-12.187958,-1.0354096,27.772896,27.700947,-7.642541,30.756668,22.25596,-7.614729,-5.871788,-36.893814,-29.286972,41.551155,34.68647,-55.03785,-20.11072,-36.228546,-5.093227,7.374278,-7.3343883,12.8369465,-7.2862797,0.0,5.1771493,-2.8048391,-22.622192,5.094408,-10.886174,0.0
400,-1.8065599203109741,4.334195613861084,105.7242431640625,-0.12299036943573481,-1.0642492689119085,-81.41878959529244,5.7415657,-0.11945144,7.187844,-12.206853,-1.1229392,27.5149,27.702477,-7.581874,31.131655,22.154057,-7.6377068,-5.8495336,-37.424637,-29.188328,41.852264,34.69541,-54.78419,-20.13253,-35.869568,-5.0835104,7.391456,-7.298137,12.879846,-7.318907,0.0,5.1897564,-2.7928653,-22.586355,5.095479,-10.885995,0.0
401,-1.803781270980835,4.332775115966797,105.7230453491211,-0.13402084298903746,-1.0816353875935238,-81.46545923712473,5.6771383,-0.15285052,7.1622324,-12.214506,-1.2129948,27.331419,27.698517,-7.4862685,31.464266,22.047565,-7.6500344,-5.859763,-37.84853,-29.117453,42.10639,34.6055,-54.6502,-20.164719,-35.591694,-5.0618076,7.407502,-7.2490296,12.909143,-7.3466477,0.0,5.202109,-2.7840283,-22.542759,5.097093,-10.885124,0.0
402,-1.7955783605575562,4.329733371734619,105.72322845458984,-0.14390078542140047,-1.1005118767125501,-81.51834713573487,5.6086717,-0.19137153,7.128953,-12.212423,-1.3069865,27.206823,27.696192,-7.3727455,31.761461,21.915625,-7.648774,-5.8904347,-38.198914,-29.068703,42.335636,34.441433,-54.596603,-20.20206,-35.365677,-5.028528,7.420074,-7.189426,12.927394,-7.3714156,0.0,5.217298,-2.780316,-22.494133,5.098225,-10.88372,0.0
403,-1.778916835784912,4.326359748840332,105.72161865234375,-0.15194779838444403,-1.1191812818651576,-81.57604740001116,5.538794,-0.23316096,7.093085,-12.200116,-1.3987001,27.125381,27.703556,-7.2582197,32.026398,21.793257,-7.637535,-5.9250183,-38.49958,-29.039118,42.54218,34.211124,-54.565033,-20.221544,-35.13974,-5.0030136,7.424617,-7.127068,12.964718,-7.4068804,0.0,5.2330422,-2.7848518,-22.441008,5.098252,-10.879703,0.0
404,-1.769640326499939,4.326844215393066,105.72230529785156,-0.15415889865381793,-1.136896083904861,-81.6366561429414,5.4712634,-0.2764984,7.060155,-12.178322,-1.4822681,27.086184,27.699774,-7.114581,32.272526,21.762821,-7.6444583,-5.955918,-38.765717,-29.026005,42.72172,33.91582,-54.499264,-20.199017,-34.862038,-4.958349,7.4292254,-7.0525527,12.959216,-7.4175406,0.0,5.248445,-2.7904782,-22.385262,5.088753,-10.868665,0.0
405,-1.7616838216781616,4.3262457847595215,105.72454071044922,-0.15372577633928283,-1.1513812086936042,-81.69825922299421,5.4075284,-0.3225203,7.029766,-12.161176,-1.508653,27.085102,27.704466,-7.078307,32.453346,21.782051,-7.594861,-5.9005747,-38.77853,-29.030905,42.73363,33.39763,-54.54741,-20.091438,-34.558704,-4.909981,7.432282,-6.9740505,12.940474,-7.422566,0.0,5.25073,-2.802355,-22.324223,5.0977592,-10.866256,0.0
406,-1.7567040920257568,4.320664882659912,105.72666931152344,-0.15025297777738045,-1.1641412598032443,-81.76235409971079,5.344691,-0.37150228,7.003035,-12.126077,-1.5472809,27.084225,27.713459,-7.01825,32.652737,21.87784,-7.56527,-5.8558135,-38.795193,-29.042465,42.749615,32.836056,-54.557667,-19.931334,-34.19485,-4.8559113,7.4346485,-6.889672,12.913694,-7.4258547,0.0,5.2575974,-2.814025,-22.261623,5.0993667,-10.863508,0.0
407,-1.7383664846420288,4.311703681945801,105.7291030883789,-0.14241094191414233,-1.1781752048641838,-81.83246568337607,5.280809,-0.42093205,6.975391,-12.082563,-1.5942887,27.083834,27.725908,-6.9463344,32.86894,21.992601,-7.548283,-5.829531,-38.814507,-29.059946,42.767624,32.256065,-54.531673,-19.758873,-33.79725,-4.800078,7.4242043,-6.797864,12.897134,-7.437641,0.0,5.2696633,-2.839907,-22.19465,5.0987234,-10.858394,0.0
408,-1.7359193563461304,4.3173933029174805,105.7276382446289,-0.13415572063718217,-1.196076806829926,-81.91208750139577,5.2154098,-0.4689008,6.942895,-12.047517,-1.6511996,27.084764,27.737885,-6.8654046,33.123436,22.07066,-7.5532136,-5.823013,-38.83716,-29.08277,42.784584,31.673784,-54.46717,-19.605091,-33.374104,-4.749822,7.421538,-6.700577,12.884826,-7.4441476,0.0,5.2720733,-2.8585422,-22.116894,5.099931,-10.846686,0.0
409,-1.7256470918655396,4.316131591796875,105.72969055175781,-0.12230530244850918,-1.220335442877509,-82.00436693705807,5.146834,-0.5128157,6.907096,-12.042418,-1.7251657,27.086975,27.750563,-6.791743,33.395992,22.069534,-7.5591264,-5.83654,-38.863552,-29.110655,42.799976,31.090332,-54.355698,-19.482504,-32.907616,-4.662131,7.413674,-6.578565,12.835535,-7.4393373,0.0,5.286401,-2.886462,-22.030567,5.0995197,-10.836503,0.0
410,-1.7158560752868652,4.3135666847229,105.73188018798828,-0.10759326499578042,-1.2488753458492319,-82.1067205570401,5.076611,-0.554383,6.8691645,-12.072005,-1.8162798,27.0906,27.763834,-6.731691,33.687008,22.01889,-7.5658307,-5.8593693,-38.893627,-29.142963,42.81243,30.501028,-54.201477,-19.376892,-32.399693,-4.558141,7.4041004,-6.441924,12.773898,-7.431296,0.0,5.304311,-2.9184153,-21.935753,5.10131,-10.827962,0.0
411,-1.6952875852584839,4.305696964263916,105.73663330078125,-0.092004482957221,-1.2780254743212838,-82.21425480254828,5.0042686,-0.5972586,6.8248987,-12.119638,-1.9137617,27.096191,27.775656,-6.6796856,34.0076,21.964346,-7.582648,-5.884971,-38.92767,-29.178846,42.819824,29.90909,-54.02063,-19.278831,-31.886848,-4.4430714,7.3880897,-6.2962704,12.704507,-7.4238467,0.0,5.327,-2.9582224,-21.837202,5.101042,-10.818715,0.0
412,-1.675691843032837,4.292566776275635,105.74040222167969,-0.0759448573626926,-1.3043395368746555,-82.3219743235449,4.9280553,-0.6447966,6.7712903,-12.155074,-2.0005658,27.112446,27.79001,-6.6269827,34.35428,21.948423,-7.6082096,-5.9131737,-39.00576,-29.235842,42.821247,29.319326,-53.83248,-19.180872,-31.408575,-4.3320637,7.3719125,-6.152411,12.642788,-7.423632,0.0,5.351092,-2.9968927,-21.73884,5.098949,-10.812126,0.0
413,-1.6649391651153564,4.274576187133789,105.7425765991211,-0.06222006207650362,-1.326531819853124,-82.42464224877217,4.838368,-0.6996817,6.702735,-12.147965,-2.060957,27.136839,27.81067,-6.5850596,34.697693,21.976442,-7.6230483,-5.9443135,-39.10885,-29.29779,42.82312,28.755186,-53.609726,-19.108816,-30.976965,-4.2258525,7.3633966,-6.0162606,12.581344,-7.4255633,0.0,5.3707232,-3.0268936,-21.64417,5.1020784,-10.812947,0.0
414,-1.6566598415374756,4.265458583831787,105.74529266357422,-0.04706066161111001,-1.3472742226988406,-82.52623527109917,4.7410045,-0.75897455,6.624813,-12.090062,-2.0937257,27.21019,27.852297,-6.50895,35.03855,22.032454,-7.675556,-5.9794455,-39.363625,-29.407238,42.884583,28.270666,-53.268784,-19.087687,-30.534515,-4.122643,7.3539352,-5.8820324,12.5104265,-7.417006,0.0,5.383764,-3.0575151,-21.549355,5.10248,-10.806706,0.0
415,-1.6417696475982666,4.2547149658203125,105.74881744384766,-0.030932826052784218,-1.3668938242291897,-82.63553014083968,4.6433125,-0.81791073,6.5426226,-11.857631,-2.1203918,27.454632,27.93113,-6.385475,35.160778,22.0626,-7.68842,-6.073125,-40.081432,-29.418043,43.276962,28.24566,-52.547253,-19.154797,-30.130018,-4.0148573,7.3399453,-5.7380834,12.436072,-7.408593,0.0,5.399298,-3.092753,-21.447845,5.0950665,-10.795148,0.0
416,-1.6204724311828613,4.241472244262695,105.75273132324219,-0.012825908958183998,-1.386986812200164,-82.76137648073012,4.564478,-0.8729801,6.4624553,-11.729971,-2.0971296,27.678955,27.959068,-6.3004375,35.330025,22.119316,-7.669007,-6.124644,-40.648117,-29.29526,43.508503,28.177092,-52.17551,-19.140057,-29.787283,-3.8995047,7.3206596,-5.576073,12.362387,-7.405811,0.0,5.406416,-3.138852,-21.326925,5.103533,-10.789498,0.0
417,-1.6050437688827515,4.22746467590332,105.75879669189453,0.012616128040601115,-1.4058443247129981,-82.9122280106504,4.5122185,-0.9214378,6.3852057,-11.6326,-2.0773568,27.871368,28.002113,-6.269231,35.508274,22.129044,-7.611912,-6.199608,-41.125816,-29.19932,43.68204,28.012959,-51.8765,-19.093826,-29.438965,-3.7502685,7.299807,-5.3767247,12.236504,-7.379784,0.0,5.4102073,-3.1906433,-21.1803,5.10558,-10.778082,0.0
418,-1.5890926122665405,4.211442470550537,105.76538848876953,0.04239988345049746,-1.4233596189954303,-83.08131081932478,4.4798894,-0.96641076,6.3076625,-11.547525,-2.052934,28.054678,28.005049,-6.19095,35.730606,22.201147,-7.5763392,-6.311678,-41.54345,-29.133242,43.81622,27.777355,-51.618465,-19.026474,-29.094456,-3.5845935,7.27494,-5.153535,12.089544,-7.346782,0.0,5.4105196,-3.2491894,-21.014473,5.1063485,-10.76401,0.0
419,-1.5564044713974,4.187849998474121,105.77178955078125,0.07188117008709854,-1.443756409747174,-83.25484375106258,4.4515333,-1.0092131,6.2331367,-11.46691,-2.0268428,28.21567,28.035135,-6.1745963,35.94819,22.213993,-7.5096893,-6.415794,-41.920506,-29.086773,43.93189,27.499477,-51.37093,-18.953207,-28.75711,-3.419824,7.2397976,-4.927164,11.9660015,-7.332251,0.0,5.420517,-3.3180277,-20.846546,5.107105,-10.7524185,0.0
420,-1.5286158323287964,4.168651580810547,105.77621459960938,0.09736244198837835,-1.4718121079248712,-83.41901429266001,4.416079,-1.0517132,6.1646357,-11.387335,-2.0020337,28.372187,28.042595,-6.128199,36.18573,22.251871,-7.4687843,-6.511085,-42.270008,-29.051542,44.042526,27.20633,-51.105614,-18.888283,-28.429893,-3.2611585,7.210497,-4.714482,11.860466,-7.3244095,0.0,5.43835,-3.3781466,-20.69077,5.1079245,-10.741835,0.0
421,-1.5131258964538574,4.146913528442383,105.77950286865234,0.11705875327044717,-1.5109396176084342,-83.56657616071793,4.365887,-1.0950266,6.1056347,-11.306812,-1.9809167,28.523836,28.059929,-6.1038446,36.417408,22.253304,-7.4237475,-6.579709,-42.60166,-29.023512,44.15997,26.900595,-50.7861,-18.829151,-28.096928,-3.0935261,7.194715,-4.518666,11.756679,-7.3191037,0.0,5.4742403,-3.4207146,-20.557098,5.109032,-10.740315,0.0
422,-1.5018435716629028,4.1349029541015625,105.78132629394531,0.131802358535487,-1.5580476843700954,-83.70599018240083,4.3096013,-1.1382333,6.052571,-11.229093,-1.9604322,28.607668,28.08242,-6.12719,36.707977,22.221548,-7.3754187,-6.63185,-42.790607,-29.027359,44.20902,26.469576,-50.496754,-18.7522,-27.759287,-2.9331975,7.185419,-4.335258,11.668435,-7.315857,0.0,5.518579,-3.4529023,-20.434628,5.1020155,-10.732161,0.0
423,-1.4876528978347778,4.113412857055664,105.78579711914062,0.14672873325630165,-1.6072147408885122,-83.8474276620946,4.255142,-1.1792017,6.0020533,-11.152198,-1.9388263,28.72894,28.103163,-6.129813,36.96039,22.193861,-7.334074,-6.6795316,-43.071087,-29.030191,44.31447,26.128288,-50.170235,-18.705784,-27.455206,-2.752015,7.1753397,-4.1437507,11.559578,-7.3098407,0.0,5.5635033,-3.4893336,-20.310232,5.1115236,-10.737766,0.0
424,-1.4822447299957275,4.092188358306885,105.78824615478516,0.1636477331180155,-1.6527307503252961,-84.00082829672111,4.2098413,-1.2156669,5.9482517,-11.075983,-1.9133472,28.885155,28.123144,-6.1232014,37.16269,22.17135,-7.289712,-6.7229514,-43.443027,-29.011974,44.464806,25.904938,-49.879917,-18.698025,-27.218775,-2.5731785,7.1680613,-3.9410877,11.451242,-7.303798,0.0,5.603781,-3.5222085,-20.173498,5.114713,-10.739286,0.0
425,-1.4562066793441772,4.061322212219238,105.79178619384766,0.18143736451626963,-1.6936545857110192,-84.17167137616896,4.1763234,-1.2451335,5.890913,-10.999709,-1.8864996,29.042353,28.106833,-6.0682955,37.382946,22.212227,-7.2791834,-6.7742558,-43.810482,-28.996132,44.60827,25.721025,-49.72373,-18.735004,-27.087114,-2.3917718,7.1477437,-3.7192004,11.351407,-7.3094487,0.0,5.6481404,-3.5687292,-20.020811,5.107476,-10.735146,0.0
426,-1.437442421913147,4.041186332702637,105.79547882080078,0.20141671142243323,-1.7328635585099483,-84.35380561174537,4.148786,-1.2692505,5.8318863,-10.922317,-1.8575888,29.136702,28.124641,-6.111733,37.626156,22.180122,-7.240629,-6.8022294,-44.069412,-29.00933,44.693615,25.468239,-49.705105,-18.791056,-27.028297,-2.2114966,7.1285324,-3.486564,11.241842,-7.3049254,0.0,5.671577,-3.618055,-19.851738,5.117027,-10.731641,0.0
427,-1.4131245613098145,4.0315375328063965,105.79891204833984,0.22232309578807072,-1.7697427653250943,-84.53949149177701,4.129846,-1.2936974,5.7708526,-10.849787,-1.8213638,29.280182,28.11691,-6.086251,37.82628,22.204256,-7.2252564,-6.839507,-44.47936,-29.001423,44.856358,25.365095,-49.602177,-18.872663,-26.980278,-2.0469725,7.103182,-3.254777,11.145625,-7.3004208,0.0,5.688497,-3.672163,-19.678225,5.1170964,-10.713956,0.0
428,-1.4017744064331055,4.011295318603516,105.80165100097656,0.2443541378695906,-1.8035974347987345,-84.72102293686702,4.1202006,-1.3251363,5.7046413,-10.786684,-1.7666783,29.41331,28.114473,-6.0704956,38.002335,22.225601,-7.197829,-6.8712363,-44.872696,-28.980303,44.99042,25.267687,-49.426674,-18.921967,-26.86858,-1.868695,7.0845275,-3.0223873,11.025088,-7.2884183,0.0,5.707828,-3.718017,-19.509676,5.1199045,-10.707014,0.0
429,-1.378930687904358,3.9918277263641357,105.80513763427734,0.26900191785318084,-1.8323705645374975,-84.90136568592992,4.124542,-1.3702806,5.6303825,-10.732017,-1.6864097,29.530771,28.13183,-6.086577,38.148884,22.233208,-7.1457195,-6.8925133,-45.245277,-28.955137,45.09608,25.164675,-49.141872,-18.919174,-26.684713,-1.7005979,7.0543065,-2.7930653,10.911188,-7.278432,0.0,5.722348,-3.7748208,-19.34178,5.120918,-10.69585,0.0
430,-1.359220027923584,3.9625048637390137,105.80925750732422,0.2974247476310295,-1.8571765338188173,-85.08290317900482,4.1419096,-1.4241945,5.5497594,-10.685316,-1.5876446,29.644068,28.129177,-6.065295,38.29202,22.293228,-7.1070886,-6.9192376,-45.597794,-28.931078,45.177055,25.060322,-48.795418,-18.884468,-26.462425,-1.5170901,7.0216446,-2.5564196,10.770845,-7.2599297,0.0,5.7417436,-3.832389,-19.174934,5.1148143,-10.686838,0.0
431,-1.3396652936935425,3.950307607650757,105.81181335449219,0.3220293343445013,-1.881362591311591,-85.25725719924375,4.1619987,-1.4755964,5.4681497,-10.648334,-1.482245,29.747969,28.132273,-6.055729,38.41442,22.3311,-7.062951,-6.9414225,-45.93394,-28.909016,45.232876,24.954426,-48.419785,-18.846218,-26.195292,-1.368989,6.9909077,-2.339114,10.67009,-7.25033,0.0,5.7419333,-3.8887548,-19.0092,5.1237235,-10.674991,0.0
432,-1.3169517517089844,3.9260902404785156,105.81413269042969,0.33782670409567644,-1.9086986283835625,-85.41611515407737,4.17548,-1.5130138,5.3908367,-10.623982,-1.3823302,29.834084,28.146082,-6.070979,38.520348,22.310652,-7.0160537,-6.958994,-46.259384,-28.889008,45.263184,24.85028,-48.046852,-18.83328,-25.876387,-1.225569,6.9686337,-2.1395245,10.591723,-7.257382,0.0,5.76133,-3.9324625,-18.861895,5.1255355,-10.670771,0.0
433,-1.3052436113357544,3.9080772399902344,105.814208984375,0.3407592097393278,-1.937403730153442,-85.55768162445462,4.1848965,-1.5298941,5.3156867,-10.62029,-1.2904084,29.910366,28.127792,-6.0385437,38.638523,22.27639,-7.0031877,-6.9909554,-46.57817,-28.868196,45.254074,24.755297,-47.67398,-18.86395,-25.471222,-1.1139586,6.9672832,-1.968994,10.556888,-7.2795444,0.0,5.780414,-3.951607,-18.729166,5.1271877,-10.667823,0.0
434,-1.2930617332458496,3.890092372894287,105.81285858154297,0.3350994572230953,-1.9665689707684384,-85.68634653609189,4.1935663,-1.5332867,5.241177,-10.633486,-1.1997671,29.98002,28.0879,-5.97434,38.75551,22.231693,-7.010834,-7.031024,-46.891777,-28.846025,45.213272,24.67056,-47.284668,-18.918505,-24.99416,-1.0243516,6.975479,-1.8189442,10.556863,-7.3169155,0.0,5.8053217,-3.9583032,-18.609066,5.1233644,-10.664895,0.0
435,-1.28416109085083,3.8776051998138428,105.8119888305664,0.32640962183656647,-2.000750962048548,-85.8027288149361,4.1951613,-1.533163,5.1730943,-10.649589,-1.1111859,30.033487,28.068806,-5.9466166,38.84352,22.159216,-7.006165,-7.060218,-47.201397,-28.826616,45.171124,24.590473,-46.894447,-18.970957,-24.511091,-0.9383167,6.988428,-1.682826,10.561856,-7.3532095,0.0,5.8289247,-3.9602413,-18.499638,5.131111,-10.667164,0.0
436,-1.2749475240707397,3.854743003845215,105.81065368652344,0.3179668231107681,-2.044792074930756,-85.90740125760577,4.185401,-1.5395125,5.117211,-10.656949,-1.0268036,30.074581,28.054815,-5.913815,38.9099,22.151606,-7.008786,-7.0853677,-47.507202,-28.814177,45.15595,24.51007,-46.5163,-18.99599,-24.088554,-0.8365415,7.000329,-1.5540179,10.56777,-7.3965096,0.0,5.877054,-3.9599867,-18.408077,5.1351643,-10.678339,0.0
437,-1.2668888568878174,3.8330039978027344,105.80766296386719,0.31433976158076543,-2.104035343543095,-85.99887292539137,4.1584315,-1.5551394,5.0795994,-10.650172,-0.94915336,30.111933,28.033218,-5.838396,38.953888,22.285053,-7.0328965,-7.110216,-47.8111,-28.812288,45.184116,24.428347,-46.158524,-18.981659,-23.759277,-0.7230981,7.0062804,-1.4355912,10.580615,-7.4441366,0.0,5.948426,-3.9632304,-18.335947,5.136571,-10.692414,0.0
438,-1.2590842247009277,3.8165390491485596,105.8049087524414,0.3092339752802827,-2.1741644251423087,-86.07716710263104,4.117988,-1.5756503,5.052742,-10.642268,-0.9212284,30.11574,28.03466,-5.8260565,38.985413,22.429996,-7.037455,-7.103608,-47.86363,-28.8259,45.14765,24.151678,-46.000763,-18.86348,-23.560709,-0.60660756,7.013032,-1.3295166,10.600463,-7.4923806,0.0,6.033516,-3.963197,-18.280355,5.136387,-10.706402,0.0
439,-1.2565292119979858,3.798165798187256,105.79878997802734,0.30580830936432424,-2.24713499420996,-86.14610092674859,4.0768814,-1.5973591,5.0315366,-10.631489,-0.8717448,30.123714,28.028158,-5.7737308,38.99543,22.607752,-7.06814,-7.102855,-47.99536,-28.871014,45.100918,23.922455,-45.7574,-18.781977,-23.287268,-0.4974515,7.020132,-1.2366847,10.637893,-7.5500736,0.0,6.124883,-3.9611278,-18.235079,5.137426,-10.724972,0.0
440,-1.2462224960327148,3.7774617671966553,105.79513549804688,0.30502672250319923,-2.312612356180936,-86.20907906807196,4.0426044,-1.6179101,5.002608,-10.61709,-0.7353302,30.135841,28.020874,-5.696661,38.9645,22.74036,-7.105908,-7.1508245,-48.226692,-28.932226,45.079525,23.773842,-45.340244,-18.798145,-22.913584,-0.38455272,7.0189366,-1.1461754,10.65034,-7.5943193,0.0,6.2151527,-3.9656785,-18.196438,5.1287293,-10.738132,0.0
441,-1.2379640340805054,3.767587900161743,105.79227447509766,0.30608019963159416,-2.369240638059703,-86.26561796855931,4.0194006,-1.6348814,4.9660325,-10.618632,-0.63417006,30.163025,28.000746,-5.6532536,38.901093,22.730217,-7.13833,-7.1845765,-48.656612,-28.944906,45.176907,23.80209,-44.86002,-18.800184,-22.562775,-0.28929994,7.015268,-1.0670168,10.657231,-7.6272745,0.0,6.281814,-3.9738631,-18.158316,5.1315856,-10.748822,0.0
442,-1.222235918045044,3.7505197525024414,105.79092407226562,0.30960577283327145,-2.4217397789572375,-86.31427970310303,4.001903,-1.6516372,4.924363,-10.624074,-0.54231316,30.18539,27.98704,-5.64508,38.812954,22.62478,-7.1670256,-7.216624,-49.02667,-28.930412,45.227303,23.812227,-44.420876,-18.791971,-22.189873,-0.19211815,7.0037146,-0.9940628,10.655586,-7.658619,0.0,6.350394,-3.9893239,-18.128687,5.1340675,-10.762743,0.0
443,-1.2073689699172974,3.733815908432007,105.78933715820312,0.3158583713543081,-2.469966797896165,-86.35726165034008,3.9868226,-1.6693653,4.8790874,-10.635437,-0.4458399,30.196913,27.988451,-5.6684165,38.699894,22.482445,-7.180423,-7.237758,-49.35615,-28.925726,45.255253,23.789995,-44.00152,-18.780735,-21.814663,-0.10201558,6.9889092,-0.9283442,10.652957,-7.6875253,0.0,6.4161205,-4.0069847,-18.104418,5.133639,-10.774841,0.0
444,-1.2006968259811401,3.7141659259796143,105.78765869140625,0.323323413556555,-2.513829352750342,-86.39670341393332,3.9719956,-1.6898009,4.831669,-10.654898,-0.34524736,30.201824,27.980028,-5.658945,38.58196,22.42392,-7.198211,-7.249993,-49.65688,-28.931963,45.277126,23.742416,-43.610615,-18.766943,-21.46236,-0.0070502316,6.977444,-0.8635822,10.631629,-7.7068834,0.0,6.4829483,-4.01894,-18.0845,5.125312,-10.786,0.0
445,-1.192681074142456,3.6992557048797607,105.7855224609375,0.3343172858837579,-2.5502970431008394,-86.43206118612245,3.9560347,-1.7162904,4.775639,-10.663505,-0.30325794,30.201107,27.980852,-5.6553144,38.45139,22.438122,-7.2035356,-7.2290325,-49.676258,-28.940426,45.237366,23.499624,-43.429832,-18.660719,-21.234455,0.07076097,6.960466,-0.80636555,10.61561,-7.7240443,0.0,6.5333896,-4.0382977,-18.064629,5.126556,-10.797366,0.0
446,-1.1844165325164795,3.6868460178375244,105.7835922241211,0.3462603020163878,-2.58103026795226,-86.46259547414977,3.9422855,-1.7464503,4.716352,-10.683664,-0.23266576,30.199846,27.980337,-5.638996,38.29745,22.503942,-7.2031727,-7.192392,-49.70079,-28.957405,45.171993,23.252731,-43.230755,-18.566002,-20.970024,0.14007582,6.9414544,-0.75573105,10.595745,-7.7359233,0.0,6.574629,-4.059507,-18.047047,5.129773,-10.807404,0.0
447,-1.1757631301879883,3.6701560020446777,105.7837142944336,0.36025463865334045,-2.61079077635309,-86.49011591015645,3.9281602,-1.7756238,4.658432,-10.7118635,-0.14517982,30.197897,27.98088,-5.619378,38.117363,22.585577,-7.1914964,-7.1523533,-49.727203,-28.980757,45.09328,23.001625,-43.039562,-18.495033,-20.697077,0.22560175,6.91995,-0.70214874,10.547009,-7.7349463,0.0,6.620849,-4.0821915,-18.033981,5.1283956,-10.818007,0.0
448,-1.1591460704803467,3.651543378829956,105.78361511230469,0.3693319725360958,-2.6443687455331193,-86.5164238269001,3.914692,-1.7993206,4.606395,-10.743427,-0.051200356,30.195469,27.980957,-5.5946503,37.933384,22.654123,-7.186403,-7.1183987,-49.75583,-29.009998,45.009846,22.742817,-42.865685,-18.449589,-20.42496,0.3015033,6.899349,-0.6549548,10.527316,-7.7494802,0.0,6.674076,-4.1035504,-18.023134,5.1260567,-10.82925,0.0
449,-1.156165599822998,3.631469249725342,105.78131866455078,0.37617990514756966,-2.6847215418619306,-86.54152320481238,3.900851,-1.81521,4.5675716,-10.773651,0.042572122,30.186201,27.976095,-5.5569887,37.74768,22.708015,-7.193247,-7.094245,-49.859024,-29.084917,44.922745,22.477158,-42.71668,-18.44421,-20.16323,0.38607532,6.8900504,-0.6097202,10.508467,-7.764941,0.0,6.7364016,-4.112364,-18.015303,5.1244154,-10.846112,0.0
450,-1.1358376741409302,3.6162056922912598,105.77938842773438,0.3788026947624232,-2.7289296065926636,-86.56473440595141,3.8842664,-1.8260655,4.5339775,-10.800163,0.13190706,30.173574,27.97503,-5.527312,37.539597,22.751368,-7.1881795,-7.0772786,-49.97311,-29.164206,44.866554,22.23203,-42.533356,-18.500973,-19.897463,0.4542805,6.875075,-0.5731615,10.524102,-7.79494,0.0,6.800811,-4.1278543,-18.009033,5.1231923,-10.858215,0.0
451,-1.1255100965499878,3.6014528274536133,105.77816772460938,0.3829587597689173,-2.773362037553132,-86.586525265482,3.8725467,-1.831741,4.5057354,-10.881061,0.3452447,30.123758,27.943592,-5.416544,37.378147,22.860332,-7.2222867,-7.1144247,-50.431248,-29.39991,45.00432,22.153898,-41.91429,-18.688663,-19.522161,0.5361997,6.8641677,-0.5330972,10.512078,-7.8098845,0.0,6.8652496,-4.1382604,-18.004416,5.1218605,-10.871898,0.0
452,-1.1161441802978516,3.58585262298584,105.7774429321289,0.39105120539265464,-2.812542379262346,-86.60702891665343,3.8630075,-1.8364279,4.469894,-10.910421,0.40988645,30.041967,27.937506,-5.423417,37.237625,22.867376,-7.232971,-7.082852,-50.991356,-29.425629,45.253895,22.272797,-41.44267,-18.72458,-19.274788,0.6189786,6.8487415,-0.49132392,10.485897,-7.8176856,0.0,6.92351,-4.153209,-18.00017,5.1207967,-10.884859,0.0
453,-1.116406798362732,3.573438882827759,105.77630615234375,0.4066757086248363,-2.8462216978694785,-86.62676658116219,3.863277,-1.8428507,4.4244466,-10.953689,0.46475968,29.961456,27.918638,-5.408802,37.116093,22.88125,-7.2738214,-7.0402737,-51.44436,-29.399176,45.407017,22.350147,-41.055225,-18.698244,-18.983606,0.70737296,6.8294077,-0.44464904,10.430308,-7.8080363,0.0,6.9734516,-4.171355,-17.995762,5.1190066,-10.895871,0.0
454,-1.1047812700271606,3.563164234161377,105.77623748779297,0.4271911105311563,-2.876564268754708,-86.64532036229123,3.870481,-1.8488339,4.3737583,-11.0061035,0.5105401,29.879883,27.899265,-5.3989253,36.995926,22.87902,-7.324113,-6.984931,-51.824165,-29.383862,45.509098,22.364578,-40.694336,-18.631136,-18.665771,0.79200035,6.7965198,-0.3973304,10.3713,-7.7955155,0.0,7.0185804,-4.2041006,-17.991787,5.116869,-10.902035,0.0
455,-1.097436547279358,3.551438331604004,105.7769546508789,0.4479122010714083,-2.9037149582703012,-86.66229019601644,3.8796577,-1.8532,4.319818,-11.062062,0.5586555,29.790592,27.892086,-5.411271,36.87058,22.846258,-7.360084,-6.933273,-52.15145,-29.380022,45.571606,22.33183,-40.346245,-18.543999,-18.33681,0.8822987,6.765816,-0.34922734,10.294418,-7.774087,0.0,7.0614853,-4.2338367,-17.989029,5.114278,-10.909658,0.0
456,-1.0708882808685303,3.534773826599121,105.77680969238281,0.4642341993502549,-2.9275273501739445,-86.67720845603237,3.8869345,-1.8549783,4.264794,-11.117034,0.62022847,29.696972,27.879105,-5.4086804,36.748535,22.823278,-7.38487,-6.913301,-52.44137,-29.380997,45.599533,22.270145,-40.005234,-18.458105,-18.0123,0.9432228,6.7292438,-0.3146815,10.270588,-7.7818627,0.0,7.1043496,-4.2709665,-17.987656,5.1115837,-10.9166355,0.0
457,-1.058324933052063,3.526853084564209,105.77678680419922,0.47310627104030567,-2.946700217100171,-86.68894914561426,3.8890877,-1.851951,4.2072115,-11.170109,0.7037226,29.595695,27.869154,-5.4018817,36.619396,22.79669,-7.381307,-6.9386687,-52.70475,-29.379541,45.594162,22.191486,-39.65377,-18.375153,-17.686218,0.9909344,6.7100067,-0.2901966,10.247175,-7.7826877,0.0,7.1345525,-4.2897434,-17.985838,5.1092887,-10.920532,0.0
458,-1.0505198240280151,3.5132932662963867,105.77825164794922,0.4781503460980331,-2.961676400452755,-86.69803746755518,3.8900998,-1.8452406,4.1470847,-11.224904,0.80193764,29.498316,27.83191,-5.340804,36.500515,22.81628,-7.385776,-7.0058956,-52.94888,-29.375553,45.56144,22.101612,-39.29342,-18.286802,-17.354433,1.0430722,6.6985497,-0.2681473,10.2106495,-7.779113,0.0,7.162565,-4.3001747,-17.985764,5.10847,-10.929321,0.0
459,-1.0495034456253052,3.4961555004119873,105.7782974243164,0.4833806908389333,-2.9755064822235093,-86.70655262289763,3.892278,-1.8389822,4.087137,-11.278874,0.9014483,29.395487,27.815685,-5.319057,36.370716,22.792265,-7.3657856,-7.068316,-53.17899,-29.371817,45.512592,22.003876,-38.947227,-18.199438,-17.035114,1.0939025,6.6911416,-0.24774456,10.177084,-7.7785144,0.0,7.1914716,-4.306003,-17.98662,5.1076818,-10.941484,0.0
460,-1.0400398969650269,3.4862797260284424,105.77770233154297,0.4923113162402728,-2.991199750029182,-86.71626923088758,3.9004552,-1.837495,4.030001,-11.3324585,0.98828393,29.29223,27.803364,-5.314657,36.251648,22.752537,-7.351653,-7.105647,-53.39859,-29.37263,45.457294,21.900442,-38.637653,-18.11947,-16.74653,1.1350256,6.673918,-0.2279509,10.158117,-7.7812924,0.0,7.218106,-4.322898,-17.985819,5.1070867,-10.947667,0.0
461,-1.028650164604187,3.4763879776000977,105.77912139892578,0.5059126475427719,-3.007687995455607,-86.72893566100336,3.9183047,-1.8457258,3.9714503,-11.350594,1.0156989,29.285793,27.804045,-5.3153563,36.05807,22.669579,-7.341929,-7.0976934,-53.414207,-29.37906,45.402515,21.654764,-38.506355,-17.965101,-16.610697,1.1940202,6.64969,-0.19653796,10.1088,-7.7688665,0.0,7.2458444,-4.3469634,-17.982891,5.105594,-10.952434,0.0
462,-1.0333787202835083,3.4711811542510986,105.77892303466797,0.5259791725126269,-3.0245640415377477,-86.74332398048146,3.943521,-1.8598961,3.9152682,-11.382434,1.0556622,29.279507,27.80675,-5.325164,35.853664,22.556858,-7.318773,-7.086226,-53.431618,-29.391043,45.3114,21.409084,-38.385094,-17.828793,-16.460312,1.2648481,6.6273637,-0.15866116,10.031692,-7.738938,0.0,7.270161,-4.3686996,-17.97815,5.1037097,-10.956005,0.0
463,-1.0221271514892578,3.46264386177063,105.77933502197266,0.5436604895817563,-3.0438783160936183,-86.75624867609031,3.9675658,-1.8726426,3.862535,-11.421611,1.1027379,29.27234,27.81205,-5.343363,35.648342,22.457424,-7.2899785,-7.0636716,-53.452316,-29.40787,45.1944,21.162292,-38.273384,-17.7137,-16.299799,1.3311875,6.5980983,-0.12358963,9.973282,-7.721344,0.0,7.3012977,-4.397717,-17.976025,5.1013975,-10.959873,0.0
464,-1.0117079019546509,3.4557924270629883,105.78058624267578,0.5592260028539207,-3.0681074164391675,-86.76460941263832,3.9846566,-1.8770303,3.8144155,-11.463158,1.1557595,29.263216,27.814281,-5.3456492,35.47217,22.433258,-7.28357,-7.029641,-53.48097,-29.430115,45.057796,20.914566,-38.153927,-17.613348,-16.114916,1.401824,6.5717735,-0.092861585,9.914246,-7.703186,0.0,7.3383985,-4.4229455,-17.979513,5.098713,-10.964219,0.0
465,-0.9987143874168396,3.445631980895996,105.78026580810547,0.5668827028683066,-3.1009036620653627,-86.7672852533666,3.9873571,-1.867205,3.7777634,-11.538205,1.2687691,29.228468,27.81928,-5.3313303,35.277008,22.521475,-7.2525983,-6.9980125,-53.579067,-29.488865,44.80415,20.662739,-37.98654,-17.590233,-15.793374,1.4645872,6.5532265,-0.07377553,9.892533,-7.707839,0.0,7.389636,-4.4388924,-17.99115,5.0961337,-10.973468,0.0
466,-0.9882001280784607,3.438011884689331,105.77915954589844,0.5702215761950606,-3.13945152712203,-86.76616007142295,3.9767826,-1.8468539,3.7428486,-11.5558,1.3133504,29.201199,27.829525,-5.3261786,35.090816,22.663898,-7.2206273,-6.9549756,-53.641666,-29.516954,44.68776,20.42502,-37.827488,-17.524895,-15.587223,1.5231924,6.5412583,-0.06095336,9.887242,-7.719833,0.0,7.4506826,-4.4461236,-18.008999,5.0863957,-10.980108,0.0
467,-0.9792476892471313,3.4325454235076904,105.77827453613281,0.5756694120816415,-3.1791321581095167,-86.76218478834244,3.9707396,-1.8259932,3.7164435,-11.617609,1.4517393,28.9745,27.796406,-5.2515497,35.170322,22.93153,-7.2890253,-6.980809,-54.11228,-29.574137,44.546257,20.485643,-37.36196,-17.666746,-15.122564,1.5831578,6.527559,-0.05150515,9.878201,-7.729007,0.0,7.5084085,-4.45605,-18.028374,5.084355,-10.989795,0.0
468,-0.9729819297790527,3.4253268241882324,105.77678680419922,0.583080967797103,-3.2125154133431812,-86.75612365415182,3.9636436,-1.8131795,3.6806397,-11.642013,1.5184088,28.764135,27.802895,-5.303793,35.19363,23.030872,-7.2986135,-6.9564567,-54.476105,-29.516197,44.552116,20.540268,-37.074688,-17.628853,-14.878482,1.6336232,6.513026,-0.046015233,9.87159,-7.7381873,0.0,7.555231,-4.4681296,-18.046574,5.0910373,-11.004168,0.0
469,-0.96471107006073,3.4168548583984375,105.77526092529297,0.5963032894735669,-3.2367395697808203,-86.74611982398271,3.964288,-1.8155303,3.634178,-11.6749735,1.584264,28.580124,27.802246,-5.3552785,35.22237,23.055027,-7.3358097,-6.939572,-54.778072,-29.470055,44.52605,20.5617,-36.82154,-17.573505,-14.634668,1.6771793,6.4901943,-0.044383276,9.855358,-7.740234,0.0,7.597202,-4.487539,-18.067932,5.088942,-11.013137,0.0
470,-0.9584491848945618,3.4108333587646484,105.7745361328125,0.6125611447965135,-3.25561667854813,-86.73236433613438,3.9692047,-1.8270223,3.581531,-11.712929,1.6502669,28.433271,27.779694,-5.370548,35.251015,23.070087,-7.406082,-6.9330616,-55.03513,-29.44053,44.47832,20.552887,-36.58674,-17.50624,-14.389464,1.7180003,6.4646096,-0.045967627,9.825506,-7.731652,0.0,7.6316133,-4.5095057,-18.091053,5.0866404,-11.019946,0.0
471,-0.9541574716567993,3.4027485847473145,105.77401733398438,0.6298167243608295,-3.2740059375607635,-86.71914770595026,3.973544,-1.8391385,3.5256994,-11.725011,1.6754417,28.426548,27.782545,-5.3786488,35.120655,23.03582,-7.4280534,-6.9186406,-55.048267,-29.444008,44.42374,20.348648,-36.484234,-17.349264,-14.248461,1.7635257,6.4392385,-0.04504927,9.788167,-7.720237,0.0,7.667177,-4.5311065,-18.114109,5.0834546,-11.027783,0.0
472,-0.9474964737892151,3.39656662940979,105.77278137207031,0.6430287546614234,-3.29735345730149,-86.71064416808349,3.979248,-1.8424906,3.479231,-11.747796,1.7135234,28.418644,27.787237,-5.386343,34.986168,23.012526,-7.429501,-6.9012766,-55.064953,-29.451965,44.33346,20.140047,-36.375366,-17.20566,-14.055721,1.8050524,6.4175525,-0.04182888,9.77094,-7.7195487,0.0,7.707757,-4.5491056,-18.133404,5.0779977,-11.033443,0.0
473,-0.9404515027999878,3.3899664878845215,105.77129364013672,0.6491696454730841,-3.326492326166308,-86.70840868532235,3.9844341,-1.8320498,3.4428105,-11.7789135,1.7570701,28.40881,27.796438,-5.3983974,34.829327,23.011454,-7.385257,-6.8782606,-55.08478,-29.463612,44.220715,19.925186,-36.26145,-17.081228,-13.818328,1.8470235,6.404502,-0.03347842,9.771145,-7.7300925,0.0,7.750121,-4.559828,-18.145826,5.0799656,-11.043671,0.0
474,-0.9305516481399536,3.3880205154418945,105.76998901367188,0.6531955750348187,-3.3589263730632477,-86.71014740652716,3.9927554,-1.8139417,3.412768,-11.81764,1.8019813,28.397463,27.805696,-5.400862,34.687645,23.030956,-7.334151,-6.850884,-55.10786,-29.47861,44.09366,19.710794,-36.14419,-16.968332,-13.549767,1.8858956,6.392618,-0.022374857,9.7817,-7.744118,0.0,7.7958264,-4.569226,-18.155132,5.0757704,-11.047598,0.0
475,-0.9254957437515259,3.3771111965179443,105.76667785644531,0.6553591374978517,-3.394290897794441,-86.7139257993224,4.0029845,-1.7943008,3.3897412,-11.861111,1.846473,28.376324,27.815075,-5.3903203,34.564266,23.052546,-7.290875,-6.831359,-55.151512,-29.502512,43.954666,19.500004,-36.032967,-16.864395,-13.275279,1.932006,6.3860326,-0.007968047,9.797455,-7.7669115,0.0,7.8488884,-4.5729933,-18.16417,5.076137,-11.061443,0.0
476,-0.9090916514396667,3.3752946853637695,105.76512908935547,0.6618525177673357,-3.4327631568691293,-86.71803339092445,4.0147123,-1.778765,3.3767679,-11.905464,1.8893551,28.316692,27.82864,-5.3730006,34.468124,23.049263,-7.25937,-6.836098,-55.27367,-29.557686,43.796173,19.312202,-35.9187,-16.77804,-13.006399,1.9795102,6.366973,0.007942568,9.807459,-7.7821856,0.0,7.9013257,-4.590169,-18.173784,5.073539,-11.065608,0.0
477,-0.9037125706672668,3.369154691696167,105.7636489868164,0.6744608380532442,-3.4790848125996523,-86.7237370400994,4.027458,-1.7670594,3.3772073,-12.0187435,1.9880886,28.048227,27.835611,-5.421311,34.656116,22.987703,-7.290565,-6.9082565,-55.75219,-29.624496,43.73884,19.452003,-35.487705,-16.906166,-12.563652,2.0630078,6.3466363,0.036427688,9.774154,-7.779767,0.0,7.9658313,-4.6070986,-18.186756,5.0722055,-11.076178,0.0
478,-0.8894743323326111,3.366698741912842,105.76317596435547,0.6916161115671011,-3.5308059944561436,-86.7312218910164,4.0386114,-1.7577305,3.3850667,-12.043339,2.016598,27.826477,27.824465,-5.4794817,34.780464,22.898258,-7.3013525,-6.9502664,-56.131466,-29.591858,43.834126,19.554167,-35.292904,-16.841454,-12.411484,2.1540809,6.315118,0.0692996,9.736233,-7.774217,0.0,8.03597,-4.6356754,-18.20067,5.069491,-11.082814,0.0
479,-0.8842999339103699,3.364818572998047,105.7612075805664,0.7060194305104641,-3.5794857538801135,-86.73765822712616,4.049293,-1.7503037,3.391034,-12.066905,2.0390432,27.64173,27.81583,-5.5285883,34.87973,22.805584,-7.312793,-6.987326,-56.452095,-29.563728,43.89671,19.616077,-35.119987,-16.772078,-12.27,2.235694,6.292376,0.0977739,9.707066,-7.771866,0.0,8.101809,-4.654604,-18.214357,5.0662775,-11.090219,0.0
480,-0.8822876214981079,3.367046356201172,105.76089477539062,0.7159076141636,-3.6162451223743384,-86.74012961150079,4.0579934,-1.7438508,3.3843775,-12.095251,2.0520031,27.48737,27.8098,-5.5691996,34.963776,22.743141,-7.3274317,-7.000052,-56.726044,-29.541985,43.922104,19.64411,-34.915386,-16.699108,-12.115754,2.2978752,6.2775445,0.11782683,9.678008,-7.763686,0.0,8.151956,-4.6654935,-18.226883,5.0579557,-11.091034,0.0
481,-0.8784277439117432,3.364964485168457,105.75843811035156,0.7154014443489161,-3.6343897144420736,-86.73962113056149,4.063719,-1.735962,3.3574815,-12.12471,2.053483,27.359344,27.805899,-5.604758,35.040462,22.726679,-7.35134,-6.9728107,-56.961372,-29.525024,43.917473,19.64137,-34.65296,-16.62325,-11.927154,2.3040953,6.2753625,0.11745131,9.713539,-7.787481,0.0,8.173454,-4.667531,-18.231972,5.065015,-11.099074,0.0
482,-0.8674797415733337,3.3665013313293457,105.75590515136719,0.7070776937981588,-3.640207500117893,-86.73694278836753,4.0674176,-1.7277217,3.3178482,-12.153561,2.0451,27.253933,27.804232,-5.636953,35.110653,22.735798,-7.382214,-6.919424,-57.16517,-29.512146,43.89127,19.615183,-34.353603,-16.5441,-11.722822,2.2712538,6.2789373,0.103946045,9.787662,-7.8257365,0.0,8.1823435,-4.6635513,-18.234816,5.0614963,-11.096699,0.0
483,-0.8623373508453369,3.364919900894165,105.7552719116211,0.6978684493928411,-3.643625052301141,-86.72943278531297,4.070663,-1.7236878,3.2772083,-12.191659,2.0306268,27.176407,27.805151,-5.659565,35.163094,22.74976,-7.4090395,-6.864317,-57.32365,-29.506205,43.827312,19.561106,-34.06238,-16.46089,-11.537585,2.2515357,6.2870097,0.09023754,9.832078,-7.849614,0.0,8.1895,-4.6543527,-18.241493,5.060819,-11.099011,0.0
484,-0.8610362410545349,3.370162010192871,105.75436401367188,0.693598804984998,-3.654533797727082,-86.71464814956376,4.0743794,-1.728325,3.2447221,-12.212606,2.0236468,27.172556,27.806013,-5.6576467,35.1466,22.74991,-7.412233,-6.828094,-57.333282,-29.508635,43.772972,19.411291,-33.881077,-16.310173,-11.508606,2.24088,6.2905707,0.07093185,9.864906,-7.8639064,0.0,8.201313,-4.64902,-18.25722,5.0637217,-11.1014,0.0
485,-0.8612509965896606,3.363652467727661,105.7530517578125,0.6945816283138558,-3.6766719852279097,-86.68992582073729,4.081688,-1.7442049,3.2283175,-12.259493,2.0090888,27.168388,27.807816,-5.6517525,35.134285,22.726751,-7.401389,-6.8177304,-57.344597,-29.513498,43.672638,19.280905,-33.704086,-16.157928,-11.535071,2.2655265,6.2879157,0.050499994,9.866763,-7.8704367,0.0,8.2410555,-4.646104,-18.290985,5.061725,-11.112826,0.0
486,-0.8614649772644043,3.362671375274658,105.75233459472656,0.6993364559706639,-3.7048215887828357,-86.65731074353171,4.0917487,-1.7692734,3.2226758,-12.395732,1.9676008,27.159298,27.813341,-5.6351686,35.127842,22.689259,-7.37962,-6.836324,-57.368134,-29.524458,43.445793,19.179842,-33.52618,-16.06286,-11.538648,2.300676,6.2799225,0.024446024,9.85195,-7.8652587,0.0,8.28649,-4.6474967,-18.334587,5.059976,-11.122761,0.0
487,-0.8591547608375549,3.369100332260132,105.75238800048828,0.7058560003723233,-3.734258188570572,-86.62084997794543,4.0995655,-1.797842,3.2207108,-12.496254,1.9421237,27.149603,27.820215,-5.6184654,35.133583,22.650589,-7.3569417,-6.860149,-57.391315,-29.533634,43.223335,19.09083,-33.36482,-15.973104,-11.570808,2.332247,6.2679496,-0.006098361,9.83549,-7.854223,0.0,8.329291,-4.653059,-18.38136,5.057906,-11.127603,0.0
488,-0.8636646270751953,3.377042770385742,105.75186157226562,0.7106251041020073,-3.761209963320529,-86.58420509664082,4.100406,-1.8251724,3.2176838,-12.6059,1.9132625,27.139666,27.827682,-5.6040835,35.15451,22.619461,-7.33871,-6.8765874,-57.414463,-29.541195,42.98849,18.991568,-33.214462,-15.888119,-11.5536995,2.3585963,6.2622333,-0.03751331,9.820698,-7.842382,0.0,8.367518,-4.651938,-18.426655,5.056099,-11.132667,0.0
489,-0.863381564617157,3.3774330615997314,105.7514877319336,0.7161169490462693,-3.78596632908288,-86.54814405955207,4.0961776,-1.8510615,3.2162738,-12.707034,1.8996809,27.05147,27.829586,-5.5756545,35.29179,22.616516,-7.3666205,-6.9033747,-57.591244,-29.5139,42.61004,19.033333,-33.0182,-15.944881,-11.30936,2.3854873,6.2536016,-0.06635642,9.809817,-7.8368835,0.0,8.408257,-4.654577,-18.471252,5.054239,-11.141076,0.0
490,-0.8720697164535522,3.376555919647217,105.74987030029297,0.7207538185963236,-3.810002352299292,-86.51055364354005,4.0818777,-1.8750352,3.21104,-12.734244,1.9019787,27.043222,27.83704,-5.5914335,35.3237,22.573215,-7.3298197,-6.888159,-57.60795,-29.510897,42.461147,18.920433,-32.882812,-15.801861,-11.298353,2.4134834,6.2515593,-0.09549505,9.79553,-7.829541,0.0,8.452743,-4.648524,-18.518112,5.044757,-11.148477,0.0
491,-0.8802732229232788,3.3819258213043213,105.74829864501953,0.7273498293204733,-3.8315690985991915,-86.47170072252091,4.0628138,-1.9001026,3.207142,-12.764817,1.9074092,27.035236,27.849936,-5.617924,35.36686,22.534706,-7.293208,-6.8684077,-57.62386,-29.506542,42.24304,18.812626,-32.765854,-15.700806,-11.223736,2.431857,6.2467136,-0.12873913,9.784305,-7.8194065,0.0,8.482302,-4.648412,-18.562103,5.0508113,-11.158768,0.0
492,-0.8744743466377258,3.3901047706604004,105.74832916259766,0.733428342759305,-3.8489929258568965,-86.43129686216726,4.04221,-1.9284716,3.2067246,-12.817497,1.9127489,26.963682,27.88252,-5.661714,35.51003,22.513079,-7.300614,-6.855252,-57.740353,-29.43058,41.81789,18.840847,-32.682827,-15.752771,-10.96215,2.4374375,6.233666,-0.16699874,9.783362,-7.811593,0.0,8.509655,-4.656202,-18.607864,5.048412,-11.159782,0.0
493,-0.8717905879020691,3.3972129821777344,105.74957275390625,0.7415040327370017,-3.8579857996533136,-86.38910191309479,4.014305,-1.9563879,3.2035894,-12.865641,1.9132798,26.92631,27.871254,-5.6528416,35.631775,22.606348,-7.3118153,-6.8529305,-57.82317,-29.389702,41.578865,18.810946,-32.606186,-15.697278,-10.866902,2.444235,6.2196784,-0.20674592,9.759253,-7.790312,0.0,8.5267515,-4.664804,-18.65399,5.0471225,-11.160898,0.0
494,-0.8653877973556519,3.407872438430786,105.751708984375,0.7484168577743646,-3.860649928015195,-86.3452770296679,3.9779623,-1.9836571,3.1975503,-12.88374,1.9130776,26.925022,27.875174,-5.6653137,35.68918,22.700987,-7.2852783,-6.850663,-57.828148,-29.389336,41.489914,18.688477,-32.55187,-15.549127,-10.917061,2.437837,6.2043514,-0.25207683,9.739223,-7.766853,0.0,8.538617,-4.6733704,-18.701088,5.0363855,-11.153535,0.0
495,-0.8609693646430969,3.4209020137786865,105.75222778320312,0.756568501174449,-3.864928013961334,-86.30016299349305,3.941583,-2.015591,3.198878,-12.96391,1.9119301,26.918037,27.887922,-5.681007,35.802757,22.800129,-7.2967925,-6.835327,-57.8862,-29.346699,41.060947,18.647213,-32.537243,-15.584443,-10.694655,2.4229908,6.188629,-0.30174938,9.734814,-7.750394,0.0,8.541889,-4.685369,-18.747242,5.043411,-11.153614,0.0
496,-0.8649411797523499,3.4298837184906006,105.7535629272461,0.7632298686738687,-3.878222609600891,-86.25475392376016,3.895365,-2.0446808,3.204573,-12.97792,1.9065448,26.917767,27.893415,-5.7014737,35.884068,22.826305,-7.2710943,-6.8395844,-57.88946,-29.345537,40.973816,18.530384,-32.48758,-15.439977,-10.773632,2.4383392,6.18015,-0.3413632,9.700159,-7.722996,0.0,8.563365,-4.687308,-18.79801,5.042084,-11.1559305,0.0
497,-0.86993408203125,3.4393680095672607,105.7529067993164,0.7675647233024288,-3.9092044390095646,-86.20532267594217,3.8482876,-2.0788968,3.2268863,-13.0299225,1.8793635,26.918365,27.908386,-5.7507763,36.02586,22.74922,-7.2794247,-6.814932,-57.896095,-29.335701,40.674503,18.434666,-32.458027,-15.390526,-10.727786,2.4637682,6.175093,-0.38195905,9.687098,-7.7102075,0.0,8.608401,-4.684206,-18.858622,5.03955,-11.16179,0.0
498,-0.876189112663269,3.4532909393310547,105.75189208984375,0.7712860907173826,-3.9512695453330724,-86.15302717164465,3.796815,-2.116695,3.2593012,-13.062903,1.8490248,26.928986,27.952005,-5.823688,36.170357,22.5745,-7.289613,-6.79068,-57.88283,-29.257755,40.254715,18.38234,-32.501133,-15.404668,-10.627824,2.4981081,6.171483,-0.42223057,9.677432,-7.6988187,0.0,8.6677,-4.678099,-18.92565,5.03233,-11.165545,0.0
499,-0.8740332126617432,3.4653656482696533,105.75143432617188,0.7738810365204256,-3.990729827358466,-86.10441548283727,3.7403011,-2.151718,3.2893965,-13.0817585,1.8143362,26.948801,27.967663,-5.8680186,36.32103,22.427069,-7.301109,-6.778621,-57.850155,-29.22004,39.978367,18.282524,-32.511665,-15.341079,-10.64172,2.5242941,6.1644607,-0.46081892,9.680954,-7.6951528,0.0,8.719426,-4.6782565,-18.98619,5.034767,-11.172848,0.0
500,-0.871849775314331,3.4755733013153076,105.75190734863281,0.7764033841954113,-4.01380183549287,-86.06581620261137,3.681351,-2.182007,3.3062508,-13.087753,1.7765986,26.981548,27.974365,-5.9025583,36.46958,22.332891,-7.3087416,-6.773207,-57.80862,-29.189875,39.71673,18.16847,-32.51461,-15.275075,-10.642263,2.53562,6.15814,-0.49300292,9.680429,-7.6877728,0.0,8.750259,-4.679515,-19.031263,5.035016,-11.175476,0.0
501,-0.87469482421875,3.494075298309326,105.75276947021484,0.7802109628638659,-4.0120495388454165,-86.03886440461497,3.616927,-2.2084768,3.3023264,-13.077715,1.7315271,27.028982,27.980381,-5.9417233,36.60352,22.289907,-7.2980847,-6.772496,-57.764664,-29.159168,39.46881,18.045147,-32.520634,-15.2048235,-10.626001,2.5136967,6.1536946,-0.5220371,9.67694,-7.6683674,0.0,8.742879,-4.6812887,-19.054964,5.030745,-11.164369,0.0
502,-0.8727967739105225,3.5050675868988037,105.75480651855469,0.7856819229933213,-3.9942058824259834,-86.02001237989577,3.5460224,-2.2312438,3.285859,-13.053836,1.6810826,27.04412,27.993828,-6.014975,36.75785,22.25405,-7.2624006,-6.77873,-57.753693,-29.145409,39.298996,17.92963,-32.488785,-15.11182,-10.637291,2.483242,6.1452503,-0.5440162,9.663774,-7.645593,0.0,8.714901,-4.6905684,-19.064564,5.0344534,-11.157199,0.0
503,-0.8756831288337708,3.523470163345337,105.75669860839844,0.7885897837853765,-3.973007649885806,-86.00882751978455,3.4768763,-2.249539,3.267045,-13.020301,1.6290183,27.108679,28.034595,-6.122048,36.86938,22.189068,-7.215763,-6.7627764,-57.70009,-29.092834,39.0329,17.812546,-32.506676,-15.06155,-10.573392,2.4431303,6.1429257,-0.56164604,9.655253,-7.6207266,0.0,8.676472,-4.694375,-19.064022,5.034933,-11.142366,0.0
504,-0.8791007995605469,3.5475194454193115,105.75779724121094,0.7856338912936244,-3.9609412481121584,-86.00476458855117,3.414238,-2.258634,3.2576041,-12.982888,1.58353,27.183184,28.047422,-6.1675014,37.005024,22.188795,-7.2039275,-6.770654,-57.646084,-29.06692,38.84352,17.685684,-32.46561,-14.991619,-10.532884,2.4030783,6.1479864,-0.5742379,9.665785,-7.6054783,0.0,8.646573,-4.690005,-19.058945,5.029394,-11.121943,0.0
505,-0.8830772042274475,3.5720407962799072,105.75939178466797,0.7732833102938153,-3.9614034640394635,-86.00481697748835,3.3570206,-2.2561698,3.2609975,-12.939867,1.5470049,27.235992,28.05542,-6.2097707,37.18669,22.21055,-7.2159986,-6.78347,-57.6089,-29.05732,38.705303,17.573147,-32.35555,-14.92504,-10.485647,2.3717778,6.1651573,-0.58255047,9.692264,-7.602563,0.0,8.623976,-4.675293,-19.050627,5.037969,-11.111462,0.0
506,-0.8807013034820557,3.597464084625244,105.76006317138672,0.7539652738476681,-3.9677914262358787,-86.01039202358055,3.3019161,-2.2439342,3.2715497,-12.921235,1.5338534,27.242044,28.057634,-6.2308664,37.410454,22.263891,-7.2323494,-6.8317943,-57.60492,-29.056438,38.672134,17.494226,-32.19397,-14.843281,-10.483515,2.3303723,6.1872816,-0.5905715,9.754608,-7.6198807,0.0,8.609947,-4.6552787,-19.03865,5.0397987,-11.096412,0.0
507,-0.8752789497375488,3.6211700439453125,105.759765625,0.7346408282839052,-3.977013177074115,-86.0270720839148,3.254785,-2.2266393,3.286217,-12.859994,1.4999869,27.256622,28.062271,-6.2843523,37.67496,22.311926,-7.282588,-6.848576,-57.59451,-29.054598,38.598877,17.401867,-32.000786,-14.773567,-10.409036,2.2921104,6.207732,-0.5876703,9.826034,-7.6451516,0.0,8.59876,-4.6379166,-19.017609,5.0418925,-11.081461,0.0
508,-0.8644420504570007,3.642287492752075,105.76078796386719,0.7248164721391479,-3.9863338982999843,-86.06065427091913,3.2188544,-2.207111,3.3026035,-12.780552,1.4551014,27.296274,28.06942,-6.3775725,37.896286,22.32102,-7.299422,-6.8412538,-57.56285,-29.050135,38.49262,17.310877,-31.838453,-14.736993,-10.305584,2.2825365,6.2134576,-0.5589239,9.855885,-7.652896,0.0,8.5907755,-4.6359367,-18.982693,5.036031,-11.060453,0.0
509,-0.8615100979804993,3.6650240421295166,105.7632064819336,0.7298545383478805,-3.9975844050167,-86.11519003991741,3.1953287,-2.1857374,3.323873,-12.7251,1.4220179,27.361881,28.07348,-6.485497,38.063995,22.296408,-7.2873597,-6.818743,-57.508842,-29.048233,38.39963,17.193087,-31.70184,-14.692821,-10.190419,2.3178513,6.205327,-0.49629223,9.814365,-7.626822,0.0,8.576006,-4.6503096,-18.928217,5.0386243,-11.040433,0.0
510,-0.8464967012405396,3.691845417022705,105.7679443359375,0.7430193136675708,-4.011274745742994,-86.18686851033299,3.1823304,-2.1608279,3.3494573,-12.670391,1.3898579,27.466663,28.063707,-6.565857,38.20674,22.28777,-7.2811513,-6.8031063,-57.425694,-29.056446,38.32666,17.05301,-31.563951,-14.6407585,-10.073316,2.369696,6.179454,-0.41233572,9.752004,-7.590942,0.0,8.555992,-4.685598,-18.857254,5.0466948,-11.015574,0.0
511,-0.8187118172645569,3.7143449783325195,105.77023315429688,0.7556849196633197,-4.022763268470303,-86.26938026082041,3.1764586,-2.1324792,3.3737402,-12.611437,1.3633125,27.564983,28.049932,-6.644368,38.35108,22.283024,-7.270352,-6.79598,-57.35099,-29.06887,38.276684,16.919796,-31.42065,-14.592002,-9.964309,2.4027972,6.1469007,-0.32389045,9.731689,-7.5799923,0.0,8.541546,-4.727292,-18.777603,5.041163,-10.982924,0.0
512,-0.7977737188339233,3.7450835704803467,105.7728271484375,0.7623058836013418,-4.027493073201053,-86.35665385336875,3.1747367,-2.1007469,3.3896728,-12.544782,1.3467793,27.664295,28.033659,-6.700028,38.489765,22.300402,-7.258019,-6.8108497,-57.27682,-29.082619,38.242435,16.789312,-31.283949,-14.546912,-9.885709,2.4186914,6.1268077,-0.23392479,9.718779,-7.5663023,0.0,8.507465,-4.759032,-18.686659,5.0417004,-10.947744,0.0
513,-0.7855532765388489,3.7745211124420166,105.7763442993164,0.7582866766188634,-4.0226249026550045,-86.45147805793852,3.1807816,-2.063265,3.393809,-12.470163,1.3450444,27.747961,28.023735,-6.7449603,38.632133,22.345106,-7.238942,-6.856878,-57.212738,-29.095781,38.234352,16.674046,-31.151539,-14.510236,-9.848605,2.4222944,6.126526,-0.13793133,9.711333,-7.5554934,0.0,8.453531,-4.7739043,-18.581013,5.052712,-10.917419,0.0
514,-0.7712741494178772,3.806398868560791,105.77862548828125,0.7471019401028419,-4.0112925011671505,-86.55578157106065,3.1949923,-2.0206473,3.3902652,-12.389595,1.3549998,27.817648,28.013905,-6.778639,38.77988,22.413254,-7.2148123,-6.927822,-57.157124,-29.107868,38.248074,16.569864,-31.021679,-14.479117,-9.837014,2.3984551,6.134872,-0.03987174,9.742142,-7.562152,0.0,8.389542,-4.781443,-18.462526,5.0583296,-10.88032,0.0
515,-0.7623180747032166,3.8355813026428223,105.7820816040039,0.7354269325083258,-3.9974056992058884,-86.66147415431722,3.2083611,-1.9780905,3.3842065,-12.301822,1.3697581,27.910843,28.001211,-6.7990813,38.900932,22.471159,-7.1859245,-6.9989367,-57.080063,-29.124191,38.26091,16.446053,-30.904913,-14.445871,-9.8402,2.3867116,6.1475077,0.06471693,9.747648,-7.5568037,0.0,8.327463,-4.783181,-18.343092,5.0561986,-10.84161,0.0
516,-0.7591655254364014,3.8664214611053467,105.78335571289062,0.7275805228248303,-3.9847134784871794,-86.76057931887546,3.212003,-1.9402922,3.3812077,-12.205653,1.382648,28.01843,27.985722,-6.8139853,39.00609,22.482834,-7.1572833,-7.055645,-56.98868,-29.137299,38.26022,16.30625,-30.798777,-14.405546,-9.84324,2.3679419,6.158554,0.15924968,9.762733,-7.5545816,0.0,8.26018,-4.787641,-18.228252,5.067874,-10.810251,0.0
517,-0.7563461661338806,3.8949954509735107,105.78604125976562,0.7253059060397681,-3.972336320893447,-86.85077821008892,3.20182,-1.9109029,3.3803163,-12.0981245,1.3928895,28.14754,27.96316,-6.8215566,39.093624,22.416609,-7.1248007,-7.092216,-56.878517,-29.144756,38.24263,16.14445,-30.71525,-14.352417,-9.846803,2.3653865,6.162251,0.2505941,9.74628,-7.536208,0.0,8.200645,-4.796751,-18.124372,5.072661,-10.778014,0.0
518,-0.7511114478111267,3.927536725997925,105.78856658935547,0.7268352030865556,-3.958802728531104,-86.93639076247965,3.1830518,-1.8864886,3.3793373,-11.980877,1.4048197,28.288149,27.93782,-6.8262978,39.168365,22.293617,-7.086687,-7.11752,-56.758442,-29.146091,38.21824,15.972116,-30.647488,-14.291532,-9.856746,2.3558116,6.159661,0.3355655,9.732653,-7.5155683,0.0,8.141248,-4.811291,-18.025084,5.071882,-10.740259,0.0
519,-0.7423693537712097,3.95359468460083,105.79283142089844,0.7272008225451501,-3.9475767226322054,-87.01958497949498,3.160918,-1.8614529,3.382389,-11.858784,1.41445,28.416925,27.914133,-6.836871,39.246986,22.16885,-7.054727,-7.1358047,-56.646866,-29.141495,38.195427,15.80796,-30.573902,-14.232995,-9.867051,2.3574796,6.1562676,0.4214094,9.710085,-7.494827,0.0,8.085338,-4.8272157,-17.928228,5.0798187,-10.711372,0.0
520,-0.7335265278816223,3.9835219383239746,105.79435729980469,0.7225626377147276,-3.942179181732085,-87.10224129990759,3.141018,-1.830631,3.3926303,-11.737359,1.4187706,28.566586,27.884712,-6.8189993,39.29785,22.12423,-7.0443425,-7.155811,-56.51736,-29.138815,38.159702,15.631461,-30.492025,-14.183161,-9.870226,2.3421075,6.1590824,0.4993995,9.72918,-7.4947047,0.0,8.038277,-4.8354716,-17.834112,5.0796,-10.67748,0.0
521,-0.7226972579956055,4.013327598571777,105.79439544677734,0.7110967691961982,-3.946028876326746,-87.18671810372432,3.1240008,-1.7893449,3.414257,-11.613347,1.4143386,28.698736,27.856262,-6.7960024,39.35659,22.181715,-7.0649257,-7.1737804,-56.401314,-29.13485,38.128593,15.467043,-30.37097,-14.146537,-9.858881,2.3266954,6.1693783,0.5769995,9.772447,-7.5104074,0.0,7.997901,-4.837438,-17.73877,5.0881205,-10.649963,0.0
522,-0.7146954536437988,4.044220924377441,105.7967758178711,0.6957322985524735,-3.9564235306569224,-87.27134943358863,3.1072643,-1.7414275,3.444172,-11.485447,1.403438,28.82171,27.824781,-6.7631583,39.41851,22.30752,-7.109186,-7.1885953,-56.290413,-29.127474,38.09698,15.308513,-30.226286,-14.11797,-9.838695,2.3354723,6.185914,0.6619725,9.784932,-7.5120287,0.0,7.9669394,-4.831262,-17.645521,5.091893,-10.621243,0.0
523,-0.7018375992774963,4.077591896057129,105.79942321777344,0.6791091975541906,-3.9678208115125226,-87.35240974686573,3.0907152,-1.6941972,3.4766173,-11.361313,1.3915728,28.925915,27.796143,-6.740188,39.48459,22.434542,-7.1560955,-7.2023907,-56.192295,-29.117914,38.0681,15.164848,-30.083368,-14.096633,-9.823338,2.3356745,6.200937,0.74060047,9.811195,-7.518981,0.0,7.9361362,-4.8266582,-17.555666,5.095734,-10.590621,0.0
524,-0.6934227347373962,4.113123893737793,105.80208587646484,0.6670940658883778,-3.9746478070193887,-87.42646247647133,3.0745337,-1.6549836,3.5053592,-11.2488575,1.3842567,29.030685,27.765352,-6.7151804,39.534466,22.519049,-7.190536,-7.2221675,-56.090294,-29.109156,38.031227,15.02605,-29.977043,-14.079813,-9.82658,2.3311307,6.212772,0.81188846,9.827966,-7.5168877,0.0,7.9000287,-4.824604,-17.472136,5.099326,-10.559152,0.0
525,-0.6840179562568665,4.147533893585205,105.80549621582031,0.6603875688215509,-3.9766965536220886,-87.49333500664625,3.0599334,-1.6261998,3.5303278,-11.151332,1.3794541,29.13033,27.737291,-6.698325,39.569984,22.530481,-7.2044106,-7.2453303,-55.989384,-29.10284,37.98687,14.895994,-29.920107,-14.070715,-9.857201,2.3259232,6.2172265,0.87745833,9.831662,-7.505961,0.0,7.8634033,-4.828681,-17.396526,5.0968366,-10.524764,0.0
526,-0.6756466031074524,4.17933988571167,105.80581665039062,0.6564618440566302,-3.976430653689595,-87.55471767527854,3.046374,-1.6038938,3.5543878,-11.064077,1.3749927,29.21581,27.713465,-6.6942644,39.60108,22.496,-7.20659,-7.2693315,-55.897427,-29.096638,37.94092,14.779858,-29.891813,-14.069525,-9.906317,2.303241,6.2191052,0.93151003,9.862598,-7.509078,0.0,7.82143,-4.8370514,-17.325027,5.106108,-10.498164,0.0
527,-0.6671456694602966,4.21632719039917,105.80870819091797,0.6550131966011893,-3.9725622671499634,-87.60945822320969,3.0314624,-1.5853063,3.5754764,-10.983106,1.3775753,29.29456,27.690582,-6.6950083,39.622684,22.448101,-7.2033286,-7.299102,-55.808125,-29.090458,37.894287,14.671829,-29.87224,-14.069886,-9.960668,2.2870378,6.217263,0.9830122,9.862078,-7.4905334,0.0,7.7784657,-4.846797,-17.26061,5.10356,-10.462076,0.0
528,-0.6718018651008606,4.2535400390625,105.8115234375,0.6535477861266477,-3.9632332204744785,-87.6566878126075,3.0124996,-1.5679185,3.5923347,-10.903998,1.3914943,29.367,27.674864,-6.713398,39.62871,22.39997,-7.1928205,-7.33519,-55.721504,-29.084194,37.852074,14.5707035,-29.838478,-14.06602,-10.007341,2.2693534,6.2227216,1.0269884,9.846291,-7.4613733,0.0,7.7247367,-4.8487453,-17.200535,5.1103177,-10.432549,0.0
529,-0.6763868927955627,4.286715984344482,105.81537628173828,0.6574326323310271,-3.944842223308864,-87.69404969902101,2.987929,-1.5518584,3.6014066,-10.826072,1.4264401,29.43014,27.669304,-6.762063,39.618256,22.340622,-7.1695585,-7.384078,-55.642437,-29.076912,37.816998,14.482276,-29.781273,-14.056607,-10.042836,2.2506933,6.221303,1.0629238,9.80923,-7.4195523,0.0,7.6655493,-4.8567996,-17.149366,5.1157875,-10.40432,0.0
530,-0.6768723726272583,4.323835372924805,105.81815338134766,0.6617478371794486,-3.9192403542213854,-87.72270164947919,2.959568,-1.5383061,3.6044772,-10.751603,1.4769753,29.489758,27.668787,-6.82545,39.59057,22.271824,-7.137597,-7.444529,-55.56549,-29.06939,37.784176,14.401762,-29.71612,-14.044384,-10.0736,2.2045856,6.2166386,1.0824922,9.796555,-7.3841777,0.0,7.598417,-4.867756,-17.104975,5.1177006,-10.370719,0.0
531,-0.6687891483306885,4.360973834991455,105.82266235351562,0.6666412344852968,-3.893570663720155,-87.74702981561292,2.929571,-1.5258037,3.6077967,-10.680376,1.5258144,29.540844,27.669575,-6.8861876,39.55758,22.21886,-7.1088285,-7.503899,-55.49668,-29.061672,37.75752,14.331063,-29.645308,-14.031208,-10.103355,2.1595252,6.2059436,1.0984716,9.7799835,-7.346674,0.0,7.5332065,-4.884717,-17.065119,5.1183176,-10.335568,0.0
532,-0.664750874042511,4.395688533782959,105.82489013671875,0.6688449800088431,-3.87526560383078,-87.77116760850951,2.900269,-1.5131445,3.6175187,-10.612673,1.5575205,29.599266,27.667206,-6.917902,39.510788,22.210125,-7.0937634,-7.549016,-55.412224,-29.053625,37.72475,14.249161,-29.585236,-14.016788,-10.134973,2.1166186,6.2012596,1.11253,9.780359,-7.321594,0.0,7.4774156,-4.895457,-17.027029,5.1217513,-10.3058605,0.0
533,-0.6583953499794006,4.427803039550781,105.8272705078125,0.6651853897365927,-3.869312742987055,-87.79563018463288,2.8693004,-1.4981105,3.638683,-10.547524,1.5617418,29.66455,27.65424,-6.898627,39.454113,22.283348,-7.104576,-7.5806108,-55.309364,-29.047905,37.68473,14.147197,-29.532904,-13.995583,-10.163393,2.0877094,6.202404,1.1285075,9.788499,-7.3062224,0.0,7.4393725,-4.899321,-16.99178,5.124067,-10.279721,0.0
534,-0.6533123254776001,4.461686134338379,105.82974243164062,0.6586440600485586,-3.8707672689296313,-87.81824557669206,2.8363113,-1.4819304,3.6673906,-10.484899,1.547657,29.72082,27.636711,-6.855972,39.39699,22.407831,-7.1308413,-7.6024613,-55.208954,-29.04256,37.64816,14.045724,-29.476538,-13.970287,-10.18976,2.066599,6.207758,1.143537,9.797326,-7.292238,0.0,7.412971,-4.8972516,-16.960667,5.120201,-10.251828,0.0
535,-0.6510969400405884,4.495760917663574,105.83271026611328,0.6512827744413858,-3.8718333565548964,-87.83986910590153,2.8069766,-1.468491,3.6942916,-10.42704,1.5314593,29.771563,27.61703,-6.8048115,39.33834,22.539042,-7.161082,-7.615636,-55.105377,-29.039463,37.613678,13.94741,-29.426775,-13.951239,-10.224144,2.0474083,6.2156324,1.1578265,9.8008,-7.275626,0.0,7.380205,-4.893828,-16.928593,5.1275783,-10.229555,0.0
536,-0.65009605884552,4.532525539398193,105.83536529541016,0.6488308214096538,-3.864970516592673,-87.86115426092789,2.786821,-1.4613479,3.7112424,-10.375798,1.5272565,29.810375,27.601719,-6.7699385,39.284443,22.624704,-7.18218,-7.620289,-55.01544,-29.04021,37.592716,13.8727455,-29.384212,-13.950664,-10.27669,2.0195262,6.218365,1.1707503,9.797574,-7.2515783,0.0,7.338459,-4.895556,-16.895754,5.129586,-10.201295,0.0
537,-0.6438440680503845,4.562384605407715,105.83976745605469,0.6494473431317113,-3.8454982530214066,-87.88221791228364,2.7791648,-1.4652591,3.7121675,-10.335327,1.5404264,29.831482,27.59719,-6.7674003,39.23785,22.638224,-7.1844935,-7.6139727,-54.958588,-29.042013,37.593338,13.845003,-29.35303,-13.980445,-10.359027,1.989808,6.213839,1.1854682,9.775407,-7.218878,0.0,7.2857513,-4.904911,-16.861479,5.1318355,-10.1740055,0.0
538,-0.6400362253189087,4.597810745239258,105.84361267089844,0.6541629386894354,-3.818465606164058,-87.90268756315766,2.7803693,-1.477017,3.702417,-10.311381,1.5578179,29.844988,27.597778,-6.7749434,39.196316,22.61657,-7.1808753,-7.6015,-54.915524,-29.043978,37.603863,13.8608,-29.32597,-14.0422945,-10.453044,1.9492298,6.205705,1.1975228,9.747963,-7.1780505,0.0,7.220204,-4.9183636,-16.825478,5.1329803,-10.141075,0.0
539,-0.6462008953094482,4.632253170013428,105.84840393066406,0.6598819115418356,-3.7904030324950493,-87.92256860528514,2.7854886,-1.4883173,3.6922042,-10.295543,1.5703214,29.851944,27.59847,-6.781243,39.1481,22.58207,-7.1780033,-7.5817146,-54.88894,-29.045443,37.6152,13.870836,-29.300447,-14.095747,-10.540492,1.9247046,6.2020245,1.2144985,9.688229,-7.1208124,0.0,7.152953,-4.9263835,-16.78973,5.135853,-10.111148,0.0
540,-0.6547548770904541,4.662531852722168,105.85191345214844,0.6619461467984323,-3.767537318601138,-87.94216504404996,2.7896593,-1.4915417,3.6894238,-10.248417,1.5973197,29.858908,27.599142,-6.79452,39.085136,22.539164,-7.1719193,-7.550585,-54.857944,-29.047485,37.643833,13.881924,-29.245024,-14.140941,-10.634356,1.9022031,6.204536,1.2310823,9.642531,-7.074415,0.0,7.0955973,-4.9274645,-16.756409,5.137978,-10.085472,0.0
541,-0.6502658128738403,4.697216510772705,105.8548355102539,0.6595899698480725,-3.75382743866036,-87.96332145219317,2.7924001,-1.4817486,3.6983492,-10.179197,1.6141002,29.872154,27.595955,-6.8096294,39.01591,22.500689,-7.180684,-7.497515,-54.789547,-29.054718,37.688522,13.855944,-29.148947,-14.147716,-10.719666,1.8683553,6.205373,1.2440385,9.636341,-7.047972,0.0,7.0469127,-4.931692,-16.722572,5.1393595,-10.056115,0.0
542,-0.652515709400177,4.732513904571533,105.85740661621094,0.6544100694619902,-3.745136100732759,-87.98547036646585,2.7961612,-1.4643422,3.7144809,-10.118424,1.6196715,29.885727,27.58614,-6.8080754,38.940155,22.47329,-7.2007957,-7.4378295,-54.7084,-29.066893,37.71785,13.803388,-29.031769,-14.144661,-10.777348,1.8426673,6.213819,1.2596984,9.626397,-7.020235,0.0,7.004706,-4.927187,-16.689117,5.1388807,-10.027865,0.0
543,-0.6540477275848389,4.760589599609375,105.86055755615234,0.6491134157806397,-3.736137825610841,-88.0043909735358,2.8000045,-1.4454743,3.7311542,-10.05717,1.6209031,29.894976,27.577972,-6.809122,38.856915,22.437033,-7.2176447,-7.3834753,-54.63667,-29.07815,37.751156,13.770216,-28.901827,-14.146379,-10.8239155,1.8248098,6.2218113,1.2749339,9.60874,-6.9929104,0.0,6.9645534,-4.9234085,-16.658875,5.1452937,-10.0082035,0.0
544,-0.6559640169143677,4.785937309265137,105.86363983154297,0.6485874564185236,-3.721908129722215,-88.01596354444936,2.8035784,-1.4316165,3.7426374,-10.003195,1.6180904,29.902287,27.567926,-6.7997584,38.76324,22.40109,-7.227192,-7.3538485,-54.55811,-29.092888,37.7777,13.734388,-28.802837,-14.150442,-10.870355,1.8047235,6.2239084,1.2836664,9.581556,-6.960098,0.0,6.9243364,-4.9242945,-16.6364,5.146512,-9.987479,0.0
545,-0.6495058536529541,4.810814380645752,105.8680648803711,0.6507345139046994,-3.698222055458954,-88.01655944139782,2.8049688,-1.4247226,3.745713,-9.963619,1.6114736,29.90452,27.562685,-6.791252,38.650066,22.339506,-7.2168827,-7.3622084,-54.505314,-29.103985,37.80139,13.716614,-28.738626,-14.158155,-10.902415,1.770536,6.216757,1.2797412,9.553458,-6.9241123,0.0,6.8748975,-4.9342113,-16.622503,5.147834,-9.96478,0.0
546,-0.6483768224716187,4.845404624938965,105.87158203125,0.6566213495040626,-3.669007218313215,-88.009154950192,2.80517,-1.421031,3.743343,-9.952203,1.6076725,29.903301,27.559723,-6.7851076,38.52878,22.261116,-7.203076,-7.3871284,-54.456528,-29.113455,37.816612,13.720894,-28.692719,-14.179354,-10.915602,1.7191745,6.207806,1.2639049,9.527468,-6.8806944,0.0,6.8139753,-4.945509,-16.613895,5.147929,-9.935666,0.0
547,-0.6557312607765198,4.878406524658203,105.87537384033203,0.6637320143397173,-3.6401567623534197,-87.99978733534196,2.8070369,-1.4192003,3.7422843,-9.932602,1.6003397,29.89964,27.557503,-6.7768416,38.39689,22.194366,-7.1811,-7.4147096,-54.413555,-29.122225,37.831886,13.711037,-28.663334,-14.190362,-10.942982,1.6819929,6.2020435,1.2506113,9.476496,-6.825245,0.0,6.754518,-4.9524045,-16.607431,5.149145,-9.910097,0.0
548,-0.6669062972068787,4.902881145477295,105.87937927246094,0.6679256404015914,-3.6177372307003886,-87.99460176088212,2.8131506,-1.4172707,3.7485702,-9.901926,1.590333,29.896955,27.556925,-6.7678623,38.26193,22.16461,-7.162574,-7.4208703,-54.39401,-29.126614,37.849728,13.707561,-28.630644,-14.210505,-10.995134,1.6663399,6.202198,1.2461537,9.413429,-6.770693,0.0,6.7072244,-4.952575,-16.599289,5.1516423,-9.892189,0.0
549,-0.6692840456962585,4.930779933929443,105.88262176513672,0.6718335059333765,-3.6064000255026096,-87.99676196379222,2.8275783,-1.4145143,3.7660534,-9.8551,1.5779572,29.893766,27.557299,-6.757467,38.12422,22.19673,-7.153281,-7.387008,-54.376057,-29.129953,37.874207,13.726603,-28.587109,-14.251427,-11.082248,1.6524488,6.1983185,1.2466806,9.374055,-6.7294736,0.0,6.671389,-4.95816,-16.585865,5.152402,-9.871212,0.0
550,-0.670830488204956,4.9531402587890625,105.88565826416016,0.6727985615154323,-3.601883803795792,-88.00253875067915,2.847735,-1.4121255,3.7907863,-9.792388,1.5630748,29.891188,27.558336,-6.7459035,37.984196,22.274498,-7.1509337,-7.3261604,-54.363968,-29.131886,37.90289,13.753041,-28.544817,-14.303443,-11.200461,1.6499192,6.1976457,1.2522286,9.338766,-6.6955686,0.0,6.6468277,-4.9602113,-16.57075,5.154323,-9.855614,0.0
551,-0.677869439125061,4.980485439300537,105.88825988769531,0.6737997890885548,-3.5969215644931967,-88.00743447518184,2.866762,-1.4107094,3.814929,-9.718763,1.5455693,29.886747,27.560808,-6.733353,37.83973,22.35724,-7.1482315,-7.261233,-54.346077,-29.133575,37.937164,13.784857,-28.503431,-14.359878,-11.330267,1.6440346,6.200276,1.2555865,9.302205,-6.6576905,0.0,6.6186175,-4.958702,-16.555925,5.155254,-9.837125,0.0
552,-0.6837611794471741,5.00764274597168,105.89058685302734,0.6747322673650841,-3.5841049641464124,-88.00676692861119,2.8783886,-1.4111195,3.8303964,-9.642456,1.5257537,29.879545,27.564417,-6.7181396,37.696774,22.40468,-7.1423616,-7.218211,-54.320065,-29.135277,37.97499,13.806333,-28.464672,-14.408635,-11.4563675,1.622215,6.2023,1.2496532,9.273626,-6.621535,0.0,6.5823526,-4.957872,-16.54575,5.154978,-9.816924,0.0
553,-0.691757082939148,5.031682014465332,105.89415740966797,0.6746272057229875,-3.5583313684619275,-87.99843901902341,2.8781157,-1.41446,3.8326359,-9.569935,1.5041938,29.868399,27.569225,-6.6990204,37.552727,22.393976,-7.127878,-7.212064,-54.28311,-29.137014,38.015247,13.809737,-28.428783,-14.448245,-11.577464,1.5902474,6.206495,1.2353663,9.232542,-6.5772467,0.0,6.533298,-4.954333,-16.541447,5.1549597,-9.797935,0.0
554,-0.6982444524765015,5.057906627655029,105.8975830078125,0.6736078340869321,-3.5245361525011156,-87.98533311983176,2.8703036,-1.4202061,3.8263679,-9.501437,1.4812694,29.846724,27.576563,-6.672199,37.409203,22.347496,-7.1062994,-7.2347784,-54.215733,-29.140331,38.05903,13.788072,-28.399817,-14.482007,-11.7080345,1.5382075,6.2109146,1.2111694,9.20466,-6.53616,0.0,6.4714694,-4.95159,-16.539747,5.1580257,-9.777031,0.0
555,-0.7025346159934998,5.083975791931152,105.89960479736328,0.6713496317756366,-3.490030078785485,-87.96990071442482,2.8614252,-1.4259452,3.8188264,-9.438684,1.45741,29.82031,27.583662,-6.648724,37.27395,22.293276,-7.0869207,-7.266302,-54.140884,-29.145382,38.08975,13.749781,-28.384398,-14.502524,-11.831832,1.4734797,6.2156544,1.1800653,9.197704,-6.505161,0.0,6.4095707,-4.948739,-16.54035,5.1615243,-9.756868,0.0
556,-0.7023561000823975,5.111260890960693,105.90404510498047,0.6698706691233168,-3.46221549802538,-87.9547508455976,2.8578095,-1.4293438,3.817564,-9.381013,1.4328086,29.812056,27.586082,-6.6313033,37.145603,22.259481,-7.078432,-7.2802334,-54.11983,-29.147312,38.11211,13.727365,-28.37121,-14.514277,-11.9273405,1.4281898,6.216413,1.1549292,9.16984,-6.4647346,0.0,6.3569207,-4.9491024,-16.542688,5.161318,-9.734149,0.0
557,-0.7040878534317017,5.132719993591309,105.90579223632812,0.6710179437220328,-3.4412347041393203,-87.94073613333711,2.8647947,-1.4291047,3.8199487,-9.325346,1.4056737,29.791159,27.589947,-6.6068583,37.015324,22.260775,-7.0782294,-7.2708664,-54.0703,-29.153236,38.1447,13.740614,-28.34554,-14.533837,-11.9963665,1.3853528,6.215795,1.1298192,9.161437,-6.4390407,0.0,6.3190036,-4.9505086,-16.547789,5.158458,-9.716168,0.0
558,-0.7154998183250427,5.153292655944824,105.90824127197266,0.6722211572000474,-3.4239530449001814,-87.92671835681607,2.8770103,-1.426529,3.8257835,-9.272716,1.3762777,29.78308,27.591759,-6.586399,36.898453,22.281536,-7.08855,-7.2544894,-54.053158,-29.157475,38.17326,13.741478,-28.331253,-14.536288,-12.055798,1.3633182,6.220507,1.1103927,9.124318,-6.400435,0.0,6.282301,-4.946219,-16.553095,5.1628923,-9.704246,0.0
559,-0.7266365885734558,5.16939115524292,105.91014862060547,0.6731823615105493,-3.411500597348365,-87.91121104484351,2.8878412,-1.4241637,3.8347416,-9.22158,1.3447957,29.774155,27.593311,-6.562067,36.780327,22.306839,-7.1023793,-7.228937,-54.035572,-29.16286,38.20623,13.768082,-28.303204,-14.543176,-12.100421,1.3468683,6.2255187,1.0908829,9.092866,-6.36795,0.0,6.2564893,-4.9409394,-16.56245,5.1649413,-9.695469,0.0
560,-0.733593225479126,5.192526817321777,105.91072845458984,0.672145684219197,-3.4049930506355013,-87.8932550316885,2.889232,-1.4247155,3.8487504,-9.170233,1.3130648,29.764338,27.5954,-6.5371313,36.66706,22.319574,-7.1118884,-7.206938,-54.01749,-29.168478,38.237473,13.794667,-28.26684,-14.550772,-12.145857,1.316394,6.230519,1.0644321,9.092655,-6.347822,0.0,6.236327,-4.9353814,-16.575144,5.1626987,-9.681205,0.0
561,-0.7391588091850281,5.211016654968262,105.91365051269531,0.6679996313238558,-3.4092924885516243,-87.87083261494867,2.8752587,-1.4292786,3.872489,-9.116429,1.2821908,29.74354,27.59912,-6.5085964,36.565002,22.307184,-7.116539,-7.188942,-53.980934,-29.176098,38.263386,13.820186,-28.218592,-14.560279,-12.189685,1.3129077,6.238076,1.0429428,9.071306,-6.3213124,0.0,6.2312555,-4.9265656,-16.59488,5.1659822,-9.675379,0.0
562,-0.7525190711021423,5.226387977600098,105.91342163085938,0.6619625609165113,-3.422487987127984,-87.845074952675,2.8509314,-1.4365683,3.9039323,-9.059847,1.2525474,29.720573,27.604233,-6.4818234,36.47893,22.278103,-7.1184945,-7.175718,-53.94253,-29.18164,38.276577,13.831762,-28.170525,-14.566701,-12.229762,1.3077291,6.2529364,1.0163968,9.076792,-6.3113437,0.0,6.241259,-4.909162,-16.621153,5.1675334,-9.674683,0.0
563,-0.7643241286277771,5.243349075317383,105.91341400146484,0.6557888756145052,-3.43483373053839,-87.81975178550634,2.8272212,-1.4449652,3.9336386,-9.001873,1.2239408,29.679049,27.613043,-6.454645,36.403885,22.252174,-7.12156,-7.1674833,-53.87572,-29.187466,38.275475,13.838761,-28.126453,-14.578865,-12.269633,1.3017015,6.2668433,0.99057287,9.080013,-6.299084,0.0,6.2495656,-4.8926215,-16.646723,5.1682224,-9.672154,0.0
564,-0.7673618197441101,5.260121822357178,105.91390991210938,0.6533559303205397,-3.4369984266377624,-87.79863848449551,2.8139021,-1.4524263,3.9528139,-8.946713,1.1972624,29.639997,27.621176,-6.4363465,36.338356,22.248669,-7.1349716,-7.165167,-53.81591,-29.192326,38.26333,13.83706,-28.102009,-14.590054,-12.313886,1.2841167,6.270991,0.9661387,9.0831995,-6.285914,0.0,6.2448907,-4.8873596,-16.665798,5.167565,-9.664342,0.0
565,-0.7658811211585999,5.276708126068115,105.91576385498047,0.654837235627725,-3.423194950910801,-87.78327244316768,2.8164465,-1.4585191,3.9558482,-8.898049,1.1730103,29.624182,27.62571,-6.4264054,36.26219,22.280624,-7.157504,-7.1617126,-53.79298,-29.19471,38.2527,13.853578,-28.085695,-14.611314,-12.366475,1.2556611,6.267343,0.945369,9.071824,-6.2635403,0.0,6.218195,-4.89133,-16.675056,5.1683135,-9.652214,0.0
566,-0.7608441114425659,5.296386241912842,105.91775512695312,0.6592900693070486,-3.3994871238911024,-87.77149978069794,2.8292985,-1.4646326,3.9481893,-8.855709,1.1508024,29.61237,27.630186,-6.4167466,36.168922,22.339653,-7.1827836,-7.1540227,-53.77633,-29.196909,38.244144,13.901243,-28.06338,-14.648435,-12.425696,1.2126025,6.257872,0.92457724,9.062173,-6.2388735,0.0,6.176206,-4.902288,-16.678013,5.1684246,-9.634156,0.0
567,-0.7676072120666504,5.312561511993408,105.91838073730469,0.6638233316114431,-3.374308959710473,-87.76129073430229,2.8439693,-1.4700704,3.9383817,-8.817978,1.1299949,29.602083,27.635458,-6.409874,36.07189,22.402729,-7.2033415,-7.147019,-53.762226,-29.199139,38.236942,13.953143,-28.03951,-14.686759,-12.485627,1.1777896,6.2552843,0.9076725,9.038431,-6.2089157,0.0,6.135694,-4.9047832,-16.680109,5.166411,-9.619405,0.0
568,-0.77333664894104,5.322991371154785,105.92293548583984,0.6657057276309629,-3.3560415099853422,-87.75093239969634,2.8530576,-1.475009,3.9344559,-8.7818365,1.1092784,29.591803,27.641562,-6.40581,35.98185,22.449148,-7.2140803,-7.1382027,-53.748352,-29.20132,38.230392,13.997776,-28.011662,-14.717225,-12.535935,1.1766007,6.2548437,0.901466,8.97573,-6.16443,0.0,6.104591,-4.9046826,-16.683643,5.169734,-9.6118145,0.0
569,-0.7795228958129883,5.331300735473633,105.92503356933594,0.6672971820814204,-3.3476955215979305,-87.73972788061988,2.8540874,-1.4788892,3.9403086,-8.744841,1.0878503,29.579687,27.64919,-6.406747,35.898487,22.468224,-7.2081366,-7.127696,-53.73218,-29.20338,38.223656,14.028589,-27.976192,-14.733687,-12.571223,1.1697842,6.2558885,0.8907157,8.949821,-6.1414447,0.0,6.089693,-4.9029036,-16.690937,5.170842,-9.607539,0.0
570,-0.7815197110176086,5.343293190002441,105.92414093017578,0.6651061881228019,-3.3444791177087883,-87.72869140676086,2.8513927,-1.482344,3.9508197,-8.706576,1.0658106,29.568922,27.657267,-6.4138556,35.82168,22.469976,-7.190535,-7.1164403,-53.717884,-29.204954,38.215973,14.0479145,-27.937244,-14.739216,-12.59698,1.138556,6.259298,0.87065065,8.978284,-6.1448026,0.0,6.079443,-4.8990965,-16.698172,5.1702943,-9.6005,0.0
571,-0.7806779742240906,5.355854511260986,105.92385864257812,0.6635963779402798,-3.343750932890302,-87.71836432499698,2.8471124,-1.4848926,3.9621704,-8.667275,1.0431424,29.558039,27.665785,-6.424929,35.75336,22.466412,-7.171157,-7.1018453,-53.703403,-29.206144,38.207806,14.06416,-27.90162,-14.741984,-12.617924,1.1158409,6.260211,0.85402083,8.996655,-6.143504,0.0,6.0712485,-4.8982453,-16.705114,5.1711564,-9.593736,0.0
572,-0.7806233167648315,5.361384868621826,105.92448425292969,0.6627561206904262,-3.344102951736989,-87.7112133443512,2.8443334,-1.4866344,3.9699895,-8.666749,1.0428549,29.545576,27.672749,-6.427892,35.743988,22.46714,-7.1746845,-7.098927,-53.688576,-29.206581,38.20393,14.0659895,-27.898241,-14.741038,-12.620415,1.1121695,6.260822,0.84760445,8.992375,-6.1359987,0.0,6.0689793,-4.897247,-16.710663,5.1716595,-9.591375,0.0
573,-0.7820184230804443,5.370947360992432,105.9250259399414,0.6619606773737217,-3.3416259492903433,-87.70152640180768,2.8394365,-1.4878328,3.9741569,-8.612952,1.0140036,29.534128,27.68173,-6.445066,35.660435,22.485727,-7.1659207,-7.064801,-53.67332,-29.206642,38.193233,14.100902,-27.87431,-14.760441,-12.669615,1.097574,6.2620716,0.832309,8.995092,-6.1288595,0.0,6.061273,-4.8955116,-16.719294,5.171236,-9.5858135,0.0
574,-0.7863051891326904,5.377316474914551,105.92562866210938,0.6597742067298208,-3.3411483563610314,-87.69431264613823,2.8353722,-1.4882087,3.9755554,-8.565143,0.98834443,29.52175,27.690752,-6.462257,35.629017,22.505308,-7.171118,-7.034999,-53.65674,-29.205933,38.18228,14.122864,-27.88222,-14.780243,-12.699219,1.0919318,6.2667794,0.8228909,8.991358,-6.1214066,0.0,6.0581775,-4.889687,-16.72693,5.1692753,-9.582072,0.0
575,-0.7855145335197449,5.383984565734863,105.92513275146484,0.6595225221281795,-3.341110915962544,-87.68901329227096,2.8312156,-1.4879876,3.9758375,-8.520678,0.96555585,29.502188,27.70173,-6.479961,35.610752,22.522783,-7.181999,-7.0081043,-53.630417,-29.20396,38.171295,14.143009,-27.898891,-14.801574,-12.730235,1.0788306,6.2663956,0.8125715,9.003901,-6.1227612,0.0,6.0529146,-4.890674,-16.731922,5.1721807,-9.579355,0.0
576,-0.7781604528427124,5.385922431945801,105.9259033203125,0.6610711596419964,-3.341242706793188,-87.68674398641804,2.8287425,-1.4882033,3.9756413,-8.417349,0.91501725,29.381498,27.73786,-6.570828,35.71598,22.480564,-7.2030873,-6.9852,-53.46992,-29.20392,38.083412,14.043591,-28.004519,-14.814772,-12.767316,1.0763592,6.25986,0.8092721,9.004446,-6.1214266,0.0,6.053112,-4.8975267,-16.734667,5.1715713,-9.57697,0.0
577,-0.7735322713851929,5.385725021362305,105.92720794677734,0.6646959069981164,-3.3419943432548043,-87.68827393758144,2.826831,-1.4886212,3.9766128,-8.360578,0.89910287,29.171497,27.741533,-6.6751647,35.908333,22.454636,-7.220069,-6.9773684,-53.207172,-29.245628,37.967785,13.842733,-28.133242,-14.8175,-12.816119,1.0881455,6.251992,0.814929,8.985152,-6.1121883,0.0,6.0540824,-4.9052477,-16.732561,5.171335,-9.575729,0.0
578,-0.7698396444320679,5.388195991516113,105.92767333984375,0.6702364471168566,-3.343422361116199,-87.69285495778547,2.8243003,-1.488523,3.978402,-8.311879,0.89459527,29.028893,27.73035,-6.7392335,36.03857,22.444029,-7.2266846,-6.9815116,-53.036785,-29.28063,37.913654,13.717172,-28.221935,-14.825963,-12.883283,1.0981632,6.2422366,0.8232103,8.9688835,-6.103099,0.0,6.0535398,-4.9149942,-16.726326,5.171358,-9.572925,0.0
579,-0.7657414078712463,5.390462875366211,105.92816925048828,0.6749854846579417,-3.3443303806901366,-87.69927069264234,2.821355,-1.4864508,3.9793377,-8.262107,0.88938916,28.94564,27.722406,-6.7845664,36.110588,22.423538,-7.2227583,-6.9908543,-52.938885,-29.297146,37.897163,13.654547,-28.278305,-14.837272,-12.944586,1.107518,6.2333517,0.8326977,8.954377,-6.095607,0.0,6.0523434,-4.923991,-16.71797,5.170639,-9.569474,0.0
580,-0.7630260586738586,5.391849040985107,105.9280014038086,0.6750170649930317,-3.343428552140617,-87.70645808356724,2.818729,-1.4807694,3.9775822,-8.214984,0.879206,28.875706,27.713749,-6.8234262,36.175007,22.395603,-7.2193637,-7.0036054,-52.85612,-29.307161,37.88291,13.599089,-28.31078,-14.843784,-12.979432,1.1069229,6.231469,0.83845884,8.9554825,-6.0965047,0.0,6.0486436,-4.9262753,-16.708567,5.1707897,-9.567153,0.0
581,-0.7533450722694397,5.3959503173828125,105.92823028564453,0.6673041551672827,-3.3384965624384026,-87.71338945965199,2.8160563,-1.4682255,3.970584,-8.171612,0.86126554,28.803032,27.705704,-6.862985,36.24613,22.355412,-7.216821,-7.0236564,-52.769135,-29.313562,37.85785,13.531181,-28.316298,-14.842186,-12.975151,1.0818381,6.2357426,0.8342576,8.989793,-6.1126504,0.0,6.038087,-4.923712,-16.69798,5.1698017,-9.560751,0.0
582,-0.7457501292228699,5.393807411193848,105.92913818359375,0.653115647307385,-3.330967590221833,-87.72088913453582,2.81338,-1.4509879,3.9601047,-8.130209,0.83857435,28.742994,27.697756,-6.8968043,36.309166,22.305632,-7.21316,-7.051336,-52.694637,-29.314575,37.834774,13.4676,-28.297363,-14.835735,-12.9446335,1.0554438,6.2495728,0.8286721,9.028666,-6.1351705,0.0,6.0268893,-4.9115806,-16.686718,5.1711917,-9.5598,0.0
583,-0.7471688389778137,5.38814640045166,105.92832946777344,0.6430179858257162,-3.3246594602030157,-87.73067487097087,2.8114595,-1.4343514,3.950124,-8.089571,0.8147967,28.70126,27.690088,-6.9263697,36.35923,22.248602,-7.2074323,-7.076068,-52.638783,-29.310526,37.821434,13.417227,-28.268536,-14.82819,-12.906626,1.0391334,6.26407,0.8284239,9.056393,-6.1543374,0.0,6.022749,-4.8973393,-16.675825,5.165946,-9.558893,0.0
584,-0.7461509108543396,5.386470317840576,105.92814636230469,0.6397081743450452,-3.3234998654594397,-87.74434672258216,2.81131,-1.4244404,3.9452553,-8.048755,0.7947676,28.66454,27.68184,-6.961448,36.41082,22.185303,-7.2004113,-7.0869055,-52.58512,-29.306452,37.814568,13.36858,-28.25552,-14.821913,-12.878714,1.039871,6.2678013,0.8392363,9.06227,-6.1610236,0.0,6.016411,-4.8952127,-16.660824,5.171228,-9.560801,0.0
585,-0.7369605898857117,5.385811805725098,105.92985534667969,0.6516088393019199,-3.3292480110237515,-87.76429266350237,2.814123,-1.4252666,3.9473338,-8.006886,0.7770928,28.640781,27.669697,-6.997207,36.46014,22.110918,-7.193518,-7.078363,-52.543484,-29.302681,37.821438,13.327785,-28.255857,-14.818103,-12.864584,1.0746574,6.246898,0.8703991,9.023308,-6.145804,0.0,6.0224876,-4.9166145,-16.643932,5.167968,-9.556176,0.0
586,-0.7325752377510071,5.384395599365234,105.92829132080078,0.673401647517369,-3.339499068135152,-87.78909331052682,2.8190076,-1.4330112,3.9538174,-7.9648533,0.76205194,28.62655,27.658012,-7.0392046,36.506138,22.020529,-7.1834617,-7.0553656,-52.510685,-29.298481,37.83764,13.2914505,-28.263199,-14.814806,-12.854586,1.1169821,6.2164254,0.9092883,8.984516,-6.1321282,0.0,6.031428,-4.9483113,-16.624102,5.1700974,-9.554619,0.0
587,-0.7161707878112793,5.380929946899414,105.92909240722656,0.6948640029432387,-3.352079033474546,-87.8144470103616,2.8240426,-1.440933,3.9622254,-7.9235473,0.74827605,28.619158,27.6449,-7.0772853,36.550644,21.941294,-7.174923,-7.030049,-52.48188,-29.294088,37.858635,13.259427,-28.277205,-14.811834,-12.849036,1.1679841,6.178947,0.95255256,8.938074,-6.116374,0.0,6.0468535,-4.9869537,-16.604986,5.168788,-9.551407,0.0
588,-0.7098383903503418,5.374117374420166,105.92825317382812,0.7077067447511917,-3.3647692230672837,-87.83632095475782,2.8271565,-1.4422612,3.969916,-7.884297,0.7381577,28.617926,27.63329,-7.1076593,36.590412,21.892628,-7.168379,-7.0125747,-52.458416,-29.28972,37.882957,13.237059,-28.293915,-14.8090105,-12.848109,1.2080495,6.1588125,0.987472,8.914522,-6.113948,0.0,6.0645695,-5.007506,-16.588848,5.168194,-9.553692,0.0
589,-0.705970048904419,5.369381427764893,105.92784881591797,0.7068730936851868,-3.3799030946703974,-87.8537794374671,2.8273952,-1.4327674,3.9797184,-7.846659,0.7299107,28.62111,27.623384,-7.1299834,36.62582,21.881058,-7.162224,-7.0041184,-52.437756,-29.285555,37.91059,13.222019,-28.319693,-14.80679,-12.85423,1.2327195,6.157762,1.0118469,8.921138,-6.1258893,0.0,6.0837994,-5.0088096,-16.575686,5.167854,-9.556996,0.0
590,-0.7017354369163513,5.364449501037598,105.92604064941406,0.699067867450179,-3.3977586731025755,-87.86914277424714,2.8259842,-1.4167833,3.9915133,-7.8103037,0.7236972,28.627565,27.614862,-7.1483197,36.659733,21.893661,-7.1563077,-6.9994926,-52.420284,-29.282362,37.942383,13.212456,-28.353447,-14.804972,-12.866173,1.240483,6.1659427,1.0276644,8.9654,-6.15746,0.0,6.1064806,-5.001428,-16.564402,5.1680045,-9.561922,0.0
591,-0.6962016224861145,5.361698627471924,105.92411804199219,0.688350809359138,-3.4126760838677668,-87.88241018444245,2.8239975,-1.400737,3.9998431,-7.7759285,0.7211658,28.635029,27.610647,-7.169213,36.69249,21.919262,-7.1514297,-6.9982285,-52.405327,-29.278717,37.974792,13.210035,-28.385923,-14.8026705,-12.879809,1.2354777,6.176974,1.0373847,9.022684,-6.1934752,0.0,6.125833,-4.99089,-16.553959,5.1651616,-9.563729,0.0
592,-0.680324912071228,5.348532676696777,105.92340087890625,0.6822220664974566,-3.4189535968102582,-87.893846430952,2.8226352,-1.390825,3.9985476,-7.744212,0.7230643,28.644035,27.607655,-7.187766,36.72669,21.956959,-7.1538496,-7.0026627,-52.38972,-29.273813,38.003242,13.214778,-28.409967,-14.798843,-12.890153,1.2311985,6.176084,1.046543,9.07025,-6.229528,0.0,6.1414404,-4.993244,-16.544485,5.164064,-9.569627,0.0
593,-0.6748622059822083,5.336953639984131,105.92341613769531,0.6832305514142096,-3.410362839148576,-87.90245141728941,2.8218768,-1.390029,3.9806669,-7.7158246,0.7320541,28.653362,27.606466,-7.2042594,36.76514,22.012815,-7.16756,-7.017883,-52.373825,-29.26671,38.025723,13.229349,-28.420692,-14.791939,-12.895008,1.2264587,6.172048,1.0543463,9.078876,-6.241629,0.0,6.1357503,-4.9986176,-16.532951,5.166822,-9.574795,0.0
594,-0.6717419028282166,5.321892738342285,105.92314147949219,0.686209641812321,-3.3914004288131268,-87.90840485555758,2.8211122,-1.3945615,3.9509897,-7.690126,0.7464206,28.663837,27.607754,-7.219988,36.805313,22.085796,-7.188727,-7.041158,-52.355057,-29.257729,38.042744,13.250079,-28.425127,-14.782607,-12.897014,1.2114421,6.166841,1.0568904,9.084227,-6.2516007,0.0,6.1210284,-5.0046787,-16.52167,5.1668844,-9.579455,0.0
595,-0.6698564887046814,5.317323684692383,105.92286682128906,0.6921458614389838,-3.3730691424390087,-87.91393532340774,2.8209355,-1.4006772,3.9217472,-7.666164,0.7612592,28.67308,27.61203,-7.2394314,36.84519,22.159092,-7.2092223,-7.061991,-52.33634,-29.24898,38.05917,13.274838,-28.426395,-14.774183,-12.89996,1.1922562,6.15862,1.0580637,9.086046,-6.2536216,0.0,6.1005993,-5.0140314,-16.510008,5.166092,-9.577249,0.0
596,-0.6611727476119995,5.317450046539307,105.92202758789062,0.6957957603376668,-3.3661844395632357,-87.9210550232893,2.822174,-1.4047483,3.9050453,-7.642834,0.7677969,28.68554,27.612564,-7.250254,36.883537,22.230453,-7.2285886,-7.073596,-52.311367,-29.240702,38.07412,13.295553,-28.431957,-14.768748,-12.907251,1.1744318,6.148984,1.0602996,9.108404,-6.265879,0.0,6.0922775,-5.024763,-16.50071,5.1628065,-9.571494,0.0
597,-0.6501665115356445,5.3083953857421875,105.92118835449219,0.6982809846803345,-3.376990053590196,-87.93130751738201,2.824976,-1.4060224,3.9069145,-7.62121,0.7630104,28.699986,27.6076,-7.251205,36.922104,22.309732,-7.2480536,-7.067573,-52.28486,-29.236448,38.093735,13.31327,-28.438179,-14.767027,-12.923695,1.1918736,6.1392627,1.0755888,9.120501,-6.282927,0.0,6.1112337,-5.0349207,-16.49668,5.162223,-9.576079,0.0
598,-0.6403565406799316,5.298282146453857,105.9192886352539,0.7017754557063537,-3.3986669880471205,-87.94316837585056,2.8289335,-1.4063182,3.91993,-7.6014376,0.75189614,28.714325,27.600935,-7.2484355,36.96162,22.394459,-7.267414,-7.0496063,-52.26012,-29.234274,38.117466,13.332887,-28.44091,-14.767806,-12.94633,1.22532,6.1290193,1.0967699,9.131019,-6.302415,0.0,6.144204,-5.045307,-16.495749,5.1627173,-9.584222,0.0
599,-0.6373323202133179,5.292859077453613,105.91869354248047,0.704225661726509,-3.4223274078605606,-87.95471588326305,2.833871,-1.4059645,3.9358976,-7.580908,0.73821527,28.72868,27.592293,-7.2438974,36.999428,22.463873,-7.281924,-7.0331793,-52.236687,-29.232927,38.140156,13.355538,-28.444508,-14.771637,-12.966942,1.2716128,6.1234913,1.1217773,9.116273,-6.3064265,0.0,6.176503,-5.049687,-16.495382,5.161982,-9.589999,0.0
600,-0.6312499046325684,5.286949157714844,105.91986083984375,0.7067624044394119,-3.4393314590450204,-87.96386647950264,2.839727,-1.40562,3.9469142,-7.557341,0.7286611,28.74596,27.582033,-7.2407303,37.028687,22.495668,-7.2846,-7.030826,-52.20988,-29.23287,38.15529,13.376807,-28.45367,-14.778418,-12.976715,1.3119409,6.115867,1.1427829,9.095405,-6.305194,0.0,6.202854,-5.055844,-16.49531,5.1585693,-9.593734,0.0
601,-0.6262398958206177,5.280449390411377,105.91949462890625,0.7103294765367356,-3.4475373001249086,-87.97043259491866,2.8470557,-1.4052389,3.9511328,-7.52851,0.72460175,28.764736,27.571314,-7.241062,37.049103,22.47704,-7.270164,-7.047059,-52.181133,-29.233103,38.159264,13.400585,-28.470871,-14.791512,-12.96956,1.3290582,6.1078753,1.1524876,9.095955,-6.3122697,0.0,6.2170043,-5.063449,-16.494371,5.1586375,-9.597549,0.0
602,-0.6213090419769287,5.2744460105896,105.9194107055664,0.7150355368258174,-3.4515122561386566,-87.97548717408904,2.855767,-1.404813,3.9529123,-7.4963336,0.7237136,28.780643,27.56035,-7.244825,37.066708,22.420797,-7.2435665,-7.0748267,-52.156704,-29.233604,38.159058,13.4306965,-28.491785,-14.81003,-12.951186,1.3423862,6.098437,1.1590005,9.091423,-6.314549,0.0,6.224958,-5.0728006,-16.493078,5.160014,-9.601141,0.0
603,-0.6108285188674927,5.265471935272217,105.9183578491211,0.7185757499114958,-3.4526489611971494,-87.97872192589644,2.8644915,-1.4040489,3.9523878,-7.464,0.7225237,28.79933,27.547844,-7.24908,37.078587,22.34405,-7.212703,-7.108993,-52.127842,-29.235096,38.15578,13.457146,-28.514671,-14.827786,-12.93163,1.341888,6.087369,1.1597375,9.108877,-6.328908,0.0,6.235337,-5.083409,-16.493866,5.155551,-9.603225,0.0
604,-0.6041414141654968,5.257077693939209,105.917724609375,0.7209537796926077,-3.4522970491510967,-87.97994629806199,2.8718758,-1.4026564,3.9497561,-7.4348106,0.71797603,28.81871,27.535051,-7.254214,37.089478,22.261179,-7.1872225,-7.145568,-52.09807,-29.237196,38.15706,13.4803505,-28.53286,-14.839697,-12.921164,1.3431048,6.0800304,1.1613086,9.117841,-6.3386116,0.0,6.239844,-5.091024,-16.494648,5.1581507,-9.60845,0.0
605,-0.598499059677124,5.253536224365234,105.91634368896484,0.722973813787,-3.4506037293039435,-87.97827675087288,2.877312,-1.4002615,3.9441874,-7.4116316,0.70953625,28.839066,27.521667,-7.2646794,37.09795,22.150236,-7.1654983,-7.1877365,-52.06714,-29.240408,38.165592,13.498533,-28.540688,-14.84247,-12.923194,1.3313346,6.0742426,1.1598121,9.140771,-6.3522325,0.0,6.2414536,-5.0971885,-16.496975,5.157058,-9.609015,0.0
606,-0.592703640460968,5.249382495880127,105.91570281982422,0.7237052901571498,-3.446831543259721,-87.97406757923343,2.8815925,-1.3970877,3.9359791,-7.3920207,0.6985545,28.857992,27.508238,-7.280417,37.105366,22.010853,-7.1440983,-7.236409,-52.038464,-29.243935,38.17931,13.516685,-28.540651,-14.839863,-12.932306,1.3178315,6.070043,1.1581575,9.161123,-6.3642874,0.0,6.241549,-5.101636,-16.500845,5.1556063,-9.6098385,0.0
607,-0.5830480456352234,5.242407321929932,105.91583251953125,0.7235021169775492,-3.4413004251790715,-87.9691773920443,2.8854878,-1.3939247,3.9266927,-7.371377,0.685816,28.87828,27.493872,-7.2910824,37.11186,21.893286,-7.128358,-7.2832265,-52.008198,-29.24771,38.193493,13.532569,-28.546082,-14.836198,-12.944337,1.3027985,6.064711,1.1549817,9.183901,-6.379416,0.0,6.2418633,-5.1073055,-16.505129,5.153972,-9.611722,0.0
608,-0.5786435008049011,5.234152793884277,105.9160385131836,0.7228420958032656,-3.4347876340888797,-87.9651669750739,2.8894272,-1.3913022,3.9179654,-7.344679,0.67024565,28.895554,27.48658,-7.3032236,37.11719,21.83145,-7.1166306,-7.316559,-51.98089,-29.249714,38.20685,13.551674,-28.564373,-14.8361435,-12.955331,1.2918758,6.062805,1.1503729,9.197885,-6.390454,0.0,6.2426214,-5.108433,-16.508717,5.1499557,-9.614125,0.0
609,-0.5770978331565857,5.2255330085754395,105.91583251953125,0.7218349296584238,-3.4262648003458884,-87.96269552267212,2.893632,-1.3886111,3.9096265,-7.3101225,0.6516508,28.91143,27.481676,-7.300658,37.125465,21.879293,-7.118643,-7.332347,-51.954803,-29.250263,38.21871,13.571694,-28.603668,-14.840317,-12.964305,1.2816306,6.0628247,1.1418198,9.207047,-6.3995714,0.0,6.236857,-5.108422,-16.50891,5.1531134,-9.61961,0.0
610,-0.5719634890556335,5.21929407119751,105.9157485961914,0.7191817076801967,-3.4157879263657853,-87.96065701191546,2.8975503,-1.3856584,3.901166,-7.2703404,0.63083285,28.922285,27.481762,-7.297322,37.13663,21.993732,-7.127132,-7.33445,-51.935333,-29.24908,38.232998,13.598215,-28.65284,-14.847469,-12.972594,1.2633381,6.06255,1.1277537,9.223842,-6.410826,0.0,6.2302513,-5.1079674,-16.508034,5.1494823,-9.61973,0.0
611,-0.5659942030906677,5.211915016174316,105.91523742675781,0.7165707901236474,-3.405199862867287,-87.95879347991472,2.901758,-1.3841699,3.8932478,-7.228055,0.60853946,28.935032,27.482615,-7.290225,37.14487,22.112436,-7.139754,-7.336404,-51.91148,-29.246656,38.243256,13.620438,-28.712912,-14.855164,-12.982783,1.2441561,6.0616627,1.1129633,9.243372,-6.424176,0.0,6.221039,-5.1091056,-16.506662,5.15249,-9.623278,0.0
612,-0.5596712231636047,5.204082489013672,105.91462707519531,0.7167310068667793,-3.3962170031552836,-87.9567654280362,2.906454,-1.3856779,3.8865504,-7.1858325,0.5855253,28.942204,27.48449,-7.2950115,37.15801,22.160656,-7.1488743,-7.3479805,-51.8971,-29.24386,38.253498,13.654377,-28.765537,-14.867426,-12.992018,1.2315506,6.057169,1.1028347,9.255279,-6.433935,0.0,6.2159624,-5.113505,-16.507689,5.152134,-9.625572,0.0
613,-0.554244339466095,5.198119163513184,105.91521453857422,0.7213270576167773,-3.3896198688157617,-87.9553022044056,2.9113858,-1.3918387,3.880915,-7.141358,0.56189597,28.957525,27.484974,-7.3041244,37.167824,22.105995,-7.158101,-7.3797107,-51.867123,-29.23744,38.256474,13.682509,-28.833168,-14.877922,-13.012521,1.2338375,6.0475597,1.1021649,9.242165,-6.4293237,0.0,6.212797,-5.1229258,-16.510649,5.1514635,-9.626622,0.0
614,-0.5513820052146912,5.194741249084473,105.91551208496094,0.7278581347001829,-3.384178193076933,-87.95448689888691,2.916489,-1.4015741,3.876116,-7.0946317,0.5368797,28.976778,27.483246,-7.314094,37.17619,21.993391,-7.168688,-7.4238567,-51.83162,-29.231491,38.25223,13.708888,-28.909157,-14.890732,-13.036156,1.2365596,6.037033,1.1040404,9.227986,-6.42225,0.0,6.2091193,-5.1332946,-16.514185,5.151323,-9.626831,0.0
615,-0.5492890477180481,5.1900858879089355,105.91574096679688,0.734399076246154,-3.3794461368865862,-87.95230766113403,2.9228282,-1.4119062,3.8723178,-7.050278,0.51174194,28.993431,27.481424,-7.3255672,37.185524,21.873905,-7.1782603,-7.464541,-51.802044,-29.22639,38.247593,13.740103,-28.973148,-14.907531,-13.051758,1.2407124,6.0269895,1.1058857,9.213545,-6.4157734,0.0,6.208195,-5.142782,-16.519762,5.1500506,-9.627849,0.0
616,-0.5423913598060608,5.183218955993652,105.91606140136719,0.737799958529608,-3.374608392593633,-87.9472418131416,2.931399,-1.4197791,3.8694117,-7.013227,0.48901165,29.011633,27.481476,-7.33599,37.187344,21.79959,-7.182801,-7.485191,-51.769127,-29.22073,38.23535,13.7683525,-29.016254,-14.9294195,-13.045649,1.2370752,6.0181813,1.1021447,9.215569,-6.419688,0.0,6.2094226,-5.1512322,-16.527225,5.148354,-9.6297655,0.0
617,-0.5393995642662048,5.179867267608643,105.91447448730469,0.7373233973381519,-3.3683165929436485,-87.9372596723714,2.9452975,-1.422422,3.8660252,-6.9878483,0.46531233,29.022537,27.48366,-7.347912,37.18899,21.792398,-7.1823473,-7.478231,-51.747723,-29.216717,38.21989,13.805135,-29.013102,-14.956691,-13.001373,1.2123151,6.0171156,1.0869352,9.247012,-6.436287,0.0,6.2063746,-5.1523285,-16.536142,5.1479897,-9.631445,0.0
618,-0.540012776851654,5.17357873916626,105.91455841064453,0.7341426146389257,-3.3614526599747507,-87.9238314707134,2.963002,-1.4222461,3.862978,-6.98177,0.45742032,29.024105,27.484686,-7.3535724,37.19066,21.824995,-7.179272,-7.460955,-51.744114,-29.215387,38.215958,13.850639,-28.97825,-14.980964,-12.945886,1.1986773,6.0214596,1.073285,9.257983,-6.4443803,0.0,6.20545,-5.1469736,-16.547827,5.1469655,-9.635851,0.0
619,-0.5421512126922607,5.168651580810547,105.91290283203125,0.7307339485537971,-3.3564047454635837,-87.9100549749621,2.978946,-1.4236873,3.862183,-6.9542556,0.4222668,29.035051,27.4908,-7.372873,37.187077,21.862282,-7.1734543,-7.420783,-51.716938,-29.206102,38.177544,13.885208,-28.949404,-15.025891,-12.862247,1.1768211,6.0270267,1.0547855,9.28682,-6.461078,0.0,6.206154,-5.140296,-16.559828,5.1460567,-9.640407,0.0
620,-0.5369542241096497,5.1668829917907715,105.91295623779297,0.7322351388441447,-3.356021686067984,-87.89901022461544,2.9868295,-1.431232,3.8680012,-6.930893,0.40794516,29.042492,27.495892,-7.3804064,37.184166,21.885597,-7.1677036,-7.395784,-51.696438,-29.198874,38.16402,13.91896,-28.94551,-15.071606,-12.824168,1.1731163,6.0214906,1.0432858,9.291002,-6.4648576,0.0,6.209915,-5.145082,-16.570736,5.1458087,-9.642028,0.0
621,-0.5417982339859009,5.164724349975586,105.91368865966797,0.741634673228782,-3.3637398257029436,-87.89146754719322,2.981168,-1.4490546,3.8846962,-6.895855,0.40315858,29.058697,27.50149,-7.371733,37.178997,21.891045,-7.168972,-7.3829074,-51.653767,-29.186632,38.158527,13.934118,-28.9963,-15.130719,-12.840421,1.2101824,6.0111647,1.0440545,9.239754,-6.4424777,0.0,6.223669,-5.152798,-16.5823,5.14531,-9.645998,0.0
622,-0.5379788875579834,5.156632900238037,105.91539001464844,0.755820263702526,-3.376969306955936,-87.88583944933802,2.9664,-1.4737276,3.9094656,-6.8540397,0.40510267,29.077433,27.50314,-7.349443,37.173977,21.895786,-7.1735773,-7.375331,-51.6103,-29.177036,38.167328,13.943054,-29.067432,-15.200652,-12.891656,1.2678914,5.989238,1.0504284,9.171862,-6.4170957,0.0,6.2496653,-5.171775,-16.595766,5.1436963,-9.652646,0.0
623,-0.528537392616272,5.144697189331055,105.91606140136719,0.7678624574267796,-3.390360471237703,-87.88133628958225,2.9520154,-1.498474,3.9336252,-6.8128295,0.4079596,29.095297,27.504416,-7.325897,37.169895,21.898926,-7.177272,-7.3697157,-51.572906,-29.16882,38.182674,13.958242,-29.135284,-15.268668,-12.947321,1.3147106,5.9667907,1.0542525,9.130138,-6.4071574,0.0,6.2783937,-5.191777,-16.608685,5.142189,-9.660934,0.0
624,-0.5247421264648438,5.133801460266113,105.91571044921875,0.7762939653032829,-3.3982157740614856,-87.87735191001858,2.9478514,-1.5167737,3.9481974,-6.779519,0.403098,29.112467,27.50389,-7.300927,37.16795,21.910269,-7.180563,-7.366713,-51.538734,-29.16148,38.192444,13.983801,-29.179995,-15.320972,-12.976949,1.3453759,5.9529514,1.0569918,9.104091,-6.4025674,0.0,6.299073,-5.203595,-16.61874,5.1405277,-9.668661,0.0
625,-0.5211676359176636,5.126787185668945,105.91551971435547,0.7790513430376786,-3.3983510913616732,-87.87442333890651,2.958673,-1.5252721,3.9486346,-6.7568903,0.3868627,29.123419,27.505106,-7.286703,37.172024,21.925983,-7.1788898,-7.362971,-51.51385,-29.155313,38.197018,14.026459,-29.186687,-15.348833,-12.967075,1.3509543,5.94716,1.058916,9.101817,-6.4048223,0.0,6.3067493,-5.2085505,-16.62376,5.137604,-9.671628,0.0
626,-0.5171814560890198,5.123270511627197,105.91500091552734,0.777974819790043,-3.3938384582085854,-87.87286528597427,2.9787064,-1.528084,3.940262,-6.740963,0.36451793,29.13598,27.505816,-7.270973,37.17693,21.948498,-7.1763854,-7.3619556,-51.480675,-29.148794,38.192368,14.070019,-29.180079,-15.35985,-12.934909,1.3358101,5.9464984,1.059145,9.123474,-6.415426,0.0,6.3028426,-5.2101784,-16.623981,5.1399727,-9.673878,0.0
627,-0.5137653946876526,5.115915298461914,105.91435241699219,0.7750330615519322,-3.3876742954480283,-87.87080232733153,3.000991,-1.5294961,3.9295528,-6.727972,0.3409365,29.141909,27.508278,-7.262485,37.183605,21.963814,-7.1701555,-7.3605776,-51.460373,-29.144672,38.192074,14.127612,-29.160255,-15.370594,-12.898639,1.3181244,5.9487247,1.0585518,9.150313,-6.430452,0.0,6.300486,-5.208597,-16.624924,5.1404634,-9.677743,0.0
628,-0.5171345472335815,5.116166114807129,105.9133529663086,0.7721303180084624,-3.3824540238279037,-87.86669265830335,3.0190191,-1.5340803,3.9222798,-6.714911,0.32362393,29.150043,27.51007,-7.2423344,37.185146,21.975733,-7.167853,-7.3651924,-51.428097,-29.140017,38.18645,14.180109,-29.159012,-15.393398,-12.876136,1.2987163,5.9547014,1.0528967,9.1721525,-6.438698,0.0,6.2941732,-5.2027307,-16.626987,5.1403923,-9.677653,0.0
629,-0.5249394178390503,5.111649990081787,105.91230773925781,0.7692327662951429,-3.3788080573692296,-87.85907008563127,3.0299363,-1.5434351,3.9203033,-6.7021055,0.31497958,29.159876,27.508297,-7.2046447,37.179657,21.986025,-7.1681113,-7.378081,-51.386257,-29.137903,38.174557,14.228809,-29.17689,-15.435897,-12.869306,1.2910393,5.963272,1.0438331,9.179594,-6.4433093,0.0,6.2944527,-5.193161,-16.634106,5.1401467,-9.68259,0.0
630,-0.5274873375892639,5.105417728424072,105.91189575195312,0.7641720778894868,-3.375272774392498,-87.84907002504325,3.0374167,-1.5547917,3.9204502,-6.6904473,0.3086762,29.162912,27.508844,-7.174318,37.171955,21.981937,-7.1627626,-7.389649,-51.36882,-29.137096,38.17394,14.301064,-29.188782,-15.491681,-12.86981,1.2803676,5.9714136,1.0297408,9.1940565,-6.452796,0.0,6.297837,-5.183825,-16.643919,5.136923,-9.686668,0.0
631,-0.5258970260620117,5.0973639488220215,105.91083526611328,0.7600424907687134,-3.3715855662524588,-87.83935757170978,3.045196,-1.5667245,3.9214513,-6.6787143,0.3060358,29.169363,27.50618,-7.1274652,37.162964,21.9847,-7.166435,-7.4099584,-51.33135,-29.13751,38.165695,14.359184,-29.211754,-15.547726,-12.879815,1.2656589,5.975908,1.0136591,9.218185,-6.468642,0.0,6.3012686,-5.1788344,-16.65388,5.1363273,-9.69211,0.0
632,-0.5214628577232361,5.092351913452148,105.91155242919922,0.7607314595766911,-3.3673679131236898,-87.83243658926419,3.0565207,-1.5768108,3.922317,-6.6735725,0.30613068,29.170172,27.506413,-7.1206317,37.157536,21.966095,-7.164264,-7.4060726,-51.324745,-29.13751,38.171593,14.4401,-29.212595,-15.599825,-12.890444,1.2620976,5.9722,1.0050206,9.21831,-6.4707747,0.0,6.2997403,-5.182737,-16.660551,5.13953,-9.696369,0.0
633,-0.5160811543464661,5.086215019226074,105.91249084472656,0.769118723417151,-3.362713483108493,-87.83043035892203,3.0742595,-1.5855938,3.9236746,-6.6637745,0.3066392,29.170643,27.506739,-7.118178,37.154423,21.940813,-7.17383,-7.405807,-51.320694,-29.137627,38.182514,14.520682,-29.20738,-15.647567,-12.916774,1.2709366,5.95767,1.0055822,9.197571,-6.4629064,0.0,6.3003,-5.1965656,-16.664917,5.1376147,-9.697252,0.0
634,-0.5102412700653076,5.083011150360107,105.91265869140625,0.7833405333467024,-3.3576834601082823,-87.8316164760008,3.095918,-1.5937568,3.9252942,-6.6501207,0.30873743,29.171238,27.507381,-7.1225376,37.152416,21.906414,-7.1911974,-7.4043474,-51.316067,-29.138111,38.20001,14.603125,-29.195906,-15.691847,-12.956549,1.2813796,5.935246,1.0096073,9.17151,-6.4508862,0.0,6.2988405,-5.2182903,-16.666954,5.134109,-9.69467,0.0
635,-0.5064240097999573,5.076788902282715,105.91192626953125,0.7948700630108684,-3.3520253393224375,-87.83240500550191,3.116686,-1.6005086,3.9262016,-6.634258,0.311025,29.171865,27.508667,-7.1324277,37.14932,21.873852,-7.205231,-7.395745,-51.311066,-29.139048,38.221798,14.685331,-29.186943,-15.73492,-13.001459,1.2876078,5.9174514,1.0119176,9.154874,-6.445133,0.0,6.2956753,-5.2359595,-16.66843,5.136466,-9.697231,0.0
636,-0.503798246383667,5.071148872375488,105.91181182861328,0.7995339930252122,-3.3453563864635796,-87.82939053716557,3.131971,-1.6046125,3.9248514,-6.618436,0.31197664,29.172464,27.510351,-7.1411176,37.145382,21.857874,-7.2075124,-7.3764315,-51.305782,-29.140257,38.24387,14.767154,-29.186773,-15.781107,-13.041034,1.286931,5.9096007,1.0094981,9.146021,-6.4422812,0.0,6.294035,-5.243034,-16.672394,5.133095,-9.6978855,0.0
637,-0.5111293196678162,5.072927951812744,105.91078186035156,0.7928983152650952,-3.3370402117144202,-87.820073591544,3.1384263,-1.6041594,3.919956,-6.604337,0.3093135,29.172853,27.512583,-7.1424665,37.137043,21.86649,-7.188014,-7.3504972,-51.30052,-29.141352,38.26257,14.849316,-29.198244,-15.834987,-13.065275,1.2608981,5.922954,0.99398136,9.168366,-6.4498754,0.0,6.2818007,-5.2301407,-16.677198,5.136381,-9.699231,0.0
638,-0.5154474377632141,5.070404052734375,105.91044616699219,0.7753837413040706,-3.3273340070006188,-87.80672764525636,3.1392627,-1.6002461,3.91259,-6.5923705,0.30295652,29.173037,27.515362,-7.1343455,37.12529,21.895567,-7.1543975,-7.3228674,-51.294773,-29.142164,38.27665,14.932443,-29.217905,-15.895509,-13.077952,1.2207464,5.9485188,0.97086525,9.217192,-6.4728284,0.0,6.2724996,-5.204613,-16.684628,5.137271,-9.703043,0.0
639,-0.5216339826583862,5.063554763793945,105.91009521484375,0.757945620162574,-3.3176362818127685,-87.79336770628628,3.1392756,-1.5967605,3.9051301,-6.5823364,0.2937927,29.173044,27.518353,-7.119099,37.11318,21.937994,-7.1223207,-7.2910666,-51.28932,-29.142656,38.28593,15.015214,-29.243896,-15.958193,-13.089624,1.1849928,5.975371,0.9490159,9.263154,-6.497047,0.0,6.2661815,-5.1776476,-16.692677,5.13826,-9.710089,0.0
640,-0.5222901701927185,5.054059982299805,105.9098129272461,0.7470628983766856,-3.308999777235299,-87.7839798451337,3.1432014,-1.5973569,3.899832,-6.5737076,0.28351405,29.172997,27.52142,-7.101612,37.1052,21.985413,-7.1082,-7.249162,-51.28372,-29.142937,38.29162,15.097793,-29.272598,-16.01868,-13.112442,1.1593896,5.990377,0.93341017,9.297915,-6.5177784,0.0,6.262875,-5.162833,-16.698898,5.139694,-9.717684,0.0
641,-0.5248587727546692,5.048768520355225,105.90958404541016,0.7461077644495543,-3.301852548802515,-87.78068623266029,3.1529276,-1.6053112,3.8971276,-6.5663576,0.27345544,29.173014,27.524395,-7.08727,37.10477,22.035336,-7.1219597,-7.1802835,-51.27787,-29.14319,38.295082,15.181121,-29.302258,-16.076714,-13.15461,1.1503086,5.993365,0.9279517,9.303275,-6.5218735,0.0,6.258,-5.159738,-16.701006,5.1396794,-9.720537,0.0
642,-0.5273832678794861,5.040918350219727,105.90921783447266,0.7511127800917389,-3.295515844065486,-87.78094179771287,3.1659865,-1.6179465,3.8958411,-6.560437,0.26373872,29.173212,27.52663,-7.076219,37.113766,22.09103,-7.157068,-7.0863085,-51.271996,-29.143473,38.296764,15.265508,-29.333492,-16.133549,-13.210846,1.154464,5.9885945,0.9295189,9.290582,-6.518798,0.0,6.255954,-5.1641593,-16.701588,5.1395216,-9.724611,0.0
643,-0.5272138714790344,5.035656929016113,105.90911865234375,0.7580153212392461,-3.2899651358949624,-87.78206751055437,3.1798668,-1.6302239,3.895867,-6.5554442,0.25418752,29.173515,27.528723,-7.0691667,37.122993,22.148928,-7.1957626,-6.9928846,-51.26577,-29.14387,38.296425,15.347462,-29.37209,-16.186764,-13.270916,1.1605309,5.9797316,0.93254316,9.273576,-6.5122075,0.0,6.2542915,-5.172632,-16.701626,5.1366735,-9.725017,0.0
644,-0.5266131162643433,5.030045032501221,105.90858459472656,0.7620395292598391,-3.2849916219072806,-87.7812146872966,3.1926706,-1.6373308,3.8970807,-6.550654,0.24353398,29.173788,27.530872,-7.063412,37.12689,22.207464,-7.223438,-6.9289703,-51.259617,-29.144379,38.293213,15.423323,-29.423203,-16.233423,-13.324029,1.1602134,5.9743443,0.93160564,9.269534,-6.512441,0.0,6.2507973,-5.1785197,-16.701923,5.1399403,-9.729098,0.0
645,-0.5263558626174927,5.024219512939453,105.90818786621094,0.7603569623323313,-3.280430977220294,-87.77728246712654,3.2036674,-1.6364608,3.8994744,-6.54546,0.23166488,29.173908,27.53337,-7.0553484,37.12051,22.273642,-7.2319508,-6.9148393,-51.25356,-29.14498,38.285454,15.492148,-29.493237,-16.270645,-13.365621,1.15416,5.976267,0.9262178,9.275743,-6.517499,0.0,6.250479,-5.1760306,-16.704603,5.1390724,-9.732335,0.0
646,-0.5302422046661377,5.020007610321045,105.90766906738281,0.7576859068164983,-3.2764472785672116,-87.77181796626887,3.2138288,-1.6304054,3.9030077,-6.539635,0.21782768,29.173775,27.536768,-7.0446005,37.104397,22.346365,-7.2269955,-6.9376135,-51.24743,-29.145727,38.272785,15.554698,-29.58024,-16.30091,-13.399003,1.1489868,5.982002,0.9198289,9.278702,-6.5195947,0.0,6.2510285,-5.1690555,-16.708273,5.135767,-9.734565,0.0
647,-0.5333431959152222,5.016446590423584,105.90791320800781,0.7560159333105375,-3.2733568031657674,-87.76629078245007,3.224279,-1.6236933,3.9081306,-6.5333858,0.20223346,29.173403,27.540781,-7.03124,37.08602,22.412918,-7.219758,-6.9728355,-51.24136,-29.146465,38.25616,15.613434,-29.666939,-16.328089,-13.430062,1.1495523,5.9859557,0.9153008,9.272155,-6.5169573,0.0,6.2490735,-5.164831,-16.711195,5.1389484,-9.739194,0.0
648,-0.5338039994239807,5.012791633605957,105.9085464477539,0.7540246560393247,-3.27188347215832,-87.76183230720312,3.2359135,-1.6204431,3.9152708,-6.5270615,0.18431845,29.17288,27.544897,-7.016499,37.073257,22.459564,-7.221293,-6.9942045,-51.23518,-29.147118,38.23771,15.67022,-29.737354,-16.356274,-13.463778,1.1516703,5.9884377,0.91185945,9.267448,-6.515972,0.0,6.251487,-5.161255,-16.71466,5.1375537,-9.741627,0.0
649,-0.5267402529716492,5.008681774139404,105.90837097167969,0.7573652208568626,-3.2737024833302133,-87.75916438898234,3.2506819,-1.6235718,3.9265146,-6.521743,0.1632531,29.17231,27.548292,-7.0005326,37.071583,22.481874,-7.2413483,-6.9867144,-51.22879,-29.147663,38.21815,15.724867,-29.782755,-16.385033,-13.503987,1.1539613,5.98003,0.9096517,9.272055,-6.521327,0.0,6.2585344,-5.169654,-16.718344,5.1362867,-9.743163,0.0
650,-0.5311207175254822,5.004429817199707,105.90925598144531,0.7618094421894642,-3.277989579277426,-87.75744667264382,3.2673388,-1.6303277,3.940907,-6.5176024,0.13895561,29.1717,27.550894,-6.98488,37.07676,22.48582,-7.2733846,-6.962931,-51.22213,-29.1481,38.197605,15.776918,-29.812706,-16.412968,-13.548051,1.178225,5.97654,0.9151162,9.241626,-6.5096335,0.0,6.2689543,-5.1712594,-16.722507,5.1335473,-9.746203,0.0
651,-0.5287631154060364,4.999238014221191,105.9088363647461,0.768023798439142,-3.281496423827981,-87.75597311922155,3.2825317,-1.6361531,3.9542878,-6.5132375,0.11229134,29.1711,27.5526,-6.9704294,37.085957,22.477156,-7.305873,-6.938467,-51.21519,-29.148489,38.17776,15.82662,-29.837141,-16.440866,-13.592339,1.1898289,5.9673553,0.9162915,9.233952,-6.509891,0.0,6.2768493,-5.1805925,-16.7259,5.1360326,-9.751201,0.0
652,-0.5340266227722168,4.998601913452148,105.90811157226562,0.7699515555639679,-3.2808806832115476,-87.75390753794031,3.292765,-1.6369259,3.9622784,-6.506254,0.0851872,29.170544,27.553762,-6.9592767,37.09423,22.45986,-7.3247604,-6.929727,-51.207874,-29.148993,38.16145,15.874789,-29.867582,-16.469625,-13.633398,1.1926533,5.967798,0.9137975,9.227273,-6.5070662,0.0,6.2771893,-5.1792893,-16.728352,5.1356087,-9.752371,0.0
653,-0.5371347665786743,4.995298385620117,105.90715026855469,0.7682923317133284,-3.274455353175097,-87.75032188401582,3.2961838,-1.6292918,3.9621844,-6.49364,0.058924053,29.170183,27.55411,-6.9517465,37.10133,22.428604,-7.322955,-6.9453797,-51.200504,-29.149698,38.152107,15.922205,-29.906973,-16.49985,-13.676797,1.1835963,5.9718156,0.90562105,9.231425,-6.510207,0.0,6.272059,-5.175012,-16.731245,5.1352916,-9.754087,0.0
654,-0.5358855724334717,4.989256858825684,105.9077377319336,0.7619752883751693,-3.264086921233287,-87.74584078855884,3.2949,-1.6163697,3.95616,-6.474399,0.033097953,29.16967,27.553633,-6.9481792,37.10567,22.380424,-7.3035345,-6.9773064,-51.173798,-29.152838,38.148956,15.965544,-29.95229,-16.530605,-13.727101,1.1723526,5.9787917,0.8957117,9.233712,-6.513678,0.0,6.26379,-5.167727,-16.734375,5.1355743,-9.757005,0.0
655,-0.5260379910469055,4.983514785766602,105.90786743164062,0.757313445870882,-3.252434224378535,-87.74214882291152,3.291593,-1.6026651,3.949386,-6.4515276,0.009056793,29.169847,27.55265,-6.950326,37.108288,22.331194,-7.2781405,-7.0129027,-51.158955,-29.155876,38.151833,15.994264,-30.00319,-16.551462,-13.775614,1.1502733,5.978902,0.8833234,9.253515,-6.525781,0.0,6.253911,-5.1685886,-16.736465,5.135291,-9.757198,0.0
656,-0.5291561484336853,4.979889392852783,105.91046905517578,0.7558154609910281,-3.241861694112467,-87.74067506817589,3.2895484,-1.5932904,3.9452407,-6.4293017,-0.013591922,29.170162,27.551699,-6.9543624,37.110683,22.295418,-7.2584596,-7.040492,-51.15132,-29.158113,38.157547,16.025646,-30.048012,-16.567804,-13.808433,1.1576875,5.9820266,0.8838232,9.218218,-6.508487,0.0,6.2439938,-5.1643043,-16.736507,5.133305,-9.757116,0.0
657,-0.5232381820678711,4.976496696472168,105.91170501708984,0.7616646368381949,-3.2324253481688183,-87.74315027370893,3.28924,-1.5908066,3.944262,-6.411471,-0.03479157,29.170586,27.550766,-6.9606857,37.11203,22.277971,-7.2473936,-7.059159,-51.144318,-29.160845,38.163822,16.053766,-30.090086,-16.580534,-13.816996,1.1570913,5.9708366,0.8862549,9.2024555,-6.501179,0.0,6.2354956,-5.1757145,-16.732729,5.130703,-9.754581,0.0
658,-0.5252026319503784,4.973146915435791,105.91008758544922,0.7723775690985384,-3.2230394242391736,-87.748322362479,3.289144,-1.5921787,3.9447966,-6.3987966,-0.05441332,29.171131,27.5501,-6.9698095,37.112877,22.271574,-7.240188,-7.073377,-51.136986,-29.16443,38.169476,16.074818,-30.132584,-16.589657,-13.805605,1.1560524,5.958401,0.89109296,9.188627,-6.4948587,0.0,6.2232194,-5.189165,-16.725536,5.134783,-9.755652,0.0
659,-0.5194141268730164,4.968186378479004,105.91241455078125,0.7819769403181843,-3.2141752550632705,-87.75346007710534,3.2891955,-1.5937797,3.946109,-6.389936,-0.07200505,29.171778,27.549355,-6.979741,37.11633,22.273008,-7.238134,-7.084273,-51.130196,-29.16856,38.173973,16.09262,-30.16848,-16.592962,-13.786121,1.1739479,5.9421372,0.9034144,9.142927,-6.473681,0.0,6.2154126,-5.2054143,-16.719383,5.1337276,-9.754244,0.0
660,-0.5147610902786255,4.962150573730469,105.91268920898438,0.7887463444226914,-3.206435902596895,-87.75596322894333,3.2886002,-1.5917236,3.9476917,-6.381945,-0.08778232,29.172443,27.549156,-6.9918756,37.119144,22.27527,-7.236569,-7.0930333,-51.123627,-29.173122,38.17803,16.111534,-30.190783,-16.588484,-13.769313,1.1755985,5.930674,0.90736324,9.130285,-6.469725,0.0,6.210845,-5.216993,-16.71672,5.1316376,-9.753989,0.0
661,-0.515394926071167,4.95792293548584,105.91197204589844,0.7890458544953374,-3.2013157238697305,-87.75393358232093,3.287463,-1.5839751,3.9506803,-6.371618,-0.10078904,29.173153,27.549519,-7.00565,37.123806,22.280447,-7.2383165,-7.100427,-51.117023,-29.177925,38.181942,16.134039,-30.19339,-16.569715,-13.75873,1.167725,5.930615,0.90359735,9.137524,-6.4748483,0.0,6.2070274,-5.217114,-16.718485,5.1333613,-9.757082,0.0
662,-0.5207222700119019,4.9559783935546875,105.9118423461914,0.786466512151951,-3.1981132366167535,-87.74923137905337,3.2859924,-1.572805,3.954974,-6.3583775,-0.11134424,29.173922,27.550417,-7.0205812,37.130283,22.290468,-7.244247,-7.1061873,-51.110348,-29.182968,38.185806,16.156996,-30.181822,-16.53903,-13.748836,1.1641682,5.936902,0.89900494,9.13713,-6.4748173,0.0,6.2048397,-5.210088,-16.723392,5.1336446,-9.759426,0.0
663,-0.5197552442550659,4.950868129730225,105.91201782226562,0.785561475045542,-3.1944181141564494,-87.74586765872252,3.2851377,-1.5656846,3.9588478,-6.358283,-0.11140004,29.174892,27.551256,-7.023585,37.13088,22.291506,-7.2444158,-7.107027,-51.10433,-29.186794,38.18599,16.16064,-30.181,-16.53647,-13.747892,1.1622844,5.9373183,0.8959799,9.137205,-6.477292,0.0,6.2044854,-5.2092586,-16.726147,5.1337776,-9.762544,0.0
664,-0.5139264464378357,4.94553804397583,105.91178131103516,0.7808460965897641,-3.1856847653119247,-87.74228949202792,3.2828343,-1.5524724,3.9575138,-6.3415756,-0.122665256,29.175852,27.55246,-7.0411887,37.14814,22.310556,-7.260204,-7.114508,-51.09726,-29.19222,38.192097,16.20048,-30.155659,-16.495504,-13.732701,1.1385806,5.939952,0.8858333,9.166454,-6.4933376,0.0,6.200632,-5.206403,-16.729908,5.128695,-9.761872,0.0
665,-0.5164230465888977,4.941921710968018,105.9109115600586,0.784940845030626,-3.1704466439381176,-87.74356333423604,3.2809937,-1.5477446,3.9508073,-6.3329144,-0.13276678,29.176743,27.553717,-7.0564284,37.159863,22.310312,-7.264898,-7.108427,-51.090347,-29.197683,38.19853,16.212013,-30.147411,-16.495838,-13.724952,1.1220684,5.9365544,0.88196826,9.166322,-6.4927807,0.0,6.1815734,-5.21102,-16.72366,5.132586,-9.762884,0.0
666,-0.513845682144165,4.938204765319824,105.91263580322266,0.7899442941629662,-3.150448844331595,-87.74670071130755,3.2791517,-1.5455501,3.9399414,-6.332203,-0.14289853,29.17768,27.554491,-7.0685124,37.17398,22.307566,-7.2694154,-7.099355,-51.08309,-29.203165,38.205387,16.22358,-30.140295,-16.512465,-13.7202215,1.1117191,5.9285593,0.8824747,9.144207,-6.4803543,0.0,6.1584525,-5.219712,-16.714138,5.1317453,-9.759554,0.0
667,-0.5094271302223206,4.934372425079346,105.91307067871094,0.7958868214610932,-3.1310792124767652,-87.75116114579284,3.2777054,-1.5436106,3.9286418,-6.3378286,-0.15251385,29.178665,27.55453,-7.0774174,37.189556,22.303713,-7.2742705,-7.0895915,-51.075783,-29.208685,38.213146,16.235504,-30.140295,-16.53364,-13.720773,1.0922942,5.918719,0.8807631,9.141897,-6.478557,0.0,6.1361976,-5.230936,-16.703491,5.1309743,-9.756065,0.0
668,-0.507639467716217,4.929330348968506,105.9127426147461,0.7981393464915951,-3.11776397208661,-87.75616256150259,3.2770386,-1.5396925,3.9207067,-6.3472095,-0.16036782,29.179659,27.554129,-7.085057,37.20277,22.297813,-7.277002,-7.0809546,-51.06859,-29.214125,38.222954,16.250916,-30.152264,-16.549515,-13.731469,1.0770024,5.915031,0.88036555,9.148018,-6.483082,0.0,6.122801,-5.235209,-16.694668,5.128867,-9.754501,0.0
669,-0.5078383684158325,4.921750068664551,105.91116333007812,0.7966018088690574,-3.112993312152333,-87.76207300257946,3.277322,-1.5322442,3.9175696,-6.3587003,-0.16557059,29.180828,27.55299,-7.0909643,37.21562,22.290913,-7.277959,-7.0723567,-51.06091,-29.21979,38.236614,16.27184,-30.18718,-16.55663,-13.758449,1.0705622,5.9174733,0.8830351,9.162299,-6.495747,0.0,6.1195955,-5.2335525,-16.687517,5.1311855,-9.759204,0.0
670,-0.5087710618972778,4.914219379425049,105.91159057617188,0.7912155396104742,-3.1138459033140777,-87.76904626663966,3.2783175,-1.5227586,3.917082,-6.372037,-0.16785483,29.182327,27.550833,-7.0948167,37.228626,22.283453,-7.27762,-7.0631747,-51.05217,-29.225866,38.254967,16.29536,-30.239578,-16.558681,-13.800352,1.0822731,5.924785,0.89260453,9.156801,-6.500029,0.0,6.126211,-5.225252,-16.681967,5.127445,-9.762297,0.0
671,-0.5068230628967285,4.905446529388428,105.9111099243164,0.7878074310422822,-3.1165279318821453,-87.77645654850664,3.280206,-1.5134035,3.9177182,-6.3868914,-0.1679813,29.185534,27.546535,-7.0980496,37.23909,22.272734,-7.2762113,-7.0549607,-51.03504,-29.235435,38.278362,16.317926,-30.292532,-16.556746,-13.849158,1.0917419,5.928292,0.901578,9.162189,-6.511287,0.0,6.1321425,-5.222588,-16.675686,5.131679,-9.769808,0.0
672,-0.5007137656211853,4.893673896789551,105.91204071044922,0.7851862894511874,-3.117220848917292,-87.78333437612426,3.2829077,-1.5064889,3.9185097,-6.402695,-0.1664593,29.18724,27.544,-7.102041,37.243748,22.256536,-7.273627,-7.0486317,-51.02605,-29.241209,38.299694,16.330778,-30.329119,-16.550037,-13.895123,1.1054688,5.927967,0.9118523,9.157746,-6.5184164,0.0,6.1396017,-5.223063,-16.67049,5.1321073,-9.776101,0.0
673,-0.5002642273902893,4.887701988220215,105.91241455078125,0.7885575616806028,-3.1160116528709962,-87.79023183367288,3.2886746,-1.5039017,3.9191406,-6.4258947,-0.16134171,29.191803,27.537792,-7.109217,37.247513,22.225866,-7.2733717,-7.0437727,-51.002625,-29.25417,38.3337,16.34016,-30.33808,-16.537136,-13.94648,1.1200204,5.923459,0.9226409,9.139457,-6.513702,0.0,6.1432185,-5.2269993,-16.66498,5.127837,-9.776803,0.0
674,-0.49796825647354126,4.882503032684326,105.91305541992188,0.7948550733752381,-3.1141743958195094,-87.79721389637604,3.2966902,-1.5041481,3.9205637,-6.4548383,-0.1508923,29.198532,27.529846,-7.114702,37.248295,22.18797,-7.274583,-7.041521,-50.968666,-29.270317,38.356445,16.33936,-30.32746,-16.524214,-13.988139,1.135883,5.914117,0.9341899,9.116233,-6.5057716,0.0,6.141812,-5.2371407,-16.658401,5.131051,-9.779536,0.0
675,-0.4918023943901062,4.875059604644775,105.91368865966797,0.7989129415856179,-3.111274957095043,-87.80337447562641,3.3036385,-1.5039499,3.9213028,-6.4665704,-0.14669994,29.20465,27.524979,-7.119198,37.244526,22.155373,-7.2755537,-7.0417204,-50.93687,-29.281979,38.3633,16.337463,-30.31453,-16.517355,-14.008645,1.1445079,5.9051633,0.9426114,9.1065035,-6.5055876,0.0,6.1440854,-5.2460003,-16.653397,5.1279125,-9.780184,0.0
676,-0.4929475486278534,4.867875576019287,105.91329193115234,0.8021447255838698,-3.1066660884171506,-87.80798892246446,3.306672,-1.4999163,3.9203146,-6.481097,-0.14365177,29.209814,27.521341,-7.123833,37.239704,22.138866,-7.2776704,-7.038615,-50.90999,-29.29119,38.368202,16.327045,-30.30861,-16.50613,-14.016532,1.1496966,5.901967,0.9485777,9.097321,-6.504846,0.0,6.1412115,-5.2496824,-16.647953,5.1305294,-9.784877,0.0
677,-0.49444112181663513,4.864617347717285,105.91267395019531,0.802599143623816,-3.098291502251653,-87.81065805054692,3.303823,-1.4899924,3.9151764,-6.497032,-0.14501463,29.212448,27.51965,-7.1280103,37.233444,22.149767,-7.2818203,-7.0315166,-50.896175,-29.295717,38.371853,16.316189,-30.310347,-16.492218,-14.001486,1.1413379,5.9027042,0.9489487,9.098842,-6.5064025,0.0,6.133864,-5.2490106,-16.642658,5.127138,-9.783692,0.0
678,-0.4967346787452698,4.8601603507995605,105.91305541992188,0.8001245850712411,-3.087043573535468,-87.8118136665648,3.2972686,-1.4760973,3.9063678,-6.514485,-0.15155499,29.218267,27.517046,-7.1346154,37.225777,22.180056,-7.2887807,-7.0209265,-50.86508,-29.303553,38.375366,16.303408,-30.312563,-16.479147,-13.969364,1.1318043,5.9075155,0.9479351,9.095977,-6.505878,0.0,6.1198792,-5.2451344,-16.63622,5.131215,-9.78654,0.0
679,-0.49658891558647156,4.8584489822387695,105.9132080078125,0.7965328639511827,-3.076767877870039,-87.81203781244538,3.289363,-1.4617159,3.899334,-6.5314336,-0.16126518,29.221222,27.51651,-7.13974,37.216106,22.21318,-7.29322,-7.0101748,-50.84875,-29.306707,38.3766,16.283499,-30.318378,-16.460093,-13.93424,1.11443,5.9123473,0.94362134,9.106386,-6.510261,0.0,6.1098576,-5.2402797,-16.631811,5.1270566,-9.784086,0.0
680,-0.493032306432724,4.852103233337402,105.91292572021484,0.7927899819400887,-3.071036252648862,-87.81194471310839,3.283299,-1.4501998,3.8962493,-6.54744,-0.17222002,29.225668,27.516191,-7.146035,37.208664,22.235018,-7.295975,-7.0036545,-50.823376,-29.31037,38.378014,16.27151,-30.321114,-16.4481,-13.907182,1.1009789,5.915375,0.93956983,9.126397,-6.5234847,0.0,6.1065106,-5.2379136,-16.629705,5.128077,-9.787128,0.0
681,-0.4916739761829376,4.8469319343566895,105.91227722167969,0.7908848728230617,-3.072720712642402,-87.81120381061267,3.2798054,-1.4435356,3.9016836,-6.5612025,-0.18179774,29.227512,27.516527,-7.1521783,37.201157,22.240944,-7.294284,-7.0016923,-50.812386,-29.312008,38.378387,16.258137,-30.324682,-16.43982,-13.898673,1.099323,5.91742,0.9384023,9.140142,-6.5336313,0.0,6.113626,-5.2356763,-16.6314,5.126194,-9.790443,0.0
682,-0.4939667880535126,4.840969085693359,105.91163635253906,0.7878880463669052,-3.0792500258868,-87.8096142745947,3.2774734,-1.4394938,3.912277,-6.5725927,-0.18995208,29.228806,27.517447,-7.160015,37.194782,22.238153,-7.289567,-7.0038834,-50.804012,-29.312967,38.380024,16.256958,-30.322262,-16.439844,-13.897837,1.1054127,5.9227757,0.93839216,9.15124,-6.54361,0.0,6.123967,-5.230315,-16.634905,5.1311746,-9.798872,0.0
683,-0.4966500997543335,4.838332176208496,105.90995788574219,0.7859425187091688,-3.086207009803882,-87.80820985359465,3.2749066,-1.4352522,3.92265,-6.5819106,-0.19668588,29.23007,27.519205,-7.1697917,37.187084,22.226742,-7.280394,-7.007493,-50.79487,-29.31364,38.38366,16.257294,-30.31944,-16.439495,-13.898973,1.1046556,5.927328,0.9362981,9.17237,-6.556536,0.0,6.136626,-5.225067,-16.639267,5.127887,-9.801465,0.0
684,-0.4956117272377014,4.836716651916504,105.90966033935547,0.7842783977891531,-3.0879518746063312,-87.80809401251193,3.2713423,-1.4295195,3.9267669,-6.582116,-0.19682504,29.231245,27.520758,-7.173148,37.186447,22.224,-7.2795,-7.008156,-50.784874,-29.314215,38.386776,16.257547,-30.31971,-16.438812,-13.897918,1.1032213,5.9291387,0.9355841,9.181656,-6.562401,0.0,6.140181,-5.223443,-16.640081,5.127692,-9.802834,0.0
685,-0.4956200122833252,4.835805416107178,105.9085693359375,0.7773895599939423,-3.0846136119717302,-87.80906258158316,3.2643476,-1.4150016,3.925134,-6.591679,-0.20351595,29.232286,27.522429,-7.1826963,37.171814,22.181467,-7.2542477,-7.0174375,-50.775955,-29.314682,38.400135,16.245197,-30.325195,-16.41381,-13.88342,1.0793003,5.938506,0.92867345,9.220894,-6.5824704,0.0,6.134124,-5.215453,-16.637714,5.1315084,-9.804799,0.0
686,-0.4919721782207489,4.833404541015625,105.90778350830078,0.7715033831849314,-3.076446280736231,-87.81134763158276,3.2562053,-1.3986145,3.917684,-6.5985065,-0.2083585,29.23369,27.523571,-7.1894884,37.16198,22.139742,-7.231517,-7.0241423,-50.763412,-29.315382,38.419693,16.231726,-30.332472,-16.382782,-13.870526,1.0502287,5.944659,0.9213821,9.260461,-6.602861,0.0,6.1242514,-5.210992,-16.633398,5.1319423,-9.804159,0.0
687,-0.49591967463493347,4.829352378845215,105.90703582763672,0.7666736523808121,-3.067787516805165,-87.8138083572272,3.248177,-1.3819978,3.9077628,-6.6046376,-0.21203038,29.238483,27.523993,-7.1949053,37.151188,22.100239,-7.2089653,-7.03021,-50.71958,-29.319645,38.453526,16.203905,-30.342499,-16.342428,-13.868096,1.0319928,5.9540086,0.91776234,9.280376,-6.6140604,0.0,6.116941,-5.2019157,-16.629866,5.1284795,-9.804142,0.0
688,-0.5001028776168823,4.825118541717529,105.90628051757812,0.7620171867766381,-3.0620597007646406,-87.8157948002191,3.2419915,-1.3688765,3.9006636,-6.611445,-0.2142686,29.242159,27.523163,-7.19411,37.13781,22.080206,-7.1906657,-7.0340424,-50.68227,-29.325132,38.472126,16.162287,-30.358,-16.300045,-13.869762,1.0182736,5.962985,0.9149472,9.298914,-6.625265,0.0,6.1093693,-5.193979,-16.625925,5.1331472,-9.80869,0.0
689,-0.5025343894958496,4.823141574859619,105.90461730957031,0.7581293100052653,-3.060775503041985,-87.81636962616797,3.2377553,-1.3605595,3.8963816,-6.6289897,-0.21802391,29.245346,27.522055,-7.1861596,37.12268,22.090662,-7.1759467,-7.0377145,-50.642216,-29.330973,38.48722,16.118225,-30.363806,-16.254337,-13.870621,1.0035495,5.9697537,0.91021264,9.326462,-6.639969,0.0,6.1092687,-5.187268,-16.624632,5.1323752,-9.8100815,0.0
690,-0.5050144195556641,4.822263240814209,105.90492248535156,0.7572278019873772,-3.061919939280931,-87.81638153400576,3.23461,-1.3552867,3.8935196,-6.6527486,-0.21952638,29.247465,27.520792,-7.1656885,37.1098,22.12669,-7.170953,-7.045617,-50.60183,-29.336258,38.488277,16.066637,-30.370264,-16.21499,-13.864542,1.0081247,5.972559,0.91179454,9.322122,-6.6383324,0.0,6.11103,-5.184291,-16.62403,5.132571,-9.8114805,0.0
691,-0.5022205710411072,4.821463108062744,105.90441131591797,0.7542975960980104,-3.063691861214378,-87.81697640309952,3.233381,-1.3508391,3.8907125,-6.67391,-0.22089347,29.249426,27.518057,-7.1419168,37.098816,22.166092,-7.169976,-7.054282,-50.54182,-29.342867,38.47277,16.01433,-30.380608,-16.191336,-13.850433,0.999945,5.9747057,0.9094886,9.343873,-6.65022,0.0,6.1138735,-5.182304,-16.622862,5.132177,-9.811877,0.0
692,-0.5013562440872192,4.816459655761719,105.90443420410156,0.753353395327374,-3.0645432554499257,-87.8196190708936,3.2342944,-1.3443831,3.8884013,-6.698473,-0.22232972,29.249779,27.516617,-7.1308513,37.086258,22.18201,-7.166277,-7.0591598,-50.506832,-29.346695,38.470104,15.984399,-30.388803,-16.181334,-13.840225,1.0036553,5.9758134,0.9133641,9.347091,-6.655575,0.0,6.11892,-5.1811614,-16.620937,5.1305327,-9.814277,0.0
693,-0.5020663142204285,4.813589096069336,105.90396881103516,0.7516217626930577,-3.06404431660147,-87.82628699455128,3.2389696,-1.3342284,3.887623,-6.710687,-0.22370906,29.249512,27.516378,-7.1298537,37.070576,22.171202,-7.161873,-7.063626,-50.492172,-29.34835,38.474236,15.969386,-30.404991,-16.190952,-13.83507,1.0021994,5.978996,0.9197476,9.355987,-6.662894,0.0,6.117896,-5.178916,-16.613932,5.1320086,-9.816133,0.0
694,-0.5041689872741699,4.81437873840332,105.90381622314453,0.7507912885074176,-3.0631657059759,-87.83573110106381,3.2468388,-1.3218579,3.887793,-6.7507997,-0.22780974,29.24915,27.515541,-7.1299744,37.05261,22.146736,-7.157183,-7.0716076,-50.480858,-29.3504,38.48617,15.951042,-30.43579,-16.207323,-13.844838,1.0027274,5.9819665,0.9299634,9.357128,-6.6644897,0.0,6.115294,-5.1765943,-16.604443,5.129202,-9.813068,0.0
695,-0.5043622851371765,4.816896438598633,105.90324401855469,0.7490607729338655,-3.06160354892733,-87.84429175471283,3.2544096,-1.3107255,3.8870723,-6.7707434,-0.22925924,29.248846,27.515142,-7.1315985,37.035206,22.117975,-7.155229,-7.077749,-50.475338,-29.351603,38.495632,15.940972,-30.45806,-16.22802,-13.8485565,0.9957961,5.9848747,0.9367586,9.368046,-6.669769,0.0,6.1079106,-5.1754,-16.594337,5.132113,-9.81149,0.0
696,-0.5051631331443787,4.815798282623291,105.90387725830078,0.7473607192783107,-3.0591744840606943,-87.84838300185164,3.258625,-1.303975,3.8836415,-6.795591,-0.22980268,29.248446,27.514688,-7.1328726,37.01842,22.088457,-7.1529393,-7.0835147,-50.470005,-29.352894,38.507248,15.92958,-30.473246,-16.239193,-13.852775,0.9971648,5.9878764,0.9415783,9.363349,-6.668428,0.0,6.1055,-5.1726184,-16.59008,5.1301713,-9.810416,0.0
697,-0.5116141438484192,4.814353942871094,105.90299224853516,0.7449948867983187,-3.0556960410418568,-87.8453127835433,3.2566922,-1.3041563,3.8758526,-6.820943,-0.22759433,29.247839,27.515043,-7.134348,37.001644,22.05762,-7.149763,-7.0888906,-50.46466,-29.354052,38.51901,15.915299,-30.471289,-16.235653,-13.854861,0.9889505,5.9950843,0.93486565,9.37027,-6.6715407,0.0,6.1001678,-5.165827,-16.591698,5.134386,-9.814307,0.0
698,-0.5170297026634216,4.810469627380371,105.90309143066406,0.7414714400073308,-3.0512677247811735,-87.83753350757543,3.2512498,-1.3088834,3.8650434,-6.8453603,-0.22294557,29.2471,27.515903,-7.1341324,36.988148,22.024773,-7.14955,-7.0945654,-50.4595,-29.355015,38.53004,15.898398,-30.459326,-16.223263,-13.854948,0.98424727,6.0028753,0.92427766,9.368998,-6.6710687,0.0,6.100788,-5.1565804,-16.599674,5.1308603,-9.816805,0.0
699,-0.5172405242919922,4.810009956359863,105.90364837646484,0.7389541705501049,-3.046236717056349,-87.82918313821249,3.2456343,-1.3142707,3.853823,-6.868898,-0.21555835,29.246124,27.517775,-7.134389,36.97068,21.992344,-7.1468716,-7.1001754,-50.454285,-29.355919,38.539665,15.878512,-30.447418,-16.205273,-13.8527,0.9724367,6.006267,0.91119903,9.3753805,-6.6724625,0.0,6.09403,-5.153685,-16.606024,5.13515,-9.819218,0.0
700,-0.5188181400299072,4.812899589538574,105.9026870727539,0.7374613121797848,-3.0414025517692784,-87.82435026891947,3.244172,-1.3162022,3.845155,-6.873422,-0.21383588,29.244923,27.519665,-7.133759,36.956463,21.975025,-7.1476617,-7.1010666,-50.449657,-29.356697,38.545254,15.866394,-30.447971,-16.19758,-13.85211,0.95368856,6.0092397,0.9002763,9.392653,-6.6775703,0.0,6.087552,-5.150665,-16.609211,5.133644,-9.816585,0.0
701,-0.5198479294776917,4.818809986114502,105.90274047851562,0.7385371739465926,-3.035709864339023,-87.82515187745268,3.2484503,-1.3120776,3.839498,-6.9064894,-0.20033567,29.243666,27.522358,-7.136963,36.91793,21.949137,-7.1283197,-7.1054,-50.445282,-29.357866,38.550266,15.829588,-30.464424,-16.162132,-13.837704,0.9433064,6.0083957,0.8991421,9.390975,-6.6718445,0.0,6.0751677,-5.152177,-16.605648,5.134809,-9.811989,0.0
702,-0.5180087685585022,4.824260234832764,105.90335083007812,0.741536841027335,-3.029847160963466,-87.82944364007413,3.2567801,-1.3049115,3.83596,-6.9386406,-0.18567134,29.242214,27.525303,-7.142633,36.877304,21.936018,-7.1057673,-7.1044755,-50.441265,-29.359451,38.551903,15.797264,-30.493225,-16.130949,-13.822209,0.938879,6.0033364,0.9047476,9.380443,-6.662649,0.0,6.062856,-5.158053,-16.598816,5.1345925,-9.805737,0.0
703,-0.5211843252182007,4.825128078460693,105.90491485595703,0.7436979105022853,-3.024086547616889,-87.83328833738518,3.265416,-1.2976056,3.832914,-6.9700613,-0.17044389,29.240704,27.52813,-7.149634,36.83775,21.92454,-7.084144,-7.100653,-50.437923,-29.361462,38.550793,15.764858,-30.52451,-16.10179,-13.807298,0.947076,6.0021014,0.91423476,9.351198,-6.6463866,0.0,6.0530663,-5.1592937,-16.59301,5.135918,-9.804308,0.0
704,-0.521882176399231,4.824774265289307,105.90538787841797,0.7436142362452737,-3.0237183936119845,-87.83191166965463,3.2674887,-1.2951765,3.8325322,-6.970107,-0.17042206,29.239645,27.528828,-7.149735,36.837086,21.924376,-7.084331,-7.100417,-50.437027,-29.362026,38.550743,15.764457,-30.524876,-16.101799,-13.8072815,0.94963837,6.0023108,0.9148341,9.344907,-6.6430273,0.0,6.0532103,-5.1585703,-16.594254,5.1359572,-9.804908,0.0
705,-0.5257467031478882,4.826655387878418,105.9045639038086,0.7421708398326811,-3.0158979758434374,-87.82564634356659,3.2698283,-1.2916077,3.8230965,-6.9738326,-0.16892494,29.237303,27.532133,-7.1545167,36.808956,21.906445,-7.0878067,-7.0921016,-50.4352,-29.365044,38.54802,15.743433,-30.545076,-16.0979,-13.808246,0.9305463,6.006754,0.90518785,9.355573,-6.6440244,0.0,6.042949,-5.1542997,-16.597612,5.1362257,-9.803795,0.0
706,-0.5248367786407471,4.829066276550293,105.90591430664062,0.7401279982350868,-3.015337398477638,-87.81729729392661,3.2692926,-1.293711,3.8194082,-6.974113,-0.16883263,29.235022,27.533972,-7.155099,36.805565,21.903677,-7.088976,-7.091054,-50.434677,-29.36682,38.547256,15.740399,-30.54669,-16.098253,-13.809124,0.9297349,6.008716,0.89920396,9.347642,-6.636436,0.0,6.042118,-5.15199,-16.604204,5.1364555,-9.803314,0.0
707,-0.5260618925094604,4.833960056304932,105.90625762939453,0.7342975586480298,-3.0101566360397527,-87.80312422696207,3.26293,-1.2939315,3.8097568,-6.9766507,-0.16814855,29.232153,27.53823,-7.159638,36.784225,21.879976,-7.095105,-7.0840487,-50.434284,-29.370327,38.54341,15.719164,-30.557524,-16.099533,-13.817377,0.90556616,6.0168576,0.87950116,9.366431,-6.639007,0.0,6.036005,-5.143127,-16.615606,5.1340685,-9.800251,0.0
708,-0.5294176340103149,4.838766098022461,105.90692901611328,0.732919166220573,-3.009617350804549,-87.79508276318352,3.2629468,-1.2968574,3.8049974,-6.9770117,-0.1680644,29.229462,27.541075,-7.1604204,36.78014,21.877186,-7.096624,-7.0825305,-50.434807,-29.372608,38.542168,15.714956,-30.559193,-16.100084,-13.819238,0.900901,6.0203137,0.8719579,9.363125,-6.632515,0.0,6.0343757,-5.1386433,-16.622025,5.132104,-9.797912,0.0
709,-0.5304370522499084,4.838676452636719,105.90746307373047,0.733873970581656,-3.0095567164020838,-87.79043929286365,3.2647443,-1.2982565,3.8010893,-6.977113,-0.16804318,29.227556,27.542646,-7.16053,36.778618,21.876991,-7.0972056,-7.081872,-50.43565,-29.373653,38.54164,15.713399,-30.559736,-16.100334,-13.819984,0.9035409,6.019584,0.86940986,9.355516,-6.628413,0.0,6.033014,-5.1395793,-16.625616,5.13671,-9.800737,0.0
710,-0.5290544629096985,4.840095043182373,105.90779876708984,0.7346419738979784,-3.0092055477254105,-87.78572634729585,3.2674465,-1.3002737,3.7951252,-6.977225,-0.16802058,29.225185,27.544836,-7.1605906,36.776596,21.87764,-7.0979524,-7.0809097,-50.43706,-29.374825,38.540882,15.71135,-30.560383,-16.10067,-13.821052,0.9005037,6.017404,0.8649474,9.356036,-6.6275625,0.0,6.033718,-5.141027,-16.630043,5.134661,-9.798997,0.0
711,-0.5304935574531555,4.843210220336914,105.9081802368164,0.7500433661660547,-2.9942540428413147,-87.7775337248018,3.2711816,-1.3200806,3.772774,-7.0558863,-0.1516573,29.221874,27.552692,-7.1608176,36.6827,21.994406,-7.075885,-7.0190644,-50.437847,-29.383018,38.536896,15.600752,-30.619781,-16.035318,-13.875967,0.90092677,5.997308,0.85613763,9.31018,-6.5988364,0.0,6.014025,-5.1605787,-16.639606,5.1364627,-9.794755,0.0
712,-0.5319986343383789,4.847139358520508,105.90811157226562,0.7504568001585342,-2.995492496947754,-87.77418872690339,3.2728734,-1.3203924,3.7712934,-7.0559306,-0.15164863,29.220764,27.553986,-7.160826,36.682384,21.994894,-7.075981,-7.0188937,-50.43838,-29.3842,38.53673,15.6005335,-30.619925,-16.035252,-13.876064,0.901198,5.9972744,0.8536473,9.305727,-6.5939846,0.0,6.013143,-5.1601934,-16.642178,5.1369915,-9.793254,0.0
713,-0.5353861451148987,4.85039758682251,105.90865325927734,0.7517492361750066,-2.9968672560392013,-87.76862020992702,3.2744234,-1.3209797,3.7697806,-7.0559797,-0.15163869,29.219357,27.555738,-7.160968,36.681793,21.995813,-7.076194,-7.0186434,-50.43928,-29.385689,38.53646,15.600214,-30.620224,-16.035019,-13.876073,0.90775526,5.9972467,0.85148615,9.289032,-6.5822973,0.0,6.0154257,-5.158819,-16.647652,5.1337833,-9.791022,0.0
714,-0.5352957248687744,4.856662273406982,105.91058349609375,0.7571521430733484,-2.9915585180573925,-87.74389978409049,3.2608216,-1.3277705,3.7633955,-7.122303,-0.13783558,29.21536,27.564701,-7.153184,36.62385,22.174397,-7.0709944,-6.9909286,-50.442066,-29.39718,38.52207,15.489147,-30.66022,-15.889751,-13.805003,0.90468794,5.9886427,0.82475734,9.260086,-6.5582023,0.0,6.009304,-5.1654553,-16.674854,5.1353803,-9.789345,0.0
715,-0.5349239110946655,4.861258506774902,105.9112319946289,0.7573332091915748,-2.9933120830293944,-87.73926650747485,3.2616284,-1.327451,3.763787,-7.1223392,-0.13782771,29.21418,27.566162,-7.153262,36.623596,22.174837,-7.071105,-6.990881,-50.44301,-29.398909,38.521805,15.48912,-30.66041,-15.88946,-13.804791,0.90300816,5.987929,0.8204156,9.258501,-6.553139,0.0,6.0090456,-5.1659107,-16.678566,5.135432,-9.787028,0.0
716,-0.5363014340400696,4.866729736328125,105.91100311279297,0.7577352193602144,-2.9953838988908243,-87.72964409878011,3.2630367,-1.3258233,3.7641294,-7.122424,-0.13781466,29.211952,27.5693,-7.153769,36.622593,22.176235,-7.0715737,-6.990758,-50.445038,-29.40245,38.520973,15.488935,-30.661001,-15.888588,-13.804207,0.8964703,5.9879007,0.81055754,9.263001,-6.550241,0.0,6.0102134,-5.1651173,-16.686798,5.135038,-9.785248,0.0
717,-0.5362792611122131,4.873128890991211,105.91044616699219,0.7578703246806245,-2.997391084931045,-87.71885951319311,3.2686465,-1.3206955,3.7633705,-7.1226287,-0.13780408,29.208332,27.574741,-7.155322,36.61969,22.179369,-7.0730176,-6.990583,-50.448704,-29.408699,38.518612,15.488033,-30.662176,-15.88685,-13.803273,0.8859834,5.987379,0.7985373,9.273184,-6.550219,0.0,6.010973,-5.1649504,-16.696056,5.1345286,-9.782709,0.0
718,-0.5326356887817383,4.8784284591674805,105.90982055664062,0.7569692290632144,-2.999470453422784,-87.71203978183803,3.280859,-1.3134202,3.7617807,-7.1228743,-0.13781625,29.20433,27.580158,-7.1573973,36.615925,22.182388,-7.074968,-6.9905653,-50.45312,-29.415314,38.515423,15.48651,-30.663143,-15.885443,-13.80285,0.8749199,5.986002,0.7895484,9.28829,-6.5545664,0.0,6.0122395,-5.165979,-16.702154,5.133037,-9.779246,0.0
719,-0.5369080901145935,4.881571292877197,105.91059875488281,0.757437980201251,-3.001390724570385,-87.70731813540841,3.2966084,-1.3058312,3.7592201,-7.123163,-0.13785142,29.200033,27.585358,-7.1598988,36.611446,22.18526,-7.0773873,-6.990732,-50.458237,-29.422342,38.51148,15.48448,-30.663862,-15.884381,-13.802921,0.8846222,5.9874606,0.7892526,9.26727,-6.5420327,0.0,6.012092,-5.163831,-16.706163,5.13544,-9.780087,0.0
720,-0.5301036834716797,4.886519908905029,105.91138458251953,0.7566969168968927,-3.0029800709184498,-87.70275166797366,3.3100817,-1.2995603,3.7555058,-7.1234956,-0.13790222,29.19542,27.590706,-7.162876,36.606384,22.188305,-7.080176,-6.991025,-50.46399,-29.42988,38.506992,15.482132,-30.664413,-15.883437,-13.803195,0.8776634,5.983937,0.7834811,9.275473,-6.5430436,0.0,6.0118876,-5.1674647,-16.709896,5.134901,-9.776201,0.0
721,-0.5310490727424622,4.888720989227295,105.9128189086914,0.7575305837094547,-3.0037707250003285,-87.69658298793001,3.31488,-1.2976117,3.7514057,-7.123678,-0.137932,29.19197,27.594234,-7.164571,36.60358,22.190191,-7.0817466,-6.991153,-50.468426,-29.434841,38.504566,15.48084,-30.664675,-15.882909,-13.803245,0.8835195,5.982946,0.78053164,9.259707,-6.532133,0.0,6.01297,-5.167473,-16.715435,5.1346273,-9.775862,0.0
722,-0.5339385867118835,4.890898704528809,105.9131851196289,0.759729460702354,-3.0036244682383044,-87.68755924869704,3.3151534,-1.2976848,3.7450447,-7.1238837,-0.1379654,29.18816,27.59821,-7.166435,36.600506,22.192663,-7.0835104,-6.991249,-50.47347,-29.440434,38.502064,15.479474,-30.66495,-15.882233,-13.803065,0.8826272,5.98154,0.7727166,9.252981,-6.524689,0.0,6.012845,-5.16803,-16.723104,5.1353836,-9.776338,0.0
723,-0.533014714717865,4.894566535949707,105.9127426147461,0.7680938931581692,-2.9829724949316496,-87.65716207291752,3.2917588,-1.308221,3.7134275,-7.2591624,-0.15651327,29.182446,27.610209,-7.168271,36.49831,22.379938,-7.1143427,-7.014391,-50.483643,-29.465837,38.444546,15.310288,-30.640503,-15.724707,-13.650863,0.84202623,5.9683714,0.7236704,9.2577095,-6.5150948,0.0,5.992509,-5.1788297,-16.754314,5.1326246,-9.771192,0.0
724,-0.5332379937171936,4.898974895477295,105.91244506835938,0.7683863357175413,-2.9848324002463342,-87.65289471998307,3.2920997,-1.3082844,3.71085,-7.259236,-0.15652137,29.180906,27.611776,-7.1683183,36.498146,22.380192,-7.1144342,-7.014339,-50.48643,-29.469185,38.443657,15.310189,-30.640524,-15.724549,-13.650821,0.83800346,5.967899,0.71867,9.261403,-6.5130177,0.0,5.993178,-5.1788864,-16.758053,5.131699,-9.768762,0.0
725,-0.5402944087982178,4.903045654296875,105.91248321533203,0.7685281369031373,-2.987814257428574,-87.64327610462884,3.2920282,-1.3074348,3.702817,-7.259572,-0.15653779,29.177326,27.616392,-7.1688075,36.497334,22.381325,-7.114943,-7.0140543,-50.493484,-29.479359,38.439365,15.309516,-30.64064,-15.723438,-13.65111,0.843178,5.9713683,0.7124354,9.247886,-6.502349,0.0,5.9953537,-5.1739993,-16.766514,5.132926,-9.76985,0.0
726,-0.5356376767158508,4.905152320861816,105.91432189941406,0.7649017815370154,-2.992301080911524,-87.63670498465076,3.294868,-1.3042202,3.6962016,-7.259953,-0.15653156,29.173788,27.620703,-7.169429,36.496475,22.382214,-7.1155267,-7.0136275,-50.5013,-29.489962,38.433914,15.3084955,-30.640848,-15.721747,-13.6521845,0.8461346,5.972578,0.7078355,9.246927,-6.5008025,0.0,6.0008373,-5.1720905,-16.772959,5.133209,-9.769847,0.0
727,-0.5325139760971069,4.90926456451416,105.91413116455078,0.7628047584727049,-2.996945333907656,-87.63281795098078,3.2987251,-1.3009776,3.6911263,-7.2601647,-0.15651889,29.171385,27.623104,-7.169755,36.49605,22.382528,-7.115835,-7.013336,-50.5074,-29.496805,38.430363,15.307761,-30.641056,-15.720583,-13.653179,0.83725506,5.973314,0.70122135,9.267125,-6.5090036,0.0,6.004943,-5.171343,-16.776941,5.1328278,-9.768055,0.0
728,-0.5325196981430054,4.913379192352295,105.91246032714844,0.7578110847659418,-3.002971690255601,-87.62907119468352,3.303535,-1.2952423,3.6837018,-7.2606297,-0.15647906,29.168175,27.626911,-7.170851,36.495483,22.383219,-7.116368,-7.012933,-50.51673,-29.508308,38.422615,15.30604,-30.641582,-15.717799,-13.655538,0.8235038,5.979391,0.69213456,9.300202,-6.523979,0.0,6.010637,-5.164777,-16.781042,5.1323028,-9.76718,0.0
729,-0.5333406329154968,4.912193298339844,105.91144561767578,0.7536025977341958,-3.006119696290111,-87.6263563757211,3.304679,-1.2899171,3.6737626,-7.2611327,-0.1564373,29.165237,27.63084,-7.172561,36.495403,22.384264,-7.116693,-7.012939,-50.526646,-29.51998,38.41444,15.3039875,-30.642195,-15.714748,-13.657752,0.81999344,5.985098,0.68755543,9.313966,-6.531646,0.0,6.0173063,-5.1581483,-16.78472,5.129755,-9.768509,0.0
730,-0.5342370867729187,4.916913986206055,105.91136169433594,0.750098356019533,-3.0070138074455586,-87.62390238146114,3.3026538,-1.2847899,3.6604254,-7.261668,-0.1564,29.162745,27.634756,-7.1748343,36.4961,22.3858,-7.1166854,-7.013521,-50.53703,-29.531635,38.40604,15.301618,-30.642843,-15.711513,-13.659526,0.81492203,5.9898148,0.68315536,9.318464,-6.5309677,0.0,6.013211,-5.153854,-16.78554,5.1339984,-9.76813,0.0
731,-0.533673882484436,4.92380428314209,105.91213989257812,0.7343267514510029,-2.99146421827847,-87.6155851648513,3.2939055,-1.2685416,3.6237457,-7.4398413,-0.14531535,29.1577,27.643078,-7.1941233,36.535515,22.446125,-7.129874,-7.0296774,-50.5521,-29.562225,38.327084,15.115788,-30.644022,-15.491215,-13.5627985,0.7654941,6.0088687,0.6553149,9.360698,-6.543566,0.0,5.9911485,-5.1343045,-16.788378,5.1299953,-9.760098,0.0
732,-0.5334587693214417,4.928300857543945,105.91256713867188,0.7350306509021469,-2.992978026195302,-87.61456375742141,3.2943385,-1.2685268,3.619858,-7.439935,-0.14531344,29.156542,27.644255,-7.194557,36.53563,22.446365,-7.12983,-7.0297775,-50.556267,-29.566109,38.325768,15.115536,-30.644106,-15.491105,-13.562864,0.7671847,6.007807,0.6552928,9.354638,-6.537709,0.0,5.98825,-5.1360373,-16.788391,5.1332855,-9.7589,0.0
733,-0.5346356630325317,4.932377338409424,105.91339874267578,0.7355500757025301,-2.9947737137559067,-87.61221975607847,3.296643,-1.2691945,3.6145747,-7.440041,-0.14531574,29.155392,27.645853,-7.1953006,36.53582,22.446943,-7.129738,-7.029954,-50.561386,-29.57039,38.32399,15.114914,-30.64427,-15.491042,-13.563181,0.77115124,6.007762,0.6552959,9.344825,-6.5299835,0.0,5.988186,-5.135884,-16.790333,5.1336083,-9.757448,0.0
734,-0.5354450941085815,4.9375996589660645,105.91439819335938,0.7362246444991699,-2.9964234262463307,-87.60913974220065,3.3027618,-1.2714489,3.6077378,-7.440253,-0.14532782,29.153828,27.649254,-7.1973705,36.5363,22.448807,-7.129481,-7.030408,-50.56984,-29.577648,38.319996,15.113116,-30.644611,-15.491078,-13.564351,0.771871,6.007349,0.6539784,9.33857,-6.5229177,0.0,5.986863,-5.1363077,-16.792536,5.1335535,-9.754424,0.0
735,-0.53374183177948,4.938741683959961,105.914306640625,0.7378768072271159,-2.9977855327035585,-87.60668264334409,3.3104491,-1.2745607,3.6021502,-7.4404755,-0.14534803,29.15238,27.653294,-7.2000365,36.536858,22.45131,-7.129151,-7.0309687,-50.579144,-29.585054,38.315315,15.110652,-30.645073,-15.491288,-13.566099,0.76906264,6.00462,0.6518807,9.343806,-6.5243044,0.0,5.988792,-5.1393805,-16.795168,5.133259,-9.7538805,0.0
736,-0.5375407934188843,4.941137790679932,105.91536712646484,0.7485608901053423,-2.9944739523117923,-87.6094876959233,3.3328,-1.2942417,3.5887618,-7.589336,-0.16040698,29.1473,27.665396,-7.2376275,36.552616,22.621008,-7.1021867,-7.035608,-50.597702,-29.619759,38.219658,14.983631,-30.698673,-15.456925,-13.597477,0.7869007,5.9933987,0.66456234,9.299687,-6.4996243,0.0,5.982395,-5.150817,-16.791801,5.1334195,-9.751093,0.0
737,-0.5397167801856995,4.938300609588623,105.91567993164062,0.7488994871537499,-2.9965051505202225,-87.60558946229693,3.3353992,-1.2977079,3.58331,-7.589489,-0.16042507,29.145529,27.667618,-7.2386093,36.552956,22.620823,-7.1019936,-7.0359173,-50.605904,-29.627682,38.216618,14.982981,-30.699274,-15.456951,-13.597771,0.7940566,5.99421,0.6639383,9.291721,-6.4968357,0.0,5.987702,-5.1492996,-16.796463,5.1340485,-9.754791,0.0
738,-0.5441581606864929,4.940219402313232,105.91558074951172,0.7498242157684496,-2.9992011320520375,-87.59722611896485,3.3381863,-1.3082335,3.5689497,-7.5901394,-0.1604884,29.142845,27.671537,-7.241561,36.556274,22.617405,-7.1002107,-7.038773,-50.622025,-29.646957,38.204384,14.978823,-30.703508,-15.457107,-13.598712,0.7974829,5.995189,0.6583421,9.283906,-6.4905944,0.0,5.9914794,-5.1470356,-16.80508,5.134166,-9.755937,0.0
739,-0.5450783967971802,4.945362567901611,105.91557312011719,0.7551693941521069,-2.997564968992321,-87.58676243834545,3.3332562,-1.3226881,3.5499282,-7.610065,-0.16176185,29.13843,27.67791,-7.2550716,36.588055,22.533659,-7.0804567,-7.0875406,-50.64184,-29.679161,38.13431,14.922947,-30.772114,-15.456275,-13.568504,0.79789615,5.9881544,0.6482215,9.266639,-6.476783,0.0,5.990332,-5.1527524,-16.820684,5.130628,-9.75141,0.0
740,-0.5442699193954468,4.952428817749023,105.91574096679688,0.7552972820176604,-3.000154284345764,-87.58570868051153,3.3305972,-1.3262984,3.542215,-7.610386,-0.16178313,29.136253,27.679573,-7.2558618,36.58951,22.531439,-7.0797243,-7.089029,-50.654926,-29.691711,38.129456,14.920481,-30.774212,-15.456571,-13.56806,0.7962363,5.9872828,0.64688396,9.266195,-6.4723077,0.0,5.98707,-5.15428,-16.820774,5.133755,-9.748649,0.0
741,-0.5405227541923523,4.959399700164795,105.91699981689453,0.7587110846794207,-2.9946239895548867,-87.58677889047013,3.312406,-1.3320861,3.5247514,-7.7041116,-0.16596192,29.131718,27.686306,-7.269462,36.625954,22.441774,-7.065621,-7.1520305,-50.674812,-29.723785,38.066013,14.78137,-30.83208,-15.42016,-13.456498,0.7956002,5.9801774,0.64739174,9.245777,-6.456359,0.0,5.975701,-5.16175,-16.819416,5.132143,-9.740776,0.0
742,-0.5337169170379639,4.964021682739258,105.91799926757812,0.7606993497815715,-2.989756921293114,-87.5949580864974,3.2940207,-1.3319027,3.512656,-7.7536526,-0.16600867,29.12737,27.692179,-7.280781,36.654575,22.446806,-7.072839,-7.1602516,-50.6945,-29.754086,38.03488,14.711716,-30.826107,-15.420666,-13.396436,0.7912217,5.973838,0.65384936,9.24061,-6.450388,0.0,5.9644423,-5.169812,-16.808231,5.1319747,-9.734011,0.0
743,-0.5290385484695435,4.963472366333008,105.91902923583984,0.7613820820636834,-2.9883685673997746,-87.60447769072364,3.2784336,-1.3306252,3.5045452,-7.7542467,-0.16596553,29.12414,27.69675,-7.2868485,36.66128,22.450026,-7.071279,-7.162633,-50.71365,-29.776478,38.03346,14.6973095,-30.82577,-15.426465,-13.395369,0.7958494,5.9705305,0.66335195,9.233904,-6.4478335,0.0,5.961955,-5.174093,-16.799232,5.1301813,-9.730969,0.0
744,-0.5324245691299438,4.966003894805908,105.9189224243164,0.7617041807508319,-2.9910839522749537,-87.61176590528898,3.2705815,-1.3310089,3.4991176,-7.7543836,-0.1659634,29.122316,27.699179,-7.289262,36.664715,22.450773,-7.070289,-7.163777,-50.72995,-29.790354,38.03384,14.690302,-30.82583,-15.429047,-13.39553,0.8022393,5.972367,0.6706499,9.2288065,-6.445185,0.0,5.961228,-5.172828,-16.792847,5.1317134,-9.730306,0.0
745,-0.5354841947555542,4.96953821182251,105.91788482666016,0.758672893912317,-3.0047070253781323,-87.61829868878162,3.272126,-1.3320178,3.5008123,-7.7556605,-0.16620198,29.119892,27.70168,-7.2972746,36.687145,22.440613,-7.064548,-7.1681433,-50.75131,-29.81383,38.0341,14.647359,-30.822142,-15.438772,-13.394988,0.8140558,5.9781733,0.67814386,9.23798,-6.4519863,0.0,5.9754677,-5.166576,-16.78978,5.1297894,-9.729651,0.0
746,-0.5328062176704407,4.971586227416992,105.91777801513672,0.755803564572035,-3.0299272414719924,-87.62552363391578,3.2832425,-1.333071,3.5147588,-7.7897024,-0.17961562,29.116592,27.7046,-7.317975,36.735687,22.34879,-7.0709376,-7.1557226,-50.773293,-29.842905,38.02879,14.528039,-30.784672,-15.382707,-13.34937,0.84866464,5.9804826,0.6939559,9.234953,-6.4569383,0.0,6.0027075,-5.1648192,-16.790348,5.1334176,-9.73392,0.0
747,-0.5351549983024597,4.977519989013672,105.91771697998047,0.752996573929031,-3.053646718101657,-87.63054123877109,3.2973084,-1.3355709,3.5266576,-7.8215985,-0.19559126,29.113377,27.707777,-7.341133,36.747066,22.27662,-7.0577397,-7.143252,-50.79609,-29.871548,38.02103,14.495821,-30.760384,-15.368029,-13.345252,0.88137287,5.9854074,0.70650023,9.225673,-6.455521,0.0,6.0276766,-5.1592827,-16.793272,5.1333084,-9.734692,0.0
748,-0.5382610559463501,4.981591701507568,105.9164047241211,0.751733704398844,-3.06906124266233,-87.63249958565702,3.308291,-1.3406434,3.5300322,-7.824448,-0.19683224,29.110703,27.710394,-7.3547645,36.754276,22.259169,-7.0516605,-7.1411552,-50.81794,-29.89636,38.012913,14.483371,-30.750586,-15.367406,-13.349396,0.8962211,5.988959,0.71084696,9.230296,-6.4592447,0.0,6.0437055,-5.155417,-16.795856,5.1339817,-9.735908,0.0
749,-0.5409727692604065,4.9881720542907715,105.91869354248047,0.7534272977241531,-3.0766212230957177,-87.6308696167464,3.316821,-1.3506284,3.5251517,-7.8310523,-0.19810815,29.108082,27.71453,-7.3750553,36.764442,22.256002,-7.0440965,-7.1386356,-50.839973,-29.920984,38.0013,14.45973,-30.731003,-15.356834,-13.34852,0.9212331,5.9880295,0.71774083,9.191917,-6.4365673,0.0,6.0489445,-5.1555734,-16.798357,5.1337166,-9.733362,0.0
750,-0.550773561000824,4.99100399017334,105.92111206054688,0.7596682730192095,-3.0779972910891407,-87.6261446302372,3.3251803,-1.3649881,3.513072,-7.8697147,-0.19380008,29.105278,27.71977,-7.3982754,36.77901,22.296886,-7.041983,-7.1333475,-50.862442,-29.9467,37.98515,14.407236,-30.693089,-15.308533,-13.320841,0.950701,5.985777,0.7238939,9.13263,-6.402998,0.0,6.051593,-5.1558886,-16.802738,5.129971,-9.731843,0.0
751,-0.5521937012672424,4.990479469299316,105.92031860351562,0.7604825837685235,-3.0795405503533346,-87.62158005525922,3.3287096,-1.3724972,3.5049136,-7.869808,-0.1937607,29.103891,27.722927,-7.4009886,36.779354,22.298687,-7.041973,-7.133917,-50.87693,-29.956392,37.98311,14.406371,-30.692953,-15.308181,-13.321291,0.9455927,5.9858766,0.7188906,9.143129,-6.4065733,0.0,6.053212,-5.156165,-16.806608,5.1334376,-9.735109,0.0
752,-0.5539847612380981,4.994799613952637,105.91996765136719,0.762430373207018,-3.081102609601973,-87.61836985870397,3.3291085,-1.3810401,3.4952765,-7.869918,-0.19370264,29.102928,27.726717,-7.404543,36.78017,22.30164,-7.0418196,-7.1348906,-50.89147,-29.96569,37.98018,14.404566,-30.692877,-15.307776,-13.322105,0.9432632,5.984694,0.7161029,9.14362,-6.4028583,0.0,6.0532384,-5.157353,-16.809198,5.1328506,-9.732932,0.0
753,-0.5523223280906677,4.9971604347229,105.9195785522461,0.7636876715364592,-3.08204554664956,-87.61814357843899,3.3220177,-1.3889476,3.4854147,-7.8700476,-0.19364326,29.102211,27.731102,-7.408643,36.78149,22.305178,-7.0414314,-7.1361194,-50.90798,-29.975147,37.97661,14.401286,-30.693087,-15.307737,-13.323189,0.93966067,5.982314,0.71518654,9.148777,-6.4033837,0.0,6.052396,-5.1603775,-16.809101,5.133851,-9.731712,0.0
754,-0.5535789132118225,4.99997091293335,105.92051696777344,0.7705938582337767,-3.075363690372112,-87.61276843304184,3.2950578,-1.4050132,3.4662306,-7.910991,-0.1783773,29.099562,27.7385,-7.431885,36.82537,22.41004,-7.044328,-7.1408553,-50.93482,-30.001648,37.938984,14.252844,-30.687496,-15.238586,-13.266381,0.9439131,5.9738307,0.7119477,9.117511,-6.383172,0.0,6.0458503,-5.1676817,-16.812979,5.128898,-9.726657,0.0
755,-0.55867999792099,5.003617763519287,105.92115783691406,0.7716460945516098,-3.075804384723467,-87.61275093974952,3.2775462,-1.4095253,3.4586117,-7.911738,-0.17827038,29.097565,27.744001,-7.437963,36.82945,22.411116,-7.0425572,-7.1411347,-50.960495,-30.020979,37.93011,14.242081,-30.68965,-15.242835,-13.265408,0.95120114,5.975548,0.71521145,9.099386,-6.3714085,0.0,6.041477,-5.1663623,-16.812376,5.133048,-9.726915,0.0
756,-0.558035135269165,5.006595611572266,105.92113494873047,0.7710560761561673,-3.077198962170526,-87.61214449701653,3.2673144,-1.4133692,3.4511852,-7.911989,-0.17826545,29.096127,27.74807,-7.4401393,36.83184,22.41154,-7.0414157,-7.141478,-50.9874,-30.035522,37.926132,14.236173,-30.691576,-15.244926,-13.265843,0.9485305,5.9760137,0.7141386,9.103193,-6.3714457,0.0,6.0411754,-5.1661863,-16.812996,5.133019,-9.725107,0.0
757,-0.5644814372062683,5.012026309967041,105.92053985595703,0.7677549148072208,-3.076737367391594,-87.60623503261453,3.2612627,-1.4156886,3.440778,-7.9541516,-0.176249,29.093845,27.753891,-7.454516,36.86645,22.408228,-7.0322933,-7.129266,-51.013584,-30.058992,37.895947,14.15043,-30.73915,-15.231186,-13.242464,0.93988603,5.9839864,0.7054688,9.107593,-6.369068,0.0,6.0372596,-5.157819,-16.818205,5.133759,-9.723835,0.0
758,-0.5724483132362366,5.01921272277832,105.91850280761719,0.7621864369343885,-3.0789740598077615,-87.60200663322003,3.2675242,-1.4163939,3.4339845,-7.9904766,-0.17128906,29.091457,27.759508,-7.4654875,36.880585,22.400135,-7.020998,-7.119408,-51.039967,-30.082495,37.87243,14.135015,-30.78571,-15.229412,-13.260511,0.928924,5.995695,0.6970271,9.121494,-6.371296,0.0,6.0356593,-5.1454363,-16.821339,5.133207,-9.721506,0.0
759,-0.574596107006073,5.020916938781738,105.91964721679688,0.7598121628868201,-3.08159231089942,-87.597730389123,3.2743032,-1.4190798,3.4268398,-7.9907346,-0.17124903,29.089193,27.763811,-7.4665923,36.88234,22.400003,-7.0198417,-7.11955,-51.073296,-30.101557,37.867374,14.133347,-30.788641,-15.229093,-13.262819,0.9429242,5.9997683,0.6981125,9.096618,-6.3577485,0.0,6.0376062,-5.14092,-16.825205,5.135303,-9.723261,0.0
760,-0.5773623585700989,5.018756866455078,105.92388916015625,0.753850623139596,-3.082024765345855,-87.59499773506656,3.2794623,-1.418143,3.4149897,-8.036045,-0.16739379,29.086674,27.769455,-7.4767027,36.90273,22.399563,-7.012341,-7.120991,-51.10128,-30.125538,37.84642,14.117507,-30.846071,-15.220061,-13.3062105,0.9678572,6.0085945,0.70311266,9.051626,-6.336173,0.0,6.0406604,-5.1306324,-16.82871,5.1328444,-9.724336,0.0
761,-0.5762478113174438,5.021507740020752,105.9245376586914,0.7531232292226198,-3.0807376598006617,-87.59372385555845,3.2787545,-1.4217013,3.3984191,-8.076866,-0.17427208,29.083122,27.775845,-7.4856734,36.915207,22.407661,-7.0279093,-7.1337442,-51.141804,-30.152906,37.82863,14.103543,-30.835245,-15.218268,-13.307397,0.9587549,6.0091653,0.69863313,9.060873,-6.3384657,0.0,6.035061,-5.131321,-16.829145,5.136878,-9.724057,0.0
762,-0.5789262056350708,5.025477409362793,105.92413330078125,0.7534740675191625,-3.0778998127671104,-87.5935131707909,3.275737,-1.4262635,3.3780906,-8.116114,-0.19267647,29.077572,27.784166,-7.4952826,36.928,22.41967,-7.0554404,-7.1554365,-51.206505,-30.186483,37.814354,14.09672,-30.786274,-15.219569,-13.291233,0.9452625,6.010719,0.6936197,9.073398,-6.3411827,0.0,6.028925,-5.130269,-16.829245,5.136413,-9.721108,0.0
763,-0.5784860849380493,5.029135704040527,105.92366790771484,0.7526352918628596,-3.075561755858519,-87.59331719321132,3.2717032,-1.4298738,3.3597605,-8.139586,-0.20787318,29.070486,27.794119,-7.506811,36.936554,22.434523,-7.080324,-7.1789374,-51.290096,-30.220894,37.81028,14.106942,-30.722094,-15.224919,-13.267689,0.92913,6.0118203,0.6878842,9.092557,-6.3475227,0.0,6.023942,-5.1297426,-16.829283,5.135323,-9.717621,0.0
764,-0.5820625424385071,5.033272743225098,105.92320251464844,0.7513891324236412,-3.0757746959676973,-87.59201915215436,3.268416,-1.4297527,3.3496475,-8.180749,-0.23607835,29.055933,27.81012,-7.523623,36.94958,22.452717,-7.10255,-7.203215,-51.455017,-30.27366,37.853622,14.169866,-30.608227,-15.224435,-13.217541,0.92167413,6.0157824,0.6839535,9.100797,-6.348616,0.0,6.0208936,-5.1260514,-16.829899,5.135789,-9.715804,0.0
765,-0.5852396488189697,5.034962177276611,105.9228286743164,0.7470205689632652,-3.080116290318512,-87.5896085046355,3.263298,-1.4239775,3.352097,-8.254304,-0.27209407,29.013145,27.829573,-7.561386,36.980804,22.460964,-7.107642,-7.217084,-51.892597,-30.284613,38.107677,14.501116,-30.343552,-15.2459,-13.23209,0.9186681,6.0233126,0.6808474,9.112894,-6.353465,0.0,6.0276117,-5.117426,-16.832548,5.13168,-9.715046,0.0
766,-0.5836216807365417,5.0426459312438965,105.92240142822266,0.7413291182195119,-3.0870428271748147,-87.58661214440144,3.2572527,-1.4159337,3.3622797,-8.261344,-0.24797371,28.97622,27.83406,-7.574057,36.99672,22.511848,-7.099194,-7.2350006,-52.23565,-30.226725,38.273674,14.761065,-30.26363,-15.228144,-13.234655,0.9067032,6.0295367,0.67473936,9.14066,-6.363249,0.0,6.0300384,-5.1116695,-16.833426,5.1342783,-9.712969,0.0
767,-0.5862594842910767,5.048699855804443,105.92174530029297,0.7358582494141183,-3.093692581854507,-87.58267208982615,3.2519147,-1.4084698,3.3723896,-8.266345,-0.22400843,28.945343,27.837868,-7.583256,37.004704,22.564512,-7.0860295,-7.2495146,-52.50115,-30.180374,38.39731,14.954457,-30.220871,-15.206852,-13.236996,0.8993556,6.0380044,0.66873634,9.160504,-6.3698654,0.0,6.0332556,-5.103166,-16.835245,5.137222,-9.713332,0.0
768,-0.5884649157524109,5.051385402679443,105.92143249511719,0.729749634425394,-3.096979467958775,-87.57722568654474,3.2480216,-1.4045223,3.3753276,-8.273955,-0.21909904,28.918756,27.843298,-7.594976,37.01031,22.602407,-7.072939,-7.256829,-52.70997,-30.148607,38.486996,15.099464,-30.189205,-15.1946945,-13.241914,0.89297324,6.0466776,0.6604033,9.173913,-6.3749804,0.0,6.0359554,-5.093714,-16.83919,5.1377144,-9.713912,0.0
769,-0.5885726809501648,5.056114673614502,105.92181396484375,0.7242892407787204,-3.0936765717661316,-87.56873321121067,3.245451,-1.4054314,3.3648155,-8.278014,-0.22746658,28.917166,27.844585,-7.5968432,36.998215,22.630087,-7.0595174,-7.254162,-52.722103,-30.149553,38.481445,15.073856,-30.228018,-15.177421,-13.260844,0.8788121,6.053212,0.6451401,9.182035,-6.375273,0.0,6.032192,-5.0859733,-16.845264,5.1334505,-9.709832,0.0
770,-0.5862517952919006,5.054742336273193,105.9233169555664,0.7161969244025602,-3.086206822240059,-87.55781247644032,3.243703,-1.4086555,3.3476923,-8.284757,-0.2480673,28.915943,27.84633,-7.5995607,36.98696,22.64957,-7.0433545,-7.245771,-52.731716,-30.15249,38.47095,15.054344,-30.26332,-15.172213,-13.285498,0.864333,6.0612555,0.6258032,9.18713,-6.3776727,0.0,6.0229363,-5.077675,-16.852234,5.138325,-9.712804,0.0
771,-0.5875927805900574,5.052356243133545,105.92259216308594,0.7120292522269952,-3.0800139775473996,-87.54777355901243,3.2434936,-1.4139277,3.3309238,-8.293957,-0.27759054,28.914574,27.848692,-7.6029067,36.975277,22.662424,-7.0292077,-7.2345567,-52.742496,-30.157318,38.455307,15.034871,-30.293335,-15.17259,-13.308646,0.8493394,6.0668044,0.60672486,9.198117,-6.3838043,0.0,6.018734,-5.071116,-16.860676,5.138308,-9.714965,0.0
772,-0.5840884447097778,5.0544939041137695,105.92355346679688,0.7141857897686881,-3.080039143389342,-87.54181956747205,3.2460098,-1.421381,3.321385,-8.30624,-0.30990085,28.91318,27.850828,-7.604267,36.964603,22.673805,-7.02416,-7.224535,-52.75357,-30.163414,38.435158,15.016035,-30.315756,-15.172696,-13.319637,0.8557621,6.061132,0.6007752,9.180125,-6.373302,0.0,6.019024,-5.0760446,-16.86757,5.1379204,-9.713347,0.0
773,-0.5800624489784241,5.054737091064453,105.92584228515625,0.7254402864919259,-3.0901502270098704,-87.54248311176897,3.2527752,-1.4331161,3.3227608,-8.323258,-0.3398095,28.911589,27.852522,-7.6026816,36.95334,22.68306,-7.032889,-7.217546,-52.76583,-30.170649,38.409332,14.997106,-30.330645,-15.170759,-13.31384,0.89780515,6.043218,0.61544275,9.125623,-6.347175,0.0,6.032556,-5.092704,-16.873789,5.137615,-9.713423,0.0
774,-0.5777793526649475,5.062001705169678,105.92620086669922,0.7451395286673217,-3.1069269306327985,-87.54751855945459,3.2629697,-1.4485141,3.330703,-8.345361,-0.36712098,28.909897,27.85318,-7.5967093,36.944183,22.690601,-7.0540533,-7.212013,-52.778522,-30.178476,38.37772,14.979236,-30.33795,-15.169832,-13.295148,0.9440639,6.015691,0.6371016,9.072387,-6.318116,0.0,6.0509477,-5.118896,-16.879147,5.133877,-9.70766,0.0
775,-0.5765551924705505,5.062551975250244,105.92649841308594,0.7648104383932075,-3.1244786326296983,-87.55289228474545,3.2731352,-1.4630549,3.340496,-8.370262,-0.39085573,28.907545,27.853113,-7.587655,36.934196,22.699114,-7.0754695,-7.2082686,-52.79518,-30.18773,38.341946,14.960665,-30.33893,-15.168875,-13.268726,0.99916184,5.988996,0.66178536,9.012953,-6.290133,0.0,6.0735226,-5.144332,-16.885035,5.1328154,-9.707894,0.0
776,-0.5735650658607483,5.065025806427002,105.92655944824219,0.776789868469491,-3.13735270437935,-87.55425877118637,3.280478,-1.4723747,3.3476007,-8.39429,-0.4102849,28.903181,27.851507,-7.5746417,36.925728,22.713572,-7.088114,-7.2061744,-52.824974,-30.201965,38.305077,14.94246,-30.334217,-15.167262,-13.238389,1.0307106,5.971238,0.6734822,8.982123,-6.274565,0.0,6.0892587,-5.1612816,-16.890766,5.1324005,-9.707328,0.0
777,-0.578747570514679,5.0630106925964355,105.9264907836914,0.7785399510217724,-3.1429653926491974,-87.54945059006998,3.2825696,-1.4730484,3.3511376,-8.412684,-0.42192888,28.89373,27.850033,-7.5617123,36.91245,22.73619,-7.078668,-7.2061267,-52.882095,-30.223333,38.27588,14.929046,-30.308327,-15.164105,-13.202506,1.046402,5.9718704,0.67133963,8.965804,-6.2674804,0.0,6.0991006,-5.1592784,-16.897636,5.1322894,-9.71135,0.0
778,-0.5850346684455872,5.063404560089111,105.92583465576172,0.7726326196160421,-3.1445502494841313,-87.54106884439574,3.2816334,-1.4684908,3.3517087,-8.424295,-0.42498976,28.886442,27.849747,-7.5513883,36.899147,22.76364,-7.0566654,-7.20729,-52.921326,-30.236485,38.26229,14.924898,-30.259188,-15.161583,-13.164342,1.0379236,5.9830585,0.6561665,8.980351,-6.2734237,0.0,6.104406,-5.1462626,-16.904629,5.1280966,-9.712341,0.0
779,-0.5891969203948975,5.06707239151001,105.92585754394531,0.7657648550613219,-3.145363206596459,-87.5323082311238,3.2802792,-1.4631913,3.351504,-8.432352,-0.42458498,28.876047,27.849815,-7.541786,36.885662,22.786333,-7.030918,-7.2085643,-52.973354,-30.251925,38.25522,14.914819,-30.224215,-15.148244,-13.136241,1.0252302,5.9942408,0.639398,8.997021,-6.2788014,0.0,6.103587,-5.134511,-16.910013,5.1290526,-9.7126255,0.0
780,-0.5873273015022278,5.068907737731934,105.92524719238281,0.76173379782265,-3.1486327962145046,-87.526312489255,3.280836,-1.4621574,3.3493779,-8.442311,-0.43004814,28.86738,27.850552,-7.5369596,36.876625,22.795237,-7.0121927,-7.211108,-53.015205,-30.263695,38.253387,14.914059,-30.202826,-15.137969,-13.11491,1.0127954,5.998247,0.62663054,9.023222,-6.2911663,0.0,6.105374,-5.1310244,-16.914387,5.1337404,-9.715335,0.0
781,-0.584083616733551,5.0684661865234375,105.92494201660156,0.7615461800981299,-3.1558406401767365,-87.52540838676525,3.2850041,-1.4677538,3.3464212,-8.460357,-0.45361957,28.850885,27.849703,-7.5354476,36.883198,22.784973,-7.005597,-7.215292,-53.09872,-30.286789,38.271065,14.94114,-30.199331,-15.127071,-13.094247,1.019963,5.9961734,0.6272978,9.027794,-6.295749,0.0,6.115592,-5.132567,-16.918184,5.133239,-9.716486,0.0
782,-0.5801225304603577,5.0646748542785645,105.92526245117188,0.7645781340540964,-3.164938698015907,-87.52756696212361,3.2905169,-1.4774972,3.3410068,-8.516971,-0.5502742,28.827232,27.848415,-7.5495214,36.90906,22.754837,-7.0111966,-7.2108517,-53.224056,-30.309462,38.33492,15.025555,-30.163712,-15.1368475,-13.099924,1.043372,5.9896255,0.6377616,9.011698,-6.2926126,0.0,6.1317515,-5.1380806,-16.921684,5.1296973,-9.718224,0.0
783,-0.5757200717926025,5.06644344329834,105.92443084716797,0.7675062996835743,-3.174328697774508,-87.52896126207207,3.2959921,-1.4861302,3.3369274,-8.562781,-0.63297117,28.786951,27.846819,-7.5773125,36.94652,22.715895,-7.015381,-7.2030106,-53.438305,-30.305029,38.438457,15.178695,-30.12428,-15.138558,-13.109854,1.0539433,5.9828544,0.6433922,9.013418,-6.2952657,0.0,6.1408496,-5.1452384,-16.924288,5.133047,-9.719173,0.0
784,-0.5738005042076111,5.068845748901367,105.92424011230469,0.7683823097614386,-3.1824398754909633,-87.52581140267637,3.3005886,-1.4904041,3.3336205,-8.602496,-0.6831702,28.756075,27.843182,-7.5961576,36.97224,22.690138,-7.0192366,-7.200614,-53.6019,-30.286669,38.501038,15.301462,-30.094597,-15.141036,-13.105187,1.0639307,5.9799953,0.64414865,9.009964,-6.293509,0.0,6.150592,-5.147327,-16.93092,5.1327953,-9.719161,0.0
785,-0.5774688720703125,5.073109149932861,105.92247009277344,0.7670720476845262,-3.189625525626111,-87.51616316146493,3.3051715,-1.4856335,3.3327277,-8.642015,-0.70113504,28.727968,27.843477,-7.62036,36.986137,22.675905,-7.017669,-7.2002892,-53.72931,-30.269693,38.535374,15.396127,-30.03567,-15.145125,-13.084587,1.0594563,5.9833674,0.6328103,9.025072,-6.297919,0.0,6.1593933,-5.1425924,-16.943148,5.131766,-9.71934,0.0
786,-0.5806171894073486,5.071640968322754,105.9228744506836,0.7646545549270582,-3.1963285727127375,-87.50249364148205,3.3103006,-1.4753952,3.333187,-8.683572,-0.6997773,28.701689,27.840244,-7.6389523,36.997746,22.678078,-7.0191994,-7.203878,-53.830666,-30.25746,38.550655,15.469158,-29.958553,-15.15039,-13.053555,1.0697067,5.9876723,0.62241775,9.016566,-6.2930655,0.0,6.172204,-5.1362166,-16.96009,5.1310663,-9.723783,0.0
787,-0.5825721025466919,5.070125102996826,105.92538452148438,0.7620756751010149,-3.201785684918127,-87.48720275981552,3.3135085,-1.4663619,3.3332307,-8.724368,-0.6914749,28.676605,27.837217,-7.6564155,37.007732,22.672817,-7.019987,-7.210798,-53.912567,-30.248697,38.553967,15.525173,-29.886198,-15.155653,-13.021077,1.083579,5.991354,0.61193776,8.997293,-6.282242,0.0,6.185417,-5.1297965,-16.978445,5.1273174,-9.72652,0.0
788,-0.5833821296691895,5.066246509552002,105.92560577392578,0.7605341414421578,-3.2050425775171725,-87.47297091398525,3.312258,-1.4658605,3.3304698,-8.738563,-0.6899404,28.675503,27.837126,-7.659336,36.99646,22.646511,-7.0187893,-7.2236376,-53.916283,-30.24957,38.54337,15.511818,-29.874413,-15.141137,-13.016035,1.0782351,5.993459,0.5955669,9.012334,-6.290288,0.0,6.193876,-5.126645,-16.993546,5.130457,-9.73356,0.0
789,-0.5837149620056152,5.0612993240356445,105.92516326904297,0.7617406769046615,-3.205007959751732,-87.45909996573872,3.3041341,-1.4795372,3.3248255,-8.76004,-0.68831754,28.67429,27.83679,-7.661091,36.989285,22.587957,-7.0150533,-7.2434177,-53.92107,-30.25212,38.525288,15.496727,-29.89795,-15.131759,-13.011991,1.0682226,5.9919796,0.57810235,9.029878,-6.3001437,0.0,6.2012515,-5.1266947,-17.007185,5.129446,-9.738409,0.0
790,-0.5872595310211182,5.059445858001709,105.9236068725586,0.7648659085166511,-3.2024501193693826,-87.4448903667215,3.2909765,-1.5023379,3.3175952,-8.784989,-0.68552166,28.673212,27.836233,-7.6606517,36.984226,22.507069,-7.009798,-7.269731,-53.926155,-30.2559,38.502903,15.480976,-29.943579,-15.126436,-13.010238,1.0504825,5.990071,0.55761486,9.051957,-6.310079,0.0,6.203859,-5.127115,-17.019314,5.1269617,-9.740321,0.0
791,-0.5883522033691406,5.059517860412598,105.92121124267578,0.7662340146800445,-3.19936118295652,-87.43182704500762,3.277279,-1.5242227,3.3096066,-8.811111,-0.6847575,28.67215,27.83568,-7.659582,36.97902,22.412554,-7.003914,-7.29468,-53.931854,-30.260803,38.478195,15.464017,-29.99117,-15.121886,-13.005815,1.02401,5.988869,0.5355589,9.087283,-6.325788,0.0,6.2016153,-5.1280236,-17.028763,5.129971,-9.74344,0.0
792,-0.5870683193206787,5.05690860748291,105.9184341430664,0.7647386912644558,-3.198019207114142,-87.42160895072459,3.268144,-1.5348588,3.302111,-8.837312,-0.6916494,28.671114,27.8339,-7.6565595,36.97821,22.316895,-7.0047283,-7.3088007,-53.938663,-30.266762,38.452465,15.447107,-30.019257,-15.115221,-12.992733,1.0008262,5.990024,0.5177646,9.125666,-6.345794,0.0,6.2042503,-5.1264386,-17.037777,5.1299314,-9.74633,0.0
793,-0.579012393951416,5.056759357452393,105.91710662841797,0.7558258108023514,-3.199933962963202,-87.41516250781319,3.2640998,-1.5256363,3.2975223,-8.901758,-0.75256246,28.651173,27.813988,-7.658081,36.997375,22.208574,-7.0097675,-7.302772,-54.049984,-30.306238,38.434574,15.491327,-29.931824,-15.141915,-12.917003,0.9797945,5.996276,0.5052961,9.167819,-6.368466,0.0,6.208473,-5.1201982,-17.04463,5.129535,-9.746866,0.0
794,-0.5742797255516052,5.058740615844727,105.91761016845703,0.7434689442420334,-3.2039082966216714,-87.41132418938533,3.261963,-1.5050309,3.2919166,-8.92047,-0.8229097,28.63559,27.795008,-7.662493,37.019665,22.085196,-7.0215554,-7.2802486,-54.13333,-30.299503,38.448986,15.537462,-29.874702,-15.13047,-12.879436,0.97157836,6.0088243,0.50070995,9.189056,-6.3801227,0.0,6.2144527,-5.1069264,-17.050304,5.1252685,-9.744699,0.0
795,-0.5710381865501404,5.061837196350098,105.91883850097656,0.7321838943370271,-3.206892199074764,-87.40916201338564,3.2629092,-1.4847783,3.285692,-8.938882,-0.8917775,28.62475,27.77252,-7.6581693,37.04085,21.989077,-7.0368214,-7.254079,-54.20095,-30.292202,38.455696,15.572364,-29.823483,-15.118734,-12.840591,0.96597695,6.02084,0.49863148,9.202483,-6.387253,0.0,6.214278,-5.095285,-17.053066,5.1287713,-9.745193,0.0
796,-0.5755038261413574,5.066467761993408,105.9183120727539,0.7277166925760306,-3.2063589707497453,-87.407405833168,3.2669845,-1.4769409,3.2779632,-8.959563,-0.9374675,28.614885,27.760935,-7.6619034,37.052505,21.937042,-7.0432596,-7.2282786,-54.256577,-30.290798,38.460182,15.59676,-29.785992,-15.112488,-12.809614,0.9570628,6.0289016,0.49533123,9.211625,-6.389351,0.0,6.210158,-5.0868855,-17.054476,5.128728,-9.743085,0.0
797,-0.5809252262115479,5.064425468444824,105.92037200927734,0.7355837811092513,-3.1988713208313224,-87.40527613712122,3.2769768,-1.4893321,3.2659974,-8.969664,-0.94114983,28.614319,27.760649,-7.661714,37.0473,21.964657,-7.043415,-7.2070546,-54.25955,-30.292444,38.453476,15.582259,-29.793144,-15.103916,-12.802913,0.9739893,6.0218983,0.50066686,9.163,-6.363248,0.0,6.20298,-5.0930643,-17.055485,5.1280975,-9.7432375,0.0
798,-0.579994797706604,5.060253143310547,105.92235565185547,0.7508898728401509,-3.1865555118886317,-87.403661329232,3.2916896,-1.513741,3.2514262,-8.987043,-0.9389308,28.613651,27.76124,-7.6621203,37.037766,22.051376,-7.0389514,-7.180712,-54.26256,-30.296053,38.442814,15.569723,-29.809052,-15.104193,-12.795894,0.98307556,6.0018516,0.50387716,9.120448,-6.339681,0.0,6.1917825,-5.113105,-17.054977,5.1270313,-9.741866,0.0
799,-0.5781400203704834,5.050454139709473,105.92195129394531,0.7661315493069741,-3.175643597231662,-87.4035626433602,3.3062809,-1.5389813,3.2388115,-9.00818,-0.9313081,28.61288,27.762186,-7.6614714,37.030685,22.1527,-7.0341873,-7.1561303,-54.265884,-30.301456,38.430733,15.55683,-29.824635,-15.109084,-12.787056,0.9834094,5.981749,0.50458944,9.105613,-6.3340545,0.0,6.186148,-5.133505,-17.054352,5.12711,-9.745301,0.0
800,-0.5796796679496765,5.042954921722412,105.92002868652344,0.7747147080866194,-3.172118510681472,-87.40623770486296,3.315676,-1.5536853,3.2321782,-9.028923,-0.92488784,28.612127,27.762463,-7.658986,37.031757,22.219011,-7.0323653,-7.140242,-54.269485,-30.308153,38.42007,15.540134,-29.832512,-15.113403,-12.771392,0.98297346,5.9722657,0.50662553,9.108464,-6.3386216,0.0,6.187273,-5.1431603,-17.052721,5.1265745,-9.748774,0.0
801,-0.5803728699684143,5.037461757659912,105.9194107055664,0.7736568024521205,-3.181470120789036,-87.41277581255058,3.317946,-1.5534055,3.2366116,-9.046449,-0.92581266,28.611412,27.761572,-7.6560755,37.040215,22.228468,-7.031016,-7.1357975,-54.273384,-30.315485,38.413303,15.5179,-29.826185,-15.113681,-12.7489395,1.0003822,5.9744678,0.5172197,9.108864,-6.3454185,0.0,6.201943,-5.1408715,-17.05086,5.125975,-9.75327,0.0
802,-0.572251558303833,5.0321125984191895,105.91773986816406,0.765690554648028,-3.1992945483860975,-87.42217474046333,3.316081,-1.5447154,3.2486153,-9.059943,-0.934444,28.610813,27.759172,-7.6526265,37.05473,22.207422,-7.0299025,-7.1391263,-54.277416,-30.322931,38.41176,15.491592,-29.812223,-15.111138,-12.722974,1.01071,5.9802217,0.52695584,9.145299,-6.3737063,0.0,6.226241,-5.13586,-17.048355,5.126967,-9.759138,0.0
803,-0.5713717341423035,5.034957408905029,105.91703796386719,0.7561886091847743,-3.216974201261096,-87.43300166759344,3.311739,-1.532106,3.2603414,-9.081883,-0.9723116,28.607811,27.742802,-7.6412873,37.076595,22.188118,-7.0303884,-7.1482444,-54.300972,-30.358027,38.43283,15.460018,-29.76276,-15.106817,-12.694456,1.0266869,5.9919667,0.54001194,9.161037,-6.3867407,0.0,6.2434134,-5.124554,-17.042395,5.1275864,-9.759952,0.0
804,-0.5696366429328918,5.03674840927124,105.91757202148438,0.7478011287485341,-3.2251583455430475,-87.44343329603844,3.3060608,-1.5205575,3.2624822,-9.075316,-0.99584556,28.598816,27.720165,-7.637197,37.10493,22.184774,-7.0300407,-7.1531425,-54.374912,-30.397472,38.49981,15.466829,-29.681221,-15.102927,-12.681068,1.0371639,6.0017204,0.5520194,9.165285,-6.392393,0.0,6.251595,-5.1147814,-17.03392,5.1244054,-9.757806,0.0
805,-0.5667683482170105,5.034800052642822,105.91832733154297,0.7399958523584818,-3.2177295704888853,-87.45368791362843,3.2984037,-1.510059,3.2469301,-9.056282,-1.016944,28.59504,27.711695,-7.6411147,37.12928,22.179003,-7.034091,-7.1657014,-54.43145,-30.396683,38.54701,15.486255,-29.649412,-15.103012,-12.660954,1.0265787,6.010247,0.55784744,9.176267,-6.4005227,0.0,6.239393,-5.1078143,-17.01868,5.1266212,-9.757193,0.0
806,-0.5636371970176697,5.033775329589844,105.91845703125,0.7305141969392548,-3.2006961683324935,-87.46445506648274,3.2884421,-1.4980619,3.2205002,-9.027067,-1.0398881,28.595947,27.706755,-7.6493745,37.15035,22.172033,-7.0389957,-7.183126,-54.478745,-30.391953,38.591618,15.501624,-29.628355,-15.104773,-12.638351,0.9937903,6.0207872,0.55718815,9.204837,-6.414999,0.0,6.213771,-5.099454,-16.998386,5.129414,-9.754441,0.0
807,-0.5610891580581665,5.031566619873047,105.91796875,0.7239744174943726,-3.1837859744102,-87.47479931123266,3.278527,-1.4891586,3.194925,-8.998002,-1.0577104,28.60145,27.700598,-7.652767,37.167873,22.172262,-7.045137,-7.198283,-54.51876,-30.386652,38.630344,15.512885,-29.60945,-15.106262,-12.615634,0.96457195,6.0280066,0.55746156,9.228365,-6.4275055,0.0,6.190894,-5.0939345,-16.979641,5.1296177,-9.751277,0.0
808,-0.5554212927818298,5.031186103820801,105.91826629638672,0.7225706527627904,-3.1765950491491775,-87.48370381605167,3.2705498,-1.4876789,3.1820242,-8.97901,-1.0682443,28.608414,27.697742,-7.6585846,37.17707,22.171642,-7.0453744,-7.200303,-54.552593,-30.381968,38.65925,15.520086,-29.589388,-15.105748,-12.59384,0.9546859,6.0265217,0.5628843,9.235544,-6.4318547,0.0,6.1801047,-5.0966578,-16.966833,5.1295323,-9.748045,0.0
809,-0.5554885268211365,5.033788204193115,105.91907501220703,0.7323008289249046,-3.1844353906154192,-87.4907353194911,3.2635863,-1.4984562,3.1888556,-8.972353,-1.0636733,28.615786,27.695549,-7.661992,37.18076,22.18081,-7.0420694,-7.183236,-54.57996,-30.37599,38.676487,15.523496,-29.563574,-15.1019335,-12.572471,0.9835236,6.0140667,0.57919955,9.200874,-6.415141,0.0,6.187369,-5.1091013,-16.963083,5.1288486,-9.745773,0.0
810,-0.5584678649902344,5.0281476974487305,105.91996002197266,0.7482111767784139,-3.20123842737691,-87.4962862582794,3.2569318,-1.5176097,3.2076125,-8.972761,-1.0485164,28.622463,27.695793,-7.6675835,37.180363,22.19443,-7.035209,-7.1525807,-54.601925,-30.37,38.68583,15.522484,-29.534245,-15.095856,-12.550793,1.0410298,5.9953837,0.6029918,9.142861,-6.392707,0.0,6.213241,-5.126282,-16.967129,5.1277733,-9.751241,0.0
811,-0.5604860782623291,5.020110607147217,105.91912078857422,0.7650351835883799,-3.2197325794066964,-87.50137995979452,3.2536213,-1.5377259,3.2286384,-8.979468,-1.0334852,28.628426,27.694197,-7.6690545,37.179432,22.20762,-7.027668,-7.1213536,-54.618496,-30.364437,38.687317,15.52089,-29.510185,-15.090165,-12.531438,1.0914204,5.9753447,0.62378514,9.105099,-6.382077,0.0,6.245371,-5.1445117,-16.973541,5.12278,-9.756892,0.0
812,-0.556159496307373,5.013439178466797,105.91731262207031,0.7753713340923339,-3.2325216752638664,-87.50697197960439,3.2566767,-1.5511053,3.2421598,-8.9916525,-1.0265045,28.634426,27.68624,-7.6602445,37.1803,22.215534,-7.0222025,-7.102674,-54.629925,-30.361551,38.681606,15.520626,-29.498201,-15.087003,-12.516209,1.1132973,5.9601107,0.63606036,9.105971,-6.389513,0.0,6.2675,-5.159675,-16.975788,5.1211877,-9.761494,0.0
813,-0.5527058839797974,5.011438846588135,105.9157943725586,0.7762243687614755,-3.238295521278298,-87.51273911779906,3.2717004,-1.5548065,3.2460456,-9.014263,-1.0324095,28.638687,27.675177,-7.6472535,37.179436,22.20397,-7.013537,-7.0997877,-54.63531,-30.363642,38.664715,15.523508,-29.500761,-15.087664,-12.505421,1.1132636,5.9575796,0.64241594,9.12616,-6.403131,0.0,6.2729144,-5.163833,-16.97204,5.1253524,-9.764203,0.0
814,-0.553989589214325,5.0131330490112305,105.91470336914062,0.7706024259474124,-3.240810751369657,-87.51829435891104,3.295534,-1.5533957,3.2450395,-9.046019,-1.0443633,28.640203,27.661903,-7.631925,37.17789,22.179354,-7.0022144,-7.1057906,-54.63425,-30.370113,38.63765,15.526919,-29.513947,-15.090761,-12.497881,1.1040336,5.9659863,0.6463923,9.150878,-6.415896,0.0,6.2730446,-5.156246,-16.966486,5.1258783,-9.763684,0.0
815,-0.5535896420478821,5.0139479637146,105.91460418701172,0.763073740756495,-3.2403654437074993,-87.52449309272527,3.3173528,-1.549399,3.2405639,-9.076361,-1.0601192,28.638885,27.650406,-7.619832,37.178448,22.147781,-6.9898505,-7.113411,-54.62928,-30.37649,38.609676,15.527887,-29.535742,-15.094518,-12.493962,1.0942512,5.9759035,0.6508272,9.171111,-6.426776,0.0,6.269904,-5.1473475,-16.958967,5.125974,-9.762599,0.0
816,-0.5524284839630127,5.01370096206665,105.91407012939453,0.7567720651148667,-3.2371748496322312,-87.53215476966652,3.326732,-1.545784,3.2336211,-9.095046,-1.0760169,28.637987,27.63444,-7.5994473,37.18843,22.133226,-6.9858108,-7.119013,-54.6215,-30.379427,38.589428,15.521709,-29.563862,-15.097089,-12.494288,1.080681,5.9839334,0.6543124,9.194037,-6.4397144,0.0,6.2635627,-5.1407413,-16.948772,5.1267967,-9.7618,0.0
817,-0.5451869964599609,5.010373592376709,105.914306640625,0.7507525281932345,-3.228084580930892,-87.54289723870157,3.3138492,-1.5416166,3.2205167,-9.093743,-1.0968206,28.639194,27.62082,-7.5779443,37.20526,22.129358,-6.9853487,-7.119129,-54.617332,-30.374037,38.588585,15.509891,-29.605917,-15.098274,-12.502913,1.063985,5.988099,0.65803105,9.214087,-6.452957,0.0,6.2535076,-5.138157,-16.933794,5.123406,-9.758543,0.0
818,-0.5386613011360168,5.00086784362793,105.91559600830078,0.742201071904173,-3.21398816417037,-87.55567154977211,3.2867548,-1.5359554,3.2018943,-9.079969,-1.1213591,28.643997,27.605564,-7.549282,37.22679,22.135553,-6.9894085,-7.1183085,-54.618797,-30.360752,38.601067,15.49959,-29.658398,-15.099197,-12.518624,1.0506556,5.9958086,0.6634236,9.224289,-6.4648905,0.0,6.2386923,-5.1322985,-16.914675,5.1239896,-9.760099,0.0
819,-0.540095865726471,4.997962951660156,105.9141845703125,0.7355903837731166,-3.2015730892967853,-87.56775272216012,3.260869,-1.5313164,3.1856637,-9.066129,-1.1421831,28.65127,27.591486,-7.5232205,37.244366,22.141712,-6.995624,-7.1156306,-54.624634,-30.345509,38.613422,15.49561,-29.706076,-15.1009245,-12.532203,1.0268619,6.005862,0.6643956,9.249465,-6.4803824,0.0,6.2185917,-5.1247487,-16.89512,5.129509,-9.760934,0.0
820,-0.5430951714515686,4.994943141937256,105.91483306884766,0.7342806546177142,-3.19750769569506,-87.57618383211795,3.2516108,-1.5303675,3.1796978,-9.064817,-1.1510466,28.658752,27.579718,-7.5066857,37.25287,22.14047,-7.0037374,-7.111094,-54.629845,-30.334194,38.609146,15.50117,-29.732409,-15.104081,-12.535183,1.0366013,6.0096545,0.67536765,9.22973,-6.4734592,0.0,6.2132926,-5.1213527,-16.884233,5.1296124,-9.761622,0.0
821,-0.545599102973938,4.992783546447754,105.91667938232422,0.7407901611218547,-3.2069910589779047,-87.57883680436113,3.2687788,-1.5343208,3.189933,-9.083701,-1.138711,28.66064,27.576107,-7.5157638,37.250492,22.118837,-7.013854,-7.098536,-54.62898,-30.332277,38.577442,15.514138,-29.726805,-15.109259,-12.520163,1.0765088,6.002809,0.694057,9.182054,-6.4527664,0.0,6.227572,-5.1271057,-16.885742,5.1282516,-9.76419,0.0
822,-0.5477858185768127,4.992695331573486,105.91647338867188,0.7524822211627479,-3.2252705907623733,-87.57769136737801,3.3023977,-1.5415906,3.2107985,-9.114788,-1.1112112,28.65995,27.572927,-7.533118,37.24467,22.09377,-7.030933,-7.082452,-54.623993,-30.335388,38.528214,15.53216,-29.7009,-15.11545,-12.493744,1.1149175,5.9892287,0.7101342,9.153256,-6.440337,0.0,6.2541285,-5.139016,-16.895166,5.1242824,-9.766148,0.0
823,-0.5500436425209045,4.987526893615723,105.91532135009766,0.7660059143392266,-3.2444030636624737,-87.57607461126723,3.3374727,-1.550501,3.233006,-9.129381,-1.0995136,28.659435,27.572283,-7.5434456,37.23352,22.070276,-7.046401,-7.0779963,-54.622467,-30.336744,38.502216,15.557135,-29.671625,-15.108386,-12.490379,1.1572218,5.9736423,0.72662663,9.125364,-6.4317307,0.0,6.284114,-5.153358,-16.906336,5.123702,-9.773184,0.0
824,-0.5523747801780701,4.983467102050781,105.91399383544922,0.775027966514674,-3.2567431043682453,-87.57689792885012,3.360473,-1.5597541,3.2476215,-9.168077,-1.0783037,28.655073,27.567535,-7.5644956,37.229736,22.043352,-7.047028,-7.068353,-54.60593,-30.342205,38.428593,15.566164,-29.662174,-15.127792,-12.4511385,1.1845337,5.963841,0.73853403,9.109292,-6.428114,0.0,6.301648,-5.163037,-16.911303,5.1266727,-9.779376,0.0
825,-0.5527700185775757,4.979430675506592,105.91350555419922,0.7777546960001721,-3.260096710903981,-87.58208951635272,3.3648233,-1.5708022,3.2512586,-9.175343,-1.0969362,28.650726,27.56092,-7.56002,37.22688,22.026073,-7.0330005,-7.086903,-54.58118,-30.341448,38.388256,15.566745,-29.683495,-15.130525,-12.451879,1.1980911,5.9608884,0.74694556,9.100304,-6.4279776,0.0,6.30782,-5.1661363,-16.90831,5.1269164,-9.78217,0.0
826,-0.5497883558273315,4.9776692390441895,105.91373443603516,0.7785979611017647,-3.2587195686434067,-87.58952813190947,3.3591397,-1.5837039,3.249008,-9.174663,-1.133187,28.65046,27.550945,-7.5412097,37.220764,22.01523,-7.0088534,-7.119911,-54.55392,-30.335577,38.352135,15.567631,-29.72152,-15.131754,-12.462664,1.2029934,5.9584594,0.7530284,9.094555,-6.4279833,0.0,6.306542,-5.1693377,-16.90096,5.1257205,-9.7810545,0.0
827,-0.5455078482627869,4.977211952209473,105.91394805908203,0.7776161711348685,-3.254105225135028,-87.59687576901297,3.3495872,-1.5949194,3.2439628,-9.169673,-1.1720265,28.653456,27.544003,-7.5245886,37.210304,22.004356,-6.981282,-7.1530933,-54.53183,-30.328346,38.323765,15.572337,-29.761145,-15.134298,-12.476446,1.1969064,5.9575963,0.7553698,9.100324,-6.4325433,0.0,6.299156,-5.1716166,-16.891968,5.12572,-9.778525,0.0
828,-0.5446119904518127,4.9751362800598145,105.91468811035156,0.7769362275949577,-3.24773208271707,-87.60167403681864,3.342489,-1.6008768,3.23901,-9.164042,-1.2003187,28.656572,27.540247,-7.518197,37.20098,21.997055,-6.962391,-7.1749454,-54.516308,-30.323515,38.302532,15.580051,-29.788513,-15.139947,-12.486379,1.195723,5.958264,0.75889915,9.092879,-6.4300647,0.0,6.293367,-5.171127,-16.886347,5.121962,-9.776058,0.0
829,-0.541918158531189,4.972185134887695,105.91500854492188,0.7754860045625154,-3.237534497164534,-87.60272028051135,3.3393636,-1.5981323,3.2331533,-9.156688,-1.2121776,28.659647,27.534868,-7.5158577,37.199005,22.010386,-6.9616337,-7.183331,-54.504772,-30.324108,38.289494,15.5874815,-29.804646,-15.150184,-12.490373,1.1818676,5.9588714,0.75773484,9.098575,-6.4326296,0.0,6.2796493,-5.1722126,-16.882364,5.126545,-9.777482,0.0
830,-0.5394355654716492,4.966612339019775,105.91502380371094,0.7711941269368257,-3.223817673332097,-87.60137966347463,3.3364413,-1.5892032,3.2255032,-9.152584,-1.2138101,28.659872,27.534784,-7.520015,37.19858,22.028801,-6.967124,-7.1877236,-54.5037,-30.324587,38.28884,15.60273,-29.811964,-15.162377,-12.49334,1.1601368,5.9630194,0.75324374,9.112574,-6.4395432,0.0,6.265584,-5.168867,-16.880898,5.1275735,-9.778764,0.0
831,-0.5478729605674744,4.966629505157471,105.91360473632812,0.7672590318440486,-3.210485217580932,-87.59945305023527,3.3338594,-1.580188,3.218822,-9.146262,-1.2156751,28.659992,27.53463,-7.5266395,37.199894,22.046316,-6.975958,-7.1877775,-54.5027,-30.325361,38.288174,15.616016,-29.815762,-15.176478,-12.494861,1.1386125,5.97308,0.7483287,9.119504,-6.4390883,0.0,6.2477217,-5.1589055,-16.879015,5.128891,-9.778562,0.0
832,-0.5528551936149597,4.965286731719971,105.9151382446289,0.76594297224317,-3.201834511326967,-87.5985228823651,3.3312433,-1.5765482,3.2159765,-9.139768,-1.2203336,28.659992,27.534065,-7.5375686,37.202454,22.047188,-6.983056,-7.1844287,-54.501095,-30.32625,38.284878,15.626579,-29.812681,-15.1897335,-12.497472,1.1436087,5.977559,0.75227904,9.090446,-6.4228187,0.0,6.2369056,-5.154161,-16.87749,5.1297965,-9.779033,0.0
833,-0.5585498213768005,4.966336250305176,105.9138412475586,0.769014238857402,-3.2001238642718888,-87.59847698064236,3.3288918,-1.5819476,3.2189727,-9.134719,-1.2430979,28.659595,27.52599,-7.5449305,37.210144,22.030748,-6.9883046,-7.175115,-54.485615,-30.32663,38.26159,15.623637,-29.80824,-15.203163,-12.490837,1.1442248,5.9775004,0.7526995,9.083755,-6.4179277,0.0,6.2363324,-5.1536436,-16.877083,5.1255155,-9.777091,0.0
834,-0.5561060309410095,4.959810733795166,105.9162826538086,0.7724751709221556,-3.2026728216725977,-87.59848727017277,3.3263528,-1.5925906,3.2258441,-9.143788,-1.2642317,28.658735,27.520153,-7.5410476,37.216297,22.003866,-6.9953914,-7.175453,-54.463963,-30.321178,38.232292,15.616849,-29.80265,-15.213905,-12.484015,1.1720695,5.9716907,0.76108444,9.046527,-6.404123,0.0,6.242792,-5.159487,-16.877579,5.1285515,-9.7825,0.0
835,-0.5546153783798218,4.953007221221924,105.9169921875,0.7760958286466667,-3.206715889550705,-87.59954092022727,3.3236864,-1.6035223,3.2340403,-9.152167,-1.2856189,28.65909,27.511715,-7.532362,37.224506,21.976673,-7.004953,-7.177802,-54.43774,-30.314814,38.202507,15.605495,-29.800121,-15.22326,-12.480559,1.1881894,5.9664874,0.76568586,9.035526,-6.403939,0.0,6.2537994,-5.164174,-16.878197,5.1270847,-9.786773,0.0
836,-0.5551558136940002,4.948746204376221,105.91648864746094,0.7797769228996635,-3.2095018793601553,-87.60240096776825,3.320416,-1.6090692,3.2407043,-9.153589,-1.3027759,28.66176,27.50153,-7.523441,37.233624,21.95535,-7.0158367,-7.1825027,-54.414288,-30.310476,38.184017,15.594793,-29.803085,-15.231179,-12.487764,1.1958867,5.962557,0.7696698,9.035085,-6.407602,0.0,6.2602315,-5.1681347,-16.8763,5.1267576,-9.789627,0.0
837,-0.5504472851753235,4.947275161743164,105.91638946533203,0.7826057992939036,-3.2120215808232833,-87.60829478602301,3.3159964,-1.6075299,3.2467294,-9.143797,-1.3143502,28.66488,27.495195,-7.5264883,37.24111,21.929405,-7.023225,-7.188295,-54.396816,-30.307405,38.183113,15.587519,-29.814795,-15.238113,-12.513298,1.1996077,5.9563355,0.77648324,9.039685,-6.4124775,0.0,6.266167,-5.1742396,-16.871964,5.1216464,-9.787104,0.0
838,-0.546364426612854,4.942891597747803,105.91468811035156,0.7855484943425519,-3.215157739824818,-87.61633190526217,3.310825,-1.6018169,3.2532933,-9.126994,-1.3224728,28.669601,27.48857,-7.532457,37.24914,21.902588,-7.030562,-7.195932,-54.38,-30.304773,38.19178,15.579947,-29.833418,-15.243812,-12.551524,1.2012047,5.950448,0.7845508,9.05455,-6.425137,0.0,6.269784,-5.1815124,-16.86513,5.1261377,-9.79092,0.0
839,-0.5465087294578552,4.943965911865234,105.91413116455078,0.7857311791119236,-3.2158043881876424,-87.62475020420763,3.305602,-1.5939453,3.2573922,-9.109328,-1.3298602,28.675188,27.481592,-7.5377893,37.257187,21.878675,-7.0379577,-7.2036176,-54.36688,-30.30261,38.205296,15.573906,-29.850851,-15.247965,-12.58922,1.2048825,5.950029,0.79405713,9.052971,-6.425661,0.0,6.267663,-5.182217,-16.856422,5.1266236,-9.789439,0.0
840,-0.5461245775222778,4.942081928253174,105.91449737548828,0.7852058296904719,-3.210701456397729,-87.63177856216704,3.3010097,-1.5860276,3.2565715,-9.096757,-1.3384025,28.682234,27.474695,-7.541455,37.262424,21.859388,-7.043914,-7.208367,-54.353912,-30.300484,38.214783,15.567071,-29.860619,-15.249577,-12.613231,1.2072175,5.950423,0.80160046,9.042679,-6.4222655,0.0,6.260169,-5.182427,-16.847454,5.1273766,-9.788778,0.0
841,-0.5462806820869446,4.939546585083008,105.91511535644531,0.781162222875287,-3.1944522594587106,-87.63680798132366,3.297519,-1.5775985,3.2454367,-9.090187,-1.3490053,28.686462,27.472538,-7.55187,37.265987,21.835945,-7.044854,-7.205551,-54.345,-30.297737,38.220417,15.562111,-29.853392,-15.24706,-12.616038,1.1900373,5.955811,0.80010146,9.041896,-6.4218545,0.0,6.2396207,-5.1779547,-16.83646,5.1277866,-9.78709,0.0
842,-0.5487406849861145,4.938920021057129,105.91485595703125,0.7764366547624979,-3.170176927041581,-87.64080325533922,3.2948725,-1.5679816,3.2267325,-9.086874,-1.36088,28.69217,27.468048,-7.557071,37.270233,21.820219,-7.047092,-7.200181,-54.333305,-30.295088,38.222004,15.553903,-29.83957,-15.241005,-12.605563,1.156386,5.9638486,0.79177946,9.049604,-6.4229426,0.0,6.207224,-5.1715593,-16.8232,5.128371,-9.782929,0.0
843,-0.5485244989395142,4.935744285583496,105.91661834716797,0.7696117820294078,-3.147953815022193,-87.64447032014847,3.291702,-1.5583172,3.2107918,-9.086386,-1.3725436,28.694418,27.468248,-7.571015,37.271782,21.800035,-7.0440598,-7.1941986,-54.326927,-30.293032,38.225838,15.548974,-29.8249,-15.235342,-12.59375,1.1349478,5.9725165,0.7873885,9.042211,-6.418216,0.0,6.1785893,-5.164163,-16.811129,5.1299753,-9.78093,0.0
844,-0.5499974489212036,4.934369087219238,105.91767120361328,0.7653715434104268,-3.137846618975955,-87.64832787054178,3.2873497,-1.5500221,3.2068422,-9.089174,-1.3840218,28.69957,27.463493,-7.5743217,37.272594,21.79531,-7.044978,-7.1962886,-54.313267,-30.288944,38.225544,15.540553,-29.829268,-15.232428,-12.5919895,1.1269115,5.9789047,0.78778845,9.037192,-6.41577,0.0,6.1654434,-5.158208,-16.803509,5.129532,-9.779386,0.0
845,-0.5494083166122437,4.926578998565674,105.91952514648438,0.7653554424577068,-3.1463348413221337,-87.65258868766144,3.2802775,-1.5439289,3.221844,-9.096427,-1.394496,28.703709,27.46133,-7.580178,37.267754,21.794872,-7.0415306,-7.2073536,-54.300213,-30.284473,38.226307,15.534807,-29.85645,-15.233923,-12.60757,1.1566954,5.9787827,0.8013349,9.014493,-6.4116645,0.0,6.1804624,-5.157996,-16.803629,5.130607,-9.786239,0.0
846,-0.5542188882827759,4.924140930175781,105.91584777832031,0.7669349686285754,-3.1668759375681996,-87.65673001618944,3.27156,-1.5391257,3.2490158,-9.1078615,-1.4048328,28.70786,27.45701,-7.5801325,37.26202,21.805723,-7.0388584,-7.225976,-54.28692,-30.278429,38.22651,15.530883,-29.899155,-15.237919,-12.63302,1.1706481,5.9803166,0.80869097,9.043447,-6.4318976,0.0,6.208012,-5.156029,-16.807775,5.1303716,-9.792318,0.0
847,-0.5545122623443604,4.919640064239502,105.91508483886719,0.770216291838027,-3.189777525854401,-87.66111735276269,3.2630208,-1.5340983,3.2790103,-9.120181,-1.4142268,28.711573,27.453808,-7.5834494,37.25432,21.816223,-7.035215,-7.244879,-54.272953,-30.271633,38.225674,15.526684,-29.942291,-15.243874,-12.658062,1.2091852,5.976679,0.8254611,9.035126,-6.435344,0.0,6.240667,-5.1587825,-16.813099,5.129205,-9.798856,0.0
848,-0.5530822277069092,4.915383338928223,105.91385650634766,0.7717679967775603,-3.20535908731139,-87.66605042097964,3.256812,-1.5276338,3.3020952,-9.130227,-1.4208972,28.715609,27.447943,-7.586047,37.24864,21.827806,-7.035768,-7.2599955,-54.258823,-30.26511,38.22347,15.521225,-29.970032,-15.2514105,-12.672559,1.229943,5.9740496,0.83706284,9.04267,-6.445492,0.0,6.2651234,-5.1604466,-16.815464,5.125102,-9.80205,0.0
849,-0.550601601600647,4.907596588134766,105.91213989257812,0.7752267047435781,-3.2121995381325976,-87.67266007785916,3.2558947,-1.5178906,3.3174005,-9.13899,-1.4245435,28.71868,27.442461,-7.59645,37.243298,21.83511,-7.0396113,-7.2686453,-54.245785,-30.258577,38.219563,15.516065,-29.973577,-15.264077,-12.672778,1.2412232,5.96869,0.84780425,9.051583,-6.4570813,0.0,6.276472,-5.16675,-16.81206,5.129091,-9.809284,0.0
850,-0.5435959100723267,4.900286674499512,105.91203308105469,0.7786417313448452,-3.215076315445771,-87.68050566122815,3.258353,-1.5062777,3.3293595,-9.147475,-1.4255129,28.720499,27.438305,-7.614297,37.237247,21.83857,-7.0444703,-7.2732983,-54.231735,-30.252068,38.213593,15.509911,-29.965448,-15.281077,-12.66402,1.2536509,5.9603796,0.86115015,9.049176,-6.4623046,0.0,6.2848287,-5.1754823,-16.806606,5.1279235,-9.81184,0.0
851,-0.5435864329338074,4.901169776916504,105.91265106201172,0.7813356446299579,-3.2136321920610653,-87.68722651161437,3.2588334,-1.4950092,3.3370438,-9.152845,-1.4257554,28.723583,27.429125,-7.6233444,37.234535,21.847197,-7.052823,-7.277569,-54.214684,-30.244835,38.20584,15.500275,-29.953588,-15.294666,-12.651508,1.2591549,5.956825,0.8711905,9.038521,-6.457336,0.0,6.2807417,-5.179387,-16.798904,5.1284704,-9.810255,0.0
852,-0.5449093580245972,4.900978088378906,105.91307067871094,0.7833553049656524,-3.207903300028995,-87.69039297723903,3.2513845,-1.4863414,3.3397436,-9.151572,-1.4281056,28.726318,27.42483,-7.636375,37.230225,21.84034,-7.0525236,-7.2778983,-54.198063,-30.235989,38.200672,15.488642,-29.94668,-15.298158,-12.640135,1.2558081,5.9550667,0.87388253,9.033299,-6.454542,0.0,6.2723346,-5.181565,-16.793625,5.128784,-9.808687,0.0
853,-0.545127809047699,4.897482872009277,105.91331481933594,0.7835799808836492,-3.192329301974498,-87.68851833397586,3.2306747,-1.480593,3.331442,-9.13653,-1.4352353,28.731647,27.41893,-7.6405854,37.229233,21.825792,-7.045331,-7.275523,-54.179333,-30.224327,38.20009,15.470519,-29.94818,-15.284298,-12.628587,1.2366812,5.955152,0.86505324,9.03542,-6.4553695,0.0,6.2552123,-5.1820617,-16.79092,5.1292267,-9.808481,0.0
854,-0.5416387915611267,4.890025615692139,105.91385650634766,0.7819780449990085,-3.1692753395618722,-87.68301830356293,3.2009919,-1.4768155,3.3147624,-9.1114,-1.4452703,28.739878,27.414337,-7.6426296,37.227665,21.801374,-7.031415,-7.269461,-54.15979,-30.210632,38.20296,15.448373,-29.953161,-15.258958,-12.615162,1.2087389,5.9555225,0.8506729,9.038978,-6.456827,0.0,6.252537,-5.176247,-16.791254,5.090462,-9.793866,0.0
855,-0.5449293255805969,4.888794898986816,105.91410064697266,0.7808014193522053,-3.148228448673825,-87.67670243919747,3.1715307,-1.4745891,3.3006427,-9.090058,-1.4528109,28.749365,27.410547,-7.6431155,37.222,21.774014,-7.0179877,-7.263133,-54.140266,-30.195803,38.20241,15.428512,-29.959093,-15.233337,-12.603912,1.1791257,5.958868,0.83140206,9.042404,-6.4563403,0.0,6.209248,-5.178823,-16.790442,5.125162,-9.804743,0.0
856,-0.5446056127548218,4.885257244110107,105.91314697265625,0.781865070408929,-3.1406182457826772,-87.67145971758232,3.1515238,-1.4736869,3.3005602,-9.086413,-1.4527464,28.759531,27.405989,-7.6393604,37.209232,21.754208,-7.0134406,-7.2605505,-54.118607,-30.181929,38.19104,15.413853,-29.968037,-15.218733,-12.598278,1.1668986,5.95732,0.82094395,9.048994,-6.460327,0.0,6.2014766,-5.180862,-16.793749,5.1285577,-9.807695,0.0
857,-0.5434196591377258,4.883363723754883,105.91325378417969,0.7880669502119961,-3.1536410765289955,-87.66749225158355,3.1464033,-1.475406,3.3222365,-9.111234,-1.4434054,28.76603,27.402716,-7.636466,37.187283,21.73729,-7.0213976,-7.2639894,-54.096107,-30.168978,38.160843,15.4099,-29.978745,-15.220189,-12.600782,1.1957092,5.9482837,0.8267106,9.027397,-6.452803,0.0,6.2214985,-5.1885366,-16.803967,5.127621,-9.811196,0.0
858,-0.5537973642349243,4.883179664611816,105.91138458251953,0.795964453536102,-3.180212322428799,-87.66367858924595,3.150411,-1.4794582,3.3580124,-9.154987,-1.4264151,28.771156,27.395866,-7.6250434,37.161827,21.729853,-7.04138,-7.273034,-54.067204,-30.15682,38.11475,15.408053,-29.995884,-15.2307,-12.608326,1.2437271,5.9436817,0.83894825,9.00005,-6.443277,0.0,6.2575054,-5.1900415,-16.818857,5.1267877,-9.818379,0.0
859,-0.5546713471412659,4.87941837310791,105.91114807128906,0.8035834158079673,-3.2086155033481827,-87.66081487779215,3.1555448,-1.4830409,3.3960361,-9.200399,-1.4063063,28.77403,27.390131,-7.6155434,37.136917,21.723856,-7.060693,-7.2800875,-54.0378,-30.146257,38.07061,15.406245,-30.010464,-15.244263,-12.618958,1.2980071,5.9337387,0.85429823,8.970475,-6.435321,0.0,6.29926,-5.1971374,-16.834118,5.124255,-9.825592,0.0
860,-0.5467100739479065,4.871222019195557,105.90998077392578,0.8085921409887594,-3.227322074649716,-87.65962592069798,3.1538887,-1.4834437,3.424381,-9.230294,-1.3867197,28.776426,27.385454,-7.60906,37.117268,21.721073,-7.0706286,-7.2794323,-54.008877,-30.136944,38.043674,15.399496,-30.02062,-15.255042,-12.629965,1.3239067,5.9225388,0.86065155,8.977433,-6.447128,0.0,6.3314896,-5.2072277,-16.84443,5.1220727,-9.832564,0.0
861,-0.5414199829101562,4.866128921508789,105.9096450805664,0.8094058575001765,-3.2334001396404073,-87.6602921607567,3.1403484,-1.48045,3.4408026,-9.237127,-1.364685,28.781033,27.3806,-7.6025515,37.102894,21.730198,-7.067637,-7.2662983,-53.981064,-30.12911,38.04184,15.385506,-30.02609,-15.262687,-12.643121,1.3296138,5.918432,0.86062205,8.988331,-6.456414,0.0,6.3421087,-5.211619,-16.846142,5.1239047,-9.837137,0.0
862,-0.5395578145980835,4.863322734832764,105.90890502929688,0.8086017073362045,-3.2330418063531576,-87.66219074204263,3.1200614,-1.4751939,3.451177,-9.230995,-1.339975,28.787678,27.37681,-7.5969644,37.08953,21.746555,-7.056026,-7.2445574,-53.95935,-30.12232,38.059116,15.37188,-30.025558,-15.270376,-12.659206,1.3209622,5.918739,0.8558891,9.008648,-6.467863,0.0,6.3431616,-5.211856,-16.843708,5.124381,-9.838832,0.0
863,-0.5392041206359863,4.860450267791748,105.90851593017578,0.8051624049821893,-3.2280684103708865,-87.66565277799756,3.100648,-1.467408,3.4563851,-9.221288,-1.3183857,28.795168,27.374493,-7.5935655,37.07746,21.757298,-7.0418077,-7.2228827,-53.941795,-30.115017,38.083416,15.361501,-30.019663,-15.27672,-12.673625,1.3062733,5.923324,0.85068893,9.029467,-6.478836,0.0,6.337929,-5.207893,-16.837753,5.124316,-9.839487,0.0
864,-0.5399807095527649,4.857552528381348,105.90778350830078,0.8000229356536669,-3.220415087198612,-87.67053404155227,3.0898569,-1.4570317,3.456617,-9.217476,-1.3067865,28.803822,27.37097,-7.588339,37.06846,21.754793,-7.033804,-7.211193,-53.923958,-30.10779,38.102566,15.35302,-30.010054,-15.279718,-12.681133,1.2863775,5.930857,0.846231,9.054739,-6.492475,0.0,6.3281646,-5.2013903,-16.829086,5.125286,-9.840114,0.0
865,-0.5380924940109253,4.854644298553467,105.90779876708984,0.7911153078578106,-3.2072675235965358,-87.67733454726775,3.0914974,-1.4415373,3.4471219,-9.223357,-1.3110316,28.81074,27.36748,-7.585047,37.06675,21.723148,-7.033232,-7.2138233,-53.906788,-30.101927,38.116585,15.348741,-29.992073,-15.27679,-12.679862,1.2600497,5.9417043,0.8434028,9.080471,-6.5068955,0.0,6.311228,-5.192077,-16.81615,5.1254745,-9.838811,0.0
866,-0.5397948622703552,4.851566314697266,105.90846252441406,0.7766841434351994,-3.18867158570808,-87.68585901509586,3.1008868,-1.4219085,3.4292355,-9.233547,-1.3276082,28.815966,27.364002,-7.583591,37.0713,21.67217,-7.036427,-7.225253,-53.88818,-30.09642,38.12853,15.346027,-29.96827,-15.269411,-12.672893,1.2290819,5.961432,0.841592,9.103176,-6.5198765,0.0,6.2855926,-5.1737986,-16.79861,5.1273985,-9.838092,0.0
867,-0.5389720797538757,4.847732067108154,105.90895080566406,0.7650909175305395,-3.171090439193474,-87.69520685898758,3.1128561,-1.4026046,3.4131477,-9.243415,-1.3435497,28.819313,27.361532,-7.5842853,37.077152,21.62312,-7.040495,-7.238098,-53.868824,-30.091848,38.137573,15.340958,-29.945091,-15.262438,-12.662342,1.2017117,5.9763355,0.8422718,9.122949,-6.5321937,0.0,6.2620587,-5.1607842,-16.781282,5.12861,-9.836776,0.0
868,-0.5424994230270386,4.846852779388428,105.9080810546875,0.7589303896243443,-3.160814735082133,-87.70418085020985,3.1222267,-1.3878202,3.408812,-9.248524,-1.3479677,28.821686,27.3598,-7.584576,37.07951,21.600729,-7.0439377,-7.2456307,-53.845512,-30.08647,38.139824,15.328924,-29.932022,-15.260941,-12.650869,1.1845379,5.986825,0.8455584,9.136951,-6.5402026,0.0,6.2464943,-5.1515503,-16.767597,5.1295476,-9.835536,0.0
869,-0.5439034104347229,4.846165657043457,105.90975189208984,0.7588662779514832,-3.1618793339994937,-87.71277300020219,3.1284099,-1.3799926,3.4222414,-9.248733,-1.3325834,28.821781,27.36141,-7.5882707,37.07531,21.607788,-7.0447803,-7.2477317,-53.828865,-30.080824,38.137665,15.314963,-29.926271,-15.268356,-12.634561,1.2026156,5.9874744,0.8604567,9.111132,-6.528869,0.0,6.2463164,-5.1507916,-16.759924,5.129421,-9.835123,0.0
870,-0.5435934662818909,4.848168849945068,105.90922546386719,0.7651332518057303,-3.170120023529919,-87.72141901234394,3.1339557,-1.37632,3.447211,-9.246167,-1.3065934,28.820566,27.36412,-7.5918393,37.068577,21.635715,-7.0460906,-7.248122,-53.81451,-30.074205,38.13043,15.298491,-29.926353,-15.281173,-12.613622,1.2165555,5.979437,0.873765,9.107036,-6.5275483,0.0,6.2547464,-5.1590114,-16.755714,5.127807,-9.833001,0.0
871,-0.5439723134040833,4.847922325134277,105.9072265625,0.7733036206959556,-3.179705438914024,-87.73005887440654,3.1380951,-1.3736892,3.474633,-9.239237,-1.2788792,28.817772,27.36827,-7.5977902,37.061092,21.675451,-7.045946,-7.242775,-53.79632,-30.065207,38.121048,15.280183,-29.932531,-15.295096,-12.596694,1.2303189,5.9695835,0.8865062,9.109232,-6.5307565,0.0,6.2675314,-5.168833,-16.752987,5.124612,-9.832138,0.0
872,-0.5390346050262451,4.844336986541748,105.90796661376953,0.7777012852664132,-3.1849018777620723,-87.73828801668975,3.1401665,-1.3688083,3.4959102,-9.226548,-1.2625908,28.814865,27.370838,-7.6034274,37.055687,21.723457,-7.0449963,-7.228458,-53.777878,-30.056547,38.119915,15.264719,-29.937523,-15.306115,-12.592715,1.2481583,5.96101,0.9000953,9.097349,-6.528718,0.0,6.273688,-5.178285,-16.747984,5.128045,-9.834958,0.0
873,-0.5348637700080872,4.838437080383301,105.90784454345703,0.7804851359868344,-3.184427150434312,-87.74765515871576,3.1386757,-1.3604311,3.5095375,-9.203799,-1.2585255,28.81355,27.373728,-7.6150713,37.04623,21.781454,-7.0347366,-7.197116,-53.767235,-30.050747,38.13581,15.25764,-29.930403,-15.314726,-12.606441,1.2525846,5.955498,0.9090712,9.100679,-6.5351634,0.0,6.275301,-5.1849136,-16.739996,5.128428,-9.836805,0.0
874,-0.5313697457313538,4.834853172302246,105.90784454345703,0.7805508369485644,-3.1812737364391177,-87.75774232048032,3.1346138,-1.3507409,3.5195732,-9.172646,-1.2630737,28.81253,27.377522,-7.632309,37.037758,21.850246,-7.020637,-7.1517797,-53.74798,-30.040638,38.158775,15.2457,-29.93219,-15.316966,-12.638344,1.2486804,5.953701,0.91529363,9.110542,-6.5429497,0.0,6.273533,-5.187278,-16.730007,5.1248155,-9.835036,0.0
875,-0.5307055115699768,4.835712432861328,105.90733337402344,0.7807196178464375,-3.1760508784815284,-87.76560574787075,3.1301486,-1.3403983,3.5266929,-9.141751,-1.2715638,28.812601,27.380033,-7.644024,37.02787,21.92101,-7.0099626,-7.1081886,-53.73715,-30.034758,38.182804,15.242148,-29.92787,-15.322627,-12.669233,1.2372619,5.9535356,0.9172037,9.122902,-6.5489697,0.0,6.2633586,-5.188988,-16.719944,5.1268945,-9.8329,0.0
876,-0.5291301608085632,4.837817192077637,105.9067611694336,0.7790226815153165,-3.1695871513187965,-87.76836978124598,3.1276157,-1.3307946,3.5313404,-9.1206455,-1.282225,28.812609,27.382675,-7.649705,37.019436,21.976727,-7.0103106,-7.0765867,-53.72934,-30.030127,38.198795,15.246327,-29.926601,-15.330842,-12.692163,1.2192647,5.9548683,0.91348356,9.140429,-6.556096,0.0,6.251745,-5.188848,-16.714178,5.129364,-9.831051,0.0
877,-0.5311322808265686,4.838440418243408,105.90646362304688,0.7756076587525337,-3.1611824105342037,-87.76283509047524,3.1269531,-1.3214318,3.5314348,-9.111444,-1.2946014,28.812311,27.384182,-7.646049,37.01723,22.00398,-7.031145,-7.061061,-53.723213,-30.027214,38.206352,15.258932,-29.939333,-15.338774,-12.712502,1.2037748,5.960222,0.9049107,9.145729,-6.5569215,0.0,6.2410007,-5.183446,-16.716925,5.1299534,-9.830285,0.0
878,-0.5318389534950256,4.838133811950684,105.90729522705078,0.7704216765667087,-3.1506613929873777,-87.75127102554184,3.12708,-1.3123775,3.527002,-9.103625,-1.3206332,28.809715,27.385338,-7.620858,37.02372,22.022259,-7.0734763,-7.066756,-53.69138,-30.021532,38.198265,15.257844,-29.97914,-15.341096,-12.738052,1.1902423,5.9667,0.89293844,9.140318,-6.5522513,0.0,6.2294593,-5.176353,-16.725216,5.130827,-9.830632,0.0
879,-0.5339658856391907,4.834535598754883,105.90864562988281,0.7660829279478968,-3.139962996836584,-87.73931438738718,3.129278,-1.303937,3.5229805,-9.10312,-1.3280236,28.80921,27.385593,-7.6150193,37.020725,22.03356,-7.1015735,-7.0609956,-53.688236,-30.02133,38.197662,15.278343,-29.993862,-15.349012,-12.748712,1.184673,5.972897,0.8833044,9.123624,-6.5438504,0.0,6.221545,-5.1686773,-16.735022,5.1289277,-9.831961,0.0
880,-0.5322640538215637,4.832785129547119,105.90884399414062,0.7653695793036336,-3.1307753885697847,-87.7324101533495,3.1347353,-1.2978545,3.5227425,-9.101299,-1.3369273,28.808718,27.386057,-7.6066966,37.0156,22.073336,-7.1236844,-7.0538726,-53.685547,-30.020817,38.196632,15.296041,-29.996891,-15.356585,-12.749864,1.1732224,5.9724903,0.8750657,9.121491,-6.5417557,0.0,6.2121983,-5.1689916,-16.73922,5.1297855,-9.832421,0.0
881,-0.5225499868392944,4.828795909881592,105.91089630126953,0.7689459706040943,-3.1233501515993183,-87.73337989839979,3.1458704,-1.2950097,3.5289025,-9.096972,-1.3414534,28.808107,27.38764,-7.601068,36.997486,22.158278,-7.1254573,-7.041835,-53.68235,-30.019732,38.194717,15.308941,-29.978662,-15.361566,-12.73069,1.1750987,5.9617805,0.8767492,9.10664,-6.5356464,0.0,6.2061186,-5.1800947,-16.73636,5.1292605,-9.831341,0.0
882,-0.530393123626709,4.827506065368652,105.90972900390625,0.7777402334205173,-3.116840740938617,-87.73883066670084,3.1615903,-1.2947749,3.5386596,-9.09056,-1.3396416,28.807451,27.390219,-7.598624,36.971222,22.272968,-7.1135945,-7.02605,-53.678684,-30.018167,38.19084,15.318194,-29.946962,-15.363565,-12.694683,1.1783648,5.955381,0.88110244,9.088929,-6.5256763,0.0,6.1976066,-5.186427,-16.72874,5.1292777,-9.830885,0.0
883,-0.5272489786148071,4.819753170013428,105.91104125976562,0.786103216773102,-3.111308373243274,-87.7451449335985,3.1768346,-1.295351,3.5487642,-9.0831,-1.3335977,28.80673,27.393784,-7.599228,36.943653,22.385448,-7.096219,-7.010005,-53.674503,-30.016043,38.185543,15.326839,-29.909739,-15.366689,-12.655384,1.1936269,5.942724,0.8907833,9.060124,-6.5147166,0.0,6.195119,-5.1992173,-16.721739,5.12957,-9.833263,0.0
884,-0.5270341634750366,4.819265842437744,105.91117095947266,0.7944089312154026,-3.106731791834313,-87.74869862543639,3.1868365,-1.2949862,3.5559804,-9.076137,-1.3277965,28.806011,27.397377,-7.5991282,36.926544,22.465889,-7.0864525,-6.997862,-53.669796,-30.013308,38.180714,15.338092,-29.87672,-15.374818,-12.627915,1.1962122,5.9321966,0.8953639,9.046783,-6.507099,0.0,6.189942,-5.2100663,-16.717396,5.1282663,-9.830967,0.0
885,-0.5245105624198914,4.815003871917725,105.91055297851562,0.7996908095004744,-3.104069657267801,-87.74883843693952,3.1893172,-1.2941736,3.5597353,-9.070934,-1.3262974,28.805027,27.401304,-7.597339,36.92124,22.503933,-7.0878563,-6.991746,-53.66328,-30.009298,38.178406,15.354025,-29.847883,-15.391085,-12.621859,1.1958144,5.9240937,0.89817476,9.046385,-6.508494,0.0,6.1923966,-5.217734,-16.71914,5.12386,-9.830643,0.0
886,-0.5205123424530029,4.812779426574707,105.91056060791016,0.8057776175470889,-3.1029833717354953,-87.74736220753637,3.1873229,-1.2934008,3.5618434,-9.067842,-1.3297055,28.803753,27.405146,-7.5922003,36.926464,22.516417,-7.0983934,-6.9906673,-53.65441,-30.003353,38.179287,15.372977,-29.822035,-15.412479,-12.631555,1.2006655,5.9141116,0.90321094,9.036533,-6.504363,0.0,6.1917105,-5.2286425,-16.72218,5.1270313,-9.832194,0.0
887,-0.5167434811592102,4.813129425048828,105.91096496582031,0.8100784349615044,-3.1015069043417163,-87.74456893100542,3.1828866,-1.29267,3.5606725,-9.063481,-1.3461498,28.790213,27.418388,-7.5714726,36.95323,22.509655,-7.1254215,-7.0131392,-53.552166,-29.967905,38.13442,15.337882,-29.878397,-15.421936,-12.65706,1.2040377,5.9064054,0.9069256,9.02451,-6.497347,0.0,6.1914105,-5.236437,-16.72659,5.125585,-9.83039,0.0
888,-0.5134613513946533,4.813808441162109,105.91063690185547,0.8117356569998687,-3.097899546923461,-87.74083494102497,3.1787257,-1.2889321,3.5584247,-9.063625,-1.3556865,28.783745,27.416449,-7.559414,36.96989,22.498005,-7.1353765,-7.0236673,-53.499214,-29.96439,38.121105,15.320925,-29.88917,-15.431153,-12.673934,1.196435,5.9024534,0.9042644,9.027514,-6.497654,0.0,6.1874685,-5.240846,-16.72997,5.125574,-9.829076,0.0
889,-0.5126029253005981,4.809013843536377,105.91095733642578,0.8060803347094533,-3.089919088578317,-87.73442604261504,3.173559,-1.2811224,3.5518792,-9.061839,-1.3647629,28.779638,27.410091,-7.5414863,36.985573,22.46997,-7.1389985,-7.041267,-53.45038,-29.963167,38.111103,15.304437,-29.911993,-15.432859,-12.687074,1.1849409,5.908931,0.89524674,9.032997,-6.502095,0.0,6.1819763,-5.2338696,-16.734005,5.1252103,-9.831508,0.0
890,-0.5138046145439148,4.810079097747803,105.91063690185547,0.7979013575415868,-3.07926503816207,-87.72578743951466,3.1665998,-1.2704772,3.541648,-9.05908,-1.3746755,28.777412,27.402203,-7.5230875,37.00004,22.420513,-7.13667,-7.063747,-53.395386,-29.963339,38.09979,15.281875,-29.948513,-15.429501,-12.700643,1.1582197,5.9199986,0.87788665,9.052314,-6.509566,0.0,6.168446,-5.2228622,-16.73723,5.12597,-9.830795,0.0
891,-0.5145571231842041,4.803164482116699,105.91291046142578,0.7897887586550842,-3.0693751658711013,-87.71837968231398,3.1611874,-1.2602499,3.5327168,-9.057429,-1.3794216,28.77825,27.39304,-7.5017295,37.01349,22.375938,-7.134518,-7.086163,-53.351017,-29.963633,38.09504,15.267065,-29.976028,-15.425495,-12.707846,1.1558586,5.930413,0.8694865,9.038235,-6.5052423,0.0,6.16356,-5.2109137,-16.741432,5.1221867,-9.833212,0.0
892,-0.5151807069778442,4.8022565841674805,105.91175842285156,0.7862734597403856,-3.0638727366060503,-87.71555479829391,3.1601942,-1.2536467,3.529964,-9.0585375,-1.3725747,28.779667,27.389772,-7.4927745,37.021515,22.347183,-7.1287036,-7.098359,-53.314774,-29.96342,38.094975,15.258403,-29.983524,-15.424576,-12.7018175,1.1364329,5.935234,0.85940164,9.061884,-6.517246,0.0,6.1556516,-5.206647,-16.740835,5.1263766,-9.835516,0.0
893,-0.5139791965484619,4.7960734367370605,105.91268920898438,0.7909836696870489,-3.0648933504496942,-87.72004062359005,3.1666055,-1.2525871,3.5365832,-9.063718,-1.3466454,28.781088,27.388826,-7.4898443,37.02899,22.356258,-7.126045,-7.097362,-53.28792,-29.962894,38.100132,15.256914,-29.956514,-15.42691,-12.67204,1.1571699,5.9283085,0.87049276,9.036005,-6.508401,0.0,6.162709,-5.212579,-16.737772,5.122638,-9.837286,0.0
894,-0.5129719376564026,4.794081687927246,105.91197204589844,0.800359541857306,-3.0701111485827988,-87.72958761541615,3.178076,-1.2549988,3.5495412,-9.070976,-1.3111545,28.781992,27.389297,-7.491177,37.03647,22.389101,-7.1243196,-7.088044,-53.272743,-29.9621,38.10985,15.265994,-29.904524,-15.433322,-12.621668,1.1739429,5.9157057,0.8846617,9.024905,-6.5053134,0.0,6.1668983,-5.226029,-16.729273,5.1268406,-9.839354,0.0
895,-0.5112497806549072,4.7895989418029785,105.91138458251953,0.8115993238076158,-3.076464621404916,-87.73955520179089,3.1901214,-1.2581484,3.5638015,-9.078063,-1.2801443,28.782433,27.389957,-7.4931636,37.044037,22.424856,-7.1215663,-7.0795937,-53.26552,-29.960934,38.119835,15.275757,-29.853464,-15.440617,-12.572667,1.1985022,5.900444,0.9020579,9.005368,-6.499655,0.0,6.177639,-5.2412105,-16.722603,5.1256804,-9.841071,0.0
896,-0.5010190606117249,4.783616065979004,105.91163635253906,0.8188338711400955,-3.080745107698435,-87.74546463434595,3.1984587,-1.2595202,3.5734613,-9.0903425,-1.237305,28.784403,27.390673,-7.4925413,37.052628,22.443754,-7.1175637,-7.080076,-53.237614,-29.957706,38.13184,15.2715845,-29.834265,-15.441755,-12.552404,1.2112155,5.8852196,0.91211534,9.002933,-6.5032005,0.0,6.188943,-5.2565575,-16.720333,5.1220937,-9.841348,0.0
897,-0.4933398365974426,4.779849052429199,105.91133880615234,0.8212545827683617,-3.0828522307615107,-87.74494905121281,3.1992807,-1.2588158,3.5773034,-9.099254,-1.2216562,28.786974,27.390446,-7.4840293,37.062157,22.446089,-7.110076,-7.0980234,-53.2041,-29.954668,38.13491,15.2627945,-29.849773,-15.452124,-12.55627,1.2078229,5.877771,0.91086686,9.0191765,-6.5141215,0.0,6.1935678,-5.26502,-16.723063,5.124425,-9.8439045,0.0
898,-0.4942691922187805,4.773743629455566,105.91043090820312,0.8210140005187884,-3.084160682281037,-87.74080993265444,3.1959708,-1.2574276,3.578509,-9.108744,-1.2132668,28.791069,27.386873,-7.4656167,37.073994,22.446281,-7.1032624,-7.1278996,-53.16347,-29.951628,38.13448,15.247803,-29.888643,-15.466114,-12.578128,1.2065903,5.8788013,0.9067769,9.029777,-6.5229955,0.0,6.200664,-5.263548,-16.730814,5.1245456,-9.849064,0.0
899,-0.49397745728492737,4.781177997589111,105.90934753417969,0.8198660184484746,-3.0839601700655654,-87.73636562809611,3.1942997,-1.254552,3.5781364,-9.118473,-1.2080598,28.79666,27.381979,-7.4481373,37.08399,22.434074,-7.0953317,-7.1573687,-53.12083,-29.949165,38.129566,15.2301855,-29.9322,-15.477444,-12.602529,1.1874298,5.880157,0.89718044,9.053553,-6.5299096,0.0,6.196544,-5.262537,-16.73585,5.123465,-9.843967,0.0
900,-0.4960746467113495,4.785463333129883,105.90875244140625,0.818916895778069,-3.0812565056772194,-87.73524970152859,3.2002296,-1.2495369,3.578042,-9.12829,-1.2015635,28.801987,27.3767,-7.4397764,37.09112,22.401897,-7.0871177,-7.1757493,-53.08901,-29.946941,38.123306,15.219102,-29.958042,-15.479943,-12.613667,1.1764766,5.882559,0.8935074,9.0620775,-6.5311074,0.0,6.1902533,-5.260275,-16.736162,5.1234508,-9.841153,0.0
901,-0.4953029453754425,4.7845683097839355,105.90879821777344,0.8183368165325102,-3.074538044949741,-87.73939388964736,3.2202115,-1.2407173,3.5777748,-9.138716,-1.1935265,28.809689,27.369822,-7.4461226,37.090027,22.334362,-7.0766783,-7.1766934,-53.051323,-29.94612,38.100315,15.202543,-29.968208,-15.466756,-12.603421,1.1697567,5.8827543,0.89647126,9.061759,-6.530513,0.0,6.182507,-5.260122,-16.72971,5.1208677,-9.838336,0.0
902,-0.49505844712257385,4.783562660217285,105.90941619873047,0.8180471583215875,-3.0645632376700935,-87.74662221106051,3.2493277,-1.2287955,3.5770452,-9.149537,-1.1862475,28.816057,27.365292,-7.4684486,37.084038,22.233252,-7.062224,-7.166088,-53.02171,-29.9452,38.072407,15.191781,-29.96461,-15.443887,-12.582088,1.1623164,5.882906,0.9023635,9.056791,-6.5273743,0.0,6.166589,-5.261176,-16.717037,5.1245713,-9.837688,0.0
903,-0.4954979717731476,4.782547950744629,105.90995788574219,0.8177415594640137,-3.054487143465784,-87.75402803511385,3.2769315,-1.2173815,3.5764024,-9.15998,-1.1776266,28.824951,27.357723,-7.48425,37.07846,22.140219,-7.0512033,-7.154494,-52.98583,-29.944736,38.04146,15.173094,-29.962873,-15.419648,-12.55899,1.1542761,5.883504,0.90814584,9.052948,-6.5248237,0.0,6.1528435,-5.2610846,-16.704775,5.1245785,-9.835681,0.0
904,-0.4896460175514221,4.781689643859863,105.91061401367188,0.8179786550340734,-3.0474497978290156,-87.75868493413444,3.2917435,-1.2096705,3.5768046,-9.168749,-1.1659963,28.832191,27.35411,-7.4934735,37.076317,22.074657,-7.0408144,-7.1483655,-52.958485,-29.942131,38.025665,15.158053,-29.963228,-15.404476,-12.545273,1.14385,5.879801,0.91038746,9.059694,-6.5280924,0.0,6.142985,-5.2659674,-16.696644,5.1254244,-9.833544,0.0
905,-0.4865671396255493,4.781806468963623,105.91045379638672,0.8179540338007674,-3.0445330329131175,-87.75923024164508,3.283794,-1.208719,3.5779223,-9.171502,-1.1486267,28.845718,27.345964,-7.4699135,37.079163,22.064352,-7.0346394,-7.156616,-52.92123,-29.935413,38.022068,15.129043,-29.97442,-15.401787,-12.544968,1.1337291,5.877979,0.9083609,9.0718975,-6.533561,0.0,6.1396394,-5.2680473,-16.694963,5.1240773,-9.83144,0.0
906,-0.48705488443374634,4.780657768249512,105.90994262695312,0.8196401526806459,-3.0440288111127773,-87.75744018426668,3.2610562,-1.2117804,3.5795689,-9.169976,-1.1262892,28.861795,27.340668,-7.4361434,37.081913,22.07735,-7.0259547,-7.170461,-52.889767,-29.92473,38.03289,15.10045,-29.985973,-15.407174,-12.552481,1.1327474,5.87623,0.9069348,9.072858,-6.53423,0.0,6.140625,-5.2696786,-16.697079,5.1242356,-9.832774,0.0
907,-0.4886718988418579,4.7785563468933105,105.90958404541016,0.8202944254345038,-3.0448397170109027,-87.75490165495654,3.2406027,-1.2145398,3.582293,-9.173118,-1.1051133,28.876043,27.337523,-7.4054837,37.08592,22.102125,-7.0244393,-7.182309,-52.86908,-29.914003,38.04817,15.081914,-29.999348,-15.414222,-12.5618,1.1353652,5.8763647,0.9057064,9.071158,-6.5344057,0.0,6.145834,-5.2685227,-16.701498,5.119857,-9.832607,0.0
908,-0.48795971274375916,4.773883819580078,105.90922546386719,0.8209267044977445,-3.0456416605331986,-87.75331931745151,3.2395372,-1.2125673,3.586542,-9.18992,-1.0913206,28.889652,27.335642,-7.3887205,37.08797,22.127892,-7.039058,-7.1842546,-52.852177,-29.907713,38.051376,15.074066,-30.022846,-15.416358,-12.566667,1.1390988,5.8754635,0.9054862,9.071192,-6.537506,0.0,6.1489687,-5.269963,-16.704432,5.1235356,-9.837867,0.0
909,-0.48946404457092285,4.7731099128723145,105.9090576171875,0.8179748390798376,-3.0469254850499494,-87.75322557067882,3.273965,-1.2020985,3.5937495,-9.2062235,-1.091244,28.89046,27.33649,-7.3956556,37.089813,22.156652,-7.0775576,-7.177044,-52.85106,-29.908106,38.047157,15.092362,-30.059118,-15.405299,-12.570385,1.1379551,5.8803434,0.90463394,9.077589,-6.5418644,0.0,6.1505456,-5.2652745,-16.706139,5.1240335,-9.839077,0.0
