Frame,root_translateX,root_translateY,root_translateZ,root_rotateX,root_rotateY,root_rotateZ,waist_yaw_joint,waist_roll_joint,waist_pitch_joint,head_yaw_joint,head_pitch_joint,left_shoulder_pitch_joint,left_shoulder_roll_joint,left_shoulder_yaw_joint,left_elbow_joint,left_wrist_roll_joint,left_wrist_pitch_joint,left_wrist_yaw_joint,right_shoulder_pitch_joint,right_shoulder_roll_joint,right_shoulder_yaw_joint,right_elbow_joint,right_wrist_roll_joint,right_wrist_pitch_joint,right_wrist_yaw_joint,left_hip_pitch_joint,left_hip_roll_joint,left_hip_yaw_joint,left_knee_joint,left_ankle_pitch_joint,left_ankle_roll_joint,right_hip_pitch_joint,right_hip_roll_joint,right_hip_yaw_joint,right_knee_joint,right_ankle_pitch_joint,right_ankle_roll_joint
0,1.6356769800186157,1.3604494333267212,106.52764129638672,0.6735413405033747,0.20506600288493498,-88.52310162108805,-2.445228,-1.929675,0.25077823,0.96865565,-4.675327,19.057035,26.3502,-32.80418,37.337852,15.173405,2.7243183,5.8038483,20.093746,-19.450905,14.41023,41.220837,-17.384132,-5.4497066,4.501741,5.55266,2.7054546,9.704722,5.3576765,-10.326214,0.0,5.8016095,-5.1728845,-11.296174,5.1336417,-10.121846,0.0
1,1.6853402853012085,1.40538489818573,106.5337905883789,0.6661587262972964,0.223210109975675,-88.50508955603264,-2.4453855,-1.9163772,0.32543778,0.9687184,-4.6756325,19.071266,26.476658,-32.81781,37.3335,15.179885,2.7219641,5.7981625,20.11503,-20.00723,14.391724,41.174786,-17.337812,-5.479928,4.50735,5.492721,2.6842,9.680111,5.358693,-10.295595,0.0,5.7520385,-5.197551,-11.299215,5.1286283,-10.081958,0.0
2,1.7319351434707642,1.4578485488891602,106.54104614257812,0.6584612930970571,0.24001652356193018,-88.48723782818368,-2.4428759,-1.9067088,0.40034202,0.96877325,-4.6759367,19.08309,26.56102,-32.831696,37.33066,15.186668,2.7206783,5.793135,20.125511,-20.294056,14.3713455,41.13286,-17.297668,-5.5066338,4.5103064,5.432967,2.6645963,9.655878,5.354239,-10.257943,0.0,5.700006,-5.220176,-11.301478,5.122383,-10.03765,0.0
3,1.784360408782959,1.5219379663467407,106.54287719726562,0.6893338303476247,0.34718402726320696,-88.45288971425968,-2.4377518,-1.9464936,0.47032973,0.98385656,-4.8525105,19.103497,26.778336,-32.96822,37.02484,15.464186,2.8297627,5.555801,20.17371,-20.987028,14.228949,39.82221,-15.009624,-5.935954,5.3185563,5.2129927,2.6014664,9.547698,5.4120483,-10.225952,0.0,5.521349,-5.299964,-11.288364,5.1322017,-9.974982,0.0
4,1.8316470384597778,1.5800585746765137,106.54964447021484,0.6811784733396422,0.3725257796448393,-88.4288392818312,-2.4438577,-1.9451823,0.550423,0.9840234,-4.853557,19.118988,26.89126,-33.001972,37.01818,15.478388,2.826355,5.548264,20.198467,-21.219051,14.188725,39.77589,-14.957461,-5.959457,5.311982,5.133786,2.582723,9.514289,5.4140882,-10.185172,0.0,5.4547973,-5.3231783,-11.293817,5.1275315,-9.926067,0.0
5,1.8897202014923096,1.64467191696167,106.55120849609375,0.7085949164013703,0.49072606286572734,-88.37645241359915,-2.4611402,-1.9926561,0.60819864,1.0163015,-5.104325,19.14043,27.094162,-33.231987,36.725246,15.941278,2.8669748,5.3315783,20.250051,-21.579538,13.977601,38.781586,-13.124782,-6.067796,5.4405146,4.901751,2.5210617,9.395525,5.459026,-10.139802,0.0,5.267056,-5.400752,-11.303168,5.133587,-9.860076,0.0
6,1.9535518884658813,1.7080180644989014,106.55369567871094,0.7207573461350365,0.580030036848895,-88.32610822581441,-2.4831667,-2.0271268,0.6737289,1.0538573,-5.3391676,19.162012,27.290346,-33.483105,36.531006,16.266207,2.864806,5.224785,20.30325,-21.814688,13.769777,38.205196,-12.009553,-6.097341,5.3540225,4.717018,2.4724743,9.301651,5.4877124,-10.093469,0.0,5.1176405,-5.4613976,-11.319817,5.1370587,-9.799789,0.0
7,2.0170342922210693,1.7866339683532715,106.55902862548828,0.7364931160930946,0.6824665649722342,-88.27058385242378,-2.5128613,-2.069273,0.7369936,1.0954164,-5.5697193,19.183512,27.482286,-33.75969,36.33465,16.622047,2.8521285,5.1172023,20.356684,-21.961794,13.533289,37.666386,-10.97219,-6.160865,5.1749187,4.506166,2.419769,9.196553,5.5136795,-10.033193,0.0,4.943296,-5.5268755,-11.335256,5.1385837,-9.725919,0.0
8,2.080778121948242,1.864650845527649,106.56497192382812,0.7539218087526907,0.8026416572422859,-88.21111617384011,-2.5497143,-2.1176322,0.79769194,1.1384783,-5.8044734,19.204971,27.671017,-34.053997,36.108536,16.986317,2.869291,4.991564,20.409552,-22.047464,13.271378,37.127834,-10.021635,-6.2398806,4.974687,4.27428,2.3645222,9.082095,5.534943,-9.966412,0.0,4.7450275,-5.5954666,-11.347347,5.143411,-9.64859,0.0
9,2.154747486114502,1.939376950263977,106.57270050048828,0.7711849955294445,0.9399194876863602,-88.14501959223061,-2.5946913,-2.1698034,0.85493714,1.1795098,-6.0430155,19.226305,27.858784,-34.36704,35.841057,17.437813,2.920573,4.8195477,20.461246,-22.089247,12.986942,36.575165,-9.137879,-6.3316956,4.774257,4.0202217,2.3041525,8.955416,5.557021,-9.897524,0.0,4.526899,-5.6698,-11.359028,5.149116,-9.567501,0.0
10,2.2306673526763916,2.036724090576172,106.57867431640625,0.7893317189952908,1.0942834609856746,-88.07214938476984,-2.6332643,-2.2316132,0.9051931,1.2882262,-6.672829,19.362246,28.701242,-35.260468,35.14,17.393791,3.1195557,4.809608,20.773024,-22.116201,12.252431,35.85472,-8.405032,-6.4856653,4.8234625,3.6107857,2.260358,8.778269,5.8084707,-9.925736,0.0,4.271955,-5.748105,-11.369546,5.1588774,-9.47083,0.0
11,2.3064892292022705,2.1314122676849365,106.5874252319336,0.8120287658549769,1.265726607423573,-87.99957603818862,-2.6809735,-2.3073852,0.95915574,1.3198119,-6.9673247,19.94899,30.042253,-35.842606,33.472343,16.936207,3.332921,4.5693007,21.721094,-22.068707,11.579694,34.27236,-7.810782,-6.5126786,4.548413,3.1732452,2.2105742,8.593182,6.0741076,-9.959217,0.0,3.9240096,-5.8466597,-11.346299,5.304935,-9.43776,0.0
12,2.3810067176818848,2.22460675239563,106.59686279296875,0.8417889306897074,1.4583126980182608,-87.93227149400423,-2.7461245,-2.3907971,1.0080076,1.3804923,-7.3146815,20.502615,30.501278,-35.8815,32.50304,17.191137,3.5426764,4.3763123,22.377539,-22.022226,11.186777,33.052345,-7.13539,-6.5455666,4.1594524,2.753007,2.144257,8.419942,6.2567744,-9.948272,0.0,3.5176485,-5.960699,-11.301146,5.5075693,-9.424531,0.0
13,2.462806224822998,2.333395004272461,106.60660552978516,0.8798129401986394,1.6762663937478386,-87.87157425838632,-2.8186986,-2.4858437,1.0509797,1.4648874,-7.7227373,20.993868,30.809479,-35.86759,31.660511,17.284071,3.821263,4.2418885,22.81094,-21.971437,10.834182,32.06569,-6.5070553,-6.6258993,3.7967744,2.3010895,2.0600746,8.245936,6.4231935,-9.918145,0.0,3.0259132,-6.099522,-11.225106,5.786466,-9.430101,0.0
14,2.5520031452178955,2.460498809814453,106.61705780029297,0.9242155759964363,1.9169115870959879,-87.81447715631862,-2.8982086,-2.591066,1.0899736,1.565804,-8.180231,21.37728,31.027004,-35.864838,30.939322,17.213278,4.1476817,4.13498,23.034021,-21.915966,10.512553,31.293125,-5.9115124,-6.7489123,3.4624794,1.8164042,1.9608247,8.068503,6.5783844,-9.869518,0.0,2.4646757,-6.257393,-11.125505,6.1155415,-9.440837,0.0
15,2.6407415866851807,2.5743637084960938,106.6252212524414,0.9739014919213443,2.1732646806049476,-87.7607272162721,-2.9841866,-2.7090273,1.1393248,1.6797572,-8.706092,21.825644,31.23199,-35.771645,30.14539,16.937244,4.4710336,4.034251,23.171074,-21.8612,10.218627,30.59527,-5.3513265,-6.8863926,3.1322777,1.3400077,1.8507318,7.897736,6.6939616,-9.805599,0.0,1.8701296,-6.424664,-11.009235,6.4794416,-9.469548,0.0
16,2.7344188690185547,2.694192409515381,106.63320922851562,1.0272899774658746,2.438152215977178,-87.71036681370701,-3.0757923,-2.8411918,1.214385,1.8029816,-9.317565,22.26872,31.378351,-35.60584,29.359755,16.38323,4.7179923,3.923999,23.199171,-21.80752,9.960979,29.990795,-4.824697,-7.0323696,2.8150926,0.8477967,1.7319449,7.7276363,6.81164,-9.737825,0.0,1.2476321,-6.6011214,-10.8773775,6.861602,-9.495333,0.0
17,2.8216731548309326,2.8447155952453613,106.63884735107422,1.0877364503233704,2.728882949905761,-87.66219556003855,-3.176428,-2.991582,1.2949772,1.9283795,-10.005228,22.717916,31.481272,-35.391026,28.570063,15.461505,4.930523,3.773819,23.138466,-21.755568,9.738929,29.45693,-4.336363,-7.183827,2.51114,0.27012536,1.6105801,7.5397053,6.9950523,-9.679991,0.0,0.49055713,-6.7980075,-10.692744,7.3922606,-9.5714,0.0
18,2.9158401489257812,3.0071258544921875,106.64067077636719,1.1544805879957944,3.0427159231909053,-87.6165154084578,-3.2851343,-3.158151,1.381051,2.0599968,-10.764198,23.18157,31.54219,-35.120567,27.762411,14.235209,5.130992,3.6054568,23.004673,-21.706022,9.545711,28.980143,-3.8872705,-7.3419085,2.2145832,-0.36530167,1.4780467,7.341792,7.2205195,-9.632854,0.0,-0.3435725,-7.0123677,-10.475395,7.990765,-9.666464,0.0
19,3.009460210800171,3.1807596683502197,106.63933563232422,1.221072328474497,3.343248096318469,-87.57585196840047,-3.394521,-3.3337166,1.5170817,2.2108588,-11.619234,23.662937,31.539879,-34.730038,26.921915,12.866571,5.222432,3.4749484,22.81221,-21.65947,9.378622,28.545748,-3.4693277,-7.500858,1.9159847,-1.0208055,1.3475363,7.1431794,7.5051804,-9.6117115,0.0,-1.2100195,-7.2306733,-10.236152,8.659679,-9.783223,0.0
20,3.090691566467285,3.384913444519043,106.62723541259766,1.2814482948282497,3.594282318644701,-87.5428321961559,-3.4969835,-3.5119028,1.7478402,2.393916,-12.595847,24.15999,31.447805,-34.156105,26.040676,11.519968,5.1041975,3.4343088,22.574389,-21.61654,9.23589,28.13947,-3.0741851,-7.6550655,1.6056752,-1.7424884,1.2429556,6.9298854,8.004552,-9.6894245,0.0,-2.151565,-7.452088,-9.954097,9.543671,-9.984405,0.0
21,3.1761436462402344,3.6090149879455566,106.64085388183594,1.3202441930995454,3.7937055016393995,-87.52694529411575,-3.5906973,-3.675731,2.0751028,2.6164594,-13.698844,24.658636,31.279892,-33.36959,25.130833,10.456258,4.7213273,3.4388807,22.298456,-21.576765,9.116988,27.748959,-2.7036672,-7.796548,1.2735689,-2.1919029,1.133341,6.8042555,8.081429,-9.555818,0.0,-3.5260499,-7.7300234,-9.464654,11.3126135,-10.604862,0.0
22,3.2629072666168213,3.84279203414917,106.66082763671875,1.346008175820321,3.958378128980252,-87.52376018611584,-3.679503,-3.8347015,2.478255,2.8698852,-14.914646,25.151848,31.042877,-32.411503,24.19411,9.515718,4.1370173,3.476962,21.989511,-21.540766,9.021333,27.36995,-2.3623075,-7.9284987,0.92437905,-2.5560415,1.0323634,6.7100325,8.06747,-9.378592,0.0,-4.917113,-7.9922557,-8.93725,13.15565,-11.23371,0.0
23,3.336946964263916,4.083438396453857,106.67576599121094,1.3867795323415884,4.080336085979559,-87.5165615719402,-3.7639766,-4.022849,2.9684286,3.1435628,-16.242367,25.646856,30.700989,-31.322926,23.198488,8.236808,3.4266877,3.64535,21.65807,-21.509418,8.951093,26.998144,-2.0420976,-8.0616045,0.57046187,-2.8739512,0.9195309,6.6229115,8.055511,-9.2034,0.0,-6.377048,-8.269231,-8.394323,15.189237,-11.896772,0.0
24,3.4085001945495605,4.332681179046631,106.68165588378906,1.4700212673725956,4.151869325405038,-87.48819655825464,-3.8437524,-4.2739563,3.5565455,3.4273913,-17.681128,26.155504,30.22127,-30.141098,22.09517,6.166134,2.663181,4.033898,21.318089,-21.484642,8.905198,26.625742,-1.738917,-8.206325,0.22316705,-3.164633,0.75813127,6.52431,8.09253,-9.052693,0.0,-7.939746,-8.591013,-7.8726444,17.493748,-12.584573,0.0
25,3.482529878616333,4.639736175537109,106.67410278320312,1.6017967835925555,4.171657130297715,-87.44728473661833,-3.9230509,-4.5973454,4.260078,3.744896,-19.30412,26.689545,29.575256,-28.810986,20.862291,2.9838758,1.7743548,4.7195916,20.974638,-21.467676,8.885471,26.193666,-1.5267947,-8.329525,-0.115799196,-3.4869816,0.5406198,6.410518,8.24444,-8.932289,0.0,-9.609474,-8.974835,-7.404311,20.010128,-13.185236,0.0
26,3.5323290824890137,4.965027332305908,106.65613555908203,1.7677828669216777,4.143689934302432,-87.39874677797326,-3.998208,-4.9749413,5.068595,4.0920963,-21.08668,27.235191,28.826593,-27.330284,19.4592,-0.9928461,0.732235,5.6099486,20.631012,-21.457115,8.894832,25.71169,-1.3820009,-8.434758,-0.45578486,-3.7900205,0.29660687,6.2960114,8.447246,-8.830312,0.0,-11.371331,-9.420262,-7.0051513,22.717379,-13.643175,0.0
27,3.5925827026367188,5.29649019241333,106.624267578125,1.9651601039500002,4.06779638472898,-87.3203773119552,-4.055199,-5.3993306,5.951835,4.419655,-22.883356,27.76024,28.081942,-25.82638,17.824522,-5.279627,-0.32598752,6.5576005,20.302525,-21.451767,8.930651,25.271599,-1.1566138,-8.588769,-0.8015838,-4.1016474,0.014667588,6.1533194,8.767201,-8.788839,0.0,-13.195242,-9.933575,-6.711647,25.691408,-13.978727,0.0
28,3.6536784172058105,5.600235462188721,106.57611083984375,2.1913569078842987,3.943617992561283,-87.18982941284942,-4.079265,-5.86228,6.8799515,4.681546,-24.546814,28.228758,27.422344,-24.432158,15.948673,-9.402999,-1.2539504,7.4483876,20.01364,-21.44971,8.992186,24.955473,-0.7000665,-8.859303,-1.158978,-4.409665,-0.29558387,5.963299,9.213695,-8.828949,0.0,-15.051559,-10.521678,-6.540963,29.017593,-14.203876,0.0
29,3.6943931579589844,5.925106048583984,106.51583862304688,2.45517255600768,3.7425231764262823,-87.0074978099607,-4.0770855,-6.3853054,7.8935304,4.8728704,-24.999998,28.636583,26.833092,-23.182133,13.854117,-13.626037,-2.0386462,8.293918,19.777414,-21.448637,9.069932,24.74437,0.049899567,-9.302678,-1.5113306,-4.687578,-0.6374945,5.7329564,9.747088,-8.907737,0.0,-16.953089,-11.235426,-6.528546,32.77095,-14.247402,0.0
30,3.7408671379089355,6.248841285705566,106.4239273071289,2.75392799043212,3.4734068638014466,-86.78381417789066,-4.04624,-6.9626594,8.99415,5.0301023,-24.999998,28.97701,26.287586,-22.007072,11.556469,-18.072342,-2.776507,9.167126,19.599752,-21.449917,9.170278,24.585129,1.0067949,-9.870399,-1.8612534,-5.0309734,-1.0128489,5.4494777,10.5622,-9.13585,0.0,-18.881475,-12.089114,-6.680215,36.846325,-14.014232,0.0
31,3.7763476371765137,6.5688676834106445,106.30177307128906,3.0665381895533494,3.19175765114232,-86.51140782956553,-3.9607263,-7.5433836,10.092006,5.1086125,-24.999998,29.211044,25.813957,-20.894522,9.109495,-22.0637,-3.4681945,10.068067,19.499807,-21.458677,9.307969,24.508152,2.0932953,-10.475788,-2.241671,-5.5103164,-1.3909557,5.0914807,11.662735,-9.502107,0.0,-20.798512,-13.014555,-6.8794284,41.139423,-13.582173,0.0
32,3.805535316467285,6.864414215087891,106.1468276977539,3.3728439977865747,2.95292483063439,-86.18154200886637,-3.7987773,-8.075021,11.097185,5.0499554,-24.999998,29.287863,25.426893,-19.851091,6.6194425,-24.935032,-4.0935693,10.998889,19.506893,-21.47991,9.496746,24.535172,3.23489,-11.033348,-2.691217,-6.181149,-1.755002,4.642158,13.047271,-10.004028,0.0,-22.676119,-13.913124,-6.960779,45.568855,-13.113946,0.0
33,3.825169801712036,7.135869026184082,105.95274353027344,3.6848510054329178,2.7860421247010283,-85.7774457306784,-3.562405,-8.561341,11.968756,4.84587,-24.999998,29.178337,25.126295,-18.884834,4.151112,-26.31381,-4.5746617,11.987066,19.647507,-21.509495,9.724862,24.673672,4.571544,-11.567023,-3.2847543,-7.07264,-2.126736,4.0833316,14.697938,-10.626255,0.0,-24.594036,-14.747039,-6.7368846,50.242023,-12.821458,0.0
34,3.8249406814575195,7.376518726348877,105.71527099609375,4.0077674925777815,2.6554371468001405,-85.30782390621847,-3.2620773,-9.021551,12.761192,4.5250516,-24.999998,28.885103,24.880474,-18.003044,1.7298313,-26.636131,-4.9119444,13.04079,19.932346,-21.547834,9.981984,24.881569,6.087842,-12.116491,-3.9830682,-8.117616,-2.5130415,3.440172,16.578474,-11.360434,0.0,-26.559032,-15.502346,-6.2166367,55.196568,-12.780851,0.0
35,3.8025505542755127,7.59657621383667,105.43009185791016,4.308935689722072,2.5200342866177747,-84.80201389068262,-2.8924036,-9.4236145,13.527054,4.082875,-24.999998,28.41172,24.656626,-17.213428,-0.5979328,-26.458246,-5.1919403,14.127925,20.364315,-21.607914,10.282836,25.112541,7.476928,-12.613696,-4.6634216,-9.273796,-2.8746932,2.7487004,18.701124,-12.215383,0.0,-28.413042,-16.106302,-5.5565343,60.231262,-12.977318,0.0
36,3.770646572113037,7.797210693359375,105.10792541503906,4.5559833590299466,2.3397514984494583,-84.28972246027014,-2.4484422,-9.735698,14.317768,3.514516,-24.999998,27.758806,24.427713,-16.520962,-2.792331,-26.331543,-5.5244145,15.208954,20.941,-21.704481,10.639366,25.33178,8.429586,-12.980668,-5.210088,-10.444081,-3.181251,2.054183,20.979206,-13.156578,0.0,-30.002062,-16.528564,-4.9554653,65.17852,-13.353149,0.0
37,3.736466884613037,7.977956771850586,104.74108123779297,4.711476862582373,2.1179626895886075,-83.7629255024021,-1.9317428,-9.903803,15.129702,2.7988324,-24.999998,26.914442,24.199368,-15.922743,-4.8418536,-26.265728,-5.9405594,16.268946,21.663218,-21.846836,11.032559,25.577293,8.848741,-13.18359,-5.667943,-11.674079,-3.395731,1.3299167,23.486895,-14.215595,0.0,-31.299726,-16.760807,-4.506287,70.06283,-13.849958,0.0
38,3.691910982131958,8.142313003540039,104.32154083251953,4.801631913629325,1.8726397881579768,-83.21067809342784,-1.3481412,-9.956416,15.937281,1.9416133,-24.999998,25.877804,23.979889,-15.399711,-6.7531896,-26.019087,-6.3682055,17.327192,22.53106,-22.030739,11.4500265,25.865746,8.902797,-13.263071,-6.0854893,-12.968289,-3.5544555,0.56508243,26.182861,-15.36797,0.0,-32.36323,-16.847809,-4.152152,74.97206,-14.393426,0.0
39,3.636782646179199,8.283321380615234,103.84941101074219,4.8906507644717,1.5853743828843643,-82.65883365808882,-0.6975622,-9.984557,16.760815,0.9792612,-24.999998,24.672165,23.753063,-14.928404,-8.528532,-25.757488,-6.787492,18.39259,23.53591,-22.249475,11.920754,26.133442,8.6871805,-13.242827,-6.354311,-14.214343,-3.7310965,-0.17981945,28.91724,-16.558258,0.0,-33.149895,-16.846958,-3.8806384,79.81347,-14.942494,0.0
40,3.5667166709899902,8.380504608154297,103.341796875,5.042315198990085,1.2367543233336762,-82.1339787136418,0.022826545,-10.079096,17.624578,-0.05078381,-24.999998,23.335783,23.506289,-14.482384,-10.187821,-25.640362,-7.1866145,19.475077,24.662142,-22.496403,12.474587,26.32326,8.291929,-13.14592,-6.3595595,-15.274813,-3.9865758,-0.83589154,31.509386,-17.72338,0.0,-33.62356,-16.803444,-3.6829944,84.496956,-15.494155,0.0
41,3.470978260040283,8.47029972076416,102.79163360595703,5.270125907737165,0.7886944840432258,-81.65849319238986,0.8513039,-10.24677,18.578415,-1.172733,-24.999998,21.889763,23.233059,-14.035916,-11.795257,-25.725634,-7.570117,20.570467,25.902737,-22.784822,13.123195,26.460777,7.6448913,-12.940911,-6.026053,-16.137068,-4.320676,-1.3736484,33.993404,-18.870415,0.0,-33.7231,-16.707647,-3.5775745,89.03852,-16.057255,0.0
42,3.385366439819336,8.523236274719238,102.21273803710938,5.539723010162379,0.2620340047264046,-81.21433844728996,1.774906,-10.437978,19.597708,-2.3963609,-24.999998,20.33946,22.948362,-13.579532,-13.350024,-25.914902,-7.947615,21.677761,27.24914,-23.122662,13.841398,26.58463,6.7237635,-12.621302,-5.43024,-16.821453,-4.7094555,-1.8168255,36.386982,-20.014927,0.0,-33.4695,-16.532951,-3.5997472,93.48696,-16.63428,0.0
43,3.277273416519165,8.547301292419434,101.60673522949219,5.843035513525651,-0.2750935779285732,-80.76921782401554,2.7215579,-10.663683,20.598356,-3.6621048,-24.999998,18.703552,22.6708,-13.118175,-14.781485,-26.134441,-8.316714,22.807585,28.675623,-23.489424,14.616325,26.66034,5.6966634,-12.249449,-4.6768966,-17.429388,-5.137314,-2.2279184,38.69528,-21.139853,0.0,-32.936493,-16.278173,-3.776515,97.761925,-17.21543,0.0
44,3.149843215942383,8.543166160583496,100.97364044189453,6.1715870888375495,-0.754664439471704,-80.28956435552242,3.618894,-10.941767,21.49635,-4.9103527,-24.999998,17.012014,22.414259,-12.665897,-16.030375,-26.312796,-8.670612,23.96899,30.14532,-23.858917,15.440982,26.661406,4.7324314,-11.889319,-3.8640718,-18.05717,-5.608062,-2.657856,40.928284,-22.232124,0.0,-32.20693,-15.957661,-4.1467476,101.77636,-17.765043,0.0
45,3.000412940979004,8.518468856811523,100.32715606689453,6.553042409232562,-1.1788951003560775,-79.75992241667247,4.477005,-11.316637,22.29582,-6.157635,-24.999998,15.284062,22.170427,-12.24073,-17.176466,-26.465641,-8.989008,25.16317,31.632572,-24.23032,16.361109,26.612032,3.8275666,-11.584849,-2.9170563,-18.685581,-6.1574645,-3.1077826,43.0412,-23.2659,0.0,-31.266937,-15.552277,-4.7301407,105.56389,-18.304922,0.0
46,2.8220953941345215,8.472613334655762,99.66545104980469,6.98199377039088,-1.578833136134376,-79.20106486744746,5.3258452,-11.770947,23.038298,-7.4260287,-24.999998,13.526059,21.933569,-11.825543,-18.24695,-26.621614,-9.282002,26.383762,33.119625,-24.617569,17.37507,26.54742,2.902631,-11.293654,-1.8083317,-19.286644,-6.7669024,-3.554503,45.057728,-24.258886,0.0,-30.076498,-15.037515,-5.5657215,109.158356,-18.860085,0.0
47,2.622997283935547,8.432998657226562,99.00779724121094,7.398566740722975,-1.9281264409336427,-78.63338510007516,6.120886,-12.236306,23.69163,-8.662986,-24.999998,11.753393,21.716118,-11.397252,-19.108896,-26.734694,-9.581359,27.625137,34.58065,-25.00716,18.412348,26.458252,2.0184314,-10.9510355,-0.7019336,-19.908539,-7.3673806,-4.005774,46.976044,-25.186996,0.0,-28.717304,-14.448602,-6.6328545,112.49627,-19.411448,0.0
48,2.4224367141723633,8.370065689086914,98.37712097167969,7.737833212759868,-2.127569229770955,-78.06598173051646,6.782691,-12.6474495,24.0,-9.802721,-24.999998,9.998873,21.525507,-10.937227,-19.576426,-26.78375,-9.912478,28.868824,35.998714,-25.382586,19.424736,26.387077,1.2397214,-10.487453,0.25196776,-20.65123,-7.890643,-4.490459,48.789753,-26.04431,0.0,-27.397802,-13.829488,-7.863155,115.530266,-19.89814,0.0
49,2.2048451900482178,8.29515266418457,97.79055786132812,7.9898476427372005,-2.166392866399787,-77.47682017503827,7.3049073,-13.013647,24.0,-10.8748255,-24.999998,8.277508,21.357359,-10.472223,-19.718496,-26.735718,-10.329335,30.123568,37.361126,-25.724043,20.443195,26.342762,0.6544222,-9.866445,1.0082767,-21.530333,-8.325538,-5.0378094,50.477768,-26.805471,0.0,-26.0947,-13.142374,-9.320369,118.2626,-20.308567,0.0
50,1.9823756217956543,8.205513954162598,97.25762176513672,8.19905721642163,-2.1596250084027186,-76.8777435801201,7.751906,-13.3691435,24.0,-11.909282,-24.999998,6.5841503,21.206894,-10.023179,-19.681524,-26.596216,-10.799611,31.403416,38.648212,-26.03412,21.470114,26.275723,0.20281413,-9.137996,1.6411308,-22.374163,-8.715257,-5.5982723,51.994316,-27.47863,0.0,-24.64404,-12.391155,-11.0108795,120.71593,-20.691534,0.0
51,1.7599059343338013,8.089683532714844,96.78416442871094,8.36896023443815,-2.1470896230955563,-76.3188610641768,8.124487,-13.686513,24.0,-12.830559,-24.999998,4.9373465,21.078392,-9.566032,-19.363417,-26.420315,-11.217891,32.68157,39.850533,-26.330284,22.430126,26.165457,-0.26206356,-8.359972,2.189821,-23.107788,-9.039992,-6.123568,53.320854,-28.080051,0.0,-23.113247,-11.687525,-12.739728,122.88782,-21.063614,0.0
52,1.5349838733673096,7.967901229858398,96.38337707519531,8.501701694857347,-2.169485358375364,-75.8513979142354,8.42383,-13.935835,24.0,-13.563438,-24.999998,3.3720171,20.97662,-9.079971,-18.678411,-26.26155,-11.483033,33.924774,40.970325,-26.63173,23.246693,25.985285,-0.88048923,-7.5923977,2.6982517,-23.665112,-9.274253,-6.565265,54.416515,-28.591139,0.0,-21.562199,-11.134767,-14.300578,124.77378,-21.456867,0.0
53,1.311893343925476,7.838220119476318,96.0605239868164,8.591149937391886,-2.238456888714039,-75.4686302934141,8.641093,-14.102939,24.0,-14.090347,-24.999998,1.913768,20.898682,-8.594349,-17.614872,-26.180904,-11.655806,35.23443,42.021664,-26.932,23.925898,25.724998,-1.7255954,-6.778361,3.1387148,-24.033876,-9.410303,-6.9342804,55.286354,-29.017578,0.0,-19.933842,-10.783453,-15.740025,126.38743,-21.833586,0.0
54,1.1044703722000122,7.693146705627441,95.82371520996094,8.638323261525874,-2.3315628746816848,-75.15007339213123,8.77956,-14.205985,24.0,-14.451761,-24.999998,0.5744674,20.840374,-8.132729,-16.257534,-26.126944,-11.767871,36.589386,43.0137,-27.219242,24.501522,25.38937,-2.7051737,-5.9136043,3.5101726,-24.235792,-9.461711,-7.2492414,55.926155,-29.35695,0.0,-18.229391,-10.582744,-17.10619,127.73753,-22.174696,0.0
55,0.9107326865196228,7.542431354522705,95.68708801269531,8.65645984287329,-2.439248018446153,-74.92519092144504,8.858273,-14.262145,24.0,-14.658519,-24.999998,-0.625704,20.805475,-7.66399,-14.669994,-25.984064,-11.678717,37.7683,43.944458,-27.505156,24.942568,24.971727,-3.7032998,-5.1384716,3.8957148,-24.261463,-9.427687,-7.4792695,56.291695,-29.585867,0.0,-16.599264,-10.516763,-18.202393,128.8201,-22.517132,0.0
56,0.7365781664848328,7.387592792510986,95.64871215820312,8.658550136036483,-2.552073995071134,-74.82338255778538,8.895866,-14.288149,24.0,-14.721584,-24.999998,-1.6594753,20.798447,-7.153123,-12.919853,-25.63548,-11.251979,38.5494,44.805195,-27.804022,25.21831,24.470346,-4.6025677,-4.594598,4.3732305,-24.109756,-9.312261,-7.592377,56.368958,-29.701912,0.0,-15.205216,-10.587551,-18.831747,129.62158,-22.885412,0.0
57,0.5715301036834717,7.229271411895752,95.72335815429688,8.657610596137118,-2.669900043770372,-74.85887517091571,8.903187,-14.293322,24.0,-14.683709,-24.999998,-1.756049,20.823711,-6.9773874,-11.87578,-24.838797,-10.595133,39.428555,44.901455,-27.854351,25.357748,24.679026,-5.484382,-4.4301844,5.2027617,-23.75782,-9.115158,-7.56929,56.114025,-29.68428,0.0,-14.086163,-10.833159,-18.880621,130.17952,-23.30716,0.0
58,0.40342772006988525,7.07533073425293,95.9004135131836,8.614843685645283,-2.7157291217317523,-74.99645507873788,8.8042555,-14.258503,23.69985,-14.446362,-24.999998,-1.8378255,20.870949,-6.451803,-10.28782,-24.02291,-9.411989,39.76519,44.997528,-27.952509,25.599247,24.664759,-6.3695226,-4.4125896,5.9816847,-23.341915,-8.811317,-7.475256,55.58368,-29.53112,0.0,-13.307681,-11.213148,-18.446054,130.50182,-23.723732,0.0
59,0.22461414337158203,6.930050373077393,96.1631851196289,8.53928587390178,-2.6842942448232914,-75.22524626541698,8.629993,-14.188105,23.19354,-14.251788,-24.999998,-1.86805,20.914246,-6.1610384,-8.412278,-22.97859,-8.240011,39.883728,45.04721,-28.019041,25.71876,24.670635,-6.9825754,-4.5299063,6.6711364,-22.8927,-8.418657,-7.316427,54.814667,-29.25126,0.0,-12.867162,-11.820107,-17.668102,130.56094,-24.085056,0.0
60,0.06068069487810135,6.780811309814453,96.53427124023438,8.415321458439823,-2.6298270194418323,-75.53303798935096,8.403212,-14.062062,22.654545,-13.943381,-24.999998,-1.8893397,20.9823,-5.802602,-6.217752,-21.510504,-7.0305724,39.570988,45.099297,-28.099546,25.774498,24.6128,-7.1969876,-4.736661,7.2205,-22.305098,-7.93246,-7.0899787,53.748768,-28.833,0.0,-12.683354,-12.626435,-16.700417,130.26144,-24.329584,0.0
61,-0.09239614009857178,6.637848377227783,96.99258422851562,8.243260757144812,-2.549212295882277,-75.93448460058526,8.127477,-13.879051,22.082363,-13.529739,-24.999998,-1.899756,21.081333,-5.4057574,-3.6498463,-19.41016,-5.919284,38.812714,45.154404,-28.192331,25.730925,24.51011,-6.8665323,-5.056859,7.5970902,-21.602995,-7.35426,-6.7826424,52.42066,-28.291206,0.0,-12.803794,-13.714067,-15.462088,129.60896,-24.462156,0.0
62,-0.25406983494758606,6.487689018249512,97.54269409179688,8.033090827912176,-2.445231970920903,-76.43446471551046,7.80245,-13.643308,21.465664,-13.0100565,-24.999998,-1.8961343,21.215925,-4.981675,-0.71086377,-16.724289,-4.905227,37.657265,45.212456,-28.296715,25.567245,24.340075,-6.1187506,-5.507862,7.864816,-20.75788,-6.6836724,-6.3810897,50.794746,-27.61424,0.0,-13.226931,-15.045412,-13.916506,128.6229,-24.522572,0.0
63,-0.4316180944442749,6.355152130126953,98.16487121582031,7.7846931623340225,-2.313549753496415,-77.00082441644923,7.4299145,-13.362155,20.813797,-12.3933325,-24.999998,-1.875201,21.38194,-4.5764637,2.5086927,-13.730302,-4.0591984,36.13689,45.269657,-28.406063,25.253408,24.067812,-5.124098,-6.0038714,8.035379,-19.816137,-5.9403596,-5.907238,48.910362,-26.79067,0.0,-13.885674,-16.479769,-12.287509,127.27216,-24.500599,0.0
64,-0.6294625997543335,6.208442211151123,98.8514175415039,7.497187766879131,-2.14916855527009,-77.60361979852283,7.0132594,-13.040884,20.135084,-11.694442,-24.999998,-1.8322554,21.578367,-4.2591467,5.925026,-10.720328,-3.4345422,34.312786,45.327366,-28.515863,24.751638,23.656712,-4.062952,-6.445994,8.112015,-18.772053,-5.132492,-5.3788247,46.770287,-25.827318,0.0,-14.6895895,-17.87942,-10.811368,125.537094,-24.400227,0.0
65,-0.832966685295105,6.062712669372559,99.58930969238281,7.166811734474345,-1.9508932471321776,-78.24752541019534,6.546808,-12.677425,19.427298,-10.917025,-24.999998,-1.7593747,21.81091,-4.0718555,9.585183,-7.6535435,-3.0872371,32.314903,45.38442,-28.621836,24.021036,23.10977,-3.0703182,-6.7829366,8.126471,-17.632793,-4.2704306,-4.7799797,44.377197,-24.720743,0.0,-15.618294,-19.314419,-9.555331,123.397705,-24.286602,0.0
66,-1.0434939861297607,5.9329304695129395,100.38786315917969,6.798601969602857,-1.7332904617401563,-78.93404148013909,6.033985,-12.269801,18.698437,-9.30653,-24.999998,-1.6030169,22.209312,-3.8383214,13.758761,-4.2520075,-3.409378,29.94885,45.470203,-28.772894,22.366167,22.322472,-2.1151311,-7.062004,8.742628,-16.347574,-3.361008,-4.082594,41.654152,-23.42887,0.0,-16.636127,-20.829569,-8.501877,120.83966,-24.176083,0.0
67,-1.2910385131835938,5.781062602996826,101.24354553222656,6.372353596951065,-1.4857854036521296,-79.66135452453588,5.491259,-11.8019,17.943369,-8.124603,-24.93835,-1.3986315,22.594337,-4.0124564,17.750086,-1.0217986,-3.6008162,27.761724,45.548298,-28.859707,20.636179,21.485579,-1.0340799,-7.340051,9.092441,-15.18434,-2.3991795,-3.36362,39.063232,-22.1495,0.0,-17.706507,-22.13973,-7.644728,117.896545,-23.995638,0.0
68,-1.5679925680160522,5.64572286605835,102.12217712402344,5.899851025198178,-1.2155205519190162,-80.40310175629062,4.9504733,-11.272853,17.170443,-6.6830754,-24.66128,1.2032464,23.570581,-4.822264,19.111025,1.3739654,-3.533887,26.26266,46.531456,-28.783321,16.49598,19.770664,-0.31534573,-7.673572,10.907899,-14.039521,-1.3925978,-2.6154807,36.457012,-20.816265,0.0,-18.7122,-23.076176,-7.0083337,114.589294,-23.673313,0.0
69,-1.86137855052948,5.506458282470703,103.0211181640625,5.3573277876165255,-0.9276712064286042,-81.15974722153233,4.398128,-10.68256,16.386356,-5.6851974,-24.322643,3.7597103,24.15262,-5.8520517,20.572283,4.0287886,-3.2546697,24.546677,47.107227,-28.397308,14.018,18.350723,1.1014092,-8.036768,10.846148,-12.886624,-0.30918998,-1.8439008,33.777958,-19.373133,0.0,-19.623165,-23.5533,-6.5589232,110.875404,-23.173435,0.0
70,-2.165466547012329,5.3675360679626465,103.91455841064453,4.751608163944268,-0.6223338624839267,-81.94061936766194,3.8289385,-10.029313,15.596204,-4.6723437,-23.935942,6.2992907,24.839973,-7.127678,22.145952,6.5598083,-2.8711104,22.610931,47.29443,-27.86203,11.471659,17.208866,2.8279276,-8.478235,10.605353,-11.711777,0.8334157,-1.022281,30.998177,-17.792303,0.0,-20.431908,-23.696583,-6.2821426,106.76122,-22.559992,0.0
71,-2.493647575378418,5.242706298828125,104.79246520996094,4.131521684513299,-0.28996974326501873,-82.7402558257978,3.2489147,-9.355429,14.794703,-3.6385653,-23.504389,8.822207,25.637308,-8.672509,23.676466,8.880193,-2.5039601,20.577776,47.131958,-27.239565,8.979849,16.224583,4.9223456,-8.936136,10.172595,-10.597506,1.960723,-0.13290256,28.273241,-16.142107,0.0,-21.114094,-23.618273,-6.159186,102.327835,-21.877422,0.0
72,-2.842222213745117,5.121623992919922,105.6461181640625,3.5416204802363493,0.08086331432757594,-83.55315430141704,2.6640713,-8.702964,13.974704,-2.578096,-23.031952,11.3117075,26.539768,-10.520467,25.032444,10.894667,-2.278492,18.546606,46.65036,-26.58399,6.658949,15.288208,7.4404173,-9.355281,9.533649,-9.629407,3.0033734,0.82495445,25.763897,-14.502438,0.0,-21.66917,-23.434292,-6.1511765,97.64481,-21.15435,0.0
73,-3.19948148727417,5.008070945739746,106.46178436279297,2.9640778751090697,0.5120460909507905,-84.37255540841682,2.070961,-8.050913,13.112625,-1.5016321,-22.49779,13.764326,27.58255,-12.813311,26.249392,12.417064,-2.1815348,16.443352,45.864098,-25.905441,4.42746,14.398094,10.518299,-9.740617,8.676333,-8.823008,4.001104,1.8839759,23.385508,-12.752623,0.0,-22.13153,-23.055435,-6.1830425,92.65974,-20.399706,0.0
74,-3.5554163455963135,4.90128755569458,107.22515869140625,2.3836307699981547,0.9909709654896451,-85.20341598965524,1.4698218,-7.3867764,12.22046,-0.4084525,-21.906408,16.179749,28.826836,-15.4959,27.397104,13.518044,-2.1414819,14.228021,44.773327,-25.229288,2.2054772,13.593469,14.061585,-10.139424,7.6016226,-8.138872,4.9682384,3.0391293,21.097496,-10.856225,0.0,-22.491732,-22.464314,-6.2135015,87.338425,-19.59806,0.0
75,-3.902743101119995,4.793633937835693,107.91419982910156,1.8590246198319231,1.4785088865049005,-86.05586347554507,0.8705124,-6.766106,11.341142,0.7233594,-21.296247,18.546791,30.280071,-18.331364,28.380808,14.473084,-2.2172427,12.028846,43.3841,-24.606422,0.10369628,12.832024,17.769047,-10.5676985,6.317691,-7.5813646,5.813182,4.2300253,19.124958,-9.029709,0.0,-22.701212,-21.869745,-6.3164907,81.76912,-18.738111,0.0
76,-4.242893218994141,4.6858110427856445,108.51338195800781,1.44848059862642,1.9376518923251553,-86.93817685483381,0.27995262,-6.244961,10.515024,1.9152968,-20.7073,20.858007,31.906725,-21.102903,29.088753,15.561712,-2.4926202,9.966109,41.716072,-24.066446,-1.7640896,12.060421,21.338829,-11.039243,4.8348627,-7.1597476,6.455684,5.364661,17.69873,-7.5240626,0.0,-22.726137,-21.470865,-6.6142893,76.037766,-17.79918,0.0
77,-4.5751471519470215,4.568669319152832,109.02779388427734,1.168500839927516,2.3814325914179397,-87.84973744406119,-0.31331664,-5.8333206,9.724715,3.1771069,-20.095266,23.121906,33.693356,-23.959776,29.424894,16.993753,-3.1357803,8.002839,39.78732,-23.597225,-3.4079952,11.210228,24.814638,-11.591908,3.0239692,-6.9007483,6.8738527,6.456096,16.916065,-6.4863396,0.0,-22.54745,-21.325672,-7.185356,70.03416,-16.738424,0.0
78,-4.902344703674316,4.452506065368652,109.46233367919922,0.9883926674145013,2.8263823016240446,-88.78538382748437,-0.9097508,-5.503657,8.954026,4.49434,-19.456512,25.360056,35.63648,-26.96235,29.426376,18.592976,-4.079199,6.086286,37.60845,-23.181837,-4.9381394,10.319197,28.26323,-12.250529,0.93395096,-6.782081,7.126621,7.5228066,16.615097,-5.791166,0.0,-22.19183,-21.317469,-7.965234,63.71462,-15.554707,0.0
79,-5.234380722045898,4.335224628448486,109.79190063476562,0.8858031264546652,3.2413561062490195,-89.75019267717038,-1.4849257,-5.2491164,8.243326,5.8521614,-18.892084,27.60078,37.639217,-29.767176,29.189262,20.086052,-5.0547276,4.314083,35.202274,-22.825153,-6.3739843,9.475552,31.43897,-12.971719,-1.156804,-6.71782,7.2561345,8.419927,16.606726,-5.3019385,0.0,-21.691694,-21.369768,-8.899308,57.242065,-14.264219,0.0
80,-5.56429386138916,4.236622333526611,110.01837158203125,0.8401895059083611,3.59470405821455,-90.74903123363039,-2.0152533,-5.0645957,7.632834,7.2359414,-18.503338,29.8777,39.55362,-32.031616,28.843822,21.211798,-5.7803464,2.7756085,32.601955,-22.526768,-7.718339,8.7544775,34.12278,-13.671798,-2.9736829,-6.6203475,7.2966027,8.980864,16.698042,-4.853549,0.0,-21.07836,-21.412642,-9.920539,50.763077,-12.88314,0.0
81,-5.910107612609863,4.137729644775391,110.13939666748047,0.8917532951321606,3.8714844940655615,-91.76903452588962,-2.5251787,-4.9996676,7.1421037,8.659655,-18.359125,32.210346,41.239506,-33.763428,28.404411,21.957956,-6.1812396,1.468942,29.82922,-22.27266,-8.953927,8.028885,36.333706,-14.274858,-4.5244513,-6.5486083,7.176715,8.8840475,17.062277,-4.55376,0.0,-20.259464,-21.501398,-11.1967945,44.07276,-11.271265,0.0
82,-6.263912677764893,4.025689601898193,110.16224670410156,1.0384161200978481,4.094725432554031,-92.81142018219259,-3.021464,-5.042586,6.7414465,10.124427,-18.39141,34.596832,42.652397,-35.133854,27.88353,22.523031,-6.3957753,0.35904473,26.900593,-22.054974,-10.10187,7.268694,38.17713,-14.812717,-5.935467,-6.52103,6.877516,8.178862,17.719187,-4.479537,0.0,-19.187391,-21.61943,-12.730514,37.013405,-9.394452,0.0
83,-6.630956172943115,3.916700601577759,110.08087158203125,1.1966127034176266,4.286037472537189,-93.90300883868886,-3.4531982,-5.098895,6.400093,11.597141,-18.49611,37.03042,43.791836,-36.066948,27.409878,22.919275,-6.457706,-0.5240654,23.85062,-21.878107,-11.195163,6.669424,39.590046,-15.323563,-7.115936,-6.4075556,6.5262113,7.273457,18.288227,-4.4400616,0.0,-17.94497,-21.612467,-14.22027,29.774746,-7.3984194,0.0
84,-7.019717216491699,3.8072540760040283,109.91168212890625,1.2832868100084125,4.463228096292533,-95.07043742792409,-3.7685418,-5.0753717,6.090929,13.046305,-18.56536,39.5077,44.67402,-36.479523,27.085379,23.139832,-6.401945,-1.1511558,20.726725,-21.743214,-12.245135,6.4069,40.52109,-15.838596,-7.9758644,-6.087593,6.2895827,6.6606865,18.412773,-4.2659416,0.0,-16.583164,-21.357328,-15.402687,22.503914,-5.3986835,0.0
85,-7.417596817016602,3.6952950954437256,109.62799835205078,1.2868701687797461,4.646385335866469,-96.31897004575487,-3.959069,-4.946243,5.783599,14.472097,-18.593718,42.02957,45.252953,-36.406048,26.910805,23.10223,-6.0836234,-1.4936633,17.557127,-21.630062,-13.235774,6.38493,41.01407,-16.328163,-8.425694,-5.585736,6.224442,6.4838367,18.0,-3.8559506,0.0,-14.848955,-20.749966,-16.475685,14.635295,-3.2381153,0.0
86,-7.847180366516113,3.5862274169921875,109.1861572265625,1.2701729971892746,4.8038566142640615,-97.62599656344659,-4.058534,-4.784814,5.512911,15.890303,-18.628092,44.58682,45.48371,-35.917435,26.841793,22.82341,-5.539857,-1.575301,14.359711,-21.532263,-14.136908,6.4781947,41.123695,-16.76617,-8.5643,-5.2328086,6.2731433,6.4447546,17.824472,-3.6665363,0.0,-11.825335,-19.68628,-18.076942,4.5618944,-0.043447033,0.0
87,-8.303057670593262,3.4735844135284424,108.60782623291016,1.2414276985501347,4.882630490285692,-98.98700249706286,-4.074553,-4.6281476,5.3494062,17.289509,-18.635067,46.17759,45.281994,-35.763012,27.646814,22.06994,-5.162865,-1.4426051,12.406768,-21.43775,-14.826356,5.5466905,41.023476,-17.362537,-8.979528,-5.2059603,6.4531145,6.4785132,18.499392,-4.201647,0.0,-14.187604,-20.133257,-16.224154,4.1189566,-1.4764345,0.0
88,-8.787958145141602,3.3999176025390625,107.96673583984375,1.1648267150800535,4.858777238774738,-100.4093973158407,-3.999584,-4.464673,5.3304157,18.548555,-18.589783,47.53039,44.82219,-35.32137,28.780981,21.179033,-5.235024,-1.1635867,10.755739,-21.377623,-15.275848,4.658664,40.55632,-17.997519,-9.634722,-4.910293,6.729681,6.8134055,19.094004,-5.1609325,0.0,-16.510735,-20.506762,-13.92477,4.1312594,-2.7057962,0.0
89,-9.282194137573242,3.3717691898345947,107.29638671875,0.9816734463133988,4.7204255627305525,-102.00980353793184,-3.7955563,-4.2218394,5.47006,19.944336,-18.427765,48.85834,44.07662,-34.3984,30.062052,20.484035,-5.7924943,-0.78669965,9.139597,-21.34837,-15.472205,4.1358213,39.759842,-18.800032,-10.257655,-4.088425,7.1676216,7.7093425,19.316502,-6.668881,0.0,-18.67455,-20.571554,-10.913319,4.2957697,-3.5713184,0.0
90,-9.778582572937012,3.3423404693603516,106.67853546142578,0.71119566327639,4.467909313386137,-103.73581685266436,-3.494184,-3.9063225,5.7521048,21.34497,-18.182863,50.54419,42.830425,-32.53313,31.233692,20.429512,-6.6273017,-0.18015721,7.0825267,-21.348526,-15.403184,4.5345917,38.503834,-19.590128,-10.698182,-2.701613,7.7149973,9.142159,18.96894,-8.45832,0.0,-20.583157,-20.2743,-7.476763,4.476405,-4.129032,0.0
91,-10.28561782836914,3.3054986000061035,106.12316131591797,0.5056913546146311,4.149276458748076,-105.37453329756529,-3.152579,-3.691058,6.127208,22.567272,-17.990543,51.961075,41.582397,-30.53153,32.511524,19.636253,-7.6784043,0.4826191,5.3622603,-21.363646,-15.190232,4.8551464,37.009933,-20.302868,-11.347437,-1.1297182,8.179,10.690357,18.394686,-10.188954,0.0,-22.146448,-19.906008,-4.2499356,4.702533,-4.3362675,0.0
92,-10.8152437210083,3.2910354137420654,105.64259338378906,0.5228247630866769,3.8264452862263774,-106.70967494869544,-2.8417153,-3.766059,6.5425787,23.7046,-17.943756,53.662254,39.95783,-27.401804,33.3929,19.097603,-8.622634,1.2047013,3.3013923,-21.41549,-14.895912,6.518339,35.013786,-20.824686,-11.873349,0.29015273,8.384177,11.9380245,17.805248,-11.433644,0.0,-23.334778,-19.834154,-1.8906332,4.994757,-4.137543,0.0
93,-11.369560241699219,3.325577735900879,105.23548126220703,0.8563632731275689,3.425799844024961,-107.76753964884462,-2.5557115,-4.2791085,7.0900164,24.776976,-18.197441,54.919876,38.634857,-24.108345,34.31623,17.268578,-9.648183,1.7436401,1.7985694,-21.486258,-14.594638,8.318365,32.584503,-21.264868,-12.818936,1.7060777,8.194803,12.896936,17.08024,-12.050633,0.0,-23.873682,-20.27849,-0.67906356,5.0561776,-3.1901069,0.0
94,-11.959819793701172,3.426731824874878,104.91478729248047,1.4052141447293105,2.96417686435668,-108.64677415808123,-2.2656124,-5.097497,7.759134,25.44924,-18.614534,56.552254,36.854115,-19.666971,34.90214,15.487559,-10.750157,2.2463894,-0.08377314,-21.596918,-14.119099,11.077323,29.529383,-21.552599,-14.001367,3.1523657,7.736389,13.698625,16.229652,-12.2758045,0.0,-24.037977,-21.081701,-0.12366284,5.1831446,-1.7291248,0.0
95,-12.587411880493164,3.584106922149658,104.70331573486328,2.0106465885115368,2.578585370702485,-109.19674703529242,-1.9782479,-5.962211,8.406054,25.945461,-19.148212,57.94143,35.33403,-15.169013,35.059334,12.8610525,-11.776665,2.8753128,-1.6233466,-21.73746,-13.65428,14.095518,26.300917,-21.583427,-14.983056,4.4401,7.23727,14.213502,15.180564,-12.022408,0.0,-23.855515,-22.024723,-0.17747381,5.1819386,-0.035303365,0.0
96,-13.271249771118164,3.742950439453125,104.58916473388672,2.4916479819011492,2.363373787509611,-109.24749195660951,-1.7426013,-6.603437,8.915116,26.06468,-19.673904,59.074207,34.081352,-10.6511965,34.517036,9.7049675,-12.506986,3.6818163,-2.8042333,-21.916876,-13.251058,17.444963,23.205627,-21.388891,-15.2267685,5.1952257,7.0331264,14.236951,14.348982,-11.457065,0.0,-23.440422,-22.874348,-0.81800777,5.106168,1.489242,0.0
97,-14.026327133178711,3.881659746170044,104.5694580078125,2.8099914372876755,2.4125757461608957,-108.68421406547807,-1.5977391,-6.97595,9.175682,25.623465,-20.04646,60.236843,32.95709,-5.7327266,33.021694,6.137289,-12.982313,4.791289,-3.8667145,-22.178272,-13.031922,21.632168,20.001354,-20.84594,-14.692322,5.1637816,7.246664,13.632199,13.979314,-10.690481,0.0,-22.876772,-23.595776,-2.2414877,5.0159016,2.7445934,0.0
98,-14.838844299316406,4.01495361328125,104.6600570678711,3.049276814247037,2.61997385149414,-107.60136186054072,-1.5273923,-7.208985,9.296914,24.613695,-20.45248,61.06434,32.264587,-1.0139955,31.116762,1.3614589,-13.338002,6.2118516,-4.4471655,-22.516924,-12.970047,26.065903,16.611774,-20.116213,-13.778247,4.616029,7.7150006,12.541752,13.831433,-9.62601,0.0,-21.9549,-24.252895,-4.538773,4.796974,3.9760253,0.0
99,-15.706281661987305,4.165360927581787,104.82040405273438,3.235942333342689,2.8708307924730465,-106.21245756505871,-1.4525342,-7.3293176,9.394267,23.357937,-20.697264,61.7578,31.669645,3.6778603,28.475729,-3.8243985,-13.641005,7.814627,-4.648414,-22.930569,-12.7145405,30.49903,13.339795,-19.25157,-12.512874,3.6161866,8.370353,11.134725,14.0957365,-8.36147,0.0,-20.86086,-24.783344,-6.9681144,4.7020826,5.090187,0.0
100,-16.61614227294922,4.351923942565918,105.0439453125,3.3809929565360486,3.0523553797034473,-104.73019623648263,-1.2797558,-7.344542,9.584822,22.14833,-20.742174,61.821747,31.414934,7.040037,25.50226,-9.541942,-14.034625,10.25365,-4.4880843,-23.285746,-12.083473,34.586384,10.437809,-18.312979,-10.787393,2.3376667,9.124453,9.620159,14.744441,-6.883552,0.0,-19.58559,-25.14017,-8.927431,4.6532145,6.1589217,0.0
101,-17.559232711791992,4.565297603607178,105.29308319091797,3.465858833875361,3.1350689592062198,-103.13465012756186,-1.0219157,-7.2329183,9.900661,20.3005,-20.571793,61.317345,30.569979,11.698027,21.963959,-14.59793,-14.221352,11.753162,-3.034753,-23.85526,-10.809614,37.390152,8.718885,-16.918972,-8.570699,0.59984106,10.019496,7.914238,16.160133,-5.27449,0.0,-18.357733,-25.40058,-10.141785,5.0970783,6.974636,0.0
102,-18.551437377929688,4.816967487335205,105.54528045654297,3.4901075808555246,3.1791708190056354,-101.33740265523909,-0.7015783,-6.985001,10.280751,18.422697,-20.245289,59.857754,30.164898,15.0719385,18.49268,-20.403173,-14.674959,14.37195,-0.87639153,-24.416313,-9.473665,39.743057,7.338878,-15.181894,-5.686522,-1.7015445,11.0399685,5.889404,18.333075,-3.5668771,0.0,-19.632643,-25.949183,-9.293947,9.832374,5.5967383,0.0
103,-19.5946044921875,5.080598831176758,105.77400970458984,3.4928235254818087,3.196912454824073,-99.44013393681126,-0.31793866,-6.6666265,10.717928,16.399511,-19.854855,57.46804,29.956785,17.843658,15.208624,-25.855127,-15.269611,17.114162,1.8752763,-25.03584,-7.813453,41.497276,6.1994567,-13.44996,-2.6795402,-4.37589,12.05048,3.635593,20.888039,-1.7924682,0.0,-20.214977,-26.285944,-8.531037,13.639458,4.6499066,0.0
104,-20.68865394592285,5.354039192199707,105.97672271728516,3.5109930165488006,3.2050984476516953,-97.54943692051117,0.14227743,-6.336171,11.198982,14.32859,-19.465912,54.264217,29.770586,19.969767,12.23329,-30.164787,-15.926538,19.580856,5.0913897,-25.667725,-5.679461,42.533195,5.0937796,-12.128998,0.0038093685,-7.1882954,12.933824,1.2819601,23.390722,0.051076286,0.0,-20.471619,-26.415243,-7.672709,16.874224,3.9379222,0.0
105,-21.81346321105957,5.630402088165283,106.15223693847656,3.539579409754038,3.1976565825403687,-95.65894020762227,0.7124845,-5.9552546,11.733115,12.177567,-19.023678,50.285587,29.538555,21.568058,9.398659,-33.258152,-16.495777,21.746586,8.718952,-26.338514,-2.8963323,43.01684,3.9961462,-11.410665,2.391245,-10.241294,13.626701,-1.5630366,26.013998,2.18024,0.0,-20.589632,-26.278807,-6.239844,19.841648,3.4235992,0.0
106,-22.97601890563965,5.897163391113281,106.2861557006836,3.563248891062788,3.174119616059354,-93.72494221609017,1.3739086,-5.5022244,12.314172,9.908702,-18.532951,45.558178,29.28991,22.775679,6.701555,-35.473434,-16.995213,23.773537,12.7167635,-27.121914,0.38138548,43.097496,2.9479854,-11.073758,4.6916595,-13.516774,14.127791,-4.775335,28.743551,4.599224,0.0,-20.51704,-25.898468,-4.364078,22.56769,3.0493617,0.0
107,-24.171642303466797,6.158285617828369,106.35852813720703,3.6016235525867564,3.1542573397254987,-91.79744240644125,2.0638444,-5.0644097,12.910362,7.6119366,-18.110964,40.232704,29.046345,23.529385,4.427026,-36.79058,-17.464697,25.540262,16.963985,-28.008617,3.8513587,42.63201,1.8617201,-10.927386,6.752613,-16.670736,14.545167,-7.5012918,31.013954,6.918008,0.0,-20.185684,-25.416937,-2.8297758,24.854572,2.6094778,0.0
108,-25.393739700317383,6.407138824462891,106.34801483154297,3.6712093724960853,3.155282109751683,-89.92652271841793,2.7229917,-4.733055,13.494339,5.38054,-17.847971,34.540714,28.81393,23.75903,2.7417758,-37.213425,-17.917152,26.92404,21.298096,-28.952589,7.2526956,41.52277,0.64533436,-10.789131,8.439481,-19.427357,15.090738,-8.97035,32.332546,8.717803,0.0,-19.600334,-25.032183,-2.4028516,26.588448,1.8551271,0.0
109,-26.66089630126953,6.646081924438477,106.25322723388672,3.7636748271786176,3.1818863862143427,-88.11513658172998,3.3818092,-4.524309,14.055096,3.184452,-17.698286,28.640707,28.505901,23.458797,1.4289054,-36.674763,-18.258282,27.78082,25.631643,-29.928505,10.880874,39.790092,-0.8456637,-10.741454,9.648472,-21.801668,15.999963,-8.831684,32.686817,9.846778,0.0,-18.75199,-24.836329,-3.5768697,27.75505,0.7645412,0.0
110,-27.947837829589844,6.844514846801758,106.06678771972656,3.8731713036188427,3.2185634329003823,-86.34246722985677,4.0587764,-4.3940496,14.611425,0.9953584,-17.599,22.586838,28.084642,22.795164,0.29328644,-35.317738,-18.460072,28.222197,29.922125,-30.985466,14.841436,37.62947,-2.5799623,-10.8425045,10.469324,-23.904984,17.159159,-7.567723,32.32594,10.481145,0.0,-17.735308,-24.749311,-5.7256002,28.552336,-0.59472185,0.0
111,-29.237409591674805,7.016995429992676,105.7933578491211,4.021264886961967,3.2508471962288294,-84.62182013351541,4.679877,-4.3483896,15.184328,-1.0883985,-17.611248,16.480894,27.621923,21.90913,-0.52698016,-33.46532,-18.633347,28.514145,34.075462,-32.11419,18.615927,35.205765,-4.339732,-10.883495,11.101215,-25.597984,18.27079,-5.643125,31.151932,10.709519,0.0,-16.707682,-24.697584,-7.9420085,29.160088,-2.3111706,0.0
112,-30.503677368164062,7.174330234527588,105.4681396484375,4.227975666023085,3.266323324954743,-82.96393443802067,5.1709604,-4.395567,15.794805,-2.967302,-17.803345,10.4694395,27.189545,20.910156,-0.94619095,-31.43431,-18.878082,28.93142,37.98072,-33.239822,21.696526,32.701557,-5.8549395,-10.676086,11.7767515,-26.742247,19.053383,-3.4926133,29.0317,10.709676,0.0,-15.819795,-24.620539,-9.4407215,29.731314,-4.483468,0.0
113,-31.75590705871582,7.321249008178711,105.10171508789062,4.520431766957866,3.244612541844391,-81.34120241625936,5.5068045,-4.5780296,16.462574,-4.6163206,-18.204731,4.672126,26.77146,19.742958,-1.0914526,-29.149542,-19.191408,29.530127,41.55843,-34.220795,24.148523,30.098423,-7.0082035,-10.170156,12.531037,-27.06245,19.47808,-0.7374192,25.456593,10.4790535,0.0,-14.991075,-24.51277,-10.131901,30.12698,-7.123913,0.0
114,-32.97917175292969,7.450406074523926,104.67160034179688,4.882344910785072,3.1929841904704026,-79.75895888206128,5.7344255,-4.887365,17.176569,-6.082787,-18.75939,-0.84414226,26.316725,18.423645,-1.1442156,-26.586767,-19.507757,30.218641,44.785088,-34.983826,26.319403,27.435114,-7.9505525,-9.484814,13.266105,-26.422081,19.613213,2.9464574,20.19915,10.196654,0.0,-14.19058,-24.424658,-10.549561,30.337194,-9.907544,0.0
115,-34.16450500488281,7.584301948547363,104.15011596679688,5.262878407715244,3.14416323597434,-78.27748669571875,5.886773,-5.2518234,17.911312,-7.3731437,-19.422783,-6.063548,25.841536,17.096914,-1.0755426,-24.081375,-19.815287,31.05268,47.65706,-35.521786,28.114779,24.926538,-8.752845,-8.694178,14.030579,-24.774286,19.340656,7.0311418,13.226073,10.519093,0.0,-13.642895,-24.389631,-10.901255,30.71147,-12.526283,0.0
116,-35.30543899536133,7.709708213806152,103.54044342041016,5.601229522183449,3.126073191202177,-76.96272640318819,6.0025735,-5.5868764,18.649261,-8.496453,-20.155203,-10.966237,25.3738,15.895688,-0.85384786,-21.958126,-20.112156,32.06403,50.193756,-35.84997,29.400383,22.740452,-9.456251,-7.870051,14.877242,-22.415274,18.629402,10.719712,5.036974,11.841954,0.0,-13.614868,-24.41735,-11.231074,31.69363,-14.909336,0.0
117,-36.407012939453125,7.840680122375488,102.81636810302734,5.891259133259096,3.151612419733458,-75.76327567011054,6.0710382,-5.8832164,19.379965,-9.476,-20.951199,-13.6016,24.887571,15.057442,-2.3312595,-20.564173,-20.43471,33.659416,51.507378,-35.72246,30.623268,21.62427,-9.675847,-7.0014915,15.9443035,-24.724684,18.405756,10.814713,4.593322,9.715129,0.0,-14.148467,-24.497248,-11.529629,33.44316,-17.281788,0.0
118,-37.46664047241211,7.9842047691345215,101.99604034423828,6.130223167376713,3.1669835264963613,-74.69996659478943,6.117996,-6.145042,20.157036,-10.248458,-21.785414,-16.088612,24.37773,14.108051,-3.6486335,-19.338371,-20.658144,35.4688,52.674522,-35.29605,31.297886,20.504131,-9.683591,-6.01677,17.11141,-27.346481,18.211853,10.090861,4.6591396,7.488948,0.0,-15.109401,-24.590645,-11.644757,35.816597,-19.746254,0.0
119,-38.495094299316406,8.177530288696289,101.28186798095703,6.372384114564449,3.2237527629209537,-73.84295021160317,6.1254916,-6.4396996,20.937359,-10.825449,-22.67765,-18.60885,23.884462,13.172774,-4.4740763,-18.303143,-20.916452,37.33888,53.76087,-34.688858,31.546635,19.362186,-9.736851,-5.0183597,18.168522,-29.74622,18.067503,8.92914,4.686223,5.56344,0.0,-16.321861,-24.657688,-11.58633,38.21103,-21.865093,0.0
120,-39.4847297668457,8.43305778503418,100.6602554321289,6.597350973048526,3.31103429676527,-73.31368132046894,6.1220827,-6.75691,21.738802,-11.157732,-23.619074,-21.105198,23.438206,12.451034,-4.8608804,-17.498096,-21.185219,39.205574,54.712505,-34.111187,31.595583,18.33765,-9.926139,-4.214882,18.908041,-31.67692,18.120932,7.5116997,4.727676,4.029756,0.0,-17.86594,-24.676283,-11.141249,40.604958,-23.535044,0.0
121,-40.39726638793945,8.72510814666748,100.13497161865234,6.780109839455988,3.462761609708416,-73.20325874471862,6.130534,-7.0748677,22.572054,-11.212029,-24.96021,-22.990574,23.048107,12.0823345,-5.3544307,-17.042109,-21.575453,41.15894,55.322342,-33.746326,31.588076,17.521757,-10.005679,-3.6434157,19.277704,-33.24904,18.404812,5.4213805,4.8732433,2.8568337,0.0,-20.039618,-24.619978,-10.076282,43.251858,-24.785837,0.0
122,-41.257083892822266,9.04352855682373,99.68863677978516,6.932912514981396,3.664985847646529,-73.42925770118131,6.1346726,-7.399215,23.439735,-10.96136,-24.999998,-25.257439,22.649078,11.845556,-5.107741,-16.75919,-21.969498,43.017197,55.902782,-33.418346,31.29989,16.683937,-10.08726,-3.207544,19.324856,-34.528324,18.758095,2.6749313,5.042788,2.005678,0.0,-22.748873,-24.478485,-8.5258045,46.18238,-25.76473,0.0
123,-42.08434295654297,9.364940643310547,99.2757568359375,7.06175543292202,3.9675036640743544,-73.83271821675618,6.0522413,-7.7545652,24.0,-10.5859995,-24.999998,-27.244804,22.313795,11.7345915,-4.568581,-16.684538,-22.31295,44.87547,56.28879,-33.199272,30.916504,15.985135,-10.078963,-2.8893838,19.203514,-35.469513,19.111166,0.02815286,5.1513586,1.5574658,0.0,-25.343792,-24.189186,-6.953978,48.65886,-26.434864,0.0
124,-42.90991973876953,9.703130722045898,98.91649627685547,7.166034504433254,4.380707179227848,-74.27730671703037,5.8277736,-8.152906,24.0,-10.127592,-24.999998,-28.909533,22.013033,11.655065,-3.7046082,-16.735418,-22.593649,46.70106,56.525986,-33.022015,30.520317,15.482909,-10.096481,-2.6426768,18.989565,-36.078316,19.463453,-1.778207,5.3628936,1.4442393,0.0,-27.831963,-23.732756,-5.4551525,50.738796,-26.982782,0.0
125,-43.71462631225586,10.073809623718262,98.64173889160156,7.2757164612579,4.734803728276765,-74.71752889515766,5.446325,-8.6298065,24.0,-9.565731,-24.999998,-30.712831,21.730648,11.519823,-1.9360934,-16.689365,-22.792843,48.517117,56.68208,-32.834915,29.941423,15.02709,-10.376322,-2.5162816,18.670073,-35.86854,19.882568,-2.5819423,5.3557835,1.9024391,0.0,-29.866743,-23.195086,-4.187959,52.27575,-27.414837,0.0
126,-44.475318908691406,10.432453155517578,98.45391082763672,7.353862435867557,5.045423673706375,-75.2671445656854,4.972512,-9.141624,24.0,-8.901389,-24.999998,-32.66415,21.473963,11.411662,0.39197007,-16.699924,-22.940037,50.331917,56.71529,-32.660885,29.212328,14.648861,-10.768306,-2.5072527,18.190311,-35.088345,20.470264,-2.8012724,5.425425,2.7301123,0.0,-31.547832,-22.543238,-3.0473242,53.354694,-27.669634,0.0
127,-45.18256378173828,10.770011901855469,98.35236358642578,7.36853980114668,5.353075363704081,-75.91261151084812,4.424296,-9.609684,24.0,-8.176347,-24.999998,-34.428734,21.251244,11.365051,3.0814779,-17.067446,-23.007473,51.76395,56.59489,-32.466324,28.30044,14.290233,-11.196114,-2.5301774,17.61819,-33.811764,21.181623,-2.2973554,5.424291,3.791072,0.0,-32.954388,-21.762348,-2.0438695,54.05517,-27.743134,0.0
128,-45.84664535522461,11.075246810913086,98.33854675292969,7.257323285683095,5.690770709261589,-76.66580775262847,3.8446445,-9.927694,24.0,-7.477574,-24.999998,-35.991566,21.024652,11.3296585,6.0833936,-18.003428,-22.953169,52.462513,56.322834,-32.152348,27.136358,13.914244,-11.639161,-2.501771,17.030912,-32.232433,21.97692,-0.95848155,5.4356136,4.84647,0.0,-34.13883,-20.787361,-1.1987396,54.445942,-27.633718,0.0
129,-46.458309173583984,11.374590873718262,98.42028045654297,6.982468858582332,6.054085414930228,-77.55643340762938,3.2715461,-10.045964,24.0,-6.8519764,-24.999998,-37.249393,20.79877,11.35514,9.346284,-19.54182,-22.678984,52.46247,55.93589,-31.666903,25.612608,13.5478525,-12.153953,-2.3716779,16.431019,-30.292894,22.883156,1.6973697,5.506062,5.8340874,0.0,-35.088486,-19.580769,-0.51920414,54.49858,-27.301191,0.0
130,-46.99603271484375,11.686125755310059,98.47724151611328,6.546411514698395,6.387658117525463,-78.61533493130685,2.7205048,-9.993484,24.0,-6.3705635,-24.999998,-39.442112,20.584614,11.519041,14.268489,-21.360022,-22.254602,51.43219,54.889362,-30.619009,23.914307,13.971203,-12.979688,-2.2912667,15.8434105,-31.474415,24.136065,3.200844,11.341432,3.9550204,0.0,-35.92356,-18.177895,0.14024171,54.503757,-26.917168,0.0
131,-47.44237518310547,12.004039764404297,98.41045379638672,5.991083677552677,6.668969701288606,-79.83510110846109,2.1694965,-9.827583,24.0,-5.8835387,-24.999998,-40.965103,20.384272,11.569972,18.857628,-23.615755,-21.655863,49.91961,53.700672,-29.712038,22.162779,14.332889,-13.575275,-2.20257,15.160792,-35.23251,25.843014,2.9764056,21.738976,-0.19545001,0.0,-36.802357,-16.65269,0.90798736,54.76039,-26.64631,0.0
132,-47.84586715698242,12.308670043945312,98.280517578125,5.379562816281485,6.935807849589727,-81.13793897166033,1.5344963,-9.61926,24.0,-5.3501906,-24.999998,-41.937428,20.202951,11.385361,23.088675,-26.376457,-20.976383,47.73048,52.39103,-28.87221,20.385715,14.566317,-13.983001,-2.1775815,14.455429,-37.55437,27.541656,2.773719,30.08869,-3.2557817,0.0,-37.684223,-15.063076,1.7042228,55.126205,-26.432518,0.0
133,-48.17299270629883,12.596196174621582,98.11145782470703,4.7229132353988605,7.206436144336906,-82.55601919537848,0.801669,-9.399547,24.0,-4.7357607,-24.999998,-42.464935,20.048384,11.097757,27.14219,-29.891836,-20.172392,44.83923,50.955414,-28.092014,18.482494,14.676348,-14.281893,-2.2055802,13.752709,-39.295036,29.130373,1.9107662,37.79757,-5.867165,0.0,-38.561584,-13.407946,2.5588598,55.508713,-26.219122,0.0
134,-48.41075134277344,12.859763145446777,97.91615295410156,3.994452286913279,7.47215384397121,-84.08901347057026,-0.009701127,-9.13211,24.0,-4.0662446,-24.999998,-42.620663,19.926102,10.725206,31.13572,-33.971764,-19.049583,41.373554,49.391567,-27.348936,16.407824,14.739587,-14.503665,-2.265735,13.031955,-40.67846,30.624573,0.6222537,45.31481,-8.277966,0.0,-39.381737,-11.667614,3.4253836,55.849503,-25.97631,0.0
135,-48.57550048828125,13.10593318939209,97.7039794921875,3.1935462548504865,7.716662693406502,-85.63264545754625,-0.91039425,-8.780823,24.0,-3.3926902,-24.999998,-42.40806,19.832846,9.952296,34.822002,-38.037323,-17.463053,37.45007,47.70692,-26.65325,14.362651,14.736178,-14.493942,-2.3880162,12.227811,-41.6453,31.822987,-0.9170463,52.428925,-10.45724,0.0,-40.10249,-9.896612,4.185257,56.14877,-25.710823,0.0
136,-48.67152404785156,13.331720352172852,97.48616027832031,2.325695969856744,7.927086543347967,-87.08276233728674,-1.910463,-8.312766,24.0,-2.7704568,-24.999998,-41.760517,19.769936,8.420442,37.867233,-41.554672,-15.366773,33.183514,45.91768,-26.016096,12.537253,14.625564,-14.10087,-2.6040118,11.274372,-42.08235,32.55262,-2.4272053,58.904552,-12.359739,0.0,-40.690807,-8.163076,4.735706,56.406082,-25.434973,0.0
137,-48.717247009277344,13.54237174987793,97.25198364257812,1.3965613643220918,8.085774521113198,-88.42457722887666,-3.02912,-7.71711,24.0,-2.2965565,-24.211313,-40.637016,19.745907,6.310293,40.516556,-44.532917,-12.541573,27.99041,44.0309,-25.43543,10.880377,14.3835,-13.372513,-3.0032384,10.11006,-41.958946,32.650158,-3.9788363,64.868835,-14.023,0.0,-41.15852,-6.486216,5.060206,56.653698,-25.154722,0.0
138,-48.739112854003906,13.732108116149902,97.01408386230469,0.41181459596278536,8.207165752562439,-89.70751300383762,-4.2548137,-7.015028,24.0,-1.8970926,-23.302782,-39.023987,19.813873,3.618851,42.71462,-47.043606,-9.099802,22.258343,42.046177,-24.90586,9.28438,14.041572,-12.396361,-3.5469217,8.774055,-41.346287,32.17945,-5.535074,70.557816,-15.525906,0.0,-41.530735,-4.8307214,5.221378,56.863934,-24.85814,0.0
139,-48.74425506591797,13.87801456451416,96.76580810546875,-0.6216293994170117,8.328306043670782,-90.92597330570828,-5.551247,-6.226681,24.0,-1.5056238,-22.387878,-36.86535,19.970236,0.0037479678,43.75439,-48.648247,-5.7392087,17.14335,39.97661,-24.428255,7.858718,13.612767,-11.075159,-4.0845113,7.356642,-40.279484,31.372932,-6.641937,75.85929,-16.866327,0.0,-41.84143,-3.184896,5.2610526,57.030216,-24.575588,0.0
140,-48.730079650878906,13.985350608825684,96.52304077148438,-1.7021628115576748,8.486429954154696,-92.07615987335151,-6.8811917,-5.362145,24.0,-1.05972,-21.525534,-34.08458,20.267736,-4.986588,42.910995,-49.19523,-3.36631,13.715825,37.847263,-23.999563,6.7186465,13.085467,-9.294364,-4.473599,5.950018,-38.85126,30.500868,-6.9316964,80.65313,-18.041714,0.0,-42.112415,-1.536588,5.2132187,57.108055,-24.306286,0.0
141,-48.68795394897461,14.042499542236328,96.27210998535156,-2.851414891264772,8.684971105360448,-93.11394383130651,-8.287564,-4.3890996,24.0,-0.5400501,-20.72514,-30.630316,20.819979,-11.821665,40.241558,-48.313915,-2.440127,12.039211,35.68256,-23.615318,5.9061494,12.366505,-6.870895,-4.690787,4.5085006,-37.094925,29.598286,-6.384389,84.95221,-19.036694,0.0,-42.326035,0.10295924,5.028962,57.100124,-24.084171,0.0
142,-48.633731842041016,14.061591148376465,95.99774169921875,-4.057582586250756,8.908423991832178,-94.05993362266243,-9.779172,-3.31177,24.0,0.028426895,-19.948498,-26.815458,21.69881,-19.524878,36.82939,-45.57995,-2.5599945,11.104031,33.496365,-23.273903,5.340861,11.434111,-3.940277,-4.8480954,2.9977634,-35.026157,28.535799,-5.193187,88.83448,-19.879059,0.0,-42.505077,1.73034,4.7254944,57.046974,-23.906914,0.0
143,-48.55318832397461,14.054266929626465,95.70832824707031,-5.281687104206924,9.164234417578868,-95.00822110264423,-11.265053,-2.1884167,24.0,0.64304703,-19.185776,-23.238434,22.87423,-26.77418,33.43547,-41.35265,-3.2047815,10.415358,31.29888,-22.97324,4.9630747,10.369382,-0.84451056,-4.9944215,1.5286064,-32.748276,27.349924,-3.3832881,92.25706,-20.61084,0.0,-42.71279,3.3590777,4.4325547,56.96235,-23.730154,0.0
144,-48.46714401245117,14.036766052246094,95.39411926269531,-6.484467963814683,9.457081006820987,-96.0513192230464,-12.64858,-1.0783968,24.0,1.295267,-18.434338,-20.385609,24.286173,-32.93133,30.233738,-36.764008,-3.9062724,9.744526,29.095577,-22.706224,4.7165604,9.261092,2.0946574,-5.151438,0.21405411,-30.36372,26.067104,-0.9923653,95.167564,-21.26414,0.0,-43.023212,5.0164537,4.268521,56.89723,-23.526653,0.0
145,-48.387367248535156,13.977499008178711,95.07321166992188,-7.690417171354076,9.799798261056193,-97.22990870000245,-13.938134,0.01244857,24.0,2.0284934,-17.701982,-18.336386,25.82242,-38.296383,26.876072,-31.832762,-4.747087,9.223507,26.87604,-22.464617,4.660646,8.055598,4.9526286,-5.28704,-0.8957621,-27.868704,24.724342,2.077618,97.54808,-21.837952,0.0,-43.418705,6.7521796,4.2519774,56.817097,-23.284359,0.0
146,-48.28481674194336,13.921469688415527,94.7379150390625,-8.917208145146091,10.183183378269888,-98.49319451414128,-15.164696,1.1142735,24.0,2.833286,-16.986332,-16.960644,27.504684,-43.61805,23.2248,-26.672012,-5.778695,8.934589,24.637497,-22.243317,4.802865,6.710153,7.86545,-5.40474,-1.8733659,-25.29774,23.2468,5.7247725,99.42052,-22.299505,0.0,-43.8883,8.539508,4.3182154,56.714184,-22.999245,0.0
147,-48.20197677612305,13.861218452453613,94.39866638183594,-10.118196888384663,10.57735412204184,-99.79279680761351,-16.259644,2.2195973,24.0,3.6137192,-16.280481,-16.065094,29.21726,-48.70673,19.431393,-22.281338,-6.6633625,8.516208,22.403942,-22.036657,5.0158896,5.3282576,10.62037,-5.548571,-2.7885258,-22.818708,21.511944,9.599589,100.804146,-22.641373,0.0,-44.40006,10.311799,4.425384,56.610874,-22.694992,0.0
148,-48.111534118652344,13.804814338684082,94.06039428710938,-11.245983212960247,10.955838053739821,-101.0777072756296,-17.15661,3.3201969,24.0,4.2699313,-15.579316,-15.43465,30.76861,-53.18266,15.736224,-19.467308,-7.1200066,7.5775704,20.217854,-21.841293,5.174082,4.0032077,12.998543,-5.7538342,-3.7101192,-20.60442,19.431606,13.356205,101.721596,-22.855057,0.0,-44.94305,11.978684,4.5492816,56.5364,-22.386744,0.0
149,-48.01447677612305,13.753746032714844,93.71253204345703,-12.307705587936978,11.335643927566375,-102.36862925350705,-17.830788,4.4351954,24.0,4.7825003,-14.863596,-14.899897,31.975365,-56.798607,11.983654,-18.673254,-7.070522,5.9058084,18.106026,-21.650648,5.2672048,2.665756,14.899497,-5.9980025,-4.663971,-18.728252,16.970388,16.981653,102.12717,-22.951376,0.0,-45.551075,13.555749,4.689846,56.50969,-22.072392,0.0
150,-47.91630935668945,13.71153736114502,93.36210632324219,-13.32776873675566,11.723214595601911,-103.67974128993212,-18.322235,5.568202,24.0,5.1994047,-14.14315,-14.3766985,32.856953,-59.755917,7.9750686,-19.197292,-6.6998835,3.8424602,16.076479,-21.467096,5.3549237,1.25624,16.45106,-6.253883,-5.6265287,-17.149357,14.2009,20.563776,102.008804,-22.903046,0.0,-46.213177,15.080572,4.8500104,56.501114,-21.738861,0.0
151,-47.80230712890625,13.659806251525879,93.01734161376953,-14.281109829168217,12.08150368001413,-104.94606036489921,-18.663988,6.686515,24.0,5.518806,-13.452935,-13.834921,33.49378,-62.26178,3.9737647,-20.076675,-6.1413593,1.8040087,14.151631,-21.297586,5.437946,-0.13389611,17.785774,-6.539501,-6.5948386,-15.845005,11.242417,23.92963,101.45289,-22.644516,0.0,-46.86677,16.497522,5.014623,56.516994,-21.423124,0.0
152,-47.696434020996094,13.623079299926758,92.68245697021484,-15.138762484685175,12.377010903532982,-106.10031605362155,-18.88865,7.75609,24.0,5.7374787,-12.830088,-13.270268,33.998486,-64.523575,0.2408776,-20.420895,-5.592308,0.17146896,12.364171,-21.148207,5.527166,-1.430492,19.03962,-6.8766985,-7.5618634,-14.765755,8.222901,26.936428,100.561455,-22.11894,0.0,-47.466522,17.769117,5.1615305,56.56615,-21.146296,0.0
153,-47.626651763916016,13.593085289001465,92.36714935302734,-15.87956449156109,12.611416700350462,-107.16646270918409,-18.959017,8.77755,24.0,5.8346076,-12.263909,-12.693919,34.37366,-66.51758,-3.2958734,-20.039198,-5.099552,-0.88714516,10.744186,-21.015713,5.654037,-2.7039125,20.251883,-7.2951255,-8.619571,-13.906196,5.0477214,29.639091,99.22369,-21.222538,0.0,-48.014282,18.90238,5.3219366,56.665943,-20.917553,0.0
154,-47.550437927246094,13.567747116088867,92.08091735839844,-16.52047735029887,12.804187477655445,-108.16316827402915,-18.874014,9.763801,24.0,5.816892,-11.742976,-12.112753,34.564754,-68.14355,-6.7746387,-19.405325,-4.5980515,-1.5874611,9.3038435,-20.894093,5.8312306,-4.02143,21.353403,-7.772572,-9.755604,-13.266723,1.7269908,32.102066,97.43779,-20.020882,0.0,-48.521275,19.90534,5.5034127,56.788486,-20.713572,0.0
155,-47.48134994506836,13.536641120910645,91.83396911621094,-17.08291948379626,12.951433979928428,-109.01330837783976,-18.719254,10.696721,24.0,5.7202992,-11.299876,-11.51306,34.598385,-69.4876,-10.0141535,-18.659363,-4.151519,-2.1494398,8.046501,-20.784147,6.047888,-5.301085,22.327606,-8.250935,-10.798433,-12.760042,-1.4603987,34.242214,95.50028,-18.726831,0.0,-48.936306,20.770094,5.638651,56.893864,-20.543684,0.0
156,-47.43523025512695,13.492403984069824,91.62930297851562,-17.585336178931936,13.050838169518052,-109.64002388473631,-18.58067,11.557517,24.0,5.579323,-10.964042,-10.857944,34.54069,-70.61966,-12.869411,-17.941153,-3.8156927,-2.7921104,6.9697647,-20.68569,6.293312,-6.4512997,23.174013,-8.665917,-11.573859,-12.273041,-4.2346187,35.986897,93.730675,-17.55311,0.0,-49.217205,21.486614,5.6635804,56.95221,-20.419506,0.0
157,-47.427616119384766,13.458230972290039,91.4749526977539,-18.023937222393695,13.087095720673503,-110.06464669357109,-18.453514,12.341689,24.0,5.391882,-10.729307,-10.11433,34.40762,-71.483025,-15.417123,-17.196407,-3.6165547,-3.673494,6.0743556,-20.595165,6.6025777,-7.4928436,23.970894,-9.007342,-11.992871,-11.719895,-6.6060514,37.422806,92.09822,-16.474773,0.0,-49.35254,22.074934,5.6014996,56.962185,-20.327631,0.0
158,-47.48155212402344,13.425048828125,91.37843322753906,-18.38708729883104,13.071006273282071,-110.31264770563666,-18.302353,13.057659,24.0,5.141756,-10.583769,-9.277096,34.19796,-72.0214,-17.772053,-16.371511,-3.527973,-4.647265,5.3639746,-20.510712,6.986065,-8.470804,24.714643,-9.296731,-12.166084,-11.117655,-8.695728,38.598022,90.50637,-15.421677,0.0,-49.352455,22.543573,5.4754868,56.92942,-20.26872,0.0
159,-47.62102508544922,13.404330253601074,91.33922576904297,-18.680700811474555,13.040641548040403,-110.31462244817735,-18.166292,13.705228,24.0,4.842714,-10.54492,-8.336943,33.947865,-72.315475,-19.825363,-15.599857,-3.518362,-5.468302,4.836346,-20.434757,7.3949685,-9.320448,25.291561,-9.512836,-12.216419,-10.499571,-10.39196,39.40634,89.196976,-14.54567,0.0,-49.23562,22.869598,5.216457,56.825268,-20.239515,0.0
160,-47.82986831665039,13.391897201538086,91.36492156982422,-18.911020217699708,13.03416322931821,-110.00140635701347,-18.084589,14.284116,24.0,4.5098166,-10.633019,-7.281214,33.734318,-72.43338,-21.499634,-15.036394,-3.5354452,-5.904537,4.48466,-20.369549,7.7818184,-9.969676,25.588749,-9.633962,-12.266246,-9.902608,-11.572256,39.747017,88.42012,-14.008066,0.0,-49.01205,23.0131,4.7651606,56.60771,-20.234266,0.0
161,-48.0939826965332,13.36956787109375,91.4789810180664,-19.089100445113957,13.063385994528943,-109.33455440724335,-18.094622,14.7941885,24.0,4.105211,-10.843738,-6.0946174,33.636814,-72.34721,-22.840988,-14.865186,-3.543521,-5.9733076,4.3089247,-20.31136,8.183471,-10.398196,25.59272,-9.638008,-12.320566,-9.33612,-12.156323,39.532776,88.32906,-13.887782,0.0,-48.652897,22.961454,4.0907,56.23025,-20.25026,0.0
162,-48.39094161987305,13.377592086791992,91.65375518798828,-19.20663401368515,13.10926938053227,-108.35755706282391,-18.16593,15.235618,24.0,3.6368895,-11.1651535,-4.741947,33.5821,-72.049446,-23.863989,-14.918191,-3.5860877,-5.7591953,4.3091516,-20.259497,8.620298,-10.644536,25.3704,-9.537089,-12.323145,-8.766775,-12.213132,38.85773,88.77958,-14.107469,0.0,-48.186745,22.733822,3.2287352,55.73873,-20.278534,0.0
163,-48.70588302612305,13.403093338012695,91.893310546875,-19.241546645952887,13.161951662488676,-107.12446414820405,-18.238503,15.610157,24.0,3.18976,-11.605177,-3.2451699,33.59436,-71.503685,-24.631895,-14.99943,-3.6568813,-5.2296658,4.4748406,-20.219309,9.022219,-10.718984,24.92895,-9.361688,-12.30542,-8.169479,-11.833472,37.905666,89.57567,-14.564072,0.0,-47.613373,22.331673,2.2340982,55.139637,-20.310379,0.0
164,-49.05345153808594,13.438451766967773,92.18588256835938,-19.171547851771788,13.209082914913031,-105.68860719596952,-18.25241,15.917987,24.0,2.8479435,-12.176757,-1.642656,33.693436,-70.71058,-25.188044,-14.912213,-3.7621803,-4.319459,4.7867274,-20.196518,9.314613,-10.621011,24.27457,-9.141293,-12.293702,-7.5212116,-11.114973,36.857414,90.51414,-15.149205,0.0,-46.945324,21.76745,1.1523442,54.46551,-20.348454,0.0
165,-49.434505462646484,13.46578311920166,92.55400085449219,-18.997514324082836,13.2479108192146,-104.01459844455053,-18.211782,16.160664,24.0,2.5783215,-12.924876,0.06860678,33.871094,-69.70888,-25.419664,-14.749383,-3.946621,-2.8507385,5.2302127,-20.191616,9.454645,-10.322306,23.377012,-8.832389,-12.262042,-6.806256,-9.994204,35.667995,91.68713,-15.910677,0.0,-46.151196,21.030993,-0.04852056,53.68168,-20.393137,0.0
166,-49.81700897216797,13.495388984680176,92.98477172851562,-18.725783519082494,13.275939119175765,-102.0900308199016,-18.142591,16.33691,24.0,2.3567872,-13.831147,1.8949499,34.110172,-68.48797,-25.340204,-14.587151,-4.1925,-0.9014704,5.7987933,-20.201462,9.485712,-9.81071,22.245762,-8.439006,-12.193628,-6.052463,-8.446046,34.266468,93.128174,-16.866049,0.0,-45.236847,20.122082,-1.3877012,52.797123,-20.44534,0.0
167,-50.19221878051758,13.530877113342285,93.47166442871094,-18.34131778067557,13.277998100820287,-100.00127655661022,-18.017668,16.43978,24.0,2.2747316,-14.820375,3.7877874,34.408024,-66.99827,-25.166039,-14.209623,-4.4031854,1.2292389,6.483047,-20.22623,9.455979,-9.105499,20.946838,-8.062219,-12.130597,-5.292349,-6.6341486,32.796154,94.561966,-17.892586,0.0,-44.20785,19.068539,-2.7962434,51.821182,-20.48212,0.0
168,-50.55537796020508,13.550725936889648,94.0206069946289,-17.8305699512298,13.23817964508102,-97.83437657249979,-17.809202,16.461187,24.0,2.4166942,-15.813565,5.666424,34.76143,-65.22031,-25.103544,-13.428009,-4.4724503,3.261554,7.271078,-20.26682,9.408202,-8.222023,19.544535,-7.800774,-12.118897,-4.5506024,-4.7195864,31.413097,95.72996,-18.864597,0.0,-43.053093,17.895674,-4.202915,50.749104,-20.48497,0.0
169,-50.9490966796875,13.539485931396484,94.64273834228516,-17.17231628568504,13.13691609989816,-95.58110096610892,-17.496408,16.387075,24.0,2.7961,-16.830359,7.4672985,35.198555,-63.13344,-25.0963,-11.783644,-4.2891216,5.313746,8.150409,-20.326447,9.254989,-7.1093636,17.894678,-7.655721,-12.136747,-3.7798078,-2.65439,30.152542,96.6409,-19.77897,0.0,-41.742146,16.602612,-5.6157002,49.567955,-20.46719,0.0
170,-51.319271087646484,13.517555236816406,95.3304214477539,-16.380965239110434,12.970751364294651,-93.20887667865306,-17.097902,16.22139,24.0,3.3525145,-17.891813,9.185637,35.70332,-60.808693,-25.04835,-9.583442,-3.8787673,7.5056057,9.113073,-20.405842,8.978067,-5.753763,16.003609,-7.594494,-12.166022,-2.9859207,-0.3802248,28.947227,97.399185,-20.68223,0.0,-40.2856,15.171722,-7.0767426,48.276657,-20.418364,0.0
171,-51.666080474853516,13.460214614868164,96.06814575195312,-15.495482605271624,12.751028460164969,-90.76521902551485,-16.645975,15.98255,24.0,4.0583234,-18.919973,10.8283615,36.177433,-58.37022,-25.074516,-7.7727013,-3.4031446,9.557982,10.157949,-20.502344,8.724609,-4.2254086,14.160637,-7.6559124,-12.270963,-2.265706,1.9581174,27.795092,97.90823,-21.528566,0.0,-38.699863,13.657663,-8.588728,46.878235,-20.315989,0.0
172,-51.99386978149414,13.395148277282715,96.83956909179688,-14.52147958902434,12.638356489154454,-88.33452259732536,-16.086386,15.691575,23.528257,4.8311267,-19.690071,12.414402,36.452034,-56.021217,-25.157248,-7.299425,-3.1118314,11.19334,11.312773,-20.607471,8.621782,-2.4606695,12.696797,-7.8655524,-12.482848,-1.9273483,4.1706514,26.665195,98.11844,-22.268421,0.0,-37.21169,12.09808,-10.094631,45.378254,-20.076113,0.0
173,-52.27682113647461,13.315604209899902,97.65155792236328,-13.46149909406661,12.611564734166947,-85.92214359011614,-15.415598,15.347049,22.625828,5.7494245,-20.201523,13.932185,36.448505,-53.75621,-25.226416,-8.525556,-3.1201344,12.236723,12.606065,-20.730421,8.723068,-0.4383849,11.682251,-8.283931,-12.988818,-1.957149,6.284374,25.56628,98.03657,-22.937008,0.0,-35.782475,10.496519,-11.579894,43.739594,-19.691387,0.0
174,-52.536399841308594,13.232728958129883,98.4954833984375,-12.333565627111941,12.527220967856424,-83.46690037512192,-14.708373,14.9368515,21.724031,6.856596,-20.60415,15.334506,36.198387,-51.467487,-25.285055,-10.83385,-3.3383524,12.853105,14.029454,-20.881565,8.938548,1.7368252,10.891818,-8.874978,-13.754939,-2.1214805,8.388094,24.523283,97.6731,-23.552277,0.0,-34.24508,8.860999,-13.125008,41.976826,-19.208237,0.0
175,-52.760650634765625,13.151618957519531,99.39301300048828,-11.158918103608066,12.398445880035474,-80.94978913720665,-14.016569,14.469228,20.845507,8.025793,-20.883549,16.584278,35.693504,-49.216747,-25.40195,-13.677907,-3.7350025,13.270924,15.563762,-21.052816,9.192333,3.959378,10.225785,-9.5143,-14.464523,-2.4549606,10.379896,23.49299,96.989265,-24.031796,0.0,-32.74842,7.1551194,-14.7620735,40.319542,-18.676992,0.0
176,-52.96172332763672,13.039809226989746,100.33598327636719,-9.956829374882576,12.23862568265507,-78.35009644506873,-13.390496,13.9545,20.011215,9.133664,-21.039404,17.643578,34.924618,-47.062912,-25.631418,-16.50979,-4.2820373,13.719703,17.182356,-21.232327,9.428643,6.121182,9.606744,-10.075628,-14.794473,-2.979108,12.145796,22.434399,95.97042,-24.329813,0.0,-31.249691,5.410618,-16.548265,38.728428,-18.072527,0.0
177,-53.116024017333984,12.952751159667969,101.30252838134766,-8.719334932269824,12.043311437267024,-75.62789020072802,-12.856501,13.398719,19.234394,10.190322,-21.07576,18.474628,33.90518,-45.04771,-26.01479,-19.53223,-5.079194,14.1996,18.864643,-21.420967,9.615822,8.260516,9.072512,-10.538769,-14.551179,-3.7362738,13.67198,21.272205,94.610214,-24.433697,0.0,-29.72768,3.607071,-18.539963,37.194176,-17.368654,0.0
178,-53.24092102050781,12.846222877502441,102.28179931640625,-7.444580919524382,11.797181644183276,-72.80584748207569,-12.38402,12.799429,18.502037,11.255205,-20.992413,19.059969,32.702534,-43.148643,-26.539797,-22.948395,-6.1157756,14.596716,20.601795,-21.625591,9.789723,10.444367,8.652668,-10.962365,-13.943443,-4.684088,14.997828,20.040169,92.92227,-24.390985,0.0,-28.16069,1.7522551,-20.704796,35.692657,-16.546082,0.0
179,-53.32197570800781,12.723305702209473,103.26864624023438,-6.1572170417276615,11.501850013171259,-69.95505852522864,-11.936206,12.153554,17.795551,12.27849,-20.795898,19.411282,31.418076,-41.315247,-27.178114,-26.21836,-7.2194786,15.0065365,22.386257,-21.842361,10.005938,12.601029,8.262705,-11.335378,-13.240069,-5.713885,16.097134,18.866747,90.918465,-24.23482,0.0,-26.595263,-0.120515615,-22.944756,34.300697,-15.631835,0.0
180,-53.375728607177734,12.5766019821167,104.25076293945312,-4.880333718611861,11.16379591724529,-67.14538746504621,-11.476371,11.455688,17.097403,13.208854,-20.49811,19.564077,30.153334,-39.487797,-27.890541,-28.792433,-8.226634,15.562552,24.211796,-22.06632,10.322752,14.6621275,7.8181057,-11.654205,-12.704519,-6.711082,16.952465,17.892082,88.61007,-24.000246,0.0,-25.081366,-1.9884706,-25.151989,33.094585,-14.6547985,0.0
181,-53.393428802490234,12.427216529846191,105.21328735351562,-3.5841955730037354,10.772447729161764,-64.35798410402256,-11.012287,10.672206,16.41028,14.051283,-20.100264,19.55094,28.957607,-37.605335,-28.705433,-30.369781,-9.086124,16.36401,26.079262,-22.300447,10.781848,16.67373,7.2665586,-11.96511,-12.463755,-7.6589146,17.49903,17.088562,85.952866,-23.69505,0.0,-23.58319,-3.900545,-27.378286,32.049976,-13.56604,0.0
182,-53.372901916503906,12.289185523986816,106.14358520507812,-2.2716059463399656,10.32448014681677,-61.567591090772574,-10.558514,9.815963,15.743333,14.828458,-19.606651,19.391537,27.858212,-35.675915,-29.655308,-31.304893,-9.901174,17.380676,27.987495,-22.549784,11.345798,18.666449,6.6580915,-12.256115,-12.358817,-8.582254,17.776907,16.404877,82.95998,-23.315586,0.0,-22.074892,-5.8644333,-29.653465,31.142363,-12.3228035,0.0
183,-53.3245849609375,12.142192840576172,107.0342788696289,-1.008498803499283,9.847879203955532,-58.83156073002772,-10.08813,8.948006,15.088206,15.512192,-19.043621,19.106415,26.880558,-33.742344,-30.677353,-32.010593,-10.736725,18.551092,29.925114,-22.81023,11.958231,20.54499,6.0684915,-12.43385,-12.214092,-9.438899,17.928488,15.953938,79.7246,-22.873737,0.0,-20.629116,-7.805196,-31.806509,30.433891,-10.973113,0.0
184,-53.256900787353516,11.999887466430664,107.86969757080078,0.15207933147213756,9.378863804075785,-56.205422729574884,-9.572403,8.120763,14.434716,16.071787,-18.438559,18.715302,26.028582,-31.846838,-31.709711,-32.891865,-11.665464,19.784689,31.874449,-23.074991,12.56567,22.21529,5.5812464,-12.40056,-11.843647,-10.196455,18.081995,15.859514,76.336784,-22.378452,0.0,-19.343357,-9.665459,-33.622852,30.002995,-9.595368,0.0
185,-53.153343200683594,11.851851463317871,108.64827728271484,1.214626946306609,8.94181410087932,-53.71191081865174,-8.983987,7.3348927,13.767256,16.497763,-17.769768,18.23327,25.27119,-29.972446,-32.741188,-34.020184,-12.706705,21.050371,33.825687,-23.333778,13.175708,23.698406,5.36576,-12.110849,-11.2497835,-10.823519,18.274485,16.274185,72.756386,-21.823753,0.0,-18.26131,-11.469215,-35.042244,29.862928,-8.161007,0.0
186,-53.04514694213867,11.711870193481445,109.36395263671875,2.211911402636466,8.523569917124146,-51.31232547233117,-8.34403,6.5624943,13.096225,16.800797,-17.043352,17.65759,24.58652,-28.073727,-33.7692,-35.153595,-13.815354,22.384363,35.775696,-23.590645,13.818671,25.046137,5.3322053,-11.613937,-10.501619,-11.338894,18.429628,17.106829,68.94537,-21.205656,0.0,-17.335508,-13.24584,-36.097282,29.952854,-6.6374936,0.0
187,-52.91344451904297,11.571331024169922,110.0131607055664,3.113716191358298,8.111420251066939,-48.96837361599514,-7.695,5.8343887,12.450998,16.97852,-16.323936,16.97196,23.978453,-26.158249,-34.743237,-36.231922,-14.976974,23.772692,37.71574,-23.85813,14.479245,26.205526,5.181315,-10.952635,-9.505004,-11.803724,18.528967,18.108541,64.995056,-20.516813,0.0,-16.515099,-14.895931,-36.687992,30.176567,-5.1070313,0.0
188,-52.783180236816406,11.433425903320312,110.58432006835938,3.8858270813932956,7.694770475189473,-46.64333861488932,-7.0781474,5.184237,11.858704,17.030638,-15.6762905,16.15254,23.447773,-24.239939,-35.612648,-37.20341,-16.169859,25.201897,39.63286,-24.148514,15.146231,27.122988,4.617528,-10.176499,-8.156309,-12.2835865,18.56483,19.020582,60.993176,-19.744568,0.0,-15.75149,-16.303152,-36.70568,30.431278,-3.6761212,0.0
189,-52.65153503417969,11.299503326416016,111.07879638671875,4.522216655265354,7.296133618597689,-44.34378883757165,-6.476032,4.61829,11.307583,16.96432,-15.107405,15.179946,22.974451,-22.292034,-36.383556,-38.11687,-17.356869,26.606564,41.5186,-24.464535,15.812236,27.791508,3.4303174,-9.259704,-6.290398,-12.770737,18.541332,19.90367,56.898453,-18.837587,0.0,-15.110447,-17.457094,-35.950356,30.803093,-2.4591904,0.0
190,-52.511478424072266,11.165631294250488,111.48162078857422,5.044109807237697,6.925770011474683,-42.078687728919924,-5.873029,4.1209297,10.785859,16.773949,-14.588665,14.039381,22.547018,-20.29787,-37.03135,-38.979588,-18.537529,28.00117,43.367367,-24.799088,16.495153,28.243586,1.8068439,-8.217333,-3.9731162,-13.234445,18.46768,20.848455,52.660027,-17.80729,0.0,-14.619162,-18.368061,-34.422745,31.286987,-1.4438975,0.0
191,-52.3545036315918,11.033899307250977,111.79286193847656,5.452125070904004,6.555704029490405,-39.81589968415457,-5.312672,3.6968281,10.318382,16.444,-14.132445,12.714169,22.175407,-18.29585,-37.465916,-39.687145,-19.730934,29.492605,45.16784,-25.149532,17.220037,28.486042,0.059412077,-7.1541414,-1.4451358,-13.709808,18.352264,21.629793,48.353107,-16.732088,0.0,-14.168854,-18.960941,-32.34831,31.674042,-0.59008265,0.0
192,-52.20316696166992,10.912322998046875,112.01356506347656,5.743600334775117,6.157005818878522,-37.52403023028851,-4.8377995,3.3525805,9.93006,15.961212,-13.751198,11.190594,21.86688,-16.336573,-37.612854,-40.134586,-20.947042,31.193254,46.90717,-25.513752,18.0083,28.53516,-1.486742,-6.1437235,1.0415117,-14.220571,18.19762,22.027386,44.0395,-15.688476,0.0,-13.6284685,-19.184505,-30.003553,31.758162,0.13146311,0.0
193,-52.05837631225586,10.790546417236328,112.1521224975586,5.895773458821004,5.736241338136328,-35.169974410135076,-4.468924,3.1095066,9.624438,15.289832,-13.452997,9.453591,21.613504,-14.408223,-37.490818,-40.282494,-22.2054,33.156704,48.58091,-25.884007,18.905228,28.371199,-2.7515664,-5.1664433,3.5031006,-14.777204,17.992052,21.95918,39.65572,-14.655153,0.0,-13.00545,-18.952831,-27.143057,31.565018,0.6334179,0.0
194,-51.91264343261719,10.666651725769043,112.20824432373047,5.913902583874147,5.313516798250052,-32.77329418275726,-4.1780653,2.9628186,9.387502,14.450917,-13.23084,7.4981866,21.404852,-12.491123,-37.11595,-40.189106,-23.449902,35.31145,50.186512,-26.259136,19.894815,28.006687,-3.9045615,-4.189052,6.0595913,-15.312974,17.73166,21.567629,35.109844,-13.565805,0.0,-12.310324,-18.316557,-23.74407,31.19606,0.79187286,0.0
195,-51.75849914550781,10.537975311279297,112.18829345703125,5.8375445306213996,4.879972154679311,-30.383656736619965,-3.934488,2.8801053,9.217354,13.51768,-13.073673,5.340809,21.242922,-10.64035,-36.442326,-39.897697,-24.579485,37.581203,51.715378,-26.64683,20.908724,27.507933,-4.9775248,-3.2370012,8.60327,-15.735331,17.432041,20.975727,30.422937,-12.424306,0.0,-11.438999,-17.512386,-20.488615,30.582499,0.62604123,0.0
196,-51.626060485839844,10.417553901672363,112.08854675292969,5.706731326104568,4.428253466514326,-28.053085377272563,-3.7070422,2.828909,9.111592,12.563106,-12.971273,3.016596,21.129087,-8.920773,-35.44421,-39.457253,-25.50689,39.88301,53.156506,-27.054516,21.883451,26.93964,-5.9910374,-2.3348644,11.023686,-15.955996,17.1131,20.314592,25.612377,-11.227459,0.0,-10.338357,-16.819738,-18.111944,29.65226,0.2503776,0.0
197,-51.47154998779297,10.315202713012695,111.90878295898438,5.513101161076343,3.966344741135477,-25.787153317837152,-3.4969602,2.8254607,9.076648,11.610603,-12.950137,0.5608971,21.064276,-7.378864,-34.196434,-38.849392,-26.286337,42.39866,54.498528,-27.486883,22.831606,26.307844,-6.8954525,-1.4474511,13.396504,-15.90435,16.771679,19.470646,20.524906,-9.936986,0.0,-9.014413,-16.330576,-16.934528,28.32808,-0.40813228,0.0
198,-51.3035774230957,10.223777770996094,111.63902282714844,5.235547848071649,3.5044662719492936,-23.561096981400425,-3.3139875,2.886564,9.112862,10.621511,-13.005151,-1.998894,21.041733,-6.002222,-32.76237,-38.039715,-26.939083,45.108646,55.74106,-27.93657,23.790861,25.58929,-7.687551,-0.5655054,15.749922,-15.415792,16.386433,18.552446,14.80711,-8.366523,0.0,-7.543186,-15.931677,-16.67065,26.699678,-1.3585715,0.0
199,-51.12617492675781,10.128755569458008,111.25621795654297,4.891045739433633,3.030979458720123,-21.384774394397276,-3.1377597,2.9819589,9.212563,9.573945,-13.076726,-4.6305394,21.050959,-4.777261,-31.118761,-37.070488,-27.35041,47.616203,56.89745,-28.397087,24.7245,24.797323,-8.448787,0.2415076,17.898108,-14.076201,15.880135,18.12543,7.8168077,-6.0986967,0.0,-6.0578203,-15.592766,-17.108725,25.050283,-2.372283,0.0
200,-50.92862319946289,10.04567813873291,110.71549987792969,4.492919993180569,2.5224803135967817,-19.27247179805827,-2.9406002,3.0856109,9.376927,8.444683,-13.102543,-6.0510807,21.09245,-3.6809292,-30.398079,-35.68208,-27.58941,49.71865,57.493755,-28.706139,25.786434,24.463852,-9.202076,0.84480894,19.680077,-14.681826,16.055363,17.093206,4.6983304,-5.605564,0.0,-4.790883,-15.327789,-17.900208,23.889654,-3.3036692,0.0
201,-50.72305679321289,9.962669372558594,110.08169555664062,4.052309165057939,1.981095457962161,-17.191286934179324,-2.7292924,3.179572,9.591656,7.19976,-13.055511,-7.8457313,21.144556,-2.738976,-29.168444,-34.33291,-27.41055,51.11735,58.221676,-29.104954,26.858654,23.816677,-9.95798,1.3029968,20.870098,-16.757391,16.611477,15.699207,4.461198,-6.4648204,0.0,-3.5934892,-15.110471,-19.36733,22.716553,-3.5396576,0.0
202,-50.51982879638672,9.89576530456543,109.35137176513672,3.570968400669552,1.4100379967748784,-15.148662491664991,-2.5065994,3.2665107,9.866933,5.858935,-12.963335,-9.234064,21.212854,-1.9583054,-28.20367,-32.80451,-27.00055,52.150215,58.77937,-29.428108,27.960245,23.218176,-10.735143,1.6031394,21.671734,-18.823408,17.129646,14.571822,4.4141183,-7.351924,0.0,-2.4842863,-14.936455,-21.476963,21.60748,-3.3571167,0.0
203,-50.30900192260742,9.81753921508789,108.59423828125,3.0884992621286385,0.8410674581548627,-13.173200331009573,-2.2879405,3.3243244,10.182842,4.610392,-12.856527,-10.577577,21.296585,-1.3633018,-27.093525,-31.16874,-26.471895,52.748657,59.304943,-29.738392,28.882805,22.493273,-11.521763,1.8159461,22.316423,-20.762981,17.581537,13.828637,4.4120393,-8.039036,0.0,-1.3483189,-14.737691,-23.641657,20.696932,-3.2882073,0.0
204,-50.02709197998047,9.707167625427246,107.90763092041016,2.6344305405642423,0.29295439106626714,-11.303044207900498,-2.0818355,3.3421175,10.530394,3.2914114,-12.752532,-12.020414,21.399696,-0.86924016,-25.57524,-29.53682,-25.96128,52.745907,59.855507,-30.041489,29.472439,21.54195,-12.315189,2.034773,22.995823,-22.558014,17.976637,13.557827,4.4972725,-8.386407,0.0,-0.042930376,-14.456496,-25.262953,20.096933,-3.8867757,0.0
205,-49.854610443115234,9.647770881652832,107.08959197998047,2.2674539726471865,-0.22914671149812849,-9.493969977378447,-1.875378,3.253454,10.905059,2.112036,-12.6595545,-14.045148,21.521334,-0.58710945,-23.341654,-27.87668,-25.598425,52.059937,60.604313,-30.362997,29.607645,20.176706,-13.320207,2.1750195,23.778732,-24.083693,18.18171,14.048447,4.41666,-8.169268,0.0,1.755793,-14.026133,-26.146534,19.523796,-5.364948,0.0
206,-49.75096130371094,9.598800659179688,106.21011352539062,1.9624377771790165,-0.749073117883331,-7.742612017570885,-1.6667738,3.081181,11.316037,0.6099982,-12.525599,-15.656156,21.658646,-0.4331329,-21.253347,-26.049322,-25.477394,50.837715,61.193336,-30.546991,29.445887,18.754848,-14.492588,2.2388964,24.610659,-25.456762,18.259035,15.137286,4.376976,-7.6051173,0.0,3.8244703,-13.480973,-26.5173,19.124456,-7.5394793,0.0
207,-49.589752197265625,9.541945457458496,105.44745635986328,1.5972144365824712,-1.2547285323049508,-6.143632128326139,-1.4885975,2.9808373,11.752941,-0.57590604,-12.426873,-17.851997,21.830112,-0.40973672,-18.275076,-24.116617,-25.161842,49.211723,61.97669,-30.733984,28.754045,17.021685,-15.617248,2.3136387,25.466162,-26.656473,18.413845,16.41639,4.4262867,-6.8855968,0.0,5.8628917,-12.729193,-26.664326,18.814463,-9.914092,0.0
208,-49.38066864013672,9.507048606872559,104.8228988647461,1.055922764060742,-1.7227893462713189,-4.788833933393239,-1.3764846,3.1011312,12.197564,-1.6265647,-12.369871,-19.994967,22.036032,-0.4183168,-14.781232,-21.878048,-24.470304,47.48885,62.717102,-30.88078,27.48548,15.278587,-16.407864,2.4892735,26.434109,-27.577484,18.814352,17.530708,4.4343543,-6.0941443,0.0,7.7111354,-11.704886,-26.990713,18.229029,-11.755532,0.0
209,-49.145755767822266,9.533852577209473,104.28404998779297,0.2019121805645261,-2.1975193876024965,-3.661450507381474,-1.3716564,3.606607,12.716983,-2.3483663,-12.411426,-21.988716,22.298326,-0.36133647,-10.808955,-18.925962,-23.328695,45.861374,63.37938,-30.996868,25.612762,13.629599,-16.817055,2.8665695,27.694675,-28.309187,19.660507,18.30012,4.5880527,-5.3199587,0.0,9.5011,-10.197669,-27.770983,17.07859,-12.833555,0.0
210,-48.95366668701172,9.634180068969727,103.80986785888672,-0.8636549660541164,-2.664934880392134,-2.7186149470584904,-1.4560645,4.3728623,13.291866,-3.1160328,-12.564511,-23.550915,22.625284,-0.20731817,-6.6587625,-15.31773,-22.062122,44.135876,63.867245,-31.063913,23.214676,12.0719595,-16.959991,3.3892884,29.238443,-28.70498,20.754301,19.02323,4.5459585,-4.341075,0.0,11.337381,-8.283196,-28.785742,15.418733,-13.416262,0.0
211,-48.753334045410156,9.796734809875488,103.44950866699219,-1.9032249405765598,-3.0271146001145026,-2.02837402843677,-1.560215,5.123372,13.792124,-3.5535138,-12.709847,-25.378305,23.034458,-0.23084888,-1.8323678,-11.593708,-20.700493,42.079422,64.43691,-31.05805,20.13288,10.3438225,-16.900095,3.824081,30.742144,-29.128914,21.923288,19.596106,4.848172,-3.481131,0.0,12.878723,-6.468921,-29.682556,13.784436,-13.609027,0.0
212,-48.496185302734375,10.033774375915527,103.237060546875,-2.669365259881611,-3.1815811150819187,-1.6615299186824606,-1.6082546,5.5748596,14.062858,-3.7497041,-12.74134,-26.855812,23.515074,-0.55593204,3.071566,-8.250251,-19.39763,39.64285,64.85519,-30.969507,16.932396,8.5368185,-16.392666,4.136501,31.485231,-29.279882,22.779787,20.302483,4.9388404,-2.4525678,0.0,13.937637,-5.211227,-30.20175,12.416075,-13.38575,0.0
213,-48.18564987182617,10.340027809143066,103.17444610595703,-3.052281381418817,-3.087486580044787,-1.6685163807122967,-1.5438731,5.5960536,14.031759,-3.7334716,-12.656302,-27.587215,24.070972,-1.1004976,7.7899227,-5.123695,-18.008118,36.9638,64.98051,-30.859964,13.788685,6.859523,-15.398133,4.361398,31.225595,-29.226084,23.245829,21.178986,5.000065,-1.2521607,0.0,14.334915,-4.7816963,-30.275057,11.683497,-12.894314,0.0
214,-47.832862854003906,10.735244750976562,103.2533187866211,-3.19717710423455,-2.8170819592474294,-2.0064054111497596,-1.415734,5.358868,13.791762,-3.601189,-12.543562,-27.847195,24.652052,-1.7295502,12.58872,-1.8642635,-16.481562,34.106724,64.95257,-30.7437,10.717148,5.2279863,-13.9173355,4.6138253,29.93407,-29.023867,23.505404,22.090256,5.1578035,0.10405751,0.0,14.212766,-4.9198804,-30.081186,11.432631,-12.1387615,0.0
215,-47.47267532348633,11.210982322692871,103.44359588623047,-3.2150003377730445,-2.4436494466287315,-2.6077923150051303,-1.3071754,5.009643,13.447945,-3.2308507,-12.314986,-27.966816,25.573326,-2.8039548,17.619713,0.72446096,-15.000383,31.177452,64.776505,-30.477833,6.5530653,3.5198557,-12.163939,4.417604,29.16522,-28.61796,23.60919,22.923708,5.278502,1.5952905,0.0,13.564799,-5.50395,-29.625172,11.794632,-11.186522,0.0
216,-47.12970733642578,11.764538764953613,103.72333526611328,-3.2201740258834723,-2.0548283267876366,-3.409614961852649,-1.2877603,4.696488,13.106984,-2.54559,-11.96724,-27.831684,26.564308,-4.2756023,22.529783,2.3894427,-13.5905285,28.009268,64.44217,-30.08765,2.5424142,1.5136964,-9.608561,4.0528274,27.607145,-28.034996,23.65787,23.537048,5.395715,3.099292,0.0,12.4601965,-6.3640566,-28.916147,12.76977,-10.063136,0.0
217,-46.8309326171875,12.403949737548828,104.07911682128906,-3.2332447411247074,-1.6258746729752787,-4.449798633875381,-1.3662082,4.454728,12.731458,-1.4354645,-11.435727,-27.263987,27.88365,-6.2936826,27.263166,2.185908,-12.109976,24.336569,63.703663,-29.474915,-1.4565525,-0.6159136,-6.2776895,3.3693042,25.21788,-27.254412,23.680206,23.885963,5.4538584,4.578796,0.0,10.830008,-7.489068,-27.89449,14.375149,-8.674943,0.0
218,-46.55611038208008,13.10265827178955,104.49432373046875,-3.204407763851815,-1.129034538510492,-5.744332792058635,-1.508164,4.2097397,12.286232,-0.3232033,-10.916653,-26.318048,29.254112,-8.468402,32.011116,0.88765234,-10.40693,20.105076,62.646423,-28.906694,-4.865538,-2.9156735,-2.0848036,2.3998568,21.448038,-26.297543,23.630402,24.103474,5.505512,6.0071273,0.0,8.6748,-8.900042,-26.550451,16.50737,-6.995883,0.0
219,-46.29182434082031,13.86705493927002,104.94459533691406,-3.134512093462421,-0.6370257929225267,-7.192693396728843,-1.71544,3.936896,11.879349,1.1034528,-10.36646,-25.008734,30.77328,-10.991991,36.453075,-0.66433746,-8.554191,15.950393,61.227043,-28.351828,-7.831694,-5.331052,2.7519133,1.0151722,17.123695,-25.149897,23.453129,24.376299,5.549486,7.3542504,0.0,6.173719,-10.463505,-24.959408,18.93785,-5.118021,0.0
220,-46.05944061279297,14.690817832946777,105.4220199584961,-3.0147974347022815,-0.21494167722117816,-8.691359807294543,-1.9960642,3.591706,11.615058,2.5989747,-9.991433,-22.608114,32.904514,-13.772553,39.469448,-1.8660597,-6.786204,12.246785,58.6076,-27.672253,-9.906828,-7.174179,7.8915515,-0.7267936,12.757343,-23.80043,23.081186,24.86405,5.568504,8.594597,0.0,3.5189502,-12.0536585,-23.176346,21.419865,-3.132808,0.0
221,-45.797611236572266,15.573336601257324,105.84130096435547,-2.847020174419158,0.08361805807753998,-10.268449011293736,-2.3545818,3.163704,11.557521,4.2557836,-9.777536,-18.339897,35.56841,-16.061565,40.436245,-2.126901,-5.1746593,8.811456,53.936703,-27.05989,-10.675889,-7.7401853,13.947402,-3.0846636,8.123634,-22.303349,22.589375,25.511145,5.8141093,9.527637,0.0,0.3628523,-13.790785,-20.729189,24.729082,-1.1624887,0.0
222,-45.528404235839844,16.51095962524414,106.23310852050781,-2.6127563978422463,0.3331046829353434,-11.948976932082559,-2.7865584,2.6659725,11.610448,6.079343,-9.663845,-13.746873,38.101154,-18.395897,41.1878,-1.5500827,-3.836959,5.5636086,48.910873,-26.545296,-10.936598,-8.539928,20.884659,-6.3052506,3.1420238,-22.987095,22.892689,24.91063,10.312284,8.081599,0.0,-3.2308347,-15.529133,-17.6394,28.415506,1.0244831,0.0
223,-45.24974060058594,17.498058319091797,106.55418395996094,-2.372301268795232,0.5181310483697685,-13.6999261200882,-3.243067,2.160363,11.783988,7.9995275,-9.671467,-8.847245,40.71771,-20.749329,41.336414,-0.26470625,-2.7956007,2.5851233,43.533627,-26.064144,-10.877476,-9.460169,27.281464,-9.955787,-1.5826033,-23.382944,23.100166,24.671047,14.610022,6.49241,0.0,-6.921159,-17.06464,-14.422635,31.881464,3.0651886,0.0
224,-44.920387268066406,18.503206253051758,106.80984497070312,-2.16793610647279,0.6414334566612708,-15.476414700820063,-3.6920922,1.7023581,12.068959,9.948068,-9.81288,-3.7145286,43.335445,-23.043816,40.61213,1.853028,-2.0643494,0.05248397,37.89485,-25.628548,-10.642316,-10.382945,31.954933,-13.313318,-5.736449,-23.359507,23.21319,24.947344,18.355501,4.9575567,0.0,-10.274676,-18.332703,-11.783823,34.45253,4.657629,0.0
225,-44.56789779663086,19.53822135925293,106.96818542480469,-1.970040206559725,0.6830747338989227,-17.29056083750858,-4.16118,1.2571679,12.488832,11.946763,-10.085905,1.6378908,45.871372,-25.480549,39.01692,5.336158,-1.7698324,-1.9785855,32.051655,-25.201178,-10.220153,-11.46894,34.731297,-16.003984,-9.646192,-23.133099,23.292622,25.507397,22.03949,3.32003,0.0,-13.24055,-19.52734,-9.8405695,36.213493,5.7052274,0.0
226,-44.21213150024414,20.58501625061035,107.01737213134766,-1.760246238709418,0.6534046568395624,-19.15581541558164,-4.6577663,0.8044885,13.033872,14.017023,-10.466341,7.196269,48.30508,-28.12696,36.73839,9.98652,-1.8894557,-3.498713,26.023643,-24.754734,-9.65073,-12.708104,36.36012,-18.270676,-13.574698,-22.676672,23.326668,26.35818,25.65402,1.4773513,0.0,-16.003513,-20.710052,-8.319286,37.46375,6.364994,0.0
227,-43.8349609375,21.649009704589844,106.97402954101562,-1.5977326258471916,0.592179098920013,-21.02998426349271,-5.1220326,0.42432702,13.64938,16.087965,-10.927941,12.847385,50.604816,-30.702,33.881363,14.863266,-2.1495414,-4.462432,19.892294,-24.309296,-9.082711,-13.771534,37.166893,-20.180412,-17.254465,-21.88378,23.350933,27.704695,28.7876,-0.5317166,0.0,-18.434406,-21.740644,-7.4475713,37.901764,6.6674542,0.0
228,-43.41490936279297,22.73990249633789,106.85285186767578,-1.5470008301974163,0.5341639873641214,-22.871826042100153,-5.494343,0.2020232,14.282793,18.086042,-11.445267,18.440842,52.69151,-32.88483,30.678278,19.076677,-2.2932065,-4.9445577,13.780683,-23.885492,-8.614644,-14.413498,37.46483,-21.810066,-20.356066,-20.710455,23.423733,29.660894,31.141369,-2.6095185,0.0,-20.364428,-22.485672,-7.5053334,37.21098,6.654491,0.0
229,-42.96701431274414,23.836475372314453,106.64710998535156,-1.6510599564892088,0.4529816548484526,-24.668044458780425,-5.785774,0.21348937,14.952617,19.985933,-12.0265,23.865196,54.495403,-34.945435,27.142149,22.48971,-2.2667952,-4.809976,7.784149,-23.464462,-8.2452545,-14.722276,37.10976,-23.021412,-22.737728,-19.040146,23.561062,32.38812,32.660824,-4.669455,0.0,-21.46993,-23.004269,-9.173851,34.923763,6.1194353,0.0
230,-42.485103607177734,24.938823699951172,106.34455871582031,-1.871435068328088,0.33130922689984504,-26.441374323913067,-6.0229464,0.4026459,15.677886,21.823732,-12.668047,29.059755,56.043358,-37.135117,23.346256,25.618647,-2.1410353,-4.1655364,1.9405228,-23.033318,-7.939343,-14.924365,36.12814,-23.75845,-24.661352,-17.046646,23.722645,35.56105,33.673817,-6.6594853,0.0,-21.783804,-23.3089,-12.30263,31.183928,5.179258,0.0
231,-42.009246826171875,26.029359817504883,105.928466796875,-2.151882588635818,0.21887212980540002,-28.2056006545913,-6.169738,0.6600661,16.40675,23.617481,-13.334038,33.970448,57.323994,-39.06726,19.6328,28.491903,-1.9436152,-3.4955437,-3.7153451,-22.614677,-7.6844344,-15.000083,35.058746,-24.274742,-26.336618,-15.129419,23.90363,38.62073,34.46997,-8.514312,0.0,-21.685005,-23.198006,-15.853006,26.543829,4.4008355,0.0
232,-41.54631805419922,27.080982208251953,105.44779205322266,-2.430539363149145,0.1695096354418693,-29.97496842694388,-6.1890945,0.8728998,17.087471,25.388847,-13.999408,38.55165,58.30546,-40.37963,16.259007,30.998034,-1.714534,-3.2477381,-9.147908,-22.227531,-7.445984,-14.932787,34.40787,-24.851824,-27.964935,-13.640129,24.132265,41.1349,35.305813,-10.220339,0.0,-21.60932,-22.56812,-18.669565,21.59669,4.3475943,0.0
233,-41.10743713378906,28.100862503051758,104.94312286376953,-2.72421645840543,0.19826929418478234,-31.85411191092132,-6.0295734,1.0681825,17.702015,27.21179,-14.615999,42.75102,58.865765,-41.123634,13.133786,32.99497,-1.4892226,-3.4566927,-14.322319,-21.85471,-7.0923996,-14.83334,34.404552,-25.589108,-29.542063,-12.540454,24.42465,43.14371,36.0193,-11.737718,0.0,-21.48568,-21.239424,-20.563147,15.921254,5.3732224,0.0
234,-40.69010543823242,29.083898544311523,104.35396575927734,-3.044478512723167,0.26495750409411806,-33.7960802137775,-5.7340293,1.2819273,18.28691,29.053291,-15.217037,46.51684,58.96106,-41.641335,10.153285,34.51388,-1.2791593,-3.8965735,-19.215525,-21.48043,-6.649628,-14.750699,34.782166,-26.37282,-31.001219,-11.717103,24.79913,44.865444,36.64557,-13.10963,0.0,-20.317749,-19.08102,-22.46059,7.823008,7.897808,0.0
235,-40.321495056152344,30.039316177368164,103.64653778076172,-3.307216232808232,0.33432070615528725,-35.578009254004385,-5.416797,1.3933109,18.892698,30.772692,-15.902522,49.826595,58.661385,-41.97878,7.511232,35.62039,-1.0774593,-4.5771756,-23.816736,-21.125942,-6.2967043,-14.583928,35.25735,-27.151295,-32.44453,-11.411176,25.361355,46.141068,37.858044,-14.585155,0.0,-21.927893,-17.948158,-22.224361,4.7802014,8.204641,0.0
236,-39.9981689453125,30.952701568603516,102.91459655761719,-3.4837610079322987,0.4196899173827207,-37.007127050461655,-5.157467,1.3489059,19.526981,32.223007,-16.76641,51.51269,58.11066,-43.212593,5.888457,35.83287,-0.83228314,-5.413133,-26.284258,-20.808035,-6.157615,-15.962152,35.314453,-28.15413,-34.47762,-11.65747,26.037336,46.96875,39.736027,-16.147932,0.0,-24.639795,-17.57056,-20.973742,4.4495687,7.461427,0.0
237,-39.77519989013672,31.808897018432617,102.16387176513672,-3.529376634096539,0.5645116881627652,-38.05081970479698,-4.9801207,1.0472164,20.19554,33.303898,-17.86756,52.864532,57.23235,-44.025227,4.67473,35.464706,-0.48477036,-6.653487,-28.448784,-20.514458,-6.180385,-17.32087,34.982006,-29.03893,-36.81229,-12.702767,26.881435,47.2635,42.58046,-17.874636,0.0,-27.292345,-17.444935,-19.130232,4.487551,6.893778,0.0
238,-39.629737854003906,32.615455627441406,101.47016906738281,-3.5080797777565644,0.7949773277171913,-38.83494466512887,-4.810157,0.582034,20.857044,34.235527,-19.217325,54.215366,55.873367,-44.142227,3.625833,34.895782,0.010679213,-8.244064,-30.897995,-20.235006,-6.296765,-17.864128,34.620674,-29.88167,-38.962826,-14.149058,27.710001,47.247982,45.66077,-19.54075,0.0,-29.78073,-17.282026,-16.780195,4.452149,6.695448,0.0
239,-39.51016616821289,33.40195083618164,100.83148193359375,-3.4818255631540618,1.0129202743058137,-39.34307792198446,-4.6388354,0.10689852,21.542618,34.922222,-20.514194,55.230286,54.51559,-44.13197,2.7119396,33.748714,0.5092812,-9.82857,-32.941,-20.009893,-6.5174985,-18.512802,34.131443,-30.580889,-41.210712,-15.634974,28.382887,46.995464,48.447712,-20.998236,0.0,-31.827398,-17.132448,-14.575184,4.443428,6.7215395,0.0
240,-39.336524963378906,34.16709899902344,100.27171325683594,-3.487456284661543,1.1724181232345958,-39.58783948828361,-4.4362655,-0.24658118,22.214157,35.516518,-21.91133,56.074654,53.118237,-43.98974,2.093774,32.891373,0.9464526,-11.055834,-34.81982,-19.861792,-6.797321,-18.33565,33.736485,-31.14496,-43.028664,-16.964012,28.82083,46.536255,50.75559,-22.316021,0.0,-33.27563,-17.093115,-13.054124,4.6158776,6.8173966,0.0
241,-39.15634536743164,34.9132194519043,99.8344955444336,-3.5846449537377207,1.2133242711440189,-39.56349329102206,-4.1885223,-0.3840311,22.945591,35.71756,-22.788841,57.024315,51.42801,-43.695442,1.7647811,32.190422,1.3801345,-11.855888,-37.22588,-19.793741,-7.100058,-17.231314,33.274776,-31.456493,-44.733654,-18.037956,29.05744,45.88992,52.458096,-23.429688,0.0,-33.72895,-17.146933,-12.446301,4.554632,7.1995144,0.0
242,-39.00627136230469,35.606529235839844,99.46846771240234,-3.7061286423574846,1.2029306154563857,-39.27586943769409,-3.8975277,-0.4163326,23.697866,35.697433,-23.609863,57.676334,50.198414,-43.45556,1.347603,30.832401,1.8119885,-12.372942,-39.08871,-19.78347,-7.417779,-16.1651,32.75876,-31.757519,-46.43237,-19.052958,29.131025,45.018677,53.792835,-24.370733,0.0,-33.635834,-17.372492,-12.281478,4.647833,7.7170863,0.0
243,-38.85325622558594,36.232330322265625,99.17997741699219,-3.8285588727946878,1.307473300667226,-38.7298381229793,-3.6195812,-0.408782,24.0,35.48643,-24.324924,58.23382,49.0277,-43.022182,1.1208608,29.611242,2.1572676,-12.703445,-40.817265,-19.815277,-7.670821,-14.1804695,32.54777,-31.859852,-47.368767,-20.236944,29.001873,43.872692,54.80324,-25.12559,0.0,-33.045284,-17.688309,-12.720187,4.565953,8.439128,0.0
244,-38.692726135253906,36.80744934082031,98.95869445800781,-3.8971226672012365,1.5250488251811016,-37.939112048227024,-3.3959944,-0.4656174,24.0,35.30594,-24.58653,58.748047,47.811653,-42.26298,0.9716224,28.511232,2.3643928,-12.86475,-42.495876,-19.880598,-7.828996,-11.743787,32.74488,-31.554874,-47.409386,-21.580448,28.62545,42.503593,55.56855,-25.716158,0.0,-32.20009,-18.11989,-13.725232,4.6385517,9.111113,0.0
245,-38.54695129394531,37.32453536987305,98.79765319824219,-3.9155841497995407,1.7211241581431573,-36.843214413195945,-3.2810137,-0.597147,24.0,35.143948,-24.58735,59.138863,46.73315,-41.129272,0.8557178,27.691763,2.3917446,-12.871239,-43.764507,-19.983038,-7.841205,-9.09623,33.350624,-30.853683,-46.66978,-22.926085,28.021309,40.904125,56.11389,-26.143261,0.0,-30.829502,-18.706053,-15.690433,4.8540206,9.676852,0.0
246,-38.42243957519531,37.794090270996094,98.76384735107422,-3.920809914747532,1.899705623385054,-35.464947066809884,-3.2397957,-0.75307286,24.0,34.97191,-24.342194,59.82073,44.841434,-39.11499,1.1176264,27.953701,2.190996,-12.944917,-45.95887,-20.141935,-7.847766,-4.892211,34.308987,-29.65793,-44.8794,-24.165573,27.166117,39.15882,56.25016,-26.321072,0.0,-28.729635,-19.333948,-18.59319,4.9022717,10.319232,0.0
247,-38.33755874633789,38.16852569580078,98.66590881347656,-3.8449104262646205,2.055014326290882,-33.83438677685408,-3.2155054,-0.9788328,24.0,34.792763,-24.07695,59.85576,44.6426,-38.257137,0.7029525,26.554668,2.3055503,-11.814722,-46.08896,-20.262857,-7.5570474,-2.2691095,34.996418,-28.542358,-43.1692,-25.489527,26.212782,37.164913,56.51502,-26.509615,0.0,-30.10613,-21.309752,-19.491087,11.893159,7.5527296,0.0
248,-38.276123046875,38.45390319824219,98.51121520996094,-3.705709510499821,2.2644540996871996,-32.0647408981209,-3.1188266,-1.2701297,24.0,34.527096,-23.743574,59.872334,44.39485,-36.861195,0.2767757,24.978462,2.1849277,-10.588315,-46.12688,-20.43058,-7.2432036,0.7931747,35.733673,-27.288801,-40.532253,-26.925623,25.182758,35.037346,56.883564,-26.701895,0.0,-31.969034,-23.603273,-19.48227,20.083477,4.309092,0.0
249,-38.21827697753906,38.677494049072266,98.3488540649414,-3.4935005573804045,2.5633566615406354,-30.172676650818797,-2.926309,-1.63454,24.0,34.098415,-23.296581,60.24963,41.89367,-32.466812,0.87498194,25.45048,0.89775467,-11.1925125,-45.99251,-20.835207,-7.0785327,4.2265477,36.712463,-25.897938,-36.70049,-28.420725,23.99564,32.8639,57.206112,-26.835804,0.0,-33.03934,-25.69794,-19.108494,27.215754,1.7833791,0.0
250,-38.15291976928711,38.82518005371094,98.1887435913086,-3.210944415330102,2.917455042012109,-28.122986947513205,-2.6293404,-2.0283508,24.0,33.771862,-23.06111,60.227367,41.69534,-30.909306,0.42477176,23.871145,0.72202075,-8.833547,-45.89297,-21.03241,-6.781247,8.226421,37.152584,-24.462503,-32.224495,-29.912392,22.640759,30.640907,57.449024,-26.892353,0.0,-33.642536,-27.67541,-18.482698,34.020046,-0.4271056,0.0
251,-38.086734771728516,38.90298080444336,98.0240249633789,-2.876188714484408,3.313501700903223,-25.95057206282481,-2.302034,-2.4831529,24.0,33.20357,-22.64176,60.18847,39.400772,-25.888702,0.7875237,23.541634,-0.82687014,-9.126945,-44.187366,-21.601381,-6.707148,11.103083,37.82353,-22.725607,-27.366568,-31.384922,21.161436,28.39497,57.63842,-26.879408,0.0,-33.75695,-29.42038,-17.977129,40.358086,-2.3518927,0.0
252,-38.01198959350586,38.910972595214844,97.85810089111328,-2.5093627937362184,3.7326119230214876,-23.691628512532713,-1.9462258,-2.9630764,24.0,32.735817,-22.357418,59.89509,37.722492,-22.541775,0.44042945,21.357378,-1.5509305,-7.697313,-41.931416,-22.037052,-6.324984,13.685966,37.882416,-20.827965,-22.728619,-32.80929,19.605894,26.15342,57.79857,-26.813168,0.0,-33.35796,-30.91665,-17.979391,46.150173,-4.053752,0.0
253,-37.924869537353516,38.869728088378906,97.6972427368164,-2.122532653327539,4.170510449609344,-21.322536549403043,-1.5781968,-3.4733098,24.0,32.298264,-22.136679,59.382404,36.07668,-19.259497,-0.29506588,17.546194,-2.1147661,-5.763927,-39.157146,-22.54097,-5.897525,16.149553,37.4084,-18.60265,-17.895578,-34.191982,17.971935,23.894707,57.92473,-26.688166,0.0,-32.35677,-32.272926,-18.802261,51.534115,-5.747679,0.0
254,-37.82463836669922,38.77886962890625,97.53463745117188,-1.6939669403443989,4.708827548889751,-18.83531353730536,-1.1907513,-4.021423,23.769274,31.879196,-21.898623,58.6671,34.36672,-15.933405,-1.2455535,12.616368,-2.7019374,-3.4658823,-35.896103,-23.153997,-5.488829,18.639448,36.391594,-16.132515,-12.744167,-35.63248,16.215965,21.602581,58.00258,-26.482805,0.0,-30.956585,-33.543797,-20.154284,56.738605,-7.4361906,0.0
255,-37.7276496887207,38.65202331542969,97.37630462646484,-1.2027062432195468,5.323213601944763,-16.280005664201468,-0.7609593,-4.6134377,23.387262,31.403208,-21.63855,57.724377,32.694687,-12.849525,-2.5338604,6.855079,-3.4068136,-1.0010594,-32.192017,-23.847582,-4.9249067,20.943514,34.995155,-13.596345,-7.688628,-37.06687,14.332842,19.352339,58.007816,-26.1941,0.0,-29.335657,-34.620308,-21.611467,61.740795,-8.861078,0.0
256,-37.61944580078125,38.49494934082031,97.21733093261719,-0.6303449757084876,5.9388719284452725,-13.704985132549012,-0.25591204,-5.253785,23.086239,30.7793,-21.401308,56.49596,31.191938,-10.321884,-4.2783713,0.4501381,-4.3081284,1.4885336,-28.100765,-24.577883,-4.02066,22.831846,33.446125,-11.146219,-3.082152,-38.36922,12.341256,17.221436,57.948437,-25.861687,0.0,-27.644802,-35.313812,-22.755098,66.4754,-9.756434,0.0
257,-37.48157501220703,38.31008529663086,97.0582275390625,0.029569340445465008,6.567652038044817,-11.075406987050325,0.3141795,-5.943122,22.868168,29.987104,-21.232162,54.92794,29.883305,-8.417328,-6.4975443,-7.284509,-5.5762897,4.014367,-23.632711,-25.390984,-2.7722857,24.482615,31.688234,-8.66292,1.2695417,-39.550964,10.216917,15.178539,57.808388,-25.484592,0.0,-26.039639,-35.399166,-23.326187,70.94041,-10.062276,0.0
258,-37.3063850402832,38.12150955200195,96.89714050292969,0.7682631921335085,7.205395826139518,-8.37529742963286,0.94274217,-6.6765585,22.712172,29.063284,-21.135809,52.995327,28.759132,-6.9647827,-9.116633,-16.239138,-7.324089,6.5937657,-18.813698,-26.364302,-1.2736899,25.989067,29.613462,-6.1575365,5.558002,-40.621864,7.9659247,13.205561,57.59508,-25.066437,0.0,-24.462845,-34.90284,-23.605581,75.17274,-9.919755,0.0
259,-37.09362030029297,37.90864562988281,96.7331314086914,1.574645188089383,7.812208974282103,-5.684407513272372,1.6602246,-7.444246,22.642298,28.016895,-21.043253,50.704124,27.837463,-5.912522,-12.007318,-25.033798,-9.426758,9.11695,-13.722092,-27.46252,0.5699867,27.080494,27.44788,-3.9428797,9.474065,-41.5445,5.6771207,11.352135,57.342407,-24.632053,0.0,-22.857815,-34.012424,-23.938385,79.153404,-9.3594265,0.0
260,-36.838157653808594,37.68442153930664,96.54290771484375,2.4340642444126845,8.349932988187296,-3.0838435718115957,2.4977303,-8.237218,22.683231,26.859945,-20.872053,48.08607,27.100567,-5.217555,-14.97925,-32.3231,-11.631973,11.583257,-8.452971,-28.616455,2.8822913,27.524588,25.451096,-2.307505,12.696082,-42.31223,3.426615,9.6632395,57.13314,-24.24145,0.0,-21.122738,-32.983902,-24.672081,82.852776,-8.417964,0.0
261,-36.57277297973633,37.43783187866211,96.3237075805664,3.386955217844092,8.816239914950279,-0.5587154056433017,3.487457,-9.091548,22.858812,25.524542,-20.576962,45.1373,26.509119,-4.891048,-18.118742,-38.044178,-13.90397,14.195563,-2.9964242,-29.808416,5.8899937,27.518333,23.729788,-1.4097527,15.000195,-42.940037,1.1717277,8.143518,56.94587,-23.865969,0.0,-19.284994,-31.850735,-25.760921,86.27908,-7.039171,0.0
262,-36.29816436767578,37.17439270019531,96.07975769042969,4.421214783631664,9.222468369763297,1.9253448046897848,4.6064835,-9.992523,23.158583,24.026783,-20.211609,41.866344,26.007784,-4.8623986,-21.406696,-42.8359,-16.330078,16.905678,2.6731951,-31.141703,9.50273,27.194908,22.156195,-1.0625459,16.578135,-43.45897,-1.100832,6.74695,56.765553,-23.49346,0.0,-17.40567,-30.525597,-27.082314,89.44526,-5.2307734,0.0
263,-35.997894287109375,36.9237174987793,95.82561492919922,5.452882480971814,9.559150878540843,4.315476385090875,5.80006,-10.869408,23.551754,22.509983,-19.827831,38.351776,25.547363,-5.0136075,-24.487844,-46.474915,-18.697199,19.509695,8.463291,-32.699463,13.376295,26.254755,20.635216,-1.0068356,17.735523,-43.87661,-3.2920067,5.455144,56.617996,-23.158756,0.0,-15.40912,-29.164448,-28.812225,92.34585,-3.1196632,0.0
264,-35.67326736450195,36.71372985839844,95.56028747558594,6.399856801252963,9.825730746503586,6.556874739981617,7.009813,-11.656107,24.0,21.121017,-19.464432,34.71664,25.092669,-5.2384415,-27.061438,-48.723995,-20.719421,21.861216,14.193636,-34.55025,17.19141,24.462347,19.065655,-0.98141426,18.827673,-44.232086,-5.3077188,4.24749,56.56533,-22.905493,0.0,-13.212487,-27.916323,-31.0721,94.97598,-0.8157022,0.0
265,-35.33518981933594,36.52229309082031,95.288330078125,7.23077721292574,10.190729475618872,8.626339006366278,8.198007,-12.336919,24.0,19.970129,-18.895134,31.037313,24.630268,-5.5594993,-29.067696,-49.103153,-22.073645,24.144253,19.775892,-36.718758,21.39901,21.886429,17.43877,-1.1047988,19.690798,-44.731186,-7.1220236,3.0918458,56.590824,-22.686172,0.0,-10.98134,-26.862288,-33.892223,97.35661,1.9386805,0.0
266,-34.96821975708008,36.34865951538086,95.01700592041016,7.994197567651081,10.520129916750443,10.547801268217336,9.430625,-12.944764,24.0,18.917236,-18.242174,27.326254,24.169537,-5.933948,-30.823648,-47.92435,-22.830694,26.53775,25.203836,-39.220642,26.009142,18.739048,15.728198,-1.4467461,20.224138,-45.187397,-8.776502,2.023605,56.684284,-22.53705,0.0,-8.507762,-25.94015,-37.169617,99.47757,5.1273975,0.0
267,-34.57432556152344,36.17659378051758,94.75009155273438,8.6876873396369,10.817295386934633,12.387213343026225,10.616743,-13.49506,24.0,17.960262,-17.61136,23.699652,23.705317,-6.279291,-32.303337,-46.17815,-23.30301,28.878397,30.424618,-41.996914,30.299995,15.230131,13.866545,-1.6399114,20.990494,-45.613403,-10.301822,0.9782682,56.83425,-22.439592,0.0,-5.8955355,-24.991796,-40.59535,101.387886,8.242284,0.0
268,-34.14582443237305,35.9996223449707,94.48799133300781,9.310729373256015,11.08637600731766,14.207716354013149,11.663835,-14.010348,24.0,17.103758,-17.108469,20.25219,23.252605,-6.4973364,-33.447643,-44.88341,-23.86927,30.91966,35.344112,-44.867012,33.579006,11.539566,11.85968,-1.3376229,22.605164,-46.015438,-11.732141,-0.10182251,57.033092,-22.383413,0.0,-3.3047884,-23.855072,-43.848824,103.13017,10.76663,0.0
269,-33.69932556152344,35.844539642333984,94.2307357788086,9.843561618480448,11.340861256065098,16.031806601075782,12.540848,-14.493123,24.0,16.357801,-16.772112,17.066792,22.7974,-6.658028,-34.350704,-44.20667,-24.679882,32.46176,39.8543,-47.66795,35.943184,7.5029845,9.604991,-0.49417052,25.545092,-46.423042,-13.078131,-1.2439514,57.2929,-22.362337,0.0,-0.71249735,-22.448345,-47.024963,104.67768,12.538288,0.0
270,-33.215667724609375,35.71467590332031,93.98208618164062,10.2952449983587,11.582247472063253,17.82148583118645,13.299756,-14.940315,24.0,15.718226,-16.532402,14.177056,22.345186,-6.7700653,-35.14622,-43.63632,-25.536459,33.67964,43.925762,-50.295326,37.835148,3.1991377,7.088575,0.64266485,29.499653,-46.814144,-14.328329,-2.4105556,57.61149,-22.396557,0.0,1.8752241,-20.810043,-50.15305,106.01923,13.821083,0.0
271,-32.70647430419922,35.608367919921875,93.7418441772461,10.706932156869513,11.797148787551684,19.54807158266527,13.976405,-15.367469,24.0,15.169482,-16.340977,11.603936,21.922771,-6.7240496,-35.8242,-43.10911,-26.36218,34.883244,47.59226,-52.593407,39.121735,-0.9353519,4.5555634,1.9931616,33.87116,-47.148727,-15.506929,-3.547377,57.948406,-22.47409,0.0,4.244904,-19.039478,-52.85694,107.23208,14.760231,0.0
272,-32.17414474487305,35.50678253173828,93.51377868652344,11.119610165842548,11.970574670665524,21.18220795919042,14.608175,-15.789523,24.0,14.695221,-16.15653,9.359391,21.550339,-6.435226,-36.35241,-42.57404,-27.05913,36.3639,50.92004,-54.385914,39.647465,-4.531557,2.2822125,3.545733,38.003773,-47.38427,-16.627232,-4.606939,58.258377,-22.582083,0.0,6.221453,-17.29605,-54.829464,108.41551,15.502396,0.0
273,-31.648338317871094,35.436344146728516,93.30435180664062,11.56168610989995,12.113790537901766,22.738171675033925,15.224192,-16.233833,24.0,14.273679,-15.971563,7.4821634,21.200724,-6.0180173,-36.732445,-42.067802,-27.595179,38.19961,53.928486,-55.427803,39.29152,-7.71314,0.4476649,5.8706837,42.048553,-47.524628,-17.739109,-5.5735297,58.499413,-22.68627,0.0,7.788949,-15.589054,-56.11459,109.58485,15.993698,0.0
274,-31.100994110107422,35.41044998168945,93.12681579589844,12.005441425684696,12.233170499558037,24.22348021031852,15.804162,-16.685633,24.0,13.917193,-15.812163,5.9884224,20.863615,-5.5334606,-37.028526,-41.62395,-28.02526,40.218323,56.56505,-55.697056,38.318134,-10.67701,-1.2636541,8.800556,46.280994,-47.56544,-18.818714,-6.4776664,58.677303,-22.803211,0.0,9.063411,-13.905623,-56.92637,110.72342,16.182135,0.0
275,-30.52927017211914,35.42427062988281,92.9909896850586,12.406022210197627,12.305355424277918,25.597473840691435,16.310068,-17.096775,24.0,13.6606455,-15.67915,4.828242,20.575829,-4.842194,-37.249447,-41.196095,-28.35948,42.310143,58.786663,-55.43914,37.114395,-13.188918,-3.0947113,11.281616,50.129105,-47.48421,-19.797888,-7.324639,58.80714,-22.9515,0.0,10.102377,-12.39494,-57.25188,111.89117,16.207802,0.0
276,-29.96385383605957,35.479156494140625,92.89794921875,12.717662845014742,12.308838024926283,26.818824042647524,16.701658,-17.4196,24.0,13.53994,-15.5767355,3.904509,20.369825,-3.8147287,-37.353527,-40.73823,-28.597153,44.350685,60.59016,-55.01205,36.0088,-15.05175,-5.0321345,12.296643,52.897377,-47.28057,-20.619755,-8.111623,58.911716,-23.135775,0.0,10.971104,-11.209565,-57.070225,113.14942,16.21259,0.0
277,-29.420978546142578,35.55900192260742,92.854248046875,12.926772474458062,12.231657308435832,27.877203470344348,16.957045,-17.638195,24.0,13.610405,-15.500603,3.1533163,20.247805,-2.4378653,-37.23012,-40.19999,-28.718348,46.439053,61.98131,-54.53511,34.96171,-16.25282,-6.704658,11.326268,54.02468,-46.94834,-21.266489,-8.843935,58.98926,-23.348412,0.0,11.682486,-10.356971,-56.34026,114.54686,16.200697,0.0
278,-28.89992332458496,35.665122985839844,92.84930419921875,13.056700295972286,12.092819963911356,28.793692865088563,17.100548,-17.779156,24.0,13.838376,-15.451596,2.560117,20.184597,-0.8297269,-36.864006,-39.651104,-28.71569,48.552994,62.968903,-53.926994,33.84854,-16.980253,-8.029076,9.11721,53.85304,-46.510517,-21.772081,-9.519596,59.039898,-23.584393,0.0,12.234829,-9.774924,-55.131107,116.05125,16.096817,0.0
279,-28.39658546447754,35.78752136230469,92.87994384765625,13.116770060137691,11.91720496610483,29.57349465362826,17.160427,-17.8592,24.0,14.126158,-15.449983,2.0956252,20.171661,0.94103706,-36.344673,-39.212425,-28.62282,50.3889,63.595615,-53.283123,32.80006,-17.332073,-9.360604,6.554443,53.008083,-45.993237,-22.13946,-10.1359625,59.050655,-23.832874,0.0,12.664029,-9.508428,-53.56419,117.59312,15.927586,0.0
280,-27.917552947998047,35.93376541137695,92.93590545654297,13.117291292375532,11.729198558972731,30.22243253480507,17.163029,-17.894915,24.0,14.377406,-15.515507,1.7155045,20.201317,2.815194,-35.753597,-39.001488,-28.487852,51.660194,63.944393,-52.765392,31.93036,-17.444656,-10.976884,4.4810615,52.106262,-45.42794,-22.382654,-10.68298,59.015995,-24.08345,0.0,12.991403,-9.610137,-51.743248,119.10259,15.727146,0.0
281,-27.45577049255371,36.09761428833008,93.0352554321289,13.042820355588788,11.539590378593283,30.67163331496525,17.115303,-17.88099,24.0,14.558505,-15.638806,1.6897384,20.248682,3.8334482,-35.444458,-38.15353,-28.879496,53.095024,63.95109,-52.737988,31.566898,-17.405502,-12.91411,3.0706615,50.75422,-44.808292,-22.44565,-11.115965,58.917152,-24.344706,0.0,13.20593,-10.181962,-49.52785,120.64764,15.483712,0.0
282,-26.99651336669922,36.27718734741211,93.21136474609375,12.893782725599998,11.333387109777268,30.94327087248789,16.98959,-17.812033,24.0,14.887385,-15.861426,1.6549722,20.370716,5.8531165,-34.821342,-38.474804,-28.9472,53.32567,63.94202,-52.715546,30.836142,-17.132278,-15.335201,1.7865549,49.33349,-44.080578,-22.330471,-11.458292,58.69446,-24.594572,0.0,13.280268,-11.144133,-46.889557,122.22249,15.179734,0.0
283,-26.530521392822266,36.46449279785156,93.45068359375,12.702959993523022,11.100683368703244,31.179611276930554,16.801289,-17.695341,24.0,15.109549,-16.113943,1.620081,20.52082,7.9587374,-34.11252,-38.82221,-28.852568,53.166058,63.92039,-52.728683,30.05715,-16.78877,-17.773405,0.82301563,47.91556,-43.2429,-22.132114,-11.806095,58.337086,-24.800068,0.0,13.186365,-12.293562,-44.087975,123.65069,14.859961,0.0
284,-26.06242561340332,36.628055572509766,93.74073028564453,12.503616139717451,10.830711497227004,31.521252020260807,16.56463,-17.539633,24.0,15.1461315,-16.342455,1.5956851,20.64962,9.5034075,-33.501404,-38.304287,-28.689539,53.255795,63.89958,-52.757515,29.482306,-16.474672,-19.797432,0.29444414,46.650352,-42.30227,-21.936207,-12.260909,57.828907,-24.914581,0.0,12.912047,-13.440812,-41.400505,124.767265,14.577209,0.0
285,-25.58692169189453,36.77620315551758,94.0654525756836,12.305200653013907,10.514118868939008,32.0014221876586,16.250616,-17.356274,24.0,15.030522,-16.657755,1.5672879,20.8047,11.161704,-32.91852,-37.484463,-28.160736,53.12599,63.877346,-52.796215,28.916632,-16.148924,-21.311258,0.12419171,45.84459,-41.26037,-21.767635,-12.840986,57.198345,-24.951302,0.0,12.436126,-14.593062,-38.81742,125.56628,14.431407,0.0
286,-25.103696823120117,36.913448333740234,94.44291687011719,12.08746183187199,10.159195461169464,32.54674762840639,15.865328,-17.135164,24.0,14.764508,-17.040192,1.5331202,20.980947,12.834198,-32.340584,-36.39276,-27.413935,52.792645,63.855858,-52.845314,28.379372,-15.778137,-22.550745,0.2750252,45.301495,-40.10688,-21.56601,-13.498519,56.423286,-24.916224,0.0,11.7458515,-15.8157425,-36.193756,126.11953,14.38063,0.0
287,-24.621742248535156,37.03749084472656,94.87298583984375,11.842538108685543,9.782799485119206,33.13754308375564,15.455867,-16.86089,24.0,14.36179,-17.443224,1.4921328,21.170773,14.407892,-31.73403,-35.10558,-26.533241,52.21257,63.836967,-52.904297,27.89099,-15.412935,-23.437752,0.6691825,44.906258,-38.861183,-21.312094,-14.221537,55.49143,-24.798014,0.0,10.860989,-17.033033,-33.628365,126.392,14.267496,0.0
288,-24.13829803466797,37.16012954711914,95.3655776977539,11.533048084168895,9.543448453603597,33.784183612398344,14.982091,-16.520344,23.547056,13.860946,-17.731102,1.4453453,21.365084,15.758929,-30.912498,-33.6862,-25.594135,51.332954,63.823524,-52.974144,27.493565,-15.032919,-23.876654,1.2234659,44.619892,-37.694,-20.976042,-15.051325,54.370533,-24.551054,0.0,9.597131,-18.165781,-31.191216,126.40378,13.927548,0.0
289,-23.65460968017578,37.28985595703125,95.91864776611328,11.194476527359301,9.324547765050363,34.47073182721602,14.54966,-16.10497,23.052437,13.536665,-17.808043,1.4093095,21.502014,16.399075,-30.223576,-31.761427,-24.74693,50.504368,63.821064,-53.025814,27.331894,-14.6753845,-23.746117,2.044577,44.188835,-36.46113,-20.57602,-15.941832,53.050034,-24.198658,0.0,8.116777,-19.237585,-28.90825,126.123,13.310738,0.0
290,-23.154476165771484,37.41583251953125,96.54004669189453,10.82631183644182,9.095016759682833,35.20157943928203,14.133283,-15.622899,22.565495,13.037986,-17.875017,1.3682886,21.660885,16.989466,-29.454124,-29.651762,-23.855469,49.242916,63.825138,-53.083393,27.2156,-14.335503,-23.10258,3.1485145,43.76043,-35.108524,-20.091375,-16.900023,51.506073,-23.743977,0.0,6.476041,-20.290436,-26.77263,125.53046,12.524759,0.0
291,-22.653261184692383,37.52811050415039,97.22319030761719,10.424597870963241,8.864630755263951,35.938018953063875,13.723811,-15.085841,22.071947,12.403653,-17.913092,1.3230969,21.832941,17.463444,-28.490433,-27.448677,-22.942938,47.749233,63.8342,-53.149075,27.132574,-14.074298,-22.26611,4.2989407,43.444885,-33.66441,-19.496452,-17.882467,49.741924,-23.176395,0.0,4.7176385,-21.277534,-24.804193,124.65487,11.564086,0.0
292,-22.147939682006836,37.646484375,97.95915222167969,9.98157492072713,8.638220833733957,36.64206518805693,13.310726,-14.501493,21.56034,11.684259,-17.90567,1.2766181,22.012081,17.779953,-27.169674,-25.1452,-22.025013,46.217712,63.843845,-53.227016,27.038074,-13.930002,-21.598953,5.263179,43.36589,-32.132786,-18.770458,-18.84404,47.762844,-22.504202,0.0,2.9076922,-22.161184,-23.045252,123.51218,10.435015,0.0
293,-21.641582489013672,37.770660400390625,98.74461364746094,9.49441635175935,8.40973928962296,37.31299225154798,12.902816,-13.864984,21.03798,10.907321,-17.841948,1.2315513,22.196795,17.917162,-25.46166,-22.460835,-21.11027,44.712704,63.851185,-53.324448,26.918867,-13.879885,-21.221529,5.90692,43.763706,-30.501738,-17.903297,-19.78011,45.551,-21.722847,0.0,1.0950207,-23.006174,-21.57352,122.102684,9.018497,0.0
294,-21.141347885131836,37.88768768310547,99.5758056640625,8.967592653240803,8.18461027552341,37.96682656120303,12.507151,-13.176546,20.504938,10.078888,-17.7145,1.1846466,22.404835,17.857683,-23.453867,-19.359001,-20.242805,43.158405,63.8554,-53.45725,26.76734,-13.904208,-20.952581,6.3501577,44.553387,-28.779127,-16.895493,-20.698196,43.08755,-20.814177,0.0,-0.727115,-23.83902,-20.393639,120.420425,7.3342695,0.0
295,-20.630172729492188,38.006587982177734,100.44012451171875,8.401336816496373,7.969501801812059,38.60038876779217,12.0997,-12.441658,19.950228,9.215845,-17.515966,1.137511,22.650211,17.562815,-21.12903,-16.238129,-19.447014,41.528744,63.85221,-53.640667,26.515234,-14.052582,-20.672121,6.7460637,45.37715,-26.98046,-15.745195,-21.575987,40.3988,-19.786486,0.0,-2.5501435,-24.555067,-19.446266,118.458626,5.60084,0.0
296,-20.11743927001953,38.11492156982422,101.35343170166016,7.798967931355887,7.760232201485902,39.21135987130271,11.653782,-11.659047,19.37734,7.6123157,-17.014828,1.0953535,22.90904,16.821173,-18.241243,-13.320685,-18.973768,40.003147,63.836884,-53.857044,25.915096,-14.443551,-20.134943,7.243908,46.113216,-25.249502,-14.53954,-22.37778,37.761547,-18.736467,0.0,-4.3693433,-25.05122,-18.645288,116.19452,4.073487,0.0
297,-19.611934661865234,38.2172966003418,102.28096008300781,7.154523527689234,7.593304225688671,39.77160750403852,11.198394,-10.827925,18.75562,6.573164,-16.540653,1.0717564,23.14681,15.88244,-15.195533,-10.912889,-18.160267,38.44641,63.808353,-54.05357,25.121048,-14.876592,-19.646013,7.837838,46.508972,-23.547895,-13.226266,-23.118662,35.00362,-17.570034,0.0,-6.289392,-25.21179,-17.81802,113.648964,2.6830893,0.0
298,-19.1123046875,38.3279914855957,103.21526336669922,6.468548365909911,7.445417972913448,40.29958665966369,10.7308655,-9.942495,18.105438,5.699432,-16.00435,1.0726153,23.377886,14.759063,-11.775562,-8.634817,-17.269394,36.82103,63.764267,-54.218327,24.120245,-15.393864,-19.155514,8.483602,46.830673,-21.832151,-11.792562,-23.795965,32.10497,-16.290535,0.0,-8.208197,-25.147696,-17.068817,110.81193,1.3346403,0.0
299,-18.639415740966797,38.44567108154297,104.13658905029297,5.769591469851911,7.320279372901067,40.801816614418115,10.233877,-9.0311,17.441359,4.908043,-15.411003,1.102161,23.609646,13.443525,-8.114489,-6.7759647,-16.442482,35.016716,63.701653,-54.329548,22.894447,-16.014885,-18.4768,9.080533,46.858974,-20.171425,-10.299675,-24.339088,29.207096,-14.965162,0.0,-10.038005,-25.045622,-16.494314,107.71038,0.16226397,0.0
300,-18.184476852416992,38.5534553527832,105.0373306274414,5.0849330158296855,7.221327592584195,41.28419651340006,9.688564,-8.121723,16.777435,4.200644,-14.78545,1.1634657,23.845787,11.918878,-4.340131,-5.658521,-15.787203,32.944542,63.616844,-54.35754,21.427486,-16.747969,-17.42909,9.524768,46.362354,-18.62783,-8.817199,-24.681389,26.440403,-13.652529,0.0,-11.708391,-25.06973,-16.199392,104.36967,-0.70260394,0.0
301,-17.748952865600586,38.666412353515625,105.9082260131836,4.3923658464362,7.150657024997712,41.75793480787175,9.090179,-7.177543,16.10549,3.3424537,-13.896257,1.340656,24.252401,9.384052,-0.48541084,-5.718036,-15.334006,31.427208,63.4235,-54.17469,18.859043,-17.394142,-16.074747,9.51483,46.144093,-17.173624,-7.306943,-24.890228,23.653536,-12.216058,0.0,-13.211626,-25.22882,-16.219893,100.76351,-1.1645232,0.0
302,-17.34143829345703,38.785274505615234,106.7342758178711,3.6886738571893014,7.106671643561126,42.21566460603002,8.469608,-6.205162,15.423171,2.7683268,-13.17612,2.5467796,24.911905,6.476158,2.5975685,-7.051916,-14.843657,30.174938,62.35537,-52.26531,16.157694,-17.115932,-15.830675,9.235058,46.358356,-15.7699375,-5.759925,-24.952147,20.803526,-10.631179,0.0,-14.579352,-25.434397,-16.479935,96.881744,-1.3300753,0.0
303,-16.943342208862305,38.907386779785156,107.49642944335938,3.0283617430608762,7.083835892438622,42.63648204844916,7.8074026,-5.272453,14.759024,2.3045986,-12.470461,3.8838851,25.28679,4.3207164,5.688125,-8.371614,-14.214897,27.91164,60.997772,-50.26732,14.221081,-16.8725,-15.251072,9.086306,45.382812,-14.460784,-4.3060613,-24.660025,18.188894,-9.125215,0.0,-15.815649,-25.703989,-16.921795,92.76859,-1.3591588,0.0
304,-16.55910873413086,39.032081604003906,108.1913833618164,2.464661579902849,7.076421459032321,42.99994140365695,7.127202,-4.4474115,14.146263,1.948064,-11.815203,5.3637414,25.748627,2.1351147,8.56563,-8.92139,-13.37846,25.58137,59.345345,-48.120735,12.4449625,-16.664368,-13.9768,8.801785,43.79496,-13.310125,-3.094284,-23.785004,16.157516,-7.9608145,0.0,-16.928661,-26.064917,-17.485403,88.45474,-1.3955257,0.0
305,-16.180341720581055,39.160770416259766,108.79927825927734,2.005728717988728,7.092162554045378,43.32141895337811,6.4152255,-3.735656,13.571396,1.695408,-11.190696,6.983199,26.335419,-0.06802826,11.28367,-8.638743,-12.337064,23.062454,57.401356,-45.785667,10.7170725,-16.447021,-11.950072,8.242943,41.55855,-12.316253,-2.1598368,-22.04879,14.692127,-7.150852,0.0,-17.913055,-26.54868,-18.223824,83.920456,-1.476581,0.0
306,-15.839033126831055,39.283119201660156,109.33219146728516,1.6255099316241342,7.130314135665832,43.605509426980255,5.6655474,-3.1033518,13.02242,1.5386078,-10.588063,8.727293,27.081064,-2.30851,13.917339,-7.916425,-11.155347,20.381609,55.171688,-43.257126,8.933074,-16.175817,-9.408632,7.378529,38.791706,-11.462699,-1.4471095,-19.48535,13.660014,-6.5769114,0.0,-18.768099,-27.118315,-19.152958,79.13811,-1.5148106,0.0
307,-15.518157005310059,39.42387390136719,109.8179702758789,1.3240209356279873,7.171239637117901,43.81527316293018,4.9041686,-2.5640996,12.527566,1.4895347,-10.069237,10.5749035,28.012436,-4.6083145,16.335123,-6.628081,-9.950133,17.777899,52.67665,-40.63277,7.276007,-15.938907,-6.428649,6.31629,35.547764,-10.820108,-0.94187427,-16.36513,13.273901,-6.313541,0.0,-19.509153,-27.685143,-20.16333,74.10743,-1.4574759,0.0
308,-15.209007263183594,39.55069351196289,110.22294616699219,1.0991284561576504,7.193311160224716,43.91275745281682,4.15701,-2.1325004,12.114203,1.5605727,-9.695501,12.504422,29.148825,-7.0139484,18.396149,-4.68913,-8.849934,15.461896,49.94313,-38.032875,5.955448,-15.831176,-3.002953,5.1417785,31.824528,-10.445465,-0.58321357,-13.0631275,13.716919,-6.4193707,0.0,-20.151781,-28.155972,-21.136372,68.817696,-1.253825,0.0
309,-14.88833999633789,39.678466796875,110.52705383300781,0.972167499136087,7.191044297559113,43.888923774479224,3.4127429,-1.8315566,11.796023,1.7648948,-9.487721,14.510242,30.554823,-9.599674,20.067568,-1.833781,-7.8819423,13.384858,46.979195,-35.556934,4.969496,-15.885898,1.1645027,3.6530168,27.433989,-10.459548,-0.3518339,-9.536946,15.322316,-7.1003885,0.0,-20.656898,-28.542852,-22.134073,63.16216,-0.86171204,0.0
310,-14.563484191894531,39.78572463989258,110.72118377685547,0.9272663560132921,7.171479044122647,43.759478226429906,2.6627967,-1.645066,11.552537,2.0924234,-9.415221,16.583693,32.29015,-12.355549,21.37824,1.704301,-7.035578,11.406414,43.788685,-33.26706,4.205602,-16.064926,6.030911,1.6364046,22.453203,-10.709411,-0.1153759,-5.649356,17.715311,-8.199929,0.0,-21.010431,-28.841623,-23.183859,57.127117,-0.30122697,0.0
311,-14.234823226928711,39.8762092590332,110.80856323242188,0.9164747300594281,7.13194938604051,43.52842173103177,1.9337995,-1.538476,11.359635,2.5202656,-9.460247,18.70956,34.319893,-15.21476,22.295124,5.254719,-6.3545585,9.599924,40.394367,-31.222054,3.7054892,-16.35216,11.182891,-0.7864971,17.20248,-10.897041,0.25950092,-1.808444,20.157284,-9.282742,0.0,-21.286734,-28.96051,-24.083384,50.84831,0.38590008,0.0
312,-13.902563095092773,39.954376220703125,110.78889465332031,0.8968843877088735,7.072615154771531,43.202411878830056,1.2528528,-1.4776108,11.1924515,3.0246184,-9.606589,20.889471,36.526394,-18.09367,22.839312,8.208788,-5.8508596,8.061058,36.83109,-29.443892,3.4944274,-16.735672,16.265656,-3.394326,11.914226,-10.814101,0.7677725,1.4751872,22.072535,-9.955775,0.0,-21.548956,-28.824736,-24.628094,44.42935,1.1719592,0.0
313,-13.53729248046875,40.03030014038086,110.65857696533203,0.9042958386236365,6.984233276772205,42.78329113022927,0.6245276,-1.5097101,11.051667,3.600077,-9.923838,23.157558,38.85845,-21.13463,23.04371,10.420922,-5.597533,6.910394,33.11211,-27.911308,3.5861557,-17.288301,21.54935,-6.268424,6.304195,-10.53095,1.2623503,3.8261993,23.592972,-10.081752,0.0,-21.668621,-28.433784,-24.731018,37.559647,2.1656497,0.0
314,-13.154382705688477,40.0816535949707,110.41497039794922,0.9510384852594282,6.869938400422727,42.26964802938356,0.036139827,-1.6370428,10.943596,4.253028,-10.400396,25.54944,41.283504,-24.2944,22.917448,12.298233,-5.524886,6.085972,29.231009,-26.604858,3.8654144,-18.02283,27.047045,-9.628412,0.37438685,-10.156306,1.6668603,5.344194,24.98605,-9.879869,0.0,-21.454092,-27.796124,-24.588022,29.957935,3.493253,0.0
315,-12.741888046264648,40.12459945678711,110.06134796142578,0.9610704685565118,6.747334236974992,41.665093984842386,-0.51137406,-1.7573085,10.855458,4.979536,-10.897086,28.075584,43.637047,-27.21077,22.500874,14.099704,-5.4249063,5.4063373,25.204483,-25.492147,4.166398,-18.81272,32.110973,-13.211237,-5.3330693,-9.607364,2.0299637,6.224947,25.986128,-9.57294,0.0,-20.754538,-26.839195,-24.518694,21.582489,5.2575345,0.0
316,-12.301630973815918,40.16801452636719,109.58231353759766,0.8604707862631432,6.626733916534657,40.97636055096805,-1.020958,-1.7690849,10.782623,5.7789197,-11.269951,30.715385,45.726677,-29.557032,21.859467,16.064447,-5.1090045,4.669271,21.076271,-24.536264,4.346937,-19.522804,36.19836,-16.544937,-10.371656,-8.847068,2.4445844,6.700409,26.453033,-9.514276,0.0,-19.101055,-25.364195,-25.076996,11.816457,7.863808,0.0
317,-11.822017669677734,40.21986770629883,108.89459991455078,0.5914015506090331,6.524659595740488,40.22290005614132,-1.5275311,-1.5903482,10.689505,6.6533947,-11.444122,32.397438,46.809372,-32.04197,22.10849,18.388237,-4.621175,3.8355997,18.491468,-23.742136,4.062874,-21.744642,39.16375,-19.371843,-15.007904,-8.135266,3.0184934,6.3701096,26.785576,-10.121035,0.0,-18.577993,-24.044718,-24.988094,3.9833422,9.616181,0.0
318,-11.315078735351562,40.279624938964844,108.06585693359375,0.2079788273787038,6.394586564530569,39.41205474483641,-2.0352497,-1.3042603,10.631237,7.5710483,-11.510349,34.096333,47.628105,-34.325024,22.211727,20.663942,-4.0237446,2.9579668,15.864097,-22.981676,3.7589445,-24.063824,41.422115,-21.759956,-19.473724,-7.5065084,3.6667135,5.155739,27.172754,-11.348277,0.0,-22.490969,-24.235191,-22.095444,3.8523324,7.6056075,0.0
319,-10.809406280517578,40.31853103637695,107.22882843017578,-0.18077742651367545,6.188677930700864,38.52141023874184,-2.4871583,-1.0386395,10.683714,8.415046,-11.556203,35.777645,48.13063,-36.34475,22.264378,22.878199,-3.3472397,2.067185,13.249789,-22.30353,3.4726849,-26.22463,42.994736,-23.96418,-23.629288,-6.4999857,4.2182894,3.9183128,26.938646,-12.7263155,0.0,-26.222082,-24.279694,-19.311283,3.798819,5.7565627,0.0
320,-10.312122344970703,40.33184051513672,106.43035125732422,-0.44384649259473136,5.851040721231913,37.52938738466446,-2.834166,-0.94633955,10.936469,9.445872,-11.670117,37.28646,48.31405,-38.140247,22.421452,24.90342,-2.601299,1.11077,10.907155,-21.723877,3.2253792,-28.295135,43.861156,-26.250057,-27.277412,-5.066211,4.5801153,3.419857,26.301249,-14.2132015,0.0,-29.605986,-24.263714,-16.644905,3.89285,4.1893725,0.0
321,-9.812090873718262,40.3155403137207,105.64087677001953,-0.6186890964490964,5.2450966850054535,36.32199443289566,-3.0668414,-1.0128218,11.543889,10.567143,-11.834826,39.158943,48.203037,-39.484127,21.968405,26.940626,-1.3455373,0.45545188,7.92719,-21.15406,3.3068619,-29.19239,44.089115,-28.413712,-30.132174,-3.0315108,4.8047485,4.0626316,25.41812,-16.11708,0.0,-32.282116,-23.972242,-14.299533,3.807805,2.9951653,0.0
322,-9.33525562286377,40.30909729003906,104.91424560546875,-0.6969328006765543,4.491879444288299,34.920700964139094,-3.1889806,-1.2184745,12.372593,11.641164,-12.005233,40.934555,47.732185,-40.522747,21.544024,28.85163,-0.07902264,-0.40881225,5.103585,-20.635635,3.5204017,-30.362406,43.58728,-30.268688,-32.70965,-0.5757372,4.848585,5.444312,24.237127,-18.349047,0.0,-34.67804,-23.422194,-12.054719,3.8745334,2.0464745,0.0
323,-8.901287078857422,40.27165985107422,104.28265380859375,-0.6606109145891482,3.7111896422164614,33.607780666968,-3.2567518,-1.5398164,13.267647,13.247907,-12.33515,42.47781,47.03784,-41.349396,21.033754,30.60051,1.2717634,-1.3417679,2.6596859,-20.182852,3.7446086,-31.044144,42.74776,-32.14942,-34.90553,1.9533836,4.721301,7.0167966,22.905016,-20.42023,0.0,-36.713326,-22.832554,-10.137241,4.0633907,1.5668956,0.0
324,-8.496339797973633,40.22285842895508,103.75241088867188,-0.4988315985913829,3.046927123826093,32.64771571872862,-3.3209581,-1.9599009,14.060334,14.477517,-12.79072,44.168053,46.13113,-41.779945,20.805368,31.928724,1.9850444,-2.241976,-0.09091029,-19.808895,3.9568129,-31.10044,41.491783,-33.538124,-37.608482,4.179406,4.4732637,8.248553,21.568674,-21.838442,0.0,-38.250736,-22.441397,-8.74224,4.080501,1.8182249,0.0
325,-8.108675003051758,40.13908004760742,103.30461120605469,-0.14907116142066623,2.472989039991988,32.00015481549396,-3.3782077,-2.5935597,14.788319,15.425078,-13.481173,45.712074,45.213192,-41.59732,20.55082,33.306217,2.202077,-3.2151866,-2.600307,-19.493307,4.010769,-29.761063,40.453316,-34.962246,-40.055607,6.117762,4.0145583,9.203156,20.255848,-22.561733,0.0,-39.535866,-22.42429,-7.8712835,4.2541914,2.962513,0.0
326,-7.6787261962890625,39.99415588378906,102.98521423339844,0.35695020762884,1.9607661133432832,31.535874915140838,-3.3925228,-3.410528,15.503367,15.984744,-14.134098,47.354805,44.17871,-41.13333,20.432606,34.01169,1.8233787,-4.1505127,-5.2630587,-19.212965,4.194547,-28.254816,38.96753,-35.95107,-42.881912,7.9082513,3.35564,10.116821,18.852179,-22.788073,0.0,-40.471333,-22.639585,-7.369612,4.350408,4.958545,0.0
327,-7.108932018280029,39.816837310791016,102.85261535644531,0.819391261826009,1.5345178267617219,31.471529080986787,-3.3880343,-4.1247563,16.11932,16.608305,-15.07491,48.810455,43.217472,-40.157692,20.191523,34.57988,1.3410221,-5.202422,-7.6093283,-18.999096,4.3068447,-25.775156,37.776783,-36.575733,-45.006413,9.359822,2.8635578,10.640535,17.602018,-22.581343,0.0,-41.0324,-22.97906,-7.1332526,4.513075,7.101551,0.0
328,-6.393045425415039,39.633663177490234,102.88967895507812,1.1399127165036806,1.3407846480548493,31.972334284467525,-3.3775873,-4.5412273,16.444376,16.862986,-15.687289,50.32065,42.315083,-38.676285,19.906668,34.433395,0.8579671,-6.2390037,-10.021864,-18.883823,4.231631,-22.61331,37.06208,-36.165016,-46.28648,10.090489,2.8083975,10.437418,16.867619,-22.056135,0.0,-41.213215,-23.35338,-6.9410696,4.5181313,8.829384,0.0
329,-5.596246719360352,39.42271041870117,103.0629653930664,1.157350905743019,1.2831913847744534,33.273892572616695,-3.4414167,-4.4410577,16.548548,16.709642,-16.2434,51.618774,41.732723,-36.45839,19.456501,34.0297,0.38679114,-8.036262,-12.049947,-18.898272,3.6841586,-18.247839,37.21286,-35.034737,-46.228878,10.10855,3.4896808,9.307004,16.905863,-21.322248,0.0,-40.539207,-23.794458,-7.408668,4.1992955,9.953125,0.0
330,-4.779778480529785,39.165565490722656,103.33523559570312,1.004129075419948,1.362895334256121,35.21300208258185,-3.5502975,-4.016697,16.47371,16.05959,-16.331146,53.214993,41.426285,-33.559464,18.713242,32.92629,-0.12212167,-10.114809,-14.369419,-19.017803,2.903231,-12.944112,37.341373,-33.104366,-45.662865,9.520972,4.643581,7.466806,17.541977,-20.351809,0.0,-39.595306,-24.350748,-8.098379,4.3140507,10.462677,0.0
331,-3.934420585632324,38.86200714111328,103.69684600830078,0.7956100879278297,1.5859881767143702,37.47345271217014,-3.5967078,-3.477339,16.223146,14.940935,-16.144897,54.409595,41.46517,-30.507618,17.76755,30.851454,-0.5461647,-12.024288,-15.940672,-19.204521,1.9885886,-7.4877286,37.58,-30.8408,-43.633915,8.459603,5.9733477,5.210951,18.464163,-19.072073,0.0,-38.163223,-24.818659,-8.752297,4.115863,10.905214,0.0
332,-3.06352162361145,38.54416275024414,104.12120819091797,0.6393031344827861,1.9210536390212058,39.75627926012839,-3.4997296,-3.0310092,15.8278885,14.28955,-15.857885,55.35215,41.564335,-27.472479,16.661592,27.837158,-0.8137896,-12.818109,-17.004658,-19.407574,1.1986655,-2.1866522,37.748165,-28.265287,-39.960613,7.019719,7.227963,2.8037555,19.510515,-17.478882,0.0,-36.83228,-25.15772,-8.634136,4.116831,11.246008,0.0
333,-2.153837203979492,38.194801330566406,104.61195373535156,0.5926098925390162,2.4593319906013003,42.00304497239805,-3.178612,-2.733866,15.160741,13.451303,-15.205617,56.19203,41.618866,-23.360998,15.130579,24.378487,-1.2610526,-13.055866,-17.776342,-19.63378,-0.23758161,3.9062476,38.569397,-24.887104,-32.714592,4.9963727,8.333594,0.19053616,20.81872,-15.465032,0.0,-35.753044,-25.432089,-7.312592,4.2548995,11.560896,0.0
334,-1.1812489032745361,37.80719757080078,105.15401458740234,0.5903194875040035,3.152156941744744,44.38350559534111,-2.7141156,-2.4717155,14.272905,12.775019,-14.385386,57.18264,41.550922,-18.33498,13.34636,20.450937,-1.8166571,-12.733606,-18.405008,-19.925575,-2.3038976,10.647958,38.87387,-20.683695,-23.284594,2.4978096,9.399604,-2.7202363,22.307882,-13.0309105,0.0,-34.6242,-25.699446,-5.2961307,4.4030128,11.7787695,0.0
335,-0.140663743019104,37.394588470458984,105.72212982177734,0.6273087283417266,3.8888402799216157,46.87371414003701,-2.2019992,-2.2569497,13.332084,12.186059,-13.55291,57.795227,41.3292,-13.807689,11.4955435,15.659273,-2.1734085,-11.414284,-18.563765,-20.291393,-4.029678,17.217894,37.87654,-16.53342,-14.114451,-0.19289581,10.393309,-5.7347608,23.7094,-10.397713,0.0,-33.44846,-25.90519,-3.07579,4.650649,11.846759,0.0
336,0.9495731592178345,36.97160339355469,106.29764556884766,0.6719327678507857,4.5418142219928646,49.46085044295162,-1.729603,-2.0911736,12.5305395,11.4254265,-12.539643,58.18161,40.91917,-9.146314,9.146691,10.310534,-2.615924,-10.458945,-18.387941,-20.700659,-5.4690185,23.55557,35.57911,-12.786333,-5.8813925,-2.751417,11.342215,-8.658304,24.710283,-7.742854,0.0,-32.01696,-25.966917,-1.2898315,4.860021,11.828459,0.0
337,2.073195457458496,36.568294525146484,106.85682678222656,0.7064013627267337,5.120960910829252,52.147574037097726,-1.3107723,-1.9569625,11.851578,10.971241,-11.9878435,58.195286,40.73448,-6.657342,6.426909,3.349923,-2.9595299,-7.4000134,-18.242067,-20.99737,-5.6211195,29.690445,32.077156,-9.863698,0.30263633,-5.192351,12.171322,-12.1920595,25.329819,-4.8771687,0.0,-30.283726,-25.843391,-0.012508914,5.0016294,11.741834,0.0
338,3.2281789779663086,36.181678771972656,107.3821792602539,0.7447893053549031,5.667002944186339,54.95291333808569,-0.9065036,-1.8792351,11.248862,10.425124,-11.32538,58.11411,39.38395,-0.20943558,3.3739426,-3.4208233,-3.754516,-7.7410617,-17.074087,-21.792637,-6.48637,35.153744,27.84293,-6.9313617,6.8550634,-7.598794,12.934264,-16.117626,25.638363,-1.7753335,0.0,-28.256134,-25.606113,0.9712376,5.0557957,11.557165,0.0
339,4.404950141906738,35.79674530029297,107.83746337890625,0.8110501712002909,6.156685601162067,57.84405021443016,-0.51908666,-1.842589,10.761324,10.025498,-11.034977,57.734623,38.21166,3.71828,-0.2598254,-10.872447,-4.5001245,-5.5462036,-15.72117,-22.455235,-5.8711767,40.16375,23.445072,-4.874671,11.711397,-9.955937,13.841456,-19.045753,25.553642,1.1791633,0.0,-26.076488,-25.302673,1.5484766,5.107438,11.246932,0.0
340,5.626687526702881,35.399662017822266,108.22117614746094,0.9379834882973741,6.595575987371465,60.77481946645343,-0.11250252,-1.8878767,10.434064,9.417394,-10.915977,56.94365,36.938305,7.119165,-4.272316,-17.703405,-5.285153,-3.2724886,-13.824297,-23.148106,-4.174473,43.924236,19.727612,-3.4502451,15.135437,-12.354372,15.068642,-19.625353,25.018131,3.710669,0.0,-23.90841,-24.964361,1.7534372,5.161796,10.824801,0.0
341,6.862636089324951,34.979949951171875,108.54096221923828,1.078947378823476,6.946318544272187,63.79892621533348,0.30735388,-1.9834608,10.31267,8.532931,-11.1107435,55.659374,35.68294,9.762083,-8.639435,-24.453144,-6.2056203,-0.525112,-11.286065,-23.859493,-1.0335168,46.544273,17.035885,-2.512279,16.788572,-14.828545,16.896072,-16.897972,24.030077,5.6967344,0.0,-21.645235,-24.513472,1.4743513,5.1485906,10.353704,0.0
342,8.126206398010254,34.531028747558594,108.77404022216797,1.206691694616962,7.205156476567905,66.90967899928675,0.7443394,-2.1161046,10.368281,7.501937,-11.587266,54.18444,34.73154,11.7697,-13.495543,-31.570673,-7.6087313,2.8887684,-8.76321,-24.57062,3.1411242,49.030872,14.823815,-2.022661,17.356638,-17.118189,19.06104,-11.780483,22.529366,7.0397887,0.0,-19.16424,-23.915333,0.67913675,4.9434943,9.883338,0.0
343,9.418113708496094,34.11613082885742,108.89860534667969,1.384860602591283,7.3896355290508,70.00147545559398,1.1942761,-2.3252916,10.552862,6.3624587,-12.15755,51.792767,33.658844,13.176137,-18.048918,-37.797543,-9.302509,6.2292094,-5.0779014,-25.402283,8.028896,49.86975,13.3636675,-1.8414099,17.074068,-18.867298,20.91193,-5.7371354,20.417778,7.6915812,0.0,-16.786821,-23.28114,-0.40733957,4.868167,9.230808,0.0
344,10.747763633728027,33.73686599731445,108.90138244628906,1.7019989942269684,7.509693836030182,73.00252291983134,1.652213,-2.6699762,10.832755,5.1235104,-12.660741,49.178066,32.78445,14.11921,-22.51499,-42.63508,-11.319391,9.508216,-1.434203,-26.157166,12.726164,50.267242,11.744214,-1.9991626,16.989653,-19.945013,21.908178,-0.23993221,17.599117,8.144476,0.0,-10.09117,-22.555403,-4.549526,-2.277119,12.030317,0.0
345,12.071441650390625,33.387176513671875,108.8316650390625,2.197064880638351,7.616561703229316,75.88334121045209,2.1351357,-3.1848125,11.167642,3.7625747,-13.070953,43.542442,31.654291,13.663968,-24.702898,-45.243244,-13.082244,12.504541,5.7170053,-27.265265,16.68596,46.282314,9.831632,-2.230834,16.207424,-20.036625,21.942522,5.277703,13.173731,9.079767,0.0,-12.831012,-22.367844,-3.133727,5.3236747,7.4142613,0.0
346,13.38683795928955,33.05687713623047,108.64397430419922,2.8102431178445224,7.6489718669799425,78.70092756534615,2.6493413,-3.833021,11.6102915,2.27633,-13.47052,37.74786,30.867037,12.957028,-26.876467,-46.96739,-15.04061,15.850988,12.353081,-28.423351,20.778051,42.68301,7.3338275,-3.0479758,15.369376,-18.374933,21.087624,11.885296,5.708915,11.121254,0.0,-13.083818,-22.133564,-3.5631542,8.837852,4.8643494,0.0
347,14.66055965423584,32.73750686645508,108.27957153320312,3.468638146696892,7.599081385665819,81.42671761965045,3.2005746,-4.51061,12.170959,0.71262854,-13.843653,31.798733,30.095232,12.061257,-28.771053,-47.55031,-16.883356,19.029766,18.484613,-29.737349,24.681993,39.32737,4.767115,-3.9250708,14.627182,-20.5972,20.633812,15.194792,4.6043196,9.839373,0.0,-13.357721,-22.050976,-4.326332,12.308146,2.148017,0.0
348,15.908178329467773,32.428985595703125,107.84214782714844,4.129422890254681,7.499207105897292,84.05372173161703,3.7591753,-5.1668897,12.817387,-0.86754435,-14.175112,28.357346,29.412907,11.916244,-32.2452,-47.36085,-18.769543,21.821579,21.742952,-30.526255,28.85757,38.573284,2.89957,-4.666149,14.65889,-22.938675,20.313908,16.503885,3.9281871,8.51863,0.0,-13.285343,-22.142756,-5.7051206,15.104204,-0.5613774,0.0
349,17.123340606689453,32.15371322631836,107.21397399902344,4.757291848353152,7.344155314422734,86.61915753524951,4.364506,-5.747693,13.555746,-2.453257,-14.3950205,25.16458,28.600113,11.659147,-35.66813,-45.641953,-20.03914,24.017757,24.576477,-31.121172,32.620884,37.83658,1.9163126,-5.0981464,15.207232,-25.881645,20.01498,14.89386,4.4056044,6.835284,0.0,-12.889784,-22.4243,-7.8582516,17.347233,-3.4594424,0.0
350,18.320981979370117,31.914520263671875,106.61854553222656,5.439534245230569,7.1443535215545575,89.1293812560626,4.9969487,-6.355572,14.376046,-4.3238025,-14.576916,21.940634,27.700811,11.173202,-38.615543,-42.5073,-20.863482,25.775639,27.26611,-31.492495,36.223576,36.490494,1.518648,-5.0428357,15.868366,-28.53922,19.341564,11.560868,4.4936733,5.4268374,0.0,-12.130731,-22.860289,-10.650606,18.910444,-6.2539496,0.0
351,19.48526382446289,31.694435119628906,105.99990844726562,6.080088517483207,6.894513146882467,91.46085116546911,5.658533,-6.8973336,15.286149,-5.701253,-14.715432,17.877537,26.688463,10.397785,-40.664204,-38.721226,-21.202759,27.465721,30.446102,-31.82338,39.25062,34.618473,1.1495372,-4.928263,16.593575,-31.028605,18.636837,7.3537374,4.742489,4.0548043,0.0,-11.392237,-23.318039,-13.377821,20.358816,-8.889344,0.0
352,20.59991455078125,31.45648193359375,105.33036804199219,6.612912844000701,6.577592316882752,93.4720791450866,6.3519144,-7.319422,16.31667,-7.2640543,-14.97296,13.677599,25.798079,9.533961,-42.00548,-35.141697,-21.697302,29.323544,33.544144,-32.153015,41.60617,32.531765,0.53164864,-4.4336004,17.480692,-33.131073,18.187511,3.3186688,5.1480207,2.7678347,0.0,-10.983979,-23.722467,-15.394965,22.152294,-11.324813,0.0
353,21.650537490844727,31.197776794433594,104.67686462402344,7.033086170858561,6.154968580187803,95.14828353774439,7.1173644,-7.5808067,17.542013,-8.346242,-15.237329,10.066434,25.027164,8.760448,-43.421646,-31.82465,-22.337341,31.435156,36.042503,-32.362877,43.438324,30.754456,-0.07328516,-3.779316,18.908045,-34.49207,18.039507,-0.7854424,5.1487274,1.7055305,0.0,-10.823547,-24.05894,-16.599606,24.256721,-13.6007395,0.0
354,22.664472579956055,30.911678314208984,104.0384521484375,7.385631603948366,5.649458521045833,96.55994249656972,7.9425826,-7.7231097,18.930124,-9.551891,-15.640428,6.100861,24.25095,7.7903733,-44.336308,-28.294098,-22.743612,33.688053,38.668476,-32.48783,44.67534,28.579466,-0.720826,-2.8943274,20.607603,-35.676308,18.00289,-5.5502553,5.4971724,0.50728714,0.0,-10.987825,-24.400204,-17.20585,26.775768,-15.923523,0.0
355,23.653026580810547,30.596033096313477,103.4916763305664,7.678064147502565,5.1661375635367355,97.7108944099802,8.712116,-7.8271904,20.332232,-10.587242,-16.122856,2.150374,23.56645,6.936496,-44.687195,-24.89194,-23.173288,36.13298,41.122192,-32.56194,45.460506,26.251444,-1.5380795,-1.7818449,22.35346,-36.444416,18.05793,-9.730684,5.774751,-0.3556315,0.0,-11.537012,-24.692873,-17.399944,29.524311,-18.116104,0.0
356,24.643564224243164,30.22837257385254,103.00254821777344,7.919433170112171,4.803219709969561,98.60653578328368,9.310813,-7.983975,21.611387,-11.332004,-16.73245,-1.7110988,22.992527,6.3958616,-44.54856,-21.882397,-23.573416,38.992554,43.359806,-32.669952,45.904755,24.144888,-2.546251,-0.74901485,23.9699,-36.78833,18.248793,-12.229121,5.9312234,-0.56647027,0.0,-12.547734,-24.926483,-17.347141,32.379826,-20.027098,0.0
357,25.6400203704834,29.80219078063965,102.57261657714844,8.124280555654302,4.607474263113071,99.17849170522496,9.72793,-8.241964,22.776375,-11.750619,-17.758108,-5.094672,22.505152,6.218673,-44.3472,-19.341326,-24.133505,42.367992,45.167324,-32.870747,46.158825,22.3939,-3.6335478,0.25192994,25.593994,-36.707085,18.717987,-12.62388,5.9420056,0.09629075,0.0,-14.273773,-25.136295,-16.931765,35.52027,-21.609241,0.0
358,26.589733123779297,29.35665512084961,102.181884765625,8.223645912758473,4.518163966899653,99.41538166746432,10.039529,-8.490407,23.876997,-11.654646,-18.690765,-8.607664,22.051311,6.2586927,-43.2867,-17.285933,-24.531145,45.881493,46.864258,-33.202312,46.01871,20.48492,-4.921313,1.2301916,27.157372,-36.23257,19.566214,-11.639684,5.8407397,1.3900777,0.0,-16.324696,-25.240969,-16.228907,38.63104,-22.8402,0.0
359,27.517553329467773,28.92485237121582,101.82618713378906,8.219292565011294,4.784165383285681,99.54634735885242,10.094397,-8.758132,24.0,-11.267851,-19.770823,-12.170498,21.678137,6.5539894,-41.22871,-15.68254,-25.01145,49.292816,48.459053,-33.6101,45.563824,18.68626,-6.095416,2.2964892,28.708729,-35.789513,20.547522,-9.842964,5.628635,3.0478578,0.0,-18.792803,-25.122345,-15.365531,41.502815,-23.799086,0.0
360,28.40900993347168,28.505569458007812,101.51597595214844,8.16908005606778,5.067086563763209,99.69218597419692,9.934799,-9.034419,24.0,-10.834702,-20.427221,-15.183996,21.398048,7.0310907,-39.20936,-14.0823965,-25.182713,52.885033,49.730305,-33.897316,44.857586,17.330526,-6.9668403,3.0747905,29.82294,-35.206825,21.44546,-7.6939235,5.731028,4.4931803,0.0,-20.918255,-24.856646,-14.684153,43.872166,-24.61852,0.0
361,29.28411102294922,28.118661880493164,101.31826782226562,8.114767404451488,5.346412258875736,99.85308669302268,9.543312,-9.400212,24.0,-10.359452,-20.860395,-18.133875,21.198626,7.5911827,-36.673126,-12.377061,-25.178617,56.80943,50.921265,-34.027664,43.674255,16.157497,-7.7703266,3.7498655,30.431261,-33.984333,22.263193,-4.5424795,5.563308,5.895032,0.0,-22.496294,-24.44399,-14.287757,45.45787,-25.207619,0.0
362,30.125797271728516,27.766475677490234,101.19046020507812,8.032167280063204,5.62152807678385,99.93076020734297,8.966462,-9.82319,24.0,-9.823545,-21.106153,-23.059698,21.087646,8.328379,-31.64788,-11.197931,-24.984886,60.12655,52.80829,-34.102535,41.44377,14.488246,-8.994338,4.415695,30.78001,-32.481026,23.06436,-0.5282849,5.7656126,7.065514,0.0,-23.759094,-23.911457,-14.001768,46.55907,-25.607052,0.0
363,30.8572940826416,27.461402893066406,100.97914123535156,7.848553909068288,5.816335192958483,99.94564882343838,8.281582,-10.142048,24.0,-9.344999,-21.159552,-26.721153,21.012537,8.97724,-27.263973,-10.023847,-24.676556,63.261112,54.15657,-33.91997,39.269363,13.388905,-9.768409,4.805552,30.62021,-36.567596,24.027416,-0.2605157,15.488071,3.485354,0.0,-24.89122,-23.330536,-13.708327,47.74425,-26.100515,0.0
364,31.49007225036621,27.18350601196289,100.68179321289062,7.52852398565253,5.923510693540023,99.99696632466369,7.4886465,-10.229178,24.0,-9.012887,-21.045422,-29.342566,20.948803,9.478883,-23.354176,-9.410757,-24.27489,65.338684,55.127056,-33.394436,37.04792,12.768241,-10.192501,4.801271,29.98471,-40.230804,25.160208,-1.0062003,24.768991,0.35066965,0.0,-25.904339,-22.70376,-13.519309,49.111855,-26.712639,0.0
365,32.06882095336914,26.925064086914062,100.34444427490234,7.058229534204063,5.951830650069,100.1959721833845,6.4881625,-10.047649,24.0,-8.863888,-20.726318,-31.11322,20.88485,9.803069,-19.744762,-9.543644,-23.795609,66.32626,55.826977,-32.51611,34.64509,12.631931,-10.241295,4.2813325,28.712048,-43.101013,26.141737,-2.85564,32.9296,-1.8501863,0.0,-26.657404,-22.006096,-13.642476,50.4809,-27.365421,0.0
366,32.57149124145508,26.668188095092773,99.9879150390625,6.470763844763994,5.92895093274483,100.48806757081417,5.29049,-9.681155,24.0,-8.839574,-20.222738,-32.16015,20.82711,9.934946,-16.319368,-10.2034855,-23.28822,66.60759,56.31981,-31.377256,31.996645,12.863085,-10.019133,3.3748615,26.876812,-45.571663,26.871487,-5.5484796,40.719776,-3.566209,0.0,-27.171913,-21.247446,-14.00681,51.739693,-27.99108,0.0
367,33.02188491821289,26.42302894592285,99.61483764648438,5.807238663299694,5.8993207415852265,100.75264825482469,4.0338798,-9.192219,24.0,-8.911632,-19.62387,-32.58554,20.785145,9.808629,-13.062166,-11.256229,-22.817598,66.027565,56.640545,-30.145107,29.198149,13.16397,-9.676505,2.3237898,24.81114,-47.504227,27.281872,-8.566765,48.02252,-4.8467026,0.0,-27.604902,-20.426096,-14.421043,52.928753,-28.580038,0.0
368,33.429874420166016,26.1741943359375,99.22896575927734,5.108235872673011,5.901166101678447,100.86630701020381,2.8589423,-8.640501,24.0,-9.050708,-19.017992,-32.470974,20.770418,9.370655,-9.975063,-12.555197,-22.431368,64.427414,56.804493,-28.968466,26.354403,13.26844,-9.326118,1.3707948,22.82884,-48.686874,27.402376,-11.291002,54.672062,-5.7184176,0.0,-28.122084,-19.538979,-14.686204,54.097626,-29.110695,0.0
369,33.786190032958984,25.942825317382812,98.82907104492188,4.386360255392138,5.929881803029856,100.79209368991864,1.8074625,-8.029161,24.0,-9.262738,-18.383295,-31.892511,20.794756,8.693948,-6.9331484,-14.255176,-22.196518,61.565094,56.83403,-27.867287,23.378325,13.215312,-8.897439,0.53864026,20.902065,-49.045757,27.098263,-13.764914,60.853607,-6.3215,0.0,-28.74918,-18.593357,-14.749144,55.276237,-29.569523,0.0
370,34.10039520263672,25.717649459838867,98.42829895019531,3.623087338035525,5.96961258900536,100.59994634910535,0.79973453,-7.3277965,24.0,-9.558535,-17.678808,-30.902472,20.861692,7.8282175,-3.8753228,-16.33147,-21.934376,57.56979,56.74477,-26.831491,20.226082,13.11054,-8.335292,-0.27415305,18.886,-48.685184,26.332806,-16.054914,66.80366,-6.6816545,0.0,-29.39836,-17.58329,-14.72554,56.41675,-29.957775,0.0
371,34.37602996826172,25.514102935791016,98.02964782714844,2.8128420938252314,6.035759802039767,100.32389985043346,-0.20227166,-6.5425735,24.0,-9.914611,-16.966616,-29.517357,20.976639,6.701798,-0.90555775,-18.325697,-21.36733,52.84826,56.517433,-25.90632,17.067188,12.833655,-7.775936,-1.0126535,16.894627,-47.690342,25.424137,-17.622108,72.35351,-6.6587267,0.0,-30.030684,-16.500675,-14.678786,57.472363,-30.309816,0.0
372,34.62052917480469,25.327693939208984,97.63053894042969,1.9496155577705707,6.144122598818005,99.99613129466863,-1.2346755,-5.6778803,24.0,-10.30714,-16.307745,-27.728868,21.150743,5.240929,1.8690223,-19.722528,-20.326017,47.818314,56.11521,-25.118391,14.068372,12.279315,-7.362223,-1.6253141,15.029738,-46.237633,24.76004,-18.079153,77.30515,-6.091851,0.0,-30.62587,-15.335232,-14.6647005,58.40558,-30.65862,0.0
373,34.84602737426758,25.170480728149414,97.22412109375,1.0259622839782352,6.283240672180745,99.58032784848689,-2.2853396,-4.7306595,24.0,-10.739186,-15.717791,-25.552309,21.432642,3.6390908,4.655548,-20.255587,-18.829388,42.24228,55.50915,-24.450666,11.128912,11.465174,-7.4798098,-2.0951004,13.358991,-44.327793,24.48362,-17.312517,81.653244,-4.893065,0.0,-31.1754,-14.060364,-14.660049,59.208782,-31.019371,0.0
374,35.03713607788086,25.025617599487305,96.81375885009766,0.04699920201413996,6.445810644370916,99.07161073210818,-3.3412497,-3.6943557,24.0,-11.219087,-15.156582,-23.03904,21.857801,2.0118735,7.526562,-19.953869,-16.999855,36.066547,54.686943,-23.873203,8.150577,10.530845,-7.9942083,-2.436946,11.7927885,-41.949146,24.422842,-15.577898,85.51553,-3.186976,0.0,-31.700583,-12.69084,-14.645817,59.90029,-31.366673,0.0
375,35.191951751708984,24.88365936279297,96.39457702636719,-0.9952960747883087,6.658877136954219,98.54625779350035,-4.434546,-2.56403,24.0,-11.729413,-14.604842,-20.232725,22.427513,0.12468413,10.187751,-18.785961,-14.941587,29.913198,53.64353,-23.381687,5.3100815,9.519804,-8.273271,-2.6723685,10.204678,-39.305054,24.5089,-13.147228,88.88374,-1.0890392,0.0,-32.22758,-11.253812,-14.687595,60.501736,-31.6855,0.0
376,35.31464385986328,24.75881004333496,95.96528625488281,-2.096734572865609,6.952910116200337,98.0809065310077,-5.597815,-1.3406203,24.0,-12.25284,-14.044365,-17.164051,23.146801,-2.317106,12.348875,-16.822805,-12.758145,24.314472,52.38296,-22.968977,2.806808,8.438073,-7.6740217,-2.857251,8.4759445,-36.596054,24.691948,-10.284766,91.74197,1.2905095,0.0,-32.77097,-9.785263,-14.853926,61.028015,-31.977312,0.0
377,35.414058685302734,24.658145904541016,95.53290557861328,-3.272285571756282,7.349896372488928,97.70765921728868,-6.8757467,0.0072981594,24.0,-12.804608,-13.492385,-13.868867,24.119776,-5.3886013,14.219189,-14.015542,-10.385184,19.028196,50.912403,-22.628218,0.653671,7.191895,-6.1515613,-3.0643492,6.591058,-33.837337,25.131613,-6.8577046,94.05381,4.324266,0.0,-33.330196,-8.27963,-15.194701,61.457226,-32.242294,0.0
378,35.49945831298828,24.56645393371582,95.1007080078125,-4.524062478023226,7.835664838845981,97.37604207970398,-8.236211,1.4794695,24.0,-13.383833,-12.941113,-10.45624,25.514656,-8.858684,16.002361,-10.291011,-7.894416,13.834367,49.247356,-22.353405,-1.2629758,5.77103,-4.0711994,-3.321102,4.6193457,-30.896889,25.82971,-2.7845638,95.866745,7.9713326,0.0,-33.910595,-6.7142487,-15.665695,61.77698,-32.473583,0.0
379,35.56901931762695,24.47568702697754,94.6608657836914,-5.824180719303753,8.386243428938654,97.04097184540153,-9.598109,3.019496,24.0,-13.949129,-12.345129,-7.063121,27.447908,-12.71772,17.384472,-5.9415565,-5.553529,9.170718,47.413486,-22.134027,-2.8996174,4.258183,-1.3747593,-3.6587212,2.5655975,-27.790382,26.451893,1.5691007,97.27942,11.4786825,0.0,-34.530315,-5.10801,-16.191738,62.02045,-32.66773,0.0
380,35.63035583496094,24.38939666748047,94.21649932861328,-7.142376981700963,8.97335980644534,96.66009062081093,-10.881727,4.5625796,24.0,-14.460981,-11.659572,-3.7728674,30.017899,-17.078978,17.99044,-1.4165387,-3.605218,5.4069877,45.438263,-21.957645,-4.201866,2.7178943,2.0280573,-4.119447,0.43210235,-24.63019,26.601282,5.7758994,98.38409,14.058721,0.0,-35.189426,-3.478403,-16.705006,62.20869,-32.81994,0.0
381,35.68226623535156,24.3021183013916,93.77297973632812,-8.50067631490254,9.617992811716496,96.2544569365519,-12.107713,6.123526,24.0,-14.936418,-10.862247,-0.52797043,33.512165,-22.557646,17.581528,3.0571697,-2.0148618,2.7386138,43.337894,-21.809135,-5.0539246,1.0477262,6.866561,-4.823602,-1.7941064,-21.58895,26.038273,9.559512,99.18978,15.380719,0.0,-35.896008,-1.8056642,-17.234919,62.316902,-32.921535,0.0
382,35.732383728027344,24.219257354736328,93.3301773071289,-9.905390484183718,10.32583941107816,95.83204051669698,-13.298819,7.719055,24.0,-15.387718,-9.979547,2.762822,38.185844,-28.994934,16.076998,7.5020976,-0.6486905,0.8849738,41.12018,-21.689302,-5.504019,-0.8498823,12.852336,-5.900104,-4.05193,-18.723404,24.94325,13.084962,99.651375,15.896383,0.0,-36.649014,-0.090284325,-17.804403,62.337467,-32.97774,0.0
383,35.762535095214844,24.145524978637695,92.88826751708984,-11.29507791735683,11.037899760227479,95.33574002838678,-14.383155,9.283485,24.0,-15.7691965,-9.058708,6.168831,43.681534,-35.25967,13.446649,12.097919,0.4095357,-0.53652936,38.796646,-21.606314,-5.7478714,-2.871139,18.568861,-7.2868357,-6.2435055,-16.008194,23.543919,16.557693,99.77497,15.985259,0.0,-37.43403,1.6018195,-18.324913,62.323963,-32.993313,0.0
384,35.7930908203125,24.056148529052734,92.45001220703125,-12.608423584913309,11.689684714491822,94.71281666300732,-15.293334,10.749871,24.0,-16.036406,-8.150566,9.722707,49.261738,-40.231213,10.064409,17.082054,1.0090997,-1.9752456,36.383354,-21.564318,-5.968235,-4.8678255,22.646267,-8.758142,-8.361767,-13.341648,22.066084,20.226652,99.56753,16.026045,0.0,-38.240585,3.219712,-18.717382,62.335136,-32.969463,0.0
385,35.79002380371094,23.955730438232422,92.01453399658203,-13.862968472155996,12.268090529338144,93.95525017443023,-16.020834,12.126791,24.0,-16.17032,-7.242933,13.432978,54.454773,-43.973373,6.1082687,23.16945,0.75464725,-3.4441264,33.876553,-21.56381,-6.191026,-6.8523602,24.686663,-10.187399,-10.60172,-10.637628,20.600117,24.22507,99.00261,15.998606,0.0,-39.050102,4.7728157,-18.98557,62.37133,-32.906803,0.0
386,35.77630615234375,23.86879539489746,91.59558868408203,-15.078633741837018,12.795032170303848,93.09296202491325,-16.602362,13.437703,24.0,-16.19916,-6.3288326,17.360855,59.1753,-47.015747,1.8619442,30.236555,-0.23217608,-4.7297444,31.270565,-21.59271,-6.323871,-8.874209,25.48359,-11.579889,-12.968004,-7.9768667,18.980007,28.365461,98.07551,15.743826,0.0,-39.849598,6.2907467,-19.170113,62.395557,-32.80728,0.0
387,35.73894500732422,23.76824951171875,91.19245910644531,-16.201811974204613,13.257871934992895,92.1343881425932,-17.03874,14.639094,24.0,-16.146694,-5.482206,21.569544,63.31356,-49.118645,-2.1344624,36.84269,-1.3503101,-6.003768,28.587711,-21.635197,-6.356053,-10.842417,25.518766,-12.82633,-15.2588415,-5.476754,17.05671,32.429573,96.821,15.440176,0.0,-40.66501,7.7100263,-19.222965,62.452137,-32.666405,0.0
388,35.6781005859375,23.665849685668945,90.81446075439453,-17.182331561065386,13.647052276948683,91.08969934745251,-17.331846,15.690631,24.0,-16.033285,-4.7735214,26.06367,66.759766,-49.998608,-5.4630075,41.528965,-1.9339528,-7.558877,25.867044,-21.676117,-6.2704835,-12.693242,25.281183,-13.852863,-17.254053,-3.2744222,14.7137375,36.181107,95.2751,15.2728,0.0,-41.496834,8.981475,-19.10399,62.571857,-32.491066,0.0
389,35.582969665527344,23.562925338745117,90.463134765625,-17.97905357727254,13.958246692751827,89.87335350174865,-17.451553,16.554302,24.0,-15.791135,-4.239084,30.751074,69.27985,-49.732647,-8.15269,43.59318,-1.644628,-9.69351,23.107285,-21.714518,-6.055082,-14.507903,24.749586,-14.568967,-18.940414,-1.3645772,11.786313,39.726185,93.27628,15.356588,0.0,-42.39277,10.091943,-18.712225,62.805622,-32.274906,0.0
390,35.44911575317383,23.44741439819336,90.13548278808594,-18.630205162058065,14.197741867032482,88.51616257246162,-17.414915,17.26515,24.0,-15.426435,-3.8393917,35.47004,70.77127,-48.802456,-10.400631,43.899094,-0.7548652,-12.229547,20.304731,-21.750992,-5.71277,-16.321087,23.778101,-14.999977,-20.455652,0.25444376,8.397829,43.059753,90.83128,15.597671,0.0,-43.330677,11.080442,-18.105488,63.127426,-32.016277,0.0
391,35.28886413574219,23.351497650146484,89.83631134033203,-19.201686538957937,14.376181196099093,87.20236483049855,-17.293858,17.893478,24.0,-15.071201,-3.5327628,40.04928,71.37842,-47.49501,-12.136089,43.324802,0.51334894,-14.797657,17.49211,-21.773903,-5.2376337,-18.00359,22.658098,-15.287496,-21.788,1.5047418,4.924155,45.85341,88.26684,15.849907,0.0,-44.190742,11.973251,-17.474396,63.448116,-31.74625,0.0
392,35.1458625793457,23.26323890686035,89.5699462890625,-19.753033184993434,14.504227412070499,86.1155536438358,-17.158615,18.508846,24.0,-14.859179,-3.2753544,44.369843,71.358696,-45.996326,-13.320694,42.64706,1.874048,-17.022606,14.7668,-21.774641,-4.627765,-19.491804,21.667738,-15.591043,-22.942154,2.3859751,1.7736325,47.86774,85.95409,15.942514,0.0,-44.87876,12.791166,-17.009264,63.68653,-31.48631,0.0
393,35.0158805847168,23.176284790039062,89.326416015625,-20.319324639084922,14.56756309525268,85.23194583026866,-17.008533,19.148626,24.0,-14.833879,-3.0394883,48.34768,70.6547,-44.365814,-13.963298,41.62558,3.546818,-18.99444,12.1299305,-21.733025,-3.815488,-20.793175,20.897053,-15.9802065,-23.94481,2.9553702,-1.0286841,49.160378,83.888405,15.789452,0.0,-45.39016,13.573274,-16.699352,63.850536,-31.22789,0.0
394,34.93559265136719,23.083152770996094,89.13292694091797,-20.855024788788693,14.570076607594228,84.47958112645843,-16.817041,19.76721,24.0,-14.919021,-2.8522105,51.891636,69.135155,-42.7142,-14.1742735,40.039284,5.612186,-20.84211,9.6352,-21.661028,-2.8285892,-22.044302,20.214718,-16.3763,-24.823101,3.289917,-3.6344442,49.90553,81.94815,15.461449,0.0,-45.761047,14.31402,-16.465965,63.94743,-30.955187,0.0
395,34.89677810668945,22.98233413696289,88.99893188476562,-21.211717284096245,14.523291084507234,83.98339388569204,-16.613035,19.999998,24.0,-15.039205,-2.7305164,54.94895,67.05637,-41.156704,-13.978563,38.50526,7.5391135,-22.251274,7.3175592,-21.560858,-1.690927,-23.210176,19.574324,-16.756392,-25.605331,3.515218,-6.006659,50.118294,80.29604,15.037345,0.0,-46.00443,14.814968,-16.29891,64.05245,-30.743193,0.0
396,34.911067962646484,22.87550163269043,88.93344116210938,-21.41424554576907,14.489844564642889,83.84935347542145,-16.418941,19.999998,24.0,-15.184174,-2.728559,57.521984,64.858925,-39.767475,-13.568096,37.53281,8.745123,-22.9128,5.1721177,-21.45857,-0.5190987,-24.214,18.837051,-17.053844,-26.270636,3.6618116,-7.8402286,49.809395,79.26061,14.539205,0.0,-46.108295,15.061477,-16.322664,64.083015,-30.598333,0.0
397,34.979984283447266,22.76407814025879,88.94599151611328,-21.53284885293635,14.511009962492864,84.13185042211322,-16.24993,19.999998,24.0,-15.470946,-2.844979,59.652958,62.777817,-38.514004,-13.079108,37.390537,8.972057,-22.534212,3.2383013,-21.36325,0.65592515,-25.10337,17.900614,-17.276045,-26.832823,3.6526604,-8.919496,48.85365,79.10298,13.896116,0.0,-46.05176,15.101107,-16.639473,63.956577,-30.497261,0.0
398,35.087093353271484,22.654094696044922,89.02978515625,-21.5794522884602,14.563436873077752,84.7615922094721,-16.0876,19.999998,24.0,-15.886025,-3.0585237,61.399895,60.748234,-37.298916,-12.520114,37.619186,8.573729,-21.321173,1.526474,-21.266642,1.8768861,-25.924143,16.834385,-17.439377,-27.295078,3.5034099,-9.36827,47.340878,79.662,13.092172,0.0,-45.83819,14.968545,-17.189537,63.69532,-30.427382,0.0
399,35.22626495361328,22.537071228027344,89.18040466308594,-21.55605945571889,14.628605400962108,85.64970306762521,-15.903282,19.999998,24.0,-16.239786,-3.4258056,62.81278,58.78561,-36.09191,-11.911957,37.632942,7.8587923,-19.72888,0.036870632,-21.185898,3.1033137,-26.666084,15.735027,-17.463087,-27.59481,3.3237333,-9.289627,45.59184,80.70327,12.205412,0.0,-45.48209,14.702425,-17.906466,63.297348,-30.36759,0.0
400,35.39453125,22.422304153442383,89.41340637207031,-21.46079537945964,14.687174749790866,86.70785391664977,-15.668236,19.999998,24.0,-16.343176,-4.0084276,63.939953,56.931503,-34.87828,-11.290671,36.81406,7.097313,-18.220495,-1.2421595,-21.136932,4.3008356,-27.302841,14.70403,-17.273352,-27.658052,3.2244406,-8.785094,43.91642,81.981636,11.3121805,0.0,-44.979904,14.344793,-18.72301,62.737984,-30.29325,0.0
401,35.56938552856445,22.29375457763672,89.71305847167969,-21.29923126200162,14.73191403040068,87.97596174035823,-15.391158,19.999998,24.0,-16.183008,-4.8517237,64.83595,55.259323,-33.651436,-10.629661,34.87127,6.1568847,-16.726797,-2.3181503,-21.123251,5.5286503,-27.867239,13.784505,-16.831402,-27.49746,3.2531815,-7.7327332,42.33034,83.58989,10.462648,0.0,-44.322643,13.881436,-19.680431,62.02407,-30.217056,0.0
402,35.76105880737305,22.155990600585938,90.08280181884766,-21.0647743617811,14.768304494871137,89.4805255294602,-15.081199,19.999998,24.0,-15.848161,-5.9175897,65.54788,53.775887,-32.341343,-9.972551,32.190407,4.90819,-15.111905,-3.1963623,-21.137644,6.796385,-28.344387,12.918142,-16.191208,-27.120543,3.3207908,-6.1383305,40.667133,85.57384,9.614706,0.0,-43.505154,13.310229,-20.802965,61.15613,-30.140852,0.0
403,35.94511032104492,22.047739028930664,90.52597045898438,-20.74732011519248,14.806937408385583,91.10754555505238,-14.700422,19.999998,23.955538,-15.3153515,-7.133631,66.09984,52.399982,-30.865084,-9.433983,29.14672,3.6264088,-13.732478,-3.8849294,-21.17928,7.9948325,-28.620243,12.052605,-15.421098,-26.446728,3.3293333,-4.293147,38.969696,87.62762,8.712222,0.0,-42.572384,12.661202,-21.98316,60.146473,-30.033617,0.0
404,36.1298713684082,21.95465660095215,91.0429458618164,-20.313351657118027,15.004769707835788,92.68653804579962,-14.090232,19.999998,23.329035,-14.672337,-8.262196,66.51792,51.055916,-29.21387,-9.041725,26.085564,2.648034,-12.936467,-4.368942,-21.241486,8.975152,-28.434408,11.183433,-14.600454,-25.382914,2.9891868,-2.5132942,37.27176,89.500565,7.7039766,0.0,-41.789944,11.955543,-23.06663,59.01408,-29.810728,0.0
405,36.31072998046875,21.85955047607422,91.61957550048828,-19.783716017781185,15.209036110827089,94.25167028159498,-13.336746,19.999998,22.602098,-13.782051,-9.493163,66.7951,49.68979,-27.237532,-8.8134575,22.952517,2.1710865,-12.971363,-4.663261,-21.339153,9.731384,-27.933182,10.192423,-13.711471,-23.773355,2.5292804,-0.755012,35.633823,91.1724,6.584299,0.0,-40.990616,11.211314,-24.084705,57.77011,-29.50871,0.0
406,36.469932556152344,21.787233352661133,92.251953125,-19.163746168963357,15.411925376809522,95.8618998728287,-12.470476,19.999998,21.786589,-12.686211,-10.819363,66.930145,48.32103,-24.981998,-8.703437,19.62921,2.047759,-13.587994,-4.7782283,-21.474995,10.314323,-27.145983,9.089199,-12.749117,-21.699678,1.9814969,1.1003771,34.008713,92.75997,5.3899627,0.0,-40.13394,10.414338,-25.096838,56.40422,-29.150576,0.0
407,36.60029983520508,21.746566772460938,92.9385757446289,-18.46400401067066,15.607884090781836,97.5398557912513,-11.5530815,19.999998,20.919886,-11.660279,-11.920764,66.90087,48.044106,-23.569748,-9.216678,15.482108,2.371875,-13.140346,-4.7609863,-21.57918,10.657903,-25.974258,7.939437,-11.786712,-19.363018,1.3076053,2.9269915,32.336292,94.15365,4.1049504,0.0,-39.19572,9.561877,-26.13829,54.9159,-28.729877,0.0
408,36.70635223388672,21.719207763671875,93.67955017089844,-17.699198841433986,15.792132661070102,99.30672728622193,-10.713397,19.994997,20.078835,-10.172362,-13.283609,66.70516,45.745796,-20.181776,-9.228986,13.111915,1.9610298,-14.305657,-4.4947577,-21.822046,11.09267,-24.60345,6.744087,-10.891861,-17.416473,0.46842533,4.6093335,30.557585,95.25075,2.7102098,0.0,-38.158333,8.662293,-27.250137,53.294674,-28.225618,0.0
409,36.79703903198242,21.708892822265625,94.46480560302734,-16.666605130080946,15.92510074792891,101.15570992957124,-9.899833,19.39568,19.223553,-8.708064,-14.26862,66.237335,43.89602,-17.44754,-9.55096,10.923551,1.6046511,-14.042808,-4.01887,-22.003305,11.347981,-22.84441,5.5831857,-10.087677,-15.619286,-0.49489388,5.836363,28.671473,95.95477,1.1562856,0.0,-37.10956,7.474256,-28.28165,51.748917,-27.72978,0.0
410,36.844871520996094,21.729475021362305,95.29649353027344,-15.53151353958108,16.03179442821374,103.07284619252975,-9.093016,18.706327,18.347866,-7.123527,-15.127563,65.49664,42.12345,-14.617772,-10.016875,8.988862,1.1497893,-13.436004,-3.330248,-22.218248,11.427735,-20.74255,4.306275,-9.327644,-13.866057,-1.6002771,6.9147263,26.678131,96.413895,-0.54956603,0.0,-35.983532,6.2020245,-29.351042,50.094067,-27.167215,0.0
411,36.87495422363281,21.762449264526367,96.17928314208984,-14.304646428672184,16.099635595239228,105.10176075969655,-8.349857,17.927284,17.502104,-5.522099,-15.823089,64.49185,40.333637,-11.912671,-10.606205,6.891151,0.63309497,-12.395887,-2.4323592,-22.453236,11.361254,-18.410559,3.056323,-8.633608,-12.20144,-2.764391,7.9283834,24.702356,96.5833,-2.219278,0.0,-34.75911,4.853484,-30.51517,48.3425,-26.510868,0.0
412,36.89102554321289,21.82425880432129,97.10582733154297,-12.995303647445347,16.115019282806603,107.28678956071484,-7.7231874,17.062494,16.734848,-3.9989727,-16.333647,63.233913,38.52047,-9.5776205,-11.348563,4.1289988,0.06786777,-10.797749,-1.3335351,-22.690395,11.193735,-15.958558,1.9950864,-8.011116,-10.677266,-3.9208891,8.961816,22.86539,96.416664,-3.6685479,0.0,-33.40852,3.4275105,-31.827143,46.52959,-25.754827,0.0
413,36.88115310668945,21.910852432250977,98.07694244384766,-11.59231087336205,16.06622849213546,109.66412782297198,-7.2398105,16.106953,16.052008,-2.5266833,-16.662407,61.71711,36.691055,-7.6176286,-12.269489,0.36123738,-0.6557284,-8.415528,-0.031903815,-22.932392,10.90577,-13.344126,1.1773027,-7.3791447,-9.297365,-5.1072545,10.06502,21.141542,95.89643,-4.8462043,0.0,-31.985384,1.8413453,-33.302723,44.80645,-24.954506,0.0
414,36.84330749511719,22.01334571838379,99.08012390136719,-10.100979578876466,15.944482023408183,112.19920694510792,-6.866462,15.066295,15.428155,-1.0582589,-16.818449,59.927784,34.890488,-5.9170313,-13.336177,-4.0735326,-1.6681907,-5.3762097,1.475496,-23.189058,10.476401,-10.52542,0.49382418,-6.744569,-8.056877,-6.344726,11.191686,19.482508,95.047646,-5.8620563,0.0,-30.451414,0.14973553,-34.93538,43.045635,-24.041424,0.0
415,36.764678955078125,22.149654388427734,100.10761260986328,-8.554009713679509,15.74298700958331,114.83030550436675,-6.561822,13.959938,14.863109,0.34449768,-16.810652,57.87242,33.198235,-4.544621,-14.504291,-8.70455,-2.9671648,-2.065313,3.1724677,-23.446756,9.963825,-7.5887804,-0.10030774,-6.239678,-6.9896026,-7.569386,12.282584,17.977308,93.85054,-6.733106,0.0,-28.855518,-1.6249574,-36.679157,41.3653,-23.0436,0.0
416,36.65920639038086,22.314172744750977,101.15275573730469,-6.983087004560913,15.459465493842055,117.49637295318625,-6.2829795,12.806406,14.357622,1.6190747,-16.651915,55.57474,31.682558,-3.5574694,-15.726277,-13.094893,-4.4547133,1.1578957,5.031002,-23.688522,9.435506,-4.606931,-0.62986374,-5.997266,-6.119728,-8.715002,13.283017,16.729849,92.29113,-7.4759445,0.0,-27.242851,-3.468864,-38.480774,39.88143,-21.987638,0.0
417,36.513771057128906,22.507568359375,102.20623016357422,-5.354607057862237,15.065071134149045,120.22733526785916,-6.0409565,11.575981,13.927939,2.7586012,-16.333363,53.04226,30.351866,-2.9662905,-17.045515,-17.42337,-6.1428857,4.3347383,7.038376,-23.903728,8.865889,-1.4756341,-1.0327362,-6.114022,-5.511005,-9.74377,14.201115,15.819008,90.34037,-8.1044035,0.0,-25.55637,-5.44565,-40.406822,38.589935,-20.82579,0.0
418,36.341373443603516,22.66850471496582,103.2398681640625,-3.6755534854356684,14.555946425994904,123.03387942004487,-5.8481236,10.271942,13.566067,3.801201,-15.865463,50.273838,29.184734,-2.694133,-18.45702,-21.8247,-8.125229,7.6033893,9.191398,-24.097153,8.251526,1.8359964,-1.2984469,-6.495892,-5.1335473,-10.682713,15.05159,15.217895,88.014885,-8.623661,0.0,-23.7797,-7.5516276,-42.469456,37.447376,-19.505943,0.0
419,36.132171630859375,22.863693237304688,104.25516510009766,-2.0311571665109263,13.980979002102448,125.83269079354052,-5.6649184,8.959492,13.238955,4.7473392,-15.308327,47.29893,28.16801,-2.6515229,-19.830904,-25.826372,-10.285697,10.786792,11.466639,-24.276869,7.696925,5.1517096,-1.5187645,-6.9866557,-4.859719,-11.553603,15.789824,14.873351,85.36593,-9.039226,0.0,-22.020842,-9.685233,-44.50563,36.509167,-18.067293,0.0
420,35.88779067993164,23.04833221435547,105.2333984375,-0.4933869159465943,13.400689555665277,128.54712750383402,-5.4526114,7.7025447,12.914793,5.5942554,-14.720447,44.17323,27.282572,-2.7468598,-21.046711,-28.975874,-12.423871,13.745322,13.82616,-24.453632,7.3079143,8.305522,-1.7828424,-7.424236,-4.5611653,-12.379479,16.378658,14.715176,82.44226,-9.349835,0.0,-20.39979,-11.749968,-46.312164,35.83289,-16.584187,0.0
421,35.60020446777344,23.226980209350586,106.17259979248047,0.9609887291631317,12.822009435051315,131.18047965141085,-5.1986914,6.4812326,12.597801,6.329378,-14.095772,40.933945,26.486498,-2.9437876,-22.138977,-31.08713,-14.405604,16.478039,16.24199,-24.628332,7.0724316,11.396412,-2.1858737,-7.860095,-4.3118777,-13.129185,16.819086,14.811205,79.22408,-9.602106,0.0,-18.910616,-13.814833,-47.909424,35.46939,-15.047223,0.0
422,35.29181671142578,23.42399024963379,107.06392669677734,2.366130732118761,12.222095974144338,133.77137549245134,-4.9236283,5.2716384,12.302034,6.9547477,-13.424275,37.599285,25.756382,-3.234348,-23.16622,-32.446095,-16.25673,19.113605,18.702625,-24.798939,6.969239,14.504471,-2.6558793,-8.342782,-4.143228,-13.779646,17.113964,15.193995,75.691246,-9.79013,0.0,-17.50142,-15.913904,-49.30764,35.368637,-13.422816,0.0
423,34.97965621948242,23.600950241088867,107.89006805419922,3.6676427748666187,11.631312066634134,136.30316857725956,-4.637331,4.1253614,12.009768,7.4881034,-12.760257,34.210224,25.09907,-3.5853343,-24.062315,-33.322575,-17.980541,21.71861,21.19283,-24.976686,7.081083,17.432932,-3.0276165,-8.695288,-3.8561704,-14.376251,17.234936,15.700972,71.89019,-9.832008,0.0,-16.259895,-17.903187,-50.20858,35.448627,-11.802102,0.0
424,34.64963150024414,23.787080764770508,108.65400695800781,4.805339119241461,11.087815630268787,138.7608523403311,-4.3502297,3.1052153,11.702428,7.948063,-12.152029,30.824846,24.519976,-3.9758644,-24.789131,-33.97881,-19.60039,24.329163,23.693241,-25.172579,7.4855533,19.98773,-3.1269517,-8.733871,-3.243564,-14.975185,17.17869,16.135305,67.85665,-9.63432,0.0,-15.283726,-19.600473,-50.28151,35.595016,-10.286108,0.0
425,34.30574035644531,23.947744369506836,109.32793426513672,5.78004182318435,10.628203065040328,141.14982340685677,-4.056274,2.2178679,11.361145,8.331776,-11.595217,27.494759,23.999023,-4.4543624,-25.432423,-34.43677,-21.065928,27.01039,26.189995,-25.394445,8.226098,22.196115,-2.792642,-8.345388,-2.2335408,-15.589249,16.93454,16.413607,63.527805,-9.111947,0.0,-14.675043,-21.01794,-49.258446,35.9377,-9.008829,0.0
426,33.936710357666016,24.107179641723633,109.92369842529297,6.630281859144495,10.242823366614171,143.4849033931596,-3.7514484,1.4340521,10.997822,8.628568,-11.07606,24.246246,23.516281,-5.0017667,-26.060017,-34.595676,-22.348726,29.74916,28.670094,-25.649494,9.241209,24.164677,-2.172972,-7.618036,-0.94313645,-16.183558,16.527191,16.60232,58.88838,-8.327921,0.0,-14.421307,-22.183783,-47.189552,36.465424,-7.9105344,0.0
427,33.57332229614258,24.2691650390625,110.43252563476562,7.339714443449654,9.906076003425712,145.76599617634048,-3.4496925,0.77024156,10.63822,8.8476715,-10.629661,21.094614,23.076597,-5.5196486,-26.611912,-34.524456,-23.518436,32.43504,31.111246,-25.946728,10.448992,25.820364,-1.5485685,-6.6716275,0.5637575,-16.752527,16.031807,16.707897,54.037724,-7.4063816,0.0,-14.432846,-22.931778,-44.273525,36.871357,-6.840277,0.0
428,33.2073974609375,24.4122257232666,110.85380554199219,7.880162114784791,9.59202942022128,147.99089237857234,-3.165171,0.2446271,10.308171,9.000413,-10.290326,18.045012,22.685368,-5.921677,-27.015268,-34.28359,-24.646729,34.94723,33.488132,-26.287066,11.780112,27.093956,-1.181949,-5.645236,2.244,-17.291014,15.529904,16.744804,49.06348,-6.4606667,0.0,-14.550934,-23.116035,-40.8268,36.84776,-5.70826,0.0
429,32.84644317626953,24.55524444580078,111.18342590332031,8.22348576190901,9.32539381189342,150.16703041735235,-2.8884785,-0.12061657,10.0031805,9.08062,-10.076714,15.103409,22.332,-6.273275,-27.334814,-33.957783,-25.761202,37.225163,35.790596,-26.663622,13.291994,27.997787,-1.0050387,-4.520278,4.1937094,-17.769983,15.065209,16.738523,43.82646,-5.4165154,0.0,-14.785523,-22.56219,-36.518333,36.364353,-4.5611954,0.0
430,32.496253967285156,24.705570220947266,111.42942810058594,8.386709843457849,9.120588549458164,152.3003744343846,-2.6157115,-0.33723402,9.713201,9.086811,-9.971262,12.27596,22.006353,-6.6186905,-27.612186,-33.50449,-26.80741,39.348724,38.008785,-27.085224,14.995518,28.59426,-0.9387017,-3.2404788,6.4221334,-18.143856,14.638012,16.66195,38.23388,-4.207532,0.0,-15.021522,-21.351143,-31.475258,35.545036,-3.6739352,0.0
431,32.16204833984375,24.847332000732422,111.58171844482422,8.41409862995896,8.935339596822558,154.38342888735056,-2.368419,-0.43939462,9.455441,9.03893,-9.95251,9.55896,21.714382,-6.854577,-27.72486,-32.790287,-27.71878,41.398605,40.116302,-27.56876,16.766827,28.89039,-1.1990649,-1.9177883,8.78743,-18.369965,14.243893,16.477917,32.414574,-2.944099,0.0,-14.958539,-19.859634,-26.75667,34.349033,-3.2541862,0.0
432,31.82589340209961,24.974994659423828,111.6392593383789,8.359912673474767,8.733138112125744,156.4051134126487,-2.1665428,-0.4635154,9.245129,8.956769,-9.997812,6.939941,21.46201,-6.884799,-27.540955,-31.689276,-28.408644,43.444695,42.08001,-28.128086,18.489494,28.897245,-1.9798762,-0.68483084,11.165439,-18.399935,13.848644,16.171356,26.466574,-1.7131715,0.0,-14.471885,-18.56371,-23.37119,32.764202,-3.2567692,0.0
433,31.4602108001709,25.089397430419922,111.60733795166016,8.192492098094762,8.524237632081455,158.34183465970267,-2.0185957,-0.36671245,9.086399,8.873391,-10.145759,4.4124665,21.23793,-6.6849,-27.05108,-30.14001,-28.812092,45.500465,43.866203,-28.809792,20.287205,28.585747,-3.470918,0.34799448,13.646576,-18.054281,13.42576,15.6391,19.99998,-0.39901012,0.0,-13.601958,-17.571991,-21.71294,30.650414,-3.674297,0.0
434,31.07393455505371,25.20348358154297,111.47389221191406,7.892055962457552,8.333609216073881,160.20266913937047,-1.9078499,-0.13729645,8.973912,8.769504,-10.396738,1.9745495,21.038183,-6.3366704,-26.323092,-28.258055,-28.941921,47.491123,45.466972,-29.603945,22.192886,27.99761,-5.4925737,1.2176089,16.315413,-16.879335,12.960736,15.171938,12.143651,1.4722222,0.0,-12.525213,-16.688328,-21.293455,28.127731,-4.4406595,0.0
435,30.682281494140625,25.293254852294922,111.200439453125,7.516334128111163,8.135303229058248,162.01460764253247,-1.8074571,0.15883702,8.920018,8.586362,-10.666513,-0.38106272,20.877686,-5.9162955,-25.334955,-26.18557,-28.828625,49.342575,46.914066,-30.410149,23.96568,27.217762,-7.6701093,2.0139408,19.029882,-15.938309,12.750666,14.6555195,5.0208874,2.999398,0.0,-11.512449,-15.943847,-21.6999,25.809732,-5.3946815,0.0
436,30.287933349609375,25.36878204345703,110.76973724365234,7.143281632728783,7.898531681797439,163.80951093799231,-1.6899128,0.43355042,8.934172,8.26316,-10.871835,-1.7779497,20.78099,-5.525887,-24.88783,-23.790766,-28.61743,51.18611,47.75335,-30.879755,25.565628,26.864115,-9.651104,2.8071413,21.643858,-18.56594,13.415441,12.914459,4.8209996,1.2538666,0.0,-10.815069,-15.429936,-22.435736,24.309355,-6.3544703,0.0
437,29.90176773071289,25.44408416748047,110.25057983398438,6.839449464508756,7.657085884933713,165.60585615224934,-1.5720835,0.62046415,8.970529,7.856763,-10.951791,-3.040852,20.741133,-5.2084684,-24.215498,-21.203377,-28.26802,53.0502,48.50255,-31.182398,26.765245,26.353722,-11.371593,3.7499082,24.234203,-21.176212,13.815235,11.736157,4.730547,-0.48314658,0.0,-10.263569,-15.125889,-23.779758,22.948084,-6.6590323,0.0
438,29.500686645507812,25.516096115112305,109.6761703491211,6.544702033429848,7.425484658481522,167.3869398134038,-1.4588885,0.7848497,9.026291,7.278181,-10.981939,-4.159907,20.745869,-4.914787,-23.38509,-18.426388,-27.776688,54.843636,49.159653,-31.316368,27.713388,25.660168,-13.03639,4.7649474,26.845734,-23.753714,14.0272,10.925888,4.6856227,-2.2157078,0.0,-9.760911,-14.90676,-25.791162,21.521942,-6.483136,0.0
439,29.08419418334961,25.601423263549805,109.10881805419922,6.285409724635714,7.1555810303857035,169.16360282043829,-1.3474462,0.90149677,9.146503,6.671325,-11.023,-5.3349247,20.778202,-4.677459,-22.124914,-15.727618,-27.118393,56.15475,49.848526,-31.320486,28.404158,24.632174,-14.583744,5.682272,29.18649,-26.066725,14.087826,10.598344,4.6140523,-3.6085122,0.0,-9.171261,-14.749491,-27.885408,20.378948,-6.3854856,0.0
440,28.66310691833496,25.702613830566406,108.57781219482422,6.108413860380471,6.810476757075365,170.96740747163815,-1.2540352,0.92612666,9.36154,5.880691,-11.136069,-6.448814,20.826078,-4.477757,-20.607489,-13.270407,-26.359165,56.63361,50.511734,-31.215353,28.903524,23.38125,-15.913634,6.3495975,31.027235,-27.968569,13.990699,10.822929,4.5549,-4.3692346,0.0,-8.295956,-14.648689,-29.536037,19.727163,-6.858141,0.0
441,28.31864356994629,25.77274513244629,107.91863250732422,6.046049938021075,6.378912286884794,172.8850332014766,-1.1845952,0.8134142,9.679175,4.940374,-11.337221,-8.004254,20.885538,-4.344429,-18.425657,-11.119396,-25.505842,56.005894,51.454548,-30.957554,29.167774,21.577517,-17.10624,6.7572756,32.075344,-29.455114,13.660576,11.799184,4.574425,-4.320816,0.0,-6.9288635,-14.629607,-30.531996,19.623762,-8.196417,0.0
442,28.04991340637207,25.85321044921875,107.21884155273438,6.070581476035539,5.857393219596654,174.86992940926731,-1.1297073,0.5873832,10.09672,3.6926246,-11.622147,-9.227567,20.973951,-4.1942873,-16.355932,-8.9660225,-24.718767,54.640194,52.22732,-30.627731,29.305187,19.57749,-17.976307,7.001799,32.66246,-30.499058,13.087808,13.498634,4.556138,-3.6475565,0.0,-5.1711283,-14.68731,-31.179703,19.904095,-10.090734,0.0
443,27.764602661132812,25.95411491394043,106.65290069580078,6.050634275865378,5.301234252022199,176.77754500855616,-1.0868051,0.394715,10.56112,2.4153244,-11.959466,-10.505141,21.084871,-4.080863,-13.882669,-6.8453283,-23.853989,52.83265,53.05344,-30.210772,29.172201,17.355,-18.654797,7.148575,32.88411,-31.262604,12.478657,15.402682,4.5934176,-2.7176826,0.0,-3.3534358,-14.668593,-31.74963,20.401424,-12.094817,0.0
444,27.43791389465332,26.038970947265625,106.21170806884766,5.863724689117244,4.7689264676901955,178.45853321233903,-1.0524861,0.38230732,11.0289135,1.2973548,-12.321666,-12.192333,21.21067,-4.0087924,-10.508747,-4.8110614,-22.833035,50.78995,54.14798,-29.746033,28.486752,14.890582,-19.307379,7.2079616,33.063843,-31.79157,12.003227,17.089752,4.543683,-1.7374812,0.0,-1.6767775,-14.385018,-32.575134,20.685093,-13.589658,0.0
445,27.06548500061035,26.06499481201172,105.843017578125,5.380805557868107,4.23455554071446,179.94472627814844,-1.0338608,0.7134298,11.560234,-0.052263416,-12.939363,-13.548625,21.360298,-3.821958,-6.8189626,-2.333355,-21.70118,48.857025,55.031506,-29.417948,27.443352,12.492063,-19.540041,7.0477095,33.31879,-32.22902,11.819215,18.505672,4.6132503,-0.71032745,0.0,-0.015850551,-13.587864,-33.94999,20.481144,-14.4509535,0.0
446,26.675521850585938,26.022933959960938,105.56352233886719,4.707037279959358,3.7148977444109965,-178.69399539959005,-1.0377111,1.2647719,12.133303,-0.9235112,-13.475801,-15.078393,21.538555,-3.6215885,-2.521139,0.5500157,-20.43693,46.827946,56.04452,-29.087132,25.990955,9.927632,-19.556635,6.674668,33.399586,-32.428333,11.7565565,19.880291,4.5869756,0.6103334,0.0,1.7557098,-12.345586,-35.67881,19.75534,-14.821414,0.0
447,26.229766845703125,25.905067443847656,105.39849090576172,4.037305700822307,3.272889662287727,-177.58674606206796,-1.0494164,1.789115,12.638249,-1.9044338,-14.054359,-16.11781,21.759237,-3.5118048,1.806827,3.2663307,-19.251833,44.494194,56.740494,-28.868681,24.386354,7.484376,-19.273533,6.394194,33.443153,-32.497295,11.717528,21.02969,4.6466374,1.972236,0.0,3.250818,-11.158358,-37.24506,19.118538,-14.81504,0.0
448,25.72545051574707,25.7266788482666,105.35992431640625,3.5723869103815287,2.976130013637158,-176.86234311964225,-1.0485162,2.042797,12.950209,-2.6857162,-14.352017,-16.998755,22.040209,-3.7008967,6.424052,5.1223764,-18.096275,41.560177,57.35435,-28.699337,22.39933,5.0643287,-18.998775,6.357296,33.6242,-32.384205,11.529093,21.842707,4.6455846,3.2714922,0.0,4.1585903,-10.553525,-38.20269,19.109995,-14.499394,0.0
449,25.170560836791992,25.490306854248047,105.4139404296875,3.3995602069500883,2.849422544808336,-176.6220898722229,-0.98557556,1.9069159,13.014733,-3.2213771,-14.293266,-17.643068,22.395817,-4.167412,11.510785,5.828195,-16.776846,38.16278,57.851124,-28.625044,19.989998,2.7783496,-18.66334,6.7748237,34.179085,-32.13803,11.16728,22.26631,4.711914,4.419681,0.0,4.3676677,-10.764455,-38.471596,20.002632,-13.981823,0.0
450,24.589492797851562,25.19400978088379,105.55723571777344,3.411590297570107,2.854075839904552,-176.77309757102503,-0.8888872,1.5241404,12.89454,-3.3950968,-14.110711,-17.76601,22.692057,-4.67967,16.74864,6.1323047,-15.119945,34.673004,57.966446,-28.642483,18.37399,0.92024934,-17.921816,7.756573,33.676754,-31.687496,10.660445,22.42126,4.679428,5.5839434,0.0,4.061851,-11.541202,-38.322193,21.47916,-13.186789,0.0
451,24.007110595703125,24.831722259521484,105.75715637207031,3.4979406077921,2.8908102382230316,-177.17894572148833,-0.84435034,1.0628177,12.710537,-3.5362046,-13.769373,-17.768633,22.905184,-5.2136784,22.184694,6.3452454,-13.3185425,30.937063,57.98231,-28.670858,17.018038,-1.0950875,-17.272207,8.76438,33.03838,-31.11636,10.11571,22.295658,4.7140756,6.6638913,0.0,3.293046,-12.787244,-37.7162,23.619028,-12.149111,0.0
452,23.461606979370117,24.399089813232422,106.0103759765625,3.5065849233507755,2.962200115813045,-177.6921805714248,-0.90542436,0.74836755,12.493558,-3.673751,-13.051049,-17.640106,23.80817,-6.6956825,27.470768,6.465864,-11.450678,26.723677,57.978844,-28.762669,12.642367,-3.7345738,-16.668943,9.006865,34.00622,-30.509285,9.619146,21.925156,4.725818,7.7153397,0.0,2.0733733,-14.273629,-36.752472,26.278276,-10.770298,0.0
453,22.900850296020508,23.909095764160156,106.29586029052734,3.4480030647094724,3.013767436165545,-178.31203714050062,-1.125747,0.5638626,12.250338,-3.7228227,-11.741838,-17.2736,24.679,-8.620378,32.51879,6.5623603,-9.539388,21.871414,57.86344,-28.795755,8.831493,-6.4656157,-16.416569,8.728309,33.795242,-29.826895,9.187115,21.166393,4.7925053,8.622995,0.0,0.3209041,-16.039944,-35.248222,29.715662,-8.874368,0.0
454,22.340463638305664,23.355810165405273,106.60443115234375,3.366481231108859,3.093733318317076,-179.1019666826141,-1.4518886,0.43729526,11.934432,-3.5878034,-10.148113,-16.406677,25.850986,-11.436354,37.023743,5.9540405,-7.0927744,16.840607,57.469173,-28.7862,4.5644855,-9.076151,-16.29167,7.834541,33.603138,-29.0521,8.787516,20.138903,4.8655343,9.400511,0.0,-2.0088465,-18.003296,-33.152836,33.730648,-6.467364,0.0
455,21.760356903076172,22.757083892822266,106.92996978759766,3.2517210845562037,3.1764773558120556,179.97406357765132,-1.8457477,0.36713904,11.6439085,-3.3159342,-8.694246,-14.906622,27.25591,-14.534345,40.749626,5.815393,-4.734008,11.808001,56.63089,-28.712376,1.0103011,-11.5789175,-15.534194,7.0784173,31.99925,-28.1834,8.430298,19.265476,4.965711,10.090815,0.0,-4.711409,-19.838497,-30.394655,37.73032,-3.9212246,0.0
456,21.175905227661133,22.11211395263672,107.24879455566406,3.088782106405207,3.2529329733665273,178.9596561498529,-2.2759771,0.3663443,11.462143,-2.9306543,-7.4867177,-13.405116,28.549376,-17.842823,44.016384,6.9731617,-2.846801,7.2523737,55.63655,-28.61251,-1.7438902,-14.182126,-13.502616,6.3738194,29.000418,-27.227982,8.113862,18.87287,5.0776596,10.739557,0.0,-7.5607877,-21.246273,-26.96528,41.157394,-1.6156607,0.0
457,20.585411071777344,21.434646606445312,107.53128814697266,2.876739322253551,3.273753620195713,177.84853380557644,-2.7506151,0.43274543,11.449085,-2.461888,-6.5859876,-11.168394,30.29714,-21.855982,45.74116,9.20164,-1.6691769,3.1912248,53.956642,-28.39553,-4.0241876,-16.286673,-9.986256,5.269653,24.915184,-26.12363,7.849895,18.991371,5.229101,11.289396,0.0,-10.655717,-22.052092,-22.10809,44.229748,0.5014381,0.0
458,19.997493743896484,20.729026794433594,107.81182861328125,2.6439625005104617,3.300926130994054,176.64312195221,-3.3034108,0.54001796,11.507161,-1.8955597,-5.83584,-8.503123,32.26864,-26.186506,46.707478,12.58843,-1.2875193,-0.89458746,51.73276,-28.128332,-5.8447413,-18.19404,-5.522258,3.638243,19.769949,-24.824821,7.5684423,19.450918,5.19952,11.768076,0.0,-13.99589,-22.24923,-16.145176,47.001656,2.7533226,0.0
459,19.385498046875,20.010744094848633,107.96065521240234,2.335165984508449,3.2937078440111502,175.30513445974742,-3.8447325,0.7137125,11.695437,-1.2006005,-5.2971997,-3.7974594,35.34933,-29.858511,44.704628,15.93328,-1.1023418,-4.533973,47.491295,-27.807045,-6.7911844,-18.569353,-0.7196476,1.5293005,14.498999,-23.55921,7.456665,20.246672,5.45108,11.918243,0.0,-17.157164,-22.09801,-10.603657,49.267643,4.6949024,0.0
460,18.77985382080078,19.27865982055664,108.01122283935547,2.047020318084167,3.302787795995029,173.86419538787914,-4.3310714,0.872854,11.957649,-0.37308848,-5.0355144,0.89563155,38.320564,-33.263798,42.128204,18.618687,-0.87769914,-7.1676874,43.034203,-27.52311,-7.247452,-18.99314,4.2309837,-0.87375957,9.282655,-22.365576,7.3700724,21.442244,5.9246626,11.738083,0.0,-19.78037,-22.239695,-7.0418596,50.410686,6.045769,0.0
461,18.166765213012695,18.534095764160156,107.95000457763672,1.7753304201280284,3.3300551073242786,172.28943060351958,-4.754541,1.0262847,12.307124,0.6091602,-5.132164,5.647687,41.23951,-36.77096,38.83522,20.274963,-0.34083545,-8.549172,38.338158,-27.204803,-7.104478,-19.520489,9.864954,-3.816526,3.9330723,-23.353237,8.161535,22.32344,10.925733,9.197675,0.0,-21.837654,-23.20858,-6.166092,50.343388,6.4355993,0.0
462,17.564491271972656,17.760913848876953,107.79408264160156,1.5001366667122733,3.357868050678309,170.58779892893435,-5.138837,1.1933957,12.749178,1.7244109,-5.5264506,10.518401,44.07594,-40.4586,34.978058,21.512903,0.33947867,-8.905057,33.365543,-26.833746,-6.485995,-20.146421,16.104847,-7.554803,-1.5704583,-23.811892,8.886858,23.77569,15.153139,6.854868,0.0,-23.508179,-24.73119,-7.1031756,49.32513,6.06816,0.0
463,16.96755599975586,16.937618255615234,107.54212951660156,1.2074772970073835,3.361287242956854,168.80896511143095,-5.457371,1.3764646,13.275286,2.9198027,-6.0737185,15.467567,46.74703,-43.794384,30.891123,22.566147,1.0067701,-8.6033125,28.137661,-26.41484,-5.6789746,-20.77523,21.792995,-11.570955,-6.6673236,-23.847212,9.583385,25.484287,18.6834,4.4835744,0.0,-24.855513,-26.226452,-8.911256,47.45839,5.3870687,0.0
464,16.372028350830078,16.103612899780273,107.19877624511719,0.8869809858376816,3.3164153237755376,167.00218858804135,-5.6846533,1.579403,13.875836,4.144826,-6.6305256,20.39329,49.122597,-46.277065,26.937092,23.58131,1.4487565,-8.052553,22.729673,-25.962547,-4.9722366,-21.292976,25.906559,-15.059457,-11.047869,-23.494312,10.228899,27.216118,21.415293,2.0539277,0.0,-25.97798,-27.154661,-10.574191,44.842476,4.8783665,0.0
465,15.750020980834961,15.262852668762207,106.76509094238281,0.5198678478554625,3.196694225184682,165.1320346494657,-5.7954273,1.8516258,14.56783,5.410203,-7.1675277,25.20403,50.99601,-48.01507,23.186417,24.43933,1.5506798,-7.078482,17.198254,-25.48132,-4.4624023,-21.783602,28.306587,-17.494434,-14.98463,-22.629435,10.790339,29.02418,23.228167,-0.46781036,0.0,-26.71949,-27.461224,-12.093395,41.124126,4.5198717,0.0
466,15.132160186767578,14.428217887878418,106.22709655761719,0.1240441224446286,3.0221418826635995,163.19073506494013,-5.8157616,2.180207,15.34325,6.732604,-7.7526274,29.844578,52.267002,-49.449444,19.652185,25.089533,1.4017435,-5.5753636,11.565403,-24.967148,-4.044456,-22.268517,29.700645,-19.192066,-18.80102,-21.448507,11.294318,30.970333,24.51771,-3.0225887,0.0,-26.968136,-27.39173,-14.001342,36.1857,4.2109528,0.0
467,14.505698204040527,13.622957229614258,105.60369873046875,-0.2530279097937044,2.8407267268169685,161.26735445031375,-5.7964077,2.474594,16.157309,8.072028,-8.398513,34.255795,52.98061,-50.567215,16.517736,25.67252,1.0916467,-4.0711184,5.8736753,-24.431082,-3.6978915,-22.543985,30.401188,-20.486671,-22.364897,-20.439682,11.83117,32.85069,25.902569,-5.500258,0.0,-26.960016,-26.952765,-15.925828,30.501944,4.311181,0.0
468,13.933749198913574,12.82816219329834,105.00006866455078,-0.5665319106686941,2.703878244562341,159.4500123221793,-5.784389,2.640016,16.967943,9.388167,-9.120369,38.40028,53.24549,-51.29371,13.876036,26.267654,0.7325135,-3.0901215,0.18297976,-23.884674,-3.417726,-22.4423,30.673132,-21.722502,-25.48416,-20.064821,12.541255,34.443428,27.986929,-7.869107,0.0,-26.916979,-26.170626,-17.483715,24.533945,5.182023,0.0
469,13.396247863769531,12.068565368652344,104.36267852783203,-0.8157096213051155,2.6097249638664786,157.70412436344242,-5.80736,2.632659,17.788118,10.751447,-9.934698,42.27115,52.954395,-51.56121,11.661528,26.724298,0.286449,-2.7524855,-5.483031,-23.312473,-3.2199447,-22.000261,30.339863,-22.828846,-28.03695,-20.587378,13.634502,35.631775,31.232319,-10.262318,0.0,-26.634214,-24.890081,-18.655659,17.81019,7.2289624,0.0
470,12.889205932617188,11.344982147216797,103.5929946899414,-1.0149402452151859,2.5239048474087333,156.0110257299932,-5.8439865,2.502139,18.648268,12.153706,-10.833504,45.82971,52.042107,-51.542854,9.756115,27.009607,-0.26383758,-2.7599533,-11.110164,-22.728699,-3.1714873,-21.337866,29.427721,-23.570995,-30.186993,-21.733881,15.101558,36.46946,35.366825,-12.76779,0.0,-24.945955,-22.938538,-20.211176,8.362687,11.089598,0.0
471,12.458235740661621,10.650114059448242,102.67406463623047,-1.1515221046182829,2.4246716120924545,154.50167057868262,-5.874612,2.302768,19.56554,13.421224,-11.789633,47.481102,51.12923,-52.887524,8.578262,26.19863,-0.7722231,-2.854788,-13.824016,-22.206787,-3.5611808,-23.105518,28.12576,-24.390045,-32.72375,-23.188187,16.770655,36.950565,39.985153,-15.360023,0.0,-26.565699,-22.102898,-19.400703,4.6150723,12.390969,0.0
472,12.127114295959473,9.99336051940918,101.75090026855469,-1.199535727286493,2.3721804262608384,153.24819313958076,-5.848496,2.058667,20.47317,14.393269,-12.742424,49.36466,49.782173,-53.73188,7.724707,26.19561,-1.0677758,-3.1288326,-17.213036,-21.717365,-3.9351301,-23.802864,27.20433,-25.14242,-35.09642,-24.486118,18.19615,37.291573,44.137775,-17.75075,0.0,-30.071842,-22.08103,-17.315256,4.467734,12.061716,0.0
473,11.800747871398926,9.396098136901855,100.9287109375,-1.2100824395627912,2.446552089625046,152.3031447144847,-5.735268,1.8365407,21.325817,15.003896,-13.707182,50.989357,48.575546,-54.551212,7.0610194,26.240362,-1.1150705,-3.7024033,-20.434412,-21.286024,-4.448553,-24.40676,26.7014,-25.939877,-37.560135,-25.538956,19.103832,37.592716,47.273006,-19.688555,0.0,-33.59644,-22.079994,-15.073853,4.4773417,11.866107,0.0
474,11.435251235961914,8.819729804992676,100.17598724365234,-1.1746795352550319,2.6259072414617837,151.59709186179816,-5.547801,1.5946283,22.139774,15.428857,-14.779575,52.465206,47.470295,-55.19776,6.4496408,26.321804,-0.9885394,-4.5747004,-23.701187,-20.885603,-5.1198153,-24.59839,26.478092,-26.765564,-39.803677,-26.552267,19.703663,37.796593,49.909096,-21.368006,0.0,-37.19828,-21.972294,-12.599637,4.6579337,11.847005,0.0
475,11.065268516540527,8.253501892089844,99.5086669921875,-1.0881979213538215,2.820360930233113,151.03909201102485,-5.2844787,1.3309749,22.958096,15.701738,-15.83789,53.565006,46.637356,-55.90044,5.754005,26.17419,-0.7975806,-5.61373,-26.39713,-20.549698,-5.8005795,-25.354502,26.067308,-27.428213,-42.44105,-27.395683,20.034529,38.01764,52.06952,-22.816553,0.0,-40.368443,-21.75817,-10.553336,4.6795,12.049092,0.0
476,10.710148811340332,7.703877925872803,98.93194580078125,-0.9560493195116833,2.9405284050784433,150.5334500510016,-4.936065,1.0545672,23.808563,15.879726,-16.634659,54.480114,45.906586,-56.414402,4.992111,26.614632,-0.61479384,-6.547211,-28.856787,-20.286768,-6.6066246,-25.297983,26.028631,-28.231514,-44.448124,-27.951206,20.182291,38.348213,53.83002,-24.090107,0.0,-42.909718,-21.56736,-9.417266,4.671321,12.314651,0.0
477,10.376855850219727,7.188778877258301,98.42086791992188,-0.7663338814361969,3.130181435896723,150.04240536325213,-4.47787,0.7807441,24.0,16.021694,-17.380775,55.575253,45.02732,-56.763332,4.193341,27.964323,-0.38884246,-7.492841,-32.183712,-20.078272,-7.350491,-23.712263,26.302261,-28.672691,-46.07511,-28.438608,20.163488,38.754417,55.276478,-25.213573,0.0,-45.159542,-21.457153,-9.350654,4.861092,12.506258,0.0
478,10.05812931060791,6.663326740264893,97.98931121826172,-0.4993444943031282,3.346112552935389,149.58932761295,-3.8932703,0.48846757,24.0,16.049726,-17.799324,56.34921,44.458256,-57.077946,3.1743205,29.522354,-0.22098213,-8.644469,-34.813255,-19.91549,-7.98874,-22.48105,26.628952,-29.17494,-47.836063,-28.78598,19.921335,39.272377,56.37459,-26.185495,0.0,-46.20187,-21.270145,-10.516222,3.6587696,13.455307,0.0
479,9.792445182800293,6.140151023864746,97.6363525390625,-0.248888277734281,3.532375022025874,149.29640183944352,-3.3035815,0.23975268,24.0,16.048208,-17.951267,56.981796,43.986313,-57.30712,2.2129047,30.894464,-0.11209714,-9.549253,-37.347176,-19.789139,-8.653235,-20.892052,27.134958,-29.449957,-49.20891,-29.078484,19.570349,39.681175,57.21035,-26.991833,0.0,-48.151314,-21.385614,-11.312637,4.8469677,13.289881,0.0
480,9.560911178588867,5.646238327026367,97.37874603271484,-0.08510723737918266,3.734854191499319,149.25042543320882,-2.7984385,0.073995605,24.0,16.096798,-18.176699,57.543194,43.61067,-57.139637,1.290241,31.4154,-0.05313177,-10.281052,-39.66841,-19.718367,-9.040859,-19.177965,27.43348,-29.58164,-50.437576,-29.443872,19.163464,39.814285,57.797325,-27.603771,0.0,-48.806007,-21.455482,-12.671325,4.850686,13.861185,0.0
481,9.340871810913086,5.215231895446777,97.22418212890625,0.020905307167083102,3.973604684778088,149.49196444256015,-2.4017649,-0.0320953,24.0,16.22124,-18.241741,58.03444,43.29694,-56.66555,0.57523173,30.952152,-0.13502416,-10.567847,-41.82639,-19.695913,-9.453355,-16.788363,27.866982,-29.529129,-50.99948,-29.8717,18.63389,39.65627,58.072914,-27.991426,0.0,-48.91428,-21.650976,-14.108594,4.9232264,14.604822,0.0
482,9.12718677520752,4.847256183624268,97.1851806640625,0.08214802847680623,4.207879147888977,149.96307243428262,-2.0626547,-0.08937503,24.0,16.441126,-18.132923,58.4714,43.046837,-55.82665,-0.06132729,29.857935,-0.33051535,-10.65284,-43.83294,-19.717096,-9.836773,-13.92499,28.438652,-29.360477,-51.031734,-30.25564,17.988707,39.301254,58.016724,-28.162474,0.0,-48.43047,-21.926706,-15.794977,5.01799,15.494748,0.0
483,8.91939640045166,4.5420942306518555,97.26236724853516,0.0901213430271755,4.492119607721898,150.59998093410485,-1.7441931,-0.11835562,24.0,16.781467,-17.867126,58.93548,42.838184,-54.475803,-0.66949475,28.517803,-0.58094454,-10.654987,-45.968994,-19.77236,-10.095942,-10.355737,29.127085,-28.926048,-50.279186,-30.649239,17.271643,38.78989,57.65832,-28.121832,0.0,-47.5407,-22.174154,-17.619995,5.180566,16.45238,0.0
484,8.732393264770508,4.2702226638793945,97.46662139892578,0.04753471223212263,4.872362696936275,151.31553525783315,-1.3912671,-0.15999253,24.0,17.319796,-17.506748,59.277637,42.69361,-52.729595,-1.2146608,27.096045,-0.7539044,-10.505956,-47.515118,-19.84613,-10.203705,-7.07264,29.955614,-28.288425,-48.790707,-31.064795,16.495928,38.214634,56.966957,-27.84982,0.0,-46.364853,-22.291403,-19.335072,5.3537173,17.428823,0.0
485,8.550003051757812,4.086256980895996,97.76556396484375,-0.14818602017137655,5.236653739643858,152.21572290213592,-1.0955164,-0.10542202,24.0,18.187216,-16.972933,59.76164,42.499557,-50.1347,-1.6465688,25.828405,-0.8846701,-10.602054,-49.384903,-19.958693,-10.3184805,-2.6597757,31.0086,-27.25938,-45.895935,-31.480537,15.835421,37.380054,56.101627,-27.404709,0.0,-44.723877,-22.375027,-21.20363,5.7772484,18.26604,0.0
486,8.375618934631348,4.01008939743042,98.00684356689453,-0.3757737111704163,5.5927635800237425,153.3307595235569,-0.88155335,-0.05720213,24.0,19.122717,-16.353298,60.444775,42.270336,-46.989246,-1.9720674,24.521587,-0.9418571,-10.589532,-51.387264,-20.11814,-10.350022,2.4333282,31.92645,-25.887882,-42.209484,-32.03054,15.258681,36.2445,55.41545,-26.977476,0.0,-47.03425,-23.957754,-20.327883,13.808158,15.386288,0.0
487,8.193734169006348,4.041733741760254,98.14349365234375,-0.6406627881972194,5.906679467950951,154.6217238507049,-0.7490143,-0.022855995,24.0,20.172241,-15.71355,60.988792,41.973305,-43.60252,-2.186625,23.212584,-1.054023,-10.245,-52.371956,-20.297836,-10.121034,6.9611306,32.68757,-24.378933,-38.25572,-32.733635,14.838688,34.81915,55.092045,-26.672386,0.0,-50.213085,-25.855368,-18.587694,23.8511,11.553499,0.0
488,8.02521800994873,4.162471771240234,98.23552703857422,-0.9279472771760837,6.230114512793745,155.9778179386596,-0.6207441,-0.032161206,24.0,21.159323,-15.28972,60.99601,41.873707,-41.390175,-2.3950174,21.80015,-0.9272999,-8.279276,-52.376072,-20.432186,-9.609846,10.756336,33.319466,-22.755157,-34.081493,-33.55195,14.522614,33.25454,54.953163,-26.398638,0.0,-51.862946,-27.156418,-17.616482,31.645262,8.867763,0.0
489,7.849382400512695,4.332683086395264,98.31290435791016,-1.26546155299125,6.597628471596179,157.3742874348238,-0.48639557,-0.103402175,24.0,22.388502,-14.963827,61.336163,40.676662,-36.21323,-2.2937758,21.981836,-1.8836529,-7.8753743,-51.807484,-20.689249,-8.885973,14.334338,34.106915,-20.95583,-29.329903,-34.491215,14.285337,31.548532,54.902702,-26.119698,0.0,-52.703,-28.03545,-16.949072,38.477913,6.738699,0.0
490,7.680173397064209,4.581243515014648,98.38105773925781,-1.647387329106176,7.0056561791207566,158.84048071374767,-0.3490172,-0.20083387,24.0,23.589579,-14.814015,61.446426,39.4452,-31.718788,-2.1299546,22.68405,-2.594165,-6.0278296,-50.617825,-20.943205,-8.090174,17.702934,34.720745,-18.906158,-24.049128,-35.54293,14.111634,29.681463,54.9056,-25.805164,0.0,-52.95143,-28.655132,-16.449993,44.863857,4.892647,0.0
491,7.510675430297852,4.888681888580322,98.43727111816406,-2.009075893445795,7.435164258471995,160.37199044726069,-0.21035238,-0.35877794,24.0,24.82252,-14.74448,61.324665,38.058018,-27.19528,-1.999577,23.091131,-3.2942865,-3.793518,-48.88897,-21.242826,-7.0834613,20.68265,34.866238,-16.588985,-18.739767,-36.632442,13.926315,27.783018,54.946423,-25.472332,0.0,-52.644295,-29.127453,-16.295647,50.79644,3.193666,0.0
492,7.338613986968994,5.252151012420654,98.50146484375,-2.289681698792871,7.860643740961234,161.96530419630824,-0.073077746,-0.60600924,24.0,26.05505,-14.712722,60.970882,36.556156,-22.9643,-2.1121798,22.320044,-3.90861,-1.2659153,-46.677177,-21.580107,-5.726064,23.072138,34.255043,-14.0629835,-13.796563,-37.795113,13.65297,25.998348,55.170845,-25.16121,0.0,-51.71411,-29.530123,-16.743448,56.137276,1.5625465,0.0
493,7.153928279876709,5.650055408477783,98.55987548828125,-2.5119627243141744,8.274894877840529,163.63505023534938,0.04394508,-0.93865895,24.0,27.291931,-14.75673,60.391846,34.995922,-18.982214,-2.4873004,20.260351,-4.5172343,1.8203226,-44.039036,-21.997704,-4.0470963,25.00901,32.63369,-11.229648,-8.976954,-38.9994,13.407121,24.47321,55.572098,-24.609205,0.0,-50.11542,-29.856764,-17.96146,60.976273,-0.17834365,0.0
494,6.946150302886963,6.077246189117432,98.60283660888672,-2.6974259573809083,8.688536138111903,165.37675783083358,0.15270047,-1.3472575,24.0,28.54498,-14.876134,59.58897,33.43355,-15.086618,-3.069172,17.331448,-5.240762,5.403662,-41.048733,-22.534817,-2.1839657,26.656773,30.060394,-8.221725,-4.03488,-40.2221,13.310412,23.318287,56.12996,-23.716217,0.0,-47.913895,-30.0592,-19.795599,65.45859,-2.002237,0.0
495,6.706441879272461,6.528390884399414,98.62007141113281,-2.7826791491056633,9.100072175119431,167.16137247463553,0.29682836,-1.8528106,24.0,29.79581,-14.97678,58.53913,31.960215,-11.465336,-3.9703307,13.350087,-6.1405697,8.947824,-37.789776,-23.201294,-0.082215495,27.85799,26.907368,-5.4320645,0.7014575,-41.32538,13.231212,22.615896,56.70873,-22.820936,0.0,-45.294067,-30.146265,-21.964394,69.59476,-3.6966276,0.0
496,6.423449516296387,7.0037336349487305,98.60490417480469,-2.6997667228742808,9.506983910895668,168.9630530289863,0.51844245,-2.475422,24.0,31.030111,-14.96543,57.19839,30.64548,-8.337033,-5.2763557,8.089339,-7.2669377,11.954857,-34.326107,-23.989397,2.3560638,28.463625,23.671236,-3.1735985,4.8923855,-42.200733,12.939484,22.306726,57.164757,-22.380337,0.0,-42.470627,-30.136377,-24.170479,73.392365,-5.039828,0.0
497,6.1090803146362305,7.5031561851501465,98.54035186767578,-2.4181810404342623,9.876137950494378,170.80904794783163,0.8133029,-3.2327983,24.0,32.26878,-14.812301,55.52641,29.499052,-5.779975,-7.0292,0.5474996,-8.805611,14.188033,-30.664717,-24.948095,5.3118515,28.565157,20.463985,-1.4759353,8.557886,-42.74362,12.498918,22.740656,57.486877,-22.249926,0.0,-39.42782,-30.080906,-26.457354,76.88929,-5.995299,0.0
498,5.7604827880859375,8.003091812133789,98.41580200195312,-1.9786699459758357,10.209097009543285,172.70436044778978,1.1639616,-4.1079364,24.0,33.521885,-14.561276,53.505455,28.52439,-3.6851175,-9.204438,-8.884268,-10.780164,15.846787,-26.843128,-26.171694,8.685588,28.30326,17.136042,-0.15939851,11.9174795,-43.01795,11.989723,23.839003,57.71304,-22.271189,0.0,-36.12116,-29.898623,-28.927595,80.10189,-6.689302,0.0
499,5.382410526275635,8.500984191894531,98.23831176757812,-1.4198658935052257,10.5554866079368,174.5905231485429,1.5909941,-5.067086,24.0,34.75629,-14.234887,51.140285,27.731476,-1.9549747,-11.713364,-18.29889,-12.89474,17.182375,-22.948694,-27.688635,12.205322,27.607883,13.890707,0.84309554,14.917498,-43.110455,11.358019,25.210339,57.783527,-22.462038,0.0,-32.760757,-29.437403,-31.35445,82.994934,-7.12249,0.0
500,4.977212429046631,8.996612548828125,98.00666809082031,-0.7779587411703257,10.968532792082948,176.41095598525064,2.1146772,-6.0778346,24.0,35.93215,-13.860976,48.45046,27.09783,-0.48384514,-14.339331,-25.787994,-14.866507,18.618498,-19.063826,-29.48434,15.629504,26.407946,10.947759,1.6009995,17.50134,-43.13027,10.558719,26.455902,57.65985,-22.835281,0.0,-29.578897,-28.583967,-33.509663,85.528534,-7.305025,0.0
501,4.542585849761963,9.477676391601562,97.73406982421875,-0.034789025840063485,11.47574721704413,178.1509676109777,2.7648757,-7.151183,24.0,37.067146,-13.421741,45.43647,26.573717,0.7632754,-17.130878,-31.024332,-16.680614,20.495333,-15.156904,-31.576584,19.17819,24.64387,8.519109,2.024384,19.446896,-43.000004,9.560937,27.719042,57.219185,-23.50756,0.0,-26.72916,-27.26247,-35.194004,87.710175,-7.291857,0.0
502,4.094094276428223,9.948999404907227,97.41067504882812,0.8218869618355252,12.040408293025392,179.84619663268356,3.5158021,-8.297859,24.0,38.1781,-12.909697,42.04354,26.161446,1.8294278,-20.004524,-35.02618,-18.42997,22.572132,-11.151534,-34.03016,22.955305,22.33434,6.5550165,2.1467342,20.813667,-42.72842,8.399285,29.112013,56.52953,-24.430065,0.0,-24.13156,-25.57618,-36.571266,89.564255,-7.0779686,0.0
503,3.6530070304870605,10.416380882263184,97.0627212524414,1.7529631349081036,12.623356621057834,-178.4822080165332,4.30862,-9.487765,24.0,39.207104,-12.384973,38.3795,25.788822,2.6973948,-22.636404,-37.80197,-20.048101,24.6111,-7.041381,-36.796814,26.516312,19.525557,4.8095202,2.201395,21.972488,-42.537815,7.1347356,30.194225,55.842155,-25.365911,0.0,-21.65873,-23.727358,-37.93555,91.085236,-6.5717607,0.0
504,3.1985669136047363,10.862491607666016,96.6969223022461,2.7096236448085267,13.186484322226686,-176.81718355495167,5.086165,-10.685258,24.0,40.094105,-11.918031,34.594063,25.430195,3.3829162,-24.781427,-39.42118,-21.391542,26.352722,-2.892009,-39.72378,29.41145,16.35582,2.9806983,2.3964634,23.337402,-42.634087,5.8305473,30.523998,55.41093,-26.05422,0.0,-19.169025,-21.91678,-39.542587,92.275,-5.6523976,0.0
505,2.7408692836761475,11.284770011901855,96.32562255859375,3.7017267359821515,13.737740810944278,-175.135467862724,5.8515153,-11.905735,24.0,40.792957,-11.534193,30.73031,25.065884,3.907071,-26.576038,-39.56791,-22.243755,27.78698,1.2504671,-42.54862,31.618372,12.9199,0.8121707,2.740639,25.039366,-43.136658,4.3864074,29.684404,55.33022,-26.386091,0.0,-16.57004,-20.221045,-41.52368,93.12256,-4.222999,0.0
506,2.2772741317749023,11.684393882751465,95.95194244384766,4.748791777280466,14.288701007297304,-173.44795306752695,6.6301384,-13.160557,24.0,41.3378,-11.213847,26.836456,24.691032,4.307202,-28.206736,-38.375126,-22.641222,29.134745,5.3772926,-45.13595,33.40993,9.324874,-1.6304286,3.1074562,26.859016,-43.910103,2.6806295,27.861904,55.44397,-26.400246,0.0,-13.951296,-18.563835,-43.670654,93.658714,-2.35082,0.0
507,1.7984777688980103,12.052170753479004,95.59774780273438,5.804081535233665,14.80419460632774,-171.79667070913817,7.3933225,-14.40916,24.0,41.794155,-10.964696,22.960354,24.32247,4.5963707,-29.405718,-36.631557,-22.815107,30.401106,9.438931,-47.498676,34.78025,5.7427807,-4.131282,3.494359,28.744282,-44.648857,1.014683,25.97406,55.65137,-26.253622,0.0,-11.40612,-16.913242,-45.732723,93.942024,-0.15328526,0.0
508,1.3055782318115234,12.400836944580078,95.26213836669922,6.822426488094354,15.258639688522004,-170.22167486993993,8.113461,-15.608047,24.0,42.227783,-10.78787,19.273571,23.972254,4.7753735,-30.06338,-35.08574,-23.030165,31.608229,13.367791,-49.70426,35.707737,2.3063805,-6.4256477,3.9196455,30.652897,-45.1865,-0.4343379,24.651146,55.828953,-26.146456,0.0,-9.034736,-15.264751,-47.479935,94.04074,2.2537997,0.0
509,0.7851086854934692,12.728198051452637,94.95433807373047,7.8336213740891845,15.682288377491657,-168.69786979823203,8.784358,-16.811552,24.0,42.5974,-10.757329,15.889029,23.623789,4.7850666,-30.333538,-33.78169,-23.371527,32.695286,17.102346,-51.72058,36.297367,-1.0340059,-8.403506,4.4082456,32.639023,-45.608654,-1.8001257,23.809181,55.92388,-26.115257,0.0,-6.8243656,-13.709425,-48.99388,93.91672,5.169951,0.0
510,0.24848729372024536,13.035635948181152,94.66127014160156,8.845712322553524,16.07944843679421,-167.2136704827405,9.416595,-18.020002,24.0,42.88833,-10.854857,12.860533,23.266708,4.661371,-30.418598,-32.40325,-23.70507,33.70704,20.607359,-53.466877,36.659546,-4.2941117,-10.184609,4.9564834,34.739082,-45.99734,-3.1708195,23.13014,55.98509,-26.091616,0.0,-4.6977563,-12.275901,-50.37517,93.576485,8.563851,0.0
511,-0.332825243473053,13.2967529296875,94.3958969116211,9.78157206525447,16.395735968048015,-165.8306578926602,10.006223,-19.11272,24.0,43.207844,-10.939129,10.241383,22.921427,4.5052485,-30.231339,-31.153847,-23.99932,34.785763,23.858704,-54.95966,36.73847,-7.326314,-11.818157,5.556914,36.882626,-46.26376,-4.418273,22.512177,56.060955,-26.12192,0.0,-2.6761994,-10.879513,-51.425056,93.16451,11.803788,0.0
512,-0.9157236814498901,13.48980712890625,94.15524291992188,10.559321913458998,16.582139242022205,-164.61746375201727,10.552989,-19.969606,24.0,43.65988,-10.867266,8.0882845,22.606407,4.3991613,-29.685774,-30.235828,-24.22222,36.052216,26.85138,-56.240128,36.454544,-10.0108385,-13.313467,6.2069025,38.977802,-46.3928,-5.4539237,21.925177,56.21816,-26.25653,0.0,-0.7972917,-9.420261,-51.929432,92.80614,14.254023,0.0
513,-1.5237778425216675,13.61991024017334,93.93534851074219,10.944870083735864,16.59558282066379,-163.61433689118505,11.059813,-19.999998,24.0,44.261673,-10.471415,6.4806967,22.284685,4.1557727,-28.7628,-29.792683,-24.490032,37.698463,29.593054,-57.327522,35.68114,-12.373179,-14.683852,7.1254015,41.281746,-46.459995,-6.0077147,21.182362,56.688354,-26.60575,0.0,0.98915875,-7.500619,-51.817154,92.31724,15.710756,0.0
514,-2.1427395343780518,13.68542194366455,93.73804473876953,11.226785958092098,16.5173000818873,-162.7795897468019,11.526776,-19.999998,24.0,44.976536,-9.996388,5.4606366,21.978586,3.8349771,-27.626461,-29.617308,-24.752066,39.577503,32.058247,-58.140945,34.62507,-14.601557,-15.9065075,8.219652,43.75659,-46.38288,-6.416037,20.519005,57.193516,-27.044926,0.0,2.6180632,-5.5864596,-51.157627,91.841354,16.48078,0.0
515,-2.7408840656280518,13.722094535827637,93.55487823486328,11.46697375101747,16.3631010077841,-162.0823878363473,11.963684,-19.999998,24.0,45.759636,-9.470209,4.9958267,21.69221,3.5687757,-26.394665,-29.722157,-24.916443,41.392574,34.23428,-58.69861,33.424667,-16.481157,-16.87903,9.166486,45.808155,-46.17997,-6.747693,19.951803,57.684277,-27.520521,0.0,4.1588874,-3.9134016,-50.153908,91.52477,16.82067,0.0
516,-3.3532962799072266,13.70054817199707,93.40388488769531,11.718527524951833,16.14356059391525,-161.49168259685493,12.379806,-19.999998,24.0,46.563606,-8.916787,4.996887,21.42987,3.486657,-25.122776,-30.128967,-24.888578,42.83045,36.136673,-59.06121,32.189423,-17.81743,-17.439087,9.675367,46.811245,-45.79191,-7.0901623,19.507755,58.06785,-28.013815,0.0,5.668569,-2.691239,-49.007046,91.507965,16.980059,0.0
517,-3.9668805599212646,13.629581451416016,93.27726745605469,11.99946976718128,15.828299626768171,-161.0214215382272,12.783409,-19.999998,24.0,47.383488,-8.277293,5.418358,21.187757,3.5915387,-23.572252,-30.982925,-24.60407,43.608093,37.778877,-59.245106,30.893654,-18.559235,-17.320715,9.668767,46.41225,-45.189,-7.4541054,19.205936,58.354298,-28.532116,0.0,7.197613,-1.9578519,-47.726578,91.823616,16.944214,0.0
518,-4.553309440612793,13.527204513549805,93.1878890991211,12.280214331511663,15.426957438183146,-160.68123929168274,13.169112,-19.999998,24.0,48.233585,-7.5712447,6.2458296,20.95889,3.7803798,-21.725887,-32.248726,-24.13459,43.920258,39.15655,-59.229664,29.505972,-18.84622,-16.664673,9.323761,44.995102,-44.40205,-7.804687,19.025328,58.537144,-29.047403,0.0,8.705335,-1.6014397,-46.24704,92.40079,16.589811,0.0
519,-5.14754056930542,13.370182991027832,93.13851928710938,12.544400747995613,15.00670011231545,-160.43286576890648,13.523262,-19.999998,24.0,49.094704,-6.9338784,7.3987517,20.745386,4.0332713,-19.945312,-33.667248,-23.579441,44.182564,40.270668,-59.042168,28.104479,-18.772875,-15.909424,8.73993,43.039402,-43.492,-8.146172,18.93056,58.59679,-29.552092,0.0,10.091165,-1.5962857,-44.65168,93.21907,16.01246,0.0
520,-5.7245635986328125,13.183877944946289,93.14094543457031,12.775527886138784,14.634142848921936,-160.23728421564292,13.8314085,-19.999998,24.0,49.948524,-6.501693,8.748056,20.550999,4.329118,-18.553661,-34.9824,-23.038965,44.82452,41.13012,-58.732006,26.761177,-18.441044,-15.471272,8.044099,41.00666,-42.5594,-8.472041,18.878054,58.501297,-29.981745,0.0,11.25544,-1.9019455,-43.023487,94.25542,15.308936,0.0
521,-6.283135890960693,12.979632377624512,93.19696044921875,12.96744367576277,14.322989122100068,-160.1338443688651,14.099387,-19.999998,24.0,50.832787,-6.2882953,10.197777,20.373415,4.712813,-17.427221,-36.237564,-22.41191,46.07513,41.735935,-58.334656,25.449774,-17.851227,-15.338271,7.1721463,38.69432,-41.613422,-8.757826,18.895454,58.248547,-30.335539,0.0,12.183699,-2.5397038,-41.322453,95.558014,14.556954,0.0
522,-6.821406841278076,12.791827201843262,93.28705596923828,13.088869025525243,14.252929200774227,-160.0731317712217,14.166521,-19.999998,23.308783,51.898014,-6.0561185,11.729791,20.206362,5.23384,-16.128523,-37.61545,-21.65072,47.593792,42.114624,-57.8796,24.269646,-16.911528,-15.356211,6.109606,36.011738,-40.92157,-8.978322,18.894583,57.89008,-30.57827,0.0,12.616726,-3.4546425,-39.47889,97.16956,13.682279,0.0
523,-7.329223155975342,12.612396240234375,93.41567993164062,13.181168139227745,14.23402700656441,-160.00641462335804,14.164655,-19.999998,22.526865,52.927357,-5.982021,13.284344,20.05888,5.7433376,-15.045715,-38.901478,-21.000364,49.119358,42.29041,-57.341534,23.160547,-15.751699,-15.673424,5.0793743,33.439888,-40.264088,-9.187496,18.881042,57.418407,-30.731853,0.0,12.803787,-4.549842,-37.64257,98.91739,12.561443,0.0
524,-7.833677291870117,12.434231758117676,93.58757781982422,13.187815959538444,14.215343993396168,-159.85197077850964,14.103185,-19.787542,21.750164,53.829147,-6.039729,14.793895,19.93102,6.0925107,-14.387127,-39.953445,-20.703117,50.359657,42.30714,-56.709785,22.115437,-14.406462,-16.424978,4.320242,31.499516,-39.61968,-9.344161,18.742983,56.887672,-30.822306,0.0,12.800409,-5.6382775,-35.920982,100.64203,11.092588,0.0
525,-8.346044540405273,12.253759384155273,93.8051986694336,13.115740721574156,14.207184052057377,-159.61754040492912,13.977995,-19.379951,20.980787,54.600777,-6.2790875,16.209301,19.823277,6.2873073,-14.165638,-40.817703,-20.946388,51.30855,42.198936,-55.984215,21.06299,-12.956444,-17.84641,3.914713,30.397554,-38.98159,-9.448016,18.501623,56.28406,-30.85225,0.0,12.601212,-6.736797,-34.33089,102.3937,9.120348,0.0
526,-8.832777976989746,12.100933074951172,94.06021881103516,13.008041636131795,14.230018641712352,-159.3373993577865,13.7927,-18.921799,20.190641,55.288197,-6.7092605,17.505808,19.738094,6.420206,-14.22365,-41.50066,-21.547308,52.09965,41.98218,-55.171803,19.995975,-11.394541,-19.797897,3.7203133,29.839668,-38.373997,-9.524234,18.211884,55.585766,-30.792946,0.0,12.182668,-7.93288,-32.803112,104.23495,6.7400413,0.0
527,-9.306884765625,11.974169731140137,94.34973907470703,12.866140713213936,14.258258750440744,-158.9670765112498,13.559433,-18.398989,19.401678,55.880146,-7.2349167,18.66852,19.67961,6.4711223,-14.519794,-41.794132,-22.184813,52.654587,41.687187,-54.291763,18.997732,-9.628844,-21.829119,3.618821,29.592484,-37.780426,-9.586267,17.821297,54.808872,-30.64979,0.0,11.560705,-9.132702,-31.355778,106.04545,4.199508,0.0
528,-9.780912399291992,11.86497974395752,94.67695617675781,12.691353725590123,14.266418937119699,-158.46241067301014,13.290045,-17.797543,18.63597,56.36292,-7.763781,19.691051,19.652105,6.4155965,-15.017312,-41.500443,-22.534733,52.891335,41.35433,-53.37023,18.143188,-7.571895,-23.48416,3.5034945,29.409481,-37.17574,-9.651051,17.278753,53.955433,-30.423393,0.0,10.748602,-10.249718,-30.008455,107.70828,1.7439132,0.0
529,-10.257680892944336,11.763975143432617,95.03606414794922,12.475009003977549,14.269969145628929,-157.7860031847898,12.962232,-17.094004,17.877604,56.71606,-8.293393,20.569735,19.66165,6.246629,-15.753831,-40.467815,-22.52641,52.691437,41.027054,-52.444126,17.436115,-5.1911635,-24.64958,3.3405132,29.308582,-36.591297,-9.721412,16.544617,53.04175,-30.113255,0.0,9.689422,-11.261805,-28.764254,109.24743,-0.6242698,0.0
530,-10.723640441894531,11.680277824401855,95.42910766601562,12.22029674128579,14.277204164672419,-156.97014667184783,12.580995,-16.29983,17.12625,56.95386,-8.863444,21.27139,19.705576,6.000674,-16.68367,-38.84324,-22.320055,52.09722,40.74663,-51.543022,16.79833,-2.5864208,-25.538128,3.176419,29.370447,-36.027393,-9.782219,15.65529,52.05572,-29.714138,0.0,8.389888,-12.225679,-27.602415,110.71126,-3.0092578,0.0
531,-11.193042755126953,11.619242668151855,95.84930419921875,11.944493493666297,14.252159758928212,-156.07449278501196,12.182748,-15.45324,16.421305,57.116467,-9.317675,21.320993,19.749517,5.8926506,-17.208715,-37.018364,-21.789211,50.99456,40.726254,-51.41908,16.52035,-0.199916,-25.499725,3.2521505,29.02527,-35.4154,-9.8193655,14.671017,50.998066,-29.254183,0.0,6.9494057,-13.179435,-26.504288,112.0279,-5.324057,0.0
532,-11.661515235900879,11.571314811706543,96.29324340820312,11.662895957856582,14.157729949753218,-155.1586176692111,11.831329,-14.598092,15.80678,57.26881,-9.83496,21.365711,19.81886,5.7100954,-17.876276,-35.066376,-21.191713,49.913616,40.71163,-51.20759,16.11821,2.3360693,-25.312353,3.268526,28.751871,-34.686783,-9.831887,13.658015,49.856075,-28.752909,0.0,5.4637833,-14.158295,-25.451588,113.11907,-7.4828315,0.0
533,-12.143921852111816,11.54964542388916,96.76451110839844,11.381863928564165,13.977563074708854,-154.21003887562037,11.568716,-13.747208,15.307389,57.308147,-10.514487,21.805834,19.973194,5.076231,-19.192272,-32.701057,-20.677294,49.27397,40.5764,-48.958557,14.829081,5.652169,-26.79765,3.001651,29.17822,-33.812695,-9.819867,12.605332,48.613636,-28.206285,0.0,3.9566352,-15.209135,-24.50449,113.979515,-9.4799185,0.0
534,-12.647743225097656,11.547877311706543,97.26463317871094,11.088957967959091,13.734187847821227,-153.206694215842,11.291055,-12.866217,14.878962,57.360405,-10.90216,21.81863,20.0505,4.9067507,-20.215105,-30.403263,-19.78448,47.899376,40.573044,-48.746098,14.636835,8.53856,-25.95978,3.1997313,28.687752,-32.81991,-9.77509,11.489433,47.267635,-27.607943,0.0,2.3587625,-16.30444,-23.636066,114.64751,-11.353701,0.0
535,-13.166284561157227,11.559450149536133,97.7861328125,10.772427726029628,13.449139538204655,-152.19285493078698,11.036427,-11.973455,14.508359,57.383053,-11.350381,21.813698,20.166784,4.6190295,-21.32957,-27.946375,-18.88036,46.58163,40.58028,-48.421864,14.364969,11.518752,-25.17828,3.3138196,28.253904,-31.735044,-9.669061,10.349953,45.83704,-26.970171,0.0,0.6358696,-17.361149,-22.70585,115.09779,-13.080047,0.0
536,-13.674283027648926,11.608698844909668,98.32402801513672,10.421443824234556,13.14399619828005,-151.21242624140098,10.849077,-11.094196,14.18101,57.26838,-11.987341,21.635714,20.411892,3.7862444,-22.369875,-25.234966,-18.084312,45.84067,40.601254,-45.442566,13.029219,14.964017,-27.347744,3.294053,28.130177,-30.605383,-9.467175,9.222867,44.343395,-26.288012,0.0,-1.2425746,-18.286108,-21.578672,115.3008,-14.635397,0.0
537,-14.191104888916016,11.681831359863281,98.87484741210938,10.023573687603639,12.819524727194242,-150.2638649880556,10.636654,-10.184511,13.873656,57.285885,-12.336204,21.59592,20.501154,3.6083584,-23.417725,-22.840267,-17.05698,44.568886,40.607204,-45.198277,12.868527,17.70688,-26.938974,3.4606647,27.37497,-29.425478,-9.155094,8.10558,42.793278,-25.577753,0.0,-3.3142278,-19.019463,-20.237267,115.25363,-15.99888,0.0
538,-14.72579574584961,11.766802787780762,99.43277740478516,9.587699047985065,12.467259678192857,-149.32702753700448,10.490955,-9.274534,13.619056,57.176353,-12.892536,20.97016,20.747778,2.9029133,-24.075346,-20.19546,-15.997619,43.699787,40.617836,-42.71735,11.845125,20.888165,-28.963566,3.6222003,26.60802,-28.176836,-8.750792,6.9900646,41.177074,-24.84281,0.0,-5.5468273,-19.598814,-18.758669,114.95821,-17.183903,0.0
539,-15.282201766967773,11.859779357910156,99.99786376953125,9.134379502240566,12.092898178074048,-148.4202746391799,10.300767,-8.367519,13.38744,57.17116,-13.222423,20.894278,20.844717,2.707309,-25.088356,-17.772623,-14.971294,42.48242,40.62457,-42.48878,11.725398,23.49467,-28.76828,3.7614233,25.734354,-26.84914,-8.273569,5.911258,39.47741,-24.08014,0.0,-7.8709917,-20.07332,-17.136751,114.427246,-18.243528,0.0
540,-15.844429016113281,11.967445373535156,100.5593032836914,8.685570057408524,11.701044411149518,-147.56065328221118,10.112416,-7.5180163,13.18734,57.074524,-13.75104,20.36117,21.107893,1.9782792,-25.611757,-15.33645,-14.176265,41.77134,40.654552,-41.03578,11.197836,26.127335,-29.92187,3.887757,24.834787,-25.455893,-7.7451515,4.9002666,37.703396,-23.287844,0.0,-10.216142,-20.495268,-15.371992,113.66205,-19.223103,0.0
541,-16.403270721435547,12.089533805847168,101.11033630371094,8.233704418530005,11.279556396599048,-146.77197106047217,9.920296,-6.7190495,13.027633,56.949444,-14.276174,19.230974,21.312574,1.361579,-25.397451,-13.1857195,-13.5380335,40.88489,40.637005,-38.981712,10.553992,28.616922,-31.882505,4.102596,23.849564,-23.985004,-7.154928,3.9810946,35.86104,-22.474262,0.0,-12.592299,-20.829054,-13.431872,112.645485,-20.110413,0.0
542,-16.983022689819336,12.223775863647461,101.64624786376953,7.771906774921365,10.829433411207793,-146.03795153693676,9.685832,-5.9396396,12.895425,56.93861,-14.632952,19.122898,21.412443,1.0958585,-25.950605,-11.147963,-13.102221,40.01178,40.64061,-38.788815,10.538298,30.590479,-32.16796,4.052707,23.107412,-22.436014,-6.494207,3.1376314,33.959263,-21.650581,0.0,-15.005161,-21.034252,-11.354834,111.37884,-20.896126,0.0
543,-17.565195083618164,12.35494613647461,102.16015625,7.3226075348470685,10.376053188774527,-145.31648673617636,9.431481,-5.2190175,12.778696,56.848866,-15.1482115,18.512344,21.700195,0.26745018,-25.97995,-9.142262,-12.786121,39.63876,40.644096,-37.69405,10.361874,32.540348,-33.208534,4.1427226,22.198181,-20.860012,-5.8106575,2.342819,32.01742,-20.806742,0.0,-17.386284,-21.167086,-9.248251,109.882614,-21.629112,0.0
544,-18.166444778442383,12.511926651000977,102.64349365234375,6.907269919615027,9.946766168540636,-144.5673002419754,9.115161,-4.572471,12.652757,56.603035,-15.774126,17.121172,21.931566,-0.57624143,-25.051779,-7.4747615,-12.593214,39.019913,40.55339,-35.77936,9.835217,34.45248,-34.845768,4.375227,21.392492,-19.317991,-5.119914,1.5553812,30.07144,-19.939816,0.0,-19.685545,-21.304392,-7.2073827,108.1838,-22.360138,0.0
545,-18.763813018798828,12.66334342956543,103.11185455322266,6.536481832910319,9.534645304055926,-143.79383729586073,8.690876,-3.9980536,12.510846,56.482307,-16.186922,16.556581,22.13024,-1.2225661,-24.63519,-6.075156,-12.622789,38.448177,40.501064,-35.056805,9.654317,35.911903,-35.02621,4.355751,21.090117,-18.005594,-4.4454293,0.7401988,28.472996,-19.19596,0.0,-21.917274,-21.528069,-5.2540145,106.27032,-23.127943,0.0
546,-19.35529136657715,12.837918281555176,103.55313873291016,6.195562641716554,9.130487162630281,-143.01315730392923,8.21502,-3.497139,12.373448,56.177055,-16.804867,15.30091,22.366383,-2.1401336,-23.389574,-4.9237137,-12.815367,38.010685,40.314373,-33.523674,9.18479,37.377827,-35.857456,4.4497695,20.834286,-16.740892,-3.7629094,-0.07120224,26.934948,-18.450546,0.0,-24.084454,-21.769135,-3.3732502,104.13462,-23.95325,0.0
547,-19.951061248779297,13.015887260437012,103.95797729492188,5.867762470951153,8.755374733548495,-142.20547055686006,7.666565,-3.037772,12.216297,55.99188,-17.213324,14.805411,22.570059,-2.8564994,-22.64498,-3.8881025,-13.07267,37.529625,40.226227,-32.84728,8.968724,38.447575,-35.57812,4.350107,20.87323,-15.592418,-3.0695004,-0.90259045,25.52166,-17.709234,0.0,-26.132664,-21.843649,-1.5521877,101.73896,-24.84241,0.0
548,-20.55500030517578,13.22498893737793,104.33679962158203,5.5376503197833555,8.430669279094776,-141.3512040490026,7.0882907,-2.6108694,12.033841,55.575203,-17.809172,13.729071,22.812592,-3.8422062,-21.225101,-2.9132864,-13.259509,37.021683,39.97997,-31.4462,8.504625,39.635437,-35.676773,4.373197,20.757004,-14.6124935,-2.3604228,-1.7717488,24.268509,-16.96406,0.0,-27.99113,-21.58304,0.24944663,99.04428,-25.739864,0.0
549,-21.17134666442871,13.449570655822754,104.68084716796875,5.199890039529491,8.171956582553257,-140.4433946641668,6.447689,-2.2093835,11.807505,55.177826,-18.285103,12.827542,23.038113,-4.7391353,-19.808136,-2.0251987,-13.379277,36.290424,39.730602,-30.422153,8.167428,40.62024,-34.94252,4.311651,20.73226,-13.829897,-1.6282382,-2.6795263,23.194859,-16.198648,0.0,-29.6663,-20.903316,2.1401873,96.05815,-26.627028,0.0
550,-21.80437469482422,13.686784744262695,104.99385833740234,4.865035425494466,7.963643300733764,-139.49316890163357,5.7489486,-1.8415104,11.548919,54.723587,-18.746351,12.07954,23.270395,-5.64248,-18.373777,-1.2107089,-13.482975,35.49507,39.4954,-29.490545,7.815527,41.405544,-33.757294,4.214479,20.79802,-13.201655,-0.8745619,-3.6112387,22.275206,-15.392964,0.0,-31.12655,-19.904274,4.124974,92.79817,-27.546804,0.0
551,-22.426563262939453,13.92092227935791,105.26750183105469,4.5431584639298945,7.779316269233984,-138.50732890091444,5.016846,-1.4966992,11.28095,54.22711,-19.180836,11.468462,23.49929,-6.552772,-16.902203,-0.3998966,-13.55363,34.677776,39.280094,-28.642515,7.4565163,42.047962,-32.298946,4.079472,20.92042,-12.677486,-0.1144924,-4.5551844,21.486946,-14.563925,0.0,-32.24935,-18.736101,6.094392,89.239296,-28.468155,0.0
552,-23.060447692871094,14.164122581481934,105.5002212524414,4.243030638470907,7.592763088807214,-137.49297882655193,4.2756896,-1.1652036,11.025946,53.703766,-19.573505,10.982835,23.713276,-7.4710593,-15.378697,0.4797403,-13.576466,33.878258,39.08789,-27.89587,7.106996,42.604755,-30.720915,3.8962603,21.071095,-12.213228,0.63209534,-5.5045414,20.810898,-13.752197,0.0,-32.94447,-17.56737,7.9365053,85.348564,-29.335312,0.0
553,-23.701520919799805,14.399422645568848,105.68402862548828,3.949678724333755,7.403338621234582,-136.44168979932275,3.5024018,-0.83162713,10.786658,53.154743,-19.933626,10.61683,23.913988,-8.378464,-13.77941,1.5228128,-13.539015,33.081955,38.916176,-27.238272,6.762094,43.05168,-28.984602,3.6634965,21.302591,-11.8281145,1.3809216,-6.4975753,20.250437,-12.986742,0.0,-33.216064,-16.455946,9.616687,81.06873,-30.02582,0.0
554,-24.34796714782715,14.625469207763672,105.83175659179688,3.66453609504702,7.2214334425321764,-135.35263709271084,2.6942573,-0.5028247,10.552441,52.57111,-20.264328,10.365347,24.107122,-9.274995,-12.110104,2.6787353,-13.456106,32.26705,38.762035,-26.646276,6.416217,43.37198,-27.049294,3.4058266,21.605827,-11.525552,2.1264493,-7.52177,19.796822,-12.2974415,0.0,-33.12335,-15.435538,11.219537,76.41598,-30.445436,0.0
555,-24.99412727355957,14.830556869506836,105.94071197509766,3.425634426422784,7.037223104694808,-134.24269037095058,1.9031514,-0.21003866,10.323795,51.951714,-20.544151,10.220366,24.285563,-10.190287,-10.395104,3.8000631,-13.352356,31.45884,38.628735,-26.114206,6.086765,43.63467,-25.066286,3.1415427,21.858204,-11.272098,2.810051,-8.500888,19.460516,-11.762601,0.0,-32.703365,-14.627871,12.784123,71.48105,-30.571194,0.0
556,-25.651248931884766,15.023001670837402,105.99998474121094,3.269634296628545,6.839756676590208,-133.12909007281397,1.1808273,0.014638984,10.099296,51.296047,-20.750124,10.172154,24.440413,-11.156069,-8.654716,4.735003,-13.244663,30.682602,38.524433,-25.638376,5.7870164,43.90344,-23.187815,2.8778696,21.937681,-11.040498,3.374256,-9.355003,19.257227,-11.450028,0.0,-31.996426,-14.137075,14.30643,66.34196,-30.37894,0.0
557,-26.313570022583008,15.199823379516602,106.0050048828125,3.2229265970585037,6.619488014381571,-131.99807500765883,0.5126712,0.15293382,9.882872,50.605904,-20.873798,10.217451,24.566149,-12.2144575,-6.862898,5.417591,-13.167248,30.00966,38.455273,-25.207039,5.4873705,44.183502,-21.412302,2.6032326,21.782198,-10.835301,3.7691483,-10.085338,19.208809,-11.369591,0.0,-30.978445,-14.084366,15.622236,60.844074,-29.769608,0.0
558,-26.980655670166016,15.357438087463379,105.96755981445312,3.258013979694942,6.381023759350417,-130.84782900484183,-0.11994226,0.22525991,9.669888,49.879536,-20.928585,10.354164,24.667784,-13.337578,-5.011763,5.9415913,-13.089825,29.399405,38.42117,-24.814798,5.1870894,44.436443,-19.682201,2.3139827,21.462397,-10.67623,4.031082,-10.738821,19.309923,-11.481693,0.0,-29.668291,-14.423527,16.669643,54.961613,-28.630848,0.0
559,-27.651384353637695,15.494402885437012,105.87329864501953,3.3327329746217322,6.135197725137057,-129.71342085825097,-0.6710767,0.25503987,9.446082,49.112537,-20.916706,10.572221,24.75181,-14.453509,-3.1446218,6.392887,-12.9307375,28.707096,38.421486,-24.469173,4.937359,44.660477,-18.06936,2.02299,21.051659,-10.550586,4.235355,-11.294328,19.519398,-11.746953,0.0,-28.163746,-14.994682,17.564154,48.954674,-26.976078,0.0
560,-28.32693099975586,15.624059677124023,105.72164916992188,3.4077966103304584,5.8938568295298,-128.62931903611508,-1.0948142,0.26440665,9.198699,48.30137,-20.840677,10.855395,24.824755,-15.492166,-1.2989068,6.857871,-12.612797,27.78709,38.456284,-24.175186,4.7935395,44.85257,-16.643229,1.7454977,20.62135,-10.446861,4.4535246,-11.729869,19.801819,-12.160574,0.0,-26.572044,-15.647498,18.420605,43.097572,-24.897764,0.0
561,-29.02238655090332,15.756863594055176,105.51129913330078,3.5157775238061015,5.6652019414195784,-127.61770755944711,-1.3664802,0.21918741,8.8995075,47.448517,-20.67595,11.173526,24.88126,-16.513445,0.59530705,7.2561193,-12.156365,26.666641,38.527256,-23.925463,4.741078,45.053844,-15.37267,1.470351,20.149273,-10.35784,4.646033,-11.920962,20.176489,-12.781502,0.0,-24.787487,-16.470633,19.303846,36.9961,-22.278528,0.0
562,-29.731285095214844,15.905685424804688,105.22647857666016,3.6670162593216236,5.438936368561286,-126.65558329652055,-1.5161098,0.11717297,8.5641575,46.554245,-20.42504,11.564495,24.92376,-17.52603,2.5116048,7.5911264,-11.583486,25.401632,38.64552,-23.710958,4.757925,45.2389,-14.242606,1.1930205,19.60216,-10.2998705,4.7899413,-11.921559,20.672142,-13.596688,0.0,-22.745564,-17.504873,19.954895,30.52463,-19.12031,0.0
563,-30.44058609008789,16.08057403564453,104.88298034667969,3.790506170102053,5.201590375789568,-125.70823355058387,-1.5797778,0.026794564,8.248388,45.610756,-20.131765,12.012072,24.95971,-18.405891,4.3595223,8.060515,-10.834211,23.874231,38.805954,-23.539938,4.8904705,45.32854,-13.344838,0.93805814,19.030153,-10.306308,4.977361,-11.983769,21.28413,-14.512558,0.0,-20.6465,-18.511932,20.145906,24.443623,-15.852634,0.0
564,-31.171619415283203,16.275556564331055,104.48470306396484,3.8138850871455037,4.942672444246981,-124.7409124392676,-1.5926422,0.017431818,8.007925,44.61079,-19.842411,12.453849,24.991955,-19.040625,6.086974,8.854201,-9.864067,21.953905,38.98008,-23.419016,5.1906214,45.27032,-12.773139,0.72798437,18.48286,-10.408015,5.2999725,-12.360858,21.998178,-15.429948,0.0,-18.80728,-19.22454,19.867533,19.729712,-13.083153,0.0
565,-31.895273208618164,16.498868942260742,104.06401062011719,3.688455561993857,4.6553514182666085,-123.73523876879094,-1.5539508,0.12345059,7.854127,43.542614,-19.527534,12.83643,25.017096,-19.39329,7.6794443,10.119943,-8.597977,19.333668,39.143093,-23.34696,5.688891,45.084923,-12.633765,0.54624236,17.989815,-10.559112,5.8315125,-13.139605,22.74011,-16.370066,0.0,-17.456362,-19.448818,19.397001,17.04582,-11.292823,0.0
566,-32.60063171386719,16.76189422607422,103.6845703125,3.459578444532718,4.353428987981173,-122.71268680667379,-1.4461546,0.30439222,7.7558775,42.41339,-19.174244,13.15766,25.026922,-19.542936,9.202398,11.757031,-7.141581,16.13694,39.290543,-23.316946,6.354585,44.81827,-12.856841,0.38772848,17.51653,-10.7153015,6.517207,-14.163806,23.427244,-17.312069,0.0,-16.56804,-19.287683,18.927338,16.04951,-10.42798,0.0
567,-33.29209518432617,17.053842544555664,103.36648559570312,3.19425398440361,4.059641994150513,-121.70163073669733,-1.2772895,0.5184884,7.7039056,41.244503,-18.859129,13.348375,25.012222,-19.582542,10.8038435,13.531289,-5.712792,12.880108,39.380764,-23.326899,7.1149645,44.509396,-13.304273,0.2776439,17.036842,-10.907389,7.254633,-15.3182535,24.03422,-18.103168,0.0,-16.138334,-18.901405,18.470366,16.305538,-10.295173,0.0
568,-34.005943298339844,17.3245849609375,102.97239685058594,2.9635361459465006,3.792555575183856,-120.72895059361709,-1.0571513,0.72142744,7.688236,40.0588,-18.661566,13.505746,24.975023,-19.575129,12.509492,15.1846285,-4.4688587,10.124077,39.449528,-23.374949,7.858569,44.140244,-13.876003,0.22413838,16.552998,-11.201548,7.925018,-16.49693,24.635406,-18.64291,0.0,-16.126001,-18.454494,17.974562,17.328657,-10.6332,0.0
569,-34.657718658447266,17.627687454223633,102.58409881591797,2.764827414700728,3.557867225983991,-119.82033048399163,-0.74450874,0.93473697,7.727352,39.173378,-18.622734,13.546397,24.949886,-19.5666,14.181902,16.763414,-3.2316945,7.7858653,39.4658,-23.422668,8.396887,43.710106,-14.669325,0.2179204,16.130783,-11.616345,8.524944,-17.765364,25.259768,-18.960482,0.0,-16.79384,-17.843485,17.493776,19.586674,-11.665367,0.0
570,-35.255889892578125,17.994325637817383,102.28404998779297,2.571501262450237,3.3426808119310145,-118.95361478839128,-0.35411686,1.1672791,7.8158193,38.027927,-18.688984,13.587027,24.897661,-19.444647,15.830843,18.374758,-2.0110455,5.5958014,39.477257,-23.520134,9.208413,43.14182,-15.467094,0.36765304,15.553163,-12.145241,9.0855055,-19.151676,25.961212,-19.16218,0.0,-18.00261,-16.98607,16.99107,23.033915,-13.361614,0.0
571,-35.81520462036133,18.383176803588867,102.0631332397461,2.414264557139512,3.1388993170757105,-118.08674680440039,0.032432448,1.3613191,7.921916,36.471066,-18.887512,13.648875,24.785315,-19.148148,17.68064,19.798622,-1.0647724,3.8952243,39.481037,-23.712112,10.435571,42.41385,-16.041101,0.7289699,14.703298,-12.830688,9.534918,-20.50146,26.881886,-19.275915,0.0,-18.962267,-16.26143,16.212004,25.955082,-14.768075,0.0
572,-36.365211486816406,18.784406661987305,101.91883850097656,2.3241968165896894,2.9400376395044754,-117.18012054445143,0.34312886,1.4638202,8.013798,35.205822,-19.024443,13.717993,24.651096,-18.89164,19.968664,20.628742,-0.52786976,3.2628496,39.468903,-23.913424,11.428824,41.699493,-16.827297,1.0492064,13.933245,-13.551916,9.855537,-21.589869,27.822308,-19.134363,0.0,-19.516823,-15.733719,15.326131,28.112324,-15.832075,0.0
573,-36.95048522949219,19.134191513061523,101.85078430175781,2.317281139355311,2.7488295341442948,-116.24709326049428,0.55936867,1.4424162,8.089067,33.898952,-19.125996,14.266595,24.323378,-18.310215,22.536247,21.05824,-0.58401877,4.133352,39.231915,-24.330242,12.723606,41.086018,-17.427912,1.4572489,13.061721,-14.240695,10.050232,-22.476542,28.633535,-18.611736,0.0,-19.66487,-15.406932,14.402745,29.571959,-16.650572,0.0
574,-37.54547119140625,19.431758880615234,101.84844970703125,2.375075827925071,2.5653863988176955,-115.30174618856016,0.7388223,1.3337302,8.166869,32.71394,-19.166588,14.803351,24.155888,-18.006748,25.508406,20.669746,-0.96640205,6.3787823,38.903458,-24.500809,13.166507,40.654015,-18.930855,1.6864823,12.583276,-14.939494,10.138136,-23.225462,29.389425,-17.77911,0.0,-19.536222,-15.238748,13.413014,30.551384,-17.29505,0.0
575,-38.1092529296875,19.7041072845459,101.89041900634766,2.475144190131074,2.379943476561549,-114.30512710488438,0.86497015,1.1795543,8.238622,31.525085,-19.184208,15.364718,23.993486,-17.771708,28.610968,19.898066,-1.4611278,9.038999,38.506508,-24.656338,13.490624,40.28848,-20.462025,1.8936477,12.160807,-15.677358,10.149602,-23.608917,30.157465,-16.72373,0.0,-19.203915,-15.197076,12.325763,31.180264,-17.790468,0.0
576,-38.63077926635742,19.97170639038086,101.9807357788086,2.594529631691809,2.1836354367383253,-113.21790427871169,0.93072325,1.023757,8.295709,30.31215,-19.16898,15.970814,23.860256,-17.657433,31.488598,18.892202,-1.7353866,11.321454,38.079517,-24.7963,13.730598,39.99629,-21.781366,2.0457237,11.774196,-16.507349,10.1173,-23.40406,31.034014,-15.542781,0.0,-18.678728,-15.245767,11.079354,31.501192,-18.128012,0.0
577,-39.10601043701172,20.23331642150879,102.13896179199219,2.7318439264913734,1.9641612730367475,-111.98748237440083,0.90870744,0.8738652,8.342035,29.055054,-19.122948,16.639137,23.772089,-17.755613,34.15921,17.66164,-1.8372571,13.319713,37.657352,-24.915836,13.855222,39.71819,-22.92716,2.1488557,11.401694,-17.487974,10.01987,-22.585281,32.028297,-14.00739,0.0,-17.888676,-15.392327,9.600374,31.456575,-18.287086,0.0
578,-39.56532669067383,20.46747589111328,102.35542297363281,2.8949215748844863,1.7288817220805504,-110.64810530262729,0.81085765,0.7079449,8.378934,27.76993,-19.0452,17.38226,23.714823,-17.994667,36.754253,16.13413,-1.9251609,15.372046,37.256084,-25.020836,13.847101,39.423447,-23.997118,2.2197573,11.048277,-18.605997,9.882202,-21.25395,33.114353,-12.136237,0.0,-16.848349,-15.617665,7.934493,31.082441,-18.306974,0.0
579,-40.00579833984375,20.681102752685547,102.60308074951172,3.0725394898875824,1.4986297467182694,-109.29018229771887,0.68945384,0.52661705,8.3941765,26.49084,-18.92068,18.202124,23.664057,-18.191246,39.09473,14.27797,-1.7773179,17.06941,36.884243,-25.122591,13.767718,39.165718,-24.836067,2.234673,10.732205,-19.815855,9.808715,-19.40374,34.364666,-10.415115,0.0,-15.681064,-15.868349,6.1890035,30.485401,-18.217978,0.0
580,-40.43556213378906,20.86244010925293,102.88117218017578,3.2547194718049157,1.2928472197899734,-108.00514744652725,0.5970289,0.33145678,8.376549,25.252234,-18.735502,19.094315,23.590343,-18.169924,40.99911,12.042048,-1.13451,18.00639,36.544155,-25.232878,13.678958,39.007526,-25.288723,2.1652613,10.4729,-21.072607,9.892219,-17.07902,35.889183,-9.381982,0.0,-14.448219,-16.100698,4.44497,29.684584,-18.0146,0.0
581,-40.840965270996094,21.012645721435547,103.18472290039062,3.4463006061114254,1.1010184169746882,-106.79535542906156,0.5253774,0.11486758,8.331119,24.062391,-18.464687,20.077192,23.452013,-17.853273,42.36258,8.796967,0.42700666,18.029736,36.23847,-25.367092,13.616868,38.96619,-25.203476,1.9581579,10.271434,-22.355143,10.265483,-13.947395,37.70831,-9.3418455,0.0,-13.13206,-16.32182,2.6898727,28.664097,-17.683954,0.0
582,-41.215614318847656,21.142253875732422,103.49593353271484,3.647469869931876,0.9108085553903881,-105.62383220376886,0.4549927,-0.11972949,8.263356,22.90297,-18.120932,21.148428,23.274189,-17.337938,43.26394,4.767778,2.7604942,17.460604,35.971054,-25.51628,13.542005,39.002907,-24.699121,1.6382533,10.120663,-23.601686,10.925563,-10.141194,39.73226,-10.038385,0.0,-11.732502,-16.532768,0.90620565,27.469229,-17.25351,0.0
583,-41.556365966796875,21.26006317138672,103.81073760986328,3.846163142647937,0.7424808075526317,-104.52150103232178,0.42081892,-0.3551128,8.162386,21.768211,-17.748213,22.25566,23.124258,-16.725246,43.843037,1.1952075,5.2460003,16.529081,35.741707,-25.65641,13.398253,39.102207,-24.029633,1.2949557,10.0266285,-24.74769,11.710094,-6.4080997,41.924706,-11.137285,0.0,-10.313797,-16.705477,-0.8416422,26.137302,-16.732761,0.0
584,-41.87380599975586,21.33473777770996,104.13043212890625,4.032470858570965,0.6232977405088863,-103.51455084466448,0.45684603,-0.57437176,8.015468,20.652157,-17.391115,23.329834,23.061697,-16.127123,44.313198,-0.68352646,7.1569366,15.308476,35.546837,-25.760098,13.131713,39.25194,-23.447144,1.0203779,9.989681,-25.819164,12.387805,-3.4941895,44.264538,-12.202038,0.0,-8.91054,-16.819183,-2.5050194,24.681416,-16.139275,0.0
585,-42.1713981628418,21.40184783935547,104.44023895263672,4.227493836660712,0.5957515664812854,-102.62771253316747,0.59457064,-0.79187644,7.7864203,19.556519,-17.044107,24.320715,23.091724,-15.459639,44.785336,-0.26764733,8.297967,13.42978,35.382908,-25.809484,12.67173,39.474415,-22.95994,0.83292395,10.039698,-26.879377,12.852699,-1.4826715,46.75265,-13.090539,0.0,-7.6670694,-16.893175,-3.986692,23.19051,-15.49183,0.0
586,-42.46245193481445,21.430557250976562,104.73592376708984,4.43359355833593,0.6374812818685416,-101.83775396068529,0.8093171,-1.0120368,7.493761,18.765991,-16.773083,24.460155,23.12549,-15.251219,46.010555,1.3812522,8.933216,10.989009,35.359047,-25.822592,12.348055,39.620155,-22.253633,0.8339534,9.925186,-27.928923,13.189346,0.00016162153,49.378757,-13.979196,0.0,-6.5154495,-16.94065,-5.3479786,21.650154,-14.800003,0.0
587,-42.7296028137207,21.457090377807617,105.0057144165039,4.6112172380061445,0.6834298425319298,-101.09776452498025,1.0443795,-1.2022601,7.2048855,17.780987,-16.45426,24.55181,23.188362,-14.944501,47.06355,4.019702,9.006315,8.306346,35.34386,-25.832914,11.876541,39.85198,-21.680693,0.8032659,9.934068,-28.931868,13.406002,0.9161598,52.06191,-14.829048,0.0,-5.402564,-16.928955,-6.6467085,20.120642,-14.104656,0.0
588,-43.00104522705078,21.52290153503418,105.22589874267578,4.722937781579784,0.6706292764474037,-100.36125322109213,1.2453305,-1.333809,6.9835873,17.23362,-16.303858,24.63172,23.268517,-14.88645,47.896755,6.5321994,8.8173685,6.1756144,35.331486,-25.842112,11.560816,40.082733,-21.22435,0.83237433,9.828805,-29.875523,13.505742,1.2173789,54.76746,-15.621758,0.0,-4.376961,-16.820114,-7.8948836,18.837418,-13.530593,0.0
589,-43.267555236816406,21.585325241088867,105.42110443115234,4.734729950166344,0.5777125894396559,-99.61032805321591,1.4024394,-1.3691757,6.8499093,16.49651,-16.119238,24.694485,23.380962,-14.985673,48.68119,9.612495,7.8332524,4.3163724,35.32278,-25.852531,11.218437,40.370914,-20.956045,0.8512611,9.736492,-30.757969,13.361294,0.6471976,57.500034,-16.302216,0.0,-3.2484455,-16.567612,-9.20768,17.571909,-12.990303,0.0
590,-43.51356506347656,21.63330841064453,105.58660125732422,4.676003947155888,0.44840745288972406,-98.86883813106404,1.5427282,-1.3377762,6.7645097,15.646157,-15.932444,24.761292,23.554562,-15.301802,49.346638,13.182793,6.210677,2.7804644,35.31437,-25.864744,10.85443,40.716877,-20.821203,0.8812215,9.63896,-31.59951,12.945247,-0.6309578,60.29299,-16.896402,0.0,-2.0991616,-16.217442,-10.519048,16.34298,-12.475144,0.0
591,-43.73616027832031,21.68710708618164,105.72166442871094,4.589705438683728,0.29678996406428515,-98.15392458977595,1.674806,-1.2852441,6.7117143,14.735934,-15.755562,24.831171,23.776857,-15.789506,49.863976,16.477774,4.4437146,1.6011004,35.30667,-25.878538,10.497315,41.08285,-20.839294,0.907885,9.565833,-32.324867,12.458799,-2.0370126,63.027966,-17.468262,0.0,-1.0147753,-15.8330145,-11.760496,15.231421,-12.019447,0.0
592,-43.95398712158203,21.733102798461914,105.83287811279297,4.514706994228526,0.13771226685875645,-97.48146752462615,1.8058168,-1.2575063,6.674328,13.804931,-15.589129,24.899445,24.013313,-16.335724,50.235123,18.797604,3.0567741,0.6935882,35.30052,-25.894285,10.178796,41.42316,-21.024126,0.92085385,9.542461,-32.89697,12.150464,-3.058173,65.59321,-18.06283,0.0,-0.020276396,-15.4627075,-12.904514,14.256071,-11.636176,0.0
593,-44.178466796875,21.774688720703125,105.92242431640625,4.452456771109269,-0.037276475480879465,-96.8561700016343,1.9446205,-1.2617962,6.6633,12.87571,-15.437035,24.970419,24.246819,-16.855883,50.425823,20.01016,2.2186718,-0.0827057,35.29576,-25.915108,9.929706,41.72818,-21.433182,0.93722177,9.561056,-33.320072,12.098072,-3.6451871,68.01187,-18.684809,0.0,0.87167084,-15.113162,-13.939062,13.460811,-11.35234,0.0
594,-44.382049560546875,21.81900405883789,105.9867172241211,4.384492023558835,-0.23213247063906117,-96.26931874724202,2.0835977,-1.2753172,6.682643,11.960317,-15.303491,25.044518,24.468493,-17.336763,50.424404,20.534985,1.7174777,-0.76440084,35.292652,-25.94245,9.764217,42.010914,-22.021616,0.97212124,9.591406,-33.619694,12.189908,-4.071451,70.32936,-19.307552,0.0,1.6762366,-14.7785425,-14.887457,12.824424,-11.140971,0.0
595,-44.57942581176758,21.85570526123047,106.03351593017578,4.311252001495574,-0.42289963329830743,-95.71384876670359,2.2045999,-1.2965515,6.7036357,11.071397,-15.181758,25.12188,24.672478,-17.766577,50.31038,20.55473,1.4462571,-1.3083159,35.291122,-25.97417,9.675374,42.259087,-22.645672,1.007724,9.631264,-33.823635,12.412344,-4.366649,72.47179,-19.921848,0.0,2.3795516,-14.452922,-15.747055,12.333684,-11.006221,0.0
596,-44.7645378112793,21.88169288635254,106.06218719482422,4.229149263984471,-0.5854457969474957,-95.18252056640317,2.289612,-1.3247352,6.6975236,10.222174,-15.059926,25.202732,24.855762,-18.140095,50.163456,20.228642,1.3084595,-1.6594253,35.29082,-26.005747,9.640886,42.462685,-23.1669,1.0224615,9.685738,-33.962856,12.750077,-4.5598884,74.365425,-20.51586,0.0,2.950426,-14.140904,-16.51392,11.995254,-10.944003,0.0
597,-44.94436264038086,21.910472869873047,106.07669067382812,4.139059532908213,-0.718141891392938,-94.67909391370789,2.3349743,-1.3606919,6.6621027,9.424004,-14.928207,25.292461,25.017527,-18.443274,50.010803,19.434362,1.3344892,-1.7681519,35.29135,-26.034098,9.646571,42.622017,-23.59827,1.0014938,9.784494,-34.053577,13.264453,-4.624316,76.03513,-21.117014,0.0,3.3699508,-13.844782,-17.176975,11.8284235,-10.958359,0.0
598,-45.11174011230469,21.94557762145996,106.07537841796875,4.039909019035416,-0.8326485287637672,-94.20628889796852,2.3500023,-1.4043851,6.6105466,8.680344,-14.786015,25.395302,25.153625,-18.666243,49.81381,18.159737,1.5399586,-1.6649075,35.292664,-26.057514,9.690381,42.74396,-24.004404,0.95179194,9.925321,-34.083298,13.953373,-4.5773425,77.51034,-21.727064,0.0,3.6415062,-13.57524,-17.734966,11.855715,-11.061956,0.0
599,-45.262298583984375,21.974716186523438,106.06388854980469,3.936065314825752,-0.923598774661251,-93.75365705710892,2.3364892,-1.4548372,6.53431,7.9866157,-14.634465,25.615654,25.309841,-18.826378,49.554287,16.732635,1.7926544,-1.409831,35.295902,-26.079453,9.768451,42.831078,-24.32594,0.8816292,10.068426,-34.041454,14.699061,-4.501956,78.72562,-22.292068,0.0,3.8322315,-13.325494,-18.235893,11.962646,-11.195462,0.0
600,-45.40815353393555,21.99752426147461,106.04309844970703,3.834644730824173,-0.9865516525321939,-93.30952161815242,2.2934077,-1.5103053,6.4277544,6.3107595,-14.218193,27.468405,25.827559,-18.813095,47.10049,15.070687,2.3854003,-0.7176419,35.315712,-26.095789,10.061241,42.85561,-24.349308,0.8692747,10.059677,-33.92062,15.371804,-4.4702134,79.62731,-22.760431,0.0,3.9331532,-13.103111,-18.687498,12.167012,-11.374249,0.0
601,-45.52958679199219,22.017942428588867,106.01290130615234,3.7332849217172206,-1.014930843691495,-92.87760110503655,2.2161832,-1.5672852,6.287183,5.779815,-14.053048,28.932413,25.894983,-18.21766,45.43054,14.478136,2.5467665,-0.14281806,35.34612,-26.020792,10.190044,42.85765,-24.360697,0.8147806,10.039452,-33.73246,15.9788885,-4.4821577,80.22179,-23.125338,0.0,3.925578,-12.919256,-19.081373,12.4804535,-11.595521,0.0
602,-45.64198684692383,22.0279483795166,105.9753646850586,3.630409923271099,-1.0133925973283884,-92.46070174659944,2.1098335,-1.6270969,6.118566,5.2902627,-13.894339,30.0859,25.893415,-17.668547,44.07374,13.92809,2.5637944,0.51311576,35.388092,-25.918947,10.314609,42.815853,-24.252745,0.7451905,9.985048,-33.478966,16.569582,-4.4974265,80.53541,-23.409168,0.0,3.8472188,-12.754812,-19.431366,12.853912,-11.841179,0.0
603,-45.730350494384766,22.044635772705078,105.9305648803711,3.5323562701173716,-0.9901732087025522,-92.0523510380843,1.9833663,-1.691483,5.9331245,4.826059,-13.730113,30.991438,25.85579,-17.195385,42.939552,13.499801,2.4953616,1.1839719,35.43964,-25.79893,10.426117,42.74778,-24.063616,0.6582306,9.933618,-33.139824,17.100945,-4.4985337,80.532776,-23.594866,0.0,3.6999855,-12.627331,-19.743437,13.290529,-12.1055155,0.0
604,-45.78724670410156,22.049631118774414,105.88976287841797,3.4471539618040397,-0.9537076483079496,-91.64586252985062,1.8458154,-1.7622395,5.7421947,4.371277,-13.549388,31.695177,25.808554,-16.824837,41.95817,13.278769,2.3977954,1.8011942,35.4964,-25.668781,10.515497,42.67377,-23.832615,0.55177915,9.9214115,-32.695774,17.529638,-4.4700646,80.18285,-23.6673,0.0,3.5842915,-12.52269,-20.067003,13.645051,-12.325632,0.0
605,-45.836669921875,22.064437866210938,105.8507308959961,3.381979769759479,-0.9016844143733503,-91.2292747671102,1.6881746,-1.8521832,5.5447526,3.922439,-13.347551,32.229908,25.76095,-16.534922,41.086166,13.365424,2.2702036,2.3732507,35.554844,-25.522894,10.575833,42.60034,-23.552485,0.4135871,9.960146,-32.15181,17.82353,-4.4308424,79.480705,-23.589586,0.0,3.4479394,-12.452445,-20.391321,13.995319,-12.534131,0.0
606,-45.87110137939453,22.082427978515625,105.8131103515625,3.3329545829211185,-0.8312781217506172,-90.80953038580924,1.508933,-1.9558368,5.3356285,3.4880362,-13.131917,32.622505,25.70687,-16.300014,40.30691,13.695212,2.10584,2.9369164,35.613716,-25.361103,10.616053,42.520195,-23.205633,0.24887954,10.030534,-31.512861,18.01046,-4.3799734,78.442085,-23.38239,0.0,3.2961936,-12.412024,-20.712763,14.326758,-12.722082,0.0
607,-45.89290237426758,22.09812355041504,105.7784652709961,3.2829142944474525,-0.7502538603548877,-90.4083073081595,1.3286682,-2.0480113,5.120383,3.0700169,-12.906732,32.898685,25.646322,-16.139072,39.603718,14.108959,1.9460815,3.4610553,35.671776,-25.197441,10.649914,42.434418,-22.81876,0.08034668,10.123379,-30.759787,18.13707,-4.275096,77.06951,-23.113308,0.0,3.1453853,-12.3748665,-21.017824,14.620734,-12.887662,0.0
608,-45.888973236083984,22.110685348510742,105.7448959350586,3.214467863512309,-0.6663476855541268,-90.04714113890262,1.1682553,-2.1038413,4.904733,2.6704943,-12.676632,33.08214,25.580132,-16.072626,38.96628,14.446532,1.8247868,3.9142122,35.72812,-25.044924,10.692417,42.344147,-22.418482,-0.06938816,10.228636,-29.867142,18.248497,-4.068987,75.35468,-22.848616,0.0,3.0223787,-12.31788,-21.299952,14.833878,-13.008012,0.0
609,-45.860965728759766,22.123971939086914,105.71515655517578,3.1305378737940113,-0.5778546846565337,-89.72394120748224,1.0325181,-2.1244135,4.687456,2.2829936,-12.439098,33.19359,25.495443,-16.089504,38.346733,14.528112,1.7748164,4.2748446,35.784298,-24.90031,10.742418,42.252144,-21.982773,-0.19144821,10.357029,-28.830845,18.320854,-3.7853076,73.27712,-22.659254,0.0,2.9266582,-12.241775,-21.562443,14.959541,-13.076838,0.0
610,-45.81201171875,22.11960220336914,105.68853759765625,3.037686129603557,-0.4820493905139931,-89.43001405057453,0.91091573,-2.1207263,4.4665613,1.9090884,-12.191951,33.245304,25.399952,-16.173513,37.734947,14.487744,1.7713732,4.567421,35.840847,-24.75903,10.79345,42.15629,-21.5075,-0.29785404,10.509178,-27.658632,18.338692,-3.4451146,70.84307,-22.494581,0.0,2.8698847,-12.1506,-21.815752,14.993831,-13.102096,0.0
611,-45.753936767578125,22.119970321655273,105.66519165039062,2.9248157793009866,-0.3844669160619746,-89.17711858040609,0.80162084,-2.0831473,4.246894,1.5633663,-11.94551,33.244022,25.32308,-16.33949,37.176544,14.635575,1.7663057,4.825601,35.894,-24.629814,10.852749,42.053734,-21.047077,-0.39951035,10.659415,-26.346718,18.35546,-2.9939773,68.08923,-22.239044,0.0,2.8258326,-12.031977,-22.038158,14.9691305,-13.092355,0.0
612,-45.67738723754883,22.125057220458984,105.64214324951172,2.7834399752783567,-0.29053082430096383,-88.97693521396276,0.7028409,-2.0021136,4.0332537,1.2602007,-11.707914,33.193306,25.29248,-16.601856,36.714832,15.283592,1.7186141,5.0797634,35.93683,-24.521252,10.927098,41.945324,-20.656954,-0.5086088,10.781792,-24.88976,18.419527,-2.369853,65.047806,-21.774582,0.0,2.7931721,-11.88185,-22.21475,14.895508,-13.052613,0.0
613,-45.585594177246094,22.122058868408203,105.6192626953125,2.616716733285947,-0.20385776559683574,-88.83098753530555,0.61832535,-1.8849409,3.8283734,0.9954428,-11.477543,33.089413,25.31878,-16.996199,36.35024,16.572021,1.4748847,5.367235,35.96373,-24.432652,11.020301,41.842365,-20.356747,-0.63727844,10.87718,-23.261969,18.533133,-1.5366826,61.672794,-21.15478,0.0,2.7944903,-11.697679,-22.352352,14.75161,-12.979145,0.0
614,-45.473323822021484,22.11385726928711,105.58924865722656,2.427185278405646,-0.12068376815644345,-88.73379941898664,0.5480821,-1.7340043,3.6293228,0.76443136,-11.250136,32.931004,25.385254,-17.502775,36.057327,18.3171,1.1135895,5.6648602,35.97245,-24.358412,11.130181,41.749256,-20.11594,-0.7784431,10.957256,-21.461464,18.65216,-0.52696383,57.950226,-20.408192,0.0,2.7970788,-11.496815,-22.442347,14.592415,-12.89641,0.0
615,-45.3333740234375,22.105684280395508,105.55623626708984,2.2055010424760653,-0.03627474589248557,-88.68601591793656,0.4826187,-1.5321491,3.4320626,0.59923613,-11.052916,32.903214,25.42814,-17.819788,35.696484,20.5247,0.908853,5.823161,35.97155,-24.32962,11.209727,41.645332,-19.924248,-0.9339407,11.051238,-19.524979,18.75359,0.62235516,53.965588,-19.41969,0.0,2.8063178,-11.266169,-22.488201,14.387043,-12.785167,0.0
616,-45.166831970214844,22.09787368774414,105.51225280761719,1.940604463573634,0.05494386286332823,-88.68827269285296,0.4174465,-1.2619315,3.2329516,0.50303185,-10.897798,32.877953,25.483517,-18.132349,35.387913,22.829243,1.1847492,5.8624606,35.96857,-24.30542,11.288753,41.515533,-19.76926,-1.0602376,11.096716,-17.491585,18.819777,1.883622,49.794395,-18.1679,0.0,2.7771242,-11.00774,-22.470772,14.208459,-12.681929,0.0
617,-44.980804443359375,22.093347549438477,105.45963287353516,1.627716746716865,0.1537269986329925,-88.74546002949599,0.3625475,-0.9186141,3.0244977,0.4359053,-10.730397,32.84605,25.565945,-18.474857,35.12975,25.411613,2.2224438,5.7618794,35.96263,-24.284534,11.391232,41.36712,-19.616785,-1.1433707,11.075661,-15.330883,18.817045,3.2174394,45.249138,-16.307468,0.0,2.7145681,-10.708625,-22.388992,14.038857,-12.579117,0.0
618,-44.76377487182617,22.075227737426758,105.39334106445312,1.2741922028087644,0.25688583051192937,-88.85594434099986,0.31817988,-0.51224715,2.8108213,0.41804504,-10.574251,32.807625,25.674421,-18.826382,34.907257,28.329184,3.7875135,5.469927,35.953102,-24.273022,11.511375,41.202297,-19.482744,-1.1981013,11.003805,-13.03589,18.77171,4.667512,40.34313,-14.100809,0.0,2.6379712,-10.381481,-22.25096,13.869306,-12.476328,0.0
619,-44.52483367919922,22.062673568725586,105.31163024902344,0.8842909023136053,0.36204670407356465,-89.01187744058745,0.26531178,-0.046477426,2.6067963,0.45284146,-10.426305,32.764088,25.80122,-19.20019,34.729237,31.12053,5.4297376,4.984252,35.93863,-24.274424,11.628158,41.00463,-19.409153,-1.238574,10.8928385,-10.673053,18.73894,6.3068295,35.449368,-12.301229,0.0,2.5058367,-10.041628,-22.047155,13.768483,-12.399789,0.0
620,-44.26933288574219,22.062652587890625,105.2054443359375,0.4653247444316777,0.4666321279819829,-89.20549288528107,0.18511148,0.47590894,2.4277482,0.5388243,-10.277294,32.717686,25.936834,-19.625126,34.609585,33.295692,6.712058,4.3898892,35.917282,-24.290464,11.712898,40.759598,-19.444458,-1.2811146,10.759244,-8.270392,18.729616,8.175929,30.877872,-11.439878,0.0,2.2650216,-9.715594,-21.761633,13.843843,-12.400651,0.0
621,-43.97833251953125,22.082483291625977,105.08301544189453,-0.0408130565438818,0.6055869011444355,-89.45393614703076,0.075517446,1.1330914,2.2410517,0.6862516,-10.112615,32.67088,26.073687,-20.124186,34.564938,34.676754,7.6165175,3.7100646,35.8869,-24.325462,11.74009,40.460266,-19.639473,-1.3249948,10.627279,-5.766424,18.75955,10.314017,26.597717,-11.483833,0.0,1.9278994,-9.3153105,-21.393631,13.956647,-12.393223,0.0
622,-43.654457092285156,22.091466903686523,104.99159240722656,-0.6200069537117484,0.7650574812014986,-89.7568944117488,-0.052136473,1.9007598,2.0515537,0.89545655,-9.936429,32.624725,26.211517,-20.694677,34.593933,35.525795,8.355657,2.9660063,35.846066,-24.380852,11.707836,40.119408,-19.969366,-1.3718818,10.501495,-3.133134,18.751587,12.548675,22.40232,-11.708847,0.0,1.7289151,-8.777278,-21.039352,13.712121,-12.197042,0.0
623,-43.33556365966797,22.10753631591797,104.86072540283203,-1.1665016058813265,0.8719971925640676,-90.07784557435673,-0.19986433,2.6234722,1.9307789,1.1444739,-9.768983,32.5791,26.355013,-21.319166,34.684723,35.99357,8.849857,2.2733855,35.79406,-24.449999,11.631224,39.7519,-20.363878,-1.4386709,10.362982,-0.27857238,18.556232,14.768774,18.02561,-11.4658,0.0,1.4141027,-8.347545,-20.613213,13.814863,-12.177096,0.0
624,-43.0349006652832,22.15679168701172,104.69002532958984,-1.5671223139807942,0.8560226812599081,-90.37700630397634,-0.37365144,3.1460001,1.949933,1.405129,-9.634061,32.532837,26.512562,-21.973522,34.82935,36.2291,9.006456,1.7387656,35.73057,-24.522213,11.531126,39.374706,-20.751665,-1.5375556,10.178476,2.8753242,18.032957,16.925362,13.209696,-10.375535,0.0,1.0125031,-8.175321,-20.155489,14.386004,-12.3860035,0.0
625,-42.752838134765625,22.19517707824707,104.55628967285156,-1.8015543063888904,0.6378736296428307,-90.64897128100424,-0.5924986,3.4487362,2.2021725,1.6809199,-9.5746,32.485275,26.68894,-22.643179,35.040276,36.12489,8.67368,1.4206456,35.65456,-24.593096,11.423251,38.96968,-21.178926,-1.6828251,9.947047,6.3680644,17.164185,19.053158,7.9827175,-8.592617,0.0,0.9772627,-8.159997,-19.8246,14.780889,-12.541507,0.0
626,-42.49737548828125,22.224201202392578,104.47171020507812,-1.9220458198817343,0.2795579186455111,-90.90955701316388,-0.8540684,3.6063936,2.6224232,1.978936,-9.582391,32.436474,26.88576,-23.328194,35.314716,35.650494,7.936605,1.2381903,35.56508,-24.661999,11.305917,38.5384,-21.655226,-1.8568246,9.668555,9.492658,16.200111,20.841413,3.556472,-6.971815,0.0,1.2553502,-8.223951,-19.599436,14.929866,-12.592487,0.0
627,-42.22139358520508,22.226396560668945,104.4399642944336,-1.9255543797332777,-0.07391240605987029,-91.14814585687425,-1.1309155,3.6079686,3.0421612,2.2710576,-9.591757,32.385162,27.108942,-24.027876,35.61903,35.069885,7.0578823,1.0840434,35.461716,-24.721115,11.171502,38.12975,-22.056677,-2.0278769,9.313487,10.254935,15.847701,21.32873,3.3064399,-7.2790346,0.0,1.6724586,-8.398224,-19.45341,14.830582,-12.514596,0.0
628,-41.93299102783203,22.217622756958008,104.42713165283203,-1.8196685975888458,-0.2799202143850309,-91.3585901369279,-1.3908654,3.445623,3.293249,2.519286,-9.519894,32.33002,27.365656,-24.738762,35.923004,34.641644,6.300341,0.86041796,35.345806,-24.75762,11.011916,37.794605,-22.264091,-2.1656964,8.852123,10.728195,15.409724,21.67352,3.1400218,-7.511073,0.0,1.8705561,-8.7332945,-19.290215,14.810862,-12.4335,0.0
629,-41.64664840698242,22.22732162475586,104.44918823242188,-1.5330664232620266,-0.30344900376524836,-91.55120980712914,-1.5995342,3.0197406,3.3441806,2.753808,-9.2571125,31.704432,28.680561,-26.748482,36.322968,32.910915,5.693917,0.76068527,34.008984,-24.688356,10.950424,38.876366,-22.275055,-2.565002,8.420786,10.819597,14.795173,21.837551,3.0648358,-7.655466,0.0,1.8158429,-9.302009,-19.102234,14.806915,-12.287674,0.0
630,-41.38768005371094,22.274444580078125,104.47510528564453,-1.085858164424084,-0.22184928534213486,-91.72802349370737,-1.8069775,2.3707001,3.2713068,2.8608365,-8.921245,31.357124,29.22423,-27.75666,36.854733,32.519627,4.971151,0.41270247,33.17627,-24.548574,10.884865,39.48189,-22.127428,-2.785319,7.6535006,10.6469,14.035873,21.861507,3.1090925,-7.76448,0.0,1.4611831,-10.112249,-18.842884,15.085631,-12.225917,0.0
631,-41.14604949951172,22.34453582763672,104.51183319091797,-0.6170896978309516,-0.0796579407296042,-91.87298180129102,-2.011667,1.6836385,3.121605,2.9240766,-8.525124,31.104773,29.75517,-28.648954,37.279404,32.214684,4.3567996,-0.017018609,32.552467,-24.388397,10.698349,39.89426,-21.907131,-2.921805,6.8814125,10.368912,13.27338,21.830198,3.1393247,-7.806484,0.0,1.0524571,-10.92768,-18.607805,15.299956,-12.108047,0.0
632,-40.903343200683594,22.436973571777344,104.54762268066406,-0.2518082581855808,0.11801506700087137,-91.95726161559504,-2.2337852,1.1275566,2.9034703,2.9462733,-8.107745,30.783121,30.418703,-29.503588,37.596565,31.68483,3.8898685,-0.64296025,31.696733,-24.168987,10.439462,40.567898,-21.69782,-3.035212,6.3088045,10.268868,12.559304,21.860533,2.646568,-7.5476046,0.0,0.6442132,-11.583839,-18.44235,15.375535,-11.915427,0.0
633,-40.64643859863281,22.537841796875,104.58268737792969,-0.028345175790166724,0.4127962649113889,-91.9699070534156,-2.4837973,0.7505218,2.5615292,2.9259453,-7.62177,30.532747,30.969097,-30.129965,37.808823,31.29046,3.636208,-1.5408436,30.946356,-23.923845,9.971374,41.10881,-21.56917,-2.9796329,5.9595947,9.685985,12.163451,21.654352,2.8016121,-7.578601,0.0,0.22506544,-12.029298,-18.369137,15.250538,-11.607178,0.0
634,-40.424774169921875,22.6314697265625,104.62754821777344,0.1367079704507155,0.8009402931995889,-91.92517504414357,-2.7502627,0.451606,2.1028073,2.8598936,-7.0670333,30.331749,31.508678,-30.619999,37.923595,30.94723,3.5386462,-2.6482837,30.24601,-23.649126,9.336658,41.59633,-21.472954,-2.8076835,5.751975,8.905858,11.897576,21.343115,3.0789871,-7.622247,0.0,-0.23972498,-12.358604,-18.356558,15.017201,-11.24715,0.0
635,-40.22149658203125,22.721956253051758,104.68008422851562,0.260839083203024,1.176297628717856,-91.84641467374875,-3.0114906,0.21121123,1.6592569,2.762188,-6.535066,30.17088,32.04482,-30.968756,37.908127,30.498505,3.5994272,-3.739441,29.521753,-23.373669,8.676274,42.09711,-21.277847,-2.650842,5.6560535,8.228006,11.661004,21.052444,3.1860926,-7.568439,0.0,-0.6094148,-12.6009245,-18.416431,14.660172,-10.839967,0.0
636,-40.02303695678711,22.81070899963379,104.73069763183594,0.3642671336309592,1.4349069236117795,-91.75650511721814,-3.2465189,0.010693524,1.3594381,2.64928,-6.1177373,30.069042,32.513515,-31.131676,37.738552,29.861988,3.8391633,-4.5681906,28.806095,-23.13102,8.128037,42.56537,-20.835873,-2.6187003,5.626374,7.6939235,11.450782,20.793259,3.3081734,-7.532188,0.0,-0.7683792,-12.794045,-18.547941,14.211287,-10.42009,0.0
637,-39.828678131103516,22.917200088500977,104.78180694580078,0.4396171045266245,1.5327992855586523,-91.63287278743141,-3.472904,-0.1456418,1.2579672,2.5171564,-5.851894,30.043217,32.874603,-31.04,37.36967,28.954144,4.4088387,-5.128968,28.084566,-22.911707,7.704601,42.98766,-20.061274,-2.7346132,5.6914144,7.3529587,11.274583,20.55775,3.4241588,-7.4958334,0.0,-0.6411178,-12.921484,-18.798496,13.635895,-9.972122,0.0
638,-39.65586471557617,23.024314880371094,104.83479309082031,0.48231464870339896,1.5299721989608934,-91.47380913528688,-3.6929803,-0.2545486,1.2802014,2.3621426,-5.683061,30.095325,33.100033,-30.704718,36.84552,27.909351,5.2656054,-5.5027466,27.505287,-22.70991,7.3258367,43.207035,-19.033339,-2.9018242,5.8409185,7.1470666,11.146732,20.329245,3.51341,-7.444398,0.0,-0.29984516,-12.967876,-19.154072,12.938607,-9.496887,0.0
639,-39.495269775390625,23.135753631591797,104.88680267333984,0.5072522329708906,1.4802442149646784,-91.33248433182285,-3.862845,-0.33111545,1.3615842,2.2001393,-5.566598,30.193403,33.263885,-30.25187,36.237465,26.851585,6.1068807,-5.6128535,27.049944,-22.538485,7.033126,43.29727,-17.867838,-3.1136324,6.0074787,7.0318475,11.036417,20.146551,3.562443,-7.3784823,0.0,0.12288206,-12.971892,-19.517334,12.190657,-9.010498,0.0
640,-39.333099365234375,23.23758888244629,104.93592834472656,0.5412018397253223,1.4382190462188593,-91.26303443684935,-3.9374502,-0.4003018,1.4359208,2.047106,-5.458888,30.300743,33.424896,-29.808935,35.63508,25.909803,6.623094,-5.389797,26.700031,-22.409973,6.8693275,43.338272,-16.681887,-3.3706207,6.1249356,6.944822,10.90252,20.037981,3.6062102,-7.331767,0.0,0.51815397,-12.987286,-19.801123,11.436498,-8.521741,0.0
641,-39.15964126586914,23.333763122558594,104.98193359375,0.5865745672042997,1.4086828365439388,-91.27663234308423,-3.894597,-0.46202448,1.4992735,1.8929684,-5.3567924,30.388401,33.5932,-29.397635,35.057,25.081003,6.728904,-4.8136845,26.45198,-22.321314,6.8761168,43.35242,-15.278317,-3.7365034,6.2266006,6.883907,10.734551,20.018118,3.6401734,-7.302107,0.0,0.87610185,-13.022743,-19.992468,10.67017,-8.021444,0.0
642,-39.007633209228516,23.42325782775879,105.0235366821289,0.6290607025165514,1.3653132291497616,-91.34537129022674,-3.761695,-0.50250256,1.5836731,1.7341189,-5.282667,30.44392,33.73804,-28.981567,34.49525,24.290451,6.571416,-3.9325137,26.305443,-22.262638,7.032857,43.308537,-13.665765,-4.192911,6.337576,6.87554,10.57132,20.071093,3.658711,-7.27418,0.0,1.2151885,-13.051561,-20.117035,9.946202,-7.5562415,0.0
643,-38.85246658325195,23.50797462463379,105.05839538574219,0.6728316779272483,1.3175138827629722,-91.46487824748198,-3.5682943,-0.52812964,1.6749182,1.5958819,-5.226373,30.44071,33.800076,-28.614431,34.04643,23.594095,6.1969695,-2.7572865,26.282755,-22.239891,7.2554183,43.17939,-12.292856,-4.630976,6.3783374,6.8766375,10.403545,20.162298,3.7141414,-7.2878966,0.0,1.5647271,-13.079174,-20.197014,9.184665,-7.06904,0.0
644,-38.70610427856445,23.58184814453125,105.08717346191406,0.7208685446281363,1.2737504138137419,-91.63247350903285,-3.3411489,-0.5422766,1.757968,1.5596572,-5.2078123,30.434362,33.81288,-28.47612,33.640194,22.96276,5.792897,-1.3181335,26.281689,-22.240515,7.32321,43.104916,-11.754433,-4.987075,6.367125,6.914364,10.222357,20.305666,3.7366447,-7.304325,0.0,1.8536317,-13.12564,-20.193335,8.507404,-6.6352286,0.0
645,-38.57554626464844,23.6673526763916,105.1116943359375,0.7766323544681811,1.234489654583638,-91.86536590872814,-3.0660017,-0.5463928,1.8384398,1.5201635,-5.185776,30.424522,33.831696,-28.295055,33.314514,22.513178,5.048903,0.42980596,26.281813,-22.25998,7.4646688,43.085827,-12.091432,-5.2190323,6.0680614,6.973986,10.027511,20.508148,3.7387686,-7.323506,0.0,2.0593157,-13.19594,-20.088993,7.919231,-6.2430224,0.0
646,-38.442752838134766,23.75234603881836,105.1305160522461,0.8384842142901863,1.1960556162061098,-92.16002836326878,-2.7352026,-0.5385778,1.919463,1.4927188,-5.168501,30.41027,33.856525,-28.095524,33.05046,22.258825,4.0081196,2.4263515,26.28264,-22.304768,7.675044,43.12619,-13.13377,-5.3679285,5.5462227,7.0633025,9.81192,20.768229,3.7249207,-7.3546147,0.0,2.2147906,-13.289739,-19.89826,7.381308,-5.875754,0.0
647,-38.30790710449219,23.823638916015625,105.14356994628906,0.896089584692182,1.1581905701843962,-92.47767102029766,-2.3932557,-0.52289873,1.9985278,1.487628,-5.1534686,30.391964,33.88334,-27.880888,32.835114,22.065151,2.8744032,4.5214386,26.283867,-22.371832,7.937366,43.198624,-14.42338,-5.44943,4.9707127,7.1708274,9.596267,21.055662,3.707883,-7.403076,0.0,2.3770812,-13.378855,-19.686337,6.8306074,-5.510244,0.0
648,-38.182430267333984,23.883373260498047,105.15370178222656,0.9384344356094142,1.1206610635794656,-92.77966808764066,-2.0846345,-0.5037348,2.0732374,1.5116874,-5.1306515,30.370554,33.905224,-27.640799,32.64693,21.7778,1.8627306,6.5526295,26.28527,-22.452372,8.2289295,43.27692,-15.4903145,-5.4897923,4.5198226,7.2828193,9.406701,21.343239,3.6870208,-7.453826,0.0,2.570908,-13.436288,-19.501764,6.2478175,-5.1417294,0.0
649,-38.074317932128906,23.947778701782227,105.16011810302734,0.9578035699023026,1.0787940225753978,-93.07294405439899,-1.8044864,-0.4739043,2.149193,1.5736978,-5.089018,30.347061,33.914993,-27.363766,32.469612,21.379826,1.0141703,8.550763,26.286789,-22.541624,8.545965,43.36908,-16.266417,-5.502878,4.23737,7.3941283,9.258968,21.64226,3.673218,-7.5073886,0.0,2.7615428,-13.458987,-19.321798,5.6870317,-4.790854,0.0
650,-37.97536849975586,24.00609016418457,105.16287994384766,0.962458533574093,1.0342177450365577,-93.37256605272114,-1.5344263,-0.43520156,2.2253637,1.6768801,-5.0273094,30.322233,33.907784,-27.04956,32.30531,20.939562,0.24988112,10.570276,26.288183,-22.640036,8.8890295,43.4834,-16.964237,-5.475491,4.045695,7.518133,9.13329,21.96403,3.656791,-7.567792,0.0,2.9540727,-13.461351,-19.130926,5.1364098,-4.4561725,0.0
651,-37.88692855834961,24.0573787689209,105.16633605957031,0.9619158711602944,0.9949980498869431,-93.65074741938494,-1.2989689,-0.40109807,2.2902,1.813446,-4.950481,30.296743,33.879795,-26.703114,32.160103,20.412176,-0.4070857,12.473701,26.289074,-22.743925,9.236398,43.59124,-17.541483,-5.4076157,3.9494462,7.6309643,9.0246935,22.266106,3.6433196,-7.627698,0.0,3.1636088,-13.446408,-18.971008,4.565899,-4.1180277,0.0
652,-37.81584930419922,24.094446182250977,105.1679458618164,0.9632619285520593,0.9690948922517891,-93.8800670533092,-1.1223817,-0.38365027,2.332862,1.9689065,-4.8678184,30.271215,33.828564,-26.331848,32.029507,19.73654,-0.922717,14.105701,26.289026,-22.847027,9.553943,43.661873,-17.948105,-5.3017254,3.9689548,7.715516,8.933587,22.509989,3.6358068,-7.680386,0.0,3.3537273,-13.430029,-18.85713,4.050608,-3.815239,0.0
653,-37.744895935058594,24.14200782775879,105.16989135742188,0.9648772966044722,0.9485479491686687,-94.05592179098907,-1.0147564,-0.381694,2.3601599,2.1351864,-4.7866836,30.246447,33.75045,-25.935093,31.902033,18.837006,-1.251446,15.444286,26.287613,-22.943026,9.810046,43.691257,-18.140629,-5.1593,4.1748238,7.767201,8.854391,22.691055,3.6290731,-7.711142,0.0,3.332217,-13.47701,-18.703548,3.943093,-3.7100694,0.0
654,-37.68386459350586,24.176372528076172,105.1728744506836,0.9659400822397732,0.9324444217505713,-94.19248895566983,-0.9613897,-0.39222312,2.3750207,2.3114204,-4.707699,30.222958,33.642246,-25.51161,31.777515,17.745867,-1.4137379,16.559183,26.28456,-23.029293,9.993501,43.697334,-18.177395,-4.9891744,4.5608525,7.805426,8.789483,22.830587,3.6277869,-7.739746,0.0,3.2851753,-13.527229,-18.581675,3.916283,-3.6540003,0.0
655,-37.63523864746094,24.215682983398438,105.17835998535156,0.9684779631572462,0.9394795819513886,-94.28958097890384,-0.9501753,-0.41853955,2.3604605,2.4923072,-4.63038,30.200779,33.504498,-25.071514,31.67041,16.570398,-1.4813337,17.434645,26.279758,-23.10509,10.105802,43.684578,-18.16402,-4.8064795,5.0242996,7.8086715,8.734676,22.926214,3.6041353,-7.737091,0.0,3.2051268,-13.57226,-18.487251,3.916017,-3.6105726,0.0
656,-37.605865478515625,24.261444091796875,105.18827819824219,0.9738260065224825,0.9895518732517525,-94.34605778304456,-0.999591,-0.44541523,2.3006604,2.980195,-4.433775,29.726805,31.522041,-23.415154,32.80529,17.323902,-1.727811,17.7266,26.162313,-23.399958,10.373446,43.677814,-17.932213,-4.5871916,5.519332,7.7112055,8.708521,22.953176,3.6324484,-7.734161,0.0,3.101226,-13.599382,-18.439024,3.8731513,-3.5319464,0.0
657,-37.58502197265625,24.311885833740234,105.2038803100586,0.9827751014907578,1.0998312603623703,-94.35306060214054,-1.061338,-0.50748575,2.1740937,3.1375468,-4.3504014,29.237381,30.825335,-23.086365,33.407692,16.44158,-1.785547,18.122625,26.037756,-23.409906,10.231535,43.7837,-18.21501,-4.453473,5.9846973,7.5262456,8.691732,22.915453,3.637868,-7.6886787,0.0,2.9132116,-13.625279,-18.405508,3.8636513,-3.4612997,0.0
658,-37.57326126098633,24.36576271057129,105.22180938720703,0.9940402411339665,1.2559657844875625,-94.31356883771251,-1.162687,-0.59282,1.995982,3.2809408,-4.2658134,28.811214,30.356266,-22.80842,33.885426,15.271584,-1.8096429,18.20828,25.901705,-23.401684,10.031406,43.88103,-18.543276,-4.3042674,6.452568,7.267869,8.687228,22.816238,3.6350017,-7.613697,0.0,2.6734736,-13.645239,-18.402649,3.863965,-3.3892062,0.0
659,-37.569923400878906,24.42174530029297,105.241943359375,1.0067709664453455,1.427905365483313,-94.24723307784727,-1.2822953,-0.68803144,1.7982959,3.4081278,-4.1799974,28.447994,29.963587,-22.540676,34.286514,14.145739,-1.7724293,18.086418,25.761261,-23.384413,9.820576,43.980053,-18.826387,-4.1830516,6.8521523,6.955987,8.700214,22.67494,3.6751807,-7.547456,0.0,2.4326284,-13.655405,-18.42987,3.8426528,-3.3007507,0.0
660,-37.57354736328125,24.48265266418457,105.2603988647461,1.019635563135699,1.585170537489112,-94.17492727693029,-1.3966144,-0.78155327,1.6133188,3.5150566,-4.0917845,28.136236,29.633595,-22.293758,34.613117,13.263062,-1.6608562,17.831774,25.629559,-23.365898,9.643949,44.084427,-18.972027,-4.1305156,7.1120067,6.6710987,8.7124815,22.539124,3.6913257,-7.4675446,0.0,2.2022493,-13.663981,-18.455639,3.8383048,-3.2256558,0.0
661,-37.577754974365234,24.54356575012207,105.2782211303711,1.0332016378240825,1.7279287311228393,-94.09507348852677,-1.5042595,-0.8764754,1.4395578,3.597979,-3.9928071,27.865309,29.359676,-22.063063,34.882557,12.682979,-1.4506924,17.403973,25.519167,-23.347511,9.509374,44.18677,-18.966185,-4.1593056,7.184139,6.402887,8.724364,22.403246,3.7061305,-7.388554,0.0,1.9924222,-13.6719475,-18.485989,3.8369055,-3.1557126,0.0
662,-37.58082580566406,24.60137367248535,105.29530334472656,1.0478420270968523,1.8696001172996906,-93.99912599536846,-1.6163208,-0.9766057,1.2630074,3.6599994,-3.8867838,27.626375,29.12954,-21.851845,35.11221,12.310815,-1.1555034,16.788567,25.435219,-23.325844,9.392263,44.270462,-18.852674,-4.2423635,7.114622,6.132339,8.7367325,22.253504,3.720992,-7.30825,0.0,1.7897764,-13.679808,-18.527857,3.838534,-3.0896401,0.0
663,-37.59461975097656,24.67156410217285,105.3116683959961,1.0619441195183623,1.999932944977376,-93.89665227436443,-1.727476,-1.0720723,1.0977182,3.707178,-3.7885184,27.411522,28.939222,-21.689041,35.297745,12.095425,-0.8242559,16.095232,25.379114,-23.302458,9.286926,44.32685,-18.627945,-4.360142,6.9719872,5.8664665,8.757565,22.099245,3.737033,-7.220849,0.0,1.5980445,-13.679959,-18.576536,3.84038,-3.0231204,0.0
664,-37.607906341552734,24.742095947265625,105.32749938964844,1.073490321506363,2.108556878537456,-93.79740813810152,-1.8323307,-1.1530088,0.9577945,3.7456546,-3.7136493,27.214207,28.785961,-21.602442,35.433174,11.983079,-0.5058512,15.433315,25.349323,-23.279238,9.189176,44.34885,-18.287949,-4.492873,6.8249316,5.643273,8.774802,21.96008,3.72846,-7.126927,0.0,1.4310092,-13.678258,-18.62619,3.8500621,-2.9694269,0.0
665,-37.616065979003906,24.813417434692383,105.34107971191406,1.0833162956627005,2.192493940648145,-93.70004848982055,-1.9319361,-1.218774,0.84869176,3.7725613,-3.6700418,27.028357,28.67295,-21.604986,35.517197,12.01654,-0.18825759,14.810516,25.347054,-23.255245,9.10231,44.330433,-17.797491,-4.64926,6.661048,5.4318542,8.7979965,21.819006,3.7601354,-7.060767,0.0,1.308475,-13.673645,-18.69214,3.8373132,-2.9077642,0.0
666,-37.6243782043457,24.868621826171875,105.35295104980469,1.0921471246888113,2.257146944938813,-93.60100177813888,-2.0281591,-1.2739615,0.76235384,3.7861252,-3.648102,26.84935,28.595898,-21.68521,35.56348,12.205098,0.14153945,14.174417,25.37344,-23.229729,9.027774,44.27438,-17.16968,-4.8358073,6.4553056,5.263387,8.817686,21.687506,3.7740862,-6.997985,0.0,1.2185857,-13.668598,-18.765846,3.8318675,-2.8657308,0.0
667,-37.64150619506836,24.9209041595459,105.36267852783203,1.096979286377827,2.3056458480068067,-93.50532736982879,-2.1166122,-1.3173336,0.6931761,3.794321,-3.6370726,26.675148,28.54127,-21.831842,35.58713,12.44344,0.43849146,13.545803,25.423857,-23.205145,8.957156,44.193066,-16.473871,-5.0297146,6.2569613,5.1231694,8.844794,21.566813,3.7825303,-6.937143,0.0,1.1522467,-13.654054,-18.841618,3.826814,-2.833385,0.0
668,-37.65932083129883,24.97008514404297,105.37260437011719,1.0943729680653453,2.341046273439635,-93.41772321205997,-2.1930346,-1.3471696,0.635668,3.8050623,-3.623878,26.505259,28.49641,-22.033987,35.601902,12.624079,0.6603088,12.9475355,25.489752,-23.182444,8.885457,44.103134,-15.776858,-5.2083216,6.115979,5.005191,8.879872,21.459911,3.7923074,-6.883115,0.0,1.1055204,-13.628902,-18.915323,3.8173828,-2.805473,0.0
669,-37.67877960205078,25.01414680480957,105.38098907470703,1.0818513951375848,2.3590218507497935,-93.3366218687172,-2.25929,-1.3608942,0.59515864,3.816481,-3.6123064,26.338165,28.46438,-22.307867,35.60976,12.711888,0.7825468,12.37825,25.564358,-23.160112,8.806344,44.013477,-15.045859,-5.372558,6.0531063,4.920988,8.925055,21.369812,3.7938173,-6.8320875,0.0,1.0854118,-13.590159,-18.989168,3.8069372,-2.788242,0.0
670,-37.69849395751953,25.050235748291016,105.38805389404297,1.0614749131150987,2.3596235770343887,-93.26047201410816,-2.3166325,-1.3601782,0.57242024,3.8256757,-3.6074932,26.171837,28.448807,-22.654337,35.605877,12.763928,0.83381534,11.829413,25.644997,-23.137648,8.726884,43.92277,-14.261393,-5.5324006,6.040482,4.874805,8.975747,21.296251,3.7807212,-6.782309,0.0,1.093837,-13.54097,-19.064907,3.7941036,-2.7823658,0.0
671,-37.717254638671875,25.08435821533203,105.3938980102539,1.0373270155533978,2.3528175522160972,-93.19407153859324,-2.359833,-1.3499305,0.5550651,3.8391163,-3.5979786,26.006855,28.436754,-23.0359,35.594414,12.8130455,0.8513887,11.313218,25.72833,-23.118921,8.656046,43.83607,-13.514092,-5.679608,6.0541153,4.826278,9.035307,21.22745,3.8002977,-6.7544193,0.0,1.114578,-13.48658,-19.137346,3.7734237,-2.7729633,0.0
672,-37.743343353271484,25.126361846923828,105.39897918701172,1.0138294840179705,2.348038019688839,-93.14323493097056,-2.3836906,-1.3351436,0.53088933,3.8632123,-3.5714135,25.845562,28.414999,-23.41414,35.577938,12.894201,0.8719325,10.84192,25.810587,-23.108553,8.602074,43.759525,-12.895857,-5.806776,6.0685477,4.7844896,9.09346,21.176294,3.8044698,-6.7156205,0.0,1.1183798,-13.431858,-19.188444,3.7602515,-2.7640903,0.0
673,-37.76380920410156,25.14926528930664,105.40277862548828,0.9896418993775281,2.3444551038219834,-93.11114282302765,-2.3818796,-1.3131102,0.49903473,3.9039717,-3.5279078,25.689346,28.385794,-23.796247,35.54869,13.02399,0.8954436,10.4190035,25.89043,-23.107445,8.57077,43.69885,-12.408142,-5.9193397,6.0855336,4.7617326,9.144681,21.146965,3.8049748,-6.690598,0.0,1.1243992,-13.381298,-19.222534,3.7488067,-2.762473,0.0
674,-37.79159927368164,25.17889404296875,105.40599822998047,0.9635391571468204,2.33803064348858,-93.09432871581826,-2.3587868,-1.2826818,0.46538633,3.9564884,-3.4712775,25.53843,28.353785,-24.195625,35.506336,13.182269,0.90534794,10.037878,25.9665,-23.113476,8.556012,43.656387,-12.01055,-6.02202,6.114894,4.745685,9.200302,21.133934,3.804156,-6.6638217,0.0,1.124438,-13.326038,-19.240042,3.7393525,-2.7601569,0.0
675,-37.815303802490234,25.207015991210938,105.40800476074219,0.9386438414052026,2.3337871573464115,-93.08771115205472,-2.3254397,-1.2505963,0.42682967,4.0112634,-3.4021795,25.399786,28.31163,-24.581268,35.45817,13.349372,0.91422474,9.696516,26.033335,-23.125433,8.550906,43.62757,-11.730066,-6.0999465,6.145111,4.732568,9.25028,21.130508,3.8006628,-6.638685,0.0,1.1178505,-13.275614,-19.245604,3.7309961,-2.7568054,0.0
676,-37.843666076660156,25.241485595703125,105.41203308105469,0.9179345732624302,2.3367164342864206,-93.08605781974896,-2.2929513,-1.223136,0.38042942,4.058632,-3.3205194,25.263777,28.247667,-24.929533,35.429714,13.503112,0.9325693,9.391978,26.092241,-23.141958,8.547796,43.602123,-11.593145,-6.1391196,6.163326,4.7072167,9.297456,21.127426,3.7974215,-6.6082983,0.0,1.0928547,-13.2290535,-19.240236,3.7277062,-2.7497842,0.0
677,-37.867496490478516,25.265836715698242,105.41593933105469,0.9025249341757537,2.350322288365761,-93.09393844784877,-2.260124,-1.2040209,0.3238866,4.07195,-3.28276,25.259466,28.237219,-25.015394,35.292072,13.728528,0.92251796,9.010243,26.094332,-23.147234,8.551375,43.634174,-11.656467,-6.1309137,6.1656923,4.6759133,9.3339615,21.12863,3.7954726,-6.584135,0.0,1.0536536,-13.19288,-19.22092,3.727696,-2.7435215,0.0
678,-37.89445877075195,25.29703140258789,105.4189224243164,0.8909671233108961,2.371227574955164,-93.11217349470874,-2.2205682,-1.1875416,0.25795758,4.0899153,-3.2154932,25.255787,28.217081,-25.140736,35.149,13.932579,0.9458483,8.67857,26.095884,-23.158363,8.556934,43.671257,-11.877755,-6.0845556,6.1564784,4.644513,9.362861,21.141035,3.7740452,-6.545661,0.0,0.99727255,-13.160769,-19.186617,3.7260597,-2.7294428,0.0
679,-37.92094039916992,25.328487396240234,105.42293548583984,0.8816023189562724,2.394403538898246,-93.1299262356005,-2.1831875,-1.1675127,0.18661034,4.146144,-2.9847245,25.114084,27.976625,-25.639896,35.21094,14.014526,1.0764805,8.701759,26.11675,-23.224108,8.567611,43.674404,-12.161846,-6.013967,6.160755,4.589872,9.3961,21.143333,3.7906742,-6.526258,0.0,0.9292619,-13.134065,-19.148106,3.7402575,-2.7219992,0.0
680,-37.94871520996094,25.35676383972168,105.42664337158203,0.8729606431090687,2.413196666404123,-93.13605236969161,-2.1576273,-1.1523669,0.120583944,4.188584,-2.8665507,24.98959,27.838787,-25.876423,35.247448,14.063082,1.1134299,8.556123,26.120588,-23.253338,8.580542,43.688255,-12.45132,-5.9485683,6.148207,4.5481997,9.427178,21.139084,3.7877939,-6.4966016,0.0,0.8773939,-13.105199,-19.125107,3.7463949,-2.71477,0.0
681,-37.97593688964844,25.388877868652344,105.43035125732422,0.8648728132396649,2.4300061886698163,-93.13005822717001,-2.1465364,-1.1373045,0.054547295,4.2549057,-2.744095,24.894485,27.696194,-26.086843,35.272385,13.987126,1.1504996,8.476503,26.109612,-23.28041,8.599101,43.708813,-12.759191,-5.888544,6.1293473,4.501044,9.459875,21.121529,3.7881465,-6.465501,0.0,0.8292534,-13.075949,-19.113974,3.7542858,-2.7082634,0.0
682,-38.01173782348633,25.42473602294922,105.43360900878906,0.8582037931513491,2.446687729282148,-93.11703456218775,-2.145159,-1.1230022,-0.01317916,4.337019,-2.6166878,24.828321,27.544067,-26.266537,35.287487,13.825148,1.1901463,8.454741,26.084923,-23.307167,8.624721,43.735832,-13.113504,-5.823021,6.104146,4.450247,9.496668,21.096882,3.7856576,-6.427501,0.0,0.7812267,-13.04329,-19.108559,3.7630687,-2.7030845,0.0
683,-38.04606628417969,25.459524154663086,105.437744140625,0.8528159824180088,2.457361048058802,-93.09455983340862,-2.1500773,-1.1118933,-0.07419379,4.4187026,-2.4985106,24.786793,27.396257,-26.43437,35.279514,13.632206,1.226057,8.456979,26.050001,-23.330795,8.652383,43.763985,-13.440565,-5.761823,6.0826244,4.4027576,9.5326395,21.063168,3.7868876,-6.3922873,0.0,0.7449819,-13.012251,-19.115456,3.7723005,-2.7000642,0.0
684,-38.079200744628906,25.501840591430664,105.44084167480469,0.8490392042815207,2.4561523436026254,-93.06062124153016,-2.1578536,-1.1064168,-0.11996452,4.4836435,-2.4020326,24.763672,27.265038,-26.608168,35.23897,13.464768,1.2505318,8.448409,26.010406,-23.346952,8.681618,43.78449,-13.661993,-5.714507,6.074997,4.362997,9.56747,21.02036,3.787236,-6.3535366,0.0,0.72725356,-12.9825325,-19.139055,3.777562,-2.6949415,0.0
685,-38.110836029052734,25.541973114013672,105.44429016113281,0.8479631196941293,2.4397978496224497,-93.01375862579344,-2.1671138,-1.1098864,-0.14599332,4.529999,-2.3364685,24.755568,27.14865,-26.792665,35.168175,13.288728,1.252437,8.424753,25.971563,-23.35523,8.71364,43.78877,-13.743347,-5.681773,6.081514,4.3396187,9.599223,20.968897,3.787177,-6.316732,0.0,0.7390298,-12.955135,-19.183828,3.7783265,-2.6927643,0.0
686,-38.142547607421875,25.578943252563477,105.44712829589844,0.8490220509888192,2.411983273467406,-92.9553662141114,-2.1798337,-1.1202048,-0.15755807,4.5655084,-2.2922556,24.761045,27.040976,-26.980684,35.07647,13.089531,1.2382463,8.402804,25.93606,-23.357105,8.7495985,43.775806,-13.728543,-5.658199,6.096762,4.3305683,9.62877,20.909616,3.7846985,-6.281291,0.0,0.7745971,-12.9294,-19.246887,3.7753139,-2.692868,0.0
687,-38.174495697021484,25.61148452758789,105.44892883300781,0.8502243017357554,2.3773948346628053,-92.88766413215963,-2.1975918,-1.1310474,-0.16106924,4.5885324,-2.259138,24.775675,26.94701,-27.173992,34.96591,12.952318,1.2267998,8.380087,25.903833,-23.354818,8.777847,43.751965,-13.667244,-5.6445317,6.120413,4.3237057,9.661404,20.840694,3.794711,-6.254824,0.0,0.8250466,-12.903105,-19.323204,3.7732997,-2.6991887,0.0
688,-38.21065902709961,25.642290115356445,105.4529800415039,0.8491677326133285,2.3405398695565136,-92.81277290333345,-2.2220602,-1.1361146,-0.16266157,4.5973563,-2.2251358,24.7932,26.871773,-27.375717,34.840218,12.960848,1.236726,8.354132,25.873121,-23.349834,8.79093,43.72456,-13.606032,-5.641468,6.1523495,4.32146,9.6986475,20.767267,3.797579,-6.2233853,0.0,0.88363534,-12.870481,-19.409191,3.7692862,-2.7091901,0.0
689,-38.244449615478516,25.676498413085938,105.45609283447266,0.844303026602455,2.2984980040608805,-92.72325229902091,-2.2595747,-1.1309282,-0.15963216,4.5780416,-2.1937394,24.804846,26.82836,-27.597153,34.69762,13.246953,1.28418,8.320282,25.842064,-23.338411,8.776096,43.693104,-13.536621,-5.660414,6.2019854,4.320209,9.741146,20.680958,3.7989097,-6.1885967,0.0,0.95512974,-12.831952,-19.51418,3.7611003,-2.720621,0.0
