Frame,root_translateX,root_translateY,root_translateZ,root_rotateX,root_rotateY,root_rotateZ,waist_yaw_joint,waist_roll_joint,waist_pitch_joint,head_yaw_joint,head_pitch_joint,left_shoulder_pitch_joint,left_shoulder_roll_joint,left_shoulder_yaw_joint,left_elbow_joint,left_wrist_roll_joint,left_wrist_pitch_joint,left_wrist_yaw_joint,right_shoulder_pitch_joint,right_shoulder_roll_joint,right_shoulder_yaw_joint,right_elbow_joint,right_wrist_roll_joint,right_wrist_pitch_joint,right_wrist_yaw_joint,left_hip_pitch_joint,left_hip_roll_joint,left_hip_yaw_joint,left_knee_joint,left_ankle_pitch_joint,left_ankle_roll_joint,right_hip_pitch_joint,right_hip_roll_joint,right_hip_yaw_joint,right_knee_joint,right_ankle_pitch_joint,right_ankle_roll_joint
0,-0.6075409054756165,-1.528605580329895,106.79486083984375,-0.26103116180147873,-2.0442786359378076,-98.44996365145921,-4.331897,-0.40915668,8.429043,6.335706,-4.403864,25.687067,20.955116,-8.253542,40.25145,6.2514367,-1.9099076,-8.887942,21.926916,-27.959597,29.475393,33.564724,-18.093391,-4.8097677,1.7337948,11.684014,2.7704685,22.49177,4.727203,-10.29687,0.0,8.041281,-3.4011886,-10.750717,5.362311,-10.730429,0.0
1,-0.6104567050933838,-1.5930322408676147,106.79253387451172,-0.26448916020639535,-1.9903480556914543,-98.4750706155519,-4.340185,-0.44605935,8.500022,6.3358502,-4.404374,25.733051,21.490765,-8.250821,40.219246,6.205005,-1.927586,-8.907499,21.952625,-28.06745,29.464653,33.559944,-18.086155,-4.8099737,1.730708,11.675564,2.7617457,22.516657,4.705396,-10.308113,0.0,8.015948,-3.4034932,-10.728864,5.3569403,-10.748061,0.0
2,-0.6142992377281189,-1.6523017883300781,106.7890625,-0.2694945191061718,-1.9382494334394567,-98.50421014910685,-4.350938,-0.47754055,8.572462,6.335994,-4.404891,25.76993,21.810432,-8.245941,40.19106,6.16689,-1.9422905,-8.92054,21.974098,-28.146317,29.454021,33.557167,-18.080317,-4.8088746,1.7272369,11.647891,2.7630775,22.537754,4.7252083,-10.339904,0.0,7.98302,-3.4048426,-10.701518,5.362398,-10.767044,0.0
3,-0.6207384467124939,-1.7155882120132446,106.78562927246094,-0.2665734750643971,-1.8679919777062937,-98.53088352965824,-4.3600082,-0.5258904,8.653194,6.3368936,-4.4081964,25.815384,22.208332,-8.231339,40.061996,5.9778056,-2.002465,-8.9855995,21.999899,-28.258453,29.416372,33.533638,-18.051208,-4.8082833,1.7133784,11.606651,2.753892,22.559978,4.7265673,-10.359147,0.0,7.9329734,-3.4150364,-10.677167,5.363074,-10.783231,0.0
4,-0.6293032169342041,-1.775580883026123,106.78509521484375,-0.24945262386059053,-1.7711496448589814,-98.53004493128844,-4.3832126,-0.5845535,8.715179,6.383994,-4.5862136,25.875769,22.617445,-8.303318,39.481903,4.8170033,-1.9191245,-9.4020405,22.030003,-28.386742,29.348051,33.35213,-17.880844,-4.7068973,1.7262021,11.522089,2.7361102,22.550953,4.7290125,-10.367487,0.0,7.8524513,-3.439987,-10.679763,5.366318,-10.798319,0.0
5,-0.6417888402938843,-1.8289167881011963,106.78547668457031,-0.22759610063695768,-1.6720357624273818,-98.51251511252303,-4.405068,-0.65839636,8.763311,6.38647,-4.593265,25.929379,22.898932,-8.342364,39.37138,4.739563,-1.9519478,-9.425756,22.057758,-28.493057,29.30872,33.323273,-17.857826,-4.716129,1.7309517,11.427801,2.7188199,22.51411,4.730905,-10.370585,0.0,7.7712984,-3.4649992,-10.689781,5.3645415,-10.812084,0.0
6,-0.6560183763504028,-1.8839908838272095,106.78707122802734,-0.1877471469373688,-1.537718587972748,-98.47540701651359,-4.4386725,-0.7564656,8.788787,6.4532766,-4.7614827,25.988829,23.15686,-8.423452,38.963223,4.4736586,-1.8776151,-9.521147,22.087492,-28.602266,29.23303,33.193268,-17.761747,-4.7158213,1.8198867,11.28057,2.687415,22.434628,4.739521,-10.369705,0.0,7.6509633,-3.5115664,-10.720947,5.3642287,-10.823505,0.0
7,-0.6691941022872925,-1.9295575618743896,106.78816986083984,-0.15040512170075246,-1.3939799737653114,-98.40427734588026,-4.4808426,-0.85843563,8.807361,6.509973,-4.8982215,26.047241,23.367266,-8.496342,38.724644,4.3436947,-1.8713949,-9.524435,22.1171,-28.702211,29.156307,33.104664,-17.69512,-4.7247353,1.8935114,11.100307,2.6696887,22.323097,4.7671294,-10.36478,0.0,7.5211177,-3.5508044,-10.779815,5.36049,-10.831651,0.0
8,-0.6886381506919861,-1.964984655380249,106.79273986816406,-0.11551865307348234,-1.2233389565982116,-98.27216186704568,-4.5441923,-0.9682225,8.808139,6.5453057,-5.0310345,26.103718,23.542953,-8.553104,38.599922,4.097888,-1.9231641,-9.470356,22.146637,-28.792559,29.075113,33.010185,-17.604206,-4.7040734,1.9656566,10.859524,2.6735094,22.151274,4.810234,-10.341789,0.0,7.3658457,-3.5762002,-10.89531,5.3522677,-10.836296,0.0
9,-0.7108923196792603,-1.9985486268997192,106.7967758178711,-0.07276240077572962,-1.0154743172334901,-98.08011440678607,-4.631389,-1.103145,8.778433,6.54773,-5.182029,26.157522,23.693483,-8.594912,38.608475,3.6237285,-2.0699892,-9.3617735,22.17618,-28.872175,28.985548,32.88213,-17.497124,-4.627261,2.0474231,10.5486355,2.685157,21.9097,4.8698144,-10.306761,0.0,7.1777883,-3.6036532,-11.067606,5.339393,-10.839541,0.0
10,-0.7354344725608826,-2.0241265296936035,106.798828125,-0.021439035306957586,-0.7755552856342767,-97.83768635950504,-4.7381897,-1.257587,8.723086,6.515872,-5.3579297,26.208042,23.826315,-8.624575,38.722347,2.986249,-2.301058,-9.216938,22.205803,-28.940634,28.885836,32.726646,-17.380163,-4.5060034,2.1413467,10.174511,2.7022543,21.607933,4.9437866,-10.259774,0.0,6.955729,-3.6347418,-11.285518,5.3253694,-10.839338,0.0
11,-0.7647708058357239,-2.03938889503479,106.79749298095703,0.015012419093461089,-0.5230568682504402,-97.53560164576919,-4.861998,-1.3968966,8.66603,6.4556913,-5.557385,26.254898,23.946827,-8.638747,38.89868,2.3263733,-2.5291324,-9.044352,22.235783,-28.999174,28.778824,32.583477,-17.226425,-4.3714375,2.2347302,9.759651,2.7518375,21.261175,5.0328684,-10.195173,0.0,6.723607,-3.637009,-11.55853,5.3099227,-10.839967,0.0
12,-0.787700355052948,-2.0450408458709717,106.80277252197266,0.017244343860095157,-0.2764283335652328,-97.16409043045294,-5.00031,-1.4853728,8.631247,6.3777504,-5.7738824,26.29769,24.058413,-8.629167,39.089863,1.7927747,-2.65534,-8.8514805,22.266378,-29.050182,28.671364,32.49508,-17.002928,-4.2597613,2.3117151,8.455498,3.1278384,20.6379,6.8721495,-10.9554205,0.0,6.508321,-3.5890026,-11.897982,5.2851815,-10.840036,0.0
13,-0.8027439117431641,-2.0545425415039062,106.80175018310547,-0.021325698827151674,-0.026451340035656145,-96.69828160658497,-5.1767297,-1.5171295,8.614166,6.2934422,-6.002233,26.33655,24.16457,-8.587483,39.294464,1.4191211,-2.61446,-8.646024,22.298138,-29.095625,28.55826,32.45948,-16.746513,-4.1886706,2.3305664,6.9040885,3.6228435,20.010376,9.126203,-11.780233,0.0,6.3062387,-3.482436,-12.326892,5.2624745,-10.854507,0.0
14,-0.8198989629745483,-2.0483500957489014,106.79633331298828,-0.08884923221952777,0.23307275029153438,-96.1509260321214,-5.3846602,-1.5090164,8.605952,6.205168,-6.2420874,26.371096,24.267284,-8.510452,39.52173,1.1371274,-2.45148,-8.429806,22.331434,-29.13636,28.438002,32.462093,-16.458069,-4.145705,2.3089216,5.226916,4.1864634,19.473436,11.542801,-12.513192,0.0,6.0917277,-3.3277006,-12.829187,5.249779,-10.875548,0.0
15,-0.8389388918876648,-2.0271551609039307,106.77840423583984,-0.18068826713035968,0.4781667878958051,-95.56962397369585,-5.575573,-1.4632517,8.625103,6.10692,-6.4949656,26.39986,24.365082,-8.39892,39.744846,0.94163543,-2.2406232,-8.199159,22.365528,-29.174181,28.330708,32.52631,-16.044857,-4.1157,2.3153594,3.5680788,4.753172,19.071964,13.924444,-13.162983,0.0,5.9038997,-3.13273,-13.367674,5.215976,-10.889662,0.0
16,-0.8532583713531494,-2.003608226776123,106.75180053710938,-0.2885438441449655,0.6847617835092186,-95.00230148313186,-5.7005363,-1.3825766,8.690248,5.98735,-6.7634997,26.421938,24.45505,-8.256183,39.937965,0.83381283,-2.0571094,-7.947452,22.399044,-29.212843,28.271124,32.6783,-15.400995,-4.0797877,2.4096265,2.0360343,5.26475,18.807041,16.15045,-13.812316,0.0,5.748657,-2.922611,-13.892397,5.2054596,-10.925449,0.0
17,-0.8576639890670776,-1.9996384382247925,106.71780395507812,-0.42168884839328724,0.8461989079103662,-94.44731606630228,-5.760862,-1.2599745,8.811783,5.8430867,-7.051521,26.43901,24.539211,-8.078348,40.096153,0.8875083,-1.9071712,-7.652376,22.434067,-29.257486,28.288963,32.94527,-14.367813,-4.0462937,2.5707784,0.5927933,5.7653475,18.771065,18.329561,-14.43733,0.0,5.6652017,-2.6846247,-14.412704,5.1842365,-10.979965,0.0
18,-0.8560939431190491,-1.9998818635940552,106.6701431274414,-0.5797762753741488,0.9759219956843026,-93.88442027544073,-5.7780676,-1.0976855,8.9778595,5.67415,-7.360006,26.451494,24.617868,-7.8635945,40.234264,1.0837812,-1.7601392,-7.3261657,22.47118,-29.31206,28.396059,33.30459,-13.008179,-4.0102515,2.7527225,-0.8040914,6.288577,18.944883,20.508818,-15.014915,0.0,5.627576,-2.4152963,-14.942842,5.159545,-11.04795,0.0
19,-0.8546585440635681,-2.004950523376465,106.6153793334961,-0.7487891230235048,1.0774640220801681,-93.33171382145852,-5.734093,-0.9104073,9.174218,5.470623,-7.6841807,26.460026,24.689966,-7.6226315,40.35975,1.2774067,-1.6370991,-7.009772,22.510265,-29.381351,28.597496,33.703526,-11.56284,-3.9249709,2.9798794,-2.0929742,6.811862,19.329088,22.578396,-15.543276,0.0,5.6253347,-2.1320858,-15.466663,5.139191,-11.130452,0.0
20,-0.8570058345794678,-2.0398752689361572,106.55401611328125,-0.9138033813386085,1.1532106646690607,-92.80775732509123,-5.610212,-0.713686,9.386493,5.216471,-8.015322,26.465607,24.754086,-7.376007,40.48216,1.3100859,-1.5669832,-6.737276,22.55088,-29.471264,28.890364,34.08531,-10.2888365,-3.7360325,3.283091,-3.2059453,7.30836,19.927517,24.417917,-16.015036,0.0,5.6702447,-1.8537333,-15.972318,5.119395,-11.235916,0.0
21,-0.848611056804657,-2.084765672683716,106.48672485351562,-1.0776729279688968,1.1958082385913231,-92.33634552099178,-5.3819294,-0.5024094,9.62822,4.896143,-8.355175,26.46916,24.809916,-7.1478267,40.588215,1.1211848,-1.56595,-6.4998345,22.59315,-29.587135,29.272081,34.447334,-9.087243,-3.4042068,3.6753147,-4.12861,7.788588,20.806465,26.036488,-16.435215,0.0,5.753918,-1.5880697,-16.433685,5.099256,-11.348697,0.0
22,-0.8331048488616943,-2.145120620727539,106.41224670410156,-1.2536400818612523,1.2074104288600662,-91.90139389900405,-5.0691347,-0.2648167,9.89517,4.169254,-9.018539,26.47393,24.888052,-6.821137,40.738102,0.8010599,-1.6850691,-6.3675613,22.660894,-29.847282,30.087873,34.720837,-7.5324826,-2.8996165,3.942446,-4.906065,8.2838545,21.947313,27.518744,-16.823164,0.0,5.880907,-1.3135943,-16.862692,5.077254,-11.474843,0.0
23,-0.8125481009483337,-2.2150092124938965,106.3338394165039,-1.419349427345163,1.199123533811977,-91.46218780970906,-4.71709,-0.023547912,10.161551,3.3656998,-9.589229,26.486452,24.977207,-6.4524612,40.85879,0.3963271,-1.8112962,-6.3229094,22.799456,-30.519094,31.443796,34.68969,-5.861422,-2.2909017,3.9744813,-5.560186,8.753167,23.208094,28.863152,-17.196743,0.0,6.041373,-1.0529015,-17.304432,5.0554767,-11.611337,0.0
24,-0.7926590442657471,-2.3091490268707275,106.25426483154297,-1.5728608141758638,1.1876673802405169,-90.97641194679201,-4.372375,0.22717856,10.395633,2.789794,-9.862437,26.545254,24.984808,-6.1780734,40.965828,-0.10815982,-1.9338083,-6.179871,23.374022,-32.299328,32.555458,33.599552,-4.3464007,-1.6287925,4.5257926,-6.12525,9.187349,24.45287,30.07316,-17.577707,0.0,6.234077,-0.798117,-17.800554,5.030798,-11.766969,0.0
25,-0.773177444934845,-2.4246113300323486,106.17166900634766,-1.7192754623366593,1.1698381269614064,-90.44724408055654,-4.013142,0.47434306,10.593171,2.1820095,-10.060064,26.588234,24.917255,-5.9051633,41.146946,-0.6423247,-2.1024373,-6.0266175,23.841738,-33.398922,33.24494,32.96431,-4.477996,-0.9931972,5.2517276,-6.6017733,9.593711,25.69512,31.152908,-17.96991,0.0,6.467156,-0.5396015,-18.350515,4.988062,-11.932031,0.0
26,-0.7373191118240356,-2.5829238891601562,106.08482360839844,-1.861990806416973,1.140093682485476,-89.89224246769825,-3.6312234,0.72672546,10.769941,1.5389752,-10.204997,26.629078,24.82339,-5.5863037,41.37127,-1.2333969,-2.31787,-5.927668,24.156923,-34.52282,34.032967,32.42146,-5.2586374,-0.34557396,6.1022015,-6.9765177,9.974607,26.993237,32.103428,-18.366999,0.0,6.7379756,-0.29019317,-18.932507,4.965627,-12.135761,0.0
27,-0.6959784030914307,-2.752598285675049,105.99640655517578,-1.9870986760206235,1.1100544659598401,-89.29111687206621,-3.2475455,0.9677867,10.913543,0.84627026,-10.30917,26.6793,24.715084,-5.230845,41.635166,-1.8558848,-2.5303955,-5.876016,24.349874,-35.696636,34.852,31.839865,-6.373658,0.35518292,7.0945444,-7.2519956,10.296948,28.282343,32.895477,-18.758606,0.0,7.0359874,-0.05195485,-19.565926,4.9251027,-12.3417845,0.0
28,-0.6504212617874146,-2.947721242904663,105.90593719482422,-2.080911612830688,1.0917919907391613,-88.62363378225066,-2.881774,1.1800524,11.011678,0.08805932,-10.384079,26.747898,24.60397,-4.849932,41.93668,-2.4831095,-2.6907616,-5.862862,24.45952,-36.838406,35.606033,31.155308,-7.5981846,1.1478535,8.218358,-7.4235964,10.525958,29.501215,33.481686,-19.123287,0.0,7.34891,0.15928142,-20.267061,4.8870997,-12.568355,0.0
29,-0.5890823602676392,-3.169827938079834,105.80859375,-2.1475711791626817,1.0873199601077752,-87.88269343119728,-2.537305,1.369219,11.058797,-0.74434906,-10.4217825,26.843264,24.486345,-4.437987,42.276962,-3.1403122,-2.786174,-5.8956013,24.504526,-37.92818,36.29209,30.350822,-9.069972,2.0776148,9.53308,-7.488836,10.6594715,30.683681,33.83946,-19.449907,0.0,7.6797023,0.3461206,-21.04323,4.8463054,-12.813737,0.0
30,-0.5429086685180664,-3.3929362297058105,105.70448303222656,-2.1933355344979177,1.090439620503867,-87.07938168622466,-2.203686,1.5405724,11.062556,-1.6416876,-10.420757,26.970732,24.359716,-3.988709,42.643677,-3.8301573,-2.8395412,-5.9748807,24.489056,-38.98234,36.938793,29.446642,-10.8848915,3.0884879,11.039564,-7.4544234,10.708418,31.847218,33.993595,-19.747211,0.0,8.0164585,0.5333447,-21.882048,4.8039274,-13.069689,0.0
31,-0.4768812954425812,-3.654999017715454,105.59817504882812,-2.2058184969780736,1.1001911793394559,-86.21982581706168,-1.8802056,1.6775476,11.031388,-2.59284,-10.400173,27.131033,24.236334,-3.5137784,43.018784,-4.492362,-2.8571672,-6.079652,24.4254,-39.948532,37.50115,28.47436,-12.761102,4.0771937,12.619114,-7.3365593,10.659576,32.90195,33.968456,-20.02005,0.0,8.381822,0.68732667,-22.781317,4.761167,-13.347367,0.0
32,-0.3951222598552704,-3.943082332611084,105.49061584472656,-2.1718700601957197,1.1148428392611753,-85.31023157931646,-1.565882,1.7624617,10.973781,-3.5868065,-10.378149,27.321846,24.127642,-3.0265229,43.387287,-5.067886,-2.8469145,-6.1880984,24.326033,-40.755314,37.937027,27.485792,-14.413841,4.959122,14.131295,-7.1561956,10.501389,33.755802,33.799095,-20.27994,0.0,8.771777,0.7952728,-23.735956,4.7125816,-13.633448,0.0
33,-0.30823639035224915,-4.245047092437744,105.37905883789062,-2.0645908708005862,1.1296117134672368,-84.3462491445873,-1.2605063,1.770456,10.887891,-4.632854,-10.357484,27.542572,24.031807,-2.535412,43.75348,-5.5639076,-2.794842,-6.295434,24.193903,-41.347645,38.221928,26.516993,-15.815967,5.7614923,15.6268215,-6.8707285,10.211684,34.588745,33.446423,-20.560236,0.0,8.883052,0.6903596,-24.677809,5.305329,-14.245146,0.0
34,-0.21045556664466858,-4.531585216522217,105.26361083984375,-1.9076701386614912,1.147806738550922,-83.32374436749095,-0.96590704,1.728498,10.770275,-5.7329187,-10.329492,27.794004,23.944195,-2.0319984,44.123257,-6.0042067,-2.7029123,-6.4120903,24.018175,-41.731354,38.394276,25.574232,-17.117325,6.516361,17.13387,-6.4932246,9.8112335,35.456688,32.90765,-20.87581,0.0,8.892478,0.4758268,-25.65445,6.1275687,-14.961346,0.0
35,-0.12314435839653015,-4.841987609863281,105.15258026123047,-1.695558689492808,1.1645621487742768,-82.26081012181128,-0.6748254,1.6238501,10.636829,-6.8652916,-10.292392,28.07293,23.86802,-1.5085471,44.48746,-6.3539186,-2.605327,-6.534086,23.785934,-41.945415,38.51042,24.668663,-18.273071,7.1671014,18.461523,-6.147135,9.250359,35.825653,32.29906,-21.114285,0.0,8.970294,0.22685674,-26.692198,6.866839,-15.643576,0.0
36,-0.026052910834550858,-5.18230676651001,105.03129577636719,-1.4225039459476345,1.1751988673056823,-81.17704937196069,-0.37927887,1.4411471,10.502823,-8.008318,-10.242916,28.373434,23.806562,-0.9579157,44.839344,-6.5788617,-2.5364487,-6.6576314,23.487457,-42.042812,38.623917,23.798063,-19.225508,7.6664915,19.417158,-5.878135,8.572772,35.516117,31.724321,-21.230272,0.0,8.993193,-0.1456096,-27.742598,7.8105283,-16.424988,0.0
37,0.08990725129842758,-5.518589019775391,104.92578887939453,-1.0696689423751224,1.19383927885838,-80.06890604105511,-0.0796677,1.1622854,10.346621,-9.159869,-10.170835,28.693916,23.764164,-0.39427626,45.186535,-6.626881,-2.4996986,-6.7881684,23.125,-42.023235,38.73775,22.969576,-19.865131,8.03163,19.940264,-5.5930104,7.7978873,34.6847,31.053997,-21.236315,0.0,8.425497,-0.9242001,-28.662888,9.986955,-17.772108,0.0
38,0.2087315022945404,-5.853708267211914,104.8167724609375,-0.640247071246653,1.215293165770626,-78.92941885839463,0.22135009,0.795255,10.169409,-10.330461,-10.078211,29.03472,23.737057,0.18304631,45.53227,-6.5316525,-2.4804628,-6.9247503,22.69986,-41.875633,38.833412,22.17803,-20.231127,8.298539,20.124691,-5.441313,6.9921203,33.496887,30.613422,-21.357813,0.0,7.9015226,-1.7999041,-29.621094,12.09608,-19.056625,0.0
39,0.31383419036865234,-6.181634902954102,104.69383239746094,-0.15933549067807024,1.208584455504729,-77.77399775570898,0.5291357,0.36190835,10.019942,-11.517823,-9.984106,29.390423,23.716814,0.8046423,45.865818,-6.3860197,-2.486795,-7.0556026,22.203135,-41.643375,38.929726,21.39517,-20.484177,8.448544,20.012041,-5.2731514,6.1404324,32.205963,30.206188,-21.476265,0.0,7.242611,-2.8743386,-30.561693,14.618909,-20.474285,0.0
40,0.4239025115966797,-6.508587837219238,104.54708099365234,0.34736346260859613,1.1437038779750122,-76.61852197566928,0.8494087,-0.115846455,9.946288,-12.719691,-9.905542,29.750927,23.695282,1.5006201,46.181274,-6.2830215,-2.526286,-7.1699266,21.624596,-41.38729,39.050476,20.583141,-20.771978,8.458576,19.64814,-5.08611,5.3113112,30.996237,29.945053,-21.62944,0.0,6.475911,-4.139331,-31.49678,17.589424,-21.955158,0.0
41,0.5383243560791016,-6.8539934158325195,104.3823471069336,0.9019627989964654,1.0051996210127025,-75.46306974393465,1.1902199,-0.67089045,9.965997,-13.941141,-9.843627,30.107342,23.675535,2.2907877,46.48679,-6.193978,-2.611475,-7.274196,20.965464,-41.115685,39.2047,19.723757,-21.073763,8.365956,18.987576,-4.8602247,4.479935,29.908417,29.836279,-21.812647,0.0,5.6571445,-5.616184,-32.484135,20.980608,-23.403996,0.0
42,0.6665862202644348,-7.206080913543701,104.20608520507812,1.5051868960966062,0.80801534021559,-74.30092693975467,1.547386,-1.2981876,10.054678,-15.182231,-9.78541,30.45539,23.66026,3.1549845,46.795326,-6.0859857,-2.7377658,-7.372072,20.23027,-40.81531,39.382584,18.828491,-21.318504,8.17334,18.023308,-4.599097,3.6171002,28.848804,29.820993,-22.011095,0.0,4.826595,-7.2998743,-33.561253,24.687248,-24.671953,0.0
43,0.789524257183075,-7.544182777404785,104.01689147949219,2.099928811721896,0.5707109372542486,-73.13745589179844,1.9081385,-1.9194909,10.195426,-16.432634,-9.728957,30.791386,23.64091,4.065106,47.105606,-6.0427117,-2.8825967,-7.450533,19.414568,-40.515087,39.578564,17.90323,-21.583347,7.802701,16.861568,-4.332907,2.7949219,27.799137,29.892021,-22.227346,0.0,3.9913924,-9.138778,-34.700542,28.617266,-25.549765,0.0
44,0.9037454724311829,-7.886069297790527,103.83860778808594,2.630041758808376,0.3142233637060582,-71.9771518777454,2.2584894,-2.4572995,10.369543,-17.68128,-9.676341,31.110922,23.609024,4.993032,47.421932,-6.1470165,-3.0266716,-7.498814,18.512154,-40.254288,39.794132,16.945728,-21.93695,7.1764555,15.607688,-4.0405135,2.0622733,26.756025,29.960428,-22.43806,0.0,3.1186247,-11.090314,-35.812626,32.752613,-25.863436,0.0
45,1.0372980833053589,-8.2516450881958,103.66883087158203,3.0895777770347803,0.042934016379738,-70.81087788657852,2.5925033,-2.9027448,10.577798,-18.9338,-9.640745,31.409534,23.564394,5.920872,47.74255,-6.4456673,-3.1611934,-7.4967494,17.517368,-40.05944,40.032375,15.980943,-22.466728,6.1968355,14.191794,-3.7139049,1.4156549,25.718122,30.017607,-22.651054,0.0,2.1943438,-13.159115,-36.833164,37.1823,-25.624514,0.0
46,1.173374056816101,-8.613326072692871,103.51060485839844,3.5025041813268016,-0.2519561842829246,-69.63881214061948,2.9177394,-3.291289,10.826952,-20.193338,-9.617584,31.68362,23.511929,6.8682303,48.075256,-6.882853,-3.2987452,-7.458952,16.432806,-39.919937,40.297066,14.989756,-23.12011,4.9424524,12.584422,-3.364698,0.83338445,24.687302,30.084007,-22.857656,0.0,1.2285494,-15.346806,-37.722324,41.89245,-24.971064,0.0
47,1.3203548192977905,-8.972946166992188,103.36873626708984,3.8581240401783643,-0.5668851882750728,-68.4788801671798,3.2388804,-3.6124737,11.105963,-21.444572,-9.583774,31.93014,23.451038,7.860084,48.436924,-7.3891125,-3.4497352,-7.42621,15.266206,-39.80787,40.594494,13.903686,-23.75171,3.5939682,10.952252,-2.9809325,0.32179934,23.671091,30.13843,-23.059078,0.0,0.20329794,-17.570353,-38.37294,46.685577,-23.991222,0.0
48,1.489192008972168,-9.357078552246094,103.23558807373047,4.146601493899435,-0.8978022887775269,-67.34873336061449,3.5604613,-3.8559155,11.403541,-22.67177,-9.51382,32.146084,23.381098,8.9233265,48.844692,-7.894153,-3.6240375,-7.4391923,14.027954,-39.69582,40.92666,12.658817,-24.209145,2.3188243,9.468383,-2.5479593,-0.107424766,22.675594,30.174435,-23.272177,0.0,-0.9183051,-19.7289,-38.678196,51.35621,-22.773832,0.0
49,1.6458470821380615,-9.733884811401367,103.11383056640625,4.364992799820984,-1.249901245522144,-66.25741168458802,3.8907945,-4.007987,11.729566,-23.86908,-9.38856,32.324223,23.297264,10.079367,49.2989,-8.378427,-3.8216922,-7.513994,12.725488,-39.584812,41.292957,11.233758,-24.458107,1.1299275,8.136394,-2.0767994,-0.44332638,21.703342,30.201622,-23.493809,0.0,-2.2441719,-21.83241,-38.535557,56.007393,-21.234228,0.0
50,1.8275644779205322,-10.126630783081055,103.0042495727539,4.51839624104794,-1.6203311138471146,-65.19196427163305,4.223024,-4.0755486,12.083781,-25.045214,-9.225986,32.458763,23.203455,11.311899,49.803276,-8.874279,-4.0379725,-7.629116,11.359446,-39.483612,41.69319,9.660283,-24.584368,-0.059428617,6.8808618,-1.5496846,-0.70532227,20.755713,30.200619,-23.724178,0.0,-3.817942,-23.855042,-37.89484,60.695347,-19.25825,0.0
51,2.0029690265655518,-10.553807258605957,102.91226196289062,4.609482199023584,-1.9910420660505042,-64.13763626657635,4.539456,-4.081667,12.439637,-26.205498,-9.055049,32.552265,23.1115,12.590931,50.374905,-9.390053,-4.275154,-7.767472,9.926988,-39.377087,42.134403,7.954362,-24.59938,-1.2399856,5.75966,-0.9906942,-0.87806386,19.81459,30.16737,-23.942383,0.0,-5.592331,-25.651787,-36.785133,65.174034,-16.97962,0.0
52,2.144864559173584,-10.99262809753418,102.83285522460938,4.643845761512043,-2.3435844781412385,-63.0813618536148,4.8239117,-4.0540824,12.771127,-27.355534,-8.904394,32.61525,23.032389,13.885554,51.02168,-9.93674,-4.5349045,-7.910087,8.419653,-39.235928,42.625042,6.143236,-24.516266,-2.4024563,4.8295135,-0.46288776,-0.9478519,18.858473,30.148874,-24.143143,0.0,-7.474698,-27.126324,-35.348263,69.218315,-14.605509,0.0
53,2.287813425064087,-11.442307472229004,102.7640380859375,4.617610496547575,-2.6874135697476045,-62.03030599671113,5.0784936,-3.9947357,13.089021,-28.497272,-8.785872,32.65854,22.965609,15.203625,51.730076,-10.556083,-4.826867,-8.056106,6.825486,-39.04269,43.180595,4.2033463,-24.284485,-3.572779,4.1347613,0.05308258,-0.9208675,17.90115,30.148436,-24.340038,0.0,-9.471531,-28.275038,-33.6054,72.82083,-11.827308,0.0
54,2.4216291904449463,-11.904374122619629,102.71292114257812,4.529096852383539,-3.0234600287686715,-60.98725092615565,5.309399,-3.891743,13.399613,-29.627487,-8.680066,32.686527,22.90694,16.55798,52.486134,-11.230385,-5.1443677,-8.211893,5.13461,-38.79994,43.80887,2.1520925,-23.90902,-4.7514324,3.6388466,0.5691032,-0.7976627,16.947737,30.143467,-24.525566,0.0,-11.640854,-29.119991,-31.523817,76.10197,-8.625036,0.0
55,2.531942129135132,-12.383963584899902,102.6890869140625,4.3819323896009745,-3.3212451589161693,-59.93353910723357,5.507543,-3.7478647,13.669957,-30.743725,-8.571464,32.702995,22.86042,17.92436,53.292717,-11.882702,-5.466025,-8.367255,3.3429804,-38.498943,44.50369,0.08431214,-23.49204,-5.8894944,3.2729974,1.0605786,-0.5820873,15.978723,30.08971,-24.66613,0.0,-13.851765,-29.666822,-29.354303,79.02554,-5.690456,0.0
56,2.6136350631713867,-12.909383773803711,102.6985855102539,4.182642468900785,-3.551517522199219,-58.851223680299796,5.6646366,-3.5678005,13.867877,-31.843904,-8.442215,32.712017,22.82952,19.27587,54.15329,-12.437635,-5.771695,-8.509763,1.4491048,-38.13065,45.253105,-1.9094932,-23.135237,-6.937369,2.964947,1.5188984,-0.2802116,14.977246,29.933842,-24.732658,0.0,-15.926357,-29.99101,-27.422333,81.57469,-3.7679918,0.0
57,2.6905980110168457,-13.459118843078613,102.74053955078125,3.928331650939936,-3.701809974209346,-57.71896330052811,5.7609153,-3.3525333,13.978545,-32.923393,-8.283668,32.718887,22.815193,20.606817,55.0739,-12.914067,-6.065484,-8.641309,-0.54987854,-37.684166,46.054623,-3.841029,-22.839178,-7.902374,2.7240715,1.9153032,0.10569524,13.91944,29.689571,-24.729229,0.0,-17.742128,-30.15306,-25.915207,83.758255,-3.3602245,0.0
58,2.7417855262756348,-13.994582176208496,102.80364990234375,3.621153529240408,-3.7872895062405543,-56.553489094599456,5.8076906,-3.1028876,14.021535,-33.984688,-8.105724,32.729057,22.814566,21.926788,56.03976,-13.344667,-6.3548846,-8.760683,-2.6565378,-37.157845,46.91718,-5.7386327,-22.55491,-8.805576,2.5753412,2.2311733,0.580974,12.816248,29.410864,-24.674423,0.0,-19.34921,-30.186142,-24.751755,85.61735,-4.0313234,0.0
59,2.793450355529785,-14.578041076660156,102.90019226074219,3.276043598192063,-3.820859861480821,-55.39394604505292,5.843564,-2.8235323,14.016674,-35.036232,-7.926302,32.746647,22.824175,23.230528,57.02307,-13.676307,-6.625945,-8.850039,-4.869577,-36.564045,47.839622,-7.5476217,-22.301004,-9.619287,2.4667034,2.5688198,1.1194282,11.729196,28.993387,-24.547562,0.0,-20.83918,-30.147282,-23.832418,87.191734,-5.127996,0.0
60,2.834324598312378,-15.190821647644043,103.0272216796875,2.907119790761004,-3.816367966881552,-54.27901942553167,5.9065533,-2.5185654,13.983357,-36.08673,-7.764237,32.77429,22.840559,24.513224,57.99896,-13.855146,-6.865248,-8.891848,-7.180259,-35.91351,48.816982,-9.213312,-22.104378,-10.316504,2.3432534,2.9530046,1.7048204,10.705194,28.422234,-24.341242,0.0,-22.295393,-30.089396,-23.059978,88.49966,-5.9800367,0.0
61,2.8741977214813232,-15.826778411865234,103.17610168457031,2.509132404533617,-3.7668442852243667,-53.22038680501625,6.007648,-2.1831918,13.913099,-37.14466,-7.6131325,32.814384,22.863976,25.779932,58.97056,-13.836904,-7.0679517,-8.864111,-9.582266,-35.212505,49.845425,-10.771696,-21.996897,-10.859184,2.1856499,3.3810892,2.3441415,9.752242,27.695345,-24.056978,0.0,-23.728558,-30.017399,-22.433435,89.520134,-6.5010743,0.0
62,2.911137104034424,-16.47416877746582,103.34983825683594,2.080444323852822,-3.6676732810253236,-52.19759564259925,6.126717,-1.8174835,13.799646,-38.203564,-7.4664645,32.86982,22.894274,27.027802,59.942516,-13.6653,-7.2409997,-8.778715,-12.070879,-34.478054,50.912956,-12.263727,-21.935753,-11.273674,2.0191805,3.834943,3.0417035,8.849758,26.820286,-23.691204,0.0,-25.094831,-29.922384,-21.987377,90.24881,-7.0125747,0.0
63,2.9508838653564453,-17.136119842529297,103.53399658203125,1.6390882072137167,-3.537025295966835,-51.20122009605667,6.25517,-1.4320751,13.6651745,-39.24974,-7.337216,32.94236,22.92751,28.241411,60.89286,-13.417257,-7.388234,-8.67089,-14.625519,-33.707417,52.011703,-13.62383,-21.86689,-11.630111,1.8462636,4.31588,3.7768896,8.000303,25.836414,-23.267246,0.0,-26.396194,-29.827377,-21.681831,90.71919,-7.4356346,0.0
64,2.976623058319092,-17.809980392456055,103.7220687866211,1.202097269320581,-3.3934860659502117,-50.22128942674319,6.3841147,-1.0377052,13.532008,-40.270184,-7.238594,33.032654,22.95996,29.406807,61.80109,-13.168416,-7.514055,-8.577858,-17.22694,-32.93939,53.113182,-14.827957,-21.699646,-11.997054,1.6891618,4.820883,4.5338974,7.2043295,24.77759,-22.797232,0.0,-27.637077,-29.753666,-21.478071,90.96906,-7.695427,0.0
65,3.0197861194610596,-18.49193572998047,103.91529846191406,0.7598365518086241,-3.241730015696875,-49.264498111724045,6.5181084,-0.620416,13.399792,-41.262733,-7.1696844,33.13986,22.991072,30.53331,62.67111,-12.909867,-7.6155725,-8.502867,-19.847807,-32.160976,54.214867,-15.880059,-21.452808,-12.393215,1.5401148,5.3865676,5.313777,6.4823117,23.605005,-22.271818,0.0,-28.812532,-29.688375,-21.37096,90.987236,-7.743105,0.0
66,3.0377392768859863,-19.198511123657227,104.1052017211914,0.3087534894577408,-3.0719667706354863,-48.33307182314214,6.6598234,-0.18057102,13.258096,-42.234695,-7.124737,33.26353,23.022015,31.624014,63.51114,-12.612077,-7.690827,-8.430086,-22.481823,-31.438755,55.283825,-16.881893,-21.112127,-12.783833,1.4142165,5.997016,6.1397123,5.826647,22.32063,-21.68537,0.0,-29.917944,-29.629456,-21.377028,90.753914,-7.6234317,0.0
67,3.0503287315368652,-19.903091430664062,104.28346252441406,-0.12557311032508625,-2.8821957166093393,-47.40987227235116,6.797331,0.25196922,13.115526,-43.18746,-7.1117105,33.40365,23.05177,32.655674,64.30804,-12.319699,-7.746666,-8.370895,-25.109083,-30.769163,56.337864,-17.81205,-20.699839,-13.16066,1.2942978,6.599619,6.971776,5.213336,21.001488,-21.067938,0.0,-30.95949,-29.621784,-21.488874,90.29766,-7.405485,0.0
68,3.070436477661133,-20.608346939086914,104.44444274902344,-0.5175195252265221,-2.670673340891738,-46.477859258587245,6.9184637,0.646658,12.981007,-44.12254,-7.137351,33.56055,23.079437,33.606495,65.04867,-12.077298,-7.7901034,-8.337569,-27.720537,-30.182827,57.36992,-18.67844,-20.198093,-13.515264,1.1948586,7.15686,7.7762647,4.6185775,19.705616,-20.446413,0.0,-31.946733,-29.708746,-21.695807,89.64968,-7.159192,0.0
69,3.0928056240081787,-21.331710815429688,104.58922576904297,-0.8629075259096722,-2.429096972862025,-45.51752170299049,7.0053983,0.99378455,12.8464,-45.03831,-7.1974645,33.735664,23.106155,34.47348,65.73103,-11.894793,-7.8200684,-8.341652,-30.30992,-29.667362,58.39866,-19.46462,-19.494194,-13.8893585,1.1160148,7.6625104,8.555068,4.0217433,18.41421,-19.805235,0.0,-32.882324,-29.914263,-22.01597,88.815674,-6.8973036,0.0
70,3.0986011028289795,-22.046289443969727,104.71288299560547,-1.173529781244504,-2.1620872574495795,-44.54295781949083,7.0692577,1.3100811,12.711107,-45.934994,-7.2880855,33.928207,23.131441,35.2693,66.36285,-11.749572,-7.834027,-8.378034,-32.8752,-29.212458,59.41504,-20.184519,-18.634295,-14.276024,1.0696783,8.100612,9.32278,3.426617,17.151823,-19.150772,0.0,-33.755016,-30.210434,-22.448559,87.77339,-6.5832653,0.0
71,3.103973865509033,-22.75261116027832,104.8141860961914,-1.4482247696010737,-1.8882333796453776,-43.5858809102093,7.141316,1.6053617,12.595431,-46.817028,-7.421491,34.133377,23.151773,35.994537,66.94662,-11.637233,-7.836216,-8.43401,-35.41426,-28.81848,60.393703,-20.85622,-17.868464,-14.592082,1.0657977,8.504334,10.067602,2.8737442,15.927476,-18.505453,0.0,-34.556686,-30.562328,-22.953045,86.517876,-6.2135377,0.0
72,3.0892367362976074,-23.460033416748047,104.88385009765625,-1.6859991744409564,-1.6265291617174433,-42.67811052748394,7.2525225,1.8892823,12.519109,-47.68871,-7.609363,34.343292,23.164434,36.649117,67.491936,-11.55131,-7.835483,-8.496572,-37.92488,-28.4906,61.308292,-21.50093,-17.447542,-14.752863,1.1086448,8.88522,10.788843,2.3937423,14.779936,-17.899473,0.0,-35.27758,-30.93263,-23.492718,85.04112,-5.783812,0.0
73,3.067905902862549,-24.15985679626465,104.9290542602539,-1.883365172873832,-1.378633881609446,-41.82356572937912,7.408794,2.1592224,12.484025,-48.561417,-7.8643117,34.555115,23.171198,37.215645,67.99531,-11.489494,-7.826095,-8.571923,-40.41026,-28.223959,62.14986,-22.123995,-17.442926,-14.720805,1.2152313,9.257875,11.470273,2.0041885,13.686711,-17.323154,0.0,-35.924892,-31.327621,-24.064137,83.34814,-5.317769,0.0
74,3.055130958557129,-24.87175750732422,104.94554138183594,-2.04285059145794,-1.1371583926510673,-41.006033132318485,7.5939045,2.4122813,12.480113,-49.42971,-8.176236,34.767365,23.173496,37.70053,68.46107,-11.452354,-7.8080907,-8.664439,-42.87581,-28.003742,62.94006,-22.704313,-17.725965,-14.546096,1.3780674,9.621874,12.116541,1.6867033,12.639412,-16.774044,0.0,-36.490795,-31.75381,-24.698881,81.43454,-4.8103404,0.0
75,3.0425071716308594,-25.58335304260254,104.93329620361328,-2.17398420565342,-0.9080894541287271,-40.22754827977594,7.805754,2.6578176,12.508458,-50.27175,-8.522642,34.972115,23.16769,38.138878,68.91059,-11.436382,-7.795118,-8.756742,-45.323868,-27.81847,63.69784,-23.218494,-18.249126,-14.278688,1.5607544,9.939531,12.738062,1.4104629,11.715539,-16.288202,0.0,-36.948975,-32.173267,-25.409056,79.28668,-4.2168436,0.0
76,3.017407178878784,-26.290992736816406,104.89319610595703,-2.286218737896617,-0.697084665910651,-39.49030255385401,8.042359,2.9051285,12.570178,-51.065266,-8.882334,35.15726,23.150745,38.564846,69.36857,-11.436465,-7.801122,-8.82949,-47.754147,-27.66011,64.44015,-23.643583,-18.965944,-13.967888,1.7288892,10.168894,13.348144,1.1409875,11.000343,-15.906342,0.0,-37.277275,-32.547565,-26.202133,76.89252,-3.4949355,0.0
77,2.990176200866699,-27.00226593017578,104.81919860839844,-2.3819696670630233,-0.5074638008989096,-38.80434652216532,8.316441,3.163564,12.672612,-51.806557,-9.27329,35.31016,23.123032,38.97909,69.83226,-11.417147,-7.8199387,-8.871332,-50.18046,-27.532604,65.15541,-24.016441,-20.070923,-13.546375,1.9054848,10.285332,13.944574,0.868625,10.559361,-15.673673,0.0,-37.48557,-32.847927,-27.050997,74.227135,-2.6346924,0.0
78,2.945209264755249,-27.709848403930664,104.71371459960938,-2.45741838509624,-0.3365626486400677,-38.165202157387434,8.623953,3.4271855,12.812214,-52.505157,-9.699532,35.42683,23.087822,39.36522,70.30468,-11.3859625,-7.849881,-8.89058,-52.60985,-27.431814,65.85055,-24.328922,-21.520042,-13.015418,2.1025088,10.252655,14.521911,0.57743376,10.428614,-15.598237,0.0,-37.579136,-33.09019,-27.968319,71.30222,-1.660889,0.0
79,2.885807514190674,-28.420215606689453,104.56731414794922,-2.512323536020101,-0.17993960016158678,-37.55239089708769,8.938488,3.681981,12.974255,-53.160027,-10.118947,35.511158,23.046759,39.732475,70.82159,-11.403699,-7.915249,-8.898715,-55.02523,-27.33596,66.559296,-24.49625,-22.906666,-12.524555,2.2652612,9.994007,15.083737,0.20857494,10.722463,-15.727008,0.0,-37.52723,-33.293972,-29.01956,68.14506,-0.5728107,0.0
80,2.817802667617798,-29.143922805786133,104.38032531738281,-2.5459766492041336,-0.03359511943601334,-36.94530622762376,9.234029,3.9131918,13.144655,-53.77091,-10.491805,35.572105,23.000744,40.091526,71.41222,-11.532951,-8.038314,-8.90904,-57.397804,-27.224663,67.2979,-24.434168,-23.823978,-12.221251,2.3373554,9.498437,15.631701,-0.26468801,11.440157,-16.050024,0.0,-37.31031,-33.47457,-30.259403,64.786835,0.6298909,0.0
81,2.753988265991211,-29.875844955444336,104.1537857055664,-2.5635854177518334,0.10125433967983358,-36.33381715998748,9.500172,4.1250606,13.325523,-54.32987,-10.8132715,35.61594,22.949331,40.428116,72.06339,-11.796288,-8.234709,-8.920352,-59.698536,-27.10185,68.05456,-24.155725,-24.24895,-12.172251,2.267821,8.762999,16.16439,-0.8524605,12.580464,-16.564308,0.0,-36.871815,-33.62559,-31.813395,61.158554,2.0083225,0.0
82,2.6674232482910156,-30.62080955505371,103.91271209716797,-2.5654033763056634,0.2236477734068358,-35.729290890944156,9.752436,4.322523,13.522623,-54.839687,-11.103577,35.643436,22.891981,40.745132,72.75892,-12.160279,-8.487173,-8.931008,-61.929573,-26.977528,68.804115,-23.70248,-24.378197,-12.291777,2.1114655,7.244181,16.576693,-1.8273246,15.070368,-17.736109,0.0,-36.211803,-33.67779,-33.636124,57.190582,3.580883,0.0
83,2.586209297180176,-31.371774673461914,103.62885284423828,-2.5394636715638694,0.3353357840514028,-35.14625570414398,10.003232,4.4918504,13.728729,-55.31695,-11.361788,35.65632,22.829718,41.078564,73.52322,-12.6038265,-8.769306,-8.95405,-64.08656,-26.859772,69.55455,-23.057135,-24.159786,-12.494757,1.9586201,5.744923,16.935589,-2.7772431,17.54114,-18.887667,0.0,-35.500805,-33.61555,-35.433628,53.04717,5.23337,0.0
84,2.5057790279388428,-32.14357376098633,103.29508972167969,-2.475013888264277,0.4385191486812696,-34.59841684802807,10.265084,4.6191664,13.936845,-55.77828,-11.582184,35.656548,22.763319,41.464985,74.380936,-13.1059265,-9.054606,-9.002355,-66.16171,-26.755342,70.31257,-22.204487,-23.543108,-12.696014,1.9012399,4.2805552,17.233194,-3.6872647,19.985455,-20.025028,0.0,-34.869316,-33.437855,-36.944595,48.85422,6.85872,0.0
85,2.4210710525512695,-32.925987243652344,102.90440368652344,-2.36793003015179,0.5392751569725491,-34.071231806975426,10.5300045,4.694891,14.150028,-56.22621,-11.758751,35.640717,22.691662,41.908882,75.328445,-13.747096,-9.362552,-9.095149,-68.15785,-26.670324,71.13015,-21.162437,-22.255331,-12.889347,1.9320446,2.7079086,17.461182,-4.6326094,22.610554,-21.210722,0.0,-34.315247,-33.134624,-38.1717,44.544624,8.52953,0.0
86,2.3365886211395264,-33.73542785644531,102.46505737304688,-2.2245781524304107,0.6332849451936599,-33.56379992685204,10.7959795,4.728278,14.37159,-56.65303,-11.896054,35.60681,22.615932,42.395428,76.3573,-14.508365,-9.697492,-9.221794,-70.075035,-26.60247,71.98932,-19.938389,-20.419144,-13.107704,2.0194614,1.0421598,17.626703,-5.600138,25.405262,-22.44536,0.0,-33.770348,-32.712128,-39.22254,40.04797,10.284158,0.0
87,2.2629737854003906,-34.55611038208008,101.98393249511719,-2.050316260261853,0.7079522134643526,-33.108425939443556,11.083252,4.733079,14.594441,-57.060783,-12.008645,35.5625,22.540047,42.928413,77.48146,-15.221412,-10.010884,-9.346617,-71.91074,-26.543653,72.78684,-18.498077,-18.57081,-13.323872,2.2249463,-0.45979503,17.75414,-6.4410896,28.025034,-23.634546,0.0,-33.22862,-32.203182,-40.033695,35.45559,11.975159,0.0
88,2.196230888366699,-35.39420700073242,101.4588623046875,-1.851194015130157,0.7509062422601901,-32.73792335643656,11.412676,4.7237453,14.811205,-57.452557,-12.106653,35.523018,22.466791,43.51118,78.70982,-15.718663,-10.255018,-9.431985,-73.6558,-26.4878,73.41675,-16.79799,-17.2555,-13.514546,2.6047869,-1.5704106,17.875584,-7.0234785,30.175781,-24.711332,0.0,-32.67175,-31.632378,-40.563416,30.848806,13.460487,0.0
89,2.1457719802856445,-36.249324798583984,100.89713287353516,-1.6101157448313106,0.745790722543984,-32.458766691346696,11.803668,4.680682,15.04011,-57.830322,-12.184708,35.50348,22.397161,44.13107,80.02531,-15.955371,-10.413588,-9.448138,-75.29715,-26.436407,73.83234,-14.826465,-16.636837,-13.688777,3.2280633,-2.294328,17.978865,-7.3255706,31.916481,-25.705942,0.0,-32.027817,-30.927567,-40.68321,26.04285,14.635833,0.0
90,2.123323678970337,-37.12581253051758,100.28656768798828,-1.3308884629805176,0.7009866839288714,-32.25299962273769,12.2394,4.6053734,15.281235,-58.193024,-12.239564,35.508656,22.328226,44.790474,81.41796,-16.02466,-10.513254,-9.422145,-76.834724,-26.396406,74.096565,-12.605074,-16.440594,-13.856505,4.050102,-2.763845,18.062582,-7.430539,33.42762,-26.672358,0.0,-31.169382,-30.045856,-40.575,20.824118,15.708808,0.0
91,2.1226682662963867,-38.02949523925781,99.6373519897461,-1.0511811323150018,0.6403834531625546,-32.11535640363476,12.684188,4.543554,15.501471,-58.538857,-12.288435,35.54023,22.257063,45.512547,82.90107,-15.965235,-10.564414,-9.395772,-78.28521,-26.368956,74.27067,-10.138778,-16.551895,-13.999228,4.951467,-2.9605606,18.178793,-7.374914,34.63102,-27.605286,0.0,-30.03627,-29.025812,-40.651516,15.240297,17.018593,0.0
92,2.1614789962768555,-38.96057891845703,98.93573760986328,-0.807333119576301,0.5827352777173352,-32.03792844873907,13.099119,4.540227,15.671566,-58.864883,-12.350506,35.5994,22.182398,46.32109,84.4951,-15.813709,-10.582466,-9.4114685,-79.67779,-26.352053,74.41777,-7.426146,-16.849016,-14.092749,5.8058887,-2.8765268,18.378325,-7.217977,35.481956,-28.520967,0.0,-28.66996,-27.887968,-41.258163,9.429256,18.865921,0.0
93,2.2368640899658203,-39.89521026611328,98.19486999511719,-0.6217678927040636,0.5383313284764619,-32.05255303633747,13.507224,4.617732,15.758957,-59.16289,-12.400778,35.678345,22.106026,47.21914,86.2472,-15.523416,-10.5940075,-9.427818,-80.8117,-26.368162,74.394745,-4.51583,-17.62765,-14.146149,6.6604743,-2.3937004,18.696724,-6.8842835,35.810036,-29.413675,0.0,-28.01957,-27.234327,-41.73473,5.171107,20.413645,0.0
94,2.311532497406006,-40.85284423828125,97.41476440429688,-0.4651664757693605,0.498321631072031,-32.15415992599723,13.919619,4.7398825,15.783528,-59.431065,-12.441354,35.744934,22.03021,48.082645,88.15836,-15.184236,-10.589168,-9.390826,-81.50023,-26.43304,74.09569,-1.5148453,-19.109852,-14.142856,7.5751977,-1.5587014,19.088434,-6.379157,35.707016,-30.295671,0.0,-29.457941,-27.93048,-41.014908,5.1064177,20.193443,0.0
95,2.405860185623169,-41.80723190307617,96.67092895507812,-0.35280699324505455,0.45186818494780906,-32.27899102924084,14.279627,4.9182944,15.785224,-59.697525,-12.524061,35.839474,21.95298,49.0811,90.13771,-14.719794,-10.523912,-9.411489,-82.304695,-26.53111,73.91142,1.7346377,-20.521818,-14.07271,8.349971,-0.47992808,19.544674,-5.7931004,35.25206,-31.052114,0.0,-30.83483,-28.40046,-40.78011,5.075027,20.274343,0.0
96,2.4908745288848877,-42.76852035522461,95.9678955078125,-0.18166421954180434,0.4541298034563307,-32.401254056595434,14.572353,5.036602,15.766671,-59.959324,-12.68939,35.95434,21.874998,50.094486,92.11749,-14.345539,-10.352635,-9.543731,-83.19404,-26.663546,73.90787,5.133594,-21.674381,-13.866251,8.941297,0.5281629,19.92721,-5.272174,34.77756,-31.690481,0.0,-32.22267,-28.743664,-41.014748,5.0733113,20.730003,0.0
97,2.5683772563934326,-43.72262191772461,95.33594512939453,-0.027045915726194525,0.4645847753284639,-32.47337671361672,14.728875,5.184674,15.7614975,-60.0,-12.998062,36.08134,21.792057,51.20967,94.12397,-14.023508,-10.055401,-9.827349,-84.17779,-26.843134,74.225845,8.764924,-22.445429,-13.486871,9.211757,1.4633039,20.327862,-4.9199853,34.31473,-32.22087,0.0,-33.441982,-29.002129,-42.27581,5.092621,21.651758,0.0
98,2.635740041732788,-44.69749450683594,94.7481460571289,0.13405059944330205,0.5080156117946998,-32.545479150131996,14.803594,5.332515,15.734636,-60.0,-13.369072,36.230156,21.705626,52.40897,96.17405,-13.717131,-9.657723,-10.224223,-85.34918,-27.064562,74.8655,12.657972,-22.898537,-12.942297,9.171969,2.4002948,20.725895,-4.6394215,33.74583,-32.644676,0.0,-34.585365,-29.2581,-44.259537,5.164349,22.966797,0.0
99,2.713346242904663,-45.69204330444336,94.21749114990234,0.3250165154857491,0.547900234782359,-32.61920909340258,14.840028,5.4507875,15.708232,-60.0,-13.872018,36.377453,21.627655,53.568867,98.22877,-13.425593,-9.193347,-10.638272,-86.48552,-27.295424,75.50464,16.61001,-23.321623,-12.287426,8.994122,3.4232702,21.10232,-4.3060803,33.02886,-32.904842,0.0,-35.586823,-29.497536,-46.447697,5.267465,24.446014,0.0
100,2.779331684112549,-46.75226974487305,93.76031494140625,0.5605301843894769,0.5428002185768216,-32.69420076347894,14.880845,5.520291,15.709852,-60.0,-14.326409,36.561428,21.542439,54.608162,99.99999,-13.136727,-8.517783,-11.026567,-87.64007,-27.543474,76.02312,20.54607,-23.504025,-11.623549,8.955758,4.63859,21.442385,-3.7812061,32.101204,-32.929802,0.0,-36.37344,-29.682707,-48.336964,5.3769956,25.876783,0.0
101,2.8558921813964844,-47.86604690551758,93.38026428222656,0.8686885155713295,0.4752786569222353,-32.78204477040103,14.953686,5.5107536,15.784903,-60.0,-14.813121,36.97014,21.283585,55.483196,99.99999,-12.922771,-6.3851733,-11.227911,-88.8651,-27.82093,76.4842,24.548847,-23.386015,-11.024035,9.253261,6.0804663,21.69929,-2.9958959,30.955563,-32.702686,0.0,-36.958225,-29.77459,-49.9347,5.4691296,27.391817,0.0
102,2.9321436882019043,-49.044918060302734,93.08500671386719,1.2352609048914895,0.37758479347115975,-32.88375006913692,15.02719,5.438298,15.893545,-60.0,-15.25551,37.462116,21.035734,56.206306,99.99999,-12.869841,-4.2308125,-11.57031,-89.88206,-28.111666,76.68021,28.553535,-23.439198,-10.385753,9.7966795,7.7009745,21.877264,-2.0130627,29.590874,-32.22873,0.0,-37.39609,-29.743303,-51.46341,5.532424,29.062887,0.0
103,3.038726568222046,-50.30127716064453,92.85633850097656,1.614570081471463,0.2730598506562625,-32.97864463709767,15.079344,5.3491483,15.968003,-60.0,-15.69083,38.480396,20.796041,57.093327,99.99999,-12.613199,-2.3286855,-12.402837,-91.467064,-28.472307,77.255684,32.736443,-22.563251,-9.877045,10.445229,9.491139,22.040869,-0.8970745,27.983057,-31.493086,0.0,-38.056717,-29.968132,-52.425983,6.4826593,30.0,0.0
104,3.181023597717285,-51.62742233276367,92.6845474243164,1.9686631115029265,0.17982535095107668,-33.0430721682008,15.096788,5.2757273,15.928989,-60.0,-16.078087,39.49691,20.596811,57.87714,99.99999,-12.170437,-0.5613075,-13.251164,-92.635216,-28.783386,77.50161,36.85069,-21.490852,-9.329153,10.895531,11.443304,22.251095,0.2838128,26.12467,-30.4906,0.0,-38.888443,-30.457253,-52.566917,8.263671,30.0,0.0
105,3.3645105361938477,-53.009979248046875,92.5543212890625,2.2778591774793715,0.0875147123246461,-33.040359511750324,15.052724,5.2379975,15.760372,-60.0,-16.394724,40.44933,20.438324,58.57033,99.99999,-11.420409,1.0798037,-14.093167,-93.26222,-29.210236,77.20814,40.69972,-20.1231,-8.707275,11.115764,13.70772,22.535625,1.563087,23.786205,-29.119656,0.0,-40.070286,-31.342014,-51.167316,11.206378,30.0,0.0
106,3.5775086879730225,-54.4771842956543,92.43803405761719,2.5586191310987876,-0.048020350966695116,-32.974052131343655,14.94988,5.223645,15.521635,-60.0,-16.659973,41.356537,20.312641,59.18133,99.99999,-10.453595,2.6177833,-14.966755,-93.39879,-29.799967,76.42159,44.290195,-18.553888,-8.020878,11.19272,16.336704,22.86763,2.9672563,21.026701,-27.435074,0.0,-42.484188,-33.1276,-47.866245,16.863214,28.185556,0.0
107,3.8205246925354004,-56.041751861572266,92.32276153564453,2.851139639961008,-0.17539153537660773,-32.920756107384534,14.838118,5.205062,15.226784,-60.0,-16.917439,42.229347,20.210632,59.74364,99.99999,-9.42695,4.003336,-15.8217,-93.19116,-30.574291,75.42353,47.62105,-16.893236,-7.3100634,11.039014,19.074184,23.156809,4.5117817,18.142275,-25.461578,0.0,-44.676296,-34.35268,-44.767838,21.61668,26.41914,0.0
108,4.058906555175781,-57.64433288574219,92.24785614013672,3.187047351078651,-0.25077269005007397,-32.95387999996268,14.7655945,5.1567736,14.892887,-60.0,-17.20933,43.04619,20.125235,60.276287,99.99999,-8.506456,5.2072196,-16.563526,-92.80691,-31.55094,74.51923,50.691856,-15.21985,-6.6260095,10.578603,21.584284,23.339045,6.130429,15.561684,-23.31295,0.0,-46.378414,-35.183315,-43.077534,25.370598,24.262392,0.0
109,4.317087173461914,-59.29084014892578,92.20114135742188,3.5857869939154345,-0.25319918474213715,-33.02772083327254,14.717431,5.0472727,14.497409,-60.0,-17.540594,43.7977,20.062387,60.750813,99.99999,-7.6699724,6.1824584,-17.174208,-92.33375,-32.755867,73.89977,53.61185,-13.165385,-6.0768557,9.699196,23.744493,23.444298,7.703424,13.370025,-20.984198,0.0,-47.394894,-35.93188,-43.343224,28.369207,21.217833,0.0
110,4.553476810455322,-60.9424934387207,92.20231628417969,4.021704742640078,-0.19762273648761297,-33.130001749081735,14.679497,4.897136,14.037618,-60.0,-17.891718,44.491913,20.022135,61.170105,99.99999,-6.8599524,6.959135,-17.683498,-91.768105,-34.195755,73.430595,56.350838,-10.675492,-5.6924143,8.495296,25.653025,23.510647,9.2751045,11.439048,-18.41733,0.0,-47.900383,-36.640957,-44.674416,30.95199,17.58968,0.0
111,4.780938148498535,-62.594825744628906,92.2396469116211,4.4594545090489985,-0.10032876232528785,-33.381550204157726,14.701368,4.7605453,13.564298,-60.0,-18.275402,45.124737,19.989592,61.591816,99.99999,-6.1938405,7.638177,-18.052675,-91.118065,-35.867367,72.895546,58.68165,-8.338973,-5.3553877,7.219242,27.117706,23.52639,10.859128,10.203717,-15.843904,0.0,-48.194485,-37.146526,-46.020138,33.23322,14.051753,0.0
112,5.005371570587158,-64.24671173095703,92.30686950683594,4.8678395272705846,0.0199838635626381,-33.89953430403405,14.832605,4.689337,13.129855,-60.0,-18.70364,45.686466,19.949753,62.072174,99.99999,-5.787271,8.327365,-18.239344,-90.39445,-37.754765,72.0682,60.388443,-6.7687163,-4.8731537,6.138625,27.960102,23.500952,12.525159,10.086976,-13.438565,0.0,-48.611946,-37.324432,-46.51204,35.347477,11.0799675,0.0
113,5.22959566116333,-65.89940643310547,92.39338684082031,5.249259221984136,0.1800133779144889,-34.7264370377007,15.130586,4.7069435,12.719552,-60.0,-19.242258,46.165173,19.898182,62.56804,99.99999,-5.741006,9.020703,-18.16221,-89.60501,-39.85377,70.78391,61.466564,-6.32416,-4.1031537,5.338332,28.240349,23.439983,14.428413,11.06048,-11.221186,0.0,-49.229294,-37.176945,-46.061886,37.347305,8.633825,0.0
114,5.47333288192749,-67.57352447509766,92.50150299072266,5.615431623287432,0.3839323578545655,-35.79361179397168,15.555205,4.778867,12.314624,-60.0,-19.866098,46.562294,19.843042,63.06648,99.99999,-5.9766307,9.677867,-17.846582,-88.7185,-42.157078,69.14234,62.02262,-6.634418,-3.107706,4.7390566,28.129835,23.405546,16.557035,12.815367,-9.029409,0.0,-49.861504,-36.81263,-45.21556,39.22398,6.4097114,0.0
115,5.6984782218933105,-69.23420715332031,92.63583374023438,5.950755360631405,0.5907037996259318,-37.0513983281302,16.0085,4.8715525,11.961939,-60.0,-20.447807,46.892998,19.787954,63.668526,99.99999,-6.339541,10.355095,-17.41589,-87.684555,-44.636753,67.33236,62.01942,-7.2111425,-1.9839187,4.33964,27.717182,23.480953,18.711058,15.229591,-6.7917414,0.0,-50.438656,-36.28553,-44.190865,41.021023,4.3163104,0.0
116,5.915051460266113,-70.89746856689453,92.78652954101562,6.242351506636973,0.7584671299844842,-38.4518510697396,16.39222,4.955527,11.7097,-60.0,-20.861729,47.179226,19.735966,64.47694,99.99999,-6.6732664,11.10992,-17.00348,-86.448555,-47.266674,65.493095,61.411716,-7.6148787,-0.8484041,4.1133814,27.08926,23.723658,20.68598,18.164673,-4.410103,0.0,-50.905346,-35.63708,-43.156685,42.766777,2.294803,0.0
117,6.120466709136963,-72.54400634765625,92.9640884399414,6.495339443646258,0.8755146640700789,-40.05434577768374,16.735138,5.0360603,11.581463,-60.0,-21.06021,47.437775,19.675814,65.627686,99.99999,-6.9772935,11.990588,-16.593163,-84.97332,-50.017776,63.465908,60.108734,-7.867714,0.43271977,4.150669,26.37257,24.188791,23.06395,21.546227,-1.5936198,0.0,-51.357193,-34.924774,-41.979168,44.66073,0.264755,0.0
118,6.312413692474365,-74.18185424804688,93.15299987792969,6.712272943592225,0.9628457926373488,-41.863789317209225,17.072506,5.1278977,11.547904,-60.0,-21.114107,47.66855,19.60933,67.036354,99.99999,-7.3218102,12.948021,-16.131357,-83.24201,-52.9446,61.306293,58.13987,-8.042457,1.8591936,4.4035583,25.677027,24.871775,25.780355,25.267849,1.5758781,0.0,-51.66076,-33.97031,-40.739803,46.365284,-1.6184508,0.0
119,6.509088039398193,-75.80746459960938,93.36256408691406,6.885127525391471,1.0269152052430277,-43.750591255362664,17.314287,5.2223425,11.581339,-60.0,-21.083595,47.863552,19.557327,68.46566,99.99999,-7.656771,13.897999,-15.711384,-81.19415,-56.02206,58.838516,55.703743,-8.3507805,3.1130588,4.83784,24.997185,25.565695,27.626606,29.026745,4.741405,0.0,-51.758556,-32.88218,-39.57723,47.887615,-3.3971543,0.0
120,6.705509185791016,-77.43794250488281,93.59165954589844,7.011831386084486,1.0749915681930784,-45.58277344936859,17.369352,5.3019605,11.652785,-59.095272,-21.07611,48.010597,19.541653,69.68283,99.99999,-7.9298306,14.7577,-15.437616,-78.765816,-59.31583,56.239487,52.956158,-8.646347,3.8645673,5.271946,24.152006,25.933073,27.34615,32.560184,7.597634,0.0,-51.61786,-31.767706,-38.616093,49.248013,-5.1345572,0.0
121,6.913354396820068,-79.06478881835938,93.83357238769531,7.101467581678561,1.084048903324714,-47.35270433971124,17.18988,5.3521276,11.788326,-58.071995,-21.020205,48.100224,19.565794,70.653,99.99999,-8.13894,15.617264,-15.391088,-75.88742,-62.857155,53.49305,49.845886,-8.951714,3.9498234,5.7681065,22.877531,25.627363,23.867228,35.927162,10.20607,0.0,-51.23269,-30.66101,-37.843292,50.45077,-6.842116,0.0
122,7.120335102081299,-80.68252563476562,94.05843353271484,7.161661666025068,1.0555890319910481,-49.12189734946405,16.832563,5.3815346,11.993602,-57.008553,-20.896488,48.13121,19.620447,71.48845,99.99999,-8.305906,16.483786,-15.507066,-72.49346,-66.656944,50.477,46.3447,-9.158368,3.5387359,6.390565,21.276302,24.577358,18.131319,39.235695,12.762607,0.0,-50.68606,-29.529516,-37.144215,51.540794,-8.509634,0.0
123,7.3033318519592285,-82.28109741210938,94.2696762084961,7.185306533224871,1.0321467988668267,-50.86057778396131,16.362812,5.4142447,12.20795,-55.938435,-20.774292,48.105377,19.708612,72.176796,99.99999,-8.405214,17.15663,-15.683379,-68.53354,-70.62215,46.96585,42.773502,-9.143316,2.7960885,7.0457706,19.66196,22.975277,11.942036,42.420544,15.03653,0.0,-50.03467,-28.365225,-36.533882,52.50702,-10.116517,0.0
124,7.46588134765625,-83.85619354248047,94.47303771972656,7.15753158354232,1.058938543819493,-52.53401895638312,15.840832,5.480434,12.366622,-54.89479,-20.716793,48.026638,19.833275,72.70413,99.99999,-8.41673,17.438269,-15.81444,-64.0315,-74.53373,42.82232,39.584698,-8.8277025,1.8920414,7.583142,18.192,21.27841,6.966799,45.455673,16.811615,0.0,-49.34562,-27.163347,-36.00354,53.355503,-11.640822,0.0
125,7.606175422668457,-85.3970718383789,94.67786407470703,7.062705407836861,1.1598140720369112,-54.118750877131454,15.240318,5.5916433,12.434469,-53.911835,-20.750277,47.90753,19.998522,72.98385,99.99999,-8.171229,17.331123,-16.010056,-59.114956,-78.15854,38.184998,37.087097,-8.329758,0.6945595,7.824432,16.786814,19.56939,3.199918,48.364727,17.95674,0.0,-48.6348,-25.911537,-35.581364,54.05914,-13.059383,0.0
126,7.758764743804932,-86.94711303710938,94.87803649902344,6.909137378115129,1.301854962480627,-55.640116700949925,14.539293,5.7276454,12.448319,-52.960064,-20.825241,47.751255,20.205786,73.05583,99.99999,-7.7313313,16.92948,-16.275398,-53.97527,-81.351105,33.348156,35.356827,-7.744576,-0.8114124,7.7420735,15.386108,17.727858,-0.058532164,51.237183,18.501265,0.0,-47.87761,-24.637539,-35.238876,54.676258,-14.424075,0.0
127,7.891188621520996,-88.50706481933594,95.07325744628906,6.718900260925423,1.4508092919900382,-57.13170057763819,13.802192,5.8685303,12.449338,-51.97606,-20.891499,47.543343,20.454868,73.09746,99.99999,-7.430338,16.177372,-16.344646,-48.8244,-84.01045,28.499054,34.448284,-7.056801,-2.2538152,7.4170403,13.949221,16.06811,-2.4438176,54.12644,18.484346,0.0,-47.05536,-23.333334,-34.9423,55.204117,-15.743428,0.0
128,7.987941265106201,-90.07135772705078,95.26936340332031,6.516225994330084,1.5762583677076325,-58.625195638876136,13.094569,5.99304,12.478344,-50.89817,-20.897598,47.26101,20.746284,73.285286,99.99999,-7.5946507,15.019133,-15.969543,-43.853397,-86.096245,23.791466,34.320168,-6.2440076,-3.2717211,6.9838243,12.397172,14.929193,-3.6619322,57.05901,17.987175,0.0,-46.15001,-21.997244,-34.652763,55.630898,-17.02029,0.0
129,8.052909851074219,-91.6441421508789,95.4794921875,6.293484648905475,1.6763622774404097,-60.133534364964305,12.434665,6.1007757,12.548403,-49.729893,-20.834574,46.887314,21.087053,73.66141,99.99999,-8.30187,13.396302,-15.071332,-39.222443,-87.58754,19.2952,34.861237,-5.4868846,-3.7384279,6.4301925,10.630565,14.672669,-3.3395236,60.121212,16.932411,0.0,-45.13846,-20.602156,-34.377678,55.92483,-18.243046,0.0
130,8.07178020477295,-93.21285247802734,95.68635559082031,6.036645894118954,1.764029681804637,-61.64056036125353,11.790086,6.198851,12.639333,-48.499546,-20.722374,46.42424,21.48779,74.13237,99.99999,-9.350245,11.339138,-13.82712,-35.043324,-88.52176,15.0748825,35.9331,-4.9483237,-3.8347762,5.7456007,8.702824,15.167644,-1.8913954,63.257164,15.186716,0.0,-44.047935,-19.140753,-34.126118,56.097343,-19.412224,0.0
131,8.070229530334473,-94.7772445678711,95.89644622802734,5.76466504396217,1.834247601976333,-63.134133582565674,11.150102,6.276622,12.741625,-47.182087,-20.558973,45.87919,21.956186,74.668625,99.99999,-10.635984,8.918662,-12.400433,-31.360832,-89.02005,11.223207,37.410267,-4.4848886,-3.6794193,5.089745,6.74764,15.977227,-0.15902041,66.27703,12.811584,0.0,-42.943825,-17.743116,-33.814472,56.29764,-20.57234,0.0
132,8.047231674194336,-96.34281158447266,96.1028060913086,5.503184199393835,1.8860638777538474,-64.59700654601042,10.500322,6.3188553,12.844493,-45.74911,-20.342312,45.397884,22.494268,75.29457,99.99999,-12.023805,6.199149,-11.071664,-29.077045,-89.12792,8.703351,39.31076,-3.9617817,-3.4009507,4.575635,4.811955,16.592966,1.0927452,69.02053,9.99546,0.0,-41.8236,-16.40484,-33.452934,56.471928,-21.70119,0.0
133,8.009042739868164,-97.91816711425781,96.2984848022461,5.259035682733331,1.9216545996899297,-65.9994909829389,9.839087,6.32499,12.947429,-44.19883,-20.05736,44.660027,23.14642,75.93544,99.99999,-13.646932,3.0407064,-9.406972,-26.438362,-89.10198,5.8405375,41.409847,-3.10228,-2.9660125,4.329594,2.853294,16.93595,1.8215829,71.46351,6.592066,0.0,-40.68247,-15.137505,-33.06275,56.613064,-22.799885,0.0
134,7.952686309814453,-99.47380828857422,96.48220825195312,5.020718088801031,1.9413107511928402,-67.360287649166,9.185009,6.2980943,13.056302,-42.55412,-19.707256,43.920326,23.669222,76.70457,98.60009,-15.37439,0.53166085,-7.3417997,-23.959932,-88.92857,3.1190758,43.73775,-1.9776752,-2.340218,4.252328,0.85050356,17.3001,2.4952796,73.689186,2.6105676,0.0,-39.50635,-13.902162,-32.651085,56.701588,-23.867367,0.0
135,7.890067100524902,-101.03058624267578,96.65279388427734,4.791264539547464,1.946417444073216,-68.72932079716855,8.544328,6.2471504,13.164745,-40.81803,-19.331316,43.299213,24.061846,77.59433,95.99861,-16.9687,-1.1289096,-5.342886,-21.864168,-88.58524,0.6968443,46.212822,-0.7512187,-1.6401975,4.264112,-1.1952683,17.649622,3.0939085,75.70515,-1.4290861,0.0,-38.328617,-12.69237,-32.159645,56.766438,-24.889872,0.0
136,7.83614444732666,-102.57489776611328,96.81157684326172,4.573329888751863,1.9384680607439175,-70.15480662190133,7.9150395,6.1876507,13.266191,-38.990616,-18.972202,42.94693,24.431137,78.50336,93.191765,-18.411472,-2.3264475,-4.1437073,-20.885689,-88.19396,-0.6831889,48.82355,0.56670207,-0.99282324,4.334996,-3.2906928,17.888456,3.5291235,77.52263,-5.0093737,0.0,-37.175205,-11.509483,-31.551695,56.836166,-25.86605,0.0
137,7.7962799072265625,-104.107666015625,96.95806884765625,4.362799249252852,1.9216123621384726,-71.61661771100012,7.286084,6.1290045,13.3574095,-37.556843,-18.717962,42.729973,24.737183,79.07175,90.11452,-20.20239,-2.9713256,-3.7342088,-20.432838,-87.84955,-1.394052,51.608585,2.2366114,-0.3728647,4.5827475,-5.4843,17.940786,3.7175515,79.154915,-8.003934,0.0,-36.048473,-10.343438,-30.83738,56.908302,-26.792147,0.0
138,7.7409162521362305,-105.63218688964844,97.09095764160156,4.161133289501012,1.8949590112150048,-73.09820574865462,6.6542506,6.072568,13.442926,-35.70297,-18.417433,42.612843,24.972393,79.64639,86.937904,-21.846914,-3.4117825,-3.7621508,-20.268412,-87.59473,-2.0311735,54.49298,3.88647,0.32849208,5.0739136,-7.7748694,17.823748,3.7083938,80.59792,-10.653483,0.0,-34.93288,-9.193598,-30.03919,56.969406,-27.669006,0.0
139,7.693044662475586,-107.15454864501953,97.22172546386719,3.978391598916149,1.8539633031021365,-74.65304305571158,6.052054,5.960927,13.528612,-32.887062,-18.007084,41.802635,26.07599,80.96618,84.697495,-22.425625,-3.708728,-3.7969851,-19.075293,-85.85888,-4.8411927,57.00891,4.0747585,0.95383126,4.899218,-10.099467,17.54106,3.567322,81.831375,-12.981365,0.0,-33.83274,-8.061064,-29.114233,57.024548,-28.482862,0.0
140,7.658988952636719,-108.67365264892578,97.3460464477539,3.8262582456912946,1.7943351369472618,-76.3341009015139,5.5107865,5.8601604,13.595587,-30.868635,-17.663065,41.560627,26.431572,81.62879,81.324745,-23.84917,-3.405121,-4.5490823,-18.825733,-85.39582,-5.652435,59.576588,6.112424,1.3605521,5.0550456,-12.399858,17.094048,3.352652,82.854195,-15.011233,0.0,-32.763233,-6.9602027,-28.014807,57.106106,-29.230158,0.0
141,7.643662452697754,-110.17833709716797,97.46917724609375,3.709986271315875,1.7165889567902877,-78.1482619041065,5.037754,5.713446,13.659519,-28.457396,-17.242762,40.70372,27.548563,82.96329,79.03402,-24.011528,-2.920268,-5.4149513,-18.11597,-83.69502,-8.244117,61.542645,6.867144,1.5822244,4.0777035,-14.688295,16.376644,3.0035233,83.64739,-16.661823,0.0,-31.713257,-5.8815556,-26.756287,57.20691,-29.90786,0.0
142,7.640020370483398,-111.67273712158203,97.59538269042969,3.6237323758034408,1.6240128765560102,-80.06757714785181,4.620097,5.5613723,13.709633,-26.14551,-16.808022,40.06274,28.396116,84.193375,76.18829,-24.352074,-1.8084043,-6.893385,-17.795317,-82.48005,-10.225177,63.465603,8.539975,1.6572354,3.1969688,-16.98825,15.384044,2.506039,84.22494,-17.923029,0.0,-30.676437,-4.8246384,-25.366264,57.328064,-30.519402,0.0
143,7.666894912719727,-113.17837524414062,97.71746826171875,3.5637174942835186,1.5184865693705079,-82.09432568166885,4.2389474,5.386654,13.746492,-23.748878,-16.330149,39.2823,29.475758,85.264854,73.57065,-24.55184,-0.6318555,-8.472986,-17.580605,-81.11867,-12.017253,65.04778,10.100369,1.4535025,2.0943422,-19.259417,14.283765,1.9852175,84.60486,-18.908606,0.0,-29.651413,-3.8071241,-23.83751,57.468594,-31.058193,0.0
144,7.697195053100586,-114.67921447753906,97.83135986328125,3.526219538221607,1.4019590085260112,-84.23326016035635,3.8768728,5.192354,13.767304,-21.254124,-15.79898,38.39851,30.792988,85.92737,71.24394,-24.773087,0.25741792,-9.872286,-17.39531,-79.874855,-13.22161,66.250435,11.488005,0.88957006,1.085905,-21.470407,13.25564,1.5571233,84.81086,-19.735912,0.0,-28.637138,-2.8413386,-22.152086,57.625893,-31.512274,0.0
145,7.728575229644775,-116.18484497070312,97.9480209350586,3.5148761146639234,1.26977633712142,-86.50078173189848,3.5398192,4.9748545,13.773096,-18.646967,-15.189691,37.534794,32.316494,86.14648,69.18005,-25.05863,0.8067221,-11.160055,-17.156397,-78.87216,-13.706204,67.11653,12.752496,-0.12324973,0.2548308,-23.631119,12.283335,1.2150433,84.84556,-20.412891,0.0,-27.620617,-1.9248657,-20.318497,57.821587,-31.898659,0.0
146,7.790650367736816,-117.69324493408203,98.06784057617188,3.5316349214334664,1.1247192273889501,-88.89037163839507,3.2336493,4.735978,13.763378,-15.935802,-14.505659,36.66064,34.155674,86.01162,67.50134,-25.362982,1.1663613,-12.459597,-16.807995,-77.98048,-13.77013,67.66111,13.925091,-1.4922342,-0.4883523,-25.753063,11.294891,0.9023708,84.69454,-20.885603,0.0,-26.593813,-1.0483497,-18.355835,58.04959,-32.214447,0.0
147,7.857746124267578,-119.20890808105469,98.19705200195312,3.569858096643939,0.9793062905906217,-91.37334099397951,2.9393039,4.4871674,13.732046,-13.141068,-13.774903,35.725334,36.38092,85.538574,66.314835,-25.748749,1.3665233,-13.667387,-16.32981,-77.147285,-13.63353,67.84787,14.946108,-2.986741,-1.0336841,-27.812605,10.3949375,0.6526687,84.35574,-21.185238,0.0,-25.556679,-0.22515585,-16.280943,58.26739,-32.44693,0.0
148,7.942798614501953,-120.73237609863281,98.33606719970703,3.6217729458692536,0.8457127948043325,-93.9224186787223,2.6374965,4.240037,13.673183,-10.2835455,-13.026699,34.661453,39.02528,84.7373,65.68108,-26.270792,1.4429742,-14.67646,-15.735063,-76.33974,-13.484766,67.64648,15.770849,-4.377507,-1.2791389,-29.789377,9.688114,0.49585298,83.82822,-21.342878,0.0,-24.512722,0.5282028,-14.104141,58.43799,-32.59069,0.0
149,8.03536319732666,-122.27051544189453,98.47822570800781,3.679075577854491,0.7227894586305181,-96.55575141251106,2.326095,4.000479,13.5891695,-7.344542,-12.256588,33.38761,42.08442,83.61212,65.58891,-26.927721,1.3913748,-15.443809,-15.0204,-75.561005,-13.258968,67.00562,16.303871,-5.643263,-1.1477425,-31.70218,9.222001,0.45750207,83.13035,-21.373093,0.0,-23.444628,1.2221764,-11.818428,58.56684,-32.658577,0.0
150,8.138687133789062,-123.819580078125,98.63990783691406,3.7479846364226894,0.6072052030388165,-99.28169231939,2.0142138,3.7620502,13.483485,-4.3195477,-11.448547,31.945353,45.5306,81.81305,66.06622,-28.021511,1.1164877,-16.01262,-14.174328,-74.81507,-12.885793,65.9467,16.614412,-6.8805103,-0.7360817,-33.55767,8.934756,0.5069508,82.257324,-21.263014,0.0,-22.343464,1.8536552,-9.4321785,58.670002,-32.66474,0.0
151,8.245150566101074,-125.38117218017578,98.809814453125,3.8405864942817827,0.5081072176910955,-102.05913096217787,1.6975081,3.5142915,13.34781,-1.2480599,-10.609149,30.208956,49.246918,79.68253,66.939964,-29.051167,0.7977168,-16.530895,-13.221798,-74.066826,-12.51934,64.55273,16.902277,-8.042821,-0.20520833,-35.31098,8.763915,0.5923452,81.166214,-21.007616,0.0,-21.221062,2.3820066,-6.9774613,58.717304,-32.61303,0.0
152,8.361005783081055,-126.95333099365234,98.98359680175781,3.967890815242725,0.4355230304965885,-104.8479088503106,1.3720407,3.2490282,13.176669,1.8293124,-9.757055,28.116198,53.118652,77.166084,68.098854,-29.934797,0.49324405,-17.052448,-12.209966,-73.28275,-12.300581,62.911945,17.352802,-9.083767,0.28929597,-36.918213,8.646909,0.66056144,79.815384,-20.60213,0.0,-20.092659,2.764335,-4.485958,58.681007,-32.51659,0.0
153,8.487940788269043,-128.5452880859375,99.1695556640625,4.130846051303972,0.3975390271188618,-107.65615832884218,1.0329942,2.9622376,12.962696,4.9246035,-8.885336,25.623936,57.05658,74.248245,69.41656,-30.688974,0.27299464,-17.591877,-11.183367,-72.43874,-12.20658,60.9927,18.136963,-9.983902,0.7580098,-38.399563,8.621936,0.74030435,78.2145,-20.13861,0.0,-18.965088,2.9851174,-1.9411938,58.58533,-32.404903,0.0
154,8.61948013305664,-130.16966247558594,99.39049530029297,4.321518866823375,0.3908332461013087,-110.50139281829215,0.6805043,2.6583571,12.713045,8.055599,-7.9950995,22.719028,60.96817,70.89041,70.77036,-31.378757,0.15528737,-18.16037,-10.165359,-71.56337,-12.114317,58.784176,19.11243,-10.772089,1.2602769,-39.765385,8.69606,0.84699225,76.37647,-19.592138,0.0,-17.816988,3.0558228,0.65560436,58.42863,-32.289238,0.0
155,8.758234977722168,-131.8331298828125,99.61791229248047,4.535827861473258,0.40813318963997164,-113.35789712992195,0.3172469,2.3419542,12.44338,11.190999,-7.1168127,19.408136,64.70213,67.18951,71.97974,-31.833054,0.16055918,-18.80816,-9.173326,-70.70118,-12.015,56.411346,19.993334,-11.476775,1.722499,-40.957268,8.762151,0.8961288,74.26466,-18.774076,0.0,-16.626696,2.9685469,3.2495368,58.143322,-32.158836,0.0
156,8.90963077545166,-133.5288543701172,99.86609649658203,4.770220752709735,0.44116491548206355,-116.20003312524426,-0.05340761,2.0193274,12.169724,14.297164,-6.283529,15.742292,68.065506,63.29277,72.81861,-31.865395,0.27474788,-19.539492,-8.215256,-69.89551,-11.917926,53.996147,20.492401,-12.132233,2.0690315,-41.91807,8.719038,0.78808254,71.84213,-17.492512,0.0,-15.379693,2.7104669,5.789736,57.66212,-31.999203,0.0
157,9.046921730041504,-135.25672912597656,100.12974548339844,5.042675122083902,0.4970696353270646,-119.01921118877469,-0.43592843,1.6778964,11.884976,17.363564,-5.5173054,11.815226,70.874565,59.398743,73.048965,-31.101913,0.41028374,-20.194656,-7.298388,-69.17179,-11.827459,51.542496,20.48132,-12.766243,2.2414217,-42.663273,8.570902,0.5385424,69.08377,-15.670678,0.0,-14.110971,2.2393181,8.279349,57.00751,-31.828167,0.0
158,9.17458724975586,-137.02490234375,100.41060638427734,5.346357408113493,0.5796781113642099,-121.83262669181131,-0.8311078,1.3254308,11.585603,20.406551,-4.8027325,7.7562256,73.020195,55.59995,72.55785,-29.69947,0.5289013,-20.703968,-6.4336376,-68.51889,-11.724359,49.01031,20.135208,-13.362865,2.2867494,-43.20559,8.3738365,0.16805044,66.00875,-13.425223,0.0,-12.814105,1.5535533,10.737762,56.187496,-31.656801,0.0
159,9.267522811889648,-138.8143768310547,100.71576690673828,5.64221292523707,0.6718935562666994,-124.65474920989746,-1.2281127,0.99868566,11.292903,23.432627,-4.11763,3.6995616,74.47048,51.904404,71.3911,-28.266993,0.6698356,-21.185133,-5.6272545,-67.924614,-11.596339,46.450695,19.617205,-13.892798,2.2871418,-43.487534,8.122075,-0.43320522,62.64772,-10.851752,0.0,-11.426398,0.69502544,13.144092,55.119167,-31.459047,0.0
160,9.340267181396484,-140.6701202392578,101.05194854736328,5.892693751233074,0.7524386805810453,-127.5008953942097,-1.6148133,0.73275363,11.028633,26.447355,-3.4390996,-0.23848693,75.25301,48.284992,69.667046,-27.418787,0.90636724,-21.768345,-4.8804536,-67.37089,-11.434581,43.912003,19.090288,-14.325834,2.3286119,-43.448215,7.825934,-1.377435,59.02774,-8.05538,0.0,-9.893905,-0.29741934,15.482573,53.721798,-31.206135,0.0
161,9.39500904083252,-142.5576934814453,101.40223693847656,6.090192207561674,0.8054113043087139,-130.35804270433175,-1.9976178,0.5439655,10.800367,29.450872,-2.7358155,-3.995909,75.393486,44.82482,67.500854,-27.264442,1.2841412,-22.48116,-4.1934533,-66.845856,-11.2547655,41.38319,18.515455,-14.625765,2.4032037,-43.040527,7.4748893,-2.7927003,55.03053,-4.8777723,0.0,-8.205213,-1.4159532,17.755064,51.94337,-30.898575,0.0
162,9.411659240722656,-144.49537658691406,101.7597885131836,6.257984086035389,0.83713233670252,-133.22973617346844,-2.3751552,0.41059953,10.595907,32.4379,-2.0288808,-7.540658,74.98074,41.561863,65.00609,-27.50115,1.7137257,-23.192081,-3.5654802,-66.35728,-11.058664,38.84986,17.826916,-14.820449,2.47294,-42.26742,7.155963,-4.607329,50.657623,-1.3784138,0.0,-6.3959703,-2.7036786,19.974646,49.81619,-30.541016,0.0
163,9.383013725280762,-146.4722442626953,102.11726379394531,6.406102404466306,0.8594965123145264,-136.15493508418,-2.7255633,0.30720702,10.4076185,35.408485,-1.372749,-10.836483,74.18091,38.381504,62.320362,-28.11087,2.1123009,-23.83117,-2.992489,-65.9204,-10.821339,36.3536,17.14903,-14.975976,2.5841432,-41.163322,6.999113,-6.6305575,46.123463,2.0432122,0.0,-4.5057755,-4.1950574,22.143394,47.396202,-30.093699,0.0
164,9.282821655273438,-148.4867401123047,102.4815673828125,6.540382329147993,0.8895169791038643,-139.1727747848284,-3.0273242,0.2093317,10.226835,38.36492,-0.8283906,-13.846956,73.16628,35.180153,59.552124,-29.082571,2.4146397,-24.356907,-2.4689689,-65.55458,-10.520742,33.93628,16.606861,-15.158703,2.7844465,-39.791897,7.0793886,-8.662821,41.653423,5.0329585,0.0,-2.5848851,-5.9140377,24.259933,44.73219,-29.506289,0.0
165,9.138373374938965,-150.5259552001953,102.8331298828125,6.64095303502303,0.9144478040482139,-142.31596572026507,-3.2610507,0.11434754,10.069086,41.338673,-0.41857588,-16.55287,71.99683,31.93196,56.755596,-30.6654,2.6266544,-24.791443,-1.9875164,-65.24702,-10.153472,31.609451,16.182686,-15.368341,3.0533044,-38.072845,7.3999596,-10.918601,37.096943,7.5448,0.0,-0.59345716,-7.839721,26.383102,41.705383,-28.764097,0.0
166,8.970497131347656,-152.5990447998047,103.1632080078125,6.710391911591547,0.930062107664724,-145.5598406522631,-3.4423804,0.031388033,9.932963,44.322754,-0.11635799,-18.960033,70.6796,28.713348,53.952736,-32.775726,2.807603,-25.180777,-1.5433365,-64.99074,-9.743155,29.347292,15.825298,-15.576135,3.378717,-36.01436,7.9638515,-13.398424,32.388004,9.772663,0.0,1.4408934,-9.960575,28.48979,38.294952,-27.858826,0.0
167,8.76412296295166,-154.70773315429688,103.47573852539062,6.783560041754224,0.9734991824550476,-148.85774738114722,-3.6034338,-0.045099467,9.783818,47.26282,0.09722989,-21.073988,69.29872,25.566319,51.16804,-34.922947,2.9696314,-25.542255,-1.1364721,-64.81533,-9.305125,27.139822,15.615147,-15.805388,3.8232837,-33.85342,8.743686,-15.52603,27.901703,11.808386,0.0,3.3622205,-12.302139,30.461788,34.69982,-26.745907,0.0
168,8.527762413024902,-156.85299682617188,103.75542449951172,6.892517254318012,1.085462843708174,-152.16403533632092,-3.77745,-0.120646134,9.586621,50.10377,0.24975961,-22.906034,67.94633,22.524315,48.419918,-36.631916,3.1231391,-25.912918,-0.77200705,-64.758545,-8.848189,24.98491,15.641962,-16.081425,4.454138,-31.845165,9.603126,-16.740976,24.070593,13.723907,0.0,5.035972,-14.884178,32.176712,31.106913,-25.373373,0.0
169,8.260272979736328,-159.00900268554688,104.00371551513672,7.086398608929291,1.3059042374413656,-155.49754067578212,-3.962825,-0.25068897,9.296868,52.887558,0.34675613,-24.461317,66.665375,19.565271,45.72624,-37.798237,3.2799168,-26.33906,-0.45552155,-64.81569,-8.360153,22.882414,15.968706,-16.414537,5.293466,-30.10957,10.390549,-16.881496,21.002073,15.852836,0.0,6.4965253,-17.85575,33.784546,27.340675,-23.651592,0.0
170,7.978705406188965,-161.16725158691406,104.220703125,7.325125836911974,1.6147256229004723,-158.8750330010353,-4.1482625,-0.41512263,8.943297,55.62899,0.3856562,-25.745634,65.44103,16.66415,43.063774,-38.6931,3.4435475,-26.818089,-0.18770108,-64.972374,-7.8369217,20.838709,16.54206,-16.785698,6.3110094,-28.56365,11.064989,-16.25833,18.61673,18.012383,0.0,7.8250957,-21.165405,35.252033,23.203272,-21.537077,0.0
171,7.691791534423828,-163.3641815185547,104.4175033569336,7.507454715818995,1.954672562255346,-162.24977507757927,-4.3508797,-0.5044745,8.601978,58.230877,0.38674855,-26.787094,64.251976,13.852494,40.37663,-39.377098,3.6034036,-27.311523,0.03422028,-65.25732,-7.297982,18.856073,17.279835,-17.168558,7.4956045,-27.135578,11.648307,-15.037728,17.04484,19.50995,0.0,9.007585,-24.501263,36.17099,18.90779,-19.065826,0.0
172,7.3776984214782715,-165.5734100341797,104.56884002685547,7.5389877926069655,2.2557903624076863,-165.57707754312236,-4.584763,-0.4107443,8.350639,60.0,0.3725071,-27.483511,63.176167,11.228289,37.561703,-40.01196,3.7727094,-27.80181,0.19140571,-65.669716,-6.7549934,16.94162,18.067492,-17.537096,8.83869,-25.690252,12.218122,-13.360834,16.286394,19.725973,0.0,10.050174,-27.50179,36.137512,14.822412,-16.3387,0.0
173,7.098060131072998,-167.8058319091797,104.74344635009766,7.368657282366433,2.481562065364296,-168.86965521940277,-4.8304725,-0.035248637,8.21718,60.0,0.3853665,-28.168467,61.977604,8.558327,34.756603,-40.27224,3.865063,-28.267696,0.34429172,-66.37537,-6.24967,15.102051,19.081272,-17.911148,10.482583,-24.084408,12.845722,-11.058026,16.439102,18.266714,0.0,10.998754,-30.063948,35.14431,11.17869,-13.345435,0.0
174,6.757472991943359,-170.0495147705078,104.87028503417969,7.059543464395658,2.657498374782689,-172.14938548708167,-5.087913,0.5374807,8.160068,60.0,0.38698605,-28.689695,60.883526,5.8939123,31.93185,-40.35184,3.947668,-28.776402,0.46953824,-67.26047,-5.770692,13.322559,20.261179,-18.275785,12.391613,-22.35648,13.431194,-8.149874,17.36884,15.570471,0.0,11.974041,-32.336803,33.265804,7.711995,-9.970616,0.0
175,6.321877956390381,-172.2882080078125,104.86929321289062,6.694605275065813,2.804619674612198,-175.38598644584033,-5.387555,1.1617975,8.155746,60.0,0.3349304,-29.079805,59.864624,3.2750444,29.071175,-40.366123,3.9892921,-29.22551,0.57161486,-68.2583,-5.2725105,11.566133,21.483225,-18.570192,14.27502,-20.613243,13.825521,-5.0309544,18.648983,12.294058,0.0,11.094616,-33.41069,31.745016,7.382607,-7.826486,0.0
176,5.8329081535339355,-174.50990295410156,104.79257202148438,6.352341425875146,2.9503950367441893,-178.54845501877674,-5.7619667,1.6900384,8.181092,60.0,0.18783246,-29.394817,58.899567,0.72418284,26.173998,-40.43054,3.9751797,-29.518372,0.6522342,-69.276245,-4.7208447,9.796574,22.585733,-18.752655,15.839131,-18.97471,13.955363,-2.027674,19.831133,9.151722,0.0,9.944554,-34.087307,29.295803,7.390013,-5.6947393,0.0
177,5.375512599945068,-176.67625427246094,104.78284454345703,6.035537278232117,3.0837460467080127,178.38361977291171,-6.2383556,2.1084287,8.25861,60.0,-0.0656824,-29.663034,58.034004,-1.8468553,23.199556,-40.641445,3.891384,-29.61339,0.71792805,-70.34615,-4.112772,8.022804,23.548376,-18.810446,17.003414,-17.399256,13.815621,0.86643434,20.790207,6.167505,0.0,8.883715,-34.486988,25.272346,7.338296,-3.3789494,0.0
178,4.938946723937988,-178.7675323486328,104.86701965332031,5.7163685245283915,3.1982498541616757,175.3837542639299,-6.7943583,2.4822674,8.390847,60.0,-0.40926653,-29.907673,57.263805,-4.4642396,20.183687,-40.889347,3.7506983,-29.572641,0.77318007,-71.495605,-3.486052,6.2610784,24.432367,-18.779108,17.925926,-15.8550625,13.455247,3.8607612,21.724058,3.0577438,0.0,7.9804225,-34.677544,19.815205,7.195094,-0.81032103,0.0
179,4.52247953414917,-180.8142852783203,105.00212860107422,5.42314962837499,3.3345105293879507,172.41366817726083,-7.3847394,2.7837856,8.5227165,60.0,-0.84711015,-30.152216,56.561123,-7.019838,17.253283,-41.064083,3.5732934,-29.485413,0.8123339,-72.61053,-2.8729656,4.48929,25.176891,-18.702866,18.671679,-14.480832,12.948082,6.9623475,22.683062,0.087870196,0.0,6.4534597,-34.56777,14.263375,7.8646235,1.3900104,0.0
180,4.064019680023193,-182.8243408203125,105.11170959472656,5.179514674686658,3.5270665951340803,169.43868942561383,-7.967167,2.985065,8.601766,60.0,-1.3796703,-30.44395,55.858017,-9.42092,14.538531,-41.038868,3.3869984,-29.42207,0.8199975,-73.541245,-2.2991393,2.6835098,25.6913,-18.626345,19.309208,-13.376173,12.367747,10.150352,23.69014,-2.4853916,0.0,3.8692994,-34.28203,9.713407,9.712291,2.8320813,0.0
181,3.582136631011963,-184.80645751953125,105.19410705566406,5.000875072153179,3.785244310655543,166.50803396522682,-8.579969,3.0643728,8.616349,60.0,-2.0473776,-30.815325,55.150585,-11.643223,12.050742,-40.707073,3.1870844,-29.429056,0.7749196,-74.252174,-1.7852579,0.8411316,25.840939,-18.563625,19.8286,-12.618048,11.705387,13.516157,24.825594,-4.6479754,0.0,1.3518608,-34.08687,5.1665845,11.115492,4.362793,0.0
182,3.0912113189697266,-186.73480224609375,105.29949951171875,4.864797858116237,4.079102098874043,163.62277370924767,-9.232334,3.042728,8.594464,60.0,-2.837365,-31.294487,54.433235,-13.775494,9.758991,-40.14907,2.9741168,-29.461712,0.6649286,-74.793434,-1.3036386,-1.0169894,25.680368,-18.494518,20.213797,-12.097681,10.964001,17.042553,26.03753,-6.5450644,0.0,-1.2799731,-33.89412,0.5335633,12.586125,5.5760927,0.0
183,2.5931570529937744,-188.6092987060547,105.45964050292969,4.730942809729321,4.389180241467542,160.6757338484546,-9.831814,2.9545543,8.542699,60.0,-3.6727057,-31.88134,53.674965,-15.858571,7.7395215,-39.567623,2.7666085,-29.492472,0.48788983,-75.14186,-0.7986233,-2.88037,25.401064,-18.412388,20.52263,-11.635823,10.223852,20.511984,27.137701,-8.137687,0.0,-3.7217898,-33.59718,-3.880486,13.981656,6.281463,0.0
184,2.048369884490967,-190.41143798828125,105.67164611816406,4.560367077754025,4.709905489655788,157.552109578416,-10.283144,2.8321753,8.4652,60.0,-4.4775443,-32.550007,52.838806,-17.911566,6.0509725,-39.162815,2.5833642,-29.48808,0.24742177,-75.252846,-0.21851055,-4.743989,25.178211,-18.307745,20.816317,-11.092912,9.54793,23.69156,27.959528,-9.37771,0.0,-5.718902,-33.05865,-7.7938933,15.059392,6.603087,0.0
185,1.5094069242477417,-192.150634765625,105.92223358154297,4.349172249274859,5.067291783418737,154.2158398603108,-10.553909,2.6473815,8.337116,60.0,-5.2475686,-33.284256,51.88943,-19.9165,4.6960034,-38.9729,2.4291718,-29.434996,-0.06579763,-75.04491,0.4339078,-6.6353784,24.97496,-18.144161,21.118296,-10.470891,8.960555,26.537079,28.46885,-10.172489,0.0,-7.2515407,-32.126556,-11.190366,15.52854,6.7733054,0.0
186,0.9645365476608276,-193.81658935546875,106.20574951171875,4.107044178454692,5.468180720386496,150.72039969076067,-10.695743,2.3943548,8.161043,60.0,-6.015757,-34.08545,50.827087,-21.851292,3.6431758,-38.902897,2.2966425,-29.347843,-0.46793368,-74.53294,1.1533902,-8.539388,24.702124,-17.934586,21.407974,-9.864748,8.429254,29.15191,28.78193,-10.570581,0.0,-8.513143,-30.841232,-14.219304,15.473763,6.8785386,0.0
187,0.4025680124759674,-195.42674255371094,106.51762390136719,3.821674198944352,5.8792802435476474,147.0798591913538,-10.738431,2.1364686,7.9824433,60.0,-6.760167,-34.93936,49.678947,-23.716698,2.886165,-38.958767,2.1827662,-29.230568,-0.95842713,-73.82686,1.9935887,-10.387172,24.477407,-17.74366,21.672516,-9.289803,7.920253,31.525108,28.966606,-10.725018,0.0,-9.589809,-29.351988,-16.816774,15.18972,6.9230943,0.0
188,-0.15311944484710693,-196.99256896972656,106.84371948242188,3.483938810504883,6.260301405874908,143.3064377466213,-10.711866,1.9371252,7.848407,60.0,-7.461824,-35.818417,48.490715,-25.505445,2.3955853,-39.155254,2.084247,-29.082634,-1.5191045,-73.06427,2.9974718,-12.116603,24.441319,-17.636799,21.890783,-8.750496,7.398137,33.644314,29.077831,-10.793353,0.0,-10.572723,-27.833664,-18.920761,15.09684,6.8561883,0.0
189,-0.7285560965538025,-198.53289794921875,107.18727111816406,3.084622224137523,6.601919901996735,139.3392906038021,-10.592975,1.8151312,7.7742667,60.0,-8.121223,-36.68574,47.27626,-27.184208,2.1528945,-39.597397,2.000291,-28.874172,-2.1304412,-72.251816,4.19232,-13.756404,24.716328,-17.640879,22.02445,-8.221458,6.8637037,35.72095,29.096754,-10.761653,0.0,-11.532658,-26.230013,-20.40646,15.400479,6.5696955,0.0
190,-1.3521368503570557,-200.03475952148438,107.54725646972656,2.6307034771664264,6.914593387152913,135.1856107257258,-10.376449,1.7354103,7.7346115,60.0,-8.750556,-37.51623,46.041885,-28.727346,2.1159256,-40.266808,1.9261615,-28.604263,-2.7840939,-71.344536,5.5430393,-15.317103,25.22434,-17.717968,22.091856,-7.71241,6.3377995,37.691025,29.017124,-10.568876,0.0,-12.421485,-24.448572,-21.340347,15.85262,6.112447,0.0
191,-1.9729448556900024,-201.49124145507812,107.92755126953125,2.142487068599024,7.1856023540447165,130.9566065804913,-10.118583,1.6802299,7.7156143,60.0,-9.345887,-38.29685,44.824715,-30.140804,2.2185316,-40.987225,1.8521961,-28.317684,-3.4692488,-70.41037,6.991071,-16.721333,25.814228,-17.835386,22.150087,-7.2685027,5.8200164,39.13028,28.89684,-10.299064,0.0,-13.137633,-22.63627,-21.965715,16.282946,5.6620994,0.0
192,-2.6121420860290527,-202.89324951171875,108.3028793334961,1.6423438208969163,7.40675968673129,126.76164406592908,-9.875505,1.6323137,7.703624,60.0,-9.902932,-39.02436,43.66961,-31.442402,2.4001489,-41.590607,1.771955,-28.059278,-4.1681533,-69.5512,8.472028,-17.906843,26.361416,-17.96529,22.2402,-6.9326205,5.319361,39.61677,28.79694,-10.034718,0.0,-13.591471,-20.957695,-22.504688,16.569973,5.381424,0.0
193,-3.265533924102783,-204.23512268066406,108.65896606445312,1.1260261411683772,7.567596908142593,122.60513775689206,-9.654388,1.6001145,7.7156076,60.0,-10.4245,-39.693153,42.590485,-32.62336,2.6552248,-42.052055,1.6767064,-27.832666,-4.852852,-68.80626,9.983712,-18.882547,26.924438,-18.12313,22.349592,-6.7172523,4.865648,39.01006,28.767239,-9.766202,0.0,-13.724871,-19.420734,-22.951338,16.787909,5.287229,0.0
194,-3.9160304069519043,-205.51351928710938,108.99066925048828,0.5903840813059501,7.671378265295801,118.42946122529217,-9.427816,1.58876,7.7518587,59.839962,-10.912437,-40.289513,41.58404,-33.671665,2.9805818,-42.45789,1.571192,-27.614914,-5.5004272,-68.15,11.52368,-19.699518,27.56674,-18.320072,22.445925,-6.589531,4.4546127,37.551937,28.774488,-9.459321,0.0,-13.608144,-17.943325,-23.193237,17.0261,5.285145,0.0
195,-4.595498561859131,-206.75350952148438,109.29428100585938,0.06113017841661048,7.736929523912439,114.24845343182531,-9.199505,1.5756928,7.774191,57.84574,-11.357029,-40.809742,40.68366,-34.610905,3.3180954,-42.822315,1.4738399,-27.410782,-6.1034856,-67.589676,13.025113,-20.368862,28.171965,-18.523628,22.537582,-6.520461,4.0426993,35.39568,28.755249,-9.159449,0.0,-13.349992,-16.583586,-23.278927,17.21931,5.359905,0.0
196,-5.290600299835205,-207.92527770996094,109.565185546875,-0.4411351344930447,7.786564993482208,110.07503998382477,-8.975016,1.5378021,7.744631,55.703316,-11.737516,-41.255116,39.930714,-35.47092,3.6094909,-43.168137,1.4023199,-27.222998,-6.664993,-67.13981,14.430941,-20.902742,28.629324,-18.70409,22.629591,-6.477694,3.5863662,32.694164,28.644264,-8.910987,0.0,-13.063915,-15.404313,-23.256037,17.309515,5.4912806,0.0
197,-5.970785617828369,-209.05235290527344,109.80419921875,-0.9094011168728326,7.8250970058734906,105.92170503029213,-8.763706,1.4636576,7.6464577,53.40306,-12.04416,-41.62203,39.33385,-36.27542,3.8553445,-43.498524,1.3700085,-27.062725,-7.182585,-66.81631,15.736357,-21.27902,28.877813,-18.871298,22.71056,-6.4586654,3.0601442,29.155125,28.434326,-8.721292,0.0,-12.718518,-14.4451475,-23.189964,17.307938,5.6454906,0.0
198,-6.654853343963623,-210.11764526367188,110.02178192138672,-1.3586399155940159,7.845124278924559,101.77002536183323,-8.560645,1.3671443,7.502424,50.946186,-12.272125,-41.90799,38.890804,-37.00793,4.059713,-43.806736,1.3659843,-26.92362,-7.6487417,-66.61947,16.959578,-21.520954,28.990791,-19.039736,22.774122,-6.447287,2.4855492,24.818798,28.166418,-8.565134,0.0,-12.283547,-13.671938,-23.030045,17.281487,5.8248305,0.0
199,-7.324470520019531,-211.11903381347656,110.19803619384766,-1.7932106705599171,7.851809954179748,97.58385472800822,-8.349157,1.2628248,7.3343573,48.351498,-12.416473,-42.1135,38.611248,-37.639286,4.180299,-44.08652,1.3678102,-26.78297,-8.066139,-66.53702,18.08258,-21.701092,29.053522,-19.185972,22.836058,-6.405377,1.903608,20.329792,27.845955,-8.441179,0.0,-11.873917,-13.052247,-22.652931,17.261343,6.0582767,0.0
200,-7.975191593170166,-212.0838623046875,110.33859252929688,-2.2217591670218906,7.849495182833584,93.32577013963945,-8.112428,1.1653845,7.164121,45.636696,-12.481888,-42.24142,38.51242,-38.14253,4.1706586,-44.338657,1.353214,-26.617317,-8.44532,-66.5539,19.093401,-21.88581,29.149054,-19.284184,22.916147,-6.319099,1.364809,16.322458,27.469645,-8.35034,0.0,-11.5990505,-12.55322,-21.938787,17.270351,6.3786273,0.0
201,-8.637153625488281,-212.99832153320312,110.44689178466797,-2.6523080530101315,7.850249240998695,88.948071275228,-7.838188,1.0910274,6.9804792,42.805862,-12.43643,-42.286594,38.60459,-38.510616,4.0222416,-44.55791,1.3021278,-26.392246,-8.795193,-66.69377,20.007101,-22.07621,29.267363,-19.320309,23.005651,-6.181338,0.8798842,12.751736,26.966822,-8.302202,0.0,-11.477751,-12.172389,-20.75225,17.300877,6.83267,0.0
202,-9.275951385498047,-213.88491821289062,110.54032135009766,-3.0807288257377334,7.8477894985142305,84.47267319085236,-7.538014,1.0268838,6.777706,39.845554,-12.288953,-42.244244,38.88657,-38.759365,3.7471595,-44.746674,1.2315509,-26.12849,-9.116795,-66.96342,20.82583,-22.248245,29.373602,-19.311375,23.09633,-6.010594,0.43826076,9.343236,26.361591,-8.2954645,0.0,-11.458312,-11.9259,-19.191599,17.361717,7.3837447,0.0
203,-9.907347679138184,-214.73985290527344,110.60939025878906,-3.4924605950150593,7.820234864537935,79.96562953718409,-7.2309237,0.94739085,6.5862136,36.745953,-12.105366,-42.11969,39.35162,-38.895237,3.3400936,-44.912598,1.1730877,-25.886553,-9.411259,-67.31027,21.520668,-22.421839,29.511091,-19.274664,23.214064,-5.860525,0.054448593,6.3774614,25.788427,-8.319643,0.0,-11.53904,-11.80027,-17.490223,17.481974,7.939338,0.0
204,-10.518759727478027,-215.57533264160156,110.64838409423828,-3.8692990472605135,7.749080282102239,75.49240708362514,-6.9360642,0.828294,6.4368877,33.4975,-11.951919,-41.927547,39.993156,-38.928314,2.8024,-45.068592,1.1591089,-25.727001,-9.684107,-67.66033,22.070387,-22.606438,29.712465,-19.222576,23.391272,-5.7995615,-0.26756164,4.1345725,25.395798,-8.364952,0.0,-11.718776,-11.783528,-15.880286,17.687449,8.410816,0.0
205,-11.105695724487305,-216.386962890625,110.66699981689453,-4.197490216264276,7.650253616529854,71.02529213738171,-6.657748,0.6641596,6.3275585,30.092838,-11.834051,-41.67853,40.827633,-38.83308,2.135056,-45.190273,1.2208449,-25.704494,-9.951511,-67.986916,22.47395,-22.81128,29.964134,-19.137667,23.673225,-5.8641887,-0.5433972,2.75901,25.1796,-8.427998,0.0,-12.029589,-11.875853,-14.209536,17.97573,8.745523,0.0
206,-11.671512603759766,-217.1687774658203,110.66152954101562,-4.486657987293015,7.533242113573343,66.53239713454201,-6.385812,0.4675268,6.2459364,26.537235,-11.720906,-41.374577,41.862236,-38.61898,1.3468473,-45.299194,1.3338994,-25.77268,-10.2264805,-68.302536,22.759165,-23.010546,30.240938,-19.01396,24.036192,-6.0282044,-0.7799928,2.0736985,25.069376,-8.5132065,0.0,-12.462731,-12.072779,-12.419555,18.318956,9.009724,0.0
207,-12.223919868469238,-217.91831970214844,110.6498031616211,-4.745318188984381,7.3714219326623,62.073339666554446,-6.116981,0.24171555,6.207949,22.837236,-11.60678,-41.008762,43.03991,-38.33935,0.4752933,-45.44154,1.4412537,-25.84446,-10.508432,-68.58684,22.952406,-23.159573,30.56486,-18.882185,24.40844,-6.268308,-0.9678178,1.8772893,25.1193,-8.627344,0.0,-12.959209,-12.366103,-10.879721,18.717743,9.287332,0.0
208,-12.761187553405762,-218.64004516601562,110.6231460571289,-4.97708843683469,7.137578240842177,57.709942618150976,-5.8477407,-0.00930745,6.2292547,18.997412,-11.484256,-40.582623,44.29032,-38.044765,-0.4357285,-45.654152,1.4897345,-25.83586,-10.788588,-68.81422,23.073183,-23.214722,30.95364,-18.770868,24.723467,-6.555084,-1.096643,1.9685374,25.37891,-8.775573,0.0,-13.461467,-12.757165,-9.959937,19.182411,9.655163,0.0
209,-13.279214859008789,-219.335693359375,110.5730209350586,-5.166186768302566,6.825679807939139,53.43676991109086,-5.5666194,-0.29529977,6.3281474,14.96359,-11.375108,-40.108116,45.586403,-37.742332,-1.3640293,-45.96087,1.463254,-25.716654,-11.063498,-68.95945,23.104757,-23.16208,31.423811,-18.681719,24.977924,-6.916573,-1.1597595,2.4712286,25.898832,-8.963492,0.0,-13.973127,-13.29124,-9.82543,19.747759,10.23726,0.0
210,-13.772416114807129,-220.01873779296875,110.5111083984375,-5.306538391273262,6.456101618636315,49.217530954301616,-5.2777147,-0.6130325,6.4924064,10.745937,-11.26176,-39.59891,46.94051,-37.40247,-2.3053033,-46.326824,1.3925698,-25.53878,-11.337405,-69.031685,23.04613,-23.020596,31.956026,-18.598389,25.207088,-7.351474,-1.1572405,3.4305437,26.634874,-9.192022,0.0,-14.513687,-13.965342,-10.253602,20.402782,10.952742,0.0
211,-14.216512680053711,-220.67137145996094,110.43342590332031,-5.4133982201343525,6.038162318885545,45.07199018972067,-5.000767,-0.9396045,6.691253,6.4431415,-11.0764885,-39.054546,48.32826,-37.02032,-3.2368605,-46.684032,1.2905334,-25.342926,-11.608982,-69.05318,22.943363,-22.79754,32.512512,-18.527328,25.39842,-7.788063,-1.0922971,4.5266423,27.501163,-9.461073,0.0,-15.0357065,-14.716165,-11.04464,21.072573,11.585096,0.0
212,-14.635878562927246,-221.29356384277344,110.33316802978516,-5.504877390012883,5.578133927587711,41.02311057437268,-4.756398,-1.2522769,6.8931575,2.1531034,-10.760856,-38.478443,49.725822,-36.59233,-4.139856,-46.968037,1.176715,-25.169184,-11.872014,-69.053154,22.838055,-22.504732,33.058388,-18.475801,25.537823,-8.162174,-0.974297,5.4399886,28.422588,-9.768237,0.0,-15.497896,-15.47123,-11.996891,21.686668,11.91187,0.0
213,-15.026588439941406,-221.88949584960938,110.20899963378906,-5.57967265110029,5.064185212756131,37.09286919700478,-4.5586877,-1.5512917,7.1054173,-2.1550272,-10.288216,-37.869415,51.116936,-36.124958,-4.995145,-47.12762,1.0368044,-25.024532,-12.117293,-69.03478,22.72364,-22.132166,33.650322,-18.462254,25.600477,-8.503844,-0.7849878,6.102146,29.463253,-10.11253,0.0,-15.851381,-16.245115,-13.191815,22.223372,11.785502,0.0
214,-15.376433372497559,-222.45152282714844,110.07203674316406,-5.624909101898512,4.4974865377794915,33.25517316410786,-4.3941264,-1.8456175,7.339293,-6.519897,-9.697891,-37.242493,52.516644,-35.618866,-5.8141637,-47.216957,0.87433356,-24.889278,-12.339434,-68.99326,22.574516,-21.68535,34.288834,-18.480808,25.599567,-8.83054,-0.5194425,6.675014,30.637829,-10.496146,0.0,-16.120537,-17.068378,-14.703552,22.730354,11.340649,0.0
215,-15.684459686279297,-222.9713134765625,109.91170501708984,-5.642456541085704,3.9023598697799162,29.463828520303398,-4.2410564,-2.1287882,7.568639,-10.854416,-9.039911,-36.585094,53.895515,-35.06495,-6.5931087,-47.266502,0.707564,-24.765942,-12.5366745,-68.95929,22.397333,-21.20242,34.866066,-18.50299,25.577475,-9.053973,-0.21638574,7.1899757,31.777884,-10.912367,0.0,-16.386396,-17.88427,-16.313526,23.242353,10.781028,0.0
216,-15.945371627807617,-223.455078125,109.7479248046875,-5.635806260252003,3.30349685335579,25.672815732466216,-4.079168,-2.3929305,7.7671022,-15.066164,-8.373583,-35.89754,55.237892,-34.449085,-7.3391857,-47.32746,0.5716481,-24.656256,-12.707725,-68.97376,22.202765,-20.726374,35.28366,-18.502373,25.570984,-9.090528,0.07973611,7.6822534,32.723057,-11.357979,0.0,-16.735403,-18.635775,-17.792404,23.785013,10.319943,0.0
217,-16.148847579956055,-223.90225219726562,109.5798110961914,-5.596209005666812,2.686384660531655,21.870690493685945,-3.8998168,-2.6461291,7.9353456,-19.186232,-7.6979012,-35.188442,56.527626,-33.770184,-8.0324135,-47.382362,0.4816006,-24.570038,-12.845279,-69.06745,21.995209,-20.259798,35.54596,-18.469868,25.609108,-8.888313,0.33646333,8.058776,33.413685,-11.840836,0.0,-17.167772,-19.346231,-19.117445,24.343124,10.00186,0.0
218,-16.308996200561523,-224.3266143798828,109.40038299560547,-5.521392922055698,2.0471935100592384,18.07274744123468,-3.7144697,-2.8893883,8.084614,-23.241701,-7.013233,-34.454273,57.759594,-33.03996,-8.663762,-47.402344,0.4149585,-24.503845,-12.940034,-69.23164,21.76074,-19.79275,35.71012,-18.425646,25.659529,-8.504846,0.5824102,8.337621,33.941063,-12.356434,0.0,-17.649067,-20.035542,-20.394312,24.911297,9.719984,0.0
219,-16.415279388427734,-224.73843383789062,109.2225570678711,-5.430675321042559,1.4250134595088575,14.27459071391225,-3.53546,-3.10378,8.203987,-27.13194,-6.377737,-33.698467,58.946526,-32.26921,-9.258026,-47.4402,0.3616224,-24.436909,-12.991101,-69.44123,21.486322,-19.344284,35.741558,-18.384308,25.6707,-8.016992,0.8587024,8.723236,34.366455,-12.87955,0.0,-18.225206,-20.634275,-21.57426,25.531673,9.469619,0.0
220,-16.46756362915039,-225.1426239013672,109.05757141113281,-5.347486833685396,0.8565259142549441,10.472182307902157,-3.3744912,-3.2710435,8.28226,-30.758436,-5.8378134,-32.92148,60.103176,-31.469843,-9.839327,-47.54895,0.30693197,-24.348251,-13.005969,-69.66479,21.164375,-18.927792,35.604088,-18.35859,25.592682,-7.5010557,1.2031314,9.4206295,34.75675,-13.388466,0.0,-18.951538,-21.080261,-22.603008,26.256922,9.242644,0.0
221,-16.479454040527344,-225.53138732910156,108.8958969116211,-5.297667060042881,0.3484828200932579,6.6247619204601245,-3.2187035,-3.365585,8.306767,-34.114155,-5.417388,-32.117935,61.228313,-30.641071,-10.39415,-47.78553,0.23207538,-24.200321,-12.998361,-69.89902,20.791811,-18.555822,35.15608,-18.344818,25.380926,-6.9577885,1.6343354,10.495302,35.110573,-13.902223,0.0,-19.886066,-21.339249,-23.46066,27.092884,9.061806,0.0
222,-16.45273208618164,-225.92832946777344,108.7464599609375,-5.26839390752213,-0.12276654938551866,2.7394838349360597,-3.067398,-3.4047058,8.285738,-37.24831,-5.089151,-31.281425,62.32075,-29.775713,-10.918957,-48.11005,0.1460626,-24.014793,-12.975202,-70.14907,20.384508,-18.208729,34.455593,-18.33235,25.074316,-6.348011,2.1195343,11.837824,35.400734,-14.42131,0.0,-20.995226,-21.451265,-24.175144,28.014378,8.927973,0.0
223,-16.397064208984375,-226.34487915039062,108.61185455322266,-5.229875110066804,-0.5642145125109422,-1.1146764284911947,-2.9524045,-3.4333587,8.239759,-40.146297,-4.8095717,-30.433374,63.385612,-28.88477,-11.444748,-48.42886,0.087113485,-23.856117,-12.934835,-70.38357,19.968355,-17.85082,33.759518,-18.32413,24.747711,-5.6801577,2.6176875,13.392932,35.646305,-14.892909,0.0,-22.192602,-21.452759,-24.769697,29.017582,8.805925,0.0
224,-16.308481216430664,-226.78219604492188,108.4872817993164,-5.1518453344342845,-0.9789782506876761,-4.868260519326712,-2.9022496,-3.4987504,8.189494,-42.79596,-4.5270677,-29.5798,64.45026,-27.977468,-12.0094185,-48.658348,0.07542295,-23.79068,-12.872154,-70.55968,19.564085,-17.439304,33.317318,-18.326004,24.48195,-4.9635344,3.087675,15.105772,35.8649,-15.264946,0.0,-23.387686,-21.377945,-25.27028,30.092524,8.661806,0.0
225,-16.17403793334961,-227.23431396484375,108.38298797607422,-5.030929056632195,-1.361085804790147,-8.537313835290618,-2.9092195,-3.6157238,8.139223,-45.247944,-4.2500324,-28.73763,65.534386,-27.047525,-12.632319,-48.74779,0.13748857,-23.854687,-12.788617,-70.657776,19.176249,-16.977087,33.22383,-18.341331,24.300549,-4.197498,3.533062,17.111067,36.06598,-15.539185,0.0,-24.613846,-21.216328,-25.637291,31.27425,8.4462,0.0
226,-16.008668899536133,-227.7194061279297,108.30313873291016,-4.886918258172217,-1.7082957637205116,-12.156164087056162,-2.9624345,-3.759756,8.077832,-47.497154,-3.9849958,-27.910831,66.62947,-26.106161,-13.285609,-48.76069,0.24819575,-24.004274,-12.689925,-70.68826,18.794928,-16.47505,33.326275,-18.36571,24.1661,-3.3715448,3.9554038,19.393707,36.237595,-15.737171,0.0,-25.911133,-20.949165,-25.876583,32.55823,8.192596,0.0
227,-15.807294845581055,-228.2128143310547,108.24455261230469,-4.724669255906056,-2.026768465731454,-15.680492026908462,-3.0888805,-3.9164584,8.002949,-49.44302,-3.6873465,-27.09664,67.70602,-25.184402,-13.938944,-48.77663,0.37000033,-24.183643,-12.574854,-70.657074,18.417532,-15.907518,33.502098,-18.395277,24.070095,-2.487488,4.3179116,21.670574,36.363747,-15.836698,0.0,-27.19087,-20.599394,-26.083311,33.863342,7.9924164,0.0
228,-15.561842918395996,-228.73072814941406,108.2086181640625,-4.549867893931997,-2.3238809911589593,-19.061849088368422,-3.3177798,-4.069713,7.912239,-50.981804,-3.3190365,-26.296057,68.721634,-24.315136,-14.5603895,-48.864544,0.47207266,-24.337831,-12.436928,-70.572495,18.035557,-15.251093,33.626297,-18.424809,24.00561,-1.5532624,4.5941677,23.655128,36.423332,-15.81201,0.0,-28.355022,-20.191986,-26.355862,35.09716,7.943152,0.0
229,-15.282423973083496,-229.26185607910156,108.1936264038086,-4.3621057084992785,-2.604042361114893,-22.276755674169358,-3.67435,-4.226736,7.8104286,-52.121124,-2.8601248,-25.513369,69.67626,-23.500511,-15.154811,-49.028465,0.56238973,-24.468447,-12.269606,-70.43222,17.640745,-14.510575,33.69674,-18.452337,23.99641,-0.57046026,4.7798376,25.266376,36.407,-15.6661825,0.0,-29.418118,-19.749565,-26.685244,36.320805,8.096078,0.0
230,-14.978199005126953,-229.8258819580078,108.20404052734375,-4.163845434240783,-2.8630981709327137,-25.360005893985672,-4.138273,-4.390678,7.6957846,-52.907436,-2.3388588,-24.75591,70.57688,-22.73202,-15.734412,-49.222874,0.6574239,-24.601553,-12.068801,-70.23645,17.228321,-13.699235,33.76992,-18.481096,24.039803,0.45679936,4.8944697,26.656303,36.324383,-15.407188,0.0,-30.415653,-19.248634,-27.039944,37.53731,8.3979,0.0
231,-14.624434471130371,-230.4420928955078,108.25076293945312,-3.9627971607036567,-3.0967466647150452,-28.348232999582333,-4.667265,-4.5404563,7.556621,-53.29447,-1.7891046,-24.02418,71.40455,-22.022715,-16.285208,-49.45051,0.7370546,-24.722641,-11.828219,-70.00101,16.791702,-12.807755,33.812763,-18.514196,24.087748,1.5107838,4.953671,27.887053,36.19242,-15.022915,0.0,-31.283695,-18.654734,-27.473185,38.576603,8.786537,0.0
232,-14.238903045654297,-231.08872985839844,108.31654357910156,-3.767111295741863,-3.3007677128068225,-31.275351169310493,-5.219588,-4.654636,7.382212,-53.233807,-1.2478536,-23.320515,72.12358,-21.38871,-16.788313,-49.699226,0.78616554,-24.81804,-11.538463,-69.74392,16.323698,-11.828855,33.797043,-18.556087,24.089994,2.5764449,4.972113,29.022015,36.02669,-14.500358,0.0,-31.954481,-17.939648,-28.036026,39.2711,9.194745,0.0
233,-13.830039978027344,-231.77667236328125,108.40525817871094,-3.595734440628302,-3.4645147235523615,-34.13840928152708,-5.798187,-4.7077847,7.1612897,-52.65367,-0.70637345,-22.648996,72.71049,-20.854168,-17.234951,-49.988636,0.77877223,-24.857105,-11.186722,-69.46431,15.819505,-10.758267,33.68202,-18.611244,24.022627,3.67825,4.9530377,30.069702,35.766327,-13.857437,0.0,-32.416595,-17.066269,-28.7162,39.572163,9.599142,0.0
234,-13.38762378692627,-232.51797485351562,108.52995300292969,-3.4422328029707847,-3.596984204889221,-36.92651551353697,-6.420248,-4.716142,6.903646,-51.60088,-0.15703167,-22.0173,73.17522,-20.414888,-17.637264,-50.301846,0.7375872,-24.860683,-10.763738,-69.15924,15.264888,-9.609058,33.49596,-18.676924,23.917776,4.811886,4.892658,31.000284,35.42586,-13.093535,0.0,-32.703957,-16.062029,-29.48816,39.566097,10.036266,0.0
235,-12.934331893920898,-233.29493713378906,108.6725845336914,-3.275226248176242,-3.72103731872345,-39.65936173720913,-7.0657334,-4.7212887,6.6301527,-50.204506,0.36411548,-21.43337,73.54036,-20.044752,-18.009563,-50.57877,0.7184869,-24.8921,-10.266405,-68.847946,14.641049,-8.399189,33.314262,-18.747364,23.808477,5.925077,4.794241,31.824749,35.127857,-12.1675205,0.0,-32.81663,-14.994643,-30.377682,39.292747,10.527338,0.0
236,-12.464699745178223,-234.12535095214844,108.83220672607422,-3.061696382580248,-3.8558874294002226,-42.35612174408971,-7.7149816,-4.7655215,6.360065,-48.591125,0.82401013,-20.904402,73.82894,-19.71744,-18.3645,-50.761047,0.77606535,-25.012516,-9.695554,-68.55102,13.937706,-7.145941,33.21709,-18.819416,23.724852,6.9630165,4.665505,32.555264,35.002956,-11.041726,0.0,-32.755974,-13.930932,-31.40904,38.793728,11.09308,0.0
237,-11.981385231018066,-235.0059051513672,109.00891876220703,-2.802848012759386,-3.987938608808923,-45.03599408750437,-8.347928,-4.8338947,6.086986,-46.71548,1.209985,-20.436914,74.02905,-19.431452,-18.702755,-50.82047,0.9207514,-25.243979,-9.048319,-68.26855,13.163028,-5.836035,33.270885,-18.90139,23.680754,7.967275,4.501146,33.374916,34.99636,-9.67069,0.0,-32.522583,-12.821809,-32.575886,37.990376,11.74031,0.0
238,-11.50144100189209,-235.93096923828125,109.19953918457031,-2.5134342355199086,-4.109998622243518,-47.687271622513485,-8.980226,-4.9120893,5.803535,-44.535126,1.5426558,-20.036112,74.13248,-19.211725,-19.01798,-50.78959,1.1255985,-25.55216,-8.3207855,-67.98882,12.318324,-4.467259,33.418827,-18.994272,23.658867,8.948846,4.3073635,34.2255,35.072,-8.087218,0.0,-32.1225,-11.642273,-33.855774,36.88787,12.458028,0.0
239,-11.005109786987305,-236.9109344482422,109.39057159423828,-2.176900979519444,-4.247457338721629,-50.281380129407346,-9.646863,-5.0447936,5.5251384,-42.180332,1.8422766,-19.70236,74.18052,-19.0654,-19.316391,-50.71223,1.3849901,-25.913023,-7.5168467,-67.71831,11.386386,-3.0729754,33.555275,-19.084305,23.64371,9.815265,4.107996,34.762302,35.37079,-6.359425,0.0,-31.56571,-10.496422,-35.25244,35.664276,13.235256,0.0
240,-10.537065505981445,-237.92169189453125,109.57247924804688,-1.7741174412532728,-4.424164483243956,-52.790042282789315,-10.383518,-5.277185,5.265271,-39.780205,2.1272016,-19.425825,74.234505,-18.98986,-19.612045,-50.648678,1.6881148,-26.299189,-6.64606,-67.46987,10.353284,-1.6851169,33.578636,-19.157507,23.61824,10.474254,3.9196017,34.627792,36.02769,-4.572102,0.0,-30.862314,-9.4935465,-36.772224,34.512627,14.056247,0.0
241,-10.074878692626953,-238.97946166992188,109.73771667480469,-1.2999678172185567,-4.641239940887721,-55.215789040218944,-11.207756,-5.625813,5.0295153,-37.320473,2.4146256,-19.191132,74.32616,-18.9621,-19.914967,-50.62459,2.078853,-26.754286,-5.720407,-67.21976,9.216736,-0.29643726,33.419098,-19.211071,23.550777,10.922563,3.7618823,33.76366,37.095005,-2.7028162,0.0,-29.913,-8.672467,-38.885807,33.363575,15.056825,0.0
242,-9.623787879943848,-240.09243774414062,109.87564086914062,-0.7590346417176188,-4.879927074738333,-57.57440274298173,-12.099532,-6.0667963,4.8028746,-34.746716,2.692716,-18.984749,74.44486,-18.971355,-20.230928,-50.622097,2.5395856,-27.270994,-4.7467756,-66.959305,7.99307,1.1121963,33.137836,-19.251493,23.462172,11.198657,3.5851767,32.329624,38.46979,-0.7149471,0.0,-28.757328,-7.947035,-41.425488,32.171986,16.19661,0.0
243,-9.173908233642578,-241.2410430908203,109.97238159179688,-0.14708483372980322,-5.1372034365303865,-59.85640013458729,-13.038057,-6.583756,4.566384,-32.127235,2.9345448,-18.796228,74.58431,-19.029749,-20.567923,-50.635036,2.968696,-27.74524,-3.7261455,-66.73454,6.6965055,2.5278542,32.838818,-19.280956,23.411062,11.275806,3.2894688,30.29711,40.048756,1.3432646,0.0,-27.59466,-7.286255,-43.455696,31.172592,17.184998,0.0
244,-8.720584869384766,-242.42584228515625,110.01583099365234,0.5381650503824168,-5.409912567532556,-62.05082569282866,-14.0025425,-7.1592727,4.3023477,-29.529345,3.1122622,-18.617552,74.74062,-19.151545,-20.933382,-50.662052,3.2642028,-28.072214,-2.6533778,-66.60673,5.3396664,3.9364436,32.638145,-19.304165,23.4524,11.132308,2.7754862,27.64792,41.74325,3.422799,0.0,-26.604208,-6.7070155,-44.05489,30.59955,17.72466,0.0
245,-8.272165298461914,-243.63133239746094,109.99751281738281,1.3510622600142823,-5.722574791770158,-64.1205080404045,-15.018267,-7.851793,3.9963362,-26.958273,3.244166,-18.437006,74.92285,-19.359476,-21.331635,-50.733875,3.37798,-28.193583,-1.5193657,-66.58991,3.9141536,5.37105,32.578285,-19.3191,23.611761,10.695022,1.8012204,23.742647,43.610477,5.4239526,0.0,-25.863935,-6.325126,-42.732674,30.683794,17.892395,0.0
246,-7.821103096008301,-244.88812255859375,109.91143798828125,2.2758132116539493,-6.060379727630916,-66.08761716426952,-16.089,-8.647898,3.6491988,-24.379768,3.3367076,-18.246223,75.13528,-19.623117,-21.76342,-50.842434,3.370976,-28.176659,-0.3233179,-66.66589,2.4100602,6.8321137,32.600235,-19.326635,23.855862,10.053862,0.3585649,18.839552,45.66404,7.442926,0.0,-25.249575,-6.074005,-40.072475,31.21954,17.852766,0.0
247,-7.351921558380127,-246.16189575195312,109.75422668457031,3.215994630939955,-6.372670264495712,-68.02929762762642,-17.159027,-9.422421,3.276478,-21.799658,3.3421626,-18.046488,75.368965,-19.878916,-22.230455,-50.934055,3.305299,-28.106169,0.9250889,-66.841255,0.84865177,8.261483,32.67301,-19.335672,24.145866,9.413473,-1.1817148,14.285872,47.7531,9.66851,0.0,-24.626226,-5.7514777,-36.796757,31.83558,17.377254,0.0
248,-6.851357936859131,-247.4506072998047,109.50204467773438,4.065758923148054,-6.617282836171451,-70.01893219124362,-18.168829,-10.052144,2.9061596,-19.223705,3.2147381,-17.847097,75.60982,-20.072186,-22.73088,-50.954906,3.2446258,-28.066177,2.2090726,-67.12675,-0.7324682,9.603767,32.77527,-19.355782,24.438948,8.881458,-2.2803364,11.392163,49.7298,12.245626,0.0,-23.846268,-5.243164,-33.640163,32.20055,16.161097,0.0
249,-6.374423980712891,-248.74209594726562,109.17953491210938,4.830539613576705,-6.800396747382818,-72.02870284122105,-19.116274,-10.528588,2.525919,-16.678986,2.9530091,-17.65686,75.84987,-20.218077,-23.273834,-50.897125,3.1926308,-28.064028,3.5273008,-67.567024,-2.2752328,10.89256,32.990223,-19.401497,24.737263,8.4407,-2.6382084,10.672325,51.51181,15.777388,0.0,-22.773914,-4.5934615,-30.546667,32.180542,13.737966,0.0
250,-5.943839073181152,-249.98779296875,108.80074310302734,5.543014088442163,-6.943977166654909,-74.03403420962425,-20.023441,-10.903902,2.1382794,-14.151591,2.5843577,-17.479208,76.09112,-20.345205,-23.850388,-50.784065,3.1219778,-28.0623,4.8750987,-68.14365,-3.7855868,12.1634245,33.312077,-19.463787,25.053257,7.9737024,-2.3174264,11.530977,53.26125,20.110018,0.0,-21.500818,-3.9161565,-27.249327,31.991156,10.351611,0.0
251,-5.57022762298584,-251.21795654296875,108.38975524902344,6.150074611549712,-7.037602906764554,-76.10638192804689,-20.870378,-11.160252,1.7995212,-11.584177,2.1043406,-17.318834,76.324524,-20.428238,-24.428007,-50.60214,3.0488477,-28.07413,6.2200303,-68.76249,-5.3185525,13.365088,33.572258,-19.51572,25.362114,7.446165,-1.3861209,13.36673,55.10039,24.152454,0.0,-20.180912,-3.2223098,-24.155766,31.759644,6.741717,0.0
252,-5.249390602111816,-252.4127655029297,107.94967651367188,6.596191023349112,-7.07628289144323,-78.32356282024632,-21.634016,-11.282562,1.5694978,-8.91638,1.4967713,-17.180782,76.54159,-20.44114,-24.97527,-50.338768,2.9901395,-28.112629,7.511965,-69.312546,-6.925374,14.44427,33.586304,-19.531082,25.639572,6.8046117,-0.14389239,15.263684,57.169064,26.550434,0.0,-19.017673,-2.4759784,-21.617973,31.682005,3.6381898,0.0
253,-4.9679765701293945,-253.5785675048828,107.5067367553711,6.800131159557048,-7.0592143538400185,-80.67523709233562,-22.314428,-11.210948,1.4889032,-6.135979,0.6834868,-17.075808,76.742386,-20.364712,-25.504906,-49.940598,2.9540005,-28.187668,8.712772,-69.81899,-8.615658,15.437325,33.210175,-19.50057,25.903526,6.0118403,1.3655118,16.977478,59.64825,26.394264,0.0,-18.052559,-1.5771656,-19.91756,31.786364,1.1690867,0.0
254,-4.706413269042969,-254.69412231445312,107.0750961303711,6.808402799970443,-7.0066430886987545,-83.13412691599817,-22.919071,-10.979514,1.5294446,-3.266815,-0.31734514,-17.009157,76.93454,-20.225054,-26.025625,-49.435894,2.9298954,-28.288815,9.807966,-70.31011,-10.3187275,16.383406,32.564,-19.441357,26.155191,5.1512437,3.2091582,18.80786,62.4141,24.418442,0.0,-17.194141,-0.5519796,-18.760286,31.992424,-1.0488174,0.0
255,-4.4327874183654785,-255.7823486328125,106.65168762207031,6.757149455190489,-6.9400339767370625,-85.75399294556345,-23.437252,-10.714691,1.6436645,-0.3016753,-1.3798839,-16.976717,77.090004,-20.078894,-26.493242,-48.90371,2.9076488,-28.393974,10.781577,-70.67086,-11.981964,17.202356,31.849068,-19.362526,26.348269,4.2985916,5.1153126,20.566702,65.12516,21.62587,0.0,-16.467688,0.4785843,-17.60612,32.369144,-3.045809,0.0
256,-4.151174068450928,-256.8403625488281,106.25362396240234,6.785561913178433,-6.868244228364826,-88.58846075442406,-23.858269,-10.540195,1.7780045,2.7649548,-2.374219,-16.970293,77.18368,-19.972126,-26.865944,-48.43197,2.881756,-28.486343,11.619044,-70.77289,-13.573577,17.786934,31.24071,-19.268229,26.443241,3.4746826,6.7779245,22.04969,67.45358,19.04214,0.0,-15.902853,1.391848,-15.927199,32.98757,-4.843432,0.0
257,-3.878641128540039,-257.8713073730469,105.90144348144531,6.937010819084669,-6.775871725045168,-91.68808304366308,-24.175299,-10.493867,1.9142697,5.9658513,-3.2716365,-16.99043,77.189156,-19.901329,-27.137268,-47.95605,2.8569424,-28.580484,12.292236,-70.555,-15.159224,18.058733,30.69231,-19.13254,26.413261,2.6435702,8.101756,23.27772,69.324455,16.849705,0.0,-15.56997,2.1670175,-13.525154,33.95574,-6.4146833,0.0
258,-3.6051816940307617,-258.86077880859375,105.5947265625,7.134547665678318,-6.654387994262995,-95.01349825375299,-24.39556,-10.507562,2.0797496,9.29179,-4.1509233,-17.045357,77.109604,-19.851126,-27.323124,-47.447796,2.8405583,-28.683142,12.789686,-70.08158,-16.720892,18.059782,30.124588,-18.956083,26.287514,1.800775,9.25732,24.407911,70.90406,14.545979,0.0,-15.433421,2.9050791,-10.703984,35.218876,-7.762873,0.0
259,-3.338397264480591,-259.82672119140625,105.3177261352539,7.337691426178431,-6.516041553380761,-98.4848134361118,-24.530867,-10.543328,2.2865465,12.681157,-5.026783,-17.135807,76.95683,-19.857134,-27.413933,-47.040592,2.8286746,-28.762003,13.133881,-69.4432,-18.112358,17.862875,29.67995,-18.782051,26.112917,0.95483273,10.297006,25.378456,72.237595,12.154517,0.0,-15.3626,3.6592834,-7.6971517,36.595894,-8.945289,0.0
260,-3.0665881633758545,-260.7822265625,105.07047271728516,7.508584135449356,-6.378201223151326,-102.02595549475306,-24.593058,-10.563436,2.5466766,16.068178,-5.8976784,-17.253744,76.769196,-19.935858,-27.408583,-46.89324,2.8153958,-28.786093,13.37151,-68.72981,-19.211092,17.54587,29.49963,-18.656567,25.935108,0.10258411,11.267124,26.10555,73.37049,9.709707,0.0,-15.22619,4.455782,-4.729841,37.89563,-10.008912,0.0
261,-2.779546022415161,-261.7103271484375,104.83934783935547,7.647096235901436,-6.258659288480745,-105.67669114441877,-24.562508,-10.570782,2.8877785,19.462025,-6.756092,-17.385633,76.5634,-20.07698,-27.297115,-47.160946,2.7986834,-28.74738,13.535493,-67.93683,-20.00405,17.083107,29.780487,-18.606203,25.751614,-0.761878,12.135322,26.559422,74.28922,7.141901,0.0,-15.020968,5.301638,-1.8240794,39.14638,-10.926555,0.0
262,-2.5161032676696777,-262.6445007324219,104.63346099853516,7.771819505771645,-6.143472026143423,-109.46253092248746,-24.441662,-10.57954,3.294884,22.885315,-7.583134,-17.521244,76.33239,-20.259855,-27.090714,-47.73067,2.775158,-28.657614,13.633424,-67.04119,-20.578463,16.444078,30.407293,-18.604382,25.538116,-1.6556592,12.894987,26.807816,74.98027,4.477569,0.0,-14.795657,6.1859093,1.1261423,40.415165,-11.679356,0.0
263,-2.2449326515197754,-263.5806884765625,104.45938110351562,7.87128186348787,-6.008959635511517,-113.28772872310435,-24.27594,-10.568949,3.715785,26.287062,-8.34049,-17.652578,76.086975,-20.481216,-26.823393,-48.367596,2.7343574,-28.51431,13.681878,-66.10532,-20.97394,15.704803,31.051773,-18.616835,25.30904,-2.614431,13.615277,26.873869,75.4925,1.9031168,0.0,-14.4994955,7.076514,4.096524,41.56537,-12.335892,0.0
264,-2.001338005065918,-264.5030212402344,104.31172943115234,7.933591527374251,-5.834131949027485,-117.05779799923752,-24.111279,-10.518682,4.097945,29.616055,-8.990616,-17.775522,75.814766,-20.757145,-26.521288,-48.813538,2.6654193,-28.3122,13.700231,-65.21074,-21.227854,14.945214,31.40738,-18.606571,25.084436,-3.679658,14.353043,26.76065,75.875534,-0.3988293,0.0,-14.089789,7.933319,7.071676,42.464268,-12.951982,0.0
265,-1.7538093328475952,-265.4249267578125,104.20850372314453,7.928522463784411,-5.6269465297818035,-120.74243084334235,-23.961304,-10.411057,4.438872,32.849846,-9.491983,-17.88556,75.51582,-21.104551,-26.171183,-49.035206,2.5483887,-28.00338,13.709792,-64.393555,-21.339443,14.186298,31.364521,-18.557814,24.869259,-4.9101896,15.13589,26.373968,76.1486,-2.3747334,0.0,-13.511344,8.766551,10.0613165,43.02896,-13.557832,0.0
266,-1.5093845129013062,-266.36358642578125,104.1433334350586,7.867828647112558,-5.403263436963491,-124.39908408753979,-23.802113,-10.260044,4.76196,36.017902,-9.860512,-17.979187,75.19169,-21.507864,-25.765415,-49.15369,2.3926308,-27.605928,13.719765,-63.623352,-21.307545,13.38543,31.115288,-18.490437,24.65483,-6.295499,15.895002,25.7082,76.27764,-4.108882,0.0,-12.80073,9.566773,13.080365,43.34122,-14.114458,0.0
267,-1.2589166164398193,-267.3301086425781,104.13343048095703,7.801266804902036,-5.149146157341574,-128.0673590410923,-23.621893,-10.093572,5.0534225,39.14629,-10.145248,-18.05955,74.83677,-21.930828,-25.33733,-49.151966,2.2373602,-27.218027,13.725285,-62.87892,-21.166122,12.526628,30.802567,-18.420074,24.444456,-7.766287,16.536469,24.893503,76.232506,-5.613631,0.0,-12.05844,10.264895,16.11143,43.520863,-14.601137,0.0
268,-1.0238873958587646,-268.3005676269531,104.17599487304688,7.780552327011039,-4.842273564884918,-131.7867412967085,-23.408758,-9.939702,5.299616,42.2604,-10.391888,-18.134544,74.44863,-22.337763,-24.921392,-49.019756,2.124401,-26.939175,13.70995,-62.14299,-20.938728,11.602655,30.56959,-18.364231,24.241062,-9.238094,16.977964,24.073442,75.98568,-6.9021187,0.0,-11.385081,10.805076,19.129896,43.68276,-14.997612,0.0
269,-0.7862319946289062,-269.281982421875,104.26822662353516,7.813354746716967,-4.450955065012141,-135.59986086424524,-23.147564,-9.801,5.478145,45.386395,-10.577258,-18.210209,74.019226,-22.720036,-24.497435,-48.69306,2.0760565,-26.803888,13.659755,-61.42643,-20.58687,10.606233,30.43619,-18.339834,24.048397,-10.725396,17.193432,23.254045,75.53877,-7.9390726,0.0,-10.803369,11.191473,22.21887,43.835434,-15.305621,0.0
270,-0.5486069917678833,-270.3026123046875,104.41901397705078,7.8657383871991104,-3.9899156717582254,-139.48025969079626,-22.84872,-9.664455,5.602353,48.505302,-10.671085,-18.289848,73.54412,-23.103462,-24.053051,-48.19419,2.0689933,-26.757496,13.567527,-60.739845,-20.098219,9.557362,30.32545,-18.334974,23.865223,-12.246743,17.218573,22.369223,74.90201,-8.721319,0.0,-10.262966,11.447371,25.358072,43.91512,-15.537069,0.0
271,-0.32397642731666565,-271.3382873535156,104.6137466430664,7.916132476169201,-3.5053091741774907,-143.3645845426869,-22.536825,-9.535058,5.7127013,51.573166,-10.709974,-18.379223,73.02772,-23.5065,-23.633625,-47.645576,2.0758235,-26.764318,13.4248295,-60.057037,-19.532139,8.490982,30.235764,-18.326143,23.687185,-13.721694,17.07993,21.458647,74.074326,-9.315427,0.0,-9.761218,11.556956,28.362404,43.93227,-15.691115,0.0
272,-0.10980227589607239,-272.3926696777344,104.85539245605469,7.956101413443068,-3.0452358647690674,-147.19102523750746,-22.23691,-9.417354,5.8498344,54.546894,-10.73736,-18.484737,72.47875,-23.948406,-23.284101,-47.17302,2.0682044,-26.786934,13.226913,-59.338173,-18.951061,7.437027,30.159145,-18.289518,23.509665,-15.073137,16.808088,20.559217,73.05624,-9.789824,0.0,-9.301831,11.509844,31.045643,43.90379,-15.768109,0.0
273,0.07644374668598175,-273.4620666503906,105.13938903808594,7.987651322086858,-2.6092089940331062,-150.98683780531687,-21.94693,-9.307372,6.0297003,57.48824,-10.757491,-18.608442,71.902016,-24.429764,-23.009533,-46.823994,2.0367901,-26.829285,12.968673,-58.557217,-18.372,6.368571,30.064371,-18.204641,23.336546,-16.264704,16.434084,19.75113,71.83403,-10.155959,0.0,-8.890706,11.323401,33.494442,43.83923,-15.752145,0.0
274,0.23993700742721558,-274.57452392578125,105.46697235107422,8.016036452354044,-2.1753764517215766,-154.7789403945726,-21.656406,-9.204013,6.22932,60.0,-10.714026,-18.743559,71.30791,-24.94036,-22.794327,-46.54034,1.9910107,-26.901056,12.661741,-57.737587,-17.76307,5.2835646,29.968376,-18.090569,23.167025,-17.33561,15.941669,18.979673,70.413765,-10.380964,0.0,-8.526898,10.996874,35.75778,43.721527,-15.656797,0.0
275,0.36507922410964966,-275.7117004394531,105.8307876586914,8.03887476718388,-1.7612197118783803,-158.50560551971114,-21.37578,-9.116209,6.431198,60.0,-10.506205,-18.911964,70.659515,-25.501348,-22.619364,-46.250317,1.9514554,-26.989252,12.290557,-56.85262,-17.105078,4.252474,29.871864,-17.975882,23.00072,-18.319386,15.289224,18.08075,68.82271,-10.468915,0.0,-8.212068,10.501253,37.597496,43.524292,-15.512508,0.0
276,0.4725803732872009,-276.8728332519531,106.21813201904297,8.057072390269791,-1.3843558359477792,-162.1033686597986,-21.118496,-9.052965,6.617884,60.0,-10.357826,-19.118586,69.988846,-26.12404,-22.49326,-45.93574,1.916462,-27.065216,11.889287,-55.95601,-16.394453,3.338336,29.859987,-17.896044,22.822092,-19.241932,14.434135,16.894316,67.08985,-10.427447,0.0,-7.9599175,9.817762,38.78127,43.228462,-15.336815,0.0
277,0.5401349067687988,-278.0453796386719,106.61875915527344,8.075569768862179,-1.0533734766381686,-165.53636787092375,-20.902235,-9.015931,6.796164,60.0,-10.293045,-19.37276,69.296,-26.828571,-22.431202,-45.614124,1.8884072,-27.13039,11.478744,-55.02938,-15.646079,2.5688694,29.993906,-17.863235,22.619673,-20.105993,13.346307,15.35197,65.218124,-10.259378,0.0,-7.7938285,8.941069,39.209717,42.84304,-15.089029,0.0
278,0.5480482578277588,-279.2324523925781,107.02754211425781,8.09913162588019,-0.7567200030387513,-168.85293906877175,-20.715317,-9.000439,6.972058,60.0,-10.299544,-19.684284,68.5648,-27.620316,-22.412567,-45.29088,1.8658701,-27.194101,11.0708885,-54.061726,-14.878983,1.8937128,30.229443,-17.858433,22.399406,-20.866299,12.068711,13.545685,63.19534,-9.976361,0.0,-7.7030177,7.8968587,39.026917,42.379105,-14.760121,0.0
279,0.5104410648345947,-280.43841552734375,107.43199920654297,8.128955676533973,-0.482906191417343,-172.1149963687624,-20.523249,-9.006816,7.1268888,60.0,-10.354103,-20.061453,67.790535,-28.481218,-22.385298,-44.92259,1.84914,-27.25221,10.667621,-53.076595,-14.095254,1.2577615,30.45211,-17.865648,22.180445,-21.475273,10.668374,11.554858,61.02799,-9.599893,0.0,-7.6525903,6.7197676,38.369755,41.82601,-14.408231,0.0
280,0.40201935172080994,-281.64874267578125,107.83074951171875,8.164513975295321,-0.22110448092773002,-175.38309567635426,-20.291496,-9.035723,7.2419896,60.0,-10.43446,-20.501558,66.990295,-29.380405,-22.30894,-44.48234,1.8319106,-27.30097,10.2605095,-52.109264,-13.28719,0.6139664,30.555424,-17.86929,21.982914,-21.893986,9.214096,9.453033,58.720882,-9.157897,0.0,-7.608003,5.443874,37.37572,41.17362,-14.090417,0.0
281,0.2475997507572174,-282.87200927734375,108.2201156616211,8.224740171415014,0.015512841021988995,-178.63529814336252,-20.03643,-9.110227,7.306662,60.0,-10.531628,-21.019243,66.1175,-30.347113,-22.164446,-43.89374,1.8100004,-27.327038,9.841673,-51.167015,-12.444834,-0.016891656,30.513407,-17.872871,21.804499,-22.10126,7.6618147,7.1790247,56.231457,-8.669155,0.0,-7.5389633,4.0164847,35.912113,40.396156,-13.829382,0.0
282,0.04280359670519829,-284.08331298828125,108.5948257446289,8.306530439167695,0.2271315896822067,178.14146583306916,-19.765408,-9.223116,7.334072,60.0,-10.66474,-21.620237,65.18492,-31.386139,-21.963377,-43.208385,1.7833441,-27.34226,9.408835,-50.23847,-11.567469,-0.60974634,30.389303,-17.882048,21.637804,-22.09762,6.029021,4.6934524,53.56917,-8.142303,0.0,-7.4401126,2.4492667,33.958923,39.509865,-13.5845175,0.0
283,-0.2099013477563858,-285.28741455078125,108.94232177734375,8.37369871475448,0.4423706717055979,174.87466727306239,-19.437445,-9.328366,7.3402658,60.0,-10.851674,-22.30772,64.2003,-32.47451,-21.686634,-42.5064,1.774905,-27.35516,8.955366,-49.34099,-10.653814,-1.2084733,30.210833,-17.882626,21.497782,-21.893276,4.4658704,2.0944233,50.8056,-7.5746684,0.0,-7.3312345,0.86963075,31.817133,38.56632,-13.327864,0.0
284,-0.5053342580795288,-286.489013671875,109.25965118408203,8.385979501609404,0.6866834428723637,171.48986039214597,-19.0115,-9.379923,7.3405476,60.0,-11.107569,-23.076235,63.185204,-33.57956,-21.325142,-41.876022,1.8050786,-27.37591,8.47005,-48.496555,-9.69732,-1.8541362,30.012072,-17.862183,21.397581,-21.516241,3.1085007,-0.5139163,48.012196,-6.956579,0.0,-7.254335,-0.59674263,29.798607,37.61169,-13.023629,0.0
285,-0.8431631922721863,-287.6924133300781,109.5448989868164,8.331089171408104,0.9685752678190062,167.94566278611558,-18.443275,-9.365491,7.3291373,60.0,-11.443049,-23.91568,62.146393,-34.690285,-20.890335,-41.329803,1.8793819,-27.39966,7.941182,-47.713665,-8.698022,-2.5474262,29.803368,-17.813622,21.368181,-20.960323,1.9677765,-3.1667972,45.086136,-6.283136,0.0,-7.251477,-1.9422028,27.852842,36.663395,-12.66705,0.0
286,-1.215482234954834,-288.8641052246094,109.79432678222656,8.22519659246217,1.264645854582531,164.28105957563977,-17.76559,-9.311009,7.2998037,60.0,-11.849814,-24.81724,61.083866,-35.810574,-20.391958,-40.833977,1.982817,-27.420166,7.361867,-46.98619,-7.648891,-3.2592893,29.571337,-17.746054,21.395355,-20.216658,1.0023634,-5.9298897,42.014423,-5.5821624,0.0,-7.2917714,-3.2168517,25.855354,35.6931,-12.272121,0.0
287,-1.649185299873352,-290.01837158203125,110.01438903808594,8.072409283133629,1.551564763907538,160.54277193204138,-17.0534,-9.2277775,7.266135,60.0,-12.313252,-25.769629,60.019073,-36.923763,-19.829542,-40.4123,2.1040537,-27.443335,6.7276697,-46.313725,-6.5336733,-3.9866261,29.313797,-17.671057,21.424719,-19.33719,0.2389526,-8.716463,39.01862,-4.871472,0.0,-7.338238,-4.388579,24.010658,34.682453,-11.840349,0.0
288,-2.0920944213867188,-291.13116455078125,110.20079803466797,7.880751309709971,1.8087592364723635,156.77862600188908,-16.381844,-9.125759,7.242365,60.0,-12.818461,-26.755657,58.98426,-38.008442,-19.212992,-40.09352,2.2298124,-27.474379,6.0357914,-45.695873,-5.337089,-4.727164,29.029734,-17.600021,21.401312,-18.393139,-0.32156417,-11.405763,36.33911,-4.1461835,0.0,-7.365668,-5.433891,22.515505,33.616352,-11.390177,0.0
289,-2.574134349822998,-292.24267578125,110.3560791015625,7.646434944109049,2.036623398396667,152.9676285082794,-15.745036,-8.988054,7.231424,60.0,-13.3768215,-27.751507,58.001274,-39.043297,-18.579294,-39.925007,2.362658,-27.506058,5.28123,-45.14654,-4.044199,-5.515716,28.701057,-17.529766,21.293835,-17.383875,-0.66636705,-13.991925,33.950886,-3.3330166,0.0,-7.3945427,-6.3376327,21.366646,32.50279,-10.936034,0.0
290,-3.104654312133789,-293.34002685546875,110.48778533935547,7.3693538528303435,2.2381142055862697,149.08927303977785,-15.112633,-8.815699,7.224288,60.0,-13.991498,-28.73373,57.083973,-40.012333,-17.954632,-39.88866,2.5055134,-27.537117,4.458958,-44.661465,-2.6648676,-6.3375573,28.337196,-17.456411,21.139421,-16.311014,-0.82988095,-16.496876,31.774137,-2.441754,0.0,-7.444463,-7.118739,20.479721,31.342043,-10.468288,0.0
291,-3.6714327335357666,-294.4037780761719,110.59797668457031,7.066943163723789,2.4040399281707585,145.1922682747266,-14.523507,-8.644819,7.218843,60.0,-14.63515,-29.683659,56.256207,-40.90418,-17.33842,-39.914852,2.6462595,-27.581692,3.569889,-44.2106,-1.2269741,-7.1189337,27.973473,-17.388578,20.987383,-15.264176,-0.9085677,-18.809448,29.986454,-1.570477,0.0,-7.4971404,-7.8082795,19.940376,30.103477,-9.958431,0.0
292,-4.240712642669678,-295.42535400390625,110.68241882324219,6.758317420829456,2.53024547026208,141.3259285112166,-14.017205,-8.511533,7.214281,60.0,-15.2788315,-30.58656,55.543327,-41.712578,-16.727983,-39.934917,2.7718287,-27.6541,2.6195407,-43.755833,0.23813713,-7.789716,27.640404,-17.33403,20.886332,-14.33512,-1.0102894,-20.816053,28.777601,-0.82292306,0.0,-7.538277,-8.435853,19.834667,28.757729,-9.376918,0.0
293,-4.829168319702148,-296.4169921875,110.74838256835938,6.468887829409331,2.6150103878983413,137.47955223642631,-13.594596,-8.440051,7.2122083,60.0,-15.907491,-31.428263,54.968174,-42.421288,-16.145308,-39.928345,2.8849545,-27.78843,1.6086456,-43.279537,1.7227752,-8.358699,27.35923,-17.28877,20.875715,-13.588428,-1.2517397,-22.565874,28.376442,-0.06373709,0.0,-7.5667796,-9.01351,20.269764,27.276087,-8.727506,0.0
294,-5.41365909576416,-297.4005126953125,110.78968048095703,6.189613588170022,2.6665290508172763,133.63027619121442,-13.238909,-8.407305,7.21385,60.0,-16.535074,-32.19191,54.54254,-43.022827,-15.622692,-39.932167,2.99172,-27.96983,0.53596234,-42.78819,3.2361176,-8.856616,27.101177,-17.24903,20.923693,-12.966063,-1.5996083,-24.06003,28.626528,0.7442945,0.0,-7.6016064,-9.533473,21.175987,25.672739,-8.02108,0.0
295,-6.0081915855407715,-298.3567810058594,110.84817504882812,5.886051745194851,2.697187984277829,129.80988405926487,-12.962433,-8.378448,7.2178483,60.0,-17.175657,-32.862736,54.26909,-43.52756,-15.165951,-39.960514,3.08398,-28.14014,-0.5927105,-42.284157,4.770301,-9.249258,26.823454,-17.222815,20.9698,-12.380409,-1.9265504,-25.11824,29.134153,1.3697287,0.0,-7.652199,-9.9933,22.37055,23.97238,-7.2396874,0.0
296,-6.612054347991943,-299.2901916503906,110.89441680908203,5.521745233424945,2.713929656730776,126.05041109210052,-12.776985,-8.317632,7.2221265,59.770462,-17.841219,-33.42979,54.144016,-43.947666,-14.774814,-40.02783,3.1536312,-28.241121,-1.7643429,-41.76827,6.313891,-9.509161,26.483213,-17.217894,20.952162,-11.757258,-2.0852566,-25.572767,29.51784,1.5621262,0.0,-7.720608,-10.382758,23.667505,22.193878,-6.3584056,0.0
297,-7.238935470581055,-300.2130126953125,110.8846206665039,5.068022071989482,2.7061000730780482,122.33048943125253,-12.68499,-8.202164,7.236065,56.79582,-18.534105,-33.883606,54.176136,-44.27304,-14.44596,-40.136257,3.195287,-28.241095,-2.9731803,-41.235508,7.873873,-9.640926,26.080399,-17.24852,20.838892,-11.080655,-2.0025916,-25.30871,29.775528,1.140202,0.0,-7.7983084,-10.680627,25.28501,20.302658,-5.3557024,0.0
298,-7.8795390129089355,-301.1059875488281,110.84654235839844,4.554814669520907,2.6655203779056014,118.63558348284529,-12.68146,-8.056259,7.257739,53.55697,-19.18851,-34.21672,54.374187,-44.4911,-14.195864,-40.274006,3.2156534,-28.179039,-4.218773,-40.68357,9.445216,-9.664138,25.634773,-17.305622,20.664425,-10.387078,-1.7662423,-24.426964,30.0695,0.27607307,0.0,-7.8762307,-10.894215,27.22951,18.285309,-4.239526,0.0
299,-8.518990516662598,-301.9767150878906,110.79720306396484,4.030663219507671,2.604651912490716,115.00961577857271,-12.762642,-7.914383,7.2686706,50.082012,-19.771763,-34.428055,54.72546,-44.61462,-14.047212,-40.431694,3.225074,-28.102823,-5.488233,-40.12274,10.99248,-9.580342,25.135849,-17.362835,20.46476,-9.696128,-1.4610274,-23.07335,30.288858,-0.7603283,0.0,-7.954013,-11.050852,28.99421,16.207672,-3.0318515,0.0
300,-9.181488037109375,-302.8215637207031,110.74707794189453,3.5411477828556186,2.5422655537181904,111.49750894713048,-12.924618,-7.810348,7.24983,46.393692,-20.250393,-34.525597,55.20557,-44.66107,-14.011136,-40.595997,3.2349486,-28.061062,-6.7599726,-39.56942,12.477369,-9.3999195,24.576397,-17.394413,20.274164,-9.027857,-1.1792068,-21.41332,30.326038,-1.7111259,0.0,-8.023323,-11.183475,30.069155,14.125218,-1.7510414,0.0
301,-9.855859756469727,-303.6534423828125,110.66934204101562,3.0749807239097953,2.4782512815245368,108.08648793635314,-13.177584,-7.7354603,7.202465,42.46345,-20.566538,-34.517056,55.81002,-44.635456,-14.055401,-40.786495,3.242451,-28.06479,-8.013496,-39.04403,13.900762,-9.146039,23.91956,-17.397572,20.072178,-8.333211,-0.9165791,-19.414654,30.090803,-2.5473597,0.0,-8.056953,-11.33671,30.440554,11.964723,-0.34087497,0.0
302,-10.537293434143066,-304.4560546875,110.56592559814453,2.6150426619884986,2.4064608439226416,104.7534466049765,-13.519242,-7.677604,7.134903,38.280884,-20.6918,-34.407013,56.540333,-44.530636,-14.173084,-41.000275,3.2442193,-28.089369,-9.238236,-38.547012,15.266624,-8.836978,23.188162,-17.384912,19.843996,-7.6075325,-0.6470874,-17.011383,29.668633,-3.4140277,0.0,-8.012492,-11.509358,30.317377,9.631683,1.236411,0.0
303,-11.184898376464844,-305.21453857421875,110.4161605834961,2.1946648250385477,2.3458731659994956,101.53127452482343,-13.927634,-7.6644845,7.0373573,33.884556,-20.643795,-34.20469,57.372787,-44.348774,-14.403724,-41.18881,3.2517438,-28.13021,-10.420202,-38.064392,16.539276,-8.48205,22.46254,-17.35589,19.63259,-6.961789,-0.43047994,-14.325545,29.23094,-4.2702684,0.0,-7.8446684,-11.666776,29.51521,7.12719,2.9515772,0.0
304,-11.822928428649902,-305.9725341796875,110.24004364013672,1.8479043895924598,2.3200605694696175,98.4554563464521,-14.380928,-7.724472,6.8986073,29.30722,-20.446201,-33.926666,58.270897,-44.09767,-14.775462,-41.298363,3.2778482,-28.183657,-11.540495,-37.581825,17.679304,-8.092332,21.820423,-17.31114,19.482805,-6.517035,-0.31519434,-11.4831,28.949512,-5.0717177,0.0,-8.713671,-11.150625,28.389523,6.91723,3.5506432,0.0
305,-12.419654846191406,-306.7116394042969,110.06517028808594,1.5963800729548585,2.351687821181393,95.56193757820098,-14.905628,-7.8973494,6.6894164,24.473616,-20.055208,-33.594803,59.225002,-43.805832,-15.273451,-41.30714,3.3382993,-28.246683,-12.5818615,-37.105732,18.665688,-7.6617174,21.222046,-17.256891,19.395927,-6.339707,-0.31996584,-8.402532,28.874592,-5.790901,0.0,-9.662593,-10.541243,26.334415,6.9251056,4.092655,0.0
306,-13.001062393188477,-307.46337890625,109.90946197509766,1.394585843076063,2.432701802354962,92.81633611811449,-15.501682,-8.13729,6.4252505,19.350657,-19.406664,-33.2221,60.23333,-43.474056,-15.862079,-41.246075,3.422146,-28.322386,-13.529296,-36.652695,19.510054,-7.2191486,20.642506,-17.191244,19.350021,-6.349292,-0.37976974,-5.059316,28.889212,-6.446909,0.0,-10.583323,-9.922199,23.4278,6.8825846,4.709884,0.0
307,-13.577933311462402,-308.2025451660156,109.76272583007812,1.2323340073466154,2.541921276578537,90.15394178636498,-16.110878,-8.404102,6.14522,14.038125,-18.535995,-32.81151,61.256145,-43.077793,-16.52673,-41.132225,3.4997225,-28.413391,-14.381787,-36.220158,20.22812,-6.804595,20.179392,-17.106594,19.361292,-6.4426627,-0.4721181,-1.6544222,28.890722,-7.040871,0.0,-11.394435,-9.3317995,19.921207,6.753475,5.3257294,0.0
308,-14.16499137878418,-308.95074462890625,109.61666107177734,1.088281268942684,2.65568471228818,87.51261894270807,-16.672987,-8.643572,5.895852,8.6483555,-17.513245,-32.364704,62.238777,-42.595257,-17.242971,-40.973713,3.543673,-28.524014,-15.145892,-35.79588,20.840435,-6.4477196,19.928432,-16.995796,19.44651,-6.504208,-0.5697782,1.6138908,28.752045,-7.5572624,0.0,-12.028714,-8.762075,16.06909,6.547052,5.8273625,0.0
309,-14.751066207885742,-309.6991882324219,109.48577117919922,0.9981901476760363,2.7791242220609482,84.9336448791823,-17.204279,-8.899926,5.6639843,3.1201494,-16.351112,-31.897146,63.1469,-42.044926,-18.00697,-40.686897,3.560617,-28.676704,-15.80986,-35.360058,21.32033,-6.122253,19.977663,-16.84417,19.639177,-6.534931,-0.72668517,4.7175074,28.443562,-7.961299,0.0,-12.500658,-8.180619,11.532048,6.2590294,6.237476,0.0
310,-15.340225219726562,-310.4334716796875,109.3799819946289,0.9547501534534638,2.922323868005963,82.43148289970429,-17.726183,-9.180798,5.4350843,-2.5992079,-15.011647,-31.428717,63.97824,-41.455387,-18.796463,-40.282524,3.5622928,-28.863466,-16.371098,-34.922585,21.668114,-5.8255305,20.24622,-16.657162,19.923223,-6.583422,-0.9397194,7.750579,28.015963,-8.263262,0.0,-12.870274,-7.5547786,6.3293943,5.9528117,6.524811,0.0
311,-15.921399116516113,-311.15008544921875,109.3145980834961,0.8972776885517413,3.0651523456401932,79.90536881198385,-18.187325,-9.399922,5.251087,-8.357637,-13.543891,-30.966505,64.72587,-40.826603,-19.560204,-39.910286,3.5294993,-29.039515,-16.851578,-34.525295,21.94785,-5.6221523,20.590658,-16.461561,20.239157,-6.616344,-1.1306821,10.699159,27.505032,-8.528221,0.0,-13.124891,-6.8786063,1.2452992,5.7206645,6.5262823,0.0
312,-16.52313995361328,-311.8497619628906,109.24795532226562,0.7628433216513381,3.186015268457006,77.25121507852272,-18.534521,-9.470276,5.155836,-13.982351,-12.042497,-30.5085,65.383644,-40.15161,-20.25092,-39.715557,3.4458246,-29.160862,-17.29865,-34.206936,22.238703,-5.5536785,20.872324,-16.28633,20.526731,-6.593543,-1.2260951,13.551774,26.941643,-8.820213,0.0,-13.225705,-6.1566296,-2.9563534,5.605646,6.133153,0.0
313,-17.178531646728516,-312.5305480957031,109.1655044555664,0.5363652088456478,3.290868758911894,74.45825909374304,-18.76158,-9.349504,5.16466,-19.480413,-10.600509,-30.059616,65.931786,-39.41826,-20.869722,-39.711414,3.290538,-29.212711,-17.74767,-33.981018,22.55248,-5.617699,21.124056,-16.125038,20.787487,-6.5011854,-1.2316042,16.23981,26.285782,-9.162654,0.0,-13.118758,-5.3706017,-6.4147553,5.593894,5.1773276,0.0
314,-17.840538024902344,-313.1925964355469,109.08021545410156,0.26657967204945426,3.382117919033532,71.57619727029491,-18.897423,-9.106643,5.2482324,-24.896585,-9.23075,-29.633778,66.3575,-38.6549,-21.420294,-39.812473,3.081256,-29.21988,-18.213573,-33.820026,22.880682,-5.753487,21.405237,-15.969989,21.045158,-6.3382516,-1.2174208,18.796152,25.492199,-9.4923935,0.0,-12.905192,-4.4977713,-9.410935,5.759068,3.754177,0.0
315,-18.493093490600586,-313.8341064453125,109.01173400878906,-0.0208757908488635,3.431907999778878,68.58513721865796,-18.939081,-8.812984,5.3889275,-30.093922,-7.9385033,-29.237282,66.68286,-37.902596,-21.872574,-40.027584,2.8617551,-29.201342,-18.711308,-33.696373,23.26606,-5.919566,21.623056,-15.84731,21.274052,-6.1366777,-1.1818949,21.355139,24.703716,-9.805262,0.0,-13.542044,-3.7511315,-11.157491,7.799491,1.4035017,0.0
316,-19.13455581665039,-314.4515380859375,108.94841003417969,-0.30302208198016783,3.4182814771812398,65.46084447546086,-18.880537,-8.532861,5.569109,-34.932434,-6.725277,-28.861013,66.96354,-37.183815,-22.220078,-40.388065,2.6719196,-29.175531,-19.258059,-33.582424,23.751637,-6.0716968,21.684284,-15.784734,21.448505,-5.921017,-1.1119593,24.055408,24.044481,-10.08828,0.0,-14.457609,-3.104377,-11.364751,10.539433,-0.9040743,0.0
317,-19.769676208496094,-315.020751953125,108.8896255493164,-0.5920264399811259,3.3250755685292006,62.11815012902952,-18.667868,-8.248262,5.8206444,-39.40057,-5.658276,-28.494915,67.182205,-36.49027,-22.443975,-40.933067,2.5176754,-29.138115,-19.882763,-33.48294,24.364395,-6.21549,21.526646,-15.811981,21.554108,-5.6580544,-0.9927262,27.115812,23.498585,-10.3585825,0.0,-15.201128,-2.3927188,-9.525371,13.2168045,-2.6170988,0.0
318,-20.377878189086914,-315.5675048828125,108.85000610351562,-0.8884885375553838,3.1670273861102864,58.590622802103866,-18.321224,-7.9306765,6.1390038,-43.53908,-4.776798,-28.131607,67.35983,-35.789413,-22.581923,-41.658867,2.3794746,-29.089293,-20.602259,-33.391384,25.090567,-6.33821,21.215353,-15.907957,21.606974,-5.3557906,-0.832657,30.403227,23.034473,-10.620651,0.0,-15.795206,-1.5776911,-6.055477,15.950808,-4.019138,0.0
319,-20.971393585205078,-316.0930480957031,108.81693267822266,-1.146419013412624,2.9770847307162702,55.031019877327275,-17.949244,-7.6373267,6.449784,-47.281376,-4.0316854,-27.767418,67.498405,-35.12312,-22.647654,-42.43321,2.2523823,-29.033173,-21.405254,-33.259674,25.906385,-6.3740215,20.842592,-16.02415,21.629704,-5.0965896,-0.64048,33.531986,22.744936,-10.837818,0.0,-16.217316,-0.7531642,-2.0713434,18.528137,-5.2267604,0.0
320,-21.513635635375977,-316.61480712890625,108.81085205078125,-1.325182709387161,2.7944123550827173,51.5905188578086,-17.657932,-7.4276905,6.680854,-50.563053,-3.3645823,-27.398922,67.63117,-34.520958,-22.672546,-43.153976,2.13187,-28.975542,-22.256878,-33.04363,26.77347,-6.2749653,20.498241,-16.111038,21.646864,-4.9665694,-0.40508267,36.113506,22.727434,-10.974185,0.0,-16.479769,-0.054592717,1.3211743,20.736631,-6.353621,0.0
321,-22.01877784729004,-317.1322937011719,108.82798767089844,-1.3929115617769419,2.631743241612921,48.26730750093852,-17.47256,-7.3499823,6.801942,-53.336205,-2.7763784,-27.013239,67.78478,-33.985706,-22.653336,-43.839287,2.007451,-28.904444,-23.138006,-32.719036,27.702068,-6.035155,20.19247,-16.16161,21.671028,-5.0024023,-0.115091816,38.022457,23.04558,-11.014704,0.0,-16.589296,0.48907593,4.177752,22.573105,-7.510759,0.0
322,-22.522090911865234,-317.57403564453125,108.8192367553711,-1.380659243147519,2.478617813696902,44.98904321324563,-17.336617,-7.3623767,6.8572407,-55.64655,-2.3040586,-26.59653,67.964195,-33.484722,-22.599411,-44.54505,1.8803339,-28.818943,-24.044065,-32.313805,28.68671,-5.697527,19.879395,-16.198769,21.688927,-5.1514473,0.25231442,39.475082,23.641884,-10.978881,0.0,-16.564636,0.9258452,6.9813385,24.172964,-8.638786,0.0
323,-22.973299026489258,-318.0209045410156,108.81411743164062,-1.3459183024289065,2.339560860190629,41.799379129002936,-17.231682,-7.3912725,6.8866653,-57.57379,-1.9264818,-26.147457,68.15544,-33.00558,-22.552671,-45.21716,1.7626264,-28.737244,-24.952824,-31.8767,29.666197,-5.2958493,19.559734,-16.218098,21.688852,-5.368195,0.7229763,40.596134,24.425386,-10.879911,0.0,-16.479721,1.2085823,9.285588,25.53302,-9.581861,0.0
324,-23.37222671508789,-318.52886962890625,108.89309692382812,-1.3452417316620007,2.2127875064645224,38.74410361137649,-17.138777,-7.362889,6.9291215,-59.200226,-1.615607,-25.67712,68.33863,-32.54504,-22.550219,-45.803345,1.6688511,-28.67765,-25.835155,-31.421597,30.584745,-4.8496776,19.200157,-16.218134,21.654854,-5.6046166,1.3117423,41.5108,25.294703,-10.727259,0.0,-16.417427,1.2834772,10.645839,26.645163,-10.177277,0.0
325,-23.749956130981445,-319.02227783203125,109.00114440917969,-1.4348472052516663,2.1068829696572275,35.86794317139232,-17.081575,-7.2283707,7.0014386,-60.0,-1.4395579,-25.196907,68.50815,-32.11941,-22.584936,-46.318645,1.6125938,-28.663004,-26.655018,-30.979517,31.40405,-4.398015,18.786419,-16.183607,21.569864,-5.9272957,2.1379833,42.252155,26.360458,-10.511137,0.0,-16.389479,1.1328739,10.773369,27.4597,-10.257502,0.0
326,-24.121192932128906,-319.47650146484375,109.10123443603516,-1.572774557762793,2.014104056878937,33.13168780050127,-17.060053,-7.0370708,7.080232,-60.0,-1.3899872,-24.713017,68.66032,-31.739925,-22.633158,-46.776073,1.5857669,-28.676056,-27.39276,-30.550184,32.145935,-3.9603808,18.326233,-16.119566,21.446203,-6.3290825,3.1467884,42.75772,27.604837,-10.219105,0.0,-16.372597,0.7676597,9.96925,28.00783,-9.94949,0.0
327,-24.483564376831055,-319.8643798828125,109.1832275390625,-1.668124863102875,1.9101367485627412,30.456708146365195,-17.020712,-6.8624244,7.1432114,-60.0,-1.3552065,-24.233955,68.78511,-31.393394,-22.702314,-47.12844,1.5685742,-28.680971,-28.041842,-30.161598,32.8296,-3.5662143,17.874428,-16.047142,21.325336,-6.6785884,4.104506,43.000618,28.7882,-9.878277,0.0,-16.389742,0.18237042,8.670825,28.386599,-9.529204,0.0
328,-24.809520721435547,-320.22247314453125,109.25536346435547,-1.627737924432341,1.7790421403730245,27.76551072842944,-16.910328,-6.777557,7.167817,-60.0,-1.37197,-23.768549,68.87899,-31.063961,-22.80421,-47.334652,1.5421281,-28.641243,-28.603773,-29.840452,33.48058,-3.235496,17.486137,-15.989138,21.247139,-6.849824,4.7781014,42.95303,29.682293,-9.522613,0.0,-16.457966,-0.6252573,7.3147507,28.680065,-9.267815,0.0
329,-25.103870391845703,-320.5665588378906,109.31884002685547,-1.3824245079403203,1.6250613750608298,25.066801740436823,-16.730446,-6.843161,7.13571,-60.0,-1.4414814,-23.326899,68.930244,-30.768635,-22.940002,-47.337906,1.5074302,-28.529543,-29.070145,-29.58249,34.08893,-2.957198,17.156733,-15.953939,21.21052,-6.817876,5.049777,42.529644,30.216833,-9.131326,0.0,-16.542854,-1.7522116,5.9335217,28.861208,-9.2515335,0.0
330,-25.372943878173828,-320.8971862792969,109.36463928222656,-0.9949454337001984,1.4694194436822796,22.38855695289312,-16.504221,-7.0069222,7.0638847,-60.0,-1.5498835,-22.917696,68.937515,-30.521978,-23.097046,-47.17223,1.4757448,-28.371876,-29.434935,-29.375706,34.646076,-2.7294533,16.85425,-15.928769,21.199213,-6.6525207,5.0582647,41.76864,30.521303,-8.703086,0.0,-16.626415,-3.1647472,4.303224,28.898697,-9.326709,0.0
331,-25.596389770507812,-321.227783203125,109.39111328125,-0.5691471128346982,1.3212009837822094,19.68355094132604,-16.211641,-7.172561,6.982127,-60.0,-1.7069204,-22.546572,68.90087,-30.309813,-23.258282,-46.92287,1.4411498,-28.21078,-29.71504,-29.22728,35.185276,-2.5744867,16.597643,-15.906536,21.228594,-6.3729587,4.9621596,40.824207,30.684917,-8.311401,0.0,-16.760578,-4.6807,2.4456434,28.875416,-9.407674,0.0
332,-25.78536033630371,-321.5483093261719,109.39449310302734,-0.20949589949485956,1.1799346415335112,16.90477008157218,-15.832261,-7.242764,6.919402,-60.0,-1.9249092,-22.215101,68.823944,-30.112997,-23.409998,-46.677143,1.3965718,-28.088291,-29.943714,-29.142622,35.748196,-2.5028863,16.4122,-15.881005,21.31187,-5.9994416,4.919687,39.850807,30.7912,-8.026042,0.0,-17.003988,-6.119685,0.39441875,28.870361,-9.407841,0.0
333,-25.937255859375,-321.8590393066406,109.3647232055664,0.0586438306105931,1.036412346052756,14.022769600117497,-15.338999,-7.179861,6.8810654,-60.0,-2.2406085,-21.927828,68.68475,-29.925667,-23.545166,-46.403717,1.3274817,-28.020542,-30.14783,-29.12735,36.358494,-2.503062,16.345383,-15.85149,21.471727,-5.5282974,4.9603734,38.701183,30.834013,-7.8898582,0.0,-17.377304,-7.4705935,-1.8826452,28.89982,-9.346928,0.0
334,-26.061662673950195,-322.1773681640625,109.31989288330078,0.2910533096878451,0.888703527043782,11.065401396108191,-14.749765,-7.039934,6.8502045,-60.0,-2.6355753,-21.689444,68.486404,-29.760609,-23.670567,-46.07385,1.2443187,-27.983986,-30.33811,-29.168413,37.005352,-2.5448866,16.378235,-15.821673,21.692823,-4.947119,5.006228,37.35303,30.773058,-7.8600235,0.0,-17.830853,-8.835189,-4.429187,28.925095,-9.251135,0.0
335,-26.152833938598633,-322.5163879394531,109.2598876953125,0.5052224364840446,0.7409034122366543,8.070880780981977,-14.109052,-6.870299,6.8226943,-60.0,-3.0373287,-21.64331,68.41925,-29.789377,-23.80043,-45.91752,1.1035131,-27.904518,-30.373823,-29.200521,37.4654,-2.6964936,16.364624,-15.748889,22.086542,-4.265874,5.0537715,36.15173,30.641008,-7.8717074,0.0,-18.338764,-10.199063,-7.1933813,28.959505,-9.060193,0.0
336,-26.20480728149414,-322.8793640136719,109.1884765625,0.7178653903310641,0.5990531052384699,5.07702150902932,-13.467429,-6.709261,6.792622,-59.593685,-3.4329374,-21.598835,68.32397,-29.814287,-23.921103,-45.826782,1.0176165,-27.83746,-30.417948,-29.25693,38.04065,-2.8535678,16.286573,-15.705003,22.360182,-3.4985914,5.0958824,35.44103,30.474558,-7.8615823,0.0,-18.884243,-11.539872,-10.110003,29.018139,-8.722579,0.0
337,-26.226770401000977,-323.2629699707031,109.11381530761719,0.925146152773888,0.4646775905582095,2.0325794834326554,-12.78999,-6.5466223,6.7704697,-58.630196,-3.8600535,-21.55459,68.21688,-29.83988,-24.036411,-45.870132,0.9866798,-27.775673,-30.475882,-29.33464,38.66475,-3.0234036,16.163074,-15.674257,22.602932,-2.621007,5.1227407,35.38165,30.254587,-7.8284216,0.0,-19.532629,-12.85315,-13.12615,29.1659,-8.1977005,0.0
338,-26.228513717651367,-323.66937255859375,109.02748107910156,1.1198145802182986,0.3315974887308734,-1.065150082974497,-12.067807,-6.365484,6.7543063,-57.56573,-4.275684,-21.488457,68.07072,-29.861313,-24.157705,-46.008114,0.98706305,-27.718813,-30.595036,-29.459345,39.342964,-3.1984625,16.028133,-15.648808,22.84545,-1.6325717,5.1306863,35.76653,29.965534,-7.7923284,0.0,-20.263596,-14.134056,-16.230936,29.370193,-7.553633,0.0
339,-26.18182373046875,-324.1045837402344,108.94673156738281,1.3124653688660637,0.1966534388434797,-4.105309850496144,-11.387365,-6.19509,6.724761,-56.415962,-4.6822777,-21.277336,67.66927,-29.698761,-24.222033,-45.899376,1.1354105,-27.769936,-31.114796,-29.717854,40.45038,-3.1397035,16.151735,-15.704064,22.779512,-0.58857113,5.1205535,36.386696,29.655525,-7.7291775,0.0,-20.939476,-15.349529,-19.42371,29.497793,-6.8884683,0.0
340,-26.119834899902344,-324.587158203125,108.86629486083984,1.5144063016974614,0.058724616347581846,-6.976793568841986,-10.828024,-6.0829287,6.665785,-55.29546,-4.9733725,-21.100256,67.52754,-29.645475,-24.40222,-45.95672,1.1964382,-27.745049,-31.577974,-29.770922,41.283398,-2.983667,16.05312,-15.679801,22.88156,0.4545941,5.101355,37.037117,29.375044,-7.6111226,0.0,-21.426563,-16.462238,-22.72135,29.417456,-6.279352,0.0
341,-26.0284366607666,-325.11663818359375,108.78144836425781,1.7381663120904627,-0.08287236486847765,-9.671584329777406,-10.411431,-6.0452824,6.579964,-54.164867,-5.1781435,-20.916317,67.51296,-29.626566,-24.653292,-46.043602,1.2338758,-27.689762,-31.994797,-29.76921,42.053394,-2.8042521,15.787158,-15.635643,22.904009,1.4888011,5.062375,37.76271,29.139751,-7.4286337,0.0,-21.744879,-17.481262,-26.179672,29.161692,-5.680494,0.0
342,-25.907615661621094,-325.6771240234375,108.68619537353516,1.9740362689319806,-0.22560220508577894,-12.245852620388472,-10.0938225,-6.058301,6.475956,-53.005703,-5.312519,-20.707178,67.57664,-29.617538,-24.95928,-46.15676,1.2669214,-27.617794,-32.373127,-29.746046,42.78264,-2.6220553,15.398372,-15.577719,22.866245,2.5401971,4.9998555,38.641644,28.918818,-7.19063,0.0,-21.95468,-18.383835,-29.712482,28.759718,-5.0569596,0.0
343,-25.739559173583984,-326.2982482910156,108.59610748291016,2.203149857136574,-0.3655620126466218,-14.685006864963555,-9.860807,-6.0943465,6.343356,-51.84905,-5.368398,-20.462837,67.69501,-29.619364,-25.306793,-46.26381,1.2990236,-27.545723,-32.708023,-29.71448,43.464214,-2.4362502,14.958494,-15.503866,22.82236,3.5965047,4.9447017,39.51749,28.714077,-6.911952,0.0,-22.01697,-19.09223,-33.12928,28.106686,-4.470346,0.0
344,-25.562217712402344,-326.97039794921875,108.49893951416016,2.4068254130899467,-0.5008331093619662,-16.972213011579417,-9.697764,-6.126308,6.1712117,-50.725525,-5.339961,-20.178602,67.85041,-29.637894,-25.682947,-46.337715,1.3309484,-27.4883,-32.986477,-29.68609,44.086452,-2.2502074,14.5352545,-15.41268,22.827194,4.649726,4.9282827,40.23569,28.520538,-6.6064053,0.0,-21.902538,-19.53232,-36.256817,27.091427,-3.9587193,0.0
345,-25.3546199798584,-327.6925048828125,108.39469146728516,2.5752338457916046,-0.6322326994143509,-19.075048294814927,-9.628147,-6.145698,5.947208,-49.644768,-5.2036695,-19.852545,68.02083,-29.685347,-26.072351,-46.3766,1.3720438,-27.477169,-33.19161,-29.663927,44.637447,-2.0591316,14.11117,-15.297734,22.890736,5.692637,4.9726033,40.794605,28.346245,-6.286101,0.0,-21.58169,-19.621244,-39.13789,25.57287,-3.507137,0.0
346,-25.135427474975586,-328.46282958984375,108.28384399414062,2.7219250649240885,-0.7637652930327522,-21.013339167579552,-9.650535,-6.166947,5.680092,-48.590294,-4.966504,-19.48475,68.21218,-29.749943,-26.481451,-46.385235,1.4229654,-27.498959,-33.316914,-29.64778,45.1175,-1.8781523,13.6564865,-15.161687,22.986652,6.7334023,5.0563817,41.266933,28.190306,-5.9421396,0.0,-21.107336,-19.403536,-41.806396,23.593657,-3.0103347,0.0
347,-24.903202056884766,-329.288330078125,108.16048431396484,2.8625063963208053,-0.8989864466599684,-22.846984163493975,-9.713788,-6.1979227,5.3907027,-47.549927,-4.6763983,-19.077587,68.4495,-29.808498,-26.92975,-46.347614,1.4693635,-27.499233,-33.36963,-29.647564,45.537434,-1.7379658,13.218206,-15.016618,23.117208,7.7836637,5.154538,41.606247,28.046827,-5.5654817,0.0,-20.564953,-19.00197,-44.111053,21.325508,-2.3746014,0.0
348,-24.659814834594727,-330.1607666015625,108.02156829833984,3.0120278607456767,-1.0402079319211248,-24.63518980781959,-9.766452,-6.2473617,5.0998144,-46.512344,-4.3817735,-18.63065,68.770485,-29.834179,-27.44206,-46.257458,1.4934542,-27.420977,-33.366154,-29.673298,45.91285,-1.6620098,12.847288,-14.874574,23.283646,8.856806,5.240114,41.76609,27.902925,-5.144883,0.0,-20.027063,-18.538145,-45.926193,18.957113,-1.5375599,0.0
349,-24.41181755065918,-331.06195068359375,107.86044311523438,3.1810718420507222,-1.1916499384851718,-26.38913485398545,-9.795627,-6.333574,4.8091707,-45.477512,-4.068948,-18.134977,69.20796,-29.832222,-28.032555,-46.091076,1.4785903,-27.223347,-33.3129,-29.71865,46.236534,-1.6394681,12.560164,-14.736047,23.501902,9.959544,5.3055654,41.6969,27.757305,-4.6678247,0.0,-19.458584,-17.944687,-47.158703,16.325872,-0.4377516,0.0
350,-24.16622543334961,-332.0076904296875,107.67962646484375,3.360806601757628,-1.3523433048197882,-28.07954662860404,-9.829009,-6.448341,4.509696,-44.45029,-3.721334,-17.575882,69.76631,-29.794804,-28.700949,-45.880337,1.4288974,-26.93867,-33.210815,-29.779339,46.50825,-1.6548735,12.332966,-14.595657,23.764606,11.084742,5.370496,41.436684,27.619795,-4.1485586,0.0,-18.747696,-17.104904,-47.997772,13.186199,0.98720133,0.0
351,-23.913677215576172,-333.0123291015625,107.48286437988281,3.5353256907025425,-1.5150715897204936,-29.70434724953582,-9.8762045,-6.560192,4.2059255,-43.425465,-3.3862567,-16.950254,70.41695,-29.6819,-29.43862,-45.68544,1.3642191,-26.622665,-33.07342,-29.866991,46.758244,-1.7227795,12.160199,-14.456535,24.035576,12.220265,5.4525313,41.063595,27.505222,-3.6233094,0.0,-17.810755,-16.015139,-48.745735,9.502696,2.812808,0.0
352,-23.671443939208984,-334.046875,107.2553482055664,3.6874657856471886,-1.6731616617785248,-31.261149401653324,-9.944772,-6.6361203,3.9017243,-42.400314,-3.1071475,-16.258627,71.13549,-29.456701,-30.238342,-45.572777,1.301316,-26.330967,-32.921474,-29.993465,47.020172,-1.8521515,12.04186,-14.32218,24.276737,13.354352,5.565439,40.65497,27.424892,-3.1262288,0.0,-17.69045,-15.847155,-49.093765,8.187477,3.6609983,0.0
353,-23.43052864074707,-335.11151123046875,106.98729705810547,3.8254884734900623,-1.830890841910313,-32.74993077817221,-10.044039,-6.6883564,3.58674,-41.36232,-2.9030123,-15.504211,71.92379,-29.123215,-31.092222,-45.543976,1.2543484,-26.064232,-32.768055,-30.15955,47.322563,-2.0397513,12.018733,-14.195826,24.467962,14.507218,5.681927,40.167,27.341034,-2.6566937,0.0,-17.949142,-16.244408,-49.246216,8.159341,3.9810379,0.0
354,-23.18509292602539,-336.2002258300781,106.67949676513672,3.951457235813293,-1.9902643484339806,-34.17339919716227,-10.16578,-6.7254434,3.262187,-40.31806,-2.747364,-14.683523,72.79296,-28.69256,-31.999891,-45.572952,1.2066202,-25.79486,-32.616497,-30.358324,47.649197,-2.2695246,12.08751,-14.074975,24.629536,15.682735,5.800581,39.58213,27.24558,-2.1942687,0.0,-18.147167,-16.667988,-49.343792,8.156388,4.344289,0.0
355,-22.92296028137207,-337.3048095703125,106.34386444091797,4.035966433646427,-2.1401528244742845,-35.53268486392733,-10.292605,-6.704435,2.9481764,-39.290432,-2.6192608,-13.802777,73.69207,-28.154934,-32.94439,-45.6571,1.1405255,-25.543116,-32.474903,-30.594484,47.971283,-2.5301106,12.178471,-13.95539,24.787207,16.856863,5.964142,39.035015,27.159243,-1.7225688,0.0,-18.26471,-17.004997,-49.519897,8.1617365,4.8309274,0.0
356,-22.687891006469727,-338.4342956542969,106.03938293457031,4.05039416744696,-2.270607982145573,-36.827970945857196,-10.406908,-6.582504,2.6647573,-38.302933,-2.4981372,-12.883552,74.544304,-27.513548,-33.89586,-45.775845,1.048381,-25.336777,-32.352943,-30.872316,48.261044,-2.8100705,12.2249975,-13.834253,24.965456,18.005966,6.207478,38.655025,27.095327,-1.220858,0.0,-18.259964,-17.167435,-49.89612,8.160357,5.4996567,0.0
357,-22.453380584716797,-339.5572509765625,105.76207733154297,3.9361031418991534,-2.3577779630829188,-38.02050177951308,-10.522818,-6.2915697,2.404509,-37.37573,-2.346037,-11.957436,75.30124,-26.785719,-34.83991,-45.903904,0.94376516,-25.229069,-32.256016,-31.205564,48.5145,-3.1111224,12.240955,-13.701122,25.176514,19.119823,6.591762,38.47418,27.019743,-0.6820505,0.0,-18.096045,-17.07783,-50.779034,8.144915,6.357928,0.0
358,-22.21531867980957,-340.6826477050781,105.48474884033203,3.7258131220815995,-2.4189457281729476,-39.12280357173629,-10.643083,-5.8736534,2.1625135,-36.49196,-2.1856556,-11.053516,75.961494,-26.008305,-35.76121,-46.028477,0.8429044,-25.201893,-32.183285,-31.594446,48.74948,-3.4396372,12.258925,-13.560664,25.40357,20.214567,7.072063,38.426598,26.942,-0.11986465,0.0,-17.80482,-16.793936,-52.02014,8.122577,7.2790203,0.0
359,-21.989336013793945,-341.8063049316406,105.18353271484375,3.5296904057610625,-2.504248711112729,-40.20964512790011,-10.733416,-5.454089,1.9620347,-35.621094,-2.0873623,-10.189687,76.53673,-25.215899,-36.641518,-46.159283,0.7372002,-25.172693,-32.135757,-32.02235,48.970943,-3.7890725,12.237409,-13.432045,25.629505,21.295763,7.536205,38.496773,26.966688,0.44949228,0.0,-17.445402,-16.439426,-53.10234,8.125255,8.127682,0.0
360,-21.759952545166016,-342.9365234375,104.8339614868164,3.4596957899320393,-2.660367719409957,-41.356203713947785,-10.760531,-5.1587873,1.8242598,-34.731472,-2.120992,-9.374448,77.04225,-24.43495,-37.466763,-46.30695,0.61748517,-25.058361,-32.117714,-32.46594,49.18461,-4.1471934,12.132743,-13.335093,25.83838,22.359718,7.877606,38.65537,27.206081,1.006545,0.0,-18.120567,-17.437963,-52.963936,11.22599,7.3408537,0.0
361,-21.51981544494629,-344.09857177734375,104.42362976074219,3.581871437069795,-2.8877707532522128,-42.55551136185029,-10.715855,-5.0377645,1.7408618,-33.830677,-2.342373,-8.619056,77.49789,-23.65986,-38.25874,-46.502335,0.4811831,-24.82925,-32.141888,-32.939823,49.38435,-4.5357676,11.903929,-13.281918,26.043898,23.414553,8.029191,38.936146,27.655571,1.5205579,0.0,-19.298626,-19.084362,-51.697254,15.716481,5.817523,0.0
362,-21.304489135742188,-345.2667541503906,104.01236724853516,3.8272718794124456,-3.1591978488388244,-43.77684679786369,-10.618002,-5.0195913,1.7043009,-32.93002,-2.701659,-7.931441,77.90074,-22.896067,-39.020504,-46.73754,0.33021733,-24.530645,-32.211773,-33.448322,49.57453,-4.949086,11.590438,-13.260804,26.247503,24.444304,8.06448,39.320072,28.286398,2.0010939,0.0,-20.59004,-20.616734,-49.845917,20.248768,4.2166834,0.0
363,-21.117029190063477,-346.4302062988281,103.61898803710938,4.101097979933918,-3.4759915094926472,-45.06368003443815,-10.472462,-5.0426617,1.7354975,-32.00293,-3.1114585,-7.3111477,78.21298,-22.18465,-39.7053,-46.949062,0.17095122,-24.197397,-32.316185,-33.941116,49.774754,-5.3243895,11.258685,-13.257288,26.418253,25.422981,8.086276,39.699677,29.128836,2.508434,0.0,-21.878643,-21.764847,-47.74586,24.455772,2.599485,0.0
364,-20.939315795898438,-347.57659912109375,103.25151824951172,4.310940371622781,-3.8444389049406613,-46.458191045300545,-10.285869,-5.047198,1.8557674,-31.020668,-3.4855204,-6.756585,78.37863,-21.569214,-40.26459,-47.058838,0.018122954,-23.868925,-32.44103,-34.350372,49.99988,-5.588468,10.962075,-13.254801,26.528742,26.331612,8.198261,39.970745,30.205198,3.1049366,0.0,-22.939543,-22.403494,-45.76343,27.997177,1.0399044,0.0
365,-20.781938552856445,-348.71026611328125,102.92329406738281,4.444157897531603,-4.29716265913562,-48.06537281464675,-9.993881,-5.013965,2.1066732,-29.947187,-3.8472924,-6.273684,78.352165,-21.038126,-40.670364,-47.001453,-0.1117138,-23.545746,-32.60069,-34.647003,50.284256,-5.7141137,10.745723,-13.253933,26.594664,27.243008,8.408745,40.233604,31.51387,3.8973618,0.0,-23.706625,-22.630276,-43.835194,30.982494,-0.53836703,0.0
366,-20.671335220336914,-349.836181640625,102.64447784423828,4.553893184205045,-4.821761815939113,-49.833315263710354,-9.617325,-4.9730477,2.465428,-28.804296,-4.229885,-5.8762546,78.1326,-20.591766,-40.94431,-46.801147,-0.20902972,-23.223944,-32.81159,-34.83585,50.61346,-5.7110677,10.558613,-13.260561,26.625914,28.154715,8.666669,40.47315,33.01285,4.8199673,0.0,-24.297096,-22.651684,-41.797638,33.74078,-2.195188,0.0
367,-20.57736587524414,-350.9862060546875,102.37920379638672,4.643448885945964,-5.360955443857915,-51.56702067063388,-9.287948,-4.942776,2.8562431,-27.65191,-4.5641384,-5.5665936,77.784325,-20.26691,-41.1355,-46.562923,-0.28322905,-22.925,-33.04502,-34.894207,50.924934,-5.5601735,10.294231,-13.2679615,26.584728,28.907698,9.016237,40.407352,34.738354,5.6556864,0.0,-24.60174,-22.491869,-39.95467,36.198223,-3.8907275,0.0
368,-20.493043899536133,-352.14959716796875,102.14513397216797,4.7107971470497105,-5.858719970023113,-53.07099042967897,-9.13452,-4.947008,3.2019846,-26.55105,-4.7778687,-5.3327165,77.39112,-20.095371,-41.297066,-46.40168,-0.35787755,-22.662226,-33.26978,-34.846966,51.13237,-5.293128,9.887661,-13.254046,26.451324,29.365631,9.463192,39.784187,36.633644,6.2323995,0.0,-24.702396,-22.289902,-38.481045,38.368855,-5.4734426,0.0
369,-20.42280387878418,-353.3171691894531,101.94708251953125,4.740856368684957,-6.318288757986637,-54.27207923825714,-9.238923,-5.012483,3.4906194,-25.49961,-4.8181143,-5.152193,76.98576,-20.092014,-41.454914,-46.395145,-0.47621682,-22.399754,-33.427296,-34.6489,51.19449,-4.8878784,9.18857,-13.219903,26.179554,29.449097,10.024954,38.364166,38.706238,6.7079606,0.0,-24.556887,-22.079945,-37.476906,40.24575,-6.933574,0.0
370,-20.38086700439453,-354.436767578125,101.76976776123047,4.73397307192074,-6.765151124819912,-55.28049945239892,-9.514458,-5.1244416,3.7580318,-24.472155,-4.735875,-5.007128,76.56188,-20.210613,-41.59111,-46.48959,-0.6330116,-22.130888,-33.51375,-34.338173,51.125225,-4.389551,8.281454,-13.157262,25.815544,29.231415,10.654284,36.32328,40.924835,7.138538,0.0,-24.213701,-21.833883,-36.785168,41.851154,-8.297302,0.0
371,-20.350812911987305,-355.5092468261719,101.6021957397461,4.7065666093088145,-7.177566249851722,-56.17414999293571,-9.839059,-5.2413983,4.0012264,-23.493164,-4.617278,-4.890097,76.133125,-20.395388,-41.689022,-46.59877,-0.78002053,-21.91257,-33.505795,-33.962753,50.962288,-3.8510725,7.3138967,-13.082471,25.419865,28.805313,11.284347,34.072983,43.223686,7.204899,0.0,-23.782883,-21.55175,-36.26587,43.248596,-9.578456,0.0
372,-20.32662582397461,-356.5330505371094,101.4420166015625,4.674595534935269,-7.532922780827604,-57.03099307581639,-10.090609,-5.3225417,4.2190237,-22.586475,-4.545068,-4.80438,75.70449,-20.607376,-41.72615,-46.63344,-0.8696611,-21.804295,-33.42434,-33.643444,50.73227,-3.3808343,6.51783,-12.993292,25.074219,28.27906,11.881151,32.054333,45.573532,6.5652375,0.0,-23.364851,-21.220215,-35.784786,44.47592,-10.772149,0.0
373,-20.312231063842773,-357.5142517089844,101.30278778076172,4.626144516467062,-7.826108168801834,-57.81238560761081,-10.263556,-5.352242,4.4088073,-21.789755,-4.5244765,-4.7528043,75.29721,-20.858334,-41.71868,-46.640953,-0.90749365,-21.8462,-33.24944,-33.405663,50.41198,-3.0095422,5.920928,-12.887496,24.762972,27.644655,12.449013,30.256517,48.03571,4.877731,0.0,-22.938194,-20.84094,-35.383354,45.518486,-11.897505,0.0
374,-20.30624771118164,-358.4533386230469,101.1871566772461,4.554900665625968,-8.070413485496022,-58.49622024859451,-10.414014,-5.353792,4.573298,-21.079908,-4.515556,-4.7330265,74.90581,-21.166662,-41.67325,-46.649265,-0.91684055,-21.99718,-32.963406,-33.23001,49.98451,-2.7240694,5.426795,-12.764668,24.457886,26.855577,13.014242,28.513884,50.643837,2.387892,0.0,-22.469566,-20.427734,-35.10012,46.37659,-12.948053,0.0
375,-20.306116104125977,-359.3624572753906,101.09480285644531,4.486783655867375,-8.269786098201319,-59.186279260165875,-10.5110855,-5.3434343,4.7204766,-20.389452,-4.5332756,-4.74348,74.49393,-21.499718,-41.55707,-46.54602,-0.87285155,-22.192207,-32.580383,-33.11461,49.51878,-2.5124094,5.0312676,-12.65465,24.187311,25.972403,13.607939,27.042566,53.343266,-0.36995134,0.0,-22.00912,-19.97008,-34.828236,47.081696,-13.912327,0.0
376,-20.326047897338867,-360.2303466796875,101.02484130859375,4.4435101913930035,-8.42675709781895,-59.98570899694612,-10.52457,-5.3361096,4.858272,-19.65069,-4.593063,-4.7836723,74.01301,-21.825935,-41.335835,-46.211536,-0.74744695,-22.369745,-32.135628,-33.058033,49.09929,-2.3491678,4.742924,-12.589185,23.974512,25.068941,14.269345,26.052877,56.060276,-2.855324,0.0,-21.615917,-19.448477,-34.462147,47.6557,-14.762756,0.0
377,-20.33473014831543,-361.0495300292969,100.97887420654297,4.43332586968266,-8.526832249740673,-60.94511858717162,-10.413662,-5.3232436,4.9777646,-18.85103,-4.6988807,-4.8608212,73.423775,-22.130138,-40.984123,-45.523125,-0.49029896,-22.551414,-31.657837,-33.05591,48.775936,-2.1955116,4.664518,-12.605528,23.821373,24.203976,15.062754,25.77977,58.78045,-4.9955363,0.0,-21.333925,-18.861113,-33.934914,48.10825,-15.480129,0.0
378,-20.34789276123047,-361.8314208984375,100.96197509765625,4.437894072190516,-8.57260595456953,-62.001921614844676,-10.20541,-5.29933,5.078446,-18.024632,-4.843936,-4.981281,72.73633,-22.437128,-40.51737,-44.558212,-0.12161921,-22.76852,-31.156511,-33.09555,48.516113,-2.0443695,4.7723365,-12.681181,23.710442,23.349863,15.981086,26.046318,61.54611,-7.0666094,0.0,-21.118591,-18.211178,-33.320724,48.42786,-16.08159,0.0
379,-20.371234893798828,-362.56793212890625,100.96508026123047,4.456417294593192,-8.594671913891863,-63.090555201381044,-9.972692,-5.2838326,5.181263,-17.172691,-5.0227904,-5.147059,71.977135,-22.769878,-39.95052,-43.50675,0.28088528,-22.979933,-30.641592,-33.162815,48.28359,-1.9156692,4.8862367,-12.757207,23.635303,22.455961,16.941883,26.447626,64.34174,-9.041788,0.0,-20.917385,-17.547228,-32.696114,48.645645,-16.606226,0.0
380,-20.387020111083984,-363.285400390625,100.98917388916016,4.4830224992193894,-8.6218118881682,-64.14603986683017,-9.7870035,-5.2972717,5.3072724,-16.29698,-5.2333617,-5.3452735,71.18531,-23.148752,-39.30709,-42.56076,0.63203865,-23.12865,-30.123007,-33.24299,48.04092,-1.8280966,4.8262997,-12.77383,23.58973,21.445618,17.84,26.570839,67.15507,-10.8955765,0.0,-20.65918,-16.912302,-32.136864,48.78114,-17.080578,0.0
381,-20.411209106445312,-363.977783203125,101.02738189697266,4.520140962292663,-8.648044050779589,-65.15684479076099,-9.670571,-5.349776,5.4560595,-15.380697,-5.4879794,-5.5564656,70.371155,-23.564156,-38.595985,-41.742584,0.90970635,-23.172665,-29.613148,-33.3295,47.784775,-1.7869605,4.532664,-12.704123,23.591932,20.246426,18.6314,26.303028,70.01075,-12.585022,0.0,-20.355452,-16.313883,-31.667791,48.838562,-17.50977,0.0
382,-20.436538696289062,-364.63934326171875,101.08531951904297,4.56901913545692,-8.661473613309838,-66.1558867025197,-9.585057,-5.429013,5.6188693,-14.42664,-5.784059,-5.7772403,69.53667,-23.976166,-37.810074,-40.985912,1.1591303,-23.150648,-29.118605,-33.42104,47.540977,-1.766942,4.109012,-12.583889,23.638271,18.907595,19.352707,25.856083,72.90027,-14.131371,0.0,-20.034,-15.732617,-31.241089,48.80611,-17.872515,0.0
383,-20.45503807067871,-365.2860412597656,101.15699768066406,4.623191551956935,-8.684227927429673,-67.14386065370397,-9.508753,-5.523763,5.8039613,-13.470027,-6.0914583,-5.9939322,68.699776,-24.391678,-36.95557,-40.308147,1.3745794,-23.10009,-28.636066,-33.51814,47.311863,-1.7428168,3.617143,-12.447413,23.692404,17.521048,20.00893,25.310278,75.75062,-15.5899935,0.0,-19.67195,-15.169333,-30.834856,48.71471,-18.20411,0.0
384,-20.484121322631836,-365.8978271484375,101.22734069824219,4.676847839589736,-8.738335603667622,-68.1213208335115,-9.421737,-5.6221557,6.019638,-12.54507,-6.3806286,-6.1980495,67.88759,-24.803278,-36.04034,-39.746887,1.5552915,-23.06583,-28.154573,-33.620865,47.09558,-1.6962906,3.1172361,-12.328257,23.71648,16.182926,20.615501,24.75656,78.489075,-17.01628,0.0,-19.273262,-14.615439,-30.40747,48.59423,-18.506248,0.0
385,-20.511384963989258,-366.48492431640625,101.3030776977539,4.730431504847922,-8.842853843668344,-69.0841591423873,-9.321874,-5.72974,6.283592,-11.656506,-6.6501694,-6.3783555,67.127754,-25.217861,-35.07389,-39.389347,1.6708051,-23.055466,-27.664442,-33.728405,46.87661,-1.6394594,2.5697238,-12.224478,23.705727,14.934847,21.200697,24.254873,81.10789,-18.409681,0.0,-18.795849,-14.072492,-29.966429,48.430607,-18.787788,0.0
386,-20.529396057128906,-367.03521728515625,101.3860092163086,4.787597702774666,-8.981722371120178,-70.03374968489415,-9.218564,-5.8500667,6.5862703,-10.787786,-6.914344,-6.522233,66.42041,-25.620754,-34.0649,-39.20126,1.7236781,-23.038704,-27.163034,-33.844185,46.654278,-1.5852952,1.9569126,-12.121137,23.679863,13.718419,21.749615,23.755552,83.64863,-19.74376,0.0,-18.26577,-13.54881,-29.516855,48.220108,-19.036022,0.0
387,-20.541824340820312,-367.5597839355469,101.47134399414062,4.851018914289878,-9.123937601107876,-70.97795015807489,-9.109577,-5.9674993,6.8949604,-9.941517,-7.1670885,-6.6238503,65.744225,-25.977327,-33.018467,-39.031837,1.7651947,-23.008102,-26.649443,-33.979378,46.448788,-1.5190433,1.3710989,-12.031659,23.63758,12.489254,22.221119,23.196022,86.1101,-21.045736,0.0,-17.735634,-13.047809,-29.046337,47.988995,-19.253439,0.0
388,-20.54217529296875,-368.06402587890625,101.56002044677734,4.924252643665046,-9.237861649728583,-71.92404240547462,-8.993123,-6.066341,7.1768703,-9.120538,-7.4010816,-6.684318,65.068596,-26.257269,-31.933783,-38.725327,1.8513937,-22.961332,-26.123537,-34.148605,46.281868,-1.4272423,0.90532106,-11.969454,23.576582,11.201327,22.570572,22.513224,88.49234,-22.344038,0.0,-17.258297,-12.577816,-28.540907,47.75918,-19.435568,0.0
389,-20.526596069335938,-368.548583984375,101.65193176269531,5.013440608610965,-9.314432119464865,-72.88371001389648,-8.864247,-6.1455874,7.4256864,-8.321813,-7.6187606,-6.7068367,64.380295,-26.45592,-30.799856,-38.28022,2.0052946,-22.90964,-25.587503,-34.36199,46.167282,-1.3177432,0.5895104,-11.950133,23.499449,9.826979,22.745743,21.671635,90.797264,-23.672003,0.0,-16.858587,-12.145717,-27.977997,47.54483,-19.577269,0.0
390,-20.492393493652344,-369.0042724609375,101.74320983886719,5.113394959732373,-9.369789963781038,-73.84951501929308,-8.725694,-6.2124705,7.65793,-7.5454135,-7.821769,-6.692654,63.685898,-26.59006,-29.6177,-37.75703,2.2006378,-22.85853,-25.040037,-34.619175,46.09109,-1.2001652,0.37534082,-11.961927,23.40406,8.400821,22.774607,20.72985,93.0247,-25.003338,0.0,-16.510078,-11.751735,-27.374296,47.34061,-19.689095,0.0
391,-20.433298110961914,-369.4484558105469,101.84529113769531,5.213271721810539,-9.412715664289529,-74.80043745123433,-8.586703,-6.26376,7.874954,-6.7998624,-8.0023,-6.6288824,62.96515,-26.67732,-28.398851,-37.06307,2.411457,-22.792208,-24.47351,-34.912853,46.028843,-1.0584285,0.24034786,-11.982357,23.28038,6.965137,22.737062,19.758234,95.18138,-26.284946,0.0,-16.170778,-11.38368,-26.762709,47.11916,-19.770288,0.0
392,-20.3622989654541,-369.88665771484375,101.94692993164062,5.300672153182777,-9.45225032369977,-75.71555847002425,-8.460972,-6.2947607,8.078025,-6.088797,-8.154635,-6.5528235,62.2668,-26.669466,-27.173641,-36.220554,2.656137,-22.73134,-23.877455,-35.23536,45.958286,-0.8808418,0.15749747,-11.987768,23.12037,5.5613275,22.716501,18.820133,97.26316,-27.455729,0.0,-15.817363,-11.031474,-26.182678,46.884,-19.846138,0.0
393,-20.29151725769043,-370.309814453125,102.04916381835938,5.36739932362199,-9.488614657289562,-76.58206704624526,-8.351775,-6.298942,8.2658615,-5.424696,-8.271612,-6.443541,61.54222,-26.632803,-25.925114,-35.090385,2.9200554,-22.634449,-23.241222,-35.588783,45.881004,-0.6675758,0.16463152,-11.973729,22.913553,4.1755767,22.72258,17.897232,99.275986,-28.490982,0.0,-15.446976,-10.682834,-25.646423,46.623703,-19.907852,0.0
394,-20.21355628967285,-370.7264099121094,102.15573120117188,5.421237934418283,-9.518707239431198,-77.41391183641697,-8.253804,-6.280184,8.437965,-4.8002353,-8.358262,-6.304453,60.79937,-26.539951,-24.65269,-33.73676,3.22238,-22.529228,-22.560822,-35.981197,45.79953,-0.4348476,0.2566132,-11.95278,22.668041,2.7945237,22.71629,16.96974,101.2194,-29.424631,0.0,-15.066227,-10.34347,-25.13511,46.33887,-19.951591,0.0
395,-20.12140464782715,-371.14959716796875,102.27423095703125,5.4756154524105884,-9.545247846455966,-78.22840327565925,-8.15704,-6.253371,8.597288,-4.199689,-8.427311,-6.139855,60.04598,-26.390123,-23.362238,-32.2583,3.5223417,-22.440802,-21.83576,-36.407776,45.686,-0.18779625,0.34840685,-11.927841,22.40086,1.4534873,22.714916,16.087606,103.08634,-30.288963,0.0,-14.667759,-10.024571,-24.641718,46.027695,-19.986746,0.0
396,-20.028104782104492,-371.5588684082031,102.3879165649414,5.539307017655966,-9.570665720149956,-79.04284555326774,-8.051507,-6.23272,8.746982,-3.608107,-8.486789,-5.9499207,59.28049,-26.188763,-22.05513,-30.740784,3.7729437,-22.388021,-21.068924,-36.859962,45.51377,0.07467752,0.35271132,-11.900604,22.13041,0.1855534,22.737186,15.299047,104.86151,-31.108553,0.0,-14.28159,-9.729432,-24.137938,45.720905,-20.017752,0.0
397,-19.93761444091797,-371.9607238769531,102.49510192871094,5.614762588324954,-9.594540246140724,-79.86760224576675,-7.9318223,-6.2190385,8.88412,-3.01784,-8.534776,-5.738568,58.50528,-25.920155,-20.718607,-29.091469,3.9467165,-22.409122,-20.263336,-37.33597,45.288036,0.3586585,0.2597311,-11.871128,21.860794,-0.99156123,22.8115,14.631011,106.550095,-31.87991,0.0,-13.909633,-9.458214,-23.626637,45.426617,-20.050758,0.0
398,-19.83380699157715,-372.3490295410156,102.59970092773438,5.696875909060311,-9.615376004653392,-80.69205605497723,-7.80386,-6.2059464,9.008342,-2.4379263,-8.568741,-5.5078373,57.72149,-25.590105,-19.35788,-27.300747,4.07061,-22.481655,-19.419487,-37.836796,45.020153,0.6664657,0.11202825,-11.838064,21.58244,-2.101938,22.927143,14.046204,108.15446,-32.589012,0.0,-13.550043,-9.213927,-23.109825,45.136406,-20.07617,0.0
399,-19.718564987182617,-372.73297119140625,102.71427917480469,5.786845612194553,-9.634773425036967,-81.50160833018572,-7.675003,-6.1966066,9.126552,-1.8779718,-8.596558,-5.2553234,56.927483,-25.229116,-17.999544,-25.586859,4.1838493,-22.533138,-18.537443,-38.353424,44.694447,0.9947078,-0.09849781,-11.799895,21.294104,-3.1747413,23.046515,13.493224,109.66384,-33.250515,0.0,-13.179593,-8.994068,-22.593962,44.81982,-20.091164,0.0
400,-19.61899757385254,-373.0967712402344,102.82261657714844,5.883968520954043,-9.654316699662086,-82.28143171157673,-7.5526357,-6.1942244,9.245756,-1.3473668,-8.6299095,-4.9730105,56.114346,-24.868612,-16.66689,-24.161543,4.326856,-22.490725,-17.61746,-38.872414,44.294693,1.3439428,-0.38173512,-11.755019,20.995573,-4.2395487,23.127949,12.925931,111.05396,-33.867764,0.0,-12.810682,-8.793321,-22.076662,44.49255,-20.109402,0.0
401,-19.507570266723633,-373.4522705078125,102.93473815917969,5.998401269708521,-9.676191055490055,-83.03078454575517,-7.4373164,-6.210776,9.36667,-0.85258776,-8.662237,-4.655533,55.278297,-24.511496,-15.3624935,-23.105427,4.519721,-22.336988,-16.661333,-39.38114,43.810684,1.7340078,-0.7620551,-11.712127,20.7056,-5.2952867,23.161312,12.338143,112.32671,-34.43839,0.0,-12.429174,-8.631841,-21.547169,44.142212,-20.129765,0.0
402,-19.39321517944336,-373.8023376464844,103.0538558959961,6.127673169157735,-9.698665422038724,-83.75695578194055,-7.325507,-6.2407703,9.486045,-0.38696188,-8.693587,-4.300562,54.41858,-24.140697,-14.075886,-22.292627,4.738128,-22.107876,-15.67152,-39.87813,43.25509,2.1682594,-1.2300584,-11.66772,20.419645,-6.331274,23.17114,11.750841,113.49011,-34.95957,0.0,-12.033409,-8.499837,-21.012823,43.763443,-20.147987,0.0
403,-19.273656845092773,-374.157958984375,103.1712646484375,6.2508722630326226,-9.7175100537374,-84.45609364749588,-7.2191076,-6.261334,9.604774,0.05874409,-8.732326,-3.908278,53.541107,-23.751518,-12.814878,-21.638165,4.9615374,-21.814537,-14.648882,-40.367077,42.64676,2.6214635,-1.7424341,-11.601885,20.102232,-7.3635206,23.164919,11.16342,114.54146,-35.43261,0.0,-11.626846,-8.378231,-20.492937,43.368004,-20.168232,0.0
404,-19.14445686340332,-374.4964294433594,103.28703308105469,6.350587946498849,-9.72934768142489,-85.1248930706097,-7.120262,-6.249575,9.72358,0.4941187,-8.791071,-3.4793365,52.650894,-23.34132,-11.586425,-21.055857,5.1685715,-21.466679,-13.592499,-40.85195,42.002865,3.0661006,-2.2539594,-11.494777,19.717236,-8.406157,23.153353,10.569353,115.48058,-35.86104,0.0,-11.220708,-8.248851,-20.00194,42.94945,-20.170822,0.0
405,-19.005352020263672,-374.8292236328125,103.40486907958984,6.4223454036566165,-9.732693941554645,-85.75716327317538,-7.0336285,-6.2008414,9.841481,0.9216878,-8.873241,-3.0121133,51.747612,-22.918268,-10.396826,-20.58793,5.3649583,-21.043123,-12.499126,-41.335354,41.325283,3.5005798,-2.7664719,-11.327863,19.234934,-9.477067,23.142534,9.960312,116.31094,-36.246647,0.0,-10.803895,-8.106109,-19.550798,42.494305,-20.15701,0.0
406,-18.874494552612305,-375.1457824707031,103.52387237548828,6.474888351358211,-9.73060231034366,-86.35610495841644,-6.957408,-6.127022,9.95834,1.3364756,-8.972313,-2.506397,50.830036,-22.481417,-9.244259,-20.262062,5.556944,-20.543314,-11.367393,-41.812424,40.60516,3.9364862,-3.296256,-11.113957,18.682457,-10.565988,23.12262,9.341965,117.031296,-36.59277,0.0,-10.379335,-7.9516597,-19.131853,42.002983,-20.127506,0.0
407,-18.734689712524414,-375.44879150390625,103.64775848388672,6.514672171668329,-9.7252571522756,-86.93353842213186,-6.882296,-6.0302515,10.075777,1.7361562,-9.083503,-1.9653127,49.89829,-22.01577,-8.120852,-19.9643,5.724021,-20.008495,-10.20124,-42.279835,39.842625,4.369188,-3.8224695,-10.881836,18.110031,-11.650608,23.082916,8.727589,117.640274,-36.90771,0.0,-9.953115,-7.7970166,-18.728956,41.489857,-20.077806,0.0
408,-18.58775520324707,-375.76165771484375,103.77281951904297,6.542531838082299,-9.718911356336294,-87.5014913438873,-6.7986493,-5.9126997,10.195551,2.118595,-9.202058,-1.3943949,48.95341,-21.507523,-7.0178795,-19.57952,5.8476,-19.481733,-9.008624,-42.733395,39.040894,4.795418,-4.323766,-10.661477,17.566381,-12.707375,23.013496,8.1316185,118.137665,-37.198135,0.0,-9.525279,-7.642838,-18.334036,40.978878,-20.021143,0.0
409,-18.43555450439453,-376.0624694824219,103.88870239257812,6.552988687468378,-9.71406937447468,-88.0643520370883,-6.7005625,-5.7607317,10.3245535,2.4851315,-9.338134,-0.7997638,47.995342,-20.95782,-5.941057,-19.071295,5.9193845,-18.953396,-7.7964325,-43.167107,38.1899,5.218622,-4.823607,-10.461002,17.063463,-13.736889,22.90993,7.540746,118.524414,-37.462917,0.0,-9.113497,-7.482862,-17.939888,40.489243,-19.955658,0.0
410,-18.28059959411621,-376.3518371582031,103.99602508544922,6.547911384892461,-9.709600879911333,-88.61532415607745,-6.594411,-5.578009,10.459494,2.8361146,-9.491074,-0.18410468,47.021023,-20.377968,-4.889006,-18.501122,5.9516654,-18.407125,-6.568307,-43.57688,37.297962,5.649942,-5.323919,-10.264976,16.576027,-14.749687,22.776245,6.9549756,118.79935,-37.705067,0.0,-8.715226,-7.318163,-17.551163,40.013847,-19.88315,0.0
411,-18.12745475769043,-376.64703369140625,104.10294342041016,6.539763855787852,-9.70083203810329,-89.15004101593075,-6.4890804,-5.3921695,10.586719,3.1675143,-9.6353655,0.45100144,46.031628,-19.769835,-3.844442,-17.906208,5.957785,-17.875637,-5.3284492,-43.960407,36.39639,6.09904,-5.7704296,-10.070004,16.095064,-15.734604,22.61675,6.411757,118.953766,-37.93567,0.0,-8.322191,-7.162903,-17.173592,39.542736,-19.808634,0.0
412,-17.961585998535156,-376.9427795410156,104.21184539794922,6.546948714340412,-9.683161473651957,-89.66372824721881,-6.3933268,-5.2309394,10.692779,3.4753015,-9.743484,1.1059644,45.028282,-19.1344,-2.7906718,-17.323362,5.949241,-17.39175,-4.0817127,-44.314297,35.517635,6.5748944,-6.1078773,-9.873302,15.610146,-16.679756,22.43871,5.9442415,118.97794,-38.16302,0.0,-7.9480176,-7.0466757,-16.800539,39.084545,-19.733128,0.0
413,-17.798357009887695,-377.212158203125,104.31681823730469,6.574715519995918,-9.651609717134738,-90.15403979100466,-6.3098736,-5.1017942,10.771746,3.7453294,-9.804984,1.780533,44.0036,-18.46077,-1.7193385,-16.747038,5.922253,-16.976664,-2.834288,-44.644928,34.672134,7.083899,-6.3287354,-9.672055,15.118742,-17.593157,22.237823,5.5634894,118.86203,-38.38805,0.0,-7.6223497,-6.9728785,-16.42507,38.65884,-19.65707,0.0
414,-17.64569854736328,-377.4950866699219,104.42932891845703,6.612698880499233,-9.609755340258015,-90.62351288579329,-6.233837,-4.9900446,10.831803,3.9845686,-9.8376,2.4737031,42.95785,-17.753046,-0.6415279,-16.160744,5.871713,-16.608303,-1.5897928,-44.95058,33.848705,7.6235547,-6.4580784,-9.470283,14.624257,-18.474478,22.014643,5.250413,118.61761,-38.610817,0.0,-7.2995996,-6.9198346,-16.065342,38.225475,-19.578438,0.0
415,-17.49408721923828,-377.7685852050781,104.53599548339844,6.654742168980457,-9.565525339052313,-91.07583369267147,-6.1622376,-4.8904448,10.880722,4.2203283,-9.851559,3.1863399,41.907856,-17.035145,0.4283547,-15.5894,5.8054543,-16.25269,-0.3493732,-45.217518,33.045094,8.191612,-6.4945,-9.278164,14.127004,-19.301655,21.780844,4.999452,118.248146,-38.824146,0.0,-6.993882,-6.884607,-15.713662,37.81136,-19.501108,0.0
416,-17.339284896850586,-378.04888916015625,104.645751953125,6.692845831870025,-9.526984972758337,-91.51449579268417,-6.0923333,-4.797856,10.926279,4.4802837,-9.859876,3.9214292,40.8752,-16.331524,1.4737986,-15.063121,5.7311525,-15.874072,0.8908338,-45.416363,32.25379,8.794655,-6.4502378,-9.110891,13.6274605,-20.05337,21.548817,4.8010664,117.766266,-39.025673,0.0,-6.669527,-6.8534884,-15.381727,37.384647,-19.41579,0.0
417,-17.182493209838867,-378.3288879394531,104.75408172607422,6.729163440003188,-9.499980364517027,-91.93756002689445,-6.026701,-4.718011,10.973404,4.7870464,-9.866774,4.6830754,39.870472,-15.645142,2.4880428,-14.610499,5.6473536,-15.4667425,2.1217182,-45.547382,31.482964,9.435406,-6.247004,-8.976636,13.125897,-20.722334,21.316423,4.6502824,117.17037,-39.20774,0.0,-6.327825,-6.8312335,-15.072301,36.957325,-19.325485,0.0
418,-17.03479766845703,-378.59967041015625,104.8587417602539,6.765810485646275,-9.478993902271796,-92.34435077223569,-5.9658732,-4.6514826,11.01701,5.121063,-9.864308,5.4734917,38.8906,-14.965545,3.4736857,-14.220051,5.54973,-15.045304,3.3414195,-45.604443,30.73474,10.122845,-5.9216647,-8.873918,12.620884,-21.318092,21.080853,4.5513916,116.455795,-39.370934,0.0,-5.984181,-6.816545,-14.781229,36.53634,-19.231424,0.0
419,-16.88300895690918,-378.868896484375,104.96253967285156,6.795644031147807,-9.455113971506114,-92.73909914310947,-5.902003,-4.5860844,11.050009,5.445214,-9.853284,6.2917805,37.937256,-14.2987795,4.4282846,-13.861209,5.441859,-14.60557,4.5426536,-45.61239,30.013308,10.82519,-5.5988107,-8.772639,12.115157,-21.842897,20.85338,4.5105667,115.62448,-39.522873,0.0,-5.642857,-6.8019934,-14.499239,36.11136,-19.130579,0.0
420,-16.73268699645996,-379.1574401855469,105.06727600097656,6.813558452468883,-9.418885529346069,-93.126772293931,-5.827707,-4.509452,11.064984,5.7224503,-9.829686,7.1343145,37.014084,-13.653457,5.3511868,-13.507172,5.3283033,-14.143098,5.7253814,-45.587807,29.316208,11.518546,-5.413529,-8.646447,11.610676,-22.302177,20.643373,4.531687,114.68115,-39.66831,0.0,-5.2988324,-6.7741094,-14.224567,35.66714,-19.025919,0.0
421,-16.585634231567383,-379.4361877441406,105.16234588623047,6.814254051784276,-9.36032305116624,-93.51230565333255,-5.7375035,-4.4162555,11.051583,5.9316998,-9.790236,7.9978046,36.124554,-13.039971,6.2460318,-13.166668,5.2166586,-13.630929,6.884694,-45.55791,28.653734,12.190174,-5.372629,-8.487446,11.096651,-22.704824,20.474144,4.625557,113.63052,-39.822388,0.0,-4.999518,-6.7244654,-13.929576,35.23808,-18.91913,0.0
422,-16.439035415649414,-379.70947265625,105.26078033447266,6.801543623764409,-9.286941499707517,-93.89154824642189,-5.6368093,-4.3138247,11.016298,6.096816,-9.736961,8.880316,35.27008,-12.4573965,7.1152606,-12.856614,5.10315,-13.079644,8.0275545,-45.50046,28.019262,12.860134,-5.4228444,-8.314078,10.575048,-23.045803,20.33018,4.7807055,112.4713,-39.96728,0.0,-4.71474,-6.659506,-13.635241,34.79092,-18.7951,0.0
423,-16.286211013793945,-379.98760986328125,105.36363983154297,6.784252036758807,-9.216604240469787,-94.25700006227362,-5.532618,-4.2091837,10.977552,6.2466574,-9.676355,9.7789,34.454285,-11.899215,7.95686,-12.562314,4.9761434,-12.540652,9.15211,-45.425888,27.411037,13.509925,-5.5433416,-8.110644,10.068553,-23.295994,20.179527,4.989019,111.188225,-40.07704,0.0,-4.410558,-6.595926,-13.358289,34.318726,-18.660835,0.0
424,-16.13560676574707,-380.2549743652344,105.46525573730469,6.768981921925582,-9.167278611924626,-94.60039320736327,-5.433028,-4.108721,10.953756,6.4110885,-9.616006,10.690526,33.67961,-11.358479,8.769642,-12.268399,4.82431,-12.065459,10.267098,-45.30869,26.811453,14.14239,-5.7470922,-7.8750815,9.600516,-23.42226,19.988487,5.2432065,109.75755,-40.12435,0.0,-4.0730457,-6.5431876,-13.113103,33.830894,-18.52232,0.0
425,-15.995709419250488,-380.5281982421875,105.5723876953125,6.7589907285944,-9.149401731356871,-94.925803283886,-5.332421,-4.011962,10.957861,6.603034,-9.557716,11.612386,32.946747,-10.841494,9.557459,-12.001816,4.6365085,-11.663364,11.371249,-45.17203,26.233423,14.732681,-6.0447297,-7.578097,9.157276,-23.400421,19.759119,5.5558605,108.175156,-40.112263,0.0,-3.6653717,-6.497569,-12.910967,33.29874,-18.376743,0.0
426,-15.856342315673828,-380.79949951171875,105.68247985839844,6.749871036948967,-9.151451362681478,-95.23580728743565,-5.229217,-3.9159317,10.977383,6.8049254,-9.497747,12.542636,32.255997,-10.354142,10.324086,-11.763464,4.4226713,-11.309001,12.46619,-45.016994,25.676477,15.286864,-6.430386,-7.230783,8.734625,-23.249687,19.505814,5.9219584,106.45296,-40.046276,0.0,-3.214255,-6.45687,-12.738179,32.734432,-18.221107,0.0
427,-15.713628768920898,-381.0711975097656,105.78589630126953,6.740419707652714,-9.158639206446017,-95.51954999450807,-5.1361804,-3.8237476,10.992574,6.9996634,-9.43274,13.479266,31.610254,-9.887459,11.072813,-11.4964285,4.1997824,-11.002941,13.555205,-44.814926,25.116083,15.830952,-6.863298,-6.8764367,8.369461,-23.007069,19.21521,6.304324,104.588005,-39.90284,0.0,-2.7565536,-6.4270816,-12.589058,32.17509,-18.070877,0.0
428,-15.556547164916992,-381.3406982421875,105.88925170898438,6.726033734510513,-9.156670689113598,-95.76601957811684,-5.0652633,-3.738768,10.984007,7.1695375,-9.361354,14.420569,31.011536,-9.431281,11.806861,-11.142107,3.9852176,-10.74528,14.631557,-44.560394,24.544664,16.37695,-7.277667,-6.5498486,8.095801,-22.71002,18.875803,6.6637163,102.583305,-39.66227,0.0,-2.3062682,-6.409378,-12.466826,31.61066,-17.914566,0.0
429,-15.400060653686523,-381.6250915527344,105.98890686035156,6.709865261355195,-9.139780955100049,-95.96629064989419,-5.0272136,-3.662848,10.94174,7.307345,-9.279383,15.365775,30.459827,-8.976441,12.534727,-10.628565,3.7785206,-10.552755,15.691609,-44.2405,23.958427,16.93714,-7.7040954,-6.2608438,7.943946,-22.374372,18.49388,6.989439,100.4465,-39.320217,0.0,-1.8661661,-6.4018545,-12.379022,31.05224,-17.76552,0.0
430,-15.244032859802246,-381.8850402832031,106.07874298095703,6.68737703478443,-9.116764232098939,-96.12795674838277,-5.0130196,-3.5938609,10.877897,7.4232063,-9.191334,16.314272,29.95021,-8.530163,13.255725,-10.001392,3.5736272,-10.418881,16.732521,-43.857746,23.36773,17.503887,-8.164291,-5.990595,7.888512,-21.97359,18.07474,7.298457,98.16877,-38.880184,0.0,-1.4529896,-6.3988457,-12.314798,30.515734,-17.617456,0.0
431,-15.097135543823242,-382.16497802734375,106.17298889160156,6.66528658789293,-9.093380130709157,-96.26705482239663,-5.0045204,-3.528908,10.806329,7.5260296,-9.098163,17.262924,29.476732,-8.106406,13.963196,-9.378627,3.3759933,-10.311614,17.75186,-43.416946,22.774685,18.074823,-8.59893,-5.7410197,7.8809886,-21.491117,17.60753,7.5898004,95.74509,-38.346542,0.0,-1.0116562,-6.396219,-12.281902,29.94771,-17.466002,0.0
432,-14.942092895507812,-382.4498596191406,106.2703857421875,6.647074891159077,-9.075605218377389,-96.4003903546467,-4.9836235,-3.4649906,10.740688,7.6250315,-9.00565,18.20661,29.033579,-7.7205553,14.652133,-8.879289,3.1915586,-10.200576,18.749277,-42.917362,22.177797,18.650255,-8.953091,-5.5153494,7.872665,-20.908653,17.084335,7.8625207,93.16272,-37.71843,0.0,-0.54955107,-6.4022946,-12.262783,29.357132,-17.308083,0.0
433,-14.790632247924805,-382.7154846191406,106.36441802978516,6.635430480460496,-9.067748635991636,-96.52443307777658,-4.9488955,-3.4059618,10.686913,7.7220516,-8.91041,19.14027,28.618101,-7.3815713,15.323023,-8.527066,3.0277257,-10.082282,19.72496,-42.352215,21.57052,19.23167,-9.214854,-5.3203106,7.8597755,-20.213734,16.48887,8.105859,90.387596,-36.986233,0.0,-0.08056325,-6.4175506,-12.258879,28.760914,-17.147064,0.0
434,-14.633624076843262,-382.9885559082031,106.45872497558594,6.629243200988669,-9.066034753457895,-96.63383370109946,-4.9085054,-3.3516932,10.637113,7.8123374,-8.811653,20.06073,28.229607,-7.0811114,15.985731,-8.256956,2.8791325,-9.973709,20.67769,-41.726406,20.956411,19.815933,-9.410882,-5.1521416,7.863983,-19.416788,15.839114,8.314637,87.43489,-36.14896,0.0,0.4112246,-6.4433904,-12.278266,28.144476,-16.98349,0.0
435,-14.484375953674316,-383.27783203125,106.54739379882812,6.616211569047434,-9.06476010862495,-96.7402753696326,-4.858914,-3.2932153,10.584337,7.894971,-8.715404,20.966326,27.863882,-6.80887,16.649351,-8.054971,2.7326403,-9.875157,21.607119,-41.05237,20.345936,20.397076,-9.547599,-4.999226,7.8749423,-18.530478,15.175798,8.501793,84.35048,-35.21646,0.0,0.91508514,-6.45875,-12.305949,27.521969,-16.826817,0.0
436,-14.327122688293457,-383.56439208984375,106.6268310546875,6.588206467771743,-9.05795163186006,-96.85618562526045,-4.796702,-3.2216907,10.5215435,7.9691057,-8.625703,21.856287,27.51748,-6.5535555,17.32198,-7.9076843,2.5750947,-9.786556,22.513643,-40.34761,19.750544,20.967625,-9.627512,-4.849173,7.8825817,-17.567362,14.535291,8.682189,81.17979,-34.203995,0.0,1.3995641,-6.4592648,-12.31497,26.91746,-16.675213,0.0
437,-14.171332359313965,-383.833984375,106.6987533569336,6.548795538096036,-9.047544384184981,-96.98310246453734,-4.7157907,-3.1410081,10.449616,8.030503,-8.545829,22.729809,27.18949,-6.3212957,18.013033,-7.8267884,2.3912692,-9.70591,23.400797,-39.608486,19.16731,21.522848,-9.605637,-4.6874585,7.8978505,-16.522095,13.910755,8.8471985,77.904175,-33.095764,0.0,1.8630317,-6.4433937,-12.302727,26.327143,-16.521786,0.0
438,-14.015634536743164,-384.100830078125,106.76028442382812,6.498814416559627,-9.03576843021785,-97.11501148218225,-4.619766,-3.0535324,10.371406,8.080915,-8.473156,23.58596,26.879082,-6.1137724,18.71739,-7.8113976,2.1920927,-9.634877,24.270842,-38.83284,18.591269,22.061356,-9.491966,-4.5241804,7.9214077,-15.390079,13.294831,8.992933,74.50418,-31.89024,0.0,2.3127646,-6.416231,-12.278246,25.756485,-16.376999,0.0
439,-13.85920238494873,-384.3769226074219,106.82022857666016,6.431218303529208,-9.016958796949659,-97.25271080167849,-4.5195704,-2.9486265,10.282397,8.128716,-8.402397,24.42446,26.5825,-5.9123187,19.421001,-7.8287616,2.003806,-9.579989,25.121233,-38.0502,18.03266,22.580048,-9.364578,-4.3831387,7.927679,-14.1906595,12.72316,9.1519,71.02901,-30.616032,0.0,2.7608895,-6.366841,-12.246102,25.17543,-16.228647,0.0
440,-13.692458152770996,-384.66485595703125,106.87006378173828,6.337384757140284,-8.985388728255112,-97.39639877421268,-4.4261904,-2.8159473,10.1779375,8.182209,-8.32862,25.24568,26.295725,-5.6988373,20.108923,-7.847669,1.8527724,-9.547471,25.947517,-37.29493,17.507301,23.076984,-9.29337,-4.2883067,7.8908453,-12.941235,12.222882,9.361334,67.51675,-29.29309,0.0,3.1813984,-6.293865,-12.196733,24.618093,-16.09202,0.0
441,-13.519984245300293,-384.93634033203125,106.90935516357422,6.215601822002849,-8.936212191945483,-97.54709270461812,-4.340236,-2.6549814,10.050715,8.237906,-8.24887,26.049608,26.020487,-5.4647884,20.779911,-7.824211,1.7523271,-9.550039,26.747004,-36.586582,17.03368,23.557995,-9.301438,-4.26662,7.784511,-11.633208,11.796736,9.657954,63.92802,-27.91193,0.0,3.5462956,-6.194498,-12.119255,24.099855,-15.961508,0.0
442,-13.348118782043457,-385.2185363769531,106.94387817382812,6.071689685546594,-8.87319614645855,-97.70453756333232,-4.256569,-2.4708548,9.904906,8.293551,-8.165979,26.83602,25.756178,-5.2198877,21.44179,-7.7857184,1.6861894,-9.581364,27.521027,-35.91581,16.602806,24.023508,-9.3384,-4.2988505,7.62983,-10.263463,11.419622,10.017732,60.25173,-26.46035,0.0,3.8931193,-6.069722,-12.027541,23.58502,-15.832883,0.0
443,-13.17149829864502,-385.50628662109375,106.97126770019531,5.903978344341913,-8.804893305017607,-97.8660669759555,-4.1775417,-2.2617521,9.753172,8.359243,-8.085728,27.605133,25.496374,-4.973125,22.09395,-7.8082333,1.6365576,-9.620086,28.270235,-35.270176,16.19163,24.46248,-9.363269,-4.3382864,7.4716,-8.85957,11.075772,10.389736,56.570057,-24.958755,0.0,4.2257223,-5.9214697,-11.925989,23.08304,-15.712064,0.0
444,-12.986083030700684,-385.77716064453125,106.986328125,5.7140070293955505,-8.739075023160707,-98.02980326316064,-4.105418,-2.025885,9.608288,8.445043,-8.016688,28.357506,25.235485,-4.7337794,22.734488,-7.9682956,1.5865921,-9.645491,28.995363,-34.63761,15.774488,24.864231,-9.33713,-4.339206,7.3554544,-7.446457,10.754794,10.727148,52.959496,-23.429283,0.0,4.528778,-5.75514,-11.811611,22.62231,-15.6065645,0.0
445,-12.793075561523438,-386.0594787597656,106.99166107177734,5.500230616880184,-8.679196532681342,-98.19989180437071,-4.03813,-1.7559491,9.475915,8.558378,-7.9607615,29.094381,24.969088,-4.503981,23.360209,-8.311698,1.5357766,-9.653513,29.696896,-34.012424,15.334177,25.227924,-9.244422,-4.2910943,7.3023224,-6.004558,10.451825,11.029756,49.38098,-21.845695,0.0,4.832565,-5.5679564,-11.691574,22.179047,-15.517048,0.0
446,-12.596273422241211,-386.3232421875,106.9808349609375,5.26633520513557,-8.620701436242344,-98.37599393106501,-3.975018,-1.4553963,9.348313,8.692311,-7.914736,29.81593,24.701805,-4.2783165,23.971699,-8.790048,1.493602,-9.657009,30.374788,-33.39994,14.886835,25.558365,-9.108264,-4.217773,7.285326,-4.523613,10.170992,11.327579,45.79573,-20.20644,0.0,5.093869,-5.365296,-11.550479,21.798294,-15.452242,0.0
447,-12.388326644897461,-386.5885314941406,106.95872497558594,5.007190087617592,-8.560115863510276,-98.54837608662253,-3.921122,-1.1373787,9.218354,8.835246,-7.8735785,30.520561,24.441261,-4.0535316,24.574038,-9.338342,1.4583517,-9.660366,31.028376,-32.811443,14.455873,25.853554,-8.943759,-4.124539,7.278935,-3.0575445,9.926216,11.617774,42.311672,-18.584871,0.0,5.338474,-5.1428,-11.404271,21.439032,-15.399529,0.0
448,-12.195101737976074,-386.8525390625,106.92399597167969,4.726817603160251,-8.492995056337868,-98.7071457745559,-3.8816292,-0.81489795,9.07903,8.975739,-7.834119,31.205416,24.194317,-3.825917,25.174063,-9.890437,1.4276276,-9.667133,31.6566,-32.256348,14.06868,26.111809,-8.764615,-4.016297,7.2566366,-1.6612372,9.728956,11.89781,39.039932,-17.05383,0.0,5.5611606,-4.8921943,-11.2614355,21.102467,-15.36223,0.0
449,-11.991559028625488,-387.0950622558594,106.88140106201172,4.417604080701992,-8.416831229428636,-98.85265311844832,-3.8564534,-0.482034,8.925843,9.110128,-7.798224,31.86866,23.960495,-3.587793,25.776327,-10.430038,1.4018475,-9.680322,32.259872,-31.736034,13.7291155,26.339584,-8.554653,-3.8893187,7.2147026,-0.36284322,9.586969,12.13382,35.97367,-15.536242,0.0,5.751505,-4.6125355,-11.116275,20.781292,-15.324075,0.0
450,-11.782870292663574,-387.3354797363281,106.83172607421875,4.079122766192578,-8.334388136388025,-98.98892988084506,-3.8434715,-0.13462767,8.763489,9.244899,-7.7663636,32.50952,23.735786,-3.3411689,26.380402,-10.98981,1.3823007,-9.697952,32.83849,-31.246502,13.424475,26.537664,-8.3124075,-3.7425077,7.1658416,0.86315155,9.493513,12.342316,33.075462,-14.039709,0.0,5.9301767,-4.3018,-10.972984,20.461077,-15.286932,0.0
451,-11.582716941833496,-387.5732727050781,106.77617645263672,3.7296820058053193,-8.248622418999675,-99.1119201263479,-3.8448794,0.21153797,8.599024,9.383241,-7.7360535,33.12618,23.52084,-3.0963428,26.986965,-11.576472,1.3670659,-9.715615,33.39023,-30.790375,13.156979,26.698975,-8.074547,-3.5845718,7.1083384,2.0428307,9.433994,12.594878,30.413397,-12.74955,0.0,6.0973425,-3.976754,-10.836177,20.150576,-15.25723,0.0
452,-11.366364479064941,-387.8077087402344,106.73546600341797,3.3836414675077364,-8.162891879086747,-99.21764532453695,-3.8627958,0.5404683,8.439665,9.528604,-7.7009826,33.71633,23.316198,-2.8642533,27.597063,-12.1968355,1.3540552,-9.728424,33.911076,-30.370691,12.92846,26.81883,-7.877984,-3.424684,7.040798,3.1914155,9.390597,12.95139,28.075329,-11.857354,0.0,6.288419,-3.6605124,-10.718422,19.785696,-15.197416,0.0
453,-11.139400482177734,-388.0457458496094,106.71952056884766,3.0280787593873826,-8.070511713899089,-99.30540854711812,-3.90147,0.86604124,8.27945,9.694419,-7.6549253,34.27812,23.118551,-2.630469,28.221502,-12.853206,1.338824,-9.746391,34.398003,-29.991688,12.74626,26.892418,-7.7446647,-3.247003,6.9513984,4.303061,9.386847,13.436845,26.192932,-11.553127,0.0,6.5242295,-3.3292294,-10.622595,19.312508,-15.086183,0.0
454,-10.921313285827637,-388.26708984375,106.67451477050781,2.6612363378336474,-7.971930009058918,-99.37734166214258,-3.9583833,1.1907318,8.1175585,9.874735,-7.6024065,34.81042,22.927933,-2.39288,28.859894,-13.539937,1.3241786,-9.769191,34.849834,-29.648064,12.60635,26.930508,-7.654089,-3.0529282,6.844162,5.407313,9.402611,14.02664,24.606995,-11.639428,0.0,6.6768866,-2.9933925,-10.510002,18.971323,-15.0398245,0.0
455,-10.721491813659668,-388.4769287109375,106.60415649414062,2.316728369093018,-7.880937119161678,-99.43377080096205,-4.025673,1.4817058,7.9688077,10.043739,-7.556421,35.312664,22.74947,-2.1821513,29.494213,-14.250894,1.3189796,-9.774554,35.26446,-29.326078,12.496795,26.950216,-7.5786595,-2.8769715,6.7412505,6.52751,9.368266,14.681571,23.063148,-11.780389,0.0,6.7760854,-2.689143,-10.4004755,18.751707,-15.05266,0.0
456,-10.535067558288574,-388.6669616699219,106.53900909423828,2.0265904258271994,-7.811329392864683,-99.47451058549976,-4.0960584,1.7064959,7.8479767,10.175733,-7.5293884,35.785267,22.588026,-2.0277255,30.10582,-14.979762,1.330854,-9.738586,35.63921,-29.014843,12.402138,26.970032,-7.4930153,-2.7545178,6.6658487,7.64073,9.230346,15.341915,21.39969,-11.6923275,0.0,6.8923,-2.448112,-10.324753,18.544989,-15.060512,0.0
457,-10.345541954040527,-388.8464660644531,106.50679779052734,1.8106522889897694,-7.773886905330727,-99.50301761531551,-4.166925,1.8461632,7.7699223,10.252187,-7.5311813,36.228992,22.441902,-1.9389391,30.68312,-15.765632,1.3651366,-9.62703,35.96922,-28.70974,12.316192,26.982922,-7.4094324,-2.704971,6.633145,8.720068,8.968047,16.011946,19.629353,-11.335819,0.0,7.0976872,-2.2905288,-10.300936,18.24017,-15.0064745,0.0
458,-10.148898124694824,-389.0286560058594,106.49311828613281,1.6471347321784606,-7.758716542032775,-99.51805294077437,-4.2430797,1.921584,7.723142,10.290676,-7.5524044,36.644794,22.308567,-1.8972524,31.236479,-16.59707,1.4149811,-9.457913,36.251965,-28.415745,12.247786,26.989565,-7.337473,-2.7065175,6.6277,9.758287,8.62528,16.700941,17.866282,-10.8801,0.0,7.3593493,-2.197235,-10.315172,17.886282,-14.923319,0.0
459,-9.958757400512695,-389.2115173339844,106.4814682006836,1.5127294280445105,-7.748346549446216,-99.51182026775247,-4.3286285,1.9601871,7.682892,10.319717,-7.5781083,37.03436,22.19122,-1.8918144,31.779478,-17.391317,1.4689783,-9.285866,36.490646,-28.133171,12.209724,27.015753,-7.2437577,-2.7324164,6.6259713,10.756338,8.249032,17.3522,16.116766,-10.365991,0.0,7.6263914,-2.1397498,-10.36099,17.540758,-14.8428545,0.0
460,-9.762250900268555,-389.3711853027344,106.46656799316406,1.38303318552272,-7.724614665377806,-99.4771894320101,-4.4273686,1.989438,7.6244674,10.367935,-7.5955505,37.399937,22.093,-1.9112226,32.325317,-18.065603,1.5162692,-9.164858,36.692196,-27.863153,12.212849,27.081928,-7.09508,-2.7547045,6.604516,11.714663,7.8847146,17.910446,14.394469,-9.843196,0.0,7.8503776,-2.096443,-10.43056,17.232668,-14.76982,0.0
461,-9.561230659484863,-389.53948974609375,106.45362091064453,1.2542685982243071,-7.678437759133884,-99.40471364036529,-4.54891,2.0173235,7.536888,10.450364,-7.59636,37.742924,22.014471,-1.9588456,32.886562,-18.616766,1.542559,-9.096024,36.860565,-27.6067,12.254891,27.18483,-6.906163,-2.7632084,6.552644,12.621447,7.5413046,18.3537,12.710208,-9.324351,0.0,8.0631485,-2.059764,-10.5449095,16.90861,-14.690719,0.0
462,-9.3690824508667,-389.6950378417969,106.45347595214844,1.1370682962957754,-7.620598040596824,-99.30092156164052,-4.688459,2.0292852,7.434577,10.549339,-7.589043,38.064365,21.953184,-2.0362494,33.451244,-19.08163,1.5556914,-9.051383,36.996994,-27.361553,12.329283,27.30947,-6.688279,-2.7728226,6.484261,13.473648,7.2004943,18.710646,11.071261,-8.796391,0.0,8.283203,-2.0325131,-10.70392,16.53924,-14.583034,0.0
463,-9.170063972473145,-389.8526306152344,106.46739959716797,1.0369037800113847,-7.563063085406697,-99.18212288252435,-4.8283243,2.0191658,7.3310714,10.644056,-7.5838423,38.36602,21.907946,-2.1296697,33.995876,-19.437698,1.5788602,-9.04099,37.106323,-27.127342,12.4349785,27.457968,-6.405658,-2.7933867,6.413411,14.290486,6.862361,19.003572,9.475956,-8.26207,0.0,8.5382185,-2.0220091,-10.893925,16.107275,-14.443831,0.0
464,-8.97492790222168,-390.00347900390625,106.51130676269531,0.9551347823100682,-7.518172094532397,-99.0644962080471,-4.95088,1.9805114,7.2398133,10.7139225,-7.5902567,38.650272,21.877531,-2.2257369,34.497295,-19.662924,1.635212,-9.075205,37.196125,-26.90295,12.571507,27.629612,-6.02158,-2.8344085,6.353765,14.732176,6.662466,19.121634,8.607943,-8.049743,0.0,8.9396105,-2.000682,-11.128048,15.409748,-14.168871,0.0
465,-8.788437843322754,-390.14007568359375,106.55765533447266,0.8971339909429616,-7.491672939778746,-98.94643071918345,-5.0576897,1.9017869,7.165466,10.753539,-7.6124377,38.917885,21.863216,-2.3101592,34.965603,-19.719751,1.7335927,-9.176417,37.273705,-26.681124,12.731021,27.809841,-5.523213,-2.8976922,6.307295,15.22787,6.431447,19.212784,7.6544313,-7.767814,0.0,9.3671055,-1.9945848,-11.376062,14.695,-13.884001,0.0
466,-8.606358528137207,-390.26287841796875,106.59734344482422,0.8609353938419845,-7.476161276519145,-98.8211165379227,-5.156305,1.7896562,7.100352,10.773893,-7.646277,39.16929,21.864914,-2.3928146,35.407528,-19.631012,1.8590671,-9.330397,37.342403,-26.464798,12.912175,27.994806,-4.933135,-2.9772265,6.2670894,15.715092,6.1888795,19.250422,6.7190056,-7.468761,0.0,9.779427,-2.0112967,-11.633751,14.029043,-13.620227,0.0
467,-8.446737289428711,-390.3831787109375,106.62799072265625,0.8371743764345823,-7.464755275982803,-98.69804386589006,-5.238144,1.6648004,7.0398254,10.778548,-7.6814055,39.4069,21.879576,-2.4957976,35.7924,-19.465918,2.000187,-9.493041,37.403618,-26.266157,13.126123,28.19955,-4.267365,-3.0707974,6.233882,16.228401,5.9371724,19.282927,5.738392,-7.1332006,0.0,10.179013,-2.0317802,-11.886095,13.397921,-13.375831,0.0
468,-8.28653621673584,-390.4948425292969,106.64810180664062,0.8231263669044184,-7.449454146396071,-98.58831461764414,-5.292314,1.54039,6.9775863,10.771084,-7.7092743,39.63485,21.904213,-2.6409152,36.087116,-19.294258,2.1466155,-9.6199045,37.457413,-26.097044,13.38146,28.44233,-3.544686,-3.1768456,6.208598,16.634302,5.707568,19.300035,4.955379,-6.8908477,0.0,10.492493,-2.0772853,-12.093196,12.914497,-13.198456,0.0
469,-8.124341011047363,-390.59686279296875,106.659423828125,0.8135137175491326,-7.432760933550729,-98.4890977734469,-5.3135033,1.423612,6.91571,10.743111,-7.7294984,39.85769,21.942385,-2.8441925,36.27411,-19.134632,2.3159935,-9.700091,37.505222,-25.952312,13.684899,28.747944,-2.6796448,-3.3225217,6.1787434,16.658869,5.601339,19.207615,4.9181237,-7.0141287,0.0,10.742478,-2.1368725,-12.258801,12.539503,-13.069507,0.0
470,-7.967929363250732,-390.6948547363281,106.6689224243164,0.8090274836115087,-7.417687098311923,-98.39610855537906,-5.30874,1.3075175,6.856828,10.695957,-7.7468233,40.077065,21.994804,-3.0884984,36.36967,-18.950464,2.5073457,-9.756202,37.548077,-25.826437,14.028734,29.099432,-1.6955248,-3.4997184,6.1484466,16.683033,5.4926257,19.126245,4.8830657,-7.130714,0.0,10.986174,-2.1976142,-12.408822,12.174622,-12.943591,0.0
471,-7.817084312438965,-390.7839050292969,106.67385864257812,0.8064961419452995,-7.3942507862052524,-98.31450750769767,-5.291972,1.2006316,6.797175,10.6784,-7.7515993,40.087486,22.009392,-3.1785917,36.623474,-18.587252,2.6920218,-9.951485,37.552383,-25.805502,14.147917,29.440487,-0.8763725,-3.6301625,6.3844786,16.690851,5.386172,19.06204,4.8564906,-7.241885,0.0,11.161764,-2.2688441,-12.526517,11.909313,-12.858976,0.0
472,-7.667917251586914,-390.8745422363281,106.68608856201172,0.8108278497298517,-7.360717701103356,-98.25118959889461,-5.2682786,1.0956236,6.7329035,10.655681,-7.7559576,40.09971,22.033789,-3.3091016,36.82943,-18.191692,2.8124018,-10.121663,37.557735,-25.77677,14.350755,29.785429,-0.24184428,-3.7205918,6.60609,16.692282,5.2665997,19.015072,4.8237743,-7.3491473,0.0,11.345171,-2.3452764,-12.636845,11.598525,-12.744579,0.0
473,-7.514705657958984,-390.97393798828125,106.70698547363281,0.8261187990592185,-7.304250820363868,-98.21852882130023,-5.2390666,0.9933352,6.654826,10.640672,-7.753679,40.11324,22.064962,-3.4678268,36.954033,-17.74028,2.8702965,-10.259017,37.56282,-25.750385,14.613496,30.094648,0.091917,-3.7137465,6.819304,16.677034,5.1233807,19.002718,4.780825,-7.4517684,0.0,11.510724,-2.4397407,-12.723846,11.261286,-12.606395,0.0
474,-7.358094215393066,-391.06829833984375,106.73020935058594,0.8513493988791208,-7.230432869672462,-98.20996599650344,-5.199839,0.89349973,6.566966,10.63678,-7.742378,40.12824,22.101873,-3.6497529,36.992542,-17.236134,2.8871775,-10.369271,37.56703,-25.732576,14.920779,30.379656,0.20802088,-3.6309476,7.028284,16.641771,4.9633746,19.016361,4.7355328,-7.54839,0.0,11.631213,-2.554959,-12.781358,10.957002,-12.472611,0.0
475,-7.204806804656982,-391.1600646972656,106.74777221679688,0.8754576302028811,-7.160663326508073,-98.20322189008294,-5.1536446,0.80158335,6.4857507,10.639041,-7.7252927,40.14414,22.142702,-3.8455846,36.965878,-16.75058,2.8648987,-10.446983,37.569965,-25.726805,15.2609215,30.637007,0.14824829,-3.5068169,7.226553,16.614063,4.8060913,19.036934,4.6847906,-7.6389837,0.0,11.737418,-2.6700892,-12.833908,10.687108,-12.354527,0.0
476,-7.055061340332031,-391.2413024902344,106.75421142578125,0.8829541124782081,-7.116716588718668,-98.17483799192907,-5.1045947,0.7257653,6.4285245,10.637393,-7.7094674,40.160423,22.185785,-4.043322,36.901634,-16.356543,2.8010745,-10.489784,37.571693,-25.733732,15.625124,30.863188,-0.05029132,-3.3762348,7.4042287,16.6123,4.676326,19.041552,4.6370225,-7.7269807,0.0,11.860856,-2.7603521,-12.9066725,10.444134,-12.254917,0.0
477,-6.907986164093018,-391.3195495605469,106.74578857421875,0.8536300754885257,-7.113590364689269,-98.12029666084752,-5.0529914,0.68594736,6.4120517,10.624674,-7.703093,40.176586,22.229973,-4.2329493,36.798836,-16.065022,2.6799116,-10.507931,37.572227,-25.754805,16.00717,31.045803,-0.46262026,-3.2340157,7.566011,16.649424,4.6010313,19.031254,4.6155896,-7.831031,0.0,12.040047,-2.7959974,-13.010553,10.194343,-12.165134,0.0
478,-6.764017581939697,-391.4030456542969,106.72673034667969,0.8052347967116619,-7.135413119907707,-98.05093738046381,-4.997537,0.6708534,6.421825,10.6000185,-7.7080226,40.19214,22.274647,-4.409988,36.652916,-15.834576,2.5047202,-10.509784,37.571407,-25.79165,16.402945,31.188828,-1.0849274,-3.0681725,7.7247977,16.724234,4.5525646,19.017704,4.588793,-7.935776,0.0,12.261408,-2.7988665,-13.135563,9.930364,-12.07818,0.0
479,-6.6279449462890625,-391.4851989746094,106.70674133300781,0.7582053026653736,-7.162359399212628,-97.9652941414995,-4.9413795,0.65243423,6.4340944,10.562658,-7.7191825,40.206757,22.319279,-4.571276,36.48783,-15.658757,2.3022263,-10.4907,37.569294,-25.84335,16.80945,31.317303,-1.7554408,-2.9061768,7.878407,16.782751,4.516173,18.976826,4.59854,-8.052755,0.0,12.48375,-2.7985365,-13.275184,9.682393,-12.002459,0.0
480,-6.500624656677246,-391.5601806640625,106.68985748291016,0.7284592411627979,-7.174994435963224,-97.85924566254258,-4.8908086,0.6123435,6.4255996,10.511804,-7.7272077,40.220158,22.363403,-4.713754,36.327847,-15.533907,2.1006398,-10.444901,37.566113,-25.906988,17.226255,31.4604,-2.3009348,-2.7818873,8.02124,16.817383,4.4684987,18.901958,4.5987,-8.146782,0.0,12.678783,-2.8159313,-13.429218,9.457457,-11.93327,0.0
481,-6.381320953369141,-391.63714599609375,106.67786407470703,0.7222670169867007,-7.166524391778775,-97.72924228489848,-4.8458457,0.5438573,6.388466,10.44418,-7.7247453,40.231976,22.40692,-4.8349032,36.178776,-15.45146,1.8904419,-10.369719,37.5621,-25.981539,17.66082,31.634384,-2.6936066,-2.7177305,8.157876,16.812544,4.404911,18.781994,4.605797,-8.225876,0.0,12.841007,-2.8602314,-13.600543,9.259965,-11.874662,0.0
482,-6.266206741333008,-391.7119445800781,106.66946411132812,0.7302165799520802,-7.147821656482565,-97.57826301879433,-4.8039575,0.4583807,6.3352933,10.358697,-7.7106333,40.241817,22.449574,-4.9323907,36.03106,-15.411943,1.6617991,-10.272176,37.557274,-26.066923,18.116375,31.8258,-3.0069757,-2.698768,8.284469,16.794605,4.3300967,18.631235,4.5960274,-8.280751,0.0,12.987983,-2.9186468,-13.78953,9.075438,-11.819614,0.0
483,-6.15551233291626,-391.77752685546875,106.66507720947266,0.7450831942742295,-7.124950533854241,-97.4117144016298,-4.7668653,0.36217734,6.2738914,10.259923,-7.6849227,40.249447,22.490547,-5.003995,35.883377,-15.426415,1.4460533,-10.161015,37.551567,-26.160492,18.581057,32.019333,-3.2272482,-2.698969,8.38081,16.740555,4.2613354,18.448591,4.629673,-8.347146,0.0,13.109989,-2.9849386,-13.986388,8.92755,-11.7794285,0.0
484,-6.047957420349121,-391.8442687988281,106.66413116455078,0.7600113493498006,-7.10437278648325,-97.23574829841525,-4.7358627,0.26116276,6.211815,10.155868,-7.649307,40.254765,22.528622,-5.047221,35.731163,-15.507202,1.2803116,-10.04485,37.544926,-26.257397,19.034166,32.20037,-3.3397136,-2.6917343,8.435389,16.696777,4.19303,18.259983,4.645709,-8.40225,0.0,13.250059,-3.0436974,-14.197128,8.7547245,-11.729031,0.0
485,-5.951212406158447,-391.91796875,106.66145324707031,0.7753397639274365,-7.088011012427574,-97.04225472324629,-4.71481,0.15338826,6.1488624,10.0525255,-7.6026483,40.257633,22.562658,-5.0580735,35.569897,-15.674139,1.1850879,-9.917581,37.537506,-26.35262,19.458567,32.371063,-3.338773,-2.6746728,8.459728,16.659605,4.1315866,18.054102,4.6601624,-8.458027,0.0,13.404502,-3.0929391,-14.427765,8.577506,-11.684552,0.0
486,-5.8647637367248535,-391.98419189453125,106.65770721435547,0.7947971453307265,-7.072777359713909,-96.8313792536066,-4.701729,0.03682251,6.082,9.950849,-7.5442576,40.257866,22.59218,-5.035244,35.399467,-15.914461,1.1439803,-9.778944,37.529552,-26.443136,19.848906,32.538284,-3.2454205,-2.6591809,8.47075,16.613823,4.0751553,17.825441,4.6790338,-8.507909,0.0,13.549229,-3.140801,-14.671876,8.422536,-11.651474,0.0
487,-5.771217346191406,-392.0486755371094,106.65119934082031,0.813193387319125,-7.056878997991524,-96.62039471325829,-4.6897664,-0.08022829,6.014672,9.850976,-7.478557,40.255424,22.617113,-4.9820666,35.222782,-16.19087,1.1355013,-9.645198,37.521183,-26.52724,20.202263,32.693943,-3.0875869,-2.6390848,8.463229,16.566116,4.016893,17.596336,4.697227,-8.554201,0.0,13.687671,-3.189862,-14.913705,8.275238,-11.6187725,0.0
488,-5.682028293609619,-392.1094970703125,106.64530944824219,0.8313202860267315,-7.038355774488554,-96.4271866022678,-4.6716766,-0.18887302,5.9503903,9.752596,-7.412757,40.250328,22.637592,-4.904618,35.042225,-16.465979,1.1380372,-9.531844,37.512436,-26.604467,20.51705,32.82899,-2.8932652,-2.6046348,8.426994,16.521393,3.9584103,17.388271,4.7078133,-8.5926,0.0,13.820349,-3.2349782,-15.137677,8.122045,-11.576616,0.0
489,-5.597529411315918,-392.1603698730469,106.63946533203125,0.8465349066985104,-7.01615000765033,-96.25919267888115,-4.644498,-0.28533813,5.8903403,9.655728,-7.352944,40.242554,22.653322,-4.805704,34.857147,-16.74195,1.1488109,-9.440094,37.503365,-26.673695,20.787605,32.933586,-2.647369,-2.548734,8.346225,16.467701,3.9054973,17.205984,4.729159,-8.628784,0.0,13.926833,-3.2777503,-15.33022,7.989846,-11.533431,0.0
490,-5.518634796142578,-392.21185302734375,106.63545227050781,0.8597600675418038,-6.991271810360307,-96.106380651825,-4.612028,-0.3739539,5.832709,9.5605755,-7.300624,40.231983,22.664097,-4.68585,34.667053,-17.035017,1.1755736,-9.360459,37.49412,-26.73382,21.011393,33.014355,-2.3468535,-2.475863,8.232104,16.416023,3.8557599,17.04137,4.746875,-8.659622,0.0,14.036036,-3.3125732,-15.509453,7.838936,-11.476521,0.0
491,-5.442904949188232,-392.25830078125,106.63238525390625,0.8717588990754713,-6.965218538307248,-95.95936304258487,-4.577547,-0.45871025,5.7760754,9.466824,-7.2542367,40.218636,22.670532,-4.5491114,34.476364,-17.32971,1.2114859,-9.291086,37.484962,-26.785013,21.196404,33.086216,-2.0356104,-2.3955948,8.116749,16.36365,3.8086674,16.88376,4.761805,-8.685211,0.0,14.139044,-3.344055,-15.681237,7.6901436,-11.416871,0.0
