Frame,root_translateX,root_translateY,root_translateZ,root_rotateX,root_rotateY,root_rotateZ,waist_yaw_joint,waist_roll_joint,waist_pitch_joint,head_yaw_joint,head_pitch_joint,left_shoulder_pitch_joint,left_shoulder_roll_joint,left_shoulder_yaw_joint,left_elbow_joint,left_wrist_roll_joint,left_wrist_pitch_joint,left_wrist_yaw_joint,right_shoulder_pitch_joint,right_shoulder_roll_joint,right_shoulder_yaw_joint,right_elbow_joint,right_wrist_roll_joint,right_wrist_pitch_joint,right_wrist_yaw_joint,left_hip_pitch_joint,left_hip_roll_joint,left_hip_yaw_joint,left_knee_joint,left_ankle_pitch_joint,left_ankle_roll_joint,right_hip_pitch_joint,right_hip_roll_joint,right_hip_yaw_joint,right_knee_joint,right_ankle_pitch_joint,right_ankle_roll_joint
0,1.126218557357788,2.673607587814331,105.90865325927734,1.8043283740217402,-1.6363963766034735,-113.03999106648742,-0.3119529,-1.5996807,5.9597282,13.131175,-13.391019,25.384745,22.581717,-11.996243,36.830067,4.9775805,-0.56643367,4.7257314,20.474602,-31.006735,37.334064,27.418436,8.050931,1.998011,-13.422021,-3.1192412,6.998251,24.263811,7.27591,-0.59553665,0.0,9.41451,-4.6951294,-21.33229,4.7213492,-11.322371,0.0
1,1.1282790899276733,2.6919565200805664,105.91337585449219,1.8005606381571047,-1.6393448127818446,-113.06806249214483,-0.32122383,-1.5919489,5.981046,13.131183,-13.391182,25.400259,22.71009,-12.003481,36.820675,4.9795136,-0.5712286,4.7223086,20.482588,-31.01165,37.3368,27.409405,8.062073,1.9958369,-13.4170685,-3.0826874,6.9922323,24.304417,7.1967897,-0.5417512,0.0,9.396139,-4.692211,-21.306871,4.72476,-11.307192,0.0
2,1.1326088905334473,2.7305240631103516,105.9075698852539,1.7188563359095441,-1.610903839778643,-113.14282338646208,-0.27027264,-1.507262,6.029297,13.135177,-13.620416,25.451183,23.229095,-12.208225,35.887383,4.8166814,-0.47355896,4.163156,20.504215,-31.075777,37.536064,26.358633,9.675308,2.6067505,-13.115161,-3.3095298,7.1944213,24.315737,7.5704465,-0.687328,0.0,9.298523,-4.600616,-21.186716,4.751305,-11.289035,0.0
3,1.1376312971115112,2.7634079456329346,105.90167999267578,1.672765979027346,-1.5956187249542642,-113.19897857064625,-0.24745867,-1.4571177,6.0616035,13.143995,-13.876085,25.503498,23.637987,-12.472189,35.254807,4.6045856,-0.3253103,3.9268663,20.525555,-31.140377,37.781208,25.68554,10.658079,3.0326545,-13.094416,-3.4595563,7.319939,24.32745,7.8187594,-0.7793325,0.0,9.230803,-4.551215,-21.106632,4.771754,-11.271412,0.0
4,1.1433477401733398,2.8106260299682617,105.89595031738281,1.619101791751649,-1.5762415925765216,-113.26958127508719,-0.22763906,-1.3914224,6.0900984,13.160009,-14.147261,25.55571,23.973366,-12.794524,34.58785,4.5349035,-0.20209047,3.7968435,20.545422,-31.205288,38.0704,25.002491,11.548636,3.3833666,-13.079004,-3.6261272,7.4624577,24.344975,8.080064,-0.86969894,0.0,9.138565,-4.4945097,-21.002941,4.80661,-11.253239,0.0
5,1.1454839706420898,2.858837127685547,105.88915252685547,1.5562899436182986,-1.5483513705914496,-113.3530846508979,-0.2104116,-1.3095773,6.112169,13.183765,-14.428487,25.606918,24.260471,-13.179074,33.856384,4.6497865,-0.083969906,3.7524104,20.562412,-31.273703,38.40556,24.281197,12.33782,3.6901217,-13.072877,-3.8100688,7.6249275,24.370975,8.360241,-0.9618356,0.0,9.039288,-4.4233727,-20.886126,4.8256364,-11.2202635,0.0
6,1.1485549211502075,2.906991958618164,105.88102722167969,1.486464713154686,-1.5144067984396405,-113.44594861250204,-0.19529916,-1.215627,6.1295505,13.214912,-14.716247,25.656416,24.515575,-13.622629,33.07449,4.893129,0.035251092,3.7756777,20.575668,-31.34718,38.782288,23.533129,13.057043,3.966051,-13.076978,-4.021102,7.8064156,24.394184,8.683107,-1.0744307,0.0,8.923904,-4.347272,-20.753162,4.8558393,-11.191628,0.0
7,1.1593725681304932,2.9649839401245117,105.87162017822266,1.4104973572479622,-1.4816820660754704,-113.55519797802286,-0.18096001,-1.1092387,6.146941,13.255443,-15.0057745,25.703436,24.749605,-14.116677,32.233562,5.18013,0.13833489,3.8385396,20.584213,-31.426306,39.19148,22.738754,13.789438,4.226386,-13.057498,-4.2540774,8.005275,24.422153,9.047644,-1.204275,0.0,8.790746,-4.2704554,-20.597408,4.9024873,-11.163914,0.0
8,1.1695200204849243,3.0341930389404297,105.86087799072266,1.32938879552438,-1.4574758065001474,-113.68726958495013,-0.16638985,-0.9897898,6.169381,13.308763,-15.29164,25.747086,24.969872,-14.649249,31.324507,5.4289074,0.20714329,3.9128838,20.587122,-31.510523,39.619183,21.878468,14.616724,4.4888225,-12.977867,-4.4757195,8.217442,24.475977,9.411542,-1.3267984,0.0,8.672003,-4.1813197,-20.4274,4.919291,-11.111698,0.0
9,1.176081895828247,3.098759889602661,105.8471450805664,1.2418631413031065,-1.441461745224585,-113.84493007941877,-0.14856009,-0.85497844,6.1970263,13.376668,-15.569091,25.786526,25.182661,-15.216704,30.358143,5.6722727,0.22652201,3.9849222,20.583729,-31.59926,40.057625,20.951952,15.562889,4.775463,-12.811373,-4.69937,8.453014,24.54757,9.822966,-1.4805105,0.0,8.55006,-4.089333,-20.228746,4.9592423,-11.075612,0.0
10,1.1842056512832642,3.1744022369384766,105.83264923095703,1.1476537262670594,-1.430719640626643,-114.02445555386784,-0.12880954,-0.7060843,6.2276335,13.459087,-15.836695,25.821005,25.393002,-15.81821,29.338749,5.9323764,0.20420372,4.0550265,20.573284,-31.692858,40.504333,19.96559,16.583517,5.0830784,-12.571917,-4.9219403,8.705119,24.638245,10.244649,-1.6343348,0.0,8.238063,-4.056249,-19.946354,5.371184,-11.216977,0.0
11,1.193545937538147,3.2489397525787354,105.81177520751953,1.0496919205541986,-1.4263697137591729,-114.22346571792605,-0.109677166,-0.5482866,6.25949,13.649836,-16.323402,25.87783,25.783937,-16.905909,28.053398,5.774094,0.3011923,4.4393167,20.534702,-31.888363,41.258934,18.794092,17.920677,5.396543,-12.538767,-5.1740365,8.985133,24.73323,10.754924,-1.834597,0.0,7.8211484,-4.0577116,-19.610277,6.001756,-11.466066,0.0
12,1.2047029733657837,3.3244471549987793,105.7956314086914,0.9510944049178779,-1.4370898855231038,-114.43664860713957,-0.10576233,-0.3844487,6.3029575,13.733085,-16.489897,25.898998,25.967756,-17.415659,26.95192,5.8236012,0.17612551,4.4111924,20.506447,-31.98429,41.605682,17.74667,18.90683,5.604038,-12.144572,-5.3601813,9.24872,24.858322,11.179367,-1.9964631,0.0,7.5096226,-4.024431,-19.295341,6.4493027,-11.623685,0.0
13,1.2167400121688843,3.4074525833129883,105.7713623046875,0.8507184626745515,-1.4594783572131804,-114.6632433326668,-0.11055583,-0.21540819,6.3528643,13.94979,-16.856775,25.927671,26.31809,-18.35562,25.50254,5.3566766,0.23852976,4.62759,20.431173,-32.18006,42.194584,16.463772,20.24343,5.873026,-11.876901,-5.5772142,9.54093,24.981892,11.695907,-2.2016122,0.0,7.126699,-4.0131345,-18.94517,7.0547576,-11.857027,0.0
14,1.230120301246643,3.4863121509552,105.74710083007812,0.7486543104184284,-1.4954842089407654,-114.90367217762028,-0.12628315,-0.0389114,6.4123635,14.143017,-17.13486,25.940453,26.634352,-19.146338,24.071629,4.8116293,0.19965902,4.7047915,20.336824,-32.36709,42.663322,15.200828,21.515,6.075778,-11.437298,-5.761719,9.833528,25.123268,12.195825,-2.4044697,0.0,6.7982993,-3.9850664,-18.599218,7.58165,-12.053143,0.0
15,1.2421786785125732,3.5730011463165283,105.72151184082031,0.6453785714618283,-1.5393634798281544,-115.16465662872508,-0.14908233,0.14254902,6.4761114,14.3439245,-17.383862,25.936928,26.926697,-19.843859,22.565031,4.2189417,0.14143938,4.715023,20.222887,-32.54555,43.055763,13.868,22.737766,6.2830606,-10.958311,-5.9279256,10.13292,25.288088,12.685574,-2.6002607,0.0,6.467475,-3.952229,-18.233484,8.115383,-12.248424,0.0
16,1.258678913116455,3.65263295173645,105.69615173339844,0.5417166037846396,-1.5863179696485377,-115.45227883530917,-0.1750062,0.32589355,6.544188,14.62808,-17.68066,25.878084,27.487556,-20.720846,20.914963,3.4146626,0.10150671,4.8649225,19.850826,-32.915657,43.536037,12.440407,23.993807,6.4654884,-10.591723,-6.0746837,10.433372,25.48339,13.169728,-2.8006523,0.0,6.155684,-3.9151065,-17.848034,8.611621,-12.423097,0.0
17,1.2787084579467773,3.7423479557037354,105.66971588134766,0.4364511078117307,-1.6353556560324467,-115.76806670391196,-0.20712645,0.5115548,6.618072,14.916149,-17.943705,25.513515,28.375957,-22.011372,19.22,1.718895,0.05117571,5.189369,18.411806,-33.5738,44.963264,11.4419565,26.43685,6.5418816,-10.4513,-6.21287,10.741837,25.707558,13.64861,-2.995189,0.0,5.8208833,-3.8775597,-17.428291,9.131521,-12.600132,0.0
18,1.292603611946106,3.833625555038452,105.64348602294922,0.32975739649163427,-1.688143833062556,-116.10867903023608,-0.24331857,0.69914424,6.689949,15.199535,-18.162462,25.060987,28.623985,-22.683268,17.786013,0.8210087,-0.05787589,5.1487675,17.12091,-33.451294,45.91482,10.777686,27.936007,6.6381245,-10.2274275,-6.3226147,11.055711,25.96456,14.10036,-3.1774511,0.0,5.5010133,-3.8268127,-16.9898,9.620306,-12.760344,0.0
19,1.3127861022949219,3.928802967071533,105.61616516113281,0.22450267636020854,-1.7478971709146354,-116.4733161577194,-0.28652972,0.88924456,6.7619586,15.5043,-18.366499,24.506895,28.82661,-23.339132,16.35356,-0.03766228,-0.16867165,5.1247387,15.837501,-33.137383,46.76903,10.1357975,29.197111,6.700625,-10.059005,-6.418678,11.372451,26.247368,14.555032,-3.3621662,0.0,5.173548,-3.7791681,-16.52651,10.122604,-12.921188,0.0
20,1.33316171169281,4.023178577423096,105.58805847167969,0.12399104565323403,-1.8176562473851918,-116.8614659754681,-0.34270987,1.082489,6.8353686,15.830086,-18.549677,23.854685,29.025436,-23.967993,14.909367,-0.7588589,-0.2733389,5.140972,14.519224,-32.761837,47.552845,9.434699,30.288715,6.7258267,-9.957439,-6.4803247,11.684478,26.564613,14.989779,-3.5410917,0.0,4.8601556,-3.7321808,-16.047024,10.612225,-13.074205,0.0
21,1.3551487922668457,4.108786582946777,105.55962371826172,0.030354595258541815,-1.898044710213812,-117.2767200663643,-0.41297793,1.2762965,6.9091315,16.184053,-18.712622,23.112095,29.214947,-24.572344,13.443513,-1.3150564,-0.36814457,5.214363,13.151227,-32.351944,48.270447,8.662249,31.163088,6.7189574,-9.916792,-6.505742,11.989446,26.91981,15.4151945,-3.7252269,0.0,4.5657725,-3.6908479,-15.548986,11.08741,-13.221372,0.0
22,1.3857837915420532,4.206146717071533,105.53069305419922,-0.05864608212759458,-1.9877097009201987,-117.71828359187604,-0.49501467,1.4717582,6.9840326,16.564991,-18.859373,22.285015,29.393717,-25.161037,11.946774,-1.7735158,-0.45768017,5.3327613,11.7250595,-31.919806,48.93971,7.824136,31.880869,6.6749725,-9.93689,-6.508418,12.290749,27.308706,15.826605,-3.8995986,0.0,4.2585936,-3.655286,-15.023885,11.580992,-13.367077,0.0
23,1.408217430114746,4.2763752937316895,105.50334167480469,-0.14542762489955738,-2.0860169553161185,-118.17820535021096,-0.5891344,1.674209,7.062702,16.958338,-18.985044,21.368723,29.581999,-25.724274,10.422113,-2.1505249,-0.54729503,5.4725738,10.234831,-31.474245,49.57532,6.918929,32.584343,6.5719953,-10.033772,-6.4654613,12.588323,27.729752,16.224136,-4.085407,0.0,4.012417,-3.6097693,-14.49896,11.999985,-13.489195,0.0
24,1.434639811515808,4.369304180145264,105.47348022460938,-0.23305602231962727,-2.19243336556487,-118.64884534246583,-0.69536847,1.8887575,7.1479483,17.349527,-19.085398,20.352488,29.801094,-26.25687,8.87738,-2.4659908,-0.64284825,5.6084137,8.672243,-31.029564,50.193542,5.9401627,33.419212,6.389856,-10.222811,-6.421377,12.896016,28.16035,16.624573,-4.259522,0.0,3.738873,-3.5598383,-13.9563675,12.460017,-13.61983,0.0
25,1.459879994392395,4.469307899475098,105.44293975830078,-0.32306426503579605,-2.3107365367956922,-119.12671014686767,-0.8169356,2.117018,7.2461343,17.73298,-19.165401,19.228006,30.053907,-26.772936,7.303706,-2.6935475,-0.7460389,5.7315583,7.033076,-30.587645,50.809654,4.8703756,34.452087,6.0947104,-10.540514,-6.354456,13.210095,28.603828,17.01278,-4.4239883,0.0,3.482663,-3.496592,-13.412053,12.903768,-13.740354,0.0
26,1.493472933769226,4.556809425354004,105.41388702392578,-0.41353899042006625,-2.439957480288778,-119.61631244821126,-0.9528819,2.3558857,7.354161,18.116922,-19.223995,17.993385,30.331163,-27.281181,5.7056913,-2.8394885,-0.854668,5.8558545,5.315245,-30.148483,51.4139,3.7177005,35.598946,5.700156,-10.964536,-6.262318,13.522334,29.065617,17.403873,-4.59861,0.0,3.2645166,-3.429043,-12.867077,13.301215,-13.839478,0.0
27,1.5447044372558594,4.63930606842041,105.38206481933594,-0.502531345218756,-2.5726525820652295,-120.12226831172082,-1.0971195,2.604075,7.4609327,18.507801,-19.252617,16.645288,30.639738,-27.77038,4.1088953,-2.9768505,-0.9685114,5.987859,3.516827,-29.719364,51.982025,2.5190983,36.770927,5.2582088,-11.421384,-6.1761694,13.836633,29.538235,17.830904,-4.797455,0.0,3.035058,-3.3703203,-12.30179,13.715609,-13.940783,0.0
28,1.5971394777297974,4.724246025085449,105.34947204589844,-0.5874506419781893,-2.701221913925572,-120.6493467857093,-1.2438126,2.8604887,7.55576,18.911993,-19.242386,15.181589,30.987375,-28.229755,2.5377643,-3.178044,-1.0880198,6.1343594,1.6394153,-29.301765,52.490078,1.3127477,37.8795,4.8220077,-11.841486,-6.0772753,14.147516,30.04036,18.240454,-4.983149,0.0,2.786896,-3.3125064,-11.712581,14.141494,-14.04004,0.0
29,1.6430639028549194,4.822834491729736,105.31361389160156,-0.6705627764605372,-2.8244996237205955,-121.19854437546836,-1.392579,3.1297493,7.634435,19.328432,-19.186392,13.598144,31.383577,-28.680851,0.9754184,-3.51118,-1.2177143,6.2869477,-0.32216895,-28.905775,52.93505,0.0731621,38.994423,4.418086,-12.21677,-5.978553,14.468468,30.56298,18.648407,-5.1629558,0.0,2.5000904,-3.2478225,-11.091835,14.608432,-14.1529,0.0
30,1.7080210447311401,4.88759708404541,105.2803726196289,-0.7525549550619481,-2.946302223120787,-121.76757370635919,-1.5461352,3.4110096,7.703348,19.754698,-19.090992,11.893191,31.82779,-29.133501,-0.5870917,-3.9283864,-1.3576114,6.445212,-2.3688145,-28.526611,53.328598,-1.2031362,40.130497,4.009599,-12.581053,-5.8645163,14.778199,31.109417,19.07261,-5.372924,0.0,2.2480743,-3.1907995,-10.460445,15.015491,-14.238906,0.0
31,1.7815686464309692,4.96518087387085,105.24274444580078,-0.8277457650199256,-3.0665062358982302,-122.35588820002444,-1.7024928,3.6944048,7.7668414,20.195566,-18.966488,10.070535,32.312004,-29.556,-2.1124063,-4.3245764,-1.5044382,6.6283116,-4.494491,-28.153223,53.667576,-2.4534662,41.123547,3.5630898,-12.931315,-5.7581177,15.089086,31.674389,19.5116,-5.582901,0.0,1.9490435,-3.1412733,-9.797559,15.481455,-14.341538,0.0
32,1.8376644849777222,5.05737829208374,105.20094299316406,-0.8903185584239606,-3.1849634738388954,-122.96277356859066,-1.8596987,3.9700096,7.8290706,20.655403,-18.823519,8.137643,32.828575,-29.91135,-3.5660312,-4.5923114,-1.6545577,6.856626,-6.692055,-27.776781,53.945568,-3.618158,41.814247,3.0468435,-13.265195,-5.6369624,15.3990755,32.269855,19.934746,-5.7745624,0.0,1.6110741,-3.0912151,-9.107325,16.00571,-14.469712,0.0
33,1.9003655910491943,5.139268398284912,105.15882873535156,-0.9435000249669495,-3.3034417203471422,-123.5883510455053,-2.0180733,4.239472,7.8910675,21.138662,-18.65323,6.092559,33.395287,-30.186996,-4.9653563,-4.677519,-1.8273814,7.138499,-8.978595,-27.427362,54.140774,-4.7118664,42.13737,2.4546442,-13.566429,-5.503088,15.69901,32.896267,20.366123,-5.978084,0.0,1.2692969,-3.0499732,-8.397355,16.533375,-14.598193,0.0
34,1.9674721956253052,5.228259086608887,105.11186218261719,-0.9884230448106064,-3.4212298404759665,-124.23304546396167,-2.1787808,4.5071573,7.95083,21.642231,-18.453993,3.9354382,34.0175,-30.40842,-6.3283644,-4.6496277,-2.0208821,7.466442,-11.345049,-27.071991,54.271015,-5.730063,42.166348,1.7933384,-13.854467,-5.368805,15.999146,33.548283,20.810617,-6.181152,0.0,0.89213943,-3.0124676,-7.659851,17.107944,-14.740812,0.0
35,2.0536491870880127,5.308388710021973,105.06262969970703,-1.0186180265057567,-3.534302187597865,-124.89662063403618,-2.3394682,4.764967,8.0068655,22.15748,-18.247625,1.6809173,34.666817,-30.588568,-7.623412,-4.5773034,-2.1972473,7.8373795,-13.781019,-26.718683,54.348606,-6.6778336,42.041798,1.0951791,-14.162187,-5.2362123,16.279804,34.221348,21.272068,-6.3950667,0.0,0.49048978,-2.9957547,-6.896193,17.704342,-14.885046,0.0
36,2.140223979949951,5.382050037384033,105.01138305664062,-1.0271055674753322,-3.638613183342758,-125.57875193183392,-2.498009,5.0051246,8.057652,22.67563,-18.056122,-0.6450274,35.296463,-30.732782,-8.815659,-4.5066657,-2.3194494,8.247176,-16.26552,-26.362825,54.387928,-7.5533776,41.886475,0.38717958,-14.523698,-5.098986,16.537077,34.9128,21.737225,-6.614877,0.0,0.05781829,-2.9986765,-6.104468,18.336205,-15.044691,0.0
37,2.2272872924804688,5.447882175445557,104.95550537109375,-1.0152154422945479,-3.7345507534259488,-126.27686504470336,-2.6571257,5.2297907,8.103303,23.1939,-17.875982,-3.0351036,35.902695,-30.797464,-9.915898,-4.4203644,-2.3645291,8.677946,-18.790812,-26.019377,54.369164,-8.373148,41.654087,-0.3338196,-14.960689,-4.9639816,16.77614,35.61496,22.22113,-6.848396,0.0,-0.40903378,-3.0196116,-5.2854605,19.013237,-15.225552,0.0
38,2.3114092350006104,5.507386207580566,104.89559173583984,-0.985319243309753,-3.823098939283332,-126.99219561067565,-2.8166325,5.4416475,8.143884,23.716667,-17.697598,-5.488864,36.49687,-30.78738,-10.940224,-4.281254,-2.3573604,9.137432,-21.354034,-25.687311,54.282215,-9.137683,41.292213,-1.074369,-15.456739,-4.820935,16.997906,36.337517,22.706654,-7.080233,0.0,-0.9029292,-3.0515285,-4.4412665,19.723532,-15.420845,0.0
39,2.396634101867676,5.563992500305176,104.83248138427734,-0.9335322409213835,-3.9011483637131157,-127.72954961315962,-2.970057,5.634027,8.177644,24.24726,-17.536007,-7.9904766,37.06432,-30.77029,-11.871206,-4.1143904,-2.3270793,9.652577,-23.93938,-25.358774,54.142418,-9.840328,40.9236,-1.8078573,-15.977528,-4.676386,17.197754,37.082684,23.198061,-7.317387,0.0,-1.4319837,-3.098181,-3.563788,20.467161,-15.628712,0.0
40,2.487236738204956,5.61310338973999,104.79768371582031,-0.8551680211269367,-3.964948930670088,-128.49403064258772,-3.1117942,5.800566,8.202585,24.78933,-17.40615,-10.525146,37.60749,-30.800476,-12.705873,-3.9649246,-2.2965672,10.241497,-26.51503,-25.036379,53.95672,-10.488523,40.663445,-2.5101442,-16.480085,-4.703434,17.487963,37.76631,24.025291,-7.699256,0.0,-1.8800604,-3.1600857,-2.6847093,21.009634,-15.728979,0.0
41,2.5827760696411133,5.647452354431152,104.7707290649414,-0.7482660094974214,-4.009913437962435,-129.2880342509345,-3.2401042,5.937701,8.214268,25.342472,-17.312584,-13.079223,38.11503,-30.862608,-13.459225,-3.833143,-2.2316654,10.936498,-29.061384,-24.71713,53.689262,-11.100087,40.47334,-3.1603217,-16.933867,-4.720061,17.747377,38.49038,24.835756,-8.055774,0.0,-2.3365347,-3.249344,-1.7721325,21.518484,-15.809152,0.0
42,2.680406093597412,5.676337242126465,104.7437515258789,-0.615809691055291,-4.0381754481354735,-130.10867878493377,-3.3577604,6.049591,8.214484,25.904978,-17.247091,-15.649669,38.59208,-30.924702,-14.142156,-3.6934037,-2.1300461,11.713427,-31.572685,-24.407324,53.332203,-11.678557,40.29651,-3.7744503,-17.364546,-4.7367067,17.98989,39.24871,25.658993,-8.381021,0.0,-2.8295817,-3.3587384,-0.82041734,22.048105,-15.894787,0.0
43,2.773752450942993,5.702409744262695,104.71429443359375,-0.4621531502871868,-4.056596588396143,-130.95269712567872,-3.465096,6.1413083,8.210168,26.478363,-17.205006,-18.231598,39.05049,-31.026924,-14.7413025,-3.5359306,-2.0673137,12.514642,-34.043224,-24.115355,52.937645,-12.207124,40.221012,-4.3829765,-17.808607,-4.741556,18.219845,40.044186,26.491236,-8.655734,0.0,-3.3499012,-3.4781387,0.16493292,22.601643,-15.991405,0.0
44,2.8670341968536377,5.715002059936523,104.6863784790039,-0.2918857145095028,-4.072145150232098,-131.81715196747152,-3.5626307,6.217958,8.2086735,27.064434,-17.18121,-20.818478,39.50252,-31.209417,-15.245863,-3.353131,-2.119318,13.28426,-36.46359,-23.849396,52.5616,-12.674909,40.331192,-5.0160637,-18.296537,-4.7283087,18.444712,40.8738,27.336864,-8.857976,0.0,-3.866332,-3.6073225,1.1724867,23.14332,-16.08404,0.0
45,2.960545301437378,5.7167134284973145,104.6556625366211,-0.0992276611970304,-4.081006464706274,-132.70501946971535,-3.6443574,6.276827,8.208001,27.663853,-17.183584,-23.407444,39.95323,-31.46463,-15.659949,-3.1037674,-2.3245702,14.01201,-38.824924,-23.600792,52.201103,-13.099374,40.68496,-5.686687,-18.823244,-4.696872,18.65618,41.743546,28.191961,-8.974251,0.0,-4.400603,-3.751436,2.2135606,23.70215,-16.18638,0.0
46,3.052877187728882,5.710893154144287,104.62532043457031,0.1155573592763671,-4.0801873012076655,-133.61679117226544,-3.7119186,6.316659,8.205162,28.275547,-17.211002,-25.998653,40.40666,-31.77009,-16.002207,-2.8156755,-2.6325235,14.726454,-41.128647,-23.366234,51.831985,-13.485672,41.218475,-6.3761964,-19.364454,-4.653297,18.856628,42.649612,29.064222,-8.993674,0.0,-4.951421,-3.907609,3.2874832,24.266195,-16.290562,0.0
47,3.149095058441162,5.693756580352783,104.59232330322266,0.3401013594790343,-4.078469426880923,-134.5447751586759,-3.77787,6.344162,8.206584,28.89885,-17.246706,-28.576488,40.84066,-32.153374,-16.271957,-2.548004,-2.9930382,15.437951,-43.376377,-23.159245,51.48533,-13.812039,41.83379,-7.068039,-19.921095,-4.5848455,19.056177,43.58539,29.9457,-8.90743,0.0,-5.5007567,-4.0651355,4.3811827,24.82602,-16.395794,0.0
48,3.2385270595550537,5.667244911193848,104.5588150024414,0.5628855902544483,-4.084945228436838,-135.4816790505319,-3.8549001,6.3663473,8.218432,29.533371,-17.272562,-31.127954,41.25503,-32.625717,-16.48345,-2.3861005,-3.3524501,16.14331,-45.578587,-22.98883,51.196976,-14.053834,42.44185,-7.7410636,-20.496405,-4.4804673,19.26573,44.542187,30.83237,-8.720131,0.0,-6.0181084,-4.206937,5.4759235,25.357597,-16.497902,0.0
49,3.3254384994506836,5.626885414123535,104.52664947509766,0.7885802881719026,-4.099702611878192,-136.4325574549241,-3.9400918,6.3777184,8.239994,30.184875,-17.292854,-33.64856,41.653595,-33.174114,-16.654184,-2.3481727,-3.7184064,16.842997,-47.73783,-22.848015,50.98917,-14.223252,43.08094,-8.396274,-21.130663,-4.337195,19.480042,45.521603,31.724348,-8.437524,0.0,-6.5009313,-4.34294,6.5756083,25.85462,-16.592022,0.0
50,3.41334867477417,5.5724711418151855,104.49396514892578,1.0214409206834147,-4.1182318602128705,-137.39911101753415,-4.0291123,6.3770432,8.268852,30.851562,-17.313421,-36.137146,42.040096,-33.784626,-16.786161,-2.3961701,-4.1124506,17.531635,-49.856358,-22.72898,50.849854,-14.331805,43.78562,-9.042065,-21.803486,-4.1591263,19.691395,46.52289,32.61965,-8.081841,0.0,-6.964362,-4.479462,7.688074,26.331715,-16.684391,0.0
51,3.4936137199401855,5.51375675201416,104.46044158935547,1.2478413165723994,-4.143599354658326,-138.36913562030028,-4.133212,6.3782697,8.30902,31.524084,-17.323765,-38.580803,42.410023,-34.46988,-16.86986,-2.526926,-4.5054126,18.200926,-51.918697,-22.642817,50.773716,-14.370155,44.445366,-9.67479,-22.43335,-3.9561129,19.917442,47.525005,33.529068,-7.6772995,0.0,-7.400035,-4.5955715,8.795699,26.786346,-16.774527,0.0
52,3.5740115642547607,5.444214820861816,104.42617797851562,1.454623579785383,-4.17903301925761,-139.32996265084438,-4.2624416,6.3941665,8.363114,32.192093,-17.314379,-40.964138,42.770744,-35.235317,-16.905449,-2.7477705,-4.8657627,18.83769,-53.9506,-22.59262,50.750317,-14.305383,44.98117,-10.273353,-22.93681,-3.737647,20.177149,48.510075,34.46572,-7.2558556,0.0,-7.7931385,-4.685672,9.881442,27.202566,-16.856583,0.0
53,3.657935619354248,5.3650593757629395,104.38809204101562,1.635486279780992,-4.2303879134256315,-140.27899189048105,-4.420703,6.4303,8.437725,32.854816,-17.283989,-43.274437,43.12285,-36.075333,-16.907368,-3.0815854,-5.1767335,19.446136,-55.961624,-22.58031,50.824654,-14.135077,45.382324,-10.890833,-23.340433,-3.4960272,20.475672,49.47774,35.423492,-6.847572,0.0,-8.142082,-4.7443123,10.940786,27.588747,-16.933142,0.0
54,3.7411422729492188,5.271370887756348,104.34898376464844,1.7991338781939163,-4.29503044435381,-141.22267968221257,-4.6024423,6.4785233,8.529577,33.51752,-17.238266,-45.50624,43.4704,-36.972874,-16.888874,-3.520534,-5.45899,20.02594,-57.95579,-22.59853,51.00327,-13.873377,45.705368,-11.516301,-23.673687,-3.229241,20.80327,50.43576,36.400906,-6.4845247,0.0,-8.445732,-4.783212,11.980427,27.94095,-17.00518,0.0
55,3.81965970993042,5.173280239105225,104.30463409423828,1.954161385207431,-4.364042947166995,-142.1633479051188,-4.805184,6.5328665,8.627772,34.17922,-17.17377,-47.652504,43.828873,-37.917732,-16.849007,-4.0242887,-5.7376323,20.56247,-59.921562,-22.645384,51.23939,-13.529415,45.943695,-12.045518,-23.867579,-2.945163,21.145618,51.383125,37.39037,-6.186457,0.0,-8.736956,-4.803488,13.013334,28.295507,-17.086525,0.0
56,3.887399196624756,5.060094833374023,104.26080322265625,2.109256029707455,-4.428261338245984,-143.10294017844492,-5.026304,6.586928,8.721279,34.838593,-17.088268,-49.70444,44.220867,-38.899265,-16.792522,-4.5557213,-6.0364685,21.04176,-61.848064,-22.719809,51.479828,-13.111003,46.08995,-12.369314,-23.851686,-2.660707,21.498102,52.31246,38.407,-5.9733124,0.0,-9.011199,-4.8206425,14.042515,28.63356,-17.173632,0.0
57,3.9470486640930176,4.933849334716797,104.2150650024414,2.262280136359966,-4.488233095895516,-144.04022843283545,-5.2726793,6.6438975,8.810893,35.50284,-16.975157,-51.652092,44.663055,-39.921658,-16.71972,-5.145426,-6.374638,21.501297,-63.72588,-22.824465,51.723156,-12.636314,46.14698,-12.443892,-23.599646,-2.37679,21.864885,53.22238,39.45647,-5.841157,0.0,-9.27417,-4.8320727,15.068918,28.964884,-17.270973,0.0
58,4.018360137939453,4.799073219299316,104.16637420654297,2.409812309589605,-4.5481085898802345,-144.97469538876612,-5.543438,6.7054906,8.901328,36.170322,-16.837395,-53.48737,45.16029,-40.97551,-16.651043,-5.8029857,-6.734872,21.933311,-65.55503,-22.961514,51.999306,-12.109171,46.11049,-12.331488,-23.154352,-2.0829873,22.247622,54.122257,40.529686,-5.7578993,0.0,-9.531113,-4.8387156,16.093418,29.286121,-17.366716,0.0
59,4.083926677703857,4.656395435333252,104.11421966552734,2.5590248053826916,-4.603794266832109,-145.91003770761836,-5.824394,6.7633815,8.986872,36.82694,-16.68588,-55.20381,45.716072,-42.03068,-16.620415,-6.455019,-7.0842776,22.257292,-67.33514,-23.131634,52.306732,-11.516464,45.95202,-12.085821,-22.549078,-1.7773563,22.632124,55.019165,41.61068,-5.676433,0.0,-9.7892065,-4.8405957,17.121107,29.615295,-17.473652,0.0
60,4.146307945251465,4.515376091003418,104.05732727050781,2.716437272484243,-4.651078592142685,-146.84940273569254,-6.1011705,6.809431,9.061563,37.4591,-16.53031,-56.79728,46.336334,-43.056004,-16.662008,-7.0313516,-7.386315,22.393797,-69.06633,-23.336067,52.64144,-10.843456,45.645145,-11.761733,-21.816307,-1.4588995,23.004631,55.918713,42.68277,-5.583983,0.0,-10.068502,-4.838195,18.160742,29.969587,-17.592096,0.0
61,4.20424222946167,4.361201763153076,103.99856567382812,2.8822833221894952,-4.690131238393384,-147.78797976773345,-6.378334,6.841056,9.121385,38.064083,-16.363102,-58.26141,47.02714,-44.04863,-16.781239,-7.519045,-7.6317697,22.337925,-70.749695,-23.581455,52.999992,-10.081962,45.174282,-11.350666,-20.947536,-1.1324863,23.375996,56.82871,43.76396,-5.475423,0.0,-10.354338,-4.8423724,19.205112,30.333473,-17.721367,0.0
62,4.26100492477417,4.1997456550598145,103.93441772460938,3.053151665471329,-4.722678219782642,-148.72564033969945,-6.6608143,6.8629975,9.1700325,38.649315,-16.183493,-59.591225,47.79707,-45.010105,-16.974108,-7.9502354,-7.834339,22.125902,-72.38802,-23.872513,53.392673,-9.248433,44.55013,-10.839379,-19.933449,-0.794196,23.745783,57.745735,44.849945,-5.3508444,0.0,-10.652205,-4.8453875,20.255333,30.716028,-17.863615,0.0
63,4.313774585723877,4.029054641723633,103.86642456054688,3.2304095464485467,-4.74601320609541,-149.67433605865867,-6.9346704,6.8781886,9.211755,39.21481,-16.008614,-60.745922,48.64339,-45.885113,-17.269413,-8.296856,-7.9890056,21.728468,-73.931305,-24.21382,53.814346,-8.397375,43.756523,-10.271027,-18.796112,-0.44192624,24.098766,58.651672,45.92331,-5.228011,0.0,-10.962443,-4.8462014,21.32276,31.110905,-18.016424,0.0
64,4.366647720336914,3.8516898155212402,103.79544830322266,3.4155037300541737,-4.757515199322771,-150.64535876494824,-7.1860843,6.8891397,9.253972,39.761482,-15.859214,-61.78227,49.60304,-46.695988,-17.670141,-8.595127,-8.098544,21.151579,-75.45364,-24.597675,54.31081,-7.5050864,42.858795,-9.702452,-17.574938,-0.07677074,24.41801,59.524433,46.9657,-5.124416,0.0,-11.290989,-4.8431168,22.419855,31.513016,-18.173271,0.0
65,4.423459053039551,3.6729421615600586,103.72145080566406,3.6075770558614852,-4.7543223400468415,-151.6396109026589,-7.4128985,6.8980494,9.294956,40.283546,-15.735389,-62.72455,50.697605,-47.45738,-18.17763,-8.892221,-8.155046,20.396929,-76.99913,-25.0285,54.914127,-6.537259,41.93152,-9.148346,-16.28261,0.2945893,24.70358,60.357353,47.978024,-5.0403323,0.0,-11.645037,-4.831941,23.549225,31.922562,-18.329536,0.0
66,4.473402500152588,3.479863405227661,103.64559936523438,3.805950629003537,-4.73794249586653,-152.6517432367563,-7.6217556,6.9032273,9.331271,40.782185,-15.627045,-63.520573,51.894688,-48.126835,-18.788319,-9.13569,-8.152059,19.449856,-78.49527,-25.524664,55.589104,-5.543095,40.9066,-8.583964,-14.895061,0.6706391,24.962208,61.159504,48.969227,-4.9698052,0.0,-12.007578,-4.819312,24.701664,32.331844,-18.492807,0.0
67,4.517800807952881,3.277891159057617,103.57036590576172,4.011966692705261,-4.712490799640094,-153.68390857381914,-7.812468,6.9011197,9.370307,41.270065,-15.541671,-64.16553,53.20309,-48.69132,-19.503464,-9.262781,-8.109507,18.322645,-79.949455,-26.087524,56.326473,-4.557754,39.712337,-8.021363,-13.412455,1.054168,25.185139,61.923126,49.935173,-4.9216995,0.0,-12.37138,-4.8063407,25.876043,32.731712,-18.656988,0.0
68,4.564673900604248,3.0692365169525146,103.49095153808594,4.2266646435386575,-4.68167813714517,-154.73835278072661,-7.9846187,6.8881154,9.418932,41.75924,-15.485713,-64.64977,54.617874,-49.133907,-20.318142,-9.203365,-8.05021,17.02464,-81.3685,-26.716236,57.113453,-3.6156847,38.275753,-7.476031,-11.830009,1.4530896,25.358376,62.647125,50.858055,-4.898042,0.0,-12.743247,-4.7921467,27.076914,33.13513,-18.825731,0.0
69,4.611681938171387,2.8524062633514404,103.40945434570312,4.4544772707422196,-4.646054540383808,-155.82302294327332,-8.132633,6.857725,9.478256,42.254395,-15.463354,-64.96485,56.155056,-49.429287,-21.247648,-8.929502,-7.917869,15.502229,-82.75427,-27.429453,57.952206,-2.716168,36.520214,-6.917689,-10.09238,1.8720323,25.476736,63.336967,51.73745,-4.8987875,0.0,-13.118193,-4.78164,28.311357,33.53467,-18.997732,0.0
70,4.646705627441406,2.6278865337371826,103.3265380859375,4.693139356792075,-4.602878394238721,-156.9341495653351,-8.258364,6.8135114,9.545084,42.748554,-15.47067,-65.09734,57.83066,-49.56464,-22.299614,-8.484905,-7.7356105,13.772081,-84.10556,-28.248814,58.84705,-1.870787,34.512333,-6.372977,-8.214863,2.2995603,25.546371,63.98376,52.581036,-4.9245677,0.0,-13.492091,-4.7700076,29.573427,33.931366,-19.177835,0.0
71,4.691314697265625,2.3881330490112305,103.23931121826172,4.9334992548113386,-4.551605091688173,-158.0571898997959,-8.372678,6.7669215,9.62054,43.235985,-15.502017,-65.02729,59.63993,-49.531605,-23.446371,-7.9187355,-7.646919,11.9450445,-85.42304,-29.175909,59.788425,-1.1316258,32.39661,-5.935425,-6.2978606,2.7255921,25.57313,64.578224,53.381252,-4.9718976,0.0,-13.872536,-4.759283,30.852589,34.321068,-19.357979,0.0
72,4.739383697509766,2.1463706493377686,103.14724731445312,5.167286260361341,-4.492033449556251,-159.17747489343188,-8.486579,6.7293515,9.705501,43.710793,-15.553266,-64.73344,61.57332,-49.32039,-24.661884,-7.2929,-7.7908626,10.130548,-86.70789,-30.20608,60.76672,-0.54265404,30.321087,-5.6838937,-4.446376,3.1369598,25.565132,65.107574,54.13712,-5.040348,0.0,-14.260479,-4.733333,32.13007,34.711224,-19.537285,0.0
73,4.778799533843994,1.893619418144226,103.05253601074219,5.394153463966103,-4.42253846584142,-160.2939490738959,-8.600114,6.7016916,9.800748,44.171314,-15.626156,-64.204475,63.663677,-48.889107,-25.972467,-6.71983,-8.219773,8.27127,-87.96075,-31.354446,61.793648,-0.108046696,28.30485,-5.6325283,-2.5729697,3.5259786,25.524496,65.561806,54.84939,-5.128447,0.0,-14.645448,-4.697732,33.401814,35.09429,-19.721361,0.0
74,4.817416667938232,1.641228437423706,102.94981384277344,5.617697154423331,-4.343804812374364,-161.41345556672903,-8.70805,6.675911,9.906793,44.620922,-15.723945,-63.390137,65.849724,-48.27008,-27.307507,-6.078517,-8.897734,6.39988,-89.175385,-32.644806,62.859135,0.16380306,26.289255,-5.739624,-0.66250575,3.8989258,25.446096,65.94974,55.514572,-5.233765,0.0,-15.044298,-4.643423,34.67942,35.49248,-19.912798,0.0
75,4.850354194641113,1.3786849975585938,102.84589385986328,5.835405413022624,-4.259688950280367,-162.53388343908045,-8.81355,6.6560345,10.021842,45.06015,-15.837991,-62.287304,68.23701,-47.336056,-28.751345,-5.4263945,-9.722268,4.604479,-90.337364,-34.076332,63.91862,0.23222338,24.29915,-5.9789357,1.0714937,4.2605076,25.335815,66.28339,56.143944,-5.365732,0.0,-15.433717,-4.581696,35.9547,35.877716,-20.104797,0.0
76,4.880181789398193,1.107491135597229,102.73359680175781,6.044759911548875,-4.174294202551693,-163.6529281006361,-8.920174,6.6413016,10.145803,45.491383,-15.962355,-60.838287,70.77888,-46.126675,-30.217972,-4.5845222,-10.67412,3.1116424,-91.42886,-35.637985,64.91613,0.0668323,22.348795,-6.3129215,2.4185112,4.618393,25.193216,66.577774,56.735943,-5.525625,0.0,-15.820517,-4.5031486,37.227703,36.2747,-20.307602,0.0
77,4.907561302185059,0.8297454714775085,102.61705017089844,6.24457488431804,-4.088635843281808,-164.77432808371907,-9.026773,6.6326404,10.284199,45.92698,-16.112661,-59.01363,73.50135,-44.561718,-31.780626,-3.523806,-11.710402,1.8938788,-92.43486,-37.34189,65.87144,-0.3420802,20.395477,-6.742528,3.2661886,4.9713717,25.021181,66.82776,57.295605,-5.72019,0.0,-16.1985,-4.4074397,38.4994,36.670895,-20.513477,0.0
78,4.9296369552612305,0.5529009699821472,102.49239349365234,6.436484790331386,-4.000923077137882,-165.89812727764036,-9.131756,6.6274185,10.435271,46.362064,-16.287672,-56.780308,76.41121,-42.61965,-33.38966,-2.3230302,-12.876244,0.9644872,-93.34496,-39.18532,66.76523,-0.9773688,18.418812,-7.255886,3.7558508,5.315815,24.816105,67.02942,57.81669,-5.942484,0.0,-16.575928,-4.287666,39.770622,37.08168,-20.727869,0.0
79,4.946343421936035,0.25769397616386414,102.36360931396484,6.62241509481534,-3.9110966761569252,-167.0162987763977,-9.237319,6.623075,10.586145,46.77185,-16.455708,-54.10384,79.49924,-40.305386,-34.855373,-1.0857631,-14.2072115,0.5167649,-94.149826,-41.114212,67.48462,-1.8003196,16.4613,-7.7953143,4.0583215,5.6518598,24.57711,67.19298,58.29855,-6.1909213,0.0,-16.941542,-4.1675506,41.033752,37.486267,-20.95056,0.0
80,4.965216636657715,-0.04220549017190933,102.23089599609375,6.8045824714091925,-3.8190538457702004,-168.1210500764358,-9.345759,6.61757,10.723478,47.131115,-16.585968,-50.957176,82.7454,-37.630123,-35.972946,0.10073176,-15.716643,0.72671753,-94.84367,-43.053032,67.92209,-2.7468803,14.5739155,-8.313503,4.340005,5.9807415,24.30071,67.32973,58.736176,-6.4621205,0.0,-17.30402,-4.0442724,42.28208,37.888927,-21.174778,0.0
81,4.976526737213135,-0.34478065371513367,102.09168243408203,6.982481951102957,-3.7204386883171834,-169.21478711824494,-9.453034,6.6135044,10.840051,47.427708,-16.688944,-47.33202,86.12516,-34.621094,-36.684063,1.4366158,-17.530115,1.7868669,-95.421585,-44.96986,68.076126,-3.7611232,12.725701,-8.785942,4.6279087,6.3061366,23.984135,67.45262,59.12006,-6.750905,0.0,-17.668621,-3.910514,43.516865,38.30192,-21.407818,0.0
82,4.985479831695557,-0.6572246551513672,101.94746398925781,7.155298177486244,-3.6170918644966346,-170.30048926593835,-9.55747,6.611044,10.941743,47.674778,-16.77363,-43.250782,89.58811,-31.297062,-36.952316,2.988072,-19.505732,3.6255457,-95.88218,-46.86535,67.985214,-4.831844,10.905536,-9.241397,4.8347774,6.6238537,23.630564,67.54817,59.457592,-7.064989,0.0,-18.031544,-3.7725694,44.742245,38.713898,-21.641304,0.0
83,4.991605281829834,-0.969436764717102,101.79837036132812,7.3252332511625715,-3.518001504885213,-171.37075696180733,-9.664721,6.6053243,11.034524,47.884396,-16.806341,-38.771164,93.03533,-27.705116,-36.577225,4.444012,-21.28032,5.911167,-96.23378,-48.713608,67.618164,-5.9587054,9.207336,-9.718711,4.953129,6.9335284,23.243765,67.60611,59.75679,-7.399724,0.0,-18.38238,-3.6302595,45.947887,39.130688,-21.890831,0.0
84,4.996886253356934,-1.2884116172790527,101.64488220214844,7.495423360742657,-3.431347034336478,-172.4183682212228,-9.78083,6.592626,11.124293,48.06824,-16.74922,-33.991253,96.33593,-23.9324,-35.356815,5.4072986,-22.571726,8.166987,-96.49383,-50.473644,66.954185,-7.124634,7.7272506,-10.256109,4.9706154,7.221038,22.818586,67.58704,60.025387,-7.778587,0.0,-18.710732,-3.4962757,47.128162,39.54684,-22.141985,0.0
85,4.99884033203125,-1.6092684268951416,101.48480987548828,7.667939002230344,-3.356988343195596,-173.4431449096577,-9.907556,6.57349,11.207398,48.20888,-16.58531,-29.026567,99.38171,-20.16714,-33.19896,5.6754894,-23.441742,10.245243,-96.676674,-52.104046,65.975525,-8.27476,6.537079,-10.883415,4.904762,7.4962673,22.354422,67.51045,60.25703,-8.18985,0.0,-19.018822,-3.368001,48.28378,39.974655,-22.421549,0.0
86,4.995275020599365,-1.9240094423294067,101.31929016113281,7.841525372306897,-3.2908156699752333,-174.44901208408479,-10.040942,6.554561,11.280857,48.303783,-16.33136,-24.001934,102.10583,-16.54968,-30.168938,5.4793715,-24.08457,12.115015,-96.798225,-53.595615,64.737564,-9.375593,5.585053,-11.571269,4.7335916,7.7569275,21.849636,67.375404,60.449123,-8.6395235,0.0,-19.313646,-3.2354896,49.41665,40.416134,-22.708311,0.0
87,4.991518020629883,-2.2443056106567383,101.15019226074219,8.013810970716433,-3.237672423595033,-175.43384527817923,-10.179983,6.541552,11.352756,48.388935,-16.00276,-19.048634,104.45124,-13.106325,-26.351725,5.018157,-24.474495,13.414895,-96.88467,-54.957344,63.33281,-10.441638,4.785355,-12.267889,4.3829904,8.000047,21.31716,67.17341,60.614914,-9.115168,0.0,-19.58428,-3.111234,50.52382,40.853264,-23.002453,0.0
88,4.983527660369873,-2.5651416778564453,100.97825622558594,8.182761197450006,-3.2021985888014637,-176.39594779315746,-10.323961,6.5393944,11.431931,48.50122,-15.616122,-14.286813,106.38875,-9.835732,-21.85236,4.5117817,-24.557865,13.826459,-96.96749,-56.205418,61.853397,-11.497802,4.051973,-12.920812,3.7831442,8.22273,20.768728,66.89515,60.766693,-9.606591,0.0,-19.82265,-2.989584,51.603035,41.29034,-23.308025,0.0
89,4.977529048919678,-2.8810830116271973,100.80174255371094,8.3460390283098,-3.189150903218514,-177.3371872593541,-10.4758215,6.556281,11.520369,48.647106,-15.141971,-9.817013,107.89041,-6.7432537,-16.680403,3.9365888,-24.213875,13.120382,-97.074104,-57.323513,60.32121,-12.53485,3.4116929,-13.494401,2.8541536,8.431835,20.203375,66.537796,60.89921,-10.117134,0.0,-20.02921,-2.8627934,52.651062,41.732838,-23.621853,0.0
90,4.9730024337768555,-3.2039027214050293,100.62427520751953,8.50608343293288,-3.1951189451496087,-178.25810186312174,-10.637385,6.589542,11.615675,48.809673,-14.5830765,-5.6933923,109.003654,-3.9553154,-10.955742,3.348664,-23.512535,11.547704,-97.229225,-58.283283,58.73528,-13.504604,2.8913398,-14.017643,1.6403708,8.628918,19.61896,66.10981,61.012512,-10.650696,0.0,-20.202522,-2.747393,53.671566,42.16265,-23.939445,0.0
91,4.96821403503418,-3.524616241455078,100.44096374511719,8.66820251111184,-3.2124347838176104,-179.15485535155995,-10.80713,6.626199,11.720574,48.99163,-14.002842,-1.9177386,109.86749,-1.5986698,-4.917409,3.063348,-22.675404,9.585495,-97.46061,-59.091766,57.14789,-14.385795,2.404872,-14.534138,0.2618407,8.804665,19.016499,65.61931,61.109978,-11.190606,0.0,-20.360163,-2.636331,54.668446,42.60262,-24.269138,0.0
92,4.972868919372559,-3.838484048843384,100.25401306152344,8.837462988098864,-3.2330949875546944,179.97675806432395,-10.982943,6.6524215,11.8375,49.19649,-13.465536,1.5499052,110.63498,0.23063898,1.2563763,3.3182204,-21.947691,7.713195,-97.792274,-59.772976,55.606224,-15.174124,1.8709855,-15.0883465,-1.1631436,8.948433,18.398903,65.07186,61.200348,-11.724844,0.0,-20.518225,-2.536397,55.640156,43.044487,-24.59822,0.0
93,4.970011234283447,-4.156036853790283,100.06535339355469,9.020233993349226,-3.2633705503606176,179.1385800855476,-11.168135,6.666382,11.968834,49.445694,-12.953436,4.7659745,111.42616,1.5719225,7.6980395,4.2157016,-21.3445,6.081668,-98.246506,-60.31848,54.118668,-15.876426,1.3147342,-15.67291,-2.6384697,9.064244,17.756275,64.456505,61.28352,-12.26037,0.0,-20.656404,-2.4655132,56.58926,43.486423,-24.943417,0.0
94,4.976566314697266,-4.470218181610107,99.87617492675781,9.212531798300303,-3.304576059351276,178.32787912362082,-11.363888,6.6740575,12.113397,49.732918,-12.444339,7.770847,112.24877,2.48485,14.42952,5.5969186,-20.754513,4.6087384,-98.84385,-60.707687,52.69467,-16.47021,0.7530972,-16.264149,-4.2225966,9.158229,17.093287,63.776512,61.360237,-12.802277,0.0,-20.783611,-2.4155993,57.512497,43.92202,-25.286736,0.0
95,4.989230632781982,-4.778774738311768,99.6802749633789,9.402973075426893,-3.341542793870773,177.54223321960174,-11.565046,6.6734076,12.267814,50.020054,-11.997262,10.587431,113.041374,2.9144099,21.14785,7.215439,-20.24411,3.3658164,-99.59602,-60.957108,51.37532,-16.92157,0.08888489,-16.881014,-5.88202,9.22403,16.431078,63.06156,61.43255,-13.32963,0.0,-20.919127,-2.3613307,58.416344,44.36487,-25.630835,0.0
96,5.005755424499512,-5.090705394744873,99.48948669433594,9.580161709334101,-3.359379232449892,176.77944660921963,-11.765622,6.6617055,12.429313,50.26871,-11.672318,13.223251,113.71289,2.8063738,27.560135,8.772832,-19.879528,2.361957,-100.5029,-61.106354,50.188824,-17.22221,-0.7688931,-17.538853,-7.5835133,9.250963,15.798386,62.33683,61.520596,-13.832141,0.0,-21.067015,-2.3098767,59.301025,44.770065,-25.955376,0.0
97,5.027858734130859,-5.395354270935059,99.29667663574219,9.74505596478216,-3.359929851865562,176.04305625753608,-11.981334,6.621337,12.604888,50.489452,-11.517735,15.714651,114.28156,2.0287907,33.726395,10.106719,-19.712967,1.5037341,-101.56028,-61.173283,49.10861,-17.386969,-1.8857498,-18.258152,-9.344583,9.238344,15.193416,61.604992,61.623104,-14.297599,0.0,-21.233078,-2.2448363,60.167305,45.165707,-26.270048,0.0
98,5.057323932647705,-5.697673797607422,99.10356140136719,9.902215452320446,-3.349617282305036,175.33281563412768,-12.209651,6.557842,12.794095,50.69746,-11.492261,18.095257,114.77575,0.66613835,39.79127,11.259261,-19.682402,0.80468094,-102.763794,-61.15794,48.12207,-17.43553,-3.212529,-19.007078,-11.186607,9.191241,14.604926,60.853268,61.735657,-14.73791,0.0,-21.412016,-2.178549,61.011604,45.547348,-26.57337,0.0
99,5.081455230712891,-5.998477458953857,98.91559600830078,10.044838946656167,-3.3210825372711037,174.6411520496107,-12.417971,6.5032763,12.983525,50.861088,-11.521865,20.353666,115.09494,-0.97017825,45.5751,12.23443,-19.701935,0.32555315,-104.10147,-61.081158,47.268173,-17.376621,-4.661406,-19.72693,-13.081387,9.107884,14.040467,60.084927,61.859573,-15.169793,0.0,-21.596973,-2.1062934,61.84305,45.900032,-26.864275,0.0
100,5.109564304351807,-6.302243232727051,98.72949981689453,10.165506073958882,-3.267142115370954,173.9601899428452,-12.572574,6.4899387,13.160252,50.94747,-11.532939,22.450205,115.12707,-2.5404494,50.85309,13.091606,-19.694643,0.07898836,-105.551636,-60.969967,46.57939,-17.224768,-6.1348596,-20.37015,-14.995257,8.9873705,13.5053625,59.3042,61.99027,-15.6068,0.0,-21.806715,-2.0179644,62.662167,46.22252,-27.129795,0.0
101,5.135615348815918,-6.607431411743164,98.55005645751953,10.259363731811687,-3.1744117587444665,173.27603957426643,-12.67134,6.524508,13.326436,50.912838,-11.53252,24.343378,114.80508,-3.85248,55.52235,14.007862,-19.606731,-0.08327039,-107.096115,-60.85448,46.041607,-17.014454,-7.5849743,-20.94229,-16.942139,8.812302,13.010113,58.513382,62.145687,-16.059483,0.0,-22.048811,-1.9039652,63.485184,46.50144,-27.361784,0.0
102,5.164608478546143,-6.911137580871582,98.37141418457031,10.32859893306281,-3.0514429404114756,172.59678215748448,-12.728556,6.5907574,13.488038,50.78499,-11.552061,26.046825,114.16139,-5.020028,59.688774,14.9730425,-19.501657,-0.21832894,-108.71498,-60.74083,45.614998,-16.760715,-9.0662775,-21.465271,-18.93168,8.588778,12.545615,57.710335,62.31845,-16.516537,0.0,-22.321272,-1.7606928,64.3053,46.756985,-27.569101,0.0
103,5.1912150382995605,-7.21558952331543,98.19705200195312,10.384459460349593,-2.92335586137575,171.9477924563151,-12.735713,6.6858964,13.636927,50.639057,-11.551978,27.616245,113.234825,-6.13278,63.431534,15.797289,-19.47072,-0.16001597,-110.38731,-60.6354,45.278217,-16.471392,-10.600915,-21.916225,-20.89671,8.348099,12.093229,56.891407,62.480198,-16.966152,0.0,-22.59039,-1.6226275,65.09255,46.98624,-27.76517,0.0
104,5.215966701507568,-7.52161979675293,98.03241729736328,10.436472943256256,-2.8152179713759873,171.35422668353976,-12.683984,6.8079567,13.76478,50.550114,-11.492489,29.137869,112.06817,-7.2767544,66.83944,16.257624,-19.595312,0.27459636,-112.083824,-60.53124,45.016735,-16.139065,-12.22942,-22.277094,-22.779024,8.122114,11.6358385,56.052235,62.60465,-17.397608,0.0,-22.824505,-1.5239621,65.818214,47.17936,-27.95517,0.0
105,5.23102331161499,-7.826574325561523,97.8755111694336,10.48777837207798,-2.719684590660867,170.79531492102873,-12.5492735,6.96706,13.868977,50.537067,-11.34713,30.698465,110.627815,-8.464843,69.95325,16.195965,-19.931166,1.3622718,-113.78759,-60.458393,44.803337,-15.794779,-13.959697,-22.541504,-24.529049,7.901849,11.165601,55.1854,62.694515,-17.817926,0.0,-23.030424,-1.4529508,66.504486,47.347282,-28.144005,0.0
106,5.239019870758057,-8.12717342376709,97.73130798339844,10.533536951978812,-2.6283042552800464,170.26661663312117,-12.343605,7.1626234,13.95302,50.5604,-11.141162,32.3528,108.85192,-9.4930525,72.76151,15.81599,-20.415562,2.9777339,-115.4777,-60.43052,44.622696,-15.4609995,-15.762206,-22.72352,-26.182693,7.6759744,10.694316,54.295086,62.76546,-18.23236,0.0,-23.217659,-1.4040848,67.15436,47.476353,-28.315836,0.0
107,5.2390618324279785,-8.41641902923584,97.60114288330078,10.572825849158487,-2.564253156765842,169.81785050450773,-12.113069,7.3735824,14.017202,50.607475,-10.914729,34.139744,106.7723,-10.153514,75.26572,15.397069,-20.94912,4.697308,-117.12347,-60.431946,44.45634,-15.136461,-17.590298,-22.82758,-27.77996,7.4742637,10.229508,53.395027,62.800163,-18.622282,0.0,-23.359615,-1.3955623,67.71209,47.57832,-28.488783,0.0
108,5.234298229217529,-8.698946952819824,97.48332214355469,10.609238880296067,-2.5507980177448815,169.4988300738752,-11.902721,7.57745,14.062118,50.666306,-10.707411,36.07621,104.46377,-10.2783,77.44234,15.190041,-21.419657,6.0834904,-118.6858,-60.443073,44.277153,-14.818467,-19.404186,-22.856955,-29.356096,7.327698,9.777791,52.49919,62.77513,-18.965866,0.0,-23.435467,-1.4560251,68.12775,47.66392,-28.669365,0.0
109,5.215296745300293,-8.974117279052734,97.38262939453125,10.646284437321128,-2.5985019892696446,169.31496404152486,-11.717971,7.763773,14.09129,50.76091,-10.516967,38.163822,101.96013,-9.8013935,79.200455,15.222586,-21.820765,6.9958014,-120.12223,-60.486042,44.03744,-14.523374,-21.258923,-22.808289,-30.888948,7.241599,9.329996,51.58044,62.686317,-19.25825,0.0,-23.426506,-1.600126,68.3882,47.729107,-28.868937,0.0
110,5.192745685577393,-9.232247352600098,97.29488372802734,10.684020414330568,-2.6937573350080726,169.24223021407698,-11.535627,7.943168,14.102579,50.88827,-10.327989,40.413136,99.276024,-8.822887,80.50454,15.343531,-22.192682,7.6744623,-121.38539,-60.597557,43.69357,-14.299188,-23.148867,-22.685093,-32.350826,7.20243,8.88483,50.641384,62.54014,-19.508757,0.0,-23.354433,-1.80081,68.52282,47.783337,-29.072203,0.0
111,5.1659159660339355,-9.476861000061035,97.22479248046875,10.709863172815567,-2.823754801688551,169.28592103467938,-11.358236,8.124258,14.088485,50.996014,-10.162105,42.834583,96.47714,-7.4582357,81.39562,15.520216,-22.483604,8.238972,-122.428345,-60.781425,43.2185,-14.185059,-24.941475,-22.50565,-33.76597,7.2061863,8.468269,49.73527,62.348217,-19.729239,0.0,-23.230555,-2.052411,68.52459,47.80966,-29.270245,0.0
112,5.133001804351807,-9.713813781738281,97.17195892333984,10.71691230716325,-2.9756526918948514,169.45114497642305,-11.188194,8.315833,14.041662,51.030956,-10.0421,45.433403,93.62741,-5.832585,81.9199,15.718369,-22.64573,8.796917,-123.227234,-61.021397,42.605057,-14.1991,-26.509418,-22.29238,-35.162525,7.249665,8.101835,48.915936,62.112057,-19.926558,0.0,-23.065313,-2.3541408,68.395164,47.797768,-29.464006,0.0
113,5.101376533508301,-9.940300941467285,97.13397216796875,10.704825950895092,-3.152848842194948,169.74099475894613,-11.032197,8.518902,13.960665,50.999176,-9.956693,48.199318,90.748924,-4.0003805,82.002106,15.94705,-22.647934,9.297234,-123.79401,-61.28599,41.85754,-14.326637,-27.837416,-22.05351,-36.5588,7.346322,7.778861,48.196884,61.81422,-20.088974,0.0,-22.860216,-2.6999116,68.12858,47.757294,-29.648413,0.0
114,5.071140289306641,-10.153743743896484,97.1086654663086,10.676218868072624,-3.3598149135312787,170.1521775537429,-10.885695,8.727484,13.84869,50.921978,-9.899793,51.100937,87.8396,-1.9567424,81.56225,16.208052,-22.518164,9.66849,-124.167366,-61.570137,41.001404,-14.535274,-28.985563,-21.786133,-37.935802,7.4917235,7.490312,47.546448,61.455387,-20.217175,0.0,-22.612522,-3.0886395,67.718025,47.695267,-29.821236,0.0
115,5.037198066711426,-10.35053539276123,97.09832000732422,10.62474350344172,-3.585017804901431,170.68103176493443,-10.734963,8.940758,13.705045,50.769768,-9.901578,54.098034,84.92062,0.2506217,80.66043,16.458792,-22.302708,9.98227,-124.39113,-61.889263,40.0853,-14.798646,-29.939526,-21.498411,-39.27283,7.6531687,7.2569194,46.950764,61.070324,-20.339207,0.0,-22.315657,-3.505982,67.18937,47.605625,-29.996471,0.0
116,5.00957727432251,-10.534070014953613,97.10523223876953,10.53903688096413,-3.8160862865672756,171.3235683813263,-10.566094,9.157764,13.528777,50.511898,-9.993533,57.14343,82.01138,2.5702229,79.37569,16.654474,-22.053986,10.30846,-124.50034,-62.267647,39.15192,-15.097488,-30.682758,-21.199675,-40.551285,7.796598,7.103459,46.397457,60.698563,-20.484041,0.0,-21.995352,-3.9427607,66.52383,47.46907,-30.13398,0.0
117,4.980526447296143,-10.703679084777832,97.12804412841797,10.41991806701245,-4.04396414121705,172.06551016251993,-10.369197,9.388113,13.32311,50.132587,-10.192461,60.193817,79.09911,4.903894,77.71591,16.763775,-21.792667,10.674238,-124.5178,-62.69812,38.25348,-15.427435,-31.160292,-20.898365,-41.83497,7.925156,7.0258923,45.91009,60.339603,-20.665852,0.0,-21.650793,-4.390835,65.74699,47.28945,-30.250357,0.0
118,4.956435203552246,-10.869914054870605,97.16636657714844,10.26920815539074,-4.275793992626264,172.91368211250602,-10.151817,9.628249,13.086251,49.64814,-10.48331,63.19864,76.1939,7.190781,75.65978,16.811665,-21.505182,10.998256,-124.462364,-63.151237,37.393337,-15.771452,-31.400318,-20.597837,-43.12051,8.051598,7.0174894,45.487095,59.980473,-20.86896,0.0,-21.274025,-4.8647265,64.85091,47.05847,-30.340645,0.0
119,4.936216831207275,-11.021273612976074,97.21893310546875,10.083725119563825,-4.523086579597988,173.89713121070665,-9.926683,9.858323,12.810449,49.07735,-10.846662,66.09282,73.34365,9.440183,73.27308,16.831045,-21.19739,11.190303,-124.35066,-63.62385,36.53031,-16.096918,-31.511961,-20.298277,-44.28705,8.160053,7.0935197,45.080612,59.63161,-21.070484,0.0,-20.845385,-5.360404,63.797638,46.789265,-30.410927,0.0
120,4.922050476074219,-11.150041580200195,97.29227447509766,9.860060720540382,-4.797002889783832,175.04534804165573,-9.706575,10.058567,12.488333,48.43826,-11.263544,68.80599,70.59273,11.668247,70.64135,16.845783,-20.876642,11.161619,-124.19311,-64.12419,35.618332,-16.379183,-31.600029,-19.996284,-45.21268,8.233535,7.2701826,44.642155,59.308846,-21.251,0.0,-20.339943,-5.886601,62.546524,46.46796,-30.45599,0.0
121,4.905036926269531,-11.267245292663574,97.383056640625,9.59476707487968,-5.090166500719923,176.352065106305,-9.487113,10.231973,12.126484,47.73731,-11.763718,71.27796,67.91979,13.821683,67.816536,16.854206,-20.532223,10.90291,-123.99354,-64.6736,34.641457,-16.62664,-31.686007,-19.69649,-45.79436,8.266876,7.5574527,44.18742,59.03174,-21.42454,0.0,-19.754713,-6.442158,61.104824,46.094337,-30.4844,0.0
122,4.8929123878479,-11.363780975341797,97.48912048339844,9.287692372521134,-5.396334224231055,177.8073838898786,-9.26352,10.386885,11.726355,46.960278,-12.351004,73.46244,65.31403,15.809121,64.858955,16.816893,-20.180838,10.460541,-123.7497,-65.26247,33.629803,-16.843546,-31.718563,-19.402077,-46.123077,8.268929,7.94612,43.732662,58.789375,-21.594471,0.0,-19.098835,-7.010108,59.47692,45.674053,-30.48625,0.0
123,4.876598834991455,-11.443053245544434,97.61430358886719,8.938028182002565,-5.728167681134287,179.43683337311245,-9.049034,10.511972,11.27372,46.096024,-12.959327,75.32074,62.82947,17.621758,61.882168,16.702374,-19.872286,9.836311,-123.461235,-65.846756,32.605534,-17.005867,-31.695726,-19.10679,-46.36165,8.240941,8.422568,43.226795,58.55472,-21.729998,0.0,-18.325232,-7.6029725,57.64065,45.189384,-30.47747,0.0
124,4.860611915588379,-11.501609802246094,97.76217651367188,8.542860806890452,-6.097060287551753,-178.73277236378192,-8.857295,10.596248,10.754644,45.1374,-13.520987,76.825584,60.526176,19.277203,59.000416,16.480175,-19.653706,9.028707,-123.13094,-66.37349,31.590357,-17.080112,-31.620821,-18.804428,-46.6688,8.182636,8.972988,42.6174,58.29952,-21.800558,0.0,-17.410488,-8.228225,55.538464,44.622375,-30.433279,0.0
125,4.824703216552734,-11.556116104125977,97.93399810791016,8.092415029141323,-6.5016405562329584,-176.68106430649647,-8.709901,10.639343,10.152299,44.09563,-14.022381,77.95391,58.361225,20.864634,56.271637,16.099655,-19.55685,7.9226384,-122.757866,-66.831604,30.597494,-17.037552,-31.520277,-18.490402,-47.042263,8.093686,9.605595,41.89853,58.028587,-21.796135,0.0,-16.308945,-8.895248,53.14825,43.944916,-30.370161,0.0
126,4.782074928283691,-11.586457252502441,98.12186431884766,7.584438360244002,-6.92895919729517,-174.42382518067663,-8.595387,10.648158,9.479554,42.97249,-14.494793,78.70348,56.314434,22.367037,53.705276,15.591638,-19.54324,6.5887856,-122.34296,-67.23222,29.609013,-16.896635,-31.395403,-18.174047,-47.404606,7.9688067,10.323212,41.089386,57.75764,-21.738321,0.0,-15.041449,-9.555682,50.485397,43.185394,-30.282516,0.0
127,4.72314453125,-11.601055145263672,98.32664489746094,7.026635776721564,-7.37451597455763,-171.98530712457097,-8.478512,10.621625,8.767413,41.748997,-14.934483,79.101135,54.495216,23.67786,51.340363,15.054308,-19.560654,5.2953625,-121.897,-67.552925,28.603193,-16.70317,-31.21484,-17.871967,-47.80288,7.799946,11.101905,40.173325,57.47692,-21.64803,0.0,-13.596031,-10.201898,47.55603,42.326622,-30.164553,0.0
128,4.645561695098877,-11.609288215637207,98.5435791015625,6.425988920201422,-7.834566025240052,-169.38794700769444,-8.3234215,10.556891,8.046569,40.405766,-15.34139,79.18791,53.03897,24.7019,49.218185,14.578806,-19.56928,4.295708,-121.44114,-67.75881,27.565018,-16.493088,-30.954973,-17.601803,-48.282936,7.5839915,11.91415,39.13599,57.165142,-21.540089,0.0,-11.96797,-10.820204,44.369427,41.361095,-30.00903,0.0
129,4.55723237991333,-11.600325584411621,98.78231048583984,5.765983807054483,-8.312744957150505,-166.59613043237368,-8.1375475,10.460374,7.308315,38.948433,-15.737628,79.0001,51.976963,25.477768,47.375362,14.1704,-19.598917,3.6524277,-120.98984,-67.87427,26.511873,-16.282753,-30.60048,-17.354097,-48.85214,7.346733,12.762977,37.99933,56.77008,-21.388725,0.0,-10.223607,-11.24608,40.88985,40.52149,-29.898718,0.0
130,4.44614839553833,-11.59403133392334,99.03890991210938,5.041346014772184,-8.797896004544912,-163.60655309582964,-7.9353943,10.32889,6.5431356,37.385426,-16.118866,78.56145,51.258682,26.116844,45.782894,13.787491,-19.661793,3.2252326,-120.54689,-67.902954,25.455076,-16.0506,-30.170637,-17.127695,-49.49133,7.0772514,13.658446,36.756214,56.3226,-21.201635,0.0,-8.275052,-11.587359,37.094234,39.59879,-29.770287,0.0
131,4.329185485839844,-11.579927444458008,99.30037689208984,4.278965803439872,-9.269799670579921,-160.48787277472275,-7.6934204,10.143036,5.7804976,35.70408,-16.446276,77.89689,50.895027,26.629768,44.375755,13.455022,-19.696768,2.9589288,-120.1246,-67.76204,24.373022,-15.76948,-29.707602,-16.956503,-50.199406,6.7559166,14.545964,35.37087,55.817184,-20.982359,0.0,-6.209046,-11.827803,33.079067,38.643093,-29.610643,0.0
132,4.200716972351074,-11.575860023498535,99.56382751464844,3.5091321480391855,-9.709741565620138,-157.3081366587345,-7.3893003,9.882968,5.0501065,33.891552,-16.681467,77.023605,50.90698,27.01179,43.095566,13.185957,-19.645323,2.793188,-119.74734,-67.34403,23.250027,-15.4071455,-29.272184,-16.879726,-50.963875,6.368301,15.367872,33.80952,55.241398,-20.732193,0.0,-4.1248116,-11.958757,28.940258,37.70425,-29.390808,0.0
133,4.070986747741699,-11.571172714233398,99.82254791259766,2.728051203170308,-10.125353798020587,-154.03881417754693,-7.0319796,9.531204,4.337167,31.939545,-16.80814,75.97268,51.367233,27.26888,41.99769,13.022971,-19.486712,2.7568808,-119.43929,-66.60353,22.101295,-14.964385,-28.867727,-16.943842,-51.777348,5.9333577,16.129028,32.100338,54.57843,-20.4463,0.0,-2.0047333,-11.967916,24.59753,36.74759,-29.049175,0.0
134,3.950636863708496,-11.56795883178711,100.06978607177734,1.9226536080897554,-10.514981342539272,-150.65487981472273,-6.632492,9.099207,3.6364198,29.858044,-16.851868,74.75947,52.250553,27.427986,41.061398,12.92824,-19.255384,2.850674,-119.216576,-65.57512,20.940914,-14.444923,-28.4943,-17.126108,-52.633484,5.4584746,16.849392,30.247074,53.83693,-20.132479,0.0,0.17660218,-11.846805,20.009262,35.754528,-28.567755,0.0
135,3.8460299968719482,-11.558525085449219,100.31483459472656,1.1106805896179048,-10.860428471371995,-147.22941859143737,-6.1726522,8.611318,2.9919999,27.660917,-16.844534,73.36125,53.409492,27.504229,40.113377,12.810367,-18.971416,2.9845603,-119.08994,-64.278275,19.751116,-13.810339,-28.19801,-17.35865,-53.52114,4.917468,17.493168,28.181534,53.040485,-19.81211,0.0,2.3175945,-11.617312,15.349507,34.802883,-27.949633,0.0
136,3.7499375343322754,-11.561081886291504,100.55802917480469,0.31270594521533357,-11.145204257266721,-143.83592458950582,-5.63357,8.094265,2.448008,25.362877,-16.822214,71.73541,54.673748,27.503893,38.982716,12.602142,-18.649998,3.0842478,-119.065025,-62.726665,18.512709,-13.012569,-28.023123,-17.572727,-54.426804,4.276735,18.028738,25.832026,52.229244,-19.508131,0.0,4.312992,-11.307486,10.823323,33.981995,-27.19414,0.0
137,3.6755740642547607,-11.554673194885254,100.78103637695312,-0.47549049277623673,-11.381715965479858,-140.45918340918155,-5.0078506,7.5457416,2.01202,22.940722,-16.780603,69.850876,56.034393,27.500414,37.652035,12.339757,-18.279573,3.1425004,-119.14588,-60.88946,17.212046,-12.095708,-28.01047,-17.771942,-55.361248,3.5275373,18.444118,23.110783,51.403107,-19.22652,0.0,6.1532464,-10.908279,6.484311,33.30663,-26.252272,0.0
138,3.6193747520446777,-11.54564094543457,100.98936462402344,-1.2554204892404068,-11.573983922344425,-137.0697936198781,-4.3054566,6.9549685,1.6637384,20.396656,-16.72515,67.70591,57.535454,27.444914,36.18986,12.059537,-17.851343,3.2084703,-119.329124,-58.76965,15.855334,-11.058271,-28.119722,-17.984879,-56.32145,2.7085493,18.748737,20.085972,50.54331,-18.962898,0.0,7.8720784,-10.408102,2.2957594,32.73159,-25.092108,0.0
139,3.5877692699432373,-11.5173921585083,101.17938232421875,-2.004181370189755,-11.703935507085003,-133.7189448845203,-3.533086,6.3407393,1.4047674,17.783978,-16.709028,65.30729,59.06985,27.170362,34.547184,11.705224,-17.382072,3.3053446,-119.5955,-56.439987,14.452224,-9.785654,-28.257124,-18.179716,-57.2784,1.8480235,18.953884,16.929674,49.66913,-18.739481,0.0,9.424943,-9.84737,-1.652858,32.2749,-23.766977,0.0
140,3.5766215324401855,-11.475164413452148,101.35245513916016,-2.6982112055227336,-11.758942413783036,-130.45892011809147,-2.6970966,5.722568,1.2355278,15.155945,-16.783083,62.67606,60.49559,26.536415,32.647198,11.253112,-16.880968,3.4694297,-119.91048,-53.991375,13.006798,-8.171977,-28.316,-18.32576,-58.209232,0.9677431,19.091974,13.858166,48.7978,-18.610422,0.0,10.774436,-9.278929,-5.2884903,31.953474,-22.36242,0.0
141,3.5754106044769287,-11.421092987060547,101.50949096679688,-3.3404129654177277,-11.751651343269934,-127.26901206779007,-1.7837696,5.1119695,1.1692563,12.489672,-16.989061,59.827988,61.807873,25.577423,30.371302,10.700695,-16.32417,3.759324,-120.25704,-51.43591,11.478619,-6.3270183,-28.341301,-18.442999,-59.274742,0.044820283,19.178154,10.805348,47.93375,-18.615875,0.0,11.920957,-8.709587,-8.63054,31.787695,-20.94522,0.0
142,3.5901665687561035,-11.35723876953125,101.65605163574219,-3.935691620809371,-11.693505685930688,-124.13039080844243,-0.7902669,4.503876,1.1985114,9.771421,-17.309597,56.774574,63.02007,24.378984,27.75232,10.0827055,-15.711418,4.1663017,-120.61511,-48.749004,9.854179,-4.271242,-28.33877,-18.535818,-60.43001,-0.92464674,19.21962,7.771044,47.07319,-18.753914,0.0,12.872116,-8.134445,-11.675907,31.771603,-19.55497,0.0
143,3.627063274383545,-11.278936386108398,101.78377532958984,-4.453521967965515,-11.569580315597204,-121.1029877028636,0.26126364,3.8914587,1.2926716,7.0655766,-17.693548,53.543823,63.997604,22.901678,24.935135,9.462499,-15.083818,4.629976,-120.92586,-45.976833,8.170306,-1.7868143,-28.150076,-18.556011,-61.345463,-1.9213473,19.228525,5.0324154,46.23293,-18.982327,0.0,13.604881,-7.6072745,-14.340316,31.902258,-18.26954,0.0
144,3.6701605319976807,-11.190062522888184,101.90802764892578,-4.862361901034628,-11.370491655279695,-118.24788965408091,1.3469536,3.266185,1.4219595,4.4341483,-18.078775,50.17516,64.57665,21.127836,22.061255,8.94299,-14.478795,5.0842385,-121.10404,-43.192024,6.4541264,1.3170879,-27.61485,-18.45232,-61.69687,-2.927305,19.204239,2.8308222,45.425224,-19.255894,0.0,14.109406,-7.1891723,-16.555964,32.174053,-17.158697,0.0
145,3.7105817794799805,-11.082780838012695,102.03588104248047,-5.1406646457519,-11.09068389216747,-115.5719743564439,2.5070615,2.622854,1.5832663,1.8413419,-18.442013,46.684376,64.72283,19.075891,19.032463,8.600954,-13.893991,5.538138,-121.10121,-40.407864,4.524028,4.9247813,-26.838158,-18.109808,-61.67013,-3.9988656,19.101454,1.1482556,44.678833,-19.532536,0.0,14.349235,-6.944059,-18.305553,32.628773,-16.222702,0.0
146,3.749250888824463,-10.97117805480957,102.16255187988281,-5.3012718430087995,-10.752602449814388,-113.04281720200792,3.7430058,1.9734234,1.7872056,-0.73332703,-18.820866,43.070652,64.46796,16.801565,15.862695,8.437258,-13.322202,6.013387,-120.89467,-37.63623,2.4304376,8.900194,-25.846878,-17.565346,-61.34961,-5.1319366,18.891117,-0.20269771,43.98622,-19.802849,0.0,14.356126,-6.863336,-19.67687,33.269726,-15.433659,0.0
147,3.7912678718566895,-10.851428985595703,102.28720092773438,-5.3795546294177905,-10.388769009526431,-110.6637184618206,4.970802,1.3308401,2.0277255,-3.2072482,-19.223751,39.35406,63.758904,14.343794,12.874648,8.442815,-12.7884655,6.441818,-120.43236,-35.00049,0.5645671,13.404201,-24.349743,-16.95819,-60.27419,-6.2259026,18.58753,-1.2888845,43.297333,-20.012146,0.0,14.218496,-6.9041014,-20.779745,34.017918,-14.673544,0.0
148,3.8391027450561523,-10.719974517822266,102.4178237915039,-5.414990988080575,-10.028914159681674,-108.43933795461896,6.1046786,0.7028808,2.3010457,-5.4962687,-19.640156,35.576553,62.540718,11.758408,10.375354,8.605818,-12.308818,6.746623,-119.67927,-32.7033,-0.6514048,18.631542,-22.008797,-16.365494,-57.977764,-7.178214,18.221478,-2.1640005,42.56829,-20.155483,0.0,14.026904,-6.9992867,-21.672636,34.79394,-13.953533,0.0
149,3.891773223876953,-10.595478057861328,102.5536880493164,-5.37618984817866,-9.688654870145415,-106.43215709833123,7.1739464,0.072003305,2.6446297,-7.5848966,-20.074045,31.757328,60.717243,9.101665,8.387779,8.938125,-11.900462,6.854347,-118.57529,-30.87289,-1.6181979,24.904085,-18.89271,-15.457286,-54.502487,-7.9460588,17.75791,-2.7608466,41.812138,-20.22071,0.0,13.740958,-7.204188,-22.253466,35.667973,-13.295888,0.0
150,3.9119248390197754,-10.492288589477539,102.69853210449219,-5.256868569720272,-9.356566620294508,-104.61574978729801,8.208807,-0.55912375,3.0478024,-9.519259,-20.496052,27.907726,58.338802,6.41728,6.8575583,9.448065,-11.547435,6.7939854,-117.11639,-29.482367,-2.2788105,31.942156,-15.24673,-14.064908,-50.13952,-8.5877695,17.168476,-3.1850693,41.04867,-20.196619,0.0,13.331877,-7.524218,-22.508291,36.648006,-12.699452,0.0
151,3.906322717666626,-10.400223731994629,102.85360717773438,-5.140133625450515,-9.015781838907806,-102.86411172563975,9.124241,-1.1541474,3.442052,-11.3084955,-20.841503,24.090284,55.619385,3.7519362,5.928166,10.042512,-11.210292,6.6522326,-115.248314,-28.40264,-1.6028877,38.986732,-11.041357,-12.443482,-44.721825,-9.158411,16.51593,-3.7026231,40.241093,-20.059566,0.0,12.903181,-7.8223343,-22.652609,37.566544,-12.117985,0.0
152,3.890052080154419,-10.349393844604492,103.02156066894531,-5.103744854977883,-8.643857774201493,-101.05350200057518,9.831294,-1.6825029,3.7566047,-12.960271,-21.048965,20.416931,52.81365,1.1526859,5.6698437,10.574584,-10.845504,6.533424,-112.89101,-27.568857,1.4644052,45.267982,-6.1055536,-10.770881,-37.933197,-9.710138,15.877472,-4.530711,39.351513,-19.78271,0.0,12.561452,-7.9624524,-22.908468,38.264843,-11.506041,0.0
153,3.863600730895996,-10.330788612365723,103.21246337890625,-5.174347492594166,-8.218322647382648,-99.14912566791061,10.248704,-2.1533031,3.9462492,-14.453282,-21.036242,17.02011,49.96403,-1.3198761,6.0384183,10.902258,-10.408918,6.50181,-109.87918,-27.156126,7.7538395,51.301456,0.43905634,-8.636564,-28.702461,-10.237561,15.290068,-5.6557794,38.3315,-19.349442,0.0,12.329912,-7.88435,-23.32139,38.688625,-10.8496475,0.0
154,3.8326785564422607,-10.334283828735352,103.41729736328125,-5.303071318143965,-7.75011478452266,-97.21802531923042,10.425057,-2.585194,4.044975,-15.782797,-20.835846,14.005624,47.03776,-3.551585,6.8747344,11.0116415,-9.923949,6.5273185,-106.28449,-27.437555,16.588533,57.038685,7.730552,-5.246529,-18.129,-10.715108,14.736563,-6.935883,37.204166,-18.777155,0.0,12.153037,-7.6593957,-23.777294,38.92888,-10.179921,0.0
155,3.791630744934082,-10.361364364624023,103.62091064453125,-5.4582450302466405,-7.264763608673014,-95.29047513494857,10.477751,-2.9687853,4.108459,-16.98973,-20.569242,11.44388,44.192764,-5.479904,8.004971,10.948863,-9.444865,6.5762906,-102.52153,-28.424496,26.8149,61.119904,13.61697,-1.1940033,-8.642581,-11.16132,14.217958,-8.352006,36.04089,-18.106089,0.0,12.025857,-7.352492,-24.268328,39.043297,-9.514021,0.0
156,3.7549164295196533,-10.428447723388672,103.82357788085938,-5.603669661756575,-6.790282502215315,-93.39611944756334,10.538433,-3.2910507,4.2102327,-18.123716,-20.377651,9.3604,41.62628,-7.1282606,9.248257,10.734424,-9.025692,6.615568,-98.98519,-29.817598,37.460236,62.417187,16.46847,1.9740682,-1.5212691,-11.59423,13.726575,-9.881119,34.916695,-17.388306,0.0,11.942387,-7.0324893,-24.787247,39.091354,-8.866556,0.0
157,3.727938175201416,-10.51528549194336,104.02007293701172,-5.754677657091,-6.332586709822324,-91.51603435859576,10.579076,-3.5274255,4.3631816,-19.172722,-20.28046,7.78203,39.412544,-8.614749,10.552471,10.128964,-8.695363,6.6596913,-95.65393,-31.389055,49.6526,60.4166,15.719828,3.214664,4.066396,-12.010011,13.278312,-11.537813,33.8261,-16.655472,0.0,11.930972,-6.6792927,-25.369087,39.03613,-8.226404,0.0
158,3.718479633331299,-10.59686279296875,104.23245239257812,-5.920292340246851,-5.875292237729237,-89.6422131466211,10.562377,-3.6991324,4.5379696,-20.12973,-20.214113,6.736165,37.51717,-9.965064,11.866983,9.154727,-8.416371,6.724464,-92.56118,-33.179646,63.6902,56.515743,12.452077,2.683479,8.9277725,-12.590666,12.896072,-13.382539,32.969135,-16.000319,0.0,12.038955,-6.238429,-26.032322,38.726036,-7.5096006,0.0
159,3.724165916442871,-10.690942764282227,104.43128204345703,-6.067186191445064,-5.417742018657131,-87.82015275995637,10.606293,-3.8413365,4.7595043,-21.04751,-20.213152,6.186942,35.955635,-11.12325,13.051799,8.236754,-8.13884,6.771296,-89.88858,-34.72323,77.38917,52.553524,8.028532,0.8905043,12.410191,-13.138671,12.501427,-15.204556,32.134773,-15.364923,0.0,12.149526,-5.8006234,-26.679747,38.38545,-6.8098326,0.0
160,3.7304108142852783,-10.785723686218262,104.6158218383789,-6.1592724321123935,-4.962495043759575,-86.09477014669922,10.817745,-3.9760983,5.0545235,-21.96828,-20.317083,6.0555825,34.727493,-12.036962,14.026739,7.807862,-7.8173733,6.7595987,-87.7758,-35.384113,88.6239,50.078743,4.087611,-1.298174,14.124529,-13.650083,12.0835085,-16.91274,31.321182,-14.738066,0.0,12.1768675,-5.448188,-27.229563,38.1731,-6.183736,0.0
161,3.733578681945801,-10.877290725708008,104.77837371826172,-6.1897675093949704,-4.522762345705154,-84.49147799616388,11.237346,-4.090913,5.4408216,-22.895018,-20.570658,6.2559533,33.839687,-12.770571,14.874179,8.067106,-7.4269733,6.6589484,-86.364456,-34.71529,97.71871,48.915554,0.7625586,-4.18272,13.39223,-14.126229,11.641118,-18.485197,30.562618,-14.136431,0.0,12.1057415,-5.207957,-27.670933,38.129227,-5.641463,0.0
162,3.725994348526001,-10.96165943145752,104.91464233398438,-6.178110409775126,-4.09666917852892,-82.98004434014787,11.7922,-4.1610427,5.905227,-23.796658,-20.951424,6.749202,33.226463,-13.397068,15.691519,8.810978,-7.008919,6.486232,-85.40292,-32.768936,106.093704,48.081852,-2.1084037,-7.7857194,10.8862,-14.593813,11.181792,-19.983587,29.879784,-13.569311,0.0,11.9729185,-5.041187,-28.0422,38.187366,-5.1625013,0.0
163,3.7109310626983643,-11.061923027038574,105.03313446044922,-6.13022654973953,-3.6650367426510613,-81.52111647977263,12.413195,-4.2011437,6.4182963,-24.65724,-21.387716,7.4916744,32.816204,-13.893009,16.435387,9.835336,-6.586782,6.2738104,-84.36935,-30.591566,112.656975,46.67715,-3.9003408,-10.762159,8.458589,-15.058924,10.70343,-21.428452,29.242893,-13.0300665,0.0,11.776604,-4.931062,-28.342346,38.33382,-4.748259,0.0
164,3.6898386478424072,-11.160429000854492,105.13468933105469,-6.054226701942328,-3.2077762159132024,-80.0757872750709,13.036744,-4.2344246,6.9454026,-25.465895,-21.799053,8.4412,32.55061,-14.236579,17.062607,10.927708,-6.182307,6.0570917,-82.691696,-29.35696,115.97096,44.344032,-4.225067,-11.973749,7.9273596,-15.567596,10.198609,-22.856005,28.646975,-12.499388,0.0,11.520433,-4.8550186,-28.567568,38.53906,-4.395762,0.0
165,3.6551177501678467,-11.266719818115234,105.22329711914062,-5.938123805897012,-2.710867198838727,-78.6287294806709,13.679634,-4.2873077,7.474215,-26.244566,-22.156046,9.576468,32.413155,-14.421225,17.60558,12.27375,-5.7448754,5.816069,-79.99819,-29.153837,114.75097,41.323772,-2.80911,-10.808361,10.388613,-16.120033,9.659779,-24.27036,28.059738,-11.956658,0.0,11.1812,-4.817389,-28.700172,38.81549,-4.10701,0.0
166,3.6200761795043945,-11.378116607666016,105.29444122314453,-5.783542235248647,-2.1894352554724787,-77.20098804086486,14.368291,-4.3465114,8.0154705,-26.994493,-22.490156,10.830566,32.496483,-14.547226,18.106949,13.836775,-5.249649,5.543326,-76.301926,-29.316704,109.80206,37.92319,-0.45655563,-7.9260345,14.428567,-16.70889,9.081872,-25.656837,27.514675,-11.421929,0.0,10.768751,-4.824255,-28.748407,39.160435,-3.8753023,0.0
167,3.5865530967712402,-11.484169960021973,105.34217071533203,-5.606609598882431,-1.6669254230076296,-75.80900767466466,15.054418,-4.373127,8.570614,-27.674953,-22.81423,12.21967,32.626095,-14.552954,18.63294,15.386372,-4.881093,5.2893424,-71.83843,-29.377724,103.30253,34.717556,2.2214463,-4.3719144,18.199663,-17.321949,8.47955,-27.00521,27.041456,-10.922436,0.0,10.331029,-4.858636,-28.748346,39.533123,-3.6876595,0.0
168,3.5581443309783936,-11.582140922546387,105.3639907836914,-5.424532999966379,-1.165956177109053,-74.4695050738245,15.680269,-4.3269563,9.140128,-28.237045,-23.149588,13.714187,32.782185,-14.471377,19.170721,16.504753,-4.739566,5.1178045,-67.04201,-29.197733,97.417435,32.018158,4.8398943,-1.2970152,20.066433,-17.93799,7.869619,-28.302341,26.661013,-10.485863,0.0,9.91894,-4.9019904,-28.738531,39.88663,-3.5284905,0.0
169,3.536931037902832,-11.672999382019043,105.36897277832031,-5.2385735050301045,-0.6892028962290211,-73.17594485833105,16.228334,-4.186579,9.737824,-28.640215,-23.550993,15.295306,32.952347,-14.311758,19.784838,17.058874,-4.9306583,5.075824,-62.095448,-28.881136,92.34044,29.83722,8.184768,1.0861248,19.523853,-18.533684,7.257644,-29.541368,26.334415,-10.097833,0.0,9.544615,-4.9523187,-28.729204,40.216103,-3.3997288,0.0
170,3.525559902191162,-11.753186225891113,105.35462188720703,-5.0421524905058765,-0.22581088296090504,-71.92236214875714,16.72261,-3.9763174,10.361478,-28.914898,-24.001513,16.967539,33.115055,-14.042966,20.48974,17.305336,-5.380509,5.1248894,-57.019398,-28.387455,87.29193,27.867638,12.579562,3.2019706,17.447886,-19.133268,6.6258793,-30.73136,26.077421,-9.753497,0.0,9.182868,-5.0172153,-28.702158,40.538265,-3.3036878,0.0
171,3.5180795192718506,-11.800166130065918,105.31718444824219,-4.841211738894953,0.22249213479758692,-70.72707364631047,17.166788,-3.723683,10.989322,-29.118376,-24.419703,18.720877,33.262505,-13.66132,21.201576,17.370514,-5.917724,5.198445,-52.07385,-27.770176,82.83257,25.857779,16.976803,4.806769,14.61761,-19.758404,5.9756603,-31.871416,25.913588,-9.448541,0.0,8.81794,-5.1002164,-28.648462,40.87082,-3.2454126,0.0
172,3.5172462463378906,-11.836670875549316,105.25748443603516,-4.641377535117674,0.6541781906596522,-69.60900090497007,17.565723,-3.4543054,11.60248,-29.307632,-24.723629,20.544907,33.363575,-13.150402,21.850163,17.400703,-6.3806634,5.230297,-47.64928,-27.194586,79.54032,23.660446,20.32453,5.819184,12.007567,-20.402744,5.314205,-32.952717,25.867771,-9.205178,0.0,8.431536,-5.206069,-28.55929,41.23804,-3.2334094,0.0
173,3.5348050594329834,-11.859946250915527,105.18029022216797,-4.445757770428897,1.0667516555162382,-68.57622434816338,17.919218,-3.1585968,12.210064,-29.45861,-24.909641,22.436789,33.396576,-12.498659,22.442287,17.360395,-6.7366114,5.20131,-43.99798,-26.773336,77.71279,21.471897,22.799131,6.2647185,9.818644,-21.058773,4.639334,-33.965973,25.93822,-9.02383,0.0,8.013412,-5.3377857,-28.411366,41.666656,-3.2892902,0.0
174,3.5447347164154053,-11.853567123413086,105.07626342773438,-4.252617664488533,1.4625316112353535,-67.61742112069587,18.222597,-2.827536,12.820815,-29.554342,-24.999998,24.391758,33.365696,-11.713194,23.013994,17.197935,-7.070518,5.140972,-41.1176,-26.461403,77.00999,19.540087,24.925251,6.2239285,7.7736683,-21.750235,3.948484,-34.925636,26.134193,-8.9000435,0.0,7.57585,-5.4900985,-28.218283,42.134956,-3.4017823,0.0
175,3.555838108062744,-11.82825756072998,104.9561996459961,-4.061193594660999,1.847427997905994,-66.72318593710733,18.476402,-2.4870214,13.415354,-29.656761,-24.999998,26.392519,33.27593,-10.807655,23.542624,17.034925,-7.3975616,5.0594454,-38.935303,-26.20129,76.954735,17.871164,26.053232,5.9112883,6.19092,-22.456131,3.2473927,-35.827534,26.408504,-8.809866,0.0,7.1206837,-5.6600847,-28.012253,42.628754,-3.5517,0.0
176,3.5818636417388916,-11.79342269897461,104.82453918457031,-3.870284522369579,2.2272823942206226,-65.88360692143553,18.681717,-2.1634216,13.975184,-29.823671,-24.964165,28.41264,33.134274,-9.803149,24.014076,16.991894,-7.7332935,4.9701734,-37.30836,-25.954895,77.06972,16.39094,25.53213,5.568898,5.345643,-23.170462,2.5294006,-36.675014,26.74889,-8.746397,0.0,6.651941,-5.8472843,-27.831316,43.13003,-3.7106452,0.0
177,3.602708101272583,-11.740270614624023,104.68122863769531,-3.6806409793004633,2.605897466361502,-65.08329596046059,18.827053,-1.8613803,14.50055,-30.096394,-24.758827,30.433672,32.934673,-8.6730795,24.442196,17.14661,-8.083679,4.8754745,-36.2191,-25.73108,77.22582,15.099067,22.388638,5.2561355,5.4769955,-23.90309,1.8015778,-37.486076,27.13659,-8.691316,0.0,6.1635566,-6.0497794,-27.6691,43.654648,-3.896419,0.0
178,3.6310784816741943,-11.673131942749023,104.52855682373047,-3.4935364414700087,2.980147824549032,-64.33153482450031,18.91861,-1.5703384,15.000191,-30.43508,-24.438713,32.446136,32.672283,-7.431942,24.846737,17.413912,-8.441592,4.769151,-35.66551,-25.541208,77.57878,14.007139,17.195253,4.8490033,6.358087,-24.645832,1.0614643,-38.249935,27.579119,-8.654746,0.0,5.6518598,-6.2710834,-27.510323,44.216377,-4.1202035,0.0
179,3.6676011085510254,-11.600177764892578,104.37693786621094,-3.3086355173566018,3.3453662083411455,-63.65668274836195,18.986277,-1.2950989,15.466182,-30.802496,-24.046427,34.434155,32.36422,-6.1708584,25.227167,17.668095,-8.801468,4.6530066,-35.53923,-25.351927,78.15456,13.012685,11.676993,4.330695,7.505511,-25.363808,0.33937332,-38.928623,28.024696,-8.62179,0.0,5.123172,-6.5185103,-27.367405,44.793495,-4.3576756,0.0
180,3.702747106552124,-11.521312713623047,104.23228454589844,-3.125998764781827,3.69694689671552,-63.08703319257594,19.060194,-1.0390538,15.890223,-31.159704,-23.627077,36.37731,32.033665,-4.988044,25.58986,17.779526,-9.157271,4.5266185,-35.66096,-25.152786,78.95694,12.036996,7.4716654,3.7765954,8.4702015,-26.036366,-0.33422717,-39.491558,28.432901,-8.579791,0.0,4.5886154,-6.7991004,-27.258062,45.354248,-4.5766134,0.0
181,3.7551918029785156,-11.42859172821045,104.0990219116211,-2.9438106605470713,4.043277948079303,-62.62207637964944,19.144827,-0.806252,16.261719,-31.52392,-23.157295,38.261288,31.69209,-3.9087489,25.95779,17.699928,-9.513247,4.385307,-35.926937,-24.970196,79.97845,11.055046,4.7121243,3.213351,9.270433,-26.672752,-0.97146845,-39.93578,28.798935,-8.515362,0.0,4.0367007,-7.1233654,-27.186829,45.905567,-4.7780066,0.0
182,3.8170390129089355,-11.325504302978516,103.9760971069336,-2.764478312089228,4.3845778182663295,-62.249606337232144,19.227951,-0.5941809,16.586998,-31.90654,-22.626247,40.0782,31.336134,-2.8990474,26.340641,17.494339,-9.870496,4.227316,-36.324574,-24.817854,81.151505,10.082526,2.508977,2.6088002,10.109909,-27.279303,-1.5694883,-40.280148,29.127445,-8.432905,0.0,3.4676173,-7.486173,-27.145304,46.4574,-4.9741006,0.0
183,3.8856399059295654,-11.215075492858887,103.86170959472656,-2.594495080331681,4.704370486071961,-61.980157063267555,19.315367,-0.39474377,16.881899,-32.261047,-22.091711,41.83633,30.913404,-1.9177674,26.737535,17.274954,-10.244088,4.049382,-36.799488,-24.681597,82.382,9.126278,0.903097,2.039242,10.867494,-27.84297,-2.1149733,-40.52085,29.435074,-8.353183,0.0,2.9046476,-7.8709917,-27.123528,46.99003,-5.1574802,0.0
184,3.9618282318115234,-11.09689998626709,103.76036071777344,-2.4405465140008005,4.986018206769552,-61.82471529715111,19.408558,-0.20143089,17.162476,-32.535995,-21.613935,43.491558,30.554197,-1.0918412,27.104006,16.924435,-10.558825,3.8702137,-37.27684,-24.553102,83.56326,8.178237,-0.088526234,1.5888687,11.425002,-28.340027,-2.5883896,-40.65108,29.711887,-8.28231,0.0,2.3698637,-8.261533,-27.1105,47.48847,-5.3240056,0.0
185,4.051992416381836,-10.972214698791504,103.67469787597656,-2.30583894756098,5.221171002742152,-61.80553873805145,19.522675,-0.004313625,17.436472,-32.71545,-21.197691,45.042225,30.184414,-0.37603173,27.496584,16.511234,-10.874121,3.6653469,-37.70678,-24.441153,84.67572,7.209829,-0.33332086,1.3104545,11.761194,-28.760197,-2.979651,-40.652184,29.962952,-8.228476,0.0,1.8615592,-8.661213,-27.075161,47.9557,-5.465764,0.0
186,4.141561508178711,-10.852839469909668,103.60236358642578,-2.1877541814522634,5.4208740167880505,-61.91079325638492,19.651321,0.19010334,17.693419,-32.825474,-20.815296,46.476254,29.843052,0.19943,27.914494,15.982546,-11.16763,3.4429157,-38.082302,-24.35526,85.74206,6.222752,0.048988204,1.1692584,11.960616,-29.118437,-3.2874186,-40.53987,30.189499,-8.193974,0.0,1.3715822,-9.075897,-27.032518,48.394184,-5.5848627,0.0
187,4.239569664001465,-10.732074737548828,103.54380798339844,-2.0848874820988375,5.597808063683513,-62.10058533368054,19.772387,0.36682093,17.922136,-32.889008,-20.478317,47.798447,29.4887,0.709328,28.35821,15.4778805,-11.4341,3.2263176,-38.396523,-24.288727,86.71418,5.2519603,0.7111432,1.1162463,12.051596,-29.430212,-3.533774,-40.350677,30.383684,-8.163813,0.0,0.91213393,-9.491355,-27.041286,48.786247,-5.690133,0.0
188,4.342698097229004,-10.6139497756958,103.49629211425781,-1.9947287007712275,5.76419550147636,-62.335006274837355,19.86253,0.50974774,18.111649,-32.927814,-20.197279,49.009567,29.12563,1.1866013,28.805939,15.076749,-11.641864,3.0478697,-38.642582,-24.234388,87.542854,4.330958,1.3081665,1.098843,12.058301,-29.710274,-3.7344792,-40.123657,30.542385,-8.131855,0.0,0.4986182,-9.895267,-27.164986,49.11154,-5.788834,0.0
189,4.449922561645508,-10.501235961914062,103.46005249023438,-1.918399171929769,5.920481098069637,-62.617023253463856,19.923697,0.6174314,18.262512,-32.94274,-19.990957,50.10199,28.779196,1.6177635,29.252268,14.822732,-11.77857,2.9226632,-38.81289,-24.19322,88.21774,3.4538302,1.8480047,1.1348376,11.953938,-29.95701,-3.8846762,-39.85726,30.662718,-8.100772,0.0,0.13314356,-10.285025,-27.40068,49.36379,-5.8791394,0.0
190,4.560025215148926,-10.393041610717773,103.43618774414062,-1.8565965749462738,6.061054699498932,-62.96358859479757,19.96586,0.69699407,18.379766,-32.923794,-19.849245,51.07372,28.448349,1.9872712,29.712704,14.661584,-11.860753,2.8345091,-38.9056,-24.168436,88.75961,2.606976,2.4740758,1.2397697,11.736534,-30.165516,-3.9777362,-39.536438,30.749285,-8.074446,0.0,-0.19062738,-10.668101,-27.72237,49.555344,-5.95919,0.0
191,4.672466278076172,-10.285637855529785,103.42173767089844,-1.807147107855045,6.189331958703629,-63.35553130838717,19.97835,0.7443603,18.45947,-32.877724,-19.734972,51.930866,28.121428,2.3020117,30.189571,14.493398,-11.888296,2.7734497,-38.92808,-24.155523,89.16835,1.8150059,3.0492055,1.358068,11.46551,-30.345938,-4.0282016,-39.178123,30.809885,-8.048943,0.0,-0.46698013,-11.044781,-28.15764,49.686134,-6.0301223,0.0
192,4.791776180267334,-10.190580368041992,103.41622924804688,-1.7679680383821046,6.308588283651336,-63.77383771726652,19.949715,0.7553287,18.497759,-32.809322,-19.615082,52.68251,27.796473,2.5611794,30.676182,14.20436,-11.854176,2.73071,-38.891685,-24.149076,89.445984,1.102452,3.4416997,1.4357723,11.2005005,-30.501133,-4.049186,-38.79756,30.857544,-8.031107,0.0,-0.69352674,-11.41504,-28.729198,49.763016,-6.098327,0.0
193,4.90491247177124,-10.105273246765137,103.4183349609375,-1.7377229936246839,6.426610142738281,-64.21066272527058,19.87313,0.71999234,18.484055,-32.717453,-19.47756,53.333378,27.472689,2.7810187,31.166517,13.785354,-11.745143,2.7080085,-38.797417,-24.14703,89.577225,0.46959442,3.6353316,1.4687141,10.951362,-30.641108,-4.037903,-38.405304,30.880304,-8.011157,0.0,-0.8665167,-11.7813015,-29.477598,49.780922,-6.1610017,0.0
194,5.031203269958496,-10.021464347839355,103.42750549316406,-1.7179774796262193,6.539282775878667,-64.67720425870687,19.756021,0.64358145,18.423597,-32.600464,-19.34158,53.886745,27.15212,2.962026,31.658361,13.290963,-11.568077,2.7087295,-38.644615,-24.15152,89.56747,-0.09443503,3.69892,1.4837025,10.6871605,-30.764902,-4.0043674,-37.988552,30.893234,-7.9937234,0.0,-0.9863642,-12.140703,-30.380291,49.738815,-6.2153773,0.0
195,5.161357879638672,-9.941991806030273,103.43959045410156,-1.709568529982504,6.631936352888831,-65.18281109276353,19.608076,0.54449975,18.335653,-32.46196,-19.217897,54.349655,26.845196,3.070217,32.145374,12.690569,-11.339801,2.730102,-38.446495,-24.162447,89.4519,-0.58044505,3.6340413,1.4729075,10.407071,-30.864298,-3.94273,-37.539074,30.917027,-7.9955325,0.0,-1.0517786,-12.485176,-31.373817,49.640236,-6.2620745,0.0
196,5.29764461517334,-9.864980697631836,103.45564270019531,-1.7133615595398104,6.689824782232191,-65.73720507960556,19.438902,0.44108123,18.239834,-32.306232,-19.116743,54.732574,26.55874,3.0775948,32.61896,11.958383,-11.078651,2.7694035,-38.223774,-24.17971,89.27071,-0.9799671,3.4489334,1.429763,10.108502,-30.925615,-3.8505342,-37.04481,30.961853,-8.024173,0.0,-1.0664308,-12.805354,-32.385723,49.49513,-6.3094664,0.0
197,5.4347405433654785,-9.797670364379883,103.47571563720703,-1.7340438483965508,6.706436127886167,-66.33776060120258,19.239672,0.33849564,18.139372,-32.13724,-19.037737,55.043533,26.289776,2.9734323,33.07613,11.014952,-10.773968,2.8468137,-37.988052,-24.200598,89.02142,-1.2833215,3.1217937,1.3362302,9.79799,-30.94262,-3.7196317,-36.511387,31.03559,-8.090094,0.0,-1.0088269,-13.095727,-33.461178,49.289642,-6.3514547,0.0
198,5.573025226593018,-9.730735778808594,103.49612426757812,-1.768823318413402,6.690030169819084,-66.98116355249553,19.008757,0.22719188,18.024494,-31.95203,-18.976358,55.28719,26.033678,2.7827928,33.510025,9.901847,-10.421172,2.9612854,-37.74141,-24.224707,88.69471,-1.4961293,2.6691844,1.2031896,9.471139,-30.930656,-3.5590734,-35.942425,31.139067,-8.184997,0.0,-0.8821975,-13.352452,-34.614162,49.015278,-6.384761,0.0
199,5.713982105255127,-9.660353660583496,103.51607513427734,-1.8072106781722266,6.648413809792074,-67.6754623948876,18.766897,0.103258416,17.89476,-31.74308,-18.934566,55.468258,25.80034,2.5224214,33.9026,8.764962,-10.042048,3.0821083,-37.489536,-24.25504,88.31855,-1.6338552,2.1616154,1.065357,9.107945,-30.894993,-3.3776457,-35.324867,31.262892,-8.301115,0.0,-0.7302269,-13.58701,-35.747036,48.704872,-6.4146776,0.0
200,5.872859954833984,-9.592689514160156,103.53820037841797,-1.8389685453483986,6.589448545175917,-68.42903698212895,18.534302,-0.037385754,17.750593,-31.502695,-18.91556,55.5825,25.60082,2.2055664,34.24591,7.749679,-9.65827,3.1771307,-37.258484,-24.292707,87.933266,-1.7075264,1.6869429,0.9563904,8.68537,-30.831545,-3.187527,-34.64206,31.397697,-8.436146,0.0,-0.5962337,-13.811076,-36.758904,48.389046,-6.450033,0.0
201,6.026662826538086,-9.529293060302734,103.55975341796875,-1.86398590493968,6.512092820838918,-69.25366950622286,18.316502,-0.19560117,17.58946,-31.235027,-18.926931,55.637608,25.43105,1.8283788,34.541176,6.827929,-9.2760935,3.2339823,-37.065136,-24.336374,87.54679,-1.7093452,1.2478756,0.88102245,8.190668,-30.742805,-2.9716923,-33.88796,31.541729,-8.593375,0.0,-0.49051934,-14.028957,-37.624245,48.076294,-6.4945965,0.0
202,6.188814163208008,-9.471092224121094,103.5792007446289,-1.8859479409844189,6.4129939824444095,-70.14168979311462,18.102278,-0.36910132,17.411871,-30.942097,-18.963873,55.653236,25.282257,1.3945122,34.770893,5.9485416,-8.881,3.2762403,-36.87526,-24.388199,87.12951,-1.6400285,0.7887624,0.8245769,7.643473,-30.628633,-2.7393,-33.069363,31.712116,-8.780856,0.0,-0.39077926,-14.232223,-38.39405,47.746384,-6.543963,0.0
203,6.347694396972656,-9.416264533996582,103.59619903564453,-1.900537603401649,6.29667295199187,-71.07202546946908,17.887033,-0.5575009,17.22248,-30.613722,-19.009684,55.635937,25.163387,0.93212134,34.909256,5.2199545,-8.467538,3.3155112,-36.713596,-24.445473,86.70657,-1.506961,0.3801112,0.78640574,7.05091,-30.491516,-2.494109,-32.204502,31.891705,-8.986198,0.0,-0.28762335,-14.4186535,-39.092022,47.38345,-6.595795,0.0
204,6.512913227081299,-9.359641075134277,103.61088562011719,-1.9037021970335595,6.167800984523006,-72.0236238903536,17.666138,-0.7604104,17.025982,-30.239626,-19.045275,55.605007,25.082266,0.484829,34.918335,4.7556467,-8.030851,3.3522189,-36.60413,-24.502258,86.30646,-1.3157088,0.09399283,0.7643666,6.4155054,-30.334808,-2.2539256,-31.308203,32.072956,-9.198348,0.0,-0.1753505,-14.586937,-39.737614,46.97957,-6.6487164,0.0
205,6.665770530700684,-9.30935287475586,103.6254653930664,-1.8950860665075926,6.02512366300933,-72.99883921446464,17.438152,-0.9800696,16.822872,-29.829288,-19.070955,55.57523,25.037558,0.093475126,34.77912,4.642774,-7.5677323,3.349955,-36.539104,-24.554913,85.95335,-1.0583415,-0.04380729,0.76707584,5.6795382,-30.149475,-2.0020254,-30.378973,32.2406,-9.416383,0.0,-0.054878473,-14.74069,-40.34158,46.537933,-6.7062273,0.0
206,6.82811164855957,-9.255373001098633,103.63754272460938,-1.8763807695450423,5.867252624904853,-74.00642129212594,17.204777,-1.2162431,16.609934,-29.501259,-19.087141,55.55747,25.02269,-0.16978763,34.506847,4.8494663,-7.106102,3.2382755,-36.511913,-24.593216,85.686035,-0.72136396,-0.07135956,0.79001004,4.803449,-29.942162,-1.7518356,-29.407238,32.41455,-9.644279,0.0,0.067883186,-14.875116,-40.88057,46.061832,-6.7727275,0.0
207,6.983094692230225,-9.205010414123535,103.64498901367188,-1.8448317142326294,5.699053896071065,-75.03490634730962,16.967457,-1.4634303,16.38717,-29.045927,-19.096035,55.532505,25.012877,-0.52272063,34.09724,5.1934776,-6.6050463,3.2264187,-36.482536,-24.645563,85.349,-0.3473857,-0.073934875,0.8119901,4.001049,-29.716072,-1.5008181,-28.408157,32.589386,-9.883129,0.0,0.20596486,-14.990652,-41.368793,45.532406,-6.8306327,0.0
208,7.131131649017334,-9.155346870422363,103.65023803710938,-1.8016946134404666,5.522918872077203,-76.07184575093967,16.723095,-1.7170248,16.155539,-28.749928,-19.114492,55.51182,25.01623,-0.748878,33.665905,5.629704,-6.222205,3.1645415,-36.463795,-24.687141,85.08507,0.09675548,-0.09160978,0.80922884,3.2626584,-29.470638,-1.2509979,-27.393335,32.752743,-10.123883,0.0,0.36434665,-15.074097,-41.785763,44.943375,-6.888483,0.0
209,7.286913871765137,-9.108795166015625,103.6539535522461,-1.7404505246251967,5.342249016576388,-77.12486683282776,16.476204,-1.9823596,15.910223,-28.305283,-19.107582,55.48943,25.027542,-1.0242596,33.033394,6.162916,-5.741383,3.172016,-36.44746,-24.735643,84.75538,0.5431611,-0.09548925,0.79566175,2.6364777,-29.200819,-1.015097,-26.352621,32.900574,-10.366513,0.0,0.53255963,-15.124326,-42.099403,44.283405,-6.939389,0.0
210,7.431528091430664,-9.069611549377441,103.65742492675781,-1.6646012117826958,5.153420485306752,-78.19591374144505,16.22442,-2.2567632,15.653437,-27.73825,-19.080393,55.461864,25.05044,-1.3364863,32.253536,6.8114414,-5.2184596,3.230529,-36.430737,-24.793322,84.3683,1.0266863,-0.075263046,0.7699393,2.1301756,-28.89939,-0.7751003,-25.286072,33.024395,-10.611229,0.0,0.71531713,-15.148002,-42.335068,43.56267,-6.987118,0.0
211,7.574045658111572,-9.023555755615234,103.65882110595703,-1.5736074509499185,4.963016031005689,-79.27181061972284,15.971568,-2.5366356,15.386318,-27.075994,-19.038061,55.429764,25.086227,-1.6656818,31.368977,7.4887233,-4.695388,3.3491921,-36.41427,-24.858688,83.93206,1.5372124,-0.12040476,0.72516346,1.7084608,-28.585686,-0.54747754,-24.20481,33.131523,-10.8468275,0.0,0.9158583,-15.1511965,-42.51717,42.77963,-7.020933,0.0
212,7.712157726287842,-8.96804141998291,103.65624237060547,-1.4681049181628505,4.777698347062727,-80.33931151487117,15.722012,-2.8173227,15.109486,-26.346088,-18.985588,55.39153,25.135738,-1.9918989,30.416153,8.104755,-4.210523,3.5406432,-36.397415,-24.931778,83.45201,2.066229,-0.3230715,0.6577645,1.3313938,-28.273617,-0.33766145,-23.122272,33.22561,-11.068162,0.0,1.1379895,-15.138345,-42.672054,41.92825,-7.026298,0.0
213,7.841433525085449,-8.924673080444336,103.65314483642578,-1.3471175220292537,4.59690660876604,-81.40384019982034,15.483092,-3.0997272,14.821764,-25.56728,-18.923988,55.346493,25.19932,-2.2988703,29.385744,8.632063,-3.7663069,3.7926826,-36.380222,-25.012165,82.92648,2.6167383,-0.75625294,0.56479174,0.9943599,-27.945791,-0.13729843,-22.031378,33.300087,-11.287828,0.0,1.3866172,-15.11149,-42.811832,41.007004,-7.0022826,0.0
214,7.968090534210205,-8.873624801635742,103.65035247802734,-1.2111135753913485,4.418641907864717,-82.46969509824815,15.249913,-3.385601,14.523362,-24.745386,-18.85336,55.2941,25.277796,-2.5788612,28.271797,9.124155,-3.3535812,4.0860276,-36.362534,-25.099703,82.35598,3.1912735,-1.3653494,0.4522655,0.70925635,-27.60548,0.049913127,-20.928122,33.346863,-11.491225,0.0,1.6586417,-15.069295,-42.920765,40.019024,-6.9545856,0.0
215,8.088835716247559,-8.831624984741211,103.64808654785156,-1.0615518891410372,4.247150328580235,-83.52220182166658,15.008932,-3.672458,14.217384,-23.883442,-18.776976,55.234013,25.371593,-2.827157,27.120071,9.613892,-2.9952,4.4288774,-36.343987,-25.193848,81.75272,3.776101,-2.0438979,0.33038232,0.45927897,-27.25497,0.22203816,-19.825897,33.37384,-11.685687,0.0,1.9433123,-15.016701,-42.983795,38.979145,-6.886876,0.0
216,8.193115234375,-8.783665657043457,103.64479064941406,-0.9002386455654986,4.086592061193386,-84.54654435930544,14.746176,-3.9578352,13.90729,-22.982376,-18.70128,55.16729,25.480143,-3.0411003,25.982615,10.1316395,-2.7206018,4.834107,-36.3244,-25.293375,81.137825,4.359545,-2.68254,0.20747037,0.21995455,-26.912952,0.37807968,-18.74216,33.381485,-11.856279,0.0,2.2309117,-14.959254,-42.985596,37.90001,-6.8016815,0.0
217,8.294305801391602,-8.725525856018066,103.6386489868164,-0.7226381592086041,3.9380354305608605,-85.54271529794194,14.4593525,-4.2461715,13.594115,-22.03405,-18.63013,55.091915,25.603495,-3.214859,24.861185,10.62448,-2.5575483,5.330052,-36.30308,-25.399038,80.52181,4.943895,-3.2796493,0.08376209,-0.03899323,-26.58768,0.50296396,-17.672531,33.38158,-12.002415,0.0,2.520644,-14.906818,-42.927223,36.78147,-6.7022915,0.0
218,8.386282920837402,-8.672443389892578,103.63272094726562,-0.5298297995421708,3.799983353180498,-86.51767297219062,14.155028,-4.5369473,13.275507,-21.036373,-18.564545,55.006603,25.74182,-3.3456268,23.741133,11.099051,-2.4940689,5.9004884,-36.279793,-25.511364,79.907906,5.533963,-3.8795698,-0.044883214,-0.31410432,-26.26242,0.6074704,-16.610424,33.364334,-12.133115,0.0,2.8175642,-14.857209,-42.81246,35.621174,-6.5877533,0.0
219,8.473151206970215,-8.60053539276123,103.62918090820312,-0.33376892628340343,3.6716145878669937,-87.46579368726184,13.83325,-4.8187337,12.949105,-20.004425,-18.505297,54.90908,25.898745,-3.4394336,22.64217,11.6781025,-2.4952557,6.487263,-36.25375,-25.631077,79.306984,6.1200757,-4.4360657,-0.17734168,-0.5815855,-25.946384,0.699971,-15.569694,33.31771,-12.230853,0.0,3.1229973,-14.7960415,-42.635986,34.424713,-6.4512415,0.0
220,8.556929588317871,-8.533195495605469,103.62496185302734,-0.14667479629050267,3.551886867345376,-88.38213097708187,13.494101,-5.0800467,12.613101,-18.963861,-18.453888,54.795803,26.081093,-3.5067296,21.586151,12.4853945,-2.5243547,7.028333,-36.223667,-25.759497,78.73476,6.6937475,-4.8963575,-0.31364453,-0.8188333,-25.638027,0.79094476,-14.563776,33.265404,-12.324303,0.0,3.4396536,-14.703882,-42.385612,33.189423,-6.2855754,0.0
221,8.626480102539062,-8.458858489990234,103.62684631347656,0.03252690197655445,3.4401484559155446,-89.25777358579728,13.133935,-5.320527,12.266044,-17.92986,-18.408043,54.5612,26.380993,-3.5596395,20.569038,13.641092,-2.5759506,7.5584874,-36.161285,-25.948587,78.18038,7.254106,-5.245185,-0.45852605,-1.0444943,-25.328657,0.88520575,-13.598476,33.173393,-12.389259,0.0,3.7723303,-14.58434,-42.05095,31.915762,-6.113779,0.0
222,8.688750267028809,-8.3928861618042,103.6356430053711,0.20744176150965618,3.335650187990523,-90.10150929771962,12.7645645,-5.5489573,11.915909,-16.898113,-18.366552,54.045406,26.961212,-3.6567435,19.722689,14.968891,-2.6535084,8.030016,-36.018097,-26.287739,77.5728,7.7200503,-5.5281634,-0.63306457,-1.2657413,-25.00716,0.9783083,-12.660308,33.044518,-12.435653,0.0,4.1227965,-14.44519,-41.63888,30.600742,-6.0322475,0.0
223,8.742947578430176,-8.327804565429688,103.65168762207031,0.37262285040475307,3.238807360862342,-90.92558442448033,12.403254,-5.7511673,11.562892,-14.3690195,-18.355667,51.69442,28.233347,-5.0503645,21.154654,14.980395,-2.9788928,8.454333,-35.20494,-27.217793,76.01315,7.1243114,-6.373121,-0.82199466,-0.6829164,-24.678003,1.0801744,-11.742424,32.879826,-12.4616165,0.0,4.4889555,-14.282968,-41.175163,29.24626,-6.1088676,0.0
224,8.790763854980469,-8.263761520385742,103.67312622070312,0.5250975836626937,3.1527271403820523,-91.73893012561322,12.029664,-5.9194593,11.203816,-13.430845,-18.365576,49.746353,28.71271,-5.8382745,21.999737,15.91233,-3.242233,8.670017,-34.608143,-27.610561,75.35846,7.259761,-6.9049892,-0.93117267,-0.8472359,-24.35134,1.1934975,-10.843284,32.6945,-12.475628,0.0,4.8534565,-14.107796,-40.68545,27.886227,-6.3829184,0.0
225,8.829384803771973,-8.188591957092285,103.69242095947266,0.6609401244899117,3.0785672401797592,-92.54327104949303,11.661694,-6.0518517,10.8408,-12.52634,-18.410246,48.08716,29.203173,-6.534038,22.59735,16.64742,-3.520802,8.643527,-34.16557,-27.948044,74.81031,7.466807,-7.218182,-1.0445328,-0.912965,-24.050364,1.3219314,-9.970143,32.51497,-12.483068,0.0,5.224446,-13.908526,-40.15719,26.493235,-6.8278375,0.0
226,8.846830368041992,-8.116693496704102,103.72138214111328,0.782858547123023,3.0145877972303037,-93.33318064845068,11.294916,-6.153354,10.473215,-11.652177,-18.480635,46.639053,29.752851,-7.178282,23.009937,17.24066,-3.8185062,8.439709,-33.810795,-28.272594,74.34375,7.693388,-7.3622394,-1.1587671,-0.90784353,-23.739285,1.4723072,-9.117811,32.29226,-12.468402,0.0,5.6018767,-13.696162,-39.587128,25.081955,-7.420462,0.0
227,8.876051902770996,-8.040847778320312,103.75823974609375,0.8970352743614289,2.955326896056829,-94.1130635800521,10.935506,-6.2343717,10.110117,-10.795903,-18.565428,45.34995,30.329762,-7.7628675,23.290224,17.6877,-4.0821104,8.128174,-33.488575,-28.59756,73.92042,7.9259415,-7.4086604,-1.2734028,-0.8811895,-23.41919,1.6195318,-8.272189,32.03827,-12.433595,0.0,5.991018,-13.47858,-39.01748,23.656956,-8.118965,0.0
228,8.898700714111328,-7.9657182693481445,103.7968978881836,1.0105102714498406,2.895773926639748,-94.88779948196476,10.589802,-6.3063426,9.76021,-9.945664,-18.650007,44.185852,30.893356,-8.270296,23.475496,17.995966,-4.2551856,7.7805934,-33.175934,-28.924921,73.5187,8.159724,-7.4046454,-1.3788615,-0.8825153,-23.084755,1.7671995,-7.4265428,31.762888,-12.389816,0.0,6.4029274,-13.252606,-38.487286,22.201408,-8.860779,0.0
229,8.908101081848145,-7.8805952072143555,103.84210205078125,1.123478489924615,2.833862229880753,-95.66266989560565,10.265889,-6.3662724,9.425746,-9.098056,-18.73401,43.121803,31.420391,-8.683776,23.592726,18.13828,-4.3080506,7.3663297,-32.84988,-29.261631,73.13141,8.389076,-7.350428,-1.4811647,-0.91882,-22.72699,1.9215552,-6.573917,31.44321,-12.321527,0.0,6.8350544,-13.020389,-37.98586,20.717968,-9.578069,0.0
230,8.90241813659668,-7.787516117095947,103.8870849609375,1.232890546315865,2.772361277383085,-96.43384379860932,9.958858,-6.4106894,9.102176,-8.260023,-18.823103,42.137894,31.924921,-9.022237,23.665182,18.13624,-4.277684,6.8645005,-32.500656,-29.61234,72.75308,8.59819,-7.247388,-1.577367,-0.96051407,-22.36302,2.0835016,-5.7249894,31.106096,-12.241314,0.0,7.296502,-12.772162,-37.50629,19.180698,-10.195185,0.0
231,8.904125213623047,-7.7059006690979,103.93876647949219,1.3407873464903655,2.713533209100616,-97.19239927206891,9.654498,-6.449498,8.78894,-7.432307,-18.921038,41.22162,32.41819,-9.316317,23.712503,18.073532,-4.208067,6.3626633,-32.119583,-29.978474,72.36277,8.780009,-7.145589,-1.6631631,-1.0077126,-21.97735,2.2349749,-4.8787227,30.736826,-12.149729,0.0,7.7835116,-12.509132,-37.06554,17.600937,-10.667784,0.0
232,8.881939888000488,-7.612303733825684,103.9906005859375,1.450292430514496,2.659758763187604,-97.92916676515064,9.337617,-6.4920254,8.485208,-6.6156883,-19.029573,40.36467,32.91737,-9.599483,23.746466,18.02521,-4.1427827,5.9478803,-31.680147,-30.363798,71.93008,8.92868,-7.1122727,-1.7407253,-1.0614924,-21.595211,2.3862777,-4.0536003,30.347532,-12.037367,0.0,8.304163,-12.224836,-36.68158,15.961296,-10.946736,0.0
233,8.859905242919922,-7.51475715637207,104.04067993164062,1.5591073169436396,2.6133631515171905,-98.63936697001547,9.00351,-6.5411983,8.188174,-5.812498,-19.151064,39.562492,33.426647,-9.876448,23.780092,18.004818,-4.0790496,5.6491175,-31.20984,-30.76343,71.46473,9.030549,-7.105377,-1.785403,-1.1141994,-21.22667,2.524272,-3.254555,29.957096,-11.915132,0.0,8.8693,-11.899432,-36.35892,14.226791,-10.98581,0.0
234,8.827293395996094,-7.4148335456848145,104.08959197998047,1.6666912628598602,2.5724263344398595,-99.32877761368002,8.660023,-6.5914125,7.8993325,-5.020794,-19.286589,38.811752,33.932125,-10.12956,23.815187,17.980324,-4.000857,5.41835,-30.704615,-31.177055,70.97471,9.097698,-7.1133084,-1.8107605,-1.1697193,-20.863848,2.6580956,-2.4762175,29.559206,-11.783422,0.0,9.493438,-11.526339,-36.088524,12.364242,-10.749567,0.0
235,8.786717414855957,-7.305470943450928,104.13432312011719,1.777017223576108,2.5327351173118924,-100.00375811331074,8.31425,-6.642175,7.622243,-4.237455,-19.434242,38.106537,34.438763,-10.367469,23.840872,17.943558,-3.9283779,5.2275505,-30.163422,-31.607668,70.45906,9.132446,-7.1819196,-1.8266704,-1.2349243,-20.508064,2.7843702,-1.7104867,29.162489,-11.644695,0.0,10.210557,-11.093913,-35.871517,10.309985,-10.211047,0.0
236,8.734772682189941,-7.198643684387207,104.17984771728516,1.8939140851346987,2.4902502645680995,-100.67065056526938,7.973523,-6.692922,7.360601,-3.459634,-19.594172,37.441757,34.939613,-10.589919,23.851412,17.900192,-3.8867915,5.0469737,-29.58625,-32.058823,69.91784,9.137152,-7.3554397,-1.8430364,-1.3169831,-20.134043,2.9023383,-0.94259745,28.747633,-11.499086,0.0,11.047146,-10.599408,-35.710754,8.020585,-9.372029,0.0
237,8.683486938476562,-7.102183818817139,104.22159576416016,2.0156959981314935,2.4437662894317804,-101.32629430571008,7.630768,-6.7411203,7.1149964,-2.690206,-19.766918,36.814075,35.441063,-10.806869,23.855688,17.852283,-3.8916118,4.879023,-28.975317,-32.532227,69.35861,9.1086645,-7.6758423,-1.8659873,-1.4280831,-19.751371,3.005615,-0.17758366,28.341661,-11.363865,0.0,12.134599,-9.947134,-35.668034,5.2056656,-8.137922,0.0
238,8.629007339477539,-6.992821216583252,104.25975036621094,2.1395996079417166,2.396065403587839,-101.9693218720645,7.285117,-6.788095,6.883545,-1.9293339,-19.953293,36.22231,35.936535,-11.011295,23.861252,17.80483,-3.9286537,4.7359915,-28.330168,-33.027294,68.7794,9.045697,-8.107039,-1.8884999,-1.5609629,-19.376204,3.1008713,0.5771478,27.939611,-11.221914,0.0,12.578531,-9.737896,-35.366154,3.8398254,-7.5390453,0.0
239,8.570027351379395,-6.8863420486450195,104.34574890136719,2.269740738119411,2.3483693833131425,-102.60861113133053,6.9530177,-6.839118,6.666441,-1.1705432,-20.150005,35.663162,36.407913,-11.186718,23.857279,17.75622,-3.97362,4.604868,-27.644377,-33.542835,68.16497,8.952164,-8.576451,-1.90085,-1.6941319,-18.842215,3.1792648,1.3834361,27.24898,-10.939105,0.0,12.407042,-10.006298,-34.816444,3.8295238,-7.549464,0.0
240,8.508219718933105,-6.772928714752197,104.43638610839844,2.413809014299844,2.301848077011675,-103.25269694436932,6.6508217,-6.8998084,6.463537,-0.40730956,-20.354443,35.13104,36.836033,-11.3177,23.835398,17.705563,-4.0012927,4.4734845,-26.908104,-34.078854,67.49725,8.82985,-9.014676,-1.8937213,-1.804834,-18.27383,3.2333107,2.2128773,26.494322,-10.621473,0.0,12.227848,-10.289481,-34.25169,3.8230078,-7.5590663,0.0
241,8.439583778381348,-6.65045166015625,104.52029418945312,2.5723219270998308,2.2620185691801593,-103.90121992693423,6.3792505,-6.972899,6.269568,0.36040843,-20.560293,34.61465,37.24612,-11.42114,23.795912,17.63385,-4.000468,4.3407993,-26.115343,-34.63612,66.77191,8.678513,-9.434398,-1.8708848,-1.8844041,-17.708046,3.2648141,3.0534632,25.729185,-10.293,0.0,12.035817,-10.587306,-33.666492,3.8192153,-7.5691667,0.0
242,8.36606216430664,-6.531687259674072,104.6004409790039,2.742528150632708,2.226677853604954,-104.55028841632927,6.1329093,-7.0552926,6.085925,1.1274121,-20.770147,34.133377,37.513206,-11.408434,23.797682,17.69644,-4.027858,4.2007875,-25.262863,-35.214436,65.9917,8.494163,-9.863633,-1.8354284,-1.9452,-17.132637,3.2733023,3.9037786,24.947887,-9.9585285,0.0,11.839665,-10.895915,-33.072037,3.819414,-7.584723,0.0
243,8.291647911071777,-6.424082279205322,104.67626190185547,2.9254337884478745,2.1861801930246454,-105.20365571776465,5.909123,-7.144662,5.924011,1.9024515,-20.997189,33.644398,37.88384,-11.486072,23.727623,17.56097,-3.9825695,4.08965,-24.347239,-35.8112,65.15468,8.2691555,-10.259418,-1.777666,-1.9951316,-16.532099,3.255262,4.770732,24.154217,-9.627338,0.0,11.657271,-11.218371,-32.47524,3.8189425,-7.604329,0.0
244,8.218788146972656,-6.311354637145996,104.74549865722656,3.1224247686622015,2.130883676011695,-105.86512664171747,5.7158575,-7.238446,5.795157,2.6833932,-21.249666,33.172497,38.14131,-11.495557,23.679886,17.459219,-3.9494948,3.9842255,-23.360981,-36.42118,64.25167,8.002066,-10.575145,-1.6884356,-2.0436997,-15.90557,3.210249,5.65728,23.352238,-9.294824,0.0,11.4906225,-11.557485,-31.877775,3.8193514,-7.620967,0.0
245,8.143045425415039,-6.202493190765381,104.81156921386719,3.3381057129945764,2.0581671367411962,-106.53838894128587,5.558666,-7.338633,5.706653,3.4740956,-21.534292,32.73495,38.224247,-11.4031925,23.652624,17.449661,-3.9255884,3.8908746,-22.298735,-37.039288,63.27332,7.692537,-10.796316,-1.5508186,-2.0773852,-15.229868,3.1329188,6.5753665,22.5179,-8.956434,0.0,11.34825,-11.917089,-31.280947,3.820068,-7.6389174,0.0
246,8.0654935836792,-6.084142684936523,104.87227630615234,3.570753068494747,1.9737888304934066,-107.22084324359135,5.4287424,-7.4466467,5.6514683,4.2776117,-21.844007,32.28229,38.41336,-11.418431,23.544323,17.212227,-3.8138921,3.835572,-21.161314,-37.66061,62.22605,7.3437223,-10.950227,-1.3753167,-2.0962193,-14.528467,3.0251107,7.5145974,21.66304,-8.608208,0.0,11.216522,-12.295334,-30.680614,3.8219695,-7.6539917,0.0
247,7.985848426818848,-5.962002754211426,104.92718505859375,3.812036114797613,1.8804621175194014,-107.90635238179586,5.32134,-7.557472,5.6180363,5.0818357,-22.166496,31.843307,38.484547,-11.357855,23.476261,17.030346,-3.7261915,3.7796361,-19.949362,-38.27727,61.119186,6.966859,-11.04965,-1.19359,-2.1318831,-13.805621,2.8936212,8.461351,20.790134,-8.252477,0.0,11.096832,-12.6797905,-30.078993,3.8227034,-7.668511,0.0
248,7.894479274749756,-5.852710247039795,104.97959899902344,4.0539709717133405,1.7806752892922757,-108.58873445252397,5.2226973,-7.6654234,5.594518,5.8832874,-22.491861,31.409365,38.504414,-11.281642,23.409643,16.826048,-3.6296668,3.7300332,-18.66681,-38.879208,59.969257,6.570671,-11.110096,-1.0365883,-2.2154465,-13.050061,2.747216,9.405537,19.88747,-7.8918314,0.0,10.996455,-13.056062,-29.479538,3.8230522,-7.693757,0.0
249,7.811698913574219,-5.735950946807861,105.02827453613281,4.303099340136961,1.673779469771671,-109.27109288771054,5.1364913,-7.779535,5.5831656,6.6833525,-22.822903,30.982391,38.456863,-11.1672945,23.355597,16.615784,-3.5442998,3.6785347,-17.317873,-39.454422,58.77601,6.160703,-11.139703,-0.90507984,-2.3640869,-12.279638,2.5709226,10.348817,18.96424,-7.5182037,0.0,10.890004,-13.447705,-28.870348,3.8479626,-7.7264643,0.0
250,7.708088397979736,-5.62347936630249,105.07282257080078,4.561128991066586,1.558770414516146,-109.95500830760878,5.06617,-7.8991218,5.5883994,7.4841213,-23.162296,30.562405,38.34769,-11.021906,23.309443,16.390852,-3.4595737,3.6311965,-15.9057045,-40.001415,57.538303,5.7401633,-11.124519,-0.7859976,-2.5589604,-11.472269,2.3746448,11.296702,18.002094,-7.1319795,0.0,10.830376,-13.823861,-28.27822,3.8179355,-7.743128,0.0
251,7.616439342498779,-5.527462959289551,105.1110610961914,4.8110325731757575,1.4383694959041988,-110.63281918314607,5.0021753,-8.004965,5.6017723,8.278696,-23.498783,30.149584,38.18147,-10.858205,23.275331,16.159811,-3.361704,3.5947325,-14.438594,-40.499447,56.275444,5.3438797,-11.064781,-0.68732363,-2.7803698,-10.664283,2.1635766,12.2287855,17.059904,-6.7649274,0.0,10.774024,-14.2001295,-27.681648,3.81551,-7.777471,0.0
252,7.515634536743164,-5.4362874031066895,105.14380645751953,5.036538558691342,1.3144131511980626,-111.2961184391463,4.9345703,-8.077636,5.615009,9.06064,-23.821783,29.743351,37.965183,-10.691277,23.257227,15.927474,-3.2356827,3.5763633,-12.926108,-40.955692,55.00324,4.9829245,-10.945166,-0.6194355,-3.004087,-9.86506,1.9705684,13.128683,16.13889,-6.409667,0.0,10.730523,-14.535261,-27.09035,3.812946,-7.823025,0.0
253,7.410829544067383,-5.347056865692139,105.17459106445312,5.239106920455388,1.1822016193701794,-111.94498722375643,4.8656187,-8.115758,5.6320753,9.833746,-24.137438,29.343796,37.6932,-10.516488,23.252348,15.685001,-3.071421,3.56891,-11.372957,-41.367653,53.726845,4.654592,-10.742437,-0.59057486,-3.2267287,-9.063195,1.7904986,14.001033,15.223712,-6.0568724,0.0,10.703635,-14.832993,-26.505552,3.8097897,-7.874016,0.0
254,7.303669452667236,-5.2638421058654785,105.19947814941406,5.426009068215755,1.0420252464542903,-112.58301264941613,4.7988033,-8.128785,5.6556273,10.599819,-24.44775,28.951876,37.364674,-10.327035,23.260393,15.43325,-2.8794305,3.5716825,-9.781628,-41.73214,52.44339,4.3570127,-10.468699,-0.595407,-3.4597168,-8.271467,1.6185048,14.847761,14.345847,-5.725582,0.0,10.693224,-15.105453,-25.925713,3.8095336,-7.934163,0.0
255,7.203953742980957,-5.193354606628418,105.20820617675781,5.5530292389365785,0.9023513657818447,-113.20641560990653,4.7252626,-8.077883,5.6712785,11.3494835,-24.735735,28.568317,36.992897,-10.131862,23.289846,15.193096,-2.6785803,3.5996392,-8.161442,-42.041985,51.16063,4.1132402,-10.167448,-0.6207667,-3.7046866,-7.6212673,1.5374746,15.621713,13.74277,-5.531599,0.0,10.674282,-15.310326,-25.336914,3.8352115,-8.017156,0.0
256,7.101731777191162,-5.124015808105469,105.21257019042969,5.646703845019916,0.7711535659050717,-113.81201620183482,4.6384215,-7.9946175,5.6713114,12.073273,-24.98586,28.196466,36.586308,-9.936416,23.348246,14.991371,-2.488787,3.6679232,-6.5231404,-42.30006,49.88421,3.9426992,-9.876154,-0.6562796,-3.9615192,-7.055454,1.5073981,16.342287,13.275775,-5.4003816,0.0,10.662355,-15.460377,-24.764034,3.8333175,-8.090456,0.0
257,6.990638256072998,-5.052219867706299,105.21818542480469,5.7113994964152415,0.6471712160769055,-114.4095070777214,4.5419426,-7.8777833,5.6513042,12.766855,-24.999998,27.840282,36.14313,-9.743049,23.436737,14.839518,-2.308318,3.7957263,-4.874652,-42.50926,48.629726,3.856658,-9.576464,-0.71834385,-4.2376056,-6.508531,1.512036,17.035997,12.824195,-5.2735324,0.0,10.631517,-15.5687685,-24.18082,3.8492084,-8.176644,0.0
258,6.8801679611206055,-4.989117622375488,105.22277069091797,5.752052249347239,0.5261420897953836,-114.99711215855547,4.4386015,-7.732179,5.6185203,13.442375,-24.999998,27.502432,35.662235,-9.543741,23.545996,14.721267,-2.1295164,3.9685552,-3.2193313,-42.66689,47.395466,3.846732,-9.255859,-0.80781454,-4.5299687,-5.983795,1.5417784,17.702267,12.413597,-5.169549,0.0,10.599987,-15.644363,-23.598328,3.8686833,-8.269416,0.0
259,6.760433197021484,-4.9265546798706055,105.23004150390625,5.784130269518376,0.4127543804268442,-115.55667241075042,4.320627,-7.58644,5.5794826,14.090522,-24.999998,27.18179,35.16414,-9.337433,23.661875,14.608609,-1.958055,4.1515017,-1.5631872,-42.766716,46.160755,3.9000394,-8.961675,-0.887268,-4.820409,-5.4586916,1.5724529,18.340128,11.970348,-5.040247,0.0,10.567593,-15.695953,-23.039581,3.887364,-8.365719,0.0
260,6.634637832641602,-4.845637321472168,105.23692321777344,5.818828071184475,0.3121945438391058,-116.06978927803173,4.1799755,-7.464686,5.54018,14.701245,-24.999998,26.877048,34.667934,-9.120931,23.77361,14.476667,-1.8025861,4.3090644,0.08496665,-42.798462,44.908134,4.007871,-8.740618,-0.91810673,-5.0909977,-4.958212,1.5938721,18.935656,11.498245,-4.869972,0.0,10.521499,-15.733618,-22.521881,3.908974,-8.459196,0.0
261,6.49953031539917,-4.763158798217773,105.24260711669922,5.86113105382796,0.2330223945353417,-116.53463962867589,4.0124454,-7.3769274,5.4918,15.277159,-24.999998,26.587587,34.17715,-8.888891,23.877926,14.339128,-1.654801,4.4367642,1.7184316,-42.760082,43.642834,4.1731467,-8.606731,-0.8781179,-5.3329997,-4.4815774,1.5970705,19.489042,10.993204,-4.6651235,0.0,10.470491,-15.762476,-22.054565,3.9154058,-8.549709,0.0
262,6.3619256019592285,-4.665408134460449,105.25211334228516,5.8978756860910595,0.1698419743360542,-116.95995038645928,3.8228853,-7.303088,5.4342446,15.821586,-24.999998,26.313833,33.687202,-8.644976,23.979414,14.198572,-1.5142597,4.5508304,3.3330023,-42.650017,42.378593,4.4048705,-8.536265,-0.7911665,-5.55618,-4.0219564,1.5964758,20.00672,10.440853,-4.4135637,0.0,10.398335,-15.77194,-21.617828,3.9262085,-8.639777,0.0
263,6.2217488288879395,-4.560555458068848,105.26299285888672,5.91290534908405,0.10667575974197285,-117.34256806113574,3.616629,-7.2226043,5.3866353,16.325636,-24.999998,26.054298,33.20768,-8.404712,24.07858,14.008642,-1.3989273,4.6480446,4.9235616,-42.461063,41.110664,4.704303,-8.521758,-0.688378,-5.7690115,-3.5903533,1.6237187,20.479725,9.9102125,-4.155454,0.0,10.33258,-15.741391,-21.219305,3.938129,-8.727563,0.0
264,6.092640399932861,-4.440602779388428,105.2774658203125,5.889858471461954,0.02706248877046511,-117.6795673253224,3.399012,-7.1153994,5.3684044,16.780416,-24.999998,25.806477,32.74894,-8.185216,24.177172,13.721345,-1.3276007,4.7251935,6.485081,-42.185135,39.83349,5.074343,-8.55794,-0.6015554,-5.979741,-3.1963203,1.7038906,20.901718,9.442967,-3.9064693,0.0,10.287998,-15.652259,-20.862736,3.9480994,-8.7983465,0.0
265,5.954954147338867,-4.311809062957764,105.29705047607422,5.821005699694396,-0.0749965363171833,-117.95096697460924,3.1602468,-6.9791417,5.3907266,17.173439,-24.999998,25.565523,32.316036,-7.9920015,24.277292,13.29601,-1.3167834,4.7852015,8.014097,-41.814064,38.537773,5.5207872,-8.676093,-0.53426975,-6.1795416,-2.8272393,1.854458,21.25755,9.032568,-3.6626008,0.0,10.284664,-15.482959,-20.57188,3.9577227,-8.861787,0.0
266,5.806910037994385,-4.181626319885254,105.32069396972656,5.715765068357993,-0.1907744395175389,-118.16448853780388,2.9012418,-6.8239746,5.4418406,17.512495,-24.999998,25.330267,31.901371,-7.817743,24.381891,12.768116,-1.3541101,4.8277693,9.506821,-41.3499,37.234142,6.0430145,-8.873694,-0.47107545,-6.3652973,-2.4796605,2.0611382,21.5566,8.666333,-3.4236383,0.0,10.314139,-15.247681,-20.339094,3.9664922,-8.9233675,0.0
267,5.662214756011963,-4.038430213928223,105.34471130371094,5.585069792270601,-0.3138480116302761,-118.3587034778332,2.643429,-6.648256,5.507689,17.819933,-24.999998,25.10246,31.502375,-7.666706,24.491886,12.195128,-1.4098531,4.8465266,10.960343,-40.806873,35.944065,6.6316867,-9.094163,-0.4168893,-6.5551753,-2.1690128,2.31321,21.830404,8.366845,-3.203712,0.0,10.347906,-14.974615,-20.119436,3.9769568,-8.975896,0.0
268,5.515376091003418,-3.8955888748168945,105.36734771728516,5.440215604335283,-0.4381066602144799,-118.5720944537487,2.4083242,-6.450965,5.5735807,18.11802,-24.999998,24.887745,31.115294,-7.5383725,24.606236,11.637557,-1.4557935,4.834688,12.3720875,-40.206295,34.688187,7.273806,-9.27599,-0.37541175,-6.7683396,-1.8679405,2.5917885,22.120502,8.1071,-3.0077941,0.0,10.372874,-14.688157,-19.871939,3.994998,-9.02979,0.0
269,5.375329971313477,-3.751612424850464,105.38658905029297,5.279988619451871,-0.5669687529081798,-118.80178434026227,2.1976137,-6.2289357,5.6414976,18.399086,-24.999998,24.688927,30.74181,-7.436548,24.721127,11.079367,-1.4843036,4.778948,13.744504,-39.54742,33.450565,7.978634,-9.412693,-0.36474815,-7.0095906,-1.5969975,2.903144,22.418102,7.9295382,-2.8560383,0.0,10.398916,-14.38741,-19.604565,4.008595,-9.075664,0.0
270,5.2278594970703125,-3.609943389892578,105.4076919555664,5.102241548390405,-0.7022497860809157,-119.03160290563872,2.0014386,-5.986071,5.717473,18.65596,-24.999998,24.508745,30.37913,-7.354002,24.834927,10.504186,-1.511451,4.6857758,15.079972,-38.831036,32.225094,8.739684,-9.530956,-0.37696144,-7.269837,-1.3127682,3.2386231,22.722216,7.7515206,-2.7059448,0.0,10.433357,-14.060688,-19.33237,4.024729,-9.1234865,0.0
271,5.086308479309082,-3.4670419692993164,105.42619323730469,4.915018862473762,-0.8353482334778027,-119.2802573881862,1.822689,-5.7296147,5.7929926,18.911728,-24.999998,24.348644,30.030014,-7.287108,24.943773,9.9547415,-1.5366877,4.5812707,16.376102,-38.09148,31.045202,9.521568,-9.613204,-0.37983537,-7.5486274,-1.0523676,3.5943635,23.039928,7.6288214,-2.584211,0.0,10.454873,-13.728596,-19.035233,4.0448313,-9.164765,0.0
272,4.95551061630249,-3.3282246589660645,105.4446792602539,4.724832166359112,-0.9577504826932683,-119.56634557741648,1.6645929,-5.464688,5.8589497,19.189056,-24.999998,24.214909,29.688492,-7.2216277,25.046408,9.485483,-1.5659282,4.4891458,17.628609,-37.371708,29.950396,10.287318,-9.629297,-0.3403589,-7.8483324,-0.79677796,3.949464,23.39438,7.516928,-2.4737105,0.0,10.446589,-13.407345,-18.693409,4.073315,-9.198847,0.0
273,4.819297790527344,-3.189786195755005,105.4626235961914,4.525884852548937,-1.0651219771600007,-119.89854266813362,1.5294228,-5.1805234,5.90926,19.494873,-24.999998,24.110971,29.35234,-7.157665,25.138681,9.101511,-1.5964339,4.4137764,18.838535,-36.6845,28.943283,11.042313,-9.544327,-0.2543703,-8.179094,-0.53891766,4.3177066,23.79588,7.400765,-2.3653266,0.0,10.400974,-13.083191,-18.295067,4.1108723,-9.228238,0.0
274,4.686574459075928,-3.0530738830566406,105.47845458984375,4.315912269561161,-1.1632673430295741,-120.26569559059817,1.4153459,-4.8766904,5.949711,19.816341,-24.999998,24.048609,29.008726,-7.079839,25.22031,8.799602,-1.6369516,4.338646,20.010483,-36.02415,28.005316,11.7971325,-9.369364,-0.13972378,-8.539667,-0.29945877,4.7069273,24.227219,7.327594,-2.281693,0.0,10.32937,-12.754616,-17.8547,4.155172,-9.250319,0.0
275,4.564737796783447,-2.9283595085144043,105.49203491210938,4.10643408663146,-1.2586339235043178,-120.65645778688764,1.31659,-4.572717,5.9892893,20.149763,-24.999998,24.011967,28.70073,-7.026503,25.273878,8.531857,-1.6676494,4.274936,21.14491,-35.403603,27.151464,12.519203,-9.138876,0.0080129225,-8.917464,-0.064591855,5.0927463,24.680351,7.2853217,-2.2228458,0.0,10.250871,-12.43754,-17.390896,4.2020802,-9.26934,0.0
276,4.434960842132568,-2.798081874847412,105.50434875488281,3.909736677344892,-1.357419182271141,-121.0593104992666,1.2301917,-4.2884665,6.0371265,20.488817,-24.999998,24.007742,28.40982,-6.970448,25.312399,8.333547,-1.7106357,4.216131,22.239973,-34.837227,26.39848,13.180478,-8.881833,0.19153266,-9.300645,0.21448593,5.4510803,25.160807,7.1734834,-2.1298912,0.0,10.17657,-12.132387,-16.92041,4.249194,-9.28896,0.0
277,4.3129963874816895,-2.6679158210754395,105.51446533203125,3.7296572068238905,-1.462023097895585,-121.48266512225656,1.1621132,-4.0286145,6.0961003,20.840294,-24.999998,24.036564,28.142414,-6.920619,25.324791,8.216908,-1.7583436,4.1678863,23.29769,-34.332638,25.750645,13.773965,-8.606218,0.43710712,-9.694835,0.5186787,5.7778964,25.669838,7.0400944,-2.0309405,0.0,10.105993,-11.854134,-16.43604,4.297444,-9.3056555,0.0
278,4.192476749420166,-2.54508900642395,105.52141571044922,3.5596865666659165,-1.569070106780308,-121.92883146509865,1.1134243,-3.7825463,6.160741,21.203117,-24.999998,24.122156,27.86107,-6.836478,25.318262,8.2213955,-1.8326193,4.1192346,24.319576,-33.886402,25.197462,14.317428,-8.289891,0.73494864,-10.1053505,0.84793097,6.083128,26.207827,6.8902354,-1.9343656,0.0,10.042835,-11.591831,-15.933423,4.3373547,-9.320855,0.0
279,4.071713447570801,-2.4288010597229004,105.52696228027344,3.3944323194488675,-1.6750304077466667,-122.37750404012107,1.064973,-3.5459957,6.227647,21.566635,-24.999998,24.207375,27.663689,-6.8309655,25.271202,8.170236,-1.8686404,4.098137,25.303251,-33.492664,24.735203,14.822585,-7.928747,1.032023,-10.518924,1.1809822,6.378851,26.753082,6.742567,-1.8392547,0.0,9.973305,-11.338823,-15.430942,4.394988,-9.340972,0.0
280,3.958010196685791,-2.305122137069702,105.53408813476562,3.2291259003572748,-1.7772440540380787,-122.80829340947516,1.006182,-3.3159735,6.2941546,21.91236,-24.999998,24.320751,27.450214,-6.793023,25.252087,8.15958,-1.9455925,4.066392,26.247953,-33.13703,24.351574,15.308865,-7.5243845,1.2719231,-10.921484,1.514585,6.6634493,27.284058,6.564106,-1.7223119,0.0,9.906803,-11.081366,-14.949428,4.440276,-9.350866,0.0
281,3.8408570289611816,-2.186739921569824,105.5364990234375,3.0643534335059,-1.8753138614064573,-123.22135287361223,0.9345669,-3.0931609,6.36083,22.238266,-24.999998,24.45677,27.254494,-6.7609324,25.232798,8.147258,-2.041851,4.0381656,27.14876,-32.82577,24.060093,15.765647,-7.05519,1.4666451,-11.332466,1.8230587,6.9553013,27.790808,6.428105,-1.6266539,0.0,9.840981,-10.821642,-14.487758,4.4932704,-9.367339,0.0
282,3.724128484725952,-2.06038498878479,105.5378189086914,2.9001858434021797,-1.9708972676556118,-123.62556774151835,0.8571475,-2.8769262,6.4288936,22.55193,-24.999998,24.60984,27.079723,-6.7422824,25.212759,8.145029,-2.1508112,4.0164013,27.995977,-32.570637,23.868082,16.194292,-6.517672,1.6404303,-11.753193,2.1337864,7.2413116,28.290892,6.270437,-1.5159453,0.0,9.781562,-10.556895,-14.039511,4.5294886,-9.373152,0.0
283,3.6099843978881836,-1.9433941841125488,105.53692626953125,2.7292030583761036,-2.062322924964887,-124.01356794355658,0.7702204,-2.6600766,6.495396,22.855465,-24.999998,24.780315,26.913702,-6.7222104,25.207287,8.14513,-2.2700665,3.993102,28.793781,-32.346092,23.740852,16.637623,-5.9733367,1.7469155,-12.137753,2.397425,7.5527306,28.762318,6.201217,-1.4453107,0.0,9.716531,-10.286213,-13.607384,4.5811067,-9.384789,0.0
284,3.4922800064086914,-1.8189003467559814,105.53579711914062,2.5548950713257566,-2.1493318613952166,-124.37894935494823,0.6697716,-2.4461572,6.557465,23.152481,-24.999998,24.959969,26.761387,-6.706327,25.224148,8.115826,-2.383761,3.9663296,29.569567,-32.09643,23.619436,17.140139,-5.522208,1.7317533,-12.435179,2.6549807,7.8670173,29.20841,6.1161227,-1.3631184,0.0,9.656348,-10.002531,-13.197795,4.62322,-9.394608,0.0
285,3.3749330043792725,-1.6965616941452026,105.53417205810547,2.3750929673535564,-2.227122161025347,-124.72121867256115,0.556002,-2.2345076,6.612412,23.443974,-24.999998,25.148222,26.614874,-6.6874304,25.272924,8.061895,-2.5000806,3.9333923,30.251278,-31.953491,23.600128,17.642391,-5.024038,1.6300681,-12.639712,2.8905022,8.189861,29.630009,6.0413485,-1.2761514,0.0,9.583666,-9.710533,-12.80932,4.6784997,-9.406572,0.0
286,3.263221025466919,-1.5676673650741577,105.53274536132812,2.192489478964422,-2.2978737646168934,-125.04380573036369,0.42797202,-2.0275092,6.6628146,23.731304,-24.999998,25.34241,26.47794,-6.671195,25.349981,7.9883986,-2.6197271,3.8973668,30.864605,-31.823711,23.63538,18.203743,-4.566613,1.4195148,-12.765852,3.1048326,8.516425,30.024916,5.9705043,-1.1853807,0.0,9.512439,-9.410602,-12.442362,4.717208,-9.406424,0.0
287,3.1520519256591797,-1.4449748992919922,105.53065490722656,2.009572930797586,-2.3699418501214162,-125.345367813252,0.2948031,-1.8250233,6.7139764,24.002588,-24.999998,25.540592,26.35008,-6.662234,25.45328,7.905696,-2.7357223,3.855587,31.408323,-31.714912,23.721489,18.823048,-4.1142826,1.1532356,-12.839559,3.3142073,8.842637,30.39794,5.9081564,-1.0992005,0.0,9.451034,-9.108945,-12.098601,4.7590413,-9.411832,0.0
288,3.0430376529693604,-1.325226902961731,105.52677917480469,1.8299214460024975,-2.4504246623010966,-125.62472192985408,0.16371024,-1.6275005,6.7701845,24.248175,-24.999998,25.737467,26.23542,-6.6694202,25.579576,7.8165116,-2.8370924,3.8065937,31.898642,-31.597506,23.82713,19.523302,-3.6763394,0.8622156,-12.8809185,3.5204818,9.166977,30.749172,5.8649426,-1.022675,0.0,9.408414,-8.809668,-11.781021,4.8032007,-9.424071,0.0
289,2.9328455924987793,-1.2054799795150757,105.52099609375,1.6528216981869885,-2.54444748740191,-125.87789513108196,0.03388573,-1.4355315,6.8356705,24.4667,-24.999998,25.930403,26.133842,-6.7003965,25.736359,7.71182,-2.9205525,3.7579181,32.333576,-31.485685,23.958908,20.299067,-3.2290204,0.5323037,-12.873572,3.7298098,9.492435,31.075207,5.837712,-0.9523312,0.0,9.396404,-8.5078125,-11.497273,4.8412147,-9.440526,0.0
290,2.826448440551758,-1.0854953527450562,105.5134506225586,1.4768315845226938,-2.6465538238965554,-126.10658783298331,-0.097983986,-1.2488279,6.9068627,24.663298,-24.999998,26.11837,26.043139,-6.7499,25.926893,7.5937314,-2.99212,3.7072744,32.71466,-31.381037,24.118765,21.141727,-2.7875023,0.15277766,-12.81242,3.9261198,9.823497,31.372202,5.8428745,-0.8955559,0.0,9.4035,-8.204777,-11.242483,4.8768487,-9.459689,0.0
291,2.7219929695129395,-0.9721286296844482,105.50337219238281,1.3036144391560274,-2.7493013482599022,-126.31834503292035,-0.2262901,-1.0653684,6.977009,24.835564,-24.999998,26.299238,25.960978,-6.806095,26.143671,7.486845,-3.0573506,3.6380005,33.04328,-31.290113,24.313272,22.032238,-2.349675,-0.21405004,-12.747174,4.10505,10.157257,31.647211,5.8825855,-0.8570707,0.0,9.420822,-7.905848,-11.00612,4.910164,-9.481557,0.0
292,2.6225838661193848,-0.8623762130737305,105.49288940429688,1.1352107116941303,-2.8452803678342162,-126.52071851694782,-0.34564987,-0.8832814,7.0398064,24.98186,-24.999998,26.469788,25.885504,-6.8575406,26.380642,7.4150553,-3.1217816,3.533428,33.32839,-31.206385,24.537144,22.957594,-1.9302769,-0.5125866,-12.725512,4.268115,10.484012,31.91057,5.9329534,-0.82365566,0.0,9.433644,-7.616012,-10.776226,4.941632,-9.501153,0.0
293,2.525527000427246,-0.7619534730911255,105.48006439208984,0.9735886583968971,-2.9363563975981775,-126.71321644531515,-0.4550975,-0.70446837,7.0958557,25.093655,-24.861395,26.626137,25.81838,-6.901849,26.642836,7.396605,-3.1907895,3.3740666,33.57428,-31.13477,24.796946,23.925976,-1.5270184,-0.7424161,-12.763497,4.410272,10.807036,32.158897,6.017396,-0.8103652,0.0,9.447739,-7.3380756,-10.553965,4.9728045,-9.523158,0.0
294,2.437708616256714,-0.6610402464866638,105.4671630859375,0.8169721484942319,-3.025244122507219,-126.89258660928562,-0.5571298,-0.5290465,7.147801,25.174015,-24.6086,26.766962,25.759064,-6.9455996,26.936392,7.415672,-3.261056,3.1734965,33.78032,-31.081905,25.09159,24.933653,-1.1317309,-0.9280426,-12.8380785,4.526286,11.1288395,32.38274,6.136298,-0.81680024,0.0,9.46989,-7.0675826,-10.345145,4.987945,-9.536255,0.0
295,2.348263740539551,-0.5519845485687256,105.45260620117188,0.6651600570112325,-3.1049823145462376,-127.06319591713587,-0.65149087,-0.3552045,7.191422,25.23614,-24.339355,26.891937,25.705135,-6.994779,27.252594,7.441118,-3.3224287,2.966205,33.95252,-31.033598,25.39857,25.950752,-0.75900316,-1.0532072,-12.936553,4.6421585,11.438539,32.609283,6.2167063,-0.7876828,0.0,9.468122,-6.802659,-10.138715,5.02575,-9.555225,0.0
296,2.2723782062530518,-0.4467926323413849,105.43756103515625,0.5142069262918924,-3.169125008102674,-127.22812099204866,-0.73772156,-0.17809002,7.222172,25.290915,-24.061949,27.00273,25.652845,-7.052639,27.583054,7.444473,-3.3659232,2.785703,34.093,-30.99228,25.709673,26.938662,-0.4030429,-1.0953848,-13.050947,4.6956477,11.762984,32.804478,6.377534,-0.80039716,0.0,9.45187,-6.5455766,-9.935127,5.051194,-9.56165,0.0
297,2.1984622478485107,-0.34779292345046997,105.4205322265625,0.35717648454403994,-3.2155136676044798,-127.38881132824889,-0.8155745,0.01031297,7.236487,25.336765,-23.77097,27.093088,25.602276,-7.120932,27.93745,7.425467,-3.3868475,2.633052,34.19845,-30.952248,26.024086,27.90983,-0.068490624,-1.0369531,-13.186348,4.698848,12.110475,32.97721,6.5991454,-0.8423515,0.0,9.416057,-6.2850046,-9.730531,5.0763035,-9.565894,0.0
298,2.112257957458496,-0.25888922810554504,105.4052505493164,0.19626646809921044,-3.2476808849330197,-127.54316358706734,-0.8854095,0.20723918,7.2374363,25.369204,-23.464546,27.178541,25.554585,-7.1928153,28.302635,7.39916,-3.38955,2.4940567,34.286854,-30.915997,26.337358,28.861496,0.23984247,-0.89239657,-13.347943,4.7139263,12.451198,33.152664,6.7734456,-0.863756,0.0,9.372038,-6.0180244,-9.529681,5.101547,-9.575748,0.0
299,2.049145221710205,-0.1675054430961609,105.3884048461914,0.03515344798805261,-3.2678009604131955,-127.68782854596618,-0.94944906,0.40675637,7.2307863,25.395107,-23.155836,27.245472,25.510279,-7.2749705,28.680857,7.351762,-3.3808537,2.3760376,34.34618,-30.885756,26.65469,29.782011,0.5337894,-0.6945458,-13.51962,4.6400356,12.820373,33.280384,7.0740314,-0.9424702,0.0,9.311153,-5.7594686,-9.335354,5.1190243,-9.570487,0.0
300,1.9984898567199707,-0.06196601316332817,105.37181091308594,-0.12071612481762357,-3.278131638309375,-127.82018350193964,-1.0098052,0.6026725,7.2224236,25.421623,-22.85829,27.302713,25.467762,-7.365522,29.053854,7.273988,-3.36654,2.2875316,34.384098,-30.860016,26.97001,30.643372,0.81495947,-0.47496343,-13.686243,4.5559664,13.171486,33.396,7.3328114,-0.9875317,0.0,9.22559,-5.5092664,-9.148861,5.1471877,-9.559618,0.0
301,1.9439570903778076,0.032593823969364166,105.35630798339844,-0.27159720288075156,-3.2751347741271326,-127.9387321150724,-1.0658945,0.7968616,7.209813,25.44781,-22.570887,27.35322,25.428255,-7.4687805,29.418915,7.1518183,-3.3425987,2.235755,34.401615,-30.838047,27.281214,31.453707,1.093912,-0.22242135,-13.849042,4.458866,13.512181,33.492073,7.5832615,-1.0322701,0.0,9.137735,-5.265808,-8.977412,5.166581,-9.547921,0.0
302,1.8936283588409424,0.12407588958740234,105.34102630615234,-0.41914431424900456,-3.2590742622490776,-128.04547333543834,-1.1168514,0.9908323,7.191143,25.470886,-22.288183,27.391655,25.391289,-7.583037,29.786268,6.9949718,-3.3083265,2.2143543,34.39665,-30.819256,27.59216,32.221615,1.3673918,0.07358241,-14.014526,4.3331676,13.850022,33.565628,7.845469,-1.0804842,0.0,9.036531,-5.0294614,-8.815682,5.185255,-9.533028,0.0
303,1.8448131084442139,0.21668626368045807,105.32703399658203,-0.559386455200737,-3.2367774122617607,-128.14208219387572,-1.1643422,1.1767615,7.1730123,25.494743,-22.015808,27.420227,25.356028,-7.699659,30.147251,6.8254476,-3.2714307,2.2135127,34.370365,-30.80492,27.899628,32.92392,1.6125677,0.3797812,-14.171676,4.209809,14.168057,33.630207,8.072381,-1.1099092,0.0,8.930427,-4.802199,-8.664945,5.203379,-9.516768,0.0
304,1.8019918203353882,0.30799317359924316,105.31365966796875,-0.6894364980714706,-3.2152858666910094,-128.2299804050048,-1.2102348,1.3469756,7.1615267,25.523035,-21.75997,27.442873,25.32127,-7.808621,30.492315,6.6659055,-3.2400289,2.223069,34.324345,-30.797148,28.201757,33.535614,1.8079758,0.6637408,-14.3085575,4.089301,14.4646635,33.686047,8.282612,-1.1326892,0.0,8.828529,-4.5898633,-8.527055,5.2197447,-9.498848,0.0
305,1.7660928964614868,0.3892127275466919,105.3028335571289,-0.8083328538119864,-3.1933934377394344,-128.30853996239244,-1.2563044,1.4998411,7.1559076,25.559792,-21.520416,27.462038,25.286097,-7.9025455,30.824167,6.5170946,-3.2179196,2.2399104,34.259697,-30.79713,28.501894,34.05504,1.952659,0.92635715,-14.434861,3.9785316,14.731968,33.735546,8.466403,-1.1488596,0.0,8.732497,-4.3964634,-8.402369,5.233765,-9.481865,0.0
306,1.7290353775024414,0.48126694560050964,105.2918701171875,-0.9175875655178451,-3.168435399344862,-128.37723592508482,-1.3012304,1.6390536,7.1536984,25.601902,-21.294476,27.478786,25.251146,-7.986782,31.142662,6.368944,-3.2002466,2.2697766,34.177814,-30.802134,28.79679,34.49278,2.0538635,1.1822708,-14.549774,3.8725202,14.979596,33.77826,8.610568,-1.139955,0.0,8.632334,-4.2114625,-8.2888565,5.2471676,-9.462228,0.0
307,1.6937705278396606,0.5699849724769592,105.28138732910156,-1.0168332625453456,-3.1446636490160356,-128.43842414109423,-1.3419037,1.7650243,7.1584797,25.642927,-21.084137,27.49579,25.218426,-8.072308,31.433294,6.226859,-3.181327,2.3160121,34.08026,-30.812143,29.079308,34.840153,2.1074703,1.4204593,-14.627255,3.7792728,15.203342,33.81919,8.725167,-1.1183699,0.0,8.538017,-4.0404496,-8.186988,5.2593417,-9.442432,0.0
308,1.6632970571517944,0.653906524181366,105.27294921875,-1.1063331050474732,-3.1266422399221407,-128.4940905024384,-1.3751884,1.8780727,7.1737156,25.676252,-20.89175,27.51699,25.189526,-8.168922,31.680174,6.0970693,-3.1559105,2.3819385,33.96934,-30.826828,29.340473,35.08822,2.1076322,1.629728,-14.640416,3.7066312,15.400141,33.86055,8.80799,-1.0874528,0.0,8.455158,-3.8848531,-8.096405,5.2690964,-9.421047,0.0
309,1.6398437023162842,0.7349979281425476,105.26519775390625,-1.1845326087085335,-3.1162148211299225,-128.5464283446818,-1.3992337,1.9760451,7.203055,25.704779,-20.718882,27.546007,25.164066,-8.277415,31.876143,5.977603,-3.118724,2.482539,33.84665,-30.848572,29.576788,35.222424,2.037107,1.8211255,-14.565752,3.6482975,15.57248,33.90029,8.875362,-1.0554113,0.0,8.382159,-3.7474997,-8.015002,5.279708,-9.397882,0.0
310,1.615722894668579,0.8104974627494812,105.25917053222656,-1.251849584272062,-3.110654171989602,-128.59361140150025,-1.4161979,2.0595825,7.243518,25.730246,-20.563946,27.584404,25.141579,-8.391817,32.026127,5.8662295,-3.0735915,2.6118743,33.713337,-30.877771,29.792135,35.248802,1.9031687,1.9962529,-14.421339,3.6224008,15.712441,33.949226,8.889357,-1.002085,0.0,8.3204155,-3.625264,-7.9444804,5.288861,-9.375454,0.0
311,1.5969386100769043,0.8810814619064331,105.25493621826172,-1.3112712193797338,-3.1078210865967915,-128.63253137279295,-1.4286088,2.1330154,7.289524,25.74492,-20.424303,27.632524,25.12398,-8.512665,32.132946,5.7683024,-3.0284648,2.742247,33.571613,-30.909863,29.988401,35.189217,1.7363333,2.1296144,-14.243661,3.6045446,15.832254,33.991543,8.887272,-0.94573027,0.0,8.266578,-3.5161731,-7.8862076,5.2963676,-9.35259,0.0
312,1.5785266160964966,0.9512186050415039,105.25238800048828,-1.3654124231217764,-3.1052241205909272,-128.6599688360886,-1.4389737,2.2008998,7.335493,25.740759,-20.296492,27.690166,25.112492,-8.639044,32.20112,5.690851,-2.9920936,2.845262,33.423843,-30.940393,30.168377,35.065033,1.5676435,2.196076,-14.070153,3.5944867,15.936801,34.02744,8.859519,-0.8758037,0.0,8.216612,-3.4133503,-7.84176,5.3032126,-9.329362,0.0
313,1.560059905052185,1.0195109844207764,105.25061798095703,-1.4153511723778218,-3.1050599684576565,-128.67787827342397,-1.4449779,2.264609,7.383471,25.71704,-20.18366,27.714344,25.106537,-8.772348,32.27764,5.6318603,-2.9721963,2.895089,33.37141,-30.962868,30.252996,34.780804,1.3286867,2.1858943,-13.904509,3.593817,16.02909,34.059277,8.812887,-0.7967491,0.0,8.17423,-3.3156352,-7.8103294,5.309141,-9.307002,0.0
314,1.5426685810089111,1.0785728693008423,105.25102233886719,-1.4596252122020197,-3.1076534405259877,-128.68680220217433,-1.4467556,2.321511,7.4354954,25.68906,-20.113298,27.73383,25.103651,-8.870762,32.33312,5.612203,-2.9682038,2.880233,33.333595,-30.985,30.300503,34.40335,1.0535381,2.1077163,-13.724539,3.5899298,16.113085,34.07405,8.781164,-0.7369168,0.0,8.14622,-3.2270799,-7.7924333,5.307526,-9.285456,0.0
315,1.527480959892273,1.132079005241394,105.25336456298828,-1.496981855037082,-3.107887259203541,-128.6819731487167,-1.4484612,2.3705142,7.484659,25.663034,-20.068464,27.749714,25.102642,-8.9523535,32.36074,5.630373,-2.970727,2.8417864,33.304745,-31.004122,30.335522,33.978397,0.8011207,1.9777427,-13.564267,3.622312,16.158758,34.103104,8.658683,-0.62220335,0.0,8.113885,-3.1502903,-7.7885933,5.3181725,-9.269375,0.0
316,1.5181478261947632,1.1797642707824707,105.25606536865234,-1.526833640867815,-3.100941653620148,-128.65822956298263,-1.453789,2.4104576,7.524527,25.617395,-20.006374,27.757854,25.103085,-9.044689,32.368973,5.6824293,-2.9814544,2.8108795,33.290062,-31.017906,30.3652,33.49304,0.5652218,1.8429203,-13.42745,3.6125023,16.204197,34.089172,8.588065,-0.54252434,0.0,8.082919,-3.0860841,-7.8034215,5.3216615,-9.25163,0.0
317,1.5057060718536377,1.2252476215362549,105.2593002319336,-1.5462241256907483,-3.0854861944328666,-128.6145111055716,-1.4647545,2.438786,7.5544405,25.549564,-19.933954,27.76642,25.10529,-9.151807,32.359066,5.7920938,-3.0089078,2.7706287,33.27404,-31.03549,30.389719,32.942394,0.35970974,1.6915481,-13.330323,3.5973084,16.228287,34.054127,8.490813,-0.4512136,0.0,8.049791,-3.0339487,-7.837778,5.3238416,-9.23518,0.0
318,1.4988071918487549,1.2654485702514648,105.26424407958984,-1.5566842042919988,-3.064216842233084,-128.55340748897675,-1.4788069,2.4568522,7.577483,25.459244,-19.856775,27.776253,25.109972,-9.267827,32.323845,5.948979,-3.0507975,2.7219136,33.254787,-31.057684,30.407768,32.330574,0.18125862,1.5137182,-13.259034,3.573778,16.231583,33.99855,8.379337,-0.35590765,0.0,8.014861,-2.9965136,-7.889251,5.326307,-9.219019,0.0
319,1.4925189018249512,1.3025822639465332,105.26917266845703,-1.5629050899707069,-3.037385797288056,-128.47481385858674,-1.4947473,2.4698987,7.592726,25.349424,-19.775318,27.786446,25.117018,-9.38772,32.272087,6.1267867,-3.0930235,2.673562,33.23378,-31.083342,30.418163,31.680769,0.014667514,1.3272372,-13.205227,3.5342064,16.229006,33.919315,8.272815,-0.26341477,0.0,7.9793673,-2.9649274,-7.957819,5.3275714,-9.204296,0.0
320,1.4874895811080933,1.3318824768066406,105.27417755126953,-1.569510029185877,-3.0051932607555782,-128.3790192118066,-1.5112633,2.4829674,7.5991187,25.225105,-19.686975,27.797335,25.126095,-9.508631,32.21506,6.2988877,-3.1211772,2.6350217,33.209995,-31.11277,30.418331,31.015285,-0.15977496,1.1520303,-13.165161,3.4697728,16.23163,33.812843,8.194375,-0.18724178,0.0,7.9457583,-2.934709,-8.043285,5.3268642,-9.193615,0.0
321,1.4814293384552002,1.3594839572906494,105.27763366699219,-1.5785398210914268,-2.965402836051652,-128.26159963053846,-1.5310721,2.4976435,7.593724,25.089064,-19.590115,27.809164,25.137127,-9.628607,32.151413,6.4716554,-3.1284919,2.6039894,33.182495,-31.145983,30.406132,30.32942,-0.34544834,0.9929262,-13.136231,3.3749785,16.245064,33.676594,8.141314,-0.118708305,0.0,7.909276,-2.9003236,-8.148881,5.326001,-9.186596,0.0
322,1.4718334674835205,1.382118821144104,105.2817611694336,-1.5869616244018097,-2.9186224984095266,-128.12377281212824,-1.5539644,2.5110707,7.5779896,24.941666,-19.48501,27.821161,25.149752,-9.745728,32.076668,6.655538,-3.12237,2.5743334,33.15271,-31.181713,30.381138,29.614555,-0.53489006,0.841223,-13.118263,3.2653723,16.257313,33.515434,8.0894375,-0.05218283,0.0,7.8739867,-2.8653631,-8.274448,5.322185,-9.183329,0.0
323,1.4676048755645752,1.4047425985336304,105.28588104248047,-1.593019944428036,-2.8692869498816256,-127.97447829743662,-1.5741832,2.5225701,7.557268,24.78477,-19.370829,27.833447,25.163778,-9.859427,31.996487,6.829541,-3.110377,2.5518086,33.11999,-31.220308,30.342745,28.88968,-0.7327639,0.69492126,-13.112042,3.1375346,16.268414,33.336494,8.053129,0.009161402,0.0,7.8375025,-2.8353348,-8.410906,5.3180275,-9.179994,0.0
324,1.468717336654663,1.427226185798645,105.28849029541016,-1.5947444250793221,-2.8216985353871324,-127.82199442053908,-1.5860013,2.5315027,7.537018,24.621134,-19.246588,27.84601,25.178747,-9.96961,31.916649,6.9693913,-3.1007137,2.5440605,33.083885,-31.262037,30.290852,28.174932,-0.94220704,0.551186,-13.11587,2.993834,16.27944,33.14476,8.04679,0.054674335,0.0,7.8028326,-2.8135664,-8.550621,5.31348,-9.17585,0.0
325,1.4764485359191895,1.444493293762207,105.29130554199219,-1.59181043637486,-2.773532705025238,-127.66646230675752,-1.5892276,2.5389476,7.51566,24.45215,-19.109575,27.87401,25.2025,-10.083898,31.838737,7.0617948,-3.0969791,2.5551932,32.997463,-31.33415,30.222452,27.47105,-1.1748506,0.40580386,-13.125723,2.837365,16.284857,32.94262,8.061866,0.086490944,0.0,7.768663,-2.8026564,-8.693184,5.308423,-9.171535,0.0
326,1.4826557636260986,1.4538249969482422,105.29452514648438,-1.5850682636900228,-2.723951516787627,-127.50425546192871,-1.5864986,2.5452838,7.4915986,24.278156,-18.959023,27.914145,25.232128,-10.200092,31.743593,7.1112037,-3.0953593,2.5872705,32.863255,-31.434128,30.149382,26.796188,-1.3962655,0.25991482,-13.113116,2.6790147,16.282967,32.731773,8.080134,0.111790955,0.0,7.7394886,-2.79843,-8.843156,5.301512,-9.170872,0.0
327,1.4927481412887573,1.4565417766571045,105.29800415039062,-1.57465138362914,-2.678593492881343,-127.33738527740381,-1.579212,2.5497937,7.4716187,24.0601,-18.761812,28.011003,25.29172,-10.414723,31.54747,7.051631,-3.0817099,2.7304814,32.52025,-31.660507,30.119856,26.256433,-1.4100889,0.14133635,-12.9081335,2.5227304,16.273487,32.517498,8.106109,0.12947184,0.0,7.7191463,-2.8022976,-8.999581,5.2938733,-9.172707,0.0
328,1.5066686868667603,1.4576410055160522,105.30175018310547,-1.559888093486967,-2.6432144352242273,-127.16895433399102,-1.5676043,2.545059,7.4616885,23.634722,-18.368713,28.218866,25.349567,-10.565423,31.227425,7.01163,-3.0074253,2.889078,31.753876,-31.81854,30.431837,26.151842,-1.18821,-0.05476781,-12.849465,2.37788,16.255335,32.302742,8.134275,0.14130054,0.0,7.7120748,-2.8134985,-9.15966,5.2867303,-9.177266,0.0
329,1.5164237022399902,1.455737829208374,105.30474090576172,-1.5413796275994547,-2.620750651168869,-126.99809226214437,-1.5453159,2.5311768,7.4618893,23.442617,-18.199286,28.367867,25.377314,-10.597389,31.0042,7.082038,-2.9863205,2.9429812,31.10771,-31.755833,30.613998,26.063036,-1.21104,-0.22001646,-12.902108,2.2612078,16.227406,32.096035,8.146555,0.15502524,0.0,7.725403,-2.8278654,-9.325576,5.278676,-9.187651,0.0
330,1.5257411003112793,1.455010175704956,105.30683135986328,-1.519272405006939,-2.6077661397727443,-126.82374388289146,-1.5143884,2.5116203,7.469682,23.242846,-18.028625,28.471313,25.403028,-10.633442,30.82649,7.152532,-2.9673893,2.9991586,30.53194,-31.670456,30.719215,25.94073,-1.276161,-0.3743045,-12.978314,2.1554227,16.194534,31.888157,8.159695,0.16550565,0.0,7.7523413,-2.8459017,-9.496997,5.2705274,-9.201585,0.0
331,1.547267198562622,1.453628659248352,105.3101806640625,-1.4922205742614079,-2.59993187713735,-126.64822092926367,-1.4789284,2.4866958,7.482501,23.049753,-17.857975,28.538937,25.427317,-10.676861,30.683908,7.2091312,-2.9513369,3.0550935,30.005634,-31.59463,30.782421,25.787733,-1.3319867,-0.5073022,-13.074166,2.0493581,16.150082,31.678316,8.178214,0.17253785,0.0,7.7829385,-2.8756716,-9.671188,5.2620487,-9.211797,0.0
332,1.5715409517288208,1.4481004476547241,105.31513977050781,-1.4582454537060925,-2.5928185415338243,-126.4736101404642,-1.4424856,2.456712,7.4979825,22.878168,-17.688719,28.57836,25.44978,-10.7308035,30.568562,7.2388673,-2.9395742,3.1077688,29.51522,-31.536034,30.831408,25.610617,-1.3471686,-0.60816264,-13.189072,1.9548713,16.087639,31.471918,8.17801,0.18404278,0.0,7.8165927,-2.917078,-9.84753,5.251658,-9.220397,0.0
333,1.5986595153808594,1.4388790130615234,105.3197021484375,-1.4158267027126903,-2.5884848187101577,-126.3004511126126,-1.4048688,2.4212048,7.519519,22.72976,-17.516905,28.595009,25.469486,-10.794851,30.471716,7.230278,-2.9331288,3.1583393,29.050398,-31.495752,30.870436,25.415173,-1.3062135,-0.66566306,-13.327189,1.865053,16.010675,31.264746,8.178054,0.19125406,0.0,7.854103,-2.9725862,-10.026278,5.2418585,-9.227982,0.0
334,1.629583716392517,1.42533278465271,105.32536315917969,-1.3663473236558648,-2.5881847478158453,-126.12762661228373,-1.3648034,2.3804307,7.54717,22.59781,-17.344059,28.592339,25.488071,-10.866341,30.390043,7.1923356,-2.9295986,3.2091372,28.60328,-31.46722,30.898962,25.211285,-1.219863,-0.6895818,-13.48743,1.7890378,15.916068,31.061,8.163559,0.20075528,0.0,7.8981366,-3.040413,-10.208275,5.231054,-9.234531,0.0
335,1.6641629934310913,1.4131966829299927,105.33296203613281,-1.3125119244005345,-2.5865905386126675,-125.95457650719828,-1.3234093,2.334772,7.5730205,22.483324,-17.177734,28.575027,25.50646,-10.940616,30.326803,7.147518,-2.9275224,3.2571461,28.183855,-31.451687,30.916584,24.997725,-1.1111666,-0.70002097,-13.659465,1.7212311,15.807452,30.861603,8.124953,0.22251196,0.0,7.9399357,-3.1150732,-10.391323,5.2188706,-9.237898,0.0
336,1.6986503601074219,1.3988621234893799,105.34028625488281,-1.2577625859890749,-2.5785970635904114,-125.78085929381346,-1.281992,2.2853026,7.588559,22.387625,-17.02396,28.556826,25.52508,-11.009413,30.276205,7.121066,-2.924031,3.2991505,27.906696,-31.46446,30.863836,24.678057,-1.0398248,-0.71069926,-13.835271,1.6447765,15.697594,30.659866,8.089773,0.24207307,0.0,7.9746647,-3.1917484,-10.573409,5.208623,-9.242971,0.0
337,1.7273198366165161,1.3822118043899536,105.34825134277344,-1.20263309728409,-2.5619229291691,-125.60657580007559,-1.2416219,2.2319658,7.5902147,22.34601,-16.932407,28.53971,25.54434,-11.067469,30.240858,7.1165133,-2.9210496,3.3330567,27.694136,-31.491705,30.800604,24.325516,-0.96757257,-0.7309288,-14.03101,1.5759833,15.58053,30.465288,8.023834,0.27635553,0.0,8.0024,-3.2670205,-10.754276,5.197251,-9.249847,0.0
338,1.7596920728683472,1.364386796951294,105.35689544677734,-1.145575860361327,-2.5396309521506146,-125.43201315488618,-1.2015777,2.1743696,7.5834885,22.317385,-16.848055,28.521143,25.56609,-11.123276,30.215136,7.1208735,-2.915992,3.3626378,27.491562,-31.528862,30.7403,23.980066,-0.8797148,-0.75037056,-14.244331,1.5003014,15.458066,30.269201,7.956147,0.31142375,0.0,8.022842,-3.3468914,-10.934078,5.1863866,-9.255623,0.0
339,1.7926486730575562,1.3359378576278687,105.36503601074219,-1.0860111813151263,-2.51434009561458,-125.25639108591264,-1.1608375,2.1119795,7.5731196,22.286018,-16.748152,28.498129,25.591608,-11.185408,30.198238,7.1268373,-2.9079373,3.393477,27.266764,-31.574432,30.686516,23.676825,-0.7748759,-0.77479184,-14.425656,1.420752,15.331163,30.070425,7.899553,0.33495092,0.0,8.045461,-3.432855,-11.115971,5.1736298,-9.263404,0.0
340,1.8208705186843872,1.306617021560669,105.37577819824219,-1.0230703271993866,-2.4886562193015243,-125.07909595435247,-1.118871,2.0441766,7.564623,22.205553,-16.553894,28.460812,25.62467,-11.265634,30.192625,7.1278925,-2.893593,3.4267726,26.949697,-31.628607,30.676458,23.476057,-0.6361799,-0.8105657,-14.55238,1.3696856,15.187262,29.885067,7.788782,0.38434082,0.0,8.070016,-3.5211346,-11.301041,5.1620665,-9.273749,0.0
341,1.8529385328292847,1.2837743759155273,105.38580322265625,-0.9555981107638115,-2.462315704628156,-124.90058213407018,-1.0742543,1.9686025,7.559846,22.124155,-16.440237,28.40392,25.657642,-11.322832,30.2007,7.1641235,-2.8744183,3.4157085,26.531605,-31.663492,30.745592,23.361013,-0.49090546,-0.807789,-14.686738,1.2998794,15.044719,29.689007,7.7039237,0.42297792,0.0,8.09359,-3.6144557,-11.488715,5.1446633,-9.276885,0.0
342,1.8868579864501953,1.2554292678833008,105.39654541015625,-0.884003234866913,-2.43448365428514,-124.72145725786643,-1.0271091,1.8863976,7.5552893,22.043064,-16.359108,28.337719,25.687765,-11.363017,30.2192,7.2277794,-2.8524656,3.3778465,26.095583,-31.676207,30.830389,23.283813,-0.36682633,-0.7866833,-14.813353,1.2573569,14.880485,29.508287,7.56632,0.48680133,0.0,8.113829,-3.715974,-11.677257,5.135125,-9.284335,0.0
343,1.9117534160614014,1.2228074073791504,105.40657043457031,-0.8111244441842363,-2.4058124725169385,-124.5397399752802,-0.98086643,1.8011855,7.5493274,21.949501,-16.284052,28.267723,25.71711,-11.393756,30.240334,7.305457,-2.8233733,3.3326976,25.6732,-31.68262,30.912428,23.211552,-0.27664894,-0.7622283,-14.92957,1.2179942,14.717882,29.326567,7.4306006,0.54625094,0.0,8.14091,-3.8155723,-11.870602,5.12115,-9.294392,0.0
344,1.9422568082809448,1.196711778640747,105.41682434082031,-0.740017864370067,-2.3771560196866597,-124.35409523736509,-0.93837917,1.7167491,7.5405607,21.840046,-16.209505,28.200552,25.743484,-11.413271,30.257727,7.3916097,-2.784896,3.2941623,25.288944,-31.696815,30.983341,23.117012,-0.2304363,-0.7474919,-15.039922,1.1605972,14.563245,29.132513,7.3179035,0.5973873,0.0,8.1671715,-3.9125042,-12.067411,5.103874,-9.300155,0.0
345,1.96514892578125,1.1630287170410156,105.42623138427734,-0.6707994212777502,-2.348422834862769,-124.16254987295538,-0.90254277,1.6333534,7.5272994,21.705872,-16.135647,28.127974,25.766869,-11.419429,30.277786,7.487749,-2.7316043,3.2655962,24.888971,-31.7148,31.082338,23.054918,-0.22312441,-0.7532675,-15.138439,1.1310114,14.40101,28.949266,7.1614738,0.6679157,0.0,8.198098,-4.0053344,-12.270785,5.093302,-9.316325,0.0
346,1.9860966205596924,1.125853180885315,105.43416595458984,-0.6025641684208782,-2.319213617967819,-123.96644578301728,-0.87053335,1.549387,7.510842,21.552204,-16.06527,28.061142,25.787542,-11.410318,30.290771,7.5981336,-2.6662908,3.2402728,24.528172,-31.74239,31.172773,22.972546,-0.26501238,-0.7653619,-15.227254,1.084858,14.248944,28.75308,7.0396495,0.7185085,0.0,8.235149,-4.095604,-12.480148,5.077455,-9.332983,0.0
