Frame,root_translateX,root_translateY,root_translateZ,root_rotateX,root_rotateY,root_rotateZ,waist_yaw_joint,waist_roll_joint,waist_pitch_joint,head_pitch_joint,head_yaw_joint,right_shoulder_pitch_joint,right_shoulder_roll_joint,right_shoulder_yaw_joint,right_elbow_joint,right_wrist_roll_joint,right_wrist_pitch_joint,right_wrist_yaw_joint,left_shoulder_pitch_joint,left_shoulder_roll_joint,left_shoulder_yaw_joint,left_elbow_joint,left_wrist_roll_joint,left_wrist_pitch_joint,left_wrist_yaw_joint,left_hip_pitch_joint,left_hip_roll_joint,left_hip_yaw_joint,left_knee_joint,left_ankle_roll_joint,left_ankle_pitch_joint,right_hip_pitch_joint,right_hip_roll_joint,right_hip_yaw_joint,right_knee_joint,right_ankle_roll_joint,right_ankle_pitch_joint
0,1.0542017221450806,2.4803123474121094,101.63319396972656,1.783242223553166,-1.7687680101945105,-113.07531710484044,2.6915193,-0.98905456,11.561605,-19.66661,8.956309,-10.1763115,-10.451952,46.227207,63.289608,9.234123,-0.32206842,-15.869696,-4.577979,9.644414,-24.02643,64.80074,9.708798,-0.6798292,12.287418,-6.550117,7.935391,20.519148,12.211916,-9.351118,-3.0237744,2.0197413,-7.0268106,-18.119846,16.38565,8.960136,-15.464911
1,1.0548717975616455,2.5030465126037598,101.63040161132812,1.7386326277463806,-1.7548260619094758,-113.12904447868246,2.6946685,-0.9517543,11.686298,-20.05034,8.930195,-10.339456,-10.557633,46.367172,62.73611,10.199525,-0.028096605,-15.564468,-4.5642414,9.790482,-24.213774,64.27384,9.762422,-0.6018661,12.106025,-6.660181,8.02379,20.50173,12.349922,-9.366086,-3.0700781,1.9748514,-6.9695106,-18.047594,16.37281,8.939694,-15.439024
2,1.0585511922836304,2.5368354320526123,101.62495422363281,1.6955341202688419,-1.741735114433784,-113.17974823680198,2.7137203,-0.90744716,11.794595,-20.416578,8.886255,-10.4990015,-10.668041,46.58068,62.206333,11.261092,0.275099,-15.30089,-4.5572386,9.9294815,-24.52632,63.770844,9.687513,-0.5084938,11.959124,-6.7964516,8.116,20.464485,12.516652,-9.37935,-3.1238587,1.8957471,-6.920499,-17.956053,16.405748,8.917364,-15.429887
3,1.0624643564224243,2.5691676139831543,101.61834716796875,1.6491239484853213,-1.7268577962630691,-113.23639927631602,2.7442334,-0.85135174,11.892304,-20.771374,8.834616,-10.667638,-10.792762,46.871964,61.664986,12.380625,0.5703917,-15.056027,-4.5798755,10.071472,-24.981699,63.27534,9.5414505,-0.4136918,11.85492,-6.948842,8.216932,20.420576,12.7083435,-9.393346,-3.1899886,1.8107907,-6.8685403,-17.855227,16.442108,8.894716,-15.421581
4,1.066881775856018,2.6157374382019043,101.61094665527344,1.5943512065746348,-1.7074120321344073,-113.30771390615425,2.7779262,-0.7738063,11.980505,-21.119518,8.788681,-10.869632,-10.910946,47.211597,61.11471,13.481324,0.8433175,-14.800939,-4.643406,10.19191,-25.538273,62.7741,9.444941,-0.32892793,11.79952,-7.126879,8.335604,20.373358,12.921469,-9.4077425,-3.2579055,1.698217,-6.806094,-17.725885,16.491112,8.864695,-15.41028
5,1.067740797996521,2.6635794639587402,101.60244750976562,1.529835127037063,-1.6794206898585131,-113.39194232397303,2.8187158,-0.67468035,12.057625,-21.464663,8.741637,-11.103,-11.027827,47.652348,60.54401,14.564167,1.0910764,-14.572891,-4.74364,10.297126,-26.258257,62.25,9.40012,-0.22763541,11.821196,-7.3375645,8.475342,20.314936,13.170907,-9.424974,-3.3404784,1.5744123,-6.729091,-17.579407,16.53294,8.829853,-15.393349
6,1.0694406032562256,2.7116425037384033,101.59292602539062,1.4581837582557897,-1.645420616335971,-113.48557760291447,2.8581686,-0.5589538,12.123117,-21.802343,8.700521,-11.358235,-11.128802,48.147232,59.975548,15.60845,1.318171,-14.359367,-4.8730726,10.376383,-27.06579,61.726814,9.417098,-0.121231996,11.894765,-7.5767107,8.629834,20.244873,13.453248,-9.442643,-3.437185,1.4382312,-6.644193,-17.417147,16.57632,8.793549,-15.374523
7,1.0784897804260254,2.7693662643432617,101.58257293701172,1.3803629825441626,-1.6128177717872878,-113.59563574719584,2.8974025,-0.42490646,12.179985,-22.12435,8.672734,-11.659688,-11.215169,48.67371,59.41572,16.695133,1.5302125,-14.100489,-5.039189,10.436516,-27.935234,61.20199,9.433287,-0.045243826,11.986409,-7.826757,8.794875,20.18176,13.74968,-9.458084,-3.5358686,1.2846391,-6.554884,-17.229717,16.630222,8.754678,-15.3518
8,1.0867173671722412,2.838029384613037,101.57077026367188,1.2970547079730064,-1.588742728578913,-113.72865428492207,2.92689,-0.2734424,12.239265,-22.429995,8.675835,-12.02186,-11.280593,49.15769,58.859787,17.841822,1.7431608,-13.723596,-5.2379227,10.479651,-28.764227,60.657555,9.450223,-0.03598754,12.042468,-8.082447,8.978045,20.131094,14.071784,-9.477122,-3.643137,1.1166444,-6.458708,-17.012028,16.704481,8.710222,-15.332606
9,1.0913217067718506,2.9023406505584717,101.55624389648438,1.207078733446131,-1.5730426094101004,-113.88737856580768,2.964534,-0.10037501,12.293934,-22.709589,8.696444,-12.442618,-11.345232,49.668537,58.298378,19.15438,1.9685788,-13.230058,-5.479498,10.523962,-29.703934,60.102856,9.380068,-0.09029852,12.102628,-8.336213,9.181055,20.098686,14.424319,-9.5025015,-3.7687833,0.95450854,-6.3531775,-16.772867,16.781599,8.663818,-15.315479
10,1.0972472429275513,2.977482795715332,101.54084014892578,1.1104016540589998,-1.5626627999807685,-114.06794426224444,3.00399,0.08915293,12.350061,-22.976282,8.735176,-12.911857,-11.404365,50.165825,57.720573,20.539902,2.213464,-12.633625,-5.7474103,10.567887,-30.683159,59.516777,9.308933,-0.19188851,12.152601,-8.595724,9.400957,20.07882,14.794452,-9.530394,-3.8987103,0.77770376,-6.239162,-16.505035,16.87272,8.612306,-15.297959
11,1.104504108428955,3.051377534866333,101.52375793457031,1.0098320673908248,-1.5606797544702586,-114.26711040026846,3.0367038,0.2931362,12.407166,-23.230465,8.795994,-13.421582,-11.456282,50.624935,57.11919,21.950686,2.4576495,-11.964286,-6.041896,10.613003,-31.639452,58.873947,9.175457,-0.3374628,12.159905,-8.854467,9.633587,20.070435,15.188936,-9.559747,-4.042261,0.603057,-6.1212363,-16.220116,16.970846,8.5609,-15.28197
12,1.1133259534835815,3.1266744136810303,101.5046615600586,0.908001983729581,-1.5705163284994772,-114.48200790981349,3.05943,0.5099452,12.463616,-23.469475,8.87766,-13.970528,-11.504326,51.03966,56.489285,23.365294,2.676666,-11.255069,-6.372481,10.665975,-32.544636,58.151962,8.887662,-0.5203216,12.098882,-9.101291,9.87379,20.078487,15.594523,-9.588597,-4.191795,0.4301366,-6.0029664,-15.920552,17.0828,8.509342,-15.269942
13,1.123319149017334,3.208761215209961,101.48431396484375,0.8053105950075138,-1.5947277846413814,-114.70887849116667,3.0640044,0.73937213,12.525215,-23.69972,8.983802,-14.5621605,-11.548511,51.396633,55.839207,24.79732,2.8697922,-10.451378,-6.728793,10.727207,-33.358932,57.337017,8.435709,-0.7470595,11.930759,-9.335672,10.121603,20.099247,16.008871,-9.6162195,-4.343578,0.2604328,-5.883351,-15.611602,17.208002,8.4561405,-15.260109
14,1.1345270872116089,3.287074089050293,101.4616470336914,0.7003926891035116,-1.631148125900054,-114.95031552119897,3.054312,0.98257464,12.589082,-23.917746,9.114001,-15.197358,-11.590386,51.715633,55.166508,26.266441,3.0557382,-9.558041,-7.1104765,10.7976265,-34.11976,56.43951,7.848399,-1.0132707,11.6765995,-9.560851,10.379368,20.132004,16.443384,-9.643782,-4.508163,0.10150296,-5.7617555,-15.294186,17.338907,8.404467,-15.252921
15,1.1444571018218994,3.3729746341705322,101.4377212524414,0.5941627106571159,-1.67542996253054,-115.2123728308922,3.042377,1.2367768,12.645131,-24.112358,9.262843,-15.868929,-11.633259,52.014263,54.4439,27.734211,3.236704,-8.688291,-7.5198784,10.883558,-34.86135,55.44596,7.1447015,-1.2913269,11.389747,-9.770859,10.646249,20.189976,16.874516,-9.673666,-4.668875,-0.065280914,-5.636057,-14.95296,17.483532,8.348937,-15.247254
16,1.1586235761642456,3.4519054889678955,101.41444396972656,0.4874861529942761,-1.7231885511194214,-115.50115091390091,3.0205472,1.4986136,12.685326,-24.272097,9.444033,-16.566393,-11.669367,52.268284,53.64319,29.103031,3.4209824,-7.934357,-7.9480147,10.972017,-35.50495,54.35672,6.4337964,-1.5705293,11.08984,-9.960832,10.917139,20.28278,17.302647,-9.704697,-4.8345137,-0.22591752,-5.509453,-14.588954,17.619732,8.296305,-15.235942
17,1.1758112907409668,3.5398120880126953,101.38980102539062,0.37905896605265094,-1.7723019931101653,-115.81813359670467,3.0162122,1.768654,12.703348,-24.396524,9.634376,-17.294422,-11.710443,52.54294,52.771946,30.468822,3.5864134,-7.327312,-8.415312,11.095308,-36.199917,53.151676,5.5344753,-1.8437339,10.800333,-10.145422,11.198075,20.40331,17.731241,-9.737538,-4.9982734,-0.40983903,-5.379291,-14.184241,17.774126,8.240473,-15.22495
18,1.1873825788497925,3.6294143199920654,101.36487579345703,0.2690709529642011,-1.825664607968618,-116.16007513140725,3.0039718,2.0469024,12.708659,-24.492397,9.854655,-18.050354,-11.7461405,52.776,51.83204,31.777697,3.7494164,-6.7924175,-8.895894,11.228117,-36.796696,51.83144,4.566642,-2.121213,10.459185,-10.309224,11.490129,20.556961,18.151346,-9.776141,-5.158879,-0.5928925,-5.2406664,-13.75696,17.926928,8.180622,-15.211358
19,1.205169439315796,3.7228002548217773,101.33898162841797,0.16054267017687365,-1.8861051055490126,-116.52609112525917,2.9819605,2.3287134,12.693277,-24.543901,10.100884,-18.83468,-11.779748,52.984287,50.809254,33.008934,3.8897254,-6.3622904,-9.39034,11.380705,-37.354523,50.403465,3.610223,-2.3703597,10.140005,-10.455851,11.786039,20.741817,18.57013,-9.813932,-5.319178,-0.7848306,-5.1038647,-13.301526,18.092997,8.1208725,-15.197639
20,1.2232065200805664,3.8154988288879395,101.31234741210938,0.05676693299656372,-1.9564825375912835,-116.91568109641571,2.9465098,2.6062064,12.655273,-24.542377,10.370421,-19.639444,-11.81964,53.164135,49.67097,34.119015,3.990363,-6.0651093,-9.88923,11.588161,-37.929363,48.83955,2.746255,-2.5549173,9.916924,-10.572785,12.083896,20.964972,18.982962,-9.853936,-5.479035,-0.9773488,-4.970506,-12.823663,18.272224,8.060646,-15.187804
21,1.242860198020935,3.899782419204712,101.28587341308594,-0.03997177822852358,-2.037595252817592,-117.33248355035855,2.8881638,2.8747885,12.597362,-24.48921,10.676438,-20.445957,-11.862371,53.276085,48.384975,34.984608,4.067036,-5.901879,-10.358147,11.842859,-38.454685,47.104153,2.0648577,-2.6645539,9.789076,-10.642928,12.37798,21.242405,19.378016,-9.895469,-5.637499,-1.1569353,-4.8435364,-12.32788,18.450588,8.002371,-15.177781
22,1.2708954811096191,3.995431900024414,101.25902557373047,-0.13195366991229832,-2.1280013043865678,-117.77560735946801,2.808598,3.135326,12.523735,-24.392643,11.018253,-21.26452,-11.908646,53.329517,46.965878,35.66022,4.1184645,-5.8557377,-10.798718,12.159691,-38.93345,45.179085,1.4918897,-2.7093167,9.728412,-10.6893015,12.672714,21.559645,19.76369,-9.934716,-5.7878847,-1.353473,-4.720729,-11.798565,18.650415,7.942088,-15.167402
23,1.2910956144332886,4.065078258514404,101.23384857177734,-0.2217320602731043,-2.227100668627754,-118.23719901193982,2.7008786,3.4039083,12.4263,-24.236805,11.394563,-22.123459,-11.951392,53.3362,45.468796,36.291985,4.129709,-5.9016533,-11.268378,12.475828,-39.31994,43.193844,1.0533363,-2.7313638,9.69936,-10.689235,12.969755,21.918915,20.142109,-9.980982,-5.9497504,-1.5049196,-4.595582,-11.276112,18.817545,7.887822,-15.152867
24,1.3151129484176636,4.15671968460083,101.20624542236328,-0.3123360366696136,-2.334398839532935,-118.70948166247662,2.5703168,3.6853433,12.306639,-24.021511,11.789775,-23.051891,-12.002314,53.311222,43.92301,37.046947,4.0836983,-6.0187573,-11.808809,12.811021,-39.66072,41.182507,0.69089586,-2.7432737,9.690794,-10.6894045,13.276513,22.285833,20.524542,-10.026383,-6.101689,-1.6813558,-4.4649625,-10.730116,19.015429,7.827985,-15.141002
25,1.3379303216934204,4.255340576171875,101.17772674560547,-0.4053579738332622,-2.453605467052438,-119.1889945386228,2.4099233,3.980175,12.171021,-23.753489,12.203082,-24.045233,-12.072355,53.260147,42.301373,37.995445,3.9568696,-6.229603,-12.409446,13.17652,-39.97544,39.111904,0.42532364,-2.7400115,9.702161,-10.671318,13.592829,22.666317,20.90546,-10.074376,-6.2491517,-1.8458908,-4.325403,-10.184414,19.211197,7.765975,-15.124844
26,1.3688613176345825,4.342022895812988,101.15070343017578,-0.4985144671500846,-2.583829169190057,-119.68027524483944,2.2225869,4.2851486,12.02018,-23.43393,12.638499,-25.087315,-12.166671,53.181126,40.58057,39.05031,3.7609017,-6.539168,-13.052875,13.577934,-40.26581,36.95558,0.2531577,-2.7132175,9.743992,-10.621993,13.908682,23.075083,21.283308,-10.120299,-6.401309,-1.9817405,-4.1865506,-9.641908,19.386534,7.7117705,-15.099564
27,1.417009711265564,4.423994064331055,101.12093353271484,-0.5896967952233066,-2.717538540897578,-120.18787235156319,2.0223308,4.600221,11.848544,-23.059742,13.093573,-26.181477,-12.286367,53.0649,38.79217,40.11759,3.5377667,-6.897153,-13.768357,14.0242605,-40.523876,34.75568,0.09630617,-2.670946,9.808705,-10.577476,14.22533,23.494001,21.688173,-10.158956,-6.5695777,-2.1338205,-4.055833,-9.071504,19.583126,7.6669636,-15.0773325
28,1.4665684700012207,4.5083770751953125,101.09025573730469,-0.676439340560856,-2.8472398690745564,-120.71656615645773,1.8244101,4.9255633,11.651243,-22.628302,13.564388,-27.325151,-12.427618,52.8962,36.966602,41.096493,3.3298223,-7.2554007,-14.580819,14.525745,-40.74112,32.5484,-0.121005215,-2.6200993,9.888581,-10.521791,14.542471,23.942434,22.085379,-10.196562,-6.7341,-2.3047616,-3.924761,-8.4707365,19.790504,7.622232,-15.055658
29,1.51005220413208,4.606084823608398,101.0565414428711,-0.7612899191789912,-2.971704824775576,-121.26738453278266,1.6255292,5.2650957,11.422618,-22.13085,14.055236,-28.550253,-12.591094,52.6742,35.1144,42.064045,3.1655822,-7.5819516,-15.502046,15.092108,-40.92685,30.323208,-0.4761797,-2.5687199,9.959071,-10.46699,14.870483,24.41026,22.482838,-10.236788,-6.893748,-2.5086389,-3.784492,-7.8328223,20.022667,7.570793,-15.038694
30,1.5722975730895996,4.67128324508667,101.02532196044922,-0.844223470407261,-3.0946740999899034,-121.83797198655681,1.4196992,5.61694,11.169891,-21.575281,14.5663185,-29.844366,-12.777131,52.404495,33.216663,43.03534,3.0140815,-7.9095345,-16.514713,15.7275305,-41.091343,28.052301,-0.9198031,-2.5093694,10.032267,-10.394118,15.189995,24.907673,22.893452,-10.268185,-7.078581,-2.6888804,-3.6552126,-7.1846595,20.224794,7.5391574,-15.011097
31,1.6430504322052002,4.748849391937256,100.98983001708984,-0.9198853096058381,-3.2161672359779976,-122.4278680012148,1.2177489,5.9687,10.904143,-20.97954,15.088619,-31.165277,-12.978527,52.093513,31.27968,43.834496,2.8323638,-8.282198,-17.604347,16.429996,-41.227036,25.759977,-1.3341501,-2.431112,10.157006,-10.325112,15.509861,25.4244,23.312107,-10.295917,-7.26045,-2.9140766,-3.5296564,-6.49241,20.472244,7.507514,-14.993449
32,1.6970899105072021,4.840529441833496,100.95024108886719,-0.9831230952036555,-3.3360824564465417,-123.03641079350797,1.030693,6.3079896,10.6346855,-20.360285,15.61293,-32.484337,-13.181691,51.75053,29.327724,44.292507,2.5746703,-8.739287,-18.760439,17.192682,-41.323807,23.480648,-1.5965942,-2.3269744,10.380463,-10.237418,15.83219,25.975798,23.717628,-10.333246,-7.4267845,-3.1759405,-3.400501,-5.7639594,20.764687,7.4655204,-14.993272
33,1.75785493850708,4.9223856925964355,100.91012573242188,-1.0364406889053512,-3.456109304901938,-123.66370665339718,0.8427977,6.631258,10.349883,-19.687227,16.15852,-33.856262,-13.3870535,51.402237,27.394228,44.365707,2.2216306,-9.269668,-19.991333,18.013763,-41.37935,21.240335,-1.6443645,-2.2219207,10.726245,-10.129828,16.14694,26.566713,24.125107,-10.368029,-7.5976605,-3.4476948,-3.279783,-5.009815,21.07035,7.4309793,-14.997346
34,1.823140263557434,5.011083126068115,100.8652572631836,-1.0811375849441838,-3.575571680791686,-124.3100961917246,0.6656765,6.950714,10.0552635,-18.973478,16.712816,-35.23976,-13.583279,51.023457,25.454372,44.09196,1.7916132,-9.873932,-21.311317,18.890812,-41.410805,19.02382,-1.5488038,-2.1202316,11.162287,-10.0209,16.462954,27.181814,24.545197,-10.401309,-7.769875,-3.753957,-3.1601658,-4.2179775,21.414465,7.3968906,-15.011555
35,1.9071694612503052,5.091064929962158,100.81807708740234,-1.1103676912016247,-3.690423719020509,-124.97538095495656,0.4939018,7.256021,9.756667,-18.249117,17.272728,-36.646996,-13.767239,50.616287,23.544874,43.60817,1.3274992,-10.534961,-22.69116,19.815456,-41.397255,16.840677,-1.3822186,-1.9852866,11.660027,-9.904732,16.76015,27.824596,24.97139,-10.426689,-7.947549,-4.093231,-3.05819,-3.3852491,21.790527,7.3754444,-15.033748
36,1.991733193397522,5.164645671844482,100.76897430419922,-1.1176643826146406,-3.7965722684770964,-125.65933114871729,0.32969776,7.539879,9.465813,-17.554348,17.827646,-38.070732,-13.932254,50.178177,21.687473,43.03237,0.8656615,-11.2524185,-24.087421,20.772926,-41.309544,14.68661,-1.1977457,-1.7803586,12.189845,-9.772888,17.035908,28.494787,25.390673,-10.454992,-8.122549,-4.4678507,-2.971211,-2.512106,22.203127,7.3588896,-15.07129
37,2.07692813873291,5.2305588722229,100.7157211303711,-1.1043208287402033,-3.8944212710146067,-126.3593843079375,0.16267152,7.8033113,9.173912,-16.873566,18.383562,-39.521202,-14.079187,49.714287,19.887201,42.330242,0.40146703,-12.052737,-25.525463,21.752848,-41.1139,12.59867,-0.9888489,-1.4881358,12.735563,-9.634243,17.29357,29.18136,25.816011,-10.486277,-8.3012295,-4.8811526,-2.8974874,-1.598494,22.66022,7.3473487,-15.128296
38,2.159513235092163,5.290166854858398,100.65875244140625,-1.0727785846906563,-3.9850146397224417,-127.07670345455622,-0.004492027,8.051004,8.878356,-16.193314,18.943245,-40.99969,-14.20598,49.226208,18.142975,41.451557,-0.07574269,-12.931295,-27.011728,22.748709,-40.82623,10.582319,-0.7152885,-1.1364796,13.311149,-9.482785,17.536802,29.891703,26.242168,-10.521574,-8.480639,-5.325875,-2.830904,-0.64839184,23.153238,7.339066,-15.201446
39,2.2433226108551025,5.346758842468262,100.5986099243164,-1.0190923307513113,-4.065153484766363,-127.81618025848105,-0.16411313,8.280131,8.589381,-15.541856,19.50664,-42.50088,-14.3068695,48.706375,16.478203,40.51387,-0.53594744,-13.819956,-28.497042,23.752684,-40.488235,8.61634,-0.40555385,-0.75638366,13.93292,-9.321411,17.760347,30.630398,26.666962,-10.559812,-8.658659,-5.8112707,-2.773672,0.34834236,23.683767,7.335801,-15.2888
40,2.3324289321899414,5.395712852478027,100.56216430664062,-0.9387113086470921,-4.131278933811389,-128.58330836095053,-0.31606138,8.489907,8.309124,-14.935139,20.081116,-43.995544,-14.382303,48.13989,14.902946,39.626137,-0.95089513,-14.6353035,-29.970304,24.760946,-40.141685,6.7111793,-0.12367364,-0.37754282,14.614247,-9.3322735,18.02971,31.254042,27.328148,-10.606121,-8.931536,-6.2284784,-2.735088,1.3307086,24.073542,7.3402658,-15.307584
41,2.4266016483306885,5.43004035949707,100.53217315673828,-0.8292026113801507,-4.1785830977315905,-129.38019732737672,-0.45133445,8.678023,8.0354595,-14.381487,20.658272,-45.4827,-14.429811,47.49342,13.403718,38.751034,-1.3027112,-15.354964,-31.429049,25.767319,-39.77774,4.849056,0.1217233,0.040826287,15.38666,-9.329378,18.274332,31.922005,27.980145,-10.654654,-9.183002,-6.66189,-2.7184536,2.3549304,24.448963,7.357834,-15.319125
42,2.523059129714966,5.4587507247924805,100.50151062011719,-0.6935679586639916,-4.209200917104416,-130.20394911936683,-0.5714533,8.8459,7.76306,-13.865563,21.236567,-46.964718,-14.449584,46.77113,11.980082,37.84589,-1.6083117,-16.01552,-32.894543,26.76789,-39.38455,3.0513554,0.35513005,0.49861386,16.23471,-9.326415,18.504686,32.622063,28.647522,-10.7041235,-9.40418,-7.1367025,-2.7149937,3.432099,24.850187,7.3835783,-15.339632
43,2.615530014038086,5.48443603515625,100.46829223632812,-0.5364368148133486,-4.229942206174398,-131.051291541827,-0.68190396,8.995488,7.497498,-13.380711,21.823257,-48.44989,-14.445199,46.022076,10.669377,37.035156,-1.8998847,-16.638994,-34.35286,27.76319,-39.00244,1.3429165,0.59608907,0.9066099,17.110373,-9.3080435,18.724401,33.362095,29.322865,-10.755074,-9.572044,-7.643389,-2.7158346,4.552857,25.280376,7.412612,-15.372445
44,2.7079954147338867,5.496689319610596,100.43644714355469,-0.3624185635849609,-4.247794892600835,-131.91921913727617,-0.7914162,9.1283865,7.245352,-12.919999,22.42932,-49.93381,-14.425847,45.298077,9.4917755,36.43804,-2.2111905,-17.246115,-35.78597,28.758287,-38.672455,-0.25710067,0.8642748,1.1762086,17.969364,-9.271778,18.941523,34.137604,30.016054,-10.810078,-9.672263,-8.149111,-2.7230856,5.6972823,25.70835,7.4486804,-15.406466
45,2.8006739616394043,5.498158931732178,100.40210723876953,-0.1658211171237653,-4.258931005681411,-132.8108550769298,-0.8888593,9.24133,7.0070634,-12.495676,23.049387,-51.41164,-14.396359,44.580868,8.42605,36.120308,-2.5553193,-17.83352,-37.19103,29.75844,-38.402946,-1.7540294,1.213145,1.267446,18.814236,-9.212277,19.147493,34.957367,30.716793,-10.872597,-9.682843,-8.680001,-2.7383187,6.8844347,26.163954,7.4906645,-15.453287
46,2.8922276496887207,5.492045879364014,100.36815643310547,0.05306965666409521,-4.260388237163426,-133.72668753904802,-0.9694797,9.334277,6.7790055,-12.107345,23.676207,-52.890564,-14.358758,43.852383,7.4618874,36.01432,-2.916776,-18.395737,-38.596752,30.76647,-38.181316,-3.1535518,1.6031685,1.2385901,19.666851,-9.138005,19.34406,35.81303,31.433058,-10.947287,-9.594797,-9.229408,-2.759417,8.109729,26.630306,7.537647,-15.504327
47,2.9875001907348633,5.474581718444824,100.33148193359375,0.28194171313921107,-4.260899254966082,-134.65894264507858,-1.0641398,9.411513,6.5700903,-11.7357435,24.328747,-54.365402,-14.322808,43.17171,6.602246,36.03446,-3.2862456,-18.951014,-39.96239,31.781927,-37.998337,-4.4828377,1.9666176,1.1444709,20.51969,-9.03777,19.540728,36.698986,32.160572,-11.036251,-9.401989,-9.782098,-2.7782795,9.358098,27.10466,7.5943236,-15.560748
48,3.0761637687683105,5.447685241699219,100.29371643066406,0.5091591954742334,-4.269506063694699,-135.60032193957272,-1.1895721,9.481651,6.3841457,-11.358899,25.012707,-55.859234,-14.300111,42.609093,5.8761096,36.11669,-3.657601,-19.531096,-41.304928,32.80555,-37.85742,-5.738877,2.1918848,1.0396363,21.353907,-8.904975,19.749329,37.605522,32.90136,-11.139883,-9.109201,-10.306181,-2.7828586,10.601416,27.566473,7.656788,-15.618663
49,3.16241717338562,5.40687370300293,100.25633239746094,0.7398018800780234,-4.286330157853898,-136.5558799505332,-1.3331758,9.541827,6.2215357,-10.985716,25.724672,-57.36866,-14.297014,42.175976,5.2681975,36.303223,-4.0287914,-20.179731,-42.645058,33.838047,-37.7582,-6.929567,2.254098,0.9164012,22.172426,-8.734037,19.96456,38.537773,33.654484,-11.257397,-8.727653,-10.800399,-2.7816494,11.84574,28.01242,7.730057,-15.676658
50,3.249621868133545,5.352131366729736,100.2177505493164,0.9779020832761091,-4.306751337891763,-137.52734474169168,-1.4857912,9.5906315,6.0798655,-10.622978,26.456982,-58.89514,-14.315487,41.848095,4.765011,36.62395,-4.4079437,-20.876709,-43.984684,34.880196,-37.701115,-8.054247,2.1999629,0.75260025,22.979074,-8.528715,20.179377,39.492985,34.415936,-11.38971,-8.271849,-11.280382,-2.7781422,13.10259,28.454525,7.81471,-15.738085
51,3.3292572498321533,5.292869567871094,100.1780014038086,1.2093690227900606,-4.333933968481905,-138.50247284173642,-1.6866473,9.641689,5.9607525,-10.247682,27.228266,-60.363194,-14.372302,41.63545,4.30866,36.944332,-4.7991133,-21.53843,-45.27555,35.935493,-37.67125,-9.113408,2.041618,0.57769823,23.756966,-8.304289,20.408274,40.44323,35.19648,-11.538103,-7.7693954,-11.7311,-2.7564697,14.346521,28.882748,7.900921,-15.799388
52,3.4086954593658447,5.2229413986206055,100.13731384277344,1.4207133720681522,-4.37125153100969,-139.4685447269278,-1.9437494,9.704825,5.8647523,-9.848204,28.025604,-61.86817,-14.475067,41.56879,3.9739316,37.223736,-5.2113194,-22.120739,-46.522255,37.005966,-37.68853,-10.093178,1.7623138,0.42369756,24.489485,-8.075515,20.66582,41.36177,36.006947,-11.704435,-7.253167,-12.136984,-2.7140229,15.556625,29.28285,7.991168,-15.856017
53,3.491006374359131,5.143534183502197,100.09306335449219,1.6052860955575394,-4.424720335428158,-140.42301473486478,-2.2684565,9.786779,5.7980766,-9.418207,28.854866,-63.377686,-14.63476,41.691975,3.7292378,37.447002,-5.700763,-22.65292,-47.730705,38.092083,-37.752296,-10.993466,1.3291909,0.3093104,25.180151,-7.836833,20.958143,42.245502,36.84547,-11.897809,-6.7562623,-12.492823,-2.6469305,16.725779,29.65695,8.084732,-15.907154
54,3.5722482204437256,5.049900531768799,100.04756164550781,1.7721542060941904,-4.491646728743238,-141.37238038319157,-2.6417627,9.880501,5.7596354,-8.970866,29.708447,-64.90028,-14.854872,41.994442,3.564755,37.67113,-6.2492256,-23.161354,-48.91295,39.19355,-37.863873,-11.824535,0.7504728,0.21234211,25.834621,-7.582646,21.276052,43.10696,37.70753,-12.1132345,-6.30835,-12.80266,-2.5643675,17.86445,30.008537,8.183733,-15.957348
55,3.6489346027374268,4.95176362991333,99.99698638916016,1.9304476424259465,-4.5627120128212555,-142.31870469935626,-3.057717,9.979983,5.7372227,-8.503939,30.583834,-66.40873,-15.139969,42.408882,3.4456449,37.862614,-6.7388606,-23.556822,-50.041695,40.31524,-38.017895,-12.590576,0.08933646,0.102578856,26.44036,-7.317248,21.605734,43.952698,38.58281,-12.32897,-5.9266944,-13.097006,-2.4653316,18.992174,30.363205,8.284739,-16.01519
56,3.715620279312134,4.838807582855225,99.94696807861328,2.0895014895540513,-4.628363089814673,-143.2637927124861,-3.5062633,10.076698,5.718068,-8.018172,31.473953,-67.906715,-15.49241,42.86448,3.362457,38.004482,-7.048175,-23.753263,-51.098328,41.46506,-38.216873,-13.295402,-0.59672636,-0.047058556,26.98651,-7.0570016,21.940712,44.779423,39.479706,-12.521703,-5.6256948,-13.3754225,-2.3638046,20.113974,30.70899,8.3911085,-16.08131
57,3.7750136852264404,4.7129621505737305,99.89500427246094,2.2473794944930803,-4.688979665094043,-144.20627472818288,-3.9930744,10.172721,5.700333,-7.504478,32.38593,-69.395226,-15.913882,43.347755,3.3019009,38.11002,-7.1240115,-23.713139,-52.08807,42.64935,-38.476513,-13.923743,-1.3427491,-0.25457296,27.513735,-6.8020606,22.284222,45.589985,40.40163,-12.679965,-5.399442,-13.644,-2.2569275,21.232733,31.054344,8.50365,-16.159145
58,3.8459551334381104,4.578558921813965,99.8400650024414,2.4004493865703385,-4.7488985771414205,-145.14573972757358,-4.5172334,10.2683115,5.689792,-6.9658117,33.31674,-70.8812,-16.405241,43.893288,3.2684085,38.191338,-7.032505,-23.488178,-53.02826,43.870266,-38.80308,-14.48301,-2.1691415,-0.49997586,28.01752,-6.544634,22.64043,46.389168,41.347057,-12.8156395,-5.222046,-13.9062195,-2.1453538,22.350246,31.394953,8.627238,-16.237902
59,3.911553382873535,4.436297416687012,99.78184509277344,2.555581320070681,-4.8042172170918915,-146.0859993415271,-5.0656266,10.353598,5.6844845,-6.417185,34.251637,-72.34824,-16.969063,44.504585,3.2572262,38.20958,-6.8310256,-23.120213,-53.905586,45.130184,-39.174,-15.013527,-2.9889007,-0.75100046,28.417154,-6.2773023,22.997154,47.188526,42.29888,-12.939101,-5.0445833,-14.1684,-2.027489,23.47199,31.745249,8.754768,-16.327261
60,3.974158763885498,4.295410633087158,99.71920013427734,2.718943692994243,-4.850826427508482,-147.03033366306227,-5.624718,10.4195795,5.682004,-5.8722277,35.176563,-73.78292,-17.60861,45.182293,3.2671063,38.127502,-6.5765166,-22.650394,-54.709366,46.432003,-39.56195,-15.554193,-3.7195551,-0.9711235,28.629965,-6.000333,23.344666,47.98893,43.247265,-13.063217,-4.85828,-14.449364,-1.9011745,24.610271,32.11884,8.883477,-16.425896
61,4.032369613647461,4.141544342041016,99.65523529052734,2.8906307347715985,-4.889306982029494,-147.97414976028207,-6.205279,10.46463,5.6826763,-5.324205,36.095444,-75.19519,-18.327993,45.928284,3.3040612,37.933273,-6.2581854,-22.070957,-55.427776,47.77948,-39.954998,-16.110268,-4.3465166,-1.1501762,28.645344,-5.718263,23.68832,48.790714,44.2011,-13.205224,-4.6573873,-14.734841,-1.7774129,25.755438,32.50293,9.017269,-16.534496
62,4.089427947998047,3.9803695678710938,99.58626556396484,3.0673181850770805,-4.921135330433305,-148.9171726888381,-6.811046,10.494147,5.6869884,-4.769965,37.01538,-76.598335,-19.128214,46.75056,3.3611937,37.649,-5.8562546,-21.36932,-56.065754,49.175213,-40.359413,-16.668716,-4.911893,-1.3011855,28.501162,-5.4303746,24.031307,49.5922,45.16341,-13.354501,-4.4431477,-15.030605,-1.6484494,26.910038,32.906544,9.155865,-16.654917
63,4.143021583557129,3.8101096153259277,99.51367950439453,3.251066131526577,-4.942999818411411,-149.87104268022256,-7.4196496,10.509432,5.6928415,-4.22591,37.9272,-77.97931,-20.006395,47.656254,3.4162638,37.286278,-5.4140215,-20.576254,-56.632988,50.619434,-40.773922,-17.240152,-5.4129114,-1.422217,28.189459,-5.127821,24.360989,50.394848,46.11654,-13.477967,-4.2290854,-15.337418,-1.5129869,28.086176,33.32485,9.301347,-16.785675
64,4.197429180145264,3.633296489715576,99.4381103515625,3.44389866410148,-4.951603113724422,-150.84671493485962,-8.009227,10.5121975,5.6980157,-3.709531,38.82272,-79.32551,-20.95686,48.653236,3.4521935,36.856323,-4.974065,-19.720207,-57.137165,52.11089,-41.193874,-17.833624,-5.8459067,-1.5111384,27.700108,-4.8038692,24.663504,51.197666,47.04203,-13.543898,-4.028159,-15.659839,-1.3692756,29.297401,33.75167,9.456775,-16.92067
65,4.256390571594238,3.4550390243530273,99.35942077636719,3.644992642910971,-4.94390660577175,-151.84502043942703,-8.580686,10.503332,5.6958704,-3.2197988,39.70035,-80.64309,-21.97736,49.7448,3.4948583,36.408646,-4.543975,-18.79671,-57.579777,53.65168,-41.612946,-18.443745,-6.244927,-1.5601288,27.020546,-4.465123,24.940926,51.997032,47.9436,-13.544701,-3.8410463,-16.00616,-1.2119291,30.548634,34.190624,9.622123,-17.057552
66,4.309304714202881,3.262850761413574,99.2788314819336,3.853234807418821,-4.921733907506058,-152.8607633876092,-9.145516,10.482611,5.6880555,-2.7473242,40.56649,-81.94568,-23.065681,50.93286,3.5467968,35.920364,-4.1034117,-17.7921,-57.95351,55.244175,-42.02763,-19.068699,-6.5980554,-1.5667369,26.157774,-4.1157036,25.1977,52.79089,48.828434,-13.498988,-3.662258,-16.35959,-1.0480169,31.826927,34.635143,9.797005,-17.203154
67,4.357328414916992,3.0620059967041016,99.19853210449219,4.069769746644006,-4.889391394127909,-153.8963384096312,-9.698575,10.450214,5.686399,-2.298169,41.42618,-83.22773,-24.213123,52.21545,3.558135,35.2912,-3.6539721,-16.718899,-58.243023,56.88533,-42.431305,-19.719652,-6.8250084,-1.5436423,25.12957,-3.750031,25.427835,53.576374,49.69417,-13.413731,-3.500403,-16.711798,-0.87927914,33.128677,35.076607,9.980315,-17.351833
68,4.408118724822998,2.85463809967041,99.11375427246094,4.295473665659587,-4.850608840386759,-154.95398399952757,-10.2346325,10.406095,5.7020025,-1.876629,42.28432,-84.481575,-25.407104,53.58595,3.4846535,34.416096,-3.2008963,-15.5844755,-58.42697,58.56844,-42.811028,-20.40734,-6.841897,-1.5080132,23.95116,-3.3589623,25.620337,54.35233,50.528374,-13.297013,-3.3603878,-17.070314,-0.7021881,34.461567,35.52935,10.175249,-17.507202
69,4.45958948135376,2.6392242908477783,99.02639770507812,4.535046080541455,-4.805608621511332,-156.04146681078288,-10.748053,10.3466015,5.7332344,-1.4762386,43.144154,-85.70351,-26.637724,55.05941,3.3447144,33.200844,-2.7096212,-14.335542,-58.51177,60.289005,-43.157837,-21.129091,-6.6212335,-1.4004743,22.560793,-2.9354434,25.77221,55.130188,51.332195,-13.138743,-3.2418618,-17.430384,-0.5208678,35.83198,35.987972,10.383224,-17.668581
70,4.499971866607666,2.416304111480713,98.93717956542969,4.785916937124691,-4.751830578497981,-157.15524638458996,-11.245535,10.274608,5.774674,-1.0942521,44.005245,-86.90234,-27.899868,56.631935,3.1672,31.711174,-2.2047606,-12.97326,-58.484276,62.047226,-43.455833,-21.87615,-6.197798,-1.2464671,20.965277,-2.489006,25.887312,55.90275,52.108437,-12.940263,-3.1422713,-17.786612,-0.33171615,37.231434,36.452297,10.598679,-17.839804
71,4.549766540527344,2.178729295730591,98.84351348876953,5.038509969125749,-4.689115571771356,-158.28081920883025,-11.739046,10.199614,5.8314905,-0.73971486,44.864956,-88.08982,-29.188354,58.26657,2.9289432,30.084076,-1.7753546,-11.584582,-58.30349,63.844963,-43.676445,-22.63049,-5.598306,-1.194058,19.278646,-2.0377808,25.96852,56.642017,52.852127,-12.72434,-3.0635486,-18.145163,-0.13692658,38.65156,36.917343,10.829829,-18.014078
72,4.60270881652832,1.9394580125808716,98.7452163696289,5.283761046898896,-4.617877157582269,-159.40373486297037,-12.240141,10.13024,5.9079375,-0.42382297,45.719837,-89.27667,-30.498245,59.92217,2.6075466,28.458694,-1.4992028,-10.259828,-57.93075,65.68636,-43.787395,-23.378807,-4.866956,-1.3881252,17.614258,-1.6022348,26.020166,57.317913,53.56157,-12.514626,-3.009363,-18.502213,0.07457809,40.068893,37.382923,11.065979,-18.187954
73,4.647185802459717,1.689890742301941,98.64434814453125,5.52116895146329,-4.536531002344065,-160.52295048737832,-12.739222,10.0695505,5.9939384,-0.14748688,46.55951,-90.46228,-31.829372,61.609955,2.2314541,26.84514,-1.4059856,-8.905755,-57.394356,67.58441,-43.768063,-24.118025,-4.1155467,-1.898096,15.9119,-1.1933159,26.043228,57.91552,54.237244,-12.313366,-2.978056,-18.848942,0.29710117,41.47764,37.843758,11.305512,-18.367167
74,4.690886497497559,1.4409539699554443,98.53595733642578,5.754708606500674,-4.445493534638907,-161.64521333605146,-13.270594,9.99449,6.1148987,0.079633735,47.42616,-91.65909,-33.178814,63.326874,1.7804945,25.184547,-1.4556686,-7.5155683,-56.519848,69.53575,-43.55662,-24.85772,-3.1904464,-2.6772516,14.190186,-0.799708,26.03281,58.452522,54.873276,-12.109742,-2.965558,-19.199512,0.54064304,42.892567,38.317696,11.549174,-18.552315
75,4.729068756103516,1.1824920177459717,98.42635345458984,5.981719242383228,-4.348771101970311,-162.76845799380425,-13.801192,9.932578,6.252575,0.2848777,48.281143,-92.86326,-34.5404,65.0518,1.2576737,23.500822,-1.5976981,-6.2993774,-55.465332,71.55279,-43.158943,-25.58365,-2.1807764,-3.6000566,12.522599,-0.4209935,25.996494,58.934406,55.48393,-11.911012,-2.9822662,-19.533827,0.7927993,44.301685,38.783237,11.79799,-18.739645
76,4.764104843139648,0.9160464406013489,98.30900573730469,6.199834266751659,-4.2506463290349465,-163.8905435435684,-14.375068,9.863094,6.4391136,0.46785426,49.166985,-94.079865,-35.903687,66.71529,0.6007943,21.812397,-1.7758905,-5.4711666,-54.048622,73.62573,-42.53417,-26.27991,-0.858266,-4.610461,11.117219,-0.045748085,25.933685,59.379818,56.065784,-11.720409,-3.0289333,-19.855703,1.0619729,45.705887,39.258648,12.052289,-18.93557
77,4.796754360198975,0.6436187028884888,98.18772888183594,6.407899838927195,-4.151845906590524,-165.01498658874175,-14.981628,9.784029,6.6629343,0.63360995,50.086445,-95.28258,-37.267574,68.346115,-0.17794342,20.076925,-1.9813827,-5.143079,-52.27298,75.75481,-41.64343,-27.009405,0.8156505,-5.659403,9.917201,0.32384202,25.847824,59.785694,56.62407,-11.529106,-3.1105711,-20.15829,1.3462209,47.104286,39.730686,12.312117,-19.132738
78,4.824267864227295,0.3723984956741333,98.05878448486328,6.6074564119693475,-4.050613133124173,-166.14186195003876,-15.618871,9.688654,6.920401,0.78068316,51.03604,-96.47435,-38.632748,69.94786,-1.0505122,18.287252,-2.2248185,-5.183771,-50.103622,77.94067,-40.447823,-27.73057,2.763633,-6.8126144,8.9074335,0.6828583,25.735529,60.145664,57.15401,-11.338548,-3.2216377,-20.450047,1.6542474,48.49982,40.21596,12.574075,-19.336784
79,4.846341609954834,0.08387833088636398,97.92630767822266,6.800266248671571,-3.9473777014050584,-167.2635119512011,-16.290573,9.57835,7.218785,0.92076695,51.993607,-97.671936,-39.98991,71.416374,-2.0054383,16.496725,-2.46913,-5.423288,-47.519764,80.17747,-38.93006,-28.267498,4.851331,-8.119157,8.268398,1.0288996,25.59339,60.45919,57.65248,-11.172175,-3.361877,-20.722813,1.9634029,49.884422,40.697678,12.843176,-19.549192
80,4.869898796081543,-0.20869207382202148,97.79051208496094,6.988078245558496,-3.8424407244902503,-168.37226110613778,-16.999271,9.453212,7.5615015,1.0672919,52.935627,-98.866936,-41.32463,72.61994,-3.0254436,14.750934,-2.68516,-5.6788073,-44.515244,82.45398,-37.094013,-28.440136,6.955246,-9.6018915,8.18184,1.3558935,25.417303,60.719566,58.116398,-11.056322,-3.5319874,-20.983562,2.274734,51.25033,41.175987,13.114951,-19.762255
81,4.885236740112305,-0.5033542513847351,97.6488037109375,7.169931358212649,-3.731935255153131,-169.4709579790373,-17.73761,9.300299,7.932967,1.2425739,53.84623,-99.99692,-42.633884,73.51148,-4.081469,12.999636,-2.8513293,-5.9006214,-41.019894,84.763374,-34.95207,-28.230202,9.308941,-11.388474,8.872507,1.6642464,25.203772,60.9279,58.53794,-11.018543,-3.7298076,-21.235888,2.5967963,52.59997,41.662727,13.385712,-19.982557
82,4.897446155548096,-0.8070321083068848,97.50251007080078,7.345392405617423,-3.6174108414694204,-170.56231533006314,-18.49582,9.109983,8.320434,1.4521573,54.734543,-101.0186,-43.924377,74.10954,-5.1623755,11.216751,-2.9925258,-6.171035,-37.04667,87.0892,-32.51172,-27.666096,11.929069,-13.340817,10.269705,1.9534588,24.9571,61.08337,58.923336,-11.038621,-3.956821,-21.477125,2.9232137,53.93775,42.149483,13.660658,-20.207714
83,4.90647554397583,-1.1098668575286865,97.3522720336914,7.517452526818036,-3.5068963027263287,-171.63833821151508,-19.266293,8.888663,8.728713,1.6813376,55.607056,-101.95647,-45.197323,74.38592,-6.2726817,9.493531,-3.1563866,-6.5020037,-32.727085,89.384926,-29.80304,-26.646284,14.36806,-15.091181,12.042021,2.225158,24.679092,61.187645,59.277843,-11.068442,-4.213851,-21.700945,3.252554,55.251766,42.640457,13.933838,-20.438494
84,4.914402484893799,-1.4184532165527344,97.19902801513672,7.689769320812712,-3.4082369666089645,-172.6909672465179,-20.033163,8.648555,9.158379,1.9184544,56.459538,-102.82765,-46.450775,74.3074,-7.413664,7.9176626,-3.387045,-6.899857,-28.224506,91.570366,-26.896208,-25.073503,16.147232,-16.338654,13.751355,2.4818485,24.370895,61.24291,59.605125,-11.059993,-4.5006466,-21.898983,3.569526,56.533844,43.130154,14.206249,-20.677734
85,4.918920040130615,-1.7280915975570679,97.04100799560547,7.864525278172037,-3.32100924943283,-173.72029359754669,-20.767334,8.411306,9.584554,2.1753378,57.242035,-103.58827,-47.687576,73.820854,-8.556576,6.532083,-3.727112,-7.324873,-23.58244,93.54286,-23.895859,-22.902243,17.096788,-17.117697,15.358064,2.7290106,24.027908,61.257175,59.898926,-11.012113,-4.821353,-22.07531,3.8782341,57.78468,43.628162,14.4741125,-20.928375
86,4.917552471160889,-2.031209945678711,96.87883758544922,8.039927282953595,-3.241692665117061,-174.7301173671907,-21.443684,8.188964,9.990291,2.4620898,57.925842,-104.200386,-48.91641,72.95,-9.689848,5.286679,-4.138816,-7.772589,-18.872053,95.19629,-20.920933,-20.13933,17.551235,-17.62438,16.914156,2.9627798,23.652006,61.225197,60.16059,-10.947307,-5.1747684,-22.233074,4.1866617,59.005913,44.135715,14.734507,-21.186863
87,4.915778636932373,-2.3392937183380127,96.7139892578125,8.214042892710431,-3.1747923684962007,-175.71830077150247,-22.063082,7.9839125,10.397503,2.7513785,58.547382,-104.71258,-50.14044,71.79511,-10.845708,4.140176,-4.5434856,-8.3140745,-14.321179,96.45522,-18.079374,-16.793451,17.767513,-17.86006,18.0744,3.1803184,23.252863,61.14301,60.400192,-10.84629,-5.5496926,-22.3648,4.482918,60.19679,44.63867,14.994972,-21.451326
88,4.909999847412109,-2.647737979888916,96.54679107666016,8.385086586132715,-3.1246815243720527,-176.6828841736544,-22.643875,7.7883782,10.837467,3.01234,59.16277,-105.20319,-51.35489,70.47408,-12.056668,3.0603733,-4.8636036,-9.035038,-10.13332,97.32139,-15.453111,-12.894881,17.976837,-17.797888,18.538809,3.3789303,22.84019,61.006065,60.627842,-10.690511,-5.9353566,-22.464987,4.770873,61.351803,45.141582,15.253342,-21.724209
89,4.9063191413879395,-2.9514079093933105,96.37557220458984,8.550975561675527,-3.0959342452973173,-177.6255252965002,-23.213072,7.595155,11.334127,3.2436562,59.808105,-105.714806,-52.546013,68.99927,-13.337839,2.1053295,-5.057132,-10.033469,-6.451973,97.861534,-13.084152,-8.414118,18.06701,-17.312967,18.103497,3.5692933,22.415308,60.822044,60.84091,-10.465657,-6.3343883,-22.531837,5.056144,62.470333,45.645767,15.509982,-22.0018
90,4.904129981994629,-3.2617788314819336,96.20384216308594,8.714095595033692,-3.0853376406307165,-178.54695524536547,-23.78903,7.3928676,11.884739,3.4458687,60.483604,-106.22723,-53.702446,67.325226,-14.6654005,1.3002979,-5.1749125,-11.271112,-3.1817274,98.17603,-10.990222,-3.4087808,17.977037,-16.464855,17.027561,3.7500973,21.975449,60.591595,61.038944,-10.184796,-6.7517815,-22.566828,5.324416,63.55632,46.13824,15.767945,-22.282993
91,4.9017181396484375,-3.570455312728882,96.0269775390625,8.879547526255632,-3.08558374766542,-179.44342223581577,-24.381598,7.156423,12.479826,3.600313,61.199562,-106.720085,-54.822598,65.47287,-16.012169,0.5577378,-5.280059,-12.630227,-0.11208481,98.36522,-9.165936,1.9755102,17.97349,-15.478586,15.7424135,3.9064884,21.519161,60.30774,61.224014,-9.866895,-7.173882,-22.585915,5.584858,64.614746,46.639717,16.024399,-22.573286
92,4.908401966094971,-3.8730766773223877,95.846923828125,9.052251192246864,-3.089006087685017,179.68888949206658,-24.990479,6.86688,13.105303,3.6913764,61.957085,-107.17859,-55.912582,63.480286,-17.351837,-0.21152522,-5.4345136,-14.0014715,2.9829652,98.504456,-7.58493,7.616838,18.293503,-14.583003,14.672114,4.0221953,21.045555,59.96043,61.40085,-9.532548,-7.588999,-22.603273,5.833033,65.65081,47.143284,16.281626,-22.863583
93,4.908021450042725,-4.179885387420654,95.66588592529297,9.238671510256054,-3.1017147278621344,178.85211185574857,-25.653,6.4976344,13.791525,3.7065437,62.820927,-107.62881,-56.97109,61.313545,-18.718254,-0.9587806,-5.633993,-15.407157,6.155735,98.64161,-6.2147694,13.698969,19.04049,-13.756074,13.921761,4.102523,20.546783,59.545654,61.569958,-9.169466,-8.002337,-22.606207,6.0523696,66.65783,47.650974,16.535412,-23.166204
94,4.916796684265137,-4.484200954437256,95.4848861694336,9.435099751214112,-3.1249947820959134,178.04358126687322,-26.358599,6.042378,14.526744,3.6669085,63.780823,-108.02957,-57.996815,58.92606,-20.101185,-1.6522585,-5.8552375,-16.903753,9.385932,98.79348,-5.024076,20.209484,19.994213,-12.871936,13.321809,4.154703,20.028454,59.07039,61.73415,-8.77293,-8.419608,-22.599508,6.2490406,67.63885,48.15401,16.789518,-23.467703
95,4.931283950805664,-4.783738613128662,95.29763793945312,9.62981932483044,-3.144185839253566,177.2603546291597,-27.026434,5.5275702,15.236089,3.6040359,64.71378,-108.2738,-59.004005,56.354122,-21.422596,-2.4194825,-6.1256466,-18.43032,12.780639,98.95153,-3.9808807,26.736586,20.880695,-12.013873,12.841505,4.1692123,19.505136,58.5457,61.891243,-8.374381,-8.8251095,-22.596752,6.446591,68.60232,48.661827,17.044996,-23.77119
96,4.949119567871094,-5.086890697479248,95.11479949951172,9.811123886668954,-3.144998589670894,176.49947014251785,-27.573534,4.990094,15.854644,3.5411887,65.49137,-108.292046,-60.018295,53.66686,-22.620317,-3.382447,-6.4647923,-19.930588,16.423532,99.08663,-3.0524206,32.868626,21.445211,-11.289936,12.4075575,4.129964,18.999266,57.975742,62.056923,-8.007139,-9.211812,-22.602846,6.637827,69.55153,49.13663,17.304537,-24.063293
97,4.971948146820068,-5.383275032043457,94.92926025390625,9.979667694791772,-3.1293721796747946,175.7645884813093,-28.012678,4.4282856,16.404602,3.4490714,66.1125,-108.11413,-61.05686,50.87543,-23.709631,-4.607957,-6.881502,-21.42504,20.454508,99.18453,-2.2220113,38.645336,21.607544,-10.792593,11.909345,4.035482,18.508415,57.358746,62.23024,-7.680639,-9.568556,-22.622211,6.839412,70.4855,49.603508,17.566048,-24.350933
98,5.001682281494141,-5.677768230438232,94.74295806884766,10.140312079226286,-3.1035065246804,175.05568560743558,-28.35801,3.834021,16.909687,3.3238254,66.6165,-107.76808,-62.126614,47.953957,-24.72349,-6.01105,-7.3475404,-22.948967,24.803667,99.24147,-1.479936,44.219788,21.494265,-10.447275,11.354759,3.8951585,18.023304,56.694363,62.406574,-7.3778353,-9.90377,-22.64968,7.038452,71.40304,50.05585,17.830597,-24.632866
99,5.026257514953613,-5.970910549163818,94.5612564086914,10.286396427671638,-3.059954427130412,174.36504342678052,-28.52613,3.2514405,17.31768,3.2159579,66.924736,-107.19501,-63.243614,44.928444,-25.642735,-7.4918675,-7.8285704,-24.460238,29.153345,99.23084,-0.8272386,49.33522,21.22514,-10.139696,10.802614,3.709137,17.552422,55.989616,62.588497,-7.0911326,-10.234693,-22.683504,7.2375994,72.30451,50.48221,18.093445,-24.9056
100,5.0547356605529785,-6.266915798187256,94.3812026977539,10.410976157375137,-2.99139543881978,173.68485636049124,-28.433811,2.7388403,17.583792,3.1621659,66.95217,-106.348434,-64.430916,41.844696,-26.46116,-8.952076,-8.297242,-25.917574,33.120373,99.12009,-0.2858004,53.710472,20.968954,-9.759094,10.307975,3.4809027,17.10008,55.255135,62.768955,-6.8117447,-10.573884,-22.734346,7.445446,73.20248,50.877193,18.361404,-25.161972
101,5.081439971923828,-6.564170837402344,94.2071762084961,10.509258541877704,-2.884162021874945,173.00119959979793,-28.041193,2.3350945,17.69078,3.138876,66.601555,-105.258865,-65.713135,38.75597,-27.172564,-10.3473215,-8.762899,-27.339277,36.47635,98.88413,0.110818885,57.224434,20.943407,-9.234823,9.780867,3.1920292,16.676233,54.48955,62.962605,-6.5337925,-10.9302635,-22.809685,7.671441,74.11184,51.2317,18.634245,-25.396276
102,5.111095905303955,-6.859882831573486,94.03369903564453,10.583265806995334,-2.746865201379761,172.32213287686744,-27.39804,2.0373492,17.685926,3.1016028,65.922905,-103.9982,-67.09829,35.68186,-27.803955,-11.725076,-9.230481,-28.757223,39.31923,98.52701,0.33274695,60.0346,21.111681,-8.647489,9.21433,2.8494914,16.271883,53.691742,63.162846,-6.26221,-11.292832,-22.906977,7.9177947,75.02532,51.55987,18.912006,-25.613894
103,5.138325214385986,-7.1560821533203125,93.86431121826172,10.643905769502199,-2.605065403970856,171.67314650672301,-26.572748,1.8322473,17.618103,3.0696986,65.07425,-102.643814,-68.5771,32.63157,-28.382212,-13.079234,-9.663584,-30.13455,41.778736,98.067024,0.37316138,62.283344,21.254004,-8.105338,8.812223,2.4867961,15.870944,52.865055,63.34932,-6.0069504,-11.653058,-23.00414,8.153486,75.90622,51.86348,19.186104,-25.824276
104,5.163398742675781,-7.4534783363342285,93.70475769042969,10.700353468142362,-2.4842662413570755,171.07959476878497,-25.629108,1.7046441,17.534107,3.0659454,64.213745,-101.22085,-70.124695,29.59617,-28.930006,-14.441818,-10.030959,-31.43917,44.00648,97.52725,0.23203139,64.0983,21.125235,-7.7027044,8.784493,2.137424,15.458358,52.01185,63.502922,-5.7781897,-12.002929,-23.08173,8.345858,76.71764,52.13479,19.448765,-26.02933
105,5.17887020111084,-7.749534606933594,93.5532455444336,10.755817499484209,-2.376872750762022,170.52080239011838,-24.567036,1.6529655,17.434124,3.115488,63.393578,-99.78182,-71.721924,26.593643,-29.41038,-15.826901,-10.3272705,-32.62907,46.118965,96.91023,-0.09318935,65.493935,20.545683,-7.4795203,9.42233,1.7930381,15.027434,51.12724,63.624985,-5.565642,-12.347303,-23.141928,8.50631,77.48071,52.381966,19.697939,-26.231684
106,5.187295913696289,-8.041162490844727,93.41432189941406,10.805612372700825,-2.2744162995348356,169.99227092254762,-23.382395,1.6886464,17.30064,3.199363,62.549686,-98.33455,-73.354935,23.655764,-29.80379,-17.235775,-10.56475,-33.73738,48.02719,96.1996,-0.59779304,66.426544,19.678436,-7.373621,10.574935,1.4417866,14.588078,50.21189,63.72746,-5.3684216,-12.690093,-23.193346,8.639371,78.20122,52.5929,19.934364,-26.4219
107,5.186791896820068,-8.320693016052246,93.28946685791016,10.847466819660218,-2.2013744150318177,169.54438634444722,-22.146034,1.8023899,17.146004,3.2918358,61.684303,-96.90503,-75.000435,20.808714,-30.132935,-18.628963,-10.726912,-34.81673,49.597527,95.38829,-1.2705323,66.95611,18.775154,-7.325814,11.788606,1.1150959,14.146658,49.277637,63.797413,-5.2104034,-13.017547,-23.242226,8.735033,78.778915,52.79312,19.999998,-26.60109
108,5.180591106414795,-8.592960357666016,93.17674255371094,10.88534365625244,-2.181392585002081,169.22661645837147,-20.930717,1.979765,16.983755,3.3691607,60.804142,-95.51584,-76.628235,18.073795,-30.421053,-19.97038,-10.795037,-35.912178,50.707165,94.47152,-2.0953033,67.1567,18.076921,-7.269611,12.602964,0.84488887,13.706954,48.339382,63.817207,-5.1136146,-13.313701,-23.26618,8.760282,79.18728,52.97754,19.999998,-26.783161
109,5.1599555015563965,-8.857551574707031,93.08055877685547,10.923117755229864,-2.224733945960028,169.04432789180336,-19.756124,2.2162154,16.819208,3.4587388,59.948833,-94.20178,-78.21505,15.481699,-30.647198,-21.335155,-10.760723,-36.988365,51.31955,93.43155,-3.0573826,67.01647,17.618267,-7.2273884,12.886973,0.63489485,13.259215,47.37481,63.784504,-5.0707183,-13.572607,-23.243652,8.698333,79.42785,53.135834,19.999998,-26.974075
110,5.135483741760254,-9.105291366577148,92.9968032836914,10.961267139418103,-2.3171134119608285,168.97314809528348,-18.614872,2.51112,16.649118,3.5675352,59.137047,-92.99281,-79.74537,13.055302,-30.803905,-22.736267,-10.630293,-38.016937,51.54171,92.24584,-4.1565843,66.567566,17.257395,-7.226987,12.911729,0.47107616,12.803505,46.386185,63.70554,-5.0737734,-13.802674,-23.186245,8.576006,79.53664,53.276417,19.999998,-27.16691
111,5.106443881988525,-9.339371681213379,92.93009948730469,10.98671662382095,-2.446193115393855,169.01798402520865,-17.537277,2.8526187,16.47398,3.6408658,58.341053,-91.89744,-81.19967,10.793163,-30.929543,-24.040401,-10.410601,-39.043774,51.46585,90.90628,-5.3943744,65.958374,16.972942,-7.209547,12.811689,0.35290343,12.363919,45.418274,63.586025,-5.1450644,-14.01607,-23.104076,8.396112,79.51089,53.38009,19.999998,-27.353725
112,5.071165561676025,-9.56516170501709,92.87993621826172,10.99186453953816,-2.5994231849631215,169.183548969239,-16.545246,3.228001,16.290573,3.6237063,57.523556,-90.90196,-82.555664,8.677255,-31.06603,-25.119009,-10.113473,-40.11221,51.17368,89.41867,-6.7773952,65.331696,16.750675,-7.118565,12.711823,0.27816972,11.963895,44.514847,63.429825,-5.3066726,-14.224335,-23.009357,8.162943,79.35283,53.441757,19.999998,-27.534735
113,5.036257743835449,-9.779349327087402,92.84376525878906,10.974869395898166,-2.7810994085053413,169.47223833402924,-15.64148,3.6280282,16.098703,3.5398672,56.69449,-89.99946,-83.79118,6.691102,-31.228958,-25.965502,-9.745087,-41.228065,50.671013,87.79026,-8.317935,64.685875,16.611094,-6.927429,12.572101,0.2539733,11.591818,43.665085,63.22253,-5.627718,-14.420736,-22.899677,7.8819075,79.05786,53.466854,19.999998,-27.708633
114,5.001922130584717,-9.979757308959961,92.81983947753906,10.939225335007617,-2.995189076301826,169.88127275524542,-14.814,4.052767,15.8917,3.4181683,55.86956,-89.17618,-84.894485,4.830381,-31.410648,-26.666325,-9.315142,-42.34303,49.93691,86.02402,-10.006788,64.006516,16.54093,-6.687352,12.340948,0.27788723,11.241307,42.850937,62.9658,-6.0744576,-14.603926,-22.768969,7.5536118,78.626465,53.4619,19.999998,-27.877544
115,4.964250564575195,-10.163935661315918,92.8110580444336,10.881148322721234,-3.228299732740991,170.4083335277603,-14.05602,4.5027475,15.655143,3.2089796,55.0135,-88.402954,-85.86553,3.08892,-31.612652,-27.229525,-8.844542,-43.423985,49.015717,84.12978,-11.804023,63.40514,16.482012,-6.4568,12.118165,0.333674,10.942698,42.10647,62.68165,-6.5139227,-14.78958,-22.62456,7.1831293,78.06491,53.41854,19.999998,-28.03727
116,4.933460235595703,-10.336628913879395,92.82042694091797,10.793050750594203,-3.4668662986939944,171.05090575404716,-13.3568125,4.978069,15.376087,2.8597548,54.086754,-87.6405,-86.714035,1.4516193,-31.83602,-27.658098,-8.353886,-44.444607,47.971203,82.12209,-13.643998,62.973663,16.376848,-6.288938,12.000356,0.4022454,10.727584,41.463665,62.39514,-6.8135996,-14.9928875,-22.480698,6.7723336,77.38245,53.31588,19.999998,-28.173506
117,4.902431488037109,-10.497364044189453,92.84671783447266,10.676044318183953,-3.701253586389367,171.7948347017705,-12.694488,5.474827,15.049998,2.3505833,53.062607,-86.83,-87.45205,-0.108272955,-32.108852,-27.895601,-7.849655,-45.472073,46.86708,80.00825,-15.497077,62.693783,16.193281,-6.177267,12.024613,0.49084148,10.600087,40.958923,62.106647,-6.944463,-15.225239,-22.338747,6.3287845,76.595566,53.159374,19.999998,-28.29049
118,4.876768589019775,-10.655706405639648,92.88936614990234,10.530586809800552,-3.939574402048044,172.64618047575001,-12.064592,5.988312,14.68215,1.7089723,51.95468,-85.96441,-88.085365,-1.6173633,-32.44281,-27.958714,-7.333104,-46.500916,45.707115,77.79632,-17.341316,62.522926,15.960614,-6.1022906,12.119924,0.60215956,10.547184,40.5638,61.807655,-6.973895,-15.4764,-22.191147,5.840552,75.69592,52.944473,19.999998,-28.388992
119,4.855172157287598,-10.80047607421875,92.94696807861328,10.353115146670204,-4.1937292899820795,173.63403655537587,-11.481524,6.5156965,14.276432,0.95724666,50.787804,-85.079956,-88.61664,-3.0929036,-32.8073,-27.959927,-6.8154674,-47.39753,44.484386,75.50749,-19.096958,62.490906,15.713099,-6.0902514,12.216858,0.7140857,10.5730915,40.217445,61.50275,-6.912697,-15.723266,-22.022154,5.3067775,74.64458,52.678402,19.999998,-28.472414
120,4.839506149291992,-10.924124717712402,93.02571105957031,10.139842879172097,-4.475335253195399,174.78774308870456,-10.959499,7.050699,13.837562,0.116301455,49.588184,-84.215706,-89.046814,-4.5493636,-33.166718,-28.015818,-6.3066154,-48.02511,43.215725,73.1728,-20.654652,62.601303,15.486601,-6.160521,12.240047,0.8021212,10.683142,39.85668,61.203102,-6.773837,-15.946599,-21.813284,4.712437,73.3995,52.34435,19.999998,-28.533722
121,4.821498870849609,-11.037652015686035,93.12238311767578,9.888209151019122,-4.776534853719785,176.1013599318446,-10.482037,7.5959554,13.362758,-0.8486522,48.349556,-83.34178,-89.3822,-6.0229897,-33.517776,-28.171669,-5.8257113,-48.27401,41.954685,70.80733,-21.960539,62.778233,15.290493,-6.2751794,12.160053,0.8658754,10.891296,39.510834,60.92324,-6.5193105,-16.155348,-21.560045,4.057801,71.96792,51.94627,19.999998,-28.583607
122,4.808655261993408,-11.132284164428711,93.23485565185547,9.597865062879535,-5.091188478988512,177.56485391942547,-10.038408,8.143436,12.854801,-1.9395397,47.06191,-82.40905,-89.62667,-7.542889,-33.883442,-28.361984,-5.36845,-48.241158,40.728943,68.421906,-23.00982,62.9804,15.110109,-6.424278,12.005389,0.9133622,11.192382,39.1957,60.65868,-6.1573014,-16.356388,-21.26269,3.3579714,70.35885,51.489487,19.999998,-28.616247
123,4.791856288909912,-11.210275650024414,93.36658477783203,9.265376151920524,-5.43294943391062,179.2029215888901,-9.650564,8.671129,12.323994,-3.074985,45.745743,-81.42873,-89.77427,-9.104017,-34.274162,-28.541666,-4.908195,-48.097656,39.514454,66.05114,-23.769756,63.25019,14.944981,-6.666386,11.783858,0.93145865,11.561373,38.825222,60.389427,-5.771206,-16.527746,-20.887356,2.5952802,68.527756,50.958168,19.999998,-28.632004
124,4.773210525512695,-11.266371726989746,93.52191162109375,8.883580355607963,-5.815874363258201,-178.95665565502028,-9.338258,9.159108,11.774475,-4.1711164,44.417,-80.4187,-89.81291,-10.683428,-34.689247,-28.673344,-4.4175386,-48.016136,38.296665,63.746964,-24.206335,63.609016,14.790594,-7.052177,11.494166,0.9118126,11.972975,38.312912,60.08763,-5.4455037,-16.643934,-20.43838,1.7641609,66.36518,50.361607,19.772434,-28.610992
125,4.734292984008789,-11.317488670349121,93.7015151977539,8.443584406581177,-6.237534844732055,-176.8947491484117,-9.0999975,9.61919,11.177475,-5.198165,43.064667,-79.32949,-89.73833,-12.282858,-35.127277,-28.797398,-3.889623,-47.99261,37.08227,61.546074,-24.257257,64.01096,14.5794525,-7.6205306,11.010319,0.84893215,12.433843,37.649956,59.76241,-5.1830773,-16.696709,-19.848429,0.84417415,63.887505,49.660908,19.499763,-28.576244
126,4.688281536102295,-11.344810485839844,93.8976821899414,7.9440828190524195,-6.684107557114441,-174.62711230132763,-8.916329,10.051704,10.532998,-6.1974664,41.678463,-78.14295,-89.5487,-13.928559,-35.590668,-28.926905,-3.3454394,-47.952652,35.898193,59.47019,-23.939856,64.377235,14.334133,-8.311637,10.356199,0.74090254,12.953595,36.86902,59.42881,-4.9479003,-16.70385,-19.118324,-0.124214225,61.113983,48.876667,19.196415,-28.523563
127,4.625941753387451,-11.356291770935059,94.11089324951172,7.391888569224834,-7.15112538025948,-172.17822739411434,-8.773838,10.422541,9.880606,-7.1816754,40.2648,-76.93068,-89.23331,-15.619674,-36.09025,-28.990887,-2.8043065,-47.962814,34.733334,57.555138,-23.390348,64.69658,14.1665,-9.032722,9.754275,0.57265043,13.510037,35.94093,59.083973,-4.7649217,-16.687925,-18.225863,-1.1338328,58.04579,48.001625,18.864355,-28.44812
128,4.544936180114746,-11.360811233520508,94.33618927001953,6.793137402577956,-7.6348135918073945,-169.57069903627223,-8.651334,10.701093,9.251863,-8.159338,38.817726,-75.78032,-88.77845,-17.330162,-36.631035,-28.927643,-2.2888129,-48.087326,33.552246,55.843582,-22.799553,64.97286,14.161691,-9.695875,9.424879,0.33550066,14.078219,34.841324,58.7157,-4.6573143,-16.666868,-17.154387,-2.169529,54.687263,47.038094,18.509844,-28.346663
129,4.45237398147583,-11.347771644592285,94.57605743408203,6.13039879045913,-8.139139035988645,-166.7683417820162,-8.553845,10.901857,8.611086,-9.118384,37.332645,-74.65818,-88.1823,-19.054857,-37.241062,-28.738426,-1.7837387,-48.328682,32.3555,54.365868,-22.253124,65.21422,14.280735,-10.312488,9.4263115,0.057040308,14.672747,33.605556,58.296944,-4.5990105,-16.63043,-15.910614,-3.1171234,50.970955,46.09288,18.087502,-28.232819
130,4.336946964263916,-11.336540222167969,94.83113098144531,5.398580983106071,-8.652051698231102,-163.76805178019927,-8.465678,11.03718,7.9396915,-10.051607,35.784992,-73.527565,-87.44661,-20.799559,-37.917427,-28.462664,-1.2964419,-48.65693,31.12049,53.13653,-21.736792,65.39783,14.448681,-10.908506,9.63173,-0.27525192,15.299046,32.223907,57.84737,-4.5889673,-16.577888,-14.439525,-4.046234,46.881847,45.076427,17.64034,-28.105015
131,4.215195178985596,-11.317130088806152,95.08940887451172,4.624230772118503,-9.152254854469817,-160.63906666270333,-8.336938,11.074506,7.2924647,-10.970763,34.137802,-72.48825,-86.56328,-22.533083,-38.616596,-28.100868,-0.883614,-49.08558,29.771372,52.1663,-21.305262,65.49296,14.689001,-11.421823,9.980491,-0.6894206,15.898822,30.637875,57.361816,-4.6795287,-16.50962,-12.804297,-4.9130344,42.532703,44.053253,17.206768,-27.957638
132,4.08186149597168,-11.306730270385742,95.34786224365234,3.8373516042933153,-9.620280183215076,-157.4497911708396,-8.120965,10.982968,6.719349,-11.879609,32.354668,-71.671326,-85.521866,-24.184649,-39.292473,-27.662357,-0.6030906,-49.624332,28.218546,51.460472,-21.037518,65.486244,15.012507,-11.7935915,10.411249,-1.2041563,16.411425,28.795332,56.830196,-4.9217916,-16.425253,-11.090138,-5.682285,38.039165,43.08213,16.81046,-27.765345
133,3.9457573890686035,-11.294759750366211,95.5999755859375,3.0321044958121033,-10.064795347266866,-154.17128666225156,-7.8447948,10.7550745,6.208712,-12.7427025,30.439665,-71.12101,-84.312965,-25.693966,-39.98052,-27.121214,-0.47446254,-50.29461,26.425934,51.035336,-21.013416,65.45693,15.447162,-11.999022,10.947864,-1.7985046,16.842659,26.714783,56.245537,-5.357284,-16.327171,-9.2843275,-6.355132,33.30584,42.12996,16.419027,-27.469608
134,3.8170223236083984,-11.283430099487305,95.83937072753906,2.1956337659920417,-10.483618422681344,-150.7778718227945,-7.5190816,10.412484,5.728535,-13.555977,28.39812,-70.818535,-82.94152,-27.035166,-40.677395,-26.502522,-0.46983674,-51.081245,24.409452,50.886032,-21.247814,65.395454,15.939695,-12.068293,11.597371,-2.457322,17.214369,24.41927,55.615055,-5.9463296,-16.221476,-7.361151,-6.930684,28.278296,41.185455,16.024792,-27.055046
135,3.7033519744873047,-11.266097068786621,96.07526397705078,1.3496762809814304,-10.856070790514252,-147.34261472037937,-7.0848055,9.970848,5.303706,-14.370877,26.206287,-70.81191,-81.4269,-28.174454,-41.262337,-25.884567,-0.56288826,-51.94005,22.158585,50.961884,-21.701725,65.16933,16.39653,-12.032451,12.275463,-3.2020729,17.490377,21.867605,54.956047,-6.618165,-16.118393,-5.4149404,-7.3960376,23.16612,40.330315,15.69188,-26.52869
136,3.59946608543396,-11.260771751403809,96.30858612060547,0.5190598208896751,-11.163706987895706,-143.9390909254651,-6.497238,9.449875,4.9672985,-15.233621,23.85796,-71.16594,-79.797844,-29.060991,-41.60357,-25.333786,-0.71324295,-52.83226,19.672222,51.182613,-22.301561,64.658676,16.752424,-11.929183,12.90758,-4.0568933,17.634716,19.016926,54.294373,-7.3025665,-16.025167,-3.5487661,-7.745703,18.210981,39.63784,15.477807,-25.88231
137,3.518063545227051,-11.246804237365723,96.52169799804688,-0.30063778959745086,-11.418972653881188,-140.55195269992765,-5.7637973,8.865052,4.7422442,-16.146078,21.352488,-71.982216,-78.07137,-29.600412,-41.73411,-24.881765,-0.889374,-53.773518,16.863861,51.509155,-22.999876,63.925835,17.068977,-11.772511,13.507342,-5.02612,17.622343,15.778696,53.63164,-8.01991,-15.94595,-1.7765067,-7.9675355,13.468391,39.104362,15.392083,-25.056126
138,3.454975128173828,-11.229875564575195,96.72001647949219,-1.1123816414185643,-11.626682442917351,-137.1513500259983,-4.9254384,8.223643,4.6090717,-17.069304,18.721535,-73.267105,-76.25607,-29.7409,-41.659706,-24.493227,-1.0727539,-54.782597,13.750892,51.916595,-23.82627,63.024986,17.389854,-11.545053,14.105255,-6.0575137,17.46888,12.229897,52.959454,-8.791063,-15.883364,-0.07471776,-8.063329,8.885674,38.678722,15.402723,-24.00991
139,3.41693377494812,-11.194428443908691,96.90055847167969,-1.8906283871854086,-11.76863165273025,-133.78850598608727,-3.9976025,7.5376673,4.548542,-17.995163,16.018883,-74.91919,-74.366806,-29.528955,-41.21749,-24.113327,-1.2411581,-55.827038,10.501753,52.32968,-24.793064,61.839874,17.635296,-11.244056,14.673181,-7.094523,17.20711,8.584084,52.28165,-9.556595,-15.853806,1.4980434,-8.061607,4.571287,38.368057,15.501246,-22.787714
140,3.40030574798584,-11.145879745483398,97.06495666503906,-2.609577287928806,-11.832668752788216,-130.51606622625778,-3.0051856,6.8201294,4.5535398,-18.9326,13.3081255,-76.8202,-72.42022,-29.056156,-40.25492,-23.660288,-1.3843883,-56.874523,7.2869363,52.651836,-25.878054,60.28694,17.749561,-10.874793,15.209725,-8.0945215,16.892868,5.0828605,51.598286,-10.276591,-15.914357,2.891214,-8.004518,0.6159399,38.17752,15.673009,-21.469803
141,3.3944976329803467,-11.0857572555542,97.21388244628906,-3.2732802574203106,-11.831923844166575,-127.31329995203697,-1.9467314,6.099176,4.6626635,-19.946365,10.5806465,-79.060165,-70.42451,-28.322578,-38.827576,-23.162802,-1.5115029,-58.052727,4.024925,52.83596,-27.085258,58.369938,17.759623,-10.436178,15.792542,-9.0867605,16.528336,1.6385344,50.917328,-10.989055,-16.113932,4.0981865,-7.8996305,-2.9927309,38.114536,15.915286,-20.114204
142,3.405174970626831,-11.015892028808594,97.35260772705078,-3.8868266612827433,-11.778099483497282,-124.16129009245738,-0.81072414,5.3918066,4.867307,-21.01356,7.827739,-81.63411,-68.37574,-27.306383,-36.952023,-22.633226,-1.6053663,-59.330013,0.64440984,52.868286,-28.404385,56.186256,17.711584,-9.934887,16.428509,-10.075474,16.11939,-1.7550288,50.237556,-11.702221,-16.456749,5.1257477,-7.74269,-6.251558,38.161102,16.237677,-18.756443
143,3.4391908645629883,-10.932846069335938,97.4734115600586,-4.415952488364837,-11.657407861992354,-121.12083847751421,0.38324854,4.6851473,5.106045,-22.026781,5.11712,-84.27383,-66.26881,-26.109772,-34.43886,-21.947073,-1.6479858,-60.42726,-2.6482403,52.71039,-29.743942,53.808002,17.601143,-9.39332,17.034931,-11.033238,15.71984,-4.789186,49.554756,-12.320418,-16.900835,5.9434047,-7.5743694,-9.06039,38.308132,16.635448,-17.479912
144,3.482180118560791,-10.84102725982666,97.59127044677734,-4.825944882675471,-11.461498703566487,-118.25439390562296,1.6049917,3.9558182,5.3298883,-22.888535,2.5166235,-86.709236,-64.10002,-24.873419,-31.105715,-20.96333,-1.6523298,-61.047012,-5.6391554,52.321613,-30.97143,51.3318,17.460197,-8.843947,17.543032,-11.946286,15.368272,-7.200451,48.858078,-12.755302,-17.387352,6.5315676,-7.4430265,-11.336432,38.547585,17.09579,-16.353329
145,3.5269384384155273,-10.733688354492188,97.7127914428711,-5.090854913105406,-11.186203853640256,-115.56904665202062,2.9028943,3.1925008,5.575035,-23.629122,-0.00090880867,-89.08796,-61.85641,-23.72315,-26.932907,-19.7517,-1.5166786,-61.301,-8.377864,51.67523,-32.076775,48.70687,17.376316,-8.287271,17.983343,-12.864927,15.023017,-8.995304,48.145428,-12.960572,-17.863379,6.8463054,-7.3975263,-13.012014,38.91234,17.700377,-15.39962
146,3.573646068572998,-10.62287425994873,97.83351135253906,-5.226608747804329,-10.853276965290446,-113.0319009073912,4.279616,2.4160762,5.8564653,-24.285154,-2.4622242,-91.447044,-59.530922,-22.62953,-21.978514,-18.366373,-1.320407,-61.24284,-10.954487,50.776123,-33.079052,45.977676,17.357481,-7.7268987,18.405218,-13.796436,14.631849,-10.384836,47.417404,-12.992864,-18.296234,6.9171185,-7.439704,-14.193354,39.40244,18.420303,-14.568282
147,3.623795986175537,-10.504209518432617,97.9528579711914,-5.277030367461462,-10.495317773535392,-110.64581304242404,5.6277714,1.6406146,6.107926,-24.78815,-4.80219,-93.460205,-57.143753,-21.437225,-16.146412,-16.66951,-1.3293787,-60.458046,-13.210946,49.651207,-33.87246,43.370495,17.335339,-7.206412,18.765087,-14.657676,14.210109,-11.446074,46.654434,-12.9190855,-18.65491,6.8405094,-7.542803,-15.058237,39.957417,19.073154,-13.768961
148,3.6772124767303467,-10.372856140136719,98.07955932617188,-5.289573222322864,-10.13997776925457,-108.4155972204511,6.805907,0.8628655,6.2728114,-25.083784,-6.929614,-95.0791,-54.75546,-19.884209,-9.129967,-14.540017,-1.7682972,-58.46187,-14.94759,48.34838,-34.2952,41.076843,17.261986,-6.7671275,19.007765,-15.376783,13.783387,-12.2562685,45.847034,-12.793035,-18.922924,6.713546,-7.6678653,-15.763804,40.510704,19.478275,-12.971611
149,3.7329297065734863,-10.246842384338379,98.21405029296875,-5.233429347657827,-9.802224942980473,-106.40462005894153,7.8693566,0.094461374,6.433794,-25.25916,-8.846777,-96.60126,-52.424828,-18.247858,-0.27985176,-12.065703,-2.3222196,-55.19177,-16.095617,46.870052,-34.22043,38.947155,17.154604,-6.437277,19.063614,-15.907935,13.333801,-12.73134,44.991802,-12.593334,-19.072641,6.4954133,-7.847495,-16.203896,41.108524,19.569399,-12.189314
150,3.7564032077789307,-10.140920639038086,98.3599624633789,-5.098516575926201,-9.470573087,-104.58633025757689,8.841945,-0.66794753,6.659075,-25.397987,-10.577624,-98.38875,-50.224094,-16.498072,10.395957,-9.508652,-2.8024883,-50.845104,-16.750723,45.235107,-33.66681,36.858128,17.084745,-6.193524,18.979082,-16.297815,12.81993,-12.96903,44.08954,-12.298295,-19.079191,6.151782,-8.088316,-16.335022,41.76281,19.445421,-11.42862
151,3.7535693645477295,-10.045938491821289,98.5177993774414,-4.969347669922062,-9.128028896971768,-102.8331654126679,9.700783,-1.399093,6.9574857,-25.555382,-12.207253,-99.82453,-48.201054,-13.971717,21.317465,-6.859838,-3.205197,-45.47225,-17.061531,43.51958,-32.80234,34.884373,17.05614,-5.9892163,18.838945,-16.618185,12.257558,-13.271466,43.139824,-11.950569,-18.941734,5.795322,-8.306174,-16.407099,42.352283,19.17706,-10.671512
152,3.7387020587921143,-9.991523742675781,98.68914794921875,-4.925039593082262,-8.752597312094668,-101.01989513975545,10.421895,-2.114724,7.3061285,-25.747883,-13.835117,-100.31595,-46.38105,-9.837183,30.882658,-3.8506584,-3.408022,-38.974087,-17.155134,41.828312,-31.85026,33.088,17.033705,-5.7495313,18.717033,-16.936777,11.682285,-13.891611,42.14191,-11.599303,-18.664963,5.545678,-8.416388,-16.676441,42.758682,18.839062,-9.898718
153,3.7126283645629883,-9.969425201416016,98.88419342041016,-4.9934498937909915,-8.32159742770118,-99.11180781033174,10.838588,-2.8926272,7.6806173,-25.952492,-15.401929,-99.86523,-44.900303,-3.3738182,39.840015,0.4695545,-3.1595607,-30.10728,-16.847754,40.25068,-30.726292,31.34473,16.936377,-5.399043,18.649796,-17.255577,11.130871,-14.820289,41.061382,-11.244884,-18.24651,5.440307,-8.375237,-17.218103,42.926666,18.403097,-9.092328
154,3.6820552349090576,-9.970779418945312,99.09355926513672,-5.124749550313743,-7.846071615141456,-97.17688557715879,10.941402,-3.7050679,8.211831,-26.328903,-16.81675,-99.42541,-43.987865,5.299198,49.02355,5.7432766,-1.6389518,-19.62117,-15.978407,38.823826,-29.22928,29.35285,16.777359,-4.956711,18.5824,-17.543484,10.603995,-15.906596,39.907967,-10.882752,-17.699787,5.4170957,-8.225668,-17.891003,42.926426,17.851648,-8.272553
155,3.642024040222168,-9.99663257598877,99.29960632324219,-5.285075278162279,-7.352883571340926,-95.24538619862926,11.066747,-4.4958177,8.955867,-26.95321,-18.277084,-99.26497,-43.64687,15.740759,56.830963,10.515384,0.9478298,-10.051534,-14.868737,37.54755,-27.704435,27.132761,16.602083,-4.459869,18.423653,-17.814686,10.093491,-17.144833,38.749256,-10.548779,-17.069654,5.4499288,-8.015635,-18.633474,42.82947,17.27758,-7.47061
156,3.606295585632324,-10.060809135437012,99.50080871582031,-5.436110595661207,-6.871415880066124,-93.34676774094439,11.633453,-5.2581697,9.791413,-27.658203,-20.074167,-98.59116,-43.568954,27.083035,61.207466,13.326732,3.2740028,-3.1360738,-14.077979,36.378986,-26.843983,25.11285,16.36293,-3.9421213,18.139027,-18.082722,9.5854435,-18.52354,37.654964,-10.27714,-16.40929,5.5112543,-7.7971225,-19.386055,42.70793,16.773338,-6.7134523
157,3.579929828643799,-10.142399787902832,99.69237518310547,-5.592975376240552,-6.407839089493646,-91.46178369917158,12.670998,-6.0814266,10.529706,-28.192938,-22.279724,-95.84421,-43.48342,39.387085,60.709053,12.882279,4.304852,1.3778441,-13.805544,35.311604,-26.99046,23.714737,15.80916,-3.425473,17.77901,-18.34287,9.091146,-20.057398,36.62665,-10.076858,-15.757251,5.62917,-7.557651,-20.187681,42.535667,16.366177,-5.996005
158,3.5686891078948975,-10.217403411865234,99.89439392089844,-5.766399309329153,-5.94537386972536,-89.58281123689933,13.799826,-6.836025,11.097195,-28.497646,-24.535698,-91.4801,-43.398888,52.979523,57.53883,9.89521,4.057983,4.6144295,-13.648655,34.335102,-27.742556,22.936033,14.864806,-2.9827592,17.451492,-18.755625,8.60972,-21.838667,35.8325,-9.978298,-15.206546,5.868773,-7.2581606,-21.106234,42.177822,16.000814,-5.246207
159,3.5703792572021484,-10.303179740905762,100.08231353759766,-5.919921242585015,-5.483233698834846,-87.75554917586156,14.865331,-7.302626,11.486515,-28.60144,-26.562418,-86.912346,-43.289314,66.62577,54.217503,6.051407,2.8798466,6.6223507,-13.414102,33.377586,-28.7435,22.746239,13.838467,-2.6716042,17.176397,-19.138075,8.120635,-23.60123,35.065166,-9.8939705,-14.67411,6.1027417,-6.9578156,-21.995983,41.806324,15.667386,-4.5248294
160,3.571477174758911,-10.389098167419434,100.25801849365234,-6.017503873569488,-5.0234777846199155,-86.02540129512406,15.908156,-7.477697,11.782525,-28.61766,-28.330164,-83.22835,-43.036446,78.39931,52.0773,3.017113,1.4104655,7.361574,-13.0967045,32.37293,-29.789024,23.044807,13.228253,-2.4092095,16.934935,-19.47578,7.6278296,-25.24461,34.302574,-9.820068,-14.142897,6.2409263,-6.711522,-22.742659,41.537037,15.349972,-3.8648562
161,3.5691444873809814,-10.471784591674805,100.41484832763672,-6.052315212608006,-4.579395080231013,-84.41778285047415,17.052242,-7.504852,12.027509,-28.593143,-29.95699,-80.397675,-42.52162,87.97061,50.312565,0.13291596,-0.43949613,5.8453565,-12.859582,31.30091,-30.967106,23.922546,13.3192835,-2.0485394,16.674467,-19.768583,7.1322184,-26.747263,33.56786,-9.757459,-13.623121,6.268145,-6.539877,-23.325712,41.39907,15.058003,-3.2714734
162,3.5563416481018066,-10.547779083251953,100.54888916015625,-6.044250389966103,-4.1487944712134235,-82.90225754035538,18.315674,-7.421164,12.209044,-28.499071,-31.518148,-77.58533,-41.694168,96.11216,48.069065,-3.5934775,-2.592592,2.3941627,-12.656932,30.171124,-32.310818,25.328997,13.922036,-1.6287168,16.37529,-20.04629,6.6315327,-28.17988,32.883785,-9.713995,-13.124321,6.224915,-6.417345,-23.80059,41.3405,14.797527,-2.731532
163,3.537046432495117,-10.639678955078125,100.66854095458984,-6.0002191340811075,-3.711975755579398,-81.43947970310352,19.60097,-7.199071,12.406593,-28.431862,-32.97673,-74.672714,-40.542458,102.24689,45.762646,-6.8960834,-4.1912084,-1.0746511,-12.425793,29.005173,-33.63407,27.036253,14.827648,-1.239737,16.069582,-20.314543,6.1237206,-29.561327,32.225555,-9.682401,-12.64383,6.11477,-6.329148,-24.17584,41.342342,14.545645,-2.244283
164,3.513408899307251,-10.730474472045898,100.77352905273438,-5.929257238316222,-3.248625673188631,-79.99062675343694,20.712292,-6.900154,12.670775,-28.473316,-34.224598,-71.551575,-39.16149,105.37371,43.788445,-8.387678,-4.763755,-2.4970589,-12.038764,27.861948,-34.652084,28.808285,15.889179,-0.9396832,15.79787,-20.617428,5.597302,-30.934328,31.59042,-9.659985,-12.1677265,5.9435797,-6.259149,-24.46119,41.38034,14.279491,-1.8063136
165,3.4780924320220947,-10.829144477844238,100.8671875,-5.820865400706671,-2.7445287183621145,-78.54044931787946,21.59828,-6.610853,13.04787,-28.721699,-35.26104,-68.393555,-37.664005,104.45496,41.68966,-7.3512406,-3.9484916,-0.7412451,-11.378453,26.806711,-35.252422,30.513462,17.340134,-0.6240335,15.572134,-20.957315,5.0464993,-32.306053,30.956045,-9.651159,-11.683247,5.691173,-6.2088532,-24.644348,41.45851,13.960355,-1.415142
166,3.4428365230560303,-10.93307876586914,100.94475555419922,-5.675501485808328,-2.215400449470294,-77.10983226089867,22.42885,-6.374864,13.551312,-29.16549,-36.22437,-65.29071,-36.081512,100.052216,39.06297,-4.893798,-2.0317993,2.885909,-10.812412,25.886135,-35.762028,32.37326,19.052916,-0.21777558,15.356918,-21.326487,4.467241,-33.660793,30.349829,-9.651069,-11.204702,5.3634295,-6.1849647,-24.72661,41.582638,13.612986,-1.0703205
167,3.4094557762145996,-11.032912254333496,100.99954223632812,-5.506435067869933,-1.685415262916402,-75.71490989174384,23.347813,-6.177561,14.1622505,-29.692995,-37.218933,-62.119194,-34.433937,93.885544,36.5004,-1.9233267,0.28938472,6.695304,-10.159105,25.12372,-36.2176,34.127457,20.823647,0.1378713,15.193658,-21.719854,3.8666565,-34.989346,29.80817,-9.656027,-10.758037,5.0009794,-6.179325,-24.734186,41.736904,13.310756,-0.7746477
168,3.3818252086639404,-11.125779151916504,101.0279769897461,-5.328177842659177,-1.1780830909719735,-74.3720908037351,24.301971,-5.938915,14.812287,-30.000067,-38.149494,-58.989525,-32.729897,88.08332,34.516384,1.065929,2.216855,9.040808,-9.585618,24.52791,-36.700718,35.863422,22.115536,0.26694447,15.090112,-22.125116,3.2531695,-36.277752,29.362753,-9.659848,-10.3705225,4.647446,-6.1826153,-24.696611,41.90041,13.126179,-0.5283316
169,3.3631720542907715,-11.212671279907227,101.03907775878906,-5.140663168376089,-0.6964122125197333,-73.0747199722276,25.19063,-5.583358,15.504433,-30.000067,-38.862026,-55.985973,-30.96215,82.97079,33.27233,4.8071976,3.552197,9.224429,-9.006869,24.105467,-37.10676,37.559494,22.807756,0.010730152,15.090571,-22.515491,2.634911,-37.507603,28.974854,-9.654351,-10.028625,4.3118615,-6.19456,-24.615015,42.073708,13.096848,-0.33666676
170,3.355571746826172,-11.290300369262695,101.0309829711914,-4.938994371947037,-0.2291087396739015,-71.81697880525265,26.002264,-5.1196413,16.279848,-30.000067,-39.373425,-53.224586,-29.0921,77.8319,32.48129,9.601482,4.6292377,8.104094,-8.294646,23.85415,-37.341015,39.10798,23.204515,-0.52698463,15.17859,-22.911566,1.9954932,-38.693127,28.655518,-9.641102,-9.7275715,3.9755101,-6.217569,-24.479834,42.25832,13.178576,-0.19386944
171,3.351738691329956,-11.33639907836914,100.99938201904297,-4.730834261660793,0.22228245371224672,-70.61732083454523,26.731613,-4.6130095,17.061508,-30.000067,-39.772,-50.82618,-27.11581,73.213326,32.028946,14.383226,5.349422,6.5021305,-7.4946766,23.755268,-37.458393,40.508427,23.37869,-1.1404023,15.270387,-23.337534,1.333671,-39.844913,28.42899,-9.633275,-9.463686,3.6236103,-6.253363,-24.290936,42.46595,13.323502,-0.09858133
172,3.3532471656799316,-11.37210464477539,100.94438934326172,-4.523572178287501,0.6565717510312604,-69.49482533543325,27.355293,-4.1359324,17.75798,-30.000067,-40.1242,-48.97527,-25.055931,69.82381,31.817451,18.199316,5.7349515,5.1802316,-6.582278,23.775667,-37.464424,41.742485,23.439007,-1.6277947,15.291522,-23.792097,0.6548038,-40.959625,28.321478,-9.636875,-9.25726,3.2370076,-6.304563,-24.04469,42.715733,13.484238,-0.05356462
173,3.371800184249878,-11.394598007202148,100.8702621459961,-4.32034328306625,1.0713869993674747,-68.45750169687506,27.844063,-3.699396,18.344036,-30.000067,-40.377064,-47.75278,-22.959242,67.97568,31.939873,21.262815,5.7615004,4.1886754,-5.521345,23.892548,-37.296642,42.824364,23.364143,-1.9610081,15.20956,-24.266542,-0.042457215,-42.025913,28.329784,-9.647666,-9.107166,2.8007085,-6.371892,-23.711918,43.03315,13.663773,-0.07736742
174,3.3831305503845215,-11.38830852508545,100.76850891113281,-4.1189195435901,1.4690611140033818,-67.4940817068034,28.181679,-3.276018,18.85903,-30.000067,-40.480892,-47.019577,-20.864756,67.292015,32.413803,24.001455,5.425686,3.1814296,-4.2975583,24.095774,-36.89701,43.767345,23.150646,-2.2516353,15.057158,-24.783838,-0.76710355,-43.062798,28.46802,-9.674412,-9.012769,2.3281298,-6.4508724,-23.303577,43.399776,13.883261,-0.16290873
175,3.3957083225250244,-11.36345386505127,100.65023803710938,-3.918822612431143,1.855468574085354,-66.59500418818146,28.390942,-2.8898005,19.30759,-30.000067,-40.530304,-46.5493,-18.790123,67.35524,32.992428,25.693434,4.9132643,2.3050146,-2.930032,24.367002,-36.293873,44.56033,22.937014,-2.5004609,14.859546,-25.319843,-1.5079387,-44.057037,28.687773,-9.708164,-8.951403,1.8286761,-6.54224,-22.864128,43.796192,14.124591,-0.28741154
176,3.4227094650268555,-11.328951835632324,100.52050018310547,-3.719080124505464,2.2364355731866907,-65.75059910304797,28.484674,-2.5613852,19.687447,-30.000067,-40.60843,-46.086826,-16.745304,67.72975,33.428555,25.553125,4.422531,1.6972405,-1.4400989,24.680836,-35.526573,45.209953,22.847895,-2.712655,14.651628,-25.864353,-2.266553,-45.003735,28.971045,-9.738182,-8.913191,1.3119699,-6.648072,-22.438051,44.202236,14.3695,-0.4275172
177,3.444239854812622,-11.276004791259766,100.37926483154297,-3.521187634756404,2.615909114876899,-64.94521119996335,28.504549,-2.2881248,19.982693,-30.000067,-40.808296,-45.547836,-14.74147,68.434425,33.66423,22.640108,4.051905,1.3956285,0.14266421,25.016884,-34.630913,45.74652,22.964375,-2.8729613,14.445461,-26.428005,-3.0399344,-45.92796,29.305943,-9.778485,-8.885734,0.77195,-6.7662477,-22.023544,44.62921,14.607071,-0.5917056
178,3.472703218460083,-11.208913803100586,100.22833251953125,-3.3259266550826085,2.990699484019631,-64.1882050815253,28.453518,-2.0447414,20.20509,-30.000067,-41.078075,-44.966892,-12.834244,69.61362,33.818798,17.551125,3.708033,1.310994,1.8090976,25.3603,-33.60577,46.186127,23.19736,-2.9926484,14.228573,-27.002253,-3.8296561,-46.815502,29.698084,-9.822255,-8.876893,0.19844155,-6.897693,-21.594446,45.095394,14.850314,-0.7945804
179,3.509247303009033,-11.136185646057129,100.07817840576172,-3.1320389223890768,3.35581249718717,-63.50803805131971,28.353802,-1.8239033,20.401426,-30.000067,-41.352398,-44.435173,-11.11787,71.06583,33.90286,11.978513,3.3454604,1.3491348,3.5074878,25.692522,-32.497513,46.545895,23.42553,-3.1085377,13.993894,-27.556868,-4.6007705,-47.617737,30.098017,-9.860095,-8.874044,-0.3960379,-7.0492554,-21.165499,45.575726,15.113613,-1.0143815
180,3.545320749282837,-11.058279991149902,99.93490600585938,-2.93890278446147,3.706355342598524,-62.93312952266038,28.26373,-1.6278405,20.594933,-29.814348,-41.60916,-44.0322,-9.698453,72.51588,33.83059,7.5997,2.946082,1.4414191,5.146848,25.995613,-31.408978,46.890583,23.51801,-3.2489583,13.733133,-28.078438,-5.322269,-48.297638,30.472261,-9.887973,-8.867886,-0.9974938,-7.2280693,-20.752922,46.042618,15.410647,-1.2272627
181,3.5994040966033936,-10.967464447021484,99.80309295654297,-2.7436258486731844,4.050273888396822,-62.46283068177022,28.22232,-1.4596294,20.764795,-29.27503,-41.90175,-43.77694,-8.645988,73.93565,33.502644,4.6711206,2.4842823,1.6555516,6.6730046,26.262758,-30.408373,47.28625,23.421972,-3.4243019,13.44707,-28.569214,-6.00051,-48.84762,30.803574,-9.893788,-8.84213,-1.6171894,-7.4418545,-20.350945,46.49854,15.768684,-1.4346234
182,3.663409948348999,-10.866789817810059,99.6812973022461,-2.549430766038928,4.387984924454311,-62.08495919480158,28.223436,-1.3088595,20.915098,-28.696758,-42.24203,-43.616432,-7.9508433,75.41873,32.901623,2.3406706,1.982112,2.006043,8.092716,26.493574,-29.485447,47.729202,23.201927,-3.6200235,13.155239,-29.039688,-6.6383114,-49.29177,31.105732,-9.885073,-8.804201,-2.2601557,-7.6854525,-19.950937,46.957752,16.172028,-1.6485238
183,3.734337568283081,-10.75947380065918,99.5679931640625,-2.3645142344347976,4.703479904512072,-61.81044624987149,28.280529,-1.1665322,21.055614,-28.114382,-42.58775,-43.51386,-7.535516,76.83676,32.081524,0.6049024,1.5058185,2.378712,9.519962,26.677725,-28.565714,48.114403,22.998442,-3.8176093,12.865453,-29.479652,-7.219553,-49.624695,31.38887,-9.863875,-8.768327,-2.8966625,-7.947535,-19.57103,47.39947,16.5687,-1.8552397
184,3.8122456073760986,-10.645184516906738,99.4677734375,-2.197240202311851,4.980620660375838,-61.65072575620575,28.351845,-1.0357605,21.207184,-27.581913,-42.84409,-43.455776,-7.297226,78.09059,31.090555,-0.5393306,1.1353601,2.6748607,10.672715,26.814028,-27.821625,48.681297,22.640629,-4.0089912,12.57572,-29.870697,-7.7204456,-49.835423,31.640696,-9.829908,-8.73702,-3.4993656,-8.217935,-19.227865,47.80847,16.906935,-2.043484
185,3.9033591747283936,-10.525307655334473,99.38323974609375,-2.051101351683138,5.211258283753396,-61.628417442485315,28.473066,-0.9057017,21.362692,-27.07221,-43.01061,-43.463596,-7.1703424,79.12048,29.997417,-0.90793926,0.8753475,2.9155295,11.7321205,26.896276,-27.172312,49.293575,22.228691,-4.2075105,12.287975,-30.206053,-8.1286545,-49.902115,31.863333,-9.776597,-8.715686,-4.068715,-8.499036,-18.89783,48.18636,17.166945,-2.202654
186,3.993757724761963,-10.411048889160156,99.3120346069336,-1.922742047584607,5.406257967586109,-61.731432938080104,28.605612,-0.7913088,21.513643,-26.572762,-43.086754,-43.568962,-7.116738,80.00459,28.843618,-0.56573,0.68029326,3.1648445,12.63269,26.928604,-26.638151,50.02336,21.693716,-4.4193006,11.999976,-30.501293,-8.448889,-49.845036,32.06395,-9.711838,-8.709657,-4.616376,-8.795944,-18.582481,48.538097,17.376923,-2.33911
187,4.092225551605225,-10.295961380004883,99.25418853759766,-1.8104733028048694,5.578100824109124,-61.91936531892503,28.74112,-0.6989934,21.642952,-26.10359,-43.120342,-43.6917,-7.1106234,80.74017,27.686956,0.09265985,0.5435385,3.3730946,13.473295,26.9067,-26.139482,50.769268,21.195145,-4.6002245,11.744484,-30.763573,-8.70166,-49.701366,32.230824,-9.636066,-8.704481,-5.1269875,-9.102651,-18.341244,48.84771,17.557465,-2.4642022
188,4.1954874992370605,-10.183847427368164,99.2066421508789,-1.711662590943996,5.738845721574704,-62.15179346151961,28.85267,-0.6403479,21.739014,-25.691639,-43.141064,-43.759346,-7.1312327,81.3358,26.570549,0.668557,0.45690063,3.4923453,14.243766,26.825823,-25.650246,51.526134,20.817448,-4.7113385,11.5482235,-31.004946,-8.907897,-49.514343,32.36912,-9.55644,-8.699417,-5.5870833,-9.414433,-18.2315,49.103622,17.729307,-2.5916812
189,4.302206516265869,-10.077418327331543,99.1695556640625,-1.6279545721604156,5.889224817467094,-62.431813065245905,28.998932,-0.60965234,21.78434,-25.324923,-43.214172,-43.704124,-7.152756,81.64758,25.549055,1.0888587,0.42389604,3.5668314,14.83631,26.756039,-25.386587,52.34465,20.467676,-4.714686,11.4386835,-31.226206,-9.063587,-49.284042,32.47893,-9.474469,-8.697873,-5.9909167,-9.732041,-18.261992,49.297516,17.874098,-2.716927
190,4.411304950714111,-9.975824356079102,99.14415740966797,-1.560039228226973,6.023576122901505,-62.77648742703172,29.08167,-0.632713,21.815979,-25.038631,-43.195908,-43.68744,-7.1884193,81.93142,24.531176,1.6930442,0.45973036,3.4924054,15.405348,26.64433,-25.064672,53.129345,20.2538,-4.6581616,11.361869,-31.423185,-9.159812,-48.993683,32.560097,-9.388356,-8.701144,-6.345368,-10.059236,-18.405499,49.43912,17.98865,-2.8359387
191,4.522765159606934,-9.875328063964844,99.1275405883789,-1.5049099916071735,6.144765995298799,-63.16645363510603,29.041477,-0.69707155,21.840086,-24.817225,-43.070614,-43.706482,-7.26891,82.24701,23.491568,2.319872,0.5321131,3.3098292,15.940293,26.329466,-24.474548,53.998844,20.265955,-4.6099405,11.310483,-31.601307,-9.212172,-48.660473,32.619133,-9.29864,-8.704917,-6.6478214,-10.394832,-18.672209,49.531185,18.115253,-2.956306
192,4.641376972198486,-9.787137985229492,99.11917114257812,-1.4589951288342962,6.25570845687974,-63.58212401655607,28.99106,-0.7751862,21.821058,-24.600239,-42.962887,-43.629063,-7.3406124,82.384964,22.58479,2.6856058,0.5759928,3.150687,16.314558,25.977388,-24.012928,54.94736,20.106844,-4.5247602,11.302957,-31.758728,-9.2344055,-48.298306,32.66529,-9.2027645,-8.713744,-6.900235,-10.738601,-19.067986,49.58399,18.29731,-3.0898125
193,4.754663944244385,-9.708845138549805,99.1176986694336,-1.4207091558150673,6.363878675907603,-64.01536159925283,28.889069,-0.8915893,21.763838,-24.404682,-42.84228,-43.48251,-7.409977,82.41424,21.778067,2.8023014,0.5913501,2.9730327,16.575724,25.593103,-23.575195,55.922558,19.80705,-4.393567,11.321317,-31.905947,-9.227866,-47.921173,32.693687,-9.107857,-8.722741,-7.0985613,-11.0945215,-19.625929,49.592896,18.55467,-3.2366998
194,4.8809919357299805,-9.632574081420898,99.12271118164062,-1.3921800782960738,6.465374861203684,-64.47763222477273,28.737347,-1.0491695,21.67353,-24.240396,-42.69867,-43.283257,-7.479842,82.33695,21.051662,2.75566,0.5989134,2.7584264,16.7466,25.175589,-23.13975,56.90844,19.43647,-4.213545,11.367099,-32.040527,-9.1983385,-47.5145,32.71331,-9.004273,-8.733631,-7.2409015,-11.461071,-20.334208,49.55664,18.86242,-3.3916187
195,5.01080322265625,-9.560993194580078,99.13081359863281,-1.3760004707985798,6.546305408228577,-64.97924374116113,28.543997,-1.2300469,21.564787,-24.102169,-42.52718,-43.055653,-7.5501523,82.19604,20.41186,2.5737054,0.59111035,2.5040796,16.835014,24.729454,-22.730362,57.901028,18.968075,-4.009033,11.431273,-32.156616,-9.137226,-47.0708,32.73894,-8.897222,-8.75731,-7.322927,-11.829449,-21.149075,49.477413,19.191002,-3.5477562
196,5.145925521850586,-9.49216079711914,99.1434326171875,-1.3740267947316938,6.592591488109753,-65.53057702483262,28.319168,-1.4158349,21.451693,-23.982296,-42.325367,-42.82258,-7.6203146,82.034615,19.867085,2.2842019,0.56108195,2.205241,16.85508,24.262785,-22.374874,58.889217,18.372179,-3.80307,11.506318,-32.240566,-9.036295,-46.575333,32.77198,-8.785607,-8.796023,-7.3458576,-12.190488,-22.017984,49.36398,19.513477,-3.7034492
197,5.281877040863037,-9.433226585388184,99.15998840332031,-1.3890403290697588,6.596980064855824,-66.12811252387856,28.052643,-1.6043591,21.338326,-23.88161,-42.096767,-42.57882,-7.6891074,81.8513,19.423208,1.8460228,0.49396044,1.8605716,16.79651,23.781506,-22.08318,59.88357,17.558058,-3.5957086,11.604499,-32.28745,-8.892643,-46.03306,32.823864,-8.672504,-8.858889,-7.2930374,-12.536353,-22.95811,49.21009,19.869492,-3.8672423
198,5.4171319007873535,-9.375014305114746,99.1780014038086,-1.4206865673055167,6.568362536745126,-66.76974740390457,27.745796,-1.8049327,21.21651,-23.802109,-41.84443,-42.31632,-7.756288,81.62751,19.076832,1.2610544,0.39967018,1.4698496,16.663044,23.28833,-21.84255,60.876907,16.565086,-3.3757803,11.726584,-32.311195,-8.711751,-45.45154,32.893326,-8.55965,-8.939455,-7.1710854,-12.896305,-24.061333,49.033463,19.999998,-4.01645
199,5.553791522979736,-9.3134765625,99.1965560913086,-1.457900612929625,6.5150623541772745,-67.46327296336761,27.421265,-2.0197883,21.08448,-23.739107,-41.56077,-42.05274,-7.8225827,81.37919,18.81828,0.62252253,0.30676556,1.0294508,16.475086,22.78826,-21.658644,61.843548,15.540586,-3.1492682,11.846068,-32.316727,-8.502153,-44.81843,32.97253,-8.444515,-9.032608,-7.0150213,-13.251841,-25.19679,48.834877,19.999998,-4.153678
200,5.707577228546143,-9.254279136657715,99.21759033203125,-1.4892672354458705,6.4453626277203275,-68.21655724060577,27.101452,-2.2513545,20.941032,-23.688643,-41.23823,-41.80947,-7.8887014,81.12685,18.638567,0.027784334,0.2441676,0.53479636,16.24992,22.287329,-21.542461,62.759087,14.62673,-2.9200804,11.935376,-32.297535,-8.272558,-44.11328,33.048443,-8.3168545,-9.13563,-6.8649306,-13.583271,-26.218914,48.61567,19.999998,-4.288899
201,5.8563151359558105,-9.198840141296387,99.23851776123047,-1.514799669408184,6.358552939742855,-69.04151776837125,26.793266,-2.503142,20.7838,-23.654646,-40.88139,-41.58274,-7.9548607,80.87126,18.540813,-0.53690714,0.21926749,-0.027148567,15.986755,21.786818,-21.498781,63.629642,13.790697,-2.6976254,11.978934,-32.263012,-8.012573,-43.335346,33.13026,-8.188052,-9.256173,-6.733055,-13.888856,-27.097683,48.37939,19.999998,-4.4233227
202,6.012977123260498,-9.148204803466797,99.25788116455078,-1.5377928204089308,6.250875698886109,-69.93030401687146,26.484623,-2.773317,20.614672,-23.637703,-40.492393,-41.36513,-8.020886,80.603134,18.527563,-1.1086837,0.21810754,-0.6507197,15.6784725,21.286737,-21.52469,64.461365,12.973862,-2.4747574,11.992848,-32.208286,-7.7292023,-42.48891,33.22757,-8.052544,-9.397557,-6.596516,-14.171014,-27.892384,48.115177,19.999998,-4.5572233
203,6.166284084320068,-9.100619316101074,99.2752456665039,-1.553979666617062,6.126854312606711,-70.8616992351887,26.170887,-3.055739,20.43753,-23.62803,-40.062557,-41.170403,-8.088179,80.32651,18.590002,-1.6270406,0.2347029,-1.311897,15.341016,20.790215,-21.612766,65.220215,12.287172,-2.22989,11.995225,-32.135174,-7.428155,-41.59467,33.329384,-7.9191017,-9.551847,-6.447917,-14.4319105,-28.626894,47.81508,19.999998,-4.691069
204,6.325498104095459,-9.051106452941895,99.29061889648438,-1.5591591956002708,5.991112955514302,-71.81459042196286,25.847082,-3.344694,20.256725,-23.61289,-39.581955,-41.01164,-8.158628,80.04542,18.71575,-2.0308776,0.2613189,-1.9882972,14.989599,20.301893,-21.75556,65.8714,11.839685,-1.9417309,12.002063,-32.041557,-7.1247573,-40.666035,33.425636,-7.785106,-9.708461,-6.2801123,-14.67354,-29.324688,47.472836,19.999998,-4.8255725
205,6.472457408905029,-9.007501602172852,99.3058090209961,-1.5534087672074413,5.842543426169567,-72.79122046403997,25.515713,-3.6434045,20.074356,-23.5942,-39.06297,-40.89682,-8.233049,79.76506,18.909008,-2.2748911,0.30565622,-2.71798,14.625782,19.820599,-21.962639,66.40596,11.694313,-1.5925092,12.004695,-31.924896,-6.806048,-39.70446,33.511852,-7.660644,-9.87099,-6.095026,-14.89867,-29.993906,47.091537,19.999998,-4.9636345
206,6.628444194793701,-8.960067749023438,99.31880187988281,-1.5379224172837507,5.679704998980487,-73.80045881290084,25.177773,-3.9531195,19.887712,-23.576023,-38.50572,-40.81811,-8.31156,79.48234,19.17228,-2.3998268,0.3657036,-3.4987981,14.242045,19.344597,-22.234238,66.8425,11.779132,-1.1979557,11.995252,-31.787289,-6.48261,-38.69763,33.598972,-7.533795,-10.038837,-5.894653,-15.104601,-30.623032,46.670166,19.999998,-5.1040792
207,6.777095794677734,-8.915919303894043,99.3275146484375,-1.5097877195887848,5.5072408603387215,-74.83081719254369,24.82651,-4.2665005,19.693964,-23.554016,-37.88197,-40.76334,-8.395869,79.188324,19.48946,-2.4775622,0.4177977,-4.2479444,13.843507,18.879627,-22.546654,67.18424,12.002486,-0.7870624,11.990139,-31.631937,-6.154493,-37.66268,33.685253,-7.41401,-10.2149935,-5.6768365,-15.287714,-31.202154,46.20369,19.999998,-5.2453036
208,6.917974472045898,-8.870637893676758,99.33734130859375,-1.468886971280875,5.330654877196424,-75.87256030433065,24.456642,-4.5773683,19.490488,-23.523361,-37.164692,-40.72251,-8.488024,78.873924,19.843206,-2.579437,0.44138235,-4.882989,13.436576,18.436106,-22.874487,67.42899,12.274088,-0.38723284,12.005136,-31.454157,-5.820326,-36.60734,33.74568,-7.302282,-10.38523,-5.448118,-15.471706,-31.790499,45.719357,19.721437,-5.370045
209,7.0660247802734375,-8.82822322845459,99.34454345703125,-1.4121210009477965,5.147352574880804,-76.92936119235777,24.065884,-4.8892198,19.276806,-23.479351,-36.3349,-40.703976,-8.590275,78.527145,20.233337,-2.6645591,0.42812276,-5.3637605,13.030926,18.017076,-23.225224,67.55138,12.618571,0.022293944,12.029934,-31.25153,-5.493205,-35.524113,33.79766,-7.191126,-10.560101,-5.204627,-15.625942,-32.30146,45.187355,19.431637,-5.4975705
210,7.203263282775879,-8.792718887329102,99.3513412475586,-1.3405679614375425,4.956504777567279,-78.00487860699343,23.65815,-5.204134,19.053492,-23.422888,-35.411903,-40.70739,-8.703831,78.1541,20.664396,-2.718321,0.38879958,-5.739778,12.622173,17.62225,-23.610312,67.55634,13.0651865,0.44790864,12.057308,-31.020119,-5.158346,-34.412014,33.831287,-7.0900984,-10.738509,-4.9483914,-15.754271,-32.742622,44.611042,19.134937,-5.628169
211,7.33860445022583,-8.749985694885254,99.35637664794922,-1.2535157015690586,4.76456305622288,-79.08545440695075,23.229227,-5.52975,18.824257,-23.369215,-34.41896,-40.722836,-8.811986,77.78887,21.132767,-2.8405385,0.328335,-6.080073,12.24652,17.305763,-23.978477,67.39946,13.53719,0.85797477,12.086049,-30.77248,-4.8315105,-33.2822,33.847412,-6.993357,-10.907832,-4.6752157,-15.864122,-33.13866,43.98847,18.841974,-5.752697
212,7.469925880432129,-8.698163032531738,99.35791015625,-1.151194301455523,4.577831564963016,-80.15761074695425,22.795313,-5.8405514,18.581032,-23.314548,-33.397938,-40.708145,-8.929873,77.421455,21.622654,-3.1556268,0.26317206,-6.419126,11.837431,17.021297,-24.341473,67.21334,13.9498625,1.1869452,12.165973,-30.521736,-4.521546,-32.15027,33.853874,-6.9006786,-11.065956,-4.379364,-15.961793,-33.51545,43.315426,18.56332,-5.8608294
213,7.5928850173950195,-8.657759666442871,99.35928344726562,-1.0329738507525832,4.395908389188087,-81.2268890176348,22.3264,-6.1632175,18.332943,-23.27213,-32.320423,-40.699333,-9.018721,77.11868,22.1591,-3.7053282,0.186272,-6.803605,11.484705,16.847183,-24.605898,66.83141,14.303141,1.4582342,12.246905,-30.251976,-4.2180004,-31.006855,33.84257,-6.8139873,-11.223104,-4.0541587,-16.05005,-33.890953,42.588924,18.283138,-5.949257
214,7.713288307189941,-8.609513282775879,99.36144256591797,-0.9004425458785551,4.217000894599424,-82.29805090650294,21.872402,-6.457078,18.062998,-23.213345,-31.220701,-40.636528,-9.132565,76.75682,22.723177,-4.4839377,0.10434845,-7.135957,11.052821,16.66775,-24.913507,66.466606,14.603888,1.6587495,12.384695,-29.965704,-3.9222577,-29.847818,33.805286,-6.7314086,-11.366084,-3.70458,-16.127192,-34.253517,41.814137,17.999752,-6.0222716
215,7.828333854675293,-8.569717407226562,99.3647689819336,-0.7540199801302954,4.045074208440377,-83.35621933947719,21.381983,-6.7508883,17.784866,-23.16134,-30.059893,-40.592876,-9.234493,76.44748,23.311138,-5.300144,0.019639147,-7.4940014,10.640443,16.541328,-25.170786,66.022064,14.913242,1.7936916,12.568538,-29.664835,-3.6392186,-28.685762,33.75127,-6.6521044,-11.501768,-3.3493488,-16.194857,-34.568993,41.007484,17.747831,-6.087472
216,7.9283223152160645,-8.523935317993164,99.36738586425781,-0.5938440134494629,3.883582135607367,-84.38575870966456,20.85829,-7.04366,17.4985,-23.116829,-28.85118,-40.564774,-9.329312,76.17264,23.905367,-6.042243,-0.0650757,-7.875434,10.223183,16.449095,-25.407578,65.586754,15.249006,1.8420074,12.834996,-29.364283,-3.3744948,-27.540127,33.680325,-6.5796123,-11.616684,-3.0077987,-16.253717,-34.793556,40.18292,17.565426,-6.1535306
217,8.026765823364258,-8.469124794006348,99.36775207519531,-0.4140756628358585,3.7335568659115075,-85.38658798493087,20.320812,-7.3261423,17.203457,-23.075891,-27.59349,-40.527157,-9.437372,75.886215,24.49566,-6.7433357,-0.1424062,-8.27359,9.757033,16.369877,-25.65711,65.209854,15.545684,1.773968,13.229256,-29.066568,-3.142111,-26.403349,33.59782,-6.5039973,-11.708304,-2.6825366,-16.314266,-34.921635,39.341698,17.469078,-6.2263365
218,8.11716079711914,-8.41911506652832,99.3686294555664,-0.21663791073109862,3.5935240112219597,-86.36582733755729,19.739622,-7.607753,16.89931,-23.041231,-26.259733,-40.5143,-9.530009,75.65591,25.110035,-7.4168344,-0.21825054,-8.712891,9.291821,16.32359,-25.852667,64.812225,15.837468,1.6084697,13.713673,-28.75907,-2.9302108,-25.268593,33.49642,-6.429522,-11.784855,-2.366648,-16.376781,-34.968555,38.482594,17.43607,-6.3025537
219,8.20313835144043,-8.351099967956543,99.37178802490234,-0.014762228200688577,3.463218849803986,-87.31840194442813,19.161741,-7.8687925,16.577206,-22.997753,-24.9377,-40.47442,-9.649731,75.398026,25.702929,-8.058411,-0.2976228,-9.119213,8.786528,16.285765,-26.105402,64.47498,16.200651,1.3929328,14.254206,-28.455626,-2.7334733,-24.154333,33.372993,-6.358546,-11.835037,-2.0590346,-16.427473,-34.934208,37.610493,17.441044,-6.3719687
220,8.286245346069336,-8.287190437316895,99.37421417236328,0.17853654812715183,3.3418661605592934,-88.23927708436752,18.580307,-8.104809,16.23308,-22.946949,-23.658049,-40.421623,-9.796718,75.157036,26.260403,-8.587181,-0.38828552,-9.486167,8.278695,16.263376,-26.44112,64.180466,16.735382,1.185016,14.795506,-28.158134,-2.5438557,-23.076214,33.24918,-6.2930074,-11.883025,-1.7509019,-16.449003,-34.8256,36.718403,17.457514,-6.4189777
221,8.355381965637207,-8.216196060180664,99.38185119628906,0.3632484677893505,3.228313427534866,-89.12115186793149,18.026775,-8.309707,15.862533,-22.87291,-22.473345,-40.33242,-10.022883,74.927864,26.740742,-8.981436,-0.48003975,-9.837283,7.736319,16.26164,-26.99693,63.960407,17.479319,1.0068065,15.410407,-27.858238,-2.3537366,-22.037825,33.096603,-6.2389135,-11.910128,-1.4409502,-16.442408,-34.627705,35.8096,17.490602,-6.467733
222,8.418479919433594,-8.153169631958008,99.39494323730469,0.5447546877650257,3.1227523035187565,-89.96872384561226,17.468578,-8.495514,15.473701,-22.790262,-21.318342,-40.24927,-10.301734,74.77797,27.16805,-9.226119,-0.5702811,-10.21551,7.1980243,16.30035,-27.683214,63.745804,18.379417,0.84164345,16.088036,-27.547441,-2.1694815,-21.025345,32.919548,-6.189383,-11.92488,-1.1280723,-16.41743,-34.346848,34.883636,17.559511,-6.6194496
223,8.474242210388184,-8.091056823730469,99.41294860839844,0.7181377230247642,3.026314828771835,-90.79486564503112,16.939022,-8.656623,15.079199,-22.718597,-20.22104,-40.145588,-10.670286,74.656624,27.488026,-9.360388,-0.6510129,-10.568202,6.633124,16.404316,-28.502401,63.543938,19.215002,0.67600137,16.695986,-27.234066,-1.9835807,-20.035614,32.722366,-6.1464005,-11.927666,-0.81821114,-16.375484,-34.00609,33.94841,17.656347,-6.9446936
224,8.523614883422852,-8.02966594696045,99.4373550415039,0.8787654839038174,2.9399517567976994,-91.61241804005829,16.40141,-8.799748,14.687172,-22.6788,-19.136889,-40.03259,-11.060274,74.54695,27.74486,-9.4346,-0.74344057,-10.829919,6.0735655,16.568888,-29.267984,63.329456,19.88924,0.47663236,17.082869,-26.91951,-1.7879885,-19.061468,32.50567,-6.110603,-11.920687,-0.5179681,-16.317204,-33.629772,33.01154,17.76648,-7.4686756
225,8.564167976379395,-7.957515239715576,99.4599609375,1.0225760354809337,2.8660065508789363,-92.4210636950153,15.841554,-8.913318,14.285829,-22.66821,-18.056362,-39.929466,-11.428109,74.45436,27.985033,-9.43262,-0.8614793,-10.954375,5.5043383,16.777481,-29.980656,63.14551,20.3804,0.18902847,17.199255,-26.631277,-1.5851818,-18.120327,32.297592,-6.0844173,-11.909959,-0.22210085,-16.235388,-33.21182,32.057858,17.888418,-8.171225
226,8.584341049194336,-7.888370513916016,99.49178314208984,1.15228609794177,2.8027111355693988,-93.21529529359215,15.272318,-8.997589,13.8733635,-22.676252,-16.993685,-39.831684,-11.785143,74.38084,28.210613,-9.342781,-0.9996418,-10.976047,4.9173355,17.028902,-30.704628,62.99397,20.749868,-0.16271119,17.1281,-26.336159,-1.3645604,-17.200512,32.057842,-6.072412,-11.884862,0.064299926,-16.139698,-32.745045,31.10489,18.019253,-9.030361
227,8.615809440612793,-7.815367698669434,99.53109741210938,1.273786407183967,2.7445940210968405,-93.9995748304909,14.709205,-9.062624,13.464783,-22.702337,-15.950267,-39.70383,-12.143373,74.30167,28.417519,-9.223431,-1.1497576,-10.955219,4.3260627,17.313253,-31.400484,62.8443,20.994802,-0.5044452,16.93729,-26.02915,-1.1457168,-16.28266,31.790182,-6.0569897,-11.842937,0.34821308,-16.041256,-32.27679,30.159166,18.137724,-10.005012
228,8.640626907348633,-7.743001937866211,99.5718994140625,1.3932617746354055,2.686603369074416,-94.77883579072261,14.176193,-9.120792,13.079389,-22.745964,-14.936279,-39.560265,-12.505329,74.2089,28.611809,-9.083489,-1.2872648,-10.953839,3.7349253,17.616037,-32.021698,62.675575,21.128468,-0.76199067,16.6929,-25.70867,-0.92491066,-15.363259,31.507282,-6.047767,-11.795056,0.6416394,-15.942798,-31.853142,29.21267,18.224543,-11.034785
229,8.652324676513672,-7.660994529724121,99.61870574951172,1.5107410325404065,2.6266558382913745,-95.55837196900865,13.674922,-9.169015,12.720715,-22.807772,-13.941014,-39.388493,-12.875863,74.10174,28.788973,-8.920428,-1.4211308,-10.975673,3.136761,17.927107,-32.525658,62.49266,21.122908,-0.9141192,16.360035,-25.364996,-0.6943916,-14.433137,31.187885,-6.0486894,-11.728229,0.93866867,-15.84508,-31.460667,28.270342,18.27577,-12.053946
230,8.64915943145752,-7.5712385177612305,99.66510772705078,1.6232700076647344,2.5675251288194008,-96.334357739663,13.195613,-9.202009,12.380661,-22.887041,-12.964535,-39.199833,-13.256764,73.99077,28.941044,-8.715499,-1.5511607,-10.990835,2.526672,18.244028,-32.93405,62.318077,20.998297,-1.0038893,15.921083,-25.017614,-0.45702395,-13.508441,30.858953,-6.060978,-11.65407,1.2450752,-15.7411,-31.09281,27.317795,18.295055,-12.992108
231,8.65282917022705,-7.492436408996582,99.71788787841797,1.73299842496408,2.511358928515139,-97.09774173192895,12.725789,-9.227438,12.0561495,-22.984594,-12.013269,-38.981144,-13.648183,73.86611,29.067842,-8.52178,-1.6673934,-11.010756,1.9290346,18.56314,-33.286037,62.14952,20.834501,-1.0550886,15.471228,-24.645802,-0.22589096,-12.579498,30.502048,-6.070815,-11.570764,1.5552976,-15.634073,-30.762924,26.367146,18.28052,-13.80482
232,8.633082389831543,-7.402055740356445,99.7709732055664,1.8425244288704707,2.4604069100538815,-97.83935719073824,12.24548,-9.251488,11.742119,-23.097303,-11.086849,-38.68097,-14.053995,73.70213,29.162037,-8.43721,-1.7677181,-11.045469,1.365366,18.88023,-33.624336,61.988785,20.700918,-1.0941191,15.106776,-24.276754,0.00421548,-11.674391,30.131159,-6.095102,-11.471899,1.8741628,-15.52311,-30.489101,25.413042,18.2315,-14.447885
233,8.613036155700684,-7.307697772979736,99.82276153564453,1.9494983027960693,2.4169770398984256,-98.55433199952806,11.773072,-9.27772,11.441712,-23.232426,-10.214843,-38.38799,-14.464291,73.51826,29.236845,-8.348525,-1.8239746,-11.087771,0.81695986,19.192965,-33.980404,61.856075,20.605446,-1.1102413,14.858345,-23.91771,0.22096857,-10.796896,29.759516,-6.1207733,-11.364642,2.209636,-15.39576,-30.281734,24.435974,18.143776,-14.880866
234,8.582437515258789,-7.210980415344238,99.87397003173828,2.0533648415384658,2.3791464680919896,-99.24849713259144,11.307138,-9.300501,11.153567,-23.386158,-9.383212,-38.06324,-14.878199,73.30673,29.293648,-8.284265,-1.8558351,-11.135718,0.28495678,19.499743,-34.32544,61.746403,20.513102,-1.097227,14.677,-23.562386,0.4333047,-9.941494,29.382423,-6.153516,-11.25011,2.5669677,-15.249819,-30.12778,23.424484,18.022974,-15.080827
235,8.543984413146973,-7.105194568634033,99.92184448242188,2.1583489035190926,2.3426398711002743,-99.92822106070227,10.853051,-9.319795,10.879484,-23.550661,-8.580525,-37.70176,-15.29441,73.07643,29.34123,-8.29108,-1.868469,-11.205734,-0.23589362,19.801079,-34.66756,61.654987,20.419617,-1.083881,14.535842,-23.212149,0.6382128,-9.100213,29.007385,-6.191872,-11.1294985,2.9542105,-15.089364,-30.018488,22.373085,17.878115,-15.049536
236,8.494537353515625,-7.002040863037109,99.97134399414062,2.2684411258108335,2.303240517382519,-100.59982089391657,10.420954,-9.335651,10.62044,-23.71963,-7.800192,-37.295444,-15.71207,72.83331,29.390295,-8.415475,-1.8677697,-11.315332,-0.73425364,20.09753,-35.004105,61.562035,20.33803,-1.0969443,14.409419,-22.838469,0.8386914,-8.2506485,28.612587,-6.2363896,-11.001038,3.3724504,-14.92399,-29.941519,21.290497,17.718534,-14.815856
237,8.445709228515625,-6.9091410636901855,100.01870727539062,2.381254380427718,2.259692630320676,-101.26010164115537,10.004606,-9.344685,10.375733,-23.892399,-7.045401,-36.840813,-16.12895,72.59278,29.44406,-8.699443,-1.8532829,-11.48679,-1.2088006,20.390919,-35.348965,61.47396,20.269371,-1.152569,14.300232,-22.45221,1.0278593,-7.400493,28.223576,-6.281247,-10.879423,3.8559256,-14.7369795,-29.93583,20.130136,17.545761,-14.404758
238,8.393796920776367,-6.804458141326904,100.06351470947266,2.4952329967045856,2.2142132343109493,-101.90715441747143,9.602112,-9.348886,10.144926,-24.072784,-6.318678,-36.343483,-16.543055,72.34791,29.500948,-9.106401,-1.8221332,-11.705922,-1.6567161,20.681368,-35.692394,61.389336,20.214594,-1.2327195,14.219708,-22.066631,1.2087433,-6.5592775,27.83349,-6.3290796,-10.749421,4.462024,-14.502468,-30.056665,18.799469,17.36164,-13.835636
239,8.337278366088867,-6.702239990234375,100.14540100097656,2.6211551486812517,2.168429204643124,-102.55004695934865,9.226012,-9.355987,9.930776,-24.259943,-5.6084795,-35.809124,-16.95383,72.07211,29.559326,-9.566464,-1.7755638,-11.934634,-2.0801032,20.966684,-36.00631,61.290775,20.169704,-1.3149341,14.15324,-21.52501,1.388463,-5.623663,27.213768,-6.375509,-10.515925,4.4512596,-14.555122,-29.634888,18.399183,17.220306,-13.673506
240,8.27823543548584,-6.5934600830078125,100.23125457763672,2.7613038497793334,2.123936257185032,-103.19777534885058,8.888269,-9.374081,9.735496,-24.453564,-4.902901,-35.243507,-17.3621,71.738106,29.615559,-10.011031,-1.7153996,-12.133051,-2.483312,21.243477,-36.261623,61.16497,20.131107,-1.3770119,14.086416,-20.942892,1.5501221,-4.6510696,26.538342,-6.4214783,-10.253527,4.445915,-14.616537,-29.204266,17.981714,17.079277,-13.502333
241,8.21275520324707,-6.475908279418945,100.31034088134766,2.9166792137376074,2.0862543018108304,-103.85001783373396,8.583273,-9.405141,9.555978,-24.650696,-4.195953,-34.64937,-17.766884,71.3517,29.670326,-10.451234,-1.6435868,-12.294612,-2.9060302,21.51154,-36.486687,61.048916,20.068405,-1.4183483,14.014766,-20.35806,1.6899208,-3.663298,25.853254,-6.4687333,-9.981425,4.344753,-14.721311,-28.67513,17.687366,16.93846,-13.3908205
242,8.142599105834961,-6.362130641937256,100.38592529296875,3.084224142897694,2.053109335232095,-104.50278440348929,8.339596,-9.447327,9.386203,-24.842678,-3.5261877,-33.99721,-18.171633,70.89218,29.732342,-10.920238,-1.5642579,-12.439137,-3.1812947,21.764854,-36.53937,60.82398,20.183994,-1.4469572,13.955318,-19.760872,1.8084497,-2.6603997,25.157278,-6.5167046,-9.705411,4.2000527,-14.850972,-28.099031,17.455677,16.800108,-13.31336
243,8.071784019470215,-6.258986949920654,100.45722961425781,3.264900963227321,2.0148252804533575,-105.15988393287549,8.079058,-9.4944515,9.251663,-25.06498,-2.8110244,-33.34951,-18.56702,70.41956,29.76665,-11.358252,-1.458848,-12.559813,-3.642225,22.011862,-36.716797,60.73162,20.044615,-1.4684968,13.885447,-19.134483,1.9040794,-1.6311196,24.45091,-6.564715,-9.430785,4.033099,-15.007591,-27.48894,17.279222,16.668715,-13.2660265
244,8.002419471740723,-6.151278018951416,100.52163696289062,3.460355675123765,1.9617646259129413,-105.82517240920754,7.8829284,-9.549163,9.1482525,-25.301449,-2.12224,-32.65,-18.959066,69.851974,29.790682,-11.732732,-1.3381361,-12.65889,-3.9862707,22.243357,-36.776527,60.528908,19.974558,-1.4723867,13.831931,-18.478537,1.976183,-0.5726693,23.739058,-6.614356,-9.15318,3.8045142,-15.206604,-26.81095,17.218687,16.542013,-13.269576
245,7.930224418640137,-6.047726631164551,100.58251953125,3.6749596455699796,1.8912926579012639,-106.50231004226411,7.749485,-9.613985,9.084882,-25.56175,-1.4507825,-31.902449,-19.349627,69.181335,29.789988,-12.027435,-1.1855766,-12.713281,-4.173746,22.4553,-36.644455,60.183758,20.02996,-1.458968,13.789516,-17.769072,2.022759,0.5331906,23.00056,-6.6669207,-8.868721,3.5477433,-15.440931,-26.089449,17.236311,16.42004,-13.310181
246,7.856386184692383,-5.934938430786133,100.637939453125,3.9070632289956952,1.8091475563430326,-107.18872918111725,7.5966463,-9.684874,9.070446,-25.863113,-0.7228716,-31.165058,-19.728065,68.4893,29.748125,-12.2549095,-0.99500173,-12.727805,-4.5743446,22.655458,-36.653477,59.98482,19.786299,-1.4322501,13.736559,-17.027845,2.0425417,1.6721171,22.24245,-6.7218137,-8.572451,3.2127457,-15.716943,-25.286713,17.378386,16.298939,-13.405465
247,7.780455112457275,-5.818881988525391,100.68763732910156,4.14820209220094,1.7180840699666828,-107.87821299617076,7.5068674,-9.760521,9.075465,-26.166597,-0.030337237,-30.364864,-20.10087,67.70924,29.701448,-12.448123,-0.8120945,-12.746125,-4.848402,22.837494,-36.542297,59.682987,19.635817,-1.3980145,13.700152,-16.263742,2.0403194,2.8267205,21.473066,-6.7801785,-8.26993,2.8428538,-16.008987,-24.442318,17.582851,16.181849,-13.529407
248,7.693199157714844,-5.715389728546143,100.73524475097656,4.389962330580756,1.6204784467656923,-108.56448840560947,7.42646,-9.834167,9.09821,-26.477947,0.6655718,-29.525799,-20.46667,66.88892,29.63283,-12.623011,-0.6576449,-12.801509,-5.1197343,23.002512,-36.38731,59.376095,19.454836,-1.3675739,13.659814,-15.464386,2.0243368,3.99018,20.678993,-6.8469834,-7.9628415,2.5150268,-16.284359,-23.623222,17.754642,16.072107,-13.645758
249,7.6142802238464355,-5.605039596557617,100.77904510498047,4.639794353866196,1.5156096299264987,-109.25063572921889,7.37161,-9.912679,9.138488,-26.796099,1.3561686,-28.63706,-20.825525,66.018974,29.541622,-12.789184,-0.53022665,-12.915376,-5.353502,23.151451,-36.163727,59.037487,19.276659,-1.3525863,13.617374,-14.643419,1.9788203,5.163789,19.863443,-6.912319,-7.64107,2.1564631,-16.574326,-22.767065,17.973904,15.973501,-13.780282
250,7.515254497528076,-5.498976230621338,100.81913757324219,4.898730716421753,1.4027851869805188,-109.93858286213633,7.336613,-9.996899,9.198137,-27.121904,2.0499938,-27.70259,-21.179495,65.1001,29.422367,-12.9311905,-0.42113298,-13.061542,-5.5550113,23.285069,-35.87472,58.67305,19.086603,-1.3451217,13.573606,-13.780471,1.914843,6.356886,19.01124,-6.9902515,-7.3057656,1.792814,-16.864874,-21.893028,18.222897,15.878232,-13.936619
251,7.427644729614258,-5.408977031707764,100.85406494140625,5.150224741928365,1.2844190543720293,-110.62030966568064,7.3194222,-10.068573,9.2762165,-27.455215,2.732159,-26.729118,-21.521835,64.144325,29.293146,-13.035475,-0.3354014,-13.222406,-5.7330427,23.399715,-35.541115,58.28756,18.88778,-1.32605,13.532419,-12.904394,1.8310125,7.544688,18.158712,-7.0649323,-6.9769406,1.4614215,-17.143087,-21.038033,18.450954,15.79455,-14.085259
252,7.330743789672852,-5.3236236572265625,100.88518524169922,5.377204864483092,1.162449097081972,-111.28749374373544,7.297728,-10.1134405,9.357982,-27.780615,3.4058814,-25.727331,-21.852922,63.17297,29.170395,-13.081066,-0.29496062,-13.369006,-5.890098,23.489222,-35.177128,57.90009,18.674671,-1.2768021,13.500856,-12.023011,1.754813,8.708129,17.299433,-7.1489835,-6.645556,1.1701205,-17.377028,-20.219818,18.64611,15.706562,-14.224422
253,7.22953987121582,-5.240194320678711,100.9161605834961,5.581632223766976,1.0321094966538604,-111.94029759590174,7.273177,-10.131841,9.446769,-28.103619,4.0746326,-24.694172,-22.174456,62.18347,29.044323,-13.050148,-0.31296867,-13.494948,-6.0264974,23.548563,-34.774944,57.512306,18.43952,-1.1910251,13.472783,-11.101545,1.6783373,9.869747,16.384783,-7.239131,-6.2875156,0.92913526,-17.570581,-19.445148,18.801529,15.61649,-14.346798
254,7.12571907043457,-5.162674903869629,100.94292449951172,5.77095953915577,0.8935629634157081,-112.58238013858403,7.2502728,-10.130131,9.54363,-28.423668,4.7406626,-23.622562,-22.488592,61.17018,28.908056,-12.957559,-0.37994188,-13.611825,-6.1395097,23.575998,-34.327576,57.12577,18.188648,-1.0821221,13.449192,-10.127316,1.5903064,11.042694,15.398954,-7.3337283,-5.8980217,0.7140231,-17.739977,-18.68903,18.951912,15.528796,-14.470596
255,7.028429985046387,-5.097206115722656,100.95121765136719,5.897249849427191,0.755219943091069,-113.20959804564339,7.222648,-10.05813,9.634269,-28.727665,5.394632,-22.525349,-22.791212,60.149395,28.79275,-12.828391,-0.47299206,-13.728595,-6.230805,23.567255,-33.855816,56.747166,17.943542,-0.9597731,13.448409,-9.390004,1.5806289,12.038389,14.781261,-7.44004,-5.6810184,0.49146926,-17.844316,-17.930948,19.129845,15.442574,-14.612033
256,6.928232192993164,-5.032439708709717,100.95142364501953,5.985971897937582,0.6255557747650095,-113.81902373503252,7.1872616,-9.944516,9.708747,-28.996645,6.025274,-21.410822,-23.075998,59.134647,28.72764,-12.687994,-0.5701382,-13.853205,-6.294804,23.520731,-33.371468,56.38711,17.736609,-0.8384034,13.488012,-8.895005,1.6383797,12.85558,14.52351,-7.561819,-5.6280284,0.25902492,-17.901615,-17.182018,19.317549,15.347775,-14.760527
257,6.818721294403076,-4.965075492858887,100.95232391357422,6.043913755922904,0.5028850209133836,-114.42029207466811,7.1480203,-9.795506,9.761216,-29.215822,6.6374745,-20.28567,-23.337385,58.136696,28.729355,-12.514914,-0.69043094,-13.991046,-6.3254886,23.432941,-32.878227,56.047882,17.579493,-0.71011055,13.589343,-8.432919,1.7305498,13.629229,14.300385,-7.7009354,-5.5910993,0.05120467,-17.908978,-16.46514,19.467663,15.238595,-14.892989
258,6.7092461585998535,-4.905921459197998,100.95189666748047,6.076446005136389,0.38300952166717867,-115.01170681849271,7.104018,-9.615964,9.796966,-29.394596,7.236719,-19.147324,-23.572746,57.148907,28.78831,-12.304784,-0.8388536,-14.137139,-6.3259125,23.302626,-32.36598,55.729794,17.45777,-0.57434475,13.737648,-8.000569,1.8468636,14.361787,14.1224575,-7.8505926,-5.5788455,-0.11910238,-17.879192,-15.787138,19.578426,15.124973,-15.009358
259,6.5906805992126465,-4.847193717956543,100.954345703125,6.099275157275514,0.27061200681886605,-115.5749179191235,7.0437574,-9.425912,9.823886,-29.552597,7.814357,-18.005074,-23.776178,56.164177,28.89805,-12.1043415,-0.96690595,-14.28387,-6.3206835,23.134737,-31.838741,55.444206,17.34786,-0.45200974,13.893762,-7.564172,1.9650334,15.068977,13.9145565,-8.003836,-5.5464005,-0.25790235,-17.825945,-15.164136,19.655525,15.005018,-15.113111
260,6.466507911682129,-4.770807266235352,100.95746612548828,6.1242433802883225,0.17085946257275023,-116.09124778096431,6.9578705,-9.241377,9.8492365,-29.709839,8.359028,-16.869192,-23.938623,55.174316,29.05716,-11.958537,-1.026954,-14.424397,-6.3225904,22.938816,-31.296928,55.189426,17.232101,-0.36271483,14.018862,-7.139856,2.0710456,15.738728,13.666071,-8.1475935,-5.472858,-0.41234997,-17.766758,-14.578964,19.743952,14.878318,-15.219221
261,6.333817005157471,-4.692932605743408,100.96128845214844,6.1567158548556,0.09244351961862801,-116.55888511269858,6.8409333,-9.074264,9.862302,-29.861172,8.87212,-15.741434,-24.052105,54.182434,29.27278,-11.879535,-0.9965022,-14.550901,-6.3257136,22.721716,-30.735863,54.954285,17.125156,-0.29297554,14.108653,-6.721851,2.1549358,16.375795,13.365477,-8.277901,-5.360771,-0.57109195,-17.708385,-14.044065,19.826565,14.74898,-15.329846
262,6.198885440826416,-4.600350856781006,100.97016906738281,6.183126275385183,0.02987134263662368,-116.98651847214177,6.6946015,-8.909511,9.861243,-29.99921,9.361244,-14.624935,-24.111792,53.19381,29.556198,-11.845155,-0.9078147,-14.668431,-6.3178005,22.485306,-30.153563,54.729786,17.0284,-0.23489529,14.17997,-6.3111396,2.2318916,16.982859,13.013264,-8.39821,-5.2067976,-0.72862536,-17.634098,-13.557071,19.889448,14.612331,-15.4302225
263,6.061445236206055,-4.500899791717529,100.98148345947266,6.1871461272111095,-0.0328002325906062,-117.37107635877314,6.5146303,-8.724333,9.854862,-30.000067,9.841401,-13.528404,-24.114477,52.20721,29.916435,-11.8500805,-0.7981138,-14.782767,-6.305788,22.23187,-29.56106,54.529373,16.893549,-0.21435772,14.222034,-5.9253883,2.329254,17.540434,12.673109,-8.512771,-5.044228,-0.8424209,-17.527039,-13.146314,19.917952,14.472427,-15.51001
264,5.934466361999512,-4.386874198913574,100.99675750732422,6.1523257832920395,-0.11204798855908643,-117.70965133737984,6.301207,-8.497454,9.871539,-30.000067,10.300207,-12.458217,-24.06101,51.21064,30.350668,-11.89979,-0.70329005,-14.906777,-6.301752,21.965292,-28.968384,54.357468,16.67527,-0.257929,14.230774,-5.5776496,2.4684196,18.035162,12.382959,-8.619423,-4.885392,-0.8762127,-17.370354,-12.838882,19.887398,14.331587,-15.542933
265,5.798961162567139,-4.264240264892578,101.01752471923828,6.070492740429354,-0.21385971897771014,-117.98221080487012,6.0409207,-8.222445,9.922267,-30.000067,10.727576,-11.406992,-23.952608,50.19353,30.856888,-12.032159,-0.6241536,-15.038379,-6.318451,21.690195,-28.377792,54.220493,16.331236,-0.3883184,14.202614,-5.263517,2.6667001,18.448738,12.150063,-8.725421,-4.733405,-0.7866192,-17.147474,-12.68471,19.776651,14.186358,-15.52553
266,5.653314113616943,-4.140192985534668,101.04278564453125,5.95137613263609,-0.32949652619522524,-118.19648283814028,5.7415924,-7.912984,9.996261,-30.000067,11.122951,-10.3757,-23.788885,49.159107,31.434052,-12.23553,-0.5436668,-15.171895,-6.341935,21.408691,-27.784927,54.10325,15.896788,-0.58382815,14.14014,-4.9811788,2.9127529,18.790813,11.966919,-8.83032,-4.590196,-0.5960847,-16.870832,-12.659919,19.596285,14.038419,-15.469548
267,5.510663986206055,-4.003567695617676,101.06871032714844,5.806567895803247,-0.45256248825207696,-118.39133631845007,5.4293203,-7.5783505,10.080576,-30.000067,11.505871,-9.375731,-23.572565,48.11708,32.078053,-12.445893,-0.47262868,-15.310201,-6.358643,21.120234,-27.199692,53.99803,15.427103,-0.801734,14.044586,-4.7364235,3.1956215,19.094082,11.837903,-8.934118,-4.4602437,-0.38317004,-16.561808,-12.667475,19.399445,13.888162,-15.394868
268,5.365653991699219,-3.8672544956207275,101.0933837890625,5.6472522422519065,-0.5770113713252325,-118.6052816045414,5.133879,-7.227815,10.161612,-30.000067,11.892485,-8.420734,-23.309069,47.07727,32.786045,-12.59579,-0.42017293,-15.457253,-6.3517056,20.822763,-26.631542,53.894585,14.982899,-1.0008829,13.91956,-4.5175786,3.507548,19.395855,11.768442,-9.0464525,-4.362858,-0.16696157,-16.234125,-12.656949,19.190006,13.73745,-15.310975
269,5.226912498474121,-3.7298712730407715,101.11471557617188,5.472649638950696,-0.7063125444597077,-118.83567442383469,4.8531094,-6.857028,10.242315,-30.000067,12.281424,-7.5031085,-23.003752,46.02193,33.5555,-12.690797,-0.40081868,-15.618393,-6.3297606,20.51479,-26.083055,53.799595,14.544657,-1.1783303,13.748293,-4.326818,3.8470194,19.693096,11.763787,-9.162832,-4.29934,0.0442237,-15.891503,-12.620064,18.982214,13.590828,-15.222792
270,5.080760955810547,-3.5946805477142334,101.13794708251953,5.280211492756089,-0.8422445133224717,-119.06612930560841,4.5798144,-6.46549,10.328634,-30.000067,12.661183,-6.6144176,-22.659876,44.945763,34.378983,-12.76115,-0.4027154,-15.79008,-6.292525,20.196362,-25.547768,53.71086,14.099132,-1.3533711,13.535591,-4.131675,4.211977,19.991575,11.773928,-9.286804,-4.2447267,0.296359,-15.521638,-12.609,18.735373,13.444175,-15.115047
271,4.9400858879089355,-3.458202362060547,101.15869140625,5.07823778403649,-0.9761406054925702,-119.31546316893188,4.3261847,-6.0665216,10.412529,-30.000067,13.0409355,-5.7749443,-22.282011,43.88555,35.2535,-12.778785,-0.3989031,-15.965273,-6.242695,19.867762,-25.037369,53.631752,13.69043,-1.5166409,13.317935,-3.964046,4.5963073,20.290314,11.835865,-9.413258,-4.2157445,0.532101,-15.142824,-12.566306,18.49007,13.29718,-15.000221
272,4.809545993804932,-3.325439929962158,101.17927551269531,4.873535958765293,-1.099308135418967,-119.60240207690026,4.1080074,-5.670557,10.483871,-30.000067,13.426581,-5.006641,-21.875885,42.88269,36.1798,-12.707453,-0.36261567,-16.139957,-6.157215,19.528984,-24.551062,53.543922,13.38022,-1.6614693,13.133052,-3.8022504,4.983612,20.621504,11.910583,-9.539755,-4.198713,0.73191863,-14.766093,-12.464685,18.248236,13.148945,-14.87824
273,4.673343658447266,-3.1926393508911133,101.19889068603516,4.660088658776225,-1.207329011295243,-119.93572282981226,3.9268656,-5.269116,10.53866,-30.000067,13.827084,-4.3159647,-21.44678,41.938957,37.165043,-12.517474,-0.29084605,-16.318916,-6.036037,19.177883,-24.08875,53.444683,13.173586,-1.7841632,12.987678,-3.6512747,5.3914413,20.988012,12.006333,-9.676907,-4.1973953,0.8845754,-14.378221,-12.290742,18.016464,12.9901705,-14.753771
274,4.540114879608154,-3.061239004135132,101.21597290039062,4.435758201429717,-1.3060491734727657,-120.30427554633185,3.7822957,-4.8582478,10.579784,-30.000067,14.229985,-3.6838632,-21.000109,41.030922,38.20354,-12.23337,-0.1975082,-16.505306,-5.841845,18.81214,-23.626657,53.30306,13.0781975,-1.8926065,12.864584,-3.5248048,5.8220286,21.370125,12.148329,-9.819217,-4.2224755,1.00923,-13.980047,-12.065855,17.785088,12.826776,-14.621239
275,4.417392730712891,-2.941145420074463,101.2303695678711,4.212452040226186,-1.401910986579269,-120.6965833486793,3.6522586,-4.4527073,10.620218,-30.000067,14.644198,-3.1191359,-20.54155,40.194645,39.270252,-11.896554,-0.07433602,-16.695148,-5.687741,18.437668,-23.21617,53.215137,13.0178995,-1.9897891,12.761171,-3.408459,6.253425,21.76564,12.325845,-9.959168,-4.2723365,1.1228521,-13.590231,-11.808709,17.555527,12.66935,-14.486032
276,4.2870683670043945,-2.815622329711914,101.24312591552734,4.002261415101241,-1.5011814833993096,-121.10104171112289,3.546712,-4.0687456,10.662538,-30.000067,15.046905,-2.6081107,-20.076666,39.445755,40.342857,-11.538541,0.08149893,-16.88638,-5.5021224,18.059902,-22.832472,53.120308,13.041907,-2.084557,12.679622,-3.2576928,6.6699376,22.193892,12.468652,-10.1025915,-4.3055935,1.2117141,-13.214753,-11.519159,17.36281,12.510559,-14.368892
277,4.164490699768066,-2.6902236938476562,101.25335693359375,3.8094579924741576,-1.6062330922299202,-121.5261075953352,3.465591,-3.711014,10.712335,-30.000067,15.448864,-2.149765,-19.61069,38.797047,41.409386,-11.166117,0.29892004,-17.085283,-5.298368,17.682632,-22.485004,53.02288,13.154697,-2.1703072,12.623266,-3.0820134,7.0636606,22.656717,12.600269,-10.241182,-4.3362327,1.2665582,-12.866833,-11.179916,17.218206,12.358349,-14.272341
278,4.043397426605225,-2.571873426437378,101.26024627685547,3.626955509801719,-1.7135346822777306,-121.97403073654071,3.4252977,-3.3715758,10.760284,-30.000067,15.836042,-1.7350326,-19.147778,38.22536,42.479465,-10.75139,0.56463295,-17.292747,-4.9715896,17.300701,-22.127157,52.83214,13.422798,-2.2492554,12.59259,-2.892264,7.4478264,23.147112,12.741368,-10.379704,-4.3780837,1.3078578,-12.53422,-10.8063,17.093252,12.210497,-14.185732
279,3.922151803970337,-2.459554672241211,101.26526641845703,3.449906312359208,-1.8200594663968748,-122.42454871676435,3.3585062,-3.042038,10.819986,-30.000067,16.249027,-1.3961669,-18.693008,37.76565,43.556747,-10.298955,0.829277,-17.502775,-4.8455453,16.931087,-21.882473,52.83128,13.582131,-2.3243449,12.570591,-2.6949055,7.824854,23.643766,12.882845,-10.518582,-4.4234858,1.3416246,-12.2107315,-10.423561,16.983448,12.0658865,-14.106935
280,3.807678699493408,-2.3399806022644043,101.27118682861328,3.2731336495080527,-1.9226085454333117,-122.85716806458026,3.3019407,-2.7240746,10.867921,-30.000067,16.62324,-1.0710909,-18.250662,37.361195,44.625854,-9.812545,1.0306044,-17.702625,-4.61506,16.569883,-21.62661,52.767056,13.801645,-2.4150796,12.555653,-2.505865,8.196582,24.120888,13.015186,-10.654035,-4.458688,1.368817,-11.889383,-10.055678,16.878908,11.921655,-14.026087
281,3.6898481845855713,-2.225283622741699,101.27180480957031,3.0973246686176577,-2.02099818931803,-123.27209785980799,3.2347062,-2.4176416,10.909698,-29.966991,16.978392,-0.78831255,-17.824087,37.042023,45.685974,-9.262694,1.1813459,-17.902273,-4.389266,16.220556,-21.394527,52.73327,14.017094,-2.524708,12.542255,-2.345422,8.57434,24.560663,13.185659,-10.791775,-4.512301,1.3842937,-11.571544,-9.69652,16.799988,11.778907,-13.959981
282,3.57246470451355,-2.1025774478912354,101.2706069946289,2.9224631290684258,-2.1166100051270926,-123.67827540503154,3.1650805,-2.120762,10.941361,-29.801104,17.329475,-0.573668,-17.414703,36.829613,46.760994,-8.627891,1.3060232,-18.099714,-4.1757545,15.884147,-21.204344,52.736004,14.229413,-2.643926,12.534399,-2.1927066,8.952529,24.98768,13.356018,-10.930013,-4.5609,1.3846223,-11.25503,-9.337269,16.738424,11.634517,-13.89859
283,3.4574813842773438,-1.9889378547668457,101.26669311523438,2.7407943761789393,-2.2084840653385167,-124.06824655901785,3.0849073,-1.8252243,10.968222,-29.634827,17.670572,-0.3747601,-17.024036,36.682938,47.830795,-7.9910674,1.366273,-18.271328,-3.9518003,15.559385,-21.027504,52.755833,14.435265,-2.7681646,12.526348,-2.0800855,9.346393,25.36795,13.583243,-11.068044,-4.6386056,1.3925729,-10.934494,-8.9985285,16.674494,11.494097,-13.838818
284,3.3390841484069824,-1.8679490089416504,101.26300048828125,2.555390515528484,-2.295865701827247,-124.43547920737097,2.9693754,-1.5331197,10.985048,-29.453732,18.025995,-0.08894844,-16.64957,36.53587,48.83852,-7.488759,1.3270335,-18.38833,-3.7451868,15.246438,-20.85028,52.83015,14.592275,-2.8922307,12.506249,-1.9753374,9.743647,25.722092,13.798417,-11.206433,-4.7044325,1.4050972,-10.606671,-8.686872,16.604275,11.350299,-13.775489
285,3.2211520671844482,-1.7488311529159546,101.25955200195312,2.364224198576332,-2.374518469010313,-124.77932493476446,2.8702736,-1.2419662,11.007119,-29.292572,18.34716,-0.017518694,-16.291723,36.537178,50.008045,-6.8714867,1.1730635,-18.42281,-3.5677478,14.942395,-20.705069,52.945477,14.7135515,-3.0163424,12.477246,-1.8892294,10.1449585,26.041618,14.014233,-11.343213,-4.7689457,1.4337629,-10.271814,-8.411871,16.50719,11.206922,-13.700009
286,3.1087002754211426,-1.623305320739746,101.25664520263672,2.170108546782144,-2.4460631586504746,-125.1034007712471,2.7430487,-0.95791966,11.018727,-29.12347,18.676672,0.07907236,-15.950608,36.59408,51.15046,-6.31687,0.9228294,-18.406073,-3.395835,14.649586,-20.560434,53.10381,14.80202,-3.1447217,12.441035,-1.8205254,10.546261,26.332336,14.223732,-11.476305,-4.8247743,1.461261,-9.934316,-8.158094,16.401402,11.0635,-13.616588
287,2.9968385696411133,-1.503470540046692,101.25105285644531,1.9776322131337445,-2.518471643624481,-125.40667576459954,2.6101224,-0.6799077,11.035926,-28.952682,18.9908,0.13512255,-15.623988,36.707005,52.32073,-5.7545958,0.6229217,-18.347614,-3.240056,14.366363,-20.430143,53.29812,14.866968,-3.2686305,12.394593,-1.7695751,10.948329,26.588749,14.4568405,-11.607428,-4.89216,1.4851267,-9.602619,-7.9173656,16.3178,10.923893,-13.547352
288,2.8871428966522217,-1.386531114578247,101.24391174316406,1.7883899263224874,-2.5994361297519495,-125.68754526139554,2.468117,-0.40415335,11.066382,-28.772717,19.29024,0.18865742,-15.307392,36.83378,53.500584,-5.208071,0.31527486,-18.266207,-3.113628,14.091698,-20.317394,53.536697,14.902953,-3.3801832,12.33538,-1.7196568,11.346024,26.821163,14.699511,-11.735128,-4.9631014,1.523277,-9.277645,-7.70159,16.244032,10.787142,-13.487124
289,2.7763984203338623,-1.2695586681365967,101.23507690429688,1.6017818106699513,-2.6938966692106727,-125.94211648241944,2.3239396,-0.13047019,11.117894,-28.588017,19.563957,0.20011279,-14.998184,36.98597,54.72693,-4.641502,-0.022857903,-18.140972,-3.0241456,13.824688,-20.234814,53.825336,14.897864,-3.4751227,12.268001,-1.6641927,11.741253,27.028973,14.948439,-11.860398,-5.034441,1.5801109,-8.9567995,-7.5170393,16.185091,10.650211,-13.4394655
290,2.6693735122680664,-1.1523512601852417,101.22483825683594,1.4164403023511056,-2.7965069294988414,-126.17207286683431,2.1742828,0.13957186,11.182485,-28.397692,19.817308,0.18533741,-14.695676,37.16524,55.983364,-4.0768647,-0.4015839,-17.970621,-2.9634387,13.565754,-20.17762,54.161304,14.856181,-3.5576892,12.193067,-1.6119075,12.133425,27.209414,15.203444,-11.981383,-5.105902,1.6503551,-8.639986,-7.3607483,16.134178,10.514825,-13.398394
291,2.5643551349639893,-1.0415147542953491,101.21231079101562,1.2341153559007598,-2.8998459993460903,-126.38500059392483,2.029544,0.4073896,11.254305,-28.203396,20.047737,0.13591334,-14.398023,37.378323,57.263798,-3.5016334,-0.7561408,-17.796665,-2.926191,13.314287,-20.140186,54.529484,14.807751,-3.631748,12.102342,-1.5701172,12.521438,27.365969,15.471309,-12.09978,-5.1847525,1.7245021,-8.330429,-7.218598,16.090729,10.384515,-13.364717
292,2.464379072189331,-0.9341989755630493,101.19940948486328,1.057024826390036,-2.996550829478319,-126.58849518606551,1.8946843,0.67418575,11.325771,-28.00408,20.25856,0.06905469,-14.101994,37.61608,58.545837,-2.9313653,-1.0239123,-17.662893,-2.9052303,13.06929,-20.112047,54.917053,14.782035,-3.7018461,11.987178,-1.536597,12.89824,27.512129,15.733218,-12.214612,-5.261003,1.7902503,-8.030792,-7.076198,16.050491,10.261359,-13.332989
293,2.366867780685425,-0.835930585861206,101.18408203125,0.8872539906074175,-3.0885546405979416,-126.7821238592357,1.7718339,0.9395693,11.398465,-27.79755,20.444584,-0.022371572,-13.804235,37.889267,59.849625,-2.357719,-1.2017598,-17.582848,-2.904668,12.830007,-20.094185,55.32922,14.797244,-3.7729928,11.832157,-1.5091233,13.2626,27.648094,15.996327,-12.327179,-5.340635,1.8495005,-7.7441235,-6.9326315,16.0204,10.148189,-13.309472
294,2.2784438133239746,-0.737159252166748,101.16858673095703,0.7228768687148912,-3.1784126928195127,-126.96263842296588,1.6581591,1.2022333,11.474795,-27.584957,20.605389,-0.14726779,-13.505301,38.203156,61.182228,-1.7727574,-1.3185818,-17.53503,-2.9246411,12.596429,-20.088547,55.769573,14.837161,-3.8413038,11.6462755,-1.4902236,13.614864,27.769777,16.254631,-12.434115,-5.4160013,1.9024298,-7.4678817,-6.7931223,15.997385,10.042426,-13.288184
295,2.188556671142578,-0.6306840777397156,101.1514663696289,0.5635313495559957,-3.259406146874484,-127.13415290469932,1.5500449,1.4609263,11.54887,-27.36932,20.75333,-0.28373662,-13.206866,38.529194,62.494255,-1.2051095,-1.3598545,-17.510805,-2.961129,12.369275,-20.090086,56.227432,14.87239,-3.8985536,11.456522,-1.4857448,13.961695,27.8771,16.505074,-12.540505,-5.482657,1.9253559,-7.197024,-6.642641,16.001303,9.935857,-13.277689
296,2.1119163036346436,-0.5278449654579163,101.13414764404297,0.4053128336812807,-3.3248108786512667,-127.30002721496797,1.4525372,1.717854,11.616843,-27.158596,20.8922,-0.43741485,-12.91291,38.855145,63.758255,-0.65137243,-1.3120672,-17.49862,-3.0102384,12.148629,-20.098503,56.689186,14.878076,-3.9359078,11.290648,-1.5199536,14.303852,27.95641,16.771433,-12.638231,-5.556663,1.9264966,-6.9345803,-6.4859576,16.005266,9.834283,-13.263239
297,2.0372402667999268,-0.4308641850948334,101.11541748046875,0.24096739477040083,-3.3725820892033633,-127.46167334824395,1.3660508,1.9834791,11.678017,-26.95132,21.021395,-0.60392743,-12.624442,39.17187,64.97374,-0.120392375,-1.1545476,-17.50362,-3.074977,11.933026,-20.115337,57.157948,14.851061,-3.948206,11.150338,-1.5905463,14.653738,28.008902,17.05528,-12.733824,-5.640583,1.9167968,-6.6684117,-6.3299813,15.995281,9.733203,-13.242284
298,1.9507756233215332,-0.34346115589141846,101.09882354736328,0.07258873153004479,-3.406254676250186,-127.61690112356784,1.291014,2.2564769,11.735336,-26.74668,21.136538,-0.78313893,-12.341903,39.48567,66.15348,0.39119667,-0.90089303,-17.53006,-3.1566546,11.721909,-20.142607,57.638065,14.80436,-3.94078,11.023019,-1.6602122,15.003698,28.05907,17.317833,-12.833365,-5.7188106,1.9241519,-6.3954077,-6.1936526,15.9474325,9.630738,-13.210005
299,1.8867582082748413,-0.2537197470664978,101.08087158203125,-0.09550991297937561,-3.427959549989631,-127.76248877799799,1.2234585,2.5273914,11.789362,-26.549952,21.243713,-0.96770275,-12.068738,39.79601,67.2744,0.8819849,-0.5892539,-17.565868,-3.2516541,11.5176,-20.177929,58.12044,14.730673,-3.9206052,10.914676,-1.7839433,15.350636,28.065512,17.610565,-12.919975,-5.807332,1.900161,-6.132543,-6.0479407,15.914521,9.536057,-13.176726
300,1.8349727392196655,-0.150395929813385,101.06324768066406,-0.2582215893845656,-3.439798697688757,-127.89543477026092,1.1602639,2.7867444,11.841535,-26.367573,21.34862,-1.1495869,-11.808991,40.10174,68.31114,1.3515167,-0.25755116,-17.597748,-3.3525233,11.323113,-20.218128,58.592407,14.624539,-3.8948784,10.830983,-1.9329953,15.685162,28.048052,17.888542,-12.9976015,-5.879823,1.8481464,-5.8783307,-5.900101,15.894735,9.443165,-13.141273
301,1.779647946357727,-0.05766499787569046,101.04707336425781,-0.41567632566303775,-3.4384046265012485,-128.01458197049064,1.1013337,3.0359306,11.89256,-26.204699,21.453213,-1.3338468,-11.563993,40.401974,69.271736,1.8132089,0.105646074,-17.62416,-3.4663584,11.140067,-20.267088,59.05918,14.468293,-3.8627052,10.77557,-2.088312,16.004578,28.016232,18.145315,-13.072839,-5.946287,1.8021203,-5.6321607,-5.7708216,15.854842,9.355645,-13.101136
302,1.728590726852417,0.03208383545279503,101.0313491821289,-0.569529829473303,-3.4239289997757885,-128.1218222250873,1.0492129,3.2784293,11.942803,-26.058725,21.55354,-1.5222188,-11.332609,40.697346,70.16333,2.2646906,0.51260257,-17.65172,-3.5918026,10.967839,-20.325386,59.52063,14.270383,-3.8211215,10.74477,-2.2676935,16.313835,27.959436,18.397017,-13.14261,-6.0103374,1.7452995,-5.393817,-5.6479125,15.810735,9.272547,-13.058756
303,1.6791542768478394,0.12286671251058578,101.01708221435547,-0.7159626713214003,-3.4032249491339703,-128.21885858190308,1.0021883,3.5060604,11.992972,-25.922909,21.64883,-1.7048458,-11.116436,40.98616,70.965744,2.6764956,0.9247481,-17.678022,-3.717106,10.807162,-20.386854,59.963524,14.058289,-3.774502,10.732955,-2.4454522,16.605743,27.898458,18.621166,-13.208493,-6.0599837,1.6817555,-5.165213,-5.532141,15.768119,9.191655,-13.016558
304,1.6356630325317383,0.2122875601053238,101.00335693359375,-0.851819591118036,-3.3832259755523624,-128.30712581199793,0.9588218,3.710736,12.0435505,-25.791552,21.737823,-1.872044,-10.918009,41.26781,71.65672,3.0214722,1.3042569,-17.698858,-3.8288245,10.658956,-20.443735,60.373043,13.861219,-3.727568,10.734065,-2.619175,16.877438,27.833887,18.829926,-13.269007,-6.10289,1.6138813,-4.952379,-5.422225,15.7368555,9.115172,-12.979275
305,1.599067211151123,0.2918544113636017,100.99221801757812,-0.9761765396840083,-3.362755998499454,-128.38601950540775,0.91888165,3.891635,12.09469,-25.664621,21.82293,-2.0251555,-10.737299,41.545177,72.2374,3.301307,1.6522866,-17.723125,-3.9283588,10.523326,-20.490227,60.75342,13.681309,-3.6842272,10.746312,-2.7769582,17.121605,27.775425,19.010504,-13.322571,-6.1371274,1.5568353,-4.758145,-5.3273106,15.695996,9.046086,-12.940102
306,1.5614732503890991,0.38181060552597046,100.98098754882812,-1.0907562861238522,-3.3391359998114587,-128.45495565852826,0.8821784,4.0525765,12.146739,-25.545155,21.905043,-2.1695762,-10.572409,41.81587,72.72018,3.5260248,1.9837639,-17.74799,-4.020732,10.3994055,-20.528751,61.109787,13.506587,-3.6422417,10.772749,-2.9359396,17.351128,27.71049,19.168478,-13.374459,-6.1549883,1.4789369,-4.573688,-5.2306547,15.679606,8.9750395,-12.910475
307,1.5257879495620728,0.4684216380119324,100.97025299072266,-1.1950567690779885,-3.3166105761393916,-128.5163353057101,0.8493781,4.192852,12.200735,-25.43175,21.97968,-2.3057592,-10.423551,42.075993,73.10319,3.6885812,2.281374,-17.75038,-4.10084,10.286772,-20.568722,61.431538,13.342268,-3.5966597,10.814221,-3.082581,17.560759,27.648857,19.306023,-13.422595,-6.165381,1.4030635,-4.4035664,-5.142482,15.66777,8.907911,-12.883502
308,1.4948612451553345,0.5502980947494507,100.96154022216797,-1.289092861179078,-3.2997199177866414,-128.5721901175886,0.82151645,4.3117576,12.25751,-25.323412,22.041912,-2.4322848,-10.292116,42.319206,73.38191,3.7793825,2.528366,-17.706926,-4.1626487,10.18504,-20.619928,61.706863,13.193812,-3.542919,10.871957,-3.2046635,17.747746,27.601088,19.417507,-13.465892,-6.1668267,1.3414606,-4.248872,-5.0681057,15.649587,8.846102,-12.852671
309,1.4708671569824219,0.6293230652809143,100.95337677001953,-1.371248953117447,-3.2902377387487283,-128.6247209209889,0.8009504,4.4068627,12.320969,-25.221348,22.093641,-2.549966,-10.178449,42.543583,73.5476,3.780565,2.7312548,-17.596916,-4.2071233,10.093804,-20.684427,61.933384,13.057993,-3.475182,10.959391,-3.3069232,17.912529,27.56407,19.512314,-13.503724,-6.1637416,1.283114,-4.112289,-4.9985504,15.641416,8.790149,-12.823533
310,1.4463977813720703,0.7028387784957886,100.94684600830078,-1.442170644195606,-3.285503606033554,-128.67204583681956,0.7874841,4.4797945,12.389322,-25.125809,22.135496,-2.6604035,-10.081427,42.750652,73.607666,3.7016819,2.8941505,-17.43623,-4.238054,10.012775,-20.759317,62.118916,12.932133,-3.3979826,11.072123,-3.3832307,18.055845,27.541391,19.582008,-13.539647,-6.153283,1.2370118,-3.990712,-4.941182,15.630505,8.738397,-12.794183
311,1.4272209405899048,0.7715286016464233,100.94206237792969,-1.5047510630015755,-3.283334559556145,-128.7110616541209,0.77828383,4.535869,12.455756,-25.033857,22.161575,-2.7621756,-10.000355,42.93889,73.58046,3.573733,2.9969683,-17.257462,-4.2545166,9.942106,-20.847433,62.268147,12.821404,-3.3223124,11.184377,-3.4463294,18.17999,27.522894,19.633303,-13.569405,-6.1364,1.2022842,-3.8825917,-4.8984995,15.611911,8.691549,-12.760961
312,1.408501386642456,0.839723527431488,100.9393081665039,-1.561634452889298,-3.281274185180811,-128.73855956406024,0.77154386,4.580552,12.513324,-24.941818,22.164673,-2.853437,-9.934861,43.106815,73.4833,3.4285173,3.0200891,-17.093218,-4.253976,9.8820715,-20.951614,62.384315,12.732597,-3.2588048,11.270681,-3.4994009,18.290192,27.505249,19.662844,-13.595045,-6.108021,1.1742501,-3.7820718,-4.8713155,15.588958,8.646233,-12.725967
313,1.3898845911026,0.9060676097869873,100.93778228759766,-1.6138365662271317,-3.281477276733282,-128.7564424852241,0.7674081,4.6143155,12.562505,-24.850193,22.14588,-2.9309077,-9.885419,43.251873,73.310005,3.256288,2.9444726,-16.942738,-4.2356467,9.833865,-21.077137,62.466217,12.655253,-3.209112,11.323462,-3.5434299,18.389948,27.488441,19.679192,-13.616263,-6.0722394,1.1579578,-3.688042,-4.8606906,15.558934,8.603208,-12.688628
314,1.3724180459976196,0.9635035991668701,100.93891906738281,-1.6599362562336146,-3.28426475643678,-128.7654557112711,0.767645,4.6344323,12.605947,-24.760338,22.107113,-2.997539,-9.852247,43.37653,73.056274,3.0480585,2.784478,-16.792364,-4.200764,9.797384,-21.222658,62.512367,12.589013,-3.167544,11.356652,-3.569665,18.473534,27.478983,19.677309,-13.632426,-6.031476,1.1619965,-3.6042557,-4.870352,15.511733,8.565551,-12.645522
315,1.357270359992981,1.0154175758361816,100.94178771972656,-1.698784727374011,-3.2845843794844676,-128.7606422470886,0.7692538,4.6420007,12.639966,-24.668425,22.046144,-3.0572026,-9.833428,43.482784,72.738525,2.8303013,2.572582,-16.656178,-4.153703,9.770802,-21.381033,62.530407,12.551678,-3.1342864,11.376548,-3.593565,18.540009,27.461557,19.660042,-13.644425,-5.9855967,1.1708775,-3.532138,-4.8955817,15.461507,8.530747,-12.602937
316,1.347790241241455,1.0618572235107422,100.94502258300781,-1.7299065135110787,-3.2773904182630007,-128.73656542082756,0.76913524,4.6376624,12.661064,-24.571508,21.960232,-3.1177218,-9.826877,43.575058,72.37808,2.6319416,2.3402777,-16.54753,-4.0987787,9.751854,-21.541908,62.52766,12.564127,-3.1096737,11.388874,-3.6364877,18.589243,27.415154,19.63958,-13.652137,-5.9406986,1.1700435,-3.4742718,-4.932231,15.421084,8.498435,-12.566338
317,1.3352751731872559,1.1062666177749634,100.94862365722656,-1.7502696221640137,-3.2618083225927963,-128.69276969911547,0.76299316,4.617592,12.667652,-24.46981,21.847342,-3.1793284,-9.829734,43.65115,71.970406,2.4588642,2.0800662,-16.470034,-4.029357,9.740357,-21.690279,62.49775,12.656656,-3.1016896,11.386409,-3.6795273,18.616192,27.354416,19.59035,-13.660361,-5.883863,1.1546419,-3.4301271,-4.978476,15.398806,8.463173,-12.540814
318,1.3281340599060059,1.1456316709518433,100.95372009277344,-1.761469190228555,-3.2402777496058652,-128.6315584675025,0.7449152,4.5793486,12.664375,-24.365877,21.717512,-3.247637,-9.834904,43.699665,71.52067,2.277545,1.7778512,-16.41322,-3.9380522,9.73516,-21.789946,62.43449,12.84606,-3.110952,11.358487,-3.7327063,18.622913,27.272879,19.53038,-13.664331,-5.8246284,1.1356714,-3.4012108,-5.038581,15.37927,8.429735,-12.517452
319,1.321704626083374,1.1820605993270874,100.95884704589844,-1.7682821832551692,-3.2131393306614298,-128.55283483779255,0.72017413,4.5324054,12.650486,-24.258387,21.586979,-3.3231826,-9.840593,43.73873,71.04804,2.0948184,1.4598216,-16.376886,-3.845406,9.731646,-21.874804,62.366863,13.070059,-3.1249065,11.324772,-3.7967649,18.618464,27.17094,19.462475,-13.665295,-5.7619667,1.1132169,-3.3799045,-5.112746,15.363089,8.398705,-12.497985
320,1.3166192770004272,1.2108838558197021,100.96428680419922,-1.7753282228770673,-3.1806062945697153,-128.45684283382778,0.6967123,4.484323,12.625903,-24.129465,21.429045,-3.4051275,-9.849548,43.782745,70.566605,1.9175584,1.1534927,-16.361433,-3.7612965,9.7284975,-21.979235,62.301956,13.267446,-3.11924,11.305537,-3.876613,18.609152,27.045212,19.397512,-13.661604,-5.702415,1.1017388,-3.361789,-5.208989,15.331518,8.374484,-12.476532
321,1.310686469078064,1.2379976511001587,100.96846771240234,-1.7846358733672987,-3.1404162919920178,-128.33898625070736,0.6681684,4.436482,12.58822,-23.992142,21.275173,-3.4928308,-9.861819,43.825024,70.07078,1.7320975,0.8623164,-16.365086,-3.6876352,9.726061,-22.094034,62.246105,13.451155,-3.0940704,11.29508,-3.9896345,18.60223,26.878893,19.346798,-13.654074,-5.6475606,1.0926995,-3.3425884,-5.327646,15.29198,8.355165,-12.455516
322,1.3014957904815674,1.2603600025177002,100.97366333007812,-1.7931754645269833,-3.0932784796989754,-128.20070441274012,0.62377757,4.382459,12.542865,-23.869978,21.1576,-3.5919528,-9.869617,43.848843,69.561325,1.5196825,0.57362723,-16.384766,-3.6179378,9.724516,-22.163101,62.197968,13.672594,-3.070266,11.2734165,-4.1144795,18.588978,26.68976,19.288132,-13.644053,-5.5894275,1.0960371,-3.3249445,-5.473085,15.23406,8.3394375,-12.431718
323,1.2975976467132568,1.282637357711792,100.97895812988281,-1.7990721647616608,-3.0435852166927724,-128.05087243054822,0.58394235,4.3245034,12.4908695,-23.720055,21.007301,-3.7000554,-9.879632,43.872017,69.0498,1.3083395,0.2873352,-16.42364,-3.5503547,9.72333,-22.239779,62.143337,13.877639,-3.0344632,11.264869,-4.254579,18.569122,26.481092,19.2334,-13.629518,-5.5318856,1.0937475,-3.313555,-5.625302,15.181769,8.328107,-12.410514
324,1.2988991737365723,1.3046990633010864,100.9826431274414,-1.8004257537606627,-2.995671069019778,-127.89791136228955,0.56229925,4.266296,12.437275,-23.535582,20.814655,-3.8148928,-9.897995,43.89916,68.547714,1.1076776,0.005899407,-16.481943,-3.4963949,9.723266,-22.35359,62.09502,14.01951,-2.995821,11.281817,-4.401123,18.542685,26.264065,19.186806,-13.61254,-5.4782476,1.0816259,-3.3106952,-5.772521,15.147326,8.320422,-12.397176
325,1.306632399559021,1.32167649269104,100.98627471923828,-1.7968229448309483,-2.947425253806079,-127.74205113598967,0.5428738,4.202981,12.384827,-23.374386,20.66869,-3.9425204,-9.912458,43.917286,68.06492,0.87656176,-0.2707804,-16.551699,-3.4612298,9.723707,-22.433054,62.074223,14.128939,-2.9792519,11.304365,-4.5490127,18.505247,26.044058,19.140396,-13.592044,-5.426627,1.0670971,-3.3182123,-5.9188805,15.1170225,8.318805,-12.386188
326,1.3129826784133911,1.330991268157959,100.9902572631836,-1.7894461858824176,-2.897722242801952,-127.57943199738001,0.53124565,4.1363883,12.33091,-23.18839,20.503916,-4.082721,-9.930417,43.93362,67.59102,0.63442457,-0.5481901,-16.637646,-3.4379795,9.725152,-22.515059,62.060802,14.201584,-2.9651704,11.343529,-4.697813,18.460344,25.816942,19.095192,-13.571355,-5.3791656,1.058023,-3.3324983,-6.073017,15.084455,8.322033,-12.378551
327,1.32286536693573,1.333874225616455,100.9945068359375,-1.7777969531540887,-2.8521065630908153,-127.41238421428295,0.52474886,4.067032,12.281887,-22.994686,20.335115,-4.2350187,-9.949624,43.945812,67.128235,0.40309218,-0.8135906,-16.743443,-3.4262574,9.727417,-22.597324,62.056084,14.251068,-2.9530215,11.393326,-4.8389235,18.40602,25.590677,19.049536,-13.548133,-5.335112,1.0564594,-3.3552082,-6.233061,15.053191,8.329848,-12.37398
328,1.3364598751068115,1.3350404500961304,100.99856567382812,-1.761893644016405,-2.8163358550886293,-127.24349804253181,0.5211937,3.9941535,12.245137,-22.803894,20.168386,-4.4031186,-9.972381,43.950325,66.68701,0.2020496,-1.0587975,-16.874437,-3.422769,9.731011,-22.679556,62.056095,14.294899,-2.939862,11.45054,-4.9687405,18.345524,25.368078,19.008562,-13.52327,-5.2954874,1.0591396,-3.3854914,-6.393996,15.035674,8.340227,-12.3767
329,1.3462622165679932,1.3332160711288452,101.00164794921875,-1.7423109437720645,-2.793511374839661,-127.07218282884755,0.5209421,3.9181042,12.223238,-22.619633,20.00096,-4.58732,-9.995757,43.943672,66.26534,0.027295925,-1.2855985,-17.035261,-3.4263124,9.73549,-22.758886,62.058933,14.340695,-2.922348,11.517893,-5.0682626,18.279575,25.162601,18.958466,-13.500674,-5.2549543,1.0761389,-3.4197824,-6.5614433,15.027969,8.350407,-12.388609
330,1.3556668758392334,1.3325062990188599,101.00366973876953,-1.719113461792888,-2.7801111941467305,-126.89737734850583,0.5250586,3.8388722,12.212674,-22.439844,19.831892,-4.7868304,-10.0209,43.923927,65.86258,-0.1333854,-1.4979811,-17.222145,-3.4378045,9.741194,-22.834297,62.065556,14.382079,-2.9028325,11.595362,-5.156174,18.210049,24.959808,18.910315,-13.478806,-5.2160316,1.0972362,-3.4587793,-6.7313643,15.034005,8.360962,-12.408525
331,1.376961588859558,1.3310946226119995,101.00672149658203,-1.690568654248816,-2.771787292266791,-126.72136997140241,0.53402126,3.756103,12.212944,-22.26708,19.66816,-5.0030212,-10.047872,43.89097,65.48106,-0.2669119,-1.6884805,-17.423717,-3.4588234,9.748167,-22.905855,62.074585,14.411545,-2.8861206,11.67443,-5.2403727,18.128544,24.7587,18.86209,-13.450055,-5.1777463,1.1183689,-3.50924,-6.9008904,15.045805,8.37664,-12.428118
332,1.4010400772094727,1.3256752490997314,101.01134490966797,-1.654766433604653,-2.7640822739285182,-126.54625066718228,0.54961973,3.6702433,12.224731,-22.105637,19.518398,-5.2376566,-10.078043,43.846878,65.12011,-0.35459405,-1.8489654,-17.627718,-3.4907122,9.756808,-22.975246,62.08318,14.421715,-2.8774192,11.746676,-5.310836,18.032974,24.568724,18.800404,-13.417791,-5.1359067,1.1407148,-3.5707498,-7.0707893,15.058181,8.395947,-12.447233
333,1.4280208349227905,1.3166463375091553,101.01564025878906,-1.6100837868650797,-2.7590700323770223,-126.37260279612617,0.57271916,3.5801857,12.2533455,-21.95554,19.385815,-5.4985776,-10.108573,43.793518,64.782555,-0.37914357,-1.9698832,-17.83549,-3.5349872,9.766139,-23.042402,62.088226,14.400637,-2.8805532,11.812231,-5.3681726,17.922626,24.38814,18.730103,-13.38185,-5.092764,1.1605195,-3.6459484,-7.2381926,15.079896,8.41905,-12.469039
334,1.4588074684143066,1.3034144639968872,101.0210189819336,-1.5579504132081892,-2.7579850078686956,-126.19926739761243,0.601326,3.4868207,12.297931,-21.816748,19.268667,-5.785696,-10.142114,43.731647,64.47041,-0.3504821,-2.0590267,-18.051332,-3.5933304,9.777121,-23.10855,62.09425,14.353555,-2.892574,11.875311,-5.4090214,17.798103,24.218805,18.648603,-13.34221,-5.0474205,1.1858922,-3.732958,-7.4081707,15.102037,8.4464,-12.490391
335,1.4932169914245605,1.2915412187576294,101.02825164794922,-1.5013204400395226,-2.755575381952051,-126.02567278807433,0.6354137,3.3906016,12.347103,-21.69127,19.165495,-6.08489,-10.1752205,43.66494,64.179695,-0.29236397,-2.134348,-18.267794,-3.660251,9.788531,-23.174091,62.105488,14.300324,-2.9077094,11.935025,-5.4422398,17.663595,24.057404,18.55209,-13.299191,-4.9945807,1.2104104,-3.8261805,-7.57871,15.121351,8.475013,-12.508861
336,1.5276113748550415,1.2776522636413574,101.0355224609375,-1.4436022529164798,-2.7468082293060783,-125.85144125774919,0.6724423,3.2924633,12.387538,-21.57789,19.07654,-6.381471,-10.210551,43.596252,63.910748,-0.23048307,-2.2144797,-18.479174,-3.7304814,9.801431,-23.240873,62.128742,14.261146,-2.9193888,11.990839,-5.477356,17.52532,23.898096,18.44833,-13.255169,-4.9390454,1.2296889,-3.9210966,-7.7475786,15.138524,8.504072,-12.527288
337,1.5564613342285156,1.2616350650787354,101.04373931884766,-1.3857024836821714,-2.7293582404476453,-125.67655494726763,0.7128556,3.1924934,12.414397,-21.474543,19.008297,-6.674605,-10.247828,43.52846,63.663998,-0.15372694,-2.3060787,-18.687037,-3.8021514,9.81579,-23.310398,62.165905,14.236081,-2.9272754,12.044672,-5.51248,17.385616,23.742388,18.332905,-13.212264,-4.8794074,1.2493128,-4.013753,-7.9186554,15.143736,8.531384,-12.543502
338,1.5889296531677246,1.2444918155670166,101.05296325683594,-1.3256437340299527,-2.7063822584114714,-125.50141672408974,0.756633,3.089738,12.433154,-21.379335,18.9603,-6.970233,-10.283971,43.46348,63.441307,-0.052510794,-2.3992953,-18.894785,-3.8767378,9.830367,-23.382498,62.213554,14.214662,-2.9333081,12.096949,-5.5460973,17.23848,23.592184,18.20491,-13.165822,-4.81414,1.2668362,-4.1100492,-8.089816,15.14109,8.559901,-12.555478
339,1.6220035552978516,1.2171032428741455,101.06169128417969,-1.2629709352998109,-2.680364314642733,-125.32519253531719,0.80382365,2.9846458,12.447561,-21.293133,18.91883,-7.262929,-10.321142,43.402042,63.234825,0.050493345,-2.4847865,-19.09542,-3.9544146,9.846154,-23.45709,62.26742,14.201929,-2.9349136,12.142311,-5.58092,17.086039,23.440407,18.081875,-13.118639,-4.756628,1.2901143,-4.211822,-8.26489,15.131689,8.592698,-12.567696
340,1.6505112648010254,1.1888830661773682,101.07252502441406,-1.1969623709142887,-2.6539863294872834,-125.14728876276476,0.8709509,2.8804903,12.484236,-21.235594,18.845678,-7.553316,-10.37537,43.322716,63.01619,0.1324643,-2.5562732,-19.278042,-4.0599318,9.870771,-23.567837,62.32093,14.177708,-2.9311388,12.180741,-5.5972795,16.926878,23.302221,17.936176,-13.074425,-4.6893044,1.3194818,-4.3154764,-8.445836,15.116999,8.625986,-12.579276
341,1.6825976371765137,1.1666966676712036,101.0825424194336,-1.1262466769482247,-2.6270195907544283,-124.9683193461273,0.92480254,2.7688982,12.4847975,-21.172,18.780107,-7.811635,-10.412071,43.271904,62.804726,0.18933244,-2.5832186,-19.442238,-4.1372113,9.888067,-23.64078,62.37598,14.198182,-2.9124854,12.184534,-5.6111746,16.760399,23.167301,17.779612,-13.030037,-4.613415,1.3309636,-4.42592,-8.617777,15.123645,8.659977,-12.596852
342,1.7166085243225098,1.1392215490341187,101.09274291992188,-1.0514203040987387,-2.5985285906931854,-124.78848288675572,0.9861368,2.6549935,12.500077,-21.124321,18.698418,-8.082486,-10.450303,43.223576,62.60967,0.24344428,-2.5952516,-19.593311,-4.2294908,9.907159,-23.713737,62.43328,14.2348385,-2.891223,12.175025,-5.622271,16.586584,23.03432,17.620794,-12.985417,-4.53934,1.3395948,-4.5435658,-8.788395,15.136115,8.69797,-12.618343
343,1.741895318031311,1.1076146364212036,101.10238647460938,-0.9752705350241829,-2.5693615183338623,-124.60616450175385,1.0491616,2.5399373,12.514275,-21.089436,18.60251,-8.34175,-10.487403,43.179295,62.416855,0.27469316,-2.6016119,-19.735785,-4.3261824,9.926711,-23.785257,62.49221,14.279928,-2.8621135,12.161275,-5.6219673,16.412077,22.907207,17.452433,-12.945203,-4.463345,1.3556554,-4.6602616,-8.965934,15.144914,8.735317,-12.642514
344,1.7725812196731567,1.0822875499725342,101.11236572265625,-0.9006681140215649,-2.5402267615762466,-124.41997723570636,1.1125457,2.424509,12.519957,-21.05676,18.489244,-8.581562,-10.524859,43.140625,62.22592,0.27101544,-2.6166492,-19.875725,-4.4193153,9.947402,-23.85447,62.549072,14.330943,-2.8204865,12.156227,-5.629988,16.238718,22.77238,17.28574,-12.90198,-4.384502,1.3663082,-4.776014,-9.144205,15.158381,8.772921,-12.666191
345,1.7959706783294678,1.0496033430099487,101.12162780761719,-0.8282289598672843,-2.5109616510572077,-124.22760780254654,1.174296,2.309936,12.511694,-21.022518,18.351936,-8.783979,-10.562096,43.110313,62.03019,0.20814529,-2.6439447,-20.011877,-4.5055237,9.96896,-23.919743,62.59997,14.389553,-2.758182,12.164325,-5.633484,16.06882,22.63473,17.119986,-12.861151,-4.3103065,1.3927109,-4.887512,-9.337272,15.160753,8.811622,-12.69111
346,1.817472219467163,1.0135383605957031,101.12968444824219,-0.7566057026112475,-2.4812971713211884,-124.03075585734582,1.236848,2.194315,12.491964,-20.98719,18.192587,-8.961541,-10.601592,43.08905,61.835365,0.104905136,-2.6740763,-20.14211,-4.585864,9.992856,-23.980844,62.646343,14.4600115,-2.6789286,12.17715,-5.641249,15.901025,22.489645,16.961403,-12.820947,-4.241218,1.4243903,-4.9980583,-9.537409,15.161505,8.851754,-12.718231
