Frame,root_translateX,root_translateY,root_translateZ,root_rotateX,root_rotateY,root_rotateZ,left_hip_pitch_joint,left_hip_roll_joint,left_hip_yaw_joint,left_knee_joint,left_ankle_pitch_joint,left_ankle_roll_joint,right_hip_pitch_joint,right_hip_roll_joint,right_hip_yaw_joint,right_knee_joint,right_ankle_pitch_joint,right_ankle_roll_joint,waist_yaw_joint,waist_roll_joint,waist_pitch_joint,left_shoulder_pitch_joint,left_shoulder_roll_joint,left_shoulder_yaw_joint,left_elbow_joint,left_wrist_roll_joint,left_wrist_pitch_joint,left_wrist_yaw_joint,right_shoulder_pitch_joint,right_shoulder_roll_joint,right_shoulder_yaw_joint,right_elbow_joint,right_wrist_roll_joint,right_wrist_pitch_joint,right_wrist_yaw_joint
0,0.1287524551153183,2.7997164726257324,78.69093322753906,-0.5796446470474583,-1.1615386686588798,-88.58063260136034,0.5840339,2.1113536,16.772533,7.0156703,-7.5727158,1.0222427,-0.1312892,-2.5003638,-11.156637,11.107307,-9.239024,0.6802497,-4.9143677,0.37637195,8.052222,-3.6547859,8.411674,-24.576244,66.53109,26.347065,-5.5320916,11.234469,-2.91958,-7.916827,21.055233,66.26351,-7.5187836,-1.6035794,-6.62256
1,0.13219285011291504,2.8016622066497803,78.68509674072266,-0.5702578549637919,-1.1851254033617111,-88.58019251363363,0.5961635,2.101266,16.768038,7.047086,-7.598287,1.0093806,-0.18408197,-2.5243282,-11.134749,11.278507,-9.344287,0.70246327,-4.863019,0.35045362,8.123061,-3.7063694,8.476536,-24.602087,66.495766,26.301483,-5.541257,11.139134,-3.0208588,-7.9760137,21.163347,66.29973,-7.6435933,-1.5805423,-6.5432878
2,0.12855786085128784,2.807379722595215,78.67598724365234,-0.5608757874582505,-1.2073813497742254,-88.57838624871616,0.60186344,2.0965176,16.761417,7.081659,-7.620475,0.99200064,-0.26830634,-2.5499597,-11.113093,11.508603,-9.4783745,0.7191426,-4.818725,0.32225978,8.192793,-3.7611516,8.538135,-24.615013,66.47566,26.254414,-5.556265,11.05911,-3.133317,-8.030902,21.303679,66.3606,-7.7325816,-1.5589955,-6.4831276
3,0.12344184517860413,2.817784070968628,78.66490936279297,-0.5514298179188836,-1.2323999369895846,-88.57931913628047,0.6081684,2.0935235,16.757355,7.1162224,-7.640245,0.9759327,-0.365699,-2.5764132,-11.089734,11.7671995,-9.625481,0.7355464,-4.7755036,0.29492098,8.271471,-3.827497,8.600171,-24.62641,66.45142,26.21992,-5.5642643,10.951892,-3.26889,-8.08506,21.468744,66.41797,-7.818003,-1.5358411,-6.4126315
4,0.1209925189614296,2.823812484741211,78.65149688720703,-0.5468552402578776,-1.2643375445066074,-88.58708537871678,0.47841454,2.141746,16.753185,7.4801583,-7.8396153,0.9613453,-0.4602423,-2.599321,-11.063562,12.040044,-9.783581,0.7562792,-4.728774,0.27090588,8.37383,-3.922938,8.670006,-24.65436,66.409386,26.201487,-5.555126,10.775358,-3.453467,-8.144919,21.666485,66.45431,-7.9148483,-1.5098495,-6.3039618
5,0.11896777153015137,2.827538251876831,78.63424682617188,-0.5491255503545929,-1.301404989664359,-88.59954276528276,0.28939828,2.2188663,16.748734,7.9941154,-8.121142,0.9502946,-0.56456435,-2.6177728,-11.038209,12.348645,-9.964014,0.7820758,-4.677737,0.2517135,8.496841,-4.038226,8.752399,-24.699825,66.335304,26.121782,-5.5307374,10.506286,-3.6886353,-8.213708,21.89342,66.482635,-7.9675784,-1.4771905,-6.139391
6,0.11779417097568512,2.8297462463378906,78.61541748046875,-0.556378546615618,-1.342371301323694,-88.61558209312716,0.08528338,2.3081763,16.745064,8.556105,-8.430587,0.94254,-0.67258507,-2.6326597,-11.013294,12.67643,-10.156928,0.81163174,-4.623773,0.235588,8.635805,-4.1658926,8.849722,-24.762348,66.23178,25.997004,-5.495998,10.168282,-3.9598234,-8.292466,22.146769,66.50031,-7.986485,-1.4401941,-5.933146
7,0.11510418355464935,2.8357295989990234,78.59477233886719,-0.5647448093537609,-1.392205181031963,-88.64086109022223,-0.11587256,2.4044864,16.749613,9.132835,-8.748532,0.934436,-0.78290695,-2.6447797,-10.981085,13.022155,-10.357248,0.8388203,-4.565734,0.22013183,8.803081,-4.3276715,8.9675865,-24.865158,66.109665,25.964052,-5.4456053,9.791276,-4.2697134,-8.38626,22.447298,66.46763,-8.074424,-1.4073161,-5.707344
8,0.11228072643280029,2.8427491188049316,78.57416534423828,-0.5722086594837188,-1.4555179275117605,-88.6811506513108,-0.2761854,2.4971607,16.770927,9.659894,-9.045632,0.9229231,-0.87577546,-2.6529896,-10.934307,13.354408,-10.54765,0.860422,-4.501929,0.2026368,9.011368,-4.5478234,9.113813,-25.044325,65.98296,26.147028,-5.376546,9.406967,-4.6219187,-8.50333,22.828516,66.344025,-8.320987,-1.3876575,-5.485443
9,0.10758592188358307,2.8507020473480225,78.55484771728516,-0.5796900135924925,-1.5378487779256182,-88.73853880312996,-0.3841791,2.5876591,16.811892,10.127267,-9.317844,0.9059204,-0.9374036,-2.6530108,-10.870799,13.656746,-10.721249,0.8742506,-4.425739,0.18480112,9.266259,-4.8356004,9.293392,-25.333687,65.85453,26.559597,-5.28711,8.962439,-5.021632,-8.649466,23.328274,66.14665,-8.708039,-1.3939666,-5.2625937
10,0.1029270589351654,2.855491876602173,78.53640747070312,-0.585062712665665,-1.6351493807317499,-88.8098084446004,-0.44850105,2.673853,16.868992,10.549147,-9.5746,0.8860802,-0.9767233,-2.6499152,-10.793958,13.946218,-10.8894205,0.8848302,-4.3397813,0.16854146,9.559392,-5.175908,9.508723,-25.737062,65.71106,27.112589,-5.1818705,8.463282,-5.4617867,-8.827065,23.951666,65.88077,-9.169863,-1.4205151,-5.031936
11,0.10316777974367142,2.860762357711792,78.51798248291016,-0.5923452481822113,-1.738165218265949,-88.8925453885428,-0.490281,2.7575173,16.938276,10.941772,-9.820131,0.8665974,-1.0014731,-2.643221,-10.707163,14.212677,-11.043366,0.89462614,-4.256781,0.14910606,9.88189,-5.5497775,9.765354,-26.238615,65.531,27.783665,-5.06074,8.02559,-5.9223084,-9.041802,24.670689,65.478966,-9.740784,-1.4421353,-4.811742
12,0.10998547077178955,2.853959083557129,78.50289154052734,-0.5965068548935024,-1.8376397876003514,-88.98454145178779,-0.4809503,2.8221712,17.018837,11.2368965,-10.024998,0.84695375,-1.0006378,-2.636365,-10.612973,14.427331,-11.174301,0.9071279,-4.1886907,0.123162016,10.225943,-5.936361,10.070945,-26.815134,65.28807,28.557367,-4.924112,7.7596827,-6.3814936,-9.301169,25.441744,64.87271,-10.468973,-1.4374751,-4.6123195
13,0.11186812818050385,2.8461105823516846,78.49105834960938,-0.5995556025209935,-1.946290622008922,-89.0870704328236,-0.42827466,2.8820944,17.109331,11.466586,-10.197594,0.8196822,-0.9714236,-2.6216478,-10.513096,14.599072,-11.282422,0.91162604,-4.1400805,0.08733802,10.615049,-6.369662,10.430986,-27.486101,65.04257,29.502071,-4.806582,7.6712174,-6.8572016,-9.609835,26.265446,64.05896,-11.393577,-1.4062383,-4.389032
14,0.11726317554712296,2.8482441902160645,78.47991943359375,-0.5993998725629293,-2.0640677654426063,-89.20069035755309,-0.34804565,2.9322548,17.21215,11.649165,-10.343523,0.79366493,-0.9321677,-2.6080992,-10.403908,14.752369,-11.372794,0.913278,-4.101886,0.04490155,11.046064,-6.8435373,10.8473425,-28.264353,64.77476,30.595036,-4.697172,7.70179,-7.3425803,-9.969421,27.151268,63.05036,-12.490793,-1.3601968,-4.1392336
15,0.11353648453950882,2.8395376205444336,78.47251892089844,-0.5999914450968634,-2.162031271941925,-89.32207126964319,-0.25418442,2.9832225,17.321852,11.7720995,-10.461065,0.7583288,-0.88559246,-2.5812693,-10.290379,14.8530035,-11.439459,0.9095491,-4.0653963,0.0011643753,11.469315,-7.2666354,11.32285,-29.094873,64.33013,31.708096,-4.5247655,7.858153,-7.772668,-10.383987,28.053272,61.793755,-13.731843,-1.2905871,-3.9323184
16,0.11148115247488022,2.8341968059539795,78.46758270263672,-0.6021827970793586,-2.2113526029379087,-89.44787550514316,-0.2017678,3.0316548,17.436234,11.861576,-10.552085,0.72685677,-0.88127446,-2.5490746,-10.171909,14.920865,-11.480736,0.9097651,-4.022974,-0.03937879,11.834714,-7.535452,11.862788,-29.884146,63.539722,32.74858,-4.2203283,8.133738,-8.074517,-10.860954,28.896763,60.224445,-15.117448,-1.1840073,-3.828037
17,0.1173883005976677,2.8201091289520264,78.46573638916016,-0.6052108455060337,-2.207285981301477,-89.57909318948704,-0.17953071,3.0696998,17.557627,11.8991375,-10.615259,0.70193714,-0.9133182,-2.514953,-10.04529,14.947048,-11.498221,0.92195755,-3.9809542,-0.07469461,12.135675,-7.6394124,12.4738035,-30.585056,62.371284,33.765877,-3.7527456,8.551426,-8.245736,-11.407941,29.641872,58.293224,-16.811262,-1.0193964,-3.80227
18,0.1106901541352272,2.7885382175445557,78.46752166748047,-0.6092862265233551,-2.1644662075294048,-89.71687944026957,-0.16746682,3.1125963,17.68406,11.890402,-10.657021,0.6661795,-0.95768553,-2.4656954,-9.914051,14.926198,-11.497856,0.93140316,-3.9420474,-0.10700828,12.397885,-7.6020746,13.160663,-31.19689,60.870808,34.835464,-3.163019,9.072636,-8.295666,-12.029742,30.293205,56.00157,-18.800558,-0.8037663,-3.8028874
19,0.10347670316696167,2.764523506164551,78.4709243774414,-0.6152556261887602,-2.0827318345000654,-89.85817907084879,-0.200779,3.1577897,17.813456,11.873631,-10.683637,0.63265496,-1.0445199,-2.411915,-9.780829,14.890412,-11.478912,0.9390202,-3.8953822,-0.13826895,12.619173,-7.370946,13.927331,-31.684614,58.981884,35.913784,-2.4915738,9.597247,-8.168967,-12.731739,30.836273,53.357788,-20.830502,-0.5605282,-3.8494427
20,0.09337645769119263,2.7278149127960205,78.47639465332031,-0.6221844476886335,-1.9620083494581086,-89.99997779137715,-0.2565449,3.202479,17.94319,11.829465,-10.698443,0.5954589,-1.155095,-2.3529983,-9.651115,14.829739,-11.44893,0.9419443,-3.830335,-0.16859423,12.797157,-6.8852954,14.7780695,-31.990814,56.63112,36.977867,-1.7855966,10.019702,-7.8039303,-13.520025,31.244959,50.354824,-22.65244,-0.314402,-3.958394
21,0.08397664874792099,2.6842563152313232,78.48301696777344,-0.6274944389681609,-1.8074152652157267,-90.14549410168384,-0.32867673,3.2406518,18.077343,11.750094,-10.696216,0.5581592,-1.2905757,-2.2939577,-9.521728,14.750649,-11.406825,0.940487,-3.7337778,-0.20265563,12.934729,-6.1127267,15.720918,-32.06936,53.688564,38.081455,-1.0007589,10.317013,-7.183826,-14.405153,31.517216,46.90528,-24.280933,-0.0453096,-4.1570992
22,0.07275626063346863,2.641718626022339,78.49169921875,-0.6332328433658587,-1.6172836144513671,-90.29502877544752,-0.4284032,3.276986,18.21548,11.643264,-10.6744175,0.520836,-1.4552668,-2.2307596,-9.391777,14.646513,-11.345568,0.93434125,-3.6177926,-0.23709896,13.0344305,-5.054114,16.761663,-31.903032,50.158283,39.25589,-0.14807804,10.495227,-6.314376,-15.394443,31.64979,42.98557,-25.82114,0.24725017,-4.392655
23,0.061637524515390396,2.586291790008545,78.49971008300781,-0.6439530501088749,-1.3822372817677373,-90.44118133307327,-0.5851632,3.322566,18.348879,11.566826,-10.668771,0.48211202,-1.6630112,-2.1633937,-9.267355,14.543424,-11.286041,0.9278265,-3.5075,-0.26233396,13.095201,-3.7089825,17.897455,-31.480942,46.179585,40.43528,0.6324798,10.506413,-5.180051,-16.485556,31.597631,38.697506,-27.167828,0.5028547,-4.5745597
24,0.05063265562057495,2.5224626064300537,78.50521087646484,-0.6651174391106631,-1.0923881672282327,-90.57659611040786,-0.8523547,3.3947496,18.467634,11.602224,-10.715097,0.4430347,-1.9388014,-2.0895586,-9.154899,14.4668045,-11.239077,0.9220852,-3.4241955,-0.27001974,13.1155205,-2.0895917,19.117111,-30.800362,41.918243,41.53825,1.1965141,10.325415,-3.7726116,-17.666904,31.292547,34.1555,-28.2269,0.6548821,-4.6243396
25,0.04062538594007492,2.4654929637908936,78.50552368164062,-0.698778117966516,-0.7354876817953012,-90.69887282860009,-1.2699536,3.5003932,18.568256,11.782908,-10.819552,0.4062711,-2.3087654,-2.0086017,-9.056823,14.424242,-11.200396,0.91975194,-3.3733895,-0.25733107,13.075265,-0.19631344,20.413279,-29.841494,37.3432,42.51632,1.4573432,9.929939,-2.0857043,-18.929384,30.662258,29.286367,-28.944841,0.7190538,-4.451435
26,0.0331471785902977,2.4205286502838135,78.50184631347656,-0.742234476673473,-0.3203060814784262,-90.81226421269216,-1.8122466,3.629973,18.655779,12.068484,-10.959899,0.3745432,-2.7626595,-1.9228301,-8.969566,14.405771,-11.160496,0.9194084,-3.3344023,-0.2318085,12.982558,1.9697182,21.77578,-28.60622,32.404804,43.36497,1.4703269,9.344212,-0.1210606,-20.262476,29.703798,24.066135,-29.362926,0.68915516,-4.110581
27,0.026494992896914482,2.3695414066314697,78.4942626953125,-0.7925017766641632,0.13164938276717192,-90.91952257050559,-2.434713,3.7789779,18.731806,12.442726,-11.142207,0.3456409,-3.2742727,-1.8351067,-8.890237,14.430008,-11.139631,0.9155073,-3.2910125,-0.19899707,12.872913,4.361528,23.178709,-27.155502,27.305622,44.036564,1.3255647,8.66114,2.0842414,-21.64233,28.483809,18.743181,-29.499392,0.4773803,-3.7924018
28,0.013646727427840233,2.322688341140747,78.47940063476562,-0.8456186420072959,0.5985836137670901,-91.02349471703779,-3.1391954,3.9558563,18.796034,12.950018,-11.382591,0.319452,-3.857344,-1.7490722,-8.815913,14.564083,-11.165584,0.89614,-3.228689,-0.16306125,12.774411,6.902135,24.585194,-25.58321,22.304306,44.489025,1.1541381,8.014466,4.471813,-23.037176,27.099148,13.610377,-29.376686,0.024130622,-3.7261364
29,-0.0020586070604622364,2.2771456241607666,78.45707702636719,-0.9034775553315358,1.087984462717109,-91.12657671215841,-3.919901,4.15758,18.85,13.565039,-11.671987,0.29649076,-4.505482,-1.66122,-8.745597,14.779649,-11.224815,0.86472535,-3.136725,-0.11535759,12.655083,9.534979,25.96455,-23.937815,17.509676,44.75953,1.0547302,7.463287,7.0251274,-24.424486,25.588234,8.755275,-28.945072,-0.6949779,-4.0602155
30,-0.024314353242516518,2.2262866497039795,78.43108367919922,-0.9660272094615857,1.607096006931174,-91.22689512764275,-4.760382,4.3785486,18.892782,14.2415085,-11.98749,0.27292138,-5.2067275,-1.5675244,-8.681977,15.043805,-11.305377,0.8224017,-3.0249748,-0.0507096,12.491844,12.235895,27.293962,-22.226637,12.898598,44.825333,1.0147134,7.0182414,9.723183,-25.78608,23.943232,4.1199503,-28.19478,-1.6005297,-4.724706
31,-0.039792679250240326,2.202099561691284,78.3920669555664,-1.0302528120055754,2.134363579326529,-91.32052046729775,-5.69405,4.615421,18.920256,15.055068,-12.351935,0.2681272,-6.0035257,-1.4890084,-8.623382,15.454866,-11.437136,0.7698814,-2.9134839,0.023064557,12.323299,14.969484,28.546947,-20.487831,8.546197,44.589066,1.022593,6.7461576,12.490976,-27.093094,22.196354,-0.20015565,-27.247772,-2.5836985,-5.632608
32,-0.047787897288799286,2.1903443336486816,78.3436508178711,-1.0897474195953194,2.64824137131582,-91.4032835271201,-6.658273,4.8474846,18.932644,15.938447,-12.740057,0.2840433,-6.862984,-1.4341209,-8.570056,16.011082,-11.626738,0.7044802,-2.8261487,0.09650214,12.187668,17.6999,29.696032,-18.771803,4.536569,43.962486,1.0752834,6.714738,15.238042,-28.30913,20.400312,-4.0893536,-26.241459,-3.523527,-6.711087
33,-0.058806758373975754,2.1818830966949463,78.2828369140625,-1.1443967537931985,3.155005907436895,-91.47112036953664,-7.66248,5.08267,18.921364,16.907022,-13.160243,0.31622818,-7.788602,-1.3969485,-8.525001,16.71804,-11.882048,0.6155416,-2.7723243,0.17125285,12.075089,20.444912,30.72124,-17.099434,0.84405077,42.90449,1.2813911,6.99052,17.929468,-29.40387,18.57805,-7.472258,-25.243372,-4.4467854,-8.08645
34,-0.05579744279384613,2.1938931941986084,78.2103042602539,-1.196622104168417,3.6620910394119575,-91.52721433628196,-8.72034,5.311066,18.891848,17.947632,-13.598997,0.37699422,-8.789918,-1.3823596,-8.484211,17.553844,-12.17981,0.5147685,-2.7422435,0.24715924,11.963198,23.203749,31.609608,-15.455588,-2.5499535,41.541126,1.6436327,7.5276227,20.556469,-30.357805,16.720097,-10.369132,-24.255972,-5.3736734,-9.754801
35,-0.05735107511281967,2.227125883102417,78.12417602539062,-1.2437120791161718,4.14960883757013,-91.57800304035472,-9.814668,5.547176,18.850658,19.076118,-14.066814,0.44611558,-9.851962,-1.3817008,-8.445993,18.532766,-12.533501,0.39721906,-2.7382183,0.31371352,11.875029,25.902441,32.346645,-13.837717,-5.5344653,40.0283,1.9855434,8.212577,23.104277,-31.15071,14.837542,-12.83881,-23.32408,-6.174681,-11.447186
36,-0.049197301268577576,2.278789520263672,78.019287109375,-1.2833735483921231,4.597670644034848,-91.62987693374502,-10.930277,5.7849374,18.809727,20.318731,-14.589488,0.5249185,-10.964489,-1.4070677,-8.40254,19.681532,-12.961161,0.278946,-2.754374,0.35694203,11.8354845,28.473854,32.915714,-12.257809,-8.00048,38.53172,2.1327605,8.928126,25.530157,-31.762638,12.950359,-14.907509,-22.454239,-6.7215853,-12.891925
37,-0.03687054663896561,2.346545696258545,77.89529418945312,-1.3094002159461788,4.986453171311026,-91.68397032458215,-12.028737,6.016494,18.772745,21.645117,-15.155679,0.609016,-12.097244,-1.4609454,-8.350853,20.985283,-13.459657,0.15135382,-2.7982988,0.36005172,11.867728,30.93851,33.301228,-10.708241,-9.908327,37.031807,1.9065136,9.625883,27.82877,-32.172867,11.0434885,-16.574184,-21.639055,-6.923947,-13.876288
38,-0.013758335262537003,2.4260077476501465,77.75184631347656,-1.324639064753324,5.331459422911148,-91.73682875630384,-13.12411,6.23867,18.7351,23.050991,-15.762478,0.70596415,-13.25382,-1.5423015,-8.2905445,22.420464,-14.01676,0.017053938,-2.8655338,0.32909042,11.960056,33.33653,33.4918,-9.18976,-11.3526745,35.524467,1.4136547,10.332814,30.015541,-32.365757,9.115149,-17.83151,-20.890068,-6.88896,-14.538293
39,0.008438725024461746,2.5301260948181152,77.58170318603516,-1.3401298570412787,5.665634435714991,-91.78792649092067,-14.298062,6.484839,18.685217,24.611927,-16.432722,0.80870676,-14.49539,-1.6323352,-8.226649,24.020624,-14.6378,-0.12062318,-2.938076,0.28754616,12.091521,35.573387,33.482338,-7.737435,-12.375739,34.167934,0.9181401,11.036007,32.055138,-32.33711,7.2223535,-18.677187,-20.224403,-6.7824874,-15.134374
40,0.021355971693992615,2.6542277336120605,77.37594604492188,-1.367929134044956,6.021992659907677,-91.83720680736224,-15.608523,6.782531,18.613554,26.378574,-17.188128,0.9089301,-15.859575,-1.7117711,-8.165378,25.793266,-15.325912,-0.25594652,-2.9960275,0.26029056,12.244552,37.55447,33.273727,-6.4031844,-13.021329,33.106113,0.7038012,11.738877,33.894638,-32.094467,5.440653,-19.100384,-19.65732,-6.752292,-15.941279
41,0.032008856534957886,2.7929677963256836,77.13005828857422,-1.4092067082202728,6.378544826309103,-91.89029993818568,-17.030355,7.1293445,18.518862,28.360264,-18.04666,1.0097045,-17.331799,-1.7804562,-8.096427,27.763254,-16.09681,-0.38369724,-3.0285876,0.24679999,12.461304,39.303196,32.86476,-5.2238455,-13.321536,32.390472,0.907651,12.427313,35.58265,-31.644527,3.808042,-19.053843,-19.200829,-6.848715,-17.087734
42,0.04100336134433746,2.950286388397217,76.83575439453125,-1.458925585350858,6.728077080124297,-91.94559393574889,-18.553703,7.5152407,18.40082,30.54569,-19.000093,1.1138211,-18.905334,-1.8459607,-8.020471,29.929379,-16.949047,-0.509724,-3.0490887,0.23766194,12.745795,40.871662,32.254147,-4.194186,-13.2751255,31.9289,1.3619972,13.088854,37.15277,-30.990128,2.315272,-18.601448,-18.843056,-6.9822125,-18.40179
43,0.04761383309960365,3.126331329345703,76.4865493774414,-1.5175372472290583,7.126549919200094,-91.99183957809622,-20.24641,7.935609,18.250893,32.93214,-20.028355,1.2229408,-20.635782,-1.9159778,-7.955403,32.28164,-17.87581,-0.6294321,-3.0813253,0.2473059,13.026416,42.175903,31.450243,-3.2857847,-12.841007,31.627783,1.8889441,13.727046,38.51201,-30.1408,0.96278876,-17.876183,-18.561419,-7.0887494,-19.722149
44,0.05403050407767296,3.3024401664733887,76.08023834228516,-1.5861660803425686,7.6293522412668695,-92.01788916654097,-22.156609,8.380999,18.06209,35.50344,-21.11775,1.3373685,-22.558477,-1.9996926,-7.9182405,34.7936,-18.872295,-0.73510194,-3.150239,0.2888796,13.233124,43.116573,30.469526,-2.4586382,-11.959892,31.396898,2.306122,14.354693,39.54539,-29.112402,-0.24966565,-16.995481,-18.329357,-7.103534,-20.902008
45,0.06723528355360031,3.4864590167999268,75.59654998779297,-1.6654508496911653,8.294616658963847,-92.02671471318726,-24.398645,8.857645,17.82869,38.3423,-22.284655,1.4677217,-24.794542,-2.1049392,-7.8969507,37.5592,-19.951153,-0.81516004,-3.2709036,0.35978335,13.31487,43.712547,29.320803,-1.685904,-10.543075,31.272709,2.5612304,14.955487,40.24258,-27.91401,-1.3565154,-15.9424,-18.168724,-6.982719,-21.942394
46,0.08147541433572769,3.6842517852783203,75.02691650390625,-1.7548310983824364,9.078455958338356,-92.02289602396431,-26.922329,9.3640995,17.548115,41.438316,-23.532814,1.6110718,-27.296583,-2.2262213,-7.8879604,40.574467,-21.117083,-0.8807918,-3.4277296,0.45503032,13.324398,44.01158,28.008324,-0.9646884,-8.647151,31.266674,2.7277167,15.509687,40.66818,-26.551588,-2.3674989,-14.675924,-18.053858,-6.779281,-22.903614
47,0.09607585519552231,3.8903865814208984,74.3856201171875,-1.8517629621064502,9.883476092837084,-91.99752821308826,-29.545506,9.869529,17.225918,44.648342,-24.828346,1.7618002,-29.869286,-2.3677297,-7.9141216,43.689648,-22.353662,-0.94886553,-3.6013017,0.5825586,13.344791,43.94795,26.549448,-0.28691125,-6.419682,31.261057,2.821286,16.05024,40.79644,-25.043867,-3.2395718,-13.265503,-17.896305,-6.5694203,-23.753271
48,0.1140122041106224,4.094109535217285,73.70133972167969,-1.9529982137766222,10.611888025112691,-91.94114388158057,-32.06922,10.3392725,16.87512,47.80553,-26.12941,1.9145963,-32.30169,-2.5359707,-7.9956803,46.73108,-23.635275,-1.0321234,-3.7749808,0.7476331,13.459194,43.444904,24.973019,0.35669202,-3.9983566,31.130566,2.8674061,16.62672,40.576473,-23.421125,-3.903888,-11.770546,-17.612984,-6.4175634,-24.485233
49,0.13370585441589355,4.2736077308654785,72.98686218261719,-2.060711707871551,11.285839014647301,-91.84499735386315,-34.493416,10.77274,16.502785,50.88419,-27.43374,2.0627933,-34.57853,-2.7433789,-8.16037,49.65789,-24.98723,-1.139689,-3.9538534,0.9588516,13.619675,42.468307,23.294437,1.0044938,-1.1771537,30.534496,2.8391194,17.394997,39.994923,-21.702703,-4.325554,-10.118325,-17.013477,-6.305996,-25.218767
50,0.15728819370269775,4.4511027336120605,72.23136138916016,-2.17431276232915,11.941443556941651,-91.71606524235263,-36.90697,11.177569,16.106564,53.947987,-28.743132,2.2162206,-36.798775,-2.990132,-8.383839,52.547623,-26.398499,-1.2623297,-4.147261,1.2045864,13.800466,41.06621,21.523296,1.668947,2.0434618,29.62646,2.730214,18.29102,39.057274,-19.902266,-4.5232406,-8.295528,-16.178242,-6.1950693,-25.963148
51,0.17448396980762482,4.620662689208984,71.44931030273438,-2.287245903113649,12.501703833249389,-91.56801465513766,-39.187515,11.544425,15.684118,56.946747,-30.050371,2.3625581,-38.869946,-3.2492223,-8.615925,55.38529,-27.821106,-1.3898442,-4.343535,1.458679,14.112623,39.280155,19.69369,2.312302,5.21396,29.019054,2.6348455,19.067806,37.727455,-18.054813,-4.5259643,-6.4313736,-15.446062,-6.1116185,-26.548811
52,0.20224353671073914,4.7920331954956055,70.65889739990234,-2.3935891279716373,12.889699183819413,-91.41431563396635,-41.21631,11.847225,15.248611,59.819435,-31.339382,2.5131419,-40.70745,-3.5048878,-8.798967,58.144955,-29.187513,-1.4935817,-4.5302944,1.7004999,14.660048,37.145435,17.863213,2.8738942,7.891099,29.295933,2.6763577,19.515358,35.971756,-16.214703,-4.36575,-4.6415186,-15.146953,-6.077491,-26.814335
53,0.2432136833667755,4.963413238525391,69.86883544921875,-2.497984254943718,13.076682183477025,-91.2446321427802,-42.966396,12.07793,14.784869,62.578537,-32.637157,2.6654768,-42.291786,-3.75596,-8.928353,60.858818,-30.508295,-1.5570366,-4.7079554,1.9426818,15.478848,34.66499,16.07985,3.279367,9.965416,30.518486,3.0167356,19.493584,33.737873,-14.425823,-4.004692,-2.779066,-15.2330475,-6.1078,-26.598581
54,0.2868940234184265,5.112924575805664,69.07990264892578,-2.602250045249256,13.106466012026587,-91.0557821597571,-44.4835,12.25262,14.298723,65.25097,-33.95809,2.8080778,-43.65382,-4.006771,-9.033102,63.53032,-31.825268,-1.5953404,-4.8730373,2.1900141,16.485643,31.82982,14.374701,3.5176141,11.676683,32.324608,3.585783,19.202908,31.059683,-12.716651,-3.4310174,-0.79698294,-15.528897,-6.16802,-26.072779
55,0.3305037021636963,5.234424591064453,68.31394958496094,-2.6973459268173383,13.010173080930972,-90.87192355575691,-45.755527,12.384441,13.835866,67.772804,-35.245136,2.9426315,-44.786327,-4.2438893,-9.109267,66.07141,-33.09863,-1.6292727,-5.0087132,2.417822,17.597532,28.649527,12.789472,3.6259885,13.110799,34.647976,4.1584673,18.943623,28.047272,-11.124921,-2.7252219,1.030886,-16.155561,-6.2172217,-25.566662
56,0.3612537682056427,5.305065631866455,67.59929656982422,-2.7741984952434655,12.81934580967043,-90.71739051775114,-46.75394,12.496388,13.433851,70.07236,-36.446995,3.0562897,-45.66619,-4.4473934,-9.157964,68.38599,-34.296524,-1.6832494,-5.102044,2.6133244,18.730076,25.125431,11.373162,3.6411865,14.348444,37.40729,4.5204163,19.015825,24.807365,-9.692655,-1.9821097,2.423001,-17.206448,-6.233386,-25.385147
57,0.3971315920352936,5.359699726104736,66.94400024414062,-2.8331860712839,12.491016720066304,-90.59990326058062,-47.451443,12.588299,13.107303,72.15213,-37.54351,3.1754355,-46.27161,-4.62109,-9.16799,70.473145,-35.391186,-1.754122,-5.173271,2.7858753,19.95007,21.166996,10.174592,3.4061203,15.465626,40.738857,4.532745,19.59601,21.300161,-8.455137,-1.0906783,3.364091,-18.748817,-6.274028,-25.62822
58,0.44078919291496277,5.391357898712158,66.3521499633789,-2.8787878290885778,12.025850754249376,-90.5059547952836,-47.85434,12.655384,12.8354645,74.03067,-38.566273,3.296248,-46.610046,-4.770062,-9.142698,72.365974,-36.40607,-1.828024,-5.2201977,2.959295,21.240963,16.784868,9.217334,2.809573,16.457172,44.493084,4.381334,20.546577,17.498184,-7.4261713,0.04900284,4.0188766,-20.602709,-6.3268104,-26.173452
59,0.48639383912086487,5.3990325927734375,65.81919860839844,-2.9078421937381713,11.520988914191166,-90.42833095669495,-48.074203,12.69861,12.612313,75.70326,-39.509727,3.4122167,-46.787178,-4.8964496,-9.090588,74.060814,-37.344948,-1.9050959,-5.198495,3.1392326,22.406147,12.145388,8.498397,2.0158913,17.239304,48.20859,4.3111978,21.634155,13.518866,-6.6055007,1.2737274,4.3364854,-22.511395,-6.281059,-26.921288
60,0.5223869681358337,5.361929416656494,65.35034942626953,-2.91721232263421,11.073656225356117,-90.35995731942532,-48.200317,12.719552,12.4304905,77.15001,-40.373875,3.5061204,-46.88796,-4.9987946,-9.023874,75.5409,-38.21832,-1.9875329,-5.0635715,3.3183782,23.270638,7.41415,7.995781,1.3299378,17.684475,51.53487,4.4750447,22.530354,9.474862,-5.983382,2.3073585,4.2236032,-24.279484,-6.0628843,-27.67057
61,0.5230250358581543,5.2687907218933105,64.94700622558594,-2.8962320496129985,10.705468648502467,-90.30514535796763,-48.246803,12.728539,12.285502,78.36773,-41.15671,3.5563376,-46.9299,-5.0622663,-8.944514,76.806946,-39.040638,-2.1014712,-4.758093,3.4884183,23.792658,2.5512166,7.685134,0.9088932,17.697264,54.588356,4.787854,23.08846,5.3768187,-5.550499,3.0485308,3.479113,-25.95251,-5.6301403,-28.315773
62,0.5204371809959412,5.151198387145996,64.61357116699219,-2.8498104350568476,10.365537933643472,-90.26596867110393,-48.177208,12.711968,12.194421,79.35535,-41.842354,3.5967228,-46.88143,-5.1030345,-8.838118,77.85709,-39.779404,-2.2251585,-4.331484,3.6444898,24.075993,-2.5175834,7.55038,0.6806848,17.381422,57.597027,5.0512486,23.412577,1.1651692,-5.2982855,3.5906298,2.183118,-27.639719,-5.0994987,-28.860895
63,0.5147040486335754,5.038488864898682,64.3460922241211,-2.7981599235175763,10.042751001726277,-90.23194538552654,-48.0223,12.684141,12.131379,80.13285,-42.41704,3.6268823,-46.74879,-5.127324,-8.735628,78.69233,-40.409813,-2.3443434,-3.894236,3.775304,24.177078,-7.673814,7.5850306,0.63610303,16.853384,60.43287,5.2518506,23.540993,-3.156549,-5.220782,3.912284,0.6595487,-29.30494,-4.640281,-29.25845
64,0.5007196664810181,4.910729885101318,64.1501235961914,-2.761560472188797,9.726289392253191,-90.19242538908945,-47.76415,12.661501,12.068193,80.7098,-42.902214,3.627089,-46.494587,-5.1361804,-8.670998,79.30545,-40.94214,-2.4424276,-3.5489233,3.8744998,24.157745,-12.792632,7.7881637,0.7756846,16.21263,62.95989,5.364689,23.508507,-7.5964994,-5.311686,3.9612193,-0.74648225,-30.913328,-4.4363065,-29.45172
65,0.4776691496372223,4.748854160308838,64.02394104003906,-2.7431857451880397,9.416037749563449,-90.15266757714691,-47.39147,12.651488,12.002907,81.100975,-43.323517,3.5896223,-46.110184,-5.1227293,-8.645223,79.70791,-41.395336,-2.513364,-3.2991853,3.9308796,24.007502,-17.916973,8.156611,1.1116428,15.414175,65.11448,5.3440185,23.271461,-12.267848,-5.562779,3.7037706,-1.9433603,-32.520084,-4.578979,-29.390606
66,0.4630555510520935,4.5496368408203125,63.97926330566406,-2.7327968152543956,9.115959310286945,-90.11545711317919,-46.88478,12.634203,11.962141,81.271736,-43.668255,3.5323088,-45.59175,-5.096075,-8.635904,79.879196,-41.758247,-2.551546,-3.0920234,3.9479623,23.709455,-23.08627,8.690694,1.6275895,14.419874,67.016846,5.171323,22.843424,-17.142729,-5.9723225,3.1755812,-3.0852575,-34.158043,-5.0014896,-29.09881
67,0.451011061668396,4.316832065582275,64.02728271484375,-2.730625729471754,8.822304595795293,-90.06636938616784,-46.233765,12.605312,11.938652,81.188416,-43.90705,3.4504817,-44.91667,-5.066126,-8.659009,79.782326,-42.009716,-2.5642836,-2.9408085,3.947946,23.31591,-28.166023,9.399028,2.2459176,13.325844,68.76868,4.876928,22.34696,-22.022297,-6.547264,2.4598162,-4.1966734,-35.72987,-5.636069,-28.653322
68,0.4353145956993103,4.0479416847229,64.17687225341797,-2.73651325141658,8.531432902697299,-89.99094168348734,-45.42539,12.562225,11.924314,80.82183,-44.017284,3.3366308,-44.05972,-5.0402985,-8.731293,79.383965,-42.136326,-2.5598853,-2.8641646,3.9385126,22.877888,-33.00641,10.285214,2.8329349,12.210511,70.44841,4.508863,21.91713,-26.705685,-7.29778,1.6783853,-5.314641,-37.10645,-6.3973293,-28.143574
69,0.4325070381164551,3.7514138221740723,64.42826080322266,-2.752360090840898,8.217422977403785,-89.8855662626455,-44.430634,12.497376,11.932687,80.16745,-44.000168,3.2040873,-42.992355,-5.0348487,-8.8480625,78.678825,-42.12985,-2.519021,-2.8710501,3.9715738,22.411453,-37.67804,11.375887,3.3063488,11.09659,72.004425,4.0995326,21.569021,-31.218706,-8.239655,0.9027456,-6.4774585,-38.28281,-7.3221827,-27.54124
70,0.41942471265792847,3.4140267372131348,64.78321838378906,-2.776826991726102,7.889521976055142,-89.75765194942676,-43.255825,12.429557,11.950479,79.22671,-43.85663,3.0294974,-41.724102,-5.022656,-9.018661,77.67,-41.999256,-2.4627979,-2.9570749,3.9951391,21.891953,-42.223488,12.664271,3.605495,9.9354925,73.36947,3.6319487,21.286121,-35.69178,-9.375291,0.1840414,-7.622207,-39.23187,-8.42155,-26.867918
71,0.40203678607940674,3.0531022548675537,65.23304748535156,-2.8085371585115437,7.59922293129697,-89.60965789500928,-41.98254,12.343022,11.976474,77.995125,-43.555943,2.8365273,-40.334595,-4.999558,-9.23539,76.34909,-41.71037,-2.3961654,-3.0876975,4.017605,21.271938,-46.58168,14.139539,3.6958318,8.786809,74.43305,3.1673446,21.069399,-39.981174,-10.701086,-0.41492686,-8.72318,-39.945374,-9.5398035,-26.238815
72,0.37205809354782104,2.6758406162261963,65.77696990966797,-2.8456433604051,7.398619794884755,-89.44404325191816,-40.677933,12.230704,12.000802,76.453804,-43.064793,2.632112,-38.887497,-4.9516263,-9.498497,74.694244,-41.234695,-2.3336072,-3.235799,4.0353203,20.498013,-50.647263,15.788097,3.5705779,7.673044,75.13246,2.7792766,20.905828,-43.920277,-12.213837,-0.857921,-9.777331,-40.43176,-10.502965,-25.76529
73,0.34676867723464966,2.2664194107055664,66.41323852539062,-2.8967383203993715,7.307062870223553,-89.24938815420171,-39.354473,12.076052,12.013878,74.60289,-42.40253,2.432323,-37.382893,-4.8842144,-9.815088,72.69481,-40.590233,-2.2654147,-3.4169922,4.072404,19.534328,-54.47108,17.617397,3.2147427,6.58984,75.38699,2.460989,20.815376,-47.542973,-13.927349,-1.1340098,-10.82205,-40.7646,-11.256854,-25.472233
74,0.319268137216568,1.847924828529358,67.13414764404297,-2.9592715831393064,7.294949111156143,-89.02842228914693,-38.00169,11.891442,12.018675,72.45481,-41.5588,2.2327814,-35.813065,-4.7940903,-10.185974,70.36478,-39.765408,-2.194279,-3.6390512,4.131017,18.41386,-58.108868,19.62905,2.6098976,5.5142217,75.251854,2.1979017,20.769659,-50.94683,-15.849116,-1.2289187,-11.845765,-40.92611,-11.883737,-25.303377
75,0.2959730625152588,1.4187895059585571,67.93157196044922,-3.014051471911211,7.342297614327152,-88.8049390840482,-36.578415,11.675647,12.057013,69.99527,-40.52336,2.0364664,-34.175346,-4.6822248,-10.571988,67.715515,-38.73326,-2.1065965,-3.8690484,4.1743407,17.190626,-61.442112,21.791655,1.8048695,4.4242206,74.92575,2.078697,20.690313,-54.037617,-17.958323,-1.1474571,-12.804459,-40.841324,-12.389746,-25.24515
76,0.26783719658851624,0.9850132465362549,68.80152130126953,-3.042521641893384,7.429555704260012,-88.60277386328947,-35.045906,11.432831,12.162263,67.1972,-39.271366,1.835607,-32.464252,-4.542252,-10.941019,64.74554,-37.459972,-2.0015533,-4.076403,4.1678777,15.916388,-64.327065,24.049437,0.922662,3.2824597,74.66431,2.1955776,20.516438,-56.66023,-20.210743,-0.937014,-13.704836,-40.48387,-12.767736,-25.283396
77,0.23628097772598267,0.535531222820282,69.7353744506836,-3.046944848682854,7.61019088706451,-88.42953687862459,-33.449486,11.157753,12.33122,64.04904,-37.816296,1.6334738,-30.724535,-4.3648195,-11.285761,61.43942,-35.960247,-1.8848548,-4.2667513,4.098581,14.525771,-66.77325,26.365633,0.13075666,2.0009897,74.79091,2.6117816,20.1987,-58.847424,-22.585392,-0.72947043,-14.558628,-39.973015,-13.010744,-25.447136
78,0.20493070781230927,0.05932589992880821,70.77190399169922,-3.0344173886017547,7.875833327784166,-88.27210047435865,-31.809217,10.857499,12.540794,60.597313,-36.168964,1.431784,-28.978258,-4.17782,-11.608688,57.862984,-34.256557,-1.7518331,-4.458093,3.9956505,13.016976,-68.86043,28.723173,-0.52541107,0.624797,75.2097,3.2020693,19.771606,-60.67571,-25.074081,-0.55965984,-15.369102,-39.34999,-13.149044,-25.684317
79,0.18549995124340057,-0.43842825293540955,71.87150573730469,-2.9953645832520066,8.115879195487711,-88.12300868865356,-29.971518,10.520467,12.834689,56.79367,-34.24176,1.264862,-27.077885,-3.9949803,-11.923599,53.979134,-32.245094,-1.6412495,-4.641046,3.875838,11.521104,-70.517914,31.092598,-1.0859491,-0.6865814,75.58351,3.8466253,19.30792,-62.058228,-27.642687,-0.36146688,-16.099262,-38.498898,-13.174222,-25.876625
80,0.175724595785141,-0.9617674946784973,73.021484375,-2.920648834827395,8.220251896896674,-87.97494146689837,-27.806076,10.138166,13.238212,52.621532,-31.934275,1.1420892,-24.907885,-3.8341687,-12.233018,49.804955,-29.817678,-1.5484463,-4.812459,3.7472675,10.1456175,-71.60697,33.438828,-1.5909523,-1.8057534,75.590836,4.4822807,18.877874,-62.87327,-30.24156,-0.07789143,-16.715475,-37.3105,-13.033228,-25.917202
81,0.17882424592971802,-1.5089677572250366,74.20968627929688,-2.7856706171383756,8.124609757127452,-87.8177797502414,-25.168612,9.669575,13.740732,47.979637,-29.172522,1.0633961,-22.339905,-3.7001255,-12.496572,45.276985,-26.910244,-1.4430468,-4.95847,3.5958166,8.895714,-72.0238,35.740326,-1.9431,-2.7418582,75.154655,5.208275,18.488134,-62.929234,-32.828068,0.20891522,-17.328316,-35.681965,-12.686659,-25.784752
82,0.16325120627880096,-2.0764338970184326,75.4325180053711,-2.60473612290376,7.901551875170769,-87.65908890566392,-22.185068,9.121795,14.305072,42.93428,-25.903421,1.0192672,-19.489105,-3.5677705,-12.699962,40.448967,-23.45869,-1.2922162,-5.100164,3.4086206,7.6771774,-71.80606,37.990784,-2.0553353,-3.5313678,74.54439,6.026165,18.090853,-62.305317,-35.387547,0.3728828,-17.887108,-33.753838,-12.158656,-25.509333
83,0.15859457850456238,-2.665876865386963,76.67332458496094,-2.4266864976914935,7.646419872325422,-87.51783523340522,-19.136652,8.554995,14.900509,37.70675,-21.958193,0.9388105,-16.611246,-3.4077568,-12.868041,35.50023,-19.2727,-1.0178136,-5.2198877,3.2203927,6.493746,-71.051186,40.176147,-1.996133,-4.1165495,73.88919,6.7602367,17.671316,-61.079163,-37.895306,0.4343946,-18.2839,-31.92204,-11.490022,-25.147436
84,0.1616658866405487,-3.25361704826355,77.92450714111328,-2.2986747869493356,7.454107862243018,-87.41165656472096,-16.299831,8.038317,15.484808,32.504704,-17.059088,0.66579396,-13.953377,-3.1940517,-13.021828,30.583687,-14.079804,-0.50070876,-5.2968345,3.0667214,5.3456454,-69.85544,42.279137,-1.8970563,-4.429396,73.29407,7.300723,17.22335,-59.30996,-40.32033,0.46313167,-18.42338,-30.57766,-10.69169,-24.7617
85,0.1641121506690979,-3.830983877182007,79.169921875,-2.2161170765636076,7.31378111701606,-87.33174023599652,-13.551963,7.5393853,16.028591,27.026657,-10.565793,-0.1037462,-11.419506,-2.860435,-13.048324,25.414682,-7.3342185,0.29917723,-5.3324785,2.9114385,4.2083793,-68.05374,44.28513,-1.849985,-4.5244536,72.90808,7.5833297,16.676292,-56.783634,-42.635094,0.5073361,-18.369299,-29.957256,-9.689765,-24.209396
86,0.16343368589878082,-4.372344970703125,80.41437530517578,-2.1580243011875337,7.188436245179327,-87.27245618340086,-10.86072,7.039588,16.326366,21.329132,-2.5960727,-1.4685392,-8.9578,-2.4245439,-12.798681,20.029116,0.76523966,1.4438982,-5.343034,2.7493029,3.0884488,-65.58292,46.181286,-1.8046889,-4.4359126,72.64368,7.757842,16.073904,-53.42855,-44.817646,0.50031066,-18.19857,-29.836037,-8.50783,-23.502981
87,0.15181374549865723,-4.89592981338501,81.69276428222656,-2.14333348520018,7.13024387688574,-87.25625581589387,-8.550525,6.6402926,16.13932,16.058493,5.7905746,-3.1913893,-6.805586,-1.9859082,-12.2939005,14.9385,9.217447,3.1358964,-5.3130326,2.6550324,2.043364,-62.663403,47.95197,-1.6704621,-4.112768,72.21903,8.011035,15.567555,-49.528843,-46.840786,0.35554656,-17.841507,-29.876083,-7.3139515,-22.908415
88,0.10138191282749176,-5.374645233154297,83.04859924316406,-2.1963370170109906,7.189585460954544,-87.30546450528526,-6.887439,6.4525065,15.446278,11.793002,13.32075,-4.8301244,-5.155165,-1.6142459,-11.645764,10.579773,16.883856,5.559685,-5.257434,2.6810997,1.1488842,-59.49528,49.564392,-1.3771791,-3.506314,71.404,8.523447,15.328468,-45.474586,-48.66824,0.034165848,-17.16137,-29.68873,-6.2739916,-22.70411
89,0.05290394276380539,-5.823163032531738,84.46318054199219,-2.391049582770297,7.469928105939278,-87.43573430898354,-5.9877477,6.4529414,14.018727,8.303419,19.876425,-6.3195133,-3.8609624,-1.1634772,-10.917077,6.2574706,24.131023,9.448029,-5.1694293,2.9220827,0.3067326,-55.984024,50.971855,-0.9768536,-2.6074917,70.01407,9.391275,15.431596,-41.204617,-50.247524,-0.32021755,-16.145882,-29.074402,-5.438628,-22.947887
90,0.02252724952995777,-6.243875980377197,85.9726333618164,-2.7066151896120334,7.911154279625309,-87.63524211425249,-5.560105,6.675384,12.002113,5.262183,25.68653,-7.814681,-4.319468,-0.86227465,-9.737831,5.100636,29.44009,14.612024,-5.0555873,3.3266387,-0.49290106,-52.033535,52.127663,-0.5583301,-1.43332,68.18032,10.4365425,15.850942,-36.615578,-51.529522,-0.5366686,-14.856567,-28.2596,-4.762497,-23.508774
91,-0.11892654001712799,-6.598268985748291,87.55419921875,-3.050061963727184,8.322467371205425,-87.89971646885336,-6.2242165,7.4701877,10.136922,4.9168906,29.335863,-9.105011,-7.3705096,-1.180396,-10.465957,9.837139,30.000067,15.000033,-4.9047647,3.6992545,-1.0512323,-48.0619,52.974422,-0.13408236,0.24037251,66.16537,11.351393,16.608093,-32.188686,-52.44863,-0.5674862,-13.14463,-27.517673,-4.230889,-24.344727
92,-0.20900075137615204,-6.850549697875977,89.09766387939453,-3.2032607446654753,8.5020311643468,-88.17440844386553,-7.7641034,8.479088,9.556084,7.7516932,30.000067,-9.533378,-9.462541,-1.7090213,-10.793772,13.538288,30.000067,15.000033,-4.782325,3.8627856,-1.1796148,-44.302826,53.575893,0.37964872,2.4111402,64.18041,11.87675,17.546095,-28.30525,-53.08939,-0.55919826,-10.803493,-26.964987,-3.861333,-25.350588
93,-0.2069043517112732,-6.944545269012451,90.54093170166016,-3.073240918986874,8.433865672372033,-88.46501481733881,-8.465008,9.561634,11.434501,10.2550955,30.000067,-8.317641,-10.319533,-2.3216457,-10.066078,15.598187,30.000067,15.000033,-4.6528554,3.7061415,-0.8091196,-41.07269,53.881947,0.98495805,5.3686333,62.479774,11.843992,18.573904,-25.235804,-53.419655,-0.5925088,-7.401768,-26.820509,-3.7517347,-26.488945
94,-0.1631564497947693,-6.925169944763184,92.0045394897461,-2.7744158598216253,8.216258084258731,-88.79006689113864,-8.277738,10.925481,15.197679,11.941093,30.000067,-5.6442475,-10.582742,-2.9703646,-8.656371,16.905985,30.000067,15.000033,-4.480919,3.3554554,-0.01708688,-38.24141,53.870224,1.59346,9.032969,60.876373,11.310049,19.726673,-22.769457,-53.42628,-0.5774338,-3.1119244,-26.873386,-3.9001927,-27.73415
95,-0.12235180288553238,-6.8137993812561035,93.52349853515625,-2.427596947038444,7.825237771858249,-89.1232342220768,-7.5026293,12.492255,19.451544,13.254367,30.000067,-2.4595947,-10.781877,-3.6904008,-7.233656,18.45739,30.000067,15.000033,-4.31153,2.9581301,1.2566751,-35.853077,53.548195,2.10099,13.229484,59.157562,10.36501,20.99684,-20.9878,-53.106434,-0.44424143,1.6890413,-26.720322,-4.18272,-28.862589
96,-0.13473451137542725,-6.578095436096191,95.00041961669922,-2.135412334275917,7.23209397165704,-89.42864770537314,-7.722582,14.500392,22.604734,17.244268,28.781391,0.2349287,-12.124799,-4.675257,-6.5902786,22.817923,28.914536,14.846927,-4.217967,2.6393876,3.0624957,-34.012684,52.96698,2.439667,17.80275,57.169285,9.185946,22.317518,-20.031649,-52.480865,-0.1937255,6.653619,-25.984724,-4.4458227,-29.6017
97,-0.17470480501651764,-6.19252872467041,96.36219024658203,-1.9190932180624067,6.323059364021746,-89.70014587827133,-9.127318,16.99872,24.325888,24.615103,26.399252,2.1336877,-14.429576,-6.4834747,-8.099364,30.227308,26.804132,12.559131,-4.254806,2.409983,5.5958576,-32.888714,52.19673,2.6571374,23.054369,54.74037,7.909584,23.709124,-20.13118,-51.568344,0.045085747,11.989036,-24.401957,-4.5339065,-29.797876
98,-0.1629113405942917,-5.687078952789307,97.57608795166016,-1.723589078547615,5.143016839051955,-89.94918817087655,-10.789769,19.645756,25.377447,33.378414,23.779604,3.7204072,-16.797297,-8.966598,-10.169947,38.712414,24.605057,9.961149,-4.394739,2.2038202,8.787377,-32.413513,51.286156,2.8165386,28.928827,52.050327,6.539869,25.090158,-21.15175,-50.3861,0.14221598,17.906553,-22.247602,-4.5518317,-29.569147
99,-0.11056964099407196,-5.085808753967285,98.59495544433594,-1.5422764923847343,3.904833742542703,-90.16612766061188,-12.7341175,22.256332,25.820244,42.739002,20.971712,5.109078,-19.326868,-11.835852,-11.942108,47.66925,22.196432,7.1904087,-4.5895667,1.9740022,12.236955,-32.305893,50.28315,2.9172318,34.672596,49.485363,5.149706,26.210133,-22.618195,-48.98616,0.03798699,23.938,-19.999348,-4.6640654,-29.059958
100,-0.0780458077788353,-4.4238080978393555,99.41336822509766,-1.3664402740536692,2.8252313620834792,-90.34388422981517,-14.984102,24.778374,25.720222,51.944233,17.98827,6.489339,-22.174356,-14.487701,-12.732528,56.40388,19.62687,4.5226026,-4.77075,1.6816127,15.533161,-32.256695,49.23324,2.9071803,39.556976,47.377136,3.8142972,26.911879,-24.027296,-47.449726,-0.24213792,29.517975,-18.120306,-5.016423,-28.521759
101,-0.08415759354829788,-3.765551805496216,100.07786560058594,-1.195124948903753,1.9178846472913236,-90.46642717306696,-17.591286,27.17907,24.961914,61.093525,14.730542,7.8632865,-25.387873,-16.558235,-12.505533,64.90841,16.973457,2.055622,-4.9415197,1.3418894,18.723503,-32.18437,48.190033,2.67801,43.521175,45.610237,2.418456,27.100773,-25.372643,-45.86546,-0.66730326,34.599625,-16.43925,-5.7204514,-28.088343
102,-0.10327501595020294,-3.109546422958374,100.60911560058594,-1.0327659826751512,1.086224079302336,-90.54242991180612,-20.573742,29.346972,23.57136,70.483025,11.271706,9.107222,-28.881456,-18.184256,-11.719137,73.44351,14.325227,-0.25552255,-5.1106954,0.97662747,21.956278,-32.188736,47.200565,2.2176073,46.918148,43.908134,1.0797313,26.970552,-26.767607,-44.294342,-1.2201294,39.355824,-14.727767,-6.6125526,-27.752274
103,-0.1406657099723816,-2.460801124572754,101.00439453125,-0.8807435216583468,0.3831439272369784,-90.60445141317632,-23.914032,31.291937,21.78694,79.76939,7.818419,10.300629,-32.674286,-19.3924,-10.618313,81.762215,11.81114,-2.3204036,-5.204367,0.56788117,24.995888,-32.25906,46.277687,1.6403508,49.689213,42.388363,0.077010185,26.822163,-27.997606,-42.77074,-1.8301854,43.553288,-13.334023,-7.4630785,-27.573387
104,-0.18547320365905762,-1.7984678745269775,101.24952697753906,-0.7410567210850979,-0.1400326237230735,-90.68416376913143,-27.57125,33.06283,19.84361,88.60265,4.585851,11.521753,-36.782562,-20.288479,-9.421907,89.606316,9.526388,-4.09591,-5.18319,0.099356584,27.595804,-32.30997,45.397186,1.1502726,51.732937,41.21752,-0.40895218,26.934795,-28.711617,-41.30763,-2.4465017,46.810345,-12.59115,-8.058331,-27.600056
105,-0.29575642943382263,-1.1147516965866089,101.37194061279297,-0.5867089504951662,-0.47842414944196004,-90.77633404792573,-31.483028,34.62978,17.797228,97.06922,1.5791142,12.835842,-41.213078,-20.928999,-8.194908,97.031906,7.44027,-5.60625,-5.0389447,-0.45035598,29.683601,-32.287582,44.50301,0.8667769,52.848827,40.5063,-0.33517438,27.440952,-28.742237,-39.90699,-2.9703267,48.8173,-12.758524,-8.344545,-27.823017
106,-0.46828407049179077,-0.5488860011100769,101.31783294677734,-0.40617887199704317,-0.37040477936843386,-90.87039383342555,-35.93776,35.9429,15.5506115,105.60392,-1.5067098,14.140141,-46.253704,-21.257841,-6.8850956,104.448326,5.309847,-6.821942,-4.829159,-1.0529796,29.793802,-31.512995,43.50657,0.5125213,53.24829,40.226818,0.0014104607,28.027292,-27.65473,-38.52637,-3.0549319,49.94135,-13.542395,-8.411343,-28.103771
107,-0.6643380522727966,0.02040502242743969,101.2147216796875,-0.2758684321175306,-0.136123225999241,-90.9819757197392,-40.727806,36.902706,12.955578,113.788445,-4.357289,15.000033,-51.42991,-21.281288,-5.78961,111.416595,3.4128523,-7.853468,-4.5622463,-1.6154641,29.793802,-30.685,42.44625,0.40907723,53.08469,40.28242,0.67027634,28.683542,-26.377268,-37.21534,-3.082778,50.438797,-14.434303,-8.290183,-28.65643
108,-0.8692960143089294,0.6008270382881165,101.06160736083984,-0.247029214897191,0.2318104703524668,-91.13227477998663,-46.00358,37.407097,9.892787,121.435905,-6.879216,15.000033,-56.73549,-21.037107,-5.0064783,117.787796,1.8075062,-8.709861,-4.2500105,-2.06456,29.793802,-29.81431,41.384014,0.7149615,52.647217,40.70412,1.4056127,29.134258,-25.155968,-36.015995,-3.348081,50.7523,-15.04875,-8.093352,-29.393513
109,-1.0754576921463013,1.1602195501327515,100.86837768554688,-0.3385231297751777,0.8130944421913296,-91.34215097430094,-51.758625,37.89285,6.7680936,128.65533,-9.324401,15.000033,-62.39111,-20.415735,-4.5313225,123.565285,0.48661163,-9.363363,-3.8429947,-2.3886385,29.793802,-28.845331,40.36214,1.5624136,51.704967,41.61315,2.1476488,29.242561,-23.927118,-34.94824,-4.0111446,50.7865,-15.259168,-7.8816876,-30.332684
110,-1.2860832214355469,1.6538639068603516,100.65476989746094,-0.5223657609520648,1.5717162552545083,-91.59446536372997,-57.813587,38.293858,3.6147597,135.56584,-11.749432,15.000033,-68.30608,-19.544846,-4.423079,128.84692,-0.5957726,-9.866299,-3.3507438,-2.6108572,29.793802,-27.752295,39.39566,2.9710326,50.08745,43.03057,2.9603612,29.113312,-22.551226,-34.01885,-5.0667124,50.32488,-15.366361,-7.6619444,-31.406061
111,-1.5149502754211426,2.061232089996338,100.39508056640625,-0.7750217274240409,2.3594838160215406,-91.84421848084531,-63.872204,38.617203,0.46089432,141.96402,-13.94454,15.000033,-74.09377,-18.794497,-4.680708,133.60388,-1.4320564,-10.271821,-2.8842936,-2.7236285,29.793802,-26.49033,38.504738,4.7746377,48.16541,44.729244,3.7804236,28.851767,-21.050697,-33.232132,-6.440375,49.560696,-15.543152,-7.429732,-32.463013
112,-1.7513940334320068,2.333122968673706,100.08531951904297,-1.0672680723470809,3.0278432221210183,-92.04820274272308,-69.729614,38.87631,-2.7243342,147.62411,-15.648545,15.000033,-79.41715,-18.470661,-5.1658773,137.81287,-2.0105276,-10.579646,-2.541426,-2.730175,29.793802,-24.977716,37.714638,6.710272,46.32763,46.381973,4.53467,28.586374,-19.474388,-32.59069,-8.023814,48.73649,-15.920723,-7.1697917,-33.36189
113,-1.9469578266143799,2.4689130783081055,99.70748901367188,-1.4094211092905273,3.5501154705238473,-92.21843482967125,-75.85931,39.16951,-6.3473535,152.71706,-16.497551,14.985525,-84.47912,-18.589794,-5.6734986,141.59879,-2.2458389,-10.552205,-2.339095,-2.6444147,29.793802,-23.148588,37.06185,8.633748,44.639282,47.854767,5.2565165,28.365652,-17.825245,-32.10283,-9.821039,47.89969,-16.467695,-6.847303,-34.11925
114,-2.10821533203125,2.4425606727600098,99.30166625976562,-1.8160371134995112,3.994120604679117,-92.38338256304158,-82.05853,38.83475,-10.456774,157.33115,-16.729778,14.05435,-89.39345,-18.893549,-6.1583343,144.97034,-2.2177048,-10.1461,-2.2268841,-2.4810007,29.793802,-21.075745,36.561913,10.524811,42.993397,49.185684,5.947734,28.161171,-16.019518,-31.760632,-11.82017,46.946022,-17.070982,-6.499846,-34.79594
115,-2.2087392807006836,2.3090498447418213,98.923095703125,-2.2450915831551947,4.362753456648524,-92.5090968257205,-87.51813,38.405605,-14.047126,161.03014,-16.980543,13.252428,-93.79885,-19.230976,-6.596041,147.72218,-2.0526083,-9.614152,-2.185159,-2.2473822,29.793802,-18.768736,36.19804,12.301335,41.41779,50.24373,6.5160623,28.009869,-14.058634,-31.537922,-13.873266,45.951603,-17.727783,-6.18804,-35.348072
116,-2.2455203533172607,2.1176071166992188,98.6210708618164,-2.6528254431937057,4.659591409002184,-92.56181263083364,-91.92819,38.13676,-16.58494,163.32455,-17.459787,13.074768,-97.36478,-19.517103,-6.981107,149.64076,-1.8267624,-9.288121,-2.2233043,-1.9694427,29.793802,-16.464695,35.9404,13.881274,40.10169,50.980835,6.93517,27.944803,-12.037486,-31.40874,-15.784281,44.996006,-18.435143,-5.9343953,-35.762257
117,-2.2237730026245117,1.869651436805725,98.37862396240234,-3.0517466151977235,4.904874319877046,-92.53471600574183,-95.992966,38.098267,-18.541082,163.984,-17.88376,13.914916,-100.199486,-19.885967,-7.2272344,150.71333,-1.483167,-9.569986,-2.359037,-1.6284142,29.793802,-14.209544,35.78862,15.290828,39.104847,51.41026,7.340199,28.056824,-9.992858,-31.384184,-17.537521,44.090107,-19.2567,-5.6636467,-36.187283
118,-2.167124032974243,1.5828052759170532,98.11610412597656,-3.4479149945169287,5.0905913025149445,-92.4414157878615,-100.12615,37.784325,-20.358883,163.27692,-17.719069,15.000033,-102.54909,-20.308418,-7.2720075,151.04297,-0.8980267,-10.167736,-2.6010098,-1.2447675,29.793802,-11.944265,35.751183,16.5563,38.368675,51.570736,7.7433057,28.315372,-7.911726,-31.47559,-19.174446,43.203583,-20.138212,-5.358017,-36.618065
119,-2.0798094272613525,1.3425837755203247,97.79747009277344,-3.7900766508536927,5.178601829911826,-92.2757038293337,-103.560425,36.622757,-21.52438,161.447,-16.755693,15.000033,-104.26423,-20.539062,-7.2199016,150.59575,-0.04907963,-10.464835,-2.9297185,-0.8963421,29.793802,-9.842015,35.805542,17.588917,37.93554,51.493977,7.99253,28.572767,-5.9677496,-31.656975,-20.58199,42.443558,-20.951021,-5.098071,-36.841022
120,-1.9458551406860352,1.2011289596557617,97.55703735351562,-4.020140309534137,5.134146807752095,-92.0257659462545,-105.98986,35.76191,-21.269974,158.68146,-15.240113,15.000033,-105.15998,-20.349577,-7.1733966,149.33899,1.0486667,-9.865816,-3.317363,-0.65496665,29.793802,-8.106419,35.913403,18.267662,37.8604,51.216763,8.006686,28.699343,-4.367128,-31.882938,-21.60017,41.925053,-21.576374,-4.932709,-36.687084
121,-1.7916728258132935,1.2001018524169922,97.39215087890625,-4.13104216840272,4.84109325528067,-91.65040845243355,-106.92353,35.335884,-19.055143,154.77356,-13.341865,15.000033,-104.91719,-19.433632,-7.1913476,147.1161,2.402098,-7.741869,-3.8100517,-0.5482493,29.793802,-6.7564716,36.056908,18.502193,38.31984,50.641342,7.790714,28.650917,-3.083927,-32.131,-22.11432,41.629177,-21.941185,-4.8102016,-35.95526
122,-1.6200628280639648,1.2840895652770996,97.2147445678711,-4.179564954415264,4.349062570784687,-91.17879470212822,-105.81244,33.79684,-15.81614,149.83823,-11.291146,12.95113,-103.50802,-17.983025,-7.2325587,144.05438,3.6547098,-4.58648,-4.3835225,-0.52614766,29.793802,-5.7040815,36.2395,18.334581,39.213055,49.7926,7.490431,28.52243,-2.0449026,-32.40254,-22.173704,41.483078,-22.118471,-4.6682734,-34.851532
123,-1.4829407930374146,1.381640911102295,97.02508544921875,-4.174286407387824,3.8713083405791333,-90.69610680502083,-103.26044,31.282303,-12.7917595,144.38936,-9.442214,9.236959,-101.28982,-16.380219,-7.1556206,140.4869,4.4853387,-1.3142884,-4.9127316,-0.5572179,29.793802,-4.957491,36.449383,17.885622,40.17776,48.903576,7.200058,28.39279,-1.1700009,-32.68269,-21.89527,41.352962,-22.123709,-4.564384,-33.78263
124,-1.4418489933013916,1.3949358463287354,96.89634704589844,-4.105603033937528,3.632471524939434,-90.26909649604434,-100.41524,29.356377,-10.4141445,138.79556,-7.746661,6.280269,-98.81566,-15.157357,-6.898963,136.66592,4.997972,1.0524269,-5.286712,-0.6034086,29.793802,-4.5589933,36.661476,17.316648,40.86578,48.24605,6.9837193,28.32534,-0.39610487,-32.944004,-21.44537,41.109306,-22.005018,-4.5614414,-33.133904
125,-1.4230687618255615,1.3059030771255493,96.74032592773438,-3.920875710366485,3.740655285529173,-89.89148634962584,-97.57887,28.770798,-8.256894,132.92252,-5.7598066,5.106815,-96.238205,-14.749629,-6.568542,132.52031,5.3254337,1.8763937,-5.456558,-0.67610115,29.793802,-4.550603,36.843132,16.69568,41.121384,48.043495,6.801916,28.301744,0.36060485,-33.154102,-20.897015,40.637215,-21.86772,-4.7119536,-32.992085
126,-1.397778868675232,1.1673766374588013,96.55493927001953,-3.6275735537513882,4.060219604316893,-89.52735445456992,-94.370735,29.07844,-5.752317,126.591866,-3.4233994,5.068444,-93.332634,-14.974725,-6.368955,127.932526,5.559655,1.6633509,-5.4987197,-0.7732299,29.793802,-4.851412,36.973602,16.012135,41.104134,48.174465,6.605825,28.281132,1.1243646,-33.29032,-20.250687,39.94668,-21.71302,-4.9851103,-33.12917
127,-1.359004020690918,0.9873977899551392,96.39066314697266,-3.3187270333477357,4.457678203113371,-89.19718651639563,-90.81647,29.627737,-3.0136127,120.08824,-0.8299711,5.3468313,-90.16979,-15.536538,-6.4443903,123.0495,5.9407563,1.0023013,-5.4913516,-0.8393681,29.793802,-5.36349,37.048904,15.324951,40.936123,48.405212,6.440834,28.268597,1.7691793,-33.34313,-19.578186,39.151077,-21.482754,-5.3101506,-33.44046
128,-1.3201911449432373,0.8127543926239014,96.17124938964844,-3.090918657791635,4.802006691117509,-88.92489540335711,-87.04705,29.67224,-0.51369655,113.67256,1.9458326,4.9900956,-86.80963,-15.990143,-6.752069,118.01259,6.7084236,0.611947,-5.506825,-0.82859373,29.793802,-5.97426,37.074814,14.720206,40.727318,48.48833,6.320924,28.2462,2.1754987,-33.312443,-18.97388,38.363785,-21.11208,-5.629894,-33.782917
129,-1.2672418355941772,0.612206757068634,95.88414001464844,-2.9807789500044035,5.207459741559883,-88.72604576398723,-83.316765,28.91935,1.3581756,107.291595,5.0623927,3.6100643,-83.37497,-16.17995,-7.1968317,112.77482,8.010394,0.6002555,-5.534865,-0.7031352,29.793802,-6.6954026,37.050747,14.28388,40.341644,48.388638,6.2497573,28.162487,2.3097296,-33.19599,-18.498983,37.51012,-20.547115,-5.9693155,-34.15667
130,-1.2311511039733887,0.32031965255737305,95.55464172363281,-2.930422700762877,5.699134080384716,-88.58478039308848,-79.603905,27.783659,2.750798,100.8276,8.525189,1.7444956,-79.829475,-16.298445,-7.782062,107.29184,9.701328,0.6345435,-5.560582,-0.5188093,29.793802,-7.6875687,36.969048,14.013856,39.852936,48.306225,6.1857405,28.00127,2.2233772,-32.98554,-18.11764,36.53308,-19.868397,-6.3572526,-34.57882
131,-1.1540744304656982,-0.016951747238636017,95.12318420410156,-2.9014913412014107,6.008466884455374,-88.47950330189161,-75.6507,26.572678,3.8479648,94.39457,12.055255,-0.2103642,-75.96247,-16.346338,-8.476206,101.6677,11.610549,0.8365428,-5.6036267,-0.33329406,29.793802,-8.702246,36.830517,13.839806,39.3684,48.187508,6.076778,27.813602,1.9234862,-32.679638,-17.79923,35.62443,-19.20093,-6.7319365,-34.9464
132,-1.092743158340454,-0.42429134249687195,94.6003646850586,-2.8579472257739953,5.869158009440708,-88.38940516209423,-71.1559,25.620659,5.037826,88.12081,15.376457,-1.749337,-71.55888,-16.30755,-9.2381735,96.00947,13.56112,1.3420186,-5.7075386,-0.2187095,29.793802,-9.673434,36.64218,13.67038,39.174236,48.03308,5.8664794,27.655891,1.4103268,-32.279953,-17.494293,34.986465,-18.655495,-7.040855,-35.150215
133,-1.0531076192855835,-0.8934729695320129,93.99092864990234,-2.789051167748763,5.163618290109744,-88.31955018705504,-65.872215,25.039455,6.4655285,81.939285,18.639883,-2.8936508,-66.420845,-16.179407,-10.043613,90.26232,15.643972,2.3286855,-5.895437,-0.20300746,29.793802,-10.602698,36.406937,13.415709,39.470127,47.700954,5.517564,27.604527,0.6019225,-31.7779,-17.154633,34.793842,-18.16619,-7.256561,-35.18258
134,-1.0115987062454224,-1.4846307039260864,93.3089370727539,-2.703901158005691,4.183150909001887,-88.28502662012392,-60.180412,24.611814,7.9916153,75.92333,21.869572,-3.848621,-60.907,-15.90713,-10.825561,84.50812,17.834707,3.7059557,-6.1446724,-0.25579703,28.998783,-11.28952,36.121284,12.928389,40.223755,47.280327,5.052273,27.57319,-0.23528925,-31.168268,-16.649055,35.045868,-17.770609,-7.3769965,-35.065384
135,-0.9806118011474609,-2.1776621341705322,92.54879760742188,-2.622641274255795,3.016958782822593,-88.26684895539671,-54.359535,24.080938,9.399684,70.15482,24.790848,-4.629501,-55.2232,-15.370471,-11.455747,78.77734,19.913668,5.2771688,-6.4140625,-0.33163428,27.737133,-11.815245,35.79744,12.273534,41.10159,46.927254,4.614824,27.527487,-1.0342673,-30.470139,-16.053432,35.45849,-17.53987,-7.4275923,-34.86835
136,-0.9479734897613525,-2.9404494762420654,91.73204040527344,-2.5693106786667195,1.7281895473253668,-88.2444921328426,-48.663734,23.256142,10.422419,64.68821,27.148647,-5.2379627,-49.535065,-14.495085,-11.795306,73.06464,21.695139,6.8394723,-6.659883,-0.37942287,26.50472,-12.338012,35.459396,11.635692,41.766903,46.83717,4.280085,27.400307,-1.7952214,-29.720856,-15.549796,35.727146,-17.572405,-7.4817033,-34.597202
137,-0.918964684009552,-3.739755868911743,90.84354400634766,-2.565822644898496,0.1313906428950514,-88.19332321342316,-42.80427,22.089302,10.899768,59.31116,28.88979,-5.690592,-43.496807,-13.205929,-11.743653,67.04225,23.211231,8.586962,-6.901162,-0.39761776,25.396755,-12.903091,35.112503,11.096142,42.3378,47.113197,3.9298234,27.0839,-2.4792235,-28.940151,-15.216648,35.92484,-17.881018,-7.634136,-34.089367
138,-0.8862459063529968,-4.587734699249268,89.87171173095703,-2.6035421066962185,-1.7926717254619076,-88.12985146474912,-36.665764,20.753374,10.971153,54.07769,30.000067,-5.9589553,-37.017876,-11.606008,-11.285626,60.727352,24.529675,10.526938,-7.1409297,-0.39593372,24.440775,-13.447297,34.753933,10.660734,42.84427,47.614597,3.5129168,26.649744,-3.1662781,-28.134642,-15.06469,36.134747,-18.39853,-7.878798,-33.3609
139,-0.8666589856147766,-5.486667633056641,88.78864288330078,-2.6502218352650537,-3.6265091454216045,-88.09923642791897,-31.027493,19.452473,10.771457,49.7487,30.000067,-5.9981084,-30.824224,-9.963217,-10.484447,54.75879,25.515581,12.165641,-7.349295,-0.35733387,23.44264,-13.985642,34.404392,10.3100815,43.099777,48.288277,3.1671977,26.214464,-3.8648994,-27.333849,-15.057038,36.129696,-19.18588,-8.119851,-32.616722
140,-0.8586769104003906,-6.389366149902344,87.5632553100586,-2.6501577064942303,-4.9355220537075475,-88.13532355002864,-26.354372,18.286736,10.61072,46.068687,30.000067,-5.7741385,-25.665472,-8.551975,-9.541006,49.673477,26.173735,13.020896,-7.499367,-0.27392063,22.218988,-14.603379,34.107334,10.005832,42.973385,49.07101,3.0386236,25.891533,-4.6282864,-26.5831,-15.115865,35.70707,-20.279305,-8.245773,-32.076706
141,-0.8611981868743896,-7.319979190826416,86.20787811279297,-2.577121756138157,-5.563151311844075,-88.29229110644862,-23.05008,17.29903,10.508621,43.51509,30.000067,-5.0696554,-21.826591,-7.3353925,-8.293625,45.528053,27.140623,12.953644,-7.568142,-0.14148204,20.59028,-15.273376,33.90604,9.688054,42.409607,49.948536,3.1342483,25.665728,-5.402774,-25.930702,-15.16214,34.740593,-21.782433,-8.24111,-31.726828
142,-0.8420674204826355,-8.209433555603027,84.76373291015625,-2.458251380158863,-5.746120013704857,-88.53285099135194,-20.685232,16.42574,10.429403,41.75202,30.000067,-3.9756544,-18.893848,-6.2371798,-6.803427,42.05389,28.235374,12.241495,-7.5765843,0.024211384,18.69349,-16.009045,33.82344,9.342292,41.52245,50.894875,3.3743806,25.469301,-6.2274146,-25.403612,-15.169518,33.39771,-23.56562,-8.149646,-31.467646
143,-0.8248915076255798,-8.938613891601562,83.26792907714844,-2.319879072413286,-5.654521650923599,-88.77439623407992,-18.632557,15.621938,10.504744,39.857376,30.000067,-2.9617202,-16.652008,-5.4207463,-5.623026,39.46492,28.022892,11.076695,-7.564471,0.20171376,16.811596,-16.980532,33.876343,9.00927,40.461094,51.84555,3.769299,25.315891,-7.2815347,-25.015736,-15.16333,31.903389,-25.339222,-7.9434447,-31.360884
144,-0.8793385028839111,-9.433853149414062,81.88062286376953,-2.1880877159265073,-5.464017237473848,-88.9388045475244,-16.194471,14.808754,10.798482,36.782776,29.893314,-2.5481734,-14.883757,-5.042885,-5.2675686,37.976604,24.66303,9.683226,-7.5682087,0.36928934,15.230901,-18.330503,34.074757,8.74917,39.367226,52.750397,4.3098803,25.235065,-8.735809,-24.770746,-15.199047,30.495066,-26.839128,-7.60906,-31.47461
145,-0.9316204190254211,-9.912032127380371,80.2343521118164,-2.167426431131018,-5.2006083994200685,-89.04102312068333,-15.898342,14.694568,10.764603,38.991177,21.583385,-3.0266666,-14.137385,-5.144152,-5.869038,39.331074,15.78639,8.160762,-7.5949454,0.5764534,13.949212,-20.083324,34.434483,8.608937,38.029198,53.643337,5.068135,25.11252,-10.604213,-24.688005,-15.3743725,29.025328,-27.995478,-7.0696454,-31.732327
146,-0.9589945673942566,-10.348634719848633,78.4201889038086,-2.191544425263241,-4.770242386673338,-89.10073157232168,-16.620224,15.04457,10.765891,43.344215,9.403339,-4.0879855,-14.262596,-5.495617,-6.8202806,42.65434,3.3207574,6.7479463,-7.6256447,0.80354047,12.869158,-22.199183,34.962578,8.552801,36.505753,54.547565,5.9486294,24.990145,-12.855751,-24.774975,-15.652,27.51476,-28.965967,-6.4189687,-32.133102
147,-0.9759270548820496,-10.660941123962402,76.64776611328125,-2.2766050547543646,-4.23511922122384,-89.14471663293205,-17.932302,15.752261,10.75743,48.40778,-3.4475346,-5.255121,-14.982728,-5.817136,-7.5873785,46.70107,-9.1248,5.7278504,-7.647517,1.0711329,11.987335,-24.51731,35.651665,8.534561,34.97711,55.408463,6.8113375,24.849339,-15.379729,-25.030376,-15.981733,26.087328,-29.822165,-5.755548,-32.586388
148,-1.0138720273971558,-10.771841049194336,74.93551635742188,-2.4435919864414983,-3.6574250468468072,-89.20146035538612,-19.427677,16.565845,10.634259,52.799435,-13.894531,-6.02151,-16.063059,-5.9442344,-8.015204,50.37135,-18.633417,5.047308,-7.667604,1.4105254,11.3018055,-26.999842,36.480583,8.505415,33.702923,56.19841,7.5391617,24.650576,-18.063648,-25.449053,-16.31028,24.828236,-30.632786,-5.16756,-32.97406
149,-1.0638614892959595,-10.722853660583496,73.27972412109375,-2.774793706826977,-2.9445458606961767,-89.27400139324321,-21.22295,17.429564,10.284559,56.235107,-21.503134,-6.2347193,-17.700134,-5.8688006,-8.342459,53.59427,-24.97473,4.536742,-7.687899,1.9378612,10.791306,-29.65365,37.441856,8.4623375,32.608208,56.90222,8.190286,24.373186,-21.02479,-26.038708,-16.6137,23.695938,-31.381435,-4.5987473,-33.348915
150,-1.092725396156311,-10.60283088684082,71.73664093017578,-3.2328859568932637,-2.1004534980584455,-89.35323602677565,-23.451193,18.376564,9.76833,59.39849,-27.73094,-6.1210995,-19.938862,-5.6894736,-8.704102,56.916656,-29.57014,4.1112914,-7.7204776,2.6105814,10.4611635,-32.509872,38.529694,8.391897,31.608782,57.52562,8.802486,24.058731,-24.293467,-26.80122,-16.84993,22.680834,-32.021175,-4.041104,-33.764957
151,-1.1039365530014038,-10.482358932495117,70.35945892333984,-3.657958272761933,-1.3326942419601093,-89.44427132844878,-25.740843,19.231178,9.233911,62.39091,-32.531174,-5.7749457,-22.287273,-5.4912066,-8.98246,60.183285,-32.91211,3.7773957,-7.7538342,3.2206032,10.341742,-35.38897,39.71178,8.241053,30.768229,58.040527,9.281308,23.775354,-27.606306,-27.713848,-16.976238,21.884447,-32.582382,-3.6070213,-34.10506
152,-1.103561282157898,-10.3704195022583,69.14485931396484,-3.8907647231271523,-0.8479017279243579,-89.5447174017721,-27.700626,19.850103,8.848316,65.29797,-35.92221,-5.3071322,-24.230143,-5.369342,-9.052188,63.20519,-35.449783,3.5429296,-7.75935,3.5736804,10.450586,-38.035168,40.94294,7.978095,30.076435,58.410984,9.583833,23.585018,-30.616266,-28.73815,-17.001698,21.321888,-33.11881,-3.3715067,-34.248863
153,-1.113071084022522,-10.25523567199707,68.10990905761719,-3.8334155595782304,-0.757108577682906,-89.65026744448654,-29.235176,20.165808,8.670451,68.239716,-37.785522,-4.7237215,-25.607983,-5.4237604,-8.84304,65.976326,-37.431118,3.3874228,-7.7083316,3.5432887,10.889444,-40.44739,42.18257,7.639101,29.518198,58.785213,9.72357,23.519087,-33.285976,-29.843239,-17.024256,20.97565,-33.7911,-3.376214,-34.08876
154,-1.1532559394836426,-10.112893104553223,67.27037048339844,-3.5879244222584004,-0.9302826705100741,-89.76049705681638,-30.503132,20.290588,8.604948,71.12375,-38.579376,-4.031094,-26.659454,-5.616351,-8.464173,68.53836,-38.971973,3.2525327,-7.59427,3.2758677,11.610245,-42.70535,43.412155,7.2634087,29.033804,59.16938,9.764534,23.524822,-35.694496,-31.013517,-17.08477,20.71947,-34.572792,-3.5609488,-33.684017
155,-1.2172268629074097,-10.021196365356445,66.60414123535156,-3.29684870520821,-1.2098419880086724,-89.87672306286746,-31.50933,20.35944,8.58652,73.71941,-39.065117,-3.3499348,-27.481411,-5.814459,-8.040107,70.79553,-40.20571,3.0952065,-7.4279966,2.9410582,12.418344,-44.763317,44.604595,6.833304,28.626175,59.39284,9.72628,23.550886,-37.8959,-32.225883,-17.090727,20.623556,-35.275566,-3.8185198,-33.19392
156,-1.2927322387695312,-9.971498489379883,66.0651626586914,-3.0998258992049115,-1.4400631602773555,-89.99789514323794,-32.28741,20.481476,8.566421,75.803185,-39.697147,-2.7954545,-28.116909,-5.8978295,-7.683853,72.60773,-41.206253,2.9394274,-7.2494965,2.697679,13.103423,-46.53925,45.72558,6.3316116,28.298834,59.292385,9.648969,23.563553,-39.88098,-33.452744,-16.907845,20.727015,-35.670547,-4.0049686,-32.814804
157,-1.3494749069213867,-9.92849349975586,65.63524627685547,-3.0572849716384054,-1.6186059309395326,-90.13706068814722,-32.780613,20.71597,8.597642,77.26114,-40.376724,-2.3282723,-28.60188,-5.781176,-7.441981,73.96366,-41.927555,2.7492223,-7.0604076,2.6104612,13.628031,-47.966736,46.74953,5.7591586,28.098131,58.776337,9.556783,23.591103,-41.62093,-34.676914,-16.458569,21.079899,-35.729267,-4.0092235,-32.606358
158,-1.3988386392593384,-9.903149604797363,65.322998046875,-3.086764261313923,-1.8164579929192364,-90.29005051074319,-32.989735,20.99595,8.718463,78.2228,-40.854717,-1.8900039,-28.871372,-5.543354,-7.2551084,74.90801,-42.381138,2.5396867,-6.860448,2.5812325,14.073961,-49.065678,47.66189,5.166306,28.009386,57.99887,9.456342,23.651518,-43.09379,-35.8905,-15.793712,21.618929,-35.55894,-3.8726666,-32.510212
159,-1.437582015991211,-9.901487350463867,65.12891387939453,-3.11454182639612,-1.9873831676846432,-90.4282040507874,-33.00768,21.221148,8.891625,78.76556,-41.159653,-1.5236207,-28.990074,-5.307541,-7.094702,75.49693,-42.642876,2.3568056,-6.6726837,2.5587213,14.413049,-49.884716,48.45371,4.6090703,27.931105,57.124096,9.363474,23.675814,-44.36419,-37.077557,-14.999839,22.272951,-35.209526,-3.6895497,-32.528774
160,-1.4731967449188232,-9.899435043334961,65.0461654663086,-3.0653981651626134,-2.08503150287986,-90.52331734351822,-32.928234,21.29154,9.071829,78.96176,-41.332672,-1.2842064,-29.057293,-5.190567,-6.9361396,75.80462,-42.772263,2.2357106,-6.519007,2.4907277,14.622786,-50.482986,49.1215,4.14233,27.765497,56.317074,9.292718,23.591507,-45.498802,-38.214943,-14.174165,22.979004,-34.742886,-3.5628912,-32.65168
161,-1.4979737997055054,-9.897796630859375,65.07109069824219,-2.8993401808178247,-2.0685587948972497,-90.58647864521139,-32.77072,21.159422,9.260827,78.76217,-41.39331,-1.2293726,-29.134102,-5.2398143,-6.742012,75.84925,-42.777714,2.2055912,-6.3910904,2.3368664,14.653803,-50.86442,49.658848,3.7938454,27.511238,55.60176,9.2207365,23.341446,-46.497757,-39.277515,-13.363268,23.76863,-34.155174,-3.5387242,-32.89644
162,-1.5063462257385254,-9.897018432617188,65.20245361328125,-2.6649837558656095,-1.9722813721114414,-90.62621651466955,-32.49482,20.859062,9.509709,78.15546,-41.32876,-1.2654743,-29.167788,-5.390777,-6.534059,75.59645,-42.62113,2.245526,-6.2817144,2.124901,14.534935,-51.000526,50.06009,3.5634847,27.207468,54.928604,9.134839,22.964766,-47.307846,-40.249485,-12.580051,24.636564,-33.47408,-3.571868,-33.226814
163,-1.5138593912124634,-9.914948463439941,65.43147277832031,-2.4162178566234287,-1.862104613996372,-90.61049889484134,-32.09803,20.468758,9.769093,77.24676,-41.118473,-1.3372812,-29.052477,-5.590886,-6.37695,75.04885,-42.33505,2.3169014,-6.2158184,1.9019574,14.360234,-50.90428,50.329124,3.4535358,26.819817,54.34812,9.070201,22.537273,-47.900738,-41.12603,-11.870155,25.466778,-32.79178,-3.6310253,-33.55116
164,-1.5128252506256104,-9.942329406738281,65.74031066894531,-2.209755771921328,-1.804596128532609,-90.50810297543482,-31.603222,20.059757,9.994551,76.16725,-40.74316,-1.371735,-28.71781,-5.8019786,-6.3237667,74.233665,-41.93725,2.398019,-6.2126474,1.7139692,14.2294855,-50.594112,50.47534,3.4632537,26.313011,53.90865,9.057973,22.134998,-48.264652,-41.909897,-11.290228,26.16048,-32.197968,-3.693994,-33.773247
165,-1.5173829793930054,-9.964037895202637,66.12174224853516,-2.058543288316259,-1.8320288955332649,-90.29737377331622,-31.006687,19.64218,10.16218,74.93653,-40.174507,-1.3556569,-28.129255,-6.0155635,-6.407535,73.15233,-41.43267,2.477112,-6.2899942,1.5792426,14.17588,-50.046837,50.508785,3.5929985,25.64749,53.6273,9.117708,21.76299,-48.388836,-42.601955,-10.891529,26.694405,-31.745409,-3.7690437,-33.86271
166,-1.533936858177185,-9.992515563964844,66.57078552246094,-1.9346986966352402,-1.9045226279788703,-89.9998108524632,-30.302588,19.18681,10.290548,73.50032,-39.437508,-1.332605,-27.33461,-6.2435546,-6.6017623,71.81431,-40.828667,2.5617645,-6.428271,1.4705751,14.144953,-49.261005,50.432835,3.8350742,24.840311,53.464985,9.227521,21.38123,-48.272697,-43.198563,-10.676017,27.123972,-31.39294,-3.8801243,-33.853477
167,-1.5525461435317993,-10.025116920471191,67.08108520507812,-1.8309024671669565,-1.980161134430868,-89.64891937361263,-29.530212,18.705587,10.397406,71.87402,-38.56693,-1.3110886,-26.411974,-6.47271,-6.8754134,70.24816,-40.112556,2.6461148,-6.592006,1.3725698,14.101993,-48.29742,50.249218,4.168116,23.958614,53.37918,9.362432,21.001131,-47.91987,-43.70168,-10.607247,27.46848,-31.078053,-4.0187683,-33.755775
168,-1.5743862390518188,-10.060043334960938,67.64241790771484,-1.7431302943695122,-2.016819768751866,-89.27815726229927,-28.73568,18.217266,10.492183,70.082214,-37.600285,-1.3061023,-25.442871,-6.6821256,-7.2040467,68.49336,-39.281006,2.7153,-6.746082,1.2733688,14.011471,-47.225094,49.95988,4.559274,23.078741,53.31889,9.503732,20.63522,-47.334686,-44.119576,-10.630606,27.74752,-30.724676,-4.1696725,-33.587276
169,-1.5975290536880493,-10.104337692260742,68.24778747558594,-1.6900392360753083,-2.0008607941988736,-88.85822746946343,-27.949594,17.719612,10.53235,68.12583,-36.54028,-1.3185834,-24.421976,-6.8653555,-7.620691,66.5363,-38.3333,2.7610748,-6.912561,1.1948036,13.864672,-46.03415,49.568127,4.9809937,22.190477,53.265408,9.732789,20.331345,-46.4933,-44.463554,-10.714609,27.9568,-30.30242,-4.329237,-33.35982
170,-1.622444748878479,-10.141399383544922,68.88723754882812,-1.6668845898830358,-1.9550622266994,-88.38391669590472,-27.15828,17.20946,10.519577,66.010574,-35.368984,-1.340223,-23.338684,-7.0266056,-8.12572,64.3889,-37.273067,2.7901015,-7.1102314,1.1205729,13.686806,-44.725334,49.06424,5.4231367,21.27955,53.26409,10.035303,20.079763,-45.422363,-44.735493,-10.853402,28.110518,-29.81458,-4.501204,-33.080544
171,-1.6454490423202515,-10.17858600616455,69.561279296875,-1.633112190666292,-1.893065766722785,-87.92488991253968,-26.286404,16.687643,10.547012,63.71691,-34.102047,-1.3684806,-22.20069,-7.171135,-8.641639,62.068535,-36.107674,2.8245916,-7.2648005,1.0441813,13.461336,-43.323845,48.455715,5.8836823,20.394323,53.258335,10.276231,19.797098,-44.16796,-44.93971,-11.03825,28.23324,-29.297544,-4.6628265,-32.75541
172,-1.656958818435669,-10.217199325561523,70.25548553466797,-1.5463529969741787,-1.8285698612415289,-87.55065557356127,-25.27971,16.152327,10.7033205,61.250027,-32.7627,-1.3981234,-21.041882,-7.3164907,-9.082624,59.63751,-34.86351,2.8887928,-7.3157864,0.9342523,13.1857815,-41.86978,47.754448,6.363163,19.592844,53.209812,10.298073,19.41022,-42.795994,-45.07867,-11.255177,28.356537,-28.766287,-4.794325,-32.389843
173,-1.65940260887146,-10.256503105163574,70.96978759765625,-1.379216431983504,-1.7689422189615025,-87.27387090384087,-24.101173,15.582876,11.028205,58.559025,-31.332453,-1.4185947,-19.861668,-7.488443,-9.422013,57.098343,-33.540813,2.9846058,-7.2541327,0.7485829,12.867884,-40.39869,46.966713,6.8650002,18.91301,53.054546,10.0024395,18.873068,-41.3107,-45.151173,-11.48762,28.503487,-28.18341,-4.8930054,-31.980228
174,-1.659342646598816,-10.324285507202148,71.69479370117188,-1.159061556149158,-1.705841262949013,-87.05935433102752,-22.7779,14.980805,11.459525,55.65485,-29.819273,-1.4406406,-18.628809,-7.6719823,-9.705828,54.437096,-32.16053,3.0996664,-7.1108375,0.51197565,12.51059,-38.85939,46.09711,7.383671,18.295826,52.80157,9.482117,18.240808,-39.695995,-45.157143,-11.727962,28.660906,-27.543951,-4.965282,-31.530006
175,-1.6409178972244263,-10.39681339263916,72.41427612304688,-0.9297910760750895,-1.6294689605340362,-86.90448750102891,-21.389349,14.370576,11.933112,52.63539,-28.255558,-1.4730258,-17.379494,-7.832533,-9.95001,51.678444,-30.719156,3.234963,-6.9123716,0.28384012,12.12094,-37.270535,45.15321,7.8986583,17.75359,52.564453,8.839418,17.588625,-38.01359,-45.098,-11.963479,28.803143,-26.903608,-5.0120983,-31.052572
176,-1.6203584671020508,-10.491888046264648,73.1168441772461,-0.7403204504793296,-1.5298167171203425,-86.80693055198564,-19.996172,13.799762,12.376106,49.601006,-26.68923,-1.5481439,-16.109278,-7.9066677,-10.185071,48.828423,-29.239765,3.3715956,-6.675701,0.12531565,11.700543,-35.62352,44.149437,8.387131,17.277035,52.446636,8.191508,16.993082,-36.327873,-44.979694,-12.185186,28.920078,-26.324871,-5.031658,-30.566984
177,-1.594461441040039,-10.590558052062988,73.80104064941406,-0.6029259686035164,-1.421757690054583,-86.77799145869065,-18.562119,13.287194,12.80517,46.504456,-25.107235,-1.6647525,-14.795056,-7.8764644,-10.404406,45.837456,-27.69361,3.511594,-6.38896,0.053593464,11.260333,-33.908546,43.1022,8.841238,16.892303,52.49857,7.511956,16.45014,-34.647858,-44.80944,-12.38967,29.022879,-25.8252,-4.993885,-30.062138
178,-1.5587399005889893,-10.686480522155762,74.46113586425781,-0.4942713431404267,-1.3041655653870297,-86.81485961759401,-17.076876,12.804186,13.23977,43.312744,-23.489836,-1.8045799,-13.452574,-7.7761307,-10.584737,42.72342,-26.081604,3.6573575,-6.0536447,0.03110782,10.800631,-32.1525,42.02326,9.262084,16.618841,52.64206,6.7556033,15.927899,-32.952354,-44.591236,-12.570989,29.11781,-25.36165,-4.9090896,-29.5376
179,-1.5270962715148926,-10.791643142700195,75.07693481445312,-0.39875761279972516,-1.1436436199432056,-86.89414193779773,-15.659802,12.330138,13.617801,40.171535,-21.87071,-1.9699445,-12.167356,-7.632478,-10.723427,39.618126,-24.464792,3.7919457,-5.69779,0.033708412,10.303545,-30.363293,40.920635,9.643006,16.39916,52.786842,6.023917,15.462144,-31.27006,-44.32772,-12.7226715,29.204569,-24.914549,-4.8358374,-29.031116
180,-1.4982526302337646,-10.898615837097168,75.6265869140625,-0.29984052651902554,-0.9072362226533502,-86.9921738014565,-14.447906,11.843548,13.880873,37.250805,-20.28826,-2.1552756,-11.0592,-7.488827,-10.815148,36.69743,-22.90913,3.9108782,-5.355126,0.03914201,9.75139,-28.569752,39.799496,9.976457,16.198238,52.85172,5.4193735,15.086161,-29.623772,-44.020508,-12.833363,29.275549,-24.456379,-4.831488,-28.58117
181,-1.4629645347595215,-10.996610641479492,76.13594818115234,-0.19048869777767719,-0.5639135714983293,-87.11519699038375,-13.573924,11.420404,13.873774,34.788944,-18.817377,-2.585184,-10.119344,-7.346294,-10.856629,33.837154,-21.321766,4.020703,-5.0250645,0.038508736,9.118512,-26.776081,38.664875,10.258351,16.023802,52.801765,4.9947777,14.809712,-28.025038,-43.672047,-12.892869,29.348103,-23.957367,-4.9397187,-28.220976
182,-1.4306597709655762,-11.081298828125,76.5789794921875,-0.08186749838333701,-0.13886349239892082,-87.27142563578776,-12.789857,10.886874,13.449079,32.304184,-17.12588,-3.5617304,-9.385316,-7.2037215,-10.840828,31.177832,-19.792225,4.119952,-4.6941304,0.040348608,8.421297,-24.971062,37.52321,10.492771,15.899959,52.68433,4.693341,14.614057,-26.460415,-43.285465,-12.901822,29.42385,-23.432102,-5.1181736,-27.927366
183,-1.3965034484863281,-11.156877517700195,76.89073944091797,0.018643535257623016,0.3165159695508914,-87.44011028772753,-11.778998,9.704835,11.808509,29.108194,-15.303232,-5.8271203,-9.0219965,-7.117432,-10.7606,29.236538,-18.623142,4.216334,-4.373477,0.049604513,7.707502,-23.168903,36.379913,10.681097,15.817423,52.542385,4.4504247,14.486436,-24.941298,-42.8623,-12.867976,29.48794,-22.937723,-5.2972264,-27.649885
184,-1.361411452293396,-11.221412658691406,77.08722686767578,0.10686336119537318,0.7509824778240493,-87.60036175039787,-10.424037,9.110642,11.486653,25.559952,-14.17066,-6.341467,-8.975786,-7.0925384,-10.643292,28.034182,-17.8433,4.308037,-4.079343,0.071757324,7.025493,-21.39419,35.240025,10.822485,15.775943,52.42034,4.1995883,14.414306,-23.462204,-42.40299,-12.801511,29.50729,-22.523592,-5.407642,-27.336637
185,-1.3227595090866089,-11.27965259552002,77.25086212158203,0.17794625915479823,1.1769132191687384,-87.75001291531649,-9.393931,8.733934,11.540835,22.666767,-13.357868,-6.5013967,-9.014046,-7.0735803,-10.532663,27.031776,-17.152006,4.3869667,-3.8142498,0.109868996,6.3618317,-19.65802,34.108055,10.910869,15.78714,52.300827,3.9209023,14.392305,-22.03047,-41.906483,-12.708827,29.4746,-22.189772,-5.4424386,-26.949913
186,-1.2831485271453857,-11.334646224975586,77.44923400878906,0.237186248404727,1.6130203980615798,-87.89908488933881,-9.04228,8.567407,11.663581,21.079632,-12.655164,-6.595755,-8.9183655,-7.011055,-10.450986,25.700327,-16.260857,4.4520226,-3.568903,0.15803812,5.7033763,-17.957375,32.988167,10.941633,15.856529,52.167023,3.64943,14.427575,-20.664444,-41.372272,-12.588275,29.42155,-21.922194,-5.4389787,-26.520367
187,-1.2370020151138306,-11.37809944152832,77.61974334716797,0.28794162327840517,2.017172287148901,-88.04579424201332,-8.636719,8.315575,11.856735,19.372437,-11.690833,-6.6066833,-8.859853,-6.9594064,-10.364842,24.514786,-15.4486,4.523031,-3.3505745,0.21085232,5.094972,-16.28793,31.884195,10.919876,15.974111,52.063866,3.400143,14.527929,-19.315813,-40.80093,-12.437584,29.319279,-21.724533,-5.392735,-26.103445
188,-1.1889164447784424,-11.422151565551758,77.76760864257812,0.33420814747105776,2.3474637842779544,-88.18833060637786,-8.183011,8.084844,12.078683,17.746544,-10.788933,-6.6221,-8.745524,-6.915633,-10.275156,23.404636,-14.716696,4.6091537,-3.1510866,0.2662251,4.588045,-14.649753,30.798176,10.844108,16.122122,52.03249,3.1827087,14.699407,-18.021208,-40.192787,-12.251642,29.217836,-21.63112,-5.303826,-25.74981
189,-1.137773036956787,-11.45892333984375,77.90018463134766,0.37899335919471105,2.587608704935874,-88.32769626394479,-7.6401253,7.8709054,12.359834,16.143627,-9.914192,-6.6455455,-8.545019,-6.8808174,-10.182688,22.333563,-14.048719,4.7197742,-2.97135,0.32447737,4.1971183,-13.045396,29.73261,10.710779,16.313557,52.110302,2.9982927,14.962797,-16.775389,-39.54853,-12.019601,29.121002,-21.732927,-5.153745,-25.51536
190,-1.0892810821533203,-11.49514389038086,78.01700592041016,0.4200709174415853,2.7615648940854793,-88.46462945722337,-7.0432363,7.677997,12.687106,14.587682,-9.078213,-6.679942,-8.297177,-6.849293,-10.090491,21.331768,-13.449545,4.843141,-2.8169684,0.38782954,3.8940208,-11.478261,28.690506,10.520789,16.562017,52.266666,2.8418987,15.311403,-15.555579,-38.868427,-11.73901,28.997955,-21.979746,-4.9491615,-25.360178
191,-1.0421468019485474,-11.52262020111084,78.1157455444336,0.45407946233800484,2.8880262566481982,-88.59639117216355,-6.445758,7.5001874,13.011065,13.128006,-8.303228,-6.710708,-8.040214,-6.8193574,-9.996889,20.421898,-12.919869,4.962187,-2.6888425,0.4537749,3.6666255,-9.952867,27.674204,10.282836,16.85018,52.44536,2.7143028,15.7078,-14.377037,-38.15399,-11.41997,28.848969,-22.196224,-4.7258434,-25.190023
192,-0.9917730689048767,-11.539365768432617,78.1972427368164,0.4777417164169913,2.9855673737360093,-88.72037582835087,-5.883794,7.32879,13.285281,11.788883,-7.603069,-6.7212915,-7.796735,-6.789422,-9.90163,19.602045,-12.450625,5.062977,-2.590873,0.52175826,3.5030174,-8.47308,26.684875,10.011443,17.162807,52.588085,2.612531,16.11396,-13.233466,-37.40638,-11.076036,28.655085,-22.197367,-4.52111,-24.913858
193,-0.9415808320045471,-11.545524597167969,78.26251983642578,0.49250195677715514,3.0499922308950844,-88.83973333627115,-5.35746,7.166033,13.502947,10.583509,-6.985558,-6.7114267,-7.5632997,-6.7562275,-9.799111,18.872282,-12.042332,5.139585,-2.5284934,0.5909564,3.4159226,-7.0309467,25.722979,9.71285,17.477106,52.700623,2.545465,16.527588,-12.135077,-36.625225,-10.717604,28.398094,-21.93499,-4.3454905,-24.47553
194,-0.8890805840492249,-11.542866706848145,78.3126449584961,0.499568822188064,3.0743939115604486,-88.95465774024254,-4.8669434,7.0190935,13.688125,9.535028,-6.4626703,-6.6860085,-7.326689,-6.7225795,-9.692719,18.224773,-11.693778,5.2025275,-2.4980896,0.6617634,3.4084103,-5.6328154,24.788826,9.383785,17.812159,52.80622,2.5048566,16.965143,-11.081639,-35.80998,-10.340894,28.091518,-21.509945,-4.1790476,-23.932556
195,-0.8368816375732422,-11.52908992767334,78.34930419921875,0.4947790578980846,3.0729830941596865,-89.05836378344931,-4.4475074,6.900322,13.838016,8.676921,-6.0458694,-6.647772,-7.098521,-6.6850452,-9.598979,17.651203,-11.396515,5.2512393,-2.4876137,0.73546964,3.4535558,-4.3050146,23.882475,9.024182,18.215097,52.872288,2.4619558,17.41612,-10.056353,-34.961967,-9.936758,27.77079,-20.961008,-4.010143,-23.367502
196,-0.7854769229888916,-11.51157283782959,78.37299346923828,0.47424055803765663,3.0599502788075443,-89.14404180847896,-4.136893,6.823005,13.949821,8.064231,-5.765427,-6.600222,-6.8846283,-6.6418843,-9.534126,17.14496,-11.149189,5.2880373,-2.4851718,0.81337583,3.5232964,-3.0724897,23.00407,8.63731,18.733776,52.86884,2.3884392,17.868893,-9.035019,-34.08473,-9.496491,27.465063,-20.326654,-3.8279076,-22.862919
197,-0.7361936569213867,-11.48513412475586,78.3889389038086,0.43683160168057233,3.036298288945894,-89.20312977852785,-3.9350114,6.7847624,14.0119705,7.679167,-5.6070676,-6.5391245,-6.680531,-6.592409,-9.512009,16.690742,-10.943542,5.31132,-2.4952533,0.89766484,3.6213167,-1.9370881,22.153828,8.220066,19.35749,52.7721,2.290209,18.328178,-8.011312,-33.181282,-9.013154,27.157043,-19.557045,-3.6209729,-22.433254
198,-0.6826276183128357,-11.452768325805664,78.39398193359375,0.3849888634033721,2.9954326319954463,-89.24142201502285,-3.8736422,6.7905746,14.025945,7.617267,-5.626392,-6.4617953,-6.489015,-6.5421815,-9.519742,16.31105,-10.792677,5.3256884,-2.5198026,0.98800707,3.7574008,-0.89050186,21.33206,7.7728357,20.07201,52.602898,2.1803057,18.797895,-6.997191,-32.2538,-8.487664,26.842226,-18.648146,-3.393994,-22.041662
199,-0.6329578757286072,-11.41887092590332,78.38943481445312,0.3185589067746355,2.9401227276623065,-89.27364524275782,-3.9178023,6.845787,14.019435,7.8137794,-5.790968,-6.384017,-6.3013296,-6.477855,-9.540856,15.976724,-10.676993,5.326911,-2.54062,1.0828984,3.913709,0.058653418,20.538923,7.3084598,20.916883,52.399536,2.0390918,19.262623,-6.005315,-31.306168,-7.9267006,26.580639,-17.708393,-3.1658292,-21.688763
200,-0.5797314047813416,-11.371332168579102,78.37907409667969,0.2379281203809523,2.8733759163420767,-89.31439939597009,-4.034633,6.940143,14.023393,8.179592,-6.044836,-6.305895,-6.1172543,-6.3969007,-9.555564,15.652056,-10.559468,5.3194532,-2.5391634,1.1817853,4.073354,0.9018444,19.774181,6.8455973,21.93303,52.201706,1.8439555,19.705538,-5.0484695,-30.343475,-7.339497,26.432873,-16.84535,-2.9581685,-21.372004
201,-0.534491240978241,-11.321508407592773,78.3681411743164,0.14159745586508143,2.7916262998569286,-89.36421224249106,-4.1574545,7.0717134,14.046997,8.598908,-6.338384,-6.24009,-5.909134,-6.2879653,-9.573227,15.304467,-10.438759,5.2918158,-2.5041645,1.2861155,4.230799,1.6325532,19.036804,6.390899,23.146662,52.012394,1.5699043,20.126732,-4.1173587,-29.370323,-6.7238274,26.41487,-16.073896,-2.7723958,-21.11029
202,-0.4915790557861328,-11.268776893615723,78.35159301757812,0.0299410327075905,2.694565617731282,-89.41631136107496,-4.3306947,7.2434187,14.072212,9.163147,-6.719787,-6.1785474,-5.6964726,-6.160997,-9.597089,14.97927,-10.339321,5.249609,-2.445632,1.3985578,4.395003,2.2574654,18.325678,5.9439383,24.532087,51.815884,1.2330205,20.531538,-3.2122092,-28.389946,-6.077973,26.50133,-15.337595,-2.6018674,-20.895292
203,-0.4467506408691406,-11.210814476013184,78.33399200439453,-0.09399040439967983,2.590343216371264,-89.4743802092627,-4.5186324,7.436723,14.104924,9.7695265,-7.122132,-6.115699,-5.4798613,-6.016614,-9.610617,14.647586,-10.227151,5.2054143,-2.377105,1.5194403,4.571272,2.7949877,17.640089,5.5140853,26.039476,51.621708,0.87409776,20.907095,-2.3619592,-27.405535,-5.41619,26.691952,-14.638486,-2.4576097,-20.679647
204,-0.40075239539146423,-11.136316299438477,78.31779479980469,-0.22700791183705948,2.4868257433305776,-89.54226867654486,-4.7195554,7.6436667,14.14647,10.37523,-7.503048,-6.0479703,-5.280889,-5.855081,-9.596364,14.312494,-10.079458,5.167381,-2.3130975,1.6476572,4.7666373,3.260981,16.979605,5.1155744,27.62363,51.44118,0.5278022,21.2406,-1.5972923,-26.420145,-4.7597184,26.987001,-13.982376,-2.3514664,-20.411188
205,-0.36407744884490967,-11.06168270111084,78.3034896850586,-0.3828727714795068,2.380196400252162,-89.63042589596887,-4.923568,7.8958445,14.210299,11.000981,-7.886246,-5.9858456,-5.0707183,-5.6463113,-9.542856,13.939686,-9.885403,5.130122,-2.2467766,1.8032627,4.9923897,3.6494582,16.342102,4.759078,29.294998,51.293007,0.20839965,21.494743,-0.91691047,-25.434683,-4.1179667,27.367773,-13.328101,-2.2853591,-20.056557
206,-0.31434521079063416,-10.971638679504395,78.28825378417969,-0.5580954262670309,2.267896982483684,-89.73358222196912,-5.165081,8.177354,14.290115,11.702053,-8.298468,-5.9103184,-4.87016,-5.4157453,-9.4561825,13.561589,-9.657781,5.103382,-2.1737874,1.9810555,5.242681,3.9584215,15.725678,4.443928,31.064285,51.168457,-0.10682602,21.683403,-0.3088039,-24.450136,-3.4888906,27.84048,-12.688216,-2.2528179,-19.64218
207,-0.2732312083244324,-10.863268852233887,78.27324676513672,-0.7248219018237848,2.1603212023981873,-89.8320009058847,-5.41307,8.4495325,14.356877,12.366184,-8.663611,-5.837322,-4.71995,-5.194804,-9.362863,13.249686,-9.440647,5.075393,-2.1121922,2.1445596,5.4991236,4.2146173,15.13075,4.163462,32.881027,51.03429,-0.4385725,21.869764,0.21327725,-23.469017,-2.8744109,28.447952,-12.142589,-2.2578325,-19.208532
208,-0.228293776512146,-10.75619125366211,78.2580795288086,-0.85537197927873,2.0680277357014147,-89.90615143849175,-5.644928,8.654325,14.386926,12.939719,-8.961039,-5.762317,-4.64257,-5.0372596,-9.285271,13.067927,-9.285138,5.060836,-2.0804226,2.2562048,5.743147,4.445364,14.560059,3.9083648,34.695652,50.85581,-0.80637014,22.118006,0.63369733,-22.495237,-2.277938,29.235294,-11.77054,-2.3058226,-18.79677
209,-0.18716654181480408,-10.639863014221191,78.23943328857422,-0.935532430291973,1.9915614046765189,-89.95318856015409,-5.88145,8.778945,14.3672695,13.4445715,-9.18794,-5.6881747,-4.695927,-4.9643793,-9.222868,13.123427,-9.240028,5.0580263,-2.0849288,2.3021946,5.9801846,4.663725,14.015879,3.6839404,36.48531,50.634567,-1.2308038,22.440607,0.9343352,-21.53169,-1.7067816,30.253817,-11.643651,-2.4309878,-18.409485
210,-0.15343406796455383,-10.511879920959473,78.21834564208984,-0.9825640865612713,1.9263313022168562,-89.98291808023792,-6.1333804,8.855743,14.312872,13.917744,-9.367243,-5.6169934,-4.8557744,-4.9453635,-9.166333,13.36637,-9.275768,5.0607343,-2.1164424,2.3041108,6.21588,4.8596697,13.498894,3.491117,38.273396,50.382656,-1.6966844,22.8022,1.1282285,-20.579561,-1.1606973,31.4673,-11.695887,-2.6210308,-18.02951
211,-0.12278760224580765,-10.38710880279541,78.19502258300781,-1.015884382180104,1.8749139026481334,-89.99487657126737,-6.4047437,8.9120035,14.234328,14.389462,-9.53365,-5.5505548,-5.0622616,-4.951091,-9.123968,13.68795,-9.349405,5.0651746,-2.1685927,2.2779636,6.430424,5.026449,13.010811,3.3076453,40.083828,50.077457,-2.1660836,23.199854,1.2520838,-19.640759,-0.6302451,32.786964,-11.800449,-2.8112285,-17.671396
212,-0.0981147512793541,-10.242411613464355,78.1728744506836,-1.0548981280074552,1.8401422846777622,-89.98854809281245,-6.712806,8.9753065,14.140458,14.853351,-9.67251,-5.487684,-5.2821646,-4.9475336,-9.104378,13.980475,-9.393861,5.0582314,-2.2329702,2.2411847,6.60259,5.1582036,12.554909,3.0998492,41.942677,49.689243,-2.5936468,23.637339,1.3451174,-18.718094,-0.10208648,34.12499,-11.828723,-2.9356904,-17.351357
213,-0.0763186514377594,-10.126150131225586,78.15464782714844,-1.1074490898733946,1.8278748580072992,-89.95673511675477,-7.0212336,9.049303,14.028462,15.292433,-9.808794,-5.4380913,-5.4501786,-4.9240127,-9.121906,14.167765,-9.401939,5.0442867,-2.3088293,2.199428,6.7191725,5.2494545,12.1359215,2.844419,43.897713,49.20612,-2.9659584,24.199215,1.4103501,-17.814169,0.43972918,35.4949,-11.745592,-2.9729216,-17.107574
214,-0.05780037119984627,-10.014379501342773,78.13751983642578,-1.1624642548544324,1.8350428405338124,-89.90211949673846,-7.35203,9.121104,13.893434,15.722721,-9.931143,-5.395587,-5.620207,-4.899651,-9.167168,14.333611,-9.39937,5.0252113,-2.398222,2.1446512,6.789999,5.312067,11.757599,2.5401812,45.923805,48.627556,-3.3008316,24.868204,1.4360304,-16.931335,0.9928657,36.928833,-11.610233,-2.956844,-16.930534
215,-0.048213161528110504,-9.902240753173828,78.12348937988281,-1.211344283843562,1.8505505220100116,-89.83905080877946,-7.664575,9.182439,13.756842,16.086794,-10.011895,-5.3598223,-5.7869983,-4.876532,-9.222431,14.47759,-9.384941,5.0004745,-2.4955163,2.073097,6.8295302,5.3646703,11.421511,2.1890213,47.93901,47.94045,-3.6003466,25.495308,1.4377216,-16.073065,1.536133,38.37014,-11.439864,-2.9052653,-16.757795
216,-0.035901740193367004,-9.795336723327637,78.1136245727539,-1.2448373321139239,1.8635917086933946,-89.7816928892116,-7.9156194,9.213618,13.644178,16.34084,-10.042121,-5.31966,-5.9306207,-4.8679194,-9.267436,14.584008,-9.355151,4.9829903,-2.593695,1.9805313,6.85312,5.4221416,11.126816,1.7939098,49.8627,47.130642,-3.8647466,25.929024,1.4357244,-15.243487,2.0409117,39.756474,-11.255074,-2.8372173,-16.519945
217,-0.0293312706053257,-9.710768699645996,78.11447143554688,-1.2550388737034877,1.874416349788019,-89.73105724829747,-8.047889,9.202023,13.566056,16.392027,-9.985431,-5.2823787,-6.015079,-4.872156,-9.301094,14.6006775,-9.296031,4.970478,-2.6948032,1.859764,6.854224,5.4759645,10.872837,1.3469628,51.726173,46.137287,-4.088989,26.128263,1.4412937,-14.445535,2.4866536,41.074074,-11.035969,-2.7488196,-16.164349
218,-0.028127256780862808,-9.626720428466797,78.12059783935547,-1.2483292335213316,1.8877156982524177,-89.68043317926939,-8.124529,9.162199,13.505665,16.322124,-9.864337,-5.2456813,-6.0800905,-4.8878517,-9.330896,14.572514,-9.215272,4.958721,-2.7981598,1.7179518,6.829683,5.5186663,10.659103,0.84207046,53.564186,44.978508,-4.2750955,26.179249,1.4482036,-13.680132,2.8781598,42.34975,-10.784442,-2.6362255,-15.729112
219,-0.02847089245915413,-9.536656379699707,78.13018798828125,-1.2376464771094842,1.899226660601731,-89.63267870537075,-8.172998,9.113816,13.457181,16.189901,-9.707253,-5.2089663,-6.126159,-4.9025903,-9.359781,14.498364,-9.106045,4.947367,-2.8939214,1.5697426,6.800198,5.5653667,10.482894,0.29310623,55.297638,43.762356,-4.4332094,26.115417,1.449183,-12.948738,3.2297223,43.58182,-10.553224,-2.5177486,-15.283816
220,-0.031580474227666855,-9.45285415649414,78.1407470703125,-1.2355156001094367,1.9044795780672352,-89.5907214614473,-8.206909,9.080622,13.414946,16.05572,-9.555846,-5.1793675,-6.1466208,-4.9021473,-9.391578,14.3907385,-8.982719,4.9349136,-2.974276,1.4304738,6.786998,5.6310773,10.338731,-0.274248,56.841705,42.604603,-4.5793123,25.961393,1.4344879,-12.252337,3.5635185,44.76902,-10.388464,-2.4123485,-14.899811
221,-0.03417283296585083,-9.367619514465332,78.15206909179688,-1.245017969477069,1.9046156661298133,-89.55950054747296,-8.238121,9.06683,13.382742,15.932061,-9.412566,-5.1531324,-6.147234,-4.8837256,-9.422954,14.244068,-8.834177,4.9218063,-3.0409606,1.3033769,6.7940264,5.723389,10.220554,-0.8329972,58.16239,41.556747,-4.722342,25.679901,1.396065,-11.592303,3.8835351,45.90429,-10.310528,-2.3207762,-14.605782
222,-0.03991730138659477,-9.282526969909668,78.16460418701172,-1.259331205744916,1.901427783151417,-89.5359554533327,-8.2544,9.063135,13.36118,15.790256,-9.261934,-5.131628,-6.1292343,-4.8531384,-9.453729,14.061773,-8.665196,4.906888,-3.1013443,1.1807646,6.8126926,5.8317676,10.123825,-1.3764583,59.306084,40.56902,-4.855552,25.261478,1.3373919,-10.969754,4.190072,46.988945,-10.28555,-2.234391,-14.363368
223,-0.04863613098859787,-9.189550399780273,78.17855834960938,-1.2770005779254092,1.8908822910691725,-89.51142695429498,-8.262335,9.064745,13.339554,15.635026,-9.099034,-5.113708,-6.095384,-4.8149695,-9.489869,13.853529,-8.47988,4.890199,-3.1554987,1.0609133,6.8445926,5.943928,10.045012,-1.9118944,60.30563,39.605217,-4.9700665,24.771755,1.2644894,-10.385494,4.5036125,48.0365,-10.275421,-2.1564867,-14.146878
224,-0.06262169033288956,-9.108602523803711,78.19136047363281,-1.296671574571497,1.869283962842894,-89.47694910934233,-8.2573805,9.071994,13.306541,15.493503,-8.951074,-5.1061573,-6.0353966,-4.77309,-9.538242,13.642918,-8.309321,4.873416,-3.2044353,0.94224864,6.890239,6.048956,9.981945,-2.4535096,61.194435,38.623444,-5.056298,24.279863,1.1836256,-9.840534,4.85315,49.061325,-10.236572,-2.0885007,-13.936132
225,-0.08346028625965118,-9.028647422790527,78.2038345336914,-1.321995248717545,1.8333600281264635,-89.42455563231648,-8.248584,9.088004,13.2520075,15.368616,-8.809891,-5.1103826,-5.9445167,-4.7231574,-9.608497,13.416672,-8.142232,4.85431,-3.248552,0.8262878,6.953579,6.150281,9.9332075,-3.0077815,61.95087,37.54768,-5.1218677,23.780907,1.0976413,-9.337749,5.270645,50.056316,-10.118061,-2.0337539,-13.755659
226,-0.10232969373464584,-8.953268051147461,78.21640014648438,-1.3523821396987363,1.786009279959355,-89.3607539502197,-8.231355,9.107179,13.185872,15.25488,-8.678236,-5.1193027,-5.8229127,-4.669728,-9.693164,13.168793,-7.9738493,4.838961,-3.2898304,0.71446764,7.0317836,6.2526097,9.89743,-3.569333,62.566143,36.419247,-5.1628923,23.24702,1.0017426,-8.879986,5.7568965,51.017292,-9.937556,-1.9877728,-13.617072
227,-0.11539843678474426,-8.867609024047852,78.22810363769531,-1.3800548373047028,1.7322961243318407,-89.2988294054025,-8.218469,9.120786,13.122651,15.152357,-8.547922,-5.1221957,-5.705521,-4.6233525,-9.773611,12.930045,-7.8049755,4.8281617,-3.3297837,0.6039225,7.1158986,6.345465,9.873283,-4.136125,63.09315,35.37273,-5.15622,22.7154,0.8908157,-8.467577,6.2817864,51.963726,-9.763187,-1.9412743,-13.475255
228,-0.13037310540676117,-8.784961700439453,78.23817443847656,-1.397096998363788,1.677436066717642,-89.25178194485271,-8.19179,9.127047,13.077474,15.039736,-8.417239,-5.122795,-5.612465,-4.587856,-9.833884,12.741962,-7.663302,4.8181033,-3.3671172,0.4915306,7.1980534,6.4159346,9.85933,-4.7093577,63.585075,34.5429,-5.0802674,22.225197,0.76174885,-8.098129,6.798949,52.912308,-9.675218,-1.8859645,-13.2778225
229,-0.14634248614311218,-8.705235481262207,78.24688720703125,-1.3985913131947376,1.6239705278767615,-89.22149129395504,-8.149212,9.118756,13.054189,14.907582,-8.281533,-5.117437,-5.554464,-4.570728,-9.8697815,12.618965,-7.555903,4.8124423,-3.4076931,0.37283337,7.280411,6.452905,9.8544655,-5.2996926,64.054306,34.02796,-4.9079185,21.808867,0.6077502,-7.7680445,7.274898,53.86895,-9.744924,-1.8345176,-12.978024
230,-0.16834208369255066,-8.629467010498047,78.2549819946289,-1.3896021390418027,1.5688082147816345,-89.20132534279578,-8.089465,9.103979,13.044136,14.756956,-8.140075,-5.113104,-5.516565,-4.5629787,-9.891431,12.542861,-7.4764895,4.80696,-3.4447482,0.25099635,7.3682013,6.459776,9.857625,-5.9106717,64.472755,33.73511,-4.658467,21.439838,0.43258393,-7.474787,7.709121,54.822823,-9.936439,-1.7898501,-12.600208
231,-0.1832100749015808,-8.563891410827637,78.26192474365234,-1.3775548656297434,1.5081850290208507,-89.19269967459945,-8.015147,9.0852785,13.048256,14.615515,-8.0156975,-5.105461,-5.473582,-4.5613823,-9.899075,12.478466,-7.408203,4.805671,-3.4595273,0.13537958,7.457317,6.441546,9.866942,-6.5280294,64.84802,33.513866,-4.3891354,21.072536,0.2535967,-7.215953,8.111098,55.761765,-10.165985,-1.7284191,-12.200613
232,-0.201454758644104,-8.499306678771973,78.26834106445312,-1.369311263379019,1.438459346261238,-89.19684188883733,-7.9300513,9.07909,13.06327,14.48401,-7.8999577,-5.1045094,-5.4201245,-4.548765,-9.896493,12.4095335,-7.3351436,4.7943377,-3.435068,0.03570309,7.5436897,6.4039836,9.879439,-7.128778,65.189606,33.22058,-4.159358,20.659689,0.08737882,-6.988957,8.497315,56.67393,-10.344979,-1.6262074,-11.837161
233,-0.22266100347042084,-8.44479751586914,78.27708435058594,-1.365593843472792,1.3540566722190992,-89.21726344091454,-7.807903,9.085032,13.096153,14.337987,-7.7885566,-5.1134014,-5.3300576,-4.5205073,-9.881441,12.305431,-7.2468586,4.770558,-3.3703394,-0.04634112,7.6280503,6.350651,9.892276,-7.6996794,65.50656,32.851963,-3.9859867,20.194778,-0.06471218,-6.792403,8.871181,57.561028,-10.473374,-1.4669392,-11.533727
234,-0.24065616726875305,-8.391508102416992,78.28528594970703,-1.3629523421577028,1.2585191059513952,-89.2521625848895,-7.672259,9.096304,13.144364,14.204197,-7.689628,-5.123419,-5.2315993,-4.4889765,-9.851693,12.205398,-7.158132,4.7415414,-3.276118,-0.11538733,7.711953,6.2806435,9.903464,-8.240067,65.79146,32.485855,-3.838581,19.698366,-0.20997386,-6.6251154,9.231715,58.426125,-10.588752,-1.2661302,-11.259244
235,-0.2581842541694641,-8.336312294006348,78.29216766357422,-1.362007984932274,1.1617123737018347,-89.29502739197797,-7.542067,9.1134815,13.1978445,14.087923,-7.599929,-5.134121,-5.13822,-4.454062,-9.815004,12.113155,-7.0703006,4.710238,-3.153601,-0.17290169,7.792115,6.197939,9.911911,-8.742517,66.020775,32.10465,-3.6988385,19.163807,-0.34579924,-6.4862366,9.589902,59.26143,-10.66003,-1.044956,-10.994114
236,-0.2770799994468689,-8.282797813415527,78.29712677001953,-1.3648036530113683,1.0736149202285246,-89.33924746342701,-7.4339314,9.138774,13.246183,14.0005665,-7.52458,-5.1460567,-5.0571384,-4.414773,-9.779574,12.029039,-6.9875016,4.680787,-3.0053115,-0.22040124,7.864739,6.108097,9.917135,-9.196031,66.170364,31.692537,-3.5497472,18.583374,-0.46900862,-6.375049,9.963483,60.0579,-10.651429,-0.8238781,-10.721201
237,-0.30325040221214294,-8.238104820251465,78.30386352539062,-1.3723140156494993,0.9957940191480193,-89.387257264242,-7.325603,9.174578,13.292868,13.903186,-7.4467773,-5.165311,-4.9717383,-4.3624167,-9.747288,11.923231,-6.89899,4.6499987,-2.8247259,-0.25498757,7.926358,6.0141945,9.918818,-9.585195,66.22281,31.247194,-3.3743587,17.916628,-0.57271653,-6.2924027,10.35892,60.81215,-10.524475,-0.596193,-10.453135
238,-0.32472774386405945,-8.198981285095215,78.30890655517578,-1.3844555275762997,0.9232885447553858,-89.44106620202672,-7.235592,9.218134,13.339872,13.845611,-7.3944616,-5.1833315,-4.891832,-4.307012,-9.711876,11.822779,-6.815089,4.6234837,-2.6154733,-0.2770285,7.979591,5.915797,9.916184,-9.907382,66.19308,30.787786,-3.1864207,17.178627,-0.66092396,-6.238584,10.776206,61.528587,-10.301718,-0.35434416,-10.196815
239,-0.3464033901691437,-8.160991668701172,78.3132095336914,-1.3956841705421024,0.8563292844899915,-89.49371205508102,-7.154341,9.260751,13.383821,13.794585,-7.3455105,-5.200863,-4.823088,-4.253719,-9.676307,11.73614,-6.739532,4.5989122,-2.3957155,-0.29529682,8.029737,5.812359,9.909224,-10.175494,66.10691,30.32488,-3.011933,16.446556,-0.7485959,-6.212854,11.223032,62.21386,-10.041158,-0.11606572,-9.930097
240,-0.3644944727420807,-8.115272521972656,78.31684112548828,-1.4034845256693105,0.7951729917838751,-89.53814170257402,-7.08855,9.293163,13.419964,13.744577,-7.2908673,-5.211781,-4.774189,-4.2108836,-9.642701,11.671005,-6.6713223,4.5790477,-2.18284,-0.31775504,8.082026,5.7030506,9.898435,-10.41045,65.990234,29.861053,-2.8776383,15.798548,-0.8508396,-6.212768,11.711465,62.874714,-9.795562,0.10103039,-9.63063
241,-0.3846864402294159,-8.077960014343262,78.31956481933594,-1.406010133742382,0.7480694128542819,-89.57121493164225,-7.0337143,9.316161,13.44474,13.68931,-7.2365756,-5.222386,-4.745172,-4.177078,-9.612929,11.632794,-6.6250544,4.5637403,-1.9720492,-0.34866983,8.128975,5.5906134,9.88463,-10.614047,65.829445,29.354246,-2.7813635,15.240057,-0.9743495,-6.236794,12.252097,63.52456,-9.540815,0.29317704,-9.276568
242,-0.40567880868911743,-8.032361030578613,78.32196807861328,-1.4070125190034721,0.7121445590879382,-89.59708139986326,-7.0004454,9.334532,13.460212,13.633807,-7.1734133,-5.2296047,-4.7408614,-4.147597,-9.585594,11.612299,-6.5837235,4.550388,-1.7577915,-0.3839534,8.170593,5.4748816,9.868581,-10.782747,65.61756,28.809628,-2.7105918,14.736103,-1.1121521,-6.2842617,12.844283,64.15881,-9.255334,0.47062054,-8.888601
243,-0.42473292350769043,-7.995033264160156,78.32444763183594,-1.4033494850417834,0.671009653339687,-89.61975025729166,-6.9512434,9.344185,13.475867,13.569767,-7.113244,-5.2361445,-4.730288,-4.1269727,-9.558927,11.605991,-6.5568786,4.540352,-1.5542516,-0.4187842,8.222978,5.3504214,9.851057,-10.936927,65.3903,28.294767,-2.6771681,14.303976,-1.2569804,-6.353055,13.4796505,64.755455,-8.996812,0.6368537,-8.506573
244,-0.43557268381118774,-7.959074020385742,78.3260498046875,-1.3947407139539674,0.6080981518852119,-89.64310068652155,-6.8744984,9.342516,13.498311,13.506855,-7.060849,-5.2376394,-4.7026443,-4.120463,-9.530505,11.618773,-6.5420675,4.534331,-1.3731972,-0.44759306,8.302001,5.210234,9.832981,-11.11025,65.184166,27.866444,-2.6914723,13.963419,-1.4000543,-6.439697,14.144423,65.292244,-8.826539,0.7942719,-8.168805
245,-0.4452165365219116,-7.922025680541992,78.32868194580078,-1.3792350436228022,0.5152760478362963,-89.66810157382939,-6.748238,9.329196,13.530395,13.413425,-6.9972563,-5.2388067,-4.646912,-4.125079,-9.501516,11.64326,-6.535553,4.5262957,-1.2132576,-0.4714239,8.417775,5.0470657,9.816188,-11.332789,65.00997,27.519543,-2.7623093,13.739009,-1.5412108,-6.5416584,14.83143,65.771614,-8.782031,0.94213223,-7.8761444
246,-0.4527163803577423,-7.882033348083496,78.33179473876953,-1.3559660634638862,0.40253463766918673,-89.69266030270191,-6.5891356,9.302542,13.56852,13.296128,-6.9233336,-5.23743,-4.5792212,-4.142622,-9.471677,11.687702,-6.5396814,4.518571,-1.0644996,-0.49218336,8.5591545,4.8642793,9.802374,-11.607457,64.84806,27.208054,-2.879697,13.61811,-1.6801693,-6.6573596,15.537701,66.200165,-8.831431,1.0794352,-7.609091
247,-0.4526345133781433,-7.849588394165039,78.33457946777344,-1.3326577294281279,0.2808083795760691,-89.71629026669859,-6.417409,9.270821,13.60864,13.187895,-6.863154,-5.232841,-4.495214,-4.166787,-9.442061,11.731804,-6.548923,4.5161047,-0.92741966,-0.50714225,8.709705,4.6681747,9.792181,-11.920694,64.697014,26.932962,-3.0298195,13.566107,-1.8101618,-6.784642,16.252333,66.56749,-8.936696,1.2048818,-7.375773
248,-0.4504339396953583,-7.824296474456787,78.336181640625,-1.3111599203488045,0.16061704215946063,-89.73822623057075,-6.2520723,9.242125,13.646759,13.101423,-6.820167,-5.229242,-4.408037,-4.190876,-9.413564,11.778153,-6.5638957,4.5159183,-0.80322695,-0.5147369,8.853226,4.4659786,9.785456,-12.249691,64.55457,26.703712,-3.198927,13.547238,-1.9221278,-6.921476,16.959805,66.857475,-9.065757,1.3210466,-7.184142
249,-0.44938787817955017,-7.7938690185546875,78.33789825439453,-1.2962392623279613,0.04048977363983546,-89.76310770761938,-6.096849,9.224643,13.685721,13.030107,-6.7818785,-5.2283745,-4.3148904,-4.2049356,-9.38375,11.80328,-6.563566,4.5135517,-0.6880137,-0.51465285,8.993032,4.2530937,9.782309,-12.586941,64.431076,26.547626,-3.4057505,13.571495,-2.0177178,-7.065997,17.660114,67.05854,-9.269674,1.4395778,-7.034821
250,-0.44789984822273254,-7.772822856903076,78.34000396728516,-1.2820231146857954,-0.0836871102545452,-89.78968892773808,-5.929135,9.209064,13.728432,12.959986,-6.7527137,-5.2308164,-4.2081213,-4.2176037,-9.352578,11.823261,-6.5669394,4.5121136,-0.58333796,-0.50973135,9.135658,4.028534,9.783076,-12.933984,64.323654,26.461391,-3.6523974,13.649343,-2.1010108,-7.2171464,18.354162,67.18189,-9.552865,1.5563432,-6.9240503
251,-0.4413965940475464,-7.750729560852051,78.34097290039062,-1.268946037712673,-0.205507666062685,-89.80854840596895,-5.7768164,9.190803,13.762749,12.911274,-6.733773,-5.2287893,-4.1060033,-4.235468,-9.327704,11.850843,-6.5734763,4.51374,-0.4982611,-0.50017524,9.270407,3.8034542,9.786732,-13.278938,64.21063,26.411219,-3.9018197,13.745161,-2.1671052,-7.3730173,19.02462,67.243996,-9.814845,1.648215,-6.8490653
252,-0.4324314296245575,-7.730663776397705,78.3411636352539,-1.2562726970766507,-0.31853205932972595,-89.81022012277582,-5.6436973,9.166301,13.778637,12.874015,-6.7185974,-5.2223473,-4.0096827,-4.25996,-9.3187685,11.883041,-6.5847707,4.517283,-0.44147998,-0.48634803,9.3867035,3.5931578,9.79116,-13.603263,64.06202,26.36963,-4.113524,13.819856,-2.2107325,-7.531097,19.644688,67.26104,-9.963551,1.6925547,-6.8051014
253,-0.4218292534351349,-7.716336727142334,78.34136962890625,-1.2421722758880493,-0.4204348815994392,-89.79260195244524,-5.5249596,9.132242,13.775023,12.83685,-6.7029705,-5.2119875,-3.919422,-4.2930927,-9.328505,11.92109,-6.603163,4.5225472,-0.41194642,-0.46928012,9.4817705,3.4005377,9.794258,-13.892333,63.867195,26.362253,-4.280796,13.867551,-2.2300224,-7.689721,20.20148,67.23712,-9.992773,1.6717829,-6.8057165
254,-0.4143419563770294,-7.694449424743652,78.3406982421875,-1.2284760255693166,-0.515152944441168,-89.76061317315097,-5.4298253,9.096963,13.754367,12.80994,-6.6827683,-5.2000885,-3.8460011,-4.329341,-9.352492,11.975215,-6.6256504,4.524475,-0.4060317,-0.44856983,9.5618515,3.2188158,9.794779,-14.145712,63.640877,26.405746,-4.4239707,13.90496,-2.2284772,-7.8474154,20.696028,67.16425,-9.960321,1.6020095,-6.845516
255,-0.4050126373767853,-7.6758599281311035,78.3402099609375,-1.214212938384933,-0.6043950554449815,-89.71532381226524,-5.3418913,9.055096,13.72091,12.782167,-6.6621556,-5.1851754,-3.7722092,-4.3708563,-9.387483,12.028482,-6.6515446,4.52848,-0.42878112,-0.4245465,9.629513,3.0441687,9.79255,-14.36863,63.40005,26.45693,-4.5450106,13.930645,-2.2113216,-8.002648,21.119865,67.044556,-9.873312,1.5114653,-6.893658
256,-0.4003441035747528,-7.663522720336914,78.33942413330078,-1.201359699830964,-0.6901487844015456,-89.65783044572875,-5.257724,9.014358,13.674038,12.756588,-6.644342,-5.1733427,-3.6916988,-4.410274,-9.432396,12.077236,-6.68379,4.530715,-0.48395163,-0.39677408,9.68766,2.872647,9.788084,-14.570341,63.16089,26.469807,-4.646079,13.94249,-2.1826882,-8.153069,21.460306,66.87843,-9.741472,1.4277598,-6.9168963
257,-0.3978974521160126,-7.645951747894287,78.33858489990234,-1.1902065643655957,-0.7697146028596537,-89.58065833967386,-5.1917458,8.970554,13.6056795,12.733088,-6.619575,-5.1591334,-3.6133885,-4.450091,-9.490969,12.120495,-6.7151265,4.5307827,-0.5782303,-0.36323145,9.733236,2.7027318,9.782334,-14.756527,62.917454,26.410013,-4.71483,13.928551,-2.1427524,-8.296348,21.703398,66.662994,-9.546784,1.3557044,-6.9045324
258,-0.38190212845802307,-7.646465301513672,78.33723449707031,-1.179664216148261,-0.8432057094767401,-89.48575514935459,-5.1322794,8.913732,13.521685,12.728908,-6.6180115,-5.1357965,-3.5180714,-4.5013924,-9.560736,12.150757,-6.754414,4.542496,-0.7054371,-0.3255493,9.766107,2.534803,9.775928,-14.927752,62.66563,26.304855,-4.7530627,13.894874,-2.0902047,-8.430928,21.846788,66.40221,-9.30123,1.2812109,-6.8732677
259,-0.3698286712169647,-7.6470723152160645,78.3364028930664,-1.1693760587338065,-0.9166242175135325,-89.3885589656478,-5.067346,8.85775,13.435837,12.712011,-6.6088634,-5.11504,-3.4178598,-4.5503993,-9.63453,12.173398,-6.791336,4.553209,-0.8505562,-0.28795734,9.793278,2.368165,9.768859,-15.08577,62.42371,26.20099,-4.785027,13.866068,-2.0274663,-8.55517,21.899534,66.108505,-9.055338,1.2024878,-6.8317766
260,-0.35293814539909363,-7.646273612976074,78.33618927001953,-1.156794058963577,-0.9960225849258979,-89.30456366727657,-4.9828606,8.797884,13.367279,12.676477,-6.593423,-5.092097,-3.3083246,-4.6023736,-9.700625,12.18291,-6.817986,4.5707984,-0.99957913,-0.25558165,9.821369,2.2025378,9.760876,-15.23176,62.21043,26.144682,-4.834045,13.867965,-1.9556035,-8.667974,21.87602,65.79065,-8.856636,1.1213558,-6.791159
261,-0.3371858596801758,-7.649027347564697,78.33992004394531,-1.1418692248282236,-1.0855360925581905,-89.24074359212894,-4.8473473,8.735777,13.325678,12.578,-6.5525875,-5.0732155,-3.1709545,-4.650328,-9.758259,12.154327,-6.824259,4.593038,-1.157652,-0.22971873,9.851532,2.0436146,9.751493,-15.362021,62.032753,26.160507,-4.909762,13.91557,-1.8721852,-8.767588,21.771235,65.43929,-8.720988,1.0434189,-6.745797
262,-0.31894856691360474,-7.660914897918701,78.34412384033203,-1.1247882861278913,-1.1811618375559478,-89.18787193147178,-4.6861386,8.671563,13.2988,12.464,-6.5140367,-5.0557327,-3.0185137,-4.7004204,-9.811218,12.117926,-6.83096,4.6219797,-1.3300681,-0.20893814,9.879933,1.8902934,9.74095,-15.47518,61.88021,26.221565,-4.997912,13.993344,-1.7790959,-8.853119,21.582129,65.05772,-8.621868,0.9666883,-6.695133
263,-0.30058208107948303,-7.674601078033447,78.3484878540039,-1.1077157918005625,-1.276356831943352,-89.13721954963584,-4.5199814,8.60733,13.275009,12.343367,-6.474072,-5.03908,-2.862161,-4.749765,-9.862816,12.0744705,-6.835377,4.6523843,-1.5031072,-0.19057876,9.906018,1.7322828,9.729632,-15.578371,61.745316,26.294636,-5.087508,14.079649,-1.6846883,-8.924281,21.337017,64.67282,-8.529649,0.8775382,-6.6557393
264,-0.2809315025806427,-7.683878421783447,78.35242462158203,-1.089860167784808,-1.364743212597886,-89.07984831880964,-4.368268,8.539528,13.24413,12.224671,-6.4304795,-5.0198073,-2.7177856,-4.8015504,-9.914808,12.036238,-6.8409204,4.6820793,-1.6648304,-0.17281051,9.928654,1.5596482,9.71824,-15.681701,61.621403,26.342358,-5.167011,14.154636,-1.5995598,-8.981994,21.079645,64.314156,-8.402283,0.7630952,-6.6489453
265,-0.2623831033706665,-7.681717872619629,78.35409545898438,-1.0732729235727214,-1.445026432002313,-89.0122264012546,-4.2511673,8.473697,13.199172,12.133928,-6.3909407,-4.998596,-2.596688,-4.8538833,-9.968103,12.015797,-6.8510947,4.708182,-1.8161914,-0.15583439,9.945436,1.3672043,9.70764,-15.79111,61.51566,26.340427,-5.2368565,14.216812,-1.5257586,-9.027398,20.839518,63.987354,-8.1873,0.6091722,-6.698544
266,-0.2437162846326828,-7.6868085861206055,78.35811614990234,-1.055815179452164,-1.5205247864605704,-88.93943626321877,-4.1201015,8.40199,13.151857,12.010226,-6.338718,-4.978361,-2.4629695,-4.9052153,-10.022809,11.970407,-6.855097,4.734909,-1.9651885,-0.14113384,9.956611,1.1627456,9.698457,-15.904496,61.428886,26.307009,-5.301279,14.27759,-1.4609904,-9.061483,20.616646,63.680683,-7.896173,0.4268665,-6.7947025
267,-0.23259378969669342,-7.693589687347412,78.36135864257812,-1.0383891282004716,-1.5913772225112264,-88.86576261578254,-3.996333,8.336648,13.10153,11.89214,-6.2881374,-4.9640512,-2.341017,-4.9524302,-10.0780325,11.941684,-6.869545,4.755704,-2.1104832,-0.12760593,9.965575,0.9554404,9.691006,-16.01898,61.344547,26.268488,-5.354867,14.334991,-1.4079435,-9.085262,20.408018,63.393578,-7.584671,0.2415068,-6.906091
268,-0.22306053340435028,-7.711038112640381,78.36449432373047,-1.0209407479794623,-1.657579655924411,-88.7956147075748,-3.8709507,8.274559,13.054539,11.778745,-6.246487,-4.9529324,-2.220131,-4.997913,-10.132662,11.918342,-6.891964,4.7751794,-2.2506382,-0.11331862,9.976142,0.75378925,9.685205,-16.131552,61.245934,26.251263,-5.392265,14.386932,-1.3696591,-9.099194,20.209976,63.12532,-7.3080254,0.07842789,-7.000868
269,-0.2120225429534912,-7.722839832305908,78.36644744873047,-1.0044630443492688,-1.717590641159807,-88.72698451794162,-3.7680986,8.215503,13.007665,11.689784,-6.2116423,-4.9390554,-2.1182084,-5.0448585,-10.188318,11.910609,-6.914973,4.792794,-2.3902123,-0.09678627,9.988862,0.55938727,9.681064,-16.23999,61.125435,26.273117,-5.406363,14.428632,-1.3472222,-9.103901,20.015205,62.87181,-7.076534,-0.056250367,-7.067467
270,-0.19883038103580475,-7.727365970611572,78.36814880371094,-0.9880663238786577,-1.7719190765929445,-88.6585345151751,-3.680776,8.1557045,12.960907,11.608043,-6.1738224,-4.9215183,-2.0322058,-5.0940213,-10.244236,11.912071,-6.93551,4.8094344,-2.527929,-0.07871336,10.002328,0.36803126,9.678575,-16.344595,60.99199,26.317978,-5.402455,14.461299,-1.3383329,-9.099593,19.82373,62.633007,-6.8648057,-0.17596182,-7.1218534
271,-0.18397295475006104,-7.736812591552734,78.3699951171875,-0.9723723788571838,-1.8236480294613493,-88.59567486913129,-3.5936205,8.097995,12.91877,11.5318365,-6.1432047,-4.904348,-1.9468209,-5.141599,-10.295396,11.912726,-6.9574003,4.82713,-2.654217,-0.062483467,10.016501,0.18077587,9.677589,-16.445242,60.85396,26.36264,-5.3931966,14.493659,-1.3414869,-9.0863495,19.64452,62.416363,-6.6759114,-0.284405,-7.1768646
272,-0.17251387238502502,-7.750100135803223,78.37084197998047,-0.9582253161740447,-1.8761646844609474,-88.54359759970605,-3.5061274,8.049581,12.883267,11.470406,-6.1253815,-4.8923464,-1.862941,-5.1820316,-10.33669,11.918672,-6.9847274,4.8432355,-2.7604291,-0.051524978,10.031204,-0.0005826732,9.677936,-16.541695,60.718956,26.383482,-5.391071,14.534066,-1.3558521,-9.064205,19.491844,62.23038,-6.508542,-0.38504362,-7.2465663
273,-0.16466334462165833,-7.765384674072266,78.37174987792969,-0.946292560386254,-1.9288986041234881,-88.50802875498978,-3.411548,8.011151,12.859743,11.407787,-6.1115804,-4.8859835,-1.7773345,-5.211597,-10.363047,11.915127,-7.007705,4.857633,-2.8394516,-0.04869318,10.044721,-0.17099717,9.679501,-16.628883,60.57725,26.364477,-5.398374,14.582837,-1.3787035,-9.033076,19.374971,62.071976,-6.3529906,-0.4752688,-7.3471694
274,-0.15538570284843445,-7.7799601554870605,78.3730239868164,-0.936715980166993,-1.9806140473144676,-88.48473716899841,-3.3162792,7.9781175,12.8455305,11.348239,-6.1018443,-4.880308,-1.6915467,-5.234893,-10.378104,11.901208,-7.023579,4.8728194,-2.899168,-0.05183436,10.057309,-0.33116,9.682296,-16.705183,60.427643,26.323544,-5.4091115,14.635503,-1.412124,-8.993227,19.29428,61.93896,-6.2056146,-0.5541733,-7.4700313
275,-0.14850372076034546,-7.790205001831055,78.3735122680664,-0.9280222744887415,-2.033059791094287,-88.46410823398402,-3.2279384,7.9500146,12.8315935,11.299411,-6.0945187,-4.876236,-1.6118252,-5.2550135,-10.390925,11.894075,-7.040216,4.8854113,-2.9528596,-0.057386693,10.071273,-0.4884921,9.686546,-16.777288,60.29185,26.286486,-5.4225407,14.694683,-1.4619521,-8.94581,19.248417,61.841335,-6.075954,-0.62762403,-7.592414
276,-0.1413552463054657,-7.804640293121338,78.37460327148438,-0.920669184217828,-2.088258818552481,-88.43650166837219,-3.1346924,7.921519,12.811663,11.249481,-6.088498,-4.8725734,-1.5180867,-5.274109,-10.411864,11.873889,-7.0538487,4.897537,-3.0129504,-0.060843427,10.089249,-0.6519574,9.692511,-16.85676,60.192772,26.275194,-5.437522,14.763957,-1.5336902,-8.892366,19.23561,61.78804,-5.9732084,-0.70164675,-7.6905775
277,-0.13419078290462494,-7.82382869720459,78.37513732910156,-0.9189576629469535,-2.147753181532208,-88.39442549122516,-3.0484436,7.897976,12.776179,11.223528,-6.0957465,-4.870101,-1.4045966,-5.2896113,-10.449201,11.838021,-7.064987,4.9084954,-3.0864875,-0.05952587,10.113402,-0.82552475,9.700538,-16.953907,60.13945,26.296196,-5.4522195,14.854114,-1.6313313,-8.834609,19.257925,61.791187,-5.9008775,-0.78652567,-7.762338
278,-0.12637194991111755,-7.834499359130859,78.37580871582031,-0.9186194109313326,-2.2102565925373976,-88.34471797081683,-2.9693244,7.8737187,12.732851,11.201887,-6.098076,-4.8652205,-1.2900116,-5.3054175,-10.49426,11.798802,-7.0696106,4.9182024,-3.1645226,-0.05509662,10.142169,-1.0060749,9.710698,-17.069616,60.120224,26.32952,-5.4666805,14.962326,-1.7501546,-8.773271,19.315924,61.84073,-5.8516235,-0.87625825,-7.8180246
279,-0.12121260911226273,-7.845392227172852,78.37637329101562,-0.9181697154586694,-2.272798597845842,-88.29916586155933,-2.8896832,7.8529778,12.692959,11.181569,-6.1009917,-4.8624578,-1.1780694,-5.3184724,-10.53603,11.763087,-7.0759273,4.9253554,-3.2351565,-0.051640134,10.171907,-1.190595,9.723045,-17.198181,60.126064,26.361147,-5.482245,15.071744,-1.8821764,-8.709087,19.401499,61.91459,-5.822165,-0.95221186,-7.854384
280,-0.11885803937911987,-7.855921745300293,78.37683868408203,-0.9172068894215594,-2.332555003899267,-88.26945926636301,-2.8092737,7.8384542,12.667584,11.161225,-6.1049953,-4.862183,-1.0784752,-5.3270373,-10.563018,11.736776,-7.084773,4.9296217,-3.2867322,-0.052759267,10.199315,-1.3764265,9.73743,-17.33108,60.14822,26.378798,-5.501114,15.164233,-2.0186565,-8.642435,19.502272,61.989277,-5.813074,-0.99590045,-7.8660297
281,-0.11581370234489441,-7.872177600860596,78.37683868408203,-0.9114502812142853,-2.3912303422403625,-88.26230885958363,-2.717468,7.8246713,12.665212,11.137079,-6.1149445,-4.862489,-0.993147,-5.33715,-10.566825,11.732607,-7.10581,4.934359,-3.3132896,-0.062003914,10.227332,-1.5672193,9.753889,-17.464006,60.190117,26.384968,-5.529161,15.239029,-2.161053,-8.573472,19.609913,62.059566,-5.843673,-0.9936217,-7.8406377
282,-0.112589031457901,-7.873243808746338,78.37609100341797,-0.9051117149662958,-2.44942100884852,-88.27021091575385,-2.6381218,7.8149166,12.675889,11.122436,-6.1209726,-4.8598595,-0.93175405,-5.3461695,-10.555048,11.745927,-7.12328,4.9363933,-3.3214908,-0.07580311,10.257127,-1.7634301,9.77209,-17.598207,60.25421,26.388004,-5.564794,15.3024435,-2.3116298,-8.50194,19.725193,62.13504,-5.9132805,-0.95847315,-7.7812157
283,-0.10930566489696503,-7.882554054260254,78.37588500976562,-0.8985212920709653,-2.5029690098173996,-88.28397013604365,-2.553475,7.806452,12.693032,11.101754,-6.1298733,-4.859022,-0.86833715,-5.353103,-10.538835,11.752591,-7.1413937,4.939161,-3.3187506,-0.08924529,10.281916,-1.9568852,9.79131,-17.73333,60.33035,26.384878,-5.598162,15.347749,-2.463886,-8.4283695,19.84944,62.21868,-5.9935102,-0.9119537,-7.7078085
284,-0.11040237545967102,-7.89722204208374,78.37578582763672,-0.8939941590030589,-2.5476569182731326,-88.29439353226007,-2.4759817,7.8031955,12.706143,11.081357,-6.140075,-4.8629346,-0.805536,-5.354539,-10.528569,11.749427,-7.1574926,4.939793,-3.3124485,-0.09710381,10.294828,-2.138326,9.810556,-17.868347,60.40733,26.373665,-5.6193075,15.368162,-2.6105852,-8.354121,19.984945,62.312153,-6.05509,-0.87536955,-7.640555
285,-0.10893066972494125,-7.912284851074219,78.37661743164062,-0.8955953319725201,-2.579337236716272,-88.29837071409793,-2.418049,7.8039765,12.712232,11.067662,-6.1512513,-4.865905,-0.7399113,-5.349895,-10.528113,11.713424,-7.1549354,4.9422092,-3.3042371,-0.09431097,10.2902775,-2.305876,9.828984,-18.004766,60.48357,26.351286,-5.622916,15.349121,-2.7498298,-8.281062,20.135174,62.41859,-6.0843754,-0.85213715,-7.5810666
286,-0.1035662516951561,-7.932215690612793,78.37784576416016,-0.9001479605585088,-2.6013041450433767,-88.30096244169131,-2.3707094,7.8058686,12.717213,11.060499,-6.1684012,-4.8674335,-0.67198914,-5.343175,-10.531005,11.657379,-7.143276,4.9479485,-3.290574,-0.08360413,10.272976,-2.4635653,9.845973,-18.14302,60.564384,26.319393,-5.614996,15.298823,-2.883524,-8.210069,20.301521,62.533314,-6.095771,-0.8314403,-7.5195684
287,-0.10084135830402374,-7.9484758377075195,78.37890625,-0.9056261513848501,-2.6202422524048425,-88.30545510230306,-2.3305848,7.8114805,12.72284,11.056231,-6.1837044,-4.870457,-0.6105081,-5.333452,-10.53288,11.601597,-7.1289,4.9513855,-3.271339,-0.072972946,10.250676,-2.6107392,9.861178,-18.277391,60.648792,26.285574,-5.6018333,15.24451,-3.0111983,-8.141694,20.479868,62.648426,-6.105053,-0.81283826,-7.4609337
288,-0.10211635380983353,-7.961595058441162,78.37944030761719,-0.9060495686519834,-2.643218398656668,-88.31505430904843,-2.2792907,7.814039,12.734176,11.03604,-6.189403,-4.8751106,-0.5579894,-5.3269844,-10.528029,11.56707,-7.124029,4.952262,-3.2465398,-0.06933189,10.231787,-2.746397,9.874113,-18.40038,60.73461,26.25878,-5.590987,15.211471,-3.1315312,-8.0752945,20.665041,62.753773,-6.128658,-0.79614085,-7.407735
289,-0.10020049661397934,-7.980090141296387,78.38080596923828,-0.9033685220881382,-2.672394103718715,-88.33048754783039,-2.206682,7.810185,12.752931,10.998371,-6.1928697,-4.877967,-0.49517,-5.3247123,-10.516171,11.530875,-7.1221004,4.9560046,-3.215395,-0.07647861,10.218762,-2.871261,9.884375,-18.504229,60.825844,26.251102,-5.585378,15.21019,-3.2439716,-8.010411,20.854479,62.846603,-6.1843324,-0.7800276,-7.356876
290,-0.0950583815574646,-7.999370098114014,78.38207244873047,-0.8985945439678515,-2.7040105142199833,-88.35013603517113,-2.1282914,7.8023133,12.776381,10.959245,-6.198426,-4.8782687,-0.43252984,-5.3265586,-10.498949,11.500216,-7.1232276,4.9622693,-3.1789155,-0.08936456,10.207637,-2.9856925,9.891401,-18.588877,60.922333,26.259222,-5.5820932,15.223757,-3.349348,-7.946613,21.049055,62.931194,-6.261061,-0.7651742,-7.30658
291,-0.09621986001729965,-8.01566219329834,78.38288879394531,-0.8917406851191801,-2.735755188796788,-88.37346468037845,-2.0478787,7.7971,12.803171,10.912615,-6.1970625,-4.882716,-0.3817507,-5.3271728,-10.477637,11.488532,-7.132579,4.9640574,-3.1382053,-0.104991935,10.196057,-3.0873227,9.8949,-18.659035,61.01596,26.270247,-5.578005,15.23891,-3.4506948,-7.884016,21.246834,63.01441,-6.3349338,-0.75424945,-7.264763
292,-0.09483511000871658,-8.032905578613281,78.38395690917969,-0.8846456494491692,-2.765183742864732,-88.39969166368725,-1.9670731,7.790375,12.834646,10.862954,-6.1952457,-4.8861327,-0.33220106,-5.32878,-10.452552,11.473591,-7.139965,4.967715,-3.094169,-0.11944194,10.18177,-3.1737843,9.894653,-18.72235,61.09807,26.268566,-5.5701876,15.242563,-3.5496144,-7.822628,21.444784,63.10076,-6.382466,-0.7498778,-7.238119
293,-0.09246303141117096,-8.050211906433105,78.38520812988281,-0.8743487705345874,-2.7905928496048213,-88.43125113692064,-1.8833251,7.779898,12.874681,10.800921,-6.1873837,-4.889248,-0.2935627,-5.3338833,-10.41994,11.468428,-7.151228,4.972462,-3.0426652,-0.13227287,10.162375,-3.245899,9.890464,-18.7856,61.166252,26.243153,-5.553985,15.23071,-3.6488996,-7.762495,21.642818,63.196808,-6.3903584,-0.7571922,-7.2319303
294,-0.0916556715965271,-8.071613311767578,78.38599395751953,-0.8618671011335036,-2.813714135482604,-88.46746756400371,-1.7961668,7.7694173,12.92088,10.735643,-6.180904,-4.8947988,-0.26182562,-5.340189,-10.381374,11.475963,-7.17155,4.976884,-2.983519,-0.14487827,10.139714,-3.3054476,9.882257,-18.849142,61.225834,26.2003,-5.5311832,15.212267,-3.7466168,-7.70352,21.841444,63.29822,-6.373574,-0.7733364,-7.2410145
295,-0.08876129239797592,-8.09017562866211,78.38652038574219,-0.8493164690380625,-2.837000289650885,-88.50387313260387,-1.7127756,7.757742,12.967526,10.674404,-6.1748915,-4.898462,-0.23266025,-5.348112,-10.342302,11.485379,-7.1904206,4.9826717,-2.9247327,-0.15686198,10.117102,-3.3510513,9.870484,-18.908796,61.280132,26.151663,-5.507662,15.193848,-3.8366072,-7.645967,22.035059,63.393986,-6.353932,-0.7890706,-7.2572227
296,-0.08666399866342545,-8.106121063232422,78.3873062133789,-0.839768740663641,-2.863250996778892,-88.53583749207826,-1.6319985,7.7490735,13.008075,10.618906,-6.1697125,-4.9024186,-0.19751896,-5.353033,-10.3098545,11.487556,-7.2035766,4.9877276,-2.8736277,-0.16701382,10.098541,-3.3808532,9.85563,-18.958977,61.33056,26.110664,-5.490474,15.180371,-3.912132,-7.5896997,22.216482,63.469967,-6.3544354,-0.7950198,-7.269824
297,-0.08303926140069962,-8.124015808105469,78.38819122314453,-0.8351105072784674,-2.8920375528590903,-88.56166717192683,-1.5551792,7.7446375,13.040546,10.578732,-6.174382,-4.9061823,-0.1492321,-5.3540173,-10.286711,11.475062,-7.210067,4.994264,-2.8324816,-0.1740795,10.083584,-3.3920715,9.8381,-18.994188,61.37389,26.087744,-5.480037,15.173616,-3.9675922,-7.53494,22.379211,63.518932,-6.393471,-0.7848989,-7.2782073
298,-0.07616322487592697,-8.145021438598633,78.38924407958984,-0.8334215455676075,-2.9225110505844976,-88.58395098625769,-1.4823868,7.7419558,13.068471,10.554476,-6.1903005,-4.908628,-0.090457305,-5.353947,-10.268932,11.450798,-7.211543,5.003651,-2.7969074,-0.17877664,10.070836,-3.3851497,9.817847,-19.014767,61.40857,26.077127,-5.4744973,15.168551,-4.006185,-7.48156,22.523266,63.54669,-6.45949,-0.76498777,-7.2847037
299,-0.07355818152427673,-8.166250228881836,78.38835906982422,-0.8307855328723949,-2.9560094006289797,-88.60456086868994,-1.414446,7.742713,13.092823,10.547268,-6.2146864,-4.9142284,-0.03943443,-5.3547525,-10.252612,11.451859,-7.227612,5.010335,-2.7650528,-0.18477014,10.062548,-3.3657446,9.795388,-19.025618,61.442173,26.065977,-5.4754267,15.162205,-4.037841,-7.429732,22.651892,63.566353,-6.5304136,-0.7450965,-7.2869806
300,-0.06968880444765091,-8.185203552246094,78.38787841796875,-0.8254112254690723,-2.9940010944703728,-88.62514754639301,-1.3371168,7.737361,13.118385,10.526809,-6.230952,-4.9178805,0.012726498,-5.3603296,-10.234709,11.457551,-7.245795,5.0173273,-2.7351475,-0.19528574,10.061105,-3.3393667,9.771504,-19.033834,61.481747,26.039228,-5.4844494,15.151953,-4.071843,-7.379446,22.769753,63.589653,-6.582705,-0.7350591,-7.2824845
301,-0.06669316440820694,-8.19970989227295,78.38632202148438,-0.8132909196617252,-3.0385375819375975,-88.64775776903282,-1.2550168,7.725186,13.146685,10.505035,-6.243778,-4.920462,0.050375413,-5.3756323,-10.2114935,11.501969,-7.2831573,5.0233245,-2.7049747,-0.21234186,10.070261,-3.307129,9.747298,-19.043064,61.526997,25.97638,-5.506085,15.138075,-4.114424,-7.330779,22.880283,63.622143,-6.603027,-0.7404107,-7.267758
302,-0.06136051565408707,-8.213244438171387,78.38442993164062,-0.8003172273473922,-3.0883051973802504,-88.670811840688,-1.1702956,7.710426,13.175287,10.489307,-6.260163,-4.9211926,0.0882262,-5.394949,-10.18674,11.556063,-7.325707,5.030347,-2.6762202,-0.23416288,10.087814,-3.2664704,9.723441,-19.053045,61.574814,25.886654,-5.537865,15.122547,-4.160288,-7.2836304,22.98325,63.657406,-6.603617,-0.75497615,-7.245999
303,-0.056735530495643616,-8.225823402404785,78.38225555419922,-0.7856037217838657,-3.1395698948805686,-88.69132929298645,-1.0836046,7.692754,13.201479,10.469544,-6.2732,-4.9215593,0.123389214,-5.4172754,-10.163184,11.620112,-7.3741374,5.0367384,-2.6519248,-0.25865546,10.107082,-3.217923,9.700058,-19.064772,61.628212,25.800829,-5.570053,15.105413,-4.20207,-7.238028,23.077274,63.691895,-6.5983343,-0.77107084,-7.225127
304,-0.05165760964155197,-8.244109153747559,78.38130187988281,-0.7693131348588863,-3.1882585064683853,-88.70621572360241,-0.98698854,7.6689615,13.223858,10.4286585,-6.278494,-4.9213367,0.16794619,-5.441524,-10.144343,11.67047,-7.4198885,5.044267,-2.6346214,-0.28298813,10.121558,-3.1622853,9.677341,-19.079967,61.690067,25.749117,-5.593773,15.08613,-4.230473,-7.1955132,23.157766,63.718136,-6.603984,-0.7810561,-7.2111974
305,-0.044896721839904785,-8.2659273147583,78.38054656982422,-0.7526720293849956,-3.2335869482860895,-88.71293958701284,-0.8889527,7.639643,13.238704,10.377717,-6.2797008,-4.9189324,0.21783069,-5.4687243,-10.1321535,11.713262,-7.4656687,5.0532217,-2.6280036,-0.30762002,10.127687,-3.0974755,9.652778,-19.103165,61.76071,25.750206,-5.6017485,15.064816,-4.2426486,-7.152396,23.228907,63.73571,-6.6201286,-0.7819442,-7.212767
306,-0.03711141273379326,-8.283563613891602,78.37989044189453,-0.7355479394242589,-3.277626895769425,-88.71370243143451,-0.793784,7.6058445,13.247639,10.320144,-6.2737756,-4.913669,0.2673354,-5.498571,-10.124407,11.752103,-7.5078692,5.062209,-2.6286533,-0.33326164,10.129787,-3.025321,9.627327,-19.134396,61.839718,25.782898,-5.6009007,15.04158,-4.2413974,-7.110942,23.285591,63.745018,-6.643936,-0.7784046,-7.2221193
307,-0.031046615913510323,-8.306295394897461,78.37915802001953,-0.7194551235388708,-3.3205784243037217,-88.71254190157072,-0.69659054,7.5739937,13.254473,10.262335,-6.2705183,-4.9106193,0.32237753,-5.5261426,-10.11865,11.785496,-7.5507474,5.0706162,-2.630884,-0.35813174,10.130851,-2.9486268,9.601893,-19.167929,61.928864,25.81902,-5.5982466,15.0208,-4.232237,-7.0728273,23.327263,63.751938,-6.674981,-0.77280354,-7.2303805
308,-0.0216152872890234,-8.331828117370605,78.37837982177734,-0.7030607985011987,-3.363053767321354,-88.7133139187403,-0.5981675,7.5406947,13.264714,10.207283,-6.272156,-4.906047,0.37876537,-5.5550394,-10.10991,11.816432,-7.591901,5.0824485,-2.6298084,-0.3806144,10.132658,-2.8682363,9.575352,-19.19717,62.02967,25.832096,-5.5997705,15.008092,-4.221562,-7.0362463,23.357613,63.765667,-6.709877,-0.76732665,-7.231659
309,-0.012670195661485195,-8.355347633361816,78.37812042236328,-0.6910536106821967,-3.4053825081485205,-88.71769856106889,-0.50445276,7.514877,13.277874,10.160482,-6.277054,-4.9031034,0.43713424,-5.5766935,-10.097554,11.836457,-7.623318,5.0939193,-2.6261845,-0.4004562,10.135685,-2.7834718,9.546651,-19.217415,62.146748,25.827831,-5.6074986,15.009676,-4.2122097,-7.000084,23.376156,63.791073,-6.755964,-0.7611068,-7.2239013
310,-0.002306344686076045,-8.370282173156738,78.37602233886719,-0.6807376134347993,-3.4474292143133325,-88.7233088345554,-0.43355164,7.494235,13.290266,10.14857,-6.2945175,-4.898153,0.4809984,-5.5982757,-10.081729,11.872464,-7.6554704,5.1058717,-2.6227286,-0.4183505,10.139816,-2.6950169,9.51682,-19.227482,62.278446,25.819895,-5.619821,15.018966,-4.201673,-6.966002,23.381666,63.82237,-6.812129,-0.75358593,-7.2097516
311,0.005910481326282024,-8.389100074768066,78.3755874633789,-0.669362853110468,-3.4879244139629537,-88.72842239940513,-0.34818953,7.4709578,13.30441,10.107232,-6.298483,-4.8951745,0.53143203,-5.618331,-10.067744,11.89607,-7.6833973,5.1169543,-2.6174471,-0.43539357,10.144737,-2.6040807,9.485617,-19.226175,62.416847,25.795397,-5.634993,15.02436,-4.1894717,-6.933739,23.377178,63.85762,-6.863525,-0.7472651,-7.1926703
312,0.013895995914936066,-8.406961441040039,78.3744125366211,-0.6581353733863711,-3.525740101540134,-88.73125558564392,-0.2744284,7.4490705,13.31543,10.080683,-6.3083544,-4.891763,0.5737168,-5.64022,-10.057655,11.929906,-7.7165647,5.1272583,-2.60885,-0.45337144,10.150355,-2.5131862,9.453142,-19.210985,62.555775,25.741638,-5.651169,15.014532,-4.1764865,-6.9034624,23.366161,63.897236,-6.8958874,-0.74454486,-7.177578
313,0.02129959687590599,-8.41836166381836,78.37262725830078,-0.644253452775281,-3.560747668830648,-88.73131539063579,-0.21072535,7.424038,13.32394,10.055651,-6.3128514,-4.8861394,0.6003734,-5.6675835,-10.052231,11.981704,-7.7555776,5.1363034,-2.5968924,-0.47326276,10.157737,-2.4248202,9.419298,-19.18126,62.69887,25.65881,-5.670893,14.987556,-4.163351,-6.8751574,23.351603,63.941536,-6.8983197,-0.74687487,-7.1671057
314,0.027855733409523964,-8.432453155517578,78.37140655517578,-0.6303999294642757,-3.5934462986700186,-88.72955993140593,-0.14540659,7.39854,13.331354,10.0240135,-6.314628,-4.8811755,0.62820375,-5.6950946,-10.051215,12.029828,-7.794765,5.1447005,-2.5827153,-0.49438837,10.166546,-2.337306,9.384004,-19.136955,62.848274,25.55326,-5.694065,14.949272,-4.150462,-6.8490224,23.333704,63.991436,-6.878981,-0.7525084,-7.1595736
315,0.035270366817712784,-8.442760467529297,78.37020874023438,-0.6166436932528215,-3.623734938282801,-88.72629102449078,-0.08846919,7.372755,13.33711,9.997099,-6.3156238,-4.8747063,0.6497044,-5.723517,-10.0515585,12.080492,-7.8327127,5.1528697,-2.5667849,-0.51434135,10.17489,-2.245531,9.347153,-19.076277,62.993774,25.421747,-5.7163296,14.898165,-4.136428,-6.8249273,23.311514,64.044136,-6.8508577,-0.7594169,-7.1506166
316,0.04155774414539337,-8.453722953796387,78.36922454833984,-0.6067025795527292,-3.6515401670461003,-88.72167937481402,-0.039043766,7.3530297,13.340121,9.979941,-6.3213143,-4.8703146,0.6761145,-5.7454977,-10.053071,12.116085,-7.8633804,5.1591372,-2.5496438,-0.53214,10.180603,-2.1440976,9.308903,-18.996038,63.12519,25.262531,-5.7327,14.833266,-4.120591,-6.8031545,23.282942,64.098915,-6.828836,-0.76555943,-7.13681
317,0.04780366271734238,-8.463343620300293,78.36822509765625,-0.6005589206385045,-3.6752323894083263,-88.71502094486071,-0.0030963055,7.3391814,13.339573,9.977601,-6.332781,-4.8669653,0.7036614,-5.7614884,-10.055206,12.137895,-7.8858685,5.1637836,-2.530396,-0.5457424,10.182131,-2.0273669,9.269376,-18.88844,63.233505,25.05482,-5.739655,14.74635,-4.1011777,-6.7836795,23.24472,64.155685,-6.8151073,-0.77061826,-7.1147485
318,0.05341223627328873,-8.471025466918945,78.36727905273438,-0.5983014874687504,-3.6955956069404263,-88.70649869246894,0.020926705,7.331271,13.335625,9.9883585,-6.348909,-4.8647356,0.7325313,-5.7716055,-10.059072,12.146829,-7.9005504,5.166413,-2.5094726,-0.5571339,10.181107,-1.8984734,9.228498,-18.753046,63.325302,24.813768,-5.741513,14.639985,-4.0793514,-6.766523,23.197376,64.21479,-6.8044267,-0.77553564,-7.086856
