Frame,root_translateX,root_translateY,root_translateZ,root_rotateX,root_rotateY,root_rotateZ,left_hip_pitch_joint,left_hip_roll_joint,left_hip_yaw_joint,left_knee_joint,left_ankle_pitch_joint,left_ankle_roll_joint,right_hip_pitch_joint,right_hip_roll_joint,right_hip_yaw_joint,right_knee_joint,right_ankle_pitch_joint,right_ankle_roll_joint,waist_yaw_joint,waist_roll_joint,waist_pitch_joint,left_shoulder_pitch_joint,left_shoulder_roll_joint,left_shoulder_yaw_joint,left_elbow_joint,left_wrist_roll_joint,left_wrist_pitch_joint,left_wrist_yaw_joint,right_shoulder_pitch_joint,right_shoulder_roll_joint,right_shoulder_yaw_joint,right_elbow_joint,right_wrist_roll_joint,right_wrist_pitch_joint,right_wrist_yaw_joint
0,-0.15933659672737122,3.0223536491394043,78.94833374023438,0.37196734488039385,-1.625371354149705,-91.8834471894172,4.3714743,0.7056291,14.600336,6.322879,-6.8777547,-0.88973707,2.907434,-4.8943243,-22.366116,9.995202,-11.899885,2.301704,-2.3719938,-0.4001812,8.178456,-8.778005,6.610215,-42.498905,62.56128,17.247847,1.7783908,0.5224459,-9.32183,-6.045844,37.299004,60.805546,10.10987,7.7446766,-14.482488
1,-0.17091049253940582,3.0465328693389893,78.9531021118164,0.36625805813846835,-1.5704174397115056,-91.83158499327341,4.2744675,0.7163565,14.54942,6.3264494,-6.8394623,-0.8900144,2.8719997,-4.8700967,-22.420424,9.9104395,-11.839318,2.2839484,-2.367644,-0.39976916,8.194836,-8.786584,6.6718144,-42.51496,62.450733,17.20631,1.7754531,0.51291615,-9.29448,-6.1073866,37.334404,60.7154,10.125985,7.7466993,-14.496997
2,-0.1853601485490799,3.071232795715332,78.95751190185547,0.36081985439249037,-1.5157133643245644,-91.78024128552626,4.1778216,0.72878695,14.498729,6.3296204,-6.8003316,-0.89215076,2.83366,-4.8447537,-22.474371,9.832129,-11.782833,2.2638805,-2.3652833,-0.39874673,8.209622,-8.800594,6.7265086,-42.526646,62.35304,17.16525,1.771796,0.5029149,-9.273637,-6.1615477,37.371166,60.637917,10.144981,7.745295,-14.515025
3,-0.19726777076721191,3.0983595848083496,78.96199798583984,0.3553830078099894,-1.4607988127481788,-91.72795666894217,4.0785728,0.739301,14.447415,6.332068,-6.758667,-0.89220524,2.791371,-4.8223696,-22.528639,9.757562,-11.725564,2.244892,-2.3614776,-0.39976597,8.227317,-8.818755,6.7753124,-42.533325,62.26308,17.133017,1.7674241,0.49654588,-9.258162,-6.2094593,37.40841,60.569225,10.159671,7.745496,-14.530156
4,-0.2081824690103531,3.130825996398926,78.96727752685547,0.3518639340388532,-1.405272845729205,-91.6733672803263,3.9727705,0.74714696,14.394158,6.336095,-6.713335,-0.8905525,2.7429366,-4.803753,-22.584377,9.685595,-11.665166,2.2249286,-2.35347,-0.40505633,8.253443,-8.840839,6.819308,-42.5322,62.176067,17.118649,1.7615124,0.49674612,-9.247502,-6.2520857,37.446346,60.503616,10.163734,7.7527065,-14.53617
5,-0.2236405313014984,3.165395498275757,78.9718017578125,0.3474009502567486,-1.3520471781017824,-91.61603030075506,3.868286,0.7582808,14.337395,6.337635,-6.66413,-0.8923208,2.6924152,-4.7820096,-22.64292,9.621687,-11.609753,2.200301,-2.3408349,-0.41663438,8.290897,-8.863673,6.859308,-42.51888,62.088184,17.13647,1.7538795,0.5041035,-9.241788,-6.290086,37.485188,60.43845,10.153351,7.7713633,-14.527091
6,-0.24150419235229492,3.2075412273406982,78.97631072998047,0.34301053558820577,-1.3002157907400964,-91.5566704786018,3.7569642,0.77147096,14.278332,6.34324,-6.610742,-0.89495564,2.6337106,-4.7600303,-22.70313,9.56701,-11.555026,2.1710262,-2.3253853,-0.43279502,8.336511,-8.887139,6.896009,-42.493378,62.000484,17.17955,1.7446183,0.5156802,-9.240541,-6.3239875,37.525295,60.374817,10.132836,7.7981377,-14.507326
7,-0.2534644901752472,3.251614809036255,78.98138427734375,0.34046974663244567,-1.2442436181347165,-91.4958790216784,3.6390436,0.7779349,14.218856,6.3471484,-6.5546036,-0.8924833,2.5659199,-4.7466555,-22.763414,9.517432,-11.498279,2.145846,-2.3073053,-0.45020726,8.386805,-8.916008,6.930289,-42.460762,61.914425,17.225067,1.7334564,0.52994424,-9.242492,-6.354616,37.567432,60.313606,10.109324,7.8259416,-14.486438
8,-0.2646554112434387,3.300427198410034,78.98670959472656,0.34066144527689557,-1.1783970209112695,-91.43401694104345,3.5037823,0.78085375,14.158954,6.3520555,-6.4923697,-0.8872744,2.4740849,-4.7411537,-22.823584,9.487577,-11.446265,2.119857,-2.2860923,-0.46615425,8.438471,-8.95584,6.9632635,-42.429127,61.832737,17.247765,1.7207245,0.5463752,-9.247693,-6.3834095,37.61279,60.257442,10.090936,7.847536,-14.474251
9,-0.2850692868232727,3.3594276905059814,78.99263000488281,0.34532033272814,-1.0995723017717483,-91.37124636109913,3.3459857,0.7849725,14.097973,6.357321,-6.419996,-0.8848013,2.349538,-4.737173,-22.884462,9.479116,-11.398739,2.0834353,-2.2613108,-0.4774167,8.489572,-9.010508,6.996023,-42.408974,61.752155,17.233625,1.7029182,0.5656076,-9.255925,-6.411589,37.663563,60.20451,10.077288,7.8633523,-14.475456
10,-0.2960112988948822,3.4169652462005615,78.99800109863281,0.35180387980622746,-1.0113829736988342,-91.30723568074414,3.1756222,0.78004295,14.037328,6.3637657,-6.3474765,-0.87463737,2.2030807,-4.74927,-22.944036,9.498087,-11.361619,2.055128,-2.2321732,-0.4864246,8.541932,-9.077073,7.028123,-42.401733,61.67306,17.191656,1.6820661,0.59025127,-9.265994,-6.4390764,37.717594,60.154045,10.064307,7.8761153,-14.484479
11,-0.3081742823123932,3.4794650077819824,79.00382232666016,0.3601599796170014,-0.9181928005977564,-91.24225011686023,2.9947793,0.77367085,13.975901,6.3696866,-6.268938,-0.8637557,2.0444508,-4.7637753,-23.004221,9.522057,-11.322762,2.0242639,-2.1986952,-0.49690184,8.599583,-9.148868,7.062516,-42.3976,61.59536,17.132833,1.6659039,0.6190727,-9.27462,-6.4688115,37.775913,60.099533,10.063177,7.8844633,-14.495595
12,-0.3305947780609131,3.5502467155456543,79.00961303710938,0.36954995953493297,-0.8241357139123688,-91.17629634234808,2.8065698,0.77330905,13.912429,6.3760395,-6.1825757,-0.8586235,1.874531,-4.772414,-23.06601,9.554476,-11.285555,1.9825714,-2.1603312,-0.5132415,8.664092,-9.217778,7.0963283,-42.381287,61.524826,17.07607,1.6622661,0.65166336,-9.2782,-6.498741,37.82951,60.041668,10.074311,7.8864365,-14.501567
13,-0.3456030786037445,3.6177046298980713,79.01545715332031,0.37991605576156784,-0.7318178495923001,-91.10958775468431,2.6222486,0.766236,13.848968,6.3824987,-6.099336,-0.84890383,1.7086743,-4.7891555,-23.127275,9.588152,-11.248948,1.9481869,-2.1200886,-0.53746593,8.736701,-9.280781,7.1320057,-42.343357,61.458694,17.03522,1.677028,0.6839881,-9.275395,-6.5312014,37.882656,59.97301,10.104149,7.8816776,-14.496012
14,-0.3616344630718231,3.693052291870117,79.02162170410156,0.3903550365223657,-0.6383853845062493,-91.04195279302927,2.4308116,0.75929636,13.784548,6.38828,-6.009146,-0.8386439,1.5340762,-4.8057857,-23.189394,9.624401,-11.208074,1.9102246,-2.077853,-0.56718874,8.815344,-9.340252,7.1679955,-42.28493,61.39594,17.006151,1.7040684,0.71565086,-9.267878,-6.564874,37.934174,59.897182,10.145753,7.871398,-14.483163
15,-0.38354429602622986,3.7663896083831787,79.02757263183594,0.4027957129832346,-0.5406273190717727,-90.97331604935195,2.2341645,0.7541255,13.718674,6.39444,-5.917689,-0.8320088,1.3539068,-4.8210964,-23.252546,9.665616,-11.1724,1.8684509,-2.0303543,-0.5984305,8.901903,-9.399883,7.2044883,-42.203743,61.336258,16.976812,1.7309167,0.7466167,-9.257544,-6.6004596,37.98115,59.818485,10.193953,7.857264,-14.472706
16,-0.40343859791755676,3.8545258045196533,79.0340805053711,0.41614422329200573,-0.43538661977615245,-90.90361196249067,2.0171366,0.7464508,13.652782,6.4002247,-5.8141685,-0.82072717,1.1454479,-4.8425198,-23.315296,9.723217,-11.132098,1.8229337,-1.9742819,-0.62633216,8.998919,-9.463989,7.2418017,-42.0972,61.27885,16.935602,1.7446885,0.7759629,-9.24569,-6.6388707,38.019115,59.738674,10.242629,7.8418865,-14.473255
17,-0.4268753230571747,3.950962781906128,79.04015350341797,0.430366946647645,-0.32204131645938655,-90.83385191940233,1.7829769,0.74030447,13.587146,6.4068985,-5.7028947,-0.80960643,0.9108025,-4.8663316,-23.377272,9.801727,-11.0956545,1.771489,-1.9078429,-0.6483282,9.106783,-9.534827,7.2802067,-41.966896,61.220512,16.884127,1.7412856,0.7964757,-9.230069,-6.6812468,38.044193,59.654945,10.294297,7.8251815,-14.493799
18,-0.4437500536441803,4.058030128479004,79.04615783691406,0.44645316666682733,-0.2022078878126924,-90.76369557402573,1.5330131,0.72731197,13.522879,6.412875,-5.583552,-0.7912619,0.64767885,-4.90339,-23.436977,9.907531,-11.061933,1.721646,-1.8325106,-0.6667489,9.224971,-9.610475,7.3197255,-41.81435,61.162174,16.826464,1.7275369,0.8105127,-9.21003,-6.7282634,38.05674,59.564785,10.348912,7.807028,-14.526157
19,-0.45984387397766113,4.158068656921387,79.05225372314453,0.46169163464104684,-0.07618820895512549,-90.69120162649513,1.2790146,0.7136906,13.456374,6.4191685,-5.4669213,-0.77273226,0.3913515,-4.937485,-23.499407,9.994897,-11.022639,1.6742681,-1.75005,-0.6848794,9.352741,-9.6867485,7.3601694,-41.633305,61.10856,16.75799,1.7073,0.8315487,-9.187346,-6.7798643,38.058426,59.470898,10.394976,7.7883415,-14.553553
20,-0.47818300127983093,4.255728244781494,79.05819702148438,0.4782338049539254,0.05602381530314118,-90.61425866459571,1.0178779,0.6992151,13.385355,6.4250045,-5.348462,-0.754991,0.13088131,-4.972144,-23.565722,10.082098,-10.985547,1.6259507,-1.6632407,-0.70585597,9.489646,-9.759591,7.401197,-41.414066,61.064346,16.676441,1.683732,0.87176096,-9.165242,-6.835269,38.052433,59.37709,10.421548,7.770442,-14.559599
21,-0.5014809966087341,4.368285655975342,79.06388092041016,0.49502769281060155,0.195003992915827,-90.53014427791206,0.73689383,0.68647295,13.306858,6.4286594,-5.21415,-0.7371842,-0.15384613,-5.006759,-23.638357,10.181869,-10.945469,1.5685616,-1.5736372,-0.7316407,9.634508,-9.828702,7.4425416,-41.147697,61.03258,16.57388,1.6600348,0.9323734,-9.143612,-6.8934374,38.03846,59.284763,10.422434,7.7526245,-14.5360775
22,-0.5186509490013123,4.476201057434082,79.06985473632812,0.5131210035299004,0.3406020907265746,-90.44066303265365,0.44948682,0.66684246,13.224162,6.4325376,-5.0812783,-0.7145323,-0.43824363,-5.0480127,-23.714787,10.274238,-10.902398,1.5176494,-1.480502,-0.759858,9.787998,-9.8949175,7.483927,-40.8334,61.00915,16.460867,1.6326944,1.0051849,-9.121824,-6.9535217,38.01691,59.19188,10.405483,7.7347245,-14.492974
23,-0.5374378561973572,4.6050310134887695,79.07544708251953,0.5307277832899319,0.49136523529880727,-90.35067946615371,0.1405552,0.64846677,13.141313,6.4351497,-4.9307837,-0.68961245,-0.756128,-5.092139,-23.790571,10.388534,-10.854324,1.4577447,-1.3839811,-0.78925437,9.952189,-9.956432,7.5252604,-40.475723,60.991817,16.360563,1.5952828,1.0900995,-9.10475,-7.015844,37.99263,59.104294,10.380055,7.7171707,-14.442552
24,-0.5604982376098633,4.73870849609375,79.08090209960938,0.5500094206373335,0.6457146016522949,-90.2650034187079,-0.17648946,0.6319774,13.062921,6.438737,-4.7759185,-0.6670496,-1.0859663,-5.1351914,-23.861984,10.508397,-10.805449,1.3923457,-1.2839098,-0.81713647,10.128928,-10.010825,7.5664463,-40.08102,60.97612,16.294619,1.5416491,1.187528,-9.095034,-7.0810723,37.97301,59.023567,10.358588,7.700302,-14.397459
25,-0.5842591524124146,4.874419689178467,79.08624267578125,0.5685278458922625,0.8015684000343721,-90.1830107950039,-0.4959017,0.61680543,12.988502,6.441443,-4.619047,-0.645481,-1.4175711,-5.1752,-23.930105,10.621767,-10.750901,1.3249326,-1.1836041,-0.8440061,10.318836,-10.053984,7.6075606,-39.65156,60.963943,16.275864,1.4608833,1.3129487,-9.092839,-7.149946,37.96691,58.950546,10.345498,7.6896014,-14.355045
26,-0.6006412506103516,5.001724720001221,79.09046173095703,0.5862990839355551,0.9602792683718329,-90.10282736870481,-0.8138017,0.59711707,12.916915,6.4453006,-4.4685364,-0.62040246,-1.7494949,-5.2222705,-23.994926,10.74292,-10.703423,1.2656897,-1.0824037,-0.8705167,10.520463,-10.088158,7.6488204,-39.186264,60.956097,16.288095,1.3598342,1.4623207,-9.096917,-7.2229304,37.97547,58.883644,10.340367,7.682408,-14.312942
27,-0.6149226427078247,5.146562099456787,79.09424591064453,0.6093396283927998,1.125661256689502,-90.02727326008431,-1.150797,0.5709299,12.851809,6.446827,-4.30379,-0.5901444,-2.1220784,-5.284211,-24.051626,10.901795,-10.658978,1.2022172,-0.9745646,-0.8957499,10.732743,-10.120961,7.6903214,-38.687717,60.947742,16.307413,1.2595369,1.606704,-9.106729,-7.3006315,37.990273,58.821518,10.343776,7.667442,-14.283659
28,-0.6406292915344238,5.2969069480896,79.09765625,0.6354497785505694,1.3013010253131823,-89.95940774727197,-1.5038078,0.55008334,12.79328,6.4488673,-4.131813,-0.5657139,-2.5170307,-5.340479,-24.101261,11.069138,-10.615795,1.1269249,-0.8523302,-0.9179476,10.954985,-10.160692,7.7318215,-38.160557,60.933952,16.309381,1.1807963,1.7175422,-9.12184,-7.383497,37.99854,58.761097,10.35438,7.634354,-14.277541
29,-0.6600915193557739,5.452150344848633,79.1002197265625,0.6686837192927642,1.4916732036863816,-89.90148286521298,-1.8768812,0.51823205,12.7470255,6.4502487,-3.9546337,-0.53376484,-2.9544685,-5.416912,-24.13621,11.278069,-10.583843,1.0544617,-0.7066936,-0.935449,11.182251,-10.214768,7.7726116,-37.609833,60.91523,16.294086,1.1360276,1.7728317,-9.136463,-7.4720182,37.989483,58.70253,10.364992,7.575056,-14.306816
30,-0.684038519859314,5.615610122680664,79.10154724121094,0.707367266544772,1.6936291316625673,-89.85142218339499,-2.269102,0.48446646,12.709374,6.4516635,-3.7691348,-0.5018245,-3.4291198,-5.5010285,-24.16073,11.519858,-10.56074,0.9751863,-0.54152113,-0.94874233,11.416747,-10.279429,7.812065,-37.03689,60.89558,16.269318,1.1122226,1.7938722,-9.150348,-7.566621,37.96221,58.644512,10.370954,7.497999,-14.359551
31,-0.699238657951355,5.798335075378418,79.10149383544922,0.7480629488665446,1.899512172224721,-89.80535079943841,-2.6790423,0.44288906,12.678302,6.4519453,-3.570216,-0.46020073,-3.9408495,-5.601172,-24.177176,11.795113,-10.535331,0.89595085,-0.37043446,-0.95972157,11.6683,-10.345887,7.8503366,-36.440742,60.875156,16.221085,1.0920261,1.816518,-9.171272,-7.667322,37.921196,58.583412,10.374405,7.416722,-14.410782
32,-0.7139686346054077,5.969087600708008,79.10070037841797,0.7874326641585689,2.1017401068147117,-89.75944973132185,-3.076578,0.40229774,12.647429,6.4518404,-3.3794515,-0.42058548,-4.4308243,-5.6967425,-24.194138,12.052551,-10.509852,0.820939,-0.2077484,-0.9716014,11.9466915,-10.405042,7.88859,-35.818375,60.85408,16.136301,1.0580258,1.8765764,-9.209013,-7.7740746,37.873894,58.518776,10.379477,7.3441963,-14.436846
33,-0.7290793657302856,6.1408867835998535,79.09917449951172,0.8236400811994756,2.2983079183107975,-89.71009498201096,-3.4687247,0.364859,12.613087,6.4501243,-3.1868012,-0.38236845,-4.9073153,-5.7861605,-24.215773,12.294054,-10.476757,0.74513865,-0.057845354,-0.9845475,12.252725,-10.44968,7.9278846,-35.157547,60.828568,15.977895,1.0058013,1.9895089,-9.263265,-7.8861213,37.8274,58.450817,10.39612,7.2828646,-14.427193
34,-0.7454840540885925,6.327514171600342,79.09673309326172,0.8588309007850645,2.4932191902375536,-89.66019212022813,-3.8700101,0.32944217,12.578829,6.448276,-2.983296,-0.34334078,-5.395213,-5.87413,-24.237827,12.536982,-10.43348,0.6629894,0.08476679,-0.9975253,12.581567,-10.482886,7.9688096,-34.455273,60.79562,15.770393,0.943335,2.1318946,-9.3306675,-8.00272,37.783108,58.380013,10.423989,7.225636,-14.3977
35,-0.7704089283943176,6.517176151275635,79.09273529052734,0.8962322498459034,2.687884211698918,-89.61564630394747,-4.273736,0.29853842,12.549064,6.447076,-2.7761736,-0.3091595,-5.891962,-5.9585257,-24.254503,12.790855,-10.3953285,0.5727978,0.22132102,-1.0111663,12.935006,-10.51498,8.012663,-33.730515,60.75785,15.586255,0.8726526,2.2829058,-9.418645,-8.12446,37.739235,58.309074,10.452416,7.1713037,-14.3638935
36,-0.7864587306976318,6.7101545333862305,79.0872802734375,0.9387895503089604,2.8836357989888164,-89.58241044653542,-4.6799173,0.25753167,12.53286,6.4445834,-2.567168,-0.26636732,-6.408835,-6.059337,-24.254814,13.073061,-10.363541,0.4881811,0.355454,-1.0252364,13.315192,-10.557032,8.060967,-33.013393,60.716553,15.489084,0.79758584,2.4245343,-9.531403,-8.252146,37.692295,58.23533,10.472434,7.1190643,-14.340402
37,-0.8047507405281067,6.90466833114624,79.07933044433594,0.9854390205373202,3.0841898709056386,-89.56566288493495,-5.0974274,0.2185245,12.53486,6.455839,-2.3640869,-0.22242254,-6.9515224,-6.1649027,-24.235594,13.386969,-10.343939,0.3999708,0.49444157,-1.0388362,13.720231,-10.618621,8.115442,-32.32708,60.676563,15.493593,0.71732426,2.5646944,-9.671928,-8.386516,37.643246,58.16,10.4754505,7.0762324,-14.327694
38,-0.8148651719093323,7.119446277618408,79.06341552734375,1.0150769770365284,3.2877961846445567,-89.56056489710292,-5.549304,0.20053466,12.549903,6.504792,-2.16704,-0.17093274,-7.541404,-6.265743,-24.20615,13.754466,-10.332396,0.30701524,0.63702655,-1.0323023,14.150575,-10.696236,8.177258,-31.6726,60.636135,15.547933,0.6330082,2.715081,-9.836623,-8.5278845,37.591347,58.082954,10.46945,7.040179,-14.318727
39,-0.8285160064697266,7.340305328369141,79.04505920410156,1.0438485375734128,3.487375295335088,-89.55890247107726,-6.0021086,0.18678598,12.567182,6.556088,-1.9663028,-0.120568536,-8.13584,-6.3627696,-24.173588,14.128521,-10.320891,0.20884387,0.7744647,-1.0193042,14.609596,-10.777022,8.247238,-31.04413,60.586235,15.619674,0.5509291,2.8616812,-10.016501,-8.676774,37.52791,57.998493,10.463725,6.996733,-14.317108
40,-0.8377701044082642,7.580366611480713,79.02276611328125,1.0690304092763756,3.6763384070281377,-89.55166182656679,-6.4582086,0.1727208,12.578529,6.607912,-1.752096,-0.06513128,-8.743291,-6.465893,-24.14578,14.526333,-10.30787,0.10821445,0.8973424,-0.9955026,15.102167,-10.850246,8.325964,-30.431892,60.51835,15.679118,0.47685832,2.9894345,-10.205139,-8.834085,37.44035,57.90204,10.464819,6.9315715,-14.324136
41,-0.845047652721405,7.805198669433594,78.9984130859375,1.0915129162258932,3.8566573561003743,-89.53383069431943,-6.8965306,0.15740317,12.576892,6.6608405,-1.5476732,-0.011121944,-9.323519,-6.569928,-24.129528,14.921068,-10.307434,0.015572057,1.003764,-0.9599412,15.623589,-10.912725,8.413448,-29.827257,60.43033,15.74414,0.4136985,3.0872877,-10.396197,-9.000721,37.31901,57.793846,10.472322,6.835623,-14.337357
42,-0.8612241744995117,8.029585838317871,78.97100830078125,1.1122196202956374,4.030520776881115,-89.51117077022882,-7.3311133,0.14920504,12.5671,6.719306,-1.3439581,0.036851138,-9.897304,-6.667256,-24.12034,15.322396,-10.31575,-0.08340603,1.0987114,-0.91471297,16.173615,-10.969186,8.509809,-29.231176,60.323967,15.827542,0.35708132,3.16222,-10.592858,-9.177165,37.165016,57.671204,10.475957,6.7198596,-14.3534355
43,-0.8751915693283081,8.249351501464844,78.94100189208984,1.128583565952252,4.191816808094913,-89.4908468126236,-7.7460666,0.14401759,12.557704,6.772816,-1.1418656,0.08504028,-10.45643,-6.7623363,-24.10969,15.731008,-10.3324795,-0.17927791,1.1828145,-0.8609438,16.763544,-11.018282,8.615494,-28.649902,60.19524,15.892109,0.3018713,3.2271008,-10.803201,-9.363541,36.983288,57.526875,10.467503,6.5996394,-14.373637
44,-0.8818738460540771,8.48794937133789,78.9068603515625,1.137931416654125,4.33429319188233,-89.48001285154848,-8.152644,0.14419979,12.557148,6.8286676,-0.9326816,0.13943572,-11.017782,-6.8554244,-24.090178,16.151411,-10.339367,-0.27696913,1.2562706,-0.7997188,17.404535,-11.058924,8.731564,-28.092062,60.040577,15.897939,0.24278592,3.2956572,-11.03578,-9.559576,36.780727,57.354332,10.440303,6.4903274,-14.400114
45,-0.8921875357627869,8.725397109985352,78.87098693847656,1.1373810755899525,4.4522902389378345,-89.48031133535476,-8.702928,0.20091033,12.561414,7.261836,-0.9268098,0.18691148,-11.541027,-6.9255853,-24.066145,16.54554,-10.337077,-0.37859866,1.3156625,-0.7274253,18.101242,-11.090573,8.859332,-27.565722,59.861412,15.81278,0.17731148,3.3755236,-11.292066,-9.764546,36.560455,57.15374,10.389755,6.3959227,-14.441338
46,-0.896027147769928,8.965078353881836,78.83262634277344,1.1291510960358768,4.550442462014741,-89.48806249007396,-9.474567,0.3201431,12.568021,8.223888,-1.2026241,0.23504075,-12.043385,-6.989366,-24.037136,16.93543,-10.330497,-0.47677946,1.361706,-0.64601594,18.847029,-11.113307,8.999713,-27.070892,59.658085,15.659327,0.108412266,3.4599178,-11.569648,-9.9780445,36.32194,56.929825,10.322755,6.307626,-14.494912
47,-0.9034900665283203,9.212443351745605,78.79049682617188,1.1183300597595118,4.638377569749285,-89.5022753444624,-10.225205,0.4436042,12.57865,9.15474,-1.4576668,0.2813178,-12.54835,-7.047815,-24.00348,17.339058,-10.32679,-0.58106786,1.400646,-0.56391066,19.636837,-11.127211,9.153166,-26.60264,59.424126,15.480526,0.03940634,3.5398157,-11.872014,-10.2001705,36.06871,56.681293,10.254072,6.2224345,-14.546057
48,-0.912385880947113,9.453933715820312,78.74581909179688,1.1100377047545016,4.72562455093465,-89.52196196252203,-10.945658,0.561813,12.595488,10.031368,-1.6879733,0.3262152,-13.056207,-7.108642,-23.963217,17.758114,-10.335251,-0.68478173,1.4385246,-0.48931557,20.465635,-11.131463,9.319589,-26.151777,59.15248,15.323061,-0.026437689,3.6054394,-12.202138,-10.431298,35.805862,56.406204,10.199352,6.136822,-14.580481
49,-0.9193751811981201,9.699271202087402,78.69841003417969,1.1058862370331335,4.802356090482414,-89.54317687471527,-11.631499,0.6693944,12.616479,10.852525,-1.8883282,0.37368247,-13.565855,-7.1790533,-23.918032,18.198605,-10.351677,-0.78734213,1.4734156,-0.4236128,21.344248,-11.126794,9.498801,-25.714025,58.844612,15.190325,-0.09055848,3.648641,-12.563002,-10.672079,35.53886,56.108482,10.169579,6.0546346,-14.58614
50,-0.9260634183883667,9.957798957824707,78.64689636230469,1.1030905947864724,4.86774792462975,-89.56760831456755,-12.300868,0.77405626,12.641806,11.6457815,-2.066204,0.42325413,-14.084357,-7.2540097,-23.868067,18.660189,-10.369431,-0.893833,1.5020148,-0.36244684,22.271772,-11.112154,9.690504,-25.28893,58.501194,15.064249,-0.15449756,3.6742945,-12.952903,-10.922354,35.26876,55.785778,10.157916,5.976234,-14.574294
51,-0.934334397315979,10.221686363220215,78.59081268310547,1.1002531170032146,4.94432004659699,-89.60283344713304,-12.985131,0.88466746,12.678014,12.438022,-2.2386932,0.47214395,-14.631895,-7.3267655,-23.807503,19.1397,-10.38931,-1.0056325,1.5285405,-0.3071434,23.225407,-11.085954,9.894496,-24.873898,58.11766,14.957871,-0.21424167,3.6926212,-13.372878,-11.182103,34.993855,55.43488,10.153093,5.891872,-14.565053
52,-0.9461603164672852,10.478599548339844,78.52901458740234,1.0958590018991108,5.054728761024916,-89.65645130724388,-13.718729,1.0116031,12.730562,13.269212,-2.4326448,0.5164345,-15.228796,-7.3917813,-23.730164,19.642933,-10.42042,-1.1226023,1.5571275,-0.25860298,24.182587,-11.045217,10.110527,-24.464457,57.688087,14.885992,-0.265953,3.7133346,-13.82212,-11.451154,34.71006,55.050896,10.141136,5.7921925,-14.578517
53,-0.9625552296638489,10.746493339538574,78.45787048339844,1.0925157320421819,5.1909175815598765,-89.73333143141821,-14.510919,1.1564707,12.804964,14.154209,-2.6451745,0.5577324,-15.896023,-7.4548845,-23.629166,20.199972,-10.464897,-1.2514107,1.5876307,-0.21944028,25.15307,-10.983949,10.338686,-24.053537,57.20042,14.878397,-0.30121374,3.739629,-14.298878,-11.729075,34.41074,54.624695,10.114701,5.6777697,-14.616422
54,-0.9656492471694946,11.010924339294434,78.37918853759766,1.0898484686737575,5.345688999225039,-89.82846865120918,-15.331933,1.3034072,12.899884,15.067306,-2.8759537,0.60664415,-16.609015,-7.53012,-23.504845,20.803352,-10.525171,-1.3718976,1.6187512,-0.18842663,26.144108,-10.904185,10.578874,-23.63988,56.65939,14.923083,-0.32450092,3.7635672,-14.804816,-12.015555,34.095463,54.161385,10.078151,5.553106,-14.667198
55,-0.9656994342803955,11.28825855255127,78.29032135009766,1.081774787524048,5.5420805785954315,-89.93454425622346,-16.22799,1.4663339,13.003908,16.02169,-3.113895,0.6590231,-17.400112,-7.602087,-23.370554,21.439892,-10.583593,-1.4995955,1.652585,-0.15918851,27.129555,-10.817204,10.830079,-23.231997,56.086643,14.9669075,-0.35188478,3.7787483,-15.3443165,-12.310178,33.77341,53.676365,10.041486,5.415049,-14.731443
56,-0.9687264561653137,11.568507194519043,78.19325256347656,1.0621216243712037,5.803469578666006,-90.0443387465289,-17.218649,1.6535113,13.1052885,17.012299,-3.3573058,0.70977956,-18.268957,-7.654515,-23.240269,22.072376,-10.628732,-1.6375071,1.6906782,-0.1255191,28.082275,-10.735158,11.090674,-22.842632,55.507805,14.953247,-0.3991148,3.7819738,-15.92216,-12.612799,33.45699,53.187885,10.017121,5.2589006,-14.811918
57,-0.974669337272644,11.847326278686523,78.0866470336914,1.024240087927163,6.145012554602794,-90.16307899157331,-18.33022,1.8774123,13.204554,18.065792,-3.620766,0.75732005,-19.228092,-7.6773396,-23.11373,22.696156,-10.659156,-1.7865752,1.7358127,-0.081518024,28.987188,-10.659327,11.359504,-22.479815,54.930977,14.852042,-0.47716105,3.7732298,-16.537819,-12.923496,33.153538,52.698414,10.017761,5.069794,-14.920112
58,-0.9813402891159058,12.132816314697266,77.96495819091797,0.9722967401152378,6.563174281122859,-90.29225121722068,-19.56822,2.1333852,13.304284,19.191303,-3.904395,0.80477476,-20.301739,-7.68528,-22.985098,23.357462,-10.691559,-1.9470793,1.7859956,-0.030489756,29.793802,-10.572994,11.635201,-22.145319,54.370354,14.689287,-0.5770446,3.742391,-17.175022,-13.241554,32.86409,52.220104,10.043526,4.8581934,-15.037275
59,-0.9861935973167419,12.39914321899414,77.81747436523438,0.9141912049236928,7.153635354329743,-90.41726191904617,-21.05602,2.4125857,13.394455,20.458176,-4.251069,0.855432,-21.615635,-7.7115674,-22.856354,24.147789,-10.7808485,-2.1109803,1.8412406,0.026431164,29.793802,-10.21424,11.894161,-21.919662,53.94502,14.478629,-0.66063446,3.5802596,-17.539806,-13.542738,32.65842,51.85755,10.105591,4.6856556,-15.042887
60,-0.9873738288879395,12.6663236618042,77.65926361083984,0.862733805443651,7.762935561724533,-90.52791890592808,-22.559317,2.6755743,13.472348,21.700733,-4.5796747,0.912089,-22.96968,-7.7606707,-22.735561,24.981833,-10.888463,-2.2711139,1.8927855,0.07480546,29.793802,-9.858528,12.144367,-21.748331,53.51618,14.261,-0.7150091,3.4492962,-17.94437,-13.83705,32.482826,51.520596,10.175125,4.5266933,-15.05855
61,-0.9864621162414551,12.938523292541504,77.48714447021484,0.8183635204565183,8.396916923019148,-90.6184904773125,-24.097376,2.9221275,13.533625,22.933723,-4.8927636,0.97476226,-24.379658,-7.8371277,-22.62653,25.874132,-11.019036,-2.4301236,1.9383444,0.11346095,29.793802,-9.527643,12.38766,-21.611816,53.095356,14.061569,-0.74155194,3.3343494,-18.40732,-14.127699,32.322895,51.2084,10.242786,4.406437,-15.05712
62,-0.9780098795890808,13.21242618560791,77.3001937866211,0.7764488031061728,9.062860001182385,-90.69651524161469,-25.68365,3.158698,13.584516,24.175743,-5.2016444,1.0458118,-25.851284,-7.936446,-22.523098,26.819431,-11.168327,-2.584635,1.9801375,0.1470925,29.793802,-9.220566,12.625199,-21.50163,52.68164,13.8667,-0.752485,3.2296913,-18.924397,-14.416548,32.173,50.91299,10.3103,4.307868,-15.049236
63,-0.9739551544189453,13.487005233764648,77.09920501708984,0.739844602914767,9.745184392844259,-90.76892968079673,-27.299412,3.3932445,13.628178,25.431034,-5.5109024,1.116504,-27.36294,-8.046543,-22.421013,27.808138,-11.337393,-2.743413,2.0224984,0.17307098,29.793802,-8.929889,12.857282,-21.414404,52.290565,13.660358,-0.7574189,3.1362054,-19.482634,-14.704572,32.033714,50.64991,10.378513,4.199362,-15.053936
64,-0.9702300429344177,13.76595687866211,76.88296508789062,0.7113011939371826,10.42788853321902,-90.84260612353562,-28.9274,3.6236744,13.67313,26.701487,-5.8229456,1.1902457,-28.906893,-8.171566,-22.309526,28.850325,-11.527492,-2.9041524,2.0705662,0.18875706,29.793802,-8.649494,13.083869,-21.349213,51.939022,13.424961,-0.76531637,3.0561678,-20.072718,-14.992568,31.909477,50.43778,10.453916,4.048763,-15.090891
65,-0.9650079607963562,14.041691780090332,76.65077209472656,0.6897381657657862,11.101105620678174,-90.91949366367896,-30.55489,3.8516464,13.72079,27.996744,-6.150042,1.2667807,-30.469233,-8.311518,-22.185698,29.952919,-11.748531,-3.0628192,2.124686,0.19712451,29.793802,-8.372411,13.304083,-21.306158,51.627285,13.14459,-0.777551,2.9942214,-20.684116,-15.2798815,31.801838,50.26923,10.549968,3.846835,-15.168092
66,-0.9619497656822205,14.320413589477539,76.4012222290039,0.6743380603852663,11.775161028918424,-90.99569522798937,-32.199406,4.0790606,13.766828,29.315733,-6.484303,1.3448077,-32.06285,-8.462668,-22.055206,31.10785,-11.991657,-3.2250395,2.1827197,0.19901565,29.793802,-8.101271,13.517695,-21.284498,51.345276,12.834051,-0.7897431,2.9476175,-21.323196,-15.566626,31.710487,50.134933,10.661831,3.6116364,-15.274496
67,-0.9549286365509033,14.601102828979492,76.13426208496094,0.6681263607671344,12.46454007717957,-91.06910157141674,-33.872204,4.297334,13.814215,30.647596,-6.8191395,1.4298803,-33.70292,-8.632344,-21.914366,32.311325,-12.251043,-3.38558,2.243783,0.19011983,29.793802,-7.8453093,13.725807,-21.282427,51.093822,12.518811,-0.802348,2.9071739,-22.002487,-15.854441,31.63777,50.045315,10.763763,3.3526263,-15.403385
68,-0.9402714967727661,14.875917434692383,75.84902954101562,0.674177053057058,13.18418641987531,-91.1375568555024,-35.58605,4.500644,13.864779,31.99451,-7.1597023,1.5248148,-35.40287,-8.827067,-21.759094,33.56769,-12.5313635,-3.5387454,2.3062263,0.16649081,29.793802,-7.6124077,13.930371,-21.297827,50.87289,12.2235565,-0.8161187,2.8631165,-22.732304,-16.145824,31.587618,50.00736,10.832074,3.0798013,-15.548559
69,-0.9308129549026489,15.158621788024902,75.5423355102539,0.6951525444556178,13.949963187190583,-91.2040250662445,-37.366215,4.6966267,13.9191,33.35051,-7.4888053,1.6241,-37.190662,-9.03476,-21.590044,34.868538,-12.818404,-3.7009737,2.3722053,0.11975968,29.793802,-7.4058003,14.133329,-21.32607,50.684376,11.940507,-0.83602697,2.8141446,-23.523434,-16.442577,31.563623,50.01772,10.873465,2.7894099,-15.707618
70,-0.9127322435379028,15.436490058898926,75.21461486816406,0.7290874727908487,14.750078360063421,-91.26792431150427,-39.1926,4.8789744,13.981053,34.721867,-7.822738,1.734888,-39.04574,-9.264604,-21.401144,36.219715,-13.121766,-3.8563468,2.4409194,0.053829376,29.793802,-7.217604,14.335366,-21.366985,50.523926,11.661186,-0.8609986,2.7631204,-24.367573,-16.745165,31.569014,50.06836,10.903368,2.4792402,-15.885043
71,-0.9072277545928955,15.704141616821289,74.86811065673828,0.7722513856509041,15.557441785280066,-91.3218454332743,-41.038273,5.0614343,14.033072,36.121517,-8.171303,1.8391024,-40.922897,-9.498377,-21.210472,37.611675,-13.454684,-4.018755,2.505056,-0.01651052,29.793802,-7.0379505,14.536157,-21.427372,50.381897,11.406907,-0.8827061,2.70719,-25.242554,-17.053843,31.603304,50.155815,10.900638,2.1618855,-16.086466
72,-0.8980920314788818,15.969353675842285,74.50183868408203,0.8210236693121351,16.345237514389986,-91.35850146898238,-42.881897,5.23391,14.073915,37.5546,-8.537011,1.9477186,-42.80027,-9.750979,-21.018604,39.05146,-13.813681,-4.176432,2.5593576,-0.07688787,29.793802,-6.858053,14.734841,-21.517357,50.249924,11.198628,-0.8923337,2.6452744,-26.127508,-17.369673,31.663475,50.27872,10.842171,1.8498422,-16.31667
73,-0.883560836315155,16.230911254882812,74.11297607421875,0.8735222246222135,17.113496657081733,-91.37789631870194,-44.72677,5.39646,14.10201,39.02774,-8.923866,2.0618947,-44.681984,-10.023634,-20.824114,40.54827,-14.203396,-4.3280687,2.600301,-0.12208896,29.793802,-6.680174,14.930535,-21.646599,50.131626,11.030757,-0.8876084,2.5725582,-27.017927,-17.692556,31.744268,50.427536,10.712873,1.561389,-16.573513
74,-0.8569111824035645,16.48371124267578,73.70628356933594,0.9326638094670896,17.874109567466228,-91.3828421860033,-46.57442,5.5423365,14.126493,40.52535,-9.327569,2.1868308,-46.56967,-10.31774,-20.618963,42.079567,-14.611084,-4.46664,2.634836,-0.16080901,29.793802,-6.5089555,15.123351,-21.815691,50.031876,10.892708,-0.8722338,2.4952009,-27.92601,-18.023563,31.846151,50.604862,10.528878,1.2863536,-16.85451
75,-0.8568628430366516,16.73426628112793,73.27874755859375,1.0021059230620024,18.617334366815335,-91.37040887033851,-48.422546,5.6924095,14.133066,42.05305,-9.740377,2.295202,-48.456253,-10.609058,-20.421621,43.65096,-15.050499,-4.626021,2.664246,-0.19023213,29.793802,-6.3374643,15.312643,-22.017546,49.938858,10.790843,-0.8487882,2.422855,-28.828703,-18.362831,31.963705,50.803165,10.28686,0.99692035,-17.170845
76,-0.8410988450050354,16.979320526123047,72.83051300048828,1.0854035058262812,19.333788873025885,-91.33754066088855,-50.25156,5.817589,14.145899,43.60061,-10.167998,2.4172513,-50.340042,-10.936203,-20.20738,45.27569,-15.515548,-4.76907,2.695261,-0.21249868,29.793802,-6.1592956,15.498241,-22.2423,49.842026,10.739816,-0.81888366,2.36538,-29.71758,-18.713112,32.09649,51.025425,10.000509,0.6662307,-17.528826
77,-0.8302834033966064,17.210691452026367,72.3624038696289,1.185523659040665,20.022449306155973,-91.28176930025222,-52.05842,5.9273815,14.156247,45.174515,-10.615926,2.536322,-52.210297,-11.28595,-19.984203,46.95306,-16.020746,-4.9099045,2.724163,-0.23202468,29.793802,-5.9718547,15.680068,-22.488386,49.740986,10.778185,-0.7785742,2.3223283,-30.596941,-19.077583,32.24274,51.259686,9.708099,0.28372225,-17.93417
78,-0.816557765007019,17.431636810302734,71.87435913085938,1.3006874100717096,20.687602385964606,-91.20459991189327,-53.850754,6.019191,14.167934,46.774612,-11.082015,2.6591618,-54.074863,-11.660263,-19.746927,48.67751,-16.556162,-5.043869,2.7469633,-0.2431187,29.793802,-5.7759495,15.85708,-22.757498,49.636852,10.887276,-0.7295879,2.2854497,-31.457748,-19.456081,32.39634,51.493866,9.377893,-0.13094184,-18.384773
79,-0.8079033493995667,17.655662536621094,71.36630249023438,1.4270994544351134,21.327864297190924,-91.10893838444636,-55.63035,6.1024947,14.178844,48.387104,-11.547977,2.781517,-55.93328,-12.044806,-19.503178,50.42645,-17.10218,-5.1832204,2.7797163,-0.2418334,29.793802,-5.573876,16.029194,-23.041761,49.526066,11.007078,-0.67985046,2.2578743,-32.30232,-19.850641,32.568367,51.752785,8.957101,-0.5592593,-18.870256
80,-0.8022658824920654,17.86570167541504,70.8486328125,1.5607489400403378,21.941637329047193,-90.99781746231707,-57.375538,6.179052,14.190213,50.000175,-12.021748,2.9012716,-57.755634,-12.432333,-19.254288,52.174427,-17.660475,-5.319617,2.8354015,-0.224215,29.793802,-5.366537,16.196909,-23.3285,49.403893,11.07888,-0.6377332,2.2406409,-33.133953,-20.264687,32.779335,52.059933,8.398977,-0.9830618,-19.385225
81,-0.7940303683280945,18.066984176635742,70.31256866455078,1.7047225850488454,22.52519059364988,-90.86918488493095,-59.09325,6.2456026,14.208077,51.628117,-12.507396,3.024316,-59.55982,-12.834274,-18.99126,53.95228,-18.23961,-5.45008,2.9139352,-0.1919105,29.793802,-5.1509337,16.3602,-23.607563,49.271393,11.087026,-0.6067385,2.2302682,-33.95553,-20.700888,33.04306,52.412193,7.621782,-1.3864056,-19.967436
82,-0.7866224050521851,18.257293701171875,69.76295471191406,1.8600227639729396,23.08016736310047,-90.72203093753133,-60.78005,6.3015914,14.230994,53.26224,-13.000995,3.1474333,-61.33841,-13.246794,-18.71647,55.745373,-18.835453,-5.576628,3.0075753,-0.14699894,29.793802,-4.924823,16.518856,-23.878628,49.128555,11.068959,-0.58247906,2.2246664,-34.76977,-21.16095,33.36126,52.795757,6.6853714,-1.776748,-20.617252
83,-0.7784823179244995,18.432411193847656,69.20037841796875,2.019180575065975,23.613595407778543,-90.56135661497086,-62.441505,6.35241,14.254231,54.904327,-13.506816,3.269749,-63.09151,-13.663256,-18.434607,57.546375,-19.446178,-5.6983333,3.1167073,-0.083771504,29.793802,-4.6866984,16.67284,-24.1448,48.96642,11.043992,-0.56222016,2.2269452,-35.572987,-21.646355,33.730747,53.21119,5.7455664,-2.1742158,-21.273804
84,-0.7822704315185547,18.60118865966797,68.62813568115234,2.1746745773987053,24.132383300694254,-90.39236556642358,-64.08771,6.4103856,14.265421,56.542744,-14.008548,3.3815262,-64.818146,-14.065038,-18.163832,59.328106,-20.054955,-5.8314233,3.2423558,0.0044224965,29.793802,-4.4357433,16.82223,-24.41084,48.775978,11.031094,-0.5429968,2.2402833,-36.358627,-22.158451,34.144444,53.658592,4.958513,-2.6039336,-21.871868
85,-0.7827168107032776,18.7571964263916,68.04484558105469,2.327411472528247,24.637987031921902,-90.20971275944609,-65.71827,6.462811,14.270983,58.182316,-14.515293,3.4933915,-66.52268,-14.470844,-17.895363,61.10594,-20.669207,-5.9601173,3.385531,0.12094689,29.793802,-4.175795,16.96742,-24.682388,48.55515,11.057182,-0.5185888,2.2735736,-37.134064,-22.700169,34.603455,54.1557,4.3401237,-3.0898848,-22.38786
86,-0.7902562618255615,18.903940200805664,67.4511947631836,2.480205527822783,25.126786678237437,-90.01296114955862,-67.331345,6.51366,14.268448,59.821476,-15.0222025,3.5983138,-68.20251,-14.875106,-17.633434,62.878704,-21.290028,-6.0943317,3.547478,0.26317874,29.793802,-3.907892,17.108635,-24.960028,48.309986,11.103171,-0.49194765,2.324314,-37.900055,-23.273542,35.108437,54.690586,3.8170097,-3.614991,-22.857628
87,-0.7842034101486206,19.04683494567871,66.84701538085938,2.6280717205148503,25.597779753428984,-89.8149774368918,-68.92418,6.561683,14.272931,61.455547,-15.528383,3.7135646,-69.86482,-15.279213,-17.3605,64.63858,-21.898521,-6.218542,3.7288926,0.4278253,29.793802,-3.629153,17.246115,-25.240385,48.04468,11.117483,-0.47348678,2.3784893,-38.6427,-23.8777,35.64683,55.22342,3.4055521,-4.1477323,-23.29902
88,-0.7856024503707886,19.172536849975586,66.23789978027344,2.7659407006158245,26.05029968484802,-89.62876137992104,-70.48712,6.627737,14.27071,63.091217,-16.04592,3.8199244,-71.48902,-15.655039,-17.089615,66.37819,-22.510967,-6.347028,3.930553,0.6120882,29.793802,-3.3359742,17.380007,-25.518116,47.76128,11.051382,-0.47361046,2.4205787,-39.34378,-24.509304,36.19668,55.715527,3.1165106,-4.6566925,-23.726297
89,-0.7910827398300171,19.292470932006836,65.6222915649414,2.8957530628313473,26.488723716870684,-89.45262183609633,-72.02946,6.708136,14.266069,64.718796,-16.56077,3.9231029,-73.08936,-16.006746,-16.819736,68.092766,-23.113451,-6.4813237,4.154554,0.8113701,29.793802,-3.0292013,17.511375,-25.788044,47.461132,10.868715,-0.5027193,2.4525514,-40.005657,-25.167477,36.749405,56.176037,2.934243,-5.131479,-24.12084
90,-0.8024274110794067,19.403270721435547,65.00165557861328,3.018451255338108,26.911964053471674,-89.28186102576758,-73.54937,6.7998166,14.2553625,66.340256,-17.075731,4.020643,-74.66108,-16.338783,-16.554937,69.786545,-23.712664,-6.621365,4.4006863,1.0281118,29.793802,-2.7099082,17.640991,-26.050806,47.140907,10.607206,-0.55247533,2.4789505,-40.634834,-25.852148,37.30371,56.6186,2.851158,-5.592312,-24.47574
91,-0.8038079142570496,19.498014450073242,64.37440490722656,3.1269706076553274,27.311189286531313,-89.12535461347315,-75.03628,6.900963,14.243089,67.96946,-17.608349,4.1224637,-76.197815,-16.654804,-16.282867,71.47233,-24.312143,-6.750546,4.667282,1.2682898,29.793802,-2.3779294,17.768778,-26.31079,46.801285,10.328132,-0.60466325,2.4903095,-41.223484,-26.560064,37.84424,57.019398,2.8779588,-6.0540423,-24.819475
92,-0.8020467758178711,19.587936401367188,63.7467155456543,3.2131104998873323,27.676511002842478,-88.99196280924254,-76.484406,7.020113,14.218784,69.59868,-18.146004,4.2229624,-77.67785,-16.94414,-16.02515,73.12308,-24.900768,-6.8794208,4.9541864,1.5388756,29.793802,-2.0329943,17.89382,-26.574137,46.442654,10.09324,-0.6409641,2.4775164,-41.758724,-27.285624,38.345894,57.356094,3.017435,-6.530883,-25.178179
93,-0.8065597414970398,19.66835594177246,63.11278533935547,3.2677225955222498,28.006715406086837,-88.89316527300558,-77.899536,7.173458,14.168295,71.250114,-18.702276,4.3120847,-79.1045,-17.189917,-15.7879715,74.757744,-25.488075,-7.017311,5.273201,1.8460169,29.793802,-1.6776228,18.0159,-26.842953,46.060596,9.925346,-0.65236104,2.4304516,-42.23369,-28.025652,38.793564,57.64648,3.2942567,-7.0311494,-25.556528
94,-0.8015705943107605,19.738378524780273,62.47490692138672,3.296039769875611,28.305956567816878,-88.82213784913209,-79.27797,7.344731,14.105973,72.91004,-19.273746,4.4043813,-80.48327,-17.410658,-15.558229,76.374664,-26.069628,-7.1474423,5.6221514,2.1856048,29.793802,-1.3146685,18.135502,-27.116516,45.659172,9.789558,-0.6493755,2.3578753,-42.652363,-28.779257,39.18367,57.901443,3.6830633,-7.5483217,-25.933931
95,-0.7926715612411499,19.802505493164062,61.83430099487305,3.3133036685648247,28.574852443673947,-88.76072109490775,-80.618454,7.5170546,14.037021,74.56169,-19.846163,4.4988704,-81.82028,-17.62253,-15.333559,77.976776,-26.646004,-7.274455,5.9795403,2.5482976,29.793802,-0.94594026,18.252848,-27.39693,45.254417,9.659681,-0.64259833,2.2796004,-43.019634,-29.543575,39.50788,58.09342,4.107016,-8.072485,-26.299477
96,-0.7920799851417542,19.860366821289062,61.19401550292969,3.3351271175237303,28.81347808941687,-88.6905072082001,-81.91666,7.6772857,13.962117,76.19081,-20.409527,4.5876045,-83.11353,-17.836859,-15.116492,79.56597,-27.225502,-7.4077144,6.3236146,2.924037,29.793802,-0.5732333,18.367928,-27.687311,44.86281,9.508708,-0.6427879,2.2160547,-43.337315,-30.313852,39.755054,58.19487,4.486479,-8.591021,-26.643112
97,-0.783859372138977,19.90663719177246,60.551124572753906,3.3755614573812225,29.01831890980051,-88.60275729178774,-83.16197,7.809665,13.905299,77.79976,-20.974623,4.6850677,-84.37409,-18.074806,-14.876477,81.163445,-27.815222,-7.528318,6.6466975,3.3037548,29.793802,-0.19677298,18.480612,-27.991566,44.48923,9.3291855,-0.6519327,2.1708093,-43.60431,-31.08647,39.915092,58.221043,4.7612624,-9.09599,-26.951147
98,-0.7928265333175659,19.940202713012695,59.91397476196289,3.4213956853258707,29.191603769419935,-88.50876036872991,-84.35405,7.936751,13.835965,79.386475,-21.538311,4.764319,-85.57609,-18.306042,-14.650701,82.74312,-28.418161,-7.6613913,6.988495,3.6475317,29.793802,0.17392062,18.599276,-28.29778,44.15159,9.164614,-0.6583488,2.156467,-43.8603,-31.879818,40.071453,58.21262,5.119866,-9.61046,-27.219137
99,-0.7548319697380066,19.99190902709961,59.27054977416992,3.455826375003953,29.337368435094444,-88.41924813816465,-85.52821,8.040884,13.799549,80.952225,-22.079542,4.8944135,-86.77831,-18.56048,-14.389663,84.30239,-28.96638,-7.757274,7.271713,4.1017785,29.793802,0.56909394,18.70736,-28.627443,43.76668,8.927381,-0.6796027,2.1051908,-43.992012,-32.648674,40.03299,58.07902,5.2700458,-10.102713,-27.51414
100,-0.7459783554077148,20.017717361450195,58.637786865234375,3.4507749602243267,29.466540625094648,-88.34588421166902,-86.67005,8.165394,13.699968,82.511826,-22.629091,4.988228,-87.8913,-18.77588,-14.198556,85.82236,-29.540857,-7.87531,7.5907993,4.543992,29.793802,0.9472213,18.816746,-28.95135,43.427444,8.715269,-0.69503593,2.0878768,-44.10003,-33.413376,39.93326,57.866966,5.602795,-10.618034,-27.798115
101,-0.7332332134246826,20.039997100830078,58.01077651977539,3.414613974670048,29.580615864157885,-88.28071852999985,-87.79382,8.287535,13.573756,84.051125,-23.164318,5.082916,-88.95532,-18.98124,-14.038339,87.3025,-30.101112,-7.9900007,7.9088764,5.0158896,29.793802,1.3239737,18.928679,-29.265457,43.090347,8.525504,-0.7059411,2.0733402,-44.16702,-34.171577,39.77885,57.566196,6.1286716,-11.173785,-28.088835
102,-0.6966670155525208,20.073413848876953,57.38225555419922,3.3557983766000605,29.675384956043573,-88.22165583246246,-88.9032,8.398223,13.44865,85.567085,-23.67564,5.201903,-90.00042,-19.193888,-13.878032,88.75328,-30.624107,-8.086966,8.215412,5.5217533,29.793802,1.7064877,19.042185,-29.572289,42.74777,8.341408,-0.716334,2.0556865,-44.184357,-34.916424,39.549797,57.18788,6.756036,-11.755543,-28.378881
103,-0.6721248626708984,20.087438583374023,56.76642608642578,3.2533768402618977,29.74965907284453,-88.18875051970055,-89.97722,8.525301,13.274126,87.07466,-24.195873,5.301702,-90.95981,-19.37548,-13.775128,90.161835,-31.157787,-8.191717,8.536535,6.0344534,29.793802,2.0921824,19.161211,-29.866001,42.42936,8.12989,-0.7343465,2.0556486,-44.178658,-35.650833,39.28644,56.7432,7.445003,-12.33646,-28.679905
104,-0.6413952708244324,20.108592987060547,56.15711975097656,3.088898420182537,29.801036791603373,-88.20209005025542,-91.03618,8.678643,13.055853,88.5724,-24.704891,5.4049935,-91.85617,-19.52293,-13.729529,91.51238,-31.65525,-8.300268,8.859612,6.589205,29.793802,2.4937398,19.282946,-30.15376,42.12567,7.8172016,-0.7761548,2.0621252,-44.13969,-36.358273,38.959908,56.22543,8.00237,-12.870189,-29.029402
105,-0.6106510758399963,20.12118911743164,55.559303283691406,2.8319028306958125,29.825339616086158,-88.2830044185787,-92.07192,8.876003,12.757821,90.07851,-25.22695,5.497827,-92.647644,-19.616152,-13.778129,92.799675,-32.138657,-8.414815,9.216583,7.171146,29.793802,2.9082868,19.41103,-30.425114,41.858086,7.388496,-0.85213184,2.0948648,-44.091095,-37.03611,38.605194,55.651306,8.49204,-13.366092,-29.449987
106,-0.5771111845970154,20.125619888305664,54.9732551574707,2.501935271587401,29.824427961542824,-88.41552626987112,-93.08357,9.100397,12.397385,91.584694,-25.756739,5.585284,-93.34854,-19.671803,-13.899943,94.0333,-32.610245,-8.529272,9.587954,7.782261,29.793802,3.3391848,19.546719,-30.677011,41.609753,6.8716273,-0.95439625,2.1429477,-44.035763,-37.678104,38.225647,55.033104,8.948144,-13.839817,-29.93054
107,-0.527336597442627,20.135517120361328,54.39455032348633,2.151540679735375,29.8057148646987,-88.56407539393851,-94.07022,9.316824,12.035433,93.058685,-26.26862,5.68917,-94.01749,-19.728056,-14.028466,95.228966,-33.049854,-8.629158,9.939094,8.395908,29.793802,3.781906,19.689234,-30.915627,41.377125,6.311801,-1.0601618,2.1986494,-43.97137,-38.275734,37.812057,54.38448,9.325022,-14.277985,-30.424717
108,-0.4840165376663208,20.145172119140625,53.826541900634766,1.8329073663914712,29.77777960823798,-88.69295548778499,-95.02031,9.5046015,11.697317,94.476204,-26.75215,5.79087,-94.67376,-19.80083,-14.138551,96.401695,-33.47895,-8.730679,10.242912,8.973875,29.793802,4.228952,19.837723,-31.148598,41.167233,5.75858,-1.1449966,2.262821,-43.90118,-38.82361,37.365814,53.721325,9.601238,-14.669284,-30.882671
109,-0.4456663429737091,20.147296905517578,53.271026611328125,1.5452017393497046,29.744430352744804,-88.80074215614529,-95.93148,9.661889,11.381572,95.841835,-27.217604,5.8876266,-95.31279,-19.89162,-14.229714,97.55462,-33.907665,-8.828805,10.505337,9.48896,29.793802,4.6823206,19.994663,-31.368366,40.992645,5.203173,-1.2038954,2.366016,-43.85168,-39.32538,36.918648,53.05324,9.785102,-15.005448,-31.301502
110,-0.4028986096382141,20.13775634765625,52.72768020629883,1.266891884500254,29.70082404325367,-88.90335105330625,-96.80335,9.799499,11.079189,97.17243,-27.679329,5.987101,-95.92,-19.991611,-14.309846,98.68648,-34.336735,-8.913252,10.726408,9.977322,29.793802,5.150825,20.158764,-31.575724,40.83662,4.6169295,-1.2512435,2.4915252,-43.815098,-39.773422,36.460186,52.37785,9.857838,-15.29183,-31.715141
111,-0.34407541155815125,20.13443946838379,52.19073486328125,1.0178400575906814,29.643836820432977,-88.99141996036526,-97.63902,9.912009,10.826926,98.45626,-28.116987,6.111522,-96.5331,-20.112947,-14.341767,99.80203,-34.73672,-8.977616,10.8841915,10.470492,29.793802,5.626556,20.323322,-31.792433,40.686226,4.030718,-1.2885895,2.5846298,-43.752,-40.14559,35.935997,51.69832,9.796497,-15.543585,-32.115215
112,-0.2814321219921112,20.13553810119629,51.668601989746094,0.8132228128520816,29.57144382749005,-89.056057776869,-98.41873,10.002361,10.6265545,99.67874,-28.529354,6.246865,-97.13956,-20.249815,-14.325244,100.891426,-35.114502,-9.032479,11.017194,10.885741,29.793802,6.0785174,20.49467,-32.013306,40.597935,3.5339699,-1.3100764,2.653966,-43.69139,-40.45702,35.424286,51.040195,9.86054,-15.805879,-32.459938
113,-0.2329009771347046,20.127845764160156,51.161502838134766,0.6596289037687872,29.481067273646573,-89.09012172508015,-99.13504,10.069816,10.464885,100.84959,-28.929329,6.3746214,-97.72122,-20.397617,-14.273892,101.9692,-35.503044,-9.091447,11.099577,11.252735,29.793802,6.514585,20.672386,-32.249203,40.556236,3.1165152,-1.3157928,2.672569,-43.624313,-40.705063,34.92268,50.39775,10.06074,-16.083723,-32.753555
114,-0.19428269565105438,20.10409927368164,50.67085647583008,0.544559579363693,29.376171100516626,-89.10025013454431,-99.78572,10.118784,10.330093,101.97835,-29.33281,6.490745,-98.26732,-20.552025,-14.195875,103.035866,-35.912262,-9.147612,11.171858,11.496293,29.793802,6.931416,20.867874,-32.474052,40.5974,2.7877173,-1.3035718,2.701257,-43.61489,-40.920273,34.52901,49.784122,10.533759,-16.377323,-32.98859
115,-0.13301284611225128,20.091224670410156,50.18531799316406,0.4723918387818131,29.259016774486707,-89.09639700834492,-100.39921,10.152366,10.275025,103.06078,-29.710426,6.645964,-98.84346,-20.723593,-14.039983,104.08894,-36.27787,-9.176627,11.144041,11.819088,29.793802,7.360721,21.05925,-32.746704,40.58688,2.4372945,-1.2823594,2.6362333,-43.53078,-41.045425,34.047184,49.166084,10.715292,-16.641678,-33.25371
116,-0.08425909280776978,20.081262588500977,49.71329116821289,0.4322179727613893,29.134567371412796,-89.09022564543531,-100.97307,10.194682,10.245259,104.10212,-30.071419,6.789258,-99.41209,-20.880695,-13.866006,105.1129,-36.627377,-9.217508,11.115987,12.058375,29.793802,7.76034,21.25406,-33.03693,40.63003,2.1377487,-1.2499926,2.5848038,-43.452858,-41.106174,33.579308,48.580307,10.839539,-16.890034,-33.49898
117,-0.04406385123729706,20.04867935180664,49.24940490722656,0.4342049627143739,29.00598067503806,-89.08339710732757,-101.493454,10.246131,10.253726,105.12729,-30.455343,6.9207983,-99.97302,-21.021694,-13.651007,106.14257,-37.00038,-9.254109,11.062931,12.222881,29.793802,8.145798,21.453293,-33.345757,40.70894,1.8694748,-1.2030078,2.528902,-43.38581,-41.112083,33.16066,48.00986,10.877994,-17.121927,-33.749893
118,0.011943901889026165,20.01416778564453,48.790283203125,0.4778645175305807,28.870317272939598,-89.07051751102932,-101.96672,10.297621,10.329082,106.11972,-30.838945,7.073943,-100.55683,-21.16349,-13.364612,107.16788,-37.352417,-9.266093,10.973865,12.330922,29.793802,8.52111,21.655838,-33.67549,40.816315,1.6302801,-1.1419674,2.4570122,-43.323086,-41.06433,32.787357,47.450714,10.854606,-17.34167,-34.005886
119,0.06450826674699783,19.97898292541504,48.34619903564453,0.5443260551791234,28.72337054262185,-89.05159989483504,-102.39548,10.3508215,10.429297,107.07484,-31.213894,7.2251964,-101.12216,-21.297014,-13.058403,108.16549,-37.69252,-9.276077,10.872692,12.410173,29.793802,8.876347,21.861097,-34.018845,40.93759,1.4378693,-1.0758613,2.36959,-43.256847,-40.969017,32.4584,46.927567,10.780598,-17.552107,-34.26554
120,0.10940948128700256,19.967975616455078,47.92116165161133,0.6137867784569433,28.560661596776328,-89.02690005524417,-102.80204,10.406029,10.529863,107.9787,-31.544031,7.3730597,-101.664024,-21.424013,-12.766872,109.1044,-37.98555,-9.301967,10.7900305,12.476711,29.793802,9.201083,22.070395,-34.361862,41.062946,1.3184671,-1.0133538,2.271483,-43.191475,-40.8422,32.189037,46.463943,10.700393,-17.75613,-34.520924
121,0.1511407494544983,19.927188873291016,47.501617431640625,0.6763573331529181,28.38526920255646,-89.00643170100543,-103.16384,10.4660635,10.621088,108.8908,-31.916445,7.5111217,-102.153854,-21.537735,-12.480764,110.05329,-38.32497,-9.314718,10.729956,12.563169,29.793802,9.4907,22.28145,-34.713497,41.183,1.3055867,-0.953516,2.1291678,-43.100086,-40.68968,31.960257,46.040054,10.57148,-17.950163,-34.779427
122,0.17539069056510925,19.880279541015625,47.09208679199219,0.7426900894938996,28.198397305685095,-88.98702092604663,-103.492226,10.5333395,10.698728,109.78349,-32.290195,7.6274095,-102.60488,-21.634336,-12.215601,110.98469,-38.677326,-9.343353,10.689064,12.640761,29.793802,9.745076,22.494558,-35.076096,41.315037,1.3846252,-0.8925042,1.9588248,-42.992332,-40.522995,31.779783,45.63816,10.431052,-18.132153,-35.03025
123,0.21695373952388763,19.835546493530273,46.695228576660156,0.8276034478550366,27.99225432395407,-88.948553047217,-103.76944,10.58527,10.821002,110.63918,-32.656254,7.766811,-103.04014,-21.74662,-11.906036,111.89698,-39.01165,-9.343659,10.644744,12.720226,29.793802,9.977833,22.707178,-35.44414,41.430832,1.4779421,-0.83437634,1.7869059,-42.8548,-40.34761,31.63867,45.26124,10.257003,-18.305017,-35.280464
124,0.2527291178703308,19.795194625854492,46.31549835205078,0.9447973804785901,27.75931280418682,-88.87140483797496,-103.99123,10.612013,10.974031,111.45028,-32.999268,7.9047313,-103.44046,-21.8837,-11.574019,112.79022,-39.34528,-9.344393,10.584381,12.788289,29.793802,10.201989,22.9179,-35.799076,41.515827,1.5216963,-0.78258073,1.6504543,-42.694416,-40.17331,31.543879,44.919308,10.075912,-18.471031,-35.52393
125,0.2848663926124573,19.765972137451172,45.94465637207031,1.112502122444462,27.480564630743547,-88.72864324221214,-104.147514,10.59219,11.180865,112.21828,-33.308926,8.050049,-103.81472,-22.071466,-11.192957,113.688194,-39.68197,-9.344093,10.478228,12.856495,29.793802,10.429805,23.123938,-36.14276,41.561897,1.5180591,-0.7371508,1.5487133,-42.482433,-40.004494,31.498154,44.60383,9.890313,-18.625929,-35.743652
126,0.3139602839946747,19.716033935546875,45.57907485961914,1.317209055856432,27.165299934254403,-88.53897578494465,-104.227,10.537023,11.426283,112.972786,-33.638363,8.193732,-104.14149,-22.2921,-10.7682295,114.615974,-40.072033,-9.327598,10.344231,12.927114,29.793802,10.6518755,23.32345,-36.47857,41.579376,1.5019262,-0.69618386,1.4635005,-42.21978,-39.845825,31.498877,44.30373,9.6993475,-18.76855,-35.943825
127,0.3796376883983612,19.65990447998047,45.23629379272461,1.5261278779468073,26.84942654950413,-88.3506322814307,-104.2558,10.475718,11.728046,113.68658,-33.976967,8.37851,-104.457504,-22.515863,-10.280105,115.503,-40.430992,-9.250281,10.231126,12.99297,29.793802,10.852937,23.515455,-36.790062,41.566624,1.4534426,-0.6598162,1.3897235,-41.944977,-39.70422,31.534975,44.019012,9.479355,-18.905487,-36.163185
128,0.429132342338562,19.601770401000977,44.909847259521484,1.7079394759576687,26.56885791168385,-88.21091938650336,-104.30189,10.457057,11.986178,114.37342,-34.308384,8.536936,-104.763565,-22.686687,-9.85101,116.32999,-40.767986,-9.19684,10.182346,13.060473,29.793802,11.020244,23.69781,-37.056816,41.51192,1.3538711,-0.6273869,1.3119086,-41.682014,-39.582436,31.581345,43.7431,9.17611,-19.042498,-36.44738
129,0.4805733561515808,19.55077362060547,44.60301208496094,1.8530835304815874,26.338716008757824,-88.1427250328217,-104.37733,10.49921,12.213171,115.02326,-34.626232,8.689629,-105.086815,-22.792177,-9.469246,117.07236,-41.0406,-9.15105,10.235665,13.12555,29.793802,11.135644,23.869497,-37.26082,41.42452,1.1998435,-0.59450495,1.211365,-41.433025,-39.48803,31.63634,43.469597,8.765151,-19.188152,-36.80011
130,0.49138525128364563,19.498510360717773,44.31210708618164,1.9793030854900555,26.13819816759844,-88.11685083715894,-104.46995,10.584601,12.370746,115.64762,-34.92983,8.785818,-105.38165,-22.845026,-9.183917,117.76198,-41.312054,-9.165481,10.358354,13.19895,29.793802,11.211638,24.027845,-37.40994,41.30045,1.0091822,-0.5616683,1.090338,-41.171318,-39.423855,31.69852,43.19011,8.261159,-19.333254,-37.20255
131,0.48783713579177856,19.443449020385742,44.040733337402344,2.095682070708046,25.950208277115415,-88.10189128126092,-104.55248,10.677571,12.500836,116.23919,-35.22285,8.858855,-105.641365,-22.879786,-8.9408245,118.40743,-41.581783,-9.195878,10.499856,13.281597,29.793802,11.277744,24.17,-37.518322,41.128227,0.80033886,-0.5363829,0.98395944,-40.90558,-39.387726,31.7553,42.907143,7.7226777,-19.45624,-37.64835
132,0.5055651664733887,19.38918113708496,43.78098678588867,2.2109135000908062,25.757203176914523,-88.06680503412478,-104.60668,10.743349,12.659163,116.797005,-35.506947,8.957206,-105.8881,-22.93496,-8.66474,119.03194,-41.836567,-9.189131,10.611075,13.365849,29.793802,11.363765,24.294228,-37.597828,40.900837,0.5928799,-0.52651495,0.93198216,-40.653824,-39.375046,31.798983,42.62986,7.2241454,-19.536808,-38.125378
133,0.5355601906776428,19.333650588989258,43.53675079345703,2.3296115238655575,25.55198219847281,-87.99868367158693,-104.623795,10.771605,12.839388,117.31814,-35.780167,9.070241,-106.10221,-23.017935,-8.363856,119.63695,-42.092274,-9.152946,10.677884,13.44693,29.793802,11.478315,24.3994,-37.646053,40.61452,0.3932767,-0.5383767,0.94924194,-40.41886,-39.381966,31.831713,42.36981,6.759999,-19.557747,-38.649773
134,0.5619154572486877,19.28119659423828,43.31196975708008,2.4466602476293042,25.344434797331704,-87.91567772373021,-104.62018,10.782027,13.015945,117.800415,-36.033073,9.177536,-106.28184,-23.109148,-8.074299,120.205284,-42.342274,-9.11493,10.7217865,13.53833,29.793802,11.604972,24.483381,-37.662296,40.271317,0.18646573,-0.56664324,1.0100142,-40.18213,-39.401382,31.844294,42.12043,6.2688046,-19.533762,-39.22666
135,0.5905570387840271,19.2291259765625,43.10504913330078,2.5555786280922126,25.143392984092564,-87.83316250740579,-104.60111,10.785581,13.188411,118.248245,-36.274513,9.283045,-106.43627,-23.196903,-7.794348,120.73509,-42.58099,-9.06811,10.75816,13.626974,29.793802,11.734322,24.54653,-37.653942,39.891865,-0.033212762,-0.60268617,1.111367,-39.967724,-39.431553,31.836172,41.876656,5.8139067,-19.49245,-39.804928
136,0.6103699803352356,19.178003311157227,42.9141731262207,2.6502666966389365,24.957718367527377,-87.76634411817403,-104.58085,10.797532,13.333828,118.66603,-36.502785,9.370061,-106.567116,-23.266596,-7.552657,121.22242,-42.80939,-9.032804,10.799988,13.705247,29.793802,11.856963,24.5909,-37.632923,39.491753,-0.27666193,-0.63798594,1.2480909,-39.795887,-39.472847,31.810234,41.63186,5.453441,-19.463158,-40.340733
137,0.5708435773849487,19.128141403198242,42.73521041870117,2.726453330006991,24.785412749696874,-87.72332409428039,-104.57981,10.833086,13.378353,119.064354,-36.703835,9.372421,-106.63865,-23.301313,-7.4451485,121.673546,-43.066963,-9.087704,10.846125,13.788652,29.793802,11.968857,24.611996,-37.61582,39.06015,-0.57365996,-0.6621201,1.4432222,-39.660145,-39.511276,31.762218,41.39687,5.181742,-19.468042,-40.841145
138,0.5992634892463684,19.080881118774414,42.583370208740234,2.7885307938321873,24.622792633666226,-87.6942561806035,-104.53548,10.861623,13.501745,119.41282,-36.912033,9.454952,-106.72226,-23.336605,-7.2419887,122.06323,-43.24999,-9.035721,10.89021,13.889374,29.793802,12.083808,24.61697,-37.59931,38.57137,-0.91346955,-0.680579,1.6868647,-39.521122,-39.551487,31.657232,41.149666,4.9348125,-19.485378,-41.324512
139,0.656025767326355,19.027116775512695,42.45505905151367,2.843873724705094,24.477230808087274,-87.66791912526955,-104.463295,10.8790655,13.655457,119.72021,-37.126316,9.56539,-106.79545,-23.37031,-7.0021863,122.40812,-43.408817,-8.930574,10.933787,13.967458,29.793802,12.180466,24.605415,-37.578312,38.092995,-1.265713,-0.7178345,1.9455675,-39.434692,-39.593563,31.529104,40.913273,4.7425203,-19.48894,-41.768795
140,0.6997595429420471,18.985992431640625,42.346717834472656,2.901536725510078,24.355721785384798,-87.63274090862083,-104.40388,10.886518,13.794942,119.97085,-37.29621,9.658751,-106.86771,-23.40285,-6.7910495,122.69889,-43.539436,-8.846487,10.958761,14.039024,29.793802,12.255007,24.576323,-37.555935,37.64092,-1.6067575,-0.7941483,2.1521776,-39.383137,-39.63558,31.373653,40.670727,4.5146794,-19.451836,-42.192932
141,0.7236737012863159,18.946985244750977,42.258323669433594,2.964745545186101,24.2618915531065,-87.58533883722704,-104.350624,10.87912,13.912396,120.16756,-37.434166,9.72294,-106.926994,-23.433754,-6.616329,122.94526,-43.667934,-8.788059,10.960871,14.08896,29.793802,12.307148,24.53121,-37.527958,37.223686,-1.934084,-0.93316483,2.2977862,-39.39198,-39.677063,31.198185,40.424297,4.2432165,-19.355774,-42.617115
142,0.7477328181266785,18.908109664916992,42.195831298828125,3.0292839447841096,24.191304711406115,-87.53173483709796,-104.28698,10.858459,14.031221,120.30887,-37.551373,9.782262,-106.97046,-23.463036,-6.4480934,123.13817,-43.77971,-8.721866,10.9398985,14.138556,29.793802,12.342555,24.468653,-37.499645,36.814384,-2.2648358,-1.1165925,2.4008846,-39.435577,-39.710674,30.989424,40.173206,3.9161646,-19.219719,-43.045063
143,0.7779139280319214,18.872297286987305,42.154876708984375,3.091057115038817,24.138894464583448,-87.47507050195814,-104.21505,10.825949,14.154792,120.401024,-37.64865,9.844278,-107.00461,-23.491852,-6.279657,123.28308,-43.867523,-8.64212,10.907746,14.19029,29.793802,12.355737,24.388533,-37.478577,36.423367,-2.595257,-1.3035531,2.4768853,-39.496048,-39.731323,30.754438,39.93565,3.5893958,-19.07442,-43.420418
144,0.8072457313537598,18.83944320678711,42.134674072265625,3.145298952582294,24.099921105893383,-87.41858173036333,-104.13431,10.785661,14.265046,120.451225,-37.728825,9.895753,-107.015305,-23.518642,-6.130747,123.38199,-43.940956,-8.560882,10.889497,14.197468,29.793802,12.341225,24.29752,-37.454163,36.085453,-2.909172,-1.4559823,2.5647893,-39.618473,-39.755962,30.552837,39.747158,3.438514,-18.94921,-43.658707
145,0.8354607224464417,18.809938430786133,42.133460998535156,3.187743888015281,24.07121285380768,-87.36311039926329,-104.048775,10.736564,14.359586,120.46301,-37.78926,9.939059,-107.00058,-23.544323,-6.005127,123.43766,-43.999355,-8.47816,10.86779,14.225577,29.793802,12.305651,24.193745,-37.448986,35.752876,-3.2355807,-1.5554295,2.6356554,-39.73534,-39.77332,30.372208,39.587677,3.41067,-18.86625,-43.77877
146,0.8583365678787231,18.7874698638916,42.15216827392578,3.2215954719384765,24.05594231742366,-87.30696491394973,-103.963005,10.679374,14.435801,120.43045,-37.822083,9.969571,-106.96452,-23.569283,-5.909144,123.44501,-44.039494,-8.404149,10.843477,14.252867,29.793802,12.24662,24.077969,-37.460804,35.439552,-3.5729842,-1.6270167,2.6967623,-39.875183,-39.782413,30.205584,39.459366,3.48751,-18.805283,-43.798893
147,0.8739025592803955,18.76082420349121,42.192874908447266,3.2566394482152217,24.058575014681242,-87.24899183547065,-103.86427,10.6146965,14.4990835,120.3559,-37.844765,9.980914,-106.90245,-23.589258,-5.8334475,123.411514,-44.07958,-8.333435,10.821456,14.24247,29.793802,12.160929,23.954361,-37.47496,35.17681,-3.8928149,-1.6889193,2.7595627,-40.07524,-39.79427,30.074524,39.378307,3.6259892,-18.742853,-43.756035
148,0.8932726383209229,18.74028968811035,42.25438690185547,3.303506012898269,24.083346310377255,-87.18783225371561,-103.75754,10.5435505,14.5791645,120.226006,-37.841393,9.993566,-106.85074,-23.606758,-5.7462654,123.330055,-44.086224,-8.256071,10.789948,14.216358,29.793802,12.04802,23.823084,-37.49557,34.961132,-4.1822624,-1.7555163,2.8047047,-40.306767,-39.80696,29.969055,39.33833,3.6644523,-18.660572,-43.73251
149,0.9198020100593567,18.722135543823242,42.34003829956055,3.3649290228946245,24.133006515576493,-87.12363968127318,-103.63692,10.465558,14.682893,120.03785,-37.818752,10.010615,-106.80688,-23.620852,-5.6400356,123.1977,-44.062557,-8.165703,10.751695,14.164899,29.793802,11.90135,23.685612,-37.52544,34.7997,-4.433571,-1.8304015,2.8282366,-40.58065,-39.822044,29.887901,39.352894,3.5648146,-18.546574,-43.736805
150,0.9441430568695068,18.70543098449707,42.4466438293457,3.4356236357758436,24.204550882926352,-87.05681194056048,-103.50848,10.381004,14.791872,119.79958,-37.775505,10.019988,-106.76083,-23.631323,-5.53625,123.020676,-44.01946,-8.075716,10.705145,14.106987,29.793802,11.723453,23.541313,-37.57174,34.67632,-4.663618,-1.904091,2.8276575,-40.877106,-39.8349,29.820057,39.410423,3.3612356,-18.415722,-43.74686
151,0.9669209718704224,18.694747924804688,42.571632385253906,3.512838419689945,24.293770827763847,-86.98661818285953,-103.37499,10.289923,14.903673,119.51165,-37.70556,10.023141,-106.71499,-23.639755,-5.4366307,122.799995,-43.95103,-7.987135,10.653779,14.033477,29.793802,11.523396,23.390636,-37.625065,34.598026,-4.8763413,-1.9773536,2.8258343,-41.197876,-39.847393,29.76471,39.48982,3.1382384,-18.280478,-43.737965
152,0.9830365180969238,18.689876556396484,42.717586517333984,3.5938263101023775,24.396352806013585,-86.9124826288258,-103.23351,10.19121,15.008062,119.1736,-37.607075,10.012746,-106.65422,-23.647352,-5.35511,122.53266,-43.864502,-7.906481,10.598281,13.943354,29.793802,11.313382,23.233778,-37.67201,34.56232,-5.073371,-2.0485053,2.8377798,-41.53785,-39.863125,29.722626,39.566822,2.9667897,-18.155388,-43.693096
153,0.9906584620475769,18.683958053588867,42.883636474609375,3.6831812821390626,24.51026218780362,-86.82207794089344,-103.07922,10.073691,15.107278,118.78933,-37.486824,9.987531,-106.57024,-23.664925,-5.2874985,122.22978,-43.779015,-7.8299356,10.5253525,13.848834,29.793802,11.095785,23.069704,-37.711945,34.561726,-5.2471743,-2.1178794,2.850198,-41.887005,-39.882954,29.685217,39.63197,2.8469076,-18.046305,-43.608585
154,1.0017852783203125,18.68855857849121,43.0701904296875,3.780546979482821,24.63808268340379,-86.71965284228216,-102.91918,9.94119,15.2179575,118.34827,-37.330185,9.965009,-106.48874,-23.69015,-5.214123,121.878296,-43.658768,-7.746978,10.440935,13.7431965,29.793802,10.865952,22.898594,-37.745216,34.600033,-5.39378,-2.1858194,2.8599722,-42.252266,-39.909092,29.653387,39.695198,2.7540193,-17.943386,-43.488495
155,1.0407819747924805,18.69260025024414,43.280059814453125,3.8763191998518516,24.782583291743776,-86.6292772427367,-102.73306,9.807647,15.362109,117.85865,-37.17054,9.970237,-106.40819,-23.705868,-5.1041613,121.473976,-43.49618,-7.6185164,10.364803,13.631049,29.793802,10.626145,22.719849,-37.768948,34.671387,-5.5295863,-2.247433,2.8790956,-42.615234,-39.93761,29.623697,39.751953,2.654317,-17.842405,-43.354687
156,1.0866791009902954,18.703155517578125,43.509178161621094,3.960752465876427,24.946723785472628,-86.57508832120925,-102.53902,9.701882,15.502008,117.32951,-36.999767,9.975186,-106.326454,-23.686834,-5.008441,121.011314,-43.28736,-7.487113,10.320119,13.498739,29.793802,10.380565,22.534431,-37.770916,34.77868,-5.6635175,-2.2998326,2.926564,-42.975697,-39.96578,29.601963,39.802948,2.547391,-17.736176,-43.21663
157,1.0543266534805298,18.70406723022461,43.75429153442383,4.027635223802367,25.136043330801215,-86.57295455837703,-102.36185,9.65344,15.517873,116.79158,-36.82417,9.866805,-106.1738,-23.598984,-5.082093,120.51005,-43.124638,-7.474074,10.322863,13.330213,29.793802,10.133998,22.34454,-37.737076,34.924313,-5.7822127,-2.3369918,3.009422,-43.347233,-39.993546,29.599754,39.84712,2.457971,-17.627615,-43.06646
158,1.0463175773620605,18.71236801147461,44.020999908447266,4.083500878345986,25.347424001129852,-86.60689756376307,-102.17042,9.6290045,15.55499,116.206375,-36.63934,9.780493,-106.03288,-23.478785,-5.137434,119.943085,-42.897785,-7.430815,10.354424,13.136,29.793802,9.889533,22.150885,-37.668266,35.099968,-5.881493,-2.3618598,3.1115794,-43.726208,-40.018166,29.616169,39.885464,2.3754632,-17.51882,-42.906826
159,1.067201852798462,18.7237606048584,44.31448745727539,4.137243416170216,25.57166621501459,-86.65356930098392,-101.94861,9.604714,15.627552,115.56576,-36.44364,9.723458,-105.88801,-23.348883,-5.1560144,119.31347,-42.619526,-7.343304,10.391889,12.923904,29.793802,9.648475,21.953665,-37.570065,35.300186,-5.979698,-2.3837283,3.2280402,-44.109512,-40.037632,29.649887,39.933453,2.2859638,-17.402258,-42.749264
160,1.1046257019042969,18.73628807067871,44.6294059753418,4.198037082834371,25.799194172095557,-86.68949731996007,-101.695595,9.560487,15.728295,114.87197,-36.229618,9.684229,-105.729195,-23.230415,-5.1468816,118.64097,-42.31586,-7.228031,10.412456,12.705448,29.793802,9.410706,21.752243,-37.45135,35.519634,-6.0967646,-2.4126399,3.3535686,-44.49209,-40.049637,29.696312,40.004185,2.1656508,-17.270662,-42.60647
161,1.1153385639190674,18.758520126342773,44.96625518798828,4.261563013812093,26.026673268553374,-86.71822993943587,-101.43066,9.509657,15.797757,114.1263,-35.97272,9.61098,-105.52963,-23.111023,-5.1904526,117.91858,-42.00269,-7.1526027,10.421056,12.473224,29.793802,9.174386,21.547098,-37.31211,35.772522,-6.2601833,-2.4523947,3.5017984,-44.88691,-40.055893,29.75876,40.108948,2.0199115,-17.114801,-42.467636
162,1.0980618000030518,18.760568618774414,45.3234748840332,4.325349711237519,26.25931065023419,-86.74896923537344,-101.13528,9.457207,15.831017,113.353424,-35.72096,9.495867,-105.264366,-22.98083,-5.286155,117.170975,-41.73091,-7.103209,10.423091,12.238798,29.793802,8.938418,21.337149,-37.156075,36.050472,-6.4582815,-2.4967635,3.6649508,-45.276424,-40.051567,29.827438,40.234272,1.826623,-16.942928,-42.339146
163,1.1054496765136719,18.77630043029785,45.7017707824707,4.400878929281762,26.50050219151545,-86.76683753729215,-100.81828,9.384346,15.908734,112.5096,-35.429897,9.411625,-105.01323,-22.862858,-5.336825,116.366394,-41.39999,-7.0211287,10.408527,11.993102,29.793802,8.703486,21.122538,-36.983395,36.342678,-6.63768,-2.5450966,3.831709,-45.66037,-40.035984,29.905207,40.374344,1.623321,-16.768444,-42.22491
164,1.1220279932022095,18.79522132873535,46.105224609375,4.499948148403764,26.753466336396663,-86.75679903948644,-100.47405,9.279827,16.02101,111.58997,-35.10361,9.337968,-104.75858,-22.763233,-5.355631,115.51065,-41.04125,-6.9199915,10.365405,11.733363,29.793802,8.471592,20.903688,-36.7943,36.63312,-6.7457867,-2.5959208,3.9871876,-46.03353,-40.009758,29.998373,40.52174,1.4416339,-16.605227,-42.136555
165,1.1518816947937012,18.80536460876465,46.537322998046875,4.635725544474476,27.025305010900407,-86.70817780187274,-100.093895,9.132185,16.18338,110.59036,-34.754425,9.278252,-104.5015,-22.68777,-5.321378,114.608795,-40.669327,-6.7858076,10.2826185,11.445461,29.793802,8.243147,20.681337,-36.585094,36.92171,-6.7531257,-2.6527493,4.1392355,-46.404663,-39.974457,30.119104,40.68143,1.2823033,-16.455751,-42.08518
166,1.1612054109573364,18.839107513427734,46.98786163330078,4.799154782052553,27.312163988890667,-86.63075314486713,-99.72022,8.965546,16.348978,109.509285,-34.331665,9.200858,-104.25859,-22.621746,-5.301842,113.64967,-40.25434,-6.68747,10.168501,11.1318,29.793802,8.018438,20.456266,-36.35331,37.215767,-6.690648,-2.7148194,4.2932334,-46.781406,-39.931732,30.2725,40.858173,1.1437982,-16.312954,-42.06358
167,1.169869303703308,18.86320686340332,47.46137237548828,4.96882380309267,27.600366161117776,-86.54023650423639,-99.30917,8.777732,16.517002,108.37466,-33.89638,9.118129,-103.97291,-22.56583,-5.287331,112.64999,-39.84165,-6.5809383,10.039841,10.818482,29.793802,7.7979317,20.228691,-36.10471,37.507675,-6.600026,-2.773934,4.4288344,-47.14928,-39.881813,30.44528,41.041054,1.0432081,-16.176071,-42.0582
168,1.1814907789230347,18.887117385864258,47.958377838134766,5.122711338356268,27.876252995458362,-86.45274140668158,-98.860725,8.579944,16.671047,107.193275,-33.44272,9.0338745,-103.62671,-22.515532,-5.2995973,111.59692,-39.413765,-6.4689307,9.915285,10.53487,29.793802,7.5793495,19.998224,-35.850693,37.790764,-6.525778,-2.8220603,4.5262775,-47.48611,-39.82346,30.610153,41.215073,0.9850681,-16.044035,-42.051346
169,1.1859962940216064,18.908933639526367,48.47709655761719,5.254486395736141,28.1370091541889,-86.36957146817707,-98.37615,8.375271,16.792063,105.97027,-32.97139,8.936003,-103.20712,-22.469357,-5.3615127,110.4945,-38.983177,-6.365966,9.805302,10.287675,29.793802,7.356739,19.765085,-35.59553,38.069798,-6.4861546,-2.8594427,4.5747857,-47.791813,-39.758892,30.74909,41.383488,0.9712076,-15.913053,-42.031303
170,1.1797692775726318,18.93780517578125,49.016868591308594,5.375437246510602,28.389417797864915,-86.28337143785141,-97.86656,8.16147,16.888578,104.69214,-32.463753,8.824704,-102.73705,-22.42701,-5.4657226,109.335884,-38.5326,-6.2793717,9.702025,10.066191,29.793802,7.129298,19.529385,-35.340508,38.34654,-6.458207,-2.8897154,4.5879474,-48.063976,-39.68967,30.859287,41.544487,0.9862989,-15.783911,-42.004017
171,1.1939479112625122,18.96463394165039,49.57632827758789,5.489541681607416,28.634544266193856,-86.19743677645553,-97.317986,7.9329867,17.00044,103.364426,-31.942604,8.73369,-102.2326,-22.39494,-5.5594087,108.12903,-38.05433,-6.1646285,9.600693,9.857009,29.793802,6.901527,19.291792,-35.088688,38.6213,-6.42112,-2.9123292,4.5918097,-48.297935,-39.61615,30.946335,41.681522,1.0352788,-15.660444,-41.968136
172,1.2236125469207764,18.987024307250977,50.14741897583008,5.6009615441700795,28.873335048583677,-86.11502103222364,-96.7375,7.6967525,17.127573,102.00118,-31.414715,8.658646,-101.70473,-22.36847,-5.642803,106.89037,-37.557358,-6.0295463,9.495136,9.647144,29.793802,6.6800942,19.053358,-34.843628,38.891552,-6.35486,-2.9263945,4.6125374,-48.487846,-39.537285,31.019316,41.780064,1.1269836,-15.54696,-41.924576
173,1.239895224571228,19.01081657409668,50.7305793762207,5.709907831689798,29.110066250992457,-86.0323653025653,-96.14093,7.4613667,17.23934,100.59896,-30.86243,8.56959,-101.1462,-22.339296,-5.759417,105.61411,-37.049763,-5.9139795,9.381119,9.433525,29.793802,6.465738,18.815458,-34.60459,39.15359,-6.2505445,-2.9267175,4.666679,-48.63947,-39.453,31.084158,41.834213,1.285602,-15.441297,-41.86195
174,1.2406359910964966,19.02938461303711,51.327388763427734,5.814560033666583,29.342756783002045,-85.94936504324733,-95.52063,7.224919,17.330729,99.15897,-30.292717,8.46316,-100.54456,-22.307297,-5.9134226,104.30225,-36.54257,-5.8165293,9.261178,9.225207,29.793802,6.2570333,18.578663,-34.37174,39.405704,-6.1226387,-2.9148672,4.7360764,-48.751698,-39.3625,31.138168,41.853645,1.4970132,-15.342837,-41.788403
175,1.2577638626098633,19.055633544921875,51.93539810180664,5.915600080178648,29.563453790246527,-85.8748540347995,-94.86953,6.9844837,17.438547,97.674644,-29.700195,8.376483,-99.9252,-22.276628,-6.0582676,102.94719,-35.99464,-5.7042418,9.14278,9.015144,29.793802,6.0548906,18.344118,-34.145615,39.65723,-5.982297,-2.9019556,4.8018193,-48.828453,-39.265892,31.18488,41.85197,1.7292235,-15.256949,-41.72729
176,1.2695059776306152,19.084644317626953,52.55354690551758,6.013881207657166,29.76413131491713,-85.81769612184505,-94.18197,6.7527046,17.542753,96.15959,-29.092632,8.287522,-99.26792,-22.23331,-6.2205606,101.55729,-35.42788,-5.6027465,9.030348,8.803673,29.793802,5.86094,18.112429,-33.929703,39.912144,-5.844557,-2.898436,4.84085,-48.86268,-39.161247,31.224192,41.84065,1.9376785,-15.190552,-41.707058
177,1.272331953048706,19.103872299194336,53.181053161621094,6.112177028292653,29.945018095635987,-85.78039243819543,-93.44922,6.531074,17.642143,94.62166,-28.48579,8.192069,-98.56492,-22.173775,-6.398003,100.14462,-34.862556,-5.5099053,8.9264145,8.579685,29.793802,5.6752105,17.88496,-33.723907,40.174805,-5.720128,-2.911044,4.8469176,-48.85885,-39.04838,31.261477,41.821976,2.1382277,-15.1533985,-41.740326
178,1.2908992767333984,19.126203536987305,53.81538772583008,6.209017148427717,30.10956603075698,-85.75838076125883,-92.67895,6.3084345,17.760311,93.045975,-27.864307,8.1164055,-97.84251,-22.110905,-6.5615535,98.69824,-34.264595,-5.402731,8.82694,8.346623,29.793802,5.49829,17.66262,-33.52744,40.439075,-5.6005535,-2.93281,4.8321953,-48.81837,-38.92706,31.298086,41.791504,2.3473523,-15.139819,-41.81263
179,1.3241782188415527,19.164690017700195,54.45286178588867,6.298769483696951,30.255055707837677,-85.74996035971608,-91.88408,6.0859723,17.89193,91.43343,-27.213717,8.059431,-97.10839,-22.045986,-6.7198353,97.21503,-33.620102,-5.2892566,8.729123,8.119987,29.793802,5.330606,17.445438,-33.342144,40.70103,-5.4704914,-2.9546485,4.805909,-48.740345,-38.79527,31.326435,41.75191,2.5228734,-15.132106,-41.904324
180,1.3260685205459595,19.17501449584961,55.09560012817383,6.375647188705756,30.37845588656602,-85.75354870682037,-91.04974,5.8759503,17.982449,89.82906,-26.585602,7.9645953,-96.29676,-21.96302,-6.9315066,95.732254,-33.025932,-5.2014575,8.633302,7.9058657,29.793802,5.1715384,17.2339,-33.16765,40.962734,-5.3107567,-2.9685886,4.782552,-48.635612,-38.652725,31.342934,41.709827,2.637698,-15.110905,-41.989243
181,1.3351268768310547,19.190641403198242,55.73794937133789,6.438515967712406,30.483748854545652,-85.77223618516585,-90.194664,5.6719203,18.072968,88.20856,-25.945044,7.8749285,-95.46289,-21.873034,-7.1506147,94.22663,-32.408535,-5.1112256,8.541736,7.708001,29.793802,5.0207243,17.02787,-33.007362,41.22028,-5.112494,-2.9710188,4.765647,-48.502094,-38.497948,31.342316,41.665257,2.651858,-15.070144,-42.066887
182,1.3547720909118652,19.209598541259766,56.38166046142578,6.490056888030436,30.57071704899822,-85.80591005386417,-89.31169,5.4700675,18.16859,86.56432,-25.292152,7.7944193,-94.605,-21.777668,-7.3709965,92.695244,-31.767027,-5.0140967,8.454208,7.5217643,29.793802,4.8780713,16.827312,-32.862415,41.47519,-4.888427,-2.966892,4.7489953,-48.33493,-38.329365,31.32301,41.614418,2.5863338,-15.020044,-42.14671
183,1.3700488805770874,19.22502899169922,57.025909423828125,6.53052997598534,30.6306482010369,-85.8478703851705,-88.39739,5.269494,18.25235,84.91227,-24.635891,7.7100453,-93.70416,-21.677326,-7.6090593,91.15204,-31.126219,-4.9224253,8.365174,7.346419,29.793802,4.7453284,16.632648,-32.727978,41.732285,-4.6525893,-2.9600677,4.728451,-48.132263,-38.146267,31.28821,41.557343,2.5055385,-14.966685,-42.223484
184,1.3883068561553955,19.23453712463379,57.663230895996094,6.5600925371829,30.65461665897407,-85.89151654191926,-87.451416,5.061471,18.327461,83.26981,-23.986359,7.631282,-92.7632,-21.583908,-7.8535423,89.61933,-30.496618,-4.826882,8.268165,7.1840234,29.793802,4.626322,16.444206,-32.5975,41.993088,-4.417972,-2.9537354,4.6972013,-47.89011,-37.947453,31.24118,41.4917,2.4677768,-14.916229,-42.294884
185,1.416000485420227,19.246545791625977,58.292877197265625,6.581269289763916,30.64344778113898,-85.93174098600534,-86.47687,4.8383856,18.400282,81.62456,-23.331024,7.5665574,-91.7929,-21.503729,-8.097166,88.09128,-29.863352,-4.7239795,8.155827,7.0358124,29.793802,4.526172,16.26195,-32.46654,42.254143,-4.1930385,-2.951173,4.652436,-47.60484,-37.73043,31.181759,41.412083,2.4772658,-14.87017,-42.3592
186,1.4298263788223267,19.248863220214844,58.91968536376953,6.593181305761465,30.600722872015968,-85.97321659778704,-85.46967,4.6144166,18.450602,79.98262,-22.678837,7.4905133,-90.7722,-21.420565,-8.366725,86.56699,-29.25042,-4.6333327,8.033258,6.896672,29.793802,4.444392,16.086315,-32.333996,42.515274,-3.9653988,-2.9497304,4.5979056,-47.284786,-37.494286,31.112402,41.32351,2.5118315,-14.82479,-42.417843
187,1.442396640777588,19.25087547302246,59.542232513427734,6.59170434643109,30.521780399052798,-86.02355090792886,-84.430565,4.393525,18.489225,78.34588,-22.028433,7.4149885,-89.7092,-21.332977,-8.650232,85.040794,-28.638102,-4.5459647,7.9083853,6.771374,29.793802,4.3755236,15.917034,-32.20268,42.776997,-3.7230368,-2.9430478,4.529644,-46.92598,-37.237183,31.031122,41.23193,2.5639884,-14.780873,-42.481003
188,1.4601995944976807,19.24860382080078,60.155487060546875,6.572663754654987,30.40197431839257,-86.09024268031682,-83.356606,4.181185,18.519798,76.73099,-21.394281,7.3433537,-88.604416,-21.238903,-8.9401455,83.52613,-28.033361,-4.45448,7.7918143,6.658852,29.793802,4.3136973,15.754026,-32.07515,43.044353,-3.4519978,-2.9256337,4.4481826,-46.531235,-36.959084,30.938467,41.147522,2.6392689,-14.738202,-42.554146
189,1.4734452962875366,19.248584747314453,60.75618362426758,6.5328661526564575,30.23829834453546,-86.17920143734555,-82.2518,3.9896123,18.535185,75.14322,-20.77247,7.2671604,-87.4597,-21.12726,-9.247053,82.025375,-27.434616,-4.372591,7.6890697,6.562919,29.793802,4.258157,15.596861,-31.955544,43.316643,-3.139839,-2.890776,4.346604,-46.094803,-36.658974,30.832933,41.06977,2.7466762,-14.6992445,-42.642765
190,1.4930063486099243,19.2409610748291,61.350677490234375,6.475587348336859,30.033704368518254,-86.28479318291194,-81.10525,3.8053508,18.543503,73.57113,-20.167793,7.1942396,-86.26689,-21.007864,-9.559296,80.5311,-26.844452,-4.283752,7.5942564,6.4815655,29.793802,4.2112494,15.445301,-31.843925,43.594322,-2.7981534,-2.843848,4.22946,-45.617416,-36.335957,30.714392,40.99445,2.8822973,-14.662767,-42.742413
191,1.5156505107879639,19.218427658081055,61.93977737426758,6.406811352278167,29.792649339851625,-86.39687943576392,-79.92003,3.622237,18.54248,72.01846,-19.58569,7.12194,-85.026054,-20.887125,-9.876542,79.04966,-26.27486,-4.1873183,7.4975715,6.409252,29.793802,4.1692014,15.29935,-31.736967,43.881626,-2.4525855,-2.7964818,4.1100087,-45.10738,-35.989887,30.584362,40.921303,3.0186923,-14.6245165,-42.84739
192,1.5326231718063354,19.193199157714844,62.52006149291992,6.332248714489812,29.51955842269613,-86.50554102094867,-78.711136,3.43746,18.528042,70.47855,-19.008762,7.04685,-83.75367,-20.766933,-10.204997,77.58087,-25.717289,-4.0963044,7.389917,6.339117,29.793802,4.129276,15.159274,-31.62957,44.183296,-2.1266286,-2.7601917,4.001821,-44.576958,-35.6218,30.447111,40.85211,3.13384,-14.580119,-42.951244
193,1.5474885702133179,19.17230987548828,63.08648681640625,6.248486023710633,29.214196861978067,-86.60770919798831,-77.48685,3.2488563,18.49796,68.95321,-18.431494,6.9739485,-82.4596,-20.651316,-10.545634,76.13078,-25.166721,-4.01036,7.2669606,6.2792287,29.793802,4.0926676,15.024859,-31.522917,44.503315,-1.8309286,-2.746874,3.9039032,-44.021282,-35.23046,30.304745,40.784863,3.2183728,-14.528375,-43.064743
194,1.5596604347229004,19.147865295410156,63.646095275878906,6.15438146453975,28.874495267343278,-86.70840006011485,-76.23298,3.0599666,18.452032,67.4374,-17.8601,6.8997583,-81.12504,-20.534191,-10.9007225,74.686615,-24.62586,-3.9263678,7.134701,6.2275763,29.793802,4.0608087,14.896157,-31.417242,44.839516,-1.5497687,-2.7475772,3.811764,-43.44163,-34.81547,30.159664,40.721252,3.2926548,-14.471348,-43.1875
195,1.5777747631072998,19.116392135620117,64.2008285522461,6.059263780826369,28.502493589385068,-86.8099189287496,-74.94328,2.8669484,18.407385,65.92695,-17.298843,6.830554,-79.75764,-20.418163,-11.249311,73.24851,-24.091652,-3.8338118,6.993982,6.17492,29.793802,4.0318923,14.772611,-31.30771,45.179768,-1.2735331,-2.741323,3.7252152,-42.838345,-34.37676,30.00729,40.656635,3.3492353,-14.411547,-43.30434
196,1.5966346263885498,19.065614700317383,64.74697875976562,5.972322220081954,28.100510637622122,-86.9147112852946,-73.61329,2.6733565,18.370333,64.433235,-16.76355,6.7598357,-78.36306,-20.300867,-11.580145,71.83797,-23.585787,-3.732632,6.848107,6.107887,29.793802,4.003598,14.653641,-31.186632,45.513645,-0.9882235,-2.7070317,3.6451545,-42.21674,-33.91625,29.845148,40.58977,3.3953724,-14.350023,-43.397156
197,1.6030281782150269,19.01812171936035,65.28300476074219,5.894920138310292,27.66501300721781,-87.02503267296741,-72.25059,2.48814,18.33781,62.94335,-16.227955,6.6812134,-76.95089,-20.171522,-11.904076,70.44154,-23.086018,-3.6444557,6.694393,6.02937,29.793802,3.9770596,14.537706,-31.05258,45.834755,-0.67020595,-2.6243856,3.5592585,-41.567158,-33.433094,29.666563,40.515923,3.4145486,-14.288869,-43.45793
198,1.613471269607544,18.96455955505371,65.81106567382812,5.822724781897928,27.195973511445935,-87.13893322848561,-70.84837,2.2999053,18.313473,61.456844,-15.701921,6.6062455,-75.51336,-20.042439,-12.212756,69.05969,-22.595594,-3.5496302,6.531532,5.9469385,29.793802,3.9532604,14.423233,-30.907557,46.149113,-0.33110762,-2.509397,3.4685795,-40.881477,-32.925243,29.467388,40.430084,3.4013376,-14.227004,-43.49778
199,1.6243047714233398,18.892414093017578,66.33381652832031,5.756043008751551,26.701373257305374,-87.25269755577399,-69.40727,2.107478,18.291172,59.9753,-15.193933,6.5289164,-74.04422,-19.913675,-12.51109,67.69273,-22.12807,-3.4465227,6.3687625,5.8462653,29.793802,3.9270008,14.311495,-30.746204,46.471554,-0.006246076,-2.3952627,3.3975227,-40.191307,-32.398148,29.261055,40.34291,3.3974028,-14.159469,-43.521408
200,1.641220211982727,18.823448181152344,66.84815216064453,5.695817885064809,26.188457732021153,-87.36278267742043,-67.947105,1.905872,18.27612,58.483204,-14.677668,6.457951,-72.56994,-19.789494,-12.796597,66.32896,-21.653706,-3.3388777,6.201545,5.7379403,29.793802,3.8988643,14.201823,-30.56737,46.79968,0.25590083,-2.3143709,3.3546457,-39.477535,-31.852674,29.046398,40.232613,3.3866398,-14.08633,-43.554855
201,1.6465061902999878,18.75193977355957,67.35504913330078,5.647806599819586,25.651337243127404,-87.46585225417763,-66.459,1.69961,18.260778,56.98425,-14.156777,6.3786654,-71.07794,-19.665195,-13.078671,64.97638,-21.190388,-3.2393572,6.029331,5.6200113,29.793802,3.8687701,14.093512,-30.371565,47.14149,0.43997154,-2.280207,3.353992,-38.734074,-31.289639,28.82146,40.098667,3.3751793,-14.001167,-43.600235
202,1.6552326679229736,18.67905616760254,67.85317993164062,5.610001308542911,25.088621072374803,-87.56457828327268,-64.940636,1.4818083,18.253355,55.477036,-13.633413,6.303099,-69.5728,-19.54861,-13.345504,63.637062,-20.731665,-3.1347258,5.852658,5.492697,29.793802,3.8365192,13.9860935,-30.159983,47.493458,0.5710585,-2.273513,3.3845952,-37.962185,-30.709875,28.586042,39.942142,3.3628223,-13.906338,-43.64945
203,1.661307692527771,18.58460807800293,68.34181213378906,5.569902720932459,24.514956803845077,-87.66480737811388,-63.402115,1.2661973,18.237213,53.981323,-13.130051,6.2217784,-68.04799,-19.426842,-13.611961,62.31687,-20.300497,-3.025326,5.681831,5.3534265,29.793802,3.7992442,13.881055,-29.92849,47.847332,0.6744645,-2.2782779,3.429125,-37.192333,-30.11933,28.350039,39.769814,3.3652425,-13.811111,-43.695793
204,1.6564056873321533,18.486711502075195,68.82382202148438,5.516206043150068,23.944561250081055,-87.7720241452098,-61.865192,1.0673,18.201323,52.480152,-12.621107,6.130683,-66.51491,-19.278406,-13.896862,60.98144,-19.865261,-2.9281638,5.5147424,5.2174654,29.793802,3.7589552,13.778233,-29.675558,48.181824,0.7645639,-2.2781599,3.4579737,-36.40951,-29.519663,28.111004,39.557087,3.3504176,-13.72892,-43.748833
205,1.6476800441741943,18.385046005249023,69.30081939697266,5.446252576518079,23.385517493901585,-87.88640326227646,-60.336563,0.88342345,18.148052,50.969063,-12.103958,6.0349765,-64.97604,-19.104797,-14.20063,59.617065,-19.417057,-2.8372488,5.353771,5.084985,29.793802,3.7119126,13.677834,-29.399714,48.495426,0.83968365,-2.2693584,3.45989,-35.6163,-28.913746,27.867313,39.29858,3.3341925,-13.665686,-43.81286
206,1.646903157234192,18.269718170166016,69.77115631103516,5.366088332523785,22.828659297132297,-88.0051287522816,-58.801155,0.70323807,18.087894,49.454185,-11.592963,5.9424734,-63.4261,-18.921045,-14.506078,58.24192,-18.969166,-2.737118,5.198099,4.9539,29.793802,3.6590247,13.579822,-29.102587,48.794952,0.8930292,-2.2600763,3.448139,-34.807907,-28.303625,27.619606,38.996384,3.3184378,-13.614056,-43.88575
207,1.6482917070388794,18.146488189697266,70.23094940185547,5.276850221543269,22.262633185933566,-88.12873494794569,-57.2567,0.53209597,18.019972,47.949444,-11.091293,5.8500876,-61.866245,-18.724133,-14.810594,56.871475,-18.52638,-2.6346197,5.049179,4.824465,29.793802,3.6077287,13.484186,-28.786438,49.0793,0.93831354,-2.253079,3.4381158,-33.981934,-27.691135,27.372318,38.655697,3.2832992,-13.563073,-43.955025
208,1.6388949155807495,18.025094985961914,70.68079376220703,5.17962695899759,21.67612817284168,-88.25744420831163,-55.6966,0.37734097,17.940136,46.453693,-10.590263,5.7501345,-60.28602,-18.5053,-15.123334,55.498547,-18.08429,-2.5439496,4.907749,4.696544,29.793802,3.5646572,13.391194,-28.453539,49.34785,0.98821616,-2.2502012,3.4446476,-33.138927,-27.077986,27.132107,38.285164,3.2106705,-13.502502,-44.007862
209,1.637597918510437,17.888120651245117,71.12226867675781,5.074141742154652,21.060677568770178,-88.39311926075348,-54.10179,0.2284574,17.856981,44.976597,-10.1130705,5.653494,-58.670433,-18.27894,-15.428334,54.136414,-17.657917,-2.4414027,4.772807,4.570145,29.793802,3.5341666,13.300918,-28.101797,49.59926,1.0451341,-2.2527049,3.473783,-32.273533,-26.465162,26.902353,37.882233,3.0958526,-13.429399,-44.03655
210,1.6268290281295776,17.744998931884766,71.55370330810547,4.960370548382991,20.424155069175086,-88.5345325759804,-52.48713,0.0972597,17.76268,43.51481,-9.646479,5.5483227,-57.02957,-18.030857,-15.738704,52.776836,-17.24119,-2.3465383,4.6440825,4.445674,29.793802,3.513128,13.213397,-27.7305,49.832603,1.1024233,-2.259074,3.5160453,-31.38634,-25.85388,26.682716,37.44294,2.9515262,-13.349318,-44.04996
211,1.5984015464782715,17.593639373779297,71.97239685058594,4.840093693843662,19.77923122537304,-88.67744618763545,-50.87081,-0.011804108,17.654285,42.077583,-9.19282,5.42882,-55.379887,-17.758148,-16.057096,51.42959,-16.842354,-2.2660367,4.5234976,4.3233867,29.793802,3.4962952,13.129011,-27.345892,50.047752,1.1587894,-2.267647,3.564487,-30.487373,-25.246319,26.475193,36.972164,2.7863476,-13.264316,-44.060944
212,1.5936264991760254,17.431331634521484,72.37881469726562,4.715112154807631,19.138254571484694,-88.81769295726347,-49.26056,-0.12619108,17.552307,40.654053,-8.753594,5.325677,-53.739285,-17.491848,-16.3569,50.08898,-16.442663,-2.1636226,4.408485,4.208366,29.793802,3.4781146,13.047715,-26.9582,50.243523,1.2054603,-2.276876,3.6106563,-29.567078,-24.643122,26.278084,36.46041,2.5902052,-13.177981,-44.08777
213,1.5749413967132568,17.259552001953125,72.7706069946289,4.579525417113048,18.503675289882377,-88.95777365157132,-47.671444,-0.21357709,17.435844,39.26916,-8.3332815,5.2103076,-52.10561,-17.199984,-16.665327,48.760895,-16.059109,-2.073389,4.3209825,4.0971785,29.793802,3.4502358,12.972102,-26.572296,50.42711,1.2414739,-2.2870817,3.6632032,-28.67885,-24.053335,26.103258,35.953243,2.4226174,-13.08533,-44.12362
214,1.5515012741088867,17.09735679626465,73.14508819580078,4.4351470084909295,17.868714688365504,-89.09837502063782,-46.102623,-0.28125036,17.313883,37.90784,-7.9132085,5.0931473,-50.489815,-16.889084,-16.97401,47.44055,-15.669792,-1.9940388,4.2448096,4.000958,29.793802,3.4204056,12.901166,-26.19026,50.589424,1.2560043,-2.2993398,3.7170014,-27.761599,-23.476189,25.945938,35.399715,2.2348576,-12.989217,-44.178066
215,1.5315743684768677,16.912609100341797,73.50849914550781,4.292333982556043,17.23406253430511,-89.23301711042566,-44.531857,-0.34786904,17.191715,36.57049,-7.5189357,4.975741,-48.87233,-16.578968,-17.270529,46.141838,-15.305679,-1.9044248,4.1688247,3.9034965,29.793802,3.3911536,12.835108,-25.813238,50.733723,1.2683852,-2.3122656,3.7737463,-26.831018,-22.912264,25.805088,34.80347,2.0261343,-12.889434,-44.234863
216,1.5108526945114136,16.717571258544922,73.857666015625,4.161127528604459,16.60050769173182,-89.35554436346061,-42.968033,-0.42113447,17.073141,35.25334,-7.1387334,4.858152,-47.271595,-16.278946,-17.55053,44.876022,-14.963339,-1.8112549,4.081511,3.787396,29.793802,3.3639197,12.775421,-25.441473,50.864437,1.2969106,-2.3245227,3.835131,-25.913809,-22.362875,25.687475,34.178448,1.8049423,-12.786743,-44.27863
217,1.4853695631027222,16.522628784179688,74.1876220703125,4.04492522815499,15.96642785426534,-89.46352178565617,-41.417576,-0.5023236,16.958054,33.957386,-6.765213,4.7394924,-45.70352,-15.993809,-17.813284,43.661915,-14.645344,-1.7208614,3.9741795,3.6471295,29.793802,3.3447423,12.723626,-25.074419,50.975277,1.3448802,-2.3328032,3.9043424,-25.008135,-21.827929,25.602013,33.521965,1.5662405,-12.682481,-44.31127
218,1.465366005897522,16.314115524291992,74.50422668457031,3.937629150073612,15.332071590424084,-89.56086807751183,-39.867847,-0.5931206,16.846346,32.677864,-6.407679,4.624151,-44.147526,-15.723389,-18.059774,42.48306,-14.351431,-1.6203699,3.8539515,3.4934852,29.793802,3.3322814,12.680462,-24.71193,51.063343,1.4015931,-2.338553,3.9782605,-24.102482,-21.307163,25.549137,32.83015,1.311422,-12.576155,-44.34198
219,1.4349931478500366,16.104930877685547,74.80465698242188,3.83513133729498,14.70096913968933,-89.6510874334357,-38.338524,-0.6753562,16.732141,31.429052,-6.0609064,4.502794,-42.61644,-15.450363,-18.299898,41.339256,-14.076468,-1.5291069,3.7320383,3.333814,29.793802,3.3193965,12.646011,-24.354162,51.13633,1.4651728,-2.3478293,4.048468,-23.203348,-20.802109,25.51878,32.10954,1.045627,-12.466131,-44.367992
220,1.4121122360229492,15.8904447555542,75.08934783935547,3.7334681560535476,14.076399713938919,-89.7375070475877,-36.82886,-0.75567013,16.621801,30.20935,-5.7303314,4.387505,-41.111168,-15.183078,-18.525597,40.2281,-13.815792,-1.4316472,3.619355,3.1766684,29.793802,3.2969341,12.619527,-24.00253,51.20343,1.5328288,-2.3667119,4.106569,-22.313356,-20.314903,25.49706,31.361372,0.7706751,-12.350705,-44.385273
221,1.3816990852355957,15.671688079833984,75.36214447021484,3.6327456091329804,13.455762657493246,-89.81839541237113,-35.337173,-0.82576066,16.508099,29.019444,-5.412963,4.267922,-39.619675,-14.909745,-18.748169,39.136005,-13.56839,-1.3403432,3.5182054,3.0263634,29.793802,3.259349,12.600206,-23.660387,51.272625,1.5992767,-2.4004416,4.1412363,-21.423212,-19.847975,25.473846,30.58021,0.47829834,-12.230906,-44.38147
222,1.350348949432373,15.446651458740234,75.61773681640625,3.534393726983284,12.838696878622175,-89.89295083236121,-33.869026,-0.8896529,16.394255,27.87559,-5.120158,4.1485515,-38.155228,-14.642311,-18.96029,38.09349,-13.348961,-1.2486012,3.4238982,2.880806,29.793802,3.2089503,12.587422,-23.330238,51.339455,1.6659862,-2.4446447,4.1600676,-20.526878,-19.402533,25.449451,29.75892,0.16566889,-12.106497,-44.35734
223,1.3267689943313599,15.227527618408203,75.85872650146484,3.4368137965552217,12.231689489343745,-89.96585603325964,-32.42884,-0.95110035,16.287426,26.754606,-4.8328543,4.036678,-36.725994,-14.379178,-19.158289,37.074577,-13.129542,-1.1547447,3.3376553,2.7365656,29.793802,3.1504529,12.580338,-23.010193,51.394394,1.7420425,-2.4909163,4.183608,-19.638115,-18.979074,25.428104,28.902872,-0.15460531,-11.972781,-44.329556
224,1.2868010997772217,15.008020401000977,76.08644104003906,3.3385917598005674,11.64156552774727,-90.04170806922309,-31.02891,-0.9885503,16.181911,25.678343,-4.5627,3.913479,-35.331245,-14.097871,-19.351168,36.078175,-12.922633,-1.0772179,3.2589052,2.5901856,29.793802,3.0889914,12.577808,-22.695848,51.42772,1.837313,-2.5309181,4.2310286,-18.767752,-18.576578,25.416988,28.014868,-0.47316164,-11.825038,-44.316944
225,1.253944993019104,14.781111717224121,76.30039978027344,3.240372883604969,11.067225748597822,-90.12407927259108,-29.66296,-1.0165471,16.089243,24.649036,-4.3212414,3.7938735,-33.972496,-13.817452,-19.522943,35.114468,-12.729796,-0.9941882,3.189307,2.437863,29.793802,3.0274005,12.5785885,-22.383549,51.437244,1.9626434,-2.5612512,4.311272,-17.921276,-18.193743,25.424686,27.105087,-0.7861252,-11.658622,-44.328762
226,1.2218831777572632,14.549407005310059,76.50047302246094,3.142749032641537,10.506158412252258,-90.20980995763932,-28.332315,-1.0330201,16.005268,23.670366,-4.1072326,3.6742086,-32.64919,-13.536901,-19.67869,34.188248,-12.554789,-0.91124356,3.1264906,2.2813208,29.793802,2.962952,12.581811,-22.071825,51.42873,2.1125064,-2.5867712,4.4114513,-17.093359,-17.830051,25.451775,26.170292,-1.0984465,-11.476155,-44.356678
227,1.1802291870117188,14.33203411102295,76.68684387207031,3.044497703533483,9.962663533043852,-90.29334168816034,-27.051544,-1.0331014,15.922898,22.730509,-3.8970702,3.5512288,-31.372267,-13.24749,-19.830664,33.283543,-12.378453,-0.8439515,3.0660956,2.1253374,29.793802,2.891753,12.587034,-21.75991,51.403797,2.2728481,-2.6110036,4.518806,-16.287962,-17.485758,25.49065,25.205736,-1.4089984,-11.287762,-44.390842
228,1.1472440958023071,14.100469589233398,76.86186218261719,2.944075383235995,9.441146541561404,-90.36916596421608,-25.811153,-1.029987,15.840371,21.838287,-3.7162907,3.4344568,-30.125788,-12.967597,-19.976797,32.410023,-12.222434,-0.7672344,3.0041676,1.9753639,29.793802,2.8095284,12.594008,-21.448273,51.36373,2.4298832,-2.637621,4.6201077,-15.5088215,-17.161283,25.531345,24.205875,-1.715034,-11.10334,-44.419548
229,1.1034356355667114,13.873642921447754,77.02452850341797,2.839825190998202,8.942699091526963,-90.43433739861176,-24.631357,-1.0079756,15.75011,21.004892,-3.5528667,3.3138134,-28.92083,-12.68013,-20.129652,31.560513,-12.075747,-0.70389944,2.939148,1.8340521,29.793802,2.7136123,12.602833,-21.1378,51.307743,2.5845191,-2.6670187,4.712733,-14.755414,-16.856817,25.569212,23.167427,-2.0151188,-10.926075,-44.44094
230,1.0636849403381348,13.653671264648438,77.17518615722656,2.7328753271833,8.464892216440678,-90.49235671411648,-23.505157,-0.9779233,15.660371,20.21978,-3.4045205,3.1994028,-27.75987,-12.39642,-20.279015,30.736208,-11.931419,-0.64238274,2.8739762,1.6982707,29.793802,2.6051192,12.613261,-20.829012,51.236355,2.742773,-2.6974182,4.8034425,-14.025881,-16.572477,25.605402,22.092297,-2.313607,-10.749556,-44.45696
231,1.0211278200149536,13.43712043762207,77.31607055664062,2.6259289900128535,8.007576904732627,-90.54728619498914,-22.425007,-0.9380996,15.573244,19.474842,-3.2696037,3.0849721,-26.637808,-12.111126,-20.423534,29.931684,-11.791344,-0.5866225,2.81013,1.5664796,29.793802,2.484708,12.62435,-20.522823,51.153427,2.895829,-2.7286823,4.8927197,-13.320883,-16.307934,25.63965,20.985018,-2.614815,-10.573224,-44.46214
232,0.9781395792961121,13.211708068847656,77.4490737915039,2.521535032561358,7.570204032058241,-90.6032639891239,-21.377665,-0.8931527,15.492733,18.763437,-3.1551843,2.9693673,-25.545137,-11.827598,-20.557697,29.14764,-11.664169,-0.5298891,2.749376,1.4374645,29.793802,2.3526495,12.634462,-20.220016,51.06326,3.035217,-2.7608676,4.9812684,-12.6403,-16.062372,25.670717,19.849228,-2.9247973,-10.396033,-44.45143
233,0.9329688549041748,12.996302604675293,77.5711669921875,2.4204498248936908,7.1537976206792555,-90.664256788539,-20.378067,-0.8398845,15.423821,18.088516,-3.050015,2.8535872,-24.504404,-11.544564,-20.67712,28.392452,-11.539258,-0.48067597,2.694259,1.3100537,29.793802,2.2064757,12.6422,-19.920338,50.97157,3.1565742,-2.7961788,5.070795,-11.983711,-15.835607,25.695658,18.676908,-3.2446039,-10.221298,-44.41926
234,0.8945370316505432,12.775273323059082,77.68535614013672,2.3212982364172903,6.7584310975416235,-90.72732789778145,-19.414766,-0.78538173,15.364667,17.447983,-2.9649515,2.7421129,-23.499136,-11.269252,-20.782959,27.661268,-11.42375,-0.42613485,2.6428325,1.186031,29.793802,2.0444732,12.646615,-19.623875,50.876972,3.2650583,-2.833907,5.1606216,-11.351244,-15.627248,25.714647,17.469236,-3.5718298,-10.048479,-44.36819
235,0.8520857691764832,12.562963485717773,77.79228210449219,2.223497253058397,6.381462806793536,-90.78609447421768,-18.492708,-0.7255775,15.306344,16.833433,-2.8825808,2.630572,-22.529816,-10.9937,-20.887062,26.941942,-11.305395,-0.37921607,2.59089,1.0659442,29.793802,1.8697349,12.646803,-19.330238,50.773975,3.3699408,-2.8697624,5.2495413,-10.748157,-15.436562,25.730286,16.248837,-3.909149,-9.8717985,-44.304066
236,0.8118000626564026,12.354337692260742,77.89344024658203,2.126628838260918,6.02045397013633,-90.83422528394603,-17.601072,-0.6690106,15.243228,16.231466,-2.7994034,2.523495,-21.585474,-10.725125,-20.994423,26.229973,-11.184803,-0.33231404,2.5334976,0.9499206,29.793802,1.6856655,12.642111,-19.038647,50.656746,3.4798908,-2.8993566,5.336402,-10.18135,-15.262613,25.746248,15.039758,-4.2595496,-9.68511,-44.232773
237,0.7694444060325623,12.15929126739502,77.98820495605469,2.0278191582811718,5.676932374719476,-90.86590459162565,-16.751717,-0.6111111,15.167867,15.646438,-2.7088304,2.4197204,-20.67207,-10.458867,-21.114107,25.521326,-11.0545,-0.2922221,2.4650044,0.8409458,29.793802,1.4952315,12.631873,-18.744026,50.51495,3.5984256,-2.9190242,5.421443,-9.6541195,-15.104804,25.762491,13.840619,-4.630995,-9.479437,-44.14892
238,0.7313320636749268,11.956931114196777,78.07784271240234,1.9278404955867439,5.351397226683209,-90.88599396720103,-15.932643,-0.55473745,15.085577,15.08567,-2.6312175,2.319797,-19.777525,-10.19998,-21.238613,24.823725,-10.931952,-0.24682443,2.3879967,0.73750526,29.793802,1.2965093,12.615565,-18.444794,50.355106,3.7230399,-2.9319391,5.5044184,-9.164452,-14.962688,25.778133,12.644343,-5.020492,-9.260803,-44.051037
239,0.6978657841682434,11.752074241638184,78.1625747680664,1.8322024418736023,5.040258833150898,-90.90425677027108,-15.1357155,-0.5035296,15.007736,14.5379305,-2.5600605,2.2244158,-18.906498,-9.950516,-21.355618,24.139648,-10.813416,-0.19737367,2.3106823,0.6336082,29.793802,1.0849808,12.59299,-18.147614,50.196007,3.8513381,-2.9438515,5.584212,-8.712347,-14.835061,25.796543,11.467882,-5.409704,-9.046056,-43.953926
240,0.661823034286499,11.55789852142334,78.23995971679688,1.7461379501402527,4.739537682590123,-90.93052841251854,-14.365632,-0.45379493,14.944424,14.007684,-2.4899197,2.1301422,-18.079115,-9.710064,-21.45397,23.49246,-10.701995,-0.15418705,2.2412853,0.52304816,29.793802,0.8553058,12.564423,-17.86303,50.057663,3.9784145,-2.9607887,5.6615696,-8.297334,-14.720094,25.822098,10.328445,-5.7806525,-8.852294,-43.874542
241,0.6258025765419006,11.362866401672363,78.31250762939453,1.6718544609078114,4.449328207375313,-90.96647108203891,-13.607336,-0.41162655,14.897713,13.480285,-2.4219348,2.0369596,-17.28372,-9.482346,-21.53134,22.877317,-10.603057,-0.11089372,2.1820707,0.40139598,29.793802,0.60334915,12.530548,-17.596786,49.947674,4.0886955,-2.9876575,5.740678,-7.9215455,-14.616403,25.853283,9.229667,-6.12524,-8.682302,-43.81176
242,0.5837976932525635,11.190427780151367,78.37749481201172,1.6065247717879196,4.171115744752669,-91.00739713365913,-12.884749,-0.3697655,14.86165,12.966135,-2.3432443,1.9443939,-16.542812,-9.262761,-21.595318,22.30076,-10.504515,-0.08053008,2.1292264,0.27245498,29.793802,0.33123153,12.491894,-17.347897,49.856144,4.1858153,-3.0201068,5.823115,-7.5854907,-14.523061,25.887114,8.165915,-6.4551125,-8.528066,-43.759476
243,0.5513502359390259,10.976869583129883,78.43468475341797,1.5452984867041264,4.006401409391213,-91.05103506998567,-12.289783,-0.33011296,14.835672,12.519525,-2.3187258,1.8564801,-15.926489,-9.063336,-21.64272,21.780882,-10.446729,-0.034602057,2.0876627,0.1434157,29.15521,0.2548653,12.436826,-17.17993,49.910976,4.2919765,-3.0148854,5.8285146,-7.0807896,-14.424814,25.972717,7.372901,-6.686759,-8.393262,-43.65854
244,0.5215844511985779,10.749932289123535,78.48907470703125,1.486103639081823,3.8899143164408057,-91.0996843382032,-11.737354,-0.29349732,14.81799,12.072185,-2.2997544,1.7704438,-15.35928,-8.866473,-21.679703,21.265736,-10.392866,0.015030829,2.0506456,0.018073523,28.26166,0.27552402,12.3662195,-17.078629,50.008293,4.4200635,-2.9814844,5.8253846,-6.5115666,-14.319281,26.094477,6.7134023,-6.9049582,-8.276877,-43.572033
245,0.48899683356285095,10.529969215393066,78.54138946533203,1.4282297309458163,3.7779499328327586,-91.1564301006164,-11.185883,-0.25584307,14.809291,11.607714,-2.266777,1.6837991,-14.803878,-8.663808,-21.706575,20.744066,-10.328613,0.05892145,2.0159745,-0.10621831,27.385809,0.2898206,12.286232,-17.005394,50.10021,4.597732,-2.9296284,5.8417053,-5.9839444,-14.211396,26.227547,6.1053634,-7.145741,-8.187375,-43.531654
246,0.45922520756721497,10.30957317352295,78.59261322021484,1.3735655599178838,3.671756339748286,-91.2205216467409,-10.626992,-0.22490235,14.810516,11.115313,-2.2199268,1.5995004,-14.2555275,-8.462708,-21.721869,20.21594,-10.257554,0.10436444,1.9838151,-0.23340766,26.527874,0.29018253,12.199591,-16.947176,50.195473,4.813584,-2.86693,5.867997,-5.5044713,-14.103281,26.365808,5.5496755,-7.3997617,-8.122959,-43.52571
247,0.4407535791397095,10.090375900268555,78.64039611816406,1.324337358197153,3.572518294889149,-91.28827851661958,-10.062941,-0.21062756,14.821139,10.59224,-2.1572785,1.5244206,-13.728883,-8.27953,-21.724417,19.709148,-10.1899805,0.15833588,1.9537183,-0.362199,25.685137,0.2746964,12.107508,-16.900082,50.30607,5.032139,-2.806504,5.8923297,-5.0687604,-13.995781,26.506067,5.0472517,-7.66847,-8.071226,-43.538002
248,0.41141921281814575,9.870304107666016,78.68783569335938,1.2831493750562806,3.481615881573347,-91.35610254981047,-9.47901,-0.20649941,14.833425,10.00475,-2.0593932,1.4435921,-13.21069,-8.096071,-21.724686,19.199749,-10.1233015,0.20454724,1.9252996,-0.491347,24.85404,0.24135943,12.010347,-16.863852,50.445892,5.2157583,-2.7613378,5.9058666,-4.6717243,-13.889241,26.644114,4.599982,-7.95592,-8.019625,-43.551792
249,0.38124215602874756,9.658679008483887,78.73261260986328,1.2545987236939586,3.4005569093558643,-91.42438276744319,-8.878827,-0.22575201,14.851446,9.342241,-1.9152774,1.3667351,-12.724753,-7.9310555,-21.716091,18.717377,-10.061441,0.24858104,1.9005036,-0.6249928,24.03274,0.18852298,11.908241,-16.83818,50.617657,5.3441668,-2.7418315,5.89949,-4.315069,-13.7837305,26.774937,4.2069035,-8.27494,-7.9609623,-43.560486
250,0.3601474165916443,9.452651023864746,78.77479553222656,1.2359153493357824,3.328271727745253,-91.49464643119857,-8.253924,-0.27332923,14.877166,8.59383,-1.7232282,1.2996207,-12.269312,-7.7896595,-21.69577,18.264488,-10.004365,0.2987696,1.8791057,-0.7627846,23.223484,0.11730704,11.801644,-16.822748,50.814087,5.4413047,-2.738662,5.879943,-3.9999583,-13.679705,26.89821,3.8673537,-8.620382,-7.903619,-43.571007
251,0.33446377515792847,9.241235733032227,78.8164291381836,1.2187382025946707,3.2621312008352015,-91.56486153478227,-7.5968304,-0.33026856,14.903429,7.7662244,-1.4911035,1.2290175,-11.811565,-7.644754,-21.675592,17.800215,-9.945811,0.34682864,1.8573136,-0.8949573,22.429571,0.029129224,11.690696,-16.819569,51.033314,5.5338435,-2.7350907,5.862073,-3.71925,-13.57712,27.020624,3.5815303,-8.964614,-7.8585773,-43.590393
252,0.31149187684059143,9.030312538146973,78.85816192626953,1.1939999829706152,3.199297890618742,-91.63296096821698,-6.9495773,-0.3799621,14.9278145,6.9488807,-1.2626759,1.1578557,-11.34033,-7.4878063,-21.660778,17.297213,-9.865802,0.3950673,1.831809,-1.0117669,21.653599,-0.07380179,11.575384,-16.831118,51.27359,5.6480107,-2.7144904,5.8614287,-3.4657907,-13.475867,27.150663,3.3505633,-9.280603,-7.8362746,-43.62769
253,0.2867904007434845,8.817346572875977,78.89891815185547,1.160848095461472,3.140063267798203,-91.69917227698214,-6.6560826,-0.32151198,14.950597,6.900704,-1.438577,1.0783755,-10.855458,-7.3147798,-21.652,16.759466,-9.769922,0.4405795,1.8043993,-1.1108918,20.894857,-0.19043723,11.455605,-16.858656,51.530983,5.8012905,-2.6675818,5.887435,-3.243602,-13.376422,27.29246,3.184312,-9.5587,-7.846007,-43.69048
254,0.26571688055992126,8.610577583312988,78.93801879882812,1.123489342828133,3.0855794351859953,-91.76436277930954,-6.371117,-0.26121977,14.973814,6.8481793,-1.6067297,1.0008941,-10.372773,-7.1370287,-21.644318,16.201773,-9.656909,0.48540908,1.7761467,-1.1973577,20.152067,-0.32118437,11.331424,-16.90123,51.807068,5.975143,-2.6048694,5.930472,-3.0545683,-13.279139,27.444613,3.0793788,-9.8133545,-7.879183,-43.776413
255,0.23800009489059448,8.410980224609375,78.97593688964844,1.0812490747603742,3.0343639298369447,-91.82742194087287,-6.0949116,-0.19117305,14.994466,6.79421,-1.7665985,0.91891897,-9.885529,-6.9434624,-21.641972,15.613125,-9.524509,0.52127904,1.742762,-1.2734457,19.427084,-0.46631962,11.20351,-16.957975,52.109,6.1419625,-2.5393698,5.9782715,-2.888524,-13.184001,27.605162,3.0167713,-10.056584,-7.91965,-43.876595
256,0.21698600053787231,8.213539123535156,79.0123519897461,1.033218419910424,2.984643690759792,-91.88686843381296,-5.822758,-0.12020952,15.013276,6.737908,-1.9226514,0.8414848,-9.389594,-6.7455873,-21.643328,14.997447,-9.374165,0.5607923,1.7001284,-1.3412713,18.721558,-0.6258081,11.07295,-17.028414,52.44295,6.27415,-2.4840212,6.0184846,-2.7337608,-13.090638,27.771893,2.9755883,-10.30058,-7.950746,-43.981934
257,0.1973075270652771,8.009639739990234,79.04779052734375,0.9784063374749783,2.9340134352179033,-91.94418165964645,-5.544785,-0.043545466,15.029817,6.6788445,-2.0806477,0.763584,-8.869867,-6.53515,-21.64841,14.342905,-9.20843,0.6023508,1.6469533,-1.4018031,18.040009,-0.80385584,10.941133,-17.115044,52.81982,6.339758,-2.4480512,6.049159,-2.594367,-12.998618,27.94421,2.9644766,-10.556469,-7.9694924,-44.09276
258,0.17798708379268646,7.81874418258667,79.07994842529297,0.9177000040505594,2.883987378122992,-91.99949676437947,-5.2762938,0.039436273,15.044971,6.616636,-2.2264907,0.68742985,-8.355087,-6.3159704,-21.655518,13.673363,-9.025043,0.6384945,1.5862817,-1.453577,17.380192,-0.9988971,10.808777,-17.218914,53.231808,6.3595457,-2.422587,6.0762753,-2.4724455,-12.907588,28.12245,2.9873023,-10.814951,-7.9834943,-44.212673
259,0.14774075150489807,7.630798816680908,79.10932159423828,0.8527579084570973,2.839034886783731,-92.0496857297616,-5.015872,0.13370247,15.054522,6.5519147,-2.3649073,0.60407794,-7.8383946,-6.0808897,-21.6704,12.984186,-8.833262,0.6642516,1.5202792,-1.4957213,16.733147,-1.2020053,10.67608,-17.335897,53.657776,6.387557,-2.3929029,6.099989,-2.3568528,-12.817681,28.303741,3.0250084,-11.058751,-7.996227,-44.3352
260,0.12594805657863617,7.439444065093994,79.13642120361328,0.7852396963213992,2.803749431175896,-92.09172103233303,-4.7649307,0.22291644,15.059334,6.483764,-2.5024078,0.5264114,-7.322017,-5.8502,-21.692135,12.279998,-8.6329,0.6976929,1.4513538,-1.5271633,16.089676,-1.40258,10.542623,-17.459606,54.075207,6.4801,-2.3445663,6.11926,-2.2358046,-12.729532,28.483738,3.0600233,-11.271047,-8.012926,-44.452637
261,0.10471470654010773,7.252571105957031,79.15966796875,0.7135998427617972,2.779993474758614,-92.12159002304661,-4.530217,0.31359863,15.054537,6.4099765,-2.6301546,0.4503716,-6.8190284,-5.6187634,-21.7269,11.574361,-8.428616,0.7300625,1.3792036,-1.5448784,15.445869,-1.5983045,10.407565,-17.585104,54.48298,6.6656075,-2.2719445,6.1343613,-2.1043272,-12.643532,28.662188,3.0877388,-11.441056,-8.038787,-44.56616
262,0.08099000155925751,7.0603461265563965,79.17750549316406,0.6231781131881128,2.765109994710428,-92.1418042982973,-4.314031,0.42902896,15.040124,6.358552,-2.7693062,0.3699061,-6.305423,-5.361122,-21.778433,10.838165,-8.2148905,0.7594147,1.3029449,-1.5360526,14.807066,-1.793233,10.270354,-17.712614,54.891006,6.9136667,-2.18369,6.144432,-1.9685034,-12.559973,28.840097,3.1192615,-11.580406,-8.071216,-44.677757
263,0.0643889456987381,6.879131317138672,79.18963623046875,0.5201193661785956,2.756900309083264,-92.15909189886862,-4.135915,0.5613729,15.028762,6.3548107,-2.9247787,0.29436252,-5.8077765,-5.0948753,-21.833763,10.099688,-7.9890695,0.78820664,1.2237732,-1.5073032,14.1789055,-1.9892412,10.131007,-17.846077,55.294445,7.1886797,-2.0867698,6.145626,-1.8316165,-12.478882,29.0173,3.153525,-11.702912,-8.101851,-44.78264
264,0.04884719476103783,6.687541484832764,79.19979858398438,0.42540359383377163,2.7533797579233146,-92.18099782868012,-3.955782,0.6841636,15.026214,6.352096,-3.0884082,0.21921076,-5.313589,-4.8394175,-21.877823,9.371452,-7.774029,0.8219924,1.1440573,-1.4799691,13.565855,-2.1858213,9.990166,-17.990969,55.684105,7.4543056,-1.9873809,6.1339426,-1.6949735,-12.400216,29.192247,3.1836088,-11.821941,-8.120094,-44.87296
265,0.03507407382130623,6.513326644897461,79.20686340332031,0.3368694079114525,2.7594698199162404,-92.21046348922437,-3.796747,0.8007303,15.036802,6.3459015,-3.2377532,0.14837173,-4.8625345,-4.5958457,-21.908209,8.675933,-7.5587225,0.85088485,1.065357,-1.4503378,12.962105,-2.384422,9.848347,-18.154549,56.061493,7.6956105,-1.8799977,6.1043825,-1.5595473,-12.323572,29.366226,3.2150116,-11.935045,-8.124565,-44.942265
266,0.02500017359852791,6.337386131286621,79.21244812011719,0.25422907822299606,2.7745261817885356,-92.24353683232542,-3.644809,0.90863615,15.055904,6.3356833,-3.3858523,0.08085944,-4.420682,-4.3607183,-21.93054,7.9767427,-7.338779,0.8833178,0.9873308,-1.4184188,12.367218,-2.585725,9.706014,-18.33741,56.429756,7.9290824,-1.7634832,6.0619726,-1.4240284,-12.2489195,29.538776,3.2475553,-12.03715,-8.119717,-44.995106
267,0.009578215889632702,6.166916847229004,79.21658325195312,0.18133023000801357,2.787996512880797,-92.27690552205549,-3.4946597,1.0091981,15.07728,6.324041,-3.5287497,0.012702456,-3.989466,-4.1349096,-21.94702,7.294166,-7.1246586,0.91141194,0.90924233,-1.3905149,11.7944765,-2.787628,9.563753,-18.532156,56.782795,8.168351,-1.6505042,6.017241,-1.2853446,-12.17642,29.705872,3.267592,-12.136932,-8.105696,-45.043022
268,-0.006899032276123762,5.9982171058654785,79.21826171875,0.11933832032568659,2.789163834874946,-92.30697416260276,-3.3327134,1.0964072,15.09582,6.312252,-3.6716905,-0.05314277,-3.5903187,-3.9398835,-21.95664,6.7135453,-6.964446,0.9415894,0.8294892,-1.3706717,11.257242,-2.9880755,9.422286,-18.727978,57.11462,8.429064,-1.5538809,5.9790106,-1.1403949,-12.106433,29.862602,3.260711,-12.243777,-8.083053,-45.0958
269,-0.02034614235162735,5.840895652770996,79.21852111816406,0.06598336125062827,2.775584870958297,-92.33388340614779,-3.1647346,1.1704206,15.112151,6.301632,-3.8087993,-0.11355897,-3.3855927,-3.8419104,-21.948309,6.5934286,-7.0387254,0.9762071,0.74765843,-1.3581643,10.75856,-3.1850867,9.282023,-18.918589,57.423588,8.748532,-1.4807179,5.9485736,-0.98664945,-12.039204,30.008814,3.2198284,-12.355706,-8.043734,-45.155018
270,-0.022130535915493965,5.680684566497803,79.21705627441406,0.019953981468359548,2.7527408729451537,-92.35901600729048,-2.984596,1.22598,15.129525,6.2905526,-3.95135,-0.16519617,-3.137464,-3.7492268,-21.936884,6.402156,-7.0744076,1.0223826,0.6637166,-1.3500965,10.29146,-3.378688,9.143086,-19.104887,57.71157,9.1120615,-1.4234239,5.9186163,-0.82538646,-11.974686,30.146818,3.1515174,-12.46897,-7.990157,-45.21442
271,-0.034676551818847656,5.538836479187012,79.21260833740234,-0.015187698352229209,2.72277550425009,-92.38221416213217,-2.811587,1.2758176,15.145254,6.278483,-4.0777164,-0.21896203,-2.9731686,-3.6947615,-21.929235,6.3884745,-7.1934543,1.0582488,0.5776546,-1.3499527,9.85774,-3.575879,9.005288,-19.287344,57.9797,9.455936,-1.3720163,5.88666,-0.66813993,-11.9128685,30.271976,3.074619,-12.588266,-7.9414315,-45.27268
272,-0.042166534811258316,5.404696941375732,79.20682525634766,-0.04675167097473251,2.6863981980170264,-92.40063635785003,-2.6391816,1.3162856,15.155653,6.2687955,-4.200774,-0.26579067,-2.8096213,-3.6497583,-21.921892,6.37949,-7.308214,1.096214,0.48802894,-1.3483808,9.453642,-3.773313,8.868648,-19.466507,58.225323,9.718889,-1.3175304,5.8478584,-0.5122834,-11.853408,30.381666,2.989089,-12.721716,-7.9131827,-45.326344
273,-0.054763104766607285,5.277648448944092,79.20072174072266,-0.07252097823757839,2.6420834862294913,-92.41579843893014,-2.467941,1.3532386,15.16022,6.2635956,-4.3188624,-0.3129171,-2.644755,-3.6074634,-21.913017,6.3745885,-7.421957,1.1285731,0.40137523,-1.3464023,9.081496,-3.9681857,8.732823,-19.639233,58.43598,9.875055,-1.254567,5.7978826,-0.3543764,-11.7963085,30.470959,2.8891745,-12.870309,-7.9206386,-45.37731
274,-0.06203712522983551,5.161638259887695,79.194580078125,-0.09565763681735948,2.5898101702935423,-92.42791835192733,-2.3004217,1.3831528,15.160665,6.264341,-4.432801,-0.35338947,-2.4833548,-3.5737271,-21.902601,6.377878,-7.5310645,1.1619756,0.31599084,-1.3422128,8.741148,-4.1609654,8.597591,-19.805225,58.616337,9.962246,-1.1892333,5.739374,-0.19328207,-11.741494,30.540598,2.772986,-13.031481,-7.951907,-45.424133
275,-0.06319413334131241,5.047931671142578,79.18866729736328,-0.11376009963784783,2.5328832387376714,-92.43315844197151,-2.1320539,1.4009496,15.155198,6.266441,-4.545525,-0.38648784,-2.3198147,-3.5530481,-21.895443,6.384467,-7.637968,1.2009413,0.21912055,-1.3394666,8.427215,-4.3572116,8.463563,-19.971554,58.790337,10.01104,-1.1287359,5.679172,-0.035446215,-11.68797,30.597904,2.6533153,-13.205043,-7.9820676,-45.461403
276,-0.06817758828401566,4.942561149597168,79.18336486816406,-0.1266092317958731,2.4748723488561137,-92.42792560785333,-1.9731455,1.4134834,15.140256,6.2695775,-4.647677,-0.41723564,-2.1597204,-3.5372949,-21.89836,6.391033,-7.740594,1.2359868,0.097792104,-1.3407886,8.134045,-4.563195,8.332394,-20.148588,58.982742,10.048751,-1.0800722,5.62593,0.11056343,-11.634494,30.651094,2.5450091,-13.392189,-7.985681,-45.48459
277,-0.07177366316318512,4.845016002655029,79.1784439086914,-0.13221498080459904,2.4158543880404646,-92.4111470448972,-1.8224337,1.4140314,15.11551,6.2727575,-4.7403574,-0.44104668,-2.0005853,-3.532458,-21.91116,6.392508,-7.834609,1.2717785,-0.05301512,-1.3483918,7.862416,-4.7803593,8.205927,-20.339941,59.198086,10.053641,-1.0488174,5.586266,0.23884271,-11.579664,30.703707,2.4494338,-13.603953,-7.957046,-45.497597
278,-0.07350023090839386,4.7526679039001465,79.17379760742188,-0.13195280592968855,2.354338252931305,-92.3848651442747,-1.6791676,1.4051517,15.081996,6.2821684,-4.8292575,-0.4590022,-1.8427672,-3.538381,-21.931284,6.3975477,-7.926627,1.3091836,-0.22596876,-1.3610944,7.6144004,-5.0059023,8.085452,-20.544443,59.42335,10.01609,-1.0294437,5.555691,0.35272762,-11.522719,30.753208,2.3624477,-13.836613,-7.9087057,-45.50354
279,-0.0740501806139946,4.670358657836914,79.16976165771484,-0.12823342036786525,2.2910550145162514,-92.34956985198166,-1.5428096,1.3898128,15.041122,6.289673,-4.907962,-0.4723347,-1.6884192,-3.5504782,-21.959976,6.3997483,-8.009785,1.3455843,-0.41494206,-1.3761256,7.3862934,-5.238436,7.971675,-20.76704,59.65577,9.979547,-1.0125693,5.5253286,0.4605546,-11.4630375,30.799189,2.2876587,-14.067033,-7.842864,-45.497223
280,-0.07504435628652573,4.594493865966797,79.16574096679688,-0.12393837378271509,2.226872422383946,-92.30593320402066,-1.4109839,1.3728808,14.993974,6.29536,-4.9799757,-0.48426294,-1.5351994,-3.5640771,-21.998442,6.399553,-8.088291,1.3804908,-0.6139011,-1.3905342,7.1741495,-5.47747,7.865112,-21.01596,59.89413,9.9849615,-0.98836815,5.488002,0.57091355,-11.400627,30.840523,2.229524,-14.27372,-7.7613835,-45.47274
281,-0.06925621628761292,4.5301103591918945,79.162109375,-0.11856752298389928,2.1622024961574313,-92.24830976782005,-1.2893044,1.34797,14.93661,6.2977486,-5.0402455,-0.48840845,-1.3862646,-3.5867677,-22.051691,6.394634,-8.154611,1.4185084,-0.8240616,-1.4071074,6.978107,-5.723909,7.766336,-21.296164,60.143494,10.033307,-0.9567421,5.447927,0.68589413,-11.334975,30.87429,2.1906412,-14.467793,-7.6564283,-45.434513
282,-0.0705319494009018,4.459660530090332,79.15858459472656,-0.11108960323670934,2.0965204378550446,-92.17829155560969,-1.1650391,1.3231865,14.867947,6.3000035,-5.1009927,-0.49654448,-1.2265986,-3.6081412,-22.119164,6.3870897,-8.228435,1.4548064,-1.0468842,-1.4267788,6.7995214,-5.9772897,7.6758327,-21.608118,60.40224,10.101597,-0.92168534,5.4082613,0.8022677,-11.265607,30.899261,2.1682906,-14.655602,-7.5304394,-45.381805
283,-0.07271657139062881,4.386940002441406,79.15470123291016,-0.10352660921980286,2.029262613065397,-92.1073200380353,-1.0365252,1.2984937,14.799204,6.3000317,-5.162156,-0.50548565,-1.0623418,-3.6288302,-22.1884,6.37844,-8.304144,1.491469,-1.2764931,-1.4425071,6.636425,-6.235317,7.593682,-21.9534,60.6593,10.194789,-0.87969995,5.3599195,0.92052025,-11.193116,30.919172,2.155665,-14.80709,-7.400265,-45.303375
284,-0.06878896057605743,4.315185546875,79.15092468261719,-0.09767043236306858,1.9598521832658815,-92.04677412516453,-0.90457666,1.2737994,14.741904,6.299086,-5.2245607,-0.51150143,-0.8993102,-3.6506338,-22.24684,6.3692055,-8.375053,1.5314598,-1.506966,-1.4473728,6.4867167,-6.494418,7.519463,-22.333605,60.902336,10.318232,-0.8272376,5.294089,1.0421416,-11.119054,30.939829,2.1452372,-14.891333,-7.282122,-45.19014
285,-0.06876006722450256,4.250453948974609,79.14705657958984,-0.09440381421918037,1.8879027587769117,-91.99760185078678,-0.77075636,1.2570407,14.696089,6.295233,-5.282712,-0.5209579,-0.74200726,-3.6637106,-22.294992,6.360672,-8.441437,1.5645683,-1.7416978,-1.437615,6.3510437,-6.7542357,7.4527154,-22.749119,61.13081,10.481662,-0.75984395,5.2031097,1.1709282,-11.044957,30.962734,2.1319578,-14.898497,-7.1797624,-45.036987
286,-0.06154504790902138,4.187483787536621,79.1429214477539,-0.09249826593651914,1.813825261256524,-91.95451808620399,-0.63379765,1.237938,14.658231,6.288157,-5.339994,-0.52603793,-0.5865175,-3.6805923,-22.336706,6.354461,-8.504541,1.6020877,-1.9823936,-1.4171573,6.23019,-7.015837,7.393101,-23.200024,61.350006,10.67868,-0.68076885,5.093684,1.3056835,-10.971768,30.987078,2.1186216,-14.844659,-7.083597,-44.85233
287,-0.05365661904215813,4.128189563751221,79.1390609741211,-0.09149623656073269,1.7381454492935633,-91.91900138685587,-0.49626866,1.2209318,14.627922,6.2799964,-5.395171,-0.5310892,-0.43272892,-3.694855,-22.371159,6.3452344,-8.562257,1.6381114,-2.2206779,-1.3906596,6.122145,-7.278052,7.3404884,-23.68678,61.556057,10.890777,-0.5982447,4.978728,1.4410468,-10.901016,31.01459,2.1110291,-14.739723,-6.9890556,-44.64674
288,-0.04284149408340454,4.0690226554870605,79.13475036621094,-0.09109377167298013,1.6613548614099507,-91.892804477471,-0.35549203,1.2039766,14.606133,6.2719555,-5.452802,-0.53518486,-0.28139183,-3.709645,-22.396114,6.337466,-8.617758,1.6755219,-2.4482603,-1.3623801,6.025078,-7.539138,7.2948585,-24.209618,61.74434,11.099514,-0.5203226,4.870973,1.5709025,-10.834556,31.0488,2.1148615,-14.592322,-6.8913665,-44.432625
289,-0.03443702310323715,4.009490966796875,79.13024139404297,-0.09172353459076128,1.5835337533476743,-91.87818766414276,-0.2107634,1.191713,14.594408,6.2637844,-5.512408,-0.542623,-0.13208003,-3.71941,-22.41013,6.332757,-8.67514,1.7100708,-2.6662164,-1.3316292,5.9410048,-7.7991652,7.2561145,-24.776096,61.912144,11.299966,-0.44518006,4.7746572,1.6934152,-10.774113,31.093952,2.120361,-14.381511,-6.786504,-44.211723
290,-0.026623155921697617,3.9523630142211914,79.1258773803711,-0.09322843980143114,1.5045162248795185,-91.87379356254905,-0.06434247,1.1826202,14.592009,6.25558,-5.572119,-0.55147886,0.0127909025,-3.7262702,-22.414194,6.3301873,-8.730368,1.7423201,-2.87798,-1.296436,5.8703,-8.059369,7.224208,-25.387577,62.06193,11.498154,-0.36965445,4.683812,1.8120258,-10.72112,31.149817,2.1269474,-14.109186,-6.67616,-43.98106
291,-0.01929459162056446,3.897782325744629,79.12110137939453,-0.09518569806068668,1.4241447770270652,-91.87514150864371,0.082402274,1.1753967,14.594421,6.2471294,-5.630331,-0.56077546,0.155981,-3.7309237,-22.412706,6.326269,-8.782177,1.772742,-3.0787413,-1.2587996,5.8090796,-8.318804,7.1990905,-26.029373,62.196552,11.697337,-0.30018106,4.593982,1.9284005,-10.676801,31.212784,2.1527853,-13.817453,-6.5647125,-43.74417
292,-0.010272989980876446,3.8427155017852783,79.11587524414062,-0.0966484949452638,1.3423082211389388,-91.87753324134026,0.23062459,1.1665862,14.597102,6.240926,-5.691084,-0.568508,0.3023193,-3.736804,-22.409874,6.3220716,-8.834976,1.8046852,-3.2647495,-1.2209727,5.753922,-8.5756035,7.1803694,-26.678827,62.317493,11.907601,-0.24413472,4.4977856,2.0429573,-10.641882,31.279245,2.217177,-13.547562,-6.4575143,-43.503883
293,0.001380469650030136,3.7861015796661377,79.11128234863281,-0.09808876805071018,1.2540703720556485,-91.8808880452909,0.3850651,1.1562699,14.599549,6.2372494,-5.7545195,-0.5741997,0.45397314,-3.7461207,-22.40575,6.321231,-8.888834,1.8395257,-3.4401207,-1.1812088,5.710864,-8.833051,7.16818,-27.334122,62.426258,12.135681,-0.21287546,4.3783407,2.1516247,-10.617235,31.353992,2.3214002,-13.295287,-6.351931,-43.253586
294,0.010314219631254673,3.7355427742004395,79.10637664794922,-0.09895728378038413,1.161121533213348,-91.887288647217,0.5405758,1.1479667,14.603608,6.23607,-5.8163104,-0.580775,0.6075244,-3.752072,-22.398937,6.317569,-8.93885,1.8701396,-3.6064937,-1.1399609,5.6799207,-9.089709,7.16223,-27.997507,62.519962,12.381965,-0.20042662,4.241939,2.2542856,-10.603807,31.43845,2.4563243,-13.043355,-6.245825,-42.99485
295,0.017234304919838905,3.681391477584839,79.1014175415039,-0.10011428192552395,1.0733124178910711,-91.89555679580734,0.6929972,1.1416401,14.608585,6.235239,-5.8800664,-0.5891797,0.75566214,-3.7565296,-22.3903,6.3176193,-8.992765,1.899788,-3.7572505,-1.0997776,5.648854,-9.33867,7.1608615,-28.645826,62.59553,12.650703,-0.18809715,4.1142077,2.3575397,-10.601473,31.523682,2.6248603,-12.812171,-6.1468,-42.740986
296,0.013428967446088791,3.628547430038452,79.09671783447266,-0.10110143197348037,1.0004526869036896,-91.90462047564552,0.826463,1.1435038,14.612923,6.236144,-5.939687,-0.6045894,0.8869229,-3.7508874,-22.381432,6.3145776,-9.045764,1.9192568,-3.886968,-1.0641459,5.605388,-9.571531,7.161184,-29.242802,62.650932,12.957906,-0.15813136,4.017027,2.4676874,-10.609373,31.596699,2.8310907,-12.624482,-6.063978,-42.49973
297,0.018584247678518295,3.571573257446289,79.09209442138672,-0.10242293905619036,0.9472045187458016,-91.91462919196722,0.9401764,1.1396037,14.618978,6.236916,-6.000844,-0.61387885,0.9975939,-3.7524118,-22.369307,6.3127484,-9.0961075,1.9455453,-3.9955597,-1.0332252,5.544145,-9.787688,7.1603026,-29.76195,62.686058,13.388441,-0.100076616,3.950898,2.587065,-10.626711,31.651384,3.0722945,-12.478791,-6.005165,-42.262497
298,0.020246079191565514,3.51945424079895,79.0876235961914,-0.10417927984433921,0.9076335024669026,-91.92603632104111,1.0339406,1.1392934,14.625587,6.238956,-6.0565696,-0.6244881,1.0864776,-3.7504494,-22.355314,6.314081,-9.143309,1.9660876,-4.0877485,-1.0047604,5.472911,-9.990159,7.156065,-30.202602,62.70463,13.929604,-0.027648462,3.8989344,2.7103572,-10.6528635,31.692083,3.3490689,-12.366099,-5.9655743,-42.0231
299,0.018005050718784332,3.4737632274627686,79.08318328857422,-0.10499961052373234,0.8756389301679108,-91.93814347444354,1.114288,1.1414187,14.632908,6.24154,-6.1062593,-0.63656306,1.161315,-3.7458744,-22.34117,6.315829,-9.186302,1.9809084,-4.164916,-0.97851974,5.3982596,-10.177027,7.1468234,-30.56994,62.712463,14.448467,0.042084504,3.8587477,2.8342447,-10.686992,31.72105,3.6696982,-12.300446,-5.934946,-41.793407
300,0.014095376245677471,3.425259590148926,79.07920837402344,-0.1048133476677155,0.8451298800407527,-91.95034588624657,1.1963271,1.1435819,14.641162,6.241642,-6.155855,-0.65022844,1.2369297,-3.7413704,-22.32826,6.3169084,-9.2310505,1.9956213,-4.227772,-0.95439476,5.3265862,-10.346136,7.1314,-30.87247,62.714077,14.810196,0.09261928,3.8291972,2.9550173,-10.727902,31.73983,4.042684,-12.29446,-5.903633,-41.5852
301,0.011000111699104309,3.373203754425049,79.07510375976562,-0.10354814844423751,0.817854683931594,-91.96280994401471,1.2766898,1.1445005,14.651383,6.239421,-6.2039866,-0.6637587,1.3136876,-3.738502,-22.3168,6.3133054,-9.27493,2.012368,-4.272445,-0.93419415,5.2563305,-10.497092,7.108828,-31.10998,62.712486,14.954724,0.121569246,3.818563,3.0719645,-10.774785,31.745914,4.475436,-12.37678,-5.864334,-41.40005
302,0.006356907542794943,3.3254034519195557,79.07166290283203,-0.10042603336535966,0.7959397982556388,-91.97584185715156,1.3498303,1.1447123,14.663336,6.2346935,-6.247141,-0.6773296,1.3809851,-3.7362947,-22.305784,6.3090787,-9.314843,2.0264556,-4.2992935,-0.91717356,5.184784,-10.63205,7.0783343,-31.280659,62.707478,14.961443,0.13788053,3.826342,3.1868584,-10.826971,31.738539,4.9631658,-12.532612,-5.8246303,-41.232296
303,0.002294278936460614,3.2801966667175293,79.06733703613281,-0.09712528660877665,0.773910803781439,-91.9886226807201,1.4205269,1.1446465,14.675445,6.2310905,-6.2889013,-0.6902945,1.4469086,-3.7346494,-22.295427,6.304041,-9.352397,2.040259,-4.316102,-0.9005343,5.116762,-10.753446,7.039846,-31.394812,62.699745,14.899157,0.1433823,3.8399446,3.2995384,-10.883773,31.721542,5.4959064,-12.712627,-5.7963843,-41.082005
304,-0.004041817970573902,3.2396106719970703,79.06359100341797,-0.09520549872490805,0.746271945680753,-92.0007949243279,1.4950176,1.1472445,14.68585,6.2265205,-6.327884,-0.7049019,1.5159899,-3.7292805,-22.28586,6.2976513,-9.387169,2.0508542,-4.329863,-0.8819607,5.057032,-10.863908,6.9940834,-31.468357,62.689632,14.832515,0.14011467,3.848697,3.410854,-10.944647,31.699606,6.063555,-12.867872,-5.7908216,-40.950974
305,-0.00950157456099987,3.194699764251709,79.05972290039062,-0.09547418091637312,0.711863754619352,-92.0109372718627,1.5801327,1.1509407,14.692972,6.221738,-6.371086,-0.72086227,1.5979867,-3.7221208,-22.278025,6.289301,-9.425375,2.063946,-4.340757,-0.8629833,5.00409,-10.961102,6.9419985,-31.50441,62.677944,14.739172,0.12569483,3.854451,3.5240142,-11.009211,31.67124,6.669577,-12.98459,-5.8226047,-40.84142
306,-0.011807159520685673,3.1466145515441895,79.05490112304688,-0.09612081160529411,0.6734423962920941,-92.01984629472045,1.672645,1.1523551,14.698666,6.215689,-6.4172273,-0.7358527,1.6898546,-3.71649,-22.271059,6.2758102,-9.463003,2.0809772,-4.3449106,-0.84462255,4.9559784,-11.044956,6.88423,-31.501793,62.664085,14.59216,0.10085643,3.863142,3.6385162,-11.077209,31.63466,7.3170557,-13.089812,-5.881534,-40.752243
307,-0.017685120925307274,3.0974950790405273,79.0507583618164,-0.09673152551518796,0.6317097068650223,-92.02956329537943,1.7702626,1.1560509,14.704736,6.209741,-6.464658,-0.75346124,1.7858468,-3.7079973,-22.263693,6.2633615,-9.503523,2.0956872,-4.3428397,-0.8237704,4.9165435,-11.120786,6.821154,-31.473776,62.64567,14.445584,0.07258938,3.8712375,3.7482953,-11.148383,31.595224,7.9966927,-13.194679,-5.940972,-40.68159
308,-0.01795078068971634,3.0478546619415283,79.04623413085938,-0.09656524094840228,0.5872264887656337,-92.04220071014434,1.8702327,1.1553133,14.715131,6.205869,-6.514528,-0.76639295,1.8860365,-3.7042463,-22.25289,6.2475767,-9.540644,2.1149285,-4.334474,-0.79809475,4.888963,-11.194464,6.7530704,-31.440264,62.62096,14.348572,0.04888691,3.877685,3.8463943,-11.222773,31.559431,8.699997,-13.309906,-5.973563,-40.63001
309,-0.01231582835316658,3.001544713973999,79.04206848144531,-0.09299619486524083,0.5344393189501204,-92.0547909405759,1.9767499,1.1464009,14.727804,6.200802,-6.562531,-0.7727014,1.992226,-3.7099106,-22.241297,6.2322545,-9.57387,2.1388261,-4.3191185,-0.7674148,4.879074,-11.267844,6.679841,-31.413397,62.58862,14.302703,0.03352438,3.8884103,3.9330392,-11.30022,31.531157,9.430182,-13.436358,-5.9654465,-40.609592
310,-0.01492716558277607,2.967053174972534,79.03777313232422,-0.08772662059839546,0.4749464961113909,-92.06739600490143,2.0810635,1.1418877,14.740421,6.198972,-6.6035514,-0.7818679,2.094246,-3.7112026,-22.230368,6.22114,-9.6037445,2.1528182,-4.2960234,-0.7333293,4.883148,-11.339685,6.6019106,-31.392952,62.551483,14.274424,0.023165498,3.906094,4.010599,-11.380976,31.507517,10.190885,-13.569072,-5.932292,-40.618645
311,-0.017506560310721397,2.9323434829711914,79.0339584350586,-0.08245451599003453,0.4202024441621678,-92.08654664889839,2.180651,1.1385278,14.759563,6.1965494,-6.643662,-0.7913589,2.1912568,-3.7106,-22.213062,6.2052617,-9.629369,2.1657953,-4.2641354,-0.69398844,4.890737,-11.409528,6.5204353,-31.379185,62.512054,14.262105,0.0141599905,3.9236546,4.0780063,-11.465025,31.487125,10.971303,-13.706851,-5.892586,-40.63803
312,-0.016549717634916306,2.8955001831054688,79.02993774414062,-0.08144481971008878,0.38157792823046016,-92.11906088970578,2.2668235,1.1392311,14.791199,6.1923037,-6.684467,-0.8009197,2.2647102,-3.7073078,-22.182755,6.197952,-9.656152,2.1790402,-4.222653,-0.6475504,4.8916154,-11.477246,6.4373894,-31.37247,62.472813,14.263196,0.0030794295,3.9341722,4.1328616,-11.552416,31.468117,11.762488,-13.849151,-5.864425,-40.648556
313,-0.017287759110331535,2.882730007171631,79.02747344970703,-0.08570079790887804,0.36795045233585405,-92.17263493913038,2.3112302,1.1514482,14.8422785,6.185622,-6.704933,-0.81148803,2.2815082,-3.6930037,-22.132273,6.195853,-9.661235,2.1774511,-4.16411,-0.59289926,4.879288,-11.543893,6.3548665,-31.374725,62.427544,14.2798395,-0.01072462,3.9328423,4.1721067,-11.643058,31.447931,12.564131,-13.968228,-5.851539,-40.640102
314,-0.020986469462513924,2.8517258167266846,79.02490997314453,-0.09100051180410722,0.3713222678980962,-92.24174204298097,2.3515775,1.1693726,14.907537,6.178388,-6.7361083,-0.8287562,2.2885058,-3.6734736,-22.066835,6.1964555,-9.677248,2.1767108,-4.091093,-0.5322969,4.860832,-11.607824,6.274138,-31.386646,62.37392,14.311038,-0.02542677,3.923748,4.197376,-11.736765,31.4269,13.380362,-14.073382,-5.8448863,-40.623466
315,-0.019930219277739525,2.821537971496582,79.02230834960938,-0.09753715686188476,0.3778595991107006,-92.31268339068026,2.388168,1.1855519,14.975097,6.1714563,-6.7677145,-0.8428462,2.2864752,-3.6580143,-21.999119,6.205945,-9.694726,2.1790357,-4.018505,-0.46788096,4.8457913,-11.665846,6.1958866,-31.40653,62.32056,14.349354,-0.04106347,3.9131205,4.2138944,-11.833186,31.41006,14.207623,-14.219121,-5.843558,-40.612465
316,-0.0162261500954628,2.7839231491088867,79.01966094970703,-0.10387085642958482,0.3736860506189957,-92.37177021819964,2.4409945,1.1968166,15.031672,6.1619554,-6.803067,-0.8545297,2.3105297,-3.6454446,-21.943056,6.2039666,-9.713743,2.1884012,-3.9616222,-0.40175176,4.843836,-11.71386,6.1201053,-31.431662,62.275406,14.388073,-0.057895802,3.906546,4.226878,-11.931592,31.40569,15.041232,-14.458376,-5.846378,-40.622635
317,-0.014142746105790138,2.745234489440918,79.0173110961914,-0.10741386060697175,0.35492300257052856,-92.41587260568073,2.5071385,1.2040695,15.074541,6.1560745,-6.841259,-0.86494046,2.3563402,-3.637312,-21.901655,6.203126,-9.739837,2.2006545,-3.9291499,-0.33302364,4.858727,-11.749349,6.0469756,-31.460007,62.239338,14.436589,-0.07920863,3.9090297,4.23307,-12.031607,31.41922,15.887451,-14.841835,-5.8495336,-40.654926
318,-0.017352331429719925,2.728410243988037,79.01424407958984,-0.11010523632404327,0.32891180276688636,-92.45218677753682,2.5662007,1.2133143,15.109997,6.147157,-6.861792,-0.87447464,2.395652,-3.625623,-21.86849,6.198142,-9.750651,2.2029867,-3.9126554,-0.26149487,4.884844,-11.773737,5.9770603,-31.491177,62.207527,14.496223,-0.10386751,3.91582,4.2303076,-12.133221,31.449457,16.746859,-15.328711,-5.8533573,-40.704865
319,-0.018569383770227432,2.70495867729187,79.0113525390625,-0.1142413394859889,0.2992317148771889,-92.48200732802708,2.6333387,1.2211549,15.138956,6.1382337,-6.886931,-0.88321006,2.4477274,-3.614715,-21.841803,6.191338,-9.767047,2.209889,-3.9008827,-0.19003299,4.9171796,-11.788839,5.910502,-31.52402,62.18048,14.549856,-0.1255976,3.918911,4.225042,-12.23611,31.492956,17.60763,-15.834479,-5.863189,-40.7804
320,-0.01711905375123024,2.6635937690734863,79.00849914550781,-0.11868761039733917,0.2694221393713469,-92.50647395070871,2.710186,1.226839,15.162043,6.1318383,-6.9241056,-0.8927263,2.5146027,-3.6077864,-21.819962,6.187917,-9.79859,2.2252734,-3.882561,-0.120245144,4.9508004,-11.796842,5.8470397,-31.557411,62.158756,14.580381,-0.1380582,3.909805,4.2257795,-12.339568,31.545237,18.456224,-16.275366,-5.8845515,-40.88809
321,-0.015981899574398994,2.629305362701416,79.00590515136719,-0.12463429657932147,0.2380508090707565,-92.52221081806867,2.782731,1.2335607,15.175353,6.1242633,-6.953817,-0.9014807,2.5809634,-3.599121,-21.806583,6.1810102,-9.824395,2.2380288,-3.8567903,-0.053255774,4.9865656,-11.796372,5.7864084,-31.591778,62.13981,14.575664,-0.13569811,3.881373,4.23611,-12.443078,31.604465,19.290997,-16.645992,-5.9235067,-41.044365
322,-0.021586867049336433,2.5957605838775635,79.00264739990234,-0.13160019582016974,0.20401194535832415,-92.52966286287199,2.8573365,1.2449201,15.178978,6.1176944,-6.982451,-0.9145676,2.6528006,-3.584314,-21.802025,6.173305,-9.853605,2.2456832,-3.8285377,0.012594675,5.0262136,-11.787365,5.7285295,-31.62779,62.12481,14.5472145,-0.12315875,3.839639,4.252499,-12.546256,31.67104,20.11801,-16.986586,-5.9758615,-41.23897
323,-0.030236516147851944,2.5644636154174805,78.9996566772461,-0.13852613752019616,0.17138861851021173,-92.53643191479911,2.9270146,1.2588083,15.181469,6.112032,-7.0077252,-0.92935497,2.7198033,-3.5676527,-21.798557,6.1676884,-9.882438,2.2500508,-3.795,0.07704436,5.0662518,-11.772985,5.673179,-31.66384,62.119774,14.51521,-0.10922331,3.7959623,4.2707744,-12.648852,31.74203,20.937624,-17.283325,-6.031624,-41.438274
324,-0.038973670452833176,2.5324020385742188,78.99705505371094,-0.14296594921663217,0.1443694333408833,-92.54977117752898,2.9935863,1.2703307,15.191409,6.1033607,-7.032419,-0.9440215,2.7813485,-3.5521955,-21.788948,6.1582193,-9.908217,2.2541833,-3.7531643,0.14083128,5.1034784,-11.757579,5.619881,-31.697752,62.131645,14.499871,-0.10303679,3.76123,4.2873626,-12.750237,31.81476,21.74885,-17.521181,-6.0819526,-41.607876
325,-0.0414586216211319,2.513427257537842,78.99432373046875,-0.1432657344075698,0.12309710170368036,-92.57447368206486,3.0434878,1.2755668,15.214478,6.100143,-7.0528984,-0.9520946,2.8219614,-3.5452027,-21.768055,6.1491857,-9.919237,2.2582047,-3.698992,0.20283592,5.138509,-11.743382,5.5679827,-31.726719,62.165257,14.508471,-0.11010039,3.736926,4.3012133,-12.8498955,31.885954,22.549889,-17.696774,-6.1226435,-41.732624
326,-0.04483645409345627,2.48120379447937,78.9918212890625,-0.14301392370710042,0.10564924892340476,-92.60560095240079,3.0990727,1.2808046,15.243979,6.0957375,-7.0810866,-0.96282077,2.8664212,-3.5385025,-21.741781,6.141998,-9.939509,2.2655182,-3.6349885,0.26309007,5.172607,-11.728507,5.5169277,-31.750195,62.217228,14.532262,-0.12479889,3.717413,4.314353,-12.947386,31.955488,23.3424,-17.819178,-6.16041,-41.830822
327,-0.046867191791534424,2.4527106285095215,78.98946380615234,-0.14188443029278186,0.09304599044934442,-92.6364874729026,3.147032,1.2841494,15.274025,6.0907516,-7.1062036,-0.97168446,2.9014125,-3.5341716,-21.71523,6.1384377,-9.958514,2.2725,-3.5680783,0.32384205,5.203982,-11.711278,5.4664416,-31.771145,62.282272,14.564586,-0.13948952,3.7025917,4.3264627,-13.042137,32.027164,24.131556,-17.890953,-6.201978,-41.919212
328,-0.05322231352329254,2.425173759460449,78.98725128173828,-0.1425438370037158,0.08626257289803295,-92.6602093371533,3.1847298,1.2922395,15.29668,6.0879097,-7.1283445,-0.9831584,2.9299707,-3.524959,-21.694855,6.1347723,-9.977857,2.2755067,-3.5051284,0.38631415,5.230045,-11.689172,5.4166136,-31.793644,62.354557,14.598964,-0.1460822,3.6933153,4.334449,-13.133829,32.10483,24.927011,-17.914253,-6.2550993,-42.01552
329,-0.057196442037820816,2.398388624191284,78.98509216308594,-0.1467728332966121,0.08559252405916251,-92.67521195682906,3.2153566,1.3010364,15.311073,6.08315,-7.1480494,-0.99282676,2.9532619,-3.5141735,-21.681173,6.1307845,-9.996508,2.2796783,-3.4462318,0.45242697,5.25026,-11.659537,5.3672767,-31.821594,62.431633,14.639823,-0.13903333,3.6934514,4.339429,-13.221989,32.192966,25.732758,-17.863384,-6.325196,-42.12171
330,-0.06159578263759613,2.3691298961639404,78.98286437988281,-0.15090292602768227,0.09054191117751466,-92.6849755478483,3.2383504,1.3103092,15.320621,6.0791836,-7.1663995,-1.0027885,2.9712071,-3.5044641,-21.671135,6.131755,-10.019765,2.2843983,-3.3886251,0.5203384,5.2651696,-11.624801,5.318696,-31.854969,62.518185,14.685781,-0.12310324,3.7028537,4.3415904,-13.306718,32.290016,26.545227,-17.746496,-6.406352,-42.230705
331,-0.06895756721496582,2.3440868854522705,78.98104095458984,-0.15704002025198174,0.10085228984290882,-92.6905458128433,3.253635,1.3226336,15.326047,6.0743203,-7.1811767,-1.0140297,2.9813013,-3.48997,-21.665525,6.1297984,-10.038805,2.2849085,-3.333575,0.5868821,5.275833,-11.58785,5.271465,-31.889946,62.614574,14.724104,-0.106590755,3.714818,4.3400226,-13.387782,32.392803,27.35411,-17.61257,-6.487988,-42.34678
332,-0.07220607250928879,2.321704387664795,78.97962188720703,-0.16166315982906934,0.1164657697903334,-92.69294927083013,3.2586532,1.3304229,15.3296,6.069419,-7.19202,-1.0211966,2.9829738,-3.4816353,-21.663153,6.128585,-10.054094,2.2880743,-3.2830606,0.6491655,5.2833333,-11.552401,5.2265816,-31.921068,62.721844,14.742719,-0.09800854,3.7221932,4.3332486,-13.464734,32.496735,28.151508,-17.512405,-6.5606227,-42.47362
333,-0.07938212156295776,2.297705888748169,78.97771453857422,-0.16380382731115994,0.140630935100978,-92.69184155774353,3.254008,1.3376459,15.330417,6.0639496,-7.200806,-1.0300899,2.9764771,-3.4740078,-21.665417,6.1303988,-10.073654,2.2890344,-3.2378516,0.7047182,5.286072,-11.52073,5.185111,-31.943758,62.841957,14.731471,-0.103527136,3.722767,4.3217278,-13.53711,32.60163,28.932568,-17.453884,-6.625926,-42.62143
334,-0.08501722663640976,2.2741339206695557,78.97618865966797,-0.1645135904308537,0.17244261428837623,-92.6868021443102,3.2407725,1.3413806,15.328498,6.0557466,-7.206511,-1.0369138,2.960103,-3.4707246,-21.671768,6.1346846,-10.092602,2.2912474,-3.197474,0.7552779,5.2844357,-11.490139,5.147592,-31.958273,62.972748,14.701727,-0.117857,3.71878,4.3052044,-13.604641,32.707993,29.704145,-17.413408,-6.6883116,-42.78374
335,-0.08775720745325089,2.255979537963867,78.9749526977539,-0.16712039035260673,0.20498317289071236,-92.67902392461305,3.2198572,1.3453699,15.324148,6.051219,-7.2096767,-1.041138,2.939831,-3.4676018,-21.680918,6.1366787,-10.10564,2.2937512,-3.1609876,0.8033312,5.2826185,-11.455636,5.1139402,-31.967264,63.107735,14.674078,-0.13207386,3.7100425,4.2827697,-13.666745,32.812607,30.468554,-17.392262,-6.7396317,-42.939224
336,-0.09052500873804092,2.2363369464874268,78.97389221191406,-0.16853636115142004,0.231562471070317,-92.66953994283803,3.2084463,1.3476789,15.318005,6.043782,-7.213691,-1.0459354,2.927935,-3.4661207,-21.691511,6.13993,-10.121716,2.2976654,-3.1273217,0.85146093,5.2846437,-11.4139805,5.083818,-31.97495,63.242336,14.667521,-0.13706544,3.696987,4.253462,-13.723002,32.909508,31.230072,-17.39367,-6.7718754,-43.064842
337,-0.09519690275192261,2.2157201766967773,78.97241973876953,-0.1721245741811449,0.24725410413371812,-92.65768261006205,3.2101665,1.3532882,15.308353,6.036701,-7.2202215,-1.0535923,2.930352,-3.4606893,-21.704836,6.141675,-10.139927,2.3011866,-3.0951056,0.90027225,5.293138,-11.36232,5.0569034,-31.983171,63.37543,14.692801,-0.13023138,3.678545,4.2186418,-13.773012,32.99202,31.99104,-17.439404,-6.7762537,-43.14395
338,-0.1012812927365303,2.1949069499969482,78.97097778320312,-0.1774280879045743,0.25669785791859817,-92.64318264453944,3.2198887,1.360998,15.29554,6.0267334,-7.225514,-1.0630366,2.940806,-3.4524968,-21.721256,6.144877,-10.161403,2.3042326,-3.0644555,0.94926476,5.3056355,-11.303718,5.033074,-31.992247,63.509624,14.735721,-0.11624774,3.6552792,4.179799,-13.815995,33.06086,32.748005,-17.52238,-6.7605324,-43.18935
339,-0.10884062945842743,2.1705408096313477,78.9695053100586,-0.18175817823828433,0.2673543920563947,-92.62805035267198,3.2272553,1.3694878,15.281959,6.0218306,-7.234503,-1.07369,2.953447,-3.4441617,-21.738214,6.1466136,-10.185,2.3074207,-3.0359628,0.9960997,5.3171344,-11.242657,5.0122957,-32.003456,63.646492,14.78035,-0.096543185,3.631403,4.136071,-13.851671,33.121166,33.4994,-17.604387,-6.7406535,-43.224422
340,-0.11234734952449799,2.15425443649292,78.96841430664062,-0.18374660100190457,0.2865644247993575,-92.61422673390769,3.2192366,1.3732198,15.270731,6.0169744,-7.2375035,-1.079117,2.9471917,-3.442086,-21.752888,6.1501517,-10.199386,2.3103392,-3.0062087,1.0338614,5.324877,-11.191618,5.003254,-32.013607,63.790035,14.813886,-0.076659344,3.6020153,4.093698,-13.865047,33.151604,34.241177,-17.667606,-6.7368183,-43.2606
341,-0.11528554558753967,2.1394035816192627,78.96781921386719,-0.1857945521101255,0.3183479063407051,-92.60259459428588,3.1972108,1.3758271,15.26238,6.0102844,-7.2372117,-1.0821663,2.9256124,-3.4398572,-21.765213,6.1531243,-10.210861,2.3117733,-2.9852812,1.0696915,5.320756,-11.125301,4.9904356,-32.033607,63.92664,14.823431,-0.043642864,3.5911613,4.0285544,-13.881403,33.21516,34.990574,-17.660433,-6.748631,-43.33856
342,-0.1188378632068634,2.1247823238372803,78.96711730957031,-0.18645094001195328,0.3579689426960483,-92.5918373511909,3.1647809,1.3777394,15.255338,6.0029917,-7.2334533,-1.0844244,2.8953695,-3.438155,-21.776312,6.1527305,-10.2185545,2.311884,-2.9637122,1.0994265,5.31297,-11.072406,4.9827275,-32.050636,64.08002,14.824563,-0.009703859,3.5767694,3.9696844,-13.888595,33.26421,35.720325,-17.636879,-6.768979,-43.42486
343,-0.12482872605323792,2.110980987548828,78.9669418334961,-0.187286753155235,0.40027032683905284,-92.58139049960369,3.1289198,1.3815703,15.248043,5.9995537,-7.2326374,-1.0881162,2.8596294,-3.4348145,-21.787416,6.1576285,-10.229562,2.309572,-2.9474554,1.1303186,5.3029156,-11.01463,4.9759994,-32.071995,64.23087,14.819783,0.027711181,3.5642192,3.9005663,-13.892044,33.319633,36.441265,-17.575647,-6.787615,-43.51032
344,-0.12722106277942657,2.094942331314087,78.9667739868164,-0.18949236640161282,0.4399112315957937,-92.57038008761329,3.095671,1.3849125,15.239485,5.995664,-7.2321725,-1.0905753,2.8310375,-3.4321814,-21.799303,6.156751,-10.238045,2.3111007,-2.940218,1.1664262,5.293332,-10.947102,4.968132,-32.108036,64.37393,14.805841,0.06797227,3.5564284,3.8117456,-13.891554,33.406944,37.15763,-17.454885,-6.789904,-43.592976
345,-0.13257716596126556,2.083843946456909,78.96651458740234,-0.19586191594976446,0.4759196669824852,-92.55968218969473,3.0614276,1.3956,15.229161,5.997829,-7.2330084,-1.095877,2.799313,-3.4233139,-21.81231,6.1634116,-10.248544,2.308472,-2.929964,1.210185,5.2897706,-10.89239,4.96497,-32.13485,64.52405,14.801677,0.09752367,3.5235884,3.7454488,-13.88781,33.449398,37.823074,-17.310541,-6.781709,-43.616547
346,-0.1346367746591568,2.0729641914367676,78.96585083007812,-0.20391141440113641,0.5109918338621335,-92.54931793817914,3.0265818,1.406392,15.218381,6.002705,-7.2359586,-1.0994983,2.7684393,-3.4151917,-21.825277,6.1690755,-10.25702,2.3083422,-2.9236786,1.2594635,5.2871475,-10.83117,4.963617,-32.17063,64.66651,14.790806,0.1286726,3.486987,3.6707118,-13.879801,33.488487,38.47562,-17.119574,-6.7660155,-43.614246
347,-0.13742414116859436,2.059859037399292,78.96539306640625,-0.21291697924937505,0.5451970071653516,-92.53744000069298,2.9931607,1.4184016,15.205649,6.007826,-7.239736,-1.104343,2.7410526,-3.40558,-21.839996,6.1747174,-10.268109,2.308518,-2.9212475,1.3099816,5.2849083,-10.7681875,4.9646463,-32.214108,64.80306,14.7800045,0.15946592,3.4525225,3.5960867,-13.866818,33.520603,39.106815,-16.917341,-6.748183,-43.60963
348,-0.14214101433753967,2.049006462097168,78.9649429321289,-0.21934095734764994,0.5787475115476131,-92.52234050143578,2.9592268,1.4281541,15.190122,6.0125465,-7.2420835,-1.1098523,2.7134876,-3.3975363,-21.857185,6.179553,-10.278162,2.3070471,-2.9239557,1.3581607,5.281878,-10.704345,4.968124,-32.261456,64.9324,14.7780285,0.1885695,3.426733,3.5281508,-13.849372,33.541035,39.71061,-16.740376,-6.734534,-43.62443
349,-0.14303481578826904,2.041208267211914,78.96431732177734,-0.22336635021522774,0.6131663785617297,-92.50285247413618,2.9215877,1.4317971,15.171528,6.015657,-7.241151,-1.1123537,2.683663,-3.3958168,-21.877342,6.1833506,-10.284608,2.3081121,-2.9336119,1.400516,5.273788,-10.630931,4.978081,-32.332367,65.0447,14.780504,0.22018015,3.422755,3.45874,-13.816043,33.550842,40.306343,-16.598948,-6.7283773,-43.673
350,-0.1476442813873291,2.032684803009033,78.96414184570312,-0.22579229720557156,0.6478497748528802,-92.48026177297803,2.8838248,1.4356159,15.149698,6.019274,-7.240588,-1.1176409,2.653949,-3.3936145,-21.900345,6.188671,-10.293835,2.3069773,-2.9477105,1.4415162,5.264915,-10.558317,4.9926147,-32.404556,65.15051,14.798033,0.24844424,3.423664,3.4002225,-13.775082,33.537422,40.87223,-16.483622,-6.7266054,-43.732533
351,-0.15092170238494873,2.024820327758789,78.9638900756836,-0.2263797301967943,0.6797622338403304,-92.45592182714952,2.8478403,1.4363811,15.12658,6.022306,-7.2389097,-1.1213824,2.6275532,-3.3947566,-21.924425,6.195048,-10.304065,2.3073235,-2.9636025,1.4799377,5.258237,-10.485532,5.0109453,-32.475048,65.248535,14.816316,0.27549422,3.4226763,3.3460383,-13.728078,33.507305,41.412464,-16.380457,-6.726617,-43.79071
352,-0.15476934611797333,2.0172643661499023,78.96343994140625,-0.22786785584626043,0.7057975575217997,-92.43130973981584,2.818554,1.4381471,15.10291,6.024571,-7.237269,-1.12486,2.607335,-3.3945258,-21.948736,6.200491,-10.313823,2.3073053,-2.9781837,1.5141406,5.2574944,-10.415016,5.033072,-32.539593,65.34095,14.820736,0.3024919,3.4111001,3.2926183,-13.6752405,33.467285,41.928055,-16.275955,-6.724615,-43.83682
353,-0.1592705249786377,2.011119842529297,78.9632568359375,-0.22824474729828867,0.7244314309995171,-92.40642924498724,2.796396,1.4392478,15.078603,6.027519,-7.2361617,-1.1272815,2.5945773,-3.3949318,-21.972906,6.2077847,-10.3256445,2.3070014,-2.9929073,1.5434177,5.264318,-10.34616,5.059273,-32.591152,65.42231,14.826538,0.33218536,3.3785264,3.2416315,-13.616869,33.416763,42.40859,-16.175894,-6.722141,-43.876297
354,-0.16244900226593018,2.003563165664673,78.96288299560547,-0.22864920649552792,0.7374775703140414,-92.38068226286521,2.7826924,1.4386199,15.05334,6.0276546,-7.2355213,-1.1281916,2.5893092,-3.396687,-21.99752,6.2138734,-10.337455,2.3086386,-3.0097744,1.5690637,5.2768965,-10.2773075,5.089512,-32.629444,65.492516,14.838191,0.36270872,3.3311493,3.1934624,-13.552985,33.355984,42.857246,-16.082544,-6.7198806,-43.913307
355,-0.16457460820674896,1.999898076057434,78.962646484375,-0.22796790378762727,0.7470543142011287,-92.35462134406283,2.7703936,1.4362249,15.028283,6.027665,-7.232965,-1.1275264,2.5850778,-3.4003854,-22.02214,6.220733,-10.347449,2.3101518,-3.0262206,1.5909472,5.2932553,-10.210149,5.1232047,-32.662266,65.56385,14.8244915,0.38848293,3.2859275,3.1393728,-13.48378,33.2937,43.29798,-15.976717,-6.7125826,-43.93578
356,-0.16752952337265015,1.995763897895813,78.96271514892578,-0.22719830215417086,0.7550972353977559,-92.32924274393902,2.759026,1.4348376,15.004207,6.0283732,-7.230129,-1.1280528,2.5823078,-3.4036534,-22.046406,6.2278953,-10.3578825,2.3111053,-3.0401018,1.6094544,5.3113055,-10.1471815,5.1594915,-32.701054,65.649666,14.749625,0.40442044,3.2611866,3.0703824,-13.409538,33.2422,43.754963,-15.837302,-6.694147,-43.934246
357,-0.17252439260482788,1.994837999343872,78.96261596679688,-0.22557604402034517,0.7602307354214124,-92.30276544433293,2.7488503,1.4340321,14.979903,6.0290384,-7.2249436,-1.1299921,2.5817955,-3.4057705,-22.072258,6.23307,-10.366433,2.3095818,-3.0532112,1.6242878,5.3326764,-10.089918,5.197837,-32.756546,65.75308,14.579454,0.40612373,3.2745986,2.9809608,-13.33067,33.210503,44.23371,-15.661852,-6.6565986,-43.916767
358,-0.17625804245471954,1.9928388595581055,78.96251678466797,-0.2229030040647573,0.761993206205394,-92.27552980797029,2.741994,1.4314424,14.955688,6.031555,-7.221687,-1.1313516,2.5857322,-3.4105754,-22.098751,6.23837,-10.3754835,2.3097851,-3.0658326,1.6354911,5.3574095,-10.037977,5.238185,-32.828762,65.86953,14.332956,0.3980297,3.31533,2.8750038,-13.247476,33.19799,44.72325,-15.45419,-6.603967,-43.88954
359,-0.18391720950603485,1.9877103567123413,78.96272277832031,-0.2200341957763271,0.7640614878764199,-92.25081063136092,2.7385485,1.4316584,14.933433,6.03271,-7.219906,-1.1363082,2.5913398,-3.4119964,-22.123253,6.245543,-10.389606,2.3077626,-3.0731924,1.6439804,5.381079,-9.9899025,5.280166,-32.908825,65.99867,14.059877,0.38789275,3.3587482,2.7589486,-13.16016,33.200073,45.22273,-15.204835,-6.5481763,-43.839172
360,-0.18976232409477234,1.9858317375183105,78.96231079101562,-0.2198272575945887,0.7700888090924327,-92.23180304992155,2.7294593,1.4345986,14.915912,6.034256,-7.2170215,-1.1405377,2.5889556,-3.4104736,-22.142286,6.2495527,-10.397048,2.3047783,-3.070978,1.6498371,5.399339,-9.945025,5.3232975,-32.98397,66.14186,13.813056,0.3834232,3.3790596,2.6378684,-13.069404,33.210075,45.733273,-14.906178,-6.5011945,-43.751118
361,-0.1980346441268921,1.9878108501434326,78.96312713623047,-0.22340263952095846,0.7834394913742869,-92.2204738216346,2.7107325,1.4449694,14.904102,6.0338774,-7.209205,-1.1472375,2.5720382,-3.4015424,-22.15456,6.25657,-10.402294,2.2968235,-3.0565135,1.6543132,5.409512,-9.904804,5.366753,-33.047054,66.30256,13.605882,0.38560793,3.3670387,2.5149364,-12.975538,33.224957,46.246784,-14.554006,-6.4656672,-43.612694
362,-0.20759324729442596,1.9845471382141113,78.96318054199219,-0.2275408147394724,0.801458470460985,-92.21475817563386,2.6901793,1.4583521,14.896789,6.0370026,-7.207276,-1.1563349,2.5516555,-3.3904727,-22.161436,6.2650156,-10.410806,2.2887888,-3.033025,1.6571424,5.414458,-9.869002,5.409801,-33.098324,66.47973,13.4174795,0.39008272,3.3351004,2.3879113,-12.878846,33.245373,46.763977,-14.1561365,-6.4351215,-43.432575
363,-0.2201075702905655,1.9851831197738647,78.96353912353516,-0.23240361419026356,0.8184068514151833,-92.21187749978702,2.668323,1.4751773,14.891639,6.040105,-7.2023964,-1.1672838,2.5303485,-3.3747768,-22.166004,6.2708774,-10.416432,2.2767036,-3.0051012,1.6580377,5.4190626,-9.834113,5.4517765,-33.13681,66.665825,13.248145,0.3967436,3.2895799,2.2531767,-12.779554,33.2721,47.296986,-13.719752,-6.407815,-43.22748
364,-0.22680942714214325,1.9821815490722656,78.9631576538086,-0.23565424727243503,0.8286726909398595,-92.209251906682,2.657444,1.4856473,14.887738,6.042844,-7.202674,-1.1743829,2.520664,-3.3656282,-22.169552,6.2740602,-10.4221325,2.2710733,-2.9773123,1.6571392,5.4279103,-9.795619,5.49209,-33.160263,66.852554,13.09988,0.40543777,3.2364535,2.1076837,-12.67778,33.30589,47.857815,-13.252337,-6.382225,-43.013905
365,-0.23333679139614105,1.9794474840164185,78.96298217773438,-0.23877034910321027,0.8291266667427988,-92.20583134852345,2.6571274,1.4951767,14.883482,6.046365,-7.204727,-1.1811335,2.5230265,-3.356774,-22.173895,6.275223,-10.427951,2.2660587,-2.9509869,1.653821,5.441928,-9.750669,5.530011,-33.161743,67.04082,12.977657,0.41455323,3.1659198,1.9539772,-12.573509,33.347553,48.4406,-12.731241,-6.3611,-42.788246
366,-0.24055589735507965,1.9799435138702393,78.9626235961914,-0.24099983123661503,0.8234011398323106,-92.20320683640318,2.6615195,1.5042872,14.88007,6.050359,-7.205838,-1.1877314,2.5296497,-3.3482184,-22.177479,6.276358,-10.432292,2.2597778,-2.9241366,1.6489825,5.4586906,-9.7017975,5.5649786,-33.139797,67.234116,12.883248,0.42453995,3.0776803,1.7920134,-12.4668,33.39771,49.041958,-12.159571,-6.3432927,-42.544125
367,-0.250737726688385,1.9783446788787842,78.96212005615234,-0.2411653961093385,0.8156579773795073,-92.20236951478475,2.6700802,1.5135245,14.878275,6.0550675,-7.2093315,-1.1964962,2.542283,-3.3382912,-22.17927,6.2728305,-10.437007,2.2521462,-2.896752,1.6422255,5.4777474,-9.653509,5.597015,-33.104603,67.42964,12.809455,0.43823102,2.9927812,1.6158952,-12.358043,33.455936,49.676773,-11.58594,-6.321795,-42.296093
368,-0.25456154346466064,1.9764341115951538,78.96173095703125,-0.24250755524400391,0.81010200916834,-92.20457895231338,2.6755588,1.5200244,14.87967,6.0620804,-7.2151427,-1.2012107,2.548839,-3.333272,-22.177542,6.275135,-10.441721,2.2491486,-2.8684855,1.6342864,5.4987674,-9.611845,5.62675,-33.072678,67.62459,12.742758,0.45909572,2.9339175,1.420697,-12.247689,33.520992,50.35952,-11.059786,-6.290519,-42.058052
369,-0.26052817702293396,1.9787315130233765,78.96190643310547,-0.24206050407737212,0.8084302137160753,-92.21126262372206,2.6723287,1.5276299,14.88481,6.0709043,-7.2174196,-1.206684,2.5452368,-3.3280885,-22.171349,6.2811203,-10.445106,2.2428033,-2.8355103,1.6246198,5.5215855,-9.579819,5.6547003,-33.05605,67.82038,12.676119,0.49263874,2.918875,1.2013731,-12.135972,33.594772,51.10209,-10.583267,-6.2532306,-41.83407
370,-0.2694551944732666,1.9826276302337646,78.9617691040039,-0.2425238330768223,0.8082010666278105,-92.22142422821564,2.66805,1.5382603,14.8926325,6.0795884,-7.2193065,-1.2142358,2.537303,-3.3189828,-22.16215,6.286929,-10.446885,2.233032,-2.7979236,1.6129793,5.5461354,-9.55511,5.681164,-33.05486,68.01835,12.607769,0.53628933,2.9347162,0.96296954,-12.022963,33.67734,51.893497,-10.132936,-6.2118416,-41.617382
371,-0.2776764929294586,1.9851980209350586,78.96187591552734,-0.2412562556441648,0.8074579195663929,-92.23249533018823,2.6631343,1.5473446,14.901461,6.0901327,-7.221972,-1.2213398,2.5314205,-3.3120937,-22.151667,6.2924194,-10.449593,2.2245524,-2.7606747,1.6007594,5.5727124,-9.53486,5.7067766,-33.067036,68.21477,12.533732,0.58073044,2.956747,0.71387273,-11.908895,33.763554,52.713356,-9.717873,-6.158159,-41.404778
372,-0.2864898443222046,1.9888474941253662,78.9617691040039,-0.2409888780281923,0.8041478439314955,-92.24199293168057,2.662663,1.5566944,14.908708,6.097491,-7.2234235,-1.2289314,2.5273871,-3.304053,-22.142958,6.298422,-10.452275,2.215319,-2.7281406,1.588962,5.6015873,-9.515145,5.7321444,-33.08963,68.40365,12.451614,0.6166479,2.9595177,0.46353787,-11.793901,33.84636,53.539658,-9.348415,-6.084162,-41.191723
373,-0.2933400869369507,1.9947869777679443,78.96202850341797,-0.23680754215620547,0.7965612360561918,-92.24974834011107,2.6647031,1.5605531,14.915221,6.105283,-7.2241874,-1.234348,2.5259857,-3.3027048,-22.134998,6.3066225,-10.454618,2.2079475,-2.7030182,1.5779244,5.6352024,-9.498258,5.7582517,-33.12556,68.58735,12.359347,0.6418756,2.9285913,0.21113163,-11.678269,33.920574,54.371235,-9.058643,-5.979539,-40.974037
374,-0.3027742803096771,1.9999040365219116,78.96224212646484,-0.2326957212044373,0.7860530393725625,-92.25697656198497,2.6718266,1.5655257,14.920804,6.1104007,-7.224043,-1.2418641,2.5306294,-3.2984178,-22.127842,6.310384,-10.456575,2.198955,-2.6818273,1.566293,5.6725416,-9.485711,5.785588,-33.176323,68.769196,12.258191,0.6591793,2.8798492,-0.045649387,-11.56236,33.986015,55.21745,-8.836509,-5.852311,-40.75304
375,-0.3119152784347534,2.005385398864746,78.96271514892578,-0.22837548391865103,0.7757409694378403,-92.26282326461401,2.6775732,1.5701463,14.925343,6.116726,-7.224113,-1.2490346,2.5340526,-3.2952154,-22.121893,6.315891,-10.458987,2.1902304,-2.6599107,1.5552227,5.7092805,-9.469838,5.8139386,-33.234215,68.93571,12.151844,0.6734716,2.8319845,-0.29976934,-11.44586,34.045082,56.069202,-8.62174,-5.7212343,-40.532993
376,-0.3200679421424866,2.009775161743164,78.96259307861328,-0.2259126763952674,0.7687048508970946,-92.26638576606032,2.6794503,1.5761144,14.927929,6.12315,-7.223904,-1.2557404,2.5351696,-3.2910225,-22.118437,6.3216147,-10.462075,2.182357,-2.6332257,1.5451325,5.740208,-9.442261,5.842662,-33.285778,69.07577,12.049971,0.68800884,2.803321,-0.544113,-11.328498,34.100624,56.91927,-8.354722,-5.6046696,-40.3187
377,-0.3297024071216583,2.014810562133789,78.96298217773438,-0.22517074434517692,0.76632134785837,-92.26612462330081,2.6739838,1.58535,14.927277,6.130329,-7.2216916,-1.2633923,2.530598,-3.2842872,-22.119078,6.329355,-10.466373,2.1728547,-2.6022089,1.5369956,5.763814,-9.398718,5.870923,-33.322697,69.18529,11.9597225,0.70091707,2.804526,-0.7798754,-11.209843,34.157253,57.77734,-8.028637,-5.5061483,-40.108677
378,-0.33905744552612305,2.0190813541412354,78.96342468261719,-0.2260171274279307,0.7667532547178524,-92.26294276016858,2.6660438,1.5957919,14.924207,6.138062,-7.220593,-1.2710586,2.5262127,-3.2754142,-22.122753,6.3328075,-10.469267,2.1635852,-2.5699348,1.5299143,5.7826004,-9.342738,5.898433,-33.34421,69.27057,11.882867,0.71094227,2.8224661,-1.0105978,-11.089836,34.215927,58.644444,-7.6703095,-5.415789,-39.902695
379,-0.3477320671081543,2.0250682830810547,78.96356201171875,-0.22787225389157506,0.768194065728897,-92.25966380958367,2.6545165,1.6071384,14.920751,6.1466093,-7.21782,-1.2780687,2.5181909,-3.2663803,-22.126675,6.338332,-10.471485,2.1540577,-2.5369117,1.522875,5.798096,-9.279157,5.925299,-33.349518,69.3367,11.818424,0.72172254,2.838928,-1.233258,-10.968865,34.272053,59.49856,-7.271581,-5.3315444,-39.706158
380,-0.3576512038707733,2.0333480834960938,78.96418762207031,-0.22890191359576179,0.7688658061923762,-92.25880759421787,2.6443965,1.6181916,14.9187155,6.152367,-7.212566,-1.2854463,2.509019,-3.2566295,-22.12825,6.3415155,-10.470264,2.1427038,-2.503342,1.5148964,5.812029,-9.213378,5.951844,-33.33856,69.39015,11.764797,0.7356459,2.8354526,-1.4433945,-10.84769,34.318455,60.31636,-6.8269043,-5.251711,-39.52356
381,-0.36637845635414124,2.0408966541290283,78.96448516845703,-0.22815256287551633,0.7682250252416144,-92.26157873761665,2.6373358,1.6265489,14.919055,6.158579,-7.2095504,-1.2917088,2.5011356,-3.2495077,-22.126015,6.345337,-10.4694195,2.1327114,-2.465498,1.506225,5.8248744,-9.144311,5.978292,-33.30809,69.42242,11.722067,0.7609282,2.7959201,-1.6395404,-10.726999,34.351326,61.099686,-6.3250465,-5.1786323,-39.357246
382,-0.3756137788295746,2.045243740081787,78.96482849121094,-0.22769860678982157,0.7671513241351847,-92.26644768149046,2.6332283,1.6354561,14.920232,6.1628237,-7.206777,-1.2987108,2.4976425,-3.2407174,-22.12191,6.345484,-10.469136,2.123229,-2.4244711,1.4978434,5.835994,-9.072157,6.0044384,-33.258278,69.43745,11.690931,0.7906135,2.7331243,-1.8225414,-10.607066,34.37137,61.85617,-5.77587,-5.1126423,-39.20273
383,-0.385804146528244,2.049114465713501,78.9651107788086,-0.22719928814801707,0.7662592376839144,-92.27216202483035,2.630333,1.6446753,14.92205,6.1673775,-7.205454,-1.3064384,2.493848,-3.2312424,-22.117111,6.346548,-10.469992,2.1130583,-2.3854702,1.4891323,5.8456836,-8.9947195,6.030091,-33.19505,69.439095,11.675287,0.8179034,2.6721582,-1.992388,-10.488169,34.376987,62.57298,-5.202777,-5.0490355,-39.05405
384,-0.3958224356174469,2.0556116104125977,78.96580505371094,-0.22487506338332203,0.7662055864982878,-92.27715570484294,2.623731,1.6523827,14.924502,6.17188,-7.2011995,-1.3135033,2.487444,-3.2238367,-22.1128,6.3461165,-10.46757,2.102321,-2.3539617,1.4795302,5.854057,-8.912098,6.0554147,-33.128147,69.43433,11.674772,0.83520246,2.6391695,-2.1492133,-10.371151,34.364464,63.239754,-4.631827,-4.98358,-38.905426
385,-0.40694424510002136,2.062612533569336,78.96624755859375,-0.22084020955204733,0.7672003094016115,-92.28227536907927,2.6160533,1.659178,14.928626,6.1763754,-7.196537,-1.3212,2.4791076,-3.2175972,-22.108366,6.346869,-10.465705,2.0906122,-2.3302386,1.4697512,5.8612223,-8.822357,6.0802593,-33.063984,69.42231,11.690575,0.83824664,2.6511557,-2.289511,-10.256382,34.329132,63.848053,-4.0576262,-4.9187603,-38.763958
386,-0.41513925790786743,2.0713517665863037,78.966796875,-0.21793214308533987,0.7688528607519288,-92.28794971489502,2.6049871,1.66537,14.934295,6.1813574,-7.1898937,-1.3268503,2.4669094,-3.2131782,-22.103378,6.350232,-10.462406,2.0802565,-2.310389,1.4598546,5.8670387,-8.72699,6.1045785,-33.00307,69.4006,11.71685,0.83231074,2.6922648,-2.4132078,-10.144195,34.270115,64.40461,-3.4734476,-4.855965,-38.628937
387,-0.4251820147037506,2.078141927719116,78.96800231933594,-0.21312692337770028,0.7709340337706782,-92.29221127222327,2.5956075,1.6706368,14.938857,6.1848793,-7.1837587,-1.3337178,2.4575675,-3.2090163,-22.099707,6.351093,-10.460218,2.0695527,-2.2933621,1.4498597,5.8712745,-8.629708,6.1286983,-32.945534,69.371765,11.743664,0.8235499,2.7385094,-2.5233297,-10.035137,34.191265,64.91772,-2.8999288,-4.7884116,-38.482582
388,-0.43730443716049194,2.0843846797943115,78.96844482421875,-0.21006568810960435,0.7731244291733513,-92.29308358252787,2.5853693,1.6788689,14.939216,6.1895685,-7.17792,-1.3421376,2.4484594,-3.2019339,-22.0997,6.353441,-10.460285,2.0575206,-2.2782612,1.439535,5.8738074,-8.53453,6.153206,-32.891457,69.33791,11.761062,0.81808436,2.76563,-2.624144,-9.929841,34.099575,65.39549,-2.3552704,-4.7088075,-38.307285
389,-0.4492693245410919,2.089547634124756,78.96874237060547,-0.20841143795210798,0.7758883577505614,-92.29101525005038,2.5774393,1.6874176,14.935792,6.19196,-7.1732316,-1.3506181,2.4415174,-3.1932325,-22.102674,6.3536096,-10.460791,2.0461407,-2.2646394,1.4285924,5.873433,-8.440743,6.178918,-32.840363,69.295425,11.763949,0.8173868,2.7629375,-2.7153904,-9.829285,33.99754,65.835846,-1.8392646,-4.6113057,-38.09413
390,-0.4605201482772827,2.0907413959503174,78.96893310546875,-0.2065701579209767,0.7793070025516929,-92.2865455643515,2.5685208,1.6957898,14.929683,6.197531,-7.171783,-1.3590271,2.4370735,-3.1860688,-22.107801,6.3572707,-10.467212,2.0370922,-2.2536056,1.417731,5.8708754,-8.346379,6.2062187,-32.79227,69.243065,11.7579,0.81800693,2.7440958,-2.796521,-9.733912,33.88495,66.23735,-1.3405801,-4.502074,-37.854073
391,-0.4704187214374542,2.095797538757324,78.96912384033203,-0.20560699904083568,0.7820920257725609,-92.27861710374414,2.5579243,1.7034391,14.92039,6.201052,-7.1664066,-1.3658237,2.4303248,-3.179652,-22.116241,6.3595586,-10.4689045,2.0279512,-2.2468421,1.4056628,5.8685193,-8.25316,6.234934,-32.747196,69.1898,11.749623,0.8181851,2.7234254,-2.8688755,-9.643773,33.764908,66.60321,-0.86223155,-4.3867874,-37.602654
392,-0.48456060886383057,2.099562168121338,78.96904754638672,-0.20278054097118264,0.7832304817757806,-92.26592396196416,2.550048,1.7113829,14.906918,6.2042866,-7.160996,-1.3752316,2.429927,-3.1715734,-22.129473,6.35894,-10.473236,2.0166473,-2.2464886,1.3909403,5.8684583,-8.16091,6.2649145,-32.704544,69.13899,11.746955,0.82115376,2.7156045,-2.9356856,-9.559111,33.640858,66.94235,-0.40714663,-4.2731094,-37.356155
393,-0.4976125955581665,2.103604316711426,78.9696044921875,-0.20003599889216458,0.781557423672594,-92.24601872069618,2.5435643,1.7176503,14.887721,6.20625,-7.152884,-1.3834563,2.432569,-3.1662035,-22.149813,6.361044,-10.479292,2.0068405,-2.2571368,1.3729652,5.8720064,-8.070844,6.295628,-32.66349,69.097404,11.753781,0.8222029,2.7289553,-2.9956467,-9.479506,33.51268,67.2473,0.029689003,-4.161811,-37.122192
394,-0.5086346864700317,2.106525182723999,78.96990966796875,-0.19638415939595563,0.7780161996209063,-92.22029743568503,2.540138,1.7204572,14.864014,6.206198,-7.144292,-1.3899728,2.4414191,-3.1637483,-22.17552,6.3591194,-10.484406,1.9997269,-2.2764292,1.3523796,5.877689,-7.9819984,6.326921,-32.623882,69.05999,11.766509,0.8230373,2.7545085,-3.0481055,-9.405023,33.379868,67.51747,0.44859692,-4.0490093,-36.89146
395,-0.5207735896110535,2.1089539527893066,78.96991729736328,-0.1926381170017286,0.7742769198954086,-92.19324719560383,2.5345075,1.7242739,14.838777,6.210514,-7.1374984,-1.3972133,2.4501235,-3.1611302,-22.202436,6.3597274,-10.491896,1.9920436,-2.2967398,1.3310723,5.8838525,-7.896494,6.3585176,-32.586235,69.02625,11.777755,0.82518363,2.7797177,-3.0966165,-9.335705,33.2475,67.76916,0.8414216,-3.9374237,-36.653393
396,-0.534121572971344,2.113556385040283,78.97026062011719,-0.1871112293697107,0.7721028259423237,-92.1695113737212,2.5274386,1.7271869,14.816074,6.2125454,-7.128509,-1.4048102,2.4549868,-3.158629,-22.225662,6.359452,-10.497052,1.9825819,-2.3108327,1.3108119,5.8887234,-7.8172503,6.3902373,-32.551857,68.99675,11.778987,0.83007216,2.7925138,-3.14639,-9.271989,33.123966,68.020836,1.2028276,-3.8294725,-36.398335
397,-0.5461372137069702,2.1171553134918213,78.97037506103516,-0.18280299553313714,0.7720125406701307,-92.15078750197905,2.5188344,1.7306436,14.796748,6.217084,-7.1229205,-1.4118346,2.457489,-3.1549506,-22.24365,6.3586535,-10.501568,1.9737684,-2.31662,1.2929661,5.8917484,-7.7455964,6.421726,-32.521317,68.97238,11.761816,0.84025127,2.7868745,-3.1974754,-9.214089,33.016895,68.27657,1.5285594,-3.7319067,-36.12524
398,-0.555987536907196,2.1198089122772217,78.97052001953125,-0.1786794655806061,0.7730408023056439,-92.13441439717157,2.5112143,1.7322958,14.779054,6.220165,-7.1184645,-1.4174731,2.4583538,-3.1527956,-22.258907,6.357668,-10.504785,1.9667084,-2.318846,1.2759488,5.8938184,-7.6802726,6.4528565,-32.494137,68.95405,11.73184,0.85438347,2.7709389,-3.249251,-9.162485,32.926678,68.52938,1.8280505,-3.6416347,-35.84046
399,-0.5671500563621521,2.122196674346924,78.970947265625,-0.17460572008289624,0.7746704185790317,-92.11891696104878,2.5008695,1.7356646,14.761916,6.226859,-7.115298,-1.424243,2.4566538,-3.1501472,-22.273258,6.361357,-10.51115,1.9586145,-2.3199177,1.259692,5.895302,-7.618255,6.483406,-32.469128,68.93905,11.703008,0.8673468,2.7525957,-3.3013732,-9.116796,32.849644,68.77129,2.11636,-3.5454774,-35.542828
400,-0.5782542824745178,2.1233267784118652,78.9706802368164,-0.16947525744276612,0.7762212784071403,-92.10283739669836,2.4926255,1.7378979,14.744968,6.2312207,-7.111834,-1.4313964,2.457531,-3.1482797,-22.288124,6.361552,-10.516343,1.9511993,-2.322267,1.2430128,5.896852,-7.5566144,6.51327,-32.444553,68.92533,11.689855,0.8743457,2.740185,-3.3541324,-9.076432,32.77921,68.99815,2.405389,-3.430531,-35.232124
401,-0.5906348824501038,2.124211072921753,78.97097778320312,-0.1662856298774825,0.7782065638022166,-92.08539497026194,2.4848175,1.7428074,14.727078,6.232961,-7.1064296,-1.4402411,2.4592948,-3.1429825,-22.304916,6.3612547,-10.522829,1.9425915,-2.3251462,1.226355,5.898189,-7.4953527,6.5411797,-32.4193,68.91353,11.705513,0.8721032,2.7372973,-3.4085207,-9.042219,32.714504,69.20984,2.6977396,-3.2916937,-34.90522
402,-0.6015413403511047,2.1262142658233643,78.97108459472656,-0.16301141440542355,0.7807542364050002,-92.06745992093846,2.4761536,1.7467039,14.709324,6.235644,-7.102031,-1.4482759,2.460209,-3.1387553,-22.322067,6.359649,-10.527347,1.9347378,-2.3276992,1.2087953,5.899346,-7.4340835,6.5695305,-32.391346,68.901184,11.742411,0.8639907,2.73771,-3.4657192,-9.010667,32.651142,69.41199,2.9796748,-3.1364486,-34.562016
403,-0.6111959218978882,2.128037214279175,78.97074127197266,-0.15986850125829546,0.7825849492586086,-92.0505004275308,2.4684405,1.7499208,14.692864,6.2373824,-7.097098,-1.455583,2.4609222,-3.1357756,-22.338247,6.359109,-10.531576,1.9279305,-2.3306756,1.193523,5.900314,-7.3796954,6.5913696,-32.36813,68.90034,11.774179,0.85435945,2.7405596,-3.5180259,-8.98868,32.59915,69.59244,3.260411,-2.9697964,-34.211178
404,-0.6219912171363831,2.1273703575134277,78.97103118896484,-0.15676010743123972,0.7824409187640641,-92.03608386466006,2.466495,1.7537185,14.67853,6.2372384,-7.0935884,-1.4641411,2.4658191,-3.1314855,-22.352318,6.3590884,-10.538909,1.9210961,-2.3354442,1.1788132,5.9020305,-7.329215,6.6107316,-32.346844,68.90568,11.784638,0.8483068,2.7398882,-3.5659957,-8.971107,32.546078,69.753204,3.5278115,-2.7979958,-33.85574
405,-0.6325365304946899,2.125349998474121,78.97055053710938,-0.1525913010264926,0.7802616855197885,-92.0248258917342,2.468726,1.7565032,14.6673765,6.236951,-7.091802,-1.4728568,2.4745007,-3.127868,-22.363451,6.3562303,-10.545252,1.9150159,-2.3437393,1.1590701,5.9049783,-7.2757444,6.6370044,-32.321957,68.90622,11.770936,0.8477307,2.7301333,-3.6155143,-8.949755,32.46602,69.896996,3.7558599,-2.6036537,-33.46441
406,-0.6435178518295288,2.1249184608459473,78.970458984375,-0.1466029516579733,0.7767060480334929,-92.01588698758238,2.4732652,1.7578164,14.658739,6.234551,-7.088614,-1.4815131,2.4832644,-3.1255286,-22.372374,6.351914,-10.549157,1.9083318,-2.3534846,1.1388048,5.9075155,-7.228555,6.660673,-32.30497,68.91774,11.733074,0.8491283,2.7184076,-3.6594734,-8.93254,32.384075,70.016136,3.968373,-2.3900125,-33.05036
407,-0.6544395685195923,2.122035503387451,78.9699935913086,-0.1425079346655456,0.7713463830125034,-92.0082243700936,2.4808712,1.7611183,14.650936,6.2340918,-7.0884056,-1.49086,2.495582,-3.1211486,-22.380348,6.34898,-10.556173,1.9022236,-2.361017,1.1202323,5.911647,-7.1879616,6.6818852,-32.294132,68.93431,11.684798,0.85226154,2.7070715,-3.6981063,-8.918749,32.30474,70.124344,4.1742487,-2.1938791,-32.66605
408,-0.6621871590614319,2.1203978061676025,78.96949005126953,-0.13748649966311732,0.7638850393748309,-92.00074167586999,2.4900496,1.7614074,14.643677,6.2334056,-7.08803,-1.4975785,2.508854,-3.1205068,-22.387423,6.346854,-10.5618,1.8984066,-2.3636637,1.1087867,5.916379,-7.166583,6.6905994,-32.29144,68.97639,11.632825,0.8534708,2.701058,-3.720235,-8.913663,32.270428,70.21814,4.421319,-2.0522022,-32.378433
409,-0.6707910895347595,2.1214723587036133,78.96941375732422,-0.134243041184062,0.7533053204230414,-91.99244137050589,2.4989011,1.764388,14.635012,6.234874,-7.0860906,-1.5046003,2.5234442,-3.117049,-22.39527,6.344669,-10.566019,1.89271,-2.357844,1.0988193,5.9318156,-7.135444,6.713608,-32.291805,68.97251,11.596569,0.8621418,2.6938155,-3.7551022,-8.900658,32.195175,70.34424,4.6306725,-1.9862732,-32.179737
410,-0.6786117553710938,2.1233069896698,78.96908569335938,-0.13003244305705333,0.7402487901528896,-91.98417580615613,2.5107787,1.7658536,14.626417,6.2362723,-7.084706,-1.5108919,2.5388885,-3.1157978,-22.402618,6.34521,-10.5709305,1.8876027,-2.348103,1.0928144,5.948636,-7.123525,6.7282557,-32.300102,68.9932,11.554773,0.86938745,2.6897519,-3.774135,-8.892461,32.164013,70.45684,4.883709,-1.9740181,-32.074295
411,-0.6887445449829102,2.125115394592285,78.96893310546875,-0.12788172559499356,0.7261966230311617,-91.97733359232535,2.523698,1.7713524,14.61863,6.237389,-7.0825157,-1.5192038,2.554845,-3.110189,-22.409164,6.347621,-10.578143,1.8802673,-2.3357565,1.0893528,5.965018,-7.1146693,6.7412925,-32.31156,69.01506,11.508189,0.8771373,2.6878843,-3.7908428,-8.885287,32.14558,70.56631,5.1354218,-1.9849459,-32.007618
412,-0.6982170939445496,2.1262025833129883,78.96874237060547,-0.12649614178438026,0.7127078357802414,-91.97336200369445,2.536617,1.7778611,14.6136675,6.239333,-7.081768,-1.5274823,2.5708945,-3.103485,-22.412985,6.3468533,-10.582974,1.8733025,-2.322362,1.087219,5.9770436,-7.1031137,6.754494,-32.32175,69.03601,11.454175,0.88343996,2.6869614,-3.8060656,-8.877764,32.129555,70.6655,5.361793,-1.9873946,-31.936737
413,-0.7059385180473328,2.124455451965332,78.9682388305664,-0.12503496158871166,0.6999546228072648,-91.97344374232834,2.5538673,1.7833413,14.613303,6.2382345,-7.083375,-1.5350353,2.5880346,-3.0976665,-22.412863,6.345756,-10.5888195,1.8684754,-2.3069692,1.0899742,5.9825478,-7.0966444,6.758551,-32.322765,69.07208,11.399136,0.8856621,2.6869597,-3.8121073,-8.87534,32.123413,70.744995,5.554047,-1.9780495,-31.861643
414,-0.7141755819320679,2.122551679611206,78.96771240234375,-0.12545069048323415,0.687190076875588,-91.97640666748963,2.571397,1.7917923,14.615668,6.237313,-7.085198,-1.5433387,2.603151,-3.089505,-22.410276,6.3475714,-10.595916,1.8628061,-2.2901716,1.0943764,5.986045,-7.078346,6.766612,-32.319206,69.08698,11.343835,0.8899234,2.6875021,-3.8247695,-8.869947,32.10466,70.829124,5.701878,-1.9721715,-31.788982
415,-0.7223995327949524,2.1207830905914307,78.9669418334961,-0.1258140072364664,0.6746245873385658,-91.98057208747207,2.590338,1.8000342,14.619022,6.2348814,-7.087052,-1.5519035,2.6213748,-3.0796192,-22.406677,6.341829,-10.599142,1.8569127,-2.2718792,1.0980268,5.9867744,-7.059407,6.7753153,-32.30594,69.104935,11.291699,0.89263624,2.6858401,-3.8327775,-8.863102,32.078663,70.90051,5.8386054,-1.9651842,-31.723362
416,-0.7339944243431091,2.1166090965270996,78.9668197631836,-0.12529622699477397,0.6625963809766562,-91.98419206735663,2.6085021,1.8098778,14.620774,6.235561,-7.091107,-1.5634534,2.6396961,-3.0687158,-22.40385,6.3396792,-10.607394,1.8493289,-2.2539594,1.0987241,5.985584,-7.0380535,6.78591,-32.27502,69.12532,11.248908,0.89336455,2.6790328,-3.8370123,-8.852528,32.03861,70.95663,5.9833026,-1.9523855,-31.658327
417,-0.7433907389640808,2.1128952503204346,78.96591186523438,-0.1240135807024949,0.6511679050065239,-91.98748957500726,2.626498,1.8165088,14.62151,6.233724,-7.093468,-1.5738028,2.6576984,-3.0604696,-22.401253,6.3360543,-10.613686,1.8434244,-2.2365751,1.0987338,5.9818854,-7.02126,6.7910876,-32.247013,69.1572,11.201205,0.8961011,2.671634,-3.837297,-8.845692,32.00927,70.99238,6.178334,-1.9299108,-31.59587
418,-0.7555902004241943,2.1094019412994385,78.96509552001953,-0.12181144333132468,0.6401704563924562,-91.99126589693758,2.6460323,1.8236911,14.621691,6.2299895,-7.095334,-1.58664,2.6749454,-3.0508392,-22.398499,6.332729,-10.620854,1.835242,-2.2209735,1.0943229,5.9757094,-6.991429,6.8002806,-32.171154,69.1765,11.196884,0.89866894,2.6502426,-3.835847,-8.829148,31.938564,71.01761,6.353064,-1.8994638,-31.527683
419,-0.7633044719696045,2.1044139862060547,78.96469116210938,-0.11856675594644094,0.6295539371226897,-91.99423535442507,2.663314,1.8270928,14.621708,6.2308445,-7.1007333,-1.5961941,2.6920419,-3.0469003,-22.395964,6.330871,-10.627969,1.8313864,-2.2046165,1.0895032,5.9687543,-6.967773,6.8064675,-32.091602,69.20934,11.18002,0.89880997,2.6323256,-3.8334062,-8.811859,31.872223,71.03502,6.5273786,-1.8716757,-31.469778
420,-0.7715470790863037,2.100416660308838,78.96397399902344,-0.11538444371468355,0.6191643578124926,-91.99515322393468,2.679833,1.8304701,14.620383,6.2293096,-7.1031075,-1.6049776,2.7109141,-3.0417259,-22.395645,6.3238173,-10.63211,1.8269845,-2.1864297,1.0859928,5.9604816,-6.950876,6.809369,-32.016262,69.25933,11.131789,0.8947598,2.6256754,-3.828122,-8.796484,31.817642,71.04948,6.681865,-1.8558615,-31.429678
421,-0.7826365232467651,2.097581148147583,78.96321105957031,-0.1122205698408217,0.6092125612831345,-91.99326087074067,2.693793,1.8357857,14.616978,6.2286777,-7.103763,-1.6143243,2.7276473,-3.0351107,-22.398558,6.320389,-10.63879,1.8202819,-2.1671247,1.0822499,5.951415,-6.938918,6.810113,-31.91917,69.32667,11.065855,0.88404924,2.6271572,-3.8204238,-8.777596,31.758715,71.06202,6.786559,-1.8560622,-31.410471
422,-0.7932443022727966,2.0975189208984375,78.96343231201172,-0.10912995282942978,0.599632397032301,-91.98932163348346,2.7055883,1.8404894,14.612238,6.2287006,-7.1034064,-1.6221274,2.7413297,-3.02941,-22.403622,6.317153,-10.642796,1.813206,-2.1478813,1.0776266,5.9414005,-6.93139,6.807817,-31.79793,69.41006,10.99268,0.867929,2.6331794,-3.8127263,-8.753925,31.697065,71.07372,6.8588305,-1.8673042,-31.40791
423,-0.8015316724777222,2.093029022216797,78.96272277832031,-0.106005574883749,0.5901448646811788,-91.9846295025033,2.7186897,1.8436896,14.607197,6.2295465,-7.105594,-1.6286722,2.7594297,-3.025708,-22.409227,6.314528,-10.6508255,1.8096092,-2.1290479,1.0725275,5.930991,-6.9271026,6.8023148,-31.667706,69.50332,10.915822,0.849669,2.6423242,-3.8070831,-8.72782,31.639778,71.08833,6.9229755,-1.8838482,-31.413542
