Frame,root_translateX,root_translateY,root_translateZ,root_rotateX,root_rotateY,root_rotateZ,left_hip_pitch_joint,left_hip_roll_joint,left_hip_yaw_joint,left_knee_joint,left_ankle_pitch_joint,left_ankle_roll_joint,right_hip_pitch_joint,right_hip_roll_joint,right_hip_yaw_joint,right_knee_joint,right_ankle_pitch_joint,right_ankle_roll_joint,waist_yaw_joint,waist_roll_joint,waist_pitch_joint,left_shoulder_pitch_joint,left_shoulder_roll_joint,left_shoulder_yaw_joint,left_elbow_joint,left_wrist_roll_joint,left_wrist_pitch_joint,left_wrist_yaw_joint,right_shoulder_pitch_joint,right_shoulder_roll_joint,right_shoulder_yaw_joint,right_elbow_joint,right_wrist_roll_joint,right_wrist_pitch_joint,right_wrist_yaw_joint
0,0.09261069446802139,2.1128339767456055,78.64964294433594,0.022082581146549225,0.31882054838195983,-88.72922550725465,-0.71810585,-1.038952,9.272704,6.4500904,-6.6832657,1.7719135,-0.23364161,0.48037058,-7.330496,6.5661016,-7.8187375,-1.259019,-3.218761,1.6923295,2.5918114,1.8908885,7.7375383,-7.106796,70.70454,4.478596,-2.624952,0.72046924,1.4782652,-5.811866,-1.8150089,63.847736,-24.759861,-0.40362552,-9.818961
1,0.09103833138942719,2.1134326457977295,78.64996337890625,0.020439154962735087,0.3131102091199698,-88.73092659036317,-0.7116799,-1.0354419,9.273121,6.451082,-6.6847224,1.7703775,-0.22780617,0.48396024,-7.329717,6.565864,-7.8188844,-1.2606484,-3.2288976,1.6837912,2.6001096,1.9057721,7.772671,-7.1349273,70.69112,4.4183154,-2.6309574,0.71068877,1.4736881,-5.8214107,-1.7939969,63.85888,-24.757076,-0.4179131,-9.817982
2,0.08985070139169693,2.112338066101074,78.64999389648438,0.020456695823275774,0.3070939784921136,-88.7325699314125,-0.7023893,-1.0343341,9.27378,6.4489303,-6.685682,1.7693821,-0.21962239,0.4854188,-7.3285627,6.564935,-7.8202705,-1.2614084,-3.2397442,1.6796678,2.6097434,1.9129863,7.7863493,-7.147235,70.68952,4.377944,-2.6367452,0.7123565,1.4695544,-5.824251,-1.785377,63.86564,-24.773134,-0.42669863,-9.8194475
3,0.08845485746860504,2.113204002380371,78.64961242675781,0.02059165386542968,0.30169985728728865,-88.73430954829095,-0.69778776,-1.0328135,9.274794,6.4512973,-6.687136,1.7685021,-0.21517268,0.48669878,-7.32736,6.5664377,-7.8210444,-1.2625175,-3.2489197,1.6778352,2.6182315,1.9179397,7.793056,-7.154093,70.69102,4.343843,-2.640105,0.7146614,1.4667249,-5.825443,-1.7809398,63.8709,-24.787777,-0.43405145,-9.822454
4,0.0848565325140953,2.1134729385375977,78.64920806884766,0.019746533406944846,0.2977562493858818,-88.73610453165796,-0.6934495,-1.0284635,9.275482,6.4508677,-6.68659,1.7653716,-0.21039458,0.49125224,-7.326443,6.565722,-7.8215985,-1.2658286,-3.2536461,1.6749935,2.6219053,1.9314692,7.812304,-7.173429,70.68302,4.3071017,-2.64059,0.7118197,1.4638379,-5.8284016,-1.7696614,63.879704,-24.78579,-0.44028148,-9.826564
5,0.0843120887875557,2.111971378326416,78.6490707397461,0.01979496090569929,0.29558510965414375,-88.73822026915008,-0.68863696,-1.0276358,9.277488,6.450557,-6.6887913,1.7645562,-0.20692915,0.4921873,-7.324386,6.565667,-7.8228407,-1.2663184,-3.2501678,1.6778396,2.6205804,1.9405538,7.824069,-7.183972,70.682465,4.291939,-2.6359096,0.70768994,1.4683166,-5.829902,-1.7649052,63.88144,-24.776768,-0.4409266,-9.831984
6,0.08320058882236481,2.1100547313690186,78.64910125732422,0.020840589800660305,0.29472954570095117,-88.74057967451601,-0.68520945,-1.0272769,9.280147,6.4495306,-6.6901193,1.763278,-0.20440896,0.49258885,-7.3218546,6.5649557,-7.8237824,-1.2671964,-3.241109,1.6833382,2.6147313,1.951272,7.8359776,-7.193179,70.68136,4.2867956,-2.6274087,0.70062953,1.4790254,-5.831256,-1.7628468,63.878338,-24.760704,-0.43854314,-9.83757
7,0.08427762985229492,2.1075050830841064,78.64942932128906,0.020931178394828102,0.2947518378841952,-88.74258867904405,-0.6828488,-1.0276529,9.282593,6.4504595,-6.6934814,1.7635003,-0.20274587,0.49205303,-7.3195148,6.565574,-7.8258758,-1.266307,-3.2309303,1.6893811,2.606701,1.9632343,7.847819,-7.2007556,70.68067,4.289487,-2.6182642,0.6925133,1.49228,-5.832394,-1.7633544,63.87234,-24.742243,-0.4375026,-9.841776
8,0.08452510833740234,2.1077778339385986,78.64981842041016,0.02095491157252938,0.2954242999133977,-88.7438152682075,-0.6837708,-1.0275286,9.284103,6.450392,-6.693139,1.7635329,-0.20367326,0.4920811,-7.318245,6.565097,-7.825059,-1.2662581,-3.225643,1.6959332,2.6010501,1.968917,7.8525324,-7.203037,70.69008,4.3008833,-2.611787,0.6898537,1.4974421,-5.832801,-1.7644148,63.8718,-24.725515,-0.43991742,-9.846968
9,0.0839596763253212,2.1053693294525146,78.6496810913086,0.019942224325588773,0.29748362680911483,-88.74405410822484,-0.68445015,-1.0258386,9.2838545,6.450942,-6.6948934,1.7623718,-0.20434906,0.49372205,-7.3185167,6.5653257,-7.826717,-1.2667713,-3.2259672,1.7008811,2.5942345,1.9792272,7.8591976,-7.2055707,70.6957,4.3198285,-2.6060507,0.68484116,1.5025593,-5.833281,-1.7666085,63.869286,-24.70823,-0.45299807,-9.8477745
10,0.08539613336324692,2.1027355194091797,78.64981079101562,0.019985392543330316,0.3009798317979319,-88.74368146970988,-0.68585896,-1.0271542,9.283295,6.4503474,-6.6965055,1.7629484,-0.20622338,0.49236205,-7.3190074,6.565615,-7.8284526,-1.2653089,-3.229725,1.7035022,2.585804,1.9974334,7.8723817,-7.2094197,70.692955,4.344522,-2.6002843,0.6757858,1.5047798,-5.8337374,-1.7706788,63.870617,-24.688826,-0.47471008,-9.845402
11,0.08559579402208328,2.100215196609497,78.64948272705078,0.018976306653614054,0.3037918454942777,-88.74261131596074,-0.68727654,-1.0264825,9.281753,6.450387,-6.6978865,1.7625167,-0.20683697,0.49314287,-7.3204923,6.5656157,-7.830655,-1.2650129,-3.234569,1.7078636,2.580573,2.0032191,7.8761897,-7.210058,70.707,4.3695617,-2.5987077,0.674598,1.5035193,-5.8337374,-1.771808,63.87159,-24.669758,-0.4928611,-9.84445
12,0.08736144751310349,2.0981457233428955,78.64936065673828,0.01781935106636959,0.30413292459016866,-88.74088996960509,-0.6847152,-1.0273393,9.279936,6.448693,-6.6992474,1.7635944,-0.2045542,0.49265358,-7.322158,6.5645266,-7.8320074,-1.2633145,-3.2389653,1.7107455,2.5789568,2.0106883,7.881724,-7.210149,70.71937,4.3808913,-2.602797,0.6789811,1.5015335,-5.833664,-1.773171,63.87152,-24.659853,-0.503668,-9.840269
13,0.08735397458076477,2.096021890640259,78.64881896972656,0.018550772121953475,0.3001464568832566,-88.73828546905716,-0.6794661,-1.0286102,9.277716,6.4504304,-6.7022967,1.7638097,-0.19867569,0.49132526,-7.323898,6.5658407,-7.835259,-1.2626575,-3.2432628,1.709944,2.5826821,2.0238,7.889927,-7.209102,70.7247,4.369409,-2.6173778,0.687899,1.4994934,-5.83325,-1.7748805,63.86989,-24.662851,-0.5055844,-9.828049
14,0.08779260516166687,2.093104600906372,78.64862823486328,0.01924006261453931,0.29325023554019647,-88.7348798313581,-0.6698738,-1.0304344,9.274863,6.450767,-6.705406,1.7644324,-0.18700917,0.4897725,-7.3260193,6.565498,-7.839678,-1.2614361,-3.2478776,1.7056701,2.5900824,2.040142,7.9042225,-7.205566,70.72769,4.344217,-2.6399453,0.69965,1.4990641,-5.8317413,-1.7756783,63.864212,-24.673723,-0.50119144,-9.810278
15,0.08889149129390717,2.0928752422332764,78.64840698242188,0.020735726817841093,0.2865596605799248,-88.73108099090265,-0.661591,-1.0339829,9.27208,6.448781,-6.705224,1.7662189,-0.177577,0.486616,-7.328288,6.5650105,-7.8418097,-1.2596768,-3.2512805,1.7034439,2.5985596,2.0475159,7.9123273,-7.2032022,70.7409,4.317389,-2.6625323,0.7173446,1.4990661,-5.830501,-1.7749181,63.856453,-24.686344,-0.49306786,-9.79479
16,0.08814732730388641,2.0935921669006348,78.6481704711914,0.021557026247130705,0.28331196086371974,-88.7273026428627,-0.6598592,-1.0349382,9.268908,6.450207,-6.705105,1.7663149,-0.17460044,0.4855175,-7.3312993,6.5659704,-7.842625,-1.2598296,-3.2543988,1.7003661,2.6033967,2.0588572,7.925518,-7.200474,70.742775,4.3015337,-2.6752653,0.7275573,1.4972329,-5.8281355,-1.7717965,63.855072,-24.6947,-0.48897374,-9.785262
17,0.0893118679523468,2.0926601886749268,78.64855194091797,0.021439537114112568,0.2855429033612552,-88.7233805147863,-0.66155654,-1.0366833,9.265614,6.450441,-6.7060075,1.7674496,-0.17612499,0.4837954,-7.3347178,6.566604,-7.8438306,-1.2584524,-3.2550688,1.7018263,2.6032958,2.0629873,7.932501,-7.2011867,70.74812,4.3031135,-2.6740344,0.7415039,1.494086,-5.8268332,-1.768788,63.858353,-24.703741,-0.4858509,-9.784307
18,0.09064476937055588,2.091247797012329,78.64874267578125,0.02138657128398231,0.2912058770196346,-88.71921112775075,-0.6677614,-1.0384735,9.262178,6.449425,-6.7045174,1.7685621,-0.17991859,0.48195615,-7.33862,6.565775,-7.844664,-1.2569604,-3.255065,1.7030635,2.6006346,2.0686,7.9426517,-7.20621,70.74377,4.30804,-2.6635866,0.7521048,1.4852206,-5.8250995,-1.7616084,63.872437,-24.708681,-0.48350778,-9.79014
19,0.09163547307252884,2.0887975692749023,78.64901733398438,0.02141535130703096,0.2970451391584926,-88.71512842899253,-0.67349046,-1.040031,9.258628,6.451051,-6.706347,1.7692163,-0.1849331,0.48009238,-7.342506,6.5674987,-7.8470817,-1.2556982,-3.254455,1.7052087,2.5976152,2.0723965,7.9527225,-7.213831,70.7415,4.31408,-2.6519248,0.76068366,1.4766628,-5.823476,-1.7531681,63.886936,-24.707922,-0.4852034,-9.798779
20,0.09288106858730316,2.0879297256469727,78.64887237548828,0.0213561971879635,0.2997368329410701,-88.71139925313173,-0.6765153,-1.0417254,9.255413,6.4506907,-6.705797,1.7702956,-0.18667059,0.47830477,-7.3460064,6.567804,-7.8481917,-1.2544023,-3.2540257,1.7079166,2.596606,2.0758946,7.9608703,-7.220366,70.742584,4.31553,-2.645422,0.7627419,1.4704205,-5.8222823,-1.746376,63.897606,-24.6963,-0.4948316,-9.808256
21,0.09369155019521713,2.0850796699523926,78.64830780029297,0.02040248198729111,0.29720988945679944,-88.70826765603108,-0.6711023,-1.042099,9.252221,6.450709,-6.708811,1.7705582,-0.1807051,0.4781576,-7.3489304,6.568161,-7.8519545,-1.2535694,-3.2543492,1.7092594,2.5990918,2.0823464,7.972229,-7.225877,70.743835,4.306697,-2.6462238,0.75086707,1.4670855,-5.820591,-1.7393752,63.90593,-24.663063,-0.52023304,-9.819692
22,0.0940176323056221,2.083927869796753,78.64794158935547,0.02035023126698785,0.29162360046160013,-88.70551581820513,-0.66438913,-1.0427986,9.249469,6.4510293,-6.7103868,1.7707739,-0.17275174,0.47746882,-7.351397,6.568385,-7.8545737,-1.2531792,-3.254961,1.7108525,2.6032252,2.0901403,7.983627,-7.2266097,70.74604,4.2983828,-2.6506214,0.72902024,1.4683347,-5.8187127,-1.7355975,63.909153,-24.61921,-0.5571679,-9.831724
23,0.09504902362823486,2.0816996097564697,78.64755249023438,0.01924353004579407,0.28601489692186216,-88.70264593189228,-0.6555988,-1.0432076,9.246343,6.449159,-6.7118363,1.7712114,-0.16307817,0.477466,-7.3539543,6.566848,-7.8570375,-1.2522938,-3.2551544,1.7127917,2.6068811,2.0985153,7.9948735,-7.223898,70.7477,4.29338,-2.6570394,0.70505047,1.4713904,-5.816547,-1.7343534,63.909748,-24.576595,-0.59320307,-9.842139
24,0.09585274755954742,2.0801634788513184,78.64752197265625,0.019023863760292227,0.2836783776466553,-88.69929972620713,-0.6519379,-1.0444561,9.242992,6.450523,-6.7146955,1.7717019,-0.15939459,0.47621176,-7.357033,6.5688324,-7.8603196,-1.2514136,-3.2543852,1.7165008,2.607905,2.1028538,8.002645,-7.2219687,70.75335,4.2925134,-2.6639752,0.69145644,1.4725147,-5.814926,-1.7344023,63.909218,-24.547684,-0.6138285,-9.850222
25,0.09684377908706665,2.0781288146972656,78.64754486083984,0.019938564692753055,0.28600280361328406,-88.69501279711366,-0.65428376,-1.0472511,9.239066,6.4511123,-6.715383,1.7723595,-0.15905203,0.47346944,-7.3607492,6.568258,-7.862221,-1.2501153,-3.2526474,1.7199316,2.6045356,2.1102133,8.012062,-7.2217164,70.74979,4.2965827,-2.6723263,0.6821304,1.4725703,-5.8127904,-1.734765,63.90746,-24.535868,-0.6147992,-9.852557
26,0.09840142726898193,2.0756163597106934,78.64726257324219,0.021678566979588202,0.2912133943091722,-88.69032220448452,-0.658611,-1.0518101,9.234959,6.4505877,-6.715919,1.7735512,-0.16149071,0.4691661,-7.3647056,6.568,-7.8643913,-1.2481011,-3.2498689,1.7266109,2.59831,2.11266,8.016128,-7.223373,70.75276,4.30431,-2.6828425,0.6841744,1.4716965,-5.8118124,-1.7349659,63.90406,-24.533033,-0.60138106,-9.85358
27,0.09956761449575424,2.0732169151306152,78.64729309082031,0.02346649812423319,0.2971858928225456,-88.68544754554148,-0.6650098,-1.0559527,9.230661,6.4516816,-6.716698,1.7744968,-0.16569722,0.46499035,-7.3688335,6.56819,-7.866059,-1.2463592,-3.2466753,1.7324758,2.5917983,2.114865,8.020917,-7.2272363,70.75497,4.3116536,-2.6925135,0.68723893,1.4698075,-5.8106337,-1.7352166,63.899853,-24.5356,-0.58401555,-9.853266
28,0.10185657441616058,2.072397470474243,78.64749145507812,0.02513878117181494,0.3020565488479471,-88.68104186176987,-0.6705095,-1.0609288,9.226925,6.451825,-6.7164683,1.7768359,-0.17015122,0.46003312,-7.3724384,6.5683455,-7.866245,-1.2436713,-3.2441137,1.7381455,2.587704,2.1160834,8.022535,-7.22924,70.75511,4.3127384,-2.698338,0.6858561,1.4681363,-5.810192,-1.7352202,63.895752,-24.540123,-0.5731279,-9.852661
29,0.10259279608726501,2.0708653926849365,78.64749145507812,0.024978045381185206,0.3060959830662961,-88.67730769012057,-0.6744828,-1.0624378,9.223011,6.4519067,-6.716541,1.7778656,-0.17235988,0.45875973,-7.376032,6.5679107,-7.8674936,-1.2424453,-3.2425575,1.7412431,2.586808,2.1187437,8.026487,-7.234133,70.75074,4.3051624,-2.6980865,0.6782926,1.4620073,-5.809013,-1.7347828,63.89461,-24.547329,-0.57022417,-9.853618
30,0.10566523671150208,2.069681406021118,78.6478042602539,0.025663798565583623,0.30997996562332164,-88.67380319440251,-0.678457,-1.0666908,9.219742,6.4525046,-6.7172747,1.7812843,-0.17516035,0.4545218,-7.378939,6.568373,-7.868624,-1.2389237,-3.2415378,1.7437832,2.587649,2.1205323,8.0300865,-7.2375207,70.745026,4.2940803,-2.6940713,0.6664494,1.4554869,-5.807751,-1.7338225,63.892395,-24.558382,-0.5709768,-9.854255
31,0.10917782783508301,2.0673675537109375,78.64765167236328,0.02449691615407179,0.3126922627682951,-88.67058396799618,-0.67975444,-1.0692866,9.216431,6.451823,-6.718226,1.7845706,-0.17618869,0.45205247,-7.381777,6.568085,-7.869618,-1.2352993,-3.2410867,1.7444483,2.5900037,2.1227055,8.034916,-7.241152,70.73801,4.2835045,-2.6893842,0.6550497,1.4455464,-5.8058367,-1.7317541,63.89322,-24.569904,-0.5726187,-9.854389
32,0.11154045164585114,2.0639591217041016,78.6471939086914,0.025349830705628233,0.31305735668842655,-88.66731646004675,-0.67723155,-1.0730777,9.21354,6.4504557,-6.7198944,1.7868123,-0.17233121,0.44858384,-7.384155,6.567185,-7.872653,-1.232363,-3.2409418,1.7432026,2.5927496,2.1253896,8.0427065,-7.245104,70.73133,4.2786536,-2.6878014,0.64850885,1.4346551,-5.8023915,-1.7279557,63.896736,-24.5784,-0.5719199,-9.8516035
33,0.11286035925149918,2.0616254806518555,78.6467514038086,0.02508692267103939,0.30895065458409593,-88.66458931826728,-0.671372,-1.0744605,9.211296,6.451282,-6.7226105,1.787669,-0.16508503,0.44729772,-7.3859878,6.568398,-7.8769946,-1.2307644,-3.240106,1.7431242,2.5953019,2.1281695,8.047025,-7.2467833,70.72923,4.2849417,-2.68829,0.65109617,1.4292969,-5.800308,-1.7256337,63.897564,-24.584574,-0.5732629,-9.844324
34,0.11440060287714005,2.0589542388916016,78.64637756347656,0.025954145751791925,0.3014851132152924,-88.66214967440739,-0.66051215,-1.0771909,9.209849,6.451601,-6.7265525,1.7885113,-0.15402219,0.44466957,-7.386962,6.5692387,-7.8814187,-1.2288512,-3.2400405,1.739591,2.5984871,2.136188,8.054739,-7.2492294,70.72107,4.29559,-2.6907265,0.65804195,1.4218032,-5.7962193,-1.7202384,63.904224,-24.587046,-0.57319176,-9.834237
35,0.11719907820224762,2.0571463108062744,78.6463394165039,0.02569388058796462,0.2948914833301638,-88.6593264928563,-0.65120727,-1.0799055,9.208032,6.4512672,-6.7293277,1.7903837,-0.1445265,0.44209084,-7.388468,6.5699162,-7.884865,-1.2261574,-3.2390363,1.7392639,2.6006,2.1399336,8.057929,-7.250018,70.71929,4.31174,-2.6936648,0.66708803,1.4195004,-5.7943745,-1.717752,63.903225,-24.591936,-0.5727508,-9.822139
36,0.11922383308410645,2.0565097332000732,78.64614868164062,0.026026836249162126,0.2943756984371534,-88.65587713917374,-0.6505079,-1.082617,9.2057295,6.4509673,-6.7295213,1.7921901,-0.14271921,0.4393873,-7.390804,6.5699496,-7.8860507,-1.224227,-3.2378712,1.7418611,2.5992866,2.1405091,8.059314,-7.2505074,70.71864,4.312864,-2.6939337,0.6673996,1.4179122,-5.793459,-1.7165741,63.90211,-24.592464,-0.57311386,-9.821439
37,0.12014748156070709,2.0534398555755615,78.64593505859375,0.02631563226130198,0.30000339014688066,-88.6491660512183,-0.65600145,-1.0853686,9.198788,6.451688,-6.730533,1.7933314,-0.14490333,0.43669152,-7.397901,6.5694385,-7.8887897,-1.2229177,-3.2403708,1.7448845,2.5967531,2.1457052,8.06441,-7.254509,70.70555,4.3291984,-2.6949503,0.66532445,1.4067072,-5.7896466,-1.7083628,63.904564,-24.598284,-0.566513,-9.81832
38,0.12244024872779846,2.050140857696533,78.64620971679688,0.02621972745388715,0.31205770752817713,-88.64149304740697,-0.6679225,-1.0891489,9.191012,6.451128,-6.730432,1.7957749,-0.15422456,0.4329666,-7.4061728,6.568823,-7.890468,-1.220588,-3.2414372,1.7524235,2.5895936,2.145585,8.066745,-7.2569084,70.697205,4.336852,-2.693936,0.65525186,1.4016696,-5.7875676,-1.7046597,63.899498,-24.603407,-0.56126344,-9.822738
39,0.12439022213220596,2.0478575229644775,78.64616394042969,0.025287286168182044,0.32425566724621135,-88.63401079570448,-0.68184364,-1.0914748,9.183421,6.4524045,-6.730253,1.7979883,-0.16532843,0.43045875,-7.414446,6.569152,-7.8915505,-1.2187848,-3.243994,1.7579423,2.5853217,2.141926,8.07041,-7.264547,70.690285,4.3309517,-2.6929114,0.6455805,1.3843362,-5.7838387,-1.6945171,63.90853,-24.599907,-0.55357516,-9.835419
40,0.12574820220470428,2.0457723140716553,78.64622497558594,0.02515038186811985,0.33125636481783727,-88.62859007941363,-0.6894849,-1.0936184,9.178371,6.452558,-6.7298894,1.7997817,-0.17066526,0.42820016,-7.4199233,6.5693545,-7.893217,-1.21717,-3.2445188,1.7640128,2.5842502,2.1383643,8.072855,-7.27031,70.68579,4.323663,-2.6922688,0.63692933,1.3733472,-5.7809834,-1.6871808,63.90953,-24.598381,-0.5496857,-9.840621
41,0.128595232963562,2.0450596809387207,78.64604187011719,0.024983767565374366,0.3309057839314218,-88.62580858666531,-0.6882428,-1.0962969,9.176957,6.452142,-6.7306204,1.8028826,-0.16901293,0.4255283,-7.421533,6.569312,-7.8943057,-1.2140725,-3.243614,1.768594,2.5891416,2.1355422,8.0750475,-7.274682,70.68275,4.3080473,-2.691972,0.6302311,1.3667877,-5.778202,-1.6814193,63.90362,-24.598202,-0.5472091,-9.838533
42,0.13193969428539276,2.0449719429016113,78.64576721191406,0.023867827158392512,0.32628658487175627,-88.62461986504314,-0.6823547,-1.0978549,9.17754,6.45144,-6.7313933,1.8063085,-0.16380842,0.42391795,-7.4210463,6.570269,-7.8957553,-1.2105561,-3.241748,1.7730472,2.5967355,2.1328726,8.076477,-7.277338,70.68277,4.2776084,-2.6926692,0.62450695,1.3611681,-5.77625,-1.6776718,63.900494,-24.592632,-0.54556936,-9.837709
43,0.13450291752815247,2.0453500747680664,78.6454086303711,0.021718405404050848,0.32013593829175213,-88.62465158757,-0.6754316,-1.0973432,9.178957,6.451578,-6.7323756,1.8088406,-0.15654786,0.42449895,-7.4196596,6.5704417,-7.897062,-1.2079977,-3.239401,1.7768743,2.6057467,2.1302075,8.077728,-7.279484,70.681656,4.255149,-2.6923158,0.6189921,1.3564681,-5.7743435,-1.674317,63.894547,-24.590046,-0.54687446,-9.832458
44,0.13727612793445587,2.0414228439331055,78.64551544189453,0.022535770682587327,0.3152891658086548,-88.62555840570077,-0.6651384,-1.1003907,9.180928,6.448774,-6.7351637,1.8111868,-0.14774857,0.42157996,-7.4174213,6.5697727,-7.900062,-1.2046381,-3.236785,1.7800244,2.611461,2.1285138,8.0788965,-7.2811236,70.68006,4.2461166,-2.6915371,0.6143094,1.3535379,-5.772285,-1.6717194,63.890144,-24.587631,-0.55252427,-9.829042
45,0.138398677110672,2.0391757488250732,78.64508819580078,0.02346709887224223,0.31193051933482696,-88.62816006850537,-0.6591769,-1.1020372,9.183243,6.450528,-6.739586,1.811984,-0.14262678,0.41991436,-7.4148498,6.570669,-7.9024763,-1.2033057,-3.2351713,1.7801982,2.6157606,2.1235116,8.0805,-7.286003,70.68205,4.252679,-2.690136,0.6129059,1.3436822,-5.7689066,-1.6646595,63.898617,-24.582642,-0.56163,-9.829714
46,0.1397731602191925,2.036766529083252,78.6452865600586,0.025270460552177566,0.3090177848580995,-88.63236768406017,-0.65290886,-1.1047401,9.186685,6.4500976,-6.7426105,1.8127528,-0.13735397,0.41727492,-7.411167,6.5696917,-7.9033713,-1.2018567,-3.2334912,1.7792817,2.6176667,2.119688,8.082156,-7.2924585,70.68374,4.2709036,-2.688618,0.61443543,1.3342586,-5.7646885,-1.6564838,63.910034,-24.576973,-0.57550037,-9.832066
47,0.1411590427160263,2.0335090160369873,78.6451187133789,0.027048835997683717,0.30663921695708357,-88.63648351630138,-0.64641714,-1.1075499,9.189797,6.4507594,-6.7475057,1.8134574,-0.13223988,0.41457412,-7.4077024,6.5693893,-7.9053144,-1.2004148,-3.2309158,1.7796557,2.617707,2.1189954,8.082879,-7.2952266,70.68063,4.2981024,-2.6851206,0.61258173,1.3319999,-5.7621746,-1.6534373,63.9136,-24.575474,-0.59217036,-9.830818
48,0.1414797455072403,2.031068801879883,78.6448974609375,0.027024522827579885,0.3045160092502118,-88.63868183775877,-0.64169973,-1.1077348,9.1908865,6.450861,-6.7501054,1.8134171,-0.12769476,0.41457963,-7.406135,6.5693803,-7.9074984,-1.2002226,-3.228846,1.7789438,2.6191287,2.1159503,8.083788,-7.3037214,70.67885,4.3123617,-2.680029,0.6139067,1.3247383,-5.757644,-1.6443727,63.92257,-24.56264,-0.5979049,-9.841342
49,0.14391955733299255,2.0307748317718506,78.6446304321289,0.02785674043832698,0.3027954710838136,-88.63812949868712,-0.6392822,-1.1110632,9.19023,6.4504313,-6.750543,1.8161839,-0.124983795,0.41135672,-7.4062333,6.568785,-7.9075603,-1.1980697,-3.2254853,1.7804544,2.6218789,2.1128898,8.084206,-7.310151,70.67214,4.3229027,-2.6717525,0.60842925,1.3217807,-5.754175,-1.6372657,63.922993,-24.542925,-0.5978021,-9.856853
50,0.1470343917608261,2.028317928314209,78.64417266845703,0.026768835842618667,0.30134612175200043,-88.63580950829261,-0.6355266,-1.1131991,9.187598,6.450138,-6.75271,1.8192338,-0.12063015,0.40951455,-7.4079432,6.569114,-7.910514,-1.1955011,-3.2216377,1.782804,2.625223,2.1093585,8.084257,-7.315572,70.66332,4.3305945,-2.6610024,0.600356,1.3203788,-5.7515697,-1.6309046,63.92093,-24.516058,-0.5924911,-9.87868
51,0.14842717349529266,2.023198127746582,78.64401245117188,0.02669708943926878,0.30066319036671374,-88.63319677661319,-0.63061917,-1.1149639,9.184729,6.450183,-6.756936,1.8206602,-0.1154686,0.40796116,-7.409804,6.5697823,-7.9155436,-1.1939416,-3.2181058,1.7852079,2.6282308,2.1045415,8.084062,-7.321663,70.65626,4.333169,-2.6506114,0.5935593,1.319242,-5.748967,-1.6234034,63.917824,-24.490429,-0.5853619,-9.900658
52,0.1512213796377182,2.021122932434082,78.64436340332031,0.026572902650597016,0.3014056042240589,-88.63184936990723,-0.6288514,-1.1176888,9.183621,6.448776,-6.758289,1.8233279,-0.11338619,0.40556931,-7.410374,6.567909,-7.916165,-1.1913744,-3.2161155,1.7882522,2.628938,2.103413,8.083926,-7.3230047,70.6468,4.3363233,-2.6419613,0.5876587,1.3188943,-5.7481537,-1.6217313,63.914524,-24.483522,-0.5850296,-9.909202
53,0.15415456891059875,2.0221009254455566,78.64459991455078,0.026528783645173356,0.3044995475618869,-88.632225343352,-0.634462,-1.1198108,9.184839,6.4508243,-6.7583423,1.8260369,-0.11857053,0.40297636,-7.409411,6.5700026,-7.9158125,-1.188835,-3.2166054,1.7894125,2.6285377,2.0956228,8.083124,-7.3328342,70.648254,4.3266745,-2.635521,0.59083974,1.3147578,-5.744616,-1.6096605,63.914856,-24.495234,-0.5879547,-9.908611
54,0.15673115849494934,2.0192325115203857,78.64488983154297,0.02643532796582678,0.30943523842694703,-88.6334608810423,-0.63742733,-1.1215557,9.186978,6.4508624,-6.7608495,1.8276141,-0.12189411,0.4011556,-7.40755,6.5703883,-7.9174266,-1.1862254,-3.2188437,1.7906191,2.6259463,2.0918102,8.082422,-7.3394427,70.645386,4.3179235,-2.6292973,0.5954908,1.3110732,-5.741875,-1.6018559,63.914265,-24.530714,-0.59724194,-9.894026
55,0.15816481411457062,2.0165421962738037,78.64422607421875,0.02738437353501972,0.3142630092726579,-88.63523925150527,-0.63980913,-1.123521,9.189643,6.4494905,-6.7623186,1.8284076,-0.124882825,0.39930183,-7.405215,6.568969,-7.9175215,-1.1844529,-3.2212791,1.791912,2.622772,2.0890012,8.0817795,-7.344677,70.64315,4.3063316,-2.6250143,0.6000517,1.3075383,-5.7396746,-1.5959843,63.91468,-24.562244,-0.60598326,-9.879779
56,0.16115731000900269,2.0146028995513916,78.64385223388672,0.02723321411951967,0.31695663298000304,-88.63703577370644,-0.64134353,-1.1254876,9.191926,6.45072,-6.765275,1.8304709,-0.12724943,0.39711794,-7.4030766,6.570182,-7.9186587,-1.1816831,-3.22248,1.7940501,2.620509,2.0860436,8.081196,-7.349266,70.642044,4.2949996,-2.6221182,0.5997644,1.3043642,-5.738008,-1.5912062,63.917213,-24.568977,-0.6101991,-9.874506
57,0.16327188909053802,2.0139548778533936,78.64341735839844,0.026993017643125762,0.31690833859722634,-88.63881387993011,-0.64073133,-1.1267495,9.193472,6.4515586,-6.7670784,1.8322254,-0.12704125,0.39577135,-7.4014425,6.570481,-7.9188585,-1.1799978,-3.223033,1.7961354,2.6190386,2.0851166,8.080997,-7.3501086,70.64148,4.2941284,-2.6223032,0.5991844,1.3039517,-5.737522,-1.5906942,63.917248,-24.566439,-0.6100721,-9.874964
58,0.16464151442050934,2.010577917098999,78.64302062988281,0.02705825188995648,0.31317108915658387,-88.64143732089153,-0.6327317,-1.1278672,9.194918,6.451656,-6.7716937,1.8331364,-0.1196779,0.39493516,-7.399291,6.569849,-7.921642,-1.1787404,-3.2198265,1.8009485,2.6184459,2.079437,8.079775,-7.355983,70.646675,4.2679205,-2.6254048,0.5777744,1.303295,-5.7352147,-1.5873754,63.922222,-24.477474,-0.5998158,-9.898084
59,0.16536016762256622,2.0052871704101562,78.64266967773438,0.027014715261155488,0.31012768868594986,-88.64374215883606,-0.62443596,-1.1282728,9.195992,6.4520574,-6.777459,1.8330919,-0.11177044,0.39477116,-7.3974643,6.569729,-7.9262676,-1.177909,-3.2172797,1.804366,2.6177466,2.076052,8.078725,-7.359286,70.64932,4.2566404,-2.6285024,0.56417817,1.3044137,-5.7335157,-1.5867027,63.92455,-24.4196,-0.59197617,-9.915224
60,0.1669856458902359,2.0037453174591064,78.64286804199219,0.027770109338288072,0.3091696874104617,-88.64572072407935,-0.6213732,-1.1303598,9.197664,6.4519944,-6.7798367,1.8340671,-0.10909121,0.39282364,-7.3954597,6.5693746,-7.9274287,-1.176263,-3.2147315,1.8072516,2.6170874,2.0732381,8.077998,-7.361783,70.64801,4.2541494,-2.6289504,0.5547429,1.3056842,-5.732436,-1.5864738,63.926327,-24.3892,-0.5893529,-9.926692
61,0.16809262335300446,1.9994653463363647,78.6432876586914,0.02853088866450902,0.3116200551277143,-88.64666950114693,-0.62027735,-1.1321318,9.198902,6.4518795,-6.7835097,1.83358,-0.10887192,0.3911403,-7.393881,6.569637,-7.9302564,-1.1744907,-3.2121694,1.8082974,2.6163716,2.0710437,8.077362,-7.36401,70.639725,4.264336,-2.62564,0.5513735,1.3064039,-5.7315154,-1.5857266,63.92828,-24.400322,-0.59472567,-9.930654
62,0.17120014131069183,1.998023271560669,78.64324951171875,0.031111314007183682,0.3160983003301569,-88.64696546038795,-0.62442565,-1.1375557,9.200793,6.452351,-6.784901,1.8350414,-0.11289111,0.38560045,-7.3920565,6.570268,-7.9310265,-1.1706654,-3.2088337,1.8087445,2.6159673,2.0664465,8.076083,-7.370337,70.62909,4.281728,-2.6197927,0.5521378,1.3068472,-5.7296,-1.5818342,63.93114,-24.434267,-0.6050055,-9.931642
63,0.1751837432384491,1.997428059577942,78.64331817626953,0.031745001463534664,0.32060145009370505,-88.64777368255099,-0.629156,-1.1414846,9.202993,6.452278,-6.7852716,1.8369746,-0.11784151,0.38155186,-7.39004,6.5707946,-7.930726,-1.1665993,-3.205735,1.8085334,2.6160085,2.0609918,8.074974,-7.3787,70.62206,4.2957444,-2.614501,0.55742097,1.306401,-5.7278366,-1.5751616,63.933838,-24.468384,-0.61248446,-9.934456
64,0.1776045709848404,1.9950498342514038,78.64329528808594,0.033582790916479206,0.32318566878354454,-88.65031802534482,-0.6296854,-1.1451049,9.206487,6.4530945,-6.788621,1.8380234,-0.11911104,0.37788162,-7.386613,6.5715218,-7.932466,-1.1639149,-3.2034266,1.8087586,2.617067,2.058282,8.074322,-7.384115,70.614426,4.3100386,-2.6114726,0.55918354,1.3056535,-5.7267704,-1.570356,63.936584,-24.488802,-0.61721265,-9.935154
65,0.1802457869052887,1.9916107654571533,78.64297485351562,0.03345009166299556,0.3231167007732907,-88.65555901172938,-0.6260333,-1.1461908,9.211761,6.452677,-6.792216,1.8393689,-0.116987444,0.37676024,-7.3813357,6.5712166,-7.933842,-1.162052,-3.201688,1.8090872,2.6191814,2.0549624,8.07337,-7.3921356,70.61511,4.3152213,-2.6124866,0.56115705,1.3040795,-5.7252994,-1.5633266,63.938354,-24.478176,-0.6123489,-9.940892
66,0.18130913376808167,1.9914127588272095,78.64302062988281,0.034425849929979276,0.3214971719228948,-88.66272453650176,-0.6226986,-1.1468173,9.2187805,6.45295,-6.794514,1.840405,-0.11600382,0.37602627,-7.3745284,6.5707297,-7.9324465,-1.1620679,-3.200549,1.8093834,2.6222959,2.0536678,8.072601,-7.3976145,70.61656,4.3230505,-2.615428,0.5605807,1.3027493,-5.724221,-1.5589628,63.938484,-24.457172,-0.6040693,-9.945262
67,0.18298164010047913,1.9904764890670776,78.6427993774414,0.033475499270177476,0.3191442428074297,-88.66987158858362,-0.6178967,-1.1458473,9.225364,6.453233,-6.797541,1.8416545,-0.113558784,0.3769293,-7.3681893,6.5705786,-7.9320793,-1.1618092,-3.1997414,1.8098888,2.6258183,2.0533733,8.072098,-7.399514,70.61787,4.328943,-2.618961,0.56093514,1.3021252,-5.7235994,-1.5576415,63.938133,-24.439054,-0.59525114,-9.94763
68,0.18368889391422272,1.9915891885757446,78.64265441894531,0.033342292968805316,0.3189246941266839,-88.67170740691654,-0.61807626,-1.1460556,9.226917,6.453383,-6.7974544,1.8427421,-0.11424539,0.3767429,-7.366735,6.570502,-7.93096,-1.1617184,-3.2001956,1.8102615,2.6260512,2.0531678,8.071886,-7.3999777,70.6178,4.329005,-2.6189919,0.56096566,1.302247,-5.7232676,-1.5573916,63.938297,-24.439014,-0.5951825,-9.947579
69,0.1859676092863083,1.989063024520874,78.64237213134766,0.03249980112353322,0.31324726068783687,-88.67703421962202,-0.60857403,-1.1459061,9.232154,6.4535246,-6.8017373,1.8439647,-0.10596658,0.37683326,-7.3616605,6.569598,-7.932431,-1.159391,-3.1975207,1.8139784,2.636154,2.0487897,8.070724,-7.4062734,70.61639,4.330512,-2.6214833,0.57387257,1.3004997,-5.72205,-1.5527276,63.94335,-24.45982,-0.5896941,-9.933275
70,0.18673144280910492,1.9881654977798462,78.64183807373047,0.029443453044452134,0.30945951624274287,-88.67720785776217,-0.6031289,-1.1432245,9.23167,6.4532595,-6.803148,1.8441113,-0.100771524,0.3796674,-7.3621445,6.5693164,-7.933626,-1.1582474,-3.1963165,1.8176765,2.6428301,2.045617,8.07026,-7.4084992,70.61291,4.3248816,-2.6202981,0.585861,1.3006744,-5.7216034,-1.5507599,63.94792,-24.50008,-0.5924532,-9.917235
71,0.18856742978096008,1.9884934425354004,78.64163208007812,0.027364089467433236,0.3057510247568132,-88.67716617657901,-0.59888893,-1.1424775,9.231388,6.4529786,-6.803569,1.8453615,-0.09662314,0.38039002,-7.362573,6.5696034,-7.934274,-1.1560407,-3.1955254,1.8210899,2.6492877,2.0425577,8.069989,-7.4098916,70.61002,4.3189626,-2.619846,0.5989671,1.3010612,-5.7213674,-1.5493145,63.952084,-24.542889,-0.59537035,-9.898931
72,0.19023333489894867,1.9886070489883423,78.64210510253906,0.026384919007172863,0.30276347290391853,-88.67854135208917,-0.5948667,-1.1425877,9.232541,6.4529767,-6.8047757,1.8463811,-0.0935106,0.38023126,-7.361587,6.5697885,-7.934432,-1.1542623,-3.1954687,1.8233441,2.6551266,2.0359209,8.069449,-7.4131436,70.61207,4.313211,-2.6214883,0.6115128,1.3011992,-5.720927,-1.5457009,63.954712,-24.572073,-0.5961203,-9.881885
73,0.1914268136024475,1.9894832372665405,78.64221954345703,0.025414706134722118,0.300798829268459,-88.68245669665542,-0.5920156,-1.1419201,9.235847,6.452327,-6.8051004,1.8466498,-0.09207574,0.38091892,-7.358578,6.5687394,-7.932654,-1.1537441,-3.1978233,1.8233771,2.6584165,2.0318344,8.069185,-7.4155803,70.61951,4.3092313,-2.626883,0.6260994,1.2996148,-5.7207355,-1.5431309,63.957546,-24.581446,-0.5927038,-9.866798
74,0.1938895881175995,1.9879741668701172,78.6424789428711,0.025365625493930757,0.29939819245325744,-88.68766386325053,-0.5887737,-1.142852,9.240563,6.4525847,-6.8074164,1.8474704,-0.0895575,0.37970793,-7.354195,6.5682297,-7.9328256,-1.1521847,-3.2017622,1.8226858,2.660324,2.0307949,8.069065,-7.417187,70.62444,4.309355,-2.6332016,0.64001495,1.2975178,-5.720635,-1.5415813,63.960545,-24.58363,-0.58925396,-9.850187
75,0.19433416426181793,1.9850085973739624,78.64257049560547,0.024463794459437225,0.29844878052422746,-88.69286360148992,-0.58434254,-1.1413527,9.244765,6.4524703,-6.810705,1.8463236,-0.087015696,0.38115203,-7.350112,6.567892,-7.93387,-1.1525136,-3.2057076,1.8211085,2.6619923,2.0301135,8.069028,-7.419412,70.62892,4.3055305,-2.640675,0.65448546,1.2932768,-5.720573,-1.5395292,63.96451,-24.580694,-0.58361924,-9.834927
76,0.19680973887443542,1.982967734336853,78.64271545410156,0.025233115228847254,0.297850406230206,-88.69645045105132,-0.5811019,-1.143695,9.24837,6.4518843,-6.81307,1.8476772,-0.084537,0.37881285,-7.3465776,6.567183,-7.934608,-1.1505623,-3.2079651,1.8202676,2.665171,2.0284111,8.069151,-7.4223228,70.62739,4.2927804,-2.6462436,0.66407216,1.2860829,-5.720598,-1.5366082,63.97094,-24.579199,-0.5770703,-9.825874
77,0.1976139396429062,1.9825174808502197,78.64274597167969,0.02602659967841717,0.2996076889786428,-88.6979452062424,-0.5834996,-1.1450168,9.2502,6.452343,-6.813065,1.8484931,-0.08686501,0.3773715,-7.344706,6.5672226,-7.933867,-1.1498561,-3.207166,1.8189561,2.6675901,2.025626,8.069473,-7.4243493,70.618706,4.2690897,-2.6498694,0.66560125,1.2814299,-5.7207975,-1.5343313,63.9687,-24.58364,-0.56571186,-9.821002
78,0.20040978491306305,1.9846547842025757,78.64251708984375,0.027745098587081095,0.3031068222342211,-88.69825860481973,-0.5889798,-1.1494812,9.251733,6.4528265,-6.812128,1.851858,-0.09245817,0.37303528,-7.3431745,6.566927,-7.931052,-1.1473354,-3.2047086,1.817147,2.6718931,2.015908,8.07031,-7.4289856,70.61124,4.231979,-2.6534767,0.6624903,1.2708535,-5.7214184,-1.5286803,63.96878,-24.58436,-0.5506274,-9.822034
79,0.20316186547279358,1.991291880607605,78.6426773071289,0.029325170916050376,0.3042563626478915,-88.69788698869431,-0.5955902,-1.1538717,9.252868,6.4510574,-6.805482,1.8558677,-0.099368185,0.36861286,-7.3424454,6.565488,-7.9234347,-1.1450876,-3.201362,1.8157959,2.6825373,1.9907341,8.072614,-7.4404864,70.61746,4.1867414,-2.658332,0.6599957,1.2484574,-5.7233334,-1.5134513,63.979786,-24.574692,-0.5370038,-9.831265
80,0.20689700543880463,2.003185749053955,78.6426010131836,0.0280541521552748,0.2994533004638905,-88.69763563716928,-0.60068357,-1.1556907,9.253673,6.4525,-6.7977386,1.8606759,-0.10425481,0.36638883,-7.342383,6.566554,-7.914452,-1.1428055,-3.1976187,1.8165134,2.690373,1.9883296,8.072909,-7.44155,70.60195,4.171906,-2.6587014,0.66008925,1.2464254,-5.7235904,-1.5118355,63.974964,-24.584646,-0.5308503,-9.835375
81,0.20612585544586182,2.007878541946411,78.64289093017578,0.027002548953542302,0.28544068198868644,-88.69670023328993,-0.5892499,-1.1539508,9.252743,6.452714,-6.7953444,1.8605568,-0.09202604,0.36788583,-7.343976,6.5662994,-7.91247,-1.1434907,-3.1948144,1.82011,2.7106023,1.9647796,8.077372,-7.454234,70.61022,4.159076,-2.6601882,0.6652338,1.2234279,-5.7276735,-1.4880085,63.997837,-24.576807,-0.5358318,-9.855049
82,0.20835532248020172,2.0156431198120117,78.64324951171875,0.0240182229394369,0.26531761372265855,-88.69505090984538,-0.57218814,-1.152815,9.251149,6.45243,-6.792337,1.8628943,-0.07478271,0.3688155,-7.3465085,6.565852,-7.908923,-1.1419588,-3.1912005,1.8270687,2.7286875,1.9611169,8.079166,-7.4573264,70.598404,4.174768,-2.6566129,0.6717591,1.2180474,-5.7293406,-1.4799073,64.0094,-24.591703,-0.5490115,-9.871947
83,0.2085362821817398,2.015450954437256,78.6431884765625,0.020991683296448387,0.24314442874966086,-88.69437187410044,-0.54641914,-1.1496611,9.249692,6.4518332,-6.7953115,1.8622652,-0.048656993,0.3719804,-7.348241,6.565573,-7.9126234,-1.1415565,-3.1875284,1.8328462,2.7494283,1.9589093,8.081128,-7.4593463,70.58454,4.194596,-2.653632,0.6812629,1.2126689,-5.731169,-1.4715981,64.01811,-24.605244,-0.56386995,-9.888225
84,0.20819169282913208,2.0139822959899902,78.64334869384766,0.019958724861284867,0.22303586204047005,-88.69632451919799,-0.52155757,-1.147821,9.250882,6.451449,-6.7996283,1.8611298,-0.024831994,0.37387612,-7.346807,6.5658364,-7.916702,-1.1413754,-3.1858332,1.8334737,2.7738426,1.9553198,8.08505,-7.4615884,70.56969,4.204155,-2.6545312,0.69302064,1.1994534,-5.7348447,-1.4515352,64.02495,-24.599031,-0.57487583,-9.900949
85,0.20871609449386597,2.021043300628662,78.64338684082031,0.01886427440560362,0.20555187629599675,-88.70307264409534,-0.5068642,-1.1458471,9.25687,6.452039,-6.7976227,1.8614401,-0.012140673,0.3758496,-7.340397,6.566531,-7.912806,-1.1415423,-3.184012,1.8276082,2.802698,1.9519899,8.088922,-7.461172,70.551216,4.2055078,-2.6603298,0.70971954,1.1873454,-5.738419,-1.4332001,64.01266,-24.585684,-0.58034277,-9.900854
86,0.20878902077674866,2.028066873550415,78.64336395263672,0.019650039085081086,0.1886726185598765,-88.71319324471914,-0.49167472,-1.1450541,9.266188,6.4518223,-6.7959437,1.8613129,-0.0010428631,0.37675282,-7.3302517,6.5663977,-7.907198,-1.1419729,-3.183886,1.8165814,2.8376822,1.9458344,8.094665,-7.4572067,70.53295,4.199132,-2.6710703,0.7279643,1.1642872,-5.7436547,-1.4037745,64.00204,-24.544348,-0.5848527,-9.9006195
87,0.21312585473060608,2.0382885932922363,78.64408874511719,0.02045067897904082,0.17260684579822855,-88.72270041213298,-0.48043436,-1.1479077,9.275705,6.4517307,-6.7918286,1.865278,0.0066785146,0.37380168,-7.3199515,6.566926,-7.8992114,-1.1389912,-3.1825664,1.8051946,2.8701982,1.9421558,8.098329,-7.4534974,70.51204,4.197782,-2.6807697,0.74951154,1.1492782,-5.7469716,-1.3850892,63.980236,-24.52221,-0.58814144,-9.893222
88,0.2143120914697647,2.0468509197235107,78.64439392089844,0.02034312678381147,0.15768849852797331,-88.72758175534227,-0.46948445,-1.1481167,9.2803955,6.450793,-6.7871566,1.8669248,0.01596448,0.37379462,-7.3147864,6.566048,-7.8926735,-1.1386349,-3.185194,1.795501,2.8982534,1.938255,8.104018,-7.447795,70.49234,4.203366,-2.6877055,0.76738673,1.1270481,-5.752226,-1.3554659,63.976192,-24.50132,-0.5921371,-9.893188
89,0.2132275104522705,2.0545856952667236,78.6443099975586,0.021181343069092484,0.14480185542839272,-88.72495569435983,-0.46305552,-1.1486218,9.278208,6.4523673,-6.7822185,1.8677971,0.023727804,0.37309137,-7.3168774,6.5677466,-7.8892164,-1.139717,-3.192234,1.7884827,2.916342,1.9375896,8.110648,-7.444244,70.471664,4.220353,-2.688926,0.7844597,1.1066039,-5.7585807,-1.320757,63.983345,-24.50335,-0.597994,-9.896487
90,0.21155492961406708,2.0655486583709717,78.64454650878906,0.021947075479250986,0.13363591024138077,-88.7176058006968,-0.461885,-1.1495225,9.271816,6.453483,-6.7731786,1.8693179,0.027892277,0.37199497,-7.3235598,6.568164,-7.8824606,-1.1414167,-3.201713,1.7829657,2.9271433,1.9402767,8.117593,-7.444963,70.449295,4.2423677,-2.6867378,0.8015802,1.0891681,-5.7654567,-1.2834619,63.99604,-24.517029,-0.6053474,-9.901182
91,0.21192920207977295,2.0746145248413086,78.64498138427734,0.021772510675001102,0.12214345635896805,-88.70988998428997,-0.45796335,-1.1512471,9.265131,6.4535613,-6.765682,1.8721693,0.034284744,0.3702074,-7.330473,6.5681505,-7.876948,-1.1414238,-3.2101538,1.7789696,2.9363184,1.9465746,8.126077,-7.448861,70.42343,4.2619586,-2.683842,0.8175696,1.0732692,-5.7743177,-1.2398326,64.00906,-24.527166,-0.6107257,-9.90874
92,0.20962262153625488,2.084700107574463,78.64545440673828,0.022824271632239435,0.10851557344646393,-88.70631274321732,-0.45109305,-1.1512848,9.262165,6.4521523,-6.757063,1.8726547,0.04233652,0.37026522,-7.333765,6.566294,-7.8694773,-1.1439018,-3.2144058,1.7770447,2.9486728,1.9589431,8.139228,-7.453368,70.38953,4.2717786,-2.6832278,0.82722425,1.0574917,-5.7893796,-1.181007,64.01918,-24.507696,-0.61351216,-9.920677
93,0.20951561629772186,2.0972042083740234,78.64606475830078,0.02101523749972594,0.09190292230385817,-88.71066947130863,-0.44239062,-1.148197,9.266469,6.4521494,-6.748806,1.8741587,0.049002975,0.3729808,-7.3300133,6.5678024,-7.861077,-1.1457324,-3.2034945,1.7797402,2.9644635,1.966927,8.144545,-7.451823,70.36019,4.2790146,-2.6823807,0.83524525,1.0507178,-5.796283,-1.1614192,64.01486,-24.501528,-0.6144712,-9.930979
94,0.21031427383422852,2.111452341079712,78.64647674560547,0.01921440661013333,0.0733582336259687,-88.71964829553214,-0.43118542,-1.1449586,9.275343,6.4500833,-6.7390113,1.876318,0.056493886,0.37596694,-7.321847,6.5672593,-7.849486,-1.1473016,-3.187143,1.7856724,2.9816475,1.9799347,8.151321,-7.4439983,70.32438,4.282448,-2.6809971,0.8367631,1.0423075,-5.806386,-1.1413472,64.0118,-24.481792,-0.6152508,-9.944324
95,0.21295225620269775,2.127772569656372,78.64723205566406,0.01844021402465872,0.054005708345524955,-88.72720123939798,-0.42038196,-1.1448075,9.283327,6.447345,-6.7276726,1.880253,0.06346449,0.37583464,-7.3147345,6.5660825,-7.8357496,-1.1471413,-3.1694574,1.7924312,3.0039344,1.9899019,8.156518,-7.4344726,70.29001,4.291587,-2.6856713,0.8402143,1.035605,-5.8153763,-1.1298013,64.00041,-24.469131,-0.61001176,-9.95562
96,0.2102634608745575,2.143394708633423,78.64801788330078,0.01733727944931344,0.0349341119352496,-88.72725792871691,-0.41233686,-1.1414334,9.28316,6.4472685,-6.7160625,1.8795866,0.07129978,0.37892932,-7.315803,6.5662155,-7.825083,-1.1510053,-3.1583557,1.7971394,3.0352523,2.002786,8.161161,-7.423189,70.242676,4.3227944,-2.6951787,0.84352696,1.0226084,-5.824353,-1.1189314,63.990387,-24.456055,-0.6036582,-9.963472
97,0.2077043056488037,2.1611711978912354,78.64897155761719,0.018829644483828692,0.014221664686042282,-88.71576068637674,-0.4063085,-1.1437215,9.27241,6.4470663,-6.701213,1.8794042,0.08174214,0.37648845,-7.327598,6.5656996,-7.814664,-1.1535428,-3.1587114,1.7987885,3.0785708,2.013357,8.1653805,-7.413347,70.19251,4.3725843,-2.7218885,0.85627925,1.0053598,-5.8331256,-1.1081529,63.970863,-24.451286,-0.58103496,-9.968302
98,0.20501497387886047,2.179743766784668,78.65017700195312,0.02197455245725816,-0.00803473207913489,-88.69671037368943,-0.40131062,-1.1493851,9.254733,6.4477506,-6.6849895,1.8792022,0.09444033,0.37056994,-7.3465376,6.5647893,-7.804561,-1.1553377,-3.1706798,1.8002937,3.1338527,2.029292,8.174589,-7.3947644,70.12631,4.43933,-2.7593825,0.86479515,0.96809983,-5.8537436,-1.0813082,63.966522,-24.427095,-0.5560425,-9.970916
99,0.2015092670917511,2.2010388374328613,78.6507568359375,0.025192017772787536,-0.027621633796885207,-88.67614385565571,-0.4016563,-1.1548734,9.235536,6.4481263,-6.665715,1.8790752,0.10167355,0.36484194,-7.3671713,6.5639315,-7.791812,-1.1579726,-3.1795712,1.8008736,3.1922202,2.039452,8.181829,-7.3837886,70.06384,4.5109262,-2.7969923,0.8769661,0.937421,-5.8715506,-1.0564246,63.950047,-24.414213,-0.5296026,-9.970551
100,0.1985248178243637,2.228886127471924,78.65190124511719,0.027695915779379975,-0.04032507693250103,-88.65999117432023,-0.41466558,-1.1588752,9.220889,6.449384,-6.64136,1.8811685,0.094623044,0.36032206,-7.3836927,6.563302,-7.771858,-1.1612576,-3.1815073,1.8024141,3.2498116,2.0494277,8.190237,-7.374955,69.9969,4.584272,-2.8228536,0.88344187,0.9035027,-5.8942537,-1.0217288,63.939728,-24.407118,-0.5182624,-9.964999
101,0.1994042694568634,2.2578160762786865,78.65292358398438,0.02676332954532765,-0.04438791412564156,-88.65049117822684,-0.4377273,-1.1606102,9.212512,6.450115,-6.615022,1.887614,0.07501199,0.3577308,-7.394131,6.5637527,-7.748687,-1.1624845,-3.1742496,1.8061529,3.303555,2.059265,8.19969,-7.3701844,69.927284,4.6704407,-2.8300395,0.87930274,0.87191314,-5.9232783,-0.97315633,63.9305,-24.405424,-0.528285,-9.951086
102,0.199398472905159,2.2868995666503906,78.65455627441406,0.02508610370141424,-0.042222738215079596,-88.64428827381239,-0.46794397,-1.1598206,9.206913,6.45063,-6.587118,1.8942653,0.04714521,0.35748565,-7.4016833,6.563904,-7.7233024,-1.1649426,-3.1569698,1.8083117,3.3552907,2.0652544,8.20443,-7.3709936,69.8599,4.7731605,-2.8249998,0.8755006,0.8515056,-5.9392166,-0.9429293,63.908356,-24.438147,-0.5457791,-9.930887
103,0.19496557116508484,2.3190226554870605,78.65574645996094,0.022645430597868315,-0.03604134009984642,-88.63889592919297,-0.50496244,-1.1544597,9.2016735,6.4513416,-6.556008,1.8977729,0.011912054,0.3620003,-7.409219,6.564369,-7.6953797,-1.1717758,-3.141049,1.8129524,3.4108422,2.0755706,8.215013,-7.374873,69.780975,4.8531795,-2.819569,0.8682102,0.81465787,-5.977322,-0.8694205,63.90675,-24.437551,-0.5726017,-9.912125
104,0.19042007625102997,2.353717565536499,78.6572036743164,0.02200794386766874,-0.02811967672239895,-88.63163474556798,-0.5468584,-1.1513196,9.195665,6.451988,-6.521942,1.9010302,-0.02769222,0.36415106,-7.4177704,6.5643153,-7.664288,-1.178665,-3.1206841,1.8165709,3.470745,2.0857084,8.224731,-7.3783283,69.69563,4.8959646,-2.8227763,0.87121135,0.77888083,-6.0159445,-0.7965928,63.906075,-24.443005,-0.5951981,-9.895118
105,0.18593643605709076,2.3904478549957275,78.65923309326172,0.02305949582776465,-0.017825167012223007,-88.62201152508604,-0.5933172,-1.150562,9.18887,6.4515066,-6.4848423,1.9037117,-0.0711398,0.3639179,-7.427586,6.5649595,-7.632363,-1.1855109,-3.0976295,1.818252,3.5359898,2.0971003,8.2351675,-7.3786297,69.600044,4.87145,-2.842186,0.88591313,0.73447424,-6.0596313,-0.7156287,63.91836,-24.446362,-0.6153004,-9.882478
106,0.18217037618160248,2.433135747909546,78.66181182861328,0.02512181492904828,-0.0043803130314294,-88.61125731384794,-0.6490216,-1.15161,9.182372,6.451571,-6.4424973,1.9073473,-0.12388526,0.36153793,-7.437665,6.5653486,-7.5939407,-1.1922315,-3.0716138,1.8186365,3.6054523,2.1090586,8.246144,-7.3757024,69.49602,4.8015985,-2.8707259,0.90744776,0.6835845,-6.1071362,-0.62802166,63.940247,-24.45127,-0.63648874,-9.871211
107,0.17593856155872345,2.4761340618133545,78.66366577148438,0.0271534032494944,0.010331527421953427,-88.59990813934557,-0.7067632,-1.1508398,9.174711,6.4515676,-6.3990846,1.908766,-0.1777956,0.36122808,-7.4488144,6.5656605,-7.5558543,-1.2011061,-3.0428648,1.8188893,3.6806056,2.1209679,8.25768,-7.3696194,69.38621,4.7382193,-2.8972197,0.9334392,0.6283373,-6.1585374,-0.5353291,63.96553,-24.456509,-0.65358764,-9.861683
108,0.17267349362373352,2.5190978050231934,78.665283203125,0.029266995577013035,0.024513911543988607,-88.58849083093942,-0.76347005,-1.1529346,9.166327,6.451571,-6.3566813,1.9127717,-0.23130736,0.35810697,-7.4602423,6.5661063,-7.5175056,-1.2071571,-3.0119095,1.8210679,3.7627118,2.1316426,8.2694,-7.361552,69.273796,4.731201,-2.9102848,0.96136665,0.5717776,-6.212839,-0.44065168,63.988045,-24.462137,-0.66258556,-9.85298
109,0.1661815494298935,2.566744089126587,78.66683197021484,0.029526946802663843,0.035338557872037574,-88.57723880486012,-0.82214254,-1.1504887,9.155441,6.4531693,-6.3103113,1.914507,-0.2846702,0.35958484,-7.4734893,6.566086,-7.4760575,-1.2163184,-2.9776661,1.8252482,3.8514082,2.1418204,8.281054,-7.3528605,69.15803,4.811856,-2.9010894,0.99294776,0.51592016,-6.2692823,-0.346799,64.008354,-24.47426,-0.6585074,-9.846067
110,0.1599569469690323,2.6139023303985596,78.66876220703125,0.02886617443206255,0.04466696536222376,-88.56602611177705,-0.8776765,-1.1477233,9.143128,6.454241,-6.26522,1.9161112,-0.33628938,0.36169162,-7.487544,6.5663257,-7.435196,-1.2251107,-2.9395072,1.8305238,3.9462228,2.151459,8.292629,-7.343445,69.03795,4.9472566,-2.8774154,1.0290738,0.45929033,-6.3275523,-0.25391823,64.02857,-24.492609,-0.644887,-9.840328
111,0.15503442287445068,2.6632373332977295,78.67117309570312,0.028261347298828562,0.0571667040813734,-88.55406399521993,-0.93973315,-1.1461152,9.130448,6.4561896,-6.217831,1.9192736,-0.39332405,0.362366,-7.502212,6.5661907,-7.3915687,-1.232975,-2.8995173,1.8359033,4.0482807,2.1584404,8.304342,-7.332413,68.916855,5.0916085,-2.8531477,1.067321,0.39903447,-6.387927,-0.16240664,64.04412,-24.511297,-0.62823695,-9.835099
112,0.1462700217962265,2.7194013595581055,78.67364501953125,0.02954860230740159,0.07759797861079622,-88.54064966066453,-1.0161716,-1.143636,9.117864,6.455731,-6.160992,1.921086,-0.46507534,0.36380532,-7.5180426,6.565137,-7.340519,-1.2447034,-2.8592656,1.8406496,4.1589394,2.1605315,8.316326,-7.3182364,68.79789,5.199842,-2.8423321,1.1045295,0.3316852,-6.450847,-0.072253734,64.05116,-24.52284,-0.61573184,-9.828802
113,0.1388981193304062,2.780181884765625,78.67613983154297,0.031016265230285816,0.1071322547469229,-88.52728041448881,-1.1083897,-1.1419032,9.107832,6.4577007,-6.099962,1.9251812,-0.55246603,0.36370388,-7.5327573,6.56628,-7.2849016,-1.2561557,-2.818119,1.8436468,4.279046,2.1564703,8.328514,-7.2977614,68.68492,5.2539787,-2.8509896,1.140013,0.25668094,-6.517036,0.01448647,64.045425,-24.515446,-0.6106486,-9.821985
114,0.13204550743103027,2.844834327697754,78.6786880493164,0.033444110433416045,0.14331234103026427,-88.51386354540084,-1.210979,-1.14154,9.099458,6.458158,-6.0336595,1.9307644,-0.6511141,0.3619748,-7.5468683,6.5675125,-7.224573,-1.2676622,-2.775953,1.8458647,4.408196,2.14693,8.340846,-7.270986,68.57591,5.281086,-2.8710654,1.1747996,0.17486988,-6.5868807,0.09748389,64.030624,-24.49743,-0.6090038,-9.814612
115,0.1282465159893036,2.9109110832214355,78.68113708496094,0.03489300085385265,0.18538048999807602,-88.49719884843668,-1.3220239,-1.1433523,9.088636,6.4575534,-5.9639993,1.9394078,-0.7564563,0.35807085,-7.5638175,6.5675035,-7.1618614,-1.2768086,-2.7337317,1.8490313,4.545079,2.133737,8.353413,-7.2413073,68.46359,5.305215,-2.8952036,1.2087022,0.085291006,-6.6599464,0.18166384,64.01512,-24.487638,-0.6078812,-9.804641
116,0.1251339614391327,2.9772491455078125,78.68383026123047,0.037326115948491584,0.23254359596050744,-88.47414364125495,-1.4402938,-1.1483436,9.071516,6.457862,-5.893181,1.9494723,-0.8678117,0.35089004,-7.587086,6.5687604,-7.0994177,-1.284822,-2.6927505,1.8534409,4.6881857,2.1190364,8.366968,-7.213453,68.34118,5.3486953,-2.916033,1.2427014,-0.013474746,-6.7361393,0.2733753,64.00638,-24.505236,-0.6015845,-9.792018
117,0.11747924238443375,3.048884391784668,78.68648529052734,0.03884169581935056,0.2862814358142551,-88.44244962581168,-1.5726329,-1.1507914,9.044485,6.4576306,-5.813621,1.9573646,-0.9896954,0.34644806,-7.620384,6.569241,-7.03282,-1.2967691,-2.6560843,1.8601633,4.8345156,2.1067302,8.382358,-7.191953,68.20208,5.4172244,-2.9301407,1.2788088,-0.12162809,-6.814897,0.37906566,64.00762,-24.563818,-0.5863084,-9.781053
118,0.10748029500246048,3.1304874420166016,78.68909454345703,0.039506719241580904,0.3463437860410844,-88.40408798643548,-1.7215668,-1.1521838,9.01056,6.4570627,-5.7230945,1.9653729,-1.1264385,0.34306562,-7.6612144,6.5692596,-6.95754,-1.3113816,-2.6226408,1.8677635,4.984982,2.0939658,8.400298,-7.176633,68.05536,5.495195,-2.9443262,1.3171128,-0.23750256,-6.8962564,0.4985689,64.01336,-24.647316,-0.56415504,-9.772252
119,0.09761792421340942,3.2122175693511963,78.69187927246094,0.039202340718030776,0.40987891454828407,-88.3630946965908,-1.8755552,-1.1532419,8.974041,6.4564667,-5.630995,1.9734983,-1.2666407,0.34001523,-7.7048473,6.568923,-6.8819857,-1.3260162,-2.5863142,1.8749005,5.144916,2.0783827,8.420888,-7.164564,67.90191,5.5749106,-2.9586842,1.3529711,-0.3613559,-6.9803767,0.62838864,64.022255,-24.726326,-0.54201746,-9.757443
120,0.08872789144515991,3.297619581222534,78.6944351196289,0.04094710882444207,0.473963569152441,-88.32335272510319,-2.033601,-1.1569291,8.94022,6.4563546,-5.536365,1.9828501,-1.411532,0.33381772,-7.7466087,6.5693083,-6.8029475,-1.3399619,-2.5413396,1.8797712,5.3200073,2.055836,8.443853,-7.1512723,67.74616,5.649367,-2.974685,1.3819133,-0.4934647,-7.067862,0.76264846,64.03195,-24.774706,-0.52637804,-9.72852
121,0.0784875676035881,3.386418104171753,78.69635772705078,0.04267289192319421,0.5353270868977412,-88.28536755773692,-2.1897266,-1.1592726,8.909039,6.4543514,-5.4393177,1.990837,-1.5560008,0.32906768,-7.786726,6.5688033,-6.72101,-1.3556213,-2.483702,1.8814323,5.513338,2.023986,8.468789,-7.1327796,67.58902,5.7200017,-2.9930613,1.397567,-0.63279843,-7.1595206,0.8965767,64.043205,-24.778776,-0.52109504,-9.673565
122,0.0669969692826271,3.479914426803589,78.69876861572266,0.045332446533910435,0.5963304185290944,-88.24725410938963,-2.3515873,-1.1612897,8.878726,6.454751,-5.338831,1.9982349,-1.705456,0.3238315,-7.8269286,6.5702667,-6.635978,-1.3726403,-2.4174013,1.8820229,5.7218304,1.984064,8.495334,-7.1098027,67.42903,5.7911606,-3.0129986,1.4029224,-0.7799074,-7.25536,1.0307667,64.0569,-24.757715,-0.5234454,-9.598503
123,0.05566037818789482,3.580730676651001,78.70173645019531,0.048052178067295524,0.6625129789398148,-88.20930775734952,-2.524374,-1.1637805,8.848986,6.4529033,-5.230463,2.0068393,-1.8659271,0.3182852,-7.8669524,6.5690403,-6.5424485,-1.3902988,-2.347373,1.8825543,5.9415417,1.9394511,8.523139,-7.083853,67.26599,5.864403,-3.0337324,1.4089562,-0.93698055,-7.3552094,1.1670666,64.07122,-24.734772,-0.52842456,-9.522828
124,0.045551035553216934,3.683985710144043,78.70408630371094,0.04968443524001623,0.7393797177006163,-88.17180304684747,-2.7130222,-1.1660178,8.819236,6.452913,-5.118691,2.017141,-2.0422611,0.31275576,-7.906601,6.5702534,-6.4460835,-1.407593,-2.2787063,1.8853635,6.1681886,1.8931222,8.551738,-7.0574627,67.0994,5.938975,-3.0542464,1.4260833,-1.1066847,-7.4581137,1.3090801,64.08542,-24.730843,-0.53215545,-9.465657
125,0.032320670783519745,3.7846274375915527,78.70634460449219,0.05041198006836459,0.8303378711563404,-88.1341821138401,-2.9152768,-1.1651288,8.787541,6.4521585,-5.0058613,2.025079,-2.2322946,0.3110753,-7.9467845,6.569775,-6.3488193,-1.4278697,-2.2139156,1.8899293,6.397149,1.8465328,8.581046,-7.0334377,66.93308,6.0130644,-3.07515,1.461628,-1.2870512,-7.563869,1.4601043,64.0974,-24.754772,-0.52815366,-9.440161
126,0.02101229317486286,3.8910560607910156,78.70863342285156,0.050318745186997915,0.9317796762815374,-88.09649111821219,-3.1361072,-1.1650052,8.755673,6.45266,-4.8863125,2.0357347,-2.4399526,0.30835927,-7.9868217,6.5697765,-6.2447543,-1.447383,-2.1499488,1.8961788,6.6314273,1.7986417,8.610905,-7.011628,66.76552,6.085769,-3.096589,1.5088178,-1.4768751,-7.6720257,1.6205053,64.10869,-24.791073,-0.52089006,-9.43375
127,0.009746056981384754,4.00947380065918,78.7108383178711,0.04981485255895995,1.0388107162342748,-88.06001587364074,-3.372394,-1.1645405,8.72545,6.452147,-4.755906,2.0481627,-2.6645498,0.30583858,-8.026129,6.569228,-6.128808,-1.4681494,-2.084205,1.9032464,6.878765,1.7483121,8.64158,-6.988966,66.58931,6.1600866,-3.1165593,1.5598109,-1.6817517,-7.782656,1.7867035,64.121124,-24.830982,-0.51691496,-9.429966
128,-0.004038146231323481,4.138570308685303,78.7125015258789,0.04856534291266407,1.1465150983758445,-88.02615950509954,-3.6177435,-1.160781,8.698208,6.4498434,-4.6150703,2.0597053,-2.8994317,0.30639166,-8.064003,6.5678043,-6.0026407,-1.4922665,-2.0140886,1.9108187,7.1476555,1.6938304,8.673461,-6.9613585,66.39691,6.239718,-3.1331375,1.6054636,-1.9083008,-7.8955836,1.9541017,64.13869,-24.865267,-0.5249189,-9.410967
129,-0.01876692660152912,4.273034572601318,78.71351623535156,0.0467010920857911,1.250758527115967,-87.99675607285995,-3.8627036,-1.1545223,8.675953,6.4463534,-4.469763,2.070612,-3.1361074,0.30908218,-8.098443,6.5666595,-5.87147,-1.5178947,-1.9377297,1.9189992,7.442642,1.635359,8.706761,-6.924699,66.18377,6.328647,-3.1435912,1.641711,-2.1593091,-8.010298,2.1190956,64.168915,-24.899145,-0.55680215,-9.369204
130,-0.035337626934051514,4.409487247467041,78.71392059326172,0.04427013725780289,1.3550830334864339,-87.97045184118252,-4.10959,-1.1452823,8.656761,6.4432144,-4.322631,2.0799198,-3.3745544,0.3146643,-8.130576,6.5644884,-5.7377586,-1.5455574,-1.8569783,1.9275014,7.758846,1.5731218,8.741585,-6.878906,65.954605,6.4267387,-3.1496766,1.6730744,-2.4319701,-8.1265545,2.281745,64.208466,-24.938515,-0.60525906,-9.314495
131,-0.05079264938831329,4.550768852233887,78.71383666992188,0.04114957497428759,1.4660758857591862,-87.9441498447367,-4.368307,-1.1362792,8.6380625,6.43922,-4.169673,2.0909393,-3.6257527,0.3196584,-8.162979,6.562491,-5.598023,-1.5729787,-1.774423,1.9368079,8.090586,1.5059257,8.77788,-6.827113,65.716064,6.5303006,-3.1567082,1.702243,-2.723499,-8.243996,2.4445174,64.245186,-24.972284,-0.6510903,-9.254218
132,-0.06830739229917526,4.6914262771606445,78.7140884399414,0.037386320063331785,1.590229347527638,-87.91479444278401,-4.642543,-1.1256914,8.615846,6.4343734,-4.013409,2.1007578,-3.890792,0.32636672,-8.198877,6.5595155,-5.456991,-1.6024662,-1.692794,1.9469064,8.4319515,1.4326714,8.815583,-6.774189,65.47488,6.6344056,-3.1697419,1.7329699,-3.0311763,-8.362626,2.6104903,64.26643,-24.98966,-0.67401314,-9.196712
133,-0.08988060057163239,4.847362041473389,78.71369934082031,0.032650351778806236,1.7233199869673645,-87.88040477578035,-4.941865,-1.1122216,8.588367,6.431781,-3.843215,2.110304,-4.179391,0.3354841,-8.240989,6.5577836,-5.303354,-1.6369469,-1.613511,1.9578195,8.78676,1.3528908,8.854989,-6.723015,65.234856,6.733761,-3.1929224,1.7706212,-3.3531446,-8.482588,2.7809389,64.26549,-24.982319,-0.65968764,-9.141119
134,-0.10437425225973129,5.006086826324463,78.71265411376953,0.02758999345061881,1.8639614930211776,-87.84320637589448,-5.252549,-1.1051147,8.559539,6.428265,-3.6693077,2.1267395,-4.4820323,0.33716196,-8.285888,6.5637703,-5.1500897,-1.6656605,-1.5344357,1.9692621,9.156328,1.2666278,8.896146,-6.673734,64.99179,6.8294625,-3.2224085,1.8124574,-3.6912112,-8.603701,2.9557498,64.24998,-24.955757,-0.6216734,-9.084053
135,-0.1172197163105011,5.171202659606934,78.71002197265625,0.023819894593417188,2.0228469181565543,-87.80599756902589,-5.5897694,-1.1011003,8.531985,6.423608,-3.4863741,2.1458955,-4.8131037,0.3350385,-8.331083,6.5728354,-4.9894867,-1.6936994,-1.4537687,1.9795859,9.529599,1.1750296,8.939193,-6.6265216,64.741264,6.9267387,-3.2516248,1.8511009,-4.0465956,-8.7265835,3.1349473,64.227356,-24.924248,-0.5796826,-9.031299
136,-0.13533245027065277,5.336297512054443,78.70624542236328,0.02078597205755728,2.210584977760913,-87.77158444722753,-5.9606123,-1.0929469,8.506853,6.419614,-3.298818,2.1605234,-5.1789136,0.33693862,-8.374477,6.58252,-4.8243027,-1.7269657,-1.3700079,1.9904997,9.895604,1.079606,8.983987,-6.581984,64.47826,7.02978,-3.2742805,1.8783458,-4.4198346,-8.851742,3.3192816,64.205315,-24.899961,-0.55548126,-8.987679
137,-0.1563277393579483,5.508285045623779,78.70082092285156,0.01844982949311827,2.424952582359018,-87.73981960507402,-6.3673663,-1.0827215,8.485142,6.4146557,-3.1008766,2.173033,-5.581862,0.34066227,-8.41603,6.591902,-4.6486883,-1.7639027,-1.2838852,2.001953,10.257639,0.9829064,9.0303545,-6.538574,64.19467,7.1445894,-3.2842784,1.8841923,-4.8091607,-8.979903,3.509542,64.18441,-24.881323,-0.55985135,-8.964596
138,-0.17502973973751068,5.680243492126465,78.69416809082031,0.016314511590271617,2.6618388335024856,-87.709498887854,-6.801005,-1.0740721,8.465972,6.410463,-2.8997386,2.186987,-6.011346,0.34233287,-8.455921,6.600807,-4.4683514,-1.7994307,-1.1961215,2.0145235,10.619241,0.8845744,9.078148,-6.4961467,63.894505,7.267647,-3.2865837,1.8751985,-5.21429,-9.111334,3.706536,64.16097,-24.862158,-0.5804682,-8.955532
139,-0.19653970003128052,5.859854221343994,78.68607330322266,0.014928606340048186,2.9292626219201066,-87.68186069835714,-7.2753496,-1.0636935,8.449214,6.404912,-2.6868827,2.200294,-6.5043,0.34240082,-8.494049,6.6544075,-4.2999034,-1.8386736,-1.1050442,2.0274787,10.969582,0.78125346,9.12739,-6.4583616,63.59129,7.3884306,-3.2904527,1.8689469,-5.6382794,-9.2461195,3.90973,64.13543,-24.850098,-0.6023641,-8.939324
140,-0.21554450690746307,6.05379056930542,78.67655181884766,0.014566009027489743,3.2352944350259714,-87.65809596888911,-7.8062596,-1.0559452,8.436702,6.3992057,-2.456378,2.2191954,-7.081347,0.3351449,-8.528401,6.7640676,-4.1414714,-1.8778272,-1.0083859,2.0401053,11.298015,0.66738105,9.178323,-6.4306955,63.30275,7.4947953,-3.307087,1.884201,-6.084459,-9.384263,4.1177483,64.108734,-24.85316,-0.6103388,-8.894661
141,-0.24111108481884003,6.246442794799805,78.6642837524414,0.015162655101891857,3.588511302233642,-87.63965458597151,-8.390733,-1.0429862,8.426693,6.393813,-2.2189107,2.2346504,-7.7235117,0.33204898,-8.558817,6.8950133,-3.9871082,-1.9239489,-0.9052271,2.0523188,11.596252,0.5407331,9.231218,-6.4209633,63.033585,7.577998,-3.3417823,1.9332943,-6.556953,-9.525076,4.330413,64.08211,-24.882633,-0.59407127,-8.805063
142,-0.2609111964702606,6.437822341918945,78.64928436279297,0.016564063075641018,3.9822634338631264,-87.62559211709434,-9.021109,-1.0346683,8.421096,6.3881226,-1.9763854,2.2561247,-8.426707,0.32198143,-8.583962,7.0557957,-3.8412056,-1.9661459,-0.79579157,2.0638824,11.871534,0.40344417,9.286512,-6.4300814,62.77664,7.6418686,-3.3883178,2.0059667,-7.0537095,-9.6686125,4.5476136,64.05585,-24.931574,-0.56311643,-8.685689
143,-0.28062936663627625,6.6499176025390625,78.63175964355469,0.018713483233026178,4.402172340196741,-87.61299139040386,-9.698006,-1.0274175,8.41833,6.3810945,-1.7125806,2.2813072,-9.178653,0.31013376,-8.608161,7.217657,-3.6738715,-2.010588,-0.681351,2.0762115,12.136622,0.2609436,9.344144,-6.4506245,62.522892,7.694474,-3.4367287,2.0841968,-7.5649004,-9.814964,4.7666187,64.02591,-24.982073,-0.53575987,-8.561128
144,-0.3027020990848541,6.850046634674072,78.61119842529297,0.018436586559113382,4.833862384236229,-87.59931218048091,-10.381849,-1.0149537,8.414304,6.3805633,-1.4600126,2.3022363,-9.941254,0.30178538,-8.63509,7.395449,-3.5239146,-2.0566185,-0.56285554,2.0933654,12.404416,0.1182783,9.403743,-6.4710774,62.26272,7.7477155,-3.476768,2.1491795,-8.082407,-9.964904,4.98388,63.988384,-25.017054,-0.5292148,-8.455985
145,-0.3190038502216339,7.045039653778076,78.58736419677734,0.0175874418862548,5.282539746249783,-87.58532826688273,-11.084354,-1.0054579,8.413638,6.386892,-1.2137029,2.326656,-10.73314,0.28663716,-8.662183,7.6035924,-3.391372,-2.097471,-0.4402928,2.1144695,12.667278,-0.026077373,9.464555,-6.4861064,62.003056,7.803685,-3.5061924,2.1933618,-8.60104,-10.118529,5.199217,63.943645,-25.035435,-0.5555465,-8.37915
146,-0.3418000340461731,7.255207061767578,78.56156921386719,0.01795314006174561,5.75291335537241,-87.57188436795893,-11.823747,-0.9921178,8.414558,6.3919168,-0.9507516,2.3481133,-11.550789,0.2765659,-8.690729,7.7841306,-3.2282789,-2.1454797,-0.3131174,2.1371505,12.921888,-0.17144,9.526118,-6.496381,61.741608,7.8625813,-3.5284536,2.2258337,-9.126216,-10.275978,5.414121,63.89295,-25.044674,-0.6031054,-8.316376
147,-0.36172452569007874,7.453584671020508,78.53369903564453,0.01844453008223909,6.229468128532489,-87.55652289369844,-12.562022,-0.9815343,8.41374,6.3991213,-0.69766086,2.370462,-12.370493,0.26302856,-8.71966,7.9764996,-3.0807366,-2.1900933,-0.18468127,2.162208,13.187806,-0.3147439,9.588054,-6.4987125,61.46794,7.930161,-3.5492384,2.2518601,-9.661848,-10.437519,5.625181,63.83067,-25.046227,-0.65620357,-8.255906
148,-0.3796810209751129,7.659517765045166,78.50357818603516,0.018425057353993492,6.6967941727309865,-87.53669919206473,-13.296356,-0.97389376,8.408152,6.405032,-0.4382193,2.3958225,-13.185195,0.24694726,-8.751059,8.1686125,-2.9284134,-2.2334735,-0.057134908,2.1905906,13.485245,-0.45307082,9.65007,-6.488559,61.16919,8.0142355,-3.5729363,2.2759185,-10.2140045,-10.603558,5.8287773,63.7535,-25.039543,-0.69943976,-8.185129
149,-0.40175458788871765,7.867798805236816,78.47152709960938,0.01840745748846391,7.1534777482328,-87.50984717867306,-14.021711,-0.96574014,8.393803,6.410944,-0.17647196,2.4189107,-13.987199,0.23252094,-8.788611,8.357085,-2.7748332,-2.2803323,0.06736749,2.2244081,13.815357,-0.5876607,9.711445,-6.4611616,60.84869,8.11656,-3.6035552,2.2942286,-10.78316,-10.773686,6.0225773,63.661907,-25.019604,-0.7313358,-8.098868
150,-0.4218462407588959,8.080815315246582,78.43749237060547,0.018343511258979994,7.60672983190619,-87.47800274402478,-14.74805,-0.96120757,8.374659,6.4165754,0.08970942,2.4447956,-14.786561,0.21501744,-8.82955,8.541592,-2.6161592,-2.3257866,0.19054683,2.2627258,14.169258,-0.71975285,9.77161,-6.4159617,60.510918,8.237234,-3.6378713,2.3052115,-11.367729,-10.9477215,6.207275,63.558594,-24.990164,-0.75953746,-8.003996
151,-0.4378832280635834,8.302077293395996,78.4011459350586,0.017919918918767683,8.054666614142423,-87.44518766150304,-15.475094,-0.96036094,8.355154,6.4222746,0.36119,2.4750297,-15.585797,0.19416207,-8.868911,8.724189,-2.4500475,-2.368381,0.31476375,2.303503,14.550917,-0.8462685,9.830568,-6.357742,60.14517,8.377349,-3.6697118,2.3159692,-11.968453,-11.12588,6.3852005,63.440903,-24.963697,-0.7840019,-7.9039917
152,-0.45733144879341125,8.50994873046875,78.36397552490234,0.016094307977161024,8.495300561344044,-87.41556554844841,-16.18294,-0.9542137,8.335857,6.4292393,0.6198876,2.499594,-16.35897,0.18092409,-8.903549,8.891741,-2.2885559,-2.4128642,0.44180965,2.344857,14.964141,-0.9631553,9.888936,-6.2936225,59.74002,8.535409,-3.6927168,2.3342683,-12.584922,-11.308716,6.558017,63.305344,-24.954453,-0.80468106,-7.8028445
153,-0.479284405708313,8.716947555541992,78.3249282836914,0.01165230815357301,8.930165106264642,-87.39061888673263,-16.883438,-0.9417634,8.319183,6.4369416,0.87651014,2.5208817,-17.11841,0.17623009,-8.931823,9.043618,-2.1204128,-2.4596665,0.57548714,2.3880005,15.408438,-1.0678176,9.947082,-6.2256274,59.288837,8.712968,-3.697697,2.3623343,-13.21436,-11.496825,6.724779,63.147713,-24.96496,-0.818272,-7.7023273
154,-0.4975232779979706,8.926349639892578,78.28408813476562,0.005306531472532998,9.359646697013753,-87.36810309518968,-17.579288,-0.9298723,8.304372,6.444797,1.1329528,2.544893,-17.869143,0.17269918,-8.954977,9.184813,-1.9449396,-2.5035338,0.7142171,2.4349177,15.882116,-1.1627386,10.004947,-6.1541657,58.79757,8.906659,-3.6902425,2.3962824,-13.858179,-11.689914,6.88607,62.972866,-24.98591,-0.8283918,-7.5997887
155,-0.5184803009033203,9.14563274383545,78.2413558959961,-0.0005045561659595818,9.780287877863872,-87.34618578725814,-18.273232,-0.9169175,8.288674,6.4527407,1.3962538,2.5676057,-18.613829,0.17140244,-8.977143,9.316132,-1.7573779,-2.5502439,0.8522093,2.4815514,16.386501,-1.2505101,10.063424,-6.0839815,58.274994,9.108095,-3.6857684,2.4364429,-14.520092,-11.888374,7.046081,62.78356,-25.01702,-0.8384402,-7.49239
156,-0.5438513159751892,9.37071704864502,78.19705200195312,-0.003454576850930349,10.18865569216399,-87.32312921447894,-18.957575,-0.90498656,8.269685,6.4600506,1.6630455,2.5872228,-19.351128,0.16917862,-9.000879,9.451551,-1.5694376,-2.6005166,0.98510075,2.5242324,16.923185,-1.3345199,10.124117,-6.022999,57.729725,9.306825,-3.700193,2.4833055,-15.208982,-12.092899,7.2133164,62.591503,-25.049662,-0.8557868,-7.3787723
157,-0.5634274482727051,9.587310791015625,78.15143585205078,-0.0018980980771921077,10.58452010850624,-87.29926593564232,-19.620832,-0.903773,8.24922,6.4680023,1.9199102,2.6101506,-20.085844,0.1538372,-9.022138,9.628651,-1.4119126,-2.6442297,1.1111578,2.5610862,17.492226,-1.4149143,10.189016,-5.980632,57.16466,9.500939,-3.7417657,2.5384586,-15.925469,-12.303604,7.3960137,62.396458,-25.082327,-0.88462734,-7.25681
158,-0.5852487087249756,9.80592155456543,78.10386657714844,0.002320835776141016,10.969296377679465,-87.27534690043343,-20.272488,-0.9048753,8.226748,6.4752545,2.177037,2.6311913,-20.818441,0.13575555,-9.04246,9.824392,-1.2641678,-2.6894698,1.2336478,2.5943525,18.092802,-1.4899391,10.259366,-5.957827,56.574474,9.6883545,-3.8007631,2.6025515,-16.666824,-12.520431,7.594965,62.195698,-25.111145,-0.920829,-7.1296096
159,-0.6063092947006226,10.01933479309082,78.0550765991211,0.007366299932169074,11.342888004014192,-87.24987107177974,-20.908348,-0.9082326,8.202259,6.4846005,2.427095,2.6517487,-21.540209,0.114679135,-9.063276,10.034423,-1.1302205,-2.73309,1.3540721,2.6263022,18.724863,-1.5587057,10.335281,-5.9454503,55.956196,9.861736,-3.8661742,2.6745584,-17.434404,-12.743915,7.8032465,61.991608,-25.131845,-0.95812076,-7.0019436
160,-0.6236729025840759,10.229410171508789,78.00528717041016,0.011134855431738014,11.704745027515214,-87.22154933858674,-21.528673,-0.9139739,8.17619,6.4948716,2.671494,2.6744645,-22.246809,0.09058909,-9.086229,10.248393,-1.0034064,-2.7727516,1.4733002,2.6593616,19.389729,-1.6211402,10.415749,-5.9292893,55.306885,10.017533,-3.9271698,2.7519293,-18.229727,-12.9750805,8.010152,61.787254,-25.145073,-0.9908827,-6.8777914
161,-0.6401747465133667,10.439273834228516,77.95398712158203,0.013264064449658147,12.055280328442855,-87.18523908708379,-22.13821,-0.9212335,8.142875,6.506923,2.9135966,2.6971543,-22.940754,0.06417189,-9.116699,10.466852,-0.8826389,-2.810712,1.5885342,2.6973155,20.09032,-1.6795335,10.499349,-5.9009495,54.62083,10.15697,-3.9844034,2.839019,-19.056334,-13.214107,8.21021,61.585052,-25.152763,-1.0171369,-6.7518954
162,-0.6623607873916626,10.661393165588379,77.90044403076172,0.014724996189491402,12.394442655994034,-87.14329931004816,-22.747175,-0.92563176,8.10329,6.5210757,3.164185,2.7163384,-23.626963,0.04077919,-9.154206,10.675639,-0.7496699,-2.8538043,1.699465,2.7383533,20.826117,-1.7342228,10.585143,-5.861247,53.90171,10.287791,-4.042894,2.932667,-19.912493,-13.460567,8.404043,61.381477,-25.161945,-1.04175,-6.6215625
163,-0.6852011680603027,10.8827486038208,77.84544372558594,0.016097101214573684,12.72160477966039,-87.10543219962919,-23.341486,-0.9280212,8.068119,6.53619,3.4111807,2.735128,-24.303492,0.018435614,-9.188592,10.893018,-0.62304544,-2.8974433,1.8134454,2.778495,21.592913,-1.7841543,10.67208,-5.8110814,53.160458,10.417402,-4.0982924,3.018835,-20.79435,-13.714228,8.593937,61.172817,-25.168495,-1.0707738,-6.493511
164,-0.7075218558311462,11.099120140075684,77.7878646850586,0.017993288472755484,13.036304660689163,-87.08127818651538,-23.916197,-0.92610294,8.047517,6.553431,3.6495962,2.7548435,-24.982433,-0.0030906608,-9.211005,11.149824,-0.5204926,-2.9410539,1.9363527,2.8145525,22.386335,-1.8272985,10.759134,-5.750869,52.40807,10.552459,-4.146315,3.0833945,-21.696276,-13.975038,8.780966,60.953747,-25.171938,-1.1102015,-6.3746495
165,-0.7329100966453552,11.31321907043457,77.72744750976562,0.018377836975005776,13.324812069819007,-87.0737966390014,-24.457382,-0.9137814,8.04242,6.572564,3.8801117,2.7732792,-25.650751,-0.017676895,-9.221116,11.445866,-0.44175535,-2.988501,2.070231,2.8492649,23.224308,-1.8646594,10.845308,-5.6779413,51.635956,10.717814,-4.174672,3.110299,-22.621284,-14.242817,8.965206,60.72247,-25.16891,-1.1630421,-6.264931
166,-0.7552744150161743,11.52811050415039,77.66476440429688,0.017568804481773,13.592072164978202,-87.07769100937251,-24.973722,-0.8980394,8.049354,6.59309,4.1057935,2.7953756,-26.308426,-0.03138872,-9.221609,11.765515,-0.37551406,-3.0342667,2.2116313,2.8844147,24.102715,-1.8974984,10.92998,-5.5913043,50.84276,10.904225,-4.189304,3.1117494,-23.572361,-14.517679,9.147321,60.482563,-25.160994,-1.2252096,-6.16166
167,-0.7734043598175049,11.744012832641602,77.59784698486328,0.019352314589204327,13.865012507690874,-87.09043059714885,-25.515245,-0.8818442,8.068557,6.6547284,4.309711,2.8218756,-26.994576,-0.05113869,-9.2122135,12.126266,-0.32653153,-3.0765984,2.3590374,2.9168775,24.984734,-1.9247711,11.012494,-5.4967856,50.049862,11.06476,-4.2131457,3.1155703,-24.54271,-14.799562,9.329765,60.235374,-25.149805,-1.293217,-6.067176
168,-0.7899129986763,11.963354110717773,77.52555847167969,0.027301928238796423,14.170921069827475,-87.10930607428305,-26.31281,-0.8383101,8.101341,7.179593,4.2754235,2.8493092,-27.739899,-0.07884875,-9.194077,12.522074,-0.2854516,-3.1173322,2.511728,2.9427025,25.832964,-1.9443467,11.092388,-5.4030094,49.278385,11.150742,-4.268656,3.1514416,-25.523859,-15.088521,9.514941,59.981323,-25.136135,-1.3631977,-5.98445
169,-0.8111159205436707,12.178003311157227,77.4443130493164,0.04203959084843738,14.530052877444456,-87.13774552513689,-27.195467,-0.7892026,8.146452,7.7656918,4.212321,2.872767,-28.579304,-0.11052153,-9.164732,12.989478,-0.27473974,-3.1612587,2.6738238,2.9589584,26.622118,-1.9524453,11.169718,-5.318486,48.526756,11.140885,-4.356767,3.2350109,-26.512026,-15.385045,9.70769,59.716934,-25.121283,-1.4374994,-5.920562
170,-0.8277155160903931,12.377416610717773,77.35551452636719,0.06139441712182632,14.923544388709653,-87.17581988580736,-28.142963,-0.737451,8.204863,8.435937,4.095563,2.89847,-29.486807,-0.1513245,-9.122104,13.539689,-0.31157443,-3.1998608,2.8447692,2.9685502,27.376608,-1.9505205,11.24463,-5.2427816,47.786438,11.059471,-4.466507,3.3514457,-27.511015,-15.68957,9.907181,59.442097,-25.101288,-1.5166624,-5.8733926
171,-0.8369763493537903,12.575520515441895,77.2600326538086,0.0857406693029069,15.319722761694752,-87.21573143316805,-29.108469,-0.6917343,8.271474,9.141107,3.9586754,2.9309635,-30.42887,-0.20643854,-9.073094,14.157367,-0.38223162,-3.2317216,3.0190868,2.9729278,28.13443,-1.9458401,11.317347,-5.1688747,47.069355,10.930965,-4.602208,3.4844916,-28.52932,-16.003338,10.108345,59.16551,-25.066349,-1.5925378,-5.831352
172,-0.8572391271591187,12.777003288269043,77.16062927246094,0.11504786122318653,15.686824933888374,-87.24983708813595,-30.05043,-0.642167,8.334454,9.858572,3.8167512,2.9559684,-31.356098,-0.2621264,-9.031448,14.808063,-0.4726504,-3.2729275,3.1846871,2.9797714,28.93268,-1.945308,11.3866205,-5.0860906,46.388977,10.77549,-4.7699065,3.6138144,-29.565245,-16.324995,10.291909,58.88635,-25.031603,-1.6606182,-5.780922
173,-0.8712741732597351,12.974162101745605,77.06101989746094,0.15185056121921336,16.01116788517159,-87.27611262524302,-30.928755,-0.6076268,8.398632,10.551948,3.6770945,2.9861147,-32.245647,-0.33531475,-8.991555,15.493355,-0.59100264,-3.3076012,3.3413434,2.9870725,29.792368,-1.9507946,11.451206,-4.9860897,45.744217,10.595544,-4.9891763,3.7328463,-30.625877,-16.653906,10.445524,58.597507,-25.012714,-1.7101345,-5.703814
174,-0.8804803490638733,13.157349586486816,76.9371109008789,0.18794518624411435,16.465424763443465,-87.29722343965786,-32.048817,-0.5603253,8.463568,11.462671,3.4327512,3.0212135,-33.34911,-0.4255133,-8.957363,16.339455,-0.78441936,-3.3410928,3.5504198,3.0245652,29.793802,-1.7493701,11.498084,-4.9791694,45.390144,10.415753,-5.208919,3.7522047,-31.38246,-16.970512,10.660375,58.518005,-24.96903,-1.7602782,-5.5273833
175,-0.8865835070610046,13.330526351928711,76.80692291259766,0.22529974737916647,16.912505369738422,-87.31568814391207,-33.16996,-0.5136363,8.528331,12.409171,3.1614652,3.0591655,-34.455566,-0.522441,-8.923511,17.226864,-1.0082511,-3.3711262,3.753283,3.0746267,29.793802,-1.5200992,11.530504,-5.019405,45.04579,10.187728,-5.418374,3.8096113,-32.09934,-17.276814,10.878387,58.40431,-24.919237,-1.7988282,-5.3857727
176,-0.8893246650695801,13.504500389099121,76.66715240478516,0.2600513321092971,17.366233151039268,-87.33271032227232,-34.32414,-0.46304402,8.591096,13.404603,2.868391,3.1025863,-35.58554,-0.6216267,-8.891122,18.144567,-1.2451894,-3.3989341,3.9600341,3.1332119,29.793802,-1.3091595,11.553362,-5.0751305,44.747036,9.951179,-5.5918655,3.8913429,-32.83286,-17.577913,11.0920315,58.326023,-24.828327,-1.8595874,-5.2946315
177,-0.9046280980110168,13.677719116210938,76.51898956298828,0.2907524896393171,17.81978821947668,-87.34829749387897,-35.495422,-0.39595938,8.644232,14.433896,2.562368,3.1385915,-36.722355,-0.7077767,-8.867574,19.076036,-1.4908683,-3.4385512,4.1977525,3.1736586,29.793802,-1.1211457,11.576105,-5.130562,44.48525,9.751093,-5.706415,3.9986691,-33.619453,-17.892246,11.359316,58.30903,-24.581863,-1.9335278,-5.255122
178,-0.9146029949188232,13.8488187789917,76.36070251464844,0.31883580946516543,18.269711978273072,-87.36204356950081,-36.692307,-0.32618308,8.695012,15.525212,2.2240233,3.181768,-37.876797,-0.79972005,-8.845805,20.055223,-1.7621809,-3.4739943,4.4259996,3.2340586,29.793802,-0.9438893,11.595558,-5.184738,44.265186,9.531403,-5.795997,4.105421,-34.41403,-18.212072,11.6389265,58.305832,-24.290197,-2.035347,-5.2532578
179,-0.9232151508331299,14.020228385925293,76.19158172607422,0.34748562504511404,18.735348245698173,-87.37428322093402,-37.920437,-0.2556709,8.745011,16.640179,1.8780442,3.227403,-39.06573,-0.895324,-8.823831,21.065237,-2.0453134,-3.5089135,4.659191,3.2963483,29.793802,-0.78256106,11.612421,-5.2423396,44.09413,9.295535,-5.8847256,4.225251,-35.22982,-18.538689,11.932147,58.335003,-23.951584,-2.1531641,-5.292586
180,-0.9285103678703308,14.187726020812988,76.00977325439453,0.37979844563470905,19.235295040116586,-87.38541725317926,-39.193882,-0.18846096,8.797829,17.771717,1.5261743,3.2748911,-40.311337,-0.9983511,-8.796933,22.114328,-2.3445895,-3.5411763,4.895634,3.3557036,29.793802,-0.6399951,11.626923,-5.311034,43.982216,9.025715,-6.0007296,4.365765,-36.069866,-18.873384,12.239303,58.40678,-23.588486,-2.2821615,-5.3814464
181,-0.935796856880188,14.345523834228516,75.81414794921875,0.41469181022074536,19.784441205537743,-87.38867229573836,-40.52979,-0.12236085,8.844331,18.926535,1.1649153,3.3181508,-41.624134,-1.1067224,-8.773788,23.201538,-2.6640732,-3.5752316,5.130627,3.4155676,29.793802,-0.5229603,11.639561,-5.397956,43.942112,8.679002,-6.165373,4.5436587,-36.94263,-19.218895,12.559896,58.52429,-23.186182,-2.4190888,-5.5354695
182,-0.9443458318710327,14.500061988830566,75.60543060302734,0.4515144405555093,20.369065679944004,-87.38599515629026,-41.912933,-0.057379536,8.886345,20.094902,0.8023979,3.3597734,-42.988083,-1.2189896,-8.753209,24.313736,-2.9929562,-3.6109612,5.3667836,3.4765978,29.793802,-0.4275304,11.650703,-5.5029383,43.965466,8.272929,-6.359706,4.751587,-37.84315,-19.57682,12.893901,58.679504,-22.736494,-2.5690076,-5.744478
183,-0.9514359831809998,14.644937515258789,75.3864974975586,0.49373994268466775,20.965864979685396,-87.39076296938215,-43.308807,0.009073974,8.939301,21.278938,0.42444375,3.4021187,-44.373894,-1.3318615,-8.71845,25.451637,-3.3377562,-3.6448162,5.612534,3.526888,29.793802,-0.33842796,11.660786,-5.618975,44.03026,7.883152,-6.550396,4.9617214,-38.75776,-19.946936,13.241865,58.866096,-22.280714,-2.7359767,-5.9784994
184,-0.959381103515625,14.786198616027832,75.16020965576172,0.5445485096494087,21.55164652553969,-87.41626908982867,-44.68218,0.08251169,9.017068,22.45685,0.04064957,3.4451773,-45.754467,-1.4365443,-8.655979,26.597136,-3.6848865,-3.6787252,5.876299,3.5559108,29.793802,-0.23896563,11.670062,-5.736232,44.112198,7.58753,-6.703489,5.1451306,-39.671146,-20.32685,13.604812,59.076447,-21.858675,-2.923164,-6.20792
185,-0.9650750756263733,14.923876762390137,74.9283676147461,0.6030650264819618,22.12886907555123,-87.47061186989036,-46.0309,0.16671793,9.127144,23.622438,-0.3480607,3.4913378,-47.126133,-1.5277635,-8.558785,27.733408,-4.0233693,-3.710043,6.1673355,3.5578427,29.793802,-0.12959115,11.678899,-5.846461,44.20977,7.420246,-6.8076963,5.2970014,-40.579742,-20.714554,13.989816,59.31105,-21.471983,-3.1418855,-6.44616
186,-0.9620144963264465,15.054795265197754,74.69003295898438,0.6677102978026501,22.707089775650193,-87.54508913878064,-47.367664,0.25476563,9.262899,24.781801,-0.7450057,3.5451252,-48.500183,-1.6135429,-8.432847,28.870564,-4.3608136,-3.7329352,6.4773607,3.5383515,29.793802,-0.014090608,11.687412,-5.949327,44.33138,7.3391333,-6.881796,5.428914,-41.493763,-21.109022,14.398354,59.57136,-21.101242,-3.3853898,-6.7028956
187,-0.962395429611206,15.17044448852539,74.44499206542969,0.7404313793057612,23.27412481437049,-87.62762850328464,-48.6861,0.3497808,9.409407,25.960018,-1.1671602,3.595511,-49.864014,-1.6929761,-8.291449,30.030807,-4.7211723,-3.756967,6.796681,3.5006318,29.793802,0.11516776,11.696541,-6.0500693,44.46866,7.312688,-6.935189,5.540568,-42.44063,-21.50998,14.834169,59.875988,-20.72741,-3.6272645,-6.942246
188,-0.9724578857421875,15.288284301757812,74.1930160522461,0.8242107460309371,23.816562029063057,-87.70615162777786,-49.977722,0.445624,9.557278,27.134504,-1.5865412,3.6405725,-51.212147,-1.7702533,-8.145133,31.205742,-5.088761,-3.788625,7.0848985,3.4691203,29.793802,0.27413425,11.702701,-6.1532493,44.614597,7.27876,-6.981119,5.619715,-43.34907,-21.908648,15.241611,60.15579,-20.43424,-3.8494377,-7.131833
189,-0.9752030372619629,15.396827697753906,73.934326171875,0.9213456348287469,24.32302637762841,-87.78892067022267,-51.226696,0.53472817,9.721397,28.325657,-2.029739,3.6929333,-52.534996,-1.8546972,-7.9756722,32.42011,-5.4847894,-3.8118489,7.370781,3.420656,29.793802,0.46996737,11.707363,-6.2616024,44.756916,7.2691727,-7.0073566,5.671507,-44.279057,-22.30452,15.624409,60.473488,-20.216822,-4.040453,-7.237974
190,-0.9676620364189148,15.507835388183594,73.66928100585938,1.0301496764674587,24.8025503354176,-87.87829916438892,-52.442455,0.6170504,9.905318,29.51158,-2.4751592,3.7566144,-53.841778,-1.9438794,-7.7816086,33.64837,-5.8834763,-3.8251452,7.649388,3.361706,29.793802,0.6983943,11.71012,-6.373211,44.901833,7.2865777,-7.013361,5.6953607,-45.20286,-22.693724,15.97422,60.80596,-20.090597,-4.2146044,-7.2887316
191,-0.9609270691871643,15.614232063293457,73.3958969116211,1.1465579070955223,25.2757325418554,-87.95291125804623,-53.65025,0.6922979,10.084168,30.697538,-2.9219062,3.8206182,-55.14606,-2.039335,-7.5892816,34.892147,-6.2943625,-3.838086,7.914476,3.3009136,29.793802,0.93678546,11.712637,-6.4911904,45.064915,7.310893,-7.017804,5.708484,-46.135185,-23.077429,16.30392,61.15094,-19.965433,-4.3689632,-7.322602
192,-0.9563934803009033,15.71541976928711,73.11570739746094,1.2670644748724278,25.76228887523345,-87.99143248861472,-54.864483,0.74951357,10.23945,31.857193,-3.3492064,3.8833358,-56.455544,-2.150396,-7.4196024,36.13122,-6.7092323,-3.8519661,8.148408,3.2564285,29.793802,1.1626301,11.7155695,-6.622489,45.26487,7.3064256,-7.0412793,5.722959,-47.067944,-23.45631,16.615881,61.4842,-19.779747,-4.505507,-7.3806167
193,-0.9478767514228821,15.813404083251953,72.82969665527344,1.3823377795926417,26.264431071670018,-87.99295386970809,-56.092606,0.788495,10.3648615,32.994358,-3.756285,3.949018,-57.766064,-2.2776074,-7.279551,37.35158,-7.1196823,-3.862744,8.351549,3.2369566,29.793802,1.3671113,11.719622,-6.775714,45.521656,7.2482476,-7.100546,5.74744,-48.010014,-23.832376,16.913954,61.812218,-19.50097,-4.6188345,-7.4788866
194,-0.9379820227622986,15.903669357299805,72.53789520263672,1.4979446378787735,26.772265139729924,-87.96708750136897,-57.323,0.81341594,10.471646,34.121315,-4.1569366,4.0153775,-59.073456,-2.4176514,-7.1563153,38.57065,-7.5378375,-3.871882,8.529824,3.2329335,29.793802,1.5601922,11.725141,-6.9518104,45.823853,7.1521273,-7.181176,5.774968,-48.95822,-24.206469,17.196491,62.141228,-19.169151,-4.7117476,-7.5955257
195,-0.9263905882835388,15.98624324798584,72.24151611328125,1.6335613721887732,27.287915705204753,-87.90744638738737,-58.542942,0.8082391,10.577307,35.209526,-4.538499,4.0847845,-60.385937,-2.5847492,-7.0324507,39.797108,-7.9668627,-3.8765051,8.681287,3.2260785,29.793802,1.7478416,11.732801,-7.142229,46.14082,7.0558047,-7.255426,5.798686,-49.90227,-24.579252,17.460958,62.458103,-18.820768,-4.79525,-7.7109213
196,-0.916808009147644,16.06966781616211,71.94063568115234,1.8090337957830713,27.81339485420662,-87.80722934915573,-59.744972,0.76068836,10.698366,36.226006,-4.8781576,4.15726,-61.716507,-2.7888968,-6.892447,41.032494,-8.398649,-3.8782833,8.803614,3.1984153,29.793802,1.9367253,11.743178,-7.3346453,46.442318,6.998865,-7.296279,5.808672,-50.828777,-24.950924,17.70368,62.749027,-18.491924,-4.8804355,-7.8049808
197,-0.898375391960144,16.13846206665039,71.63922882080078,2.0344836007099936,28.35637924270716,-87.66134029804601,-60.91846,0.65672636,10.848929,37.160473,-5.186047,4.240782,-63.064293,-3.0429938,-6.7205377,42.2833,-8.848167,-3.8647697,8.890945,3.134704,29.793802,2.1287282,11.757047,-7.520234,46.72414,7.0061607,-7.288994,5.7990627,-51.73932,-25.3218,17.924929,63.0113,-18.194176,-4.970947,-7.861001
198,-0.8901209831237793,16.201078414916992,71.33568572998047,2.299917933764405,28.913233449808157,-87.47263321910366,-62.078377,0.51943994,11.011384,38.0338,-5.46178,4.3186374,-64.42485,-3.3249872,-6.5356655,43.533997,-9.302801,-3.8556774,8.945694,3.0447707,29.793802,2.3220437,11.774568,-7.699817,46.999973,7.0559063,-7.2509975,5.7721043,-52.639774,-25.692284,18.126497,63.252945,-17.906807,-5.0605416,-7.8924212
199,-0.8787832260131836,16.256616592407227,71.03060150146484,2.5951488234011406,29.46861576047703,-87.24610531362126,-63.21589,0.34876502,11.184639,38.865265,-5.719649,4.400022,-65.78037,-3.6354666,-6.3357716,44.785194,-9.764637,-3.8401775,8.977964,2.947916,29.793802,2.51509,11.795165,-7.876612,47.267387,7.1171637,-7.203541,5.731886,-53.52533,-26.06284,18.305761,63.475395,-17.622866,-5.1440835,-7.9243374
200,-0.8657390475273132,16.306781768798828,70.724609375,2.909673057017004,30.00759479701967,-86.98711898558548,-64.32542,0.15416075,11.35941,39.67392,-5.968865,4.48206,-67.11312,-3.9653199,-6.1282544,46.033165,-10.232861,-3.820954,8.996745,2.8658893,29.793802,2.706861,11.817458,-8.05514,47.524708,7.15801,-7.1679544,5.682013,-54.386684,-26.433815,18.452482,63.676224,-17.345598,-5.216272,-7.981333
201,-0.847102701663971,16.343534469604492,70.41808319091797,3.2546570164693254,30.525376641819747,-86.68677212169902,-65.395485,-0.07770047,11.542551,40.459366,-6.2170925,4.5674167,-68.42144,-4.3275895,-5.9030876,47.298164,-10.725317,-3.7923727,8.9976635,2.796794,29.793802,2.8942773,11.839905,-8.240838,47.77533,7.1782665,-7.143538,5.616924,-55.222816,-26.80551,18.553833,63.854897,-17.072624,-5.265128,-8.068956
202,-0.8414020538330078,16.389183044433594,70.1107177734375,3.6323373430423773,31.029243309873035,-86.34453916626592,-66.44091,-0.3350834,11.729267,41.19348,-6.42736,4.6436324,-69.71931,-4.7086277,-5.670041,48.54815,-11.20586,-3.7734745,8.978066,2.7329125,29.793802,3.0768473,11.861838,-8.434011,48.021072,7.190347,-7.120758,5.538406,-56.032013,-27.178577,18.606085,64.00909,-16.817408,-5.296434,-8.172478
203,-0.8370580077171326,16.423263549804688,69.80548095703125,4.01780964930191,31.522713534160278,-85.97933528333503,-67.46456,-0.60122764,11.911605,41.914536,-6.6387835,4.715618,-70.988106,-5.0938506,-5.4358544,49.77804,-11.689673,-3.754635,8.954521,2.6810422,29.793802,3.257825,11.88434,-8.628314,48.25499,7.1883435,-7.1066403,5.4645395,-56.817505,-27.556232,18.627743,64.14805,-16.582533,-5.3358297,-8.28762
204,-0.8414559364318848,16.450462341308594,69.50163269042969,4.385240450342194,32.00969054396461,-85.61096634810038,-68.483154,-0.84723276,12.072239,42.64321,-6.856455,4.7758045,-72.22217,-5.45666,-5.2222486,50.964,-12.161071,-3.7463205,8.942009,2.650408,29.793802,3.4409034,11.909421,-8.815643,48.46933,7.1650395,-7.108706,5.410025,-57.58274,-27.94281,18.64763,64.28071,-16.360067,-5.4094973,-8.412014
205,-0.8381482362747192,16.47698974609375,69.20001220703125,4.733669668668362,32.49199714924842,-85.23343149927378,-69.49594,-1.0898468,12.216457,43.36103,-7.0671535,4.839807,-73.426796,-5.813171,-5.023585,52.103638,-12.61275,-3.7334592,8.936004,2.6457798,29.793802,3.6271913,11.938876,-8.991395,48.65956,7.107309,-7.130648,5.372467,-58.330425,-28.342602,18.687155,64.40764,-16.129263,-5.531467,-8.563806
206,-0.8293895125389099,16.48809242248535,68.90203094482422,5.074694694334178,32.967386850697395,-84.84038667756928,-70.492455,-1.3368767,12.348459,44.0775,-7.289012,4.904049,-74.597084,-6.171426,-4.8324943,53.218845,-13.070146,-3.715311,8.930809,2.6617172,29.793802,3.8161328,11.973097,-9.156894,48.82876,7.023453,-7.168516,5.3423114,-59.06429,-28.758253,18.74993,64.52623,-15.876951,-5.685853,-8.740961
207,-0.822857141494751,16.49681854248047,68.60457611083984,5.401361406661581,33.434080068748614,-84.4512265353245,-71.47943,-1.5680363,12.4707985,44.794487,-7.5117373,4.96318,-75.7406,-6.5123696,-4.6516976,54.30114,-13.514345,-3.7018287,8.937523,2.696337,29.793802,4.007981,12.011203,-9.3160715,48.98117,6.9347906,-7.218366,5.3213835,-59.786957,-29.189566,18.828176,64.63946,-15.620442,-5.8565087,-8.909821
208,-0.8253006935119629,16.507144927978516,68.30955505371094,5.7058121049839645,33.89042786811407,-84.08605429255735,-72.45728,-1.7643238,12.58274,45.51876,-7.738385,5.010791,-76.85193,-6.815853,-4.4837036,55.33522,-13.932806,-3.700531,8.967368,2.745796,29.793802,4.2022305,12.051853,-9.471717,49.122112,6.863623,-7.276017,5.3140182,-60.50004,-29.634867,18.909561,64.74615,-15.38095,-6.0223165,-9.036287
209,-0.8205095529556274,16.515460968017578,68.0181655883789,5.983608154564698,34.33419381823552,-83.74581219498722,-73.419106,-1.9365833,12.688857,46.249027,-7.9734983,5.0604224,-77.92604,-7.0927114,-4.3225074,56.325542,-14.330735,-3.6961286,9.0185,2.81685,29.793802,4.4012246,12.093877,-9.624497,49.247166,6.8305254,-7.3418784,5.326543,-61.204926,-30.093288,18.981659,64.847435,-15.166576,-6.184207,-9.090066
210,-0.8194288015365601,16.520912170410156,67.73097229003906,6.2383994547547275,34.76725339456232,-83.42248256027793,-74.36615,-2.085045,12.7806635,46.981785,-8.213008,5.102847,-78.96423,-7.3437667,-4.1776195,57.27584,-14.712942,-3.698317,9.087839,2.9076078,29.793802,4.603286,12.137271,-9.772994,49.356693,6.8210945,-7.417155,5.357823,-61.899418,-30.56534,19.045792,64.941505,-14.969679,-6.3492045,-9.094865
211,-0.8113170266151428,16.506498336791992,67.44926452636719,6.47469770688403,35.19415673467912,-83.1225538149014,-75.29098,-2.2135034,12.871882,47.728535,-8.4818125,5.145811,-79.96455,-7.5728455,-4.0335073,58.20064,-15.099806,-3.694339,9.180816,3.008038,29.793802,4.802615,12.181596,-9.918774,49.462387,6.8011684,-7.499392,5.3962107,-62.576904,-31.049086,19.103247,65.02765,-14.801524,-6.5091224,-9.100171
212,-0.8109672665596008,16.508499145507812,67.16954803466797,6.6970911426113915,35.61955799259025,-82.85241953473916,-76.21173,-2.3088825,12.966633,48.453884,-8.72943,5.1823964,-80.955574,-7.7663727,-3.8938797,59.07272,-15.441282,-3.7015235,9.305513,3.1007836,29.793802,4.993326,12.2273445,-10.062054,49.576683,6.739625,-7.585635,5.435176,-63.237022,-31.542639,19.167276,65.10727,-14.657963,-6.6548004,-9.155866
213,-0.7945563793182373,16.492393493652344,66.89629364013672,6.900762138110544,36.04393768183509,-82.62458470198456,-77.10759,-2.37728,13.078002,49.186333,-9.007808,5.2283373,-81.91486,-7.9301796,-3.7404017,59.91168,-15.777178,-3.6933897,9.471636,3.184864,29.793802,5.1745815,12.2744465,-10.203349,49.704956,6.611791,-7.685417,5.471642,-63.879253,-32.044357,19.245356,65.18303,-14.567608,-6.7772303,-9.271651
214,-0.780052661895752,16.47408676147461,66.6274642944336,7.084017713986186,36.465518538652084,-82.43312880373081,-77.98908,-2.4114058,13.1899805,49.917824,-9.293741,5.270049,-82.84958,-8.058142,-3.592419,60.7107,-16.092194,-3.689165,9.672205,3.2642696,29.793802,5.349589,12.323379,-10.340353,49.8405,6.441033,-7.7966213,5.512364,-64.511185,-32.55436,19.342377,65.25781,-14.509298,-6.882541,-9.425232
215,-0.7711088061332703,16.458038330078125,66.36414337158203,7.257211637433394,36.8851427915508,-82.25599983952054,-78.85619,-2.4282734,13.296938,50.62802,-9.568756,5.305867,-83.76346,-8.165953,-3.453891,61.469624,-16.385067,-3.6917622,9.883277,3.3457863,29.793802,5.518161,12.373742,-10.474182,49.976128,6.258126,-7.9005356,5.553076,-65.1371,-33.069237,19.445572,65.33198,-14.443498,-6.9875216,-9.617705
216,-0.7647014856338501,16.439842224121094,66.1019287109375,7.431319557929876,37.303693792400736,-82.07065001408593,-79.71542,-2.446866,13.398029,51.324352,-9.836528,5.3389816,-84.66803,-8.2741375,-3.3214657,62.217365,-16.67583,-3.6973276,10.082103,3.4324534,29.793802,5.6797056,12.425091,-10.60624,50.10597,6.094698,-7.978043,5.593083,-65.759155,-33.583454,19.536768,65.40596,-14.332166,-7.108074,-9.848511
217,-0.7636266350746155,16.41738510131836,65.84314727783203,7.602308380131959,37.721843601257916,-81.87844352479001,-80.56463,-2.4641752,13.487469,52.00525,-10.097263,5.366415,-85.55613,-8.379787,-3.2019105,62.946045,-16.963924,-3.7088838,10.268646,3.5218732,29.793802,5.8345084,12.478017,-10.737999,50.230675,5.9606133,-8.018935,5.6405735,-66.37981,-34.092537,19.609655,65.48637,-14.198819,-7.239795,-10.119636
218,-0.7539501190185547,16.392000198364258,65.58746337890625,7.766742358727829,38.138964071808296,-81.68917207607768,-81.40274,-2.4818296,13.576997,52.673294,-10.355736,5.400616,-86.42995,-8.483875,-3.0821903,63.655666,-17.245096,-3.7126725,10.451084,3.6147609,29.793802,5.982961,12.532357,-10.8694515,50.35205,5.835602,-8.03551,5.692326,-66.99696,-34.59259,19.657562,65.57349,-14.075078,-7.3765645,-10.4291935
219,-0.7407407164573669,16.361284255981445,65.33565521240234,7.9371586015561615,38.55485079743413,-81.49206457262265,-82.224846,-2.5068617,13.669765,53.319923,-10.608817,5.4367414,-87.29157,-8.592583,-2.958473,64.35261,-17.525827,-3.7123075,10.623774,3.7024682,29.793802,6.12612,12.588731,-10.993761,50.469414,5.71617,-8.040862,5.740738,-67.604996,-35.08182,19.68443,65.65695,-13.898391,-7.5294013,-10.771113
220,-0.7303671836853027,16.331859588623047,65.08586120605469,8.126225999718779,38.96860596153893,-81.27632285148867,-83.03455,-2.5442996,13.769242,53.937283,-10.845672,5.470109,-88.151726,-8.710319,-2.8266802,65.042274,-17.80257,-3.7134826,10.7781,3.7848365,29.793802,6.2648826,12.646494,-11.103746,50.58014,5.596175,-8.048991,5.7703834,-68.19995,-35.557865,19.683775,65.72752,-13.626647,-7.711079,-11.1384115
221,-0.7144216895103455,16.299606323242188,64.83686828613281,8.338732629511929,39.389359214758,-81.04221812915914,-83.83771,-2.598178,13.885018,54.526108,-11.072208,5.5071416,-89.02115,-8.839702,-2.6747246,65.728355,-18.077606,-3.7072027,10.913369,3.8513656,29.793802,6.4015784,12.705552,-11.18814,50.67915,5.4694943,-8.059322,5.774737,-68.7863,-36.01924,19.655102,65.78653,-13.203937,-7.930382,-11.548894
222,-0.7029824256896973,16.262956619262695,64.59190368652344,8.568229471294664,39.814506157372975,-80.79388145253026,-84.630455,-2.6583004,14.005473,55.08862,-11.289428,5.538264,-89.88808,-8.970999,-2.5163743,66.40172,-18.350328,-3.7037954,11.03167,3.903359,29.793802,6.5372343,12.765769,-11.245181,50.76755,5.3457456,-8.066202,5.7587495,-69.366486,-36.464508,19.600737,65.840385,-12.67232,-8.179849,-11.998442
223,-0.6890529990196228,16.231887817382812,64.3497543334961,8.811669408429086,40.225830273787686,-80.52557249878082,-85.40384,-2.7341025,14.132097,55.62412,-11.488556,5.572719,-90.743675,-9.115133,-2.3500652,67.06752,-18.61708,-3.6972508,11.129171,3.9596138,29.793802,6.669449,12.82571,-11.287701,50.855026,5.2393494,-8.0756035,5.72745,-69.93055,-36.890903,19.51282,65.88708,-12.141683,-8.44668,-12.445986
224,-0.679663896560669,16.195730209350586,64.10957336425781,9.065128998140136,40.60587863512884,-80.23193921848068,-86.14424,-2.8266642,14.251733,56.15792,-11.690157,5.603364,-91.56579,-9.273566,-2.1845882,67.74678,-18.903572,-3.6924133,11.2076025,4.019422,29.793802,6.796514,12.886581,-11.32725,50.953773,5.171347,-8.09207,5.7029376,-70.46478,-37.30042,19.41022,65.920364,-11.673335,-8.715405,-12.855147
225,-0.6663052439689636,16.163414001464844,63.87284851074219,9.335935549843052,40.95040771958846,-79.90538628784118,-86.84668,-2.9490829,14.375413,56.669514,-11.877372,5.6407733,-92.35811,-9.457492,-2.0075574,68.4336,-19.197937,-3.680481,11.258997,4.0941844,29.793802,6.916827,12.94754,-11.377099,51.066433,5.152798,-8.11538,5.6849227,-70.97218,-37.692314,19.280508,65.944145,-11.289946,-8.978699,-13.188167
226,-0.6530062556266785,16.1284236907959,63.637733459472656,9.623203851002721,41.26829848769093,-79.55099498894114,-87.52036,-3.0930586,14.501613,57.171352,-12.061375,5.6793637,-93.12749,-9.659828,-1.8214321,69.13293,-19.50706,-3.665688,11.285809,4.1836686,29.793802,7.0294003,13.007607,-11.439183,51.188618,5.163293,-8.143202,5.6682577,-71.458336,-38.065006,19.109453,65.96281,-10.970283,-9.245223,-13.472925
227,-0.6392385363578796,16.08632469177246,63.40658187866211,9.910864796702594,41.56088164450303,-79.18282060488394,-88.16371,-3.2479692,14.621455,57.6718,-12.251478,5.7160616,-93.86174,-9.871098,-1.6372178,69.83474,-19.83114,-3.6488588,11.301586,4.274763,29.793802,7.1354475,13.06926,-11.504796,51.319607,5.1738505,-8.177685,5.658618,-71.91182,-38.422215,18.926243,65.963295,-10.701893,-9.518956,-13.774949
228,-0.6291588544845581,16.040727615356445,63.1782341003418,10.182365334630367,41.829392094500726,-78.81565005216564,-88.78503,-3.3997357,14.724041,58.182854,-12.449573,5.7451396,-94.55857,-10.079774,-1.4697475,70.53205,-20.163227,-3.6366968,11.314371,4.381604,29.793802,7.235125,13.133,-11.572354,51.45434,5.144467,-8.222481,5.640734,-72.33268,-38.76557,18.740288,65.94416,-10.522704,-9.807971,-14.15762
229,-0.6162424683570862,15.999717712402344,62.9504508972168,10.43582528259052,42.07000202302992,-78.44498456517178,-89.388626,-3.5559137,14.812086,58.702946,-12.647224,5.7729654,-95.223236,-10.294283,-1.3154794,71.22796,-20.497126,-3.62351,11.320552,4.514158,29.793802,7.3270636,13.199336,-11.643794,51.59461,5.062135,-8.285096,5.602615,-72.72235,-39.096767,18.556362,65.90639,-10.456743,-10.113287,-14.635608
230,-0.6037877202033997,15.959978103637695,62.725162506103516,10.67847666452824,42.283510301275754,-78.0666227770401,-89.969246,-3.7193546,14.887714,59.2245,-12.843314,5.797444,-95.854164,-10.516085,-1.1714398,71.92185,-20.836048,-3.611125,11.315528,4.674251,29.793802,7.410905,13.267423,-11.723868,51.740494,4.9432077,-8.3619175,5.5463533,-73.08714,-39.41525,18.362675,65.855705,-10.500615,-10.432151,-15.176226
231,-0.5949212312698364,15.918821334838867,62.50339889526367,10.906642281020472,42.478507280404145,-77.69624353041459,-90.529816,-3.876276,14.952122,59.749786,-13.043412,5.816623,-96.45406,-10.731052,-1.039398,72.60549,-21.176214,-3.6031232,11.312403,4.830946,29.793802,7.4906654,13.338318,-11.802916,51.886917,4.8071814,-8.438238,5.502062,-73.41905,-39.72346,18.177275,65.78323,-10.579762,-10.761879,-15.776776
232,-0.58474200963974,15.874926567077637,62.28664016723633,11.117143133708117,42.66375933173134,-77.34914038634791,-91.07236,-4.0182033,15.01227,60.276134,-13.250384,5.8362756,-97.02719,-10.92912,-0.91333735,73.268845,-21.50983,-3.5942285,11.319653,4.9743967,29.793802,7.570062,13.410942,-11.87421,52.02497,4.667071,-8.500704,5.482051,-73.722176,-40.021187,18.000654,65.69144,-10.663505,-11.103556,-16.431885
233,-0.5797625780105591,15.83127498626709,62.07266616821289,11.307226855103353,42.841773852246234,-77.03060794913851,-91.603516,-4.13619,15.063908,60.808243,-13.462782,5.8514977,-97.578674,-11.102596,-0.7998226,73.91176,-21.833403,-3.5920155,11.337381,5.109294,29.793802,7.648731,13.482534,-11.933949,52.154713,4.52891,-8.543845,5.49073,-73.99911,-40.30553,17.818089,65.583374,-10.763868,-11.47411,-17.166496
234,-0.5691580176353455,15.786373138427734,61.8636474609375,11.478481550088036,43.00818938072612,-76.73279528527107,-92.11578,-4.245036,15.112412,61.339577,-13.679839,5.871454,-98.10324,-11.26482,-0.6903066,74.536705,-22.150503,-3.5844498,11.358252,5.255088,29.793802,7.723763,13.549581,-11.987681,52.27938,4.3828044,-8.576292,5.508947,-74.254875,-40.57155,17.603846,65.46446,-10.943916,-11.868738,-17.9719
235,-0.5616806149482727,15.741833686828613,61.65793991088867,11.634309779763962,43.161059765337285,-76.45141758489952,-92.610565,-4.3429894,15.15259,61.8716,-13.898826,5.8878183,-98.60202,-11.415736,-0.5916556,75.1476,-22.462934,-3.5808964,11.384567,5.3895545,29.793802,7.79821,13.613519,-12.031667,52.3989,4.2294145,-8.604706,5.5392795,-74.478,-40.821342,17.384348,65.32436,-11.162289,-12.250048,-18.79871
236,-0.5600147247314453,15.687358856201172,61.458839416503906,11.778185866924678,43.29852664226379,-76.18212666190232,-93.07714,-4.4339023,15.18109,62.405537,-14.130034,5.895693,-99.06345,-11.559514,-0.50656486,75.74869,-22.78519,-3.5828822,11.416798,5.493726,29.793802,7.876537,13.6790085,-12.060925,52.50928,4.0666285,-8.636055,5.5774484,-74.66605,-41.06253,17.20945,65.157814,-11.360261,-12.581731,-19.599733
237,-0.5506452322006226,15.646939277648926,61.261783599853516,11.906093250810844,43.416914594634804,-75.92583011993318,-93.52936,-4.525442,15.20934,62.928024,-14.344519,5.9120626,-99.507416,-11.702979,-0.4228534,76.33259,-23.085419,-3.5786629,11.447157,5.656283,29.793802,7.9501743,13.73746,-12.109189,52.597115,3.8345256,-8.673933,5.563978,-74.8535,-41.28204,16.983986,65.00256,-11.716148,-12.881876,-20.364662
238,-0.5392735004425049,15.599945068359375,61.07143020629883,12.01720999629503,43.51901195339704,-75.68459632385755,-93.95338,-4.6131234,15.229692,63.45005,-14.56841,5.928224,-99.91391,-11.843164,-0.34917074,76.903725,-23.39072,-3.5722835,11.485126,5.7922297,29.793802,8.025101,13.794736,-12.152572,52.680748,3.5715137,-8.712922,5.5706186,-74.999344,-41.487885,16.774967,64.813095,-12.066717,-13.147181,-21.126604
239,-0.53536057472229,15.555603981018066,60.8881950378418,12.119557767610175,43.60964290664629,-75.45649501060468,-94.35606,-4.692078,15.242669,63.95652,-14.784347,5.9369903,-100.2948,-11.973608,-0.28722322,77.45137,-23.685158,-3.5740027,11.5238,5.918897,29.793802,8.097885,13.850961,-12.195382,52.75718,3.3234727,-8.751585,5.575736,-75.124596,-41.68091,16.582396,64.617134,-12.458484,-13.365471,-21.859808
240,-0.5316357016563416,15.509933471679688,60.713802337646484,12.22071460077673,43.69389492133948,-75.23976956932411,-94.73469,-4.7678056,15.25852,64.4396,-14.994203,5.944603,-100.65489,-12.096443,-0.22304197,77.9753,-23.969324,-3.5749176,11.5599785,6.0356073,29.793802,8.163153,13.905012,-12.245532,52.83133,3.1385999,-8.787857,5.578564,-75.23744,-41.859764,16.400171,64.43463,-12.919394,-13.524761,-22.537165
241,-0.5267236828804016,15.457573890686035,60.5461311340332,12.324815029463313,43.77290323290536,-75.033807688714,-95.08955,-4.8404136,15.281322,64.9085,-15.208835,5.9518313,-100.9961,-12.212578,-0.15197863,78.48498,-24.25304,-3.5728111,11.591725,6.1152263,29.793802,8.226016,13.959349,-12.298966,52.907803,3.0506587,-8.82486,5.593341,-75.32762,-42.02756,16.258097,64.246376,-13.404442,-13.613584,-23.155027
242,-0.5260278582572937,15.397453308105469,60.38807678222656,12.427313953841352,43.84455230664733,-74.8395029079965,-95.41535,-4.9074717,15.302082,65.36047,-15.427237,5.952824,-101.30843,-12.3199005,-0.08442821,78.97439,-24.537148,-3.573603,11.623392,6.1340957,29.793802,8.293502,14.019988,-12.339747,52.984505,3.0363965,-8.862507,5.635214,-75.38755,-42.19453,16.212816,64.03729,-13.816314,-13.633783,-23.733463
243,-0.5119365453720093,15.344980239868164,60.23367691040039,12.52148520934968,43.90749790160132,-74.6581450080117,-95.72673,-4.9767327,15.333207,65.79469,-15.634222,5.967827,-101.61036,-12.427599,-0.006835205,79.44607,-24.80306,-3.5606906,11.653866,6.207258,29.793802,8.344285,14.075907,-12.40574,53.04613,3.0220506,-8.893474,5.6360064,-75.46517,-42.34619,16.14489,63.8805,-14.37425,-13.618297,-24.260548
244,-0.502958357334137,15.2850923538208,60.09370040893555,12.60266223244137,43.96222138231432,-74.48991396866091,-96.00379,-5.0407166,15.351085,66.20465,-15.83967,5.9752593,-101.87013,-12.52682,0.05454226,79.884834,-25.065922,-3.552297,11.700039,6.214973,29.793802,8.384198,14.137076,-12.453668,53.116745,3.0046217,-8.911772,5.69284,-75.502846,-42.502132,16.166744,63.717274,-14.804684,-13.539834,-24.749674
245,-0.5017282366752625,15.235379219055176,59.9590950012207,12.661686232101347,44.005770706915605,-74.33848506390748,-96.26897,-5.0929914,15.351875,66.60179,-16.027971,5.976711,-102.10634,-12.616844,0.09136603,80.29637,-25.30953,-3.554552,11.759266,6.3053904,29.793802,8.389233,14.190657,-12.529903,53.17736,2.9396112,-8.910039,5.7162375,-75.56086,-42.64744,16.14483,63.6257,-15.41676,-13.413827,-25.177366
246,-0.49422121047973633,15.185670852661133,59.83467102050781,12.704053831409004,44.03949733356576,-74.20241787897461,-96.50792,-5.1450114,15.347791,66.97874,-16.210234,5.983247,-102.31105,-12.7041645,0.12175057,80.680626,-25.542542,-3.550139,11.833984,6.392543,29.793802,8.368189,14.239011,-12.619141,53.24888,2.8661232,-8.89442,5.7673244,-75.591225,-42.787025,16.119476,63.544033,-16.071474,-13.223901,-25.543825
247,-0.48881223797798157,15.127108573913574,59.722103118896484,12.743840442412944,44.06838780411113,-74.07548195776563,-96.71591,-5.1941223,15.34113,67.33337,-16.395094,5.9854455,-102.48442,-12.785806,0.14755909,81.04067,-25.776384,-3.5462492,11.917419,6.401631,29.793802,8.345553,14.292019,-12.682521,53.323357,2.8096254,-8.875874,5.857663,-75.577805,-42.93951,16.195705,63.44403,-16.548182,-12.998375,-25.876804
248,-0.4810198247432709,15.094050407409668,59.61431121826172,12.792482436858974,44.094795311623784,-73.95285249781162,-96.92102,-5.2417502,15.35249,67.64067,-16.535059,5.9949555,-102.67122,-12.863176,0.18771659,81.36615,-25.962044,-3.540782,11.98649,6.5333295,29.793802,8.304922,14.326646,-12.791745,53.357155,2.7114935,-8.862991,5.8212314,-75.61753,-43.069298,16.138824,63.446674,-17.265087,-12.846055,-26.163345
249,-0.4855162501335144,15.018338203430176,59.52689743041992,12.857138528247884,44.122714230764046,-73.83328765386474,-97.06715,-5.2846313,15.360302,67.928986,-16.716482,5.9841037,-102.80182,-12.930148,0.22424737,81.67546,-26.19131,-3.541852,12.062546,6.389304,29.793802,8.300779,14.381098,-12.799033,53.41085,2.68259,-8.860876,5.907702,-75.53004,-43.237305,16.36127,63.33193,-17.391884,-12.672228,-26.46073
250,-0.47875335812568665,14.982843399047852,59.43777084350586,12.925714485538391,44.146393058637734,-73.72162576933341,-97.22811,-5.3261104,15.394516,68.17622,-16.840326,5.9924335,-102.96549,-12.99539,0.28329256,81.95486,-26.35491,-3.533987,12.118512,6.49522,29.793802,8.269926,14.4101,-12.874393,53.390915,2.586946,-8.857427,5.762196,-75.5652,-43.374832,16.37845,63.408577,-18.008705,-12.605502,-26.703613
251,-0.4653213918209076,14.93658447265625,59.365535736083984,12.99975358595604,44.1675857818974,-73.61262697545222,-97.348785,-5.375276,15.436027,68.382614,-16.96308,6.004378,-103.09576,-13.062028,0.35097,82.2015,-26.51697,-3.5154085,12.179492,6.4825244,29.793802,8.236771,14.434243,-12.927883,53.39352,2.5189133,-8.860849,5.7053466,-75.52671,-43.510372,16.436855,63.422565,-18.396957,-12.50591,-26.907082
252,-0.4596206247806549,14.890707015991211,59.30521011352539,13.076660972054773,44.18545380535658,-73.50332116371229,-97.44648,-5.425208,15.471744,68.55355,-17.069555,6.0079913,-103.2049,-13.12511,0.41138077,82.418045,-26.667213,-3.5037425,12.237265,6.4694033,29.793802,8.195198,14.452341,-12.977271,53.386223,2.4673853,-8.870711,5.6666636,-75.49414,-43.64447,16.50729,63.443546,-18.677944,-12.381051,-27.063086
253,-0.45550280809402466,14.84075927734375,59.25672149658203,13.158534168504051,44.19896171702634,-73.3923835407474,-97.517006,-5.480807,15.507218,68.69145,-17.166634,6.008436,-103.290726,-13.188867,0.4723987,82.60946,-26.812172,-3.4913232,12.2952385,6.4551063,29.793802,8.139203,14.464052,-13.032638,53.375526,2.4430923,-8.887606,5.662134,-75.465256,-43.77767,16.581844,63.467533,-18.850365,-12.202286,-27.142569
254,-0.4617679715156555,14.785295486450195,59.22064971923828,13.245258244571703,44.208532174587184,-73.28186745926268,-97.56085,-5.5350876,15.535997,68.79999,-17.256413,5.996971,-103.35074,-13.2471695,0.525141,82.77492,-26.953835,-3.4879696,12.353049,6.4371667,29.793802,8.069964,14.46912,-13.095858,53.360268,2.4347477,-8.910628,5.677621,-75.4332,-43.910336,16.657665,63.498825,-18.93605,-11.991566,-27.158556
255,-0.44187238812446594,14.749768257141113,59.196739196777344,13.331921948896428,44.21578428682712,-73.17321065071455,-97.586586,-5.6074343,15.588311,68.84683,-17.30502,6.013758,-103.4079,-13.31734,0.60410845,82.894684,-27.050064,-3.4560258,12.407263,6.4211187,29.793802,7.9910784,14.467144,-13.166344,53.33591,2.4131696,-8.9395275,5.7014136,-75.40483,-44.041656,16.727512,63.538185,-18.945763,-11.799098,-27.161133
256,-0.4239788353443146,14.709165573120117,59.185665130615234,13.413909587083536,44.22243730246308,-73.06752386178174,-97.58854,-5.6815476,15.632535,68.863235,-17.345804,6.0275564,-103.43818,-13.386308,0.6732972,82.98425,-27.14076,-3.4251082,12.453715,6.4126086,29.793802,7.9068213,14.457288,-13.242125,53.2965,2.350083,-8.973983,5.7201977,-75.38494,-44.16946,16.782139,63.5905,-18.890247,-11.676219,-27.200449
257,-0.4307519793510437,14.658578872680664,59.18865966796875,13.491135083499087,44.22782732263308,-72.96322741385053,-97.56515,-5.7462277,15.648415,68.8546,-17.381674,6.0158563,-103.43169,-13.444587,0.707873,83.04298,-27.234747,-3.419928,12.490199,6.4131827,29.793802,7.818734,14.438976,-13.321668,53.236763,2.2254379,-9.016535,5.7351756,-75.37223,-44.29164,16.816109,63.652973,-18.782225,-11.634829,-27.295418
258,-0.4160173237323761,14.634227752685547,59.20222473144531,13.565149664069132,44.23104002133566,-72.8606803914335,-97.53205,-5.825445,15.682817,68.78514,-17.367977,6.0298457,-103.428314,-13.512979,0.76157707,83.05497,-27.275955,-3.392494,12.514604,6.4739776,29.793802,7.717186,14.404276,-13.42805,53.15397,2.041127,-9.065408,5.7178864,-75.39171,-44.39363,16.753258,63.760967,-18.753828,-11.666465,-27.404583
259,-0.40324562788009644,14.586838722229004,59.23497009277344,13.636759118490998,44.23524265237806,-72.76242610664299,-97.455345,-5.9084725,15.705881,68.68517,-17.367752,6.036055,-103.376526,-13.579596,0.80424094,83.03521,-27.332779,-3.3636577,12.542493,6.390323,29.793802,7.6261578,14.37548,-13.481704,53.091187,1.8939804,-9.1198845,5.794984,-75.3333,-44.510456,16.826063,63.777668,-18.33584,-11.695241,-27.544783
260,-0.3949269652366638,14.555997848510742,59.27793884277344,13.702613002275008,44.240443874449305,-72.67325960829024,-97.371086,-5.987015,15.723566,68.54065,-17.329966,6.038913,-103.31932,-13.637861,0.83776236,82.97158,-27.350143,-3.341044,12.558016,6.4057746,29.793802,7.522851,14.333818,-13.557218,53.001335,1.74786,-9.167994,5.7807474,-75.3592,-44.614017,16.823559,63.87833,-18.00995,-11.790528,-27.654634
261,-0.3946557641029358,14.516946792602539,59.33623504638672,13.768186488522186,44.25079623024212,-72.59142836881146,-97.26045,-6.061563,15.73064,68.35973,-17.285685,6.029834,-103.23488,-13.686302,0.85900724,82.87049,-27.360878,-3.325617,12.571513,6.354068,29.793802,7.413872,14.288427,-13.61316,52.926445,1.6585109,-9.206419,5.7945204,-75.36541,-44.717026,16.855762,63.94838,-17.436852,-11.923536,-27.782133
262,-0.38368335366249084,14.496332168579102,59.40348434448242,13.831187593410105,44.26296285016845,-72.51666930410023,-97.143265,-6.140997,15.7474985,68.13022,-17.20263,6.0331993,-103.153275,-13.734545,0.88983643,82.72886,-27.328846,-3.2995598,12.568127,6.4232187,29.793802,7.2817497,14.219632,-13.712794,52.826797,1.5510019,-9.235032,5.7134414,-75.46734,-44.7871,16.72329,64.11919,-17.049006,-12.149339,-27.890491
263,-0.3777056336402893,14.461167335510254,59.4879150390625,13.884402216035522,44.27316090253645,-72.45098001984196,-96.98806,-6.2201366,15.74739,67.87023,-17.122759,6.0268435,-103.02607,-13.778432,0.90164673,82.551895,-27.301205,-3.276996,12.567811,6.4070582,29.793802,7.151078,14.144165,-13.790062,52.757587,1.469391,-9.276061,5.7020063,-75.50341,-44.846287,16.616539,64.22125,-16.478678,-12.350505,-27.955126
264,-0.36516818404197693,14.430499076843262,59.584747314453125,13.91869832013497,44.27490470233191,-72.39784766337218,-96.807396,-6.3030925,15.738065,67.57844,-17.026318,6.025646,-102.86722,-13.824138,0.9019102,82.33833,-27.25467,-3.247774,12.56683,6.405919,29.793802,7.0275354,14.0616455,-13.860953,52.692017,1.3733497,-9.340747,5.6900887,-75.53126,-44.8932,16.51049,64.31864,-15.935949,-12.505321,-27.907658
265,-0.35769110918045044,14.399996757507324,59.69670867919922,13.93052952633531,44.267418171271665,-72.3574605462648,-96.596085,-6.3841143,15.705696,67.255554,-16.916126,6.016965,-102.66503,-13.867577,0.87353146,82.08424,-27.195398,-3.2242656,12.569688,6.3937902,29.793802,6.9166627,13.976426,-13.92231,52.63383,1.2518333,-9.444824,5.703769,-75.53592,-44.933678,16.436935,64.39241,-15.325479,-12.576769,-27.689503
266,-0.3425252139568329,14.377689361572266,59.82075500488281,13.924201262100823,44.25310461270493,-72.3287376411059,-96.36279,-6.4691195,15.666181,66.8959,-16.782648,6.015169,-102.43651,-13.912931,0.83535624,81.790474,-27.110619,-3.1932375,12.568751,6.4363956,29.793802,6.806946,13.881719,-14.002134,52.567867,1.0921351,-9.574085,5.6914062,-75.57076,-44.95605,16.313774,64.49913,-14.789511,-12.615715,-27.334126
267,-0.3315548002719879,14.346819877624512,59.95811080932617,13.904840308434459,44.233043286394086,-72.31162165373046,-96.097725,-6.5520144,15.610417,66.51256,-16.64864,6.0062013,-102.16856,-13.953394,0.77845556,81.4667,-27.024958,-3.1660585,12.571211,6.4354577,29.793802,6.702619,13.786203,-14.067237,52.520863,0.9520458,-9.707791,5.7156014,-75.55445,-44.97124,16.228437,64.55817,-14.209736,-12.631678,-26.970964
268,-0.3232491612434387,14.32323932647705,60.107784271240234,13.876624069180956,44.20731034611691,-72.30656055580128,-95.809944,-6.6321826,15.546699,66.090324,-16.49061,5.995068,-101.878204,-13.986279,0.711692,81.10366,-26.913403,-3.1433332,12.569745,6.4574513,29.793802,6.5974674,13.68595,-14.130675,52.478367,0.8398076,-9.818752,5.717139,-75.53066,-44.971794,16.125937,64.61478,-13.810214,-12.6841545,-26.6965
269,-0.3142339587211609,14.297289848327637,60.26917266845703,13.84114599926851,44.17963989630817,-72.3138406117557,-95.49724,-6.7108283,15.477266,65.63759,-16.324522,5.9840307,-101.56147,-14.014286,0.63696307,80.70689,-26.789366,-3.1184518,12.567906,6.464899,29.793802,6.4921403,13.583028,-14.180802,52.449944,0.77933455,-9.905835,5.7217526,-75.47062,-44.95817,16.025835,64.6507,-13.589649,-12.769957,-26.553282
270,-0.29472818970680237,14.273799896240234,60.44140625,13.796527093483432,44.14876195916197,-72.33303382763695,-95.16107,-6.7937527,15.408829,65.14987,-16.143415,5.98262,-101.22441,-14.041033,0.56460977,80.27736,-26.645943,-3.083439,12.564473,6.466167,29.793802,6.389587,13.477811,-14.217495,52.42936,0.7536201,-9.980439,5.7241325,-75.38583,-44.930077,15.9275,64.67311,-13.500038,-12.872877,-26.480267
271,-0.28825056552886963,14.23957633972168,60.62767028808594,13.740848086471894,44.10810255426703,-72.36326809987182,-94.786514,-6.869649,15.318901,64.638275,-15.962964,5.9653187,-100.84025,-14.058332,0.4667002,79.81694,-26.505253,-3.0614161,12.56519,6.3788853,29.793802,6.301401,13.383441,-14.20656,52.432297,0.7785263,-10.042802,5.7772374,-75.216736,-44.908886,15.952664,64.59814,-13.223526,-12.97156,-26.462223
272,-0.2745695412158966,14.22616195678711,60.81925582885742,13.670329458538227,44.04896188743047,-72.40458058184169,-94.39632,-6.9478126,15.229897,64.097755,-15.7497835,5.9577894,-100.4419,-14.07772,0.36696038,79.32936,-26.329868,-3.0333133,12.550288,6.425324,29.793802,6.208612,13.278872,-14.230082,52.41763,0.7582829,-10.080998,5.733184,-75.116714,-44.86263,15.863656,64.57135,-13.157506,-13.133089,-26.408354
273,-0.26238512992858887,14.19801139831543,61.02442169189453,13.580292019323535,43.971733343878284,-72.45862109507637,-93.95915,-7.0249796,15.122271,63.543713,-15.548247,5.943918,-99.984436,-14.096222,0.245382,78.81863,-26.166779,-3.0051742,12.544779,6.3689756,29.793802,6.1249156,13.183913,-14.220681,52.446945,0.7686034,-10.102149,5.775875,-74.8994,-44.8204,15.870989,64.39813,-12.783022,-13.292707,-26.360172
274,-0.25214990973472595,14.159098625183105,61.24140548706055,13.473438786763662,43.879690772643535,-72.52496379530439,-93.483284,-7.099421,14.998729,62.9748,-15.352285,5.9246383,-99.47874,-14.111379,0.10493691,78.28485,-26.009134,-2.978181,12.542544,6.278303,29.793802,6.0533233,13.102387,-14.182293,52.48665,0.8008641,-10.103725,5.834917,-74.63553,-44.792107,15.983254,64.15368,-12.231861,-13.469353,-26.333122
275,-0.23865143954753876,14.17260456085205,61.454891204833984,13.359113892768633,43.76969592284862,-72.59951842799916,-93.02076,-7.172319,14.886075,62.364056,-15.083553,5.9183927,-98.99885,-14.124892,-0.029162535,77.72027,-25.776783,-2.9525526,12.509437,6.4837418,29.793802,5.95712,12.988824,-14.255271,52.479645,0.7208657,-10.080762,5.687512,-74.53654,-44.70296,15.740361,64.07164,-12.345207,-13.74759,-26.235619
276,-0.23416297137737274,14.150372505187988,61.68645095825195,13.252547694458375,43.64502742728036,-72.67447125683334,-92.49378,-7.249549,14.7623205,61.733242,-14.844618,5.897337,-98.45339,-14.136495,-0.17161047,77.140564,-25.581003,-2.930788,12.482498,6.5046825,29.793802,5.870568,12.8785515,-14.2904005,52.535366,0.6896706,-10.061932,5.663979,-74.260544,-44.59996,15.541053,63.784565,-12.152263,-13.97649,-26.15369
277,-0.21727359294891357,14.132491111755371,61.9239501953125,13.161170333629757,43.50436410585753,-72.74759865295155,-91.935936,-7.3410673,14.660355,61.066765,-14.590056,5.8903346,-97.896614,-14.156369,-0.28669748,76.54812,-25.371704,-2.8937213,12.436835,6.5172453,29.793802,5.7989755,12.769755,-14.302666,52.584988,0.66854626,-10.032367,5.5845222,-73.967125,-44.481937,15.33327,63.44165,-11.904305,-14.210822,-26.04988
278,-0.20713748037815094,14.120396614074707,62.168426513671875,13.076787533825506,43.3480091858453,-72.8223475009286,-91.349495,-7.433104,14.559778,60.366863,-14.315611,5.878762,-97.321014,-14.172874,-0.4006187,75.935616,-25.147497,-2.8626664,12.376546,6.5253944,29.793802,5.7385807,12.661619,-14.299557,52.634533,0.65388906,-9.990761,5.466044,-73.65453,-44.346447,15.1044655,63.049187,-11.623844,-14.457823,-25.929813
279,-0.18983417749404907,14.112022399902344,62.420040130615234,12.987907707162549,43.176329447083624,-72.9022687075435,-90.73425,-7.531905,14.460731,59.63862,-14.027061,5.874091,-96.720825,-14.1928835,-0.51178336,75.30202,-24.910183,-2.8238513,12.307467,6.534063,29.793802,5.686536,12.55387,-14.285534,52.68727,0.6336314,-9.94809,5.3405538,-73.315765,-44.192963,14.855531,62.608044,-11.378233,-14.707732,-25.83711
280,-0.17224135994911194,14.101317405700684,62.67892837524414,12.883099690377238,42.990086973573746,-72.99084628995132,-90.09067,-7.6302586,14.347303,58.894264,-13.733169,5.867656,-96.08544,-14.210385,-0.6379709,74.64839,-24.669325,-2.7861784,12.236025,6.5502377,29.793802,5.6404724,12.446452,-14.264616,52.74596,0.5970708,-9.915214,5.238306,-72.94336,-44.022514,14.5944605,62.12341,-11.22806,-14.953288,-25.816868
281,-0.15491656959056854,14.092108726501465,62.94383239746094,12.76340536560198,42.788961711003,-73.08573895655167,-89.42263,-7.728438,14.220009,58.133835,-13.431444,5.8596926,-95.4177,-14.227839,-0.7805729,73.97349,-24.4206,-2.7477555,12.162477,6.57421,29.793802,5.599649,12.339232,-14.239379,52.811825,0.53512204,-9.89443,5.1700573,-72.53659,-43.8363,14.326037,61.59148,-11.205479,-15.197296,-25.904932
282,-0.14448942244052887,14.068792343139648,63.21906280517578,12.634660861289571,42.57367122489146,-73.18567578953964,-88.71498,-7.824384,14.074487,57.356434,-13.135133,5.841353,-94.70359,-14.239523,-0.9413357,73.27907,-24.18191,-2.71631,12.08942,6.534562,29.793802,5.5728474,12.242153,-14.181809,52.894524,0.47943416,-9.882925,5.1627507,-72.081436,-43.652683,14.139944,60.976967,-11.103671,-15.419192,-26.08059
283,-0.1318688839673996,14.069059371948242,63.49399185180664,12.489335669939255,42.341975802381796,-73.29612024250072,-88.001205,-7.9157515,13.92372,56.55898,-12.806124,5.8284416,-93.982254,-14.247273,-1.1113132,72.56264,-23.908442,-2.685769,12.005068,6.6184464,29.793802,5.543028,12.135673,-14.157783,52.955967,0.37652066,-9.871075,5.0809503,-71.63953,-43.440166,13.847081,60.38203,-11.269097,-15.674407,-26.27933
284,-0.12324514240026474,14.061323165893555,63.77800750732422,12.323115611553002,42.094788549311744,-73.42098894825358,-87.25205,-7.9972553,13.753158,55.75047,-12.480564,5.8087335,-93.21302,-14.244967,-1.3058329,71.82053,-23.635838,-2.6598265,11.9269905,6.6414256,29.793802,5.5215673,12.033149,-14.114126,53.041767,0.29942974,-9.867618,5.053233,-71.144714,-43.219215,13.585122,59.716866,-11.300276,-15.895016,-26.450045
285,-0.10517621040344238,14.063295364379883,64.06314849853516,12.132306919772807,41.82941140157801,-73.56097572131682,-86.487656,-8.074358,13.57448,54.938034,-12.145127,5.7982306,-92.41917,-14.240245,-1.512491,71.06123,-23.346212,-2.6259797,11.842001,6.7658186,29.793802,5.49845,11.920598,-14.096118,53.114742,0.19660471,-9.867042,4.9687066,-70.63074,-42.96591,13.227536,59.043186,-11.494686,-16.140598,-26.59177
286,-0.09280923753976822,14.052699089050293,64.35704803466797,11.922587480682703,41.54790598826727,-73.71236608558092,-85.68553,-8.141699,13.373578,54.117603,-11.817976,5.7782307,-91.57476,-14.224319,-1.7446139,70.28028,-23.064224,-2.5985837,11.761014,6.8284545,29.793802,5.485732,11.811457,-14.054068,53.212536,0.11581169,-9.877534,4.9461646,-70.06839,-42.701744,12.905389,58.29276,-11.566363,-16.356045,-26.723635
287,-0.08198099583387375,14.039800643920898,64.65801239013672,11.697192493734056,41.25199226182514,-73.8762423430839,-84.85449,-8.197837,13.161252,53.284176,-11.489141,5.7555914,-90.69298,-14.197975,-1.9938606,69.472374,-22.774015,-2.5725996,11.679425,6.8665333,29.793802,5.485137,11.708918,-13.985609,53.314507,0.055127013,-9.889485,4.9265137,-69.4959,-42.434395,12.63273,57.50997,-11.561181,-16.540903,-26.84572
288,-0.06742888689041138,14.036038398742676,64.95844268798828,11.458494230862335,40.942706953345805,-74.05420965849082,-84.012024,-8.242381,12.949143,52.445164,-11.150025,5.738251,-89.79781,-14.16086,-2.247655,68.64973,-22.46597,-2.545883,11.592465,6.9722095,29.793802,5.4825916,11.601277,-13.931821,53.404026,-0.016979463,-9.891566,4.833398,-68.91278,-42.14299,12.300016,56.729053,-11.691355,-16.718763,-26.953482
289,-0.04937604069709778,14.02248764038086,65.26539611816406,11.204617825009088,40.62158130402776,-74.24669232646359,-83.1382,-8.275511,12.730046,51.59796,-10.818873,5.7221475,-88.86369,-14.111824,-2.5129268,67.80391,-22.157637,-2.517235,11.509432,7.0402565,29.793802,5.485114,11.496077,-13.859829,53.506252,-0.060265783,-9.8896675,4.7267222,-68.3184,-41.83944,11.969829,55.920135,-11.756674,-16.851498,-27.024393
290,-0.03460724279284477,14.014187812805176,65.57600402832031,10.935384805221231,40.28658329494023,-74.45228855019545,-82.24443,-8.292853,12.502158,50.73834,-10.478469,5.703691,-87.902534,-14.047952,-2.794261,66.93078,-21.831818,-2.4933183,11.425412,7.1270185,29.793802,5.4913526,11.390276,-13.781024,53.606136,-0.093388796,-9.8830385,4.575237,-67.70771,-41.518063,11.61562,55.0882,-11.851251,-16.965115,-27.075932
291,-0.024938374757766724,14.002988815307617,65.88780212402344,10.658376142014388,39.93759497558361,-74.66851156897435,-81.33029,-8.294343,12.269777,49.878983,-10.141994,5.6799097,-86.91651,-13.9681425,-3.0844865,66.04525,-21.503334,-2.4754665,11.340514,7.1953135,29.793802,5.502485,11.286379,-13.694061,53.715923,-0.11874317,-9.873148,4.439987,-67.08458,-41.182182,11.261967,54.22831,-11.947098,-17.038807,-27.109674
292,-0.01154685765504837,13.997140884399414,66.20112609863281,10.380885976461926,39.57353897942996,-74.89289555853138,-80.393585,-8.28924,12.04576,49.00135,-9.79508,5.660268,-85.91435,-13.879221,-3.3680296,65.14293,-21.159796,-2.454042,11.251038,7.261272,29.793802,5.5150924,11.182974,-13.61529,53.835823,-0.15713689,-9.857993,4.3435802,-66.44485,-40.827435,10.902092,53.342068,-12.1119375,-17.07262,-27.140007
293,0.005212030373513699,13.979637145996094,66.51708984375,10.106392130141481,39.194346436527226,-75.12405283446029,-79.427,-8.277819,11.82993,48.122196,-9.462035,5.641572,-84.88526,-13.781861,-3.6434422,64.235504,-20.824081,-2.4272716,11.156281,7.290745,29.793802,5.531111,11.084215,-13.54495,53.97666,-0.21138003,-9.839843,4.3372064,-65.80406,-40.46095,10.568918,52.429733,-12.285082,-17.043104,-27.148352
294,0.017941085621714592,13.961568832397461,66.8325424194336,9.830440165523664,38.79990380038313,-75.36322776362147,-78.44167,-8.253106,11.616741,47.242126,-9.130736,5.6190915,-83.83785,-13.670495,-3.919167,63.320084,-20.484411,-2.404476,11.056112,7.3198743,29.793802,5.5484614,10.988511,-13.492254,54.127773,-0.28708878,-9.816905,4.3733544,-65.15063,-40.079453,10.244391,51.490887,-12.505467,-16.969267,-27.146255
295,0.034394510090351105,13.946731567382812,67.14921569824219,9.55056124943445,38.39045006443318,-75.61142663619535,-77.43468,-8.220056,11.408775,46.34944,-8.793644,5.6003036,-82.77088,-13.548875,-4.191913,62.387314,-20.13205,-2.378822,10.95461,7.342144,29.793802,5.5687757,10.895967,-13.446118,54.28576,-0.36967075,-9.78959,4.418723,-64.48084,-39.680946,9.924181,50.528492,-12.764557,-16.863728,-27.157284
296,0.04823630303144455,13.931855201721191,67.46640014648438,9.263806031988334,37.96636567647381,-75.87001581353022,-76.4085,-8.172199,11.199643,45.45419,-8.457268,5.57911,-81.68102,-13.411387,-4.4694576,61.43864,-19.77205,-2.3572698,10.854663,7.3489842,29.793802,5.597026,10.807623,-13.38531,54.443897,-0.43843034,-9.757831,4.4351735,-63.79514,-39.2646,9.613562,49.54977,-13.043387,-16.738085,-27.206903
297,0.061339035630226135,13.909220695495605,67.78646087646484,8.967871652176731,37.52645614401222,-76.14119045778173,-75.35494,-8.108722,10.9880705,44.558292,-8.130421,5.556045,-80.557236,-13.256858,-4.753031,60.471424,-19.41096,-2.3377016,10.756066,7.3228827,29.793802,5.640208,10.725974,-13.287137,54.599247,-0.4729347,-9.716866,4.4092646,-63.107933,-38.831676,9.32749,48.568226,-13.348845,-16.587793,-27.318945
298,0.07244421541690826,13.877021789550781,68.10781860351562,8.665497749221664,37.07077305704183,-76.42306910562418,-74.27777,-8.029188,10.7758,43.670036,-7.818092,5.529638,-79.40306,-13.08528,-5.0402575,59.492924,-19.053577,-2.3208241,10.654977,7.2830772,29.793802,5.6968293,10.649421,-13.156984,54.74888,-0.48325923,-9.666964,4.346197,-62.40705,-38.377396,9.056741,47.57168,-13.702764,-16.412731,-27.481348
299,0.08900962769985199,13.851420402526855,68.42774963378906,8.36232448330158,36.601839519738775,-76.71001862523251,-73.18597,-7.9436836,10.572181,42.770332,-7.497189,5.5085506,-78.23696,-12.9052725,-5.319803,58.4981,-18.68024,-2.2999322,10.5502615,7.232725,29.793802,5.7603855,10.577332,-13.006015,54.897987,-0.48521197,-9.618234,4.269046,-61.691883,-37.90141,8.799449,46.5463,-14.03405,-16.212626,-27.645262
300,0.10080820322036743,13.819318771362305,68.74745178222656,8.06408901116073,36.12225201691105,-76.99648458250805,-72.07595,-7.849815,10.3710375,41.86678,-7.1810265,5.4812417,-77.05368,-12.713732,-5.596373,57.49545,-18.30904,-2.282809,10.442373,7.165398,29.793802,5.8251886,10.511453,-12.843738,55.05261,-0.49263653,-9.581743,4.208273,-60.97748,-37.4114,8.5675125,45.488396,-14.248555,-15.982604,-27.757378
301,0.10888603329658508,13.781523704528809,69.06452941894531,7.7740730521317705,35.633496021766604,-77.2835432888536,-70.95301,-7.7480245,10.178265,40.964577,-6.8717647,5.4491878,-75.86085,-12.511553,-5.863543,56.49086,-17.940538,-2.2679513,10.335234,7.0993595,29.793802,5.8858266,10.450905,-12.686895,55.2127,-0.5309455,-9.564551,4.160058,-60.233856,-36.909447,8.356381,44.372326,-14.324849,-15.73929,-27.827232
302,0.12642551958560944,13.748767852783203,69.3802719116211,7.488710520602623,35.133645279189814,-77.57322203342919,-69.81292,-7.646673,10.000093,40.043118,-6.552313,5.4254394,-74.65918,-12.305944,-6.1147027,55.470814,-17.557116,-2.244281,10.230019,7.026862,29.793802,5.944081,10.396367,-12.535422,55.379463,-0.5909983,-9.5602455,4.121924,-59.46732,-36.39901,8.165676,43.20939,-14.298234,-15.475331,-27.870014
303,0.14044103026390076,13.70818042755127,69.69400024414062,7.201930033000648,34.62044666054871,-77.8615594902233,-68.65708,-7.5361505,9.81905,39.130104,-6.243879,5.396139,-73.43576,-12.089654,-6.3686433,54.446747,-17.1801,-2.2241068,10.121955,6.954693,29.793802,6.0002756,10.34745,-12.387748,55.54994,-0.6470107,-9.555527,4.086673,-58.692924,-35.881588,7.9884114,42.016605,-14.244932,-15.172224,-27.868689
304,0.15507425367832184,13.667604446411133,70.00685119628906,6.9077088282240835,34.091760391011746,-78.1446051586973,-67.48551,-7.4201746,9.629334,38.21553,-5.9339185,5.36535,-72.18642,-11.866311,-6.631882,53.4061,-16.797474,-2.2050576,10.006043,6.888731,29.793802,6.053688,10.30322,-12.241187,55.722885,-0.6732328,-9.537291,4.0478177,-57.928074,-35.35687,7.8158073,40.81156,-14.243415,-14.811789,-27.803963
305,0.17249949276447296,13.623823165893555,70.32028198242188,6.599063430248155,33.54364410450184,-78.42189352620322,-66.293434,-7.2976365,9.424033,37.304672,-5.6276956,5.333573,-70.89914,-11.635255,-6.9120445,52.344723,-16.411575,-2.1856768,9.88135,6.8400655,29.793802,6.102361,10.26175,-12.0961,55.901283,-0.647461,-9.499293,3.9967062,-57.163334,-34.821537,7.6426816,39.584396,-14.338849,-14.377366,-27.677666
306,0.1734851598739624,13.567508697509766,70.63237762451172,6.282050497380465,32.97863727935111,-78.69447214776648,-65.087036,-7.153685,9.199867,36.41923,-5.341975,5.283388,-69.57646,-11.382481,-7.213615,51.274574,-16.037619,-2.18263,9.750847,6.788852,29.793802,6.1489472,10.2243,-11.946296,56.087833,-0.5826536,-9.450637,3.9479456,-56.415997,-34.279484,7.4785795,38.34593,-14.463452,-13.877635,-27.486994
307,0.18230485916137695,13.509139060974121,70.9407730102539,5.967189092390268,32.40294054245715,-78.96177583544022,-63.869076,-7.0096154,8.981921,35.533913,-5.059631,5.238801,-68.24091,-11.126825,-7.5063653,50.196896,-15.660875,-2.1726162,9.614984,6.743436,29.793802,6.19197,10.189191,-11.79807,56.273235,-0.5181084,-9.397383,3.8968985,-55.661243,-33.727962,7.3141527,37.08443,-14.605019,-13.350467,-27.237743
308,0.19531705975532532,13.452834129333496,71.2449951171875,5.665157117699786,31.82323949353409,-79.22356721669493,-62.642975,-6.8676233,8.779533,34.63274,-4.7692976,5.198625,-66.90779,-10.868575,-7.77945,49.112152,-15.275675,-2.1581545,9.475505,6.6883125,29.793802,6.232773,10.156605,-11.652084,56.452797,-0.4880013,-9.347673,3.8582404,-54.9116,-33.168182,7.142283,35.8168,-14.718241,-12.825632,-26.91752
309,0.19875283539295197,13.383862495422363,71.5459213256836,5.376992018952255,31.239681073457227,-79.48316967368163,-61.405754,-6.7158017,8.587686,33.735527,-4.4923453,5.1491284,-65.56762,-10.596382,-8.0385685,48.027527,-14.900214,-2.15049,9.335937,6.613476,29.793802,6.271988,10.128209,-11.507216,56.627922,-0.5072608,-9.30302,3.8447466,-54.185505,-32.605354,6.963608,34.555058,-14.7901745,-12.294878,-26.497633
310,0.20745106041431427,13.320440292358398,71.84132385253906,5.097187654820439,30.64918421731199,-79.73985633848437,-60.161552,-6.564719,8.410306,32.82672,-4.2069564,5.105129,-64.22872,-10.32142,-8.27999,46.93606,-14.513755,-2.1381893,9.196158,6.529898,29.793802,6.3080397,10.104386,-11.365271,56.79994,-0.5558262,-9.259269,3.846241,-53.47248,-32.041233,6.7793384,33.28713,-14.846627,-11.748446,-25.991732
311,0.2170264720916748,13.259095191955566,72.1313247680664,4.826342032373823,30.054084001384766,-79.98739918007696,-58.913548,-6.415595,8.240534,31.9097,-3.9149683,5.0624084,-62.890583,-10.045388,-8.510618,45.840626,-14.121875,-2.1250613,9.052551,6.465803,29.793802,6.336828,10.081039,-11.236612,56.963745,-0.61829257,-9.21544,3.8342621,-52.709446,-31.464785,6.5794024,31.96916,-14.918081,-11.21646,-25.46262
312,0.22717002034187317,13.1824951171875,72.41558837890625,4.566497888022024,29.457637390695513,-80.21959564334132,-57.661224,-6.271086,8.073165,31.005474,-3.6406572,5.0177236,-61.547882,-9.773075,-8.733604,44.75884,-13.750341,-2.109928,8.898644,6.379713,29.793802,6.368778,10.061588,-11.101938,57.12206,-0.6611853,-9.176122,3.8249881,-51.982014,-30.883255,6.3729534,30.682058,-14.927384,-10.7085905,-24.919031
313,0.23399898409843445,13.104259490966797,72.69346618652344,4.316835536124465,28.859456580662492,-80.43578540967324,-56.409462,-6.1299186,7.9065666,30.100054,-3.364169,4.9697685,-60.207867,-9.502702,-8.95224,43.68134,-13.382347,-2.0975456,8.730811,6.2739463,29.793802,6.408193,10.047741,-10.949702,57.270565,-0.66707647,-9.140482,3.803812,-51.293262,-30.300022,6.168504,29.42708,-14.863156,-10.219039,-24.383303
314,0.2320631444454193,13.02342414855957,72.96517181396484,4.076373600536245,28.25858725526792,-80.63944778657503,-55.158096,-5.9859433,7.739917,29.197653,-3.0884452,4.914029,-58.867916,-9.227966,-9.168304,42.60586,-13.017875,-2.0927186,8.552554,6.1605186,29.793802,6.452237,10.03875,-10.78329,57.407585,-0.6505537,-9.106848,3.7680192,-50.61953,-29.713697,5.9654207,28.18211,-14.750904,-9.743915,-23.844206
315,0.23847350478172302,12.941740036010742,73.2295913696289,3.8448634975627063,27.65664229940985,-80.83076189806604,-53.907776,-5.8518558,7.5813994,28.294525,-2.8123922,4.8657584,-57.53446,-8.962077,-9.371648,41.539078,-12.656619,-2.080024,8.368742,6.065013,29.793802,6.4894853,10.03054,-10.622363,57.532154,-0.63801056,-9.0736885,3.713767,-49.894493,-29.113571,5.7572885,26.890818,-14.64302,-9.305644,-23.303814
316,0.243008092045784,12.85102367401123,73.48875427246094,3.6236285396250745,27.05614028458209,-81.00969634669104,-52.654865,-5.7205253,7.426021,27.392311,-2.5427713,4.81498,-56.200714,-8.697249,-9.567591,40.476707,-12.3048935,-2.0680983,8.180288,5.9507103,29.793802,6.5229287,10.026549,-10.463178,57.649452,-0.64410245,-9.045154,3.678314,-49.208435,-28.509638,5.5444036,25.64072,-14.49351,-8.914293,-22.708511
317,0.245306134223938,12.753504753112793,73.74165344238281,3.4133173525534466,26.4572078529304,-81.17439721864504,-51.401527,-5.593589,7.2733145,26.490076,-2.2764828,4.762238,-54.87009,-8.435726,-9.7568245,39.422028,-11.962575,-2.0572903,7.988778,5.833356,29.793802,6.5462837,10.027076,-10.315365,57.75902,-0.6925203,-9.022235,3.6574512,-48.52965,-27.904274,5.3283234,24.407394,-14.28591,-8.60158,-22.036686
318,0.23481385409832,12.656927108764648,73.98808288574219,3.2124043969113796,25.85890775072736,-81.32610322471302,-50.15225,-5.4627647,7.118999,25.584776,-2.0039456,4.6996875,-53.545128,-8.168915,-9.945633,38.36777,-11.620004,-2.0578134,7.794767,5.7143397,29.793802,6.5610323,10.032345,-10.181065,57.86144,-0.77137536,-9.004195,3.646582,-47.855743,-27.298986,5.108079,23.185566,-14.0246525,-8.3497,-21.308704
319,0.23006238043308258,12.560842514038086,74.22702026367188,3.018574684948125,25.261936593722897,-81.46910602601393,-48.906242,-5.338518,6.9717,24.677784,-1.7297202,4.6423726,-52.228672,-7.907547,-10.1231985,37.319553,-11.278085,-2.053166,7.601371,5.5936327,29.793802,6.571866,10.042817,-10.05695,57.95077,-0.84631836,-8.985962,3.6356928,-47.190945,-26.694479,4.8875732,21.974977,-13.771749,-8.1094885,-20.586132
320,0.23157517611980438,12.454734802246094,74.4594955444336,2.829549588230618,24.66677501811816,-81.60787807402603,-47.661785,-5.216914,6.831313,23.78472,-1.4715474,4.5884786,-50.91226,-7.647783,-10.289067,36.27804,-10.946093,-2.0422196,7.4106607,5.4698935,29.793802,6.5845675,10.058971,-9.936622,58.019695,-0.88174593,-8.96231,3.6136274,-46.541912,-26.090828,4.6735168,20.776829,-13.590005,-7.8320436,-19.931376
321,0.22812029719352722,12.349489212036133,74.68458557128906,2.6471829744590587,24.073654240803013,-81.74216778923498,-46.424614,-5.092458,6.695396,22.896261,-1.2139893,4.530382,-49.60506,-7.383789,-10.446991,35.239746,-10.613226,-2.035608,7.2187524,5.3383865,29.793802,6.6036363,10.081418,-9.819715,58.06364,-0.8594378,-8.932957,3.572042,-45.911655,-25.487179,4.471805,19.59242,-13.501244,-7.4937315,-19.360464
322,0.21872980892658234,12.236228942871094,74.90404510498047,2.4719259661465705,23.48223054275699,-81.87031893900672,-45.187435,-4.9652915,6.5618033,22.012907,-0.9641708,4.466332,-48.297783,-7.115636,-10.59891,34.204033,-10.287776,-2.0332847,7.0249753,5.2010393,29.793802,6.6268554,10.110447,-9.706577,58.085365,-0.800527,-8.900249,3.5173662,-45.298244,-24.883368,4.282567,18.423182,-13.469032,-7.124389,-18.841413
323,0.20546574890613556,12.115826606750488,75.11731719970703,2.298622603394415,22.89276508724781,-81.99460765882347,-43.958332,-4.8313484,6.430273,21.150473,-0.7295829,4.3975677,-46.989796,-6.840049,-10.746315,33.1684,-9.967576,-2.0345154,6.8360925,5.066578,29.793802,6.649878,10.145582,-9.589932,58.088898,-0.7260645,-8.862246,3.4586384,-44.698204,-24.280695,4.103113,17.270672,-13.468,-6.7561226,-18.364307
324,0.2029074877500534,11.996749877929688,75.32235717773438,2.123434681840511,22.305522266305594,-82.1167518774409,-42.744675,-4.6978855,6.3067026,20.311102,-0.50600135,4.3371325,-45.688747,-6.565354,-10.883421,32.134304,-9.644463,-2.027947,6.658925,4.944432,29.793802,6.6677923,10.185345,-9.458913,58.07898,-0.65398824,-8.817198,3.4029331,-44.10573,-23.681335,3.9294379,16.136087,-13.470116,-6.4211597,-17.920374
325,0.1945175677537918,11.872003555297852,75.52192687988281,1.9435601579874502,21.71900624206273,-82.23681672794777,-41.543274,-4.549663,6.1822476,19.502151,-0.3007322,4.269306,-44.379086,-6.2746844,-11.020953,31.085388,-9.318516,-2.0281239,6.496946,4.8386664,29.793802,6.678863,10.228111,-9.30819,58.055115,-0.58411103,-8.766184,3.3436224,-43.51768,-23.087543,3.7612975,15.026082,-13.466663,-6.134414,-17.512918
326,0.1882563829421997,11.748066902160645,75.71361541748047,1.7620917275377905,21.13380801073253,-82.3539286745637,-40.359203,-4.3959756,6.062456,18.722252,-0.109064534,4.202286,-43.0736,-5.9788146,-11.152241,30.034782,-8.989556,-2.0279815,6.346697,4.744623,29.793802,6.684792,10.272722,-9.138955,58.01664,-0.5028222,-8.709669,3.2774532,-42.936516,-22.500511,3.600554,13.938047,-13.469267,-5.8776727,-17.142982
327,0.17480598390102386,11.615453720092773,75.89913177490234,1.5820697291244616,20.553252753433878,-82.46870208993799,-39.191486,-4.2315607,5.9453177,17.97679,0.05994852,4.128178,-41.767605,-5.671821,-11.279139,28.980082,-8.664718,-2.0343971,6.2037787,4.6576247,29.793802,6.6857433,10.318021,-8.95031,57.967,-0.40881476,-8.644524,3.216893,-42.36491,-21.920826,3.446113,12.8588295,-13.481906,-5.6336737,-16.79817
328,0.1629224568605423,11.4825439453125,76.07662200927734,1.4068545524062794,19.980548033078666,-82.58196018033368,-38.044384,-4.0668616,5.837463,17.25407,0.21799797,4.0569,-40.47532,-5.3646903,-11.394129,27.927391,-8.337761,-2.0397544,6.0643635,4.5726266,29.793802,6.6817164,10.362924,-8.740139,57.91016,-0.29929975,-8.567783,3.174602,-41.80732,-21.348627,3.2958117,11.774933,-13.51031,-5.3851438,-16.464577
329,0.15171529352664948,11.352745056152344,76.24515533447266,1.2341905279753367,19.41328570313885,-82.69532013578282,-36.923977,-3.898816,5.738499,16.566843,0.36114272,3.9885092,-39.19962,-5.0552993,-11.497443,26.882334,-8.008949,-2.0454004,5.928791,4.490995,29.793802,6.6733446,10.406036,-8.505787,57.846817,-0.16281302,-8.472807,3.1555316,-41.264652,-20.784016,3.1490743,10.684675,-13.552586,-5.1227264,-16.139444
330,0.13592618703842163,11.216708183288574,76.40838623046875,1.0635133983352463,18.850865844389567,-82.80796791676565,-35.817913,-3.7233315,5.644341,15.9065485,0.4867233,3.9164848,-37.92169,-4.7369576,-11.593377,25.82463,-7.6772075,-2.055201,5.798298,4.414841,29.793802,6.659757,10.446211,-8.247075,57.77562,-0.002707216,-8.363135,3.1516492,-40.734467,-20.227077,3.0069492,9.595814,-13.606161,-4.857512,-15.828886
331,0.12507233023643494,11.08300495147705,76.56219482421875,0.8999140550279136,18.299537851946987,-82.91746865579762,-34.741325,-3.553585,5.5616846,15.27553,0.6001397,3.8500967,-36.669693,-4.427179,-11.675896,24.783823,-7.34811,-2.0609636,5.670708,4.3392215,29.793802,6.6385827,10.483358,-7.966016,57.69726,0.16214077,-8.250736,3.1570456,-40.21871,-19.678175,2.8696644,8.507802,-13.679115,-4.6036696,-15.529626
332,0.1110898107290268,10.941457748413086,76.70748901367188,0.7485817082108899,17.765883426868015,-83.02125109233192,-33.695557,-3.3885767,5.4885635,14.676568,0.69371265,3.7811494,-35.44702,-4.126212,-11.747788,23.769524,-7.035343,-2.0682101,5.544253,4.259195,29.793802,6.607141,10.51837,-7.666286,57.61232,0.3108953,-8.147648,3.1660607,-39.71983,-19.137869,2.737325,7.420966,-13.779649,-4.3755546,-15.237574
333,0.0970166027545929,10.808588027954102,76.843994140625,0.6083090643842669,17.25036283963103,-83.11931390581297,-32.683113,-3.232147,5.426062,14.086076,0.7927087,3.7144232,-34.262894,-3.8367457,-11.809329,22.771105,-6.7188416,-2.075783,5.419418,4.1761904,29.793802,6.564065,10.552043,-7.3477564,57.517887,0.44252133,-8.04873,3.1795526,-39.23506,-18.606838,2.6101263,6.332582,-13.902919,-4.180966,-14.951864
334,0.08373530209064484,10.673139572143555,76.97173309326172,0.4768444648999957,16.75024193376424,-83.21312102672178,-31.70424,-3.0811682,5.3728204,13.53123,0.8736423,3.649113,-33.109665,-3.5572464,-11.860773,21.800587,-6.4152374,-2.0821843,5.2977014,4.0920606,29.793802,6.510345,10.584541,-7.0104375,57.414696,0.56543285,-7.950033,3.1993876,-38.764095,-18.085562,2.4880097,5.2443647,-14.045758,-4.0115395,-14.673539
335,0.07110415399074554,10.534164428710938,77.09208679199219,0.3576151064433181,16.266365620623947,-83.30305285273909,-30.751583,-2.939973,5.329649,12.99627,0.94343394,3.5854402,-31.988089,-3.2913535,-11.900651,20.858822,-6.1252337,-2.0868733,5.178412,4.003661,29.793802,6.446784,10.616226,-6.659756,57.3077,0.6710963,-7.865753,3.2223427,-38.31163,-17.57403,2.3696306,4.163089,-14.21733,-3.857468,-14.404097
336,0.05796618014574051,10.396796226501465,77.20387268066406,0.25388627523417234,15.799880219149523,-83.38946213463518,-29.827837,-2.8119514,5.2981052,12.475346,1.0098537,3.5238605,-30.911055,-3.043986,-11.927701,19.961056,-5.8521857,-2.0906436,5.0608377,3.9083643,29.793802,6.373387,10.64775,-6.3043666,57.20281,0.7489079,-7.8099246,3.2462485,-37.88227,-17.07165,2.2531374,3.096229,-14.426588,-3.7092168,-14.144902
337,0.046247418969869614,10.259919166564941,77.30757904052734,0.16778111049668087,15.354030178130635,-83.4733777501631,-28.930109,-2.7013586,5.2796474,11.956588,1.0781164,3.4656305,-29.88517,-2.8197875,-11.94004,19.115746,-5.600574,-2.0913708,4.947466,3.8069932,29.793802,6.288147,10.6794195,-5.9499235,57.100845,0.78213066,-7.790397,3.2795355,-37.469666,-16.576488,2.1374366,2.033274,-14.699227,-3.5628214,-13.8986635
338,0.03112591803073883,10.128829002380371,77.40397644042969,0.09692555788743704,14.927069166162559,-83.55491408792453,-28.056404,-2.6032386,5.2713504,11.430898,1.1577135,3.4073205,-28.907654,-2.6125495,-11.941628,18.31176,-5.361116,-2.09399,4.835737,3.692865,29.793802,6.1945076,10.712879,-5.591841,56.9985,0.77766377,-7.798864,3.326486,-37.101963,-16.092024,2.0135548,1.002841,-15.010723,-3.4245884,-13.651753
339,0.018048880621790886,10.009222030639648,77.49315643310547,0.037412573016345235,14.513578507281208,-83.63267419305609,-27.205008,-2.5194883,5.2714024,10.897819,1.2527878,3.3549495,-27.974594,-2.424283,-11.93517,17.546715,-5.1287084,-2.0946124,4.7261844,3.5759075,29.793802,6.0907726,10.748435,-5.2342157,56.895523,0.76005197,-7.8234825,3.3649006,-36.755264,-15.617268,1.8885822,-0.008473649,-15.330536,-3.3015065,-13.409977
340,0.004506576806306839,9.885700225830078,77.57646179199219,-0.014774583256010252,14.107809130152319,-83.7053273245608,-26.373789,-2.44258,5.2745547,10.393062,1.3320332,3.304743,-27.065725,-2.2483196,-11.925865,16.821053,-4.918603,-2.0945964,4.61836,3.4647253,29.793802,5.9760265,10.785629,-4.884471,56.792778,0.7509527,-7.852685,3.3758,-36.40527,-15.148401,1.7744741,-1.0141832,-15.630812,-3.1984522,-13.1823635
341,0.0012289965525269508,9.755313873291016,77.65504455566406,-0.05959713483477436,13.707968402125395,-83.77006510203854,-25.549662,-2.3826795,5.2805533,9.899774,1.4004855,3.2658482,-26.176727,-2.094682,-11.913328,16.13896,-4.7355776,-2.0842395,4.5103507,3.360857,29.793802,5.851999,10.824638,-4.544158,56.688984,0.7475861,-7.891374,3.3495219,-36.044098,-14.681822,1.6775451,-2.0206218,-15.914504,-3.1139226,-12.978655
342,-0.00938663724809885,9.626823425292969,77.72844696044922,-0.09510912913700728,13.316548359338126,-83.82873585446437,-24.74045,-2.3279471,5.2872295,9.411065,1.4713417,3.2243066,-25.316702,-1.9505848,-11.900872,15.4939995,-4.56956,-2.0793643,4.393855,3.2406888,29.793802,5.7302866,10.868819,-4.1996913,56.580605,0.74064267,-7.944271,3.3080678,-35.753136,-14.227093,1.5704492,-2.9506907,-16.16132,-3.044865,-12.769689
343,-0.022241193801164627,9.499178886413574,77.79791259765625,-0.12337279856833773,12.936208777313789,-83.88673663052519,-23.94145,-2.2793658,5.2989783,8.914278,1.5492548,3.183129,-24.482542,-1.815077,-11.883873,14.873282,-4.412964,-2.0758133,4.2830315,3.1277466,29.793802,5.5932975,10.916344,-3.8647377,56.473995,0.74009496,-7.9960413,3.2529733,-35.4566,-13.778158,1.4746159,-3.8787699,-16.400326,-2.99736,-12.569924
344,-0.03647054731845856,9.382039070129395,77.86204528808594,-0.14501593624044143,12.567666545325554,-83.94952354539996,-23.162971,-2.235523,5.320897,8.414524,1.6382806,3.1430748,-23.688173,-1.6880461,-11.857534,14.285413,-4.2611256,-2.0739455,4.174247,3.0091264,29.793802,5.4441543,10.967422,-3.5416162,56.37415,0.7505275,-8.034554,3.21155,-35.19756,-13.337743,1.380084,-4.761227,-16.607285,-2.9711366,-12.355228
345,-0.04505196213722229,9.261046409606934,77.92166137695312,-0.15967455177701367,12.214616216811708,-84.01925237997027,-22.400766,-2.2005413,5.356163,7.9202075,1.7216268,3.1078105,-22.930683,-1.5747645,-11.817754,13.741602,-4.130583,-2.0665784,4.0719357,2.8922553,29.793802,5.274682,11.021,-3.2385035,56.284454,0.7764067,-8.054787,3.1881604,-34.95459,-12.903374,1.2945623,-5.6182723,-16.802626,-2.9822984,-12.130548
346,-0.054156314581632614,9.140886306762695,77.977294921875,-0.16709239100842815,11.874904476580637,-84.09308284338694,-21.648056,-2.1722286,5.4003463,7.412865,1.8135039,3.0734472,-22.207981,-1.471524,-11.769333,13.234506,-4.014886,-2.0592206,3.9718947,2.7716813,29.793802,5.090449,11.077717,-2.9526422,56.20252,0.81038827,-8.064807,3.1779568,-34.744915,-12.476794,1.2115943,-6.433159,-16.978083,-3.0242977,-11.895173
347,-0.06210547685623169,9.017175674438477,78.02728271484375,-0.1713028142713457,11.578091210532824,-84.16848527628743,-20.952005,-2.1472943,5.4492598,6.9277463,1.8967332,3.040655,-21.550564,-1.3767674,-11.717153,12.767325,-3.9160933,-2.0513105,3.8871496,2.6557226,29.579588,4.954327,11.136081,-2.7059126,56.17361,0.8618406,-8.050548,3.1600587,-34.46723,-12.053755,1.1478213,-7.116367,-17.10486,-3.0892665,-11.668224
348,-0.062206946313381195,8.872323989868164,78.07171630859375,-0.1760714733342825,11.355484350715603,-84.24285488963858,-20.415895,-2.1188707,5.501078,6.6404424,1.8678255,3.0117404,-20.97516,-1.2911619,-11.664762,12.334258,-3.8417847,-2.036861,3.8250313,2.5445292,28.919577,4.9543395,11.194588,-2.5325534,56.231503,0.9306619,-7.9960046,3.1263938,-34.02159,-11.629101,1.1190199,-7.5584373,-17.142782,-3.1659205,-11.466479
349,-0.061344124376773834,8.721803665161133,78.114990234375,-0.17675989487072344,11.1303559131703,-84.31584101656009,-19.99683,-2.0838313,5.5572524,6.6190434,1.6928902,2.9826405,-20.39993,-1.2135522,-11.611907,11.919305,-3.7821052,-2.0200925,3.7625601,2.434743,28.263569,4.9654245,11.255404,-2.397085,56.27539,0.96766025,-7.937605,3.0953116,-33.561546,-11.204056,1.1032068,-8.00327,-17.11878,-3.2009294,-11.274314
350,-0.058179162442684174,8.572021484375,78.15711212158203,-0.17239276464840492,10.906437836041727,-84.38857761466551,-19.57851,-2.0567179,5.6160717,6.5957675,1.5189791,2.9562547,-19.833044,-1.1458293,-11.556703,11.518224,-3.728244,-2.000438,3.6990612,2.323452,27.614672,4.9718823,11.319413,-2.2826378,56.31959,0.9892174,-7.8756065,3.064332,-33.11383,-10.780145,1.0893953,-8.428232,-17.041927,-3.2143154,-11.080736
351,-0.052462704479694366,8.424642562866211,78.19752502441406,-0.16544986077457813,10.686070213792831,-84.46182515961632,-19.166706,-2.0347238,5.6775937,6.5736537,1.3464745,2.9327705,-19.278547,-1.0851046,-11.498819,11.130324,-3.678019,-1.978543,3.6392834,2.215046,26.974943,4.966868,11.386206,-2.1832595,56.366337,1.0086255,-7.813157,3.0338526,-32.66793,-10.356737,1.0790477,-8.847378,-16.95066,-3.2182403,-10.8882675
352,-0.04705747216939926,8.276991844177246,78.23574829101562,-0.15786429226092616,10.471817386697417,-84.53612850797057,-18.761988,-2.01302,5.7408485,6.552323,1.1741078,2.9091957,-18.737783,-1.0262322,-11.43855,10.756553,-3.6342618,-1.9573259,3.583252,2.1076035,26.343342,4.950899,11.455621,-2.094208,56.416195,1.0350592,-7.7533836,3.0095704,-32.23189,-9.935624,1.0668694,-9.251119,-16.869669,-3.2234492,-10.693637
353,-0.04537493363022804,8.126530647277832,78.27204132080078,-0.1499376368753659,10.265438709291212,-84.61457332885452,-18.363657,-1.9873706,5.807891,6.530429,1.0009453,2.8822865,-18.207788,-0.9641501,-11.374096,10.3892765,-3.594847,-1.9398888,3.534725,2.0019486,25.72087,4.9196424,11.5276375,-2.0142872,56.470566,1.0760025,-7.69584,2.9880254,-31.808262,-9.518435,1.0500413,-9.6382675,-16.808054,-3.2294183,-10.495095
354,-0.042454373091459274,7.973318576812744,78.30615997314453,-0.14073472484726612,10.065062803867653,-84.69598300291055,-17.969818,-1.9633086,5.878966,6.508853,0.8257182,2.8563073,-17.693514,-0.90618247,-11.305242,10.044594,-3.5679054,-1.9214836,3.4936283,1.900198,25.109104,4.8716664,11.601688,-1.9448651,56.52987,1.126589,-7.639409,2.965888,-31.387587,-9.104496,1.0333601,-10.018904,-16.753208,-3.2320876,-10.296295
355,-0.04363295063376427,7.818909645080566,78.3382797241211,-0.13074263142618883,9.868458879758135,-84.77422566789124,-17.580202,-1.9382179,5.946594,6.487806,0.65088135,2.82706,-17.189432,-0.8485508,-11.238893,9.715242,-3.55023,-1.9064145,3.4526687,1.7997272,24.505083,4.815721,11.677139,-1.8832045,56.591003,1.1781499,-7.5855737,2.9509575,-30.970808,-8.694212,1.0178565,-10.390359,-16.692848,-3.2369797,-10.096592
356,-0.043751440942287445,7.668715476989746,78.36885833740234,-0.12044673843514392,9.673086683976768,-84.84339283640686,-17.196764,-1.9179202,6.006102,6.4662037,0.48183897,2.799507,-16.691706,-0.7963415,-11.179386,9.392775,-3.533793,-1.8901964,3.4053197,1.7001647,23.907341,4.7594733,11.752888,-1.8252529,56.650173,1.2237749,-7.535626,2.9491313,-30.553825,-8.287552,1.005991,-10.754852,-16.615393,-3.2498958,-9.898644
357,-0.043682195246219635,7.512465953826904,78.39833068847656,-0.10947206683097094,9.478632996857456,-84.90005703724856,-16.810923,-1.9026275,6.053228,6.4438257,0.31088942,2.7715569,-16.192257,-0.74948436,-11.129751,9.081012,-3.5301893,-1.8724004,3.3450422,1.5991541,23.314585,4.707467,11.828133,-1.7666451,56.705902,1.2629073,-7.491246,2.9696825,-30.143202,-7.8854685,0.9954298,-11.106775,-16.491001,-3.2746387,-9.686234
358,-0.046650610864162445,7.357473850250244,78.42575073242188,-0.09809294039490818,9.286212358605267,-84.94812718750137,-16.429829,-1.88856,6.0915785,6.421081,0.14360677,2.7416458,-15.703821,-0.7052937,-11.0875845,8.788534,-3.5369637,-1.856758,3.2784564,1.5010927,22.729206,4.6528893,11.901732,-1.7086821,56.759766,1.3021941,-7.450883,3.0042636,-29.72879,-7.486574,0.991937,-11.457576,-16.34036,-3.3072486,-9.468047
359,-0.04784702509641647,7.202279567718506,78.45195770263672,-0.086525571005237,9.096042250140478,-84.9921362382701,-16.052073,-1.877559,6.126651,6.3989024,-0.023108596,2.713265,-15.219708,-0.6647492,-11.047759,8.501802,-3.5469737,-1.8394156,3.210452,1.4040891,22.150057,4.5969353,11.973354,-1.6507277,56.811394,1.3434575,-7.411871,3.039111,-29.317175,-7.091925,0.99427867,-11.796472,-16.208815,-3.3408728,-9.269251
360,-0.05381980538368225,7.053508758544922,78.47626495361328,-0.07548306157108264,8.908195432428245,-85.0367791581904,-15.682734,-1.8624904,6.161976,6.377181,-0.18389706,2.6818547,-14.748285,-0.62101465,-11.00778,8.2242155,-3.556585,-1.8270711,3.1496372,1.3104669,21.57796,4.5369625,12.042545,-1.5941299,56.85989,1.3891732,-7.37127,3.0573518,-28.901484,-6.7018757,1.0068477,-12.128808,-16.14957,-3.3694499,-9.119657
361,-0.05318333953619003,6.898800849914551,78.49920654296875,-0.06461602055101842,8.72303620910708,-85.0820009397419,-15.310816,-1.8520417,6.1998887,6.3547153,-0.34978172,2.654961,-14.283672,-0.5839337,-10.9648,7.9660287,-3.5803409,-1.8088615,3.0979977,1.2206811,21.011837,4.4720073,12.109303,-1.538893,56.905426,1.4450015,-7.3290257,3.0506973,-28.486229,-6.3176947,1.0301033,-12.442077,-16.186491,-3.3982449,-9.043167
362,-0.048743490129709244,6.742033958435059,78.52027130126953,-0.053815492010180675,8.54040841344127,-85.12575784250836,-14.940429,-1.8449903,6.23782,6.3330035,-0.5177086,2.6309674,-13.833144,-0.55310166,-10.921408,7.737026,-3.6208987,-1.7872531,3.052043,1.1350883,20.452326,4.4020042,12.173381,-1.4849269,56.948814,1.5078866,-7.2863474,3.0285509,-28.068865,-5.939763,1.0649145,-12.742679,-16.289831,-3.4279737,-9.021216
363,-0.05777224525809288,6.591374397277832,78.53994750976562,-0.04381107210002263,8.359550063023878,-85.1697141562709,-14.578652,-1.8268657,6.272771,6.3120747,-0.6784105,2.5966947,-13.386569,-0.5099283,-10.880409,7.4985695,-3.652096,-1.7780764,3.0088487,1.0512695,19.900587,4.330272,12.234021,-1.433195,56.990067,1.5669408,-7.243058,3.004108,-27.64769,-5.568158,1.1113709,-13.043719,-16.424654,-3.4479585,-9.016053
364,-0.0686713233590126,6.43471097946167,78.55814361572266,-0.03512231660854153,8.17955376941512,-85.21561737451499,-14.212951,-1.8056426,6.3066497,6.29123,-0.8437545,2.5596685,-12.941846,-0.46402714,-10.837752,7.272155,-3.6945114,-1.7704034,2.9637327,0.9653104,19.356869,4.2624,12.290414,-1.3833148,57.02833,1.6111578,-7.198765,2.9917228,-27.227013,-5.203947,1.1646028,-13.350633,-16.55081,-3.447544,-8.987195
365,-0.07536806166172028,6.277990341186523,78.57465362548828,-0.027921798564900128,8.001049070999114,-85.26321914420495,-13.850345,-1.7862314,6.3406205,6.274253,-1.0116031,2.5254962,-12.508116,-0.42151377,-10.792255,7.0661793,-3.7471774,-1.7595766,2.917458,0.87784535,18.820726,4.196197,12.341246,-1.3366292,57.065147,1.630838,-7.1513543,2.99924,-26.80149,-4.847132,1.2263514,-13.673345,-16.673311,-3.4198222,-8.929212
366,-0.0789036974310875,6.121203899383545,78.58992004394531,-0.021987138286929275,7.824116127777754,-85.31192542868939,-13.489063,-1.7682962,6.374405,6.257473,-1.1801172,2.4934406,-12.08046,-0.3810685,-10.744901,6.8691945,-3.8036797,-1.7464005,2.8714535,0.7901991,18.291647,4.130678,12.385889,-1.2928476,57.100365,1.6350073,-7.1016555,3.0191107,-26.37257,-4.4982076,1.2972071,-14.004387,-16.807802,-3.371905,-8.860102
367,-0.08905880153179169,5.970244884490967,78.6033706665039,-0.01672520780288928,7.6473815370469325,-85.36252313825639,-13.134991,-1.7443104,6.4083157,6.2433267,-1.343485,2.4568398,-11.666005,-0.3360261,-10.696943,6.6880684,-3.8638685,-1.7395356,2.8252225,0.70364195,17.772768,4.0679054,12.424334,-1.2509335,57.13095,1.6396178,-7.0531907,3.03898,-25.943092,-4.157351,1.3752859,-14.334367,-16.935034,-3.315142,-8.781028
368,-0.09209288656711578,5.8216423988342285,78.61583709716797,-0.011226363621143917,7.469504950311296,-85.41571234065384,-12.781157,-1.7259288,6.446788,6.2311635,-1.5077057,2.4269285,-11.261478,-0.29901743,-10.645072,6.526074,-3.9305866,-1.7265246,2.778604,0.61855245,17.267065,4.010554,12.45719,-1.2096866,57.15405,1.6615547,-7.0098014,3.0468102,-25.516422,-3.8246427,1.4582382,-14.657064,-17.037598,-3.2615087,-8.690551
369,-0.09726303070783615,5.672179698944092,78.62694549560547,-0.009172605979558563,7.293028346328925,-85.47408146774447,-12.433988,-1.6998935,6.490001,6.231842,-1.6787173,2.39508,-10.910555,-0.26560885,-10.589779,6.4761066,-4.0564,-1.7153027,2.7333074,0.53732014,16.771524,3.9600928,12.4849415,-1.1670417,57.16592,1.7075267,-6.9742427,3.0354562,-25.094542,-3.5002162,1.5438029,-14.966482,-17.115297,-3.2103162,-8.589798
370,-0.10179920494556427,5.5267205238342285,78.6361312866211,-0.008744824046357737,7.117684924203332,-85.53627496414126,-12.092637,-1.6717948,6.536977,6.2363844,-1.8485748,2.3643777,-10.582897,-0.23405373,-10.531194,6.46452,-4.1979146,-1.7039554,2.6889637,0.4579206,16.286053,3.9155338,12.507756,-1.1228603,57.168365,1.7690849,-6.943874,3.0118237,-24.675716,-3.1841705,1.632667,-15.269324,-17.176565,-3.156802,-8.477174
371,-0.10700482130050659,5.377191066741943,78.64530181884766,-0.007471115453396415,6.93791766729893,-85.59810956735235,-11.744704,-1.6441107,6.5836544,6.2440557,-2.0233164,2.3329322,-10.249464,-0.20350109,-10.472777,6.4587026,-4.3464146,-1.692674,2.642012,0.3795915,15.817332,3.874138,12.525777,-1.0800946,57.16744,1.8372884,-6.9143186,2.9856508,-24.25993,-2.8765562,1.7244292,-15.565162,-17.211588,-3.1071572,-8.3507595
372,-0.11027972400188446,5.231888771057129,78.65384674072266,-0.005393972299466985,6.748204381815167,-85.65563363885687,-11.388563,-1.620594,6.6275296,6.2500153,-2.1944144,2.3041337,-9.907498,-0.17725845,-10.4181595,6.454036,-4.494007,-1.6799506,2.5892248,0.30417195,15.372277,3.8326218,12.539193,-1.0435883,57.17022,1.9013706,-6.880927,2.9675527,-23.847965,-2.5774972,1.8176976,-15.854786,-17.20999,-3.0679107,-8.207761
373,-0.10989325493574142,5.088019847869873,78.66178894042969,-0.0029180833266129404,6.546740935855682,-85.70944824637084,-11.020139,-1.601868,6.669096,6.2557774,-2.3657496,2.278965,-9.554883,-0.15646979,-10.366971,6.454073,-4.644241,-1.6642851,2.5302193,0.23224522,14.953854,3.789239,12.548101,-1.015587,57.17634,1.9596437,-6.838606,2.9603143,-23.443369,-2.287233,1.9085437,-16.133335,-17.150248,-3.044685,-8.031866
374,-0.11858054250478745,4.949893474578857,78.66813659667969,0.0004981364294322113,6.3367102892316725,-85.76095666096643,-10.648142,-1.5779171,6.7076235,6.260807,-2.530178,2.2477205,-9.199073,-0.13065974,-10.319816,6.4584255,-4.794455,-1.6568482,2.4673672,0.16241704,14.55809,3.74517,12.552706,-0.9960079,57.183422,2.0153704,-6.79108,2.9593902,-23.045559,-2.006023,1.9964019,-16.403175,-17.043955,-3.0329723,-7.8277483
375,-0.12567900121212006,4.814927577972412,78.67391204833984,0.004388056995536952,6.11952616946593,-85.80824949735518,-10.270659,-1.5572647,6.743092,6.2659016,-2.6928973,2.2185564,-8.83808,-0.108441964,-10.276368,6.4648542,-4.9443398,-1.6479925,2.40148,0.095319584,14.180917,3.7021134,12.553487,-0.9860007,57.194923,2.0661218,-6.7470613,2.964734,-22.647686,-1.7340937,2.0849473,-16.668364,-16.929092,-3.023372,-7.6263533
376,-0.13046301901340485,4.683469295501709,78.67967224121094,0.008870847173788585,5.896589044779933,-85.84922613395875,-9.889706,-1.5411166,6.7738543,6.269886,-2.852344,2.1920333,-8.471454,-0.09061933,-10.237994,6.469978,-5.092423,-1.6367698,2.3334534,0.031433407,13.818246,3.6622503,12.551061,-0.9874361,57.21354,2.108911,-6.7152205,2.9760609,-22.240845,-1.4714389,2.180701,-16.935934,-16.84477,-3.0063734,-7.4607177
377,-0.13678774237632751,4.552042007446289,78.6850814819336,0.01456795946623716,5.665365304214912,-85.88072088599523,-9.500969,-1.5275382,6.796382,6.27341,-3.0104165,2.1649396,-8.094188,-0.07527641,-10.208272,6.475682,-5.243598,-1.6259006,2.2611153,-0.029640075,13.472815,3.6261501,12.546121,-1.003172,57.23897,2.1274638,-6.70609,2.996347,-21.82369,-1.2186528,2.28713,-17.210201,-16.806896,-2.9784904,-7.349669
378,-0.14447736740112305,4.421658515930176,78.69034576416016,0.02078983511283729,5.426058241749296,-85.90476903019587,-9.10475,-1.5155231,6.8122296,6.276953,-3.167498,2.1373944,-7.706757,-0.061228793,-10.185621,6.481313,-5.396899,-1.6156316,2.185125,-0.08720722,13.145466,3.5928125,12.539025,-1.0339068,57.269985,2.125948,-6.7122617,3.0246344,-21.39683,-0.9758515,2.4045238,-17.4899,-16.793951,-2.9441257,-7.2761865
379,-0.1484716832637787,4.2949724197387695,78.69479370117188,0.027333990039466745,5.184431620450341,-85.92683148588297,-8.707878,-1.5077652,6.8273525,6.2791076,-3.3219657,2.1132214,-7.31921,-0.051424634,-10.163875,6.4865713,-5.547081,-1.602247,2.1086352,-0.14219914,12.827764,3.5646703,12.530216,-1.0754972,57.30689,2.1337867,-6.7154703,3.0559666,-20.962421,-0.74339,2.5300407,-17.76643,-16.787386,-2.906062,-7.2129416
380,-0.15283381938934326,4.164411544799805,78.6982192993164,0.03315970772405303,4.945961922360533,-85.95262953833688,-8.311215,-1.4979323,6.8453336,6.2812624,-3.4796605,2.0871131,-6.9327645,-0.03933253,-10.138254,6.4919233,-5.6996183,-1.5892209,2.0349674,-0.19517356,12.512194,3.5441225,12.520101,-1.1216646,57.349693,2.182403,-6.6973915,3.0846484,-20.521894,-0.52154654,2.6607435,-18.032887,-16.769186,-2.8673103,-7.132224
381,-0.15594743192195892,4.033004283905029,78.70122528076172,0.03816608050252091,4.712627974268406,-85.98252190698157,-7.920116,-1.487076,6.8672404,6.2850466,-3.6391213,2.0604856,-6.552225,-0.026379786,-10.108073,6.4970465,-5.851152,-1.57551,1.9643087,-0.24613127,12.196989,3.5302799,12.508668,-1.1687944,57.39699,2.295385,-6.6456037,3.1133118,-20.072601,-0.30992502,2.79633,-18.286467,-16.73854,-2.8304973,-7.033817
382,-0.1620846837759018,3.8994059562683105,78.70347595214844,0.042906176261912794,4.481166173451721,-86.01396250057019,-7.529207,-1.4730744,6.890043,6.288178,-3.7995663,2.0301447,-6.1717753,-0.009970367,-10.076533,6.501209,-6.0040593,-1.5644009,1.8943983,-0.29577297,11.886317,3.5230527,12.495959,-1.2170104,57.448624,2.4533155,-6.5723677,3.14239,-19.61678,-0.10870113,2.9367087,-18.531284,-16.703186,-2.7937524,-6.928097
383,-0.1637534201145172,3.7700135707855225,78.70474243164062,0.04766910070362932,4.249947351151974,-86.04766768749637,-7.1413145,-1.4626436,6.915687,6.292107,-3.9587412,2.003602,-5.794951,0.0029133377,-10.041587,6.5045404,-6.152197,-1.5498503,1.826708,-0.3435577,11.581623,3.5234337,12.482153,-1.26726,57.507423,2.6226346,-6.496468,3.1602762,-19.15634,0.08206946,3.082606,-18.76975,-16.659653,-2.753059,-6.8095474
384,-0.1675628423690796,3.64383864402771,78.70596313476562,0.05229982438637406,4.017274143030092,-86.08446240295501,-6.753397,-1.4501944,6.943208,6.2951546,-4.115609,1.9755926,-5.4191957,0.018301748,-10.003642,6.506226,-6.2965918,-1.5373993,1.7616456,-0.38955286,11.283667,3.5335286,12.46769,-1.3204631,57.575787,2.7690792,-6.4367805,3.1564481,-18.696692,0.2618329,3.2328923,-19.000849,-16.602274,-2.7041512,-6.6715946
385,-0.16699756681919098,3.512336254119873,78.70643615722656,0.056424936756910724,3.776685060632825,-86.12607540497574,-6.351803,-1.4396869,6.97464,6.299076,-4.27976,1.9498823,-5.0297728,0.032119267,-9.959698,6.507284,-6.445603,-1.5206114,1.6994828,-0.4332605,10.997342,3.556454,12.453045,-1.3787237,57.65603,2.8733146,-6.4068694,3.1198971,-18.238483,0.4300897,3.386455,-19.226757,-16.51736,-2.6394832,-6.503739
386,-0.17203547060489655,3.3897340297698975,78.7059555053711,0.060528116307627965,3.5310078331581143,-86.17166005915196,-5.951019,-1.424457,7.008486,6.302857,-4.4377027,1.9203765,-4.642188,0.051136214,-9.912386,6.5061936,-6.586476,-1.5092881,1.6401098,-0.4749628,10.720383,3.5904922,12.43844,-1.4425842,57.745785,2.9555273,-6.393874,3.0593405,-17.779272,0.58664316,3.5432618,-19.445232,-16.411444,-2.5631838,-6.312766
387,-0.17529675364494324,3.2618608474731445,78.70555877685547,0.06503738789041343,3.2926963335404795,-86.21788241780335,-5.55483,-1.4110038,7.042771,6.3083367,-4.600261,1.8917884,-4.259293,0.068375595,-9.863708,6.5060043,-6.730727,-1.4962153,1.5841466,-0.5161031,10.4443865,3.6297293,12.42408,-1.5094295,57.841118,3.0427806,-6.376878,2.9936314,-17.319221,0.7311213,3.7048323,-19.656685,-16.311607,-2.4889972,-6.1158814
388,-0.17881284654140472,3.140465259552002,78.703857421875,0.07126269316863543,3.07415508449177,-86.26128947014314,-5.187417,-1.4004664,7.0752053,6.3131742,-4.7529373,1.865125,-3.9037795,0.08268195,-9.817612,6.5047655,-6.8663177,-1.4843421,1.5317231,-0.55796385,10.16099,3.667466,12.409831,-1.5753983,57.93901,3.16265,-6.3353195,2.9404738,-16.858503,0.86330056,3.8735192,-19.859985,-16.243423,-2.4307632,-5.932715
389,-0.18363317847251892,3.020404100418091,78.70223236083984,0.07914131412476864,2.8827365904209867,-86.30340214199565,-4.8529725,-1.3913077,7.106774,6.3173947,-4.8986464,1.839101,-3.5808904,0.09535669,-9.773132,6.5034814,-6.996509,-1.4744734,1.4838883,-0.60131335,9.862978,3.7016845,12.395293,-1.638643,58.0388,3.3420968,-6.2567306,2.9047744,-16.396576,0.9828091,4.052644,-20.0498,-16.217869,-2.3986993,-5.773556
390,-0.17872817814350128,2.899578094482422,78.7004165649414,0.08816795730306584,2.710572504353972,-86.34503026069356,-4.5404882,-1.3916118,7.139619,6.3215933,-5.0423265,1.8219568,-3.2789032,0.09811812,-9.727542,6.5014153,-7.122864,-1.4567246,1.439263,-0.6451219,9.556622,3.7355554,12.380182,-1.6991729,58.142796,3.5609295,-6.154684,2.8758183,-15.9342,1.0892292,4.2416015,-20.227436,-16.21873,-2.3828404,-5.6285825
391,-0.17823468148708344,2.7836966514587402,78.69813537597656,0.09839374528574109,2.546855821858079,-86.38263706486948,-4.2424545,-1.3911363,7.1681943,6.3260865,-5.179891,1.8024511,-2.9899533,0.10210122,-9.6860285,6.498525,-7.2444396,-1.4431397,1.3958583,-0.688414,9.254161,3.770148,12.36456,-1.7553909,58.252167,3.777974,-6.047546,2.847728,-15.471619,1.1824552,4.4372425,-20.405672,-16.23605,-2.3675866,-5.483335
392,-0.18255724012851715,2.674510955810547,78.6952133178711,0.10949384712248797,2.3809188575342537,-86.4124670215136,-3.9496827,-1.3900107,7.1888123,6.3310204,-5.3102064,1.7799492,-2.7026498,0.10734613,-9.651764,6.4948688,-7.3620725,-1.4336708,1.3519008,-0.7307912,8.968001,3.8063226,12.348785,-1.8051444,58.368156,3.9523518,-5.953768,2.814511,-15.009157,1.2626626,4.6353765,-20.595087,-16.260603,-2.337684,-5.322103
393,-0.18679720163345337,2.5669808387756348,78.69145202636719,0.1221155321795597,2.2083232870286102,-86.43304612128735,-3.6523569,-1.3932545,7.200358,6.3368278,-5.439662,1.7575356,-2.4075506,0.10902275,-9.624803,6.4906225,-7.4801965,-1.4233936,1.3069733,-0.7723456,8.70201,3.8439808,12.333285,-1.8466055,58.49084,4.0645013,-5.877327,2.7662106,-14.547813,1.3302807,4.833664,-20.799955,-16.292398,-2.285821,-5.130424
394,-0.1914796084165573,2.4626917839050293,78.68778228759766,0.13593220253810379,2.0353524346409704,-86.44641305706162,-3.3586915,-1.399545,7.204771,6.3421044,-5.5647306,1.7352662,-2.1134536,0.10820083,-9.603679,6.484989,-7.595602,-1.4132414,1.2621009,-0.8138222,8.449554,3.882791,12.318254,-1.8798298,58.61942,4.140348,-5.8087535,2.708378,-14.08811,1.3855006,5.032336,-21.012083,-16.335392,-2.2219002,-4.918233
395,-0.19248785078525543,2.3617680072784424,78.68343353271484,0.15013244774872112,1.867139232757313,-86.45452546793317,-3.0746052,-1.4105219,7.205162,6.34841,-5.6863627,1.7169192,-1.8250396,0.10283115,-9.586895,6.4775324,-7.7077665,-1.3999807,1.217487,-0.8550222,8.2073765,3.9230535,12.30339,-1.9068227,58.753265,4.206097,-5.745836,2.6582386,-13.628563,1.4285802,5.231771,-21.228153,-16.38337,-2.1564364,-4.7098145
396,-0.19352105259895325,2.266087532043457,78.67933654785156,0.16361075234804348,1.708780740117892,-86.45959502192709,-2.8064694,-1.421284,7.203497,6.3534093,-5.800359,1.6999987,-1.5525373,0.09710615,-9.573966,6.4697633,-7.813601,-1.3872485,1.1734446,-0.8950738,7.9721947,3.9644673,12.288158,-1.9304162,58.892628,4.2869005,-5.6865516,2.6335359,-13.167092,1.459911,5.4328747,-21.447432,-16.429773,-2.099769,-4.5296664
397,-0.19770711660385132,2.170738697052002,78.67488861083984,0.17627336051265172,1.5617552455692125,-86.46002042209726,-2.5524442,-1.4292146,7.1978025,6.3582463,-5.9106746,1.6815381,-1.2977078,0.0926955,-9.568213,6.4724274,-7.9238863,-1.3770708,1.1285563,-0.9351614,7.743433,4.007107,12.272091,-1.9505154,59.040154,4.396706,-5.63447,2.65432,-12.702666,1.4794167,5.6337137,-21.672567,-16.479895,-2.0529964,-4.3864913
398,-0.20013055205345154,2.0819387435913086,78.67057037353516,0.18789595240629625,1.423246417482545,-86.45531180115593,-2.3146691,-1.438518,7.1882033,6.360648,-6.01074,1.6661178,-1.0564317,0.086620115,-9.568,6.4739623,-8.027792,-1.3658868,1.0833685,-0.974297,7.5226254,4.051289,12.254881,-1.9667988,59.194828,4.5195036,-5.5892453,2.706451,-12.23561,1.4872373,5.834161,-21.90518,-16.534513,-2.0111568,-4.266409
399,-0.20512500405311584,1.9988040924072266,78.66594696044922,0.1991770715291257,1.2922283310621194,-86.44917461416578,-2.0910501,-1.4456725,7.1775737,6.3655653,-6.10646,1.6497366,-0.83051425,0.082152314,-9.569936,6.4786887,-8.127466,-1.3575001,1.0406713,-1.0107349,7.3096194,4.096149,12.236615,-1.9818354,59.352177,4.634481,-5.542233,2.7576816,-11.769096,1.483649,6.03652,-22.133856,-16.582224,-1.9761115,-4.158125
400,-0.20918385684490204,1.9110490083694458,78.66160583496094,0.21007137676646614,1.1676159548843705,-86.44549881639036,-1.8705958,-1.4524928,7.1693425,6.369355,-6.204375,1.6333262,-0.60845774,0.078068264,-9.569448,6.4822893,-8.228384,-1.3483269,1.0032936,-1.042458,7.104432,4.140809,12.217647,-1.999633,59.50769,4.72018,-5.485176,2.7760043,-11.306253,1.4691916,6.2440224,-22.348911,-16.610516,-1.9494616,-4.052261
401,-0.2109730839729309,1.8305606842041016,78.65662384033203,0.22160331028599173,1.0508326878129575,-86.44507603018518,-1.6635565,-1.4616894,7.1654186,6.370927,-6.2948923,1.6196442,-0.4013411,0.071640715,-9.565373,6.4836683,-8.319597,-1.33813,0.9731184,-1.0707899,6.9055395,4.1853986,12.198698,-2.0232177,59.656483,4.7668114,-5.407247,2.7458923,-10.847567,1.4436935,6.4597144,-22.54431,-16.618845,-1.9353542,-3.949442
402,-0.21374574303627014,1.7585111856460571,78.6519775390625,0.23336448855591319,0.9419144369424937,-86.44615120986019,-1.474114,-1.4701339,7.1636243,6.3747416,-6.378027,1.606336,-0.21212652,0.065295145,-9.560164,6.488265,-8.404194,-1.3297129,0.9484122,-1.095777,6.713456,4.230311,12.180082,-2.0524383,59.802086,4.784732,-5.3158507,2.6871536,-10.390306,1.4072434,6.683017,-22.727533,-16.612757,-1.9310008,-3.8566704
403,-0.21437734365463257,1.6884746551513672,78.64773559570312,0.24402686447524063,0.8376381158641949,-86.44763909501131,-1.2915558,-1.479,7.162731,6.376988,-6.4575734,1.5951866,-0.029513065,0.058407217,-9.5545845,6.4919086,-8.48559,-1.3199596,0.92616814,-1.1162239,6.530473,4.2756085,12.161823,-2.0853174,59.95323,4.7833524,-5.2299404,2.6222067,-9.935055,1.3604068,6.909019,-22.905346,-16.593826,-1.9277663,-3.7661436
404,-0.21686086058616638,1.6176882982254028,78.64312744140625,0.2528095689075181,0.7347081514730981,-86.4485576071445,-1.1091801,-1.4843627,7.160734,6.3774796,-6.5363703,1.5827861,0.1530442,0.055436708,-9.550082,6.4923244,-8.56536,-1.3121306,0.9040087,-1.130364,6.3592157,4.3211317,12.143291,-2.119046,60.118248,4.7727637,-5.1683955,2.5721946,-9.481613,1.3049153,7.131826,-23.085993,-16.560673,-1.9177586,-3.672258
405,-0.22003273665905,1.5536056756973267,78.63858032226562,0.2586200362708844,0.6332782120078072,-86.44784473768227,-0.9354176,-1.486015,7.157107,6.3809237,-6.6111617,1.5715196,0.32626706,0.055548314,-9.547773,6.496805,-8.641635,-1.3059758,0.8805568,-1.1387277,6.200192,4.3684444,12.124182,-2.1503017,60.299618,4.755488,-5.1451735,2.547922,-9.031738,1.2421885,7.346673,-23.266396,-16.497526,-1.903204,-3.5685759
406,-0.21945419907569885,1.4924442768096924,78.6340103149414,0.2621769590269538,0.5346434948856883,-86.44603670601646,-0.76737565,-1.4883598,7.153055,6.3835816,-6.682681,1.5642935,0.49462643,0.054891903,-9.546292,6.5007463,-8.714859,-1.2972988,0.85748297,-1.1420871,6.052251,4.4169655,12.104361,-2.1789982,60.49234,4.728576,-5.1470566,2.535568,-8.585777,1.1733537,7.5541263,-23.443068,-16.40947,-1.8882037,-3.4574401
407,-0.2204889953136444,1.437475562095642,78.62908172607422,0.26476343551991777,0.4377329127498316,-86.44572483979367,-0.60680795,-1.4882362,7.1503005,6.385938,-6.7480783,1.5563176,0.65571374,0.056594566,-9.544123,6.502652,-8.780756,-1.2908167,0.8367757,-1.1402651,5.9152994,4.463592,12.083322,-2.2076495,60.69424,4.6939354,-5.152317,2.5219233,-8.142497,1.0996141,7.756246,-23.621378,-16.331837,-1.8669299,-3.3416717
408,-0.21696342527866364,1.3841952085494995,78.62490844726562,0.26783926794077906,0.3412299927397302,-86.44896849690713,-0.4473811,-1.4920083,7.1514845,6.388121,-6.8130536,1.5512054,0.814225,0.054021463,-9.538491,6.50532,-8.844551,-1.2805465,0.8205167,-1.1326464,5.789123,4.504553,12.060448,-2.239859,60.903824,4.652648,-5.139026,2.4946513,-7.700433,1.0221009,7.9555154,-23.80702,-16.300827,-1.83352,-3.2238963
409,-0.21341156959533691,1.3302741050720215,78.62069702148438,0.273055918397774,0.2410928213316223,-86.45677557079723,-0.28220508,-1.4977354,7.1567674,6.3898177,-6.8796716,1.5445065,0.97742134,0.049588803,-9.528858,6.5066605,-8.907986,-1.2698138,0.8090185,-1.1176666,5.6783743,4.5384693,12.035216,-2.2807415,61.121693,4.590183,-5.1021466,2.4455683,-7.259398,0.941716,8.154188,-24.002733,-16.34244,-1.7793543,-3.0993803
410,-0.2072218507528305,1.2739490270614624,78.61671447753906,0.2789128512297812,0.13920473557722335,-86.46770931892578,-0.11191246,-1.5059979,7.1650944,6.3908772,-6.9492326,1.5385579,1.1454393,0.042798858,-9.516268,6.506161,-8.972209,-1.2565141,0.80133724,-1.0960476,5.5813193,4.567067,12.007601,-2.3301873,61.348846,4.508547,-5.052756,2.3848362,-6.8196254,0.85905284,8.351046,-24.206007,-16.433764,-1.7096599,-2.9681485
411,-0.1999439001083374,1.221325397491455,78.61280822753906,0.28361124852258135,0.0433223654269074,-86.4808636587415,0.047035,-1.5134189,7.1757646,6.3951726,-7.0169544,1.5336848,1.3010298,0.036049426,-9.502181,6.5096493,-9.033911,-1.2430674,0.7977098,-1.0702009,5.4884195,4.5916557,11.977415,-2.3821206,61.58442,4.4350686,-4.993934,2.326143,-6.379039,0.7750022,8.543128,-24.410807,-16.537476,-1.6400378,-2.8413067
412,-0.19272978603839874,1.183895468711853,78.6090087890625,0.2878292969359406,-0.03894810292199695,-86.49515351581924,0.17947753,-1.5206032,7.188697,6.3946867,-7.0672116,1.5318068,1.4291345,0.029384002,-9.48765,6.5077505,-9.076278,-1.2315457,0.7977727,-1.0427916,5.390324,4.6142707,11.944316,-2.4279227,61.82549,4.3987026,-4.9276505,2.2817667,-5.936669,0.6907778,8.727126,-24.611593,-16.61517,-1.5860901,-2.7296517
413,-0.18600556254386902,1.145521879196167,78.60549926757812,0.2916744524255876,-0.10405788322979884,-86.50956363400496,0.29225934,-1.5264856,7.2024093,6.395167,-7.1160784,1.5307621,1.5375925,0.0234443,-9.473799,6.5075817,-9.117889,-1.2210598,0.8003547,-1.0161849,5.283686,4.6316195,11.907792,-2.4602764,62.079914,4.4265895,-4.854094,2.2597005,-5.4902644,0.607513,8.899991,-24.808008,-16.654291,-1.5540533,-2.6317844
414,-0.1819220781326294,1.105407953262329,78.60216522216797,0.29198968960144456,-0.15645590638416113,-86.52508537478623,0.39154872,-1.5258754,7.216618,6.3966413,-7.1649456,1.5274513,1.6322743,0.023858873,-9.460503,6.508109,-9.159551,-1.2138643,0.8054028,-0.9889849,5.1741185,4.644719,11.867356,-2.4791155,62.344093,4.502196,-4.7712784,2.2495875,-5.042168,0.5262061,9.062515,-24.999771,-16.676115,-1.5359528,-2.5413833
415,-0.1733747124671936,1.063441514968872,78.5986099243164,0.29337209365614725,-0.20097201422065583,-86.54284991069663,0.48391926,-1.5295012,7.234018,6.3965044,-7.213627,1.527864,1.7196654,0.019903772,-9.444093,6.506805,-9.199283,-1.2028223,0.8140914,-0.9585311,5.0651894,4.6579,11.823014,-2.487268,62.61002,4.5880413,-4.6848493,2.2383287,-4.5989957,0.44762588,9.21789,-25.185785,-16.694624,-1.5250087,-2.460431
416,-0.1646345555782318,1.0262725353240967,78.59537506103516,0.2949555003469632,-0.24213501083992034,-86.56439033851287,0.56851816,-1.5329207,7.2553654,6.3983865,-7.260056,1.5286008,1.7969717,0.015927909,-9.423065,6.5078425,-9.234794,-1.1921836,0.8277991,-0.9221603,4.960359,4.676155,11.775063,-2.4887702,62.868877,4.6455345,-4.6005726,2.212559,-4.166732,0.37263286,9.370382,-25.36387,-16.722643,-1.5142963,-2.3934577
417,-0.15749098360538483,0.9924706220626831,78.59268951416016,0.29560328519610135,-0.28133041019477584,-86.59008438440674,0.6487018,-1.533343,7.2805953,6.3987885,-7.302351,1.5274373,1.8680775,0.015224281,-9.397171,6.5093913,-9.267035,-1.1836463,0.8483895,-0.87867206,4.862052,4.6990914,11.72392,-2.4855595,63.119858,4.6702666,-4.515127,2.1688135,-3.746038,0.30166346,9.52224,-25.532,-16.764091,-1.5019162,-2.3478622
418,-0.147105410695076,0.9595474004745483,78.58999633789062,0.2944319595438346,-0.3160387668608684,-86.61908185338008,0.72338676,-1.5337582,7.3094068,6.3996673,-7.344425,1.5282487,1.9327056,0.014524973,-9.367171,6.5107875,-9.296873,-1.1730173,0.87468475,-0.8295854,4.7677345,4.725588,11.66979,-2.4769213,63.366196,4.679293,-4.4267707,2.1144567,-3.33357,0.23530121,9.672749,-25.692307,-16.812124,-1.4909601,-2.3212302
419,-0.13773858547210693,0.9270393252372742,78.58724975585938,0.29443449745900147,-0.3449401113828553,-86.65127045541406,0.79175603,-1.5341188,7.341263,6.4000244,-7.3854523,1.5284365,1.989818,0.014050665,-9.33359,6.5129933,-9.325997,-1.1633329,0.90266806,-0.7776593,4.6732545,4.757714,11.613196,-2.4632776,63.608257,4.665704,-4.3451667,2.0547066,-2.9305944,0.17395277,9.820062,-25.84528,-16.86874,-1.4822962,-2.2975087
420,-0.12432769685983658,0.8957746624946594,78.58451080322266,0.29263245363084917,-0.3665650540758112,-86.68664826559639,0.8511533,-1.5354593,7.3758383,6.4011917,-7.426024,1.5321856,2.0359406,0.012402722,-9.296828,6.5159388,-9.351617,-1.1507823,0.92857707,-0.7253744,4.5745244,4.7977166,11.554835,-2.4455862,63.84644,4.621961,-4.279977,1.9942657,-2.538233,0.11820785,9.962232,-25.991272,-16.93435,-1.4768393,-2.2619364
421,-0.11073452234268188,0.8649821281433105,78.5821533203125,0.29120375172766716,-0.38039623206359,-86.72689201551441,0.90132123,-1.5366656,7.414345,6.402821,-7.4657216,1.536715,2.0720599,0.010959068,-9.255388,6.518454,-9.374533,-1.1381458,0.9533715,-0.6736575,4.4708524,4.8471856,11.495321,-2.4240005,64.080086,4.526473,-4.23913,1.9323012,-2.154117,0.06886054,10.097444,-26.130426,-17.005518,-1.4755433,-2.2105157
422,-0.09696673601865768,0.8378591537475586,78.57998657226562,0.2888664505506479,-0.3873034869643444,-86.77141514268318,0.9402681,-1.536432,7.456389,6.404277,-7.50102,1.5420113,2.096183,0.01093659,-9.209824,6.521034,-9.392464,-1.1260009,0.9787976,-0.6214055,4.3641276,4.905037,11.435022,-2.3986099,64.30838,4.389315,-4.2155266,1.8667245,-1.7783923,0.026625331,10.225978,-26.2625,-17.082674,-1.4782062,-2.1504571
423,-0.08544943481683731,0.8118243217468262,78.57798767089844,0.28673986149143493,-0.38775287816853155,-86.81686493399066,0.9718473,-1.5345834,7.4989796,6.405848,-7.535385,1.545795,2.1112049,0.012653525,-9.163596,6.523718,-9.408202,-1.1161153,1.0015923,-0.5685721,4.254399,4.968686,11.374465,-2.3711593,64.532814,4.249578,-4.196323,1.8011918,-1.4173154,-0.008307133,10.349099,-26.384974,-17.172873,-1.484107,-2.082803
424,-0.07362768799066544,0.7866470217704773,78.57657623291016,0.2829000401305334,-0.38237514348393437,-86.85973413316565,0.99591804,-1.5315479,7.539217,6.4068446,-7.5675907,1.5496421,2.1193411,0.01561737,-9.120098,6.52727,-9.423839,-1.1067382,1.0188944,-0.5153291,4.1416774,5.0354633,11.314366,-2.343563,64.75469,4.1466346,-4.168794,1.7395608,-1.0773007,-0.03632576,10.468226,-26.497742,-17.283766,-1.4923803,-2.0080838
425,-0.06323228776454926,0.7615867257118225,78.5744857788086,0.2773735977964056,-0.36888283940421474,-86.89779071144726,1.0085195,-1.5260246,7.5750594,6.4086466,-7.597195,1.5521383,2.1186101,0.020969873,-9.081637,6.530448,-9.438739,-1.0995111,1.0292153,-0.45998946,4.022502,5.104456,11.255203,-2.3180907,64.97715,4.1014037,-4.1295104,1.6814656,-0.7605221,-0.057584003,10.583744,-26.597889,-17.424992,-1.506004,-1.9283454
426,-0.052230268716812134,0.7375480532646179,78.57263946533203,0.27012732716156984,-0.34773285172579405,-86.93326008397861,1.0114655,-1.519525,7.608659,6.4101934,-7.6247053,1.5550718,2.1083317,0.02728197,-9.045785,6.5338674,-9.452065,-1.0926292,1.0347247,-0.40354165,3.8980482,5.1766315,11.19744,-2.2946804,65.199165,4.0879884,-4.085381,1.6257699,-0.4640546,-0.07221557,10.694803,-26.687086,-17.59068,-1.5243678,-1.8420728
427,-0.040477123111486435,0.7149041295051575,78.57098388671875,0.2639650911121036,-0.32387489437544265,-86.96956430029607,1.0100837,-1.5146965,7.6433253,6.4118543,-7.650865,1.5589436,2.0927045,0.031649455,-9.008923,6.5376773,-9.462993,-1.0851166,1.0374004,-0.34804255,3.77576,5.252274,11.141481,-2.2723603,65.41505,4.0743685,-4.039394,1.5735465,-0.18631732,-0.08023114,10.802739,-26.768503,-17.760227,-1.5408403,-1.7502507
428,-0.02886427938938141,0.6947418451309204,78.56986236572266,0.25766772937163956,-0.3022950424666492,-87.0097694789483,1.0099155,-1.5090729,7.68149,6.4114847,-7.6738195,1.5627567,2.0795703,0.037185468,-8.968513,6.5390487,-9.471599,-1.0777129,1.0389177,-0.29550326,3.6629329,5.3315997,11.087759,-2.2492523,65.61961,4.028989,-3.994574,1.526294,0.07392784,-0.081637986,10.909227,-26.842806,-17.913513,-1.5485435,-1.6543446
429,-0.019274847581982613,0.6787862777709961,78.56837463378906,0.25229490086203493,-0.2831073090317036,-87.05425453053418,1.0089062,-1.5022547,7.723335,6.4140964,-7.6963534,1.5653323,2.0622022,0.043428484,-8.92431,6.542929,-9.476217,-1.0717717,1.0377489,-0.24680094,3.5601544,5.4167843,11.036638,-2.2239382,65.80866,3.9336166,-3.949158,1.4858298,0.31732383,-0.0764602,11.014644,-26.911455,-18.035975,-1.538459,-1.5418088
430,-0.007921122945845127,0.6601810455322266,78.56715393066406,0.24886451921902797,-0.26414035907441297,-87.10152851900509,1.0116185,-1.4986159,7.768011,6.414293,-7.7200456,1.5690778,2.0483315,0.046724927,-8.877038,6.5438995,-9.480732,-1.0634894,1.0332999,-0.20048983,3.464007,5.5073514,10.988297,-2.1966586,65.98569,3.8088655,-3.9025543,1.4501712,0.54336995,-0.064533085,11.11925,-26.972872,-18.140692,-1.516449,-1.4176917
431,0.003297682385891676,0.6451232433319092,78.56588745117188,0.24343603229381564,-0.2466470945819825,-87.15203878211696,1.0130082,-1.492148,7.8154135,6.416962,-7.743471,1.572716,2.0317829,0.05265363,-8.827068,6.547731,-9.484074,-1.0560873,1.028733,-0.15700334,3.3758721,5.5994473,10.943009,-2.1677425,66.156685,3.6818666,-3.8591962,1.4152231,0.75119346,-0.04609937,11.223853,-27.027363,-18.252632,-1.4977623,-1.3056929
432,0.01134281326085329,0.6257867217063904,78.56522369384766,0.23910665813286125,-0.23206518903261197,-87.20645685448106,1.0216587,-1.4832886,7.8660946,6.418947,-7.7702236,1.5732334,2.0210328,0.061008573,-8.773366,6.550248,-9.489376,-1.0513376,1.0271388,-0.11706519,3.2973208,5.689015,10.901194,-2.1374922,66.32765,3.5802073,-3.823468,1.3766525,0.9395264,-0.022008756,11.328796,-27.07318,-18.39751,-1.4973197,-1.2287853
433,0.01888267509639263,0.6137996912002563,78.56466674804688,0.2319808839341752,-0.21885886706208,-87.26581972442047,1.0265529,-1.4701526,7.9214606,6.42023,-7.7912025,1.5739653,2.0058954,0.07374316,-8.71532,6.551658,-9.488013,-1.0488513,1.0311164,-0.080327354,3.228746,5.7745576,10.863165,-2.1041384,66.5009,3.508119,-3.8004882,1.3296753,1.1091386,0.007218129,11.435887,-27.115345,-18.601416,-1.5223471,-1.2076426
434,0.024484513327479362,0.6042167544364929,78.56330871582031,0.22688162680907978,-0.20694390287273237,-87.32962440399892,1.0309365,-1.4566973,7.9813976,6.4217596,-7.8105454,1.5737982,1.9884506,0.08650661,-8.652861,6.5537786,-9.483971,-1.0483592,1.0382446,-0.04664946,3.169391,5.8580985,10.829033,-2.0672581,66.673035,3.4526885,-3.7866657,1.2770677,1.2601429,0.041214548,11.544997,-27.151297,-18.844372,-1.5630138,-1.2261266
435,0.03343851864337921,0.5917572379112244,78.56289672851562,0.22078080374245046,-0.19987510460487073,-87.3954997959803,1.0440772,-1.4445024,8.043051,6.4243026,-7.8351555,1.5755196,1.9790806,0.09808803,-8.588138,6.5558014,-9.482669,-1.0449785,1.0442251,-0.01580734,3.1194444,5.940172,10.7988825,-2.031437,66.84324,3.4121127,-3.773428,1.2263433,1.3908525,0.079563126,11.654432,-27.175295,-19.079142,-1.6094596,-1.2546495
436,0.03809620812535286,0.5812190175056458,78.56217956542969,0.21377392393074257,-0.20105994016931958,-87.46135928425842,1.0640289,-1.4278492,8.103199,6.426457,-7.8573537,1.5733472,1.977808,0.11439334,-8.524266,6.557105,-9.481128,-1.045391,1.0454893,0.011837513,3.0785675,6.0211167,10.772874,-2.0034058,67.010506,3.383595,-3.752256,1.1856916,1.4994643,0.12162824,11.760991,-27.183065,-19.258516,-1.6520985,-1.261946
437,0.04362450912594795,0.5685142278671265,78.56100463867188,0.2066688275140505,-0.21409191808585418,-87.52691020104368,1.1006749,-1.4122921,8.161638,6.428893,-7.88473,1.5709592,1.9918128,0.13010813,-8.460723,6.5593524,-9.483908,-1.0444946,1.0399883,0.037066393,3.0506015,6.1016226,10.75136,-1.9881202,67.17446,3.3736784,-3.7188985,1.1602595,1.5838166,0.16704004,11.86204,-27.170187,-19.353985,-1.6943619,-1.2394158
438,0.04586046189069748,0.5588502883911133,78.55967712402344,0.1977246204767881,-0.23621451349217137,-87.59324802581818,1.1440238,-1.3919697,8.219166,6.4329686,-7.910922,1.5654851,2.0140846,0.15089713,-8.397212,6.560577,-9.485383,-1.0468673,1.0310285,0.059354834,3.0340686,6.179744,10.734657,-1.9858707,67.338806,3.3776927,-3.6801543,1.1461122,1.6454629,0.21541528,11.957245,-27.140497,-19.395489,-1.7398889,-1.2019866
439,0.04912172257900238,0.5484328866004944,78.55805206298828,0.19067558540997312,-0.2616269493151436,-87.66002121970847,1.1921744,-1.374467,8.277536,6.436515,-7.93821,1.5609016,2.0406153,0.16872637,-8.3330555,6.562481,-9.488327,-1.0478581,1.02259,0.07941346,3.021742,6.25476,10.722673,-1.9965003,67.500145,3.3752205,-3.6386733,1.1373097,1.6884836,0.26655847,12.048585,-27.0989,-19.419739,-1.7799782,-1.1586258
440,0.04923219233751297,0.5403685569763184,78.55691528320312,0.18365344554117013,-0.28435113264034995,-87.72697925581471,1.2355753,-1.3542422,8.336667,6.439384,-7.962379,1.5541558,2.062234,0.1890683,-8.269571,6.5629516,-9.487959,-1.051768,1.018452,0.0969784,3.0063086,6.323105,10.715225,-2.019348,67.66236,3.346525,-3.6012406,1.1286992,1.717388,0.3199077,12.138566,-27.05039,-19.46715,-1.8054733,-1.1158493
441,0.04917692765593529,0.5350428819656372,78.5561752319336,0.17762848144167423,-0.30264382182097926,-87.79388149737734,1.2717841,-1.3347778,8.397296,6.4413357,-7.9828744,1.5480316,2.0762203,0.20808068,-8.206603,6.5637574,-9.484668,-1.0558414,1.0184813,0.11302002,2.9859347,6.383435,10.71198,-2.0573456,67.82812,3.2782178,-3.5687969,1.126074,1.7319615,0.37529522,12.230516,-26.995207,-19.54729,-1.8083441,-1.0790375
442,0.047224219888448715,0.5273430347442627,78.55550384521484,0.17354600115596303,-0.3198011146856059,-87.8609683319604,1.3090729,-1.3156544,8.458769,6.442546,-8.004609,1.5403863,2.0912995,0.2265735,-8.143802,6.5635905,-9.482776,-1.0609268,1.020885,0.1277014,2.964664,6.4371576,10.712827,-2.1112976,67.996254,3.1821122,-3.5387032,1.1303557,1.7309576,0.43250784,12.324449,-26.93144,-19.640196,-1.7946236,-1.0447441
443,0.045404329895973206,0.5184783339500427,78.55509185791016,0.16853759732066845,-0.33720735162433085,-87.928505005043,1.3479291,-1.2954807,8.520795,6.443555,-8.027353,1.5324627,2.108069,0.24616419,-8.080862,6.563308,-9.482171,-1.0660245,1.0273589,0.13945572,2.942834,6.4860206,10.717724,-2.1740253,68.162926,3.078961,-3.5112934,1.1279294,1.7175949,0.4907504,12.416416,-26.862175,-19.738052,-1.7762802,-1.0082358
444,0.04344591125845909,0.5096796751022339,78.55432891845703,0.16372049261984767,-0.3563735351819873,-87.99678610012863,1.3882729,-1.2751098,8.583603,6.4442,-8.049297,1.5243136,2.1258326,0.26571336,-8.017148,6.5628734,-9.480592,-1.0713365,1.0391014,0.14669688,2.9214115,6.5316076,10.726434,-2.235118,68.32423,2.992544,-3.4867709,1.1038828,1.6946782,0.5488984,12.501907,-26.788727,-19.83198,-1.7662395,-0.9649028
445,0.04090733081102371,0.5025655627250671,78.55353546142578,0.15711652439297838,-0.37741849010501227,-88.06696007210303,1.4309281,-1.2521343,8.647942,6.444893,-8.071471,1.5154531,2.1447105,0.28825653,-7.95188,6.562535,-9.478421,-1.0778662,1.0563705,0.14972918,2.9005625,6.574254,10.738827,-2.2875774,68.48263,2.9314313,-3.4690804,1.0387944,1.6604728,0.60583884,12.578641,-26.709867,-19.915812,-1.7679589,-0.9072382
446,0.0400063581764698,0.49401023983955383,78.55282592773438,0.15156075646417003,-0.3996098056631961,-88.13854643831505,1.4758251,-1.2311684,8.714168,6.4457245,-8.0949335,1.5077829,2.1658492,0.3085251,-7.8848596,6.5620546,-9.476927,-1.0828041,1.0780276,0.14899006,2.8801792,6.6134744,10.75455,-2.3312373,68.63825,2.8887253,-3.456619,0.9438768,1.6131731,0.66083795,12.647717,-26.6228,-19.993917,-1.7754254,-0.83901465
447,0.03361234441399574,0.483927458524704,78.55224609375,0.14621414589024426,-0.42347580245081595,-88.20917639035916,1.5235631,-1.2060322,8.778685,6.446063,-8.118292,1.4952962,2.1902833,0.33318713,-7.81943,6.56153,-9.477604,-1.0923282,1.1028898,0.14392093,2.8608363,6.649383,10.772654,-2.367583,68.78471,2.8614078,-3.441582,0.8497474,1.5563655,0.71368307,12.7118225,-26.535746,-20.071882,-1.7865269,-0.77365726
448,0.025891413912177086,0.4772511422634125,78.5514144897461,0.14078889737033268,-0.4495109602580128,-88.27622630898261,1.5704956,-1.1804906,8.83948,6.4464207,-8.138542,1.4821032,2.215783,0.35847408,-7.757707,6.5600953,-9.476402,-1.1031468,1.1295761,0.13387503,2.8429844,6.6824074,10.791975,-2.398706,68.91547,2.846099,-3.4160693,0.787986,1.4938452,0.7641323,12.773122,-26.454498,-20.157652,-1.7989274,-0.722493
449,0.018548956140875816,0.46908169984817505,78.55016326904297,0.13747356253553933,-0.4788770270513253,-88.34018961161469,1.6222816,-1.1582446,8.8972845,6.44707,-8.160743,1.469108,2.2465177,0.3804427,-7.6987863,6.558996,-9.477291,-1.1130058,1.1593326,0.11757847,2.827219,6.711985,10.8112545,-2.424364,69.030495,2.8535092,-3.3714979,0.77404696,1.4262942,0.81195605,12.833281,-26.382587,-20.257053,-1.8118149,-0.6922375
450,0.010053781792521477,0.4600665867328644,78.54887390136719,0.13340927664497526,-0.5109281319136952,-88.4020587800385,1.6779833,-1.1347387,8.952548,6.446345,-8.182554,1.454686,2.282027,0.40393838,-7.6422796,6.5560946,-9.47853,-1.1238623,1.1920569,0.09601003,2.8130398,6.7383194,10.829906,-2.443601,69.13292,2.8815813,-3.3141441,0.78975695,1.3520488,0.85656536,12.891553,-26.316544,-20.366163,-1.8257475,-0.67502666
451,-0.0006864371243864298,0.44933319091796875,78.54767608642578,0.13111226304526824,-0.5436174408206742,-88.46013792041447,1.7338321,-1.111746,9.0040455,6.4485493,-8.206544,1.4386686,2.3188784,0.42661676,-7.589256,6.5567484,-9.484277,-1.1359621,1.225229,0.073205136,2.7990701,6.7625866,10.847588,-2.458858,69.220825,2.908741,-3.2586179,0.81591517,1.2730789,0.89788574,12.94853,-26.254717,-20.475124,-1.8412567,-0.6650968
452,-0.008851883932948112,0.43776804208755493,78.5464859008789,0.12700467963582487,-0.5746828967682236,-88.51322951281469,1.7880315,-1.0899034,9.050715,6.4500403,-8.229877,1.4249287,2.357126,0.4485806,-7.5407195,6.5564337,-9.491808,-1.1457685,1.2560735,0.052049868,2.7836518,6.7862506,10.864353,-2.474882,69.292435,2.9103463,-3.219649,0.8336397,1.1912493,0.9361169,13.004641,-26.19431,-20.574457,-1.8586668,-0.6560825
453,-0.019335517659783363,0.42823249101638794,78.54547119140625,0.12284344335484476,-0.6038598127311761,-88.5602883166581,1.8386809,-1.0674084,9.091299,6.4490223,-8.248556,1.410431,2.391765,0.47153723,-7.4978876,6.553862,-9.495625,-1.1572893,1.2833756,0.034743775,2.7662504,6.8100033,10.880448,-2.496746,69.346466,2.871366,-3.2022681,0.8412751,1.1055449,0.97153825,13.061049,-26.132523,-20.658422,-1.8827977,-0.6489975
454,-0.02981865033507347,0.4200170636177063,78.5445327758789,0.11857651384098515,-0.6321223224386978,-88.60235883367693,1.8843808,-1.0453967,9.127055,6.451999,-8.267116,1.3966898,2.424254,0.4936797,-7.4596853,6.555118,-9.502129,-1.1685741,1.3091692,0.019357728,2.7476282,6.8329906,10.895992,-2.5248864,69.38442,2.8039374,-3.198385,0.8489164,1.0160165,1.0042181,13.1175165,-26.071062,-20.73365,-1.9117291,-0.6467274
455,-0.03911495953798294,0.4103921353816986,78.54375457763672,0.11345346402738958,-0.6597074669216316,-88.64053308551173,1.9305744,-1.0242546,9.159079,6.4529886,-8.284918,1.3837998,2.4580674,0.5152086,-7.4249573,6.555395,-9.509507,-1.1786816,1.3360689,0.0026952159,2.7274523,6.8547397,10.910946,-2.554869,69.40737,2.7280147,-3.2024326,0.8547337,0.92725074,1.0340452,13.171883,-26.019032,-20.80942,-1.935621,-0.6445718
456,-0.04987456649541855,0.4009859561920166,78.543212890625,0.11019060139441242,-0.6866887458233084,-88.67609765867716,1.9755157,-1.0043931,9.18902,6.4540687,-8.302107,1.3699087,2.4905736,0.5352743,-7.3925986,6.5554514,-9.5160475,-1.1896544,1.3665518,-0.01732695,2.7059016,6.8746634,10.924934,-2.5799606,69.41656,2.6652958,-3.2089121,0.85651195,0.8440629,1.0611036,13.222169,-25.984818,-20.893278,-1.9452296,-0.6392721
457,-0.06371920555830002,0.3921908438205719,78.54251861572266,0.10796553606391705,-0.7139799586158119,-88.70929079021543,2.0201852,-0.98363286,9.216782,6.454669,-8.318053,1.3531693,2.524668,0.55658054,-7.362539,6.554916,-9.5235615,-1.2031494,1.4017094,-0.04278518,2.682997,6.8930683,10.937535,-2.5946314,69.41217,2.6177285,-3.22035,0.84786457,0.76899207,1.0855474,13.267488,-25.978271,-20.99711,-1.93096,-0.62768906
458,-0.07617730647325516,0.38196319341659546,78.54119873046875,0.10559427281083228,-0.7412069262663269,-88.73956441132547,2.064917,-0.96428585,9.242089,6.4560027,-8.3351145,1.3370678,2.5608742,0.57645595,-7.3349714,6.5539308,-9.532628,-1.2152618,1.4394921,-0.07165791,2.658949,6.910219,10.948467,-2.5988169,69.39346,2.5791311,-3.2383192,0.8309978,0.6989261,1.107533,13.308699,-25.990444,-21.112984,-1.9007561,-0.61213684
459,-0.08694827556610107,0.3709654211997986,78.53966522216797,0.10419023866180371,-0.7666993463023979,-88.7665333302903,2.1086922,-0.9481141,9.264712,6.4566417,-8.352459,1.3229384,2.5961726,0.59321046,-7.3101983,6.552793,-9.542185,-1.2255715,1.478382,-0.101511806,2.6336722,6.925534,10.957061,-2.5950212,69.36009,2.559101,-3.2556753,0.8164949,0.63078326,1.1261376,13.345642,-26.009413,-21.219948,-1.8710423,-0.5944819
460,-0.09735920280218124,0.36026525497436523,78.53838348388672,0.10285420558262004,-0.7887243531565984,-88.7899732018399,2.1475408,-0.9328819,9.284109,6.4571652,-8.368071,1.3104358,2.627493,0.6088652,-7.2888436,6.5521727,-9.551752,-1.235454,1.5175916,-0.12914324,2.6069233,6.9380383,10.962391,-2.588288,69.312225,2.5647933,-3.265295,0.8156724,0.56344754,1.1393857,13.376717,-26.021141,-21.295403,-1.8590237,-0.577321
461,-0.10898493975400925,0.35012272000312805,78.53704833984375,0.09961697419068266,-0.8058126654470169,-88.80970501172511,2.1795566,-0.91503763,9.299626,6.4571147,-8.380647,1.2988373,2.652876,0.6270192,-7.271835,6.5518246,-9.560859,-1.246756,1.5567915,-0.15361495,2.5777822,6.949126,10.965189,-2.5806081,69.2446,2.6080117,-3.2628558,0.83661485,0.49185592,1.1484629,13.4049225,-26.017326,-21.326632,-1.8715494,-0.5672533
462,-0.12050389498472214,0.3401148021221161,78.53629302978516,0.09653356495977782,-0.8193771349751248,-88.82582611353028,2.2069585,-0.8979534,9.311944,6.457652,-8.392508,1.2888772,2.6754522,0.6443714,-7.25838,6.5511355,-9.570407,-1.2578683,1.5955647,-0.1765165,2.547145,6.9590507,10.966038,-2.5709038,69.15858,2.678561,-3.2530053,0.87175196,0.41492128,1.1548573,13.432441,-26.003023,-21.328665,-1.8973075,-0.5637741
463,-0.13291394710540771,0.33128634095191956,78.53560638427734,0.09329886126657587,-0.8312946811362183,-88.83880466618835,2.2307072,-0.8806518,9.321051,6.457172,-8.401236,1.2783386,2.694867,0.6619588,-7.2479725,6.5502152,-9.578319,-1.2697204,1.636723,-0.20027275,2.5145907,6.9651847,10.965363,-2.5625484,69.0653,2.753312,-3.242303,0.9098345,0.3519751,1.157697,13.451889,-25.999912,-21.322584,-1.9293321,-0.550223
464,-0.14817339181900024,0.32486504316329956,78.5345230102539,0.09293889326898774,-0.8440855764644103,-88.84884346924792,2.252036,-0.8648811,9.327325,6.458085,-8.408009,1.2647218,2.7139795,0.67819834,-7.23997,6.5489078,-9.58492,-1.2835028,1.6720247,-0.22675116,2.486872,6.9681463,10.962968,-2.5478196,68.967964,2.8078892,-3.2369874,0.9378053,0.2755163,1.1596682,13.474671,-25.994915,-21.335443,-1.9490247,-0.52820444
465,-0.16150879859924316,0.31934502720832825,78.53462982177734,0.09697871177745539,-0.8579001455504914,-88.855901938965,2.273888,-0.8566834,9.331316,6.458224,-8.41425,1.25104,2.733295,0.6871041,-7.233261,6.5491605,-9.591903,-1.2945684,1.7038155,-0.25668773,2.4617877,6.963695,10.957477,-2.5219862,68.8743,2.8397915,-3.2418334,0.94572264,0.20252801,1.1602522,13.496702,-26.004011,-21.380543,-1.9592215,-0.49095142
466,-0.17399737238883972,0.3119305670261383,78.5344009399414,0.10263191183596598,-0.8715672374616599,-88.85996437499458,2.29574,-0.85182154,9.332375,6.459493,-8.422096,1.2366036,2.7549767,0.6929709,-7.2285466,6.548213,-9.600038,-1.304186,1.7394562,-0.2905121,2.433916,6.955751,10.952025,-2.5010467,68.77888,2.855056,-3.25214,0.9444518,0.15664622,1.1589422,13.506179,-26.038033,-21.440365,-1.971683,-0.43165618
467,-0.18654391169548035,0.3058781921863556,78.53370666503906,0.1101894871427522,-0.8851815342401098,-88.86118342844301,2.316206,-0.84956616,9.331135,6.4609065,-8.428882,1.2226031,2.7760224,0.69626075,-7.226263,6.549146,-9.609519,-1.3135126,1.7737443,-0.32497385,2.4090824,6.942159,10.944497,-2.4760292,68.68064,2.8677747,-3.2616782,0.94631314,0.11090003,1.155897,13.510789,-26.074419,-21.49345,-1.9788839,-0.36115322
468,-0.20058391988277435,0.3011678457260132,78.5335464477539,0.11411148125077386,-0.8986463921790683,-88.85981564670375,2.3356283,-0.84226054,9.327114,6.461217,-8.43322,1.208269,2.7960622,0.70450604,-7.227555,6.548932,-9.617335,-1.3248858,1.807945,-0.3593576,2.3874116,6.9253836,10.936361,-2.4513757,68.57761,2.8867986,-3.2640202,0.9661492,0.07028828,1.1517817,13.510117,-26.110807,-21.520628,-1.9786818,-0.27810785
469,-0.2132212221622467,0.2979089617729187,78.53266906738281,0.11450157379451735,-0.9128457714874648,-88.85685164384738,2.3542488,-0.8319515,9.321816,6.461287,-8.435627,1.1967199,2.8158092,0.7153566,-7.2312284,6.5483494,-9.623847,-1.3359889,1.8389908,-0.38969818,2.3754013,6.895995,10.9182625,-2.4025927,68.47441,2.9366438,-3.2526233,1.0151974,0.013370548,1.1417094,13.499683,-26.135519,-21.512993,-1.9629436,-0.17137282
470,-0.22677026689052582,0.29721397161483765,78.53173065185547,0.11200811689787826,-0.9272008874665116,-88.85185037440684,2.3704908,-0.8176921,9.314412,6.460967,-8.434777,1.1853958,2.834321,0.7300052,-7.2376556,6.547913,-9.629415,-1.3486884,1.8710903,-0.41994137,2.3650005,6.867306,10.89904,-2.3566194,68.360855,2.9900963,-3.2314703,1.0858948,-0.031378727,1.1303512,13.483345,-26.168589,-21.486515,-1.9360706,-0.042580705
471,-0.2392430603504181,0.29503825306892395,78.53118896484375,0.10859330870813184,-0.9405586769320049,-88.84305326184813,2.3874316,-0.8042193,9.303511,6.459349,-8.434473,1.1750407,2.8530366,0.7439726,-7.2479315,6.547271,-9.6359005,-1.3601964,1.9014214,-0.44934133,2.3574455,6.8317275,10.875362,-2.306283,68.250084,3.0458968,-3.2134266,1.155274,-0.07546718,1.1158117,13.462506,-26.19793,-21.439219,-1.9128011,0.08156147
472,-0.25063544511795044,0.29532793164253235,78.53129577636719,0.10761833981312299,-0.9515397976184683,-88.82852093009637,2.3969786,-0.79534775,9.28786,6.459287,-8.431127,1.1660743,2.8677163,0.75290155,-7.263589,6.547127,-9.6410055,-1.3698705,1.9289868,-0.47828025,2.3503885,6.7901115,10.849357,-2.2596157,68.14797,3.0905828,-3.2108574,1.2016411,-0.11457319,1.0995014,13.444545,-26.220722,-21.373247,-1.9067252,0.17211585
473,-0.2610563635826111,0.2966008484363556,78.5316390991211,0.10999505159434621,-0.9592311039948802,-88.80808225366661,2.4013555,-0.79253095,9.267316,6.4589047,-8.426156,1.157918,2.8797646,0.75594974,-7.284639,6.546062,-9.645589,-1.3773361,1.9546968,-0.50749403,2.3429422,6.7401304,10.821321,-2.2178078,68.05926,3.1139405,-3.2329717,1.2134731,-0.14784192,1.0815618,13.433367,-26.235853,-21.268375,-1.9278945,0.21076281
474,-0.276041716337204,0.3007253110408783,78.53157806396484,0.1150808287394533,-0.9644775517046731,-88.78263622971,2.3985012,-0.78987455,9.242132,6.459602,-8.417182,1.1466138,2.8861947,0.7585213,-7.311138,6.544595,-9.646981,-1.3878648,1.9786884,-0.53689384,2.3360188,6.6830025,10.791376,-2.179814,67.97925,3.1224525,-3.271297,1.2043927,-0.17572658,1.0620197,13.42765,-26.244093,-21.131845,-1.9655143,0.21366586
475,-0.28514236211776733,0.30436307191848755,78.53239440917969,0.11988777582314644,-0.968767569928581,-88.7520239096962,2.395759,-0.7930451,9.2127075,6.4589853,-8.408752,1.1404407,2.893712,0.7555,-7.3419228,6.543612,-9.650313,-1.3929999,1.9981908,-0.5651287,2.3310144,6.6218505,10.75989,-2.146683,67.902794,3.1303613,-3.311833,1.1906433,-0.20026661,1.0410115,13.425287,-26.252937,-21.006716,-2.0030272,0.20798463
476,-0.29342392086982727,0.3080856502056122,78.53311920166016,0.1246277183408248,-0.9732792229148789,-88.7162528882495,2.3902268,-0.79731363,9.178447,6.459654,-8.398454,1.1360421,2.9018967,0.7510532,-7.377261,6.5418525,-9.653317,-1.3974844,2.0104747,-0.590985,2.3289366,6.5602365,10.727308,-2.1205473,67.82382,3.1511745,-3.3405566,1.1884271,-0.22391497,1.0188512,13.422928,-26.265724,-20.93481,-2.0237262,0.21998435
477,-0.30699941515922546,0.3113669753074646,78.5329360961914,0.1274673264414919,-0.9780153461770965,-88.67410481184852,2.385376,-0.7963922,9.137023,6.4594197,-8.386603,1.1283026,2.9120176,0.75247943,-7.419301,6.5412955,-9.66003,-1.4070348,2.0135958,-0.61516,2.3302832,6.498535,10.694205,-2.103762,67.73945,3.187417,-3.3525507,1.2035664,-0.2485141,0.9957444,13.418202,-26.284122,-20.945717,-2.0216458,0.26248652
478,-0.3166336417198181,0.31496259570121765,78.53386688232422,0.12915809815277207,-0.982179921188129,-88.62615488685618,2.378472,-0.79844624,9.090296,6.458798,-8.373148,1.1246145,2.9208574,0.7506608,-7.466469,6.5410576,-9.666015,-1.413344,2.009746,-0.6378059,2.3342896,6.434921,10.660925,-2.0969653,67.65329,3.230219,-3.3557508,1.2270325,-0.2727429,0.9720629,13.411476,-26.305225,-21.009493,-2.0069654,0.31979924
479,-0.3260003924369812,0.32145926356315613,78.53407287597656,0.13171654179092807,-0.9869813663474948,-88.5744066697664,2.36953,-0.8024308,9.040338,6.457604,-8.3565445,1.1223544,2.9297395,0.74711895,-7.5169787,6.5399575,-9.67057,-1.4193347,2.002937,-0.6589329,2.3403444,6.3698974,10.627645,-2.098409,67.56845,3.2774887,-3.3549008,1.2533777,-0.2940999,0.94801503,13.403236,-26.327894,-21.082752,-1.9872293,0.37938473
480,-0.33515194058418274,0.3298088014125824,78.53365325927734,0.13416610839988266,-0.9931095578939776,-88.52132092535219,2.3611367,-0.80691344,8.989348,6.4572363,-8.340277,1.1207633,2.9384098,0.7431492,-7.568779,6.539226,-9.673944,-1.4249934,1.9968624,-0.6783331,2.3477838,6.3040347,10.594341,-2.1052933,67.48802,3.327799,-3.3550305,1.2768033,-0.30986553,0.92378,13.394332,-26.349558,-21.1215,-1.9700017,0.42771712
481,-0.34342724084854126,0.33722642064094543,78.5340347290039,0.13656367683853837,-1.0023680766105687,-88.46650858598227,2.3556516,-0.81212914,8.937186,6.4557734,-8.323076,1.1204697,2.9517772,0.7381522,-7.6220245,6.538333,-9.678614,-1.4293135,1.9919244,-0.69525295,2.3574166,6.236913,10.560834,-2.11656,67.41296,3.3907533,-3.3558326,1.2932521,-0.31782746,0.8995914,13.38593,-26.374643,-21.113808,-1.9541049,0.4634274
482,-0.35051852464675903,0.34259775280952454,78.5345458984375,0.1387834679010945,-1.01374492090762,-88.40908384591356,2.354406,-0.8186116,8.882856,6.455386,-8.309378,1.1215618,2.9701016,0.7319579,-7.6775684,6.537424,-9.685987,-1.4320837,1.9860575,-0.71034175,2.3691602,6.1688156,10.527087,-2.1321075,67.34128,3.465061,-3.355216,1.3064911,-0.31955034,0.8754489,13.377546,-26.401255,-21.084246,-1.9364351,0.49341846
483,-0.3588251769542694,0.35098716616630554,78.53514862060547,0.14195257935820615,-1.0241684075760906,-88.35035262796094,2.3485656,-0.8253968,8.827368,6.4555664,-8.292579,1.1218362,2.98459,0.7254091,-7.734244,6.536626,-9.690737,-1.4358877,1.9792314,-0.7247275,2.381279,6.102036,10.493277,-2.1509798,67.26939,3.533058,-3.3537936,1.3217111,-0.31812504,0.8515089,13.369578,-26.426674,-21.04185,-1.9211949,0.51459825
484,-0.36917760968208313,0.36142194271087646,78.5356216430664,0.14499242639377105,-1.0307128809529649,-88.29158195584213,2.3372493,-0.8307237,8.77129,6.4545174,-8.2726965,1.1191146,2.992533,0.7206621,-7.7911415,6.536459,-9.693707,-1.441803,1.9709985,-0.7397639,2.3919687,6.0354657,10.459735,-2.1719344,67.201744,3.576234,-3.3566525,1.344605,-0.31665266,0.8280127,13.363101,-26.450075,-20.995981,-1.9127095,0.5242079
485,-0.3781386613845825,0.37226828932762146,78.53678131103516,0.1490895456705234,-1.031373099973888,-88.23226310295931,2.3176582,-0.8386182,8.714596,6.454813,-8.251974,1.1153195,2.9940124,0.7135102,-7.8479476,6.535651,-9.695311,-1.4465685,1.9602982,-0.7568771,2.4007025,5.970202,10.426798,-2.1953094,67.1341,3.5848176,-3.3639243,1.3812028,-0.3166706,0.8050521,13.359251,-26.468813,-20.942205,-1.9130185,0.5160734
486,-0.38695552945137024,0.3818298876285553,78.53787994384766,0.15302416177888983,-1.0281658245188237,-88.17197656809141,2.2945094,-0.84682906,8.656678,6.4546165,-8.231086,1.1097691,2.9901817,0.7060234,-7.905462,6.5368557,-9.697476,-1.4512165,1.9473778,-0.7750341,2.4084952,5.905983,10.394603,-2.2212718,67.067245,3.56998,-3.3740792,1.4266979,-0.31675693,0.78276217,13.357807,-26.483948,-20.877554,-1.9192541,0.49273303
487,-0.39544248580932617,0.3928748071193695,78.53855895996094,0.15809789591771042,-1.0238981430151615,-88.11219084267486,2.2692192,-0.8566317,8.599431,6.454868,-8.209628,1.1046109,2.984829,0.6971519,-7.9622917,6.537088,-9.698147,-1.4555498,1.9343035,-0.7927561,2.4157593,5.843363,10.363243,-2.2472725,67.00313,3.5470915,-3.3846562,1.469965,-0.31465766,0.76135296,13.357152,-26.49796,-20.816505,-1.9286795,0.4665438
488,-0.40110206604003906,0.405078649520874,78.53929138183594,0.16216703010038416,-1.0216009168862616,-88.05416594768204,2.245524,-0.8672867,8.544273,6.454482,-8.187395,1.1027966,2.981125,0.6873034,-8.017373,6.5367618,-9.697592,-1.457693,1.9230196,-0.80851495,2.4232519,5.7832727,10.332641,-2.2695208,66.94314,3.5324678,-3.3928654,1.4992347,-0.30862215,0.7411714,13.354905,-26.511065,-20.77288,-1.938566,0.45014018
489,-0.40960749983787537,0.41666513681411743,78.54000854492188,0.16622725936086372,-1.022381597531457,-87.99811508927087,2.2261739,-0.8751087,8.490789,6.454511,-8.166381,1.0998306,2.9804907,0.68018275,-8.071063,6.5371222,-9.697993,-1.4621745,1.9137548,-0.822228,2.4316952,5.7250023,10.302772,-2.2841907,66.88766,3.5327845,-3.396578,1.5072296,-0.29758778,0.72252816,13.3487015,-26.522062,-20.753876,-1.9518598,0.44970667
490,-0.41943779587745667,0.43081411719322205,78.54053497314453,0.16831803003899565,-1.0244188347105734,-87.9434874423106,2.2065446,-0.87951535,8.438312,6.4535975,-8.142622,1.0963933,2.9795072,0.67665213,-8.124004,6.5362124,-9.695693,-1.4683707,1.9055196,-0.8348543,2.4406724,5.6684546,10.273498,-2.2911382,66.835556,3.5414863,-3.397758,1.5004411,-0.28292593,0.70579165,13.339168,-26.531265,-20.750248,-1.9694963,0.45847952
491,-0.42586666345596313,0.4408823847770691,78.54193115234375,0.1704842601724084,-1.0265866023217527,-87.89019354969992,2.1902149,-0.88635385,8.387554,6.4533925,-8.123032,1.0957267,2.9819155,0.67043257,-8.175235,6.536257,-9.6971655,-1.4712976,1.8978186,-0.8462746,2.4489179,5.615213,10.24478,-2.2932637,66.78677,3.5531235,-3.3996155,1.489742,-0.26726064,0.6911603,13.328574,-26.538015,-20.75264,-1.9852362,0.47065002
492,-0.4309006929397583,0.45287227630615234,78.54277801513672,0.1725995265296501,-1.0276433194144992,-87.83816772171683,2.173184,-0.89435583,8.338376,6.452408,-8.103237,1.0970304,2.9800432,0.6629964,-8.225269,6.536518,-9.695543,-1.4733119,1.8901802,-0.8562306,2.4549487,5.5670037,10.21673,-2.2949665,66.741165,3.5608852,-3.4051905,1.4859178,-0.2527401,0.67868215,13.320124,-26.546541,-20.751856,-1.9925349,0.4801104
493,-0.43818092346191406,0.4655362069606781,78.54305267333984,0.17480559547035612,-1.0267693550921086,-87.78692227984092,2.1515572,-0.90005493,8.289994,6.4515676,-8.080496,1.097687,2.9765618,0.6577061,-8.274877,6.53594,-9.693739,-1.4774929,1.8823855,-0.8644333,2.456922,5.526856,10.191484,-2.2992735,66.69558,3.5499187,-3.4191957,1.490662,-0.23930214,0.669439,13.315698,-26.555843,-20.746542,-1.987062,0.4866487
494,-0.44291961193084717,0.47823581099510193,78.54408264160156,0.17594771541103785,-1.024793689634235,-87.73668479082143,2.1295738,-0.90652966,8.242969,6.450122,-8.058063,1.101185,2.9716823,0.651528,-8.323484,6.5350633,-9.691077,-1.4797419,1.8751467,-0.8696983,2.4562666,5.490466,10.164734,-2.3066206,66.65442,3.5264537,-3.4387074,1.501633,-0.22495013,0.66164076,13.313378,-26.565508,-20.743591,-1.9726638,0.49420118
495,-0.4487341344356537,0.4900788962841034,78.5447006225586,0.17806504814068777,-1.0228674966643134,-87.68832021690878,2.1097977,-0.91304696,8.197653,6.4480762,-8.037148,1.1036304,2.966991,0.6454504,-8.370362,6.5346107,-9.689069,-1.4827683,1.8684857,-0.87431824,2.4552228,5.457985,10.139193,-2.3155773,66.617355,3.5128927,-3.4553194,1.5160812,-0.21087925,0.65614206,13.314226,-26.575203,-20.739952,-1.9550303,0.49522603
496,-0.4542892873287201,0.5064086318016052,78.54615020751953,0.1801224790159558,-1.0222773290301208,-87.64259410719693,2.0870435,-0.91933703,8.15478,6.4471087,-8.013362,1.1055027,2.959319,0.6393266,-8.4149065,6.5336547,-9.682178,-1.4859731,1.8627553,-0.8800982,2.4566646,5.426197,10.115116,-2.324697,66.587875,3.5324173,-3.4609697,1.5328034,-0.19730385,0.6526483,13.318025,-26.582357,-20.735537,-1.9395655,0.48440835
497,-0.4612065255641937,0.5185577273368835,78.54754638671875,0.18334627126480207,-1.0236937460204711,-87.59958613214879,2.0697777,-0.9253127,8.113786,6.447246,-7.9943986,1.1037613,2.9572947,0.63370734,-8.456839,6.5337434,-9.680094,-1.4899056,1.8567026,-0.89256203,2.4616585,5.402744,10.104231,-2.33022,66.55546,3.6050124,-3.4511743,1.5456473,-0.18787397,0.65205497,13.323247,-26.582085,-20.725903,-1.9284488,0.45539904
498,-0.4670499861240387,0.5305815935134888,78.54878997802734,0.18827911712111062,-1.0265089448140554,-87.55869191634623,2.0541236,-0.9338981,8.074922,6.4484873,-7.9772387,1.1020465,2.9565413,0.62546885,-8.496408,6.5327506,-9.676583,-1.4925685,1.8533568,-0.9005798,2.4705684,5.362438,10.082217,-2.3423717,66.55275,3.711917,-3.432811,1.571629,-0.17279345,0.65243506,13.338106,-26.588234,-20.725235,-1.9140291,0.41101548
499,-0.47368788719177246,0.5465101599693298,78.54974365234375,0.1923609395008229,-1.0294647666876466,-87.5205145571766,2.036019,-0.9404532,8.038616,6.4487567,-7.9564834,1.0995153,2.9518921,0.61910474,-8.533889,6.5327435,-9.670124,-1.4965526,1.8491703,-0.91378576,2.478349,5.3426323,10.0739155,-2.3477004,66.53182,3.8260443,-3.4080415,1.5872698,-0.16513869,0.6532523,13.3462,-26.585033,-20.710287,-1.9053928,0.36727574
500,-0.4793280363082886,0.5627346038818359,78.55081176757812,0.19462328713501087,-1.0314523808190488,-87.48556614927799,2.0180237,-0.9452581,8.005689,6.44815,-7.935782,1.0978621,2.94598,0.6145409,-8.568586,6.5305614,-9.661067,-1.5002033,1.8470777,-0.92475986,2.4847915,5.318118,10.064678,-2.3551922,66.5282,3.9094477,-3.3858473,1.601449,-0.15515108,0.65492404,13.357185,-26.58566,-20.693567,-1.8969386,0.32903415
501,-0.4841291010379791,0.580102801322937,78.55155181884766,0.1968594746687581,-1.0314235291346872,-87.45438220347808,1.9968648,-0.9497384,7.977285,6.447973,-7.914195,1.0974451,2.935956,0.6097285,-8.600034,6.5300274,-9.651405,-1.5033469,1.8475082,-0.930624,2.4878614,5.2889485,10.0476055,-2.3686855,66.53998,3.9550917,-3.3625085,1.6176213,-0.14129446,0.65898085,13.37371,-26.589409,-20.669493,-1.8896734,0.2953962
502,-0.48848283290863037,0.5922426581382751,78.55247497558594,0.19844540994005472,-1.0302161862336785,-87.42663053302186,1.9804223,-0.95307004,7.9523787,6.4467087,-7.8972163,1.0964257,2.9287927,0.6060933,-8.628427,6.5287275,-9.644906,-1.5059713,1.847561,-0.94077235,2.4877915,5.2824273,10.043516,-2.371806,66.53088,3.9883573,-3.3344207,1.6195794,-0.13753803,0.66026664,13.3769,-26.582558,-20.619108,-1.8918114,0.26947403
503,-0.49221301078796387,0.605620801448822,78.5537338256836,0.1987835755728664,-1.0297956470593248,-87.40102794463198,1.9649894,-0.95527226,7.929495,6.444554,-7.879609,1.0961568,2.9206123,0.6035838,-8.654766,6.527313,-9.636427,-1.5084995,1.8501121,-0.94796854,2.4888835,5.267193,10.035989,-2.3802512,66.54347,4.0028033,-3.3110285,1.6243222,-0.12811491,0.6632745,13.384654,-26.583939,-20.582098,-1.8918778,0.251898
504,-0.4963735044002533,0.6209006905555725,78.55459594726562,0.20013443041948645,-1.0320742027612457,-87.37658365669482,1.9490435,-0.95790315,7.9076376,6.443831,-7.8603206,1.0965561,2.914383,0.6006127,-8.679441,6.5265775,-9.627952,-1.5115011,1.8528904,-0.95316446,2.493049,5.250896,10.022509,-2.395346,66.56895,3.9995666,-3.2977302,1.6316847,-0.1172693,0.6700776,13.397738,-26.590504,-20.574087,-1.8875351,0.24933116
505,-0.4998220205307007,0.6355306506156921,78.55593872070312,0.20139650996443034,-1.0375881278601846,-87.35296449148578,1.9381723,-0.96097106,7.886284,6.4430485,-7.843045,1.098419,2.9118648,0.5974694,-8.702378,6.526035,-9.620118,-1.5140679,1.8542944,-0.96137536,2.5017934,5.2456956,10.018778,-2.4002535,66.59062,3.9831843,-3.2990487,1.6247952,-0.1140724,0.6726388,13.402761,-26.59537,-20.58853,-1.8837475,0.27377138
506,-0.5021764636039734,0.6504599452018738,78.5571517944336,0.2016172936711869,-1.0453074853586533,-87.33077447354698,1.9304348,-0.9636724,7.8661294,6.442496,-7.8271255,1.1018021,2.9109278,0.59485316,-8.723458,6.5257707,-9.611859,-1.5160877,1.8560406,-0.96946526,2.5137281,5.240589,10.016049,-2.4054704,66.62382,3.9472814,-3.311669,1.6143193,-0.11114265,0.67520654,13.408839,-26.604593,-20.628138,-1.8772281,0.3169014
507,-0.5058342814445496,0.6666864156723022,78.55794525146484,0.2038788058361071,-1.0547251889522165,-87.31029151476872,1.9230386,-0.9672367,7.84755,6.4429536,-7.810771,1.1044524,2.9102275,0.5912572,-8.742705,6.526285,-9.603011,-1.5190526,1.8584728,-0.97765934,2.5274246,5.236327,10.013474,-2.4120445,66.66415,3.9053068,-3.3270335,1.6031636,-0.108752236,0.6785912,13.417636,-26.615595,-20.672081,-1.869672,0.36246747
508,-0.5086458325386047,0.6850523948669434,78.55896759033203,0.20508582138402767,-1.0654934442843684,-87.29165636304523,1.9161576,-0.9702707,7.830332,6.4426746,-7.7928314,1.106715,2.9092994,0.58823955,-8.760749,6.526319,-9.591962,-1.5216316,1.8613242,-0.9863257,2.541743,5.235143,10.0106945,-2.4203482,66.707466,3.8672333,-3.3377256,1.5967369,-0.10773947,0.68385047,13.431508,-26.62402,-20.706345,-1.8595461,0.39189127
509,-0.5132088661193848,0.7029057741165161,78.55961608886719,0.2073391474680901,-1.077922919581255,-87.27509210937843,1.9118512,-0.9728889,7.814179,6.4422674,-7.775326,1.1058737,2.9105058,0.5857101,-8.777658,6.525012,-9.580108,-1.5254214,1.8645263,-0.99783635,2.5569332,5.240569,10.008585,-2.4259892,66.74786,3.841481,-3.3409195,1.5943795,-0.11024151,0.6899255,13.447656,-26.628887,-20.717443,-1.8476102,0.40493247
510,-0.5164688229560852,0.7183452844619751,78.5611572265625,0.20845623138450203,-1.0920416377069642,-87.26040415728465,1.9118228,-0.9751196,7.7990494,6.44118,-7.759665,1.1043804,2.9157867,0.5836634,-8.793242,6.52459,-9.571271,-1.5280607,1.8678887,-1.0109886,2.5736015,5.251643,10.0073395,-2.4272327,66.78793,3.8222637,-3.341096,1.593278,-0.11603953,0.6962822,13.464897,-26.630056,-20.715998,-1.8339835,0.40904507
511,-0.5188241004943848,0.7337501049041748,78.5623779296875,0.20965315020459713,-1.1069403390740307,-87.24755440625076,1.9137032,-0.9778808,7.785928,6.43928,-7.7444525,1.1033272,2.92135,0.581051,-8.806827,6.5238395,-9.561499,-1.5299964,1.8710339,-1.0238277,2.5904038,5.2676234,10.006928,-2.424953,66.82833,3.8083012,-3.3392935,1.589674,-0.12436464,0.7027913,13.482764,-26.628586,-20.71191,-1.8237114,0.40796715
512,-0.521173894405365,0.7521089315414429,78.56295013427734,0.21106479653038135,-1.1214767540506017,-87.23651293040302,1.9117172,-0.9801304,7.7755475,6.4402943,-7.7288375,1.103238,2.923137,0.5784983,-8.818167,6.524986,-9.550363,-1.5323293,1.8733673,-1.0335864,2.605736,5.28972,10.007446,-2.4204154,66.86743,3.798151,-3.3362813,1.5794861,-0.13444495,0.71055037,13.502837,-26.623941,-20.7144,-1.8214116,0.40266168
513,-0.5235939025878906,0.7669288516044617,78.56359100341797,0.21060929918177992,-1.1359224168938384,-87.22726531457668,1.9134853,-0.9794353,7.7678304,6.439566,-7.7153506,1.1028593,2.9283872,0.5791035,-8.8269205,6.5248365,-9.541712,-1.5350465,1.8775036,-1.0388718,2.6198158,5.3128595,10.008804,-2.4166846,66.91005,3.7868488,-3.3314977,1.5574764,-0.14454527,0.71695447,13.517712,-26.615274,-20.722797,-1.8356656,0.3932038
514,-0.5270051956176758,0.7861183881759644,78.56419372558594,0.2092745912843619,-1.1505700747307266,-87.21978175063008,1.9127105,-0.9765003,7.7625155,6.43914,-7.6994133,1.102325,2.929571,0.5818398,-8.833716,6.525325,-9.52972,-1.5393367,1.880358,-1.0417715,2.632032,5.348139,10.012343,-2.4118855,66.94448,3.7755964,-3.3236477,1.526804,-0.15854228,0.72645104,13.536035,-26.600622,-20.73603,-1.8591943,0.3750439
515,-0.5269856452941895,0.8015134334564209,78.56532287597656,0.20790190989834537,-1.1646678345132861,-87.21438399937192,1.9145229,-0.975801,7.7596083,6.438632,-7.686941,1.1043955,2.9324949,0.58207,-8.838065,6.5260916,-9.519792,-1.5403982,1.8883317,-1.0421289,2.6455944,5.3662767,10.014083,-2.4112759,67.00407,3.770662,-3.3183558,1.5004807,-0.16621129,0.7296515,13.541833,-26.59347,-20.745638,-1.886772,0.3658369
516,-0.5303495526313782,0.8176757097244263,78.56637573242188,0.20660525564423654,-1.1772752493313061,-87.21098911526545,1.9137769,-0.9721751,7.7573786,6.43908,-7.674073,1.1041049,2.9319701,0.5851679,-8.841504,6.526774,-9.508123,-1.544468,1.8918364,-1.0445776,2.6559696,5.4037046,10.01807,-2.4127998,67.049675,3.7761967,-3.3147285,1.4880029,-0.17978117,0.73540413,13.552867,-26.580795,-20.758059,-1.9012699,0.36600998
517,-0.5340444445610046,0.8388010859489441,78.56775665283203,0.2055555123970788,-1.1873209127938542,-87.21109056958916,1.9069242,-0.9684624,7.757422,6.43877,-7.6570573,1.1050091,2.9249887,0.5885639,-8.842579,6.526338,-9.491262,-1.5491862,1.8954532,-1.0493225,2.6644478,5.4409986,10.022699,-2.4181855,67.10358,3.805225,-3.3152792,1.4994881,-0.19024311,0.7408955,13.564327,-26.574318,-20.769276,-1.8987777,0.3861636
518,-0.5353944897651672,0.8513047099113464,78.5686264038086,0.20445188516779303,-1.19561239213638,-87.2140581645132,1.9058479,-0.9659914,7.759454,6.4378915,-7.647257,1.1071253,2.923038,0.59083784,-8.840941,6.525673,-9.480476,-1.5512371,1.8980108,-1.0552037,2.66975,5.487988,10.029714,-2.4310157,67.15548,3.8469203,-3.318918,1.5275282,-0.19941908,0.74794674,13.579936,-26.568163,-20.78117,-1.8846266,0.41697118
519,-0.5383026599884033,0.8629171848297119,78.5700912475586,0.20345002635154774,-1.2037754920467627,-87.21737951461776,1.9041309,-0.962116,7.761498,6.439991,-7.6397567,1.107681,2.920671,0.5942191,-8.839309,6.5263376,-9.470923,-1.5545989,1.9006362,-1.0613399,2.6754131,5.530874,10.037413,-2.4479182,67.218254,3.8812811,-3.323407,1.5564657,-0.20493844,0.75440484,13.593594,-26.566504,-20.801483,-1.8684754,0.45039445
520,-0.5379856824874878,0.8802580833435059,78.57119750976562,0.20335261860176404,-1.213393806880103,-87.21835444309042,1.9001194,-0.9624985,7.762613,6.4385858,-7.6252203,1.1109873,2.9170504,0.59342897,-8.839216,6.524989,-9.45628,-1.5556341,1.9013954,-1.0679907,2.6813998,5.578243,10.049659,-2.4736023,67.279594,3.8794503,-3.3242154,1.5701891,-0.20674871,0.7631636,13.607176,-26.566261,-20.838575,-1.8576239,0.4724984
521,-0.5404034852981567,0.8998646140098572,78.57173919677734,0.20211162356200832,-1.2246990678736662,-87.21659024718275,1.8955065,-0.9598429,7.761413,6.4388866,-7.6095414,1.110862,2.9126797,0.59555334,-8.8421,6.525262,-9.441314,-1.5596986,1.901319,-1.0717463,2.6932542,5.608906,10.057594,-2.4895353,67.36205,3.8495092,-3.321477,1.5602539,-0.20817366,0.76805985,13.611247,-26.571676,-20.906212,-1.8566619,0.48600572
522,-0.5426868200302124,0.9176522493362427,78.57245635986328,0.19985017920042636,-1.2368778872361643,-87.21323115103034,1.8939036,-0.95645213,7.7588615,6.437863,-7.594442,1.1095203,2.9118848,0.5986589,-8.8464775,6.524949,-9.428516,-1.5638946,1.8991086,-1.0747622,2.7062976,5.6424203,10.066479,-2.5071201,67.44528,3.794252,-3.3152187,1.5369277,-0.20879978,0.7729232,13.61229,-26.577246,-20.996786,-1.8595699,0.49311945
523,-0.5426009893417358,0.9338963031768799,78.57273864746094,0.19839053911002522,-1.250021296709626,-87.2087268980646,1.8941481,-0.9560002,7.755712,6.436519,-7.580137,1.10994,2.9126422,0.5985236,-8.851442,6.524647,-9.415994,-1.5656748,1.8954666,-1.0785038,2.7190378,5.6766276,10.076939,-2.5269492,67.53367,3.7247913,-3.310433,1.5091658,-0.20716941,0.7781805,13.610197,-26.583485,-21.076767,-1.8663583,0.49661583
524,-0.5409049391746521,0.9456069469451904,78.57379913330078,0.19715757241015652,-1.2641383962854205,-87.20337617932775,1.8996437,-0.9572722,7.7515798,6.4358687,-7.5710588,1.1116781,2.9195232,0.5969555,-8.856809,6.523946,-9.408003,-1.5652755,1.8914353,-1.0865928,2.7286384,5.7177043,10.094681,-2.5576992,67.61771,3.6444473,-3.3070822,1.4851894,-0.20097172,0.78673184,13.6027975,-26.587427,-21.111794,-1.8781724,0.50012606
525,-0.5434635877609253,0.9588332772254944,78.57479095458984,0.1975572699919213,-1.2800733282558814,-87.19715662197545,1.9043221,-0.95699215,7.746114,6.435832,-7.559726,1.111393,2.9276316,0.5970053,-8.863313,6.523768,-9.400484,-1.5678375,1.8858002,-1.0946882,2.7381191,5.7502136,10.109767,-2.5821445,67.71914,3.5622609,-3.311808,1.4681426,-0.19259065,0.7942288,13.59279,-26.58735,-21.08007,-1.895921,0.5001454
526,-0.5428048968315125,0.9741354584693909,78.57554626464844,0.19777642297728296,-1.297601485950869,-87.1899229238839,1.9114254,-0.959896,7.739993,6.4349723,-7.548915,1.114596,2.9350576,0.593997,-8.870495,6.5241904,-9.390867,-1.5674593,1.8768753,-1.1010425,2.749017,5.7732143,10.117296,-2.5946782,67.838486,3.4800048,-3.3218887,1.4543604,-0.18519412,0.79796684,13.584492,-26.58469,-21.00663,-1.9166142,0.49432445
527,-0.5428339838981628,0.9879987835884094,78.57623291015625,0.19807855584717937,-1.31490577473769,-87.18201807307578,1.9170079,-0.962144,7.733045,6.434913,-7.5375,1.1172451,2.9443913,0.5915911,-8.878236,6.5237036,-9.38258,-1.5673889,1.8667809,-1.108351,2.7576158,5.8026686,10.125749,-2.6099992,67.95171,3.402692,-3.3291652,1.4395001,-0.17429326,0.80212384,13.572656,-26.583939,-20.91934,-1.9389534,0.48711663
528,-0.5443421602249146,1.0029866695404053,78.57674407958984,0.19841344848549022,-1.3305900132423394,-87.17348809944063,1.920533,-0.96343464,7.7254004,6.4349174,-7.525524,1.1187541,2.9504628,0.5902428,-8.8866,6.5236316,-9.373264,-1.568709,1.8563195,-1.1165001,2.7649395,5.835771,10.13591,-2.6298416,68.05544,3.3451667,-3.3269281,1.4200313,-0.16173533,0.806993,13.557731,-26.586967,-20.850431,-1.957772,0.4789193
529,-0.5453690886497498,1.018239140510559,78.57777404785156,0.19694738939274187,-1.344099920876396,-87.16426719553148,1.9211502,-0.9631908,7.7168865,6.434133,-7.511937,1.1200917,2.9542482,0.5905549,-8.895588,6.52307,-9.363382,-1.5699471,1.8468118,-1.1268853,2.770545,5.873386,10.153018,-2.6637993,68.14727,3.3088045,-3.311963,1.3926661,-0.14682004,0.81503445,13.536517,-26.594395,-20.801441,-1.9735796,0.46674618
530,-0.545351505279541,1.029659390449524,78.57908630371094,0.19557937552978963,-1.356334318357226,-87.15435430626246,1.9238819,-0.9639698,7.70778,6.433798,-7.502209,1.1217086,2.95898,0.5898323,-8.904831,6.523591,-9.356653,-1.5698326,1.8337785,-1.1345267,2.7795272,5.896709,10.163089,-2.6844625,68.25223,3.3048403,-3.290465,1.3598506,-0.13811503,0.81944805,13.524237,-26.604315,-20.763927,-1.9815361,0.44155756
531,-0.5451837778091431,1.0435541868209839,78.57955932617188,0.19309339501933642,-1.3677864259649992,-87.14402554195689,1.9220096,-0.96361464,7.698219,6.4341326,-7.4893413,1.1237435,2.9620335,0.59028697,-8.91463,6.523394,-9.34835,-1.570155,1.8196172,-1.142551,2.7872005,5.922951,10.173339,-2.7075942,68.35152,3.3066876,-3.265723,1.3268344,-0.12828837,0.8235784,13.511493,-26.616903,-20.73728,-1.9862322,0.41794297
532,-0.5451069474220276,1.0585243701934814,78.5801773071289,0.19263106196134339,-1.3790088512594552,-87.13374919967919,1.9206369,-0.96562904,7.6890125,6.4335103,-7.4763775,1.1264887,2.9630406,0.5883006,-8.924142,6.5238485,-9.33881,-1.5706022,1.8074161,-1.1549942,2.7909956,5.9585543,10.191963,-2.7501366,68.43882,3.2853942,-3.2428918,1.2994117,-0.11367045,0.8308187,13.491738,-26.633074,-20.724669,-1.9898673,0.40873703
533,-0.5455747842788696,1.072605848312378,78.58043670654297,0.19224229941340223,-1.3901697430269577,-87.12368598670973,1.9190913,-0.9671157,7.679965,6.4333167,-7.463729,1.1292009,2.9648032,0.5866758,-8.933756,6.5250516,-9.330868,-1.572046,1.7934154,-1.1690468,2.7947922,5.989163,10.209612,-2.7908971,68.5325,3.2633026,-3.2240167,1.2813685,-0.10193431,0.8377384,13.476353,-26.651375,-20.742926,-1.9856038,0.41140088
534,-0.5449779033660889,1.0829190015792847,78.58091735839844,0.1917134763790842,-1.4009199994955142,-87.11346105481374,1.9207155,-0.96932876,7.6707315,6.433215,-7.4548564,1.1326103,2.9693701,0.5843977,-8.943346,6.525038,-9.324742,-1.5726932,1.7773618,-1.1835449,2.7977166,6.0192056,10.225006,-2.8290918,68.62696,3.246487,-3.2058613,1.2693237,-0.09108756,0.84381527,13.464628,-26.673758,-20.785181,-1.9748842,0.42166567
535,-0.5441633462905884,1.098526120185852,78.58171844482422,0.19224953591859184,-1.4111386539314417,-87.10330146361218,1.9166174,-0.9729638,7.661935,6.4334507,-7.4412866,1.1371012,2.9689245,0.58046544,-8.952787,6.5257525,-9.314827,-1.5733243,1.7599673,-1.1974187,2.8004572,6.0488596,10.237811,-2.8638127,68.71763,3.2197216,-3.1890466,1.2545879,-0.08061839,0.8488616,13.454394,-26.695782,-20.82649,-1.9619207,0.4318841
536,-0.5438868403434753,1.111506700515747,78.58258819580078,0.19087667762115473,-1.4206076336196423,-87.0933153542979,1.9158444,-0.9743124,7.6525373,6.431358,-7.4293466,1.1399738,2.9708505,0.57954985,-8.962224,6.5243783,-9.306095,-1.5740751,1.743377,-1.2109534,2.8024826,6.0808587,10.251482,-2.9019196,68.79775,3.1612108,-3.1743927,1.2292008,-0.06766078,0.8542204,13.441601,-26.71774,-20.842003,-1.95185,0.436951
537,-0.5421245098114014,1.1241660118103027,78.58343505859375,0.18952678350887364,-1.4284219674834158,-87.08405155913879,1.910572,-0.9764516,7.6437054,6.4334583,-7.4190226,1.1433008,2.968871,0.57721776,-8.970611,6.526039,-9.2980385,-1.5727472,1.7229195,-1.2197864,2.8087745,6.095149,10.255812,-2.9134688,68.89006,3.0709267,-3.1630745,1.1788323,-0.061935592,0.8559015,13.436005,-26.737377,-20.822824,-1.9389116,0.42548645
538,-0.5429507493972778,1.135575771331787,78.58361053466797,0.18828266088819037,-1.4349973817874617,-87.07514514786395,1.9068344,-0.9768755,7.634493,6.4338365,-7.4095316,1.1439438,2.9667675,0.5772598,-8.978775,6.5278635,-9.291639,-1.5730778,1.7041379,-1.2298678,2.8091135,6.1290565,10.262922,-2.9380507,68.951744,2.9311824,-3.14997,1.1156702,-0.047113005,0.85867083,13.421839,-26.756922,-20.776407,-1.9307615,0.41599715
539,-0.5431936383247375,1.1477034091949463,78.58428955078125,0.18787081291795293,-1.4419737609205732,-87.06584832849937,1.9012443,-0.9785079,7.6252313,6.434493,-7.398124,1.1452004,2.9652414,0.5758483,-8.98705,6.527627,-9.283247,-1.5726826,1.686114,-1.2393299,2.8108735,6.161076,10.269975,-2.9633107,69.00976,2.7976863,-3.1409912,1.0570253,-0.03222448,0.8614754,13.40581,-26.777205,-20.723085,-1.925449,0.40523636
540,-0.5410868525505066,1.159612774848938,78.58516693115234,0.18545762488561546,-1.450908631073677,-87.0553449671016,1.8997455,-0.98033625,7.61511,6.4338207,-7.387645,1.148313,2.9663792,0.57435286,-8.996603,6.527948,-9.275763,-1.5708405,1.672562,-1.2505255,2.8125615,6.2015257,10.282185,-3.0063004,69.0506,2.7005072,-3.137326,1.0237155,-0.012974946,0.8667325,13.379725,-26.797638,-20.674627,-1.9298767,0.40226692
541,-0.5401980876922607,1.1711169481277466,78.58575439453125,0.1858387822687981,-1.4632293372917862,-87.04324778842366,1.9017937,-0.9842983,7.604487,6.433799,-7.377829,1.1509963,2.9720664,0.5704365,-9.0075,6.528766,-9.269932,-1.5699027,1.6568534,-1.2593163,2.8235605,6.223393,10.287803,-3.0271113,69.10759,2.691839,-3.149556,1.020384,-0.005055495,0.8692815,13.367055,-26.815968,-20.643314,-1.9355605,0.39125898
542,-0.5378183126449585,1.184040904045105,78.58633422851562,0.18602183772017075,-1.4775496272271127,-87.03003955601068,1.9055431,-0.98961216,7.5933633,6.433605,-7.3676434,1.1551445,2.979581,0.5651902,-9.019332,6.529077,-9.263148,-1.5679845,1.6432812,-1.26847,2.8352435,6.255177,10.295021,-3.0570862,69.145584,2.7186983,-3.1686347,1.0406672,0.005049392,0.8726877,13.349122,-26.83397,-20.61235,-1.9504554,0.38634127
543,-0.5368304252624512,1.1971017122268677,78.58674621582031,0.18524521137835043,-1.4923726277450204,-87.01608966948986,1.9080678,-0.9926437,7.581273,6.43417,-7.3562527,1.1584026,2.9873204,0.5620376,-9.032276,6.5294166,-9.256329,-1.5675138,1.6306256,-1.2773184,2.8480196,6.28498,10.301859,-3.0871367,69.1779,2.7621343,-3.186647,1.0684907,0.014469977,0.87622005,13.331208,-26.851635,-20.585924,-1.9664361,0.37986156
544,-0.5354179739952087,1.2075464725494385,78.58736419677734,0.18463769083867423,-1.506003335457089,-87.00199993995271,1.9126768,-0.9963031,7.5686364,6.433758,-7.3471017,1.1624472,2.995903,0.5584232,-9.045453,6.530286,-9.252013,-1.5663229,1.6168929,-1.2854154,2.8616748,6.3081446,10.306165,-3.1072218,69.20642,2.799125,-3.192115,1.0886911,0.022216007,0.8787572,13.317589,-26.868492,-20.566292,-1.9782541,0.36926395
545,-0.5342482328414917,1.2173078060150146,78.58787536621094,0.18217816983202148,-1.5173019558261416,-86.98739967079337,1.9138528,-0.997653,7.554574,6.433903,-7.3371844,1.1673301,3.0023057,0.5570728,-9.059658,6.5297165,-9.246532,-1.5654905,1.6038686,-1.2932141,2.8714375,6.3373256,10.311209,-3.1317585,69.213455,2.81559,-3.1733174,1.1016273,0.033712383,0.8827077,13.299125,-26.885624,-20.549095,-1.9906132,0.35943323
546,-0.5335295796394348,1.2303504943847656,78.58834838867188,0.17792970205030362,-1.52721017676998,-86.97223181853947,1.911391,-0.99695325,7.5393996,6.434079,-7.32485,1.1730398,3.0051038,0.557983,-9.075077,6.5294523,-9.239277,-1.5656089,1.5889744,-1.3001113,2.8828018,6.3567233,10.31352,-3.1439002,69.21978,2.8369458,-3.1411386,1.1113149,0.041661855,0.8853107,13.287738,-26.903706,-20.540049,-1.9995916,0.3436713
547,-0.5313693284988403,1.2428693771362305,78.588623046875,0.1746576719058661,-1.5378994961420336,-86.95707722950901,1.9106668,-0.99856657,7.5244937,6.433433,-7.312873,1.1799194,3.009219,0.55657333,-9.090139,6.5289707,-9.232122,-1.5642333,1.5747912,-1.3067393,2.895104,6.37509,10.314811,-3.152142,69.22164,2.8576183,-3.1107318,1.1175644,0.050162394,0.8878296,13.276701,-26.919971,-20.535643,-2.0050693,0.32545003
548,-0.5328173637390137,1.254822850227356,78.58871459960938,0.17224615692614714,-1.551102392037548,-86.94255987835031,1.9129288,-0.99805784,7.509979,6.433875,-7.3022814,1.1826144,3.015995,0.55732536,-9.104723,6.5286,-9.225691,-1.5657746,1.5628729,-1.313912,2.9099085,6.3933663,10.315282,-3.1574032,69.21972,2.8735948,-3.0956864,1.1208562,0.060019918,0.8902569,13.264831,-26.93595,-20.533365,-2.007922,0.31178784
549,-0.5308647155761719,1.262733817100525,78.58950805664062,0.17052494424917447,-1.5692487744749068,-86.92937569591572,1.9241921,-1.0007912,7.497354,6.43333,-7.2954307,1.1857129,3.0326269,0.5548871,-9.117122,6.5282793,-9.2237425,-1.5638965,1.5554991,-1.3227302,2.927195,6.41924,10.315033,-3.1616426,69.20781,2.8846326,-3.104986,1.1226561,0.076532416,0.89390284,13.244262,-26.952719,-20.533194,-2.0091567,0.31034392
550,-0.5302072167396545,1.2759530544281006,78.58968353271484,0.17072651057892513,-1.5909775385084135,-86.91689312353691,1.935298,-1.00463,7.4859285,6.4343805,-7.2866135,1.18761,3.0482557,0.55118597,-9.128739,6.52877,-9.218172,-1.5632625,1.5486034,-1.3313849,2.951627,6.42986,10.314575,-3.1616743,69.211754,2.8882637,-3.1329303,1.1203629,0.08480808,0.8953507,13.234462,-26.966309,-20.542313,-1.9984283,0.29844728
551,-0.5277196168899536,1.283850908279419,78.59027862548828,0.17156148754134082,-1.6114926140161805,-86.90424383855941,1.9497807,-1.0107471,7.474389,6.433647,-7.28079,1.1902099,3.066759,0.54526496,-9.139959,6.5279913,-9.215096,-1.560364,1.547623,-1.3416005,2.9678295,6.4630475,10.311198,-3.157795,69.184395,2.9032147,-3.1593099,1.1155037,0.1130481,0.9025038,13.190834,-26.984568,-20.540922,-2.004068,0.31674924
552,-0.5276051163673401,1.2952589988708496,78.59081268310547,0.17172028811538964,-1.6266521171188435,-86.89053055102474,1.9548002,-1.0144621,7.4614024,6.434238,-7.2717843,1.1917613,3.076499,0.5418309,-9.152913,6.52817,-9.209904,-1.5600154,1.542976,-1.3496858,2.984542,6.474419,10.308985,-3.1544647,69.17232,2.912864,-3.1789067,1.1028345,0.12635422,0.9063271,13.170011,-26.995691,-20.546078,-2.0009453,0.313119
553,-0.5245700478553772,1.304753065109253,78.59162902832031,0.17084085748208697,-1.6332214268643443,-86.87514533251651,1.951458,-1.0198898,7.446715,6.433835,-7.262041,1.1963611,3.0786273,0.5368009,-9.167368,6.5278497,-9.204764,-1.5571221,1.5400844,-1.3564355,2.9912205,6.4874973,10.304064,-3.1479814,69.145546,2.935789,-3.181728,1.0783461,0.1477017,0.9140398,13.13416,-27.005928,-20.542255,-2.0127833,0.32365647
554,-0.5214796662330627,1.3167403936386108,78.59192657470703,0.17015894749752902,-1.634292988473915,-86.85864049352561,1.9399652,-1.025972,7.430958,6.433986,-7.250101,1.2018569,3.0726914,0.53119427,-9.183034,6.527193,-9.196689,-1.5544075,1.535654,-1.3617525,2.9945402,6.4923687,10.299967,-3.143165,69.11884,2.9554214,-3.1782043,1.0435654,0.16423142,0.9201564,13.109364,-27.011688,-20.541716,-2.0216784,0.32346988
555,-0.5192068815231323,1.3249859809875488,78.59236907958984,0.17061890943358524,-1.6345826993711523,-86.84198660796564,1.9301178,-1.0325146,7.414907,6.433027,-7.239341,1.2062999,3.0683258,0.52503574,-9.198703,6.527141,-9.191618,-1.5518736,1.5319569,-1.3671806,2.996901,6.4948063,10.295535,-3.1380606,69.089874,2.9753692,-3.1723747,1.0113126,0.18210357,0.9265282,13.085425,-27.018845,-20.540709,-2.0304117,0.3224107
556,-0.5195102691650391,1.3351666927337646,78.59288024902344,0.1708331155536998,-1.6388967759729514,-86.82595686545525,1.9232234,-1.0365313,7.399144,6.433175,-7.2284136,1.208234,3.0673447,0.5215117,-9.21412,6.5263934,-9.185609,-1.5517987,1.5270219,-1.3736789,3.0042434,6.4955797,10.293639,-3.1352835,69.061775,2.9870772,-3.169867,0.9926567,0.19236884,0.9290822,13.075128,-27.026812,-20.543364,-2.0291078,0.30941877
557,-0.5167809128761292,1.3433135747909546,78.59315490722656,0.17184434105436153,-1.6499747724781832,-86.81087357853042,1.9264878,-1.043867,7.3845663,6.4333453,-7.2213545,1.2114815,3.0754173,0.5146639,-9.227916,6.5262685,-9.182075,-1.5487193,1.5271388,-1.3835894,3.0153682,6.497936,10.288207,-3.1255739,69.03343,3.0070593,-3.1722598,0.9941898,0.21750274,0.93604153,13.047997,-27.049746,-20.545807,-2.029781,0.31106308
558,-0.5152959823608398,1.3528528213500977,78.59349060058594,0.17292510875774098,-1.6649644803244503,-86.79602776318059,1.9327418,-1.0502406,7.3700104,6.4337025,-7.2134905,1.2131771,3.0868573,0.5088077,-9.241601,6.5260186,-9.1780615,-1.5468035,1.5258594,-1.3949677,3.031492,6.4990277,10.284594,-3.117712,69.00396,3.0193777,-3.177575,1.0076275,0.23343046,0.940508,13.031509,-27.070305,-20.55276,-2.0207477,0.30145466
559,-0.5111043453216553,1.359984278678894,78.59379577636719,0.17391595845132318,-1.679401125530929,-86.78176988241468,1.9400761,-1.0584458,7.3564234,6.4345117,-7.2079425,1.2170162,3.100187,0.501021,-9.254345,6.5253754,-9.175735,-1.542411,1.5266821,-1.4062318,3.0458636,6.49915,10.278799,-3.104301,68.97314,3.0389578,-3.1805544,1.0278221,0.25475618,0.94748175,13.008197,-27.094912,-20.554737,-2.017052,0.30108714
560,-0.50896817445755,1.3636741638183594,78.59403228759766,0.17397917506100338,-1.6888877012186314,-86.76822208627401,1.946175,-1.0637443,7.3433957,6.434425,-7.204845,1.219764,3.1106877,0.4963811,-9.266816,6.5251293,-9.176252,-1.5398287,1.5281875,-1.4150586,3.0553775,6.494828,10.268809,-3.0848925,68.94295,3.0678983,-3.1768377,1.0510972,0.27370402,0.95962167,12.978301,-27.116903,-20.549026,-2.0238194,0.3146742
561,-0.5071007013320923,1.3729652166366577,78.59428405761719,0.17347264297016823,-1.691321115000935,-86.75501599145485,1.9389343,-1.0678926,7.331569,6.433857,-7.1947765,1.2249801,3.107513,0.49225911,-9.27941,6.5247602,-9.170132,-1.5382686,1.5266453,-1.4206729,3.0591908,6.48935,10.26506,-3.0794086,68.90806,3.084523,-3.1630187,1.0769694,0.28141472,0.9642205,12.969538,-27.130445,-20.532196,-2.0296078,0.31436956
562,-0.5043997168540955,1.3792760372161865,78.59437561035156,0.17309919190470574,-1.6892249768447334,-86.7424058928703,1.928818,-1.0724158,7.3208466,6.432602,-7.185606,1.2318355,3.1020057,0.48761258,-9.291325,6.524925,-9.166668,-1.5358686,1.5266924,-1.4247541,3.058305,6.477888,10.260288,-3.0741775,68.87647,3.107582,-3.1420689,1.1096358,0.29220143,0.9699995,12.959577,-27.147264,-20.507875,-2.0433295,0.3239183
563,-0.5020017027854919,1.3857955932617188,78.59481811523438,0.17267963144650386,-1.685853833126425,-86.73066836518474,1.9178438,-1.0765272,7.3109803,6.4314914,-7.17699,1.2384169,3.0940092,0.4833006,-9.302479,6.5249004,-9.16181,-1.5338298,1.5284252,-1.4266504,3.0555942,6.4624953,10.254657,-3.0707536,68.847336,3.1245093,-3.1215744,1.141449,0.30185953,0.97680897,12.950131,-27.1639,-20.480572,-2.059447,0.33476236
564,-0.5001906752586365,1.3917139768600464,78.59573364257812,0.17138913507132375,-1.6842816992663365,-86.72072266893555,1.9095637,-1.0789622,7.302042,6.4310174,-7.1700163,1.2427474,3.0889316,0.48093185,-9.312109,6.524864,-9.158109,-1.5324944,1.5316807,-1.4269209,3.0527842,6.451707,10.251419,-3.0698931,68.813835,3.1255803,-3.108914,1.1630343,0.30713594,0.9807041,12.945499,-27.181173,-20.452908,-2.0728922,0.33922493
565,-0.49783000349998474,1.3933672904968262,78.59645080566406,0.1701576387391363,-1.6850773723341999,-86.71354893114567,1.907717,-1.0814103,7.294938,6.431364,-7.1682677,1.2445132,3.0890386,0.47864902,-9.318939,6.5247645,-9.1569605,-1.5304898,1.5406677,-1.4239303,3.0503356,6.436659,10.246833,-3.0696206,68.786316,3.1081712,-3.1091893,1.1707475,0.31325608,0.9861134,12.939406,-27.203129,-20.42117,-2.0869539,0.33938596
566,-0.4968163073062897,1.3999472856521606,78.59654998779297,0.16989250589299862,-1.686619353454672,-86.70850664194401,1.9021367,-1.0836009,7.289601,6.4321227,-7.162591,1.2445878,3.0868263,0.47678676,-9.32384,6.5236306,-9.151829,-1.5300454,1.5523394,-1.4181478,3.046669,6.423231,10.242828,-3.0703113,68.75803,3.0771108,-3.1179748,1.1693777,0.31689355,0.99076116,12.934441,-27.225513,-20.384338,-2.1022992,0.3372537
567,-0.49482402205467224,1.4067680835723877,78.59620666503906,0.16954600311394838,-1.689000533814221,-86.70364289097937,1.8982738,-1.0866454,7.284451,6.4327836,-7.157808,1.2454208,3.0847852,0.4741207,-9.328426,6.5230346,-9.14642,-1.5287504,1.5638278,-1.4125086,3.0425458,6.412114,10.239816,-3.0713453,68.72608,3.042608,-3.1266325,1.1659296,0.31831333,0.99420226,12.931348,-27.248203,-20.35428,-2.115618,0.33636287
568,-0.4887638986110687,1.4104810953140259,78.59635925292969,0.16912588409214666,-1.6922675434404035,-86.69714077464464,1.8972973,-1.0930375,7.2783723,6.4339433,-7.1556625,1.2504386,3.0866728,0.46785074,-9.333961,6.5231957,-9.144275,-1.5233992,1.5718807,-1.4095887,3.0383933,6.4051785,10.237053,-3.0722914,68.686554,3.0176022,-3.12692,1.16931,0.31781596,0.99736905,12.929989,-27.269876,-20.344162,-2.1248114,0.3438199
569,-0.48372653126716614,1.4129314422607422,78.59623718261719,0.16953259125857245,-1.6966743485001445,-86.68827484744688,1.898842,-1.0999908,7.2701945,6.433838,-7.153192,1.2566197,3.090764,0.46102968,-9.341695,6.52367,-9.143665,-1.5183312,1.5762728,-1.4096199,3.0368803,6.3808837,10.2331915,-3.0745728,68.67436,2.998939,-3.1187682,1.1871738,0.31265652,1.0018128,12.929552,-27.291136,-20.369118,-2.1301682,0.36839208
570,-0.48189276456832886,1.4171806573867798,78.59618377685547,0.17077380047658147,-1.7021415824429194,-86.67782240361986,1.8998371,-1.1056222,7.2603564,6.4336967,-7.1485853,1.2617439,3.0956707,0.45577446,-9.35112,6.5232263,-9.142351,-1.515772,1.5774763,-1.4117963,3.0354147,6.3610544,10.23007,-3.0763628,68.65259,2.9861794,-3.102004,1.2091268,0.30435467,1.005535,12.9315,-27.308895,-20.411987,-2.1320672,0.39834982
571,-0.4768691062927246,1.4210760593414307,78.59711456298828,0.1700073495079269,-1.7080679420830684,-86.66716232120984,1.9014829,-1.1116093,7.2505836,6.433813,-7.144633,1.2692692,3.1009827,0.4499064,-9.360686,6.5230584,-9.140894,-1.5106406,1.5769899,-1.4145776,3.0355496,6.334032,10.225891,-3.0783477,68.6408,2.9760575,-3.0880888,1.2349023,0.2891547,1.010732,12.93715,-27.326618,-20.468214,-2.1281848,0.43142667
572,-0.4739493727684021,1.4252997636795044,78.59705352783203,0.17026284484042356,-1.714007331565294,-86.65731452002737,1.9034767,-1.1168113,7.241684,6.4335628,-7.140551,1.2746212,3.1054535,0.44483215,-9.369629,6.523556,-9.139573,-1.5071102,1.5771427,-1.4172231,3.0329273,6.319776,10.224169,-3.0791762,68.61562,2.9727824,-3.0820422,1.2570674,0.2794152,1.013074,12.941894,-27.352795,-20.517088,-2.121319,0.4663989
573,-0.47131824493408203,1.4292353391647339,78.59708404541016,0.16870657218683155,-1.719961516698518,-86.64881188265467,1.9063407,-1.1193898,7.2341638,6.432094,-7.136135,1.2783898,3.1115975,0.44266784,-9.377636,6.521347,-9.137391,-1.5039817,1.5775964,-1.4185412,3.0316887,6.299353,10.22225,-3.0803788,68.59993,2.9741514,-3.091274,1.2803732,0.2630378,1.0160768,12.951557,-27.383495,-20.566326,-2.1026087,0.4999544
574,-0.4681011736392975,1.4311906099319458,78.5971908569336,0.16725925759334348,-1.72600547631011,-86.64100666249202,1.9103107,-1.1221011,7.2276845,6.4332705,-7.135544,1.2818972,3.1174128,0.43981284,-9.384896,6.523408,-9.1391115,-1.4999747,1.5782347,-1.4200548,3.0290458,6.2839036,10.221235,-3.0814838,68.579994,2.9821205,-3.1088424,1.3045386,0.24818766,1.0181596,12.961464,-27.422726,-20.616245,-2.0775936,0.53875905
575,-0.46551865339279175,1.431986689567566,78.59690856933594,0.16573417712698985,-1.7322934509068835,-86.63314748727758,1.9148353,-1.124106,7.2209773,6.4333987,-7.134085,1.284455,3.1262023,0.43794215,-9.392274,6.5227566,-9.140909,-1.4964902,1.5792192,-1.421286,3.0258467,6.2708154,10.22082,-3.0823267,68.55819,2.9923198,-3.129225,1.3249024,0.23501503,1.0195494,12.9709215,-27.463972,-20.663954,-2.0545704,0.5762266
576,-0.46246564388275146,1.4359774589538574,78.59691619873047,0.16510483789854388,-1.7391480616262456,-86.62457221148024,1.9179019,-1.1279199,7.2135987,6.4335694,-7.1306615,1.2878982,3.1318927,0.43411827,-9.400214,6.5225806,-9.139302,-1.4929833,1.5786932,-1.4226725,3.0255308,6.2483015,10.220677,-3.0825028,68.54499,2.997619,-3.1469345,1.3375496,0.21450324,1.0214347,12.987731,-27.498192,-20.712881,-2.038125,0.60337293
577,-0.4593906104564667,1.4334712028503418,78.5968017578125,0.1653807658206773,-1.7461895647232593,-86.61454173028253,1.9268703,-1.13313,7.2041154,6.433108,-7.132111,1.290645,3.1437087,0.4293024,-9.409127,6.5226426,-9.143663,-1.4891019,1.580448,-1.4242555,3.0207117,6.237202,10.220826,-3.0816827,68.5192,2.9997413,-3.1635678,1.3367628,0.20697115,1.0220405,12.994661,-27.531939,-20.738523,-2.0438972,0.6248944
578,-0.4572318494319916,1.4353487491607666,78.59727478027344,0.16567496802228315,-1.753616900024589,-86.60356961563573,1.932209,-1.1379937,7.1934934,6.4322643,-7.1289735,1.2930896,3.1528308,0.42491797,-9.419028,6.522923,-9.145211,-1.4866514,1.5814523,-1.4259175,3.0191789,6.2120085,10.221565,-3.0773344,68.506996,2.9987082,-3.181807,1.3257926,0.19324766,1.0230258,13.009375,-27.561884,-20.756351,-2.0572646,0.6344751
579,-0.45386675000190735,1.4381060600280762,78.59727478027344,0.16684535066444356,-1.7614567597824276,-86.59299314877356,1.9379052,-1.1449053,7.183488,6.4310966,-7.1256843,1.2966781,3.161677,0.4184467,-9.428447,6.5223856,-9.145015,-1.4831281,1.5832736,-1.4282482,3.016193,6.1940217,10.222391,-3.0727117,68.48528,3.0037067,-3.1943464,1.3135226,0.18528575,1.0234452,13.0192,-27.594006,-20.786415,-2.0742204,0.6518446
580,-0.4520275592803955,1.4428917169570923,78.597412109375,0.1680202314556153,-1.7699333847623804,-86.58385746290816,1.942732,-1.1503397,7.1748605,6.4308934,-7.121972,1.2990707,3.1691558,0.41327536,-9.437201,6.522349,-9.143551,-1.4809672,1.5846468,-1.4314325,3.0156732,6.1733537,10.223414,-3.0668151,68.464676,3.0213954,-3.1969364,1.3065923,0.1759638,1.0235608,13.030396,-27.631264,-20.858318,-2.0801077,0.6804259
581,-0.449371337890625,1.4452146291732788,78.59742736816406,0.1693283477380178,-1.7801308149557613,-86.57620920117154,1.9505329,-1.1559792,7.167988,6.4315686,-7.120839,1.3012714,3.1809614,0.40754423,-9.445054,6.521468,-9.143758,-1.4775918,1.5839454,-1.4358,3.0197623,6.145919,10.225095,-3.0578878,68.44881,3.0621912,-3.1836658,1.307282,0.1616173,1.0231935,13.048667,-27.67356,-20.998718,-2.0647082,0.7215453
582,-0.4476574659347534,1.4463554620742798,78.5970687866211,0.17047269395470294,-1.7915226761443017,-86.56948268093895,1.9606533,-1.1604575,7.161891,6.4330945,-7.121833,1.3021401,3.1948204,0.4028634,-9.452651,6.5203323,-9.144707,-1.4747969,1.5825195,-1.4408243,3.0250075,6.1232705,10.226711,-3.0501244,68.42423,3.11826,-3.1563652,1.3131496,0.14826082,1.0222672,13.067648,-27.721283,-21.183994,-2.03947,0.7755664
583,-0.44309449195861816,1.4470206499099731,78.59656524658203,0.17262010927539162,-1.8020150893326394,-86.56410040642349,1.9720379,-1.1683233,7.157588,6.433122,-7.1238413,1.305671,3.2085729,0.39496115,-9.458407,6.518903,-9.145718,-1.4694427,1.5840228,-1.4463015,3.0260384,6.114375,10.2274065,-3.0476103,68.38322,3.1702302,-3.1276839,1.3227717,0.14271164,1.0216342,13.075333,-27.770369,-21.370756,-2.0217428,0.84383935
584,-0.4404655992984772,1.449305772781372,78.59674835205078,0.17410862710962197,-1.8097810230869604,-86.56009675875666,1.9776919,-1.1732316,7.1543937,6.4342875,-7.123525,1.3081886,3.2164514,0.38967192,-9.46286,6.5182858,-9.144696,-1.4665349,1.5839401,-1.4511029,3.0314784,6.0826797,10.229354,-3.0371726,68.371704,3.198755,-3.1177535,1.3262264,0.12284291,1.0189648,13.103318,-27.811533,-21.535152,-2.0036674,0.8868561
585,-0.43959832191467285,1.4521201848983765,78.59649658203125,0.17587740199885185,-1.813012143044496,-86.55889076000375,1.9788158,-1.1764814,7.153682,6.4339266,-7.1212177,1.3104026,3.2191892,0.3864627,-9.464141,6.517064,-9.142694,-1.4659588,1.5899788,-1.456068,3.0288532,6.065553,10.230365,-3.029329,68.34585,3.196208,-3.1266155,1.3267094,0.11189563,1.0168751,13.117718,-27.848433,-21.655891,-2.0092194,0.9389677
586,-0.43875575065612793,1.4572117328643799,78.59691619873047,0.1759097280106295,-1.8130877400797012,-86.55994010171662,1.9757559,-1.1774865,7.154879,6.4324546,-7.1165657,1.3132194,3.2138608,0.3852661,-9.46329,6.5168877,-9.136843,-1.466475,1.5994011,-1.4613276,3.0235724,6.049411,10.231024,-3.020687,68.31984,3.174188,-3.147908,1.3252794,0.10118622,1.01478,13.128105,-27.882557,-21.757545,-2.0259588,0.9944948
587,-0.43788444995880127,1.4568653106689453,78.59738159179688,0.17696594101532426,-1.8127048149287501,-86.56079718378416,1.976151,-1.1793671,7.155884,6.4322076,-7.116936,1.3156198,3.213822,0.38345742,-9.462073,6.5158973,-9.135924,-1.4662575,1.6091287,-1.466305,3.0178747,6.035568,10.231337,-3.0125802,68.2905,3.1437669,-3.1721568,1.3258389,0.09181923,1.0127819,13.1355715,-27.912521,-21.835499,-2.050437,1.0452428
588,-0.4372205138206482,1.4587363004684448,78.59716796875,0.17677174666097475,-1.8139760723333942,-86.55920574081148,1.9753574,-1.1802548,7.1544485,6.4317093,-7.1141286,1.3176311,3.2140293,0.38263753,-9.463517,6.5165896,-9.135446,-1.4659501,1.6149353,-1.4701744,3.0159981,6.01509,10.231352,-3.0014708,68.27173,3.121925,-3.1950612,1.3284597,0.07897827,1.0097973,13.146056,-27.936869,-21.88884,-2.0722182,1.0715255
589,-0.43401074409484863,1.4586396217346191,78.59735107421875,0.17833793627064162,-1.81809011866944,-86.55349857635836,1.9796917,-1.1861374,7.149666,6.431144,-7.1137743,1.3212699,3.2200475,0.37696013,-9.468074,6.5160418,-9.136404,-1.4617156,1.6165279,-1.473004,3.017222,5.9991846,10.230951,-2.994431,68.24459,3.0972512,-3.2099605,1.3403271,0.07077226,1.006905,13.156951,-27.958347,-21.90297,-2.1008997,1.0752232
590,-0.43305504322052,1.456743597984314,78.5967788696289,0.17963144422581337,-1.8235309042067758,-86.54520814563234,1.9861034,-1.1903344,7.142045,6.431307,-7.1145425,1.3225113,3.2303026,0.3733582,-9.475219,6.5164895,-9.141714,-1.4586201,1.615527,-1.4748156,3.0204656,5.982449,10.230192,-2.9905593,68.219246,3.0670075,-3.2255034,1.357754,0.06469956,1.003747,13.170636,-27.975931,-21.887136,-2.1327226,1.0568955
591,-0.42993682622909546,1.4607561826705933,78.59757232666016,0.1799143842694373,-1.8291037337125704,-86.53692150541312,1.9883502,-1.1954659,7.134687,6.430891,-7.110709,1.3261969,3.2336676,0.36829725,-9.482403,6.5171475,-9.139902,-1.4542727,1.6139069,-1.4756237,3.023294,5.9674788,10.229026,-2.9895558,68.19356,3.0441763,-3.23743,1.3766755,0.060395516,1.0003356,13.185692,-27.991535,-21.861462,-2.1613789,1.0326116
592,-0.4262763559818268,1.4608312845230103,78.59760284423828,0.18064273079961965,-1.8336707774597947,-86.53130816114296,1.9924614,-1.2006912,7.129663,6.430504,-7.1098895,1.3301415,3.2399697,0.36321843,-9.486999,6.517202,-9.141253,-1.4498076,1.61378,-1.4758277,3.0233238,5.9550414,10.227576,-2.9902105,68.169945,3.0427985,-3.2460864,1.392404,0.05626749,0.99703854,13.199262,-28.005043,-21.848965,-2.177406,1.0156907
593,-0.42346474528312683,1.4669580459594727,78.59732055664062,0.17877497751268193,-1.8368969458403777,-86.52968711194663,1.9911257,-1.2017624,7.1276336,6.430353,-7.105194,1.3344083,3.239898,0.3624218,-9.488644,6.5162654,-9.136666,-1.4482164,1.6156632,-1.4731387,3.0200863,5.9427347,10.224508,-2.9916584,68.15129,3.0748365,-3.2488434,1.4023782,0.04927364,0.99170446,13.216077,-28.014952,-21.853134,-2.1742234,1.0073528
594,-0.42019426822662354,1.4656028747558594,78.5973129272461,0.17708700938903907,-1.8393789267217249,-86.53052299400834,1.9951823,-1.2024668,7.127435,6.4308367,-7.1072907,1.3383856,3.2438617,0.3617579,-9.487929,6.515722,-9.137062,-1.4462231,1.6191907,-1.4697607,3.0132885,5.9371433,10.221701,-2.9927945,68.12826,3.1335616,-3.2462192,1.4088801,0.042672772,0.9877902,13.224822,-28.019878,-21.859814,-2.1628873,1.0099586
595,-0.41832196712493896,1.4658973217010498,78.59671020507812,0.17434561593258868,-1.8414036153198037,-86.53168938145824,1.9985785,-1.2010578,7.127286,6.42888,-7.106669,1.3411163,3.246399,0.36352518,-9.487333,6.5144243,-9.135914,-1.445908,1.6231585,-1.4676956,3.0058613,5.933951,10.219593,-2.993427,68.10462,3.1991673,-3.2416043,1.4146951,0.037583373,0.9854162,13.228799,-28.02346,-21.86904,-2.1505942,1.0162557
596,-0.41949525475502014,1.468299150466919,78.59716033935547,0.17435384721581398,-1.8433623975280502,-86.53101978145408,1.9986413,-1.2005544,7.1261415,6.4289117,-7.1047387,1.3414229,3.2463422,0.36405182,-9.488426,6.5140133,-9.13353,-1.4474181,1.6249452,-1.4674083,3.001062,5.928118,10.216213,-2.9938304,68.08538,3.2501566,-3.2386131,1.425206,0.031221757,0.9822404,13.23294,-28.025606,-21.881685,-2.142343,1.0154406
597,-0.4160250425338745,1.469393253326416,78.59786987304688,0.17672202897298722,-1.8445908761439447,-86.52718325922186,1.9973967,-1.2070055,7.123956,6.4306393,-7.104722,1.3448949,3.2471316,0.35716027,-9.491516,6.5157146,-9.134151,-1.4436241,1.6246941,-1.4697866,2.999188,5.916977,10.210019,-2.9920583,68.07308,3.2870336,-3.237428,1.445258,0.02688726,0.977142,13.23645,-28.02612,-21.89899,-2.1420176,1.0058978
598,-0.4127097725868225,1.4718248844146729,78.59766387939453,0.1799184571036973,-1.8451436534234769,-86.52162476052655,1.9953129,-1.2149413,7.1208453,6.4308953,-7.1032495,1.3480129,3.2467382,0.3490621,-9.496177,6.5152225,-9.1320505,-1.4396088,1.6233552,-1.4767929,2.9972801,5.9101443,10.206399,-2.989901,68.0564,3.3171182,-3.235592,1.4691339,0.027351728,0.9745213,13.236747,-28.02692,-21.920958,-2.1473086,0.99523896
599,-0.4090941846370697,1.474831461906433,78.59732818603516,0.18499391531475118,-1.8462503319118533,-86.51640615661856,1.9924935,-1.2250749,7.118492,6.4314585,-7.1009293,1.3514479,3.2469196,0.3386455,-9.500146,6.5150313,-9.130197,-1.434986,1.6217972,-1.4821887,2.9978242,5.896273,10.199925,-2.984425,68.05174,3.3430376,-3.2355144,1.4906456,0.029384766,0.9704137,13.23526,-28.02913,-21.943064,-2.1529934,0.9841957
600,-0.40721943974494934,1.4764719009399414,78.5970458984375,0.18913012057575898,-1.849095874449983,-86.51340243854189,1.9936324,-1.2323594,7.117163,6.4318643,-7.1003385,1.3529583,3.2496185,0.33128694,-9.502411,6.5146446,-9.129223,-1.4322008,1.6198348,-1.4847009,2.9992757,5.8860455,10.192365,-2.9789817,68.04647,3.3597505,-3.2370727,1.5006726,0.030355887,0.96616095,13.232041,-28.030054,-21.961857,-2.15653,0.97808623
601,-0.40612709522247314,1.477707862854004,78.59739685058594,0.1924107786016573,-1.8544313610611232,-86.51413323844855,1.9980772,-1.2373189,7.118232,6.4321365,-7.100204,1.3529395,3.2545266,0.3262235,-9.501457,6.514629,-9.128509,-1.430698,1.6177931,-1.4840204,3.0024004,5.879455,10.184932,-2.9754367,68.041374,3.3594172,-3.2412083,1.4940737,0.029435495,0.9625235,13.227528,-28.029408,-21.975674,-2.1568246,0.97768974
602,-0.40370291471481323,1.4786471128463745,78.59786987304688,0.19475062140467925,-1.8615633823712032,-86.5172772946926,2.0067422,-1.2421646,7.121016,6.431809,-7.1019735,1.3532438,3.262202,0.32166988,-9.4982195,6.514168,-9.128198,-1.4284773,1.6153837,-1.4810883,3.0068536,5.876179,10.176414,-2.9737687,68.03627,3.3454266,-3.2472062,1.4772348,0.027074866,0.95894647,13.221155,-28.025915,-21.986317,-2.1555293,0.9806404
603,-0.39875268936157227,1.4804706573486328,78.59857177734375,0.19720904556790353,-1.8690842938016163,-86.52052052033743,2.0144088,-1.2490481,7.1242585,6.4322443,-7.103291,1.3562936,3.268856,0.31468797,-9.494522,6.5140567,-9.126465,-1.4240814,1.612291,-1.4764111,3.0116858,5.87435,10.168192,-2.9744513,68.03258,3.327074,-3.2534056,1.4565833,0.024374913,0.9560247,13.21379,-28.022083,-21.997126,-2.1530867,0.98531216
604,-0.3942035138607025,1.4836636781692505,78.5981216430664,0.19758826605427546,-1.8755691323166812,-86.5214432246106,2.019881,-1.2537252,7.125306,6.4316316,-7.1021957,1.3605324,3.2734041,0.31008634,-9.4931,6.514286,-9.124143,-1.4202354,1.6083483,-1.4694629,3.0154898,5.872396,10.158235,-2.9779613,68.03137,3.315406,-3.2578094,1.4412692,0.022285111,0.95289075,13.2046795,-28.019886,-22.011217,-2.1499944,0.99209946
605,-0.3906141519546509,1.4875673055648804,78.59765625,0.19630021016320476,-1.880827386939983,-86.51880933045004,2.0231233,-1.2562344,7.1230407,6.43123,-7.099949,1.3665249,3.2771866,0.3078847,-9.494948,6.513935,-9.121942,-1.4170427,1.6020881,-1.4609232,3.0179756,5.870269,10.1511965,-2.9832146,68.03342,3.3138585,-3.261437,1.4293648,0.021960406,0.9508924,13.198545,-28.021603,-22.031359,-2.1432981,0.99720305
606,-0.3854827582836151,1.4905905723571777,78.59745025634766,0.19194572208537586,-1.8853732052215468,-86.51413797412826,2.0257297,-1.2568196,7.1187425,6.4304404,-7.0972686,1.3750695,3.280799,0.30755374,-9.498671,6.514194,-9.120757,-1.4126201,1.595828,-1.4476717,3.0197937,5.8662205,10.139414,-2.996301,68.04081,3.3145032,-3.2643597,1.4230443,0.02313106,0.94784313,13.18936,-28.025837,-22.053831,-2.13511,1.0046592
607,-0.3802798092365265,1.4924895763397217,78.59747314453125,0.18874301006163896,-1.8895524778100037,-86.50918502437422,2.027892,-1.258459,7.1145377,6.4304094,-7.09528,1.3836218,3.28457,0.30586463,-9.502431,6.514521,-9.12012,-1.4078788,1.588175,-1.436154,3.0214958,5.863965,10.132398,-3.0059893,68.04791,3.3179536,-3.2656662,1.411782,0.024637941,0.94612116,13.1842,-28.030117,-22.078539,-2.125816,1.0088376
608,-0.37642163038253784,1.49534010887146,78.59759521484375,0.18651001770157294,-1.893455488744993,-86.50581845773753,2.0293918,-1.2599622,7.1119847,6.4300213,-7.0926557,1.389533,3.2869682,0.30432522,-9.50494,6.5148673,-9.118513,-1.4045622,1.5829663,-1.4249713,3.022845,5.86092,10.122186,-3.0211415,68.057976,3.3108172,-3.2636862,1.4072498,0.02811624,0.9437751,13.175922,-28.036322,-22.100082,-2.1217039,1.0164261
609,-0.370894193649292,1.5001429319381714,78.59851837158203,0.18503958482888397,-1.8972640982505067,-86.50467226971828,2.030064,-1.2633718,7.1123686,6.429779,-7.089952,1.3944722,3.2876337,0.30064464,-9.505364,6.514582,-9.114305,-1.4004521,1.5795411,-1.4156986,3.0247347,5.8586884,10.111447,-3.034029,68.06716,3.2989345,-3.2560518,1.3991439,0.032035608,0.94134665,13.1661005,-28.042667,-22.118345,-2.124448,1.0246422
610,-0.3664165735244751,1.5037438869476318,78.59855651855469,0.18476041787688427,-1.9006889976917931,-86.50490344482687,2.0310948,-1.2668607,7.1143637,6.4297605,-7.0882893,1.3969637,3.2888756,0.2968583,-9.504566,6.5139956,-9.1108265,-1.397408,1.5765468,-1.408723,3.0268514,5.8577724,10.102419,-3.0411365,68.07553,3.2867303,-3.2442915,1.3878725,0.03577839,0.9393129,13.156578,-28.04847,-22.134943,-2.131216,1.032991
611,-0.3619135916233063,1.506198525428772,78.5984115600586,0.18315746097770408,-1.9038651465905432,-86.50533956965788,2.0331182,-1.26908,7.116134,6.429405,-7.0875683,1.3985786,3.2898834,0.29440498,-9.503886,6.5150514,-9.109018,-1.394421,1.5743836,-1.4005046,3.028502,5.856986,10.087865,-3.0482924,68.08625,3.2767937,-3.2320058,1.3808162,0.04072182,0.93610287,13.141566,-28.055496,-22.148653,-2.1398888,1.0440605
612,-0.3593897819519043,1.5088891983032227,78.59818267822266,0.18366586170826105,-1.9067877262506685,-86.5048921170913,2.0331318,-1.2721021,7.1166263,6.4300723,-7.0858603,1.3992994,3.291281,0.29123336,-9.503997,6.514668,-9.1066885,-1.3923553,1.5688213,-1.396619,3.0303965,5.8578796,10.082119,-3.0509923,68.09856,3.2702782,-3.224595,1.3703388,0.043165773,0.9349521,13.136524,-28.061337,-22.164688,-2.1394007,1.0442383
613,-0.3538733720779419,1.5118995904922485,78.598876953125,0.18490592829924035,-1.9093024791315778,-86.50344144102573,2.0343661,-1.2792606,7.1157284,6.4295664,-7.084819,1.4031863,3.2924652,0.28434682,-9.504637,6.515449,-9.105321,-1.3867399,1.5621858,-1.3928684,3.0307596,5.860899,10.073977,-3.0576377,68.11405,3.274887,-3.2226675,1.3697066,0.047376707,0.93356055,13.131094,-28.068361,-22.182383,-2.1299162,1.04215
614,-0.3497554361820221,1.5171620845794678,78.59920501708984,0.18806860452268007,-1.911575937746055,-86.5012254228058,2.0324028,-1.2877456,7.1137476,6.4281445,-7.079743,1.4066058,3.2907395,0.2760809,-9.505876,6.514031,-9.099223,-1.3817077,1.5540389,-1.3911034,3.0309088,5.8636456,10.068034,-3.063864,68.134384,3.2876492,-3.2254064,1.3688949,0.05022129,0.9327866,13.129439,-28.073742,-22.200752,-2.1126416,1.0319142
615,-0.3469287157058716,1.5221807956695557,78.59919738769531,0.19033324589890557,-1.9135711762981653,-86.49896480251576,2.0296142,-1.2941612,7.1113834,6.4291697,-7.076493,1.4090275,3.288598,0.2698401,-9.50757,6.515195,-9.095851,-1.3779279,1.5451354,-1.3900636,3.030569,5.8683696,10.062577,-3.0726256,68.15399,3.2891977,-3.2280529,1.3712683,0.054170687,0.9321939,13.128827,-28.079575,-22.219395,-2.096231,1.0228144
616,-0.34251952171325684,1.5243966579437256,78.59991455078125,0.19253303210047093,-1.9154817284288148,-86.4969500043863,2.0291677,-1.301396,7.1099358,6.429675,-7.075304,1.4128491,3.2904737,0.26283133,-9.508794,6.515047,-9.0949745,-1.3730196,1.5362759,-1.3871121,3.0298195,5.8753543,10.055561,-3.0858274,68.17042,3.2624753,-3.2277498,1.3698843,0.059575215,0.9314958,13.128854,-28.08661,-22.23552,-2.0878134,1.0149161
617,-0.3386666178703308,1.526716709136963,78.59971618652344,0.19377728246584297,-1.9171397315592986,-86.49495748619694,2.0294263,-1.3069369,7.109298,6.429616,-7.0745883,1.4166956,3.2906244,0.25714982,-9.5104065,6.5150127,-9.092746,-1.3695163,1.5266166,-1.3842504,3.02952,5.8816,10.049591,-3.0972807,68.186066,3.1933827,-3.225263,1.3559724,0.06336132,0.93079495,13.12882,-28.09256,-22.248371,-2.0920007,1.0070713
618,-0.331674188375473,1.5294524431228638,78.59963989257812,0.19603689104002772,-1.9185123406589724,-86.49299615028724,2.0281894,-1.31585,7.109975,6.429966,-7.0735097,1.423841,3.2904546,0.24759914,-9.511573,6.51479,-9.089764,-1.3635564,1.5162612,-1.3805233,3.02903,5.888715,10.042042,-3.1107593,68.20087,3.092934,-3.2216337,1.3365726,0.06655188,0.9296386,13.1284275,-28.096624,-22.258911,-2.1044064,0.99908894
619,-0.3246617913246155,1.5332555770874023,78.59929656982422,0.19638185963907576,-1.9200902448582793,-86.4913847053765,2.027331,-1.3227347,7.110727,6.42868,-7.0708556,1.4311514,3.2893488,0.24021961,-9.512631,6.5143585,-9.085442,-1.3581127,1.5059448,-1.3761779,3.0290399,5.895868,10.035158,-3.1234066,68.21631,2.9975235,-3.2166946,1.3158894,0.06918049,0.92825115,13.127612,-28.100561,-22.265078,-2.1186063,0.9940926
620,-0.32029929757118225,1.537747859954834,78.59947967529297,0.19693183363994243,-1.9221863569956354,-86.49066187884223,2.024998,-1.3273708,7.1114464,6.430459,-7.068914,1.4365519,3.2882621,0.23521562,-9.512741,6.5153117,-9.082532,-1.3547288,1.4965177,-1.3705504,3.0296884,5.9019723,10.028805,-3.1350799,68.23564,2.943511,-3.2115343,1.2986637,0.07188151,0.92672366,13.126486,-28.104776,-22.264711,-2.1283097,0.9942916
621,-0.3165733218193054,1.5405714511871338,78.60011291503906,0.19553823228171296,-1.9252050887665497,-86.4914492038044,2.0259812,-1.329165,7.1121054,6.430512,-7.0671897,1.4411453,3.288439,0.23341542,-9.511278,6.516647,-9.080522,-1.3517793,1.4884742,-1.362704,3.0312247,5.9070625,10.023794,-3.1452987,68.25992,2.9500272,-3.206365,1.2844839,0.07543196,0.9254364,13.125191,-28.106913,-22.259787,-2.1337545,1.0041268
622,-0.31354138255119324,1.5466457605361938,78.60010528564453,0.1923755609609456,-1.928878060229208,-86.49330479753199,2.0254426,-1.328483,7.112958,6.43053,-7.063,1.4456779,3.2873912,0.2345915,-9.508817,6.516593,-9.075469,-1.3499041,1.4812133,-1.3533658,3.0335016,5.9111004,10.019911,-3.15398,68.28847,2.995311,-3.201099,1.2702084,0.07915993,0.92448497,13.124009,-28.109268,-22.249561,-2.1375709,1.0201522
623,-0.3094048798084259,1.5501046180725098,78.60027313232422,0.1903611727531922,-1.9326157770879449,-86.49506817507556,2.0277157,-1.3298992,7.113942,6.4301996,-7.061303,1.450895,3.2877796,0.23355404,-9.505965,6.5176377,-9.072716,-1.3465681,1.4736756,-1.3447958,3.0365455,5.9133463,10.017755,-3.1588457,68.3197,3.0535686,-3.1956234,1.2567643,0.081490345,0.923989,13.123313,-28.110767,-22.23243,-2.13682,1.0342432
624,-0.30513590574264526,1.5521494150161743,78.600341796875,0.1880931861886518,-1.9359824039643205,-86.49539125005735,2.0296454,-1.3311592,7.114107,6.4295955,-7.059451,1.4555835,3.2890694,0.23239385,-9.50467,6.51881,-9.071352,-1.3430227,1.4652969,-1.3382602,3.0397444,5.9158974,10.016038,-3.1636605,68.34812,3.0984273,-3.1874404,1.249663,0.08378803,0.92358637,13.12245,-28.11309,-22.204245,-2.1293259,1.0404521
625,-0.3003394603729248,1.5556652545928955,78.60064697265625,0.1867221578670706,-1.938421299347468,-86.49335563450076,2.0297804,-1.3343673,7.1132474,6.4291267,-7.057133,1.460772,3.2899377,0.22934611,-9.505645,6.518817,-9.069269,-1.3388689,1.4569012,-1.3328723,3.040658,5.9227295,10.011594,-3.1782184,68.37006,3.1171215,-3.1747522,1.2538058,0.090043865,0.9224058,13.119729,-28.12142,-22.15542,-2.1115544,1.0345182
626,-0.29414644837379456,1.5544155836105347,78.6011962890625,0.1842907668296273,-1.9404276795999609,-86.48970684378696,2.0326371,-1.3375416,7.111292,6.429358,-7.058833,1.4660245,3.2934988,0.22604267,-9.508081,6.519516,-9.0708685,-1.3332171,1.447917,-1.3288018,3.0417256,5.927994,10.0061655,-3.1965294,68.39281,3.1278007,-3.159321,1.2647119,0.09552979,0.9205123,13.116086,-28.129663,-22.091465,-2.0851376,1.0205541
627,-0.28787198662757874,1.5586693286895752,78.60108947753906,0.1826767662613433,-1.9427117662575428,-86.4862074525386,2.031789,-1.3419353,7.109887,6.4286175,-7.055702,1.4719263,3.2932322,0.2215046,-9.510478,6.519892,-9.067997,-1.3278608,1.4387218,-1.3257576,3.0441139,5.9308653,10.002686,-3.2084715,68.417534,3.1381562,-3.146055,1.2732557,0.098152176,0.91897523,13.113187,-28.13671,-22.029383,-2.0573146,1.0024682
628,-0.28261059522628784,1.5633440017700195,78.60075378417969,0.18306126285981006,-1.945851992120472,-86.4848398682163,2.0317576,-1.3474598,7.1102495,6.428502,-7.053124,1.4769468,3.2923286,0.2157091,-9.510779,6.520045,-9.0634,-1.3231943,1.4316152,-1.3211485,3.0467932,5.9355335,9.998425,-3.2235122,68.44034,3.1388447,-3.1379578,1.2815291,0.10045707,0.9167443,13.108122,-28.139002,-21.986382,-2.0369642,0.9890411
629,-0.2758497893810272,1.5664445161819458,78.60054016113281,0.1853686107551214,-1.9514958413553372,-86.48627689939096,2.0356898,-1.3558593,7.112997,6.4284744,-7.052245,1.4824573,3.296719,0.20718923,-9.508054,6.5194726,-9.060478,-1.3169838,1.4260737,-1.3163089,3.052002,5.9398656,9.995976,-3.2310197,68.46553,3.141121,-3.139283,1.2793303,0.10126002,0.91540986,13.104184,-28.135971,-21.966768,-2.0249364,0.97749287
630,-0.2720385789871216,1.5709456205368042,78.6003646850586,0.18753075423855525,-1.9588599925157109,-86.48958401283835,2.0415542,-1.361675,7.11668,6.428438,-7.051314,1.4850562,3.3012943,0.20149076,-9.504185,6.5196915,-9.057168,-1.3136265,1.421888,-1.311353,3.0588977,5.9443207,9.994156,-3.235339,68.49107,3.137744,-3.1463025,1.2742457,0.10158636,0.9144725,13.1007595,-28.129932,-21.9613,-2.0178132,0.9673482
631,-0.26963064074516296,1.5725159645080566,78.60105895996094,0.19090795338835123,-1.9647668671479763,-86.49351438459163,2.0473397,-1.3672975,7.1207705,6.428068,-7.0512996,1.4862465,3.305893,0.19576775,-9.499697,6.5199986,-9.055546,-1.3110352,1.4183625,-1.305595,3.0641174,5.9506607,9.992837,-3.239457,68.51297,3.1308432,-3.1549847,1.2699525,0.101619974,0.91385496,13.096429,-28.121012,-21.969315,-2.014111,0.9589014
632,-0.26392966508865356,1.5759773254394531,78.60173034667969,0.19239870018625552,-1.9660555608932644,-86.4968033150627,2.0468905,-1.373671,7.124894,6.4277997,-7.0501227,1.4907007,3.3044074,0.18929401,-9.495665,6.519075,-9.050866,-1.306051,1.4145511,-1.2989706,3.0646877,5.9601645,9.991214,-3.2454476,68.52779,3.1210778,-3.161135,1.2704525,0.10100502,0.9131114,13.089404,-28.112347,-21.991423,-2.012238,0.95371675
633,-0.2596246302127838,1.580183982849121,78.60181427001953,0.19317008184470208,-1.96046431395424,-86.49896549162978,2.0379407,-1.3781581,7.128206,6.4272056,-7.046942,1.4948399,3.2938886,0.18464597,-9.492819,6.5193343,-9.045497,-1.3023193,1.4091445,-1.2914647,3.0597649,5.9669867,9.989704,-3.251613,68.54393,3.1068277,-3.1654353,1.278571,0.09944334,0.9123332,13.082364,-28.102047,-22.042183,-2.0111024,0.948627
634,-0.25573429465293884,1.5842900276184082,78.60186767578125,0.1940087656697465,-1.9502899666403273,-86.50067387917164,2.0227008,-1.3822178,7.131462,6.4274035,-7.042869,1.499175,3.2782037,0.1802479,-9.490311,6.519555,-9.039595,-1.2987914,1.4052831,-1.2816491,3.0500436,5.976775,9.986609,-3.2676337,68.551636,3.0803225,-3.1686723,1.2964389,0.094466664,0.9105078,13.065906,-28.08728,-22.110363,-2.0158937,0.9505545
635,-0.2520398497581482,1.5868924856185913,78.60233306884766,0.1930111623984716,-1.938902382792507,-86.50251401706875,2.0069127,-1.3838276,7.134473,6.427089,-7.0388393,1.5029225,3.2625875,0.17826492,-9.4881315,6.5195317,-9.034821,-1.2958143,1.4008676,-1.2724313,3.040633,5.979807,9.985108,-3.276165,68.566376,3.060145,-3.1715417,1.3091198,0.091117404,0.909453,13.057576,-28.076935,-22.18157,-2.0175464,0.9481353
636,-0.24801698327064514,1.5893843173980713,78.60295867919922,0.19209503492272814,-1.9300102280560587,-86.50501564046145,1.9951146,-1.385776,7.1379147,6.4275646,-7.0370827,1.5068856,3.249793,0.17593625,-9.48563,6.51973,-9.03054,-1.2928723,1.3994359,-1.2629607,3.0335054,5.982379,9.983702,-3.285092,68.57888,3.0494766,-3.1724248,1.3127686,0.087298654,0.9083367,13.048351,-28.070097,-22.226622,-2.0164468,0.94571126
637,-0.24407124519348145,1.5922834873199463,78.60324096679688,0.1902370173048221,-1.9250177173913963,-86.50829373958591,1.98784,-1.3864927,7.1416593,6.4264793,-7.034271,1.5106642,3.241189,0.17478067,-9.483087,6.519392,-9.026024,-1.2908374,1.4015208,-1.2531965,3.0292912,5.986783,9.981958,-3.295724,68.584656,3.0491467,-3.167065,1.3043153,0.08215129,0.90693605,13.035679,-28.067232,-22.226292,-2.0145676,0.9485499
638,-0.23932787775993347,1.5959631204605103,78.60332489013672,0.1874204699474334,-1.921776438174988,-86.5121381728189,1.982587,-1.3867334,7.145829,6.426067,-7.0324125,1.5151303,3.233991,0.17401643,-9.480483,6.518454,-9.020474,-1.2887999,1.4062607,-1.2429526,3.0263665,5.991767,9.980174,-3.3044322,68.586685,3.0609238,-3.1589246,1.2858071,0.077706054,0.90554416,13.022295,-28.06759,-22.200083,-2.0104458,0.9529167
639,-0.2358141392469406,1.6012589931488037,78.60340118408203,0.18454046870169166,-1.9188543830791918,-86.51623766225521,1.9754114,-1.3857988,7.1500273,6.4252186,-7.0277514,1.5187014,3.22606,0.17441595,-9.477805,6.5176873,-9.014249,-1.2879295,1.4115407,-1.2333312,3.0241153,5.9966245,9.978405,-3.310415,68.58686,3.074354,-3.149897,1.2661126,0.073783144,0.9042193,13.009026,-28.070093,-22.170486,-2.0074444,0.9574264
640,-0.23217442631721497,1.6056309938430786,78.60384368896484,0.1827914882368038,-1.9147086468901018,-86.5202682295957,1.9676081,-1.3862742,7.15428,6.4251366,-7.024522,1.5221317,3.2165523,0.17340869,-9.474509,6.51689,-9.007627,-1.2861488,1.414628,-1.2257981,3.0225134,5.9986796,9.977546,-3.312048,68.590256,3.0792863,-3.1435604,1.2522664,0.071903005,0.90354466,13.003222,-28.073517,-22.165056,-2.0047739,0.95548064
641,-0.22690808773040771,1.6088820695877075,78.60397338867188,0.18264450504128119,-1.9088571670202443,-86.52444464047178,1.9601797,-1.3901513,7.158989,6.423211,-7.02176,1.5266901,3.2071378,0.16959125,-9.47003,6.516523,-9.003026,-1.2816979,1.4170272,-1.2195995,3.0209026,6.0008516,9.976546,-3.3136904,68.59118,3.0661252,-3.1384964,1.2495831,0.06842219,0.90257186,12.993188,-28.070736,-22.19228,-2.0091825,0.9524508
642,-0.2238321155309677,1.6106011867523193,78.60468292236328,0.18262557156552237,-1.9021675237522215,-86.52861716757494,1.9505146,-1.3920486,7.1633105,6.4245977,-7.020737,1.528904,3.1963935,0.16740261,-9.465374,6.517904,-9.000076,-1.2784281,1.4178916,-1.215128,3.0198894,6.0010195,9.976448,-3.3137603,68.59364,3.0427265,-3.1340463,1.2523752,0.067901514,0.9024356,12.991774,-28.06904,-22.239225,-2.0165782,0.9447865
643,-0.22012785077095032,1.6137824058532715,78.60482025146484,0.1826513990722559,-1.8950065505857903,-86.53292047601406,1.940405,-1.3948071,7.1679254,6.4245396,-7.018368,1.5318272,3.185301,0.16485505,-9.460362,6.5175233,-8.995406,-1.2747489,1.4187894,-1.2114178,3.0192566,6.0007763,9.976205,-3.313724,68.59445,3.0172637,-3.1312025,1.2585553,0.06533716,0.9018813,12.985837,-28.06673,-22.286366,-2.0241764,0.9383703
644,-0.2161533087491989,1.6194615364074707,78.60541534423828,0.18253814126745843,-1.8879934810440486,-86.5372843358122,1.9272662,-1.3974719,7.1727757,6.4247785,-7.0131407,1.5353655,3.1702623,0.16170745,-9.4555435,6.5187364,-8.988169,-1.2715864,1.4190731,-1.2079788,3.019242,5.9999437,9.976034,-3.3134549,68.59631,3.0038462,-3.130671,1.2670705,0.0611892,0.90110254,12.978389,-28.065548,-22.302557,-2.0327113,0.93872184
645,-0.21561652421951294,1.6258716583251953,78.6054458618164,0.18346123011215518,-1.8812972940530166,-86.54145299176379,1.9152607,-1.3987222,7.177166,6.4243083,-7.0076904,1.5363358,3.156319,0.16048032,-9.451333,6.5183887,-8.980614,-1.2721304,1.4178829,-1.2054629,3.0198112,5.9989233,9.976052,-3.313252,68.598816,3.0055828,-3.1337557,1.2793423,0.054540236,0.90023273,12.969917,-28.067886,-22.27342,-2.0388176,0.94641197
646,-0.21430639922618866,1.6306781768798828,78.60623168945312,0.1854172198071124,-1.8745116122703362,-86.54568159309703,1.9035335,-1.4014835,7.1818676,6.4245334,-7.0033627,1.5377439,3.1435597,0.1574636,-9.44684,6.518219,-8.97436,-1.2721839,1.4151666,-1.2042768,3.0201917,5.99868,9.9762335,-3.313231,68.60126,3.0162082,-3.139442,1.2957696,0.04838399,0.89967096,12.964708,-28.073462,-22.215523,-2.0447094,0.95959926
647,-0.21284586191177368,1.6330857276916504,78.60649871826172,0.1854442925241963,-1.8676526432917777,-86.55018300280624,1.894735,-1.4021953,7.1864343,6.424502,-7.001693,1.5388955,3.1322353,0.15663792,-9.442433,6.519183,-8.970756,-1.272339,1.4121377,-1.2022635,3.0208921,5.998409,9.976591,-3.3134525,68.6029,3.0285351,-3.1457458,1.3123606,0.04171171,0.89919,12.960651,-28.07875,-22.15923,-2.049629,0.97133374
648,-0.20854072272777557,1.6344923973083496,78.6068344116211,0.18460720500973132,-1.8610407780937996,-86.55517815444031,1.8861573,-1.4038211,7.191909,6.424709,-7.0004416,1.5427436,3.1223798,0.15458703,-9.437377,6.518969,-8.966779,-1.2696679,1.4101815,-1.1980369,3.0225189,5.996904,9.9773245,-3.3141813,68.6031,3.0364888,-3.1504323,1.3251189,0.032408457,0.8986283,12.956052,-28.080097,-22.13367,-2.054715,0.9770125
649,-0.2062968909740448,1.6314383745193481,78.6069107055664,0.1820254030064232,-1.854780345999765,-86.56140189926458,1.8829498,-1.4013034,7.1980467,6.424275,-7.0032153,1.5450587,3.1171598,0.1569709,-9.4318,6.518393,-8.967032,-1.2680308,1.409925,-1.1897703,3.0242627,5.994072,9.978101,-3.3153877,68.60291,3.0384007,-3.152969,1.3325098,0.02412181,0.8983286,12.95313,-28.076218,-22.156292,-2.0623085,0.97297704
650,-0.20564885437488556,1.6369209289550781,78.60671997070312,0.1794713878110653,-1.8487389504928478,-86.56840505011454,1.8722773,-1.3973243,7.2053685,6.424322,-6.998664,1.5480781,3.1043344,0.16035771,-9.4258995,6.518091,-8.959946,-1.2680787,1.4105867,-1.1787645,3.0259101,5.990437,9.978734,-3.3168733,68.60299,3.0373192,-3.1549013,1.3370924,0.016951436,0.8982566,12.95156,-28.070292,-22.209412,-2.0711641,0.96297073
651,-0.20431292057037354,1.6417909860610962,78.60702514648438,0.17603007148968713,-1.842537176605572,-86.57515692819663,1.8620892,-1.3929883,7.2122755,6.4235573,-6.9939694,1.5514482,3.0919309,0.16410765,-9.420321,6.5171137,-8.9526615,-1.2676243,1.4114691,-1.1679232,3.027608,5.987009,9.979284,-3.3182032,68.60104,3.0353518,-3.156,1.340175,0.011657414,0.8982728,12.950854,-28.065678,-22.265614,-2.078149,0.9520898
652,-0.2051522433757782,1.6487737894058228,78.60785675048828,0.17536458632490948,-1.8360864025162498,-86.58028597554234,1.8492414,-1.3904458,7.2176466,6.423468,-6.987426,1.5531198,3.0774195,0.16609198,-9.4160795,6.516763,-8.944377,-1.2691164,1.41161,-1.1595688,3.032504,5.974991,9.980788,-3.3223574,68.60443,3.029064,-3.1572666,1.3429844,-0.003089188,0.89840204,12.949543,-28.060848,-22.294914,-2.0793922,0.94235903
653,-0.2025350034236908,1.654370903968811,78.60852813720703,0.1745042122356912,-1.8286089160431873,-86.5829077049621,1.8368495,-1.3914417,7.2205095,6.4233184,-6.982631,1.556555,3.0635276,0.16486669,-9.413606,6.516958,-8.937782,-1.2681795,1.4110445,-1.1553673,3.034738,5.968538,9.981731,-3.324279,68.60055,3.021431,-3.157722,1.3442812,-0.0089844065,0.89841455,12.949365,-28.06765,-22.285995,-2.0751476,0.9375157
654,-0.20054709911346436,1.6586273908615112,78.60910034179688,0.17464348082296444,-1.820659181331309,-86.58385839211792,1.823228,-1.3932908,7.22158,6.4235315,-6.9773545,1.5589592,3.0501902,0.16273275,-9.412504,6.5173016,-8.932401,-1.2678744,1.4105546,-1.1535785,3.038888,5.955055,9.98337,-3.327158,68.60181,3.0088956,-3.158245,1.3437229,-0.018242259,0.89823,12.949895,-28.077734,-22.25528,-2.0651855,0.9323263
655,-0.20066429674625397,1.6622477769851685,78.6095199584961,0.17575883752007965,-1.8127806895249956,-86.58468913322467,1.8106854,-1.3945998,7.22227,6.4238377,-6.9730234,1.559368,3.037448,0.16130973,-9.411685,6.518318,-8.928495,-1.2692384,1.4093096,-1.1527717,3.0432754,5.9412293,9.985422,-3.3297744,68.60111,3.0003362,-3.15875,1.343535,-0.025893271,0.89778155,12.951041,-28.089386,-22.21784,-2.0544753,0.93006843
656,-0.199497252702713,1.6654096841812134,78.60986328125,0.17587888683380767,-1.8056287891725396,-86.58688218193176,1.7999554,-1.3955233,7.224376,6.4240956,-6.969903,1.5603768,3.0252721,0.16017772,-9.409539,6.519059,-8.924012,-1.2694553,1.4064614,-1.1515561,3.047618,5.930808,9.98726,-3.3318841,68.598045,3.0013752,-3.1599379,1.3460231,-0.031416368,0.8972986,12.952249,-28.097664,-22.188671,-2.047237,0.9323703
657,-0.2039097249507904,1.6733903884887695,78.60987854003906,0.17718529988629167,-1.7993376052770635,-86.59120663944252,1.7864299,-1.3928199,7.2282796,6.4240756,-6.9624667,1.5574135,3.0100467,0.16273795,-9.406117,6.5186768,-8.915257,-1.2744578,1.4008863,-1.1495993,3.051051,5.927699,9.98791,-3.3327565,68.5888,3.0208936,-3.161151,1.3530197,-0.033653136,0.8971481,12.952668,-28.101963,-22.17117,-2.045928,0.9424564
658,-0.20586401224136353,1.678263545036316,78.61002349853516,0.17745260768311583,-1.7936061746002512,-86.59674247293803,1.7757431,-1.3904555,7.233433,6.4239774,-6.9574685,1.5554488,2.998265,0.16486661,-9.401445,6.5178385,-8.9086075,-1.277239,1.3936343,-1.1478573,3.0573611,5.9169626,9.990491,-3.3368046,68.58791,3.0497236,-3.163706,1.3645573,-0.04336699,0.89671946,12.953673,-28.09714,-22.155811,-2.046327,0.9553475
659,-0.20471149682998657,1.6784601211547852,78.61007690429688,0.1769889741769915,-1.7882408436727166,-86.6024751850499,1.7708247,-1.3897712,7.239013,6.424268,-6.958557,1.5551568,2.9907925,0.1654487,-9.396132,6.5177183,-8.906233,-1.276901,1.3861271,-1.1463877,3.0632858,5.9094944,9.993319,-3.341726,68.58226,3.0733984,-3.1683307,1.3751996,-0.05148191,0.89649004,12.953753,-28.092257,-22.143366,-2.0469213,0.9695132
660,-0.20465634763240814,1.681166172027588,78.61045837402344,0.1762043053221727,-1.7831578782440258,-86.60763776285884,1.7633338,-1.3878914,7.244047,6.423829,-6.9559627,1.5544112,2.981775,0.16719425,-9.391338,6.518055,-8.9027405,-1.2775149,1.3797749,-1.1442665,3.0678418,5.907966,9.994448,-3.343119,68.5673,3.083769,-3.1747012,1.3817465,-0.052770186,0.8964721,12.953631,-28.089743,-22.133963,-2.0451152,0.98206055
661,-0.20599332451820374,1.6829978227615356,78.61083221435547,0.17660253526980307,-1.7781208756567022,-86.61203112792086,1.7562455,-1.386091,7.248671,6.423954,-6.954165,1.5528101,2.9732084,0.16883111,-9.386725,6.518454,-8.900026,-1.278574,1.3765355,-1.1419573,3.0734632,5.9008684,9.996551,-3.3475258,68.55508,3.060562,-3.1881592,1.383093,-0.054086708,0.89654315,12.953113,-28.088459,-22.124372,-2.0376046,0.98916376
662,-0.20810198783874512,1.6886165142059326,78.61133575439453,0.17599614096193789,-1.7733883970738216,-86.6160178657772,1.7466224,-1.3827379,7.2530193,6.424382,-6.94981,1.551041,2.9611151,0.17197117,-9.382513,6.5195503,-8.894436,-1.280429,1.3755533,-1.1391453,3.0795157,5.8916373,9.998888,-3.3533347,68.54136,3.017697,-3.2050476,1.3802724,-0.051292308,0.89672077,12.95239,-28.09017,-22.117931,-2.0267828,0.99403965
663,-0.2094518393278122,1.6919527053833008,78.61161041259766,0.17434679301839665,-1.7690297582809087,-86.6198486746637,1.7394753,-1.3788856,7.25698,6.423033,-6.945732,1.5493951,2.9532382,0.17601532,-9.378515,6.518556,-8.89047,-1.2817235,1.3732904,-1.1369919,3.084935,5.887197,9.999889,-3.3557227,68.52302,2.9762847,-3.2226605,1.3776308,-0.048568442,0.896818,12.951964,-28.090496,-22.114948,-2.0161383,0.9988701
664,-0.20949162542819977,1.692886471748352,78.6117935180664,0.17472472057370017,-1.7651477240134534,-86.6237791475965,1.733573,-1.3781815,7.2611275,6.424907,-6.945779,1.5487553,2.9464219,0.17632265,-9.374428,6.5198927,-8.889055,-1.2818246,1.3692204,-1.13723,3.0901632,5.883477,10.000701,-3.3573525,68.505936,2.9536946,-3.2379682,1.3787888,-0.04579875,0.8968962,12.951422,-28.091194,-22.117027,-2.0094328,1.0055498
665,-0.2106289565563202,1.6946030855178833,78.61194610595703,0.17587303127351595,-1.762316437111024,-86.62793022930732,1.7294513,-1.3778223,7.2649207,6.4244876,-6.9440126,1.54717,2.9402795,0.17639478,-9.371062,6.519752,-8.885613,-1.2836592,1.3623163,-1.1418519,3.0958097,5.879485,10.001601,-3.3585434,68.49241,2.957637,-3.250604,1.3861051,-0.042553198,0.89695716,12.950302,-28.093744,-22.126705,-2.0092998,1.0156324
666,-0.21286576986312866,1.6975771188735962,78.61249542236328,0.17703647898302288,-1.7602105212107098,-86.63226110438248,1.7253369,-1.3767971,7.268372,6.425093,-6.9423485,1.5446618,2.935372,0.17737816,-9.368239,6.519083,-8.882151,-1.2871004,1.3542675,-1.1501038,3.1016827,5.8740287,10.0030775,-3.358797,68.48354,2.977595,-3.262586,1.3968295,-0.03789031,0.8969758,12.947536,-28.099527,-22.142168,-2.0138845,1.0291756
667,-0.21392926573753357,1.7003198862075806,78.61260986328125,0.18012940541086186,-1.7582510453822637,-86.63635082499184,1.7212586,-1.3788283,7.272027,6.4249606,-6.939989,1.5436572,2.9297879,0.17497133,-9.365192,6.5186152,-8.877807,-1.2891821,1.3458205,-1.1577868,3.1070118,5.870776,10.004381,-3.3578072,68.471725,3.0031345,-3.2724645,1.4080429,-0.034602717,0.89692193,12.944569,-28.102167,-22.159126,-2.0185351,1.0421157
668,-0.2153397500514984,1.7013002634048462,78.61280059814453,0.18036111288182086,-1.7555765952006375,-86.63989361069828,1.7166623,-1.377192,7.274805,6.4254055,-6.9382854,1.5421957,2.9256036,0.17640814,-9.362679,6.517423,-8.875115,-1.2914597,1.3415502,-1.1626763,3.1110685,5.8637943,10.007036,-3.3542962,68.46286,3.0264068,-3.2803612,1.4143915,-0.026726965,0.89668554,12.936779,-28.108171,-22.170372,-2.022514,1.0564094
669,-0.21748799085617065,1.6993324756622314,78.613037109375,0.18087371970954447,-1.751848585427268,-86.6426033188752,1.7147588,-1.3753016,7.276895,6.425529,-6.939975,1.5408434,2.922474,0.17838266,-9.360342,6.517711,-8.876256,-1.2932875,1.3401238,-1.1607492,3.11267,5.859512,10.008462,-3.3528116,68.4491,3.0401025,-3.2849698,1.4187587,-0.021005072,0.89648306,12.932578,-28.109531,-22.180662,-2.0188828,1.063106
670,-0.22163721919059753,1.7014645338058472,78.61314392089844,0.18128326522035293,-1.7474820702412253,-86.64470177625199,1.7072461,-1.3715928,7.278486,6.4255304,-6.9364195,1.5391477,2.9147596,0.18195698,-9.358551,6.518158,-8.873989,-1.2967451,1.3429631,-1.1551865,3.1125133,5.8506885,10.010329,-3.351819,68.43957,3.0527997,-3.2883022,1.4206772,-0.008537713,0.8960529,12.925926,-28.114199,-22.189402,-2.0133066,1.0689903
671,-0.2252223640680313,1.705604076385498,78.61280822753906,0.17987735832303198,-1.7431936036105,-86.64681629950117,1.6993843,-1.3665907,7.2799125,6.4252734,-6.9322453,1.5378501,2.905405,0.18703364,-9.356891,6.5178323,-8.869256,-1.3001667,1.3470651,-1.1490185,3.1120813,5.8403296,10.011735,-3.3526359,68.432884,3.0620806,-3.2893617,1.4216076,0.0064074225,0.89549685,12.919417,-28.121973,-22.194971,-2.0083003,1.0759261
672,-0.22597801685333252,1.7073088884353638,78.61302947998047,0.17937135261663648,-1.7400240389222281,-86.64916317770631,1.6943583,-1.3646897,7.2818666,6.4258676,-6.930939,1.5378304,2.9001021,0.18894896,-9.3544445,6.5180445,-8.867587,-1.3010997,1.3489156,-1.1452991,3.1128535,5.8314414,10.012751,-3.3545418,68.423935,3.066848,-3.288166,1.4226494,0.01967034,0.894772,12.913516,-28.1302,-22.196486,-2.0050805,1.0856421
673,-0.2290147989988327,1.708329439163208,78.6129379272461,0.17894769071640834,-1.7391910388982355,-86.65223395340651,1.6937267,-1.3610564,7.2838097,6.423966,-6.9290123,1.5344664,2.8974385,0.19284257,-9.351621,6.5173593,-8.8656435,-1.3044848,1.3473105,-1.1450388,3.1162827,5.825305,10.013299,-3.3561692,68.41112,3.065578,-3.2837918,1.4228001,0.029179754,0.89410204,12.909225,-28.138737,-22.1884,-2.0049014,1.09915
674,-0.23120591044425964,1.711142659187317,78.61312866210938,0.17745263985518978,-1.7397051288041927,-86.65568647721226,1.6916203,-1.3567128,7.285963,6.4255843,-6.927967,1.5309843,2.8936875,0.19704221,-9.348462,6.5191364,-8.863751,-1.307777,1.3444698,-1.1464707,3.1210964,5.819002,10.013664,-3.3578513,68.397896,3.0598612,-3.2773457,1.4216444,0.038957566,0.8933076,12.904913,-28.149343,-22.172812,-2.0067456,1.1161882
675,-0.23467598855495453,1.7126460075378418,78.61341857910156,0.17706563621480603,-1.73987176523622,-86.65878805558779,1.6909596,-1.3526713,7.2878346,6.425058,-6.926379,1.5264411,2.8923347,0.20136255,-9.34559,6.5182037,-8.86199,-1.311866,1.3402178,-1.1489102,3.1257277,5.8144526,10.013853,-3.359029,68.38303,3.0536478,-3.2697222,1.4207555,0.046059534,0.892417,12.901398,-28.15834,-22.159025,-2.0085196,1.132782
676,-0.23943555355072021,1.7112042903900146,78.61363983154297,0.17656665084725845,-1.7377914935481953,-86.6609864275626,1.6897768,-1.3475099,7.2888746,6.4258776,-6.9276323,1.5212069,2.8897867,0.20664085,-9.343812,6.5197196,-8.863867,-1.3165374,1.3349863,-1.1513088,3.128269,5.8123703,10.013873,-3.3594346,68.36622,3.0510266,-3.2622793,1.4213846,0.049246777,0.89204633,12.899796,-28.16483,-22.156023,-2.0086772,1.1453075
677,-0.2424500584602356,1.7104648351669312,78.6138687133789,0.1779037103539739,-1.732384945184435,-86.66166272802089,1.6834581,-1.3460438,7.289776,6.4260178,-6.9265184,1.5190079,2.8838563,0.20804492,-9.34295,6.51985,-8.863903,-1.3188968,1.3319316,-1.1536261,3.1273992,5.8046517,10.013788,-3.3605423,68.3588,3.0576851,-3.2566702,1.4264312,0.05881896,0.89051586,12.893857,-28.176165,-22.169737,-2.0094616,1.1588057
678,-0.24215956032276154,1.7120996713638306,78.61400604248047,0.1800605453314971,-1.7246947142327058,-86.66141100195355,1.67329,-1.3485607,7.290896,6.4258723,-6.923863,1.5206788,2.872938,0.20521532,-9.342469,6.5205145,-8.861209,-1.3181546,1.3268565,-1.1564916,3.1244795,5.800744,10.013689,-3.3608599,68.34977,3.0691726,-3.2519863,1.4345123,0.06250353,0.8897392,12.89102,-28.18494,-22.195469,-2.008949,1.1710614
679,-0.24589279294013977,1.714145541191101,78.6138916015625,0.1821718701487938,-1.7168513113866453,-86.66081043329878,1.662222,-1.3478237,7.291172,6.4250374,-6.9193068,1.5194097,2.862509,0.2059573,-9.342933,6.519958,-8.858507,-1.3208996,1.3236548,-1.1588556,3.1218307,5.79065,10.013173,-3.3613281,68.347466,3.0783348,-3.248548,1.4398979,0.06954821,0.8871347,12.882614,-28.196236,-22.21689,-2.0099397,1.1830127
680,-0.24868543446063995,1.7157498598098755,78.61453247070312,0.1824668871432568,-1.710591506306766,-86.66090398233389,1.6535239,-1.3456817,7.2914724,6.425174,-6.9164953,1.518326,2.8534944,0.20799783,-9.343024,6.520125,-8.856319,-1.3234386,1.3177671,-1.1613678,3.1202092,5.788539,10.013003,-3.3612466,68.33875,3.0750928,-3.2474995,1.4380031,0.07079052,0.8864895,12.88055,-28.202812,-22.226267,-2.0082107,1.1913117
681,-0.25432443618774414,1.7163488864898682,78.61445617675781,0.1837985417755193,-1.7067882887340282,-86.66179902140037,1.6484723,-1.3421167,7.291826,6.42466,-6.9138203,1.5149164,2.8484013,0.21166375,-9.342705,6.520035,-8.855801,-1.3286307,1.3136085,-1.1627146,3.121446,5.781375,10.012061,-3.359906,68.337006,3.0544934,-3.2521813,1.4229603,0.07478076,0.8837103,12.871634,-28.213993,-22.210678,-2.007602,1.202333
682,-0.2562643587589264,1.7187258005142212,78.61451721191406,0.18240708344750334,-1.7040801333551203,-86.66324896551008,1.6431929,-1.3385254,7.2925534,6.4252076,-6.9111037,1.5143645,2.842509,0.21513607,-9.341991,6.519899,-8.85295,-1.3315799,1.3077013,-1.16393,3.1234415,5.7791066,10.011594,-3.3589249,68.3327,3.0195935,-3.2602673,1.3993928,0.07619868,0.8826081,12.867788,-28.22195,-22.183125,-2.004723,1.2098398
683,-0.25949016213417053,1.7197074890136719,78.61443328857422,0.18201353017197458,-1.702184748465105,-86.66465686364093,1.6408225,-1.3350743,7.292921,6.424478,-6.909136,1.5125903,2.8389106,0.21870068,-9.341337,6.5203524,-8.852311,-1.3353528,1.3017437,-1.1656021,3.125602,5.7779026,10.011205,-3.3579824,68.32742,2.9860642,-3.2676172,1.3772053,0.07706341,0.88182616,12.864993,-28.230291,-22.154123,-2.0010593,1.2147914
684,-0.26200589537620544,1.720917820930481,78.6142807006836,0.1813697195767074,-1.700412871241122,-86.66584853556192,1.6375875,-1.3320099,7.2930613,6.4243765,-6.9070897,1.5110615,2.8357203,0.22188647,-9.340791,6.5199466,-8.850932,-1.3383048,1.2988193,-1.166774,3.1282659,5.771397,10.008815,-3.3524797,68.328636,2.969985,-3.27226,1.3591062,0.079297066,0.8777924,12.850597,-28.23944,-22.118128,-2.006289,1.2253429
685,-0.2655821740627289,1.7221709489822388,78.61473846435547,0.18259222867640088,-1.6987994760712823,-86.66678286337536,1.6343765,-1.3302516,7.2927547,6.424391,-6.905255,1.5084926,2.8326695,0.22377153,-9.340326,6.519951,-8.849897,-1.3414451,1.2949919,-1.1690341,3.1298673,5.7687035,10.007131,-3.349801,68.32549,2.970763,-3.2704685,1.355561,0.07859013,0.87541014,12.844324,-28.243706,-22.092209,-2.010101,1.2256602
686,-0.27028775215148926,1.7206730842590332,78.61493682861328,0.1838624042422777,-1.697531582680739,-86.6676748228942,1.633528,-1.3276265,7.2918096,6.4252696,-6.906356,1.5042965,2.832192,0.22668996,-9.339958,6.5192995,-8.850501,-1.345137,1.2916194,-1.1719843,3.1312892,5.765684,10.005171,-3.3472996,68.32409,2.9854326,-3.2656763,1.3590802,0.076777466,0.873043,12.839132,-28.247917,-22.06325,-2.0176601,1.2243289
687,-0.27279120683670044,1.7211358547210693,78.6153335571289,0.1851629647106613,-1.6965394266188427,-86.66807461467249,1.632016,-1.3270594,7.2909484,6.4257474,-6.9064207,1.5019175,2.829738,0.22733982,-9.339759,6.5197606,-8.849671,-1.3470281,1.2883813,-1.1752026,3.132294,5.7647905,10.004734,-3.346765,68.32151,3.0013947,-3.259765,1.3636769,0.076059505,0.8725904,12.838109,-28.250937,-22.04164,-2.0230627,1.2210598
688,-0.2743794023990631,1.7243530750274658,78.61509704589844,0.18633828732045074,-1.6955913217592673,-86.66772353431116,1.6277406,-1.3272389,7.2902036,6.426419,-6.9039154,1.5005385,2.8266551,0.22732358,-9.340122,6.519191,-8.8471365,-1.3484854,1.2857668,-1.1767019,3.135462,5.757132,10.000765,-3.3419156,68.32476,3.0173776,-3.2557802,1.3652495,0.06897268,0.8688894,12.829452,-28.252995,-22.024685,-2.0294938,1.2236459
689,-0.2777829170227051,1.7285233736038208,78.61515045166016,0.18726662589604878,-1.6947283838894538,-86.66623331896895,1.623108,-1.3257922,7.289127,6.4263926,-6.9000316,1.4973087,2.8217711,0.22869983,-9.341732,6.5196238,-8.8441515,-1.351853,1.2832729,-1.1762408,3.1394966,5.7478228,9.993673,-3.3344016,68.32957,3.0280259,-3.2535784,1.361222,0.05994866,0.8628962,12.8172,-28.253965,-22.020079,-2.0339665,1.2342999
690,-0.2797064483165741,1.7288818359375,78.61537170410156,0.18833612566928662,-1.6939388658480705,-86.66404947988681,1.6207333,-1.3254625,7.288071,6.4268284,-6.898878,1.494321,2.8202078,0.22870825,-9.343604,6.5204716,-8.844715,-1.3537377,1.2805666,-1.1758995,3.1427588,5.741655,9.987705,-3.3288326,68.33137,3.032742,-3.2513113,1.3542206,0.053670395,0.85830504,12.808724,-28.257885,-22.028328,-2.035398,1.2463899
691,-0.2828102111816406,1.729828119277954,78.61537170410156,0.19036657763593368,-1.6932820390342067,-86.66128547960516,1.6181432,-1.3253224,7.2865267,6.426614,-6.89656,1.4907966,2.8187857,0.22865964,-9.34592,6.5209193,-8.845062,-1.3564417,1.2780905,-1.1762078,3.145122,5.737901,9.984001,-3.3255591,68.331856,3.0366554,-3.2507403,1.3455118,0.049605884,0.8556602,12.803475,-28.262978,-22.041613,-2.034808,1.257716
692,-0.28352051973342896,1.731114149093628,78.61555480957031,0.19152549581426523,-1.6926954437144297,-86.65821901033551,1.6160226,-1.3264886,7.2843637,6.4264297,-6.894745,1.4900112,2.8176038,0.22753339,-9.348272,6.520951,-8.844771,-1.3568995,1.2764031,-1.1748357,3.1474724,5.732495,9.977851,-3.3211439,68.335884,3.049438,-3.253535,1.3377289,0.04385958,0.85158825,12.795504,-28.266672,-22.04647,-2.0353515,1.267028
693,-0.2855924069881439,1.7335129976272583,78.61546325683594,0.1915226942101554,-1.6924359665076247,-86.65465225988592,1.6133213,-1.3255916,7.2804236,6.42603,-6.89142,1.4893222,2.8153024,0.22874852,-9.351276,6.5212865,-8.843467,-1.3582178,1.2753588,-1.173695,3.1484156,5.729422,9.972133,-3.318508,68.34117,3.0700128,-3.2635453,1.3314439,0.04026081,0.8479205,12.789723,-28.272215,-22.04023,-2.0346482,1.2711468
694,-0.289982408285141,1.7334901094436646,78.61544799804688,0.19161611588906072,-1.6923103188555135,-86.65069096415078,1.612025,-1.322888,7.275224,6.425729,-6.889006,1.4872291,2.8157828,0.23210633,-9.354732,6.521483,-8.84494,-1.3609232,1.2748035,-1.1726968,3.14865,5.7271266,9.966795,-3.3171446,68.34895,3.097959,-3.279511,1.3266344,0.037711184,0.84460676,12.785045,-28.27702,-22.0252,-2.034511,1.272896
695,-0.2927354872226715,1.733966588973999,78.61548614501953,0.19176153552568306,-1.6920773818054917,-86.64639228711577,1.6106936,-1.3217417,7.2699122,6.425839,-6.887231,1.4867861,2.8152742,0.23378597,-9.358335,6.521198,-8.844777,-1.3622698,1.2749236,-1.1695712,3.148333,5.7252336,9.960696,-3.3172274,68.355606,3.1265628,-3.2923737,1.3198823,0.03557085,0.8409599,12.780701,-28.283108,-22.015656,-2.0335085,1.2730532
696,-0.2977157235145569,1.7333892583847046,78.61528778076172,0.19189760069344533,-1.6914676067588907,-86.64188480645899,1.6096245,-1.3186194,7.264525,6.425423,-6.8854094,1.483913,2.8158708,0.23745552,-9.362688,6.521133,-8.846634,-1.3659767,1.2754712,-1.1641464,3.1475139,5.723556,9.955673,-3.3188267,68.35808,3.1510386,-3.2940888,1.3084505,0.033880405,0.83805466,12.777264,-28.287865,-22.02616,-2.031693,1.2738606
697,-0.30117443203926086,1.733473300933838,78.61544799804688,0.191146387111261,-1.690291540531721,-86.63720438391698,1.6077472,-1.3156904,7.25976,6.424487,-6.8830843,1.4816089,2.814893,0.2405526,-9.367544,6.520901,-8.847106,-1.3693637,1.2772491,-1.1529436,3.1458917,5.7215495,9.951675,-3.3219314,68.35422,3.1763132,-3.2762272,1.2875198,0.032140337,0.83597875,12.77431,-28.290545,-22.072496,-2.029456,1.2739273
698,-0.30187520384788513,1.734687328338623,78.61603546142578,0.19122475388332008,-1.6887972793966766,-86.63239551922499,1.6042649,-1.3158511,7.25589,6.4239435,-6.880228,1.4816575,2.8127341,0.24014594,-9.372291,6.521797,-8.8474,-1.3707409,1.2810669,-1.1355616,3.1440492,5.716105,9.943893,-3.3319502,68.349785,3.1997428,-3.2452595,1.264944,0.02819692,0.8322771,12.767253,-28.290358,-22.142954,-2.0278242,1.2766883
699,-0.3024449646472931,1.7348144054412842,78.6161880493164,0.1901489613175899,-1.6870350008150774,-86.6272072478709,1.6005534,-1.3149098,7.2515993,6.4242935,-6.878343,1.481463,2.8112147,0.24081448,-9.377669,6.5215034,-8.847399,-1.3721595,1.2866838,-1.1154183,3.1428144,5.706983,9.929333,-3.351946,68.34926,3.2084346,-3.2150524,1.248452,0.0236602,0.8257472,12.754874,-28.291859,-22.2042,-2.026849,1.2812576
700,-0.30443450808525085,1.7358994483947754,78.6163101196289,0.19027329012851768,-1.685152875272822,-86.62163502039374,1.5969459,-1.3143495,7.2466135,6.4238005,-6.8758206,1.4803314,2.8088086,0.24129881,-9.383444,6.521342,-8.846976,-1.3744626,1.2871996,-1.1071419,3.1427534,5.7060666,9.927918,-3.353854,68.343544,3.2062366,-3.199859,1.2271113,0.023073634,0.82514334,12.753709,-28.297749,-22.23077,-2.0221374,1.2806188
701,-0.30625787377357483,1.7381668090820312,78.61663055419922,0.19208122487210297,-1.682911824900997,-86.61534779615134,1.5914733,-1.3161001,7.2410655,6.4222164,-6.8708735,1.4799608,2.8066075,0.23965707,-9.389772,6.5195875,-8.845444,-1.3759286,1.2860074,-1.1050314,3.145292,5.703742,9.923106,-3.358554,68.34449,3.1700306,-3.2069123,1.2151488,0.02160829,0.8232196,12.7502985,-28.308798,-22.196218,-2.0153756,1.2797842
702,-0.30827292799949646,1.7418347597122192,78.61653900146484,0.19396392673764756,-1.6802248748996844,-86.60868397008052,1.5828501,-1.3178734,7.235114,6.424569,-6.86735,1.4796947,2.8007734,0.2375085,-9.396664,6.521324,-8.844284,-1.3774456,1.2830573,-1.1076175,3.1493802,5.7008133,9.917678,-3.3613882,68.350975,3.108922,-3.2279382,1.2121773,0.020137427,0.82108265,12.746539,-28.322784,-22.120872,-2.0081284,1.2809412
703,-0.311150461435318,1.7449965476989746,78.61637878417969,0.19461425848152356,-1.6776868361848813,-86.6018477720024,1.5764816,-1.3178948,7.2284393,6.424494,-6.8633595,1.478419,2.795572,0.23751685,-9.403956,6.521709,-8.842401,-1.3797581,1.2796487,-1.1112272,3.1546645,5.6980653,9.910628,-3.360852,68.35737,3.049088,-3.2518036,1.2114356,0.018655024,0.8182714,12.742954,-28.338444,-22.040985,-2.0006287,1.2815447
704,-0.31530267000198364,1.7472180128097534,78.61634826660156,0.19742484535721047,-1.675994275631051,-86.59491351281822,1.5702243,-1.3189136,7.2217884,6.425512,-6.8595405,1.4762053,2.7923827,0.23642202,-9.410762,6.5219326,-8.8416605,-1.3826222,1.2774343,-1.1144397,3.160175,5.696589,9.906903,-3.3594303,68.36028,3.006946,-3.268173,1.211979,0.0177417,0.8168487,12.741712,-28.35145,-21.990747,-1.9941592,1.2802322
705,-0.3170458972454071,1.7494328022003174,78.61688995361328,0.19730423492014673,-1.6755814930208266,-86.58798156658237,1.5666976,-1.3188503,7.2148094,6.425395,-6.8560967,1.4753695,2.7912078,0.23681276,-9.417175,6.522096,-8.841389,-1.3837802,1.2777116,-1.114376,3.166967,5.692705,9.900214,-3.357151,68.36295,2.9917908,-3.2733202,1.2192034,0.015706385,0.81441855,12.740111,-28.363298,-21.983809,-1.9879946,1.2800364
706,-0.31963953375816345,1.752561092376709,78.61688232421875,0.1982175577629318,-1.6761074605441126,-86.58089665901153,1.5637977,-1.3192996,7.2076445,6.424555,-6.8515143,1.4740735,2.790095,0.23680793,-9.423328,6.5220866,-8.84018,-1.3854221,1.2796234,-1.1144582,3.1747797,5.688813,9.895467,-3.356412,68.36351,2.9880967,-3.272973,1.230516,0.014103529,0.8127855,12.73936,-28.375093,-22.000778,-1.9816282,1.2796141
707,-0.3220035135746002,1.753890872001648,78.61713409423828,0.1981632845892722,-1.6764902105415358,-86.57384621034174,1.5614899,-1.318737,7.2002316,6.424692,-6.848566,1.4724755,2.7896342,0.23770788,-9.429453,6.522752,-8.840426,-1.3869097,1.2815089,-1.1137711,3.182237,5.6858544,9.890936,-3.3567963,68.363205,2.9894419,-3.271182,1.2425609,0.012520774,0.8113636,12.739097,-28.385515,-22.024485,-1.9784639,1.278073
708,-0.32504475116729736,1.7572529315948486,78.6170883178711,0.1990785192883355,-1.675788583564747,-86.5669435400915,1.5561326,-1.3187428,7.1931767,6.4242854,-6.8430567,1.4707288,2.786514,0.23800163,-9.435636,6.5233326,-8.839066,-1.3891672,1.281615,-1.1133009,3.1874957,5.684207,9.888428,-3.3576152,68.36478,2.9884744,-3.2727199,1.2530414,0.0109040905,0.8106589,12.739213,-28.392328,-22.039946,-1.9811627,1.274902
709,-0.3255165219306946,1.7591980695724487,78.61746215820312,0.19996916269068205,-1.6731246880727237,-86.56003794584329,1.5505891,-1.3210082,7.186352,6.4240823,-6.8397202,1.4707987,2.7831123,0.23617151,-9.441724,6.523377,-8.838435,-1.3893666,1.2783254,-1.1109703,3.1906729,5.683446,9.885215,-3.3599918,68.367294,2.9811974,-3.2776482,1.2583152,0.0065272353,0.8098536,12.739885,-28.391901,-22.04563,-1.993975,1.2683483
710,-0.32815438508987427,1.759950041770935,78.61754608154297,0.20080380709483456,-1.6692161751324748,-86.55327942130074,1.5440116,-1.3214047,7.1792207,6.4236507,-6.836047,1.4688436,2.7789452,0.23625332,-9.448105,6.523226,-8.838341,-1.3915395,1.2725004,-1.1064734,3.192388,5.6855345,9.880393,-3.365782,68.367744,2.9702365,-3.2836127,1.263221,-0.0022441677,0.8088323,12.741977,-28.38438,-22.049042,-2.013521,1.25776
711,-0.3301181495189667,1.7618530988693237,78.61741638183594,0.20167192752185287,-1.6654493736847742,-86.54666671273364,1.536054,-1.3222685,7.1725693,6.424414,-6.832178,1.4676485,2.773421,0.2355847,-9.454333,6.5242114,-8.837832,-1.3932273,1.267076,-1.1024357,3.1930077,5.68941,9.876434,-3.3716831,68.368195,2.9627042,-3.2907832,1.268024,-0.009303894,0.8080927,12.744187,-28.378796,-22.047132,-2.0334532,1.2485946
712,-0.33216971158981323,1.7644816637039185,78.61782836914062,0.20256108812804277,-1.663031831589289,-86.54079049764681,1.5308971,-1.3230026,7.1668763,6.4240856,-6.8287587,1.4666378,2.7693417,0.23515235,-9.460002,6.523877,-8.836142,-1.3948784,1.2641649,-1.098504,3.1939068,5.693681,9.873162,-3.3773518,68.36931,2.9602096,-3.297887,1.278649,-0.014547245,0.8075847,12.74643,-28.379408,-22.036242,-2.0458424,1.2413185
713,-0.3345482349395752,1.7669085264205933,78.6180419921875,0.2026418132696174,-1.6626532210022213,-86.53590070171833,1.5269482,-1.3219047,7.1625013,6.4243264,-6.8251004,1.4655237,2.7673085,0.23610492,-9.46504,6.524379,-8.835476,-1.3966976,1.265336,-1.0952926,3.195553,5.696187,9.871741,-3.3802576,68.37534,2.9708548,-3.3083305,1.2971221,-0.016202439,0.8074208,12.747569,-28.38921,-22.009836,-2.0468032,1.2374483
714,-0.3350534439086914,1.7675710916519165,78.6183090209961,0.20168627657218707,-1.6634643314684459,-86.53178068352634,1.526564,-1.3208758,7.1592283,6.4240565,-6.8235207,1.4657669,2.7676647,0.236773,-9.469434,6.52464,-8.835577,-1.3967708,1.2685555,-1.0907332,3.1963866,5.7024674,9.867938,-3.3879662,68.38104,2.9872246,-3.32114,1.3238951,-0.017165313,0.807064,12.7503395,-28.403582,-21.973154,-2.0398986,1.2350616
715,-0.33843404054641724,1.7700910568237305,78.61798858642578,0.20167646569920078,-1.6646638887100818,-86.52782429945643,1.5252125,-1.3185912,7.15597,6.42364,-6.820285,1.463977,2.7677472,0.23894444,-9.473911,6.5246267,-8.835128,-1.3993349,1.2729317,-1.0872554,3.1979566,5.7057843,9.865882,-3.391938,68.38805,3.0037212,-3.330438,1.3485911,-0.016445426,0.8069127,12.751882,-28.421257,-21.935463,-2.03323,1.2351519
716,-0.3400190770626068,1.773984670639038,78.61817169189453,0.20156911819765164,-1.665283318978043,-86.52315532442506,1.5216836,-1.3180265,7.152124,6.423687,-6.8162317,1.4634161,2.7662866,0.2393776,-9.478869,6.5238643,-8.83261,-1.4005686,1.2766078,-1.0838257,3.1992502,5.710998,9.862661,-3.3984003,68.38954,3.0101814,-3.3321562,1.3654478,-0.01495111,0.80667794,12.755018,-28.437271,-21.909195,-2.0327237,1.2383096
717,-0.34102097153663635,1.7780693769454956,78.61856079101562,0.2042475194136621,-1.665185601398367,-86.51766590001718,1.5165526,-1.3213736,7.1477833,6.4238725,-6.8118067,1.4630524,2.7635489,0.23579319,-9.484088,6.5240083,-8.830105,-1.4009407,1.279528,-1.0822793,3.2014048,5.7131968,9.860975,-3.401412,68.38759,3.0034926,-3.3230066,1.366125,-0.014754597,0.80650866,12.757279,-28.449312,-21.8943,-2.0431468,1.2474458
718,-0.34390175342559814,1.7786115407943726,78.61851501464844,0.20667211353857778,-1.6646450885857444,-86.51181412764942,1.5139017,-1.3230686,7.142459,6.424489,-6.8106956,1.460088,2.7633064,0.23418178,-9.489884,6.5235786,-8.830132,-1.4028047,1.2821869,-1.0813993,3.204127,5.714952,9.859119,-3.403903,68.38192,2.9870207,-3.3051727,1.3575307,-0.01541093,0.8062361,12.760556,-28.45954,-21.885988,-2.0594487,1.2603325
719,-0.3455827236175537,1.780231237411499,78.6187515258789,0.21018685438338125,-1.66411268121134,-86.50568382215178,1.5108215,-1.3270967,7.1371536,6.424935,-6.80907,1.4585217,2.7622721,0.23020722,-9.4956,6.523852,-8.829839,-1.4035859,1.2842147,-1.080684,3.2073154,5.716203,9.857247,-3.4056897,68.3759,2.9714558,-3.2857313,1.3479255,-0.017153261,0.80581397,12.764935,-28.469799,-21.885616,-2.0760112,1.2729571
720,-0.34706878662109375,1.780863881111145,78.61874389648438,0.21088803164459113,-1.6638521871012315,-86.49944495503847,1.5083826,-1.3280108,7.1311994,6.425161,-6.807161,1.4571422,2.7621863,0.22936606,-9.501767,6.523711,-8.829932,-1.4047247,1.2857732,-1.0794328,3.2108936,5.7169437,9.85638,-3.4066625,68.3728,2.9671538,-3.2705572,1.3449852,-0.019071918,0.8055637,12.76825,-28.48124,-21.89249,-2.088256,1.2811551
721,-0.34933382272720337,1.7822387218475342,78.61894989013672,0.21005094811459782,-1.6638366361367891,-86.49299605845188,1.5057329,-1.3264403,7.124619,6.4257054,-6.8044214,1.4560857,2.7623327,0.23114288,-9.508459,6.523257,-8.829953,-1.407073,1.2850742,-1.0761472,3.2151659,5.7192507,9.854045,-3.410385,68.37153,2.9764578,-3.2617934,1.3541996,-0.024906995,0.804774,12.77933,-28.491709,-21.917099,-2.0913644,1.2801949
722,-0.35038521885871887,1.786068320274353,78.61894226074219,0.20722674920226677,-1.6638828274942419,-86.48628638363581,1.5022153,-1.3238678,7.1175866,6.4243093,-6.7985387,1.456771,2.7596948,0.23390512,-9.515561,6.5234494,-8.827707,-1.4090972,1.2852879,-1.0730656,3.2193124,5.720284,9.852941,-3.4126484,68.37352,2.9964154,-3.2563915,1.3682728,-0.027534045,0.80435586,12.784478,-28.504433,-21.951893,-2.093659,1.2785339
723,-0.35195192694664,1.7896612882614136,78.6189956665039,0.2044834424592109,-1.66418520531443,-86.47966553799061,1.4987918,-1.3208702,7.110547,6.422219,-6.791669,1.4569511,2.7584028,0.23721488,-9.5225935,6.521918,-8.824887,-1.4114765,1.2823321,-1.0682251,3.224251,5.724642,9.850603,-3.4214642,68.372,3.0112262,-3.2503264,1.3877735,-0.03698051,0.80332315,12.802509,-28.514248,-21.992393,-2.0860364,1.2642145
724,-0.3519095182418823,1.7926183938980103,78.61891174316406,0.20346923818135457,-1.664930444949818,-86.47395423743983,1.4956838,-1.3209163,7.1048265,6.423881,-6.789055,1.4578438,2.7569723,0.23711342,-9.528151,6.5237827,-8.8246765,-1.4118294,1.282158,-1.0660801,3.2288895,5.726465,9.849716,-3.4253953,68.37494,3.0282164,-3.243351,1.3981544,-0.041057605,0.80276775,12.810603,-28.531557,-22.006262,-2.0883374,1.2604004
725,-0.3512830138206482,1.795897126197815,78.61894989013672,0.2051562065318561,-1.6668438820835427,-86.46938563646877,1.4937155,-1.3244342,7.100635,6.423607,-6.7850933,1.4583422,2.7568986,0.23359665,-9.531907,6.524438,-8.823246,-1.410805,1.283507,-1.066148,3.2339048,5.727138,9.849419,-3.4268327,68.38088,3.0423138,-3.234032,1.3977941,-0.043264765,0.80250657,12.814046,-28.553614,-21.986614,-2.097064,1.2605668
726,-0.35438409447669983,1.7986942529678345,78.61904907226562,0.20860265726469074,-1.6697019480719262,-86.46563620845662,1.4940006,-1.3268816,7.096804,6.423876,-6.7829576,1.4551247,2.7582772,0.23146363,-9.534917,6.524302,-8.822034,-1.4123906,1.2836407,-1.0664552,3.2399638,5.728873,9.848631,-3.4303267,68.3871,3.0515761,-3.2231064,1.3927108,-0.05077621,0.801447,12.825618,-28.577038,-21.94895,-2.104549,1.2549332
727,-0.3557722866535187,1.8008464574813843,78.6197509765625,0.21232306166851833,-1.6717768417861332,-86.46224267855895,1.4939514,-1.3309413,7.093655,6.424641,-6.78199,1.4533141,2.759273,0.22761682,-9.5373,6.523677,-8.820477,-1.4123515,1.2835027,-1.0671763,3.2456257,5.729943,9.847998,-3.432063,68.39462,3.0612662,-3.2123206,1.3870473,-0.056724858,0.7998546,12.836794,-28.602133,-21.906303,-2.1145544,1.2526174
728,-0.35790950059890747,1.8026620149612427,78.62005615234375,0.21396015007677818,-1.6716703261270272,-86.45826499230171,1.4914113,-1.3320016,7.089836,6.424543,-6.7795157,1.4514643,2.7582278,0.22675048,-9.540859,6.5236244,-8.819797,-1.4134923,1.2836101,-1.067595,3.249414,5.730438,9.847895,-3.4323092,68.401245,3.0688524,-3.2024682,1.3875846,-0.05936041,0.7992358,12.840793,-28.62566,-21.877562,-2.1237817,1.2509311
729,-0.36012595891952515,1.8053621053695679,78.62033081054688,0.215002100113799,-1.6679234040492485,-86.45375157490062,1.4833633,-1.3321415,7.085918,6.4246116,-6.775002,1.4510088,2.751253,0.22635806,-9.545376,6.524475,-8.817744,-1.4151514,1.2808588,-1.0659834,3.2514973,5.7319837,9.8479,-3.4326065,68.404854,3.073523,-3.1929948,1.3976657,-0.06488553,0.7974101,12.85126,-28.641993,-21.868198,-2.132307,1.2482718
730,-0.3611859083175659,1.8090722560882568,78.6204605102539,0.21325267063899567,-1.6617050263245197,-86.44894777919103,1.4723588,-1.3302381,7.0817733,6.424102,-6.7693415,1.4520522,2.7424297,0.22832736,-9.550632,6.5242896,-8.815221,-1.416546,1.2778229,-1.063623,3.2516768,5.733147,9.84817,-3.43286,68.40847,3.0774186,-3.1838467,1.4136894,-0.067196794,0.795487,12.859129,-28.65672,-21.86594,-2.145104,1.2519845
731,-0.36366480588912964,1.8109877109527588,78.62081909179688,0.2125403259624148,-1.6552976726324597,-86.44424601578818,1.4623569,-1.3281347,7.077655,6.42455,-6.765627,1.4520936,2.7343268,0.23039475,-9.555835,6.523565,-8.8132105,-1.4188812,1.2751781,-1.061631,3.2517207,5.7342687,9.848527,-3.4330237,68.41115,3.0788722,-3.1758358,1.43054,-0.06858816,0.79408264,12.863844,-28.673307,-21.869062,-2.1535127,1.2519406
732,-0.3657004237174988,1.8140182495117188,78.62077331542969,0.21161302936882573,-1.651002990375103,-86.44002703302334,1.4540218,-1.3261636,7.073907,6.423852,-6.760457,1.4521933,2.7261703,0.2320561,-9.560589,6.524702,-8.810824,-1.420937,1.2721654,-1.0599699,3.2530472,5.7365284,9.849171,-3.4328134,68.4134,3.0790884,-3.1713278,1.4420648,-0.070930414,0.7921764,12.870969,-28.691359,-21.869905,-2.155319,1.2475786
733,-0.366607666015625,1.8183540105819702,78.62115478515625,0.21067777257256343,-1.6500916082837191,-86.43683743290944,1.4481896,-1.3250269,7.0710196,6.42338,-6.754777,1.4529127,2.7224216,0.23313166,-9.56409,6.5238676,-8.8073,-1.4220914,1.2705692,-1.0606383,3.2567315,5.737725,9.849476,-3.4322476,68.417564,3.0787694,-3.171371,1.4470918,-0.0721976,0.7914515,12.873244,-28.717802,-21.864817,-2.1473122,1.2410637
734,-0.368225634098053,1.8214460611343384,78.62120056152344,0.2106293314410229,-1.6512676158282429,-86.43427215609447,1.4465014,-1.3242174,7.068584,6.4233913,-6.7516317,1.452851,2.7210019,0.23383279,-9.566913,6.5239162,-8.80496,-1.4235978,1.2684885,-1.0622853,3.262058,5.740402,9.850205,-3.4297152,68.421745,3.0776162,-3.1751235,1.4484752,-0.075372696,0.78999925,12.877343,-28.74598,-21.857191,-2.1320503,1.232194
735,-0.3690868020057678,1.824610710144043,78.62113189697266,0.2115266188976439,-1.6524234890452174,-86.43166284579407,1.4448453,-1.3250968,7.066282,6.4229174,-6.7481747,1.45335,2.7200701,0.23288214,-9.569553,6.52394,-8.802965,-1.4243155,1.266999,-1.0632118,3.2669945,5.742171,9.850543,-3.4279873,68.42495,3.0763147,-3.1796021,1.4473302,-0.07741918,0.7894005,12.878874,-28.77422,-21.853657,-2.1166265,1.2207638
736,-0.3711790442466736,1.8264178037643433,78.6209945678711,0.21256335252854033,-1.651501895791031,-86.42843842557302,1.4416317,-1.3252193,7.063033,6.422272,-6.744984,1.452339,2.7176101,0.23273297,-9.572985,6.5235786,-8.801325,-1.4260279,1.2633092,-1.0612917,3.269904,5.749615,9.852204,-3.4191253,68.41975,3.0790627,-3.1822798,1.4430172,-0.08531895,0.78650177,12.884177,-28.791958,-21.85788,-2.1073577,1.2052656
737,-0.37340474128723145,1.8297010660171509,78.62117767333984,0.21373194917064423,-1.6470519112767568,-86.42432189072971,1.4327633,-1.3256558,7.0587916,6.422749,-6.7409077,1.4509029,2.7105772,0.23235795,-9.577464,6.523149,-8.798638,-1.4280837,1.2619734,-1.0553061,3.2689586,5.7522664,9.852875,-3.4165688,68.41785,3.0771596,-3.1836715,1.4420294,-0.087686315,0.78523266,12.884995,-28.804026,-21.87946,-2.1136992,1.1914583
738,-0.3743157386779785,1.8327869176864624,78.62186431884766,0.21393882016235713,-1.6403760042268025,-86.41974874996993,1.4214013,-1.32626,7.053906,6.4223833,-6.735882,1.4498873,2.7011573,0.23178157,-9.582514,6.5225043,-8.795413,-1.4292461,1.2610111,-1.0464221,3.2656662,5.7560654,9.853632,-3.4149141,68.41291,3.0738213,-3.184686,1.4406903,-0.0906225,0.78358823,12.884292,-28.810272,-21.9112,-2.128474,1.1752464
739,-0.37487664818763733,1.834383249282837,78.62222290039062,0.21320520625784609,-1.6337775625390694,-86.41489166852142,1.4113873,-1.3261665,7.048608,6.4227877,-6.732913,1.4488297,2.6931696,0.2320077,-9.587871,6.522568,-8.794263,-1.430114,1.2606572,-1.0363946,3.261954,5.757679,9.85392,-3.415141,68.409966,3.0705233,-3.1849425,1.4381052,-0.091578834,0.78282535,12.883219,-28.816156,-21.944614,-2.1422472,1.1614591
740,-0.37756240367889404,1.8371639251708984,78.62226867675781,0.2143204061705042,-1.629546764194735,-86.40998660469214,1.4022669,-1.3262622,7.043626,6.4232826,-6.728296,1.4470534,2.6864746,0.2319049,-9.592995,6.5223374,-8.791986,-1.4323919,1.260247,-1.0270137,3.259055,5.7602057,9.854163,-3.4162388,68.40631,3.0693357,-3.1841016,1.4324433,-0.09265952,0.7820451,12.881021,-28.826036,-21.968826,-2.1454442,1.1555934
741,-0.37810713052749634,1.8380588293075562,78.62245178222656,0.21508624805723775,-1.62880440659714,-86.4050189306387,1.3999568,-1.3277352,7.039103,6.4232707,-6.7265353,1.4475541,2.6848338,0.23041084,-9.597532,6.522712,-8.791589,-1.4324815,1.2607144,-1.0175283,3.2565231,5.7646036,9.854653,-3.4199593,68.40397,3.0725358,-3.1832876,1.4204661,-0.09327977,0.7800345,12.874578,-28.839441,-21.98315,-2.1317155,1.1616304
742,-0.3801932632923126,1.8393795490264893,78.62293243408203,0.21681411726223868,-1.6301668505317783,-86.39992285160224,1.3992027,-1.3289338,7.034719,6.422849,-6.7235985,1.44752,2.685864,0.22927679,-9.601989,6.523468,-8.792351,-1.4336168,1.2611779,-1.0075095,3.2548048,5.7669234,9.854815,-3.4220617,68.40296,3.0783522,-3.179817,1.4036379,-0.09281312,0.7790815,12.871102,-28.856903,-21.990671,-2.1080852,1.1757519
743,-0.3823428750038147,1.8423529863357544,78.62287902832031,0.21845347012006633,-1.6320444055725432,-86.3947343495025,1.3987283,-1.3302236,7.030285,6.421751,-6.719755,1.4477313,2.686198,0.22822201,-9.60648,6.523027,-8.790725,-1.4348508,1.2613366,-0.99911755,3.253598,5.7714167,9.854988,-3.425953,68.39934,3.0840886,-3.1762576,1.3880899,-0.0913362,0.77761364,12.8644285,-28.876822,-21.99322,-2.081028,1.1940151
744,-0.3832055330276489,1.8452718257904053,78.62285614013672,0.21824529013615176,-1.63279988106339,-86.38941679361898,1.395745,-1.3304441,7.025519,6.42174,-6.7157435,1.4482313,2.6855829,0.22818172,-9.611242,6.5231586,-8.789724,-1.4352541,1.2601044,-0.9942631,3.254155,5.7769957,9.85516,-3.4308991,68.39177,3.0856967,-3.1729598,1.3816576,-0.09060917,0.77588296,12.855238,-28.89456,-21.983835,-2.066861,1.2074192
745,-0.3837375342845917,1.8475890159606934,78.62272644042969,0.21912753992660663,-1.6319982158156856,-86.38353247030474,1.3920516,-1.3322799,7.0202627,6.420938,-6.7119193,1.4484594,2.6832201,0.22655672,-9.616204,6.5232587,-8.788454,-1.4349132,1.2547681,-0.99538946,3.2585893,5.7793074,9.855301,-3.4325495,68.3873,3.0846345,-3.1714501,1.3870571,-0.09253797,0.77487314,12.85035,-28.912855,-21.961025,-2.0631232,1.2051063
746,-0.38401979207992554,1.8513249158859253,78.62310028076172,0.21720449692455115,-1.6304421494226167,-86.37714299991993,1.3864317,-1.3314513,7.0140705,6.42033,-6.7071147,1.4482291,2.6794355,0.22784325,-9.621967,6.523191,-8.786425,-1.4348034,1.2467674,-1.0008004,3.2659132,5.781333,9.855548,-3.4326105,68.38046,3.0809455,-3.1698039,1.4004183,-0.0975774,0.7736844,12.845438,-28.929924,-21.921803,-2.0678794,1.1967262
747,-0.3861302137374878,1.8541362285614014,78.62326049804688,0.21711071330672255,-1.6287681181354587,-86.37121477977914,1.3808143,-1.3308969,7.0082903,6.4206734,-6.7032876,1.4465688,2.6756816,0.22869551,-9.62736,6.523655,-8.785266,-1.4360223,1.2378757,-1.0067377,3.2740486,5.782917,9.8559675,-3.4309142,68.37437,3.0783703,-3.1691022,1.4146017,-0.10547517,0.7720954,12.839961,-28.944656,-21.89075,-2.0734048,1.1894001
748,-0.38818618655204773,1.8569849729537964,78.62358856201172,0.2171952308389674,-1.6274828221059758,-86.36664252027794,1.3755372,-1.330278,7.0037856,6.420683,-6.6990976,1.4450886,2.672358,0.22940814,-9.6319,6.523723,-8.783639,-1.4376303,1.2302374,-1.0097144,3.2809954,5.783911,9.856417,-3.428405,68.36988,3.0797849,-3.1693993,1.4228392,-0.114016,0.77048475,12.83454,-28.9551,-21.887533,-2.0744176,1.1923307
749,-0.38882702589035034,1.860495686531067,78.62395477294922,0.21825463498381484,-1.6266280272415656,-86.363785505048,1.3706133,-1.3315578,7.001217,6.4211354,-6.695498,1.4452722,2.6684628,0.22783674,-9.6350765,6.5234165,-8.780258,-1.4387075,1.2244285,-1.0078232,3.2849996,5.7844434,9.856667,-3.427256,68.36966,3.0868366,-3.1719263,1.4235017,-0.11926925,0.769486,12.830967,-28.962711,-21.932384,-2.067879,1.2130424
750,-0.3901175558567047,1.864597201347351,78.62383270263672,0.21728997561571992,-1.6258155479273142,-86.36239827363941,1.3660247,-1.3299901,6.9994445,6.420959,-6.6914806,1.4447749,2.664513,0.22928347,-9.637833,6.5225515,-8.77627,-1.4413365,1.2197982,-1.0033433,3.2884111,5.7849703,9.8571205,-3.4266326,68.36986,3.097243,-3.1756144,1.4203006,-0.1300168,0.76712126,12.820795,-28.962105,-22.005257,-2.0595832,1.2482549
751,-0.3896328806877136,1.8671101331710815,78.62433624267578,0.21836099501497075,-1.6254603302371708,-86.36136410173576,1.3631816,-1.3318541,6.9986134,6.421482,-6.6897087,1.4457492,2.6620739,0.22698945,-9.639635,6.5218873,-8.77322,-1.4419067,1.2158103,-0.9986172,3.2906964,5.784973,9.857224,-3.4273453,68.372215,3.1057115,-3.1792688,1.4161183,-0.13246283,0.76635575,12.817367,-28.966413,-22.085102,-2.0488267,1.2805632
752,-0.39188405871391296,1.8732339143753052,78.6246566772461,0.21827705851978796,-1.6257012944327625,-86.35985558395033,1.3575865,-1.3304237,6.9970884,6.4214106,-6.683801,1.4445568,2.6584032,0.22837187,-9.642097,6.521184,-8.768875,-1.4448097,1.2120233,-0.9955415,3.2942863,5.784864,9.857297,-3.428123,68.37245,3.108285,-3.1807933,1.4124494,-0.13366476,0.76565707,12.814921,-28.97197,-22.134712,-2.041845,1.2969269
753,-0.3924907147884369,1.8770101070404053,78.62504577636719,0.2191132076578967,-1.6271636421787132,-86.35759346694142,1.3562404,-1.331473,6.995495,6.421129,-6.6810403,1.4442247,2.6564753,0.22718894,-9.64423,6.5212045,-8.765682,-1.4450252,1.2093284,-0.995562,3.3013952,5.783434,9.857442,-3.429838,68.36844,3.0994298,-3.178771,1.4112315,-0.13667531,0.7643774,12.809123,-28.978828,-22.144796,-2.0372064,1.2967165
754,-0.39298954606056213,1.881150722503662,78.62509155273438,0.2198985493005616,-1.6295139403510503,-86.3550467483435,1.3543185,-1.3324381,6.993931,6.4216504,-6.6777267,1.4437971,2.6554794,0.2260273,-9.646282,6.5215263,-8.76295,-1.4446455,1.207083,-0.9972638,3.3104932,5.780199,9.857692,-3.4312298,68.363525,3.0840545,-3.1746328,1.410559,-0.13951145,0.76259327,12.802381,-28.984814,-22.128975,-2.0363102,1.2816405
755,-0.39623379707336426,1.8868062496185303,78.62471771240234,0.22070535332145252,-1.6318110767173182,-86.35265007687323,1.3512628,-1.3312747,6.9921055,6.421861,-6.6727552,1.4412348,2.653756,0.22729737,-9.648491,6.521282,-8.759393,-1.4467647,1.2044619,-0.9991255,3.3185866,5.7781816,9.857853,-3.4314213,68.35808,3.0701132,-3.1703525,1.4074373,-0.14033717,0.76161134,12.799496,-28.9909,-22.106472,-2.0354476,1.2645974
756,-0.39553824067115784,1.888120412826538,78.62503051757812,0.22155943585718263,-1.6330569297716113,-86.35092888183222,1.351242,-1.3331898,6.9909434,6.421362,-6.6713605,1.4413098,2.6540377,0.22533913,-9.649698,6.521607,-8.758755,-1.4456121,1.2024691,-0.9991225,3.323567,5.7768435,9.85794,-3.431362,68.35416,3.0652778,-3.1672456,1.3987318,-0.14045806,0.7610831,12.797636,-28.997208,-22.094011,-2.0317645,1.2563865
757,-0.39543434977531433,1.8898921012878418,78.62495422363281,0.22332798337771198,-1.6328499568894488,-86.35007909713171,1.3486023,-1.3356009,6.9901404,6.422321,-6.6700683,1.4409883,2.6522338,0.22284114,-9.650488,6.5220814,-8.757521,-1.4456216,1.2030329,-0.99561316,3.3239226,5.7736297,9.85814,-3.4314458,68.35552,3.0757756,-3.1663027,1.3782035,-0.13855016,0.75908464,12.789806,-29.000446,-22.09014,-2.0271854,1.2643936
758,-0.39818403124809265,1.8920965194702148,78.62476348876953,0.22527269978431072,-1.6317755033624168,-86.34991657025859,1.3450785,-1.335953,6.98914,6.422191,-6.6673007,1.4382336,2.6488252,0.22260463,-9.651219,6.5218325,-8.755126,-1.4485866,1.2027286,-0.990435,3.3205912,5.7735696,9.858147,-3.4316266,68.3562,3.0935996,-3.1664255,1.3512869,-0.13750742,0.75862104,12.7878475,-29.001402,-22.093687,-2.018939,1.2770876
759,-0.40010520815849304,1.8940776586532593,78.62520599365234,0.22618829000468857,-1.630365995271263,-86.34991778680727,1.3417109,-1.3357689,6.988305,6.422019,-6.664935,1.4362437,2.645505,0.22294384,-9.651735,6.5216475,-8.753116,-1.4510618,1.2026023,-0.9850458,3.3172255,5.773923,9.858078,-3.4320302,68.35641,3.1126053,-3.1665404,1.3254764,-0.13538174,0.7578039,12.784616,-29.002949,-22.098772,-2.0107558,1.2925735
760,-0.3994463384151459,1.8961377143859863,78.6256103515625,0.22716981076997725,-1.629140936252016,-86.35009408163415,1.3390844,-1.337585,6.9884963,6.4212594,-6.6627064,1.437215,2.6425974,0.22118948,-9.65143,6.521707,-8.751281,-1.450975,1.2015744,-0.9811105,3.316871,5.7746143,9.857982,-3.4326046,68.35378,3.1243868,-3.165822,1.3109676,-0.13184689,0.7570974,12.780366,-29.008898,-22.100702,-2.0060616,1.3074622
761,-0.40108364820480347,1.9010778665542603,78.62615966796875,0.22626007764524667,-1.628351981805673,-86.35001729056361,1.3337171,-1.3351794,6.988675,6.4211397,-6.6575165,1.4376671,2.636771,0.22349502,-9.651181,6.521911,-8.746755,-1.4529681,1.1975981,-0.9803264,3.3222961,5.7747717,9.857938,-3.432765,68.34769,3.1240404,-3.1636899,1.3157953,-0.13033806,0.756657,12.777705,-29.018541,-22.105316,-2.0037456,1.3168719
762,-0.4012526571750641,1.9045276641845703,78.62670135498047,0.22347186091841495,-1.6274707825560109,-86.35003449663152,1.3300403,-1.331704,6.9892035,6.420466,-6.65347,1.4397124,2.6322172,0.22696713,-9.65047,6.522188,-8.74356,-1.4536616,1.1920996,-0.98107785,3.33119,5.7741995,9.857921,-3.4324932,68.33978,3.1169393,-3.1607974,1.3321729,-0.12988709,0.75584394,12.774132,-29.031044,-22.110233,-2.0034738,1.3246864
763,-0.4020957350730896,1.9074842929840088,78.62683868408203,0.22167701578143686,-1.6269759666286048,-86.35008559771669,1.3268031,-1.3285911,6.9899497,6.4186926,-6.648353,1.4413742,2.6290104,0.23006162,-9.649672,6.5220003,-8.740955,-1.4546959,1.1859329,-0.9816626,3.340449,5.773819,9.85793,-3.4322615,68.332466,3.1072726,-3.1586,1.3504416,-0.1302427,0.755614,12.773114,-29.041618,-22.11327,-2.003987,1.3285425
764,-0.4025992453098297,1.9118878841400146,78.62705993652344,0.2198646845752064,-1.6269933188870491,-86.35027262498528,1.3232323,-1.3259686,6.9906216,6.4188275,-6.644631,1.4427849,2.6253078,0.232626,-9.649363,6.5222197,-8.737695,-1.4557543,1.1813167,-0.9800735,3.3488526,5.7703342,9.858002,-3.4306881,68.33001,3.099456,-3.1590054,1.3624059,-0.13346922,0.75401056,12.767229,-29.048143,-22.1089,-2.0055025,1.3280208
765,-0.40283873677253723,1.913185954093933,78.62735748291016,0.21893393722000587,-1.6280650239891765,-86.35052682748986,1.323095,-1.3244159,6.9911947,6.4194207,-6.64412,1.443089,2.6251218,0.23382556,-9.64972,6.5227036,-8.737049,-1.4564878,1.1785688,-0.97446483,3.3529503,5.7684026,9.85789,-3.430569,68.33124,3.0907521,-3.1635695,1.3641798,-0.13416672,0.75277257,12.763136,-29.051645,-22.095562,-2.0074604,1.3166729
766,-0.4034439027309418,1.9178876876831055,78.62698364257812,0.2180726694240369,-1.629895931581367,-86.35085072578067,1.3207765,-1.3227862,6.991824,6.420036,-6.6409497,1.4430393,2.6227427,0.2349148,-9.650648,6.5229936,-8.733324,-1.4580246,1.1764408,-0.9667191,3.3547509,5.7681565,9.857744,-3.4311295,68.33394,3.0799603,-3.1708546,1.3617918,-0.1333862,0.7523162,12.761816,-29.051924,-22.078245,-2.0091522,1.2971755
767,-0.40482547879219055,1.9206140041351318,78.62710571289062,0.21815739090879732,-1.6314543423754895,-86.35136165487053,1.3201387,-1.3215901,6.9923596,6.419927,-6.638982,1.4419196,2.6215317,0.23561652,-9.651454,6.5231714,-8.730966,-1.4598521,1.1757122,-0.95851743,3.355247,5.7677693,9.856967,-3.4357255,68.337555,3.069644,-3.1775525,1.3577919,-0.1280736,0.75107956,12.75749,-29.053766,-22.058077,-2.0126104,1.2777205
768,-0.407732218503952,1.9257535934448242,78.62708282470703,0.2182254270997201,-1.631705111158426,-86.3519670278135,1.315615,-1.3193148,6.9925375,6.420257,-6.6345797,1.4397687,2.6166823,0.23757854,-9.652102,6.5232396,-8.726347,-1.4630673,1.1728796,-0.9534713,3.3571386,5.7676206,9.856718,-3.4373486,68.33849,3.067525,-3.1804216,1.3517267,-0.12626958,0.7508241,12.7566185,-29.051628,-22.044725,-2.0139952,1.2600305
769,-0.40826523303985596,1.9273951053619385,78.62730407714844,0.22009664516711105,-1.6303546560728996,-86.35247508309567,1.3122295,-1.3211063,6.992616,6.420475,-6.6328278,1.4391631,2.6142542,0.23591019,-9.651659,6.522755,-8.724714,-1.4633508,1.1687127,-0.9522981,3.3604877,5.7672935,9.856579,-3.438366,68.33635,3.0762248,-3.1776536,1.3426307,-0.12505819,0.7507205,12.756254,-29.047356,-22.037592,-2.013881,1.2481871
770,-0.4088735282421112,1.9302093982696533,78.62763977050781,0.22282404219147142,-1.6278070092814751,-86.35308949212308,1.3071332,-1.3241079,6.992498,6.419744,-6.629523,1.4385469,2.6094716,0.23325385,-9.650799,6.5212836,-8.720838,-1.4634712,1.165208,-0.95340824,3.3641622,5.7644863,9.856002,-3.4430015,68.3355,3.0908961,-3.1714885,1.3313905,-0.11971754,0.75040096,12.755298,-29.045162,-22.033112,-2.014679,1.2386258
771,-0.4108102023601532,1.9330507516860962,78.62754821777344,0.2246653161929135,-1.624587649290197,-86.35402906432464,1.3013886,-1.3250083,6.992336,6.4193277,-6.626356,1.4367205,2.602915,0.23271884,-9.649858,6.521007,-8.717296,-1.4649115,1.1599172,-0.95521516,3.3681192,5.763516,9.855853,-3.444328,68.3319,3.10787,-3.1642168,1.3202995,-0.11828636,0.75034636,12.7551775,-29.038055,-22.031277,-2.0145576,1.2300537
772,-0.4112173318862915,1.9360357522964478,78.62803649902344,0.22574852311877808,-1.6211323900441033,-86.3555952145018,1.2953328,-1.3259281,6.993263,6.4190755,-6.6234374,1.4363697,2.5954494,0.23183605,-9.648209,6.521177,-8.71344,-1.4652604,1.1544532,-0.95527864,3.371526,5.761335,9.855538,-3.4472466,68.329895,3.1207314,-3.1582239,1.3144403,-0.115620464,0.75028574,12.755154,-29.030485,-22.030462,-2.0157645,1.2196257
773,-0.41142675280570984,1.9388363361358643,78.62860107421875,0.224131722575229,-1.6169036528405973,-86.3579825368939,1.2880579,-1.3234532,6.995056,6.4188623,-6.62003,1.4362735,2.587544,0.23428185,-9.646075,6.52131,-8.710137,-1.46611,1.1483129,-0.95287323,3.374048,5.7576885,9.854995,-3.4525726,68.33234,3.1233928,-3.1547098,1.3195075,-0.11193187,0.75024134,12.755413,-29.022339,-22.033869,-2.0183523,1.2065319
774,-0.412262499332428,1.941123604774475,78.62871551513672,0.2208013919411512,-1.6119591625537222,-86.36109852507816,1.2813067,-1.3183455,6.997391,6.417486,-6.61654,1.4356928,2.5797763,0.23960444,-9.643543,6.5198846,-8.706379,-1.4678706,1.1430094,-0.94799465,3.3757455,5.7498827,9.853173,-3.4709013,68.33952,3.1144867,-3.151352,1.333639,-0.10543676,0.7502148,12.756789,-29.014389,-22.041565,-2.020955,1.1914414
775,-0.4105738401412964,1.9426918029785156,78.62904357910156,0.21741272123667688,-1.607265404415264,-86.36452840955032,1.2750472,-1.3149954,7.0005536,6.418873,-6.6163964,1.4370406,2.5715675,0.24268675,-9.64038,6.5218687,-8.705031,-1.4673948,1.1363834,-0.9435799,3.3773413,5.7464867,9.851913,-3.483484,68.342415,3.1066084,-3.1493595,1.3470805,-0.1032008,0.7502162,12.757667,-29.003963,-22.049505,-2.0237513,1.1789935
776,-0.4114379584789276,1.9446349143981934,78.62909698486328,0.21677089733486737,-1.6040816983202135,-86.3679316412361,1.2707709,-1.312748,7.003903,6.4172573,-6.613607,1.4364595,2.5658357,0.24493653,-9.637208,6.5211596,-8.702096,-1.4685589,1.1319871,-0.9395238,3.378475,5.7427564,9.850347,-3.4987104,68.347,3.0965412,-3.148547,1.3562052,-0.10012643,0.7502704,12.758171,-28.995056,-22.055815,-2.0266707,1.1703645
777,-0.41194093227386475,1.946169137954712,78.62938690185547,0.21596079600562992,-1.6032183341968127,-86.3713696510096,1.268022,-1.3105414,7.0074363,6.419095,-6.613766,1.4353988,2.5624752,0.24679182,-9.634129,6.5224967,-8.701143,-1.4692062,1.1289306,-0.93766904,3.3803394,5.740515,9.849574,-3.5059662,68.35127,3.0968165,-3.1499496,1.3544906,-0.09688899,0.75029236,12.757625,-28.989332,-22.061483,-2.0314887,1.1702253
778,-0.4147128164768219,1.9481546878814697,78.62882995605469,0.21785410497672572,-1.6040592209208409,-86.37488611616773,1.2679608,-1.3096251,7.0113444,6.418679,-6.6126227,1.4326571,2.5605214,0.24745214,-9.630943,6.5223417,-8.698549,-1.4712385,1.1274521,-0.9364589,3.382059,5.737935,9.848901,-3.5119126,68.35712,3.1001039,-3.1532953,1.3471626,-0.09192146,0.7503083,12.756121,-28.985172,-22.067228,-2.0376508,1.1750499
779,-0.4162098169326782,1.9506407976150513,78.62875366210938,0.21870493416214845,-1.6047418888785434,-86.3786103942107,1.2666224,-1.3085295,7.0154557,6.419271,-6.611489,1.4308106,2.5589793,0.24830575,-9.627641,6.5225058,-8.696655,-1.4724633,1.1273646,-0.9356491,3.3827133,5.734945,9.84833,-3.51676,68.364006,3.102993,-3.1566305,1.3382118,-0.08563169,0.7502977,12.753796,-28.984562,-22.069298,-2.0437927,1.1829503
780,-0.415753573179245,1.950340747833252,78.62924194335938,0.2207464701950912,-1.6037555154101102,-86.38232944959343,1.26644,-1.3102546,7.0198073,6.4192934,-6.612721,1.4307412,2.557785,0.24632008,-9.623767,6.521559,-8.695346,-1.4718158,1.1282593,-0.934903,3.3812356,5.7319345,9.84773,-3.5212095,68.368866,3.1052475,-3.1580153,1.3293765,-0.07912314,0.7502381,12.750919,-28.984894,-22.063889,-2.0480273,1.1893916
781,-0.4152423143386841,1.9504716396331787,78.62918853759766,0.22009436760883627,-1.5996174494603284,-86.38640742132203,1.262561,-1.3090981,7.0238295,6.419143,-6.6130366,1.4308816,2.5524952,0.24743901,-9.619932,6.520794,-8.693329,-1.4721189,1.1314024,-0.9336692,3.3759968,5.72812,9.846986,-3.5261052,68.373825,3.101844,-3.1568844,1.3218561,-0.07192074,0.75006723,12.747683,-28.988031,-22.043581,-2.049951,1.1957357
782,-0.41630375385284424,1.95120370388031,78.62939453125,0.21940861511510804,-1.5936652329250505,-86.3907191185892,1.2548006,-1.306377,7.0277886,6.4200106,-6.612112,1.4300922,2.543269,0.24973962,-9.61617,6.521519,-8.69089,-1.4741049,1.1354399,-0.9321766,3.3685482,5.725238,9.846453,-3.529038,68.376396,3.0965579,-3.1538353,1.3130434,-0.067428365,0.7498434,12.745856,-28.989937,-22.012896,-2.0491452,1.2003961
783,-0.41595813632011414,1.9507073163986206,78.62964630126953,0.21879333612569155,-1.5877291801957811,-86.39483379816345,1.2495376,-1.3050803,7.0315905,6.4188013,-6.611636,1.4303927,2.5369864,0.25110555,-9.612391,6.5200005,-8.6889,-1.4748279,1.138928,-0.93111426,3.3609474,5.722136,9.845753,-3.5321367,68.37809,3.0928028,-3.150567,1.3051103,-0.06349981,0.74939317,12.7444,-28.993496,-21.985506,-2.0475392,1.2046022
784,-0.41569051146507263,1.9498357772827148,78.62972259521484,0.21819312604028446,-1.5836603367164412,-86.39857919518491,1.2454184,-1.303709,7.034893,6.4204106,-6.613309,1.4303952,2.5312848,0.2521107,-9.609026,6.521825,-8.689048,-1.4754181,1.1387534,-0.9309384,3.355903,5.7213416,9.84551,-3.5330293,68.37771,3.0947068,-3.1494257,1.2994792,-0.06289857,0.74921465,12.7441635,-28.9959,-21.972996,-2.0458212,1.2073438
785,-0.41701608896255493,1.950564980506897,78.62972259521484,0.21926966495037076,-1.5827839203950358,-86.4014487888131,1.2441988,-1.3033003,7.03723,6.4204845,-6.6130505,1.4292735,2.5294282,0.25251555,-9.606565,6.5219045,-8.688268,-1.4769686,1.1340234,-0.93181354,3.355089,5.720816,9.845267,-3.534285,68.37696,3.1078846,-3.1506577,1.2971171,-0.06327969,0.7490403,12.744028,-28.998386,-21.98778,-2.0460563,1.2083784
786,-0.41899728775024414,1.9508857727050781,78.62952423095703,0.22037994410703154,-1.5837204580298914,-86.4039591747557,1.2451596,-1.3025714,7.0388293,6.4208646,-6.6134014,1.4273857,2.5300717,0.2533707,-9.604614,6.5208573,-8.687139,-1.4789631,1.1263058,-0.9336724,3.356838,5.7207236,9.844966,-3.5362358,68.37547,3.1279948,-3.1532128,1.2974255,-0.065024965,0.748838,12.743967,-29.000446,-22.020615,-2.0468976,1.2082357
787,-0.4201520085334778,1.9523197412490845,78.62945556640625,0.22144276080330516,-1.5846610633374119,-86.40632847088048,1.2456064,-1.302513,7.0405607,6.421214,-6.6132383,1.4264561,2.5292616,0.2534012,-9.602704,6.5211396,-8.685786,-1.480254,1.1184387,-0.9353641,3.3583193,5.720952,9.844719,-3.5385578,68.37347,3.1441586,-3.1566513,1.2999805,-0.06785892,0.7486766,12.743951,-29.003853,-22.051905,-2.0465233,1.2090353
788,-0.41870740056037903,1.951249361038208,78.629638671875,0.2206547368299454,-1.5835385685969696,-86.40890612403065,1.2451046,-1.3021396,7.042836,6.421286,-6.613949,1.4274292,2.528819,0.25365362,-9.600385,6.5212054,-8.686349,-1.4793564,1.1130896,-0.93588763,3.357005,5.7211924,9.84404,-3.544002,68.37107,3.1444275,-3.159813,1.3038279,-0.07402587,0.7481465,12.743707,-29.007631,-22.061125,-2.0435636,1.2133857
789,-0.4202585816383362,1.95192289352417,78.62959289550781,0.21918906341662014,-1.5793096776140771,-86.41186618385919,1.2402452,-1.298302,7.0455823,6.4206805,-6.6121845,1.426915,2.5222461,0.2571995,-9.598159,6.5215907,-8.684683,-1.4811965,1.1122103,-0.93542284,3.3504317,5.721036,9.843929,-3.54496,68.3689,3.1236641,-3.1633446,1.3092396,-0.07521719,0.74801826,12.743552,-29.018799,-22.0351,-2.036396,1.2259312
790,-0.42170801758766174,1.9522358179092407,78.6296615600586,0.21683379089991506,-1.5733133210132948,-86.41488425019146,1.2341614,-1.2933966,7.048645,6.4200387,-6.6107345,1.4268548,2.5148518,0.2619494,-9.595932,6.5213003,-8.683338,-1.4829596,1.1138432,-0.9339935,3.3410032,5.7205896,9.843845,-3.545586,68.36764,3.088641,-3.1679878,1.3159263,-0.07609287,0.74786305,12.743277,-29.033882,-21.98602,-2.025872,1.244554
791,-0.42457425594329834,1.952735185623169,78.62922668457031,0.21450866079382858,-1.5665995939080202,-86.4181869189355,1.2263666,-1.2872281,7.0518527,6.4192715,-6.608034,1.4255868,2.505928,0.2678777,-9.593503,6.520885,-8.681262,-1.4860005,1.1162456,-0.93230677,3.3313303,5.7174067,9.843542,-3.5471764,68.36921,3.0499024,-3.1723542,1.3223596,-0.07881864,0.74691993,12.741263,-29.047503,-21.932766,-2.0173247,1.262239
792,-0.423895001411438,1.9510533809661865,78.62983703613281,0.21297592433139684,-1.5610474436769302,-86.42176289683734,1.2223725,-1.2849597,7.055509,6.4189954,-6.609057,1.4262613,2.5001268,0.2699576,-9.59001,6.5216117,-8.681772,-1.4857999,1.1179603,-0.9316621,3.3229675,5.714002,9.84325,-3.5480106,68.36967,3.028679,-3.1734931,1.3263077,-0.081362866,0.7456697,12.738746,-29.05816,-21.904896,-2.013982,1.2676511
793,-0.4240318238735199,1.9487847089767456,78.63037872314453,0.21327525821367313,-1.5564955188034035,-86.42610017597546,1.2202559,-1.2842041,7.059648,6.4177647,-6.610253,1.4253438,2.4956179,0.27079082,-9.585268,6.520995,-8.6812725,-1.4862349,1.118473,-0.9320667,3.3169088,5.708776,9.842761,-3.5499928,68.37137,3.0315723,-3.170054,1.3298616,-0.08808489,0.743739,12.734817,-29.05969,-21.909605,-2.0201902,1.2541778
794,-0.42705628275871277,1.9460935592651367,78.630126953125,0.2144286846452933,-1.552352174940487,-86.43108702552259,1.2176273,-1.2819304,7.0638075,6.419196,-6.6132116,1.4214034,2.4916193,0.2732742,-9.57991,6.5226216,-8.683603,-1.489186,1.1180285,-0.933607,3.310684,5.706744,9.842494,-3.5516179,68.36869,3.0505402,-3.1624548,1.3326026,-0.09265868,0.7429026,12.73328,-29.059462,-21.937561,-2.0314612,1.2277128
795,-0.42651811242103577,1.947337031364441,78.63054656982422,0.21756676853105889,-1.5488399882119217,-86.43577788940331,1.2130923,-1.2850218,7.0687103,6.4195004,-6.612965,1.4211545,2.4863005,0.27031487,-9.5741,6.5221076,-8.681238,-1.4889973,1.1168506,-0.93548787,3.3049104,5.7047353,9.842263,-3.5535562,68.36672,3.0668166,-3.1560686,1.3319347,-0.098228544,0.74225885,12.731989,-29.057009,-21.969866,-2.043205,1.2006153
796,-0.4269469380378723,1.949349284172058,78.63021850585938,0.21767549674252018,-1.5460105399184103,-86.43937534068944,1.2088758,-1.2842437,7.0721126,6.419631,-6.611901,1.4202096,2.480227,0.2711309,-9.570392,6.522509,-8.678514,-1.4900753,1.1151544,-0.93579465,3.3009207,5.6988387,9.841594,-3.5593908,68.368965,3.061186,-3.1554816,1.3247112,-0.112382956,0.74056613,12.728183,-29.052942,-21.986773,-2.0494978,1.1836084
797,-0.42835795879364014,1.9502685070037842,78.63030242919922,0.21791866303523938,-1.543954967056421,-86.44170003004028,1.2058622,-1.2827096,7.074585,6.419449,-6.61067,1.4190322,2.476751,0.27245834,-9.568514,6.522626,-8.677388,-1.4915615,1.1132271,-0.93533427,3.2961385,5.692873,9.840996,-3.5647273,68.37404,3.0235157,-3.1637163,1.3027998,-0.12256473,0.73885596,12.724134,-29.059765,-21.983683,-2.0491705,1.1845939
798,-0.42813384532928467,1.9490035772323608,78.63030242919922,0.21808143006706623,-1.542504982881466,-86.44327542295746,1.2059633,-1.2824315,7.076655,6.418939,-6.611679,1.419236,2.4763055,0.27244738,-9.567492,6.5220094,-8.677651,-1.4912921,1.1106889,-0.93467593,3.2900214,5.688874,9.840755,-3.5673773,68.38069,2.9660969,-3.177864,1.2704514,-0.12788591,0.7379464,12.721677,-29.072542,-21.970652,-2.0448053,1.1958184
799,-0.42868804931640625,1.947744607925415,78.63013458251953,0.21718644714715168,-1.541647196022602,-86.44401110619977,1.2063638,-1.2805419,7.077511,6.4180994,-6.6119065,1.4187012,2.476139,0.27405435,-9.56759,6.5212355,-8.677563,-1.4918375,1.1076984,-0.9338312,3.2855768,5.6833625,9.840499,-3.5706198,68.38709,2.9136355,-3.1919718,1.2395144,-0.13419583,0.7367783,12.71831,-29.084778,-21.955877,-2.0394254,1.2092732
800,-0.4312098026275635,1.947609543800354,78.62981414794922,0.2175116541952694,-1.5412331572943532,-86.44423737381429,1.2061517,-1.2786756,7.0773478,6.4184003,-6.6121187,1.4166932,2.4762564,0.27596655,-9.568039,6.520377,-8.677531,-1.4940294,1.103758,-0.93442786,3.2822144,5.6792326,9.840321,-3.5727935,68.38986,2.8892846,-3.202351,1.2219466,-0.13839035,0.73588663,12.715895,-29.094757,-21.9494,-2.0364916,1.2196642
801,-0.43192988634109497,1.9490580558776855,78.63007354736328,0.21760531820746137,-1.5413008467018166,-86.44352832729373,1.2042936,-1.2784191,7.0757422,6.419222,-6.6109366,1.4160506,2.4747617,0.27620953,-9.568865,6.521034,-8.676711,-1.4949776,1.0991781,-0.9351172,3.2827191,5.669496,9.83991,-3.5778806,68.39441,2.904033,-3.20675,1.2250886,-0.1471268,0.73422,12.710235,-29.096874,-21.951235,-2.037186,1.2248225
802,-0.4333532452583313,1.9471826553344727,78.6299819946289,0.2177543736691318,-1.5418128713602262,-86.44190736832113,1.2058747,-1.2779249,7.0724187,6.4197,-6.612303,1.4142442,2.4774704,0.27720305,-9.570391,6.5211797,-8.679253,-1.4963418,1.0938509,-0.93683606,3.2847123,5.6598797,9.839341,-3.583477,68.39579,2.946575,-3.2067065,1.2417608,-0.15466356,0.73234475,12.703646,-29.096655,-21.960093,-2.0394876,1.2294657
803,-0.4345036447048187,1.9470939636230469,78.63006591796875,0.2189030252791947,-1.542972120419886,-86.44002516733585,1.2072473,-1.2789481,7.0691724,6.4195786,-6.612302,1.4129803,2.4787185,0.27651983,-9.571976,6.5210433,-8.679333,-1.497334,1.0879811,-0.93902344,3.2869349,5.6538153,9.838892,-3.5871098,68.39263,2.9971313,-3.2059822,1.2613672,-0.15889479,0.73121506,12.699577,-29.096478,-21.970963,-2.042219,1.2319359
804,-0.4357455372810364,1.9472426176071167,78.62976837158203,0.21881975546545382,-1.5449834641324691,-86.43823920419935,1.2085533,-1.2783341,7.066406,6.4197974,-6.611719,1.4114125,2.481694,0.2774847,-9.573729,6.520641,-8.680081,-1.4984537,1.0838066,-0.9410094,3.2901602,5.645845,9.838099,-3.5923622,68.3902,3.0340073,-3.207736,1.2758118,-0.16417342,0.72967696,12.694444,-29.098001,-21.979858,-2.0445678,1.2339902
805,-0.4372442662715912,1.9464082717895508,78.62989044189453,0.22060974945611792,-1.5482704309114301,-86.43720982954896,1.2129964,-1.2792815,7.065581,6.419629,-6.612703,1.409532,2.4864318,0.27658302,-9.574677,6.5209455,-8.681978,-1.4990407,1.0807381,-0.9437754,3.2930224,5.641694,9.837474,-3.595633,68.38478,3.049498,-3.2160294,1.2823001,-0.16698083,0.7287007,12.692225,-29.102993,-21.987444,-2.0470326,1.2353758
806,-0.4406913220882416,1.9479082822799683,78.63025665283203,0.22138409992059932,-1.5526972705986235,-86.43661814104853,1.2167948,-1.277474,7.065319,6.4193096,-6.611608,1.405978,2.4902806,0.27836323,-9.575771,6.520247,-8.681129,-1.5014844,1.0790056,-0.94708496,3.2971725,5.6355143,9.836933,-3.5993054,68.383965,3.0542722,-3.2291913,1.2882273,-0.17071134,0.7280139,12.690667,-29.109425,-21.995993,-2.0489004,1.2357098
807,-0.44130706787109375,1.9473085403442383,78.63002014160156,0.22318729085925024,-1.5573357933350682,-86.43533016826996,1.2220197,-1.2790619,7.065108,6.4202027,-6.613227,1.4048847,2.4963334,0.2765957,-9.576846,6.5208635,-8.683199,-1.501014,1.078083,-0.9490622,3.3031921,5.621415,9.835417,-3.6087935,68.38905,3.0527604,-3.240588,1.2933824,-0.17898846,0.7263942,12.687662,-29.112497,-22.000494,-2.0504787,1.234827
808,-0.44170743227005005,1.9472949504852295,78.6299819946289,0.2239667425224685,-1.5612440702379193,-86.43236997300204,1.2261558,-1.2801098,7.062901,6.420314,-6.6135864,1.4045551,2.50116,0.27555227,-9.579426,6.5211506,-8.684498,-1.5005752,1.0769249,-0.9485962,3.3087618,5.6013165,9.832345,-3.6246583,68.40049,3.0518596,-3.245612,1.3008426,-0.18884571,0.7234532,12.6821575,-29.112406,-21.996237,-2.0530226,1.2358061
809,-0.4445500671863556,1.9460389614105225,78.62957763671875,0.22202298522311958,-1.5640191055590407,-86.42667910018896,1.2285459,-1.2764684,7.0567946,6.4204803,-6.612892,1.4024013,2.5063949,0.2795644,-9.584807,6.5211267,-8.687606,-1.5026021,1.0709616,-0.9482271,3.3095186,5.5959764,9.831348,-3.62828,68.39521,3.0740914,-3.2365034,1.3036888,-0.19076325,0.7225967,12.680107,-29.11158,-21.978989,-2.057717,1.2407488
810,-0.4453560709953308,1.9451061487197876,78.62977600097656,0.2211221788542005,-1.5663661203649355,-86.41920412276673,1.231992,-1.2761601,7.049297,6.419549,-6.6127496,1.4027822,2.5100598,0.28025934,-9.591102,6.521818,-8.69005,-1.5025843,1.0633731,-0.9464516,3.3089948,5.5892043,9.830267,-3.630939,68.39353,3.1010132,-3.2203894,1.3067684,-0.19247693,0.72181267,12.677398,-29.107706,-21.9503,-2.0641153,1.2480259
811,-0.44673290848731995,1.944663166999817,78.62957763671875,0.2183475736490557,-1.5681305995264678,-86.41145159986162,1.233955,-1.2734013,7.0410542,6.417612,-6.6104674,1.4027005,2.514927,0.28385755,-9.59811,6.5203576,-8.692216,-1.5035456,1.0553049,-0.9446439,3.3078885,5.5851054,9.829444,-3.632112,68.38633,3.1273577,-3.2033217,1.306948,-0.19335134,0.7213238,12.67556,-29.102472,-21.923664,-2.0687926,1.2536361
812,-0.44920170307159424,1.9447978734970093,78.62957000732422,0.21647252464717537,-1.5696037389779744,-86.40502512589319,1.233599,-1.2703315,7.0340824,6.4195447,-6.6099734,1.4018551,2.5166936,0.28705737,-9.6043415,6.522184,-8.694903,-1.5055654,1.0494003,-0.94403815,3.3080058,5.577351,9.828223,-3.633841,68.38333,3.1473916,-3.1941369,1.3065883,-0.19495922,0.7207125,12.672673,-29.098646,-21.906622,-2.0735583,1.2573651
813,-0.44973650574684143,1.946087121963501,78.62965393066406,0.2154248730993164,-1.5705906416242459,-86.40048900009991,1.2332529,-1.2696682,7.0294046,6.4186044,-6.6071324,1.4030583,2.5174,0.2877989,-9.609073,6.521903,-8.694308,-1.5061849,1.0487136,-0.9428038,3.312931,5.5501704,9.8241,-3.6425073,68.40038,3.145607,-3.1995668,1.3042936,-0.20189711,0.7189641,12.664108,-29.09636,-21.90742,-2.075307,1.2568605
814,-0.45324060320854187,1.947458028793335,78.62940979003906,0.21557416041213215,-1.570964724841223,-86.39688193026069,1.231873,-1.2676594,7.0252953,6.418261,-6.6040864,1.4021726,2.5172215,0.28981364,-9.6135435,6.521477,-8.693566,-1.5094187,1.0454574,-0.9446863,3.3138678,5.5475616,9.82342,-3.643986,68.38664,3.1413689,-3.2088218,1.2944242,-0.20271066,0.7187228,12.663633,-29.095703,-21.920027,-2.073985,1.2501978
815,-0.4545757472515106,1.9482042789459229,78.62976837158203,0.21555283529370128,-1.5711157836273761,-86.39376951153535,1.2308015,-1.2671504,7.0219526,6.4173055,-6.601216,1.4026669,2.5179162,0.29032156,-9.617314,6.5203223,-8.692852,-1.51086,1.0451431,-0.94453883,3.3177073,5.5283084,9.819619,-3.656679,68.39282,3.1271772,-3.220134,1.2903273,-0.20871787,0.7176121,12.663219,-29.094439,-21.938036,-2.0693142,1.2402915
816,-0.4559507668018341,1.9496225118637085,78.62960052490234,0.21549546749858534,-1.5707996691807873,-86.39071893662046,1.2289308,-1.2666123,7.018943,6.4172053,-6.599145,1.4024199,2.5169585,0.290858,-9.620809,6.520311,-8.692226,-1.5124569,1.044099,-0.9451608,3.3193805,5.5122848,9.815306,-3.6713028,68.39719,3.1201854,-3.2264993,1.2961863,-0.21349797,0.71654135,12.664574,-29.091206,-21.949734,-2.0646193,1.2330793
817,-0.4587220847606659,1.9493259191513062,78.6298599243164,0.21664737574986279,-1.5697207363810943,-86.38727298458153,1.2277625,-1.266228,7.0158033,6.4168663,-6.5985293,1.3998145,2.5156822,0.29126787,-9.624053,6.520637,-8.692711,-1.5150105,1.0413536,-0.94864845,3.3172996,5.5060997,9.812543,-3.6782901,68.390465,3.140253,-3.2209218,1.3110335,-0.21573655,0.7160165,12.665914,-29.087378,-21.949242,-2.0615127,1.2315812
818,-0.45763081312179565,1.9461485147476196,78.63008117675781,0.21761271311975705,-1.567880222824196,-86.38391021503656,1.227575,-1.2685533,7.0134044,6.4164157,-6.6000757,1.3991125,2.5172594,0.28902116,-9.626484,6.5199456,-8.695316,-1.5141633,1.038168,-0.9526772,3.3135715,5.501186,9.810635,-3.6832314,68.384346,3.170632,-3.209685,1.3352813,-0.21786483,0.7158055,12.667358,-29.081387,-21.943598,-2.0577407,1.2312514
819,-0.4596758186817169,1.9457943439483643,78.62984466552734,0.21863404543565332,-1.5663840867051455,-86.38102754564568,1.2246428,-1.2683502,7.0112066,6.4178753,-6.6003604,1.3959746,2.515614,0.2891364,-9.628887,6.521717,-8.697358,-1.5162199,1.0363625,-0.95521665,3.3114812,5.488828,9.805888,-3.696922,68.38638,3.1935804,-3.1985128,1.3622425,-0.2230988,0.71557975,12.671883,-29.073002,-21.938309,-2.0527384,1.2296362
820,-0.46259719133377075,1.9463732242584229,78.62934875488281,0.21959353444605076,-1.566372829135629,-86.37920895008455,1.2236006,-1.2673098,7.009725,6.418298,-6.5998755,1.3923997,2.5150318,0.29017568,-9.630787,6.5218453,-8.697405,-1.518938,1.0355322,-0.9579966,3.3100855,5.4789186,9.801417,-3.7085087,68.38841,3.2000394,-3.193588,1.3815695,-0.2256525,0.71553737,12.675948,-29.066578,-21.935848,-2.049243,1.2298347
821,-0.46402496099472046,1.9471263885498047,78.62931823730469,0.22052474389929555,-1.5685236512259662,-86.37933111320652,1.2252895,-1.2671624,7.009987,6.418758,-6.600144,1.3900634,2.5167947,0.29009184,-9.631367,6.522382,-8.697733,-1.5201938,1.0372226,-0.96054566,3.311157,5.469623,9.796198,-3.720018,68.38911,3.1862414,-3.1957486,1.3873547,-0.2247185,0.71567804,12.680055,-29.061398,-21.935207,-2.0497942,1.2333678
822,-0.46563389897346497,1.9476423263549805,78.62908172607422,0.2233020891347736,-1.5722415771017213,-86.38072752960049,1.2292457,-1.2686504,7.011597,6.419082,-6.601067,1.3877181,2.520884,0.28830734,-9.630779,6.5213895,-8.697234,-1.5211431,1.0407003,-0.96319836,3.313392,5.4617877,9.790822,-3.729754,68.3888,3.1600606,-3.2024343,1.38527,-0.22032915,0.716041,12.683742,-29.05865,-21.934738,-2.0532224,1.2398107
823,-0.4661411643028259,1.9463119506835938,78.62911224365234,0.22520587611953152,-1.5762175461616381,-86.38211760056997,1.2346398,-1.2699237,7.0131392,6.419947,-6.6037154,1.3861766,2.5268972,0.28670737,-9.6301155,6.520835,-8.698721,-1.5209498,1.0442784,-0.96533394,3.3153944,5.4547343,9.785316,-3.738131,68.38854,3.1332028,-3.2098153,1.3791234,-0.21469195,0.71663034,12.687438,-29.055555,-21.933178,-2.057127,1.2460355
824,-0.4670215845108032,1.9455784559249878,78.62931823730469,0.226192777595855,-1.5789850708565858,-86.38207748669863,1.2385718,-1.2701377,7.013205,6.4201093,-6.6051745,1.3850577,2.530561,0.28630418,-9.630429,6.521231,-8.700161,-1.5210253,1.0457852,-0.9678286,3.3157647,5.451582,9.782825,-3.7413554,68.38324,3.1211963,-3.2134717,1.3696642,-0.21273775,0.71697026,12.689334,-29.049131,-21.927216,-2.0602582,1.2506634
825,-0.4683619439601898,1.9452506303787231,78.62947845458984,0.22432544266930304,-1.5797380834347001,-86.38006674282394,1.2395318,-1.2670999,7.011085,6.4196897,-6.604712,1.3843511,2.5317452,0.2894765,-9.632248,6.521004,-8.700785,-1.5214736,1.0461761,-0.9659833,3.313654,5.4427323,9.776463,-3.7497387,68.38649,3.1204739,-3.211983,1.3648295,-0.2109595,0.71788657,12.695721,-29.044825,-21.92291,-2.0578573,1.2498063
826,-0.4704146087169647,1.9440706968307495,78.62956237792969,0.22167690168069792,-1.5794663839749106,-86.3767680857063,1.2395278,-1.2626792,7.007593,6.4197526,-6.604528,1.3836625,2.5326223,0.294224,-9.63485,6.5219855,-8.703567,-1.5221801,1.0452577,-0.962932,3.3101306,5.435346,9.770878,-3.7562747,68.38735,3.1294653,-3.207671,1.356519,-0.21308489,0.7186979,12.702371,-29.038599,-21.914017,-2.0536318,1.2460498
827,-0.4709484875202179,1.942901372909546,78.62959289550781,0.21795093174768965,-1.5792592455858552,-86.37302957043853,1.2397736,-1.2584409,7.0036993,6.419765,-6.604548,1.3842753,2.5338044,0.29882178,-9.63786,6.5226073,-8.706008,-1.5218889,1.0432489,-0.9610333,3.3064978,5.430298,9.767368,-3.760098,68.38717,3.142561,-3.203472,1.3474915,-0.21601476,0.7192189,12.707123,-29.030256,-21.90529,-2.049711,1.2411966
828,-0.4732293486595154,1.9438025951385498,78.62903594970703,0.21702444607372276,-1.5803376635712985,-86.3697949316828,1.2397757,-1.2559993,7.0003858,6.4189367,-6.602189,1.3839315,2.534249,0.3014551,-9.640745,6.522801,-8.706002,-1.5234454,1.0402662,-0.9599226,3.3058333,5.4223027,9.761802,-3.7667122,68.3904,3.153014,-3.201644,1.3401054,-0.22077149,0.720099,12.715689,-29.021374,-21.900587,-2.0470908,1.2351938
829,-0.4747430384159088,1.9455537796020508,78.6291275024414,0.21689199925381608,-1.5836360564801415,-86.36665674074005,1.2413691,-1.2552739,6.997197,6.4192567,-6.6006184,1.3841568,2.5371015,0.30219585,-9.644082,6.5235715,-8.706433,-1.5252571,1.0361096,-0.9630059,3.3078809,5.416086,9.757409,-3.772625,68.39421,3.164309,-3.2038019,1.3346776,-0.22294451,0.7208584,12.722503,-29.013979,-21.90123,-2.0490527,1.2291304
830,-0.4765104651451111,1.9448809623718262,78.6295394897461,0.2195889334491984,-1.5883468365852949,-86.36348226874811,1.2458941,-1.257406,6.9941916,6.4197817,-6.6008196,1.384289,2.5438476,0.29991895,-9.647406,6.5220566,-8.706826,-1.5272123,1.0307776,-0.9675529,3.3121023,5.409494,9.752308,-3.7806244,68.39931,3.1772175,-3.2077625,1.3302383,-0.22365497,0.72188157,12.730293,-29.00672,-21.904202,-2.0542693,1.2222867
831,-0.4782322347164154,1.9447749853134155,78.62918090820312,0.22230197281725425,-1.5927929065177764,-86.36104743878823,1.2515877,-1.2597966,6.9917526,6.418589,-6.600739,1.3842405,2.5509257,0.29786313,-9.650185,6.5196137,-8.706855,-1.5293193,1.0265476,-0.97197044,3.3157294,5.4026923,9.745927,-3.7911997,68.40635,3.1831806,-3.21349,1.3283577,-0.2228964,0.72328633,12.739371,-29.001312,-21.910543,-2.057107,1.2150592
832,-0.47983044385910034,1.9433835744857788,78.62918090820312,0.22401142384241557,-1.5954184757859062,-86.36011799235708,1.2555,-1.2605969,6.99051,6.4197464,-6.6030664,1.3832377,2.5548465,0.29695544,-9.651543,6.520738,-8.709306,-1.5309684,1.0250051,-0.9748813,3.316473,5.3972993,9.738493,-3.802105,68.41173,3.1783154,-3.2206516,1.3266569,-0.22151445,0.72492546,12.748305,-28.996685,-21.916473,-2.0543509,1.2104175
833,-0.4801425635814667,1.9438670873641968,78.62908172607422,0.22422122621618573,-1.5947485750581138,-86.36150684392827,1.2544582,-1.2603295,6.9912934,6.4189253,-6.6017504,1.3821925,2.5535612,0.2971727,-9.650728,6.520062,-8.708065,-1.5313258,1.0277181,-0.9786472,3.3128467,5.39569,9.735033,-3.8055742,68.41151,3.1586113,-3.2315328,1.318804,-0.22145878,0.7256465,12.751846,-28.99191,-21.91473,-2.0439014,1.2098539
834,-0.4825834035873413,1.943902850151062,78.6291732788086,0.22449998279658331,-1.5920874986346898,-86.3645176227771,1.2515428,-1.2580138,6.993208,6.419578,-6.6018214,1.3785684,2.549007,0.2993412,-9.648584,6.5211096,-8.707705,-1.5331148,1.0326648,-0.97992796,3.3065472,5.3938494,9.72727,-3.8099468,68.41285,3.1239815,-3.2456841,1.3138702,-0.22201443,0.72707564,12.759475,-28.988083,-21.916681,-2.0242712,1.2087487
835,-0.4832232892513275,1.9458022117614746,78.62873840332031,0.22386048699339833,-1.5894925844541143,-86.36810974055928,1.2478074,-1.2561566,6.995865,6.419454,-6.6003947,1.3764441,2.5441017,0.30124727,-9.645773,6.5215135,-8.70607,-1.533662,1.0377812,-0.9813184,3.3002973,5.3934975,9.720449,-3.810237,68.412506,3.0941033,-3.2582526,1.3086966,-0.22294803,0.7280669,12.764676,-28.983418,-21.918556,-2.0064788,1.2107621
836,-0.48634427785873413,1.945074439048767,78.62902069091797,0.2232623643560079,-1.5891553752541259,-86.37117458430899,1.2484999,-1.2521465,6.997838,6.4195867,-6.6011586,1.3724529,2.543457,0.30525115,-9.643578,6.5214586,-8.706254,-1.536393,1.0416638,-0.9832997,3.297072,5.3933864,9.718195,-3.8099334,68.411575,3.0813446,-3.2647705,1.3045492,-0.2231983,0.72837263,12.766021,-28.977383,-21.920732,-1.9985826,1.2149904
837,-0.48771151900291443,1.9436759948730469,78.62928771972656,0.2225598786867752,-1.5922640211162098,-86.37401578655208,1.254106,-1.2494082,7.000147,6.419455,-6.6033754,1.3707464,2.5474286,0.30789596,-9.641273,6.5219207,-8.707722,-1.5380954,1.042268,-0.98335606,3.2984018,5.392905,9.7148285,-3.809997,68.41196,3.0953083,-3.2615666,1.3086895,-0.22326723,0.72883314,12.767184,-28.968672,-21.931013,-2.003878,1.2226752
838,-0.4895484149456024,1.9450253248214722,78.62886047363281,0.22179335245033227,-1.59742609512879,-86.3769463244556,1.2599834,-1.2462227,7.0028768,6.4173203,-6.6018105,1.3695837,2.552276,0.311087,-9.638883,6.519788,-8.705386,-1.5407712,1.0415012,-0.98168135,3.302515,5.392226,9.710364,-3.810993,68.412766,3.12411,-3.2520814,1.3161169,-0.22282916,0.7294955,12.767239,-28.959173,-21.944113,-2.0174146,1.232165
839,-0.4913989305496216,1.944177269935608,78.62879943847656,0.22198540233323172,-1.603014042006793,-86.379320439233,1.2663531,-1.2438622,7.005203,6.4194903,-6.604669,1.3683048,2.5585368,0.31309384,-9.636631,6.5211124,-8.707545,-1.5429757,1.0405518,-0.9801899,3.3067997,5.3912783,9.707623,-3.8123019,68.41537,3.15774,-3.2414708,1.3279328,-0.22203489,0.7299238,12.766472,-28.94931,-21.96099,-2.0322547,1.243466
840,-0.49331438541412354,1.9446018934249878,78.62907409667969,0.22097722977832784,-1.6073723240873057,-86.38047278833744,1.2721062,-1.2408882,7.005906,6.4179964,-6.604321,1.3666128,2.5636244,0.31641373,-9.635501,6.519917,-8.70736,-1.5450109,1.0409359,-0.9787908,3.3087177,5.389304,9.702393,-3.8155475,68.419586,3.1789393,-3.2349381,1.3363286,-0.22034973,0.73072,12.76426,-28.943996,-21.976566,-2.0395365,1.2545506
841,-0.4947671592235565,1.9457718133926392,78.6287612915039,0.2210392780146363,-1.6103946739834876,-86.37953578937233,1.2740887,-1.2399801,7.00454,6.418758,-6.6037602,1.3649465,2.5657194,0.31758875,-9.635673,6.5214534,-8.708368,-1.5455922,1.0420662,-0.9799238,3.3079994,5.3884273,9.698511,-3.8173246,68.422844,3.1853392,-3.2346697,1.3367364,-0.21985044,0.73120564,12.763281,-28.942842,-21.993359,-2.032851,1.2632611
842,-0.4960905909538269,1.9457098245620728,78.62870788574219,0.22084105024221473,-1.6128447538744979,-86.37713482420122,1.2765481,-1.2393278,7.001392,6.4188437,-6.6034636,1.3628087,2.5683742,0.31879774,-9.636883,6.5219197,-8.709508,-1.5453912,1.0433519,-0.98156005,3.3055913,5.387654,9.694705,-3.818504,68.42735,3.1842961,-3.2375557,1.3358501,-0.21984679,0.7315062,12.763201,-28.945498,-22.01379,-2.0179746,1.2726128
843,-0.49673300981521606,1.9440304040908813,78.6286849975586,0.22175174006933962,-1.6143491517212847,-86.37471431575932,1.2788807,-1.2402879,6.99858,6.418902,-6.6040087,1.3611797,2.571482,0.3182807,-9.637876,6.522763,-8.712306,-1.5443372,1.0445629,-0.9849096,3.3024442,5.3875546,9.693905,-3.818585,68.43064,3.1803968,-3.2412407,1.3319229,-0.21986465,0.7315279,12.763325,-28.946907,-22.027891,-2.0047472,1.2779826
844,-0.5006325244903564,1.9443820714950562,78.62876892089844,0.22180932213923868,-1.6143176367444498,-86.3738984133833,1.2782953,-1.2373234,6.9971676,6.418392,-6.6023545,1.357416,2.5707757,0.32155278,-9.638537,6.523003,-8.7126,-1.5471493,1.0456307,-0.9879871,3.298692,5.387528,9.693364,-3.818625,68.4343,3.1775575,-3.2431824,1.3296345,-0.21971379,0.73151654,12.763479,-28.94667,-22.033495,-1.9982775,1.2797229
845,-0.502413809299469,1.9457353353500366,78.62905883789062,0.22292527039802407,-1.6115790498740983,-86.37536923074657,1.2743539,-1.2366318,6.99929,6.4183846,-6.60089,1.3563355,2.5665421,0.32204705,-9.637427,6.5228653,-8.71117,-1.5491657,1.0462999,-0.989954,3.2933776,5.3876677,9.689849,-3.8190224,68.43832,3.1772313,-3.2427948,1.3303615,-0.21807288,0.7312986,12.763872,-28.94015,-22.020731,-2.0047734,1.2729324
846,-0.5053320527076721,1.9469155073165894,78.62916564941406,0.2231880199622329,-1.6067544852982734,-86.3782024543181,1.2673675,-1.2335548,7.0028963,6.41878,-6.5987706,1.3544999,2.5592456,0.3245007,-9.635862,6.522669,-8.7087755,-1.5530471,1.0471088,-0.99235857,3.2866504,5.3878,9.687049,-3.8196747,68.442894,3.1781466,-3.2410948,1.3350067,-0.21484065,0.7309413,12.763602,-28.933472,-21.996399,-2.019782,1.2620342
847,-0.5063861608505249,1.9459654092788696,78.6291275024414,0.2244749639693946,-1.6019928228456308,-86.3814266581045,1.2635479,-1.2330812,7.0072207,6.4185305,-6.599346,1.3542149,2.5538523,0.32437846,-9.633586,6.522293,-8.70771,-1.5549966,1.0483896,-0.9936037,3.2797914,5.3882766,9.683587,-3.821013,68.44747,3.1781745,-3.2386444,1.3398561,-0.20854723,0.7303011,12.762208,-28.927242,-21.971094,-2.038515,1.2517661
848,-0.505516529083252,1.9442905187606812,78.62925720214844,0.22371963635998354,-1.5994965231638485,-86.38393994743328,1.262679,-1.2320713,7.0102153,6.41699,-6.5994406,1.3548816,2.5527244,0.32512897,-9.631691,6.520613,-8.707188,-1.5550209,1.0495358,-0.9941802,3.2748349,5.3894634,9.680732,-3.8217916,68.45131,3.1765156,-3.2360039,1.3437163,-0.20296493,0.7296073,12.759943,-28.921242,-21.95824,-2.0549512,1.2478298
849,-0.5052688121795654,1.9442636966705322,78.62947845458984,0.2231133497337028,-1.599685802397056,-86.38615007503263,1.2636867,-1.230897,7.0121174,6.41685,-6.600173,1.3551314,2.5532494,0.3262862,-9.629703,6.520114,-8.707049,-1.5548011,1.0506816,-0.9929342,3.2719932,5.3914695,9.678042,-3.821433,68.454475,3.171258,-3.232331,1.3454437,-0.19856049,0.72882074,12.756911,-28.914734,-21.964418,-2.0698338,1.2522336
850,-0.5068982243537903,1.9452420473098755,78.62916564941406,0.22057208239618364,-1.601436329731634,-86.3883452352656,1.2647175,-1.2260568,7.012941,6.4183955,-6.6009245,1.3536358,2.5530975,0.33102062,-9.6280985,6.521166,-8.706642,-1.5561308,1.0525154,-0.9893491,3.2694025,5.3966703,9.674051,-3.8187013,68.4543,3.1675446,-3.2270124,1.34754,-0.19105123,0.72751975,12.749994,-28.90851,-21.979342,-2.087942,1.2654971
851,-0.5089867115020752,1.9472321271896362,78.62847137451172,0.2179336747301919,-1.6043837024657213,-86.38962711561548,1.2669843,-1.2210962,7.012747,6.417768,-6.599466,1.3517959,2.555045,0.3363217,-9.62738,6.5211415,-8.70613,-1.5578669,1.0531708,-0.9869729,3.2694397,5.4002423,9.6720295,-3.8163142,68.45468,3.164054,-3.2223456,1.3493732,-0.18708365,0.72679037,12.745672,-28.904465,-21.997797,-2.1023407,1.2800449
852,-0.5116122961044312,1.9452035427093506,78.6287841796875,0.21697935032185842,-1.6079820352085488,-86.38895688126001,1.2726346,-1.2178106,7.011107,6.417256,-6.60075,1.3491334,2.560871,0.33981118,-9.628302,6.520742,-8.7084465,-1.5595989,1.0525944,-0.9866601,3.2701852,5.4055247,9.669128,-3.8117628,68.45405,3.1636734,-3.2210834,1.3521338,-0.18156579,0.7255934,12.738167,-28.904198,-22.01259,-2.1100845,1.2927092
853,-0.512748658657074,1.9468352794647217,78.62862396240234,0.21770712814182902,-1.613357137559085,-86.38515728681327,1.2769592,-1.2185202,7.0077734,6.4170628,-6.5994167,1.3483931,2.5665984,0.33922616,-9.631878,6.5207267,-8.708976,-1.5603459,1.049335,-0.99013203,3.2753398,5.4067426,9.667776,-3.8102217,68.45671,3.1635933,-3.2251787,1.35706,-0.17994335,0.72493744,12.735526,-28.909536,-22.022264,-2.105709,1.2977378
854,-0.5138583779335022,1.9486463069915771,78.62893676757812,0.2191953578250696,-1.6202343138437751,-86.37907498493463,1.282068,-1.2206376,7.002723,6.4175863,-6.5980906,1.3477539,2.5740616,0.33716747,-9.637471,6.5207233,-8.709724,-1.5610245,1.0451461,-0.9954583,3.2827537,5.4081798,9.66527,-3.8066568,68.45931,3.1688216,-3.2327883,1.3640518,-0.17627443,0.72342074,12.72867,-28.921888,-22.028278,-2.0957541,1.3043077
855,-0.5148047804832458,1.9486722946166992,78.62886810302734,0.22051696225799375,-1.6263656888096778,-86.37273800658494,1.2875589,-1.2226655,6.9973917,6.4173346,-6.5970697,1.3468956,2.5812707,0.33504057,-9.64339,6.5211,-8.711285,-1.5615704,1.0400213,-1.00148,3.2899077,5.4080453,9.664293,-3.8055968,68.46379,3.1695688,-3.2406538,1.370451,-0.17545545,0.7227079,12.726178,-28.933096,-22.036938,-2.0815547,1.3066547
856,-0.5148880481719971,1.9496179819107056,78.62863159179688,0.2240915562787261,-1.6293166805808215,-86.36857423167487,1.2900206,-1.227605,6.994349,6.416895,-6.5961905,1.3473306,2.5844028,0.3300689,-9.646986,6.5211415,-8.711396,-1.56111,1.0359095,-1.0058573,3.293043,5.4080505,9.663097,-3.804416,68.46819,3.1710846,-3.2445116,1.3757517,-0.17499603,0.7216879,12.722852,-28.942413,-22.047632,-2.069088,1.3148416
857,-0.5160560607910156,1.9504698514938354,78.6289291381836,0.22495049633179015,-1.627055850994805,-86.36780021886366,1.2863123,-1.227994,6.993373,6.417306,-6.5950284,1.3463373,2.5815952,0.32969755,-9.648338,6.5208626,-8.710612,-1.5622817,1.0336722,-1.0073167,3.2891967,5.410511,9.660292,-3.8014998,68.470146,3.1742766,-3.2420986,1.3783435,-0.1761951,0.7191783,12.71445,-28.947569,-22.058992,-2.0627787,1.3332396
858,-0.5180222392082214,1.9514074325561523,78.62931823730469,0.22804254939713745,-1.6215231722379062,-86.36903874267384,1.2791728,-1.2297748,6.9942784,6.41781,-6.593787,1.3449829,2.5743654,0.32779476,-9.647805,6.520433,-8.708522,-1.563956,1.0314229,-1.0087521,3.28121,5.411331,9.659884,-3.8011358,68.47569,3.1729598,-3.2369707,1.3790436,-0.17668119,0.7187978,12.713442,-28.951426,-22.0785,-2.054638,1.351527
859,-0.5179039239883423,1.9514409303665161,78.62976837158203,0.22917451708633177,-1.6153457749366182,-86.37027730589513,1.2716466,-1.2309765,6.995144,6.4176707,-6.592283,1.3450078,2.5672162,0.32640058,-9.647218,6.5198884,-8.70682,-1.5639971,1.0293221,-1.0095351,3.272484,5.4133735,9.659387,-3.8004322,68.47935,3.171227,-3.2303498,1.3795942,-0.17784043,0.7183182,12.711474,-28.95498,-22.096981,-2.0475557,1.36895
860,-0.5180496573448181,1.9511947631835938,78.62964630126953,0.230225480598247,-1.6116894703029983,-86.36960482970906,1.2679728,-1.2322596,6.9944186,6.4173627,-6.5918937,1.3451467,2.5633268,0.32514632,-9.648057,6.520646,-8.707292,-1.5638418,1.0266188,-1.0099745,3.2670836,5.4165936,9.658788,-3.799485,68.478165,3.1693501,-3.2238934,1.3814088,-0.17954557,0.71769726,12.708803,-28.954529,-22.108322,-2.0444422,1.3788668
861,-0.5197209119796753,1.9520387649536133,78.62950897216797,0.22824510781301682,-1.6113224073741583,-86.36592808992815,1.2657703,-1.2293293,6.9905324,6.4167266,-6.589005,1.3443162,2.562862,0.32837272,-9.651564,6.518972,-8.705967,-1.5647845,1.0226386,-1.0097936,3.2665052,5.4232817,9.657479,-3.7967286,68.47012,3.165788,-3.2169864,1.3839945,-0.18264125,0.71611446,12.701291,-28.948662,-22.102203,-2.0535681,1.3730737
862,-0.520156741142273,1.9541077613830566,78.62932586669922,0.22644217586489168,-1.612681818583078,-86.36061806424844,1.2653359,-1.2279176,6.985595,6.4169436,-6.5871077,1.3451394,2.5632715,0.33012706,-9.655868,6.520302,-8.706782,-1.5641556,1.0182899,-1.009437,3.2692351,5.4246745,9.657083,-3.795778,68.46609,3.158322,-3.2101152,1.3869005,-0.18302432,0.7155221,12.698768,-28.942734,-22.089792,-2.0673988,1.3545732
863,-0.5203180313110352,1.9566682577133179,78.62959289550781,0.2243442906293291,-1.615117521541205,-86.35482225328371,1.2652493,-1.2265141,6.980292,6.4160447,-6.5834465,1.3462083,2.5638142,0.3316072,-9.660858,6.5212035,-8.7060995,-1.5635096,1.0156218,-1.0088123,3.2724316,5.4296937,9.655116,-3.790339,68.456,3.159063,-3.202915,1.3908776,-0.18411623,0.71201044,12.684277,-28.935272,-22.072315,-2.0846899,1.343846
864,-0.5217748880386353,1.9601569175720215,78.62980651855469,0.223182491911201,-1.6179313705731693,-86.34994852647,1.2642188,-1.224962,6.975973,6.415564,-6.579003,1.3459069,2.5652242,0.33316067,-9.665859,6.5204096,-8.704156,-1.5648637,1.0143828,-1.009723,3.2754076,5.429925,9.6542845,-3.7887113,68.45503,3.1608946,-3.1990736,1.3987898,-0.18456908,0.71036804,12.679458,-28.936546,-22.08336,-2.0785835,1.3433489
