Frame,root_translateX,root_translateY,root_translateZ,root_rotateX,root_rotateY,root_rotateZ,AAHead_yaw,Head_pitch,Left_Shoulder_Pitch,Left_Shoulder_Roll,Left_Elbow_Pitch,Left_Elbow_Yaw,Left_Wrist_Pitch,Left_Wrist_Yaw,Left_Hand_Roll,Right_Shoulder_Pitch,Right_Shoulder_Roll,Right_Elbow_Pitch,Right_Elbow_Yaw,Right_Wrist_Pitch,Right_Wrist_Yaw,Right_Hand_Roll,Waist,Left_Hip_Pitch,Left_Hip_Roll,Left_Hip_Yaw,Left_Knee_Pitch,Left_Ankle_Pitch,Left_Ankle_Roll,Right_Hip_Pitch,Right_Hip_Roll,Right_Hip_Yaw,Right_Knee_Pitch,Right_Ankle_Pitch,Right_Ankle_Roll
0,1.1593106985092163,0.6130702495574951,67.817626953125,-0.18503081184092607,0.3941318721733712,-90.9124030879609,0.9058808,-4.591003,-3.5846934,-69.43418,58.70191,-40.329742,3.34806,11.088323,8.71315,1.0739548,71.702934,37.380104,37.941254,9.518503,-3.6199706,-2.3886697,2.3699281,1.4545392,5.173495,8.94185,11.212943,-12.287788,-7.3390183,1.800247,-5.8403034,-10.488143,10.919632,-12.166746,9.1348295
1,1.1853750944137573,0.6216827630996704,67.82783508300781,-0.1865095967414972,0.47869441965043474,-90.87955073551316,0.91529804,-4.708511,-3.632192,-69.480995,58.887566,-40.282326,3.4302332,11.154155,8.679301,1.071541,71.6757,37.07643,38.140106,9.314509,-3.433048,-2.4022706,2.361108,1.2396584,5.152699,8.901416,11.3907385,-12.343855,-7.296608,1.6896526,-5.8762746,-10.508377,10.928471,-12.142078,9.166292
2,1.2097622156143188,0.6348013877868652,67.83865356445312,-0.18799703924363714,0.5606443398399575,-90.8461218070919,0.92286235,-4.823177,-3.6794116,-69.51626,59.108036,-40.236004,3.4562328,11.220378,8.672994,1.0921309,71.62973,36.68702,38.371906,9.202668,-3.2460735,-2.3416085,2.3501809,1.0317105,5.132044,8.862803,11.554209,-12.389674,-7.254802,1.5793471,-5.9102125,-10.526586,10.934821,-12.113189,9.195553
3,1.235228180885315,0.6472151875495911,67.84943389892578,-0.189506550115182,0.6478661236068455,-90.81285407082338,0.9333775,-4.94404,-3.7301643,-69.54415,59.359184,-40.20985,3.496774,11.285192,8.660875,1.1442103,71.55873,36.24017,38.652508,9.074887,-3.055929,-2.298583,2.3427937,0.80952543,5.1113687,8.82044,11.73172,-12.440979,-7.212122,1.4650066,-5.9453354,-10.54874,10.938174,-12.081887,9.225833
4,1.2618213891983032,0.6598800420761108,67.86154174804688,-0.19414717162923725,0.7482511567577436,-90.78052539232655,0.9519265,-5.0844884,-3.7625418,-69.55862,59.624557,-40.24861,3.6335003,11.351431,8.618679,1.2040466,71.47707,35.768463,38.953285,8.825385,-2.8484838,-2.358642,2.3445714,0.55508244,5.0943985,8.76903,11.934915,-12.499697,-7.169012,1.3425462,-5.9777813,-10.580854,10.933276,-12.046184,9.256034
5,1.2933971881866455,0.668834924697876,67.87397003173828,-0.19916843850571303,0.8612839583301772,-90.74738532961423,0.9809478,-5.2453055,-3.7861974,-69.56501,59.972267,-40.33964,3.8388712,11.405697,8.576027,1.2856413,71.3666,35.160606,39.291756,8.483117,-2.6106195,-2.4916523,2.355134,0.26936412,5.075073,8.707899,12.168905,-12.571588,-7.1221676,1.2012787,-6.0175285,-10.623761,10.945878,-12.020124,9.290888
6,1.3301957845687866,0.6773568391799927,67.88735961914062,-0.20774963027632798,0.9835655234478423,-90.71422573536383,1.0176654,-5.420372,-3.7976835,-69.56412,60.341022,-40.475407,4.1281805,11.454159,8.510897,1.375886,71.241905,34.51953,39.643616,8.02419,-2.3529327,-2.7158325,2.373184,-0.040570237,5.055647,8.639084,12.4239435,-12.651236,-7.0715237,1.062924,-6.056792,-10.676734,10.938687,-11.9853115,9.329242
7,1.3678439855575562,0.6914306282997131,67.9024429321289,-0.21728515724794803,1.1188364170124063,-90.68306103246981,1.0576292,-5.611593,-3.7996643,-69.55629,60.747814,-40.65418,4.441759,11.512255,8.438975,1.4820161,71.099174,33.802803,40.03254,7.5621357,-2.0789716,-2.9428577,2.3987865,-0.38481164,5.037022,8.563081,12.700901,-12.732254,-7.019103,0.9059933,-6.096552,-10.734954,10.926591,-11.938649,9.367646
8,1.4067898988723755,0.7020719051361084,67.9178237915039,-0.22795283627964602,1.2709310698132152,-90.65617302716402,1.0969126,-5.8218327,-3.7911732,-69.53909,61.1519,-40.883347,4.772087,11.598672,8.339566,1.6190853,70.92945,33.05719,40.49263,7.1365743,-1.8040857,-3.1446702,2.4322584,-0.76310015,5.0194893,8.481424,13.006931,-12.82581,-6.965754,0.7191084,-6.1399455,-10.794428,10.942857,-11.9049015,9.408814
9,1.4527702331542969,0.7075455188751221,67.93582153320312,-0.24173644781159526,1.4386680805419365,-90.63141029639539,1.1294253,-6.0368576,-3.7685862,-69.5252,61.505653,-41.175564,5.2608805,11.7278385,8.148562,1.7148237,70.7982,32.423157,40.907967,6.6565447,-1.5116298,-3.4113314,2.4750402,-1.1479815,4.9956503,8.392837,13.294395,-12.911693,-6.905942,0.5369247,-6.1836553,-10.861714,10.925869,-11.855172,9.458269
10,1.5010215044021606,0.7227576971054077,67.9533462524414,-0.25671674430076163,1.6202928757599153,-90.6083844802609,1.1581923,-6.2608366,-3.7261033,-69.5012,61.93097,-41.53409,5.776277,11.888391,7.9620337,1.8480414,70.62318,31.64477,41.42094,6.2620316,-1.2138177,-3.5836942,2.5255167,-1.6058267,4.9757714,8.293045,13.666499,-13.02393,-6.8421497,0.30798298,-6.2345233,-10.930958,10.953683,-11.815011,9.510139
11,1.5511338710784912,0.7327609062194824,67.97404479980469,-0.2743086895083158,1.8202192895229559,-90.59297039562612,1.1957885,-6.5214343,-3.6741247,-69.472404,62.289814,-41.90853,6.252544,12.052261,7.7507105,1.966069,70.46494,30.922974,41.91831,5.8511586,-0.9100536,-3.8052955,2.5847874,-2.0577183,4.951663,8.1938715,13.993974,-13.116895,-6.7781,0.082501434,-6.280712,-11.00365,10.94065,-11.754242,9.563145
12,1.601171851158142,0.737714409828186,67.99529266357422,-0.2919362317487096,2.0421906969926518,-90.59063291417286,1.2535794,-6.844969,-3.5983872,-69.41841,62.560062,-42.289616,6.503682,12.201662,7.586967,2.107055,70.27911,30.170113,42.468735,5.5117383,-0.61957014,-3.998567,2.6512594,-2.5340025,4.9267797,8.100078,14.328556,-13.214953,-6.716624,-0.18858963,-6.3325615,-11.068487,10.966897,-11.707571,9.61512
13,1.6563674211502075,0.7455188632011414,68.02027130126953,-0.31093718802096065,2.286507960970822,-90.60283201976259,1.335603,-7.2308936,-3.4903271,-69.32787,62.699337,-42.6959,6.5723248,12.378245,7.457783,2.2646766,70.073456,29.424644,43.06271,5.220992,-0.3428535,-4.192971,2.7267363,-3.0179386,4.893671,8.012991,14.624801,-13.290844,-6.652242,-0.4668948,-6.3843417,-11.131737,10.948278,-11.629767,9.668791
14,1.71646249294281,0.7588878273963928,68.04654693603516,-0.33052718781704227,2.551338684629196,-90.62682356519603,1.4354548,-7.6669664,-3.3685725,-69.22211,62.73185,-43.1141,6.524951,12.57422,7.3333006,2.3893385,69.89065,28.76246,43.62683,4.927244,-0.06829542,-4.445068,2.8101428,-3.5432172,4.8562036,7.928075,14.944682,-13.370699,-6.584152,-0.79260427,-6.4456997,-11.189541,10.959467,-11.552777,9.7252
15,1.7777042388916016,0.7607638835906982,68.07325744628906,-0.35268345051779293,2.8374175440443783,-90.66195675230409,1.5487591,-8.165497,-3.1244202,-68.98853,62.57679,-43.716087,6.340373,12.741823,7.2155986,2.5907443,69.621796,28.022861,44.332993,4.690982,0.18149783,-4.620971,2.9014091,-4.079192,4.8182645,7.8471375,15.256606,-13.453777,-6.5179424,-1.1418905,-6.5078506,-11.242405,10.983583,-11.484277,9.782207
16,1.8432766199111938,0.7612735033035278,68.10166931152344,-0.3797060171925681,3.1453671304073945,-90.70825533480986,1.671862,-8.736115,-2.8437915,-68.7024,62.26851,-44.36099,5.9129486,12.775349,7.0887804,2.7503388,69.39073,27.397295,44.991158,4.44292,0.41669166,-4.854224,3.0003643,-4.6529427,4.7817364,7.768118,15.590731,-13.544406,-6.448889,-1.5278044,-6.571591,-11.286185,11.024238,-11.414658,9.840109
17,1.9078397750854492,0.7716718912124634,68.13195037841797,-0.4131040855278342,3.482413308138803,-90.76738911623595,1.7979623,-9.379556,-2.5218692,-68.35056,61.837086,-45.041782,5.1423044,12.681913,6.9277654,2.866402,69.18133,26.820051,45.61768,4.228655,0.64275575,-5.089438,3.110582,-5.2994905,4.7541614,7.687416,15.976285,-13.643954,-6.3807907,-1.9534045,-6.6283283,-11.323496,11.05331,-11.324652,9.892381
18,1.9781029224395752,0.7827684283256531,68.16231536865234,-0.45180974351567293,3.8459510645125996,-90.83869061920981,1.9310385,-10.090892,-2.1531787,-67.93031,61.283665,-45.77694,4.083793,12.50061,6.740178,2.9424765,68.986206,26.286463,46.218662,4.046264,0.86054456,-5.3281813,3.2306058,-6.0021453,4.7273917,7.607,16.404863,-13.758667,-6.308944,-2.4168997,-6.687981,-11.354608,11.088159,-11.228357,9.947191
19,2.0493717193603516,0.7970482110977173,68.19424438476562,-0.49611699346590965,4.22164034992525,-90.91839244190224,2.0829988,-10.872559,-1.7266417,-67.448105,60.555225,-46.60536,2.8965394,12.199629,6.5781813,2.9882076,68.80323,25.799456,46.786606,3.8809202,1.0657412,-5.5712047,3.3541863,-6.7227244,4.703294,7.529113,16.831802,-13.866658,-6.235751,-2.9050195,-6.744137,-11.376412,11.129201,-11.119555,9.9982815
20,2.114609956741333,0.827459990978241,68.2249755859375,-0.5462079733888304,4.595326029746912,-91.00266797934593,2.2656794,-11.727497,-1.2277013,-66.91446,59.590275,-47.562733,1.7453352,11.743743,6.4948363,3.0161724,68.63172,25.359552,47.31607,3.7207446,1.2536547,-5.8200517,3.4749575,-7.476078,4.691813,7.4514594,17.294954,-13.975353,-6.1645894,-3.416452,-6.789411,-11.384425,11.179445,-10.983291,10.036
21,2.183558464050293,0.8686304092407227,68.2662353515625,-0.6081771260037223,4.964643628753852,-91.09882238968076,2.4860828,-12.659564,-0.6486791,-66.34084,58.386982,-48.670586,0.89504844,11.148497,6.4721584,3.0316203,68.474464,24.96201,47.814793,3.5662162,1.4190066,-6.07825,3.59074,-8.144443,4.677576,7.3907466,17.591742,-13.999547,-6.0875845,-3.9614477,-6.825553,-11.354813,11.245008,-10.816215,10.061471
22,2.2545573711395264,0.9138040542602539,68.31211853027344,-0.6796740915836822,5.336613876560428,-91.2066355843355,2.7363796,-13.66543,0.010285924,-65.72793,56.961414,-49.89782,0.18714817,10.422276,6.4932466,3.0355346,68.328636,24.602198,48.29299,3.4282985,1.56303,-6.3447423,3.7052774,-8.787127,4.6669426,7.3399973,17.827726,-13.992099,-6.008106,-4.536664,-6.8543663,-11.29549,11.326158,-10.618683,10.077366
23,2.3184311389923096,0.9617977142333984,68.35464477539062,-0.7487066656187888,5.710699361514482,-91.31138963780468,3.0064328,-14.73822,0.7530037,-65.06651,55.280155,-51.19978,-0.85466295,9.516699,6.6046,3.0365565,68.18544,24.28264,48.752514,3.3063257,1.6918072,-6.6134458,3.8213797,-9.458187,4.6587963,7.281042,18.100046,-13.99374,-5.932104,-5.1256614,-6.8860598,-11.248827,11.414955,-10.362997,10.090999
24,2.3791744709014893,1.0136947631835938,68.39057159423828,-0.803852342437273,6.086402059945186,-91.39729522696857,3.2865129,-15.870909,1.5916682,-64.34476,53.30663,-52.53114,-2.7076228,8.382859,6.831098,3.0482125,68.03062,24.0038,49.20266,3.2004116,1.8098192,-6.8782983,3.9414518,-10.183227,4.635716,7.198954,18.448847,-14.018491,-5.8527017,-5.710745,-6.9318867,-11.265959,11.500568,-10.002449,10.11303
25,2.4401066303253174,1.093761682510376,68.41957092285156,-0.8442543898990524,6.4718768845318415,-91.47921587950916,3.6009562,-17.126488,2.553862,-63.546528,50.945236,-53.81751,-5.7146883,6.8898273,7.197359,3.0750208,67.86008,23.767416,49.706127,3.1875665,1.8661004,-7.128175,4.0728235,-11.011629,4.5949273,7.0987763,18.910568,-14.060668,-5.763003,-7.0620813,-7.160942,-11.280294,12.963947,-10.09493,10.1684885
26,2.4876317977905273,1.1814401149749756,68.44541931152344,-0.8760153442966178,6.864433987457782,-91.55815782100304,3.9457753,-18.485323,3.6619866,-62.68752,48.239395,-55.07962,-9.559608,5.0917325,7.601305,3.1187475,67.6759,23.573412,50.25178,3.2374697,1.8730087,-7.3685803,4.2116423,-11.867399,4.550321,6.987834,19.384594,-14.091952,-5.6794553,-8.863685,-7.512125,-11.330462,15.224716,-10.324443,10.25676
27,2.538731813430786,1.2742549180984497,68.465087890625,-0.8973523676069022,7.247753159500431,-91.5959895628071,4.270814,-19.818443,4.9050426,-61.824833,45.370823,-56.397415,-13.741073,3.2223802,7.895833,3.1934917,67.46886,23.41698,50.74331,3.1903787,1.9299701,-7.618629,4.342382,-12.747853,4.484344,6.8467655,19.901264,-14.1331005,-5.585839,-10.6809845,-7.902921,-11.489456,17.600403,-10.346107,10.355557
28,2.586702346801758,1.3582404851913452,68.4756851196289,-0.9059616863931681,7.605088749150791,-91.55398629631988,4.5230174,-20.001955,6.232785,-61.029057,42.5319,-57.843033,-17.768421,1.523719,8.001091,3.322814,67.22532,23.29221,51.094334,2.8817248,2.137497,-7.897095,4.44894,-13.626031,4.3994994,6.6555057,20.463823,-14.198738,-5.489301,-12.506971,-8.335523,-11.759069,20.210482,-10.167881,10.430146
29,2.621612310409546,1.4604624509811401,68.48190307617188,-0.9024579578163419,7.929561432455387,-91.4435273646124,4.737205,-20.001955,7.61306,-60.35154,39.766285,-59.297398,-21.921824,-0.04382943,7.8813915,3.5246036,66.93268,23.17864,51.305237,2.2617996,2.562577,-8.192859,4.5438175,-14.503343,4.301169,6.411055,21.040733,-14.249116,-5.395273,-14.3424,-8.836411,-12.177303,23.076145,-9.692305,10.479584
30,2.6573100090026855,1.567216157913208,68.47447204589844,-0.8870378503059799,8.230310844938652,-91.27460258436874,4.9309335,-20.001955,9.017486,-59.815487,37.010025,-60.68122,-26.329433,-1.5662614,7.578097,3.8064864,66.5912,23.081055,51.438747,1.4147528,3.138482,-8.496517,4.6272774,-15.424378,4.183878,6.1214123,21.724653,-14.340933,-5.293928,-16.196014,-9.417852,-12.743461,26.16805,-8.86997,10.498408
31,2.681565284729004,1.6763876676559448,68.45050811767578,-0.8575419363006633,8.514909837979026,-91.00669488787288,5.044647,-20.001955,10.375262,-59.421932,34.288494,-62.150696,-30.277273,-2.889696,7.226924,4.176692,66.205605,23.026022,51.498802,0.3827679,3.76716,-8.830166,4.6643634,-16.417517,4.0578284,5.7805495,22.555244,-14.490601,-5.1946907,-18.080322,-10.04721,-13.344326,29.540434,-7.841734,10.432824
32,2.69374418258667,1.7759631872177124,68.40449523925781,-0.8104126643033678,8.791095336607585,-90.60016528227227,5.0172596,-20.001955,11.595992,-59.14651,31.638763,-63.85539,-33.07049,-3.8982017,7.0240006,4.643375,65.7829,23.0382,51.487675,-0.7929633,4.3528156,-9.218507,4.6212444,-17.507942,3.92204,5.3844953,23.584362,-14.730834,-5.097976,-19.987406,-10.669157,-13.830881,33.199257,-6.8004417,10.224987
33,2.6908867359161377,1.864344596862793,68.33140563964844,-0.7375578416568666,9.068138948944416,-90.0355338711143,4.837836,-20.001955,12.623235,-58.949345,29.081919,-65.905495,-34.33406,-4.5167227,7.128313,5.218402,65.311035,23.072586,51.366253,-2.2442002,4.952963,-9.723123,4.4948874,-18.73194,3.7647562,4.918451,24.855148,-15.080179,-5.0048614,-21.993958,-11.275728,-14.084988,37.280575,-5.9587345,9.825726
34,2.6695621013641357,1.9388787746429443,68.2315673828125,-0.6410511693569227,9.337464898952016,-89.33551907871262,4.5351043,-20.001955,13.459141,-58.814228,26.635878,-68.176735,-34.54631,-4.858516,7.4837646,5.910418,64.78673,23.125835,51.15307,-3.9468668,5.6018834,-10.307463,4.3005176,-20.054184,3.587179,4.3911514,26.324125,-15.520931,-4.920334,-24.059412,-11.852319,-14.145522,41.69189,-5.33434,9.276567
35,2.630653142929077,2.007871150970459,68.10492706298828,-0.5332541237691892,9.58032006171021,-88.52497404727076,4.1053667,-20.001955,14.114861,-58.74645,24.31938,-70.4751,-34.285164,-5.0979247,7.9686317,6.7143164,64.23508,23.279545,50.93531,-5.6186333,6.158314,-10.860312,4.0324063,-21.439735,3.407911,3.8313658,27.962042,-16.036692,-4.845648,-26.011005,-12.330199,-14.1048765,46.113777,-4.8648806,8.6700325
36,2.5829336643218994,2.0747973918914795,67.96019744873047,-0.42769020107052536,9.778918394456742,-87.62970269897954,3.5452583,-20.001955,14.598422,-58.765167,22.141575,-72.594635,-34.107956,-5.409911,8.440501,7.6094604,63.688602,23.609087,50.790703,-6.9633694,6.4671607,-11.282104,3.6849363,-22.809568,3.2385604,3.2710116,29.66587,-16.582052,-4.7756853,-27.710325,-12.668391,-14.070298,50.30605,-4.4646525,8.099019
37,2.5324230194091797,2.1393942832946777,67.79351043701172,-0.3369535744426062,9.933324706474227,-86.63805710430451,2.8330355,-20.001955,14.899955,-58.857204,20.095106,-74.5398,-33.993576,-5.8149405,8.900134,8.57932,63.160366,24.1187,50.69821,-7.89963,6.465252,-11.6100855,3.250156,-24.19375,3.0858915,2.7008777,31.486456,-17.175753,-4.7040195,-29.174639,-12.877569,-14.076463,54.325375,-4.079531,7.5605373
38,2.473358631134033,2.2016823291778564,67.59993743896484,-0.2526858504354857,10.051934427013064,-85.54334795226033,1.9740033,-20.001955,15.02048,-59.003967,18.16312,-76.41468,-33.687344,-6.218283,9.414792,9.6166,62.642597,24.762312,50.60796,-8.569876,6.236086,-11.88473,2.732888,-25.615946,2.9384742,2.1109092,33.444946,-17.825949,-4.6361055,-30.492067,-12.990354,-14.082717,58.32378,-3.6499856,7.0124903
39,2.4018728733062744,2.2582452297210693,67.38116455078125,-0.1570052197222067,10.129214405340349,-84.37868663563127,1.0066689,-20.001955,14.98623,-59.229527,16.322159,-78.15357,-33.374275,-6.6287847,9.924908,10.709728,62.1393,25.538994,50.553593,-9.018286,5.8376465,-12.009427,2.1469555,-27.014626,2.7837386,1.5297185,35.45872,-18.508453,-4.5815315,-31.627718,-12.996849,-14.084129,62.204536,-3.1348257,6.497298
40,2.311898708343506,2.298755168914795,67.14749145507812,-0.03298819622961363,10.157605846959626,-83.17718352935495,-0.030074703,-20.001955,14.835078,-59.57867,14.5267935,-79.68945,-33.216496,-7.0555305,10.360638,11.842815,61.659893,26.450895,50.557186,-9.285018,5.3294053,-11.885512,1.5065448,-28.296244,2.6153176,0.98549324,37.3995,-19.185055,-4.552599,-32.55145,-12.874717,-14.078527,65.87472,-2.5339415,6.071617
41,2.1921324729919434,2.3454136848449707,66.8976821899414,0.12599912036300778,10.117969322392591,-81.92715311352993,-1.1614612,-20.001955,14.5867815,-60.089672,12.713621,-81.018005,-33.248184,-7.500134,10.667597,13.012664,61.21366,27.546528,50.597767,-9.310093,4.66919,-11.443664,0.7808964,-29.45634,2.4458385,0.49621817,39.26652,-19.83945,-4.557312,-33.252815,-12.596076,-14.071699,69.34139,-1.8237872,5.71761
42,2.065267324447632,2.3812756538391113,66.63772583007812,0.3041540804024514,10.016261115402495,-80.6190862355576,-2.3977237,-20.001955,14.246212,-60.752945,10.858491,-82.19449,-33.336067,-7.9413323,10.872923,14.218446,60.803173,28.804611,50.646862,-9.088454,3.851105,-10.737411,-0.025625952,-30.491121,2.266166,0.04833794,41.06178,-20.484203,-4.575656,-33.77444,-12.160112,-14.064052,72.679276,-1.0121953,5.439102
43,1.924121618270874,2.4054508209228516,66.36273956298828,0.48543091580590325,9.882086881827043,-79.29088026620093,-3.6777377,-20.001955,13.831092,-61.53274,8.986115,-83.24419,-33.41002,-8.35904,11.026911,15.445261,60.43448,30.129232,50.710632,-8.745355,2.9904542,-9.853969,-0.8452028,-31.473848,2.0784101,-0.39812922,42.838226,-21.135283,-4.6166606,-34.1357,-11.563464,-14.060251,75.83274,-0.118565075,5.3376007
44,1.7806315422058105,2.4131391048431396,66.06656646728516,0.6574006732489973,9.74647135654834,-77.98040154085362,-4.9406033,-20.001955,13.367725,-62.3841,7.136389,-84.202156,-33.419086,-8.738548,11.187027,16.66908,60.115532,31.430124,50.792732,-8.40408,2.1979206,-8.888685,-1.6089494,-32.469852,1.8641504,-0.875306,44.64614,-21.814331,-4.6711874,-34.349854,-10.795955,-14.065519,78.732895,0.8360163,5.522543
45,1.632244348526001,2.408857583999634,65.7560043334961,0.831914986535314,9.605097678806795,-76.66744690837793,-6.2054315,-20.001955,12.869453,-63.308357,5.3062773,-85.12414,-33.421947,-9.072474,11.330134,17.879885,59.859035,32.750137,50.880836,-8.049999,1.5175626,-7.7946987,-2.3167663,-33.461704,1.6020484,-1.3934405,46.447067,-22.49914,-4.7380166,-34.409344,-9.773878,-14.055094,81.37594,1.8574225,6.106089
46,1.4708857536315918,2.394702672958374,65.43262481689453,1.010564047220733,9.443733329731616,-75.34478943223056,-7.495126,-20.001955,12.340913,-64.311745,3.4709191,-86.00047,-33.4449,-9.369682,11.435403,19.072632,59.670853,34.1272,50.948017,-7.627809,0.8920867,-6.545298,-2.9970315,-34.420696,1.307979,-1.9334995,48.22137,-23.181007,-4.8247848,-34.331223,-8.479626,-14.053724,83.80773,2.9353673,7.0348835
47,1.306967854499817,2.383118152618408,65.10578918457031,1.1696814746461357,9.282359985800072,-74.06970688079288,-8.752625,-20.001955,11.798708,-65.34818,1.6608566,-86.7756,-33.403923,-9.646514,11.57126,20.22182,59.546814,35.47376,50.98032,-7.2052765,0.27336767,-5.274916,-3.6232405,-35.36286,1.0079404,-2.4772158,49.95,-23.838417,-4.9241385,-34.168404,-7.02871,-14.085653,86.0396,4.0196095,8.206455
48,1.1562618017196655,2.356126070022583,64.78689575195312,1.289692491281147,9.144119864642803,-72.89813119889025,-9.918836,-20.001955,11.265837,-66.34498,-0.069174126,-87.406296,-33.239235,-9.928429,11.818482,21.292645,59.48104,36.709312,50.96166,-6.851958,-0.3895773,-4.1203723,-4.168836,-36.265476,0.72871804,-3.006372,51.593777,-24.47061,-5.0283284,-33.960625,-5.5597816,-14.169007,88.070015,5.0713015,9.494862
49,1.0153180360794067,2.316157102584839,64.4838638305664,1.3635898788896061,9.053982768350808,-71.81776938649172,-11.017869,-20.001955,10.750273,-67.27443,-1.6911381,-87.94836,-32.987183,-10.286546,12.203393,22.252647,59.488617,37.86633,50.839157,-6.6665134,-1.1143756,-3.120345,-4.6251674,-37.164207,0.4741893,-3.5466945,53.153976,-25.06765,-5.1412425,-33.686737,-4.020626,-14.328526,89.866425,6.114686,10.952927
50,0.8861478567123413,2.264010429382324,64.20309448242188,1.4086671858078113,8.997344128902519,-70.80855829830676,-12.064583,-19.93312,10.251143,-68.146675,-3.203594,-88.41405,-32.703197,-10.702929,12.699461,23.08585,59.580734,39.007954,50.60206,-6.594157,-1.8718034,-2.212764,-5.005275,-38.02347,0.22536147,-4.0938816,54.596695,-25.618193,-5.2576036,-33.346344,-2.367096,-14.544601,91.45162,7.1359143,12.613938
51,0.7638817429542542,2.200197458267212,63.95037078857422,1.436023237730476,8.941245790137327,-69.91402115691142,-12.990573,-19.867924,9.779638,-68.93856,-4.578352,-88.703926,-32.353848,-11.071818,13.312181,23.791527,59.736702,40.097855,50.311016,-6.4799886,-2.6418734,-1.3799813,-5.316044,-38.762413,0.004561782,-4.603143,55.8661,-26.111269,-5.381565,-32.977642,-0.7838204,-14.769303,92.88986,8.063472,14.289492
52,0.6395099759101868,2.1420412063598633,63.73515319824219,1.456216028066071,8.85235306147913,-69.17718719932894,-13.72383,-19.749628,9.3540125,-69.60663,-5.77714,-88.729866,-31.916416,-11.290894,14.054898,24.389902,59.920166,41.08888,50.04948,-6.175935,-3.402764,-0.59460145,-5.565288,-39.309883,-0.16285686,-5.031057,56.891502,-26.513294,-5.517333,-32.595604,0.5258193,-14.957708,94.22718,8.847003,15.773614
53,0.5151801109313965,2.090686559677124,63.560516357421875,1.4694247283056658,8.722083550508708,-68.59755147250047,-14.246818,-19.55914,8.985518,-70.12394,-6.7615047,-88.42586,-31.485937,-11.414558,15.018607,24.906023,60.12454,41.9784,49.858982,-5.6151843,-4.2282867,0.14164586,-5.747306,-39.655983,-0.27826178,-5.382458,57.670345,-26.82231,-5.6605425,-32.13106,1.5074441,-15.135947,95.45399,9.536522,17.05085
54,0.4017487168312073,2.0385279655456543,63.429630279541016,1.4714242075140038,8.570526890264933,-68.15515765632513,-14.59799,-19.33428,8.672846,-70.490616,-7.5250683,-87.86482,-31.056957,-11.484576,16.193619,25.352562,60.350086,42.77643,49.724648,-4.887888,-5.102503,0.8256963,-5.8611536,-39.827003,-0.3508612,-5.674693,58.21783,-27.048365,-5.8016534,-31.567537,2.2357886,-15.312166,96.539764,10.157822,18.181171
55,0.29579848051071167,1.9885774850845337,63.34986877441406,1.4666241445299715,8.405940004655951,-67.86345881721827,-14.787872,-19.083435,8.414557,-70.70109,-8.084737,-87.171165,-30.459019,-11.37175,17.437311,25.73939,60.560287,43.454056,49.6615,-4.0942264,-5.871023,1.4838665,-5.9217553,-39.81561,-0.36090702,-5.8875155,58.506325,-27.182173,-5.9438367,-30.980299,2.6836085,-15.418125,97.48986,10.64034,19.058857
56,0.19829925894737244,1.9394967555999756,63.31973648071289,1.4594646998317817,8.236418367027467,-67.73625221270655,-14.827173,-18.81339,8.209284,-70.74732,-8.464442,-86.46597,-29.532555,-10.9398985,18.59549,26.079407,60.69887,43.984604,49.7052,-3.346568,-6.3866744,2.1372437,-5.9436398,-39.62553,-0.29334858,-5.9986887,58.538162,-27.23267,-6.086918,-30.440939,2.8192735,-15.387031,98.29642,10.919233,19.57782
57,0.10199844837188721,1.892870306968689,63.346893310546875,1.4549746828952839,8.053381015601085,-67.78650432303911,-14.695612,-18.497715,8.051548,-70.62496,-8.710416,-85.73736,-28.296091,-10.052184,19.601002,26.393532,60.729313,44.377712,49.9459,-2.5729198,-6.6236563,2.8257844,-5.9261823,-39.223206,-0.13777559,-5.997644,58.270035,-27.183075,-6.23636,-29.9635,2.629513,-15.1541395,98.99135,10.969973,19.70743
58,0.0024065375328063965,1.855068325996399,63.424076080322266,1.4514836036452885,7.855681016597842,-68.00308319182912,-14.395212,-18.139814,7.9370575,-70.33641,-8.793024,-84.92014,-26.841549,-8.809843,20.520481,26.695736,60.64608,44.635815,50.399,-1.7652644,-6.6661553,3.5263264,-5.8628864,-38.63572,0.09693315,-5.8992977,57.733967,-27.03503,-6.3944077,-29.498308,2.113063,-14.76438,99.55615,10.842062,19.48975
59,-0.10091066360473633,1.8220196962356567,63.550167083740234,1.4361126390554249,7.664907936218351,-68.36455403251632,-13.970038,-17.793928,7.864989,-69.88111,-8.619546,-84.050415,-25.122957,-7.4290485,21.394785,26.982706,60.44028,44.722115,50.985725,-1.1325128,-6.5384583,4.1609397,-5.759661,-37.898136,0.41392872,-5.7258897,56.948982,-26.79026,-6.5644073,-29.03046,1.2603488,-14.314427,99.91624,10.568006,18.93165
60,-0.19192621111869812,1.7856080532073975,63.730716705322266,1.399782629905622,7.500802831471923,-68.84901031751869,-13.463934,-17.515144,7.836676,-69.256516,-8.091478,-83.170494,-23.087753,-6.1194634,22.275291,27.243855,60.105995,44.604485,51.62119,-0.8879582,-6.2678504,4.65378,-5.6224236,-37.02153,0.80050826,-5.48787,55.907387,-26.445148,-6.732766,-28.551107,0.066218674,-13.90436,100.00398,10.168035,18.044535
61,-0.2727726399898529,1.7500377893447876,63.95729064941406,1.339353454704226,7.363081433333319,-69.46904181269818,-12.869906,-17.326494,7.8571963,-68.44254,-7.216949,-82.30794,-20.565453,-4.883898,23.192879,27.480429,59.622017,44.29472,52.285294,-1.1670154,-5.805171,4.9766126,-5.452505,-36.017685,1.2618991,-5.174256,54.630684,-26.00978,-6.9032397,-28.090319,-1.5375469,-13.510482,99.8434,9.6115465,16.781107
62,-0.35569554567337036,1.7095189094543457,64.23175048828125,1.2615896723449183,7.240100857002935,-70.2296586456503,-12.170567,-17.198296,7.9214325,-67.44173,-6.018043,-81.41528,-17.667915,-3.6110563,24.081997,27.69978,58.987473,43.806236,53.03502,-1.8448282,-5.1612287,5.1830764,-5.247092,-34.848686,1.8000137,-4.7771516,53.079994,-25.471357,-7.0870976,-27.681856,-3.4982696,-13.097787,99.47445,8.863422,15.18207
63,-0.44201958179473877,1.6758475303649902,64.54396057128906,1.1608878339074438,7.1377905591493525,-71.09889551251032,-11.3941965,-17.108723,8.012431,-66.296234,-4.434954,-80.42968,-14.740601,-2.3391216,24.862885,27.894823,58.2405,43.105606,53.876953,-2.7306945,-4.4513693,5.3157673,-5.0060163,-33.565216,2.3948143,-4.318002,51.299213,-24.820978,-7.2820587,-27.306902,-5.636511,-12.759353,98.83487,7.95355,13.395155
64,-0.5318155288696289,1.630812168121338,64.89070129394531,1.0314903790722159,7.061509631086773,-72.04445570092314,-10.569094,-17.035719,8.110369,-65.062485,-2.4321313,-79.30001,-12.09889,-1.1167103,25.47232,28.049068,57.44319,42.15912,54.79043,-3.6223822,-3.7865074,5.405622,-4.7294784,-32.166008,3.0356274,-3.819072,49.289883,-24.061436,-7.489904,-26.922771,-7.7790403,-12.596938,97.85931,6.921631,11.561193
65,-0.6163327097892761,1.5826780796051025,65.26709747314453,0.8646945371620948,7.011943432695732,-73.080010532993,-9.68132,-17.003668,8.219023,-63.750904,-0.052949898,-77.98838,-9.694596,0.018384274,25.954395,28.148552,56.635727,40.963512,55.727055,-4.393136,-3.2087195,5.4928308,-4.410642,-30.656034,3.719575,-3.267486,47.051983,-23.189837,-7.7044725,-26.517836,-10.057443,-12.718629,96.5709,5.7016244,9.532449
66,-0.6956542730331421,1.543675422668457,65.67046356201172,0.6643214815862852,6.981301943716466,-74.21409306602008,-8.721861,-17.020887,8.348348,-62.363396,2.6418326,-76.542725,-7.369625,1.1050225,26.295275,28.191408,55.828327,39.534805,56.647705,-5.157602,-2.644932,5.544527,-4.053349,-29.02477,4.437724,-2.6440895,44.566826,-22.190346,-7.923185,-26.119766,-12.449536,-13.073135,95.01483,4.256276,7.35659
67,-0.7894616723060608,1.486824870109558,66.1050796508789,0.4403304514595839,6.9644989208850285,-75.40757252930439,-7.726568,-17.037876,8.490599,-60.95335,5.640869,-75.054924,-5.239593,2.1940525,26.357271,28.178852,55.040005,37.86689,57.537674,-6.0743785,-2.0317204,5.4771113,-3.6730983,-27.400736,5.165086,-1.9742522,42.036373,-21.123264,-8.150196,-25.709007,-14.587188,-13.520433,93.103065,2.7501178,5.4234657
68,-0.8928032517433167,1.435782790184021,66.55059814453125,0.20446945995787405,6.957682869848406,-76.62201700658436,-6.730774,-17.004694,8.629499,-59.59822,8.929622,-73.60254,-3.3792927,3.3226542,26.00202,28.113384,54.296993,35.94872,58.3747,-7.297367,-1.3019377,5.2139993,-3.284406,-25.737684,5.882852,-1.2702365,39.410236,-19.967094,-8.386701,-25.27192,-16.159122,-13.892952,90.76383,1.3716918,4.0694838
69,-0.995123565196991,1.3799004554748535,67.0046157836914,-0.056366672546191085,6.958099186607318,-77.85757385581753,-5.744775,-16.906237,8.760644,-58.33417,12.50665,-72.12212,-1.6938037,4.561212,25.153103,27.993,53.6188,33.72818,59.08618,-8.81252,-0.41508442,4.7434134,-2.8885436,-24.004402,6.595499,-0.54308873,36.619915,-18.664103,-8.629075,-24.809395,-17.113977,-14.126101,87.92947,0.20417856,3.3098216
70,-1.094326138496399,1.3212330341339111,67.45287322998047,-0.3440777469684948,6.964348702562422,-79.13158345627949,-4.74827,-16.772226,8.903728,-57.167057,16.309227,-70.57301,-0.07856883,5.8446956,23.888851,27.818068,53.018692,31.212341,59.646706,-10.532031,0.6028739,4.126587,-2.4779654,-22.188906,7.2988815,0.22398204,33.64527,-17.194416,-8.872911,-24.326992,-17.66685,-14.284179,84.668304,-0.82841295,2.9344504
71,-1.203065276145935,1.2652870416641235,67.88860321044922,-0.6308610119099116,6.978181148557164,-80.43245796080986,-3.7322242,-16.61108,9.0864105,-56.127377,20.238054,-69.07351,1.4312834,7.0124764,22.31763,27.594107,52.511673,28.472952,60.106316,-12.4963875,1.7247069,3.4053478,-2.0531263,-20.355522,7.960584,1.0490361,30.618292,-15.617968,-9.116367,-23.813442,-17.938248,-14.379526,81.0772,-1.7518457,2.90075
72,-1.324090600013733,1.2048404216766357,68.30584716796875,-0.8927325378837191,7.00431827252968,-81.74898590048157,-2.6875377,-16.431427,9.33745,-55.24889,24.199236,-67.74726,2.8173482,7.9170904,20.553995,27.326057,52.107914,25.578575,60.526394,-14.750119,2.923841,2.6242237,-1.6150818,-18.569304,8.553426,1.9479301,27.674639,-13.999618,-9.359028,-23.258518,-18.0415,-14.4147835,77.2399,-2.5921855,3.1915183
73,-1.4492688179016113,1.1399998664855957,68.69500732421875,-1.1357065977718797,7.053297829678772,-83.07582029799748,-1.6244116,-16.22353,9.678107,-54.531796,28.258434,-66.564514,3.984695,8.535157,18.552595,27.01154,51.81676,22.454132,60.84202,-17.430956,4.248656,1.8121092,-1.1637058,-16.780018,9.098642,2.9515145,24.676012,-12.219715,-9.607922,-22.682535,-17.914984,-14.304851,73.10277,-3.3659358,3.8833303
74,-1.5715374946594238,1.0722171068191528,69.04813385009766,-1.374320761528915,7.1199209242054815,-84.42079696864722,-0.5427389,-15.98587,10.121699,-53.95376,32.398186,-65.43973,5.0317388,8.974841,16.323214,26.65069,51.654617,19.062756,60.999992,-20.447351,5.721653,1.0100452,-0.698392,-14.941853,9.59143,4.0570655,21.546234,-10.218194,-9.852711,-22.091213,-17.593952,-14.046225,68.66217,-4.073215,4.8928943
75,-1.6940548419952393,1.0010759830474854,69.3552474975586,-1.5870460398253108,7.187360691091726,-85.79081329024558,0.58102953,-15.735121,10.677581,-53.513912,36.43026,-64.42696,6.208901,9.270544,14.042401,26.250162,51.631042,15.532537,61.11422,-23.51514,7.2673993,0.25807476,-0.22005236,-13.134774,9.978642,5.21313,18.53108,-8.177101,-10.087661,-21.456411,-17.302187,-13.820192,64.06754,-4.722953,5.970478
76,-1.8244038820266724,0.9301852583885193,69.61131286621094,-1.750128159620936,7.2414374911460655,-87.19269230618124,1.7698184,-15.488927,11.351437,-53.230812,40.184864,-63.59846,7.7576594,9.419625,11.856348,25.81468,51.737946,12.008089,61.334824,-26.375849,8.798732,-0.44867554,0.27124748,-11.4831505,10.22366,6.334125,15.953803,-6.3468103,-10.3215885,-20.761461,-17.220318,-13.830952,59.46192,-5.317791,6.907404
77,-1.9642997980117798,0.8537325859069824,69.82075500488281,-1.8525493815968526,7.289450831988353,-88.63631507050823,3.0340612,-15.207868,12.154556,-53.144344,43.792088,-63.07777,9.911304,9.302774,9.720872,25.347988,51.953312,8.461034,61.715652,-29.123,10.33591,-1.2115318,0.78493166,-10.042222,10.336661,7.4438915,13.983904,-4.905592,-10.604056,-19.98531,-17.388163,-14.164886,54.80199,-5.8687277,7.6638174
78,-2.1116976737976074,0.7756617069244385,69.9876480102539,-1.9072188372778398,7.341583822221998,-90.11562193635922,4.359152,-14.894257,13.083753,-53.257595,47.33185,-62.72829,12.458165,8.919672,7.578993,24.851168,52.277508,4.8347635,62.19841,-31.8793,11.913805,-1.9840469,1.3174043,-8.756382,10.347077,8.550807,12.449454,-3.744805,-10.953102,-19.179903,-17.694859,-14.712566,50.07693,-6.3926053,8.367894
79,-2.2697274684906006,0.6967425346374512,70.1034164428711,-1.9287390055383526,7.389676735729766,-91.61403968892776,5.7299576,-14.628078,14.109184,-53.52739,50.589752,-62.298664,14.942146,8.4439745,5.557353,24.31594,52.722713,1.242711,62.809925,-34.435722,13.435621,-2.6115196,1.8454496,-7.602923,10.261056,9.494161,11.198459,-2.7272575,-11.316605,-18.42895,-18.068161,-15.393427,45.4477,-6.884335,9.09221
80,-2.4327399730682373,0.629135251045227,70.17245483398438,-1.9298150663720959,7.425251395763819,-93.11474528312655,7.131713,-14.490394,15.192638,-53.891693,53.344967,-61.612762,16.910149,8.078797,3.7854636,23.719158,53.288803,-2.19222,63.593086,-36.57332,14.782393,-2.979395,2.3462975,-6.906362,10.145926,10.006302,10.715266,-1.9965227,-11.614923,-17.8089,-18.449322,-16.1211,41.060947,-7.34232,9.897123
81,-2.611142873764038,0.5626492500305176,70.19776153564453,-1.8919179443139182,7.448190972091578,-94.62935773244753,8.578557,-14.534725,16.306011,-54.349747,55.629826,-60.75381,18.253536,7.8622856,2.2584877,23.031061,53.95501,-5.4780226,64.66446,-38.27619,15.874127,-3.1239774,2.8467317,-6.5397873,9.913233,9.822128,10.728301,-1.4192839,-11.788541,-17.214298,-18.86454,-17.031698,36.721214,-7.6674438,10.8795595
82,-2.801830291748047,0.4887677729129791,70.18486022949219,-1.812281315196036,7.469649021357036,-96.16239152371188,10.07123,-14.704556,17.437151,-54.921955,57.603573,-59.83507,19.174511,7.6990194,0.92610604,22.23771,54.696754,-8.652292,66.00804,-39.66546,16.750805,-3.1487668,3.3482199,-6.214816,9.520089,9.058086,10.765771,-0.86707824,-11.874745,-16.710878,-19.351763,-18.093546,32.52517,-7.955064,11.982686
83,-3.0054972171783447,0.41625872254371643,70.12886047363281,-1.7274891259093197,7.493354449539405,-97.68683090299285,11.575793,-14.918244,18.569157,-55.560764,59.21504,-58.78617,19.702255,7.6110406,-0.15683907,21.340242,55.492672,-11.631739,67.47796,-40.718178,17.46591,-3.0677114,3.7905734,-5.897966,9.101314,8.083104,10.806376,-0.38548014,-11.906812,-16.652628,-19.901566,-18.950281,29.10803,-8.512896,13.020899
84,-3.2240755558013916,0.34449324011802673,70.03633117675781,-1.674270585905848,7.518047308080336,-99.17533057906387,13.059452,-15.093399,19.701723,-56.176632,60.388184,-57.584373,19.85983,7.620872,-0.9438259,20.347391,56.32219,-14.320576,68.916145,-41.41229,18.090714,-2.8937821,4.1134195,-5.55337,8.812887,7.359343,10.821594,-0.022872517,-11.902939,-17.398111,-20.522688,-19.24173,27.12391,-9.654651,13.801489
85,-3.450469732284546,0.27313232421875,69.89653778076172,-1.6554641412024187,7.548787376284505,-100.62323383962406,14.52257,-15.248024,20.836834,-56.71881,61.091892,-56.29416,19.586374,7.8529696,-1.4369687,19.246555,57.2017,-16.725182,70.388336,-41.76218,18.628576,-2.5509155,4.302843,-5.2119775,8.69667,7.0408883,10.800552,0.265856,-11.751503,-19.126793,-21.234478,-18.952793,26.826073,-11.645297,14.1509695
86,-3.6916985511779785,0.206834077835083,69.7187271118164,-1.6510443207564576,7.581716639640808,-102.04486252094122,15.98039,-15.413081,21.975624,-57.18798,61.355526,-55.019466,18.906157,8.255229,-1.6869861,18.029606,58.12282,-18.873423,71.94784,-41.77279,19.056852,-2.0989084,4.390396,-4.8836923,8.677909,6.964718,10.767433,0.44114742,-11.452257,-21.64605,-22.031628,-18.22488,27.852867,-14.279248,14.192414
87,-3.939610004425049,0.1445189118385315,69.52637481689453,-1.6636166640825816,7.599157317835461,-103.44165499912184,17.42357,-15.52645,23.122688,-57.563717,61.179245,-53.802723,17.971365,8.585617,-1.722966,16.727015,59.012577,-20.674152,73.406105,-41.426414,19.430105,-1.7483006,4.3856645,-4.519108,8.75856,7.160447,10.779077,0.30300942,-11.212611,-24.574274,-22.76212,-17.003172,29.587166,-17.004887,14.195823
88,-4.209543228149414,0.11072531342506409,69.2905044555664,-1.6878877122515266,7.582684087782776,-104.81485166131907,18.84162,-15.522977,23.81975,-57.757996,61.062298,-52.455463,16.474602,8.49611,-1.5789386,15.971352,59.45512,-21.7726,74.9338,-41.227715,20.05157,-2.0408607,4.2967715,-4.025628,8.938038,7.65282,10.822932,-0.3051017,-11.255508,-27.398788,-23.182957,-15.300021,31.194616,-19.161844,14.451611
89,-4.495518684387207,0.10635852813720703,69.03012084960938,-1.7382869576771298,7.522668268736661,-106.24050907930345,20.305645,-15.333758,24.824074,-57.996593,60.31608,-51.210297,15.279889,8.0814905,-1.1715313,14.898644,60.00859,-22.702042,76.065414,-40.398403,20.485096,-2.319662,4.0845346,-3.1723137,9.248361,8.692866,10.673065,-1.5550933,-11.713766,-29.91765,-22.973104,-12.912504,32.12641,-20.452139,15.255718
90,-4.791635990142822,0.113697350025177,68.73728942871094,-1.8132273799893928,7.423030122126881,-107.69554027340052,21.798824,-15.015543,25.841263,-58.18333,59.101337,-49.989853,14.077164,7.3990316,-0.6082414,13.81246,60.46411,-23.067055,77.02556,-39.276863,21.025576,-2.9022036,3.7714596,-2.276023,9.721514,10.202506,10.807198,-3.5000665,-12.481594,-32.396126,-22.228178,-9.969236,32.949352,-21.24949,16.415037
91,-5.098016738891602,0.12162253260612488,68.47126770019531,-1.8710828451080805,7.307749331175825,-109.02831715870815,23.175924,-14.699104,26.743269,-58.282574,57.531807,-48.74098,12.5153475,6.509957,0.1652913,12.820616,60.76942,-23.022459,77.72483,-37.761543,21.490065,-3.844139,3.4286246,-1.3239368,10.214959,11.813402,10.863168,-5.4496737,-13.382253,-34.323025,-21.24564,-7.227653,33.27191,-21.386477,17.457674
92,-5.420237064361572,0.14104396104812622,68.23570251464844,-1.8703984213434541,7.207626959913093,-110.08891794996774,24.29279,-14.506488,27.71915,-58.235344,55.17332,-47.728905,10.715301,5.608665,0.9872363,11.658817,60.94897,-22.604773,77.70493,-35.558887,21.774244,-5.102309,3.1442158,-0.54636514,10.641855,13.060905,10.89352,-6.8924513,-14.233252,-35.7007,-20.519543,-5.2209797,33.46862,-21.05941,17.924664
93,-5.764782428741455,0.19101090729236603,68.02449798583984,-1.7893687805551888,7.105608020091554,-110.9237630586475,25.186945,-14.459376,28.664001,-57.93907,52.19607,-46.74645,8.300995,4.48186,1.7778422,10.414844,60.852863,-21.717392,77.0862,-32.563843,21.835882,-7.102423,2.931673,0.060631137,10.971008,13.879909,10.900938,-7.7306995,-15.019938,-36.52087,-20.199234,-4.013351,33.579285,-20.113804,17.562819
94,-6.137770652770996,0.27862077951431274,67.85477447509766,-1.6534842910631213,7.001817927292594,-111.57870467672423,25.90487,-14.489583,29.312357,-57.503887,49.237923,-45.463696,5.029002,3.0914264,2.7584307,9.478228,60.514774,-20.541752,76.31808,-29.023859,21.585875,-9.681852,2.7389743,0.6030306,11.24168,14.462389,10.829723,-8.181793,-15.809063,-36.82122,-20.121145,-3.3296711,33.444996,-18.52824,16.679726
95,-6.537734031677246,0.38835370540618896,67.70101165771484,-1.4896999047737218,6.949140666940126,-111.90873063983733,26.316956,-14.560281,29.941597,-56.761044,45.638412,-44.41509,1.5957636,1.6820372,3.7317574,8.491317,59.85073,-18.769674,74.98579,-25.38841,21.038702,-12.38539,2.5779564,0.8302307,11.54083,14.663631,10.963701,-8.377682,-16.554836,-37.015076,-20.317963,-3.0675251,33.65808,-16.942875,15.651421
96,-6.964170932769775,0.4733152687549591,67.60497283935547,-1.3327646716077526,6.992081909073805,-111.76863540528713,26.29187,-14.637505,30.388098,-55.71173,41.95971,-43.623295,-2.2196226,0.36332121,5.1381717,7.6426415,58.979897,-16.713232,73.21789,-22.151186,20.079674,-14.461281,2.430944,0.92333835,11.83466,14.455404,10.792167,-8.083476,-17.193787,-36.902782,-20.730524,-3.2980692,33.76792,-15.5455,14.821491
97,-7.4107489585876465,0.5161348581314087,67.5560302734375,-1.213781131949919,7.1602585128029075,-111.06688749178731,25.742947,-14.80044,30.595818,-54.45941,38.342,-42.78203,-6.6622734,-1.0454111,7.2703323,7.0969887,58.11855,-14.742393,71.03893,-19.111843,18.656868,-15.728228,2.3389225,0.59007525,12.22912,13.6827345,10.7424965,-7.499521,-17.739878,-36.435055,-21.484367,-4.305926,33.805527,-14.4526415,14.271421
98,-7.875683784484863,0.5360010862350464,67.54826354980469,-1.1117697947635605,7.416843670894367,-109.89641153034255,24.758095,-15.047681,30.79215,-52.539616,34.18471,-42.351585,-11.626456,-2.5877059,9.372078,6.6256337,56.938896,-12.2902565,68.179344,-16.434313,16.99104,-16.68753,2.291981,-0.12943439,12.698295,12.402923,10.852485,-6.6425695,-18.228064,-35.59663,-22.50223,-6.0122147,33.80184,-13.464159,13.812356
99,-8.370210647583008,0.5554363131523132,67.5886001586914,-0.9931493739463486,7.705966788010775,-108.39549211526274,23.474659,-15.228045,30.88568,-50.561363,30.24059,-41.95861,-17.00804,-4.5843143,11.730307,6.380237,55.82649,-9.71706,65.19758,-14.084702,15.083715,-16.88895,2.2139585,-0.96785825,13.147841,10.827099,10.804505,-5.348294,-18.642687,-34.446568,-23.453514,-7.865643,33.61131,-12.420353,13.384445
100,-8.893598556518555,0.6029952168464661,67.65968322753906,-0.8490712367740602,7.966754773006109,-106.6976704785442,22.02285,-15.200954,30.914845,-48.422783,26.141094,-42.243015,-22.336264,-6.50506,13.723263,6.295188,54.67956,-6.5101643,62.204006,-12.581948,13.275209,-16.43816,2.0282145,-1.8878127,13.571291,9.118209,10.71826,-3.6544518,-18.978529,-33.215427,-24.05504,-9.247745,33.29832,-11.250893,12.938779
101,-9.43653678894043,0.6765425205230713,67.74998474121094,-0.6847916187377758,8.188950059052832,-104.77462171431958,20.381107,-14.919064,30.917366,-45.75916,21.57672,-43.15121,-28.06453,-8.311099,15.234395,6.3746705,53.240913,-2.2115066,59.148636,-12.482427,11.473103,-15.297767,1.7284575,-2.9498649,13.9826355,7.2348213,10.713055,-1.5020666,-19.263176,-31.939411,-24.312044,-10.02743,32.8983,-9.94127,12.443499
102,-9.998459815979004,0.7730938196182251,67.845458984375,-0.5086131436814106,8.402540006558105,-102.57947839370468,18.506197,-14.487884,30.762388,-43.626873,17.383802,-43.72961,-34.17602,-10.880164,17.138378,6.675877,52.140465,1.9026661,56.101933,-12.610358,9.443624,-12.961886,1.355282,-4.209354,14.392085,5.1097465,10.819771,1.0438802,-19.53173,-30.595871,-24.385618,-10.48106,32.486877,-8.578932,11.940332
103,-10.592782974243164,0.8737362623214722,67.96231079101562,-0.3027146762959983,8.616487942034064,-100.21069976668375,16.490854,-13.972545,30.458803,-40.939877,12.710626,-45.000626,-40.306866,-12.686133,18.085487,7.482902,50.66749,7.1827264,53.67482,-13.930433,7.5916677,-10.848663,0.9004399,-5.5201697,14.760736,2.87892,10.816042,3.8691504,-19.786259,-29.167942,-24.2373,-10.6600895,31.892973,-7.1266093,11.468818
104,-11.219243049621582,0.975627064704895,68.07807922363281,-0.06692487221381087,8.838971432236223,-97.77614891771834,14.435328,-13.433578,29.909714,-39.333385,8.669866,-46.220253,-45.24096,-14.863705,19.041603,8.66361,49.797657,11.8468485,52.117226,-14.381204,5.8608637,-8.548433,0.37416002,-6.945228,15.087479,0.60698456,10.842,6.6987424,-20.024479,-27.810741,-23.87372,-10.545618,31.229328,-5.66432,11.091053
105,-11.873287200927734,1.075454831123352,68.18256378173828,0.20807236994527964,9.068633858693122,-95.2292256930083,12.308356,-12.816668,29.065147,-38.50298,4.4561486,-47.884808,-48.57432,-16.769022,19.71466,10.277582,49.36843,16.54421,51.32998,-14.243351,4.524617,-6.451529,-0.2619695,-8.509946,15.286649,-2.1667573,10.8604,9.864529,-20.33521,-26.643261,-23.172398,-9.755284,30.589264,-4.06833,10.626348
106,-12.554425239562988,1.1648085117340088,68.26358795166016,0.5167519101294262,9.300890455876702,-92.5401524764651,10.077374,-12.128199,27.884098,-38.2273,0.005986334,-49.988174,-50.73814,-18.38866,20.231865,12.314873,49.225132,21.246971,51.067272,-13.72873,3.4755716,-4.317608,-0.99417627,-11.194051,15.281961,-5.6124315,12.677963,12.513192,-20.789118,-25.57972,-22.227018,-8.392851,29.96101,-2.3759031,10.138612
107,-13.250454902648926,1.2418177127838135,68.31410217285156,0.8427678799359332,9.53503968079673,-89.83170326802805,7.827243,-11.487759,26.367619,-38.38572,-4.343326,-52.421925,-51.890324,-19.658335,20.588844,14.66574,49.253704,25.651749,51.32677,-12.800171,2.5733252,-2.237389,-1.7474446,-14.58228,15.13378,-8.70401,15.743527,14.202704,-21.198393,-24.415329,-21.313816,-7.1793456,29.178562,-0.92345625,10.042375
108,-13.947362899780273,1.3019658327102661,68.32559967041016,1.167383136397794,9.769325205940044,-87.22573852868408,5.6416416,-10.994056,24.536695,-38.89324,-8.2219095,-55.058434,-52.157307,-20.573618,20.796057,17.173445,49.389442,29.524748,52.079582,-11.418173,1.6855413,-0.3054772,-2.4476066,-17.912518,15.191031,-10.298849,18.746422,14.893457,-21.199253,-22.982632,-20.69479,-6.8596587,28.084888,-0.06789706,10.690135
109,-14.654168128967285,1.3482283353805542,68.29485321044922,1.4918094110720042,9.994379755220777,-84.69601495129916,3.4805887,-10.6148205,22.360493,-39.724403,-11.564357,-58.05782,-51.41409,-21.044373,20.833248,19.764708,49.65367,33.133244,53.394966,-9.443133,0.83310807,1.4177366,-3.119634,-21.397707,15.781656,-9.939162,22.018688,14.307577,-20.473787,-20.94225,-20.424704,-7.962093,26.209444,0.29555902,12.434225
110,-15.362048149108887,1.367816686630249,68.21031188964844,1.821823705967573,10.2084304302281,-82.19528093151484,1.3159629,-10.289402,19.791994,-40.846054,-14.505648,-61.410393,-49.7428,-21.09823,20.767963,22.386553,50.064133,36.669945,55.06058,-6.9856787,0.115696944,3.0573516,-3.7892542,-24.997454,16.902895,-8.248035,25.385138,12.833034,-19.200377,-18.383427,-20.259172,-10.053676,23.585087,0.4109252,14.833426
111,-16.060638427734375,1.372046709060669,68.07492065429688,2.1451569442233542,10.422890069555987,-79.81144726910827,-0.75200886,-10.0735655,16.922613,-42.17666,-16.993635,-64.765915,-47.562176,-20.957844,20.727468,24.855474,50.594627,39.901814,56.649696,-4.4675074,-0.49473268,4.736114,-4.385204,-28.49014,18.347847,-5.932607,28.395496,10.72416,-17.747824,-15.856907,-20.037664,-12.414811,20.909275,0.103614576,17.0565
112,-16.733760833740234,1.3696197271347046,67.91791534423828,2.447667957105319,10.65233589582322,-77.63148625159575,-2.622223,-10.028094,13.94357,-43.613037,-19.005566,-67.84551,-45.28583,-20.833979,20.86615,26.909746,51.230614,42.693684,57.74659,-2.3962634,-1.0420759,6.499876,-4.8368793,-31.710613,19.784824,-3.6525972,30.708399,8.256848,-16.477667,-14.112315,-19.788376,-14.281818,19.246088,-1.0114956,18.42977
113,-17.38470458984375,1.3666901588439941,67.75985717773438,2.7288578249940083,10.89014737648159,-75.65884481338917,-4.2765517,-10.177112,11.023488,-45.12487,-20.530264,-70.81665,-42.84892,-20.721098,21.296087,28.373802,52.039463,45.223625,58.314022,-1.0055488,-1.5564187,8.263606,-5.1127486,-34.724945,21.242256,-1.1831096,32.41594,5.112703,-15.425487,-13.475837,-19.650564,-15.4280615,19.132671,-3.232432,18.87225
114,-18.009395599365234,1.3593156337738037,67.58763885498047,2.992234579721632,11.13204735586609,-73.85024139453076,-5.7678595,-10.474735,8.259289,-46.74616,-21.6854,-73.87398,-40.16951,-20.548328,21.938627,29.30227,53.110832,47.725693,58.479176,-0.14278977,-2.0185654,9.913618,-5.255729,-37.727375,22.89795,1.6399993,34.00605,1.1128492,-14.537418,-13.539241,-19.641884,-16.290333,19.998877,-6.0746737,18.833817
115,-18.608016967773438,1.3553820848464966,67.3803482055664,3.230752357627534,11.40052937410559,-72.22324244685146,-7.098382,-10.8867445,5.6863112,-48.471928,-22.630808,-76.81552,-37.548763,-20.359083,22.697535,29.856306,54.433907,50.0493,58.20777,0.31299102,-2.4295528,11.429188,-5.3068247,-40.781925,24.546858,4.1432586,35.661625,-3.1569228,-13.890939,-14.080974,-19.737976,-17.068312,21.513529,-8.985097,18.554375
116,-19.18413734436035,1.3432267904281616,67.1444091796875,3.4392669650282666,11.721521682415823,-70.79566216069158,-8.269751,-11.379609,3.33847,-50.264362,-23.516134,-79.43095,-35.30542,-20.21335,23.465208,30.191193,55.92188,52.005615,57.522354,0.4922647,-2.7908297,12.828401,-5.3077602,-43.909245,25.891676,5.694746,37.363953,-7.0085397,-13.451738,-14.890824,-19.899906,-17.91068,23.356224,-11.569449,18.22473
117,-19.73981475830078,1.3289179801940918,66.87860107421875,3.6253130220471412,12.109419432648986,-69.5230721800611,-9.317913,-11.961137,1.2369331,-52.109295,-24.271803,-81.76735,-33.499344,-20.106268,24.283253,30.392954,57.514725,53.379047,56.566128,0.35846898,-3.1563046,14.206862,-5.24644,-47.240345,26.678677,6.171105,39.031002,-10.359581,-13.108104,-15.929478,-20.147295,-18.887981,25.560516,-13.98898,17.885584
118,-20.282154083251953,1.3230763673782349,66.60781860351562,3.791144559191454,12.552938101285816,-68.41135917444129,-10.226001,-12.641845,-0.6154999,-54.015587,-24.824888,-83.90919,-31.97145,-20.033327,25.207363,30.495878,59.166805,54.15357,55.527912,-0.015185024,-3.5583372,15.55159,-5.108207,-50.824432,27.0746,5.9052844,40.788338,-13.575001,-12.784509,-17.23297,-20.470966,-19.844929,28.139023,-16.386797,17.490967
119,-20.79673194885254,1.3396985530853271,66.36012268066406,3.923750369622276,13.041969447900305,-67.55516910358621,-10.915997,-13.391019,-2.2111504,-55.968967,-25.33212,-85.73243,-30.70218,-20.049593,26.151264,30.520971,60.77757,54.511604,54.465954,-0.3939672,-3.9470708,16.719986,-4.930916,-54.39878,27.255194,5.016005,42.601074,-16.49457,-12.48366,-18.774948,-20.790186,-20.565996,30.850542,-18.538118,17.053654
120,-21.287731170654297,1.384260892868042,66.12572479248047,4.00851300791113,13.567389548517191,-67.05176262726279,-11.311979,-14.180379,-3.546591,-57.9389,-25.97552,-87.12793,-29.68094,-20.192022,27.011848,30.482504,62.226345,54.69038,53.42871,-0.61328155,-4.263877,17.561132,-4.7512693,-57.579884,27.333826,3.66052,44.240448,-18.87414,-12.267709,-20.571022,-21.022442,-20.8533,33.513466,-20.261816,16.57328
121,-21.73580551147461,1.4328763484954834,65.90131378173828,4.027195733810656,14.164043576515514,-66.96657321928072,-11.329513,-15.094222,-4.605877,-59.917454,-26.849482,-88.08422,-28.973326,-20.527523,27.730387,30.375011,63.41351,54.751404,52.476017,-0.73383415,-4.493599,18.003714,-4.611308,-60.466705,27.151348,1.4708855,45.742237,-20.696056,-12.290674,-22.87512,-21.153887,-20.547777,36.360146,-21.569387,16.00621
122,-22.160371780395508,1.483425498008728,65.7032699584961,3.9983792482622684,14.828505248158503,-67.23932362137798,-11.028989,-16.116564,-5.3801403,-61.91737,-27.843464,-88.67153,-28.566267,-21.03819,28.361723,30.201103,64.315125,54.610237,51.667503,-0.8601347,-4.6841636,18.135477,-4.4673715,-62.94163,26.5497,-1.3496803,46.83601,-21.898516,-12.477455,-25.60159,-21.195213,-19.822515,39.387012,-22.604153,15.341439
123,-22.566944122314453,1.5371203422546387,65.51995086669922,3.9318452806303545,15.494628954261765,-67.77763643510468,-10.559221,-17.059298,-5.8933983,-63.891613,-28.822222,-88.92059,-28.340433,-21.604641,28.977854,29.985014,64.961235,54.307365,51.016987,-0.9128457,-4.8526716,18.044847,-4.2664294,-64.80152,25.831562,-4.064428,47.61374,-22.538017,-12.606154,-28.169611,-21.078918,-18.99236,41.98597,-23.361212,14.661333
124,-22.96511459350586,1.6146622896194458,65.35930633544922,3.8275842516239273,16.095685779498474,-68.48704983542468,-10.072004,-17.73784,-6.175405,-65.80539,-29.590027,-88.86304,-28.133867,-22.124937,29.702913,29.750341,65.41003,53.871727,50.5147,-0.7947512,-5.012765,17.821161,-3.9680605,-65.83698,25.395147,-5.95999,48.06974,-22.6567,-12.442881,-30.466576,-20.84357,-18.199232,44.18173,-24.026903,14.014719
125,-23.33831787109375,1.7254478931427002,65.2288818359375,3.6844845845495153,16.60471021267735,-69.37667173968416,-9.559641,-18.11323,-6.2299795,-67.62852,-30.078802,-88.474625,-27.840998,-22.627262,30.773497,29.499897,65.68361,53.34433,50.104755,-0.45892027,-5.1503973,17.443941,-3.5395346,-65.989716,25.33662,-7.0329747,48.192276,-22.153837,-11.79576,-32.40658,-20.508944,-17.473377,45.894375,-24.611221,13.447299
126,-23.66683578491211,1.8360283374786377,65.10387420654297,3.4697071523954057,17.06011479012245,-70.48591611094577,-8.966129,-18.284792,-6.0587854,-69.359215,-30.296692,-87.76948,-27.516586,-23.152014,32.14114,29.215815,65.78537,52.70531,49.792427,0.047217548,-5.2586193,16.882723,-3.0510404,-65.66029,25.584913,-7.7533903,48.416237,-21.265514,-10.818685,-34.16818,-20.045647,-16.693344,47.3235,-25.10666,12.934567
127,-23.95425796508789,1.9372124671936035,64.99089050292969,3.199745828325597,17.488356608098094,-71.77225287748803,-8.36519,-18.28057,-5.7300425,-70.92253,-30.2362,-86.6953,-27.379822,-23.602179,33.39914,28.891623,65.74679,51.862442,49.620804,0.69307435,-5.3760324,16.206202,-2.5262258,-64.91443,26.211962,-7.917529,48.657543,-20.198257,-9.767047,-35.804276,-19.470976,-15.873819,48.526188,-25.497793,12.44372
128,-24.2078800201416,2.018449068069458,64.88829040527344,2.8684639581027325,17.914534041075548,-73.19150536103555,-7.83152,-18.124935,-5.345928,-72.295815,-29.812166,-85.221085,-27.557493,-23.91698,34.196774,28.522964,65.62195,50.720776,49.617275,1.4518379,-5.5324793,15.488871,-2.0188627,-63.91302,27.283596,-7.3713846,49.029903,-19.243607,-8.895467,-37.381535,-18.768074,-15.015405,49.583378,-25.78413,11.939707
129,-24.4243106842041,2.095811128616333,64.79611206054688,2.4653959612609015,18.329435465430386,-74.73193658249002,-7.398731,-17.786375,-4.9819794,-73.43097,-29.045702,-83.22022,-28.030266,-23.9937,34.553516,28.104914,65.45779,49.21577,49.6894,2.3688867,-5.760169,14.73655,-1.568573,-62.612244,29.050955,-5.7502117,49.632397,-18.521477,-8.311747,-38.910374,-17.910194,-14.109215,50.49253,-25.935354,11.408818
130,-24.612621307373047,2.1884608268737793,64.71122741699219,1.9928239044867082,18.714387666327514,-76.41972064604822,-7.0242186,-17.265387,-4.664467,-74.32286,-27.91504,-80.686905,-28.731813,-23.888689,34.650444,27.634308,65.26871,47.40893,49.769833,3.4351788,-6.0334797,13.918038,-1.138745,-61.01077,31.358038,-3.2590141,50.633858,-17.980843,-7.794039,-40.37851,-16.90902,-13.160335,51.251106,-25.961706,10.863765
131,-24.774282455444336,2.293856143951416,64.62474060058594,1.4604336661233046,19.078881924456816,-78.26858694064629,-6.665839,-16.631643,-4.4963384,-74.81045,-26.455341,-77.62342,-29.923416,-23.64838,34.17435,27.178583,65.07456,45.40043,49.96013,4.5520406,-6.300677,12.983743,-0.6695749,-59.281757,33.672592,-0.59941435,52.12349,-17.595163,-7.13907,-41.81613,-15.819868,-12.184468,51.93559,-25.91498,10.3260975
132,-24.914783477783203,2.3939311504364014,64.52679443359375,0.8774905019795359,19.433499015756475,-80.2923454090392,-6.28255,-15.958778,-4.4216805,-75.0997,-24.515915,-74.31411,-31.566343,-23.445957,33.060757,26.655676,64.83778,43.240982,50.318684,5.6157866,-6.4885054,12.047024,-0.1015938,-57.637245,35.492752,1.4876163,54.076008,-17.27614,-6.1953173,-43.246895,-14.69502,-11.197151,52.622257,-25.85845,9.815602
133,-25.011707305908203,2.4841408729553223,64.40875244140625,0.23491318849141699,19.773917280722635,-82.54546931435158,-5.848753,-15.257066,-4.467956,-75.17065,-22.017275,-70.44589,-34.09752,-23.461433,31.275755,25.974775,64.50888,40.904507,50.77996,6.660398,-6.590618,11.155533,0.57515633,-56.20568,36.808296,2.768471,56.599247,-16.994808,-4.8453984,-44.69912,-13.524569,-10.146224,53.333412,-25.800123,9.352269
134,-25.058000564575195,2.561159372329712,64.27278137207031,-0.47632417045032943,20.08146067135878,-85.0068002408826,-5.389528,-14.498063,-4.709389,-74.914444,-19.083948,-65.99523,-37.487843,-23.37787,28.809156,25.166193,64.11308,38.493668,51.285248,7.611683,-6.64103,10.181824,1.3316092,-54.919964,37.862553,3.5741334,59.684677,-16.791143,-3.2251787,-46.132812,-12.287234,-9.047575,54.025818,-25.714396,8.931301
135,-25.059200286865234,2.6267149448394775,64.12727355957031,-1.2442610101791902,20.346882275572536,-87.57559161455598,-4.941669,-13.694038,-5.148318,-74.38059,-15.6428585,-61.584354,-40.958767,-22.834341,25.888666,24.326647,63.724262,36.05785,51.901432,8.359568,-6.5883775,9.105252,2.1670568,-53.669098,38.519577,4.050206,62.972694,-16.581715,-1.6188802,-47.48928,-11.04037,-7.997631,54.67537,-25.59933,8.550407
136,-25.015077590942383,2.67779541015625,63.98223114013672,-2.051042914315636,20.563895472358958,-90.15085802202944,-4.5431485,-12.851662,-5.804047,-73.5771,-11.449775,-57.706818,-43.75979,-21.710163,22.87054,23.4529,63.37394,33.70589,52.64308,8.726618,-6.355941,7.9353123,3.0814912,-52.290516,38.61961,4.3971467,66.04929,-16.250513,-0.32456067,-48.715515,-9.856848,-7.079163,55.261658,-25.459684,8.212115
137,-24.93549156188965,2.7193381786346436,63.83326721191406,-2.8888133238834843,20.711995112826816,-92.73611265114005,-4.234579,-11.9361,-6.739132,-72.55919,-6.516919,-54.081802,-45.922024,-19.831228,19.26993,22.547161,63.058407,31.389742,53.53075,8.776934,-5.8772593,6.610137,4.0916195,-50.740475,37.934757,4.507403,68.80191,-15.677148,0.5832543,-49.812366,-8.760743,-6.3010874,55.807987,-25.295061,7.9057336
138,-24.837017059326172,2.748300552368164,63.682891845703125,-3.7590564928110606,20.78734794977585,-95.37481867288423,-3.985002,-10.947028,-7.9659767,-71.35579,-0.875209,-50.53252,-47.805,-17.304043,15.158958,21.615112,62.757668,29.041628,54.530907,8.596066,-5.197302,5.1544743,5.1945114,-49.097687,36.557858,4.3678117,71.381615,-14.863628,1.1863596,-50.80724,-7.7103014,-5.6152205,56.318745,-25.110563,7.6202683
139,-24.724552154541016,2.748384952545166,63.52317428588867,-4.656712109293684,20.813927953149197,-98.02407160411482,-3.726454,-9.941266,-9.347541,-70.09355,5.435469,-47.7083,-48.95484,-14.605708,11.537107,20.672165,62.484543,26.76117,55.596046,8.028762,-4.399162,3.679341,6.358068,-47.33588,34.80195,4.341636,73.7158,-13.869837,1.4447594,-51.7283,-6.6923995,-5.0039463,56.81508,-24.953022,7.3623896
140,-24.59785270690918,2.7182440757751465,63.35892105102539,-5.579603259433117,20.81854150483378,-100.64162321336114,-3.3894951,-8.979288,-10.706772,-68.7357,12.401072,-46.28148,-49.03718,-12.280689,9.315428,19.725622,62.266834,24.648712,56.677467,6.9185443,-3.5555453,2.3069324,7.5488544,-45.419468,32.983665,4.770293,75.71423,-12.778977,1.3558928,-52.595066,-5.694172,-4.451114,57.284218,-24.843071,7.1392274
141,-24.44537353515625,2.6519200801849365,63.181541442871094,-6.542293047912705,20.79493199919803,-103.2240982489764,-2.9543948,-8.069412,-11.949445,-67.131676,20.501966,-46.58399,-47.68485,-10.432707,8.777231,18.777826,62.10434,22.69361,57.793835,5.0799603,-2.6352012,1.0498625,8.804517,-43.2903,31.070856,5.686868,77.29211,-11.545587,0.8736566,-53.393967,-4.7505493,-3.984631,57.746002,-24.820732,6.9582124
142,-24.279006958007812,2.559216260910034,62.98429489135742,-7.532140107978855,20.724624850936475,-105.78540811263689,-2.4565153,-7.180588,-13.085522,-65.36887,29.3831,-48.209297,-44.99041,-8.767306,9.151619,17.837498,61.98652,20.828259,58.96054,2.6492524,-1.5821713,-0.095810935,10.124367,-41.00017,28.881157,6.8728046,78.46561,-10.139078,0.012326632,-54.140987,-3.8606083,-3.5945613,58.229572,-24.875067,6.8060613
143,-24.10634994506836,2.446476459503174,62.77287673950195,-8.515393596085767,20.62275277624692,-108.31202522188543,-1.9057829,-6.315854,-14.133656,-63.678383,37.88788,-50.675816,-41.377876,-7.224993,9.7521305,16.90945,61.934452,19.068998,60.138844,-0.041175354,-0.44902825,-1.0394595,11.416277,-38.657135,26.512625,8.291343,79.27323,-8.670511,-1.1045138,-54.883728,-2.9685493,-3.2039363,58.728374,-24.955389,6.681158
144,-23.953304290771484,2.321991443634033,62.544166564941406,-9.461162097203125,20.51124571285577,-110.79555782410013,-1.308666,-5.4818845,-15.089048,-62.181316,45.127544,-53.62057,-37.52565,-5.8438935,10.057321,15.983772,61.981197,17.43485,61.29629,-2.6462848,0.6889471,-1.723569,12.592441,-36.345024,24.071178,9.930782,79.73735,-7.242031,-2.3449383,-55.68543,-2.006126,-2.7459712,59.26497,-25.023643,6.570102
145,-23.823694229125977,2.1640374660491943,62.30751419067383,-10.399446500969237,20.401250241916205,-113.29783093542395,-0.60738254,-4.686317,-15.872508,-60.972965,50.951866,-57.31285,-32.91564,-4.645496,10.262422,15.020927,62.15361,15.96203,62.451954,-5.2143936,1.817992,-2.0866828,13.668794,-33.990314,21.597893,11.905641,79.799644,-5.854951,-3.6978686,-56.53859,-0.92064893,-2.1980205,59.803543,-25.067684,6.471814
146,-23.695796966552734,1.999162197113037,62.05928421020508,-11.337323576017981,20.280277425184067,-115.80050214414884,0.18846151,-3.9248054,-16.395273,-60.04923,55.91096,-61.755226,-27.46957,-3.5355074,10.3488,13.997056,62.45269,14.628998,63.604897,-7.8750796,2.9506114,-2.1592453,14.676272,-31.592573,18.984005,14.131019,79.42835,-4.446745,-5.216077,-57.42874,0.24207939,-1.6016579,60.344627,-25.089062,6.398497
147,-23.599069595336914,1.833765983581543,61.80900192260742,-12.217788900819423,20.149007745058967,-118.17796376930666,0.9691915,-3.192683,-16.606724,-59.395218,60.112034,-66.290344,-22.427238,-2.5492003,9.819854,12.937678,62.866882,13.362308,64.72323,-10.402548,4.043643,-2.0630598,15.550334,-29.32407,16.152954,16.33647,78.69586,-3.0363436,-6.861347,-58.311665,1.4323264,-1.008781,60.88627,-25.096142,6.330781
148,-23.52480125427246,1.6818947792053223,61.56373596191406,-12.986087940681665,20.021173793686348,-120.30824544356707,1.6215131,-2.4829648,-16.522202,-58.997784,63.529198,-70.25098,-18.871891,-1.7788247,8.415921,11.90581,63.37433,12.071829,65.810036,-12.560458,5.0639353,-1.9393275,16.22866,-27.33672,13.0662775,18.286053,77.6714,-1.6501627,-8.599362,-59.16564,2.5747783,-0.45185018,61.432755,-25.091162,6.276023
149,-23.47695541381836,1.5419714450836182,61.317134857177734,-13.645667120260965,19.93227623339111,-122.19155877713804,2.130415,-1.7777319,-16.221203,-58.818806,66.065384,-73.58083,-17.423658,-1.3201109,6.1178126,10.946718,63.977177,10.710296,66.9857,-14.239222,5.9859953,-1.8328354,16.68458,-25.634272,9.709149,20.022158,76.29981,-0.33053717,-10.434701,-60.03708,3.6779704,0.07161903,62.011898,-25.07929,6.231195
150,-23.45343017578125,1.4127187728881836,61.07207489013672,-14.228446353002251,19.886564685970313,-123.89116303640287,2.5536973,-1.087033,-15.757858,-58.75911,67.87133,-76.72542,-17.440895,-1.0574646,3.3436494,10.07053,64.67427,9.297123,68.29629,-15.573346,6.8179793,-1.6976075,16.957644,-24.127806,6.132796,21.650846,74.534424,0.948182,-12.378808,-60.932503,4.7725883,0.5758006,62.606056,-25.052235,6.1951303
151,-23.43876838684082,1.2921698093414307,60.837059020996094,-14.72168673722089,19.8592693338572,-125.379577520438,2.8826973,-0.43732938,-15.155407,-58.75147,69.197845,-79.76581,-17.978086,-0.7715641,0.56073403,9.299148,65.43334,7.8579035,69.64803,-16.707403,7.586711,-1.544306,17.085949,-22.79828,2.4260268,23.052813,72.451996,2.2569487,-14.425545,-61.78138,5.811439,1.0512931,63.18318,-25.021439,6.1797748
152,-23.437763214111328,1.2003384828567505,60.61840057373047,-15.10975989988979,19.826887359787673,-126.62618615362187,3.1062927,0.14470473,-14.412149,-58.733723,70.2559,-82.73404,-18.105036,-0.3742609,-1.8227129,8.660518,66.20876,6.4360213,70.955666,-17.802473,8.320397,-1.3746555,17.107075,-21.608343,-1.3238355,24.115461,70.12647,3.665121,-16.570433,-62.533737,6.758665,1.4797059,63.72327,-24.989134,6.177055
153,-23.47360610961914,1.1338263750076294,60.423614501953125,-15.369781682174906,19.81243001786986,-127.61825497401283,3.2025154,0.6731146,-13.548178,-58.65161,70.98212,-85.78032,-17.607473,0.12093694,-3.6622999,8.185336,66.97834,5.0328655,72.274445,-18.936022,9.043345,-1.2506281,16.981985,-20.498497,-5.256631,24.811909,67.344406,5.2644997,-18.940716,-63.194492,7.6306562,1.8841255,64.22833,-24.956085,6.1779394
154,-23.523693084716797,1.0875486135482788,60.255287170410156,-15.517230457759712,19.834484564115296,-128.3772562381571,3.181605,1.1578522,-12.589749,-58.47248,71.275055,-88.97099,-16.956171,0.63097,-5.1732507,7.878808,67.75115,3.6560323,73.67761,-20.04971,9.737533,-1.1663837,16.707205,-19.443981,-9.345836,25.203358,64.09097,6.981425,-21.48555,-63.78733,8.427514,2.2797117,64.69337,-24.913605,6.196684
155,-23.566715240478516,1.0922991037368774,60.0973014831543,-15.789970637324648,19.80625046281187,-128.9040691985617,3.0647664,1.586195,-11.510082,-58.165695,71.27812,-92.13098,-16.248482,1.0865849,-6.5236835,7.7171955,68.56142,2.3858595,75.063675,-21.134237,10.375231,-1.0083413,16.313965,-18.990429,-11.459155,26.608997,62.40292,8.160918,-23.217627,-64.25852,9.296952,2.4251928,64.95516,-24.774214,6.170866
156,-23.599239349365234,1.1544727087020874,59.943328857421875,-16.227795395061765,19.70190210047895,-129.2050951752295,2.8758078,1.9425693,-10.255458,-57.698395,71.102684,-95.0999,-15.572991,1.4302422,-7.887294,7.6547794,69.443245,1.3010231,76.318924,-22.14432,10.9223795,-0.67332894,15.892534,-19.13653,-11.459155,29.113468,62.753193,8.66477,-23.864815,-64.596825,10.199074,2.2532504,65.00771,-24.54627,6.077428
157,-23.64269256591797,1.2366116046905518,59.826171875,-16.576208448461188,19.580510679699913,-129.3240352243241,2.6360414,2.2138734,-8.80882,-57.08633,70.69113,-97.99541,-14.898692,1.5647463,-9.376601,7.645552,70.35937,0.43416032,77.454834,-23.047375,11.378304,-0.09431551,15.531298,-19.226274,-11.459155,31.197884,63.208344,9.125118,-24.362282,-64.79317,10.915475,2.0266306,65.001205,-24.340893,5.97087
158,-23.71481704711914,1.3320482969284058,59.750770568847656,-16.833800698944177,19.459148521370405,-129.24745415034064,2.3276505,2.4112637,-7.186013,-56.326706,69.96158,-100.91581,-14.181278,1.5299904,-10.8767,7.671575,71.28944,-0.22167262,78.48309,-23.86131,11.761621,0.6390998,15.184606,-19.235918,-11.459155,32.94758,63.62402,9.59623,-24.749163,-64.84923,11.459155,1.7423913,64.92592,-24.154766,5.849172
159,-23.811853408813477,1.4329090118408203,59.715755462646484,-16.98528502422208,19.36050900150703,-128.93599428145333,1.9606068,2.5058491,-5.404564,-55.423485,68.961624,-103.722466,-13.555795,1.4046311,-12.1911,7.7238035,72.19331,-0.70560986,79.37023,-24.447166,12.044929,1.3725734,14.909983,-19.147522,-11.459155,34.25856,64.04556,10.0415125,-24.923395,-64.76809,11.459155,1.2086366,64.804596,-24.035671,5.7981906
160,-23.916545867919922,1.5204377174377441,59.72002029418945,-17.06192396389655,19.286222352917203,-128.39052075260975,1.5468019,2.465068,-3.4862924,-54.37243,67.73173,-106.28016,-13.171388,1.2953678,-13.13606,7.8011045,73.022125,-1.0569714,80.08599,-24.673553,12.207808,1.9500904,14.709438,-18.927683,-11.459155,35.031265,64.461975,10.401039,-24.842283,-64.54927,11.459155,0.7485818,64.65322,-24.003508,5.6745424
161,-24.008941650390625,1.5757694244384766,59.77470779418945,-17.07034246332792,19.230485708530306,-127.61389018515492,1.0353248,2.3018181,-1.4508792,-53.157204,66.25691,-108.557,-13.218456,1.2435082,-13.721347,7.8980803,73.75492,-1.2314918,80.61199,-24.518532,12.24501,2.354234,14.615491,-18.557035,-11.459155,35.181305,64.86945,10.664457,-24.429363,-64.14837,11.459155,0.38851306,64.43248,-24.06916,5.4892297
162,-24.080224990844727,1.6283131837844849,59.867149353027344,-16.976201921855363,19.201930235205733,-126.5890046602061,0.4389736,2.030463,0.69690335,-51.85264,64.57006,-110.55354,-13.57733,1.1791219,-13.981497,8.008661,74.38874,-1.2053717,80.95633,-24.063923,12.183122,2.6471493,14.6142235,-18.032532,-11.459155,34.793476,65.21435,10.880018,-23.718355,-63.606667,10.985369,-0.13988186,64.17986,-24.224493,5.3859186
163,-24.139663696289062,1.6804367303848267,59.99795150756836,-16.77250956719713,19.209553048466542,-125.31964092380228,-0.13354579,1.6185759,2.9269447,-50.46043,62.65788,-112.344444,-14.048012,1.1326482,-13.872152,8.141572,74.90682,-1.0532727,81.136284,-23.339409,12.050181,2.7942653,14.64227,-17.38177,-11.459155,33.99876,65.45631,11.035076,-22.889019,-62.940613,10.154178,-0.78389895,63.888096,-24.439661,5.3423743
164,-24.2144718170166,1.738057255744934,60.16067123413086,-16.44885943505452,19.26353183330673,-123.7917561943962,-0.5729317,1.028344,5.2139673,-48.960934,60.52382,-114.00418,-14.434982,1.1136227,-13.327423,8.316867,75.286705,-0.8527623,81.18255,-22.379822,11.868288,2.7621078,14.617424,-16.615429,-11.459155,32.944244,65.54231,11.123084,-22.094778,-62.17342,9.131841,-1.4785467,63.55865,-24.689095,5.3108783
165,-24.302165985107422,1.792203664779663,60.366981506347656,-15.998162999758097,19.357197809027443,-121.97713689285968,-0.92301744,0.21883616,7.5603743,-47.35492,58.18078,-115.41556,-14.842048,1.1191396,-12.188737,8.553295,75.51372,-0.6312295,81.11662,-21.141562,11.596039,2.5501342,14.5462885,-15.744943,-11.459155,31.546787,65.55012,11.1175165,-21.373463,-61.27549,7.8944535,-2.2442398,63.170765,-24.97907,5.296053
166,-24.383779525756836,1.8493406772613525,60.60928726196289,-15.42438790689767,19.478094299272428,-119.89047939588654,-1.2157967,-0.7829617,9.96912,-45.659893,55.640156,-116.55885,-15.358504,1.1460519,-10.509744,8.856209,75.59449,-0.34003595,80.93439,-19.641808,11.230459,2.1738012,14.455256,-14.819104,-11.459155,29.752722,65.555855,10.99229,-20.676445,-60.253044,6.4307323,-3.0911374,62.732964,-25.305992,5.316056
167,-24.472932815551758,1.9199639558792114,60.88444519042969,-14.729004318124295,19.623601462973348,-117.58515343092911,-1.3283607,-1.9189922,12.416214,-43.88081,52.906216,-117.646126,-15.773307,1.2046643,-8.532879,9.223945,75.5404,0.049311403,80.62717,-18.001268,10.845661,1.6236758,14.314619,-13.903529,-11.459155,27.746195,65.524574,10.755682,-20.031897,-59.127167,4.813589,-3.9960663,62.221817,-25.619072,5.3634944
168,-24.582122802734375,1.9976437091827393,61.19684600830078,-13.91365308132304,19.78740653783648,-115.11790499051419,-1.1442872,-3.1256952,14.859486,-42.025257,49.99158,-118.878426,-15.891424,1.313878,-6.493217,9.650741,75.36073,0.5564892,80.1855,-16.330818,10.512196,0.8883322,14.1016,-13.032013,-11.459155,25.724184,65.381454,10.436632,-19.446566,-57.89725,3.1110516,-4.9288263,61.598263,-25.874746,5.432616
169,-24.737773895263672,2.07529354095459,61.554443359375,-12.943249114386983,19.958964100389267,-112.45731745092993,-0.6367605,-4.429939,17.27115,-40.08609,46.91483,-120.29172,-15.185407,1.5986918,-4.2626595,10.143602,75.04451,1.129634,79.63414,-14.462631,10.2105465,-0.07400263,13.803368,-12.162127,-11.459155,23.689396,65.12264,10.060709,-18.854595,-56.54041,1.3157619,-5.8983946,60.85758,-26.088915,5.506189
170,-24.90546226501465,2.163149356842041,61.95179748535156,-11.821352506627164,20.117177336389727,-109.58706187031729,0.10985868,-5.831777,19.635035,-38.095634,43.71991,-121.71537,-13.961541,2.093898,-1.7498997,10.706511,74.58844,1.7610662,78.97344,-12.402439,9.884961,-1.238424,13.442046,-11.332558,-11.459155,21.56911,64.8698,9.597238,-18.241318,-55.056595,-0.6110473,-6.9301023,60.00385,-26.255228,5.61464
171,-25.074607849121094,2.2711374759674072,62.37120819091797,-10.769030380099265,20.20754297412621,-106.57443144175302,1.0371935,-7.215425,21.88886,-36.149193,40.4839,-122.62441,-13.237043,2.283026,0.6773248,11.323447,74.03726,2.5342162,78.13533,-10.538877,9.57232,-2.5147567,13.02144,-10.907272,-9.998399,20.570644,65.58728,8.734977,-16.922556,-53.399868,-2.4434452,-8.188388,58.89999,-26.273693,5.7212877
172,-25.240320205688477,2.4005844593048096,62.80558776855469,-9.82821081145231,20.227653045367035,-103.50310816670851,2.1080704,-8.489186,23.866009,-34.448147,37.40221,-122.62441,-13.957244,1.7025663,2.707602,11.965444,73.42746,3.513947,77.064995,-9.191738,9.321558,-3.8265946,12.568049,-10.788056,-7.2911325,20.60578,66.863815,7.534464,-15.0888195,-51.573944,-4.115636,-9.657841,57.52579,-26.097725,5.8420267
173,-25.39849853515625,2.5215253829956055,63.26631164550781,-8.83816049119085,20.20442092654219,-100.38372721400812,3.4035945,-9.663488,25.391613,-33.120327,34.55279,-122.62441,-16.520395,1.2787031,4.2940044,12.621961,72.71812,4.7061386,75.703766,-8.431465,9.177943,-5.3167434,12.090491,-10.705385,-4.684838,20.622105,67.779625,6.2409263,-13.480413,-49.604866,-5.7585297,-11.181828,55.97109,-25.791323,6.01461
174,-25.561655044555664,2.641934871673584,63.748573303222656,-7.787362622590068,20.125560859696648,-97.184129803389,4.9010453,-10.746198,26.392878,-32.205444,32.04689,-122.62441,-20.214167,1.0733151,5.5887556,13.278663,71.90872,6.052797,74.07479,-8.039401,9.1135,-6.985907,11.582961,-10.653968,-2.1076453,20.64636,68.4248,4.853962,-12.019431,-47.487465,-7.3761086,-12.790438,54.248222,-25.364906,6.2267575
175,-25.71586036682129,2.760891914367676,64.2587890625,-6.705942061741748,19.99297799947059,-93.9372764625537,6.435797,-11.679138,27.00996,-31.654688,29.815126,-122.62441,-24.454954,0.8376647,6.7591586,13.980707,70.96671,7.555764,72.36855,-7.943793,9.065609,-8.600112,11.091099,-10.641905,0.30868337,20.61766,68.718666,3.4753666,-10.765216,-45.326015,-8.996524,-14.507726,52.474197,-24.800577,6.497844
176,-25.860000610351562,2.858426094055176,64.79188537597656,-5.622164886070081,19.813716098723745,-90.6743252379388,7.858042,-12.4257,27.233017,-31.589556,27.981651,-122.13573,-28.540882,0.051836323,7.8055644,14.675903,70.009384,9.143119,70.65874,-7.9479055,8.965004,-9.836963,10.660362,-10.681607,2.4373474,20.48324,68.60452,2.190544,-9.76554,-43.048035,-10.6062355,-16.38018,50.584446,-24.070818,6.8478613
177,-25.97934341430664,2.964783191680908,65.3365707397461,-4.531491741079689,19.58947522536104,-87.37980647142022,9.183066,-12.987418,27.125381,-32.018383,26.467052,-121.09384,-32.65454,-1.4368372,8.541134,15.344852,69.079346,10.804011,68.893684,-8.04333,8.823012,-10.52422,10.314438,-10.810243,4.2620273,20.19924,68.07341,1.0215337,-9.033243,-40.608955,-12.219793,-18.46417,48.53473,-23.133823,7.293508
178,-26.08772850036621,3.0583062171936035,65.88773345947266,-3.4262691975549844,19.30966515176763,-84.04542517297665,10.485538,-13.382346,26.756636,-32.885704,25.15304,-119.88528,-36.982086,-3.2387142,8.933148,15.988233,68.17819,12.5395355,67.00806,-8.274044,8.675166,-10.832488,10.0248375,-11.018817,5.858668,19.811085,67.18303,-0.07541229,-8.52501,-37.996918,-13.793976,-20.743357,46.3054,-21.974075,7.823767
179,-26.180017471313477,3.139397621154785,66.44171142578125,-2.3271126970361156,18.970759070078156,-80.71044100903418,11.71356,-13.617649,26.178764,-34.1239,23.957092,-118.63732,-40.94702,-5.0877757,9.11719,16.615831,67.31593,14.33339,65.09237,-8.567213,8.481681,-10.975257,9.758169,-11.243449,7.2433095,19.407303,65.96119,-1.102468,-8.200482,-35.27234,-15.250488,-23.135305,43.956852,-20.610228,8.411248
180,-26.267000198364258,3.202406644821167,66.99098205566406,-1.2549264201287915,18.572573516462374,-77.41276733265609,12.814935,-13.706532,25.432976,-35.653866,22.779133,-117.46489,-43.984863,-6.7257977,9.327992,17.242271,66.50522,16.166763,63.239353,-8.835299,8.204129,-11.1656275,9.480333,-11.410562,8.431461,19.084696,64.422485,-2.0656044,-8.021783,-32.504665,-16.52659,-25.539532,41.55212,-19.066399,9.025974
181,-26.34516143798828,3.259232997894287,67.5280532836914,-0.19818861683883415,18.109253978447743,-74.14301230907478,13.800722,-13.647051,24.543194,-37.418,21.498398,-116.46961,-45.837467,-8.070453,9.765649,17.883717,65.74188,18.062252,61.43686,-9.019152,7.849261,-11.528257,9.203258,-11.517632,9.379339,18.800905,62.516678,-2.9641776,-8.024075,-29.601397,-17.617472,-28.01178,38.957436,-17.25381,9.709015
182,-26.412174224853516,3.317810297012329,68.0456314086914,0.8434724081211494,17.580245190844302,-70.88714154220341,14.699229,-13.445942,23.522831,-39.372803,20.074928,-115.609116,-46.90175,-9.23669,10.369963,18.54714,65.02188,20.01564,59.6508,-9.166562,7.4322963,-11.930313,8.936788,-11.596431,10.121147,18.536331,60.269184,-3.8009846,-8.189819,-26.538239,-18.50436,-30.564238,36.114735,-15.119845,10.453877
183,-26.471105575561523,3.3645823001861572,68.5372314453125,1.8340836942263181,17.002157061034644,-67.67438156673794,15.481557,-13.141872,22.395231,-41.459137,18.536425,-114.77632,-47.59425,-10.284052,11.013567,19.228615,64.362206,21.964914,57.93872,-9.339115,6.927125,-12.194976,8.644322,-11.625937,10.780735,18.430862,57.803524,-4.5906334,-8.416064,-23.52427,-19.162973,-32.987408,33.25276,-12.784706,11.147789
184,-26.52382469177246,3.403045177459717,68.99268341064453,2.7443787711418275,16.400143362497044,-64.53202889056051,16.116087,-12.77608,21.191013,-43.612534,16.924442,-113.87192,-48.34917,-11.297279,11.530845,19.916306,63.78994,23.843777,56.34793,-9.587172,6.3089337,-12.144017,8.289835,-11.585113,11.464163,18.631262,55.234222,-5.3440175,-8.617428,-20.812775,-19.647041,-35.032993,30.694794,-10.434106,11.661271
185,-26.562673568725586,3.4240081310272217,69.41078186035156,3.576754034014743,15.791716806593211,-61.45770121417742,16.594074,-12.338312,19.942875,-45.799362,15.208578,-112.900185,-49.294518,-12.3157625,11.876595,20.601654,63.3236,25.636246,54.804825,-10.058022,5.5790086,-11.774816,7.8464475,-11.426727,12.209081,19.28369,52.529324,-6.07242,-8.789374,-18.48482,-20.054321,-36.639015,28.581884,-8.104079,11.887935
186,-26.60360336303711,3.436403751373291,69.78975677490234,4.347035525407395,15.171317642275273,-58.43359712927898,16.9307,-11.830116,18.68378,-48.001667,13.312186,-111.955505,-50.226406,-13.2904625,12.1409445,21.281569,62.964565,27.38274,53.279324,-10.661709,4.7513995,-11.178044,7.3383994,-11.183951,12.948677,20.298315,49.663754,-6.7733126,-8.987598,-16.446358,-20.418234,-37.859436,26.808346,-5.7462416,11.861527
187,-26.629013061523438,3.4409987926483154,70.1294937133789,5.037108643681287,14.536789359850259,-55.461047879964575,17.127323,-11.309803,17.446774,-50.177616,11.230734,-111.079025,-51.087116,-14.190977,12.342265,21.948368,62.721024,29.107304,51.878838,-11.102653,3.8272135,-10.301167,6.804652,-10.953394,13.634915,21.464165,46.745018,-7.421982,-9.217735,-14.683089,-20.708443,-38.59419,25.318607,-3.4508588,11.673664
188,-26.644668579101562,3.445436477661133,70.42530059814453,5.627654401839546,13.890155040747526,-52.54134261736273,17.186989,-10.837075,16.257532,-52.274906,8.983097,-110.3165,-51.83064,-14.999413,12.512774,22.591074,62.61129,30.831642,50.702255,-11.084331,2.8196461,-9.073209,6.2839828,-10.838107,14.2348175,22.553055,43.88641,-8.000864,-9.473647,-13.171359,-20.870459,-38.72119,24.02583,-1.322627,11.457424
189,-26.647441864013672,3.4492037296295166,70.67765045166016,6.117100012203216,13.251271830459064,-49.66476811253919,17.115221,-10.428629,15.125866,-54.280506,6.5485754,-109.712456,-52.51808,-15.707165,12.600907,23.197428,62.677105,32.588017,49.77209,-10.390295,1.6984082,-7.362112,5.7613487,-10.816372,14.75149,23.616478,41.04671,-8.468288,-9.743704,-12.007511,-20.951761,-38.04635,23.100042,0.49532247,11.223872
190,-26.636011123657227,3.4482781887054443,70.87952423095703,6.519257245151961,12.63016110434717,-46.825090203049776,16.907898,-10.060893,14.05751,-56.20004,3.9228046,-109.271614,-53.174496,-16.328302,12.624473,23.762606,62.93607,34.37709,48.97014,-9.212701,0.5261331,-5.2178526,5.224205,-10.872538,15.221033,24.729431,38.22973,-8.870019,-10.028742,-11.194021,-20.974882,-36.5882,22.56726,2.003556,10.93581
191,-26.604843139648438,3.449537515640259,71.03404998779297,6.83507844914703,12.01753980298588,-44.030104333624855,16.55644,-9.73545,13.061954,-58.006664,1.1827365,-108.97093,-53.71,-16.89761,12.732364,24.28956,63.356182,36.170902,48.206745,-7.8791027,-0.55758744,-2.8449106,4.716098,-11.122782,15.673188,25.67914,35.619274,-9.320904,-10.331122,-10.541792,-20.825836,-34.55612,22.080856,3.303636,10.697307
192,-26.5656795501709,3.4633445739746094,71.14419555664062,7.063938898194137,11.404351593894079,-41.287428474657716,16.053377,-9.45405,12.148343,-59.658176,-1.569648,-108.786,-54.049515,-17.475254,13.0861225,24.785013,63.873318,37.938118,47.437817,-6.731338,-1.4635506,-0.46452814,4.2797594,-11.684298,16.135199,26.245394,33.400295,-9.943172,-10.652539,-9.845219,-20.415298,-32.19512,21.292353,4.487241,10.622368
193,-26.51519203186035,3.488593578338623,71.21273803710938,7.198350101548896,10.802619903510985,-38.58218345430254,15.362788,-9.22428,11.314473,-61.138634,-4.315579,-108.73753,-54.200596,-18.141031,13.762833,25.259966,64.46424,39.711006,46.721977,-5.867017,-2.2016883,1.9363137,3.935399,-12.616562,16.592112,26.33278,31.602367,-10.771755,-11.015059,-9.059244,-19.63686,-29.230677,20.042383,5.570857,10.893115
194,-26.451461791992188,3.5222280025482178,71.23971557617188,7.2435999561868725,10.229477464157345,-35.90749019464113,14.502742,-9.047232,10.5467205,-62.462433,-7.0459886,-108.822365,-54.21745,-18.878954,14.700982,25.720034,65.13603,41.51245,46.10055,-5.129509,-2.8267653,4.44291,3.6569293,-13.897279,17.050505,26.040236,30.214659,-11.786862,-11.402129,-8.232919,-18.59856,-25.657187,18.548786,6.3986607,11.445594
195,-26.379335403442383,3.558407783508301,71.23389434814453,7.216435962723585,9.680671145738412,-33.283797238246706,13.547468,-8.912891,9.830329,-63.63118,-9.659389,-108.976036,-54.092056,-19.615107,15.86034,26.158575,65.858574,43.293358,45.527676,-4.4845405,-3.3567035,6.938259,3.4164457,-15.507887,17.553225,25.438183,29.333445,-13.015556,-11.75562,-7.339566,-17.578876,-22.209036,17.04075,6.833329,11.974659
196,-26.322084426879883,3.598289966583252,71.19918060302734,7.1314494716021315,9.149097790049142,-30.733032943579275,12.571016,-8.811291,9.148099,-64.632385,-12.046848,-109.12685,-53.815655,-20.28206,17.207327,26.567772,66.587395,45.009907,44.972,-3.912102,-3.8121161,9.310747,3.1862316,-17.401424,18.131136,24.604986,29.00285,-14.459921,-12.01668,-6.3998227,-16.829878,-19.681593,15.710174,6.8206344,12.140408
197,-26.254207611083984,3.6469080448150635,71.14408111572266,6.977930067260342,8.645571556855613,-28.260516365464404,11.597597,-8.767837,8.49051,-65.44577,-14.151158,-109.25011,-53.422466,-20.943172,18.909061,26.94095,67.30902,46.695374,44.44463,-3.4769585,-4.2096024,11.632728,2.9671032,-19.611744,18.739023,23.381159,29.196049,-16.14937,-12.124198,-5.700018,-16.492205,-18.395836,15.037627,5.998232,11.679254
198,-26.176464080810547,3.703665256500244,71.0631103515625,6.752118914763423,8.179731069937146,-25.849733208519837,10.587732,-8.775225,7.8428993,-66.068344,-15.980999,-109.37191,-52.883293,-21.625494,20.978212,27.28149,68.03022,48.37438,43.985943,-3.182377,-4.5547714,13.934431,2.7704058,-22.122072,19.30967,21.778755,29.821136,-18.044987,-12.106724,-5.2236686,-16.394915,-18.013685,14.859728,4.464698,10.850688
199,-26.096630096435547,3.7579967975616455,70.94273376464844,6.478686746873455,7.736828046295764,-23.490695879808467,9.518143,-8.77293,7.175144,-66.51157,-17.543201,-109.49452,-52.09976,-22.192463,23.134048,27.599287,68.725266,49.97488,43.616077,-2.9091103,-4.848608,16.041674,2.5839303,-24.77112,19.857866,20.152779,30.766863,-20.009367,-12.054396,-4.5266037,-16.310997,-18.353863,14.335403,2.9621549,10.106121
200,-26.016643524169922,3.812985897064209,70.77206420898438,6.180855428650531,7.298681177909929,-21.174826193395948,8.365845,-8.701458,6.4478655,-66.79047,-18.861706,-109.60748,-50.988758,-22.494562,25.067429,27.909916,69.35443,51.41859,43.377377,-2.541844,-5.0878477,17.784628,2.395257,-27.384716,20.445236,18.870905,31.914053,-21.902525,-12.076799,-3.072545,-15.990402,-19.240938,12.441228,2.3812816,9.838996
201,-25.943607330322266,3.8664822578430176,70.53673553466797,5.852390313510862,6.852400644940098,-18.877647357534453,7.091032,-8.531179,5.630952,-66.91587,-19.96024,-109.7502,-49.525898,-22.40476,26.73481,28.218624,69.89965,52.75643,43.328278,-2.0764635,-5.2736845,19.046278,2.1981947,-29.924833,21.11339,17.998795,33.19674,-23.75396,-12.318053,-1.8947659,-15.790648,-20.57975,10.984965,2.233519,10.121028
202,-25.881723403930664,3.9280824661254883,70.2181625366211,5.490695125749611,6.413254943234889,-16.609346778896413,5.7170978,-8.29101,4.712005,-66.885925,-20.812407,-109.89117,-47.76884,-21.995014,28.259312,28.522272,70.36039,54.00022,43.47583,-1.5680764,-5.4233685,19.945343,1.9979435,-32.50876,21.87173,17.346565,34.731434,-25.62638,-12.704097,-1.3702462,-15.876311,-22.325857,10.732416,1.9433355,10.776843
203,-25.82114601135254,3.9824438095092773,69.83413696289062,5.12158501793147,5.999272990657295,-14.414091996994234,4.3130975,-8.011204,3.9394903,-66.73538,-21.372406,-110.09557,-45.75564,-21.54045,29.613588,28.796076,70.651215,55.00412,43.845676,-1.0112033,-5.5589557,20.716045,1.7987834,-35.085606,22.729767,16.940348,36.48987,-27.34613,-13.032814,-0.82592684,-15.969818,-24.09906,10.628858,1.5960679,11.747964
204,-25.719728469848633,4.017687797546387,69.47610473632812,4.7611891534466535,5.625270682253691,-12.336233569311288,2.9478998,-7.723517,3.1639829,-66.48177,-21.6837,-110.15229,-43.51283,-21.087116,30.650694,29.068535,70.8432,55.63858,44.34351,-0.33971328,-5.665618,21.473783,1.609721,-37.42028,23.630894,16.874624,38.139225,-28.618296,-13.097935,-0.087181985,-15.950958,-25.405832,10.537966,0.82363725,12.954132
205,-25.669145584106445,4.080486297607422,69.01776885986328,4.435835105373023,5.2876549192242965,-10.319607958292835,1.5633768,-7.4111996,2.0913637,-66.03878,-21.66818,-109.84661,-41.164997,-20.795582,31.201197,29.406153,70.96903,55.889244,45.044147,0.6210295,-5.7312927,22.178505,1.4109,-39.60227,24.641527,17.293081,39.88261,-29.439972,-12.836502,0.923404,-15.821216,-26.017672,10.548282,-0.723055,14.571438
206,-25.657007217407227,4.144706726074219,68.52389526367188,4.143038366167571,4.973926397776337,-8.363683379327389,0.15535396,-7.066228,1.1340575,-65.57449,-21.408215,-109.603,-38.594444,-20.623875,31.396435,29.698195,70.98388,55.83009,45.916016,1.7684494,-5.7526956,22.818684,1.2140611,-41.443165,25.69966,18.221426,41.374943,-29.754204,-12.356718,2.1068172,-15.613293,-26.28333,10.670656,-2.8084676,16.51463
207,-25.61223602294922,4.209393501281738,68.10337829589844,3.8153498697370023,4.68912425922383,-6.592048402399874,-1.1659323,-6.730275,0.103669785,-64.97273,-20.869785,-109.065094,-35.584343,-20.280447,31.440435,29.983412,70.89627,55.38034,46.891365,2.9340777,-5.7952647,23.39533,1.0391723,-42.91759,26.772608,19.329563,42.585777,-29.706297,-11.729626,3.346422,-15.258591,-26.542074,10.694796,-4.9299455,18.357363
208,-25.541051864624023,4.297078609466553,67.75440979003906,3.4005636736255163,4.44377384023092,-5.129327194085073,-2.2305803,-6.4539323,-0.8814132,-64.2292,-20.21063,-108.481285,-31.915943,-19.191702,31.577776,30.20023,70.696655,54.62086,47.77119,3.7688577,-5.853327,23.870764,0.9034256,-44.089657,27.834583,20.257427,43.59873,-29.482523,-11.03366,4.3290486,-14.8496895,-26.986814,10.798736,-6.7037325,19.70991
209,-25.45643424987793,4.4413533210754395,67.45278930664062,2.847216982651237,4.231138485026447,-3.98986870689374,-3.0586414,-6.248607,-1.8943927,-63.231476,-19.216259,-107.626236,-27.196684,-17.376812,32.109333,30.375471,70.349556,53.39211,48.60443,4.39172,-6.0013604,24.637667,0.8195496,-44.977543,28.910147,20.926704,44.42828,-29.102137,-10.225555,5.078094,-14.320394,-27.731709,10.895389,-8.037229,20.411373
210,-25.391036987304688,4.643506050109863,67.18902587890625,2.2002741344036787,4.0524794285159755,-3.1130065148358113,-3.68542,-6.0934143,-2.8892152,-61.962654,-17.95816,-106.730125,-21.74381,-14.970619,32.601162,30.502981,69.85941,51.859436,49.354847,4.763188,-6.173437,25.455835,0.77867466,-45.59738,30.003912,21.51708,45.10209,-28.540344,-9.255665,5.740364,-13.661682,-28.620346,10.915724,-9.108768,20.71768
211,-25.31024742126465,4.873252868652344,66.98332977294922,1.5662175772036917,3.934338983649803,-2.519182955606135,-4.116217,-5.959173,-3.8510535,-60.447056,-16.233593,-105.381966,-16.356794,-12.35151,32.77163,30.56371,69.19283,49.88398,50.222973,5.018066,-6.3631744,26.02717,0.7647697,-46.015514,31.058893,22.05471,45.713985,-27.879288,-8.21912,6.259161,-13.044813,-29.394367,10.906533,-9.831425,20.863266
212,-25.17605209350586,5.115173816680908,66.8320083618164,1.0475673507777754,3.9015250855187658,-2.224938059986951,-4.3352585,-5.824316,-4.7646837,-58.69683,-13.889328,-103.30713,-11.8097315,-9.89476,32.50726,30.532232,68.305786,47.32542,51.35731,5.2234063,-6.530333,26.051678,0.74989533,-46.27937,32.007904,22.548029,46.346573,-27.127747,-7.2512026,7.3421693,-12.184896,-29.944326,9.303176,-9.393637,21.045126
213,-24.989503860473633,5.35133695602417,66.7446060180664,0.6926553484838327,3.9744748610234417,-2.2284875402375275,-4.3370256,-5.7248783,-5.5899687,-56.77326,-11.2590275,-100.722565,-7.937784,-7.337529,31.511868,30.401323,67.16922,44.346817,52.500175,5.2653446,-6.637625,25.125107,0.69482154,-46.247932,32.788357,23.100092,46.798542,-26.082403,-6.410536,6.678249,-12.471051,-29.71335,10.838284,-9.918735,21.348577
214,-24.759706497192383,5.604097366333008,66.72268676757812,0.4528051993632799,4.142622931545341,-2.530756501951055,-4.128807,-5.666156,-6.3276424,-54.664894,-8.055447,-97.430145,-4.637324,-4.824,30.51481,30.19346,65.736496,40.71438,53.870903,5.268274,-6.736142,23.961426,0.6225597,-45.946224,33.42321,23.664358,47.087948,-24.721548,-5.6692715,7.0358877,-12.223291,-29.406948,9.787982,-8.871567,21.602861
215,-24.50975227355957,5.887281894683838,66.75732421875,0.27242242732729066,4.35869741896159,-3.120784912287446,-3.6970117,-5.596654,-6.932549,-52.44121,-4.617146,-93.79662,-2.0386906,-2.4600308,28.886961,29.915705,64.06178,36.83366,55.423447,4.7319736,-6.681943,22.078373,0.5822618,-45.424236,33.870625,24.129406,47.22225,-23.154955,-5.037553,6.1932364,-12.675696,-28.57641,10.825275,-8.360036,21.810328
216,-24.264223098754883,6.209300994873047,66.83726501464844,0.11219869637451912,4.568691645652191,-4.002899860570376,-3.0317986,-5.4623065,-7.5088286,-49.785774,-0.27801207,-89.66319,-1.2456783,-0.5702526,27.41,29.596697,61.89633,32.41699,57.691223,3.3933349,-6.349177,20.264528,0.6559603,-44.75665,34.08856,24.37763,47.24247,-21.519732,-4.5169,5.736807,-12.898674,-27.607887,10.773858,-6.942389,21.903423
217,-24.03046226501465,6.577148914337158,66.96145629882812,-0.026476888948708303,4.8019591644579,-5.217232160276614,-2.0835366,-5.2253985,-7.8630805,-47.237164,4.245306,-85.05564,-2.0697074,0.69408494,25.068981,29.221539,59.61367,27.901054,60.306522,1.0585421,-5.737638,17.48037,0.8151501,-43.938885,34.07873,24.383537,47.136944,-19.889795,-4.1128488,5.089071,-13.215423,-26.292376,10.718535,-5.010903,22.014202
218,-23.79773712158203,6.969740390777588,67.117919921875,-0.14161563186320095,5.055502888872712,-6.746318124660542,-0.8582603,-4.923177,-7.88955,-45.190685,8.495737,-80.149574,-3.6141424,1.7557569,21.722933,28.772324,57.53329,23.316982,62.88684,-1.928564,-4.6815495,13.633764,1.0465984,-42.92542,33.877346,24.245514,46.891106,-18.241007,-3.8620572,4.2612925,-13.632769,-24.670513,10.68489,-2.6190143,22.144447
219,-23.560976028442383,7.395546913146973,67.31334686279297,-0.2441660640851033,5.3356112198776335,-8.501570602047407,0.5632014,-4.629838,-7.638923,-42.86612,13.865915,-75.59717,-6.288293,2.7616506,19.193827,28.249887,55.00236,17.943556,65.75092,-5.8510013,-3.217531,10.601122,1.3428326,-41.6682,33.502163,24.196205,46.4136,-16.558752,-3.7765553,3.3576598,-14.055551,-22.845755,10.467395,0.15762939,22.069683
220,-23.340953826904297,7.856550216674805,67.53119659423828,-0.35596014290393124,5.598675921833621,-10.376759499110452,2.0901904,-4.4024906,-7.0527935,-41.01191,18.830715,-71.964005,-7.639999,4.0707235,16.375782,27.731102,52.83197,13.301761,68.380936,-10.762639,-1.1320223,7.024028,1.7022893,-40.193344,33.00357,24.351265,45.74745,-14.878248,-3.8536355,2.1877656,-14.539228,-20.918455,10.569781,2.922006,21.577202
221,-23.10434341430664,8.347496032714844,67.80349731445312,-0.48318531561674966,5.8529628785758145,-12.402543651572174,3.7782917,-4.2440014,-6.131554,-39.6249,23.948313,-69.03186,-7.763296,5.4963307,13.800307,27.1684,51.03013,8.810194,70.71051,-17.081573,1.8892336,3.5025973,2.155907,-38.397987,32.318512,24.757526,44.73231,-13.215723,-4.0575953,1.0231258,-14.912758,-18.726345,10.38887,6.2703357,20.47664
222,-22.866470336914062,8.863428115844727,68.06246948242188,-0.595927732739051,6.109853500413594,-14.612630405609714,5.6279407,-4.121973,-4.701758,-38.435497,29.457283,-66.64866,-7.4956713,6.85307,11.562482,26.461372,49.371105,4.241436,72.661514,-24.736488,5.8175073,0.40027872,2.6796584,-36.45829,31.547054,25.316519,43.653664,-11.727645,-4.380805,-0.48941392,-15.364486,-16.219255,10.583733,9.91458,19.012276
223,-22.61737060546875,9.406133651733398,68.35404968261719,-0.7263995860098451,6.363295358715539,-16.92104987289939,7.5765963,-4.058443,-2.5106263,-37.30606,35.01481,-65.26661,-6.7172203,8.166896,9.828639,25.497,47.919434,-0.18795219,74.316475,-32.531353,9.867995,-1.8600322,3.2403402,-34.21878,30.678476,26.190289,42.22491,-10.315614,-4.801789,-1.9202794,-15.783321,-14.063053,10.487369,13.49784,17.48206
224,-22.352651596069336,9.946834564208984,68.58521270751953,-0.8512794605718517,6.6081193607124575,-19.244423079676316,9.55832,-4.070181,1.3534393,-36.013405,38.63102,-65.86337,-4.4508505,9.736008,7.848548,23.856577,46.841,-3.6438484,75.6685,-39.037144,13.441075,-3.7042341,3.7813017,-32.01089,29.890259,27.295065,40.939724,-9.152516,-5.327872,-3.5072887,-16.343952,-12.678797,10.64226,16.082262,16.110882
225,-22.083419799804688,10.494558334350586,68.74944305419922,-0.962748059737496,6.839524221583986,-21.618039900231235,11.591451,-4.1457405,5.497117,-35.425083,41.242645,-67.186035,0.35684806,11.428393,5.15399,21.996449,46.808315,-6.4860272,77.468445,-43.13759,16.434227,-5.6841474,4.3327146,-29.857166,29.107946,28.572678,39.822758,-8.150258,-5.7599115,-7.5595503,-17.580322,-11.42257,15.235313,15.68846,14.807114
226,-21.81920623779297,11.037885665893555,68.83865356445312,-1.0541979046806205,7.064023493211767,-24.066142203381368,13.697151,-4.265118,9.92925,-35.388832,43.70457,-68.96289,6.9405646,12.890678,2.1644487,19.828537,47.47898,-9.241269,79.661255,-45.787884,18.769457,-7.5998864,4.9058695,-27.761524,28.32588,30.004213,38.90453,-7.4271517,-6.1573906,-12.154659,-19.008268,-10.507369,20.646751,14.27614,13.416412
227,-21.54790687561035,11.579181671142578,68.86437225341797,-1.1504476040904181,7.2871110430113335,-26.482070976170995,15.804365,-4.4384356,14.498887,-35.692303,45.86757,-70.9014,14.057506,13.905633,-0.9266397,17.40548,48.643097,-11.823896,81.97768,-47.40938,20.595339,-9.323352,5.430339,-25.624044,27.603926,31.709633,38.014923,-7.1229978,-6.7923512,-16.117949,-20.370098,-10.313839,24.730341,12.672982,12.06767
228,-21.256031036376953,12.125171661376953,68.83967590332031,-1.2793553729232874,7.508998972922261,-28.76139056513713,17.841757,-4.682248,19.001673,-36.121986,47.55297,-72.75708,20.43867,14.436285,-3.771411,14.844797,50.147846,-14.163461,84.18695,-48.35335,22.082943,-10.640447,5.835147,-23.30639,26.953209,33.79828,36.8968,-7.2271976,-7.8407946,-19.501766,-21.643925,-10.876933,27.580826,10.691579,10.929176
229,-20.953954696655273,12.66926383972168,68.7691650390625,-1.45116848320457,7.703293072560268,-30.895802382576967,19.790071,-5.017927,23.252083,-36.592876,49.023216,-74.660774,25.789396,14.600681,-6.0866747,12.24251,51.933655,-16.304249,86.45346,-48.43369,23.100304,-11.538333,6.1159277,-20.387928,26.157373,36.53603,34.94502,-7.4398046,-9.421855,-22.413378,-23.072136,-12.63602,29.537264,7.7057147,10.039062
230,-20.639497756958008,13.21408748626709,68.64944458007812,-1.6473980439540696,7.868885231361893,-32.93727944604871,21.68914,-5.4372215,26.920536,-37.17842,50.84342,-76.506775,30.411173,14.44108,-7.945231,9.652398,53.977554,-18.355152,88.95989,-47.6691,23.56816,-12.228934,6.3062763,-16.9767,25.015303,39.75125,32.102985,-7.4987164,-11.206757,-25.089813,-24.775087,-15.336419,31.140747,3.6851592,9.437331
231,-20.329654693603516,13.747726440429688,68.46709442138672,-1.8563535628821022,8.045324596025926,-34.875301384190244,23.555136,-5.9167414,29.425755,-38.05472,53.36013,-77.6534,33.93211,14.017663,-9.432461,7.134205,56.211277,-20.292278,91.496605,-46.7004,23.779913,-12.738198,6.394463,-13.755314,23.698677,42.914272,29.09267,-7.4874325,-12.7797165,-27.70777,-26.458778,-18.042532,32.568195,-0.5333984,9.218444
232,-20.023542404174805,14.250129699707031,68.24687957763672,-2.068922209486144,8.276321561815267,-36.701588170875596,25.40611,-6.43409,30.687332,-39.423195,56.502884,-77.747055,36.17954,13.514905,-10.613141,4.7386765,58.534855,-22.031603,93.83743,-46.180553,24.05579,-13.093344,6.3714185,-11.469435,22.710781,45.531384,27.095026,-7.752511,-13.869766,-30.431957,-27.722572,-19.84536,33.78935,-4.0200214,9.324066
233,-19.728879928588867,14.717823028564453,68.01779174804688,-2.2913678700532727,8.570623082904895,-38.468574976145284,27.314928,-6.957537,31.188042,-41.38315,59.734196,-77.05994,37.30331,13.01863,-11.514206,2.4835334,60.91372,-23.40518,95.95151,-46.433807,24.526222,-13.222786,6.1840715,-10.29022,22.434937,47.57023,26.66983,-8.564159,-14.5200405,-33.383057,-28.299732,-20.551838,34.622498,-6.5568147,9.730765
234,-19.447288513183594,15.155927658081055,67.7623062133789,-2.5275589257224325,8.906042675763933,-40.16805566892949,29.24988,-7.5149536,31.317936,-43.89364,62.747723,-75.928894,37.566307,12.53421,-12.1515875,0.36673608,63.35449,-24.424423,97.91614,-47.110054,25.078827,-13.158978,5.856777,-9.778769,22.68509,49.321156,27.24231,-9.716342,-14.95304,-36.58647,-28.457747,-20.633076,35.304264,-8.708343,10.370749
235,-19.187536239624023,15.58845329284668,67.49469757080078,-2.7678428320495008,9.286427234760406,-41.69979487159973,31.06834,-8.159672,31.2555,-46.800476,65.37932,-74.38209,37.15801,12.076956,-12.673546,-1.5972732,65.801735,-25.265327,99.689255,-47.83924,25.648987,-13.080782,5.497776,-9.815951,23.328625,50.77298,28.630056,-11.067497,-15.211184,-39.93713,-28.444712,-20.206627,36.10221,-10.59113,11.054892
236,-18.94222640991211,16.009077072143555,67.22042083740234,-3.003518742207726,9.718941421421745,-42.961915939361525,32.62727,-8.935941,31.09685,-49.89656,67.55762,-72.45097,36.23032,11.656669,-13.204788,-3.3846624,68.16185,-26.119741,101.2575,-48.276363,26.157663,-13.179228,5.2154474,-10.309944,24.21013,51.889175,30.643864,-12.49231,-15.317557,-43.20411,-28.427713,-19.422522,37.06613,-12.215263,11.631207
237,-18.727548599243164,16.40864372253418,66.93799591064453,-3.2440532112373353,10.25256544069996,-43.95935644700746,33.914417,-9.952504,30.875816,-53.021084,69.084946,-70.295334,34.730785,11.228984,-13.9210205,-5.00224,70.41906,-26.993097,102.70713,-48.362694,26.618267,-13.531098,5.0477276,-11.459218,25.470598,52.609844,33.607292,-14.075104,-15.210477,-46.43702,-28.20859,-18.060064,38.022327,-13.460059,12.141617
238,-18.536272048950195,16.777782440185547,66.66319274902344,-3.4946779015726603,10.873807975696495,-44.734757252853164,34.99129,-11.145042,30.602766,-56.063694,69.91758,-68.1424,32.742695,10.771689,-14.811867,-6.459389,72.58357,-27.777197,104.02871,-48.27239,27.065153,-14.039134,4.933251,-13.029794,26.958368,52.999504,37.07264,-15.721849,-14.944432,-49.65224,-27.655848,-16.171074,38.897373,-14.312735,12.637901
239,-18.358049392700195,17.140092849731445,66.39794158935547,-3.7366814375588713,11.495927392566385,-45.23980910551396,35.830276,-12.300027,30.315256,-58.898617,70.27925,-66.08752,30.57919,10.337622,-15.688778,-7.722127,74.56624,-28.486456,105.09206,-48.036892,27.450245,-14.639691,4.830279,-14.698349,28.33238,53.102055,40.31538,-17.212166,-14.593436,-52.463554,-27.022297,-14.330126,39.681694,-14.833319,13.018724
240,-18.166109085083008,17.497283935546875,66.15094757080078,-3.944617476882324,12.0308060129497,-45.42644311957137,36.412518,-13.207572,30.048811,-61.40981,70.43401,-64.20802,28.483728,9.979627,-16.33377,-8.728123,76.2247,-29.121637,105.7605,-47.73385,27.744532,-15.281808,4.7011914,-16.255098,29.41488,52.92773,43.072227,-18.58173,-14.254616,-54.476887,-26.617516,-13.085533,40.327686,-15.069116,13.188813
241,-17.99083137512207,17.85263442993164,65.93791198730469,-4.115761241560433,12.455194076556758,-45.25218921131434,36.665405,-13.851633,29.81281,-63.51616,70.494095,-62.541786,26.353674,9.751697,-16.693525,-9.404177,77.487625,-29.66421,105.98019,-47.392845,28.113771,-16.14421,4.4982567,-17.669737,30.17926,52.496223,45.26778,-19.812616,-13.949412,-55.518913,-26.489895,-12.489728,40.635807,-14.890488,13.059435
242,-17.840599060058594,18.18598747253418,65.74247741699219,-4.25368110586024,12.817114320911852,-44.74961041391536,36.63077,-14.332685,29.599884,-65.196625,70.33811,-61.145325,24.122149,9.628578,-16.884872,-9.739671,78.3546,-30.05794,105.85572,-47.00384,28.5723,-17.248219,4.258753,-19.09723,30.746048,51.78116,47.146496,-20.927872,-13.644793,-55.857132,-26.553978,-12.243106,40.74489,-14.354227,12.6964855
243,-17.692554473876953,18.493642807006836,65.56329345703125,-4.369714287021854,13.132345432835843,-43.98115712042194,36.460903,-14.63315,29.418903,-66.458275,69.88049,-60.072636,22.05713,9.543178,-16.926416,-9.780224,78.81669,-30.226614,105.45264,-46.574806,28.900331,-18.30405,4.0368404,-20.572912,31.134508,50.78669,48.79043,-21.941008,-13.319672,-55.529697,-26.847113,-12.46397,40.69061,-13.601415,12.224444
244,-17.53790283203125,18.78778076171875,65.39788055419922,-4.471743898594352,13.415897034457037,-43.011168558442584,36.30663,-14.730802,29.281502,-67.322754,69.01893,-59.37083,20.44271,9.427566,-16.837349,-9.608221,78.85107,-30.107698,104.80521,-46.118565,28.863588,-19.010872,3.8931875,-22.154442,31.358473,49.50788,50.293694,-22.863577,-12.936005,-54.611534,-27.3937,-13.26012,40.58551,-12.794124,11.777357
245,-17.39110565185547,19.07390594482422,65.24092864990234,-4.55907876221199,13.635622016140815,-41.84641945160129,36.19417,-14.553492,29.209589,-67.80709,67.764015,-59.011436,19.466097,9.283994,-16.635973,-9.275743,78.412506,-29.693827,103.81548,-45.63397,28.341747,-19.40592,3.8862882,-23.862799,31.395847,47.890934,51.683163,-23.686964,-12.467803,-52.984127,-28.339247,-14.917981,40.508667,-12.005125,11.393557
246,-17.260719299316406,19.347822189331055,65.09850311279297,-4.6293076591469395,13.793704241621647,-40.45579292301863,36.04889,-14.135114,29.20083,-67.91762,66.16824,-58.960518,18.945297,9.145949,-16.291204,-8.796937,77.48235,-29.01804,102.42954,-45.112617,27.490139,-19.639475,3.9701974,-25.662878,31.225761,45.970943,52.919956,-24.402912,-11.934306,-50.733353,-29.612875,-17.290638,40.60469,-11.243374,10.962688
247,-17.154010772705078,19.602035522460938,64.96775817871094,-4.6833198712691955,13.955335978765131,-38.846398523665954,35.869705,-13.611911,29.225046,-67.66593,64.19344,-59.24323,18.59418,8.988928,-15.748835,-8.205478,76.09891,-28.087694,100.73229,-44.56793,26.47974,-19.560442,4.049574,-27.56746,30.904558,43.853012,54.057415,-25.028963,-11.367788,-48.20245,-30.901361,-19.833479,40.9989,-10.524388,10.42508
248,-17.057355880737305,19.81246566772461,64.83747863769531,-4.7164341470346365,14.185634198174442,-37.02304902590584,35.65549,-13.123831,29.246992,-67.066925,61.80274,-59.872124,18.109358,8.778663,-14.956339,-7.5457277,74.336395,-26.904324,98.81524,-43.994972,25.460167,-18.994473,4.0290637,-29.573034,30.495235,41.637524,55.153492,-25.598312,-10.820723,-45.732716,-31.912674,-21.97076,41.722263,-9.815126,9.752571
249,-16.96135711669922,19.98335838317871,64.70802307128906,-4.7114218072267455,14.495855301904063,-34.947771243131236,35.392124,-12.688293,29.264729,-66.12588,59.005188,-60.74535,17.726894,8.454892,-13.918248,-6.865584,72.19542,-25.545307,96.612526,-43.460052,24.449972,-17.73024,3.87691,-31.676748,29.972664,39.33824,56.206547,-26.118105,-10.292395,-43.48538,-32.630253,-23.411041,42.936737,-9.110507,8.8149605
250,-16.861421585083008,20.11331558227539,64.5790023803711,-4.660514122268503,14.847653204671289,-32.62585023094846,35.08413,-12.242808,29.293613,-64.86479,55.852707,-61.826405,17.421871,8.036248,-12.644747,-6.179959,69.690926,-23.95863,94.05232,-42.938972,23.373648,-15.932303,3.6453862,-33.837906,29.29089,36.933853,57.19075,-26.574211,-9.771482,-41.329617,-33.202454,-24.44814,44.650433,-8.440688,7.7077236
251,-16.75914764404297,20.20745849609375,64.44344329833984,-4.570474089415331,15.232346530060004,-30.123184075723106,34.75755,-11.808052,29.325203,-63.33167,52.36882,-63.19109,16.477013,7.571682,-11.08866,-5.4937277,66.89049,-21.989483,91.221954,-42.358593,22.17872,-13.917439,3.365042,-36.034237,28.467754,34.465054,58.137432,-26.976868,-9.260159,-39.15007,-33.595345,-25.376463,46.57483,-7.7756844,6.753032
252,-16.64605140686035,20.269763946533203,64.30867767333984,-4.4531896325406155,15.642563125103749,-27.505657013046957,34.43852,-11.402117,29.348515,-61.58251,48.58011,-64.87008,14.152895,7.064046,-9.196029,-4.786908,63.922577,-19.473545,88.27657,-41.62109,20.822115,-11.967194,3.06671,-38.21405,27.508156,31.982147,59.02635,-27.321945,-8.762907,-36.80794,-33.7852,-26.500134,48.409122,-7.0922647,6.2444806
253,-16.51980972290039,20.31717300415039,64.175537109375,-4.313740919521313,16.06536609386639,-24.763139150081013,34.17091,-11.052106,29.3765,-59.610096,44.35977,-66.70523,10.13504,6.4493127,-6.840136,-4.047849,60.82676,-16.469305,85.270584,-40.60848,19.178816,-9.931478,2.7655087,-40.37399,26.398361,29.476522,59.866207,-27.612741,-8.269416,-34.133747,-33.79948,-28.024492,50.07105,-6.4977016,6.414361
254,-16.384140014648438,20.34665298461914,64.03793334960938,-4.1345938620972476,16.501094994388378,-21.86199681211846,33.925262,-10.742873,29.436836,-57.444096,39.782124,-68.52055,4.7539053,5.56883,-4.1109157,-3.271553,57.63113,-13.02522,82.192726,-39.44602,17.292233,-7.667483,2.4406872,-42.517433,25.129194,26.94895,60.67067,-27.849642,-7.779713,-31.26167,-33.648426,-29.713749,51.742203,-5.9636683,7.031136
255,-16.249187469482422,20.35631561279297,63.901329040527344,-3.8977672835439634,16.963233682744228,-18.832674861723206,33.620525,-10.43297,29.522907,-55.237534,35.16889,-70.277,-1.752074,4.2613997,-1.2943743,-2.424137,54.470142,-9.045929,79.19981,-38.370438,15.299724,-5.402014,2.06942,-44.621292,23.708448,24.462255,61.42063,-28.020954,-7.29056,-28.485054,-33.251846,-31.221264,53.453865,-5.250074,7.7015963
256,-16.10686683654785,20.340351104736328,63.765228271484375,-3.586765092586735,17.464059955786098,-15.705491681035369,33.178497,-10.088,29.590014,-53.202747,30.81804,-71.945946,-9.105868,2.4171515,1.3010906,-1.4375432,51.515186,-4.5272107,76.52059,-37.520473,13.284195,-3.3380675,1.6306288,-46.658764,22.15519,22.070381,62.11224,-28.137486,-6.8074985,-26.08248,-32.482285,-32.21887,55.156086,-4.0821786,8.083047
257,-15.943719863891602,20.302169799804688,63.62831115722656,-3.196360109673518,18.012615204498086,-12.454998475185151,32.590412,-9.752675,29.596622,-51.462635,26.69159,-73.33261,-17.877462,-0.22210261,3.4713564,-0.22137903,48.8309,0.41858044,74.166046,-36.697727,11.060573,-1.3251809,1.1347817,-48.64645,20.447205,19.750332,62.74484,-28.205551,-6.3230577,-24.16806,-31.186611,-32.52623,56.780148,-2.3451777,8.0710535
258,-15.75726318359375,20.259302139282227,63.488006591796875,-2.7255413628268728,18.585103344726303,-9.068442952379195,31.895666,-9.444342,29.531954,-50.12169,22.749594,-74.28418,-27.910578,-3.6620805,4.977511,1.2954265,46.42065,5.576441,72.14007,-35.72226,8.594031,0.7880826,0.589286,-50.568222,18.577703,17.499838,63.326115,-28.229774,-5.8300834,-22.57637,-29.376587,-32.361664,58.25162,-0.12438318,7.969127
259,-15.552223205566406,20.195837020874023,63.34640884399414,-2.171469438395227,19.14335309222978,-5.598554926986631,31.093086,-9.090714,29.369968,-49.32068,19.181599,-75.02687,-37.82907,-7.4088926,5.6585007,3.1651623,44.33563,10.726632,70.6649,-34.66058,6.1564345,2.7985878,-0.029708093,-52.35512,16.626966,15.371279,63.853687,-28.210785,-5.3640676,-21.15038,-27.165956,-31.99948,59.488342,2.5429306,8.066815
260,-15.32910442352295,20.113510131835938,63.194129943847656,-1.5383314712795393,19.651366387314802,-2.1012718781299253,30.183584,-8.608494,29.075335,-49.10526,16.031727,-75.90591,-46.26138,-10.877573,5.78107,5.4185185,42.610176,15.656119,69.93169,-33.52562,4.004453,4.4889193,-0.74575317,-53.96943,14.675175,13.406958,64.365135,-28.179781,-4.9445844,-19.73392,-24.697441,-31.685246,60.429256,5.583372,8.599105
261,-15.102046966552734,20.000856399536133,63.030235290527344,-0.7974363685144157,20.105475662171465,1.4704818600008513,29.11018,-7.9344587,28.60756,-49.407883,13.185407,-77.15973,-53.2173,-13.996966,5.7073154,8.150451,41.21887,20.418535,69.79338,-32.244473,2.2307963,5.687475,-1.5809394,-55.442284,12.708444,11.587402,64.855545,-28.116375,-4.5708714,-18.340097,-21.876934,-31.30197,61.011555,9.048764,9.6991825
262,-14.868720054626465,19.865785598754883,62.855838775634766,0.03888347492295822,20.502380610422122,5.128308438060223,27.894909,-7.1353655,27.954844,-50.14279,10.592993,-78.68169,-59.45556,-16.9358,5.402932,11.408497,40.07492,24.93015,70.08166,-30.677341,0.6744693,6.603834,-2.5159779,-56.798443,10.712141,9.878847,65.32154,-28.018957,-4.2319484,-17.049662,-18.612879,-30.702177,61.274868,12.904025,11.314166
263,-14.623729705810547,19.733070373535156,62.67980194091797,0.9003648197545301,20.820653212821057,8.757108452727499,26.657436,-6.30507,27.137758,-51.2231,8.237297,-80.34183,-64.63517,-19.50772,4.9499307,15.090623,39.09717,28.884726,70.92526,-28.760551,-0.772934,7.5720463,-3.5088544,-58.005863,8.763233,8.292986,65.76645,-27.91501,-3.92758,-15.818673,-15.120752,-30.067202,61.358524,16.929428,13.304075
264,-14.373251914978027,19.619260787963867,62.48197555541992,1.727395295680703,21.056130244273525,12.23770211676737,25.515066,-5.519623,26.195559,-52.5576,6.0233984,-82.029915,-68.266304,-21.508942,4.5206265,19.006512,38.229095,32.11022,72.42909,-26.448484,-2.186574,8.919933,-4.5128274,-59.115025,6.9399056,6.8354034,66.29926,-27.866705,-3.6583302,-14.796899,-11.787635,-29.559124,61.99808,20.053522,15.448792
265,-14.130304336547852,19.489484786987305,62.180137634277344,2.5632390281661053,21.217891912839367,15.562676224623985,24.48011,-4.704968,25.116432,-54.06661,3.7383642,-83.97234,-69.621185,-22.735529,4.592234,23.036865,37.45444,34.94164,74.667595,-23.694952,-3.4742138,10.554038,-5.5524645,-60.331978,5.2820225,5.52396,67.23521,-27.997234,-3.4451222,-14.401151,-8.962905,-29.165735,64.70688,20.053522,17.76979
266,-13.877090454101562,19.371877670288086,61.87355041503906,3.3718272194769585,21.320149705236936,18.783473370458385,23.486055,-3.8362644,23.890427,-55.713142,1.3187029,-86.19357,-69.07524,-23.355051,5.271372,26.934517,36.800755,37.797398,77.21762,-20.68667,-4.56635,12.438194,-6.655395,-61.456673,3.7477558,4.3405976,68.2038,-28.167034,-3.2594287,-13.948848,-6.023971,-28.894983,67.29074,20.053522,20.342634
267,-13.617002487182617,19.273357391357422,61.58268356323242,4.112443492623601,21.375312724871993,21.863096108129515,22.545416,-3.02792,22.624626,-57.496166,-1.1303726,-88.3682,-67.77106,-23.672976,6.098026,29.967367,36.35624,41.00156,79.386116,-17.83612,-5.555469,14.863435,-7.727001,-62.473366,2.293511,3.229276,69.12829,-28.33273,-3.0958488,-13.509247,-3.0073044,-28.660318,69.70356,20.053522,23.026878
268,-13.34824275970459,19.19989013671875,61.3217658996582,4.747743062891559,21.400580291702877,24.76366633045678,21.674189,-2.3930125,21.385798,-59.40167,-3.4568734,-90.13365,-66.87765,-23.98594,6.525015,31.671694,36.29985,44.779488,80.68615,-15.453171,-6.4719605,17.895386,-8.671457,-63.368176,0.8772916,2.1337726,69.95289,-28.464003,-2.9547946,-13.0557575,-0.13310672,-28.6793,71.89285,20.053522,25.210142
269,-13.083349227905273,19.15500831604004,61.09223937988281,5.24995500899711,21.42715916856056,27.471373486057654,20.86762,-1.9762101,20.221363,-61.443485,-5.590489,-91.51348,-66.63236,-24.401226,6.28484,32.493507,36.7776,48.89696,81.53288,-13.237231,-7.268504,21.73013,-9.46372,-64.189255,-0.48901525,1.0174935,70.699585,-28.552933,-2.8444374,-12.203048,1.8474007,-30.07716,73.87879,20.053522,25.210142
270,-12.807422637939453,19.146957397460938,60.886512756347656,5.6496856609249715,21.46006594497402,30.01001067098435,20.117088,-1.6963983,19.155018,-63.6104,-7.65602,-92.76914,-66.44042,-24.756573,5.7002068,32.9512,37.78685,53.069942,82.2149,-10.993754,-7.9079285,26.168161,-10.149117,-64.92737,-1.8029184,-0.088230886,71.39813,-28.640886,-2.7500024,-11.288591,3.6097543,-31.623384,75.72666,20.053522,25.210142
271,-12.525073051452637,19.16138458251953,60.700340270996094,5.9955045849845465,21.47451902564829,32.39747595971398,19.436153,-1.4860641,18.244614,-65.842,-9.747339,-93.87056,-66.240074,-24.991735,5.0581694,33.24511,39.200108,56.905525,82.50582,-8.9661455,-8.513174,30.640343,-10.759751,-65.54679,-3.0730405,-1.1455538,72.02875,-28.728106,-2.664062,-10.437668,5.2597666,-32.990746,77.48946,20.053522,25.210142
272,-12.235960006713867,19.171764373779297,60.531639099121094,6.3320194862289565,21.439764157254864,34.64743506215813,18.838787,-1.28647,17.564695,-68.056694,-11.934539,-94.79151,-65.99219,-25.049406,4.6421556,33.441933,40.855087,60.080982,82.233826,-7.4270177,-9.243941,34.56839,-11.329337,-66.00797,-4.2922745,-2.1256902,72.56644,-28.81333,-2.5926864,-9.742857,6.82765,-33.96967,79.21693,20.053522,25.210142
273,-11.951628684997559,19.187971115112305,60.38169860839844,6.680505734333797,21.352343341491572,36.79920136420234,18.304482,-1.0874548,17.185349,-70.273796,-14.128834,-95.504875,-65.76688,-24.907536,4.4690957,33.54776,42.683586,62.372055,81.527176,-6.6027803,-10.512308,38.094166,-11.877777,-66.32184,-5.491793,-3.021949,73.002594,-28.883698,-2.51132,-9.20781,8.375792,-34.587307,80.84111,20.053522,25.210142
274,-11.657857894897461,19.224349975585938,60.25770950317383,7.012803371044516,21.23161436732671,38.83289900857164,17.836327,-0.9217411,17.119932,-72.519615,-16.284714,-96.09557,-65.59448,-24.626862,4.3950343,33.571404,44.63914,63.878925,80.70077,-6.149618,-12.175233,41.505707,-12.38296,-66.49069,-6.657773,-3.859208,73.342026,-28.954967,-2.420301,-8.794008,9.869297,-34.966057,82.36312,20.053522,25.210142
275,-11.359831809997559,19.27871322631836,60.164737701416016,7.310519989326986,21.0767976574167,40.672469285096206,17.486458,-0.7797574,17.341137,-74.70203,-18.49079,-96.67323,-65.40296,-24.282135,4.4602904,33.5318,46.580795,65.454475,79.85764,-5.9514174,-13.536677,43.4302,-12.815421,-66.49549,-7.7461886,-4.6191382,73.566696,-29.026663,-2.327364,-8.463626,11.146739,-35.095436,83.892525,20.053522,25.210142
276,-11.089248657226562,19.349817276000977,60.10763168334961,7.600830739126371,20.880807691272324,42.23678571437988,17.308775,-0.65263194,17.80101,-76.67429,-20.804348,-97.31838,-65.16545,-23.973106,4.716612,33.45736,48.333057,67.29516,79.06568,-5.731006,-13.960484,43.4302,-13.144066,-66.32869,-8.745675,-5.2228003,73.62063,-29.059359,-2.2173111,-8.2406435,11.459155,-35.164894,85.9183,20.053522,25.210142
277,-10.841099739074707,19.430709838867188,60.08628463745117,7.793698884079167,20.663083546838493,43.50476569756219,17.360874,-0.5484148,18.492956,-78.32094,-23.211264,-97.983574,-64.84294,-23.759739,5.323516,33.355904,49.775307,67.724434,78.3763,-4.576926,-13.094311,43.4302,-13.35602,-66.015144,-9.592757,-5.767255,73.57433,-29.08949,-2.1212006,-8.143379,11.459155,-34.84084,88.127716,20.053522,25.210142
278,-10.607928276062012,19.5225887298584,60.09074020385742,7.892225488782077,20.43429290806148,44.52209340667822,17.60108,-0.46892005,19.412205,-79.652664,-25.591024,-98.5883,-64.52969,-23.64332,6.233311,33.227806,50.883446,66.862076,77.894844,-2.7605119,-11.413774,43.4302,-13.466864,-65.58794,-10.30457,-6.277198,73.47016,-29.135233,-2.0366695,-8.10786,11.459155,-34.097927,90.25771,20.053522,25.210142
279,-10.3864164352417,19.620277404785156,60.114837646484375,7.906259053165063,20.206435939570905,45.31925500395446,17.911674,-0.45183283,20.343468,-80.547585,-27.743341,-99.00475,-64.34617,-23.72461,7.26509,33.107388,51.560955,65.41122,77.71331,-0.54732,-9.576729,43.4302,-13.499688,-65.07627,-10.876488,-6.75833,73.325035,-29.201086,-1.9714752,-8.117787,11.459155,-33.010685,92.2463,20.053522,25.210142
280,-10.177464485168457,19.728620529174805,60.148345947265625,7.847329730607954,19.9897552460885,45.926452813715116,18.175407,-0.5340612,21.282234,-81.19977,-29.80084,-99.42518,-64.31611,-23.822794,8.088819,33.012043,52.00708,64.10473,77.58024,1.897931,-8.188356,43.4302,-13.4761505,-64.51624,-11.314866,-7.2042246,73.16739,-29.295134,-1.9219551,-8.124723,11.459155,-31.641243,94.00859,20.053522,25.210142
281,-9.97665786743164,19.842464447021484,60.199649810791016,7.695453204155284,19.794451509238453,46.26624252921543,18.445133,-0.72593355,22.531013,-81.82082,-32.130695,-100.14038,-64.704735,-23.667469,8.402889,32.93014,52.367363,63.00639,77.287224,4.8989763,-7.339866,43.4302,-13.398283,-63.88634,-11.459155,-7.5422683,72.97524,-29.43934,-1.9219872,-8.135042,11.459155,-29.86261,95.6124,20.053522,25.210142
282,-9.780073165893555,19.964933395385742,60.289024353027344,7.464578950565697,19.611376356232732,46.358493843791436,18.754295,-1.0066105,23.69569,-82.11914,-34.246418,-100.62466,-65.29965,-23.690323,8.573949,32.845688,52.4596,62.09664,77.0655,8.2549,-6.757305,43.019646,-13.250126,-63.15041,-11.459155,-7.8444443,72.70126,-29.603666,-1.9320523,-8.182182,11.459155,-27.698753,97.11922,20.053522,25.210142
283,-9.585677146911621,20.096996307373047,60.413265228271484,7.195244590248444,19.423375423942826,46.36081110130483,18.962841,-1.3690978,24.733654,-82.16593,-36.25988,-101.03818,-65.73679,-23.7348,8.772468,32.770218,52.35553,61.644646,76.87055,11.351517,-6.4199862,42.039047,-13.0471945,-62.31882,-11.459155,-8.178643,72.319595,-29.735281,-1.9323603,-8.282842,11.459155,-25.405424,98.44392,20.053522,25.210142
284,-9.397631645202637,20.224336624145508,60.570762634277344,6.918926773059347,19.21616138965614,46.42412433445264,18.932257,-1.8039122,25.457577,-82.052444,-38.039867,-101.428215,-65.48808,-23.835512,9.244279,32.71081,52.185352,61.281395,76.73186,13.848909,-6.315273,41.244484,-12.808383,-61.39628,-11.459155,-8.568279,71.76865,-29.767504,-1.9572102,-8.442353,11.459155,-23.226662,99.47197,20.053522,25.210142
285,-9.216938972473145,20.35053062438965,60.75477600097656,6.643362561142479,18.983446587974772,46.55429293769547,18.63213,-2.32796,26.177765,-81.82952,-40.00644,-102.11895,-64.704346,-23.695902,9.952517,32.677544,51.93831,61.001324,76.613495,15.680541,-6.4328675,40.74216,-12.50833,-60.37968,-11.459155,-9.003456,71.03828,-29.691927,-2.0115693,-8.633107,11.459155,-21.182398,100.179596,20.053522,25.210142
286,-9.042012214660645,20.474079132080078,60.97336959838867,6.365564996536954,18.72941695725924,46.68467167028556,18.13823,-2.9373384,26.686451,-81.50921,-41.86425,-102.883446,-63.32614,-23.537533,10.857422,32.65574,51.681065,60.79764,76.4182,17.135706,-6.759058,40.415585,-12.14856,-59.253002,-11.459155,-9.477223,70.125786,-29.524492,-2.0808375,-8.884738,11.245055,-19.205679,100.71232,20.053522,25.210142
287,-8.873556137084961,20.58820152282715,61.22854995727539,6.118572360939559,18.454638867649074,46.847750770227265,17.488106,-3.5685353,27.018993,-81.07568,-43.574394,-103.706856,-61.483917,-23.284609,11.835844,32.636734,51.42141,60.635082,76.214745,18.167393,-7.229051,40.17424,-11.778949,-58.014877,-11.459155,-9.971036,69.0019,-29.249956,-2.1593473,-9.223648,10.404931,-17.464634,101.13081,20.053522,25.210142
288,-8.703499794006348,20.702680587768555,61.52483367919922,5.870632792302884,18.174368972215948,47.08019519526068,16.717848,-4.154563,27.19547,-80.51666,-44.967506,-104.5364,-59.25841,-22.980974,12.802277,32.614075,51.16079,60.4815,76.079575,18.723358,-7.7861743,39.91794,-11.451071,-56.67109,-11.459155,-10.543185,67.693,-28.884565,-2.233012,-9.636772,9.460561,-15.847303,101.200775,20.053522,25.210142
289,-8.527297973632812,20.823299407958984,61.86515808105469,5.628458971556128,17.890112459838964,47.41335599269628,15.793254,-4.6876197,27.21876,-79.81206,-45.99467,-105.46683,-56.6447,-22.654247,13.698821,32.589413,50.90203,60.333736,76.0073,18.594942,-8.521257,39.556187,-11.180479,-55.20816,-11.459155,-11.204443,66.175255,-28.420954,-2.2993975,-10.144149,8.384572,-14.362014,100.90744,20.053522,25.210142
290,-8.342193603515625,20.932605743408203,62.24492263793945,5.388510259897108,17.599244858312755,47.82446502325276,14.715549,-5.1818547,27.105043,-78.94604,-46.690113,-106.499825,-53.612926,-22.276781,14.581988,32.56461,50.64756,60.206264,75.96429,17.87346,-9.42269,39.150978,-10.943658,-53.637665,-11.459155,-11.972486,64.467964,-27.863068,-2.3727694,-10.616436,6.6665998,-13.332604,100.281624,20.053522,24.79381
291,-8.150805473327637,21.017309188842773,62.66323471069336,5.1390192762266285,17.305485761402924,48.25791691193802,13.569044,-5.616075,26.893826,-77.91941,-46.99591,-107.448845,-50.182007,-21.819832,15.549526,32.53381,50.393787,60.095055,75.978195,16.954788,-10.276816,38.831703,-10.722375,-51.975998,-11.459155,-12.853429,62.595367,-27.211958,-2.4486053,-10.790422,3.1050475,-13.808668,99.38166,20.053522,21.395258
292,-7.9610915184021,21.107685089111328,63.1187629699707,4.8682203949211855,17.01115496307274,48.6613529295763,12.435622,-5.972109,26.633768,-76.74023,-46.858894,-108.136635,-46.36077,-21.247116,16.702581,32.490574,50.135345,59.99523,76.08371,16.241354,-10.883607,38.744976,-10.499677,-50.22226,-11.459155,-13.803835,60.574883,-26.476852,-2.486118,-11.010926,-0.43220732,-14.505366,98.17352,20.053522,17.990746
293,-7.775782108306885,21.20356559753418,63.61308288574219,4.570310321403196,16.713338062240094,49.03983828303317,11.302487,-6.248357,26.35308,-75.409584,-46.249645,-108.66333,-41.893593,-20.566742,18.17874,32.443058,49.874737,60.012676,76.28754,15.792544,-11.1479845,39.032642,-10.281911,-48.382168,-11.459155,-14.833186,58.42103,-25.662245,-2.4792833,-11.2251425,-4.095467,-15.561948,96.65008,20.053522,14.417956
294,-7.600523471832275,21.299715042114258,64.14409637451172,4.254112206634775,16.412553801858284,49.416185642817815,10.138645,-6.445658,26.048336,-73.91957,-45.122356,-109.11493,-36.835594,-19.731913,19.879307,32.39026,49.613358,60.113503,76.57144,15.41674,-11.199875,39.589653,-10.074683,-46.48272,-11.459155,-15.936738,56.154026,-24.764011,-2.4321833,-11.437994,-7.7090607,-16.897642,94.7995,20.053522,10.895553
295,-7.426832675933838,21.4009952545166,64.70033264160156,3.918938814507603,16.11764621427231,49.75590735425559,8.994758,-6.5599895,25.71445,-72.26365,-43.43863,-109.25525,-31.69847,-18.673698,21.544764,32.311985,49.343697,60.0822,76.93656,15.132532,-11.176689,40.199944,-9.867206,-44.49543,-11.277715,-16.990192,53.684685,-23.766428,-2.4039426,-11.691579,-10.8027,-18.20268,92.63017,20.053522,7.900246
296,-7.256956577301025,21.498647689819336,65.278076171875,3.5619412705151556,15.836016857939605,50.02438317522528,7.9198837,-6.5954976,25.34122,-70.43639,-41.211853,-108.808365,-27.035406,-17.407223,22.932358,32.188805,49.057343,59.70698,77.38434,14.944429,-11.207736,40.642784,-9.648073,-42.400146,-10.745612,-17.858353,50.90842,-22.63615,-2.455097,-12.019987,-13.10425,-19.24058,90.15434,20.053522,5.6643467
297,-7.094226837158203,21.595022201538086,65.861083984375,3.202014440050265,15.559072065320393,50.23574022075268,6.904959,-6.546664,24.920803,-68.42927,-38.46106,-107.710075,-22.772413,-15.886799,24.143505,32.021442,48.752426,59.010227,77.8872,14.893025,-11.344075,40.965145,-9.412785,-40.27195,-10.152764,-18.688086,47.98846,-21.378845,-2.472726,-12.442241,-14.680632,-19.972303,87.361374,20.053522,4.0614357
298,-6.939681529998779,21.696874618530273,66.44686126708984,2.835016413502338,15.285107523820086,50.40158647527133,5.9294877,-6.4164653,24.440804,-66.23929,-35.182053,-106.05894,-18.780197,-14.176782,25.269821,31.81671,48.435303,58.08579,78.448006,14.933957,-11.505335,41.24532,-9.166607,-38.09243,-9.478576,-19.483381,44.903534,-19.994411,-2.4755888,-12.895114,-15.819784,-20.56528,84.25707,20.053522,2.8183682
299,-6.801764488220215,21.803255081176758,67.0206298828125,2.4736383316441253,15.02172927267787,50.509718583971754,5.025631,-6.2260194,23.877934,-63.881794,-31.422188,-103.823845,-15.538761,-12.527466,26.123753,31.56361,48.114384,56.836746,79.105934,14.928726,-11.61974,41.306908,-8.88648,-35.89751,-8.711522,-20.182781,41.703823,-18.523125,-2.524693,-13.283534,-16.686352,-21.104666,80.89262,20.053522,1.9287664
300,-6.673074722290039,21.90534782409668,67.57345581054688,2.129588993251993,14.77586360085936,50.54648525929106,4.2247725,-5.997657,23.211462,-61.391888,-27.2642,-101.00926,-13.500356,-11.195451,26.543695,31.249979,47.7983,55.166924,79.89337,14.734323,-11.616178,40.97354,-8.54854,-33.710747,-7.8457074,-20.720364,38.416893,-16.993654,-2.687358,-13.517867,-17.423859,-21.690945,77.313225,20.053522,1.4026242
301,-6.554739952087402,22.011995315551758,68.0954360961914,1.7971957317593905,14.54606260188921,50.51378129858185,3.522962,-5.7300816,22.422815,-58.79419,-22.76013,-97.445206,-13.170944,-10.356909,26.421362,30.866774,47.500042,53.027954,80.74065,14.478349,-11.488927,40.263073,-8.144001,-31.454412,-6.8771834,-21.159653,34.81718,-15.233254,-3.0282948,-13.576111,-18.05299,-22.326153,73.507706,20.053522,1.3085514
302,-6.451592445373535,22.12202262878418,68.57643127441406,1.4733441579889919,14.327580621909402,50.41492601463156,2.9069338,-5.4183826,21.524502,-56.137672,-17.927013,-93.34509,-14.194621,-9.794452,25.898872,30.411152,47.22992,50.495953,81.60777,14.149595,-11.27803,39.241383,-7.6829104,-29.089025,-5.8004684,-21.488314,30.86089,-13.215981,-3.5383127,-13.502762,-18.588177,-22.998598,69.468925,20.053522,1.5373545
303,-6.341205596923828,22.220867156982422,68.97669982910156,1.1944127307406747,14.119805669688235,50.238804332505,2.3929973,-5.0896506,20.57023,-53.52312,-12.824336,-89.3052,-15.679711,-9.174084,25.142153,29.879654,46.975693,47.655582,82.569145,13.399025,-10.977026,37.806202,-7.1673574,-26.783585,-4.674511,-21.481451,27.028719,-11.280516,-4.1894717,-13.613883,-19.276365,-23.690327,66.12346,18.577795,1.878845
304,-6.2298150062561035,22.319242477416992,69.33328247070312,0.9513648312064217,13.927666389362722,49.972177526904446,1.9949803,-4.7752843,19.635654,-51.062412,-7.5456376,-85.87458,-16.67825,-8.209414,24.294239,29.269405,46.709637,44.582493,83.70587,11.870551,-10.541304,35.859123,-6.6091995,-24.505644,-3.472459,-20.892937,23.437956,-9.605643,-4.9247108,-13.73122,-20.037037,-24.465935,62.75175,17.03883,2.235349
305,-6.112561225891113,22.41884994506836,69.63404083251953,0.7458111623566732,13.753723401659984,49.61793502517979,1.7068821,-4.465105,18.777176,-48.81901,-2.1765797,-83.07754,-16.999163,-6.8434563,23.195488,28.574583,46.385563,41.184258,84.997055,9.471379,-9.855378,33.34605,-5.9981136,-22.131279,-2.144386,-19.433804,19.921154,-8.196762,-5.8372855,-13.854617,-20.91874,-25.391308,59.39388,15.3678,2.5821126
306,-6.009334087371826,22.51534652709961,69.87869262695312,0.5659368442751855,13.595118875839587,49.17858738387652,1.5216596,-4.1580763,18.039743,-46.813858,3.1864936,-80.69933,-16.932997,-5.2119884,21.757406,27.798552,45.986275,37.440784,86.34948,6.3775473,-8.897732,30.357737,-5.3352413,-19.50974,-0.74273,-17.107859,16.188423,-6.837107,-6.975914,-13.99953,-21.891336,-26.42611,56.05639,13.628494,3.002922
307,-5.911609649658203,22.619373321533203,70.08179473876953,0.4102887050777851,13.444806269430869,48.64243643299316,1.4522696,-3.9016652,17.48247,-45.07072,8.42377,-78.84353,-16.256952,-3.3870482,20.18382,26.9531,45.531666,33.52368,87.73491,2.6292694,-7.7283278,27.007084,-4.6446743,-16.747105,0.530736,-14.132495,12.505056,-5.5177608,-8.160561,-14.225107,-22.888697,-27.446836,52.76718,11.875163,3.519426
308,-5.814204216003418,22.710542678833008,70.24248504638672,0.2837278947023211,13.295230563045994,47.997370310082296,1.5117335,-3.7431753,17.162956,-43.610523,13.437273,-77.59954,-14.765205,-1.464299,18.65043,26.043318,45.06517,29.605394,89.12356,-1.7462988,-6.386742,23.385746,-3.9478793,-14.9093685,1.3424087,-10.884056,10.855696,-5.005536,-9.120895,-14.5602255,-23.833345,-28.343552,49.47214,10.193492,4.135033
309,-5.7004265785217285,22.79551887512207,70.38111877441406,0.21329006919140212,13.148987400982273,47.22289372652915,1.7158538,-3.6963995,17.123976,-42.446243,18.266975,-77.01215,-12.039488,0.58767545,17.104141,25.061697,44.57585,25.616968,90.45973,-6.9257884,-4.6813965,19.395521,-3.2283506,-13.776207,1.8743502,-7.3181505,10.847048,-5.1540184,-9.575722,-14.921558,-24.727135,-29.21952,45.982212,8.6526785,4.8075337
310,-5.575564384460449,22.864700317382812,70.49633026123047,0.19214450745509704,13.009024482543364,46.329036906966934,2.0514717,-3.7418494,17.370974,-41.574493,22.890688,-76.87428,-8.179407,2.6890757,15.344057,24.017992,44.084007,21.50234,91.61276,-12.79766,-2.4166434,15.123502,-2.4823163,-12.549487,2.3459404,-3.3227656,10.959114,-5.3106036,-9.559184,-15.317221,-25.595407,-30.089092,42.34838,7.197074,5.5432796
311,-5.446963787078857,22.9213924407959,70.56853485107422,0.17938875395352358,12.86709164323791,45.3503410884445,2.488617,-3.8747478,17.882408,-40.970753,27.17518,-76.92239,-3.8203022,4.607739,13.389708,22.927097,43.721462,17.452505,92.48714,-18.918556,0.30638275,10.899831,-1.7456067,-12.283444,2.7563293,0.5607914,12.899685,-6.145174,-9.291941,-15.935551,-26.423265,-30.691757,38.903233,5.708806,6.3981714
312,-5.3206024169921875,22.969276428222656,70.57684326171875,0.13556034475518,12.71357441656139,44.32289506702314,2.9973662,-4.0920253,18.629547,-40.589798,31.019457,-76.94778,0.33537984,6.176255,11.384092,21.777674,43.664577,13.644393,93.051025,-24.87016,3.2608633,6.9925613,-1.0536845,-11.663505,3.1863716,3.8121517,13.989029,-6.3129582,-9.103908,-16.981413,-27.216753,-30.75764,35.9971,4.056094,7.4062104
313,-5.180998802185059,23.01133155822754,70.51480102539062,0.06771499001469299,12.53789328878136,43.249991689414436,3.5728595,-4.461113,19.615265,-40.37043,34.559147,-76.973236,4.0392995,7.3156204,9.495571,20.53933,44.0089,10.045638,93.28819,-30.901814,6.4829936,3.2863786,-0.4071809,-10.524444,3.4833136,6.0560164,13.827481,-5.437479,-9.136495,-18.514223,-27.976797,-30.10667,33.619316,2.1815155,8.607956
314,-5.034399032592773,23.03647804260254,70.39115142822266,-0.008325048604659298,12.348673601133832,42.11556298238156,4.2263217,-4.9665623,20.834192,-40.284073,37.894775,-77.065994,7.584987,8.162103,7.706042,19.193644,44.786385,6.6471825,93.19434,-37.088108,10.128004,-0.17870143,0.20851527,-9.182365,3.6181657,7.420313,13.080901,-3.9499993,-9.231258,-20.609406,-28.773005,-28.806833,31.913105,-8.58768e-06,9.934075
315,-4.87600040435791,23.059091567993164,70.21411895751953,-0.11672044645478194,12.161857298159301,40.92825886877257,4.953993,-5.481042,22.218935,-40.347656,40.910606,-77.12017,11.0336895,8.904248,5.9397655,17.726416,46.037823,3.5803049,92.905594,-42.830738,13.879359,-3.0514925,0.78027064,-7.678423,3.653132,8.1436,11.842053,-2.2993116,-9.322864,-23.421005,-29.658894,-27.006765,31.302141,-2.5844085,11.245223
316,-4.709142208099365,23.090341567993164,69.98946380615234,-0.2805440890277388,11.99071629945347,39.69662350078092,5.754031,-5.87387,23.65174,-40.613937,43.533657,-77.00954,14.444796,9.7021265,4.1072025,16.118935,47.763016,0.8530452,92.632095,-47.52337,17.224922,-5.1287074,1.2959967,-6.573155,3.7589872,8.497729,11.189685,-1.4377216,-9.317318,-26.925686,-30.611584,-24.956017,31.896664,-5.5152545,12.41747
317,-4.540672779083252,23.148527145385742,69.72669982910156,-0.5324651620809651,11.850553946514077,38.409361745573904,6.630176,-6.116619,25.005512,-41.16075,45.89275,-76.665504,17.824327,10.575979,2.1959429,14.334252,49.961872,-1.7476467,92.57812,-51.15527,19.738073,-6.5559416,1.7619276,-5.9727135,3.9889839,8.227341,11.196039,-1.5979416,-9.144006,-31.0824,-31.51455,-22.778318,33.46854,-8.73993,13.377129
318,-4.377048015594482,23.226598739624023,69.45511627197266,-0.8495468228453122,11.72374235575103,37.06736226182553,7.584455,-6.284175,26.188519,-42.04744,48.216736,-76.01964,21.032776,11.427202,0.3101684,12.37271,52.583298,-4.3286576,92.71112,-54.079327,21.534111,-7.590394,2.1819856,-5.5191092,4.237413,7.243621,11.207273,-2.3143883,-8.876759,-35.73465,-32.315044,-20.430714,35.677708,-12.151812,14.170406
319,-4.207793712615967,23.28087043762207,69.14409637451172,-1.1584908989421794,11.577718376968223,35.69601786189087,8.613853,-6.393473,27.136623,-43.304348,50.56016,-74.98851,23.917633,12.224397,-1.4738171,10.297671,55.476543,-6.7832513,92.92987,-56.213215,22.868376,-8.312072,2.5510876,-5.0714808,4.458312,6.154075,11.227449,-3.497758,-8.633525,-40.502262,-32.979248,-18.011145,38.15926,-15.44601,14.929207
320,-4.024332046508789,23.298221588134766,68.80947875976562,-1.3982846000903446,11.385958487547203,34.318436423993035,9.713073,-6.4641128,27.841658,-44.91996,52.89377,-73.56011,26.356815,12.951285,-3.0941362,8.201195,58.451336,-8.935306,93.14034,-57.512848,24.070862,-8.76514,2.8595603,-4.470387,4.648426,5.6294436,11.256486,-5.030676,-8.533,-44.953808,-33.383244,-15.66069,40.492683,-18.271753,15.85141
321,-3.8311638832092285,23.276201248168945,68.47486877441406,-1.5799288905594537,11.124141384609741,32.82394163720362,10.968322,-6.424909,28.34734,-46.93827,55.19094,-71.81336,28.37502,13.746543,-4.5698533,6.0982337,61.460102,-10.6756735,93.52461,-57.95125,25.225897,-8.879483,3.0640392,-3.5839171,4.8410378,6.1228027,11.28577,-7.1293025,-8.644998,-48.558517,-33.233677,-13.67961,41.814644,-20.27756,17.333954
322,-3.642071008682251,23.24274253845215,68.17593383789062,-1.7163539328690873,10.818777384190433,31.23386367755107,12.352628,-6.2914953,28.700336,-49.357277,57.373947,-69.8137,30.029915,14.566111,-5.9454308,3.9770012,64.49958,-12.115149,94.09307,-57.61776,26.203726,-8.781735,3.189184,-2.5110383,5.037005,7.282063,11.315479,-9.729682,-8.94703,-51.478855,-32.617085,-12.08744,42.37437,-21.567175,19.227177
323,-3.466271162033081,23.18475914001465,67.91654205322266,-1.7975639664987417,10.523320823092812,29.771991506299667,13.687426,-6.2024417,28.938257,-52.000877,59.282036,-67.605415,31.257915,15.155842,-7.1928973,1.9123653,67.44245,-13.338943,94.47873,-56.70118,27.065355,-8.723024,3.289646,-1.4394639,5.224209,8.617943,11.336793,-12.2585335,-9.364077,-53.815933,-31.83287,-10.853448,42.559303,-22.124174,20.865978
324,-3.294426918029785,23.123313903808594,67.68402099609375,-1.8263912590008262,10.28948094184715,28.664586365742366,14.794052,-6.291372,29.101656,-54.596355,60.779213,-65.30698,31.965591,15.283048,-8.261075,0.034655523,70.0975,-14.389574,94.36963,-55.432045,27.888424,-8.963635,3.4141533,-0.5685371,5.3999705,9.614612,11.345238,-14.149646,-9.768647,-55.753696,-31.192923,-9.860936,42.802143,-22.060432,21.575708
325,-3.1146697998046875,23.041898727416992,67.46998596191406,-1.8011905575844507,10.127286996111572,27.844560531628122,15.707853,-6.6640773,29.252613,-57.00051,61.86011,-63.12727,32.15865,14.81513,-9.133596,-1.5776186,72.40524,-15.09341,93.76487,-53.811256,28.954674,-9.713985,3.5813985,0.07100691,5.5386424,10.309689,11.379042,-15.360357,-10.097475,-57.42851,-30.777134,-9.0814905,43.2811,-21.165567,20.838383
326,-2.887934923171997,22.923961639404297,67.3290023803711,-1.717634494936279,10.014466787113953,27.241114917246744,16.491207,-7.2119236,29.461298,-58.319286,62.53779,-62.02222,31.62849,13.869521,-10.005053,-2.3867931,73.64916,-15.13256,93.1622,-52.40014,30.516926,-11.190996,3.7439215,0.71247804,5.6107574,10.951908,11.166052,-16.027292,-10.399397,-58.64803,-30.47089,-8.588617,43.621468,-19.400112,19.186604
327,-2.591750144958496,22.79615020751953,67.23881530761719,-1.637725623095107,9.941814389725709,27.058577681896967,17.023005,-7.759191,29.703962,-59.685104,62.675766,-60.830685,30.888248,12.869825,-10.702578,-3.190797,74.93152,-15.008969,92.13812,-50.2396,31.61732,-12.745089,3.8991098,0.98518854,5.7847996,11.207558,11.278774,-16.355108,-10.688509,-59.46802,-30.3197,-8.25796,43.91158,-17.357767,17.532402
328,-2.2132606506347656,22.6888370513916,67.24331665039062,-1.5487928285744166,9.899723964373218,27.51123160623702,17.172195,-8.118475,29.885935,-60.718082,62.201294,-59.696903,29.835392,11.957137,-11.352634,-3.797956,75.861664,-14.915694,90.780174,-47.76335,31.927069,-14.138449,4.0138617,1.1513242,6.0332394,10.829279,11.1402445,-16.03705,-10.98095,-59.70457,-30.326008,-7.9761586,43.941586,-15.680201,16.670992
329,-1.8186702728271484,22.597774505615234,67.29721069335938,-1.490172538497193,9.875749811797824,28.75785990094014,16.774914,-8.26869,30.022657,-61.377796,61.18177,-58.496803,28.48947,11.213623,-12.191385,-4.1874433,76.353294,-14.938128,88.932205,-44.992233,31.456581,-15.712914,4.114841,0.9592104,6.468984,9.605244,11.18756,-15.216064,-11.313659,-59.127953,-30.627075,-7.891506,43.52162,-14.526734,16.93836
330,-1.4252126216888428,22.505048751831055,67.3998794555664,-1.4346063183268463,9.88202221090916,30.65467726255815,15.943295,-8.295638,30.133512,-61.4982,59.658604,-57.51945,26.808764,10.5178995,-13.171059,-4.2590194,76.22481,-14.917284,86.70428,-42.07861,30.487446,-17.534777,4.196666,0.5812664,7.002131,7.7467103,11.183578,-13.836177,-11.709432,-57.805984,-31.10763,-7.994964,42.718212,-13.600526,17.842701
331,-1.0120782852172852,22.395917892456055,67.54501342773438,-1.3800088781788373,9.93681443416083,32.957354774518215,14.961981,-8.208435,30.15574,-61.085445,57.74696,-57.036552,24.633879,9.984065,-13.712202,-4.0719256,75.62614,-14.78213,84.35721,-39.196762,29.004906,-18.726719,4.19089,0.061219342,7.5814004,5.533818,11.096448,-11.97996,-12.169283,-56.105236,-31.403027,-7.9430637,41.731014,-12.804842,18.85248
332,-0.5721293687820435,22.274608612060547,67.71674346923828,-1.3263245952607636,10.05029647148475,35.41944049681125,14.11496,-8.020557,30.121672,-60.188225,55.043453,-57.292988,22.159077,9.520789,-13.556821,-3.7608855,74.62322,-14.390322,81.99933,-36.626255,27.021503,-18.391096,4.0359898,-0.6319903,8.173285,3.2206025,11.017532,-9.784211,-12.682984,-54.462254,-31.217869,-7.335182,40.81801,-12.012059,19.452724
333,-0.08946508169174194,22.12871551513672,67.91123962402344,-1.2552679896148835,10.238282274882605,38.06184622708283,13.446003,-7.6757627,30.020441,-58.781963,51.422363,-58.2215,19.38247,9.093303,-12.457765,-3.460067,73.28714,-13.792735,79.44941,-34.39326,24.3836,-15.685727,3.673337,-1.5255088,8.772379,0.75702655,10.961516,-7.106011,-13.277212,-53.048965,-30.49151,-5.828742,40.134964,-11.210968,19.433336
334,0.44472628831863403,21.960311889648438,68.12443542480469,-1.144147303483643,10.489868820208256,40.989425217781836,12.809578,-7.1941814,29.92098,-56.593014,46.855408,-59.877914,16.136068,8.517573,-10.921354,-3.203655,71.43482,-12.791134,76.39408,-32.534138,21.31546,-11.3586035,3.1521466,-2.5560718,9.386252,-1.9669398,10.8441925,-3.940306,-14.049521,-51.603046,-29.453798,-3.7236733,39.52361,-10.446635,19.08926
335,1.018650770187378,21.78139305114746,68.34856414794922,-1.0081215504073229,10.76616968893057,44.08406357904667,12.204969,-6.7060986,29.895607,-53.703056,41.90711,-62.214825,11.881735,7.743483,-9.090446,-3.0317986,69.206955,-11.007198,72.84207,-30.996387,18.292076,-6.7447953,2.576192,-3.7080686,10.014932,-4.8276143,10.737023,-0.6755831,-15.028114,-49.98377,-28.272438,-1.5436572,38.842472,-9.68072,18.682537
336,1.6052700281143188,21.605064392089844,68.5677490234375,-0.882061467356487,11.031349433632453,47.227749338757015,11.634304,-6.337657,29.903177,-50.657482,37.041977,-64.7862,6.4500446,6.721523,-7.0494857,-2.907528,67.026825,-8.395214,69.07718,-29.485023,15.599825,-2.9661932,2.0473108,-4.9878864,10.659385,-7.704411,10.719287,2.325308,-16.163841,-48.07389,-27.104162,0.21437591,37.94209,-8.884545,18.4622
337,2.195094585418701,21.44979476928711,68.77708435058594,-0.7854803700754004,11.281059871015561,50.42062461814493,11.166348,-6.0988717,29.905622,-47.56393,32.065346,-67.32122,-0.43043786,5.2373123,-4.8728004,-2.7693362,64.92814,-5.056733,65.19271,-27.848183,13.058604,0.012238755,1.5792546,-6.3644667,11.198597,-11.393971,10.622054,5.408894,-17.68644,-45.75477,-25.936419,1.4717915,36.66478,-8.011504,18.473799
338,2.790900230407715,21.30980110168457,68.95744323730469,-0.6999663838301342,11.53378295624388,53.71858675397003,10.776069,-5.9265256,29.793919,-45.12201,27.08012,-69.20207,-8.048841,3.0993972,-2.2469168,-2.602961,63.366016,-1.6943746,61.240818,-25.562563,10.347509,3.0771246,1.1219451,-7.8472857,11.656856,-15.744394,10.514559,8.543299,-19.587559,-43.13191,-24.763172,2.4388506,35.115128,-7.106651,18.556393
339,3.400634527206421,21.17367172241211,69.12831115722656,-0.5800943912822517,11.790113551022925,57.09467861322317,10.321066,-5.8416905,29.667406,-42.32801,21.734911,-71.27175,-16.318838,0.7268834,-0.30730963,-2.2844615,61.6026,2.7938526,57.44169,-24.003712,8.025779,5.4255342,0.66518646,-9.370427,12.275244,-19.105936,10.40857,11.157218,-21.223753,-40.231976,-23.688986,2.9998198,33.19986,-6.153733,18.601921
340,4.040369987487793,21.036338806152344,69.3097915649414,-0.4001714730620103,12.042926791800037,60.518400046259195,9.6654215,-5.8710713,29.467367,-40.005306,16.91305,-73.20818,-24.311058,-1.8171293,1.5827585,-1.7655318,60.129566,7.66677,54.19025,-22.713224,6.0123997,7.154655,0.20385344,-10.999016,13.309896,-19.773,10.392604,12.818267,-21.767698,-37.118916,-22.785965,3.0612495,30.870195,-5.1362634,18.528305
341,4.6859307289123535,20.892892837524414,69.49189758300781,-0.17724934698777975,12.272601556802893,64.03409573243026,8.773619,-6.093618,29.177982,-36.97279,12.262975,-75.49512,-33.370926,-4.125728,3.0271368,-0.41223347,57.917336,14.29195,52.323135,-23.233133,4.426776,7.266373,-0.2597044,-12.858591,15.076385,-16.446426,10.716778,13.262655,-20.532402,-33.763412,-21.994099,2.5974517,28.074581,-4.0001388,18.318226
342,5.345909595489502,20.73699188232422,69.66166687011719,0.07500552291764379,12.479737483869096,67.64118282617899,7.7261004,-6.480742,28.620037,-35.17086,8.183729,-77.16458,-42.01885,-7.0835056,4.5462947,1.4733839,56.29052,20.234491,51.27277,-22.860378,2.7151837,7.0020165,-0.72584873,-17.716408,16.847338,-11.050635,16.500257,10.158647,-18.033258,-29.995844,-21.239143,1.6021894,24.552286,-2.628637,17.997925
343,6.007429599761963,20.596736907958984,69.741943359375,0.3422080324133263,12.680587627263211,71.24273381674146,6.561669,-6.907101,27.79736,-34.30146,4.339563,-78.7187,-49.655952,-10.105855,5.652008,3.8084886,54.99313,25.738585,51.047935,-21.95288,1.1137818,6.473158,-1.1890802,-23.11457,19.27851,-5.200125,23.137377,5.6614285,-15.438331,-26.276596,-20.532648,0.24102661,20.976675,-1.3511524,17.624437
344,6.6835737228393555,20.469228744506836,69.74087524414062,0.6523802012055152,12.887830947474244,74.74386262682708,5.3151703,-7.239406,26.710838,-34.203743,0.7954617,-80.465164,-55.618095,-12.883532,6.5003867,6.4004865,53.971264,30.560263,51.544674,-20.433136,-0.30640396,6.187845,-1.6397865,-27.363771,21.759884,-0.31535816,27.630693,1.7459239,-13.717878,-22.788568,-19.899744,-1.4229733,17.583729,-0.30189353,17.218962
345,7.374330520629883,20.3523006439209,69.67909240722656,1.0253523656009045,13.093043429306865,78.13955060512997,3.973727,-7.458872,25.306627,-34.764793,-2.571079,-82.54187,-59.921116,-15.347334,7.4615016,9.160236,53.267128,34.975872,52.665096,-18.062962,-1.4039004,6.1345153,-2.0704205,-30.902584,23.94357,3.857732,30.683876,-1.7100831,-12.94828,-19.441418,-19.24013,-3.3452864,14.195432,0.7357258,16.683489
346,8.072819709777832,20.236221313476562,69.55835723876953,1.4484671114423864,13.27713896621967,81.47903649430893,2.5272534,-7.6394315,23.530424,-35.884304,-5.773784,-84.859856,-63.06288,-17.56815,8.614297,12.082872,52.856564,39.1859,54.136467,-14.996885,-2.19237,6.1483765,-2.4870503,-34.296,26.24512,7.9837213,33.41787,-5.3186083,-12.651228,-16.09787,-18.477892,-5.542336,10.614947,1.8311194,16.045385
347,8.760944366455078,20.119121551513672,69.3849868774414,1.8974455016323661,13.440468012495213,84.74916311479288,1.0118251,-7.7780714,21.379568,-37.443657,-8.698965,-87.31081,-64.95172,-19.41419,9.818992,15.095516,52.686356,42.888542,55.645462,-11.787066,-2.8129044,6.472595,-2.9004548,-37.770515,28.443676,11.065786,36.08577,-8.825829,-12.590199,-14.807678,-17.935589,-7.4451346,10.498573,1.1022582,15.513678
348,9.432056427001953,20.009174346923828,69.19867706298828,2.3450687104113865,13.591416620397363,87.93622863971338,-0.53791136,-7.8677754,18.923056,-39.31047,-11.283262,-89.83423,-65.46659,-20.736177,10.924062,18.081717,52.7075,45.83431,56.966896,-9.040035,-3.397642,7.278817,-3.3227332,-41.43766,30.023304,12.158875,38.593174,-11.913454,-12.540228,-13.614504,-17.573486,-9.753101,10.484137,-0.07318937,15.2747965
349,10.098433494567871,19.916818618774414,68.95547485351562,2.802423811648133,13.741165341042112,91.10858202685287,-2.198225,-7.874015,16.245144,-41.410744,-13.714451,-92.7175,-64.18965,-21.291388,12.030281,20.94339,52.976578,48.16772,58.143696,-7.1219707,-3.9105387,8.546694,-3.7515926,-45.48667,30.268097,10.707467,40.767773,-14.514785,-12.447776,-12.434266,-17.462887,-12.743473,10.570782,-1.8591924,15.494329
350,10.749753952026367,19.84764862060547,68.72918701171875,3.273115945457583,13.87927956510251,94.25407302041882,-3.960578,-7.8106804,13.291815,-43.737766,-16.061974,-95.89657,-61.372738,-21.152319,13.294016,23.600609,53.572678,50.25414,59.176777,-5.84096,-4.2763114,10.109379,-4.1834927,-49.807747,29.27282,7.461814,42.711628,-16.83829,-12.2893095,-11.256357,-17.49694,-16.25018,10.722197,-3.9908621,16.041353
351,11.382302284240723,19.789806365966797,68.48837280273438,3.7186926250336025,13.997364798994358,97.24266338447515,-5.6692038,-7.7341523,10.285464,-46.252472,-18.289177,-99.01809,-57.924488,-20.71028,14.569607,25.888577,54.47977,52.21159,59.832584,-4.998788,-4.572749,11.888698,-4.636377,-53.934628,27.591124,3.4957616,44.490486,-18.883537,-11.9936695,-10.187196,-17.5204,-19.690617,10.91108,-6.044356,16.651108
352,11.982132911682129,19.72478675842285,68.212646484375,4.088176321515004,14.098073495259795,99.9391485107306,-7.1621084,-7.691579,7.4312806,-48.883003,-20.334742,-101.736885,-54.6978,-20.36183,15.751899,27.642906,55.63815,54.138588,59.930386,-4.4076366,-4.8676214,13.8170395,-5.1380725,-57.547237,25.93789,-0.2922444,46.214233,-20.675901,-11.570843,-9.370177,-17.3935,-22.47046,11.1230755,-7.67979,17.03621
353,12.553492546081543,19.64824676513672,67.9364013671875,4.394704386187504,14.178147614621858,102.38135273557445,-8.463526,-7.6248436,4.8120656,-51.607037,-22.109959,-104.13429,-51.70433,-20.199442,16.796186,28.835398,57.07026,56.048363,59.551563,-4.1494064,-5.1902614,15.979493,-5.739502,-60.5754,24.18962,-4.233239,47.68426,-22.214663,-11.074225,-8.859793,-17.12133,-24.4191,11.38567,-8.937808,17.112698
354,13.113924980163574,19.558637619018555,67.67919158935547,4.66634749786338,14.251100235094734,104.62385838325169,-9.636543,-7.5187035,2.4594002,-54.42805,-23.744617,-106.46312,-48.592453,-20.059484,17.762732,29.584272,58.807243,57.88501,58.857075,-4.28396,-5.5160103,18.334118,-6.407452,-63.054943,22.023844,-8.566038,48.88339,-23.441572,-10.538906,-9.968438,-17.437073,-25.460924,14.394063,-11.244715,17.035526
355,13.654046058654785,19.458202362060547,67.46136474609375,4.878606168181306,14.354533837391317,106.54915208440455,-10.571468,-7.47711,0.43707216,-57.29919,-25.43088,-108.56532,-45.63762,-19.985325,18.722935,30.033754,60.730705,59.547855,57.872047,-4.5290384,-5.8306594,20.643099,-7.0366592,-64.86703,20.059776,-12.376289,49.795395,-24.172499,-9.987465,-11.755372,-17.947544,-26.012453,18.334982,-13.746086,16.820223
356,14.173653602600098,19.337892532348633,67.25614166259766,5.008904297705394,14.529257606490507,108.03009463286361,-11.155904,-7.606472,-1.1582948,-60.15781,-27.34189,-110.27085,-43.15746,-20.047848,19.750664,30.291569,62.643063,60.9997,56.636826,-4.6668296,-6.1167636,22.67815,-7.5102024,-66.050545,18.982687,-14.827417,50.390854,-24.26667,-9.416567,-13.556602,-18.341885,-26.419977,21.902607,-15.808071,16.491837
357,14.675990104675293,19.201187133789062,67.0641098022461,5.059313153998492,14.81800747596725,108.97380954870374,-11.259329,-8.011881,-2.2282546,-63.019985,-29.511372,-111.49796,-41.38156,-20.40239,20.822834,30.410282,64.37732,62.268925,55.30607,-4.6178136,-6.412378,24.508047,-7.813578,-66.76879,19.170534,-15.7142935,50.69915,-23.623623,-8.7177105,-15.6605215,-18.69452,-26.591496,25.474867,-17.496325,15.990466
358,15.129783630371094,19.066936492919922,66.86450958251953,5.011316057136738,15.203433905465035,109.46309893643055,-10.97444,-8.598397,-2.749387,-65.90229,-31.805412,-112.42536,-40.112312,-21.038786,21.951584,30.425001,65.88903,63.314095,54.074505,-4.462413,-6.740122,26.236515,-8.042444,-67.30973,20.324062,-15.656236,51.101933,-22.573341,-7.8629904,-18.038528,-19.000116,-26.436901,29.07483,-18.88767,15.374441
359,15.55178451538086,18.93924331665039,66.66614532470703,4.898158832567216,15.624521532667577,109.620506049889,-10.518502,-9.177393,-2.770177,-68.741714,-34.08827,-113.14678,-39.094097,-21.8387,23.25074,30.375168,67.16402,64.006645,52.934982,-4.2427626,-7.0697074,27.668488,-8.124682,-67.61329,22.033537,-14.915078,51.545227,-21.367434,-6.940333,-20.35958,-19.200047,-26.164614,32.37794,-20.050163,14.713052
360,15.928885459899902,18.80592918395996,66.47126770019531,4.7280756032684215,16.020461948934912,109.57217265199621,-10.113025,-9.565637,-2.3800387,-71.43498,-36.14244,-113.7688,-38.020645,-22.658451,24.89629,30.296034,68.211334,64.20371,51.877113,-3.9895034,-7.366153,28.61482,-8.018452,-67.62941,23.897085,-13.757377,52.068188,-20.274122,-6.0717196,-22.369728,-19.297249,-25.933481,35.192493,-21.085152,14.118815
361,16.25899314880371,18.676958084106445,66.28052520751953,4.4850273696425695,16.385064701086968,109.27390282743032,-9.743266,-9.74447,-1.6033577,-73.92751,-37.881657,-114.221825,-36.737854,-23.599371,27.336655,30.191166,69.017845,63.84032,50.859516,-3.6265771,-7.705575,29.041584,-7.6965165,-67.327805,26.150768,-11.890459,52.77336,-19.481201,-5.349087,-24.029251,-19.266186,-25.735529,37.466427,-22.017118,13.614182
362,16.545106887817383,18.554956436157227,66.09871673583984,4.165362879161294,16.743578866686992,108.67877198989153,-9.321219,-9.811941,-0.44730526,-76.211716,-39.26214,-114.460075,-35.31923,-24.651993,30.511383,30.049904,69.56594,62.97589,49.922047,-3.128928,-8.09431,29.047468,-7.182234,-66.769905,28.886023,-9.320701,53.82901,-18.917604,-4.602638,-25.497755,-19.126398,-25.502699,39.364357,-22.816816,13.147021
363,16.779726028442383,18.43598175048828,65.9253158569336,3.7935005643936424,17.0808048433954,107.91209855206677,-8.96058,-9.762495,0.98083836,-78.227104,-40.138893,-114.58852,-33.83776,-25.517443,33.771885,29.88447,69.87735,61.651463,49.153088,-2.6083179,-8.393301,28.641014,-6.514883,-66.03385,31.493479,-6.7598543,55.280197,-18.406689,-3.635724,-26.80542,-18.957167,-25.29473,41.018875,-23.515347,12.725569
364,16.96701431274414,18.313783645629883,65.75885772705078,3.392852348893634,17.38245360738174,107.10113258628765,-8.774371,-9.58501,2.506933,-79.87191,-40.41886,-114.5901,-32.4646,-25.959963,36.345104,29.71208,69.998314,59.90346,48.612423,-2.1681113,-8.459853,27.829062,-5.7360272,-65.24132,33.37739,-4.9321795,57.065712,-17.711126,-2.307507,-27.983448,-18.831875,-25.166483,42.562733,-24.147947,12.349176
365,17.107784271240234,18.185993194580078,65.58887481689453,2.9559921741153614,17.634112064601606,106.26190476498674,-8.805317,-9.229629,4.0095077,-81.07505,-40.149235,-114.28635,-31.315538,-25.914988,38.073875,29.539768,69.951546,57.664677,48.199856,-1.8882893,-8.195771,26.467321,-4.7879996,-64.54554,34.34432,-4.1229615,59.26611,-16.727,-0.48793304,-28.999212,-18.79748,-25.176714,44.037262,-24.745647,12.026667
366,17.189546585083008,18.045177459716797,65.41321563720703,2.473953506874071,17.838875543032795,105.33183045171293,-8.991121,-8.711758,5.460673,-81.81172,-39.42341,-113.581825,-30.308723,-25.512098,39.268574,29.373722,69.741394,54.952866,47.849125,-1.7026674,-7.699969,24.604795,-3.6714818,-63.952785,34.74769,-3.9639375,61.92919,-15.586307,1.6736262,-29.872122,-18.826632,-25.262949,45.41164,-25.294407,11.7589035
367,17.241802215576172,17.905696868896484,65.2276840209961,1.9655687533640873,18.01271125486135,104.32009876438694,-9.286318,-8.109179,6.8213725,-82.04053,-38.27433,-112.51399,-29.391384,-24.862442,39.782665,29.226719,69.39864,51.930546,47.657463,-1.4965869,-7.1204147,22.529266,-2.5164964,-63.28318,34.78355,-4.1176295,64.7635,-14.275356,3.833113,-30.713303,-18.859617,-25.305582,46.747444,-25.806267,11.511507
368,17.287185668945312,17.768774032592773,65.03082275390625,1.4489524656848218,18.17396235617202,103.23717012457784,-9.6443615,-7.5013914,8.041549,-81.711266,-36.717693,-111.11511,-28.49452,-24.06861,39.49655,29.099182,68.9672,48.75083,47.720325,-1.1606549,-6.6043715,20.515808,-1.4547389,-62.267075,34.61348,-4.2004905,67.40174,-12.737386,5.626721,-31.640703,-18.831957,-25.186472,48.097385,-26.282011,11.251246
369,17.328317642211914,17.646499633789062,64.82068634033203,0.934143566781429,18.31196729905422,102.08956639596198,-10.071584,-6.866795,9.059611,-80.775185,-34.812687,-109.17699,-27.840296,-23.258125,38.152313,28.988243,68.466644,45.35552,47.943733,-0.7370492,-6.1689496,18.530169,-0.530314,-60.776016,33.98624,-4.3227324,69.749344,-10.912467,6.902263,-32.670097,-18.721884,-24.86345,49.47838,-26.704025,10.968456
370,17.36077880859375,17.529460906982422,64.60403442382812,0.4106468448488224,18.418491501406532,100.87145035712713,-10.586044,-6.163219,9.834568,-79.22644,-32.535347,-106.66635,-27.39348,-22.324215,35.977085,28.89862,67.911194,41.69999,48.235817,-0.2737579,-5.741399,16.45259,0.32989612,-58.889908,32.811592,-4.538258,71.902214,-8.715987,7.7295394,-33.737022,-18.548153,-24.411592,50.850292,-27.071928,10.673023
371,17.37887954711914,17.428756713867188,64.38142395019531,-0.1320064634259172,18.51644079131255,99.57693606143312,-11.157023,-5.4451547,10.356787,-77.09573,-29.7501,-103.856316,-26.726944,-21.063564,33.53568,28.826092,67.34121,37.947422,48.714703,0.32558608,-5.3369765,14.414439,1.1681335,-56.60917,31.493061,-4.393542,73.73105,-6.0986195,8.139223,-34.815987,-18.318213,-23.891108,52.187664,-27.433008,10.383352
372,17.379451751708984,17.345020294189453,64.15074157714844,-0.702121216758927,18.627279971561826,98.20048768127656,-11.7534075,-4.766917,10.641116,-74.43383,-26.315968,-101.00117,-25.470997,-19.345327,31.291557,28.753475,66.79953,34.264343,49.50535,1.1544052,-4.9731946,12.535178,2.0252678,-53.93798,30.47042,-3.4725394,75.096115,-3.0445304,8.25878,-35.896137,-18.04609,-23.356064,53.47607,-27.832714,10.118432
373,17.37125587463379,17.28325080871582,63.908790588378906,-1.3026477986774805,18.73794058827513,96.71733222605437,-12.374402,-4.142624,10.684225,-71.24376,-22.272306,-98.017845,-23.57478,-17.16533,29.033186,28.672535,66.31185,30.632448,50.652832,2.5861197,-4.715781,10.863413,2.891085,-50.73092,29.83261,-1.6029987,75.90174,0.5338935,8.18822,-36.977108,-17.707485,-22.784777,54.71219,-28.288227,9.878106
374,17.350215911865234,17.233327865600586,63.657020568847656,-1.92587456855251,18.835281153390167,95.13981922222796,-13.033094,-3.5324588,10.460574,-67.57345,-17.598598,-94.76817,-21.41471,-14.674022,26.516916,28.585566,65.87328,26.977398,52.056446,4.4717937,-4.5646853,9.302068,3.7492857,-46.996395,29.23316,0.9203753,76.20216,4.5979285,7.877657,-38.066753,-17.30364,-22.162283,55.906628,-28.76728,9.657602
375,17.307100296020508,17.193443298339844,63.39081954956055,-2.584415202260003,18.93980290047518,93.51316721538505,-13.718975,-2.9129703,9.990361,-63.592625,-12.114543,-91.51992,-19.255423,-11.954977,24.003649,28.490648,65.463615,23.382202,53.65246,6.0977287,-4.4071984,7.762653,4.628138,-42.970695,28.496792,3.8027785,76.088905,8.966814,7.2957463,-39.16788,-16.875391,-21.554432,57.085632,-29.265778,9.464601
376,17.237775802612305,17.174598693847656,63.107852935791016,-3.283307101532806,19.07375461935732,91.8831988078431,-14.422063,-2.2618794,9.362565,-59.535122,-5.7375402,-88.69167,-17.219809,-9.023858,21.678762,28.384308,65.052956,19.92889,55.379772,6.7219353,-4.081363,6.1718163,5.557674,-38.892803,27.482134,6.742439,75.62216,13.476963,6.3806934,-40.27321,-16.468204,-21.026197,58.26726,-29.786535,9.304901
377,17.143293380737305,17.18255615234375,62.80903625488281,-4.035322676323107,19.244958399732607,90.24071027328414,-15.161481,-1.5912648,8.688474,-55.532784,1.4948503,-86.42157,-15.024981,-5.6914635,19.211353,28.27156,64.61858,16.603561,57.295197,6.238192,-3.4854088,4.5471296,6.574891,-34.61201,26.158009,9.795292,74.586975,18.51939,4.8948455,-41.38159,-16.103888,-20.608212,59.458405,-30.344603,9.177411
378,16.984392166137695,17.20850372314453,62.38672637939453,-4.893614751886705,19.424473031581297,88.56902344635529,-15.943216,-0.88061965,8.10522,-51.67953,9.199429,-84.7426,-12.322063,-1.9654833,16.311514,28.171602,64.16638,13.353559,59.403927,4.9670105,-2.6421072,2.9829698,7.6103926,-30.723589,24.753815,12.803899,75.117226,20.053522,3.0531044,-42.702995,-15.8132,-20.18332,61.05802,-31.111155,9.134398
379,16.810443878173828,17.22930908203125,61.90947723388672,-5.80104393689814,19.597551688300047,86.91474199417833,-16.729193,-0.088218406,7.8089385,-48.137974,16.848818,-83.87605,-8.955999,1.8117881,13.159525,28.0896,63.72252,10.200634,61.566692,2.8152535,-1.5541223,1.5112625,8.624271,-27.209711,23.039322,15.543783,76.13397,20.053522,1.1307148,-44.120213,-15.526919,-19.781652,62.797,-31.938324,9.11881
380,16.66013526916504,17.24383544921875,61.45072555541992,-6.705060322031173,19.7564092421869,85.31539046318876,-17.478144,0.8209742,8.012315,-45.02564,23.981716,-84.01351,-4.7377176,5.3132,9.961841,28.016375,63.320576,7.177433,63.63004,-0.31505427,-0.20793407,0.16932142,9.567931,-24.134413,20.860538,17.790314,76.76266,20.053522,-0.60535127,-45.494816,-15.171759,-19.418493,64.39706,-32.68847,9.090422
381,16.526845932006836,17.25659942626953,61.024898529052734,-7.619546267395277,19.915219062695954,83.76763137340961,-18.20971,1.8675507,8.9574,-42.26779,30.720211,-85.267456,0.7788658,8.575494,6.704253,27.939934,62.97723,4.2559466,65.44325,-5.177176,1.6221012,-0.8833717,10.460012,-21.587515,18.22447,19.487827,76.9068,20.053522,-2.0038016,-46.804337,-14.743091,-19.114878,65.80486,-33.346916,9.06281
382,16.40556526184082,17.272846221923828,60.619503021240234,-8.55592031389774,20.073856622928343,82.25818176221993,-18.93742,3.030215,10.807532,-39.711952,36.93697,-87.29755,7.8197193,11.563902,3.037747,27.845888,62.73732,1.45995,67.02568,-11.52846,3.941103,-1.4706612,11.3149605,-19.402931,15.265935,20.846767,76.59718,20.053522,-3.239638,-48.06944,-14.261045,-18.873932,67.07428,-33.947464,9.039918
383,16.294979095458984,17.292213439941406,60.23253631591797,-9.470958341738406,20.21148249921139,80.80138192622351,-19.605854,4.2542753,13.575679,-37.27455,42.055477,-89.702484,15.896532,13.858804,-1.1029459,27.70818,62.6615,-1.1257094,68.55299,-17.925882,6.3709254,-1.6803671,12.071142,-17.449818,12.182687,22.051077,75.93487,20.053522,-4.4511824,-49.291992,-13.725328,-18.640797,68.232025,-34.479706,9.007354
384,16.215208053588867,17.29849624633789,59.86373519897461,-10.320517772303697,20.31290583551868,79.40719751912286,-20.156044,5.473543,17.140581,-34.918743,45.67685,-92.18851,24.232323,15.083149,-5.5092773,27.504477,62.762897,-3.4949481,70.30125,-22.875418,8.518234,-1.8822359,12.673116,-15.595282,9.159058,23.293713,75.03097,20.053522,-5.7441726,-50.489105,-13.122997,-18.369406,69.31036,-34.930523,8.933033
385,16.146026611328125,17.294797897338867,59.51521301269531,-11.105577696840237,20.385920502597806,78.07502028197109,-20.572718,6.6949615,21.396893,-32.620045,48.146072,-95.00089,33.005444,14.87122,-9.863858,27.221773,63.002445,-5.728924,72.48462,-25.905901,10.317083,-2.470752,13.111348,-13.723799,6.391714,24.835394,73.880325,20.053522,-6.9113235,-51.659298,-12.455867,-18.055067,70.30207,-35.293915,8.827155
386,16.093366622924805,17.29766273498535,59.19464111328125,-11.842861217509723,20.446599692461827,76.79310611926057,-20.8828,7.9199452,26.114809,-30.314245,50.067574,-97.961044,41.781075,13.315908,-13.789556,26.855915,63.350792,-7.860839,74.99171,-27.837122,11.944455,-3.3498464,13.420005,-11.879431,3.77305,26.586037,72.431816,20.053522,-7.893908,-52.788445,-11.723248,-17.723373,71.18574,-35.58098,8.699222
387,16.056669235229492,17.294153213500977,58.89685821533203,-12.511416626616356,20.497315029611514,75.5525982091445,-21.078505,9.051207,30.162489,-28.093493,51.927094,-100.23721,48.739594,11.113548,-17.078537,26.410528,63.796497,-9.865516,77.67289,-29.081486,13.383286,-4.3130927,13.613195,-10.223222,0.9613952,28.09982,70.7292,20.053522,-9.165543,-53.90335,-10.947048,-17.347326,71.9969,-35.79062,8.55298
388,16.04355812072754,17.291759490966797,58.6226692199707,-13.091002480145159,20.540153106398577,74.3459202283988,-21.145344,9.995023,32.314552,-26.417791,54.515266,-101.119354,52.65728,9.463217,-19.800423,25.882618,64.33514,-11.6973915,80.373764,-30.04332,14.604725,-5.102014,13.704523,-8.935051,-2.3504062,28.920689,68.81122,20.053522,-11.213674,-55.004112,-10.138158,-16.907282,72.75337,-35.929344,8.389699
389,16.06474494934082,17.295772552490234,58.371551513671875,-13.564464531891057,20.588575350597473,73.09836407585945,-20.9815,10.690674,33.167454,-25.804684,57.43386,-100.75645,53.665512,9.054829,-22.228527,25.22942,64.94667,-13.346228,83.19625,-30.62653,15.507629,-5.7355676,13.679775,-8.036409,-6.385155,28.942812,66.513435,20.053522,-14.359203,-56.1491,-9.2575,-16.335806,73.48644,-35.99047,8.190507
390,16.097909927368164,17.26374626159668,58.1369514465332,-14.047362357134357,20.622459313889863,71.85282751689036,-20.64896,11.256418,33.532146,-26.352856,60.171642,-99.516205,52.908062,9.517644,-24.519323,24.43361,65.65499,-14.777277,86.16493,-30.742004,16.118685,-6.378776,13.548659,-6.988681,-9.765601,29.928429,64.010216,20.053522,-16.59213,-57.305996,-8.248744,-15.785563,74.13352,-35.92499,7.9439297
391,16.132522583007812,17.1849422454834,57.92096710205078,-14.643004045415008,20.605140186845293,70.74340932610568,-20.329187,11.771438,33.6821,-27.856646,62.574516,-97.493675,51.240807,10.57442,-26.563303,23.516819,66.48998,-15.957085,89.04894,-30.67576,16.590109,-6.96494,13.39313,-6.081842,-11.459155,32.237823,62.356743,20.053522,-17.227468,-58.31678,-7.148139,-15.494046,74.59768,-35.741318,7.661103
392,16.17169761657715,17.07032012939453,57.7425651550293,-15.31557931746408,20.532167468730254,69.8870067949033,-20.170364,12.252241,33.719006,-30.019299,64.66008,-94.85674,49.391827,11.905232,-28.153477,22.56776,67.42736,-16.929296,91.695,-30.6838,17.075672,-7.394183,13.255302,-5.7867303,-11.459155,35.047565,62.288883,20.053522,-16.952219,-59.051792,-6.062709,-15.513715,74.812775,-35.48622,7.369993
393,16.208721160888672,16.947784423828125,57.60248947143555,-15.94418353764122,20.42013719610081,69.25194133772277,-20.210716,12.73965,33.671574,-32.64633,66.220505,-91.68013,47.03056,13.591744,-29.351852,21.553469,68.49519,-17.628056,94.02605,-30.8721,17.649044,-7.615382,13.105531,-5.8208513,-11.459155,37.055557,62.422817,20.053522,-17.15077,-59.55691,-5.059935,-15.643634,74.852684,-35.173153,7.134354
394,16.2698917388916,16.817867279052734,57.51254653930664,-16.520391030659187,20.288550796934807,68.78493886443998,-20.359,13.18668,33.548878,-35.607334,67.11898,-88.142136,43.814713,15.5602665,-30.200912,20.523142,69.675026,-18.112812,96.214836,-31.085224,18.220718,-7.669644,12.915305,-6.1144276,-11.459155,38.49251,62.621487,20.053522,-17.737001,-59.880558,-4.090009,-15.837306,74.72188,-34.794872,6.919811
395,16.331035614013672,16.69171142578125,57.47010040283203,-16.99191151633791,20.18152931360851,68.56503471997947,-20.594837,13.522129,33.393894,-38.66889,67.53284,-84.56383,40.463158,17.321762,-30.547152,19.505997,70.896484,-18.441828,98.296036,-31.15386,18.726257,-7.6326265,12.702518,-6.5012183,-11.459155,39.387512,62.876183,20.053522,-18.389343,-60.028404,-3.3000238,-16.089575,74.47114,-34.417274,6.7611976
396,16.379850387573242,16.581581115722656,57.469356536865234,-17.30937420264309,20.143843826775594,68.6781501655796,-20.899689,13.680407,33.248623,-41.561756,67.651535,-81.331566,37.714344,18.469034,-30.286867,18.487589,72.05987,-18.642654,100.26745,-30.906233,19.098736,-7.5944376,12.484692,-6.8092628,-11.459155,39.759506,63.18646,20.053522,-18.772066,-60.010162,-2.8340824,-16.409645,74.1673,-34.11807,6.682281
397,16.401792526245117,16.494915008544922,57.507591247558594,-17.463691112309302,20.1856592840831,69.14817293497197,-21.389923,13.697021,33.13187,-44.11294,67.48737,-78.72083,36.06169,18.898355,-29.32029,17.51594,73.11005,-18.713139,102.184425,-30.327377,19.374886,-7.598621,12.295006,-7.0046973,-11.459155,39.539627,63.561478,20.053522,-18.656216,-59.8224,-2.75885,-16.80296,73.8453,-33.9267,6.7079487
398,16.40095329284668,16.427501678466797,57.581687927246094,-17.47040470204532,20.295026358518115,69.96308035595601,-22.037924,13.600955,33.037373,-46.278458,66.92867,-76.69947,35.090153,18.895039,-27.802168,16.596798,74.04623,-18.6,104.034805,-29.522327,19.584864,-7.6245074,12.079199,-7.1298375,-11.459155,38.784203,63.931263,20.053522,-18.192974,-59.471252,-2.993047,-17.256346,73.494354,-33.81188,6.828803
399,16.389429092407227,16.367794036865234,57.68817138671875,-17.35667226145014,20.44631510897459,71.03436889855618,-22.599585,13.29723,32.96041,-48.028168,66.01554,-75.16217,34.16356,18.665806,-26.00187,15.725726,74.83469,-18.308784,105.79016,-28.54737,19.632576,-7.636819,11.846017,-7.173563,-11.459155,37.652855,64.2433,20.053522,-17.657114,-58.979897,-3.4537501,-17.762768,73.099846,-33.74816,7.00689
400,16.387588500976562,16.31238555908203,57.83771896362305,-17.127448280883918,20.629178102061896,72.32658794894431,-22.829166,12.685235,32.89425,-49.335377,64.799706,-73.983406,32.59402,18.349268,-24.175983,14.886701,75.42585,-17.836859,107.405685,-27.469732,19.426228,-7.599215,11.554829,-7.1182847,-11.459155,36.307117,64.451035,20.053522,-17.326265,-58.351723,-4.0546427,-18.316307,72.62013,-33.70547,7.2041426
401,16.378259658813477,16.252023696899414,58.022212982177734,-16.775096285538666,20.83100688687201,73.86935194500975,-22.710718,11.714306,32.841568,-50.15291,63.326534,-73.16214,30.063128,17.84361,-22.208021,14.061413,75.781006,-17.135586,108.885345,-26.343584,18.918121,-7.5174475,11.216314,-6.9261193,-11.459155,34.67481,64.61094,20.053522,-17.256115,-57.572903,-4.8339543,-18.940184,72.069405,-33.69625,7.436508
402,16.365575790405273,16.19061279296875,58.24522399902344,-16.29083671660446,21.05477962436088,75.68151231281544,-22.356834,10.443023,32.805958,-50.465084,61.615974,-72.76341,26.949224,17.063793,-20.030312,13.244404,75.896126,-16.183424,110.21615,-25.127415,18.176134,-7.4130216,10.833968,-6.646017,-11.459155,32.68429,64.766685,20.053522,-17.349075,-56.630554,-5.8006334,-19.652048,71.438675,-33.714317,7.7104497
403,16.358274459838867,16.14389991760254,58.511268615722656,-15.700534329355104,21.29730327251478,77.67627940566405,-21.716204,8.928692,32.7793,-50.326267,59.685017,-72.72504,23.569828,16.157251,-17.963076,12.4485855,75.78268,-15.028029,111.334724,-23.746317,17.283073,-7.261411,10.398653,-6.406153,-11.459155,30.48612,64.90315,20.053522,-17.650478,-55.553223,-6.857358,-20.42443,70.69388,-33.714252,8.00044
404,16.380306243896484,16.10051155090332,58.82312774658203,-15.021522455749658,21.559758766270942,79.78505147466969,-20.744194,7.2345343,32.74696,-49.84693,57.546635,-72.952866,20.234535,15.329438,-16.300243,11.698911,75.46134,-13.727398,112.180504,-22.127821,16.325344,-7.025232,9.886755,-6.2834926,-11.459155,28.266169,64.9484,20.053522,-18.143883,-54.397194,-7.9098606,-21.22872,69.81664,-33.64528,8.26805
405,16.434097290039062,16.052427291870117,59.17420196533203,-14.237277890714358,21.835844709032855,82.01869886274292,-19.398827,5.313137,32.70053,-49.110615,55.229332,-73.26701,16.850695,14.695629,-15.2528515,11.011073,74.93242,-12.289552,112.81438,-20.186184,15.293211,-6.5804577,9.26998,-6.2313194,-11.459155,26.046677,64.88081,20.053522,-18.83135,-53.187183,-8.944575,-22.047338,68.82056,-33.507847,8.505486
406,16.502880096435547,16.01216697692871,59.5611572265625,-13.336171187250116,22.10723771902197,84.41285328449064,-17.74955,3.1918483,32.638195,-48.156574,52.75297,-73.66216,13.273536,14.16907,-14.608428,10.38753,74.19603,-10.685495,113.22234,-17.988552,14.18109,-5.950167,8.573599,-6.2272067,-11.459155,23.73535,64.78811,20.053522,-19.69965,-51.882614,-10.011553,-22.91294,67.71026,-33.324528,8.739042
407,16.57598114013672,15.982779502868652,59.98162078857422,-12.348467095543578,22.352871276434016,86.91576734793045,-15.918713,1.0461189,32.55165,-47.0492,50.10081,-74.285805,9.729878,13.670391,-13.99678,9.842411,73.278114,-8.9374275,113.25503,-15.689745,13.068178,-5.321563,7.8711896,-6.2847176,-11.459155,21.39608,64.62485,20.053522,-20.596111,-50.461636,-11.12233,-23.855986,66.47338,-33.076355,8.985709
408,16.64824104309082,15.952629089355469,60.43458557128906,-11.302414948740378,22.55728441062912,89.47188973735966,-14.015193,-0.96277446,32.432236,-45.860115,47.239094,-75.25129,6.457775,13.08713,-13.044855,9.395707,72.21887,-7.0885572,112.79239,-13.44446,12.008871,-4.889108,7.23573,-6.4251294,-11.459155,19.088106,64.33688,20.053522,-21.366846,-48.91708,-12.288309,-24.904585,65.104576,-32.7373,9.255948
409,16.724416732788086,15.925145149230957,60.91754913330078,-10.183124420605528,22.71492903326968,92.07828383631495,-11.989683,-2.8359752,32.271294,-44.628807,44.095833,-76.51341,3.7984016,12.389784,-11.739829,9.070852,71.02441,-5.1636667,111.837494,-11.168756,10.965621,-4.702792,6.6536226,-6.6535134,-11.459155,16.812872,63.89218,20.053522,-21.890522,-47.253174,-13.503614,-26.050665,63.60345,-32.320843,9.541136
410,16.79329490661621,15.907831192016602,61.431907653808594,-8.976533766335276,22.81832350613499,94.75722409109332,-9.842426,-4.59342,32.07033,-43.38008,40.696243,-77.918396,1.519481,11.63335,-10.23264,8.874398,69.69316,-3.1863608,110.47059,-8.840946,9.904736,-4.649525,6.1017017,-6.953359,-11.459155,14.540404,63.333485,20.053522,-22.219328,-45.454746,-14.762525,-27.295137,61.95368,-31.817297,9.852353
411,16.84341049194336,15.863611221313477,61.975746154785156,-7.880627802507148,22.84318845655477,97.50619265156608,-7.735322,-6.1194553,31.840475,-42.13238,37.121117,-79.38658,-0.9781905,10.808809,-8.401295,8.800492,68.29541,-1.2084972,108.68104,-6.745728,8.885372,-4.688755,5.608384,-7.324662,-9.725475,14.102273,63.154636,20.053522,-20.766869,-43.424038,-15.870071,-28.827515,60.02758,-31.132523,10.173634
412,16.88036346435547,15.822315216064453,62.5466423034668,-6.808542642718673,22.798135786616044,100.30703864865507,-5.7827144,-7.3655415,31.588762,-40.93952,33.495262,-80.87957,-4.315512,9.798734,-6.147562,8.839265,66.88892,0.7278337,106.53644,-5.0415783,7.91495,-4.767997,5.21761,-7.6929893,-7.5110006,14.158202,62.865044,20.053522,-19.002481,-41.164883,-16.909172,-30.58061,57.87212,-30.256742,10.5505705
413,16.899744033813477,15.786385536193848,63.141380310058594,-5.712243328004163,22.679019764311388,103.16619307840136,-3.9495807,-8.339695,31.311565,-39.816784,29.739595,-82.31313,-8.816383,8.437149,-3.316411,8.988252,65.490326,2.597228,103.99944,-3.753374,6.9170713,-4.864646,4.9579043,-8.026446,-5.3430305,14.158069,62.249226,20.053522,-17.476591,-38.72615,-17.974405,-32.530422,55.584145,-29.209127,11.019524
414,16.90606117248535,15.75145435333252,63.756752014160156,-4.584679313213758,22.479630442215825,106.08150215569334,-2.1709385,-9.072448,31.007862,-38.80094,25.848915,-83.60174,-14.063929,6.6223803,-0.09137086,9.254206,64.097824,4.3962636,101.09952,-2.7704692,5.8770175,-5.006133,4.79869,-8.336355,-3.2034748,14.135224,61.31552,20.053522,-16.08571,-36.07451,-18.996252,-34.67494,53.067326,-27.951416,11.56444
415,16.897926330566406,15.725120544433594,64.3660888671875,-3.4508480548244194,22.203440509887933,109.03223546414301,-0.50853777,-9.562244,30.681055,-38.002903,22.035091,-84.71476,-19.514605,4.3802195,3.1049845,9.638146,62.743885,6.1303096,97.97155,-2.081983,4.915181,-5.2207694,4.6950307,-8.716145,-1.0804327,14.161617,60.402065,19.568768,-14.783934,-33.327045,-19.945477,-36.943554,50.504986,-26.547915,12.150327
416,16.88425064086914,15.70436954498291,64.95553588867188,-2.33124397432093,21.85660715451811,111.99816204191094,0.97970736,-9.816443,30.321663,-37.54953,18.486963,-85.69636,-24.630053,1.8638104,5.906374,10.138344,61.475204,7.8116407,94.73784,-1.6406252,4.154952,-5.5240345,4.6037035,-9.345963,1.0617285,14.3107395,60.055187,17.766891,-13.515772,-30.572105,-20.798153,-39.250793,48.01431,-25.014389,12.747354
417,16.859182357788086,15.696173667907715,65.55265045166016,-1.1834623337803685,21.42273547722838,114.9982562051351,2.2967086,-9.820941,29.906706,-37.51187,15.202143,-86.57604,-29.548773,-0.9417618,8.297015,10.770337,60.309788,9.404939,91.31474,-1.4505124,3.674251,-5.9790745,4.5439444,-9.876875,3.140045,14.64683,59.351944,16.00158,-12.248444,-27.635647,-21.52146,-41.68155,45.318195,-23.19016,13.4312525
418,16.829017639160156,15.666553497314453,66.1427230834961,-0.019715477686315864,20.89424854473565,118.02893392503758,3.4890575,-9.597993,29.421097,-37.901634,12.113762,-87.3352,-34.42611,-4.0879703,10.362106,11.545315,59.2444,10.904556,87.68961,-1.4926342,3.3855426,-6.5542617,4.528985,-10.337994,5.146798,15.141926,58.319138,14.25607,-11.037747,-24.524073,-22.080036,-44.226837,42.372314,-21.035524,14.18179
419,16.786026000976562,15.656457901000977,66.7221450805664,1.105365106416742,20.30476160708207,121.04140714683857,4.561597,-9.231458,28.86236,-38.703304,9.259276,-88.05321,-38.80957,-7.3135757,12.021706,12.438808,58.29149,12.380115,84.06727,-1.6640072,3.1654963,-7.115954,4.5141115,-10.753734,7.0044746,15.735041,56.994343,12.546547,-9.945087,-21.495445,-22.468287,-46.65956,39.45284,-18.70104,14.809535
420,16.727540969848633,15.648746490478516,67.27716827392578,2.1485751846449723,19.698481671881904,123.99278644446058,5.5143056,-8.80504,28.230644,-39.86163,6.631057,-88.84593,-42.24424,-10.2916155,13.305832,13.400023,57.472523,13.912175,80.6239,-1.8534716,2.8883243,-7.5251603,4.455166,-11.146742,8.650817,16.361311,55.411373,10.898355,-9.012466,-18.818779,-22.761473,-48.730465,36.9108,-16.396347,15.102832
421,16.650693893432617,15.648818016052246,67.80751037597656,3.123673360462978,19.087830107226388,126.89793165612366,6.336404,-8.315068,27.508768,-41.33128,4.1748595,-89.85919,-44.56723,-12.857803,14.334671,14.396992,56.79714,15.519765,77.28291,-1.942789,2.5565245,-7.8727098,4.341572,-11.515352,10.128592,17.106808,53.58911,9.261684,-8.181058,-16.50598,-23.102379,-50.473892,34.922585,-14.176483,14.923187
422,16.567907333374023,15.666934967041016,68.31122589111328,4.049993747748775,18.45745618733943,129.77686686727768,7.0334053,-7.7475815,26.678404,-43.071552,1.8608092,-91.06633,-46.116543,-15.1021805,15.219806,15.421005,56.262928,17.188284,73.94115,-1.9967902,2.2206345,-8.191687,4.1962795,-11.857229,11.451934,17.997753,51.530304,7.6333737,-7.456827,-14.454056,-23.505339,-51.94424,33.3569,-11.960411,14.308449
423,16.481252670288086,15.680700302124023,68.77685546875,4.892682539206212,17.82146662649927,132.60197246153004,7.6260176,-7.1733537,25.746798,-45.006737,-0.29621452,-92.33859,-47.1728,-17.071562,16.021818,16.450098,55.870396,18.94514,70.72503,-2.167875,1.8272963,-8.258316,4.025768,-12.185225,12.541124,18.870342,49.221474,6.132015,-6.9401364,-12.796567,-23.958443,-52.89348,32.274174,-9.90579,13.3284445
424,16.375207901000977,15.703389167785645,69.20337677001953,5.618428863620706,17.20181553272717,135.3471131264997,8.13454,-6.6578155,24.736677,-47.044956,-2.2626328,-93.55937,-48.02257,-18.828953,16.765577,17.452917,55.623657,20.82566,67.74809,-2.6094933,1.3289051,-7.857694,3.8361895,-12.513121,13.343865,19.554367,46.636032,4.8867607,-6.6984735,-11.647008,-24.393082,-53.03045,31.639149,-8.151229,12.1080675
425,16.248937606811523,15.718531608581543,69.5748062133789,6.226376834897579,16.628997332283284,138.02143544317485,8.553865,-6.2105813,23.661432,-49.137527,-4.0066147,-94.77989,-48.730354,-20.339272,17.517126,18.401083,55.524837,22.887861,64.9338,-3.4784913,0.6879705,-6.929866,3.6196961,-12.832213,13.861518,19.9932,43.692352,3.9897416,-6.7289124,-11.162767,-24.931784,-52.13927,31.782572,-6.914518,10.429235
426,16.09879493713379,15.740386009216309,69.89915466308594,6.744040725779903,16.10312581149388,140.64562188587695,8.874028,-5.8125234,22.518686,-51.269638,-5.5567365,-96.066635,-49.18753,-21.5827,18.315538,19.285149,55.568317,25.131325,62.204872,-4.632993,-0.08022463,-5.628491,3.3762136,-13.15638,14.17222,20.274462,40.458458,3.3462594,-6.947387,-11.253015,-25.496035,-50.319244,32.52949,-6.058201,8.275701
427,15.939533233642578,15.766276359558105,70.1732406616211,7.17484969888646,15.605470899204356,143.21140699083142,9.109691,-5.4875417,21.318312,-53.400234,-6.9620285,-97.34014,-49.41666,-22.649696,19.10831,20.106682,55.747837,27.498884,59.67674,-5.78035,-0.9367607,-4.0511184,3.1230135,-13.545338,14.360182,20.432543,37.151237,2.7879775,-7.2844477,-11.640125,-25.706238,-47.731785,33.096413,-5.2141185,6.225198
428,15.764766693115234,15.778043746948242,70.39839935302734,7.514323207055126,15.117771692784366,145.70764003750824,9.277322,-5.258526,20.080042,-55.474396,-8.268111,-98.529564,-49.44956,-23.637949,19.835814,20.873312,56.06373,29.926254,57.466755,-6.637469,-1.8178735,-2.2708519,2.877167,-14.070933,14.508473,20.502422,34.007893,2.1359851,-7.6782703,-12.002882,-25.270424,-44.568733,32.801826,-4.1076946,4.977568
429,15.572854995727539,15.783336639404297,70.56869506835938,7.764434234129741,14.656115854212535,148.15399183580465,9.370887,-5.1474257,18.820194,-57.46849,-9.442198,-99.68353,-49.40119,-24.594242,20.427805,21.59495,56.542175,32.46197,55.558777,-7.2689567,-2.7020962,-0.20285664,2.63191,-14.739863,14.640097,20.50663,31.018326,1.3809159,-8.114423,-12.243927,-23.921827,-40.364044,31.2638,-2.595489,5.1766753
430,15.368749618530273,15.786192893981934,70.68936920166016,7.934290855361246,14.2414308135595,150.55757783835836,9.38689,-5.1443167,17.550838,-59.378807,-10.474846,-100.85023,-49.22806,-25.470901,20.966097,22.26793,57.19112,35.12557,53.862797,-7.7614245,-3.614824,2.1598597,2.382418,-15.624701,14.795437,20.389479,28.29565,0.49429527,-8.588422,-12.3176775,-21.909168,-35.218506,28.910206,-1.0648345,6.520391
431,15.16584587097168,15.776939392089844,70.7659683227539,8.02886307713329,13.86219785790118,152.88567451714593,9.346862,-5.2218657,16.294443,-61.177734,-11.448533,-101.97061,-48.718437,-26.220104,21.615896,22.875864,57.978596,37.815815,52.384304,-7.892565,-4.524626,4.65858,2.1489222,-16.897976,15.062974,20.072866,26.260195,-0.7351767,-9.0636215,-12.081562,-19.848225,-30.263094,26.343044,-0.033516392,8.191336
432,14.964500427246094,15.755505561828613,70.810302734375,8.05343678954015,13.505465136897314,155.10490278663633,9.27208,-5.350837,15.082771,-62.82832,-12.449002,-103.00321,-47.661095,-26.78454,22.546885,23.403313,58.857067,40.435738,51.142136,-7.461897,-5.378077,7.1512346,1.9512361,-18.67875,15.48379,19.490076,25.218756,-2.465672,-9.511164,-11.634435,-18.332623,-26.65201,24.181767,0.21718264,9.25762
433,14.748234748840332,15.721495628356934,70.83367156982422,7.981028188923809,13.18422252603747,157.18393087726236,9.19759,-5.572148,13.951808,-64.32412,-13.531331,-104.02222,-45.922684,-27.111647,23.83736,23.839998,59.8269,43.12073,50.228794,-6.269445,-6.0977554,9.719775,1.7962745,-20.995668,16.002554,18.459871,25.114588,-4.75393,-9.901019,-11.277957,-17.537556,-24.809673,22.811039,-0.58913136,9.340904
434,14.517318725585938,15.681645393371582,70.8297348022461,7.818270398772756,12.913719127909005,159.15265642624442,9.102683,-5.888748,12.9157295,-65.67027,-14.631021,-105.093575,-43.62717,-27.204405,25.396833,24.194391,60.906925,45.913387,49.556095,-4.5153685,-6.6590223,12.432856,1.6733876,-23.821692,16.59471,17.041557,25.875008,-7.5470843,-10.210838,-11.04408,-17.134432,-24.197174,21.915482,-2.198607,8.978391
435,14.286669731140137,15.633238792419434,70.79505157470703,7.622633903504813,12.67679227374861,161.0688860281841,8.925287,-6.2098594,11.961534,-66.83666,-15.633872,-106.140526,-40.94703,-27.08905,27.143257,24.493717,62.06742,48.557518,48.941853,-2.6026242,-7.1060944,15.12976,1.5737766,-27.001947,17.252855,15.588361,27.402489,-10.653083,-10.480093,-10.717217,-16.899128,-24.482065,21.043785,-3.9332666,8.620368
436,14.063982963562012,15.588939666748047,70.72334289550781,7.44770122782499,12.44966374930444,162.98918178740328,8.602995,-6.4466925,11.057824,-67.77294,-16.410912,-107.04997,-38.061638,-26.8201,29.008392,24.782104,63.250805,50.762413,48.29768,-0.9127128,-7.531338,17.6462,1.4873627,-30.245937,17.9559,14.5133295,29.352491,-13.759265,-10.814096,-10.037766,-16.62882,-25.297684,19.671696,-5.0385957,8.62677
437,13.849699020385742,15.548224449157715,70.59624481201172,7.293408446609017,12.235823694273396,164.91406332148745,8.131167,-6.5572896,10.1952095,-68.42771,-16.909508,-107.80266,-34.920567,-26.44464,31.188442,25.082266,64.43763,52.432568,47.700653,0.54498786,-8.039666,20.064665,1.4136993,-33.395557,18.674168,13.980396,31.368301,-16.83535,-11.440934,-8.840458,-16.234499,-26.84069,17.281908,-4.993075,8.968715
438,13.625438690185547,15.49990177154541,70.40897369384766,7.118427349355667,12.041790996632058,166.82028913627897,7.5382113,-6.597644,9.370336,-68.7848,-17.133055,-108.46013,-31.441343,-25.87591,33.683758,25.402723,65.62952,53.68555,47.291656,1.9920316,-8.563276,22.445192,1.3421276,-36.530434,19.45058,13.807187,33.530266,-19.945621,-12.306484,-7.2614903,-15.678984,-29.106514,14.111931,-4.1810427,9.503267
439,13.39431381225586,15.455116271972656,70.18930053710938,6.952981419683433,11.843811024693363,168.7261717743755,6.813325,-6.6222224,8.543932,-68.86867,-17.055819,-108.96078,-27.799175,-25.041616,36.09028,25.759089,66.77099,54.521713,47.12066,3.4073205,-8.994394,24.571241,1.2724208,-39.390263,20.247946,14.005231,35.555397,-22.628407,-13.144745,-5.6306853,-15.054714,-31.41659,11.0794115,-3.336001,10.298637
440,13.169939994812012,15.42233943939209,69.94585418701172,6.847556780617173,11.617265920990194,170.64868546228553,5.9485435,-6.682151,7.650231,-68.73275,-16.67465,-109.18383,-24.199814,-23.932764,37.955605,26.177256,67.76863,54.926968,47.26926,4.754762,-9.260209,26.217686,1.220498,-41.76092,20.974983,14.571139,37.235485,-24.44213,-13.692552,-5.0460906,-15.134571,-32.942528,10.85833,-3.9970248,11.411882
441,12.995471000671387,15.375128746032715,69.58863067626953,6.8296499090842495,11.341782371361557,172.66607342683923,4.86769,-6.7702775,6.5992556,-68.41517,-15.994067,-109.08388,-20.695684,-22.656544,38.9992,26.696573,68.5738,54.853134,47.920197,6.0667048,-9.405504,27.24569,1.1855338,-43.562702,21.603598,15.676856,38.565292,-25.171606,-13.790382,-4.066364,-15.209003,-33.82916,10.8429575,-5.2167006,13.015805
442,12.868595123291016,15.332600593566895,69.18671417236328,6.860688465812414,11.026650899976532,174.7444659203132,3.6002083,-6.863962,5.3570113,-67.918,-15.000039,-108.61976,-17.177908,-21.260326,39.433323,27.301247,69.182465,54.287266,49.08772,7.3647733,-9.506783,27.800291,1.1637517,-44.80712,22.120901,17.311838,39.509457,-25.040571,-13.56297,-2.7584934,-15.275,-34.443653,10.91674,-6.7361164,14.993364
443,12.73629379272461,15.296992301940918,68.86202239990234,6.856506275124742,10.698814442616257,176.73124844786435,2.2947366,-6.98774,4.0634623,-67.277306,-13.719658,-107.7888,-13.593666,-19.665089,39.52162,27.886383,69.564766,53.372284,50.58163,8.49791,-9.524584,28.086363,1.1462568,-45.576324,22.516565,19.132607,40.072784,-24.392342,-13.171464,-1.3171164,-15.231659,-35.08153,10.906112,-8.155613,16.918386
444,12.590389251708984,15.24941349029541,68.58687591552734,6.760017185110716,10.396224958515731,178.47442382032293,1.0986689,-7.1616116,2.9641216,-66.5921,-12.286643,-106.69845,-9.914059,-17.742754,39.446976,28.33258,69.725235,52.300198,52.156906,9.299621,-9.4296875,28.274645,1.114695,-46.127396,22.839964,20.761559,40.475414,-23.614183,-12.855122,-0.16098833,-15.160805,-35.87493,11.099621,-9.265623,18.378336
445,12.416757583618164,15.156787872314453,68.37767028808594,6.501053868240265,10.121628763321082,-179.98425847638154,-0.013150134,-7.4614654,1.9040538,-65.78074,-10.561277,-105.28928,-5.684629,-15.350641,39.56477,28.716173,69.74118,50.998806,53.79581,9.81161,-9.077753,28.387007,1.0597993,-46.321857,23.079493,22.26382,40.43909,-22.531364,-12.693448,0.93543,-14.781824,-37.05191,10.969736,-9.853102,19.18248
446,12.234517097473145,15.012613296508789,68.17616271972656,6.137525417181459,9.870595289230568,-178.5871227614714,-1.1037474,-7.8342094,0.8211485,-64.825455,-8.4959755,-103.5095,-1.1276299,-12.606556,39.62836,29.060059,69.61807,49.445824,55.567265,10.100929,-8.5595455,28.3276,0.9701396,-46.415222,23.338387,23.660992,40.501976,-21.219976,-12.556285,1.8395054,-14.3331375,-38.34546,11.074446,-10.312297,19.595446
447,12.018369674682617,14.834028244018555,68.0396728515625,5.749554951721261,9.663694193009745,-177.4652813342768,-2.0785322,-8.118164,-0.2614606,-63.75741,-6.152395,-101.13993,2.8925548,-9.824487,39.14725,29.336306,69.3351,47.682446,57.346867,10.295944,-8.087394,28.14992,0.8889613,-46.30049,23.452932,24.822773,40.392887,-19.739002,-12.418381,2.673177,-13.816082,-39.460564,11.002761,-10.313984,19.822628
448,11.767753601074219,14.64719009399414,67.96464538574219,5.425315454428281,9.508632913445297,-176.7516950505259,-2.8434758,-8.166814,-1.145702,-62.771225,-3.7662668,-98.0891,5.722277,-7.4002175,37.72247,29.474815,68.92707,45.79384,58.978897,10.514722,-7.899587,27.878597,0.8383111,-46.096928,23.36814,25.54424,40.22816,-18.312521,-12.281206,3.3057458,-13.465481,-40.02232,10.937323,-9.788836,20.080473
449,11.488272666931152,14.46667766571045,67.93492126464844,5.204883828543352,9.40588040231319,-176.50736848911097,-3.3545768,-7.975661,-2.3061333,-61.302563,-0.58031434,-93.693924,6.615409,-5.1433973,36.20035,29.567303,68.12782,43.390385,60.558838,10.844419,-8.074971,28.043144,0.79396915,-45.78293,23.052496,25.756758,39.94924,-16.936073,-12.237598,3.7090547,-13.362669,-39.982437,10.951385,-8.760204,20.529198
450,11.18901252746582,14.278604507446289,67.9531021118164,5.039929991242427,9.341643581756287,-176.65497195172216,-3.6717374,-7.626267,-3.4212804,-59.67745,2.7436464,-88.451355,6.201345,-2.9455807,34.28576,29.561922,67.04803,40.88535,62.07327,10.985116,-8.521673,28.231817,0.7591666,-45.28269,22.522554,25.588861,39.446762,-15.485067,-12.283136,3.9753704,-13.387431,-39.539585,10.908631,-7.2443466,20.988537
451,10.886031150817871,14.06348991394043,68.02365112304688,4.884635175761875,9.297487616362535,-177.11113711267373,-3.8394024,-7.113504,-4.187254,-58.33108,5.717364,-83.20999,5.673975,-0.8567715,31.420437,29.433195,65.97495,38.486378,63.590744,11.079065,-9.049117,27.83697,0.78730655,-44.626396,21.81567,25.150911,38.75588,-14.001374,-12.26917,4.0804877,-13.533628,-38.68412,10.860177,-5.2381625,21.185785
452,10.595126152038574,13.798409461975098,68.15550231933594,4.7001738666603226,9.267287726217125,-177.7927950257556,-3.9067404,-6.4201126,-5.0870104,-56.55455,10.226597,-78.026855,4.4550004,1.0936029,28.947136,29.215935,64.35835,35.368652,65.89187,11.279379,-9.242637,27.635857,0.9232732,-43.833305,20.966108,24.573185,37.88908,-12.50832,-12.045934,4.0123425,-13.769375,-37.402596,10.799468,-2.707826,20.903158
453,10.295425415039062,13.487841606140137,68.34264373779297,4.473585550266345,9.2243559482776,-178.72675475596918,-3.8660307,-5.449597,-5.6349573,-55.227375,14.602885,-73.211464,3.6938233,2.8459635,24.996899,28.932322,62.926025,32.32129,68.45703,12.005093,-9.244918,26.466019,1.2040182,-42.924446,19.945318,23.722872,36.86963,-11.068348,-11.548765,3.8267534,-14.061872,-35.696354,10.695485,0.7059812,20.210396
454,9.997036933898926,13.136882781982422,68.55977630615234,4.234038131405244,9.182086812553027,-179.9382941034795,-3.6963627,-4.248016,-6.2446012,-53.378376,20.792747,-68.36609,1.5458356,4.547634,21.271015,28.506823,60.688988,28.575119,71.61425,12.677023,-8.950814,25.56867,1.5868896,-41.875053,18.811455,22.691225,35.714855,-9.671555,-10.8873415,3.4628735,-14.46111,-33.59482,10.68337,4.8474503,19.344013
455,9.682347297668457,12.755783081054688,68.80347442626953,3.973897820182177,9.159457455723418,178.6535261842666,-3.408451,-3.0178127,-6.7158194,-51.16296,27.716192,-64.37346,-0.9411428,6.2608585,17.443966,27.99323,57.582016,25.185455,75.273026,11.7755,-8.599173,23.847466,2.029815,-40.58165,17.699003,21.86406,34.34055,-8.2189,-10.1807375,2.916366,-14.906483,-31.19688,10.71009,9.126189,18.33792
456,9.363807678222656,12.354707717895508,69.01361083984375,3.711993055940083,9.17385168651138,177.1360286837023,-3.023512,-1.9602627,-6.424047,-49.873943,33.511723,-61.658295,-1.0957057,8.044898,13.447289,27.402294,54.96238,21.7476,78.71202,9.760872,-8.151924,21.23005,2.4747188,-39.144085,16.774021,21.52986,32.97446,-6.763006,-9.533949,2.0809543,-15.433972,-28.526508,10.90045,12.878013,17.13188
457,9.036171913146973,11.935118675231934,69.20062255859375,3.4222240378736823,9.222307442226535,175.48904791393915,-2.5522466,-1.0709156,-5.398682,-49.262535,38.955906,-60.08239,1.3010347,9.697341,9.606412,26.684729,52.617664,17.946453,81.93469,6.233978,-7.293987,17.757881,2.9493878,-37.470474,15.985438,21.685423,31.448935,-5.2814417,-8.929543,-2.6866176,-17.545952,-23.8921,18.107273,13.248057,15.432412
458,8.705941200256348,11.500618934631348,69.33512878417969,3.1186925794217375,9.290297046962632,173.6784503819013,-1.9823889,-0.2603078,-3.6969929,-49.12895,44.139137,-59.1594,5.5591826,11.040475,5.564627,25.840534,50.458836,13.793629,84.90135,1.5859601,-5.8895288,13.605999,3.4664218,-35.71225,15.325405,22.152115,29.994328,-3.9539096,-8.3351555,-7.318302,-18.744493,-18.528913,24.043488,14.290701,13.403054
459,8.363777160644531,11.070046424865723,69.40841674804688,2.817336257669155,9.38141677891572,171.76568823233748,-1.2971455,0.3941573,-1.446572,-49.262966,48.802505,-58.68074,10.440957,12.050615,1.6866896,24.883177,48.545525,9.572635,87.499054,-3.8376462,-3.9439576,9.22539,3.9758918,-33.888756,14.804064,22.984049,28.629955,-2.8467212,-7.7919717,-11.414321,-19.359253,-13.838462,28.577581,15.424658,11.573389
460,8.015205383300781,10.645026206970215,69.41908264160156,2.5346365586707207,9.503612229643302,169.811896680074,-0.47972673,0.8135013,1.176706,-49.466022,52.719162,-58.58706,14.739242,12.895179,-1.5542576,23.802568,46.9966,5.568764,89.677536,-9.659258,-1.5494843,5.0392003,4.427218,-31.999338,14.394447,24.226627,27.328077,-1.9891021,-7.331874,-14.801926,-20.086353,-11.073019,31.862085,15.806417,10.251994
461,7.6514692306518555,10.229918479919434,69.37818145751953,2.2755692082959857,9.67436134517831,167.78788381208145,0.49970856,0.91353756,4.100724,-49.65804,56.137764,-59.07457,18.189058,13.789374,-3.9372482,22.557848,45.87977,1.8213574,91.35677,-16.422915,1.6300863,1.0112113,4.827389,-29.872904,13.993249,26.001387,25.84489,-1.1713623,-6.9637833,-17.664093,-21.636108,-10.824862,34.42657,14.700334,9.38089
462,7.286149978637695,9.813029289245605,69.29690551757812,2.0274565533784297,9.884829315564845,165.6754864097531,1.6215184,0.75490683,7.32493,-49.863846,59.318516,-60.121994,21.26651,14.651325,-5.7281837,21.10775,45.255756,-1.6306627,92.42509,-24.046976,5.8459973,-2.7610652,5.196616,-27.579874,13.547794,28.169538,24.262932,-0.50382596,-6.660771,-20.291477,-23.895842,-12.175073,36.613564,12.375453,8.757194
463,6.922283172607422,9.381123542785645,69.17296600341797,1.7835737619186134,10.107940968972297,163.5521552099341,2.827749,0.47521845,10.745263,-50.09224,62.01584,-61.44342,23.949677,15.315028,-7.1119647,19.423029,45.194668,-4.5896435,93.06056,-31.25955,10.451205,-5.8492312,5.5035434,-25.490263,13.156273,30.409811,23.082176,-0.39679074,-6.411799,-22.72403,-26.305227,-14.093759,38.226063,9.520273,8.415749
464,6.563173294067383,8.95333480834961,69.01022338867188,1.5402123452238854,10.317468288956709,161.4946518878652,4.061652,0.21031779,14.204153,-50.345013,64.00169,-62.79028,26.194294,15.626262,-8.231335,17.492191,45.687866,-7.090534,93.662285,-36.7977,14.431284,-8.191092,5.7176023,-23.935007,12.992352,32.45582,22.780993,-1.1394947,-6.2209196,-25.103735,-28.261497,-15.585429,39.135075,6.8239727,8.268748
465,6.199328899383545,8.535258293151855,68.815185546875,1.3040934002626128,10.495042457046367,159.4987354229017,5.333725,-0.006998502,17.561497,-50.67263,65.323204,-64.23586,27.866455,15.553626,-8.866045,15.312196,46.6746,-9.380372,94.562256,-40.377735,17.138653,-10.155329,5.8044615,-22.842896,13.123619,34.33966,23.375425,-2.8177564,-6.1163583,-27.567074,-29.767824,-16.609776,39.416134,4.062924,8.179893
466,5.843682765960693,8.132874488830566,68.578125,1.0806777361967217,10.659195608482142,157.529386762486,6.665144,-0.25183454,20.747887,-51.15353,66.28428,-65.807274,28.884907,15.194366,-8.9549265,12.910752,48.09786,-11.560667,95.69062,-42.753716,18.925308,-11.978002,5.7900186,-21.982464,13.446713,36.211132,24.491327,-5.016235,-6.0990415,-30.189281,-31.164526,-17.590239,39.43925,0.8631092,8.240708
467,5.480979919433594,7.750985622406006,68.30085754394531,0.8642704890510429,10.841560739591426,155.61518575098245,8.016807,-0.5550115,23.651442,-51.82793,67.0441,-67.21607,29.300854,14.603691,-8.868217,10.358027,49.88007,-13.620132,96.92255,-44.18953,20.15667,-13.6168,5.7366767,-21.428165,13.939138,38.002987,26.028088,-7.2997217,-6.128224,-33.07703,-32.363014,-18.23333,39.48732,-2.298395,8.521336
468,5.134581089019775,7.373256206512451,68.0312728881836,0.6447897659958873,11.077014171682498,153.78422583933943,9.349336,-0.94248974,26.09418,-52.722527,67.78558,-68.1668,29.15038,13.837725,-8.976044,7.7401023,51.934265,-15.516937,98.13327,-44.939243,21.234383,-14.944839,5.7072597,-21.316195,14.637728,39.621826,28.009108,-9.365785,-6.1609893,-36.235943,-33.21466,-18.292215,39.63573,-4.851104,9.054757
469,4.789337635040283,7.008427619934082,67.7432861328125,0.4012252872715889,11.370695375713867,151.9624013218107,10.736636,-1.4208691,27.890451,-53.950882,68.55448,-68.55609,28.206242,12.81821,-9.300365,5.0877604,54.22553,-17.272882,99.497536,-44.756207,22.100798,-15.972017,5.7404146,-21.830137,15.747232,41.02628,30.786694,-11.285009,-6.176532,-39.62535,-33.491356,-17.662598,39.617687,-6.5096517,9.955922
470,4.449378490447998,6.657804489135742,67.40446472167969,0.14258865619118574,11.709857285750731,150.1556730394658,12.171746,-1.9743941,29.01496,-55.62153,69.37708,-68.43442,26.480972,11.594785,-9.613361,2.4173033,56.73816,-18.981157,101.09837,-43.648746,22.538858,-16.835194,5.7996674,-22.831264,17.282537,42.23428,34.30249,-13.242899,-6.192289,-43.313442,-33.380424,-16.472254,39.588425,-7.703039,11.078741
471,4.144881725311279,6.313755989074707,67.04456329345703,-0.09967783059755654,12.106189074955921,148.5167005321265,13.494439,-2.587038,29.639458,-57.67869,70.30561,-67.810196,24.44362,10.394389,-9.939813,-0.19377235,59.401775,-20.680681,102.68021,-42.260456,22.758684,-17.519922,5.832738,-24.024176,18.96811,43.240887,37.992603,-15.147723,-6.2106557,-47.294685,-33.200565,-14.912376,39.93243,-8.759949,12.104806
472,3.8926727771759033,5.990366458892822,66.71312713623047,-0.2950019200557044,12.572693963537152,147.2038325806181,14.544212,-3.2398698,29.967121,-59.939552,71.390785,-66.78183,22.52754,9.404545,-10.337606,-2.6325364,62.10942,-22.420668,104.00108,-41.263035,23.00046,-18.01564,5.7829413,-25.133478,20.440285,44.081238,41.230824,-16.872768,-6.2228203,-51.46584,-33.173786,-13.231896,40.84202,-9.878874,12.770124
473,3.633476734161377,5.721227169036865,66.40087127685547,-0.4428732499914423,13.157529539408278,146.2912761744742,15.2446,-3.991123,30.121502,-62.235218,72.59731,-65.46595,20.750202,8.6726465,-10.912202,-4.8232455,64.842545,-24.264326,105.07401,-40.8951,23.383091,-18.278482,5.631912,-26.197067,21.525568,44.770912,43.8314,-18.361568,-6.1785903,-55.935574,-33.13239,-11.2674265,42.24784,-10.971091,13.01378
474,3.3440356254577637,5.47861385345459,66.10065460205078,-0.559668657407537,13.842234816510288,145.68904267375876,15.691318,-4.823174,30.172823,-64.47932,73.7509,-64.05586,19.03104,8.091789,-11.677615,-6.7532854,67.603615,-26.202114,106.07581,-40.8367,23.80092,-18.344387,5.4068727,-27.353703,22.433817,45.288822,46.182022,-19.725063,-6.119417,-60.509537,-32.856316,-9.11708,43.784447,-11.825335,13.003773
475,3.05625319480896,5.256354808807373,65.81324005126953,-0.6311042127506618,14.540234124106842,145.3119034725285,15.987013,-5.5979457,30.174788,-66.6025,74.792534,-62.736526,17.572756,7.600846,-12.530779,-8.406067,70.29686,-28.109472,106.99307,-40.92084,24.191683,-18.349186,5.1268435,-28.496744,23.175388,45.691,48.27986,-20.963505,-6.0402393,-64.72698,-32.55898,-7.336271,45.285828,-12.475525,12.861509
476,2.7922167778015137,5.0559892654418945,65.5522689819336,-0.6505793741784136,15.163855295421419,145.07730009868547,16.235262,-6.179543,30.167782,-68.545906,75.658485,-61.676353,16.581553,7.140278,-13.355658,-9.766171,72.77165,-29.802689,107.75518,-41.02083,24.524237,-18.44918,4.7976937,-29.47999,23.761368,46.04787,50.0791,-22.065939,-5.940933,-68.18724,-32.53974,-6.4010983,46.628067,-12.972911,12.711328
477,2.568521738052368,4.883073329925537,65.3315658569336,-0.592853808485713,15.694785306291163,144.97810795986953,16.397835,-6.5394497,30.170256,-70.28094,76.41956,-61.031082,16.409489,6.719317,-14.214161,-10.808447,74.961426,-31.116001,108.30248,-41.20698,24.91898,-18.78504,4.3566847,-30.227425,24.18804,46.447308,51.52841,-23.013494,-5.818065,-70.690475,-32.97684,-6.6096954,47.57788,-13.267188,12.582259
478,2.369105815887451,4.718718528747559,65.15185546875,-0.46481901546102583,16.176659218918946,145.06103256757885,16.44776,-6.747669,30.173271,-71.78542,77.08681,-60.7287,16.874544,6.355862,-15.11694,-11.531952,76.87433,-32.068035,108.61391,-41.54173,25.42849,-19.301697,3.8141778,-30.838432,24.44047,46.84093,52.670635,-23.827347,-5.658172,-72.45469,-33.739044,-7.6432877,48.243626,-13.3556385,12.406175
479,2.200608253479004,4.548685550689697,65.01014709472656,-0.32348541990131435,16.613102976472828,145.32314668460532,16.503805,-6.822501,30.169258,-73.01298,77.48687,-60.59128,17.400816,6.022527,-15.887317,-11.970866,78.48332,-32.72195,108.67112,-41.858406,25.923405,-19.866238,3.263767,-31.433662,24.558876,47.097996,53.58555,-24.515465,-5.4534345,-73.49428,-34.657097,-9.142515,48.64542,-13.192038,12.140664
480,2.036914348602295,4.3704609870910645,64.90308380126953,-0.2332770235050033,17.009324699720196,145.75552172427953,16.683311,-6.7758427,30.156134,-73.90369,77.42656,-60.467285,17.433474,5.715909,-16.376934,-12.1858,79.73693,-33.14858,108.453186,-41.994698,26.260393,-20.355282,2.7984655,-32.097294,24.576658,47.09579,54.338467,-25.101746,-5.215532,-73.83976,-35.540874,-10.745201,48.79721,-12.718891,11.742087
481,1.8592555522918701,4.212152481079102,64.8077392578125,-0.1781427626020115,17.357701093826243,146.3691297575058,16.980833,-6.564193,30.14014,-74.40227,76.88308,-60.383022,16.70917,5.4145617,-16.546505,-12.209926,80.582596,-33.355366,107.94555,-41.885406,26.443317,-20.932291,2.485137,-32.85141,24.4623,46.759846,54.97543,-25.608662,-4.966211,-73.693245,-36.476376,-12.254834,49.084614,-12.064413,11.227036
482,1.6743614673614502,4.074036598205566,64.7409439086914,-0.14256612243546285,17.658164999002736,147.16139086964498,17.349695,-6.1959968,30.132376,-74.49371,75.95325,-60.4602,15.576796,5.1407576,-16.500204,-12.056766,81.010216,-33.296646,107.11986,-41.613842,26.531996,-21.6246,2.2532654,-33.624626,24.204655,46.184734,55.42601,-26.00955,-4.704123,-72.912834,-37.465954,-13.952802,49.308743,-11.174305,10.597927
483,1.478394865989685,3.957825183868408,64.70349884033203,-0.15592638505102865,17.932018950037847,148.09530671476077,17.844378,-5.749052,30.13521,-74.201706,74.63454,-60.688843,14.398701,4.943755,-16.298122,-11.770839,81.02462,-32.95594,106.00046,-41.20457,26.432308,-22.133713,2.0641677,-34.420925,23.894737,45.421574,55.753017,-26.326084,-4.4499702,-71.69332,-38.3937,-15.751652,49.62994,-10.198825,9.835961
484,1.2759063243865967,3.8523480892181396,64.68569946289062,-0.24336565956346426,18.20187249628258,149.13312340955605,18.515274,-5.300584,30.146275,-73.57608,72.92026,-61.036957,13.532822,4.8737416,-15.990095,-11.418137,80.63425,-32.324837,104.59217,-40.679726,26.037695,-22.145409,1.8836218,-35.27291,23.626768,44.51339,56.0541,-26.59384,-4.212022,-70.19314,-39.176086,-17.563824,50.132603,-9.260239,8.909729
485,1.0671780109405518,3.7647266387939453,64.67918395996094,-0.4076703369760516,18.467244308005426,150.2900609382606,19.401037,-4.7884755,30.162384,-72.64901,70.8251,-61.335403,12.9128685,4.9639926,-15.663993,-11.044756,79.81688,-31.464163,102.796844,-40.010258,25.279648,-21.589357,1.7161561,-36.19543,23.408941,43.4326,56.351677,-26.81783,-3.999187,-68.43474,-39.875317,-19.333773,50.917824,-8.400785,7.705086
486,0.8604652881622314,3.687877893447876,64.67987060546875,-0.6329115053802492,18.72352386379923,151.5760851581673,20.462639,-4.1923294,30.18214,-71.433784,68.36763,-61.604862,12.340753,5.160763,-15.250816,-10.673056,78.55986,-30.353786,100.57768,-39.188606,24.238409,-20.656094,1.5772038,-37.19443,23.197233,42.166096,56.633404,-26.990355,-3.796893,-66.414375,-40.510647,-21.060951,52.014988,-7.597762,6.2754326
487,0.6508752703666687,3.6221742630004883,64.6837387084961,-0.9139316499217989,18.987229172776278,152.9489140477819,21.63132,-3.6452918,30.204628,-69.96483,65.543045,-62.0722,11.96737,5.3862705,-14.563454,-10.339012,76.90963,-28.853077,98.0143,-38.29155,23.031342,-19.405172,1.4483788,-38.266567,23.019285,40.76772,56.940166,-27.1341,-3.609126,-64.20942,-40.95999,-22.747824,53.311142,-6.8311033,4.8259244
488,0.4433192312717438,3.580650806427002,64.68608856201172,-1.2461857752301946,19.273881856771446,154.36678937001872,22.839247,-3.278587,30.23099,-68.28912,62.34863,-62.930893,11.946168,5.5675545,-13.415181,-10.084774,74.94309,-26.819952,95.21836,-37.391975,21.746765,-17.86876,1.3110276,-39.4182,22.91864,39.28175,57.315132,-27.260517,-3.4486115,-61.87182,-41.096474,-24.409319,54.64211,-6.0593753,3.5584674
489,0.22206604480743408,3.544589042663574,64.68284606933594,-1.6521178734339892,19.59116270680107,155.8251401396627,24.085825,-3.1418965,30.26899,-66.44497,58.73918,-64.10037,12.763336,5.712891,-11.71245,-9.957479,72.69551,-24.249731,92.051476,-36.649902,20.422142,-15.807111,1.1553928,-40.673313,22.9046,37.67601,57.781452,-27.39621,-3.326294,-59.433388,-40.83832,-25.936102,55.97777,-5.20414,2.4810054
490,-0.0025346875190734863,3.5290658473968506,64.67032623291016,-2.1198792366810917,19.934851159544067,157.34743277755845,25.39702,-3.146927,30.32066,-64.46898,54.769207,-65.394875,14.117696,5.895815,-9.5605345,-9.981065,70.18985,-21.17143,88.48601,-36.027767,18.992321,-13.287688,0.9923827,-42.04061,22.956205,35.92484,58.32941,-27.523912,-3.2449741,-56.906322,-40.300903,-27.2989,57.409832,-4.306855,1.4953568
491,-0.22740736603736877,3.5318164825439453,64.64924621582031,-2.5956583805915954,20.298038142776853,158.93375860572803,26.742884,-3.2298777,30.375742,-62.39934,50.574512,-66.82944,14.991939,6.1007156,-7.0439606,-10.143013,67.50953,-17.503326,84.857254,-35.31186,17.376133,-10.728122,0.8338308,-43.47076,23.007627,34.118576,58.931873,-27.63593,-3.1618183,-54.271755,-39.621704,-28.661692,58.8957,-3.4735215,0.64739895
492,-0.44741109013557434,3.5585734844207764,64.62666320800781,-3.0286389770538653,20.670354971838112,160.58339726244677,28.098022,-3.3230422,30.422876,-60.252197,46.262897,-68.42696,14.370118,6.2113276,-4.2134404,-10.393169,64.77573,-13.192931,81.56397,-34.25022,15.493576,-8.471143,0.691858,-44.94605,23.010656,32.382236,59.66226,-27.736656,-3.0269222,-51.459564,-38.871952,-30.232079,60.31129,-2.773997,-0.011435467
493,-0.6684526801109314,3.590498447418213,64.598388671875,-3.441480997368975,21.043061255457783,162.28780863218986,29.46972,-3.4600487,30.476238,-57.990967,41.747704,-70.12411,12.145954,6.1547894,-0.81217825,-10.710931,62.039272,-8.251728,78.70908,-32.572933,13.11389,-6.353586,0.5854553,-46.46248,23.08376,30.849426,60.551357,-27.540257,-2.8408573,-48.39488,-37.97605,-32.107628,61.58689,-2.2863908,-0.3908948
494,-0.8958250284194946,3.622495412826538,64.55611419677734,-3.8475767678575874,21.420677247732115,164.05377943032408,30.869055,-3.645051,30.554941,-55.625168,37.020092,-71.786194,8.751788,5.8326297,3.1378148,-11.060768,59.369457,-2.7773643,76.18565,-30.4368,10.353352,-4.099412,0.5008205,-47.974266,23.341858,29.645506,61.572723,-26.924362,-2.4669702,-45.156185,-36.856907,-34.12658,62.747456,-1.9103987,-0.5380736
495,-1.1284470558166504,3.6673848628997803,64.49676513671875,-4.185367598509816,21.80659237898033,165.9029151987811,32.281116,-3.7702985,30.643665,-53.2575,32.28146,-73.30955,4.010733,4.968859,7.159468,-11.340958,56.8612,3.0537496,74.12413,-28.173092,7.579412,-1.840817,0.40155223,-49.367393,23.688807,28.827349,62.624607,-26.260881,-1.8402237,-41.88893,-35.558147,-36.132793,63.79294,-1.4470007,-0.6001462
496,-1.3684980869293213,3.7425696849823,64.42139434814453,-4.392404157619787,22.199969535545307,167.8566791117218,33.696354,-3.7291093,30.701422,-51.04687,27.72725,-74.5824,-2.2050662,3.286237,10.702913,-11.401385,54.58435,9.006045,72.70659,-26.026972,5.1047654,0.22669671,0.25307342,-50.573643,23.927958,28.28753,63.61028,-26.071524,-1.1406955,-38.711452,-34.13601,-38.00253,64.71101,-0.6973667,-0.72063047
497,-1.6044631004333496,3.848785638809204,64.32804870605469,-4.448493029148255,22.573451739097262,169.93999556007014,35.145332,-3.478817,30.704203,-49.0888,23.340616,-75.320045,-10.783388,0.31711337,13.3187685,-11.090907,52.511723,15.052137,72.00523,-23.809174,2.929762,2.0921738,0.06295692,-51.48213,24.171644,28.321009,64.54548,-26.183931,-0.3628725,-35.53016,-32.649532,-39.874435,65.4838,0.40124834,-1.0142287
498,-1.8397934436798096,3.9665908813476562,64.21153259277344,-4.387744891262595,22.919998451275447,172.13763528377797,36.640034,-3.0650291,30.64763,-47.51687,19.178818,-75.45969,-21.251392,-3.8489835,14.749364,-10.3390255,50.57984,21.026459,71.94052,-21.225212,0.8784357,3.9368572,-0.1551823,-52.15554,24.486212,28.872988,65.48163,-26.431513,0.5265446,-32.331116,-31.01499,-41.749016,66.08754,1.7651085,-1.3726006
499,-2.0818889141082764,4.10025691986084,64.0690689086914,-4.227392055216512,23.268609938886026,174.4095414658199,38.14145,-2.521809,30.497469,-46.522163,15.395466,-75.430305,-31.670055,-8.353678,14.974229,-9.13958,48.763145,26.53064,72.45707,-18.359386,-1.0301365,5.7858024,-0.42430183,-52.706764,24.761583,29.584642,66.378426,-26.874405,1.3842268,-29.321499,-29.099882,-43.333305,66.47865,3.3751204,-1.5919291
500,-2.341590166091919,4.254266262054443,63.89136505126953,-3.980116912807573,23.651992468625693,176.71642770730804,39.603687,-1.8909166,30.218803,-46.166,11.888567,-75.7659,-40.093773,-12.313417,14.6543865,-7.5226445,47.05415,31.251286,73.49837,-15.336443,-2.7704413,7.6211724,-0.76591444,-53.258236,24.883448,30.094532,67.19027,-27.56068,2.0598898,-26.695477,-26.794004,-44.349953,66.60377,5.2065825,-1.4455918
501,-2.625375986099243,4.4272942543029785,63.68064880371094,-3.6165302987994083,24.082206677908705,179.08133620424357,41.051136,-1.1552743,29.799608,-46.370884,8.375622,-76.76143,-46.228695,-15.610405,14.42392,-5.4493623,45.39684,35.2753,75.117294,-12.212441,-4.269694,9.2715435,-1.2064483,-53.745255,24.853127,30.511683,67.898964,-28.659082,2.5851612,-24.560001,-23.976986,-44.576855,66.41705,7.2198486,-0.7367575
502,-2.9199697971343994,4.617442607879639,63.43564987182617,-3.131948340154714,24.52526820784882,-178.48351227332515,42.504158,-0.29790634,29.190247,-47.01204,4.8369427,-78.20301,-51.184532,-18.514612,14.103092,-2.8690598,43.72135,38.731625,77.252365,-8.939282,-5.5572033,10.81409,-1.7235715,-54.135242,24.727543,30.96089,68.53787,-30.091757,3.0080428,-22.757065,-20.729465,-44.242783,65.922,9.423057,0.44349724
503,-3.2120532989501953,4.817497730255127,63.175018310546875,-2.57265034819513,24.95311673976952,-176.02950140289894,43.894035,0.61853236,28.464048,-48.023335,1.3626786,-79.92882,-54.979115,-20.971306,13.68044,0.16766688,42.019833,41.45953,79.69892,-5.5450463,-6.7276554,12.538,-2.2671826,-54.608242,24.461744,31.106277,69.12747,-31.51903,3.2039964,-21.069386,-17.26779,-43.73718,65.137215,11.870989,1.8724736
504,-3.5106465816497803,5.007554531097412,62.907920837402344,-1.9943683769801268,25.34475152408438,-173.6102165212802,45.14405,1.514545,27.679705,-49.335205,-1.9707212,-81.79606,-57.544975,-22.870764,13.141891,3.5325344,40.33576,43.361187,82.22662,-2.0420997,-7.84164,14.69837,-2.7917483,-55.33193,23.996618,30.621752,69.67889,-32.599957,3.0564172,-19.29323,-13.821199,-43.407043,64.08176,14.65339,3.2832692
505,-3.814063310623169,5.186000347137451,62.64229965209961,-1.401953748498891,25.70834383878857,-171.2049116384026,46.197636,2.366569,26.8032,-50.901024,-5.2951574,-84.065735,-58.39356,-24.04144,12.761782,7.130733,38.757023,44.587273,84.79749,1.6418985,-8.865034,17.323732,-3.302966,-56.43291,23.145533,29.130896,70.15664,-33.20226,2.246221,-17.300879,-10.41702,-43.386566,62.679596,17.889435,4.5744095
506,-4.11838436126709,5.368967056274414,62.34074783325195,-0.7457274092269116,26.044485904717668,-168.79100295011668,47.096252,3.1965933,25.857946,-52.69982,-8.71082,-86.81121,-57.697277,-24.602848,12.739311,10.925227,37.30257,45.35443,87.41056,5.4037747,-9.695588,20.197117,-3.8163116,-57.860893,21.842466,26.764229,70.68209,-33.491455,0.8238554,-15.4645195,-7.2473793,-43.39644,61.91618,20.053522,5.865441
507,-4.410632610321045,5.550814628601074,61.97721862792969,-0.026629183621973165,26.329984300128924,-166.43050112481274,47.911644,3.9884496,24.864588,-54.696823,-11.985721,-89.53205,-56.341293,-24.83061,12.854988,14.838461,35.909626,45.677322,89.95385,8.976263,-10.315121,23.175564,-4.302012,-59.359367,20.49313,24.373732,71.453224,-33.644897,-0.34680754,-14.099382,-4.5733423,-43.25073,62.60885,20.053522,7.195323
508,-4.693783760070801,5.713785171508789,61.627132415771484,0.6830130075711844,26.552795548439313,-164.18874034046084,48.706566,4.7084527,23.958445,-56.81946,-14.887988,-91.78772,-55.20084,-25.05449,12.844469,18.768137,34.49727,45.56332,92.34845,12.068665,-10.736937,26.110985,-4.7529373,-60.600624,19.353838,22.57722,72.25597,-33.803745,-0.86334896,-12.907735,-1.9268893,-42.78719,63.269062,20.053522,8.672033
509,-4.979643821716309,5.854384422302246,61.288970947265625,1.3861836944417354,26.745006439972503,-162.05700534635255,49.449688,5.310142,23.197277,-59.045177,-17.340157,-93.62874,-54.392715,-25.392017,12.6062975,22.589804,33.051155,45.136772,94.65246,14.555378,-10.998748,28.998413,-5.1500998,-61.716774,18.353632,21.265125,73.139336,-34.087006,-0.9844886,-11.912325,0.7644444,-41.95924,63.89817,20.053522,10.493208
510,-5.2626633644104,5.974966526031494,60.959774017333984,2.0852571985278274,26.90899352532356,-160.01479991263096,50.116825,5.8058667,22.601486,-61.3646,-19.45895,-95.31253,-53.51677,-25.725264,12.305915,26.064981,31.648092,44.661026,96.82509,16.490335,-11.134543,31.846571,-5.508566,-62.796715,17.35044,20.148178,74.07119,-34.4121,-0.9690677,-11.059987,3.504453,-40.82959,64.49508,20.053522,12.632526
511,-5.553568363189697,6.068066120147705,60.66851806640625,2.740552147334961,26.996282778220415,-158.11527114369562,50.78903,6.269803,22.209509,-63.69929,-21.279808,-96.66255,-52.673367,-25.997126,12.037791,28.745409,30.398691,44.485615,98.58726,17.87902,-11.222664,34.539047,-5.8540244,-63.64809,16.386854,19.178318,74.87262,-34.71982,-0.9404839,-10.303096,6.1720085,-39.419743,65.05501,20.053522,14.796067
512,-5.818367004394531,6.137518405914307,60.43369674682617,3.3436195692633923,26.961814384563667,-156.41867929626656,51.562206,6.8118196,22.065613,-65.94442,-22.805931,-97.48996,-52.001076,-26.158003,11.897898,30.362328,29.436192,44.862736,99.71599,18.84216,-11.37543,36.931293,-6.2115774,-64.17382,15.494515,18.394308,75.469604,-34.993782,-0.9221615,-9.37057,8.275654,-38.29071,65.60574,20.053522,16.06331
513,-6.063235759735107,6.196796417236328,60.257041931152344,3.8883864455869754,26.80547315420685,-154.95959117123593,52.482796,7.4821935,22.225729,-68.04375,-23.898499,-97.685394,-51.58615,-26.278803,12.002023,31.15903,28.865433,45.630413,100.29595,19.606052,-11.7180395,39.234646,-6.600149,-64.35446,14.730061,17.801579,75.8636,-35.24622,-0.93775344,-7.990872,9.385251,-38.0173,66.111176,20.053522,15.545444
514,-6.311864376068115,6.231800556182861,60.12848663330078,4.315713007258465,26.570884175846466,-153.69249117983713,53.45206,8.150741,22.69134,-69.9646,-24.5611,-97.41053,-51.32037,-26.381472,12.3106365,31.510246,28.710886,46.48205,100.5449,20.279367,-12.174911,41.469097,-7.0096073,-64.289444,14.118819,17.284365,76.13594,-35.510864,-0.98409027,-6.582116,10.283341,-37.53361,66.46228,20.053522,14.616906
515,-6.551729202270508,6.267515659332275,60.03202819824219,4.670548229385885,26.262830547846537,-152.57980501835377,54.416634,8.794063,23.395643,-71.6876,-24.959446,-96.802986,-51.128048,-26.36001,12.666446,31.644375,28.863596,47.163982,100.538864,20.842869,-12.607638,43.23202,-7.424914,-64.03012,13.614988,16.83427,76.30646,-35.765766,-1.0591122,-5.206808,10.956102,-36.816013,66.82225,20.053522,13.568003
516,-6.804858684539795,6.293663501739502,59.966678619384766,4.998820051039135,25.882449724640868,-151.58350418028206,55.322315,9.387629,24.2313,-73.20173,-25.268778,-95.97453,-50.925045,-26.09381,12.898304,31.668755,29.147266,47.945606,100.17402,21.081009,-12.868394,43.4302,-7.832178,-63.54959,13.14441,16.46886,76.34491,-36.017143,-1.1546631,-3.9188793,11.381461,-35.87896,67.35494,20.053522,12.650518
517,-7.060606956481934,6.322248458862305,59.92870330810547,5.316341669562392,25.397093460739327,-150.7124305049883,56.156116,9.983675,25.130413,-74.479866,-25.44654,-94.74063,-50.651093,-25.474178,12.840495,31.625761,29.473528,47.663074,99.993675,20.946014,-13.0158615,43.4302,-8.230985,-62.81351,12.694468,16.204607,76.24456,-36.25882,-1.2700047,-2.6934414,11.459155,-34.78582,68.13246,20.053522,11.772553
518,-7.306434154510498,6.355065822601318,59.92361831665039,5.591092163086428,24.824279774586927,-149.97832560752326,56.94093,10.568139,26.057917,-75.51634,-25.406248,-93.02148,-50.334045,-24.590113,12.640453,31.533,29.755003,46.98034,99.79212,20.347847,-13.0577755,42.468094,-8.6193285,-61.859947,12.29447,16.015158,76.01273,-36.477745,-1.4039414,-1.5604702,11.41235,-33.381027,68.9642,20.053522,11.045634
519,-7.563291549682617,6.366449356079102,59.94285202026367,5.832230491378734,24.229892420052867,-149.36329599012916,57.68487,11.028133,26.951292,-76.35508,-25.28154,-91.084656,-50.02859,-23.603762,12.568004,31.401592,29.956099,46.223167,99.50089,19.617317,-12.996925,40.711773,-8.97505,-60.76444,11.919177,15.897532,75.67032,-36.692783,-1.5426233,-0.62907535,11.159186,-31.827665,69.9481,20.053522,10.476256
520,-7.822238445281982,6.355342388153076,59.98333740234375,6.035792311450902,23.681307284452263,-148.8467509466113,58.398518,11.250824,27.752628,-77.06939,-25.233536,-89.20711,-49.78166,-22.64587,12.854687,31.250843,30.103743,45.388783,99.16879,19.194324,-12.886319,38.864445,-9.278216,-59.649303,11.566306,15.823442,75.244316,-36.882423,-1.6764748,0.011833628,10.866466,-30.107916,71.033516,20.053522,10.275492
521,-8.080924987792969,6.329038619995117,60.042266845703125,6.207402468473329,23.18511418879746,-148.46344307097047,59.12156,11.222518,28.462574,-77.71317,-25.345684,-87.31585,-49.56397,-21.59063,13.6647415,31.07338,30.186836,44.42663,98.82109,19.1149,-12.713917,36.780952,-9.534751,-58.514687,11.264555,15.822098,74.74335,-37.052376,-1.8142792,0.34138027,10.589693,-28.14127,72.28259,20.053522,10.555537
522,-8.33287239074707,6.310770034790039,60.114322662353516,6.354853508447037,22.71038813661786,-148.21044777873928,59.84614,11.004718,29.100132,-78.29657,-25.55811,-85.31797,-49.344646,-20.40032,14.805392,30.8655,30.189386,43.282425,98.468994,19.196362,-12.48999,34.329754,-9.754776,-57.33981,11.020983,15.890371,74.17429,-37.195534,-1.9691716,0.42383185,10.288707,-25.984644,73.69467,20.053522,11.177383
523,-8.572981834411621,6.287618160247803,60.207027435302734,6.480799025647607,22.266590443177652,-148.00539000277104,60.000134,10.488424,29.649204,-78.819336,-25.817371,-83.477646,-49.166264,-19.334568,15.965051,30.645817,30.164692,42.135193,98.04221,19.515156,-12.312347,31.944407,-9.930346,-56.163727,10.772837,15.97657,73.51845,-37.284203,-2.1149905,0.3127043,9.915281,-23.87778,75.15455,20.053522,11.896626
524,-8.817142486572266,6.248483180999756,60.328189849853516,6.585819238162522,21.863204536367036,-147.76579181585151,60.000134,9.791362,30.086752,-79.27116,-26.073112,-82.043785,-49.06023,-18.646688,16.828337,30.42501,30.216423,41.166862,97.43693,20.16525,-12.274146,30.066675,-10.052835,-55.004436,10.468009,16.018387,72.75116,-37.303658,-2.2415633,0.042883165,9.408086,-22.019812,76.5432,20.053522,12.492676
525,-9.074321746826172,6.190448760986328,60.48252487182617,6.663830544983042,21.512179974593618,-147.5048408031913,60.000134,8.897648,30.425446,-79.65705,-26.316162,-80.985596,-49.244263,-18.52456,17.288628,30.185637,30.441486,40.418087,96.60521,21.438118,-12.418636,28.905144,-10.115926,-53.85398,10.122141,16.01982,71.859085,-37.256523,-2.3545668,-0.4022813,8.692034,-20.470943,77.874626,20.053522,12.862499
526,-9.320831298828125,6.15407657623291,60.66445541381836,6.7561273781286815,21.19838638539404,-147.25653008292144,60.000134,7.852914,30.693281,-79.99081,-26.559406,-80.19101,-49.657467,-18.7951,17.507595,29.90637,30.86046,39.80998,95.5224,23.257658,-12.713575,28.235687,-10.137674,-52.715122,9.758949,16.03347,70.83971,-37.11135,-2.4703844,-0.74400955,6.8296075,-20.162378,79.253525,20.053522,11.77275
527,-9.563226699829102,6.117419719696045,60.869319915771484,6.836839012528767,20.909821259202385,-146.9614363894525,60.000134,6.720056,30.892033,-80.23791,-26.833645,-79.84107,-49.84852,-19.159252,17.594599,29.58828,31.47407,39.356277,94.14983,25.122543,-13.074012,27.813736,-10.117939,-51.600746,9.344662,15.98349,69.72349,-36.887398,-2.5710325,-1.260603,4.8477573,-20.014618,80.57937,20.053522,10.610691
528,-9.803585052490234,6.074429988861084,61.09581756591797,6.9143610581448725,20.628171330219395,-146.56346574419445,60.000134,5.5929008,31.01461,-80.34613,-27.143095,-80.08093,-49.399246,-19.318789,17.663536,29.24154,32.25609,39.05591,92.45387,26.531029,-13.42688,27.38631,-10.068265,-50.508926,8.840639,15.828025,68.51158,-36.580914,-2.645036,-1.935017,2.9412792,-19.901917,81.783585,20.053522,9.556688
529,-10.0451021194458,6.016560077667236,61.34022521972656,6.989508731401359,20.367739985397414,-146.04330317376187,60.000134,4.4627132,31.057268,-80.2688,-27.48816,-81.05663,-48.146214,-19.22819,17.691414,28.878113,33.180088,38.92989,90.40932,27.339836,-13.722322,26.941168,-9.971364,-49.468147,8.22571,15.538804,67.215744,-36.19258,-2.6839192,-2.7827098,1.0914578,-19.867035,82.87975,20.053522,8.554969
530,-10.281509399414062,5.950716018676758,61.60607147216797,7.058989624549789,20.133568096693473,-145.43070140387871,60.000134,3.28759,31.029121,-80.00467,-27.819387,-82.64888,-46.3735,-19.042477,17.642454,28.496744,34.237514,38.96125,88.047,27.780634,-13.976269,26.577976,-9.829596,-48.46849,7.5320477,15.137102,65.82509,-35.716434,-2.6949453,-3.8037817,-0.76361823,-19.909035,83.89364,20.053522,7.5781612
531,-10.515714645385742,5.888175964355469,61.890838623046875,7.123375078696759,19.894095366236833,-144.74643120677814,60.000134,2.1165485,30.94053,-79.57951,-28.064558,-84.60757,-44.317394,-18.762552,17.612127,28.09065,35.418957,39.089386,85.425186,27.915419,-14.222129,26.202602,-9.680209,-47.44989,6.804575,14.651356,64.335945,-35.16522,-2.69617,-4.9207945,-2.583387,-19.953642,84.76911,20.053522,6.7035804
532,-10.740418434143066,5.832192897796631,62.19331741333008,7.181617876525623,19.617181808028555,-144.0120031947997,60.000134,1.0032338,30.800692,-79.02921,-28.173532,-86.680916,-42.191494,-18.380127,17.690376,27.651918,36.715565,39.256626,82.599236,27.811598,-14.49983,25.726948,-9.559267,-46.357834,6.0754256,14.116549,62.742546,-34.549,-2.6925788,-6.0696607,-4.287949,-19.89929,85.44277,20.053522,6.0695877
533,-10.962474822998047,5.791502952575684,62.51629638671875,7.239099727082988,19.292248614420743,-143.20674352173393,60.000134,-0.040804014,30.603214,-78.35791,-28.13936,-88.92345,-39.94633,-17.858803,17.859133,27.184502,38.130047,39.465073,79.49565,27.321287,-14.812339,25.124086,-9.4731045,-45.170288,5.338618,13.516835,61.01793,-33.854504,-2.69145,-7.218602,-5.9080405,-19.798664,85.89357,20.053522,5.707576
534,-11.189207077026367,5.75868034362793,62.860572814941406,7.291344598591893,18.938900434371845,-142.32958909958458,60.000134,-1.040152,30.341888,-77.55676,-27.96477,-91.42944,-37.488556,-17.208914,18.066917,26.69675,39.65687,39.737564,76.09847,26.448322,-15.114238,24.442427,-9.401982,-43.901306,4.5886755,12.836299,59.155357,-33.07917,-2.690881,-8.396082,-7.4826775,-19.69405,86.14873,20.053522,5.532144
535,-11.412491798400879,5.743466854095459,63.17424011230469,7.350850523073403,18.565268142356864,-141.43105228018396,60.000134,-1.997468,30.027391,-76.64863,-27.650652,-94.00771,-34.954334,-16.465391,18.348948,26.188295,41.26459,40.04454,72.56536,25.49401,-15.397464,23.717203,-9.337865,-42.66671,3.8739781,12.110486,57.3741,-32.319977,-2.7017052,-9.674807,-9.088481,-19.564024,86.85539,18.51249,5.3648114
536,-11.62319278717041,5.752585411071777,63.478065490722656,7.38595035713553,18.186515110448767,-140.55850579104015,60.000134,-2.9332793,29.672853,-75.669106,-27.21362,-96.47383,-32.453537,-15.669527,18.74359,25.65263,42.920547,40.36365,69.061325,24.751402,-15.659574,22.97491,-9.280776,-41.44334,3.2444355,11.363141,55.61682,-31.545162,-2.735343,-11.038386,-10.583545,-19.286037,87.666794,16.209415,5.1866903
537,-11.836226463317871,5.773068428039551,63.791446685791016,7.381521702783754,17.805787430527953,-139.69712476362452,60.000134,-3.8476272,29.269146,-74.636314,-26.683655,-98.88577,-29.909782,-14.735236,19.25219,25.086666,44.61749,40.689888,65.582184,24.260357,-15.936509,22.190622,-9.245139,-40.172207,2.7053027,10.589452,53.797268,-30.732985,-2.7938192,-12.47936,-11.852359,-18.82384,88.21796,14.017039,5.0658293
538,-12.054365158081055,5.7981438636779785,64.11141967773438,7.343907095484328,17.4188887248111,-138.82973743294784,60.000134,-4.734945,28.803097,-73.54814,-26.053076,-101.30452,-27.276163,-13.6493635,19.81593,24.498877,46.35895,41.035873,62.065742,23.866943,-16.222698,21.369083,-9.227102,-38.84679,2.2342494,9.77963,51.90738,-29.883486,-2.8690627,-13.989169,-12.939347,-18.232946,88.52575,11.913349,5.016967
539,-12.280338287353516,5.826798439025879,64.43910217285156,7.272102262222507,17.030049914733265,-138.0023574120746,59.841526,-5.631586,28.28662,-72.41025,-25.297043,-103.56145,-24.702538,-12.558279,20.410843,23.897034,48.12529,41.397156,58.602795,23.585457,-16.473408,20.577686,-9.199155,-37.452587,1.8343309,8.95434,49.93492,-28.996283,-2.9620385,-15.538329,-13.929161,-17.538408,88.638695,9.854297,4.9412584
540,-12.50302505493164,5.863028526306152,64.76760864257812,7.1658949287626506,16.641579349478846,-137.25995723229425,59.533215,-6.5404367,27.742632,-71.23231,-24.403896,-105.50176,-22.334612,-11.612415,21.038982,23.289816,49.882866,41.766174,55.299328,23.425425,-16.645956,19.87647,-9.134572,-36.00804,1.5091277,8.135444,47.907864,-28.0778,-3.0693026,-17.100952,-14.896466,-16.758526,88.603546,7.79636,4.7510743
541,-12.716606140136719,5.908633232116699,65.09406280517578,7.022194236961662,16.244533782080552,-136.61309181487434,59.242523,-7.4387093,27.17936,-70.0192,-23.392445,-107.134224,-20.167456,-10.828902,21.752602,22.688396,51.61298,42.164276,52.205696,23.492891,-16.762327,19.256437,-9.045958,-34.4997,1.2710981,7.3433895,45.823154,-27.131565,-3.1910415,-18.702898,-15.7849245,-15.844768,88.40089,5.753535,4.4940963
542,-12.935471534729004,5.962440490722656,65.41651153564453,6.843070215450859,15.839308589023759,-136.03748751203167,58.961327,-8.323991,26.589012,-68.77147,-22.277826,-108.540344,-18.130827,-10.126188,22.548754,22.098656,53.313305,42.574043,49.29385,23.749218,-16.851192,18.690119,-8.941218,-32.9216,1.1204796,6.566262,43.67371,-26.161331,-3.334222,-20.358965,-16.551405,-14.807924,88.02126,3.7419612,4.2062187
543,-13.14997673034668,6.012326240539551,65.728759765625,6.638063584432388,15.44137493925531,-135.52563211244123,58.670753,-9.187844,25.97549,-67.493515,-21.050894,-109.67586,-16.273458,-9.516633,23.367687,21.51977,54.971066,42.925034,46.55654,23.991053,-16.873463,18.205044,-8.7872715,-31.330315,1.0208391,5.7855263,41.50512,-25.172834,-3.4799135,-22.028505,-17.282623,-13.747681,87.514885,1.7179089,3.7981336
544,-13.370640754699707,6.070003986358643,66.02484893798828,6.417292964136323,15.065942272128503,-135.07041760451366,58.350086,-10.025217,25.348558,-66.192024,-19.705883,-110.500046,-14.647482,-9.021432,24.152943,20.951908,56.568947,43.14535,43.991932,24.01654,-16.782701,17.83215,-8.550822,-29.77585,0.9634883,4.9716854,39.358814,-24.169937,-3.6379669,-23.675394,-18.06776,-12.75856,86.93394,-0.36981958,3.1885087
545,-13.584857940673828,6.121070384979248,66.31086730957031,6.177793243601276,14.709194501932195,-134.68801394707324,58.002327,-10.837529,24.721119,-64.868576,-18.255789,-110.97845,-13.333272,-8.713283,24.948032,20.39913,58.101826,43.215427,41.62617,23.85076,-16.561655,17.625614,-8.220752,-28.410393,0.9437228,4.123471,37.464798,-23.22136,-3.787856,-25.328165,-19.018198,-11.920597,86.34065,-2.6065073,2.1867206
546,-13.790228843688965,6.181271553039551,66.58214569091797,5.918492684765757,14.362722862350925,-134.37580646381286,57.63525,-11.62638,24.099268,-63.524555,-16.715496,-111.16425,-12.284214,-8.569015,25.790417,19.866556,59.568924,43.15659,39.473415,23.595419,-16.24083,17.551693,-7.8159046,-27.086792,0.9724138,3.2499459,35.620598,-22.255682,-3.9393396,-27.010221,-20.000034,-11.145313,85.70716,-5.0060153,0.94126445
547,-13.994587898254395,6.237388610839844,66.83200073242188,5.652550431182364,14.034828151950236,-134.09833305848022,57.23603,-12.387285,23.481358,-62.16994,-15.0843315,-111.14534,-11.366968,-8.469795,26.604805,19.357327,60.957565,42.96115,37.520733,23.163,-15.845401,17.515894,-7.34842,-25.85365,1.0286949,2.3482296,33.88554,-21.28364,-4.0671053,-28.659367,-20.719313,-10.25709,84.88491,-7.5198183,-0.14451757
548,-14.20139217376709,6.300041675567627,67.06253051757812,5.392602195992832,13.734384163154267,-133.82012148766617,56.791492,-13.11231,22.859898,-60.820446,-13.36122,-111.00773,-10.448752,-8.294229,27.301702,18.875328,62.24994,42.627277,35.757305,22.46163,-15.400066,17.427704,-6.8303933,-24.75935,1.0917795,1.4174529,32.322098,-20.317278,-4.145491,-30.194164,-20.940943,-9.089627,83.721054,-10.018856,-0.6957949
549,-14.412711143493652,6.358098983764648,67.26790618896484,5.13600172705162,13.470781250467319,-133.54423696810917,56.28872,-13.80922,22.22969,-59.47904,-11.558248,-110.76653,-9.548384,-8.03402,27.83347,18.420385,63.43036,42.132076,34.21451,21.40913,-14.906974,17.268568,-6.2511263,-23.829693,1.1640214,0.46328178,30.96546,-19.349573,-4.1584253,-31.61805,-20.602566,-7.548592,82.19664,-12.454104,-0.62770474
550,-14.629375457763672,6.41314697265625,67.45165252685547,4.879371818521875,13.23535915598169,-133.28525688257992,55.73602,-14.479044,21.59381,-58.148853,-9.683571,-110.3908,-8.722663,-7.7494297,28.250938,17.994446,64.49938,41.49058,32.905003,20.075817,-14.3621235,17.095135,-5.608757,-23.0338,1.2546444,-0.5080143,29.78842,-18.352371,-4.102706,-32.926857,-19.868988,-5.717531,80.39872,-14.893853,-0.1616187
551,-14.837688446044922,6.463140487670898,67.61116790771484,4.6335523253435476,13.011280104839456,-133.0247761538261,55.148746,-15.110111,20.956507,-56.853474,-7.727755,-109.89084,-7.8934503,-7.418373,28.599108,17.60412,65.46546,40.761616,31.782204,18.592247,-13.7802925,16.926535,-4.928328,-22.337374,1.3534732,-1.4887805,28.761976,-17.332874,-3.9831903,-34.020374,-18.916737,-3.736723,78.3324,-17.312534,0.57641447
552,-15.050811767578125,6.52067756652832,67.74748992919922,4.4088108633806975,12.782412609729038,-132.74468509574066,54.542736,-15.687195,20.323473,-55.62813,-5.682057,-109.27992,-6.973931,-7.013854,28.912275,17.25516,66.33868,40.00371,30.795658,17.086857,-13.176165,16.774982,-4.2349534,-21.710426,1.4473628,-2.4736354,27.859264,-16.323088,-3.820332,-34.81794,-17.928608,-1.749685,75.99609,-19.66548,1.4758441
553,-15.264118194580078,6.573879718780518,67.8566665649414,4.194814858714189,12.553345813380936,-132.45981079522758,53.918484,-16.224962,19.703495,-54.493332,-3.546533,-108.587746,-5.8435307,-6.490478,29.18498,16.942888,67.12187,39.221508,29.954292,15.505452,-12.519645,16.671803,-3.5068233,-21.163042,1.5376546,-3.4857998,27.066137,-15.343215,-3.6637735,-35.30138,-16.978394,0.19149399,73.32965,-21.837847,2.5778887
554,-15.476667404174805,6.621257781982422,67.94490051269531,3.9897213952613058,12.329535301642014,-132.17328388158066,53.26612,-16.72629,19.100882,-53.45548,-1.3389287,-107.80927,-4.565797,-5.8712754,29.378164,16.66182,67.81513,38.40001,29.26853,13.801399,-11.816463,16.604164,-2.7406871,-20.699429,1.626936,-4.509469,26.392735,-14.434972,-3.530932,-35.525723,-16.098585,2.1189067,70.367905,-23.735159,3.8676605
555,-15.690781593322754,6.665557861328125,68.01129913330078,3.818858668416497,12.097105591585983,-131.85022801723267,52.585533,-17.157843,18.511276,-52.532043,0.92473125,-106.89993,-3.3264925,-5.2328463,29.47806,16.416965,68.427185,37.56627,28.689344,12.110751,-11.130394,16.505777,-1.9863629,-20.306444,1.7010065,-5.4800277,25.880041,-13.693822,-3.3968847,-35.553078,-15.373692,4.011975,67.26349,-25.339,5.192958
556,-15.91799259185791,6.719560146331787,68.05074310302734,3.7071167050072917,11.842412128688013,-131.45632902668,51.877235,-17.485247,17.924871,-51.746567,3.2286768,-105.81699,-2.3024426,-4.649636,29.478788,16.215357,68.96713,36.74263,28.169147,10.571487,-10.520589,16.297628,-1.2931837,-19.973587,1.7443002,-6.3283834,25.567451,-13.20436,-3.2214975,-35.445763,-14.854051,5.84231,64.160515,-26.640432,6.4394903
557,-16.156688690185547,6.78322696685791,68.06244659423828,3.6702086328439814,11.561472317612594,-130.99148894307848,51.14467,-17.692656,17.33945,-51.119686,5.597002,-104.51734,-1.5632902,-4.1778474,29.444876,16.057377,69.427185,35.89591,27.695402,9.182759,-9.987467,15.913373,-0.64599663,-19.709072,1.7172397,-7.0549006,25.469872,-12.975046,-2.949267,-35.208294,-14.630588,7.4878035,61.033836,-27.632524,7.5835457
558,-16.404253005981445,6.850250244140625,68.05296325683594,3.6907314180440687,11.261228990386314,-130.47238656636915,50.384045,-17.803463,16.752398,-50.658997,8.021452,-103.03549,-0.98124456,-3.755286,29.35779,15.940594,69.80486,35.028454,27.292086,7.8786483,-9.494143,15.39844,-0.02810071,-19.514076,1.630896,-7.697398,25.556261,-12.955323,-2.614362,-34.879032,-14.651595,8.942092,57.889492,-28.226858,8.711293
559,-16.660587310791016,6.918920516967773,68.01341247558594,3.744007483136855,10.94519072114516,-129.8893301871263,49.58661,-17.83409,16.147903,-50.366493,10.443692,-101.43313,-0.4374293,-3.283093,29.092049,15.863624,70.11854,34.21576,26.962276,6.700088,-9.044855,14.828881,0.51306415,-19.37008,1.5470618,-8.23895,25.796103,-13.115711,-2.2893178,-34.54749,-14.73809,10.3318615,54.888645,-28.349125,9.863678
560,-16.927188873291016,6.995491027832031,67.94192504882812,3.8047501729064876,10.616994211706636,-129.23245828300983,48.744877,-17.800484,15.502322,-50.242508,12.815754,-99.75243,0.18242371,-2.672421,28.523022,15.820568,70.39734,33.537205,26.70301,5.6869216,-8.648421,14.2769575,0.9300766,-19.257526,1.5298613,-8.660305,26.1584,-13.458306,-2.0652757,-34.269127,-14.725349,11.759923,52.144188,-27.971443,11.029699
561,-17.21609115600586,7.090118408203125,67.83773040771484,3.8881943278646256,10.270141282210536,-128.50135615678488,47.861244,-17.676676,14.796503,-50.299107,15.18639,-97.917206,0.78691256,-1.9725552,27.679213,15.804357,70.6443,32.97672,26.47515,4.8033023,-8.301784,13.706436,1.1995484,-19.174328,1.5879532,-8.846804,26.698801,-14.073592,-1.8985195,-34.057632,-14.557219,13.353556,49.54414,-27.094965,12.09587
562,-17.522981643676758,7.207899570465088,67.69506072998047,3.9977417396878923,9.90368949800264,-127.70184186496189,46.937256,-17.461779,14.019337,-50.549026,17.58662,-95.884254,1.3662667,-1.2117118,26.625101,15.8084755,70.85656,32.511803,26.277908,4.038359,-7.9993753,13.085037,1.3502097,-19.124556,1.6926922,-8.846088,27.399858,-14.921386,-1.7594877,-33.91475,-14.2883,14.93791,47.127167,-25.844208,13.020827
563,-17.834558486938477,7.343731880187988,67.52471160888672,4.090239048687998,9.531263725758674,-126.83193657110041,45.964584,-17.206394,13.159586,-50.992622,19.948378,-93.72367,2.1465337,-0.29609436,25.287483,15.821311,71.05699,32.21166,26.155336,3.4721947,-7.752878,12.4852705,1.4134026,-19.104286,1.8517001,-8.88069,28.131552,-15.822521,-1.7697216,-33.760002,-13.97724,16.19527,45.030766,-24.40135,13.853755
564,-18.15558433532715,7.4839582443237305,67.3292236328125,4.122685766705966,9.169024660888473,-125.88882966862413,44.936054,-16.960276,12.209829,-51.625,22.203466,-91.49397,3.3415983,0.8414613,23.583931,15.822549,71.2787,32.151337,26.136965,3.1837695,-7.575579,11.975939,1.4214191,-19.137007,2.0668018,-9.170481,28.811655,-16.618086,-2.05113,-33.413563,-13.752853,16.874567,43.19403,-22.921944,14.651383
565,-18.4657039642334,7.629663467407227,67.11841583251953,4.065992747269827,8.814121952410797,-124.85362439584583,43.837765,-16.695812,11.155954,-52.464874,24.372791,-89.20271,5.1258993,2.246935,21.258614,15.797796,71.56112,32.377563,26.210333,3.2651544,-7.4684134,11.591977,1.3753706,-19.243227,2.3586345,-9.797444,29.481724,-17.370672,-2.6949496,-32.509487,-13.685261,16.94846,41.10351,-21.305832,15.507361
566,-18.76511573791504,7.792805194854736,66.91753387451172,3.9459880120873008,8.464904704954968,-123.73224020494318,42.678284,-16.393122,9.995358,-53.53276,26.5107,-86.71915,7.338186,3.7701519,18.433228,15.734373,71.90584,32.847984,26.322012,3.653789,-7.4237614,11.280459,1.2611996,-19.43743,2.7179065,-10.628674,30.210749,-18.147907,-3.6192253,-31.068476,-13.723947,16.605072,38.63323,-19.585165,16.32112
567,-19.06580924987793,7.970301628112793,66.73596954345703,3.8036808069382886,8.139843575755515,-122.55921566880936,41.48499,-16.117308,8.7521105,-54.804375,28.574677,-83.933624,9.661048,5.215423,15.588154,15.6126795,72.27229,33.503193,26.444078,4.195721,-7.4438863,10.983002,1.0887935,-19.72503,3.0968041,-11.562841,30.951242,-18.803663,-4.684586,-29.523949,-13.822898,15.968254,36.344776,-18.105825,16.953173
568,-19.395383834838867,8.137343406677246,66.50875854492188,3.6821408406567984,7.854815491949676,-121.37021933812493,40.284622,-15.940408,7.4697824,-56.213345,30.486916,-80.81901,11.748184,6.471573,13.205009,15.414736,72.607666,34.295185,26.56178,4.7215166,-7.5310235,10.650316,0.86834943,-20.090103,3.4437613,-12.504145,31.636423,-19.187025,-5.7511187,-28.41703,-13.924399,15.178445,34.968586,-17.226152,17.317558
569,-19.71518898010254,8.321975708007812,66.28291320800781,3.585411785714944,7.619764946449392,-120.15175506819939,39.06914,-15.927433,6.177288,-57.712563,32.20007,-77.50703,13.676983,7.6559772,11.160218,15.127548,72.88585,35.331295,26.695057,5.129562,-7.7015734,10.277189,0.5626054,-20.527075,3.7507696,-13.511794,32.234745,-19.291744,-6.886473,-28.059347,-13.976951,14.230043,35.08121,-17.233835,17.384493
570,-20.02224349975586,8.538103103637695,66.10716247558594,3.493420611140018,7.4252155537991165,-118.89285431279225,37.82796,-16.034197,4.898574,-59.276093,33.721985,-74.044235,15.525765,8.798273,9.270857,14.749347,73.120605,36.622654,26.848589,5.497999,-7.946863,9.899642,0.17953011,-21.02539,4.035525,-14.606453,32.77883,-19.203499,-8.13811,-28.150896,-13.944237,13.084389,36.23595,-17.877333,17.222708
571,-20.31360626220703,8.762831687927246,65.98272705078125,3.4135706464810314,7.254027906874471,-117.63445198590944,36.584957,-16.166313,3.6753113,-60.84315,35.043392,-70.35366,16.943653,9.756143,7.9344726,14.289954,73.32092,37.956898,26.9893,5.948636,-8.236469,9.526839,-0.20233679,-21.577063,4.2805834,-15.647213,33.33933,-18.935404,-9.341428,-28.352165,-13.88115,11.854274,37.486645,-18.526937,16.951864
572,-20.595468521118164,8.991233825683594,65.90675354003906,3.35325262149736,7.087022614469294,-116.41706970749935,35.36459,-16.226007,2.5563893,-62.33369,36.16043,-66.397736,17.572748,10.425498,7.560293,13.77817,73.494804,39.10573,27.096945,6.6186547,-8.546555,9.172824,-0.50480694,-22.074244,4.497238,-16.491995,33.780605,-18.39103,-10.329522,-28.328478,-13.869338,10.6625595,38.325596,-19.003366,16.712044
573,-20.890933990478516,9.189559936523438,65.875732421875,3.3159410335958714,6.92526742436696,-115.26507300550317,34.184364,-16.19228,1.5801934,-63.6772,37.023056,-62.14369,17.24692,10.741373,8.579634,13.232502,73.64773,39.99937,27.197638,7.674461,-8.919264,8.848734,-0.7161323,-22.491543,4.649251,-17.24791,34.038395,-17.480703,-11.009216,-28.042192,-13.89986,9.548746,38.746002,-19.349257,16.504215
574,-21.19110870361328,9.357939720153809,65.87905883789062,3.2985167462861473,6.773090108816066,-114.15272838678148,33.02736,-16.118362,0.76611495,-64.85303,37.67129,-57.737293,16.204123,10.791915,10.667718,12.663656,73.77954,40.73399,27.314016,9.031351,-9.3639,8.552419,-0.8748029,-22.870493,4.750837,-17.94973,34.17226,-16.26562,-11.516771,-27.586233,-13.982311,8.439633,38.898853,-19.621798,16.291716
575,-21.472646713256836,9.51231575012207,65.90393829345703,3.296869085244015,6.6157491269230935,-113.04558123436418,31.867287,-16.01413,0.122274145,-65.874054,38.24423,-53.39212,14.692734,10.704212,13.1053,12.097919,73.882225,41.337017,27.434704,10.442126,-9.808636,8.272097,-0.97785026,-23.170105,4.9064784,-18.347206,34.139393,-14.819606,-12.008816,-26.989717,-14.126655,7.3001,38.84711,-19.820751,16.08421
576,-21.728273391723633,9.665060043334961,65.95233917236328,3.3068536466850813,6.439451179019402,-111.90889227818455,30.677605,-15.885839,-0.3568883,-66.76771,38.85493,-49.31386,12.934399,10.638614,15.166559,11.570929,73.939255,41.820213,27.563086,11.669043,-10.181161,7.9872475,-1.022674,-23.382019,5.2071996,-18.196087,33.951183,-13.240259,-12.612267,-26.236551,-14.334328,6.0797243,38.588757,-19.923786,15.879016
577,-21.952899932861328,9.815881729125977,66.03386688232422,3.3262999107555666,6.235392168399905,-110.7166576293464,29.436607,-15.736177,-0.67834705,-67.545715,39.60825,-45.49459,10.9453125,10.589855,16.913704,11.110748,73.93438,42.13778,27.765017,12.769008,-10.501041,7.680124,-0.9835694,-23.428522,5.6466107,-17.50608,33.388336,-11.21366,-13.473694,-25.259024,-14.6195755,4.725134,38.05959,-19.908562,15.672778
578,-22.164173126220703,9.952996253967285,66.14324188232422,3.3576226550150654,6.011156139854166,-109.4929725281273,28.16311,-15.5583315,-0.8498707,-68.20328,40.450996,-41.82667,8.624964,10.47623,18.658506,10.724669,73.85454,42.27951,28.068308,13.843692,-10.8047905,7.361437,-0.8703425,-23.353596,6.1594853,-16.400408,32.56014,-8.805927,-14.45833,-24.072361,-14.95386,3.264468,37.288857,-19.806215,15.462425
579,-22.365400314331055,10.080099105834961,66.26850128173828,3.4024757841219233,5.778292723796677,-108.27747021056555,26.89125,-15.342899,-0.8786361,-68.74227,41.209984,-38.385433,6.00327,10.403099,20.03373,10.411311,73.69127,42.318764,28.416206,14.70887,-11.036022,7.0484533,-0.73378915,-23.365906,6.7471232,-14.793536,32.03402,-6.695835,-15.238258,-22.769459,-15.291813,1.7712643,36.351,-19.629417,15.260269
580,-22.565717697143555,10.191122055053711,66.41331481933594,3.463400164983816,5.548255395134386,-107.1097912980179,25.655682,-15.08181,-0.7638325,-69.16826,41.67873,-35.264122,3.1252768,10.5144415,20.663519,10.160817,73.438416,42.338127,28.739597,15.170751,-11.131571,6.7545753,-0.6243548,-23.70826,7.4472613,-12.587712,32.430115,-5.583284,-15.486184,-21.388592,-15.59399,0.3062272,35.23469,-19.359064,15.072044
581,-22.755931854248047,10.287773132324219,66.57847595214844,3.5498297411002766,5.312849968042853,-106.00094212281941,24.465225,-14.746199,-0.46737617,-69.459335,41.665836,-32.39855,-0.54286826,10.992999,20.362103,9.962802,73.07221,42.386604,29.010025,15.059233,-11.010607,6.4648604,-0.5313895,-24.495369,8.4807,-9.34808,34.056488,-5.896976,-14.927607,-19.902159,-15.875891,-1.140458,33.895664,-18.969418,14.906571
582,-22.929861068725586,10.37691879272461,66.75150299072266,3.6580496919641705,5.067843417783081,-104.92937735063208,23.300632,-14.349178,0.05166466,-69.61821,41.27874,-29.838623,-4.7816024,11.844261,19.360203,9.817827,72.58977,42.428864,29.268715,14.495992,-10.715838,6.181655,-0.43643627,-25.467747,9.907641,-5.289484,36.44896,-7.185936,-13.789369,-18.323277,-16.143852,-2.5895967,32.383354,-18.484995,14.76154
583,-23.09033203125,10.462394714355469,66.92481994628906,3.771642225531757,4.8318091640322045,-103.88626591682193,22.155294,-13.94628,0.75887984,-69.698746,40.74866,-27.82092,-8.424354,12.916598,17.932909,9.730727,72.028915,42.407684,29.536024,13.740443,-10.370707,5.937569,-0.37765795,-26.371231,11.4846115,-1.2798675,39.10202,-8.8235235,-12.506118,-16.732113,-16.361162,-3.9950235,30.773531,-17.931377,14.630442
584,-23.248594284057617,10.524493217468262,67.09489440917969,3.8748066270713517,4.624545966606559,-102.86288753100949,21.023624,-13.592861,1.5384767,-69.77015,40.324474,-26.477741,-10.360735,13.920501,16.345472,9.702864,71.44865,42.258007,29.816042,13.060852,-10.103333,5.75491,-0.39269415,-27.098486,12.840329,1.859197,41.595158,-10.143563,-11.480811,-15.174089,-16.4965,-5.3167787,29.113905,-17.34349,14.507186
585,-23.41387939453125,10.578096389770508,67.2512435913086,3.979686536714925,4.465257869661357,-101.85481189332513,19.90708,-13.297657,2.2721555,-69.90179,40.025738,-25.755568,-10.084993,14.734027,14.410271,9.728069,70.87406,41.8938,30.065905,12.486288,-9.929045,5.6360664,-0.51353943,-27.71671,13.847807,4.049175,43.911312,-11.01203,-10.732597,-13.775601,-16.558569,-6.4886036,27.54023,-16.766161,14.380269
586,-23.58914566040039,10.607524871826172,67.39427947998047,4.092130124297451,4.338853596978871,-100.8669265082275,18.808247,-13.034149,2.9176588,-70.1194,39.799416,-25.393545,-8.311534,15.348909,12.041453,9.801238,70.30537,41.354637,30.26121,11.908281,-9.782856,5.5636225,-0.7125584,-28.307331,14.655567,5.6976094,46.240498,-11.743439,-10.075321,-12.474421,-16.571314,-7.5466866,26.015709,-16.20303,14.253868
587,-23.753780364990234,10.635272026062012,67.52215576171875,4.185194985032515,4.216062668035034,-99.9044142450773,17.723734,-12.802664,3.4650245,-70.39209,39.79477,-25.216875,-5.829747,15.623083,9.65157,9.918654,69.76414,40.76908,30.425991,11.386127,-9.677022,5.5196285,-0.9377893,-28.874172,15.234352,6.7621417,48.49559,-12.303807,-9.584012,-11.216052,-16.5316,-8.552609,24.507202,-15.63281,14.137596
588,-23.912267684936523,10.686572074890137,67.63227844238281,4.230055581721243,4.069384276092675,-98.9721495860065,16.650248,-12.5996895,3.9181798,-70.64678,40.164783,-25.11945,-3.4502378,15.538478,7.6805677,10.071114,69.280426,40.2681,30.578478,10.980511,-9.624164,5.4808235,-1.1376567,-29.422562,15.5559225,7.2032914,50.60526,-12.667384,-9.338404,-9.963736,-16.412706,-9.56598,23.017971,-15.056133,14.020164
589,-24.055540084838867,10.739505767822266,67.7284927368164,4.207553360791575,3.8933304169001985,-98.06392468972446,15.576872,-12.431376,4.2675943,-70.83223,41.137615,-25.203512,-1.0886421,15.032153,6.25812,10.246755,68.875015,39.869625,30.682594,10.688571,-9.62883,5.432161,-1.3042678,-30.000212,15.436795,6.7546873,52.550823,-12.754507,-9.501404,-8.61274,-16.192148,-10.6274,21.413382,-14.4287195,13.912558
590,-24.181928634643555,10.786080360412598,67.80851745605469,4.1351795360462,3.705914357912016,-97.17840268091513,14.5091,-12.29058,4.5168586,-70.95857,42.61956,-25.489641,1.5100584,14.167036,5.1518674,10.434057,68.54851,39.52026,30.71138,10.48234,-9.680851,5.38136,-1.4637423,-30.605844,14.893907,5.569719,54.39837,-12.620404,-10.028092,-7.209194,-15.8881,-11.692326,19.72268,-13.76086,13.818849
591,-24.2933349609375,10.83713150024414,67.87149047851562,4.039746202096634,3.5148337053307843,-96.32777688854222,13.468255,-12.161061,4.7022715,-71.04018,44.22333,-25.810047,3.8624816,13.207081,4.256981,10.6226635,68.29203,39.24396,30.702951,10.386491,-9.772522,5.3378778,-1.615345,-31.168854,14.231505,4.217756,56.20536,-12.448849,-10.663953,-5.8260045,-15.537479,-12.722433,18.033417,-13.083592,13.737272
592,-24.401447296142578,10.885098457336426,67.92080688476562,3.94749945140248,3.326107274995386,-95.52481024098773,12.475579,-12.029257,4.8735194,-71.08077,45.52688,-26.046062,5.521228,12.418564,3.4646385,10.8020525,68.09267,39.07389,30.69968,10.414584,-9.895562,5.312423,-1.757983,-31.638124,13.791915,3.229669,58.013077,-12.395521,-11.114649,-4.4930954,-15.170404,-13.693992,16.392817,-12.427253,13.662992
593,-24.5126953125,10.932511329650879,67.95858001708984,3.860410072042522,3.1343302899224246,-94.76759493457506,11.528029,-11.899727,5.067419,-71.066475,46.388454,-26.248022,6.4120865,11.883482,2.731286,10.968334,67.94771,39.064327,30.70867,10.603781,-10.074316,5.311141,-1.8994316,-32.00516,13.661456,2.6730473,59.83611,-12.459843,-11.321433,-3.2082465,-14.787252,-14.602974,14.801166,-11.79278,13.591019
594,-24.610780715942383,10.982941627502441,67.98269653320312,3.7665371135188472,2.9383390957519397,-94.05142510057047,10.616844,-11.779184,5.293076,-70.9855,46.97228,-26.532011,6.838992,11.491692,2.1115084,11.119292,67.85753,39.195286,30.706842,10.925056,-10.3037615,5.329192,-2.0372365,-32.296246,13.679202,2.2740304,61.641308,-12.560257,-11.415447,-1.9521571,-14.38552,-15.461096,13.223455,-11.156751,13.531148
595,-24.70219612121582,11.02897834777832,67.99592590332031,3.6683061330472277,2.749686731523938,-93.38607022610057,9.754501,-11.658599,5.5439873,-70.83956,47.333145,-26.881685,6.9062476,11.214344,1.6424911,11.249319,67.81547,39.383698,30.695192,11.296107,-10.530772,5.3632197,-2.1547556,-32.53367,13.842414,2.0196803,63.39273,-12.713417,-11.360855,-0.7263553,-13.963922,-16.272228,11.656866,-10.523951,13.477137
596,-24.78166389465332,11.066781997680664,67.99751281738281,3.5650019860414766,2.579741091826734,-92.78157541319891,8.953788,-11.532551,5.8076224,-70.641716,47.52056,-27.261124,6.721894,11.015025,1.363377,11.353503,67.81041,39.54367,30.675682,11.635853,-10.702618,5.4090376,-2.2353487,-32.733368,14.146414,1.8987285,65.043015,-12.932901,-11.122291,-0.24605598,-13.745866,-16.871473,11.429838,-10.500259,13.438815
597,-24.852008819580078,11.103447914123535,67.99160766601562,3.4597866576876486,2.429140240560437,-92.24570552912155,8.223845,-11.396111,6.0717764,-70.389786,47.511562,-27.627047,6.1430473,10.920511,1.3155698,11.432157,67.84388,39.672268,30.652466,11.96053,-10.809045,5.488815,-2.274133,-32.90678,14.66783,1.9631528,66.63676,-13.255845,-10.60447,0.118154034,-13.554617,-17.411617,11.363781,-10.543144,13.40455
598,-24.909854888916016,11.141986846923828,67.9787368774414,3.3505957287577277,2.292166391190478,-91.77173288956828,7.555625,-11.2569275,6.3350286,-70.08391,47.303234,-27.997892,5.1617093,10.933663,1.4644984,11.487889,67.91921,39.806202,30.624186,12.302958,-10.875942,5.597777,-2.279975,-33.037296,15.397568,2.1852927,68.167786,-13.664199,-9.842949,0.44765875,-13.36877,-17.91172,11.312122,-10.5832815,13.376035
599,-24.954553604125977,11.175538063049316,67.96051788330078,3.2391957189587366,2.1705084805887878,-91.34608010621581,6.934679,-11.123249,6.59792,-69.750694,46.97361,-28.412024,4.0890403,10.97446,1.7420104,11.52141,68.02741,39.91947,30.589195,12.604488,-10.904997,5.6927176,-2.2569907,-33.10125,16.193153,2.4431417,69.51807,-14.0900135,-9.00614,0.74187976,-13.195043,-18.382355,11.288403,-10.63193,13.356431
600,-24.995502471923828,11.203536033630371,67.93839263916016,3.126463365262449,2.065902352998737,-90.95551198086049,6.346874,-11.006639,6.855149,-69.426926,46.601475,-28.90002,3.2397156,10.970018,2.083743,11.535998,68.15483,39.983585,30.552206,12.807877,-10.899143,5.7330694,-2.2092443,-33.076202,16.904276,2.6264958,70.569954,-14.456544,-8.267951,1.0181044,-13.022787,-18.83873,11.265471,-10.680975,13.338738
601,-25.02141571044922,11.226969718933105,67.91244506835938,3.0115922503942825,1.9805036353407415,-90.60604423894962,5.7979255,-10.91588,7.094128,-69.13118,46.174007,-29.436853,2.6317587,10.887666,2.5239165,11.536329,68.29218,39.98763,30.533607,12.88822,-10.860358,5.695416,-2.132215,-32.96689,17.524122,2.7304094,71.330124,-14.759297,-7.629111,1.2668037,-12.862009,-19.277678,11.252653,-10.729,13.329325
602,-25.039417266845703,11.24204158782959,67.8837890625,2.894584916546658,1.9124746135208248,-90.30142307968265,5.292289,-10.845667,7.3065434,-68.86416,45.667072,-29.982183,2.1190772,10.763308,3.084164,11.526456,68.4402,39.945724,30.53833,12.878087,-10.788477,5.608157,-2.025628,-32.781742,18.116512,2.814233,71.85009,-15.031756,-7.016323,1.4935008,-12.705264,-19.696186,11.248668,-10.78145,13.323596
603,-25.043594360351562,11.25845718383789,67.85176849365234,2.778859920868793,1.857817871482853,-90.02577769772384,4.814015,-10.778416,7.4900312,-68.63498,45.14355,-30.545877,1.7718415,10.633398,3.684178,11.508392,68.60016,39.866352,30.546871,12.806808,-10.683675,5.507432,-1.8988357,-32.502773,18.633698,2.8726153,72.07586,-15.251417,-6.495364,1.6976603,-12.563061,-20.100132,11.249655,-10.828299,13.328367
604,-25.032562255859375,11.267142295837402,67.82132720947266,2.6698175247991056,1.8125561967995503,-89.76294434997791,4.3470907,-10.697461,7.640255,-68.45418,44.669533,-31.137707,1.6581069,10.537661,4.247276,11.482787,68.773094,39.758595,30.538002,12.703616,-10.546297,5.4287586,-1.7613573,-32.115482,19.028526,2.8988955,71.960625,-15.397371,-6.1320925,1.8955172,-12.441859,-20.498882,11.249492,-10.873949,13.352362
605,-25.018362045288086,11.278934478759766,67.79076385498047,2.567263596654893,1.778870004534709,-89.51027798864314,3.8875835,-10.598388,7.747938,-68.331856,44.25247,-31.771389,1.8686419,10.490114,4.7793283,11.449806,68.96151,39.60977,30.507322,12.565545,-10.3655405,5.377449,-1.6041217,-31.621681,19.269613,2.8640182,71.48399,-15.424509,-5.964719,2.0810897,-12.332065,-20.902138,11.248461,-10.916483,13.385656
606,-24.996414184570312,11.290262222290039,67.76033782958984,2.4708906914973765,1.7574853821570129,-89.27582487740351,3.4437754,-10.491422,7.8061256,-68.26923,43.8698,-32.42269,2.3395088,10.472751,5.3167033,11.409403,69.1654,39.41803,30.465569,12.382836,-10.145012,5.336027,-1.4258523,-31.026993,19.388172,2.7826238,70.67554,-15.35743,-5.951616,2.2524846,-12.236564,-21.303513,11.24905,-10.956293,13.430022
607,-24.969013214111328,11.299492835998535,67.73119354248047,2.376809270661522,1.742840862932717,-89.0598930396595,3.0180485,-10.378722,7.8162537,-68.260025,43.53752,-33.051647,2.9097826,10.477065,5.8259764,11.361381,69.381485,39.210876,30.414248,12.172926,-9.906184,5.3073354,-1.2478386,-30.323046,19.432365,2.711183,69.56453,-15.274385,-6.038524,2.410999,-12.148642,-21.684738,11.248378,-10.992539,13.479506
608,-24.930288314819336,11.307443618774414,67.70204162597656,2.2812403729940827,1.7294503070289509,-88.86267515752151,2.612834,-10.262379,7.7825956,-68.292015,43.27417,-33.621502,3.4142082,10.489156,6.2746024,11.305133,69.605064,39.02042,30.35539,11.948299,-9.670577,5.294038,-1.0914407,-29.500166,19.44844,2.7079217,68.17724,-15.257467,-6.171014,2.5539012,-12.069954,-22.026503,11.247243,-11.02198,13.534268
609,-24.881996154785156,11.315885543823242,67.67423248291016,2.1865233219400535,1.7181566562726311,-88.67746822512652,2.2219193,-10.140234,7.709793,-68.35136,43.04595,-34.13613,3.6813557,10.488322,6.64548,11.242488,69.83449,38.84697,30.285246,11.681499,-9.439538,5.3045354,-0.9610338,-28.578194,19.419788,2.7493095,66.529655,-15.393181,-6.3469243,2.6814663,-12.001455,-22.332132,11.242426,-11.041409,13.592583
610,-24.824983596801758,11.314523696899414,67.6473388671875,2.0935113405834005,1.7111485676753537,-88.50635362279367,1.8462518,-10.0105505,7.6007366,-68.43632,42.854103,-34.625504,3.8396406,10.487219,6.9567013,11.174071,70.069244,38.67833,30.206944,11.373365,-9.203962,5.3357177,-0.8457851,-27.558277,19.332977,2.8117359,64.6117,-15.621331,-6.5869694,2.802896,-11.942924,-22.610765,11.234486,-11.060181,13.658681
611,-24.76431655883789,11.315889358520508,67.62190246582031,1.9964294093857111,1.7055148959872073,-88.36250094328435,1.4994569,-9.880726,7.456348,-68.55559,42.770885,-35.094242,4.172612,10.526358,7.229298,11.096146,70.30693,38.530285,30.13025,11.075725,-8.968316,5.3728476,-0.7444233,-26.406067,19.23471,2.9542496,62.411972,-15.803745,-6.8752894,2.905146,-11.884458,-22.847677,11.227376,-11.072585,13.722266
612,-24.69427490234375,11.320562362670898,67.5967025756836,1.892207475512882,1.6982228693039525,-88.25923302145831,1.1950221,-9.755944,7.27433,-68.72253,42.872887,-35.544613,4.9631996,10.652551,7.4844823,11.001706,70.543755,38.422775,30.062143,10.836483,-8.736252,5.400189,-0.6553654,-25.082956,19.165424,3.2399352,59.90666,-15.796847,-7.2000384,2.988833,-11.826189,-23.030588,11.217973,-11.074615,13.785887
613,-24.61707305908203,11.322222709655762,67.57149505615234,1.7813537202838554,1.686804664456605,-88.1942801454146,0.9285977,-9.632952,7.0466504,-68.9563,43.215973,-36.007492,6.3457727,10.771308,7.7627735,10.887232,70.78062,38.366257,29.995836,10.66824,-8.503444,5.4187007,-0.5821976,-23.58973,19.141064,3.6962693,57.096176,-15.679834,-7.5465665,3.0612385,-11.76689,-23.158854,11.20721,-11.072585,13.849028
614,-24.53008460998535,11.321837425231934,67.54214477539062,1.6647304686237911,1.6735149222868775,-88.16224226963448,0.6956345,-9.508861,6.7678576,-69.26251,43.760532,-36.447002,8.14775,10.897379,8.037394,10.752341,71.01991,38.35414,29.92498,10.540069,-8.26813,5.4348364,-0.5247505,-21.941393,19.121622,4.28859,53.983604,-15.48543,-7.930348,3.1214576,-11.710624,-23.238436,11.194669,-11.064595,13.91503
615,-24.428279876708984,11.321447372436523,67.51119232177734,1.5389898515729092,1.6614657869030718,-88.17145552559428,0.5098408,-9.394694,6.443834,-69.630196,44.438328,-36.767647,10.191744,11.236681,8.217733,10.593441,71.25553,38.37933,29.855675,10.434964,-8.038493,5.4396133,-0.47577804,-20.12067,19.063286,4.9873405,50.54157,-15.035252,-8.416466,3.1622853,-11.658474,-23.268278,11.1833935,-11.049693,13.987446
616,-24.310718536376953,11.320194244384766,67.47474670410156,1.3976015681954779,1.6539858595544628,-88.23022402782154,0.3847012,-9.297648,6.088971,-70.03728,45.17421,-36.888844,12.303571,11.987852,8.201679,10.406695,71.48051,38.438515,29.796719,10.331802,-7.821941,5.426684,-0.42831245,-18.09491,18.93421,5.77681,46.71086,-14.238275,-9.150618,3.178642,-11.605216,-23.247429,11.177241,-11.03044,14.0676985
617,-24.181386947631836,11.320272445678711,67.43256378173828,1.2371547329895303,1.6480851388384987,-88.33384265823123,0.32409662,-9.230021,5.7151604,-70.48325,45.962204,-36.805943,14.691719,13.406614,7.886877,10.191227,71.69194,38.547012,29.746046,10.1940365,-7.6232743,5.389737,-0.39143133,-15.731016,18.651968,6.6026707,42.117012,-12.670707,-10.145261,3.170001,-11.544146,-23.172209,11.176959,-11.008177,14.151775
618,-24.034578323364258,11.31292724609375,67.38126373291016,1.0616402721330487,1.6424755914658362,-88.47993618118576,0.32077262,-9.1845875,5.334608,-70.970985,46.831463,-36.5577,17.389366,15.292707,7.284855,9.947603,71.89134,38.7057,29.7011,10.037651,-7.436896,5.3351297,-0.36530042,-13.008741,18.258776,7.527699,36.757103,-10.592126,-11.347644,3.1477056,-11.483797,-23.045965,11.180056,-10.986616,14.247439
619,-23.873159408569336,11.307056427001953,67.32051849365234,0.8740216300604966,1.6424781704550362,-88.68035633903544,0.37192807,-9.1412735,4.9630594,-71.46754,47.752003,-36.151485,19.944859,17.16616,6.5099874,9.67385,72.07804,38.885838,29.66894,9.924019,-7.254552,5.275301,-0.32973057,-10.066211,17.873919,8.71109,31.128622,-8.791739,-12.719726,3.0986927,-11.42582,-22.873682,11.18794,-10.957966,14.350039
620,-23.698814392089844,11.305144309997559,67.2467041015625,0.6813101833668629,1.6531505673859808,-88.94669875801608,0.47480565,-9.081757,4.6182714,-71.9196,48.68535,-35.6433,21.876345,18.585999,5.747245,9.368024,72.25178,39.057465,29.65657,9.915722,-7.0680156,5.2231913,-0.26464772,-7.0866203,17.56101,10.267527,25.799295,-7.8886733,-14.201565,3.0169508,-11.376567,-22.661673,11.203423,-10.920476,14.459134
621,-23.497142791748047,11.307377815246582,67.16423034667969,0.46235345575342357,1.6920705488086043,-89.29878745016187,0.64544296,-9.007042,4.3119106,-72.27847,49.60911,-35.0714,23.013775,19.539026,5.044647,9.023376,72.41641,39.217274,29.688557,10.047691,-6.870892,5.204544,-0.16832168,-4.0902524,17.310488,12.271553,20.93865,-7.941827,-15.796798,2.8696196,-11.325098,-22.388735,11.232054,-10.868738,14.580351
622,-23.270174026489258,11.300511360168457,67.09467315673828,0.22122186636831717,1.7480825522703995,-89.72396715975673,0.8800554,-8.927503,4.054322,-72.53485,50.538204,-34.473877,23.607592,20.252945,4.344553,8.638471,72.574776,39.37897,29.748024,10.280998,-6.667356,5.205387,-0.050772317,-0.9475487,16.955095,14.496562,16.105663,-8.122574,-17.284399,2.6752505,-11.272614,-22.060207,11.277353,-10.814921,14.714584
623,-23.04266929626465,11.302727699279785,66.99454498291016,-0.0071637841371854786,1.7853588752547631,-90.18628437681625,1.1458956,-8.833907,3.8556547,-72.703415,51.483833,-33.91409,23.794104,20.676365,3.7138004,8.224572,72.72427,39.53635,29.786936,10.567146,-6.466625,5.1802263,0.091670886,2.2316792,16.383856,16.574493,11.223308,-7.874449,-18.378988,2.4871154,-11.241515,-21.719006,11.329279,-10.75751,14.852947
624,-22.82847785949707,11.335894584655762,66.86145782470703,-0.18158562792957933,1.770649745341159,-90.6502521141814,1.4096259,-8.713932,3.7209094,-72.81254,52.455486,-33.43766,23.715763,20.750399,3.215725,7.80135,72.8541,39.676346,29.766888,10.863147,-6.281553,5.081734,0.26369953,2.762158,16.402493,17.541365,11.055437,-9.115492,-18.99671,1.5807152,-11.569909,-21.25376,12.865123,-11.359662,14.998897
625,-22.632415771484375,11.381091117858887,66.7545394897461,-0.2828535134394273,1.6710537501793048,-91.12860916941945,1.6855434,-8.570149,3.6944375,-72.86326,53.316486,-33.0651,23.396772,20.321669,2.8764083,7.5217004,72.911194,39.75037,29.855886,11.259313,-6.1441264,4.9074254,0.4780439,3.2117229,16.328924,18.179552,10.931416,-9.839559,-19.207848,0.73719037,-11.961859,-20.804493,14.45049,-11.984317,15.136245
626,-22.456974029541016,11.433143615722656,66.68402862548828,-0.3289868468879138,1.51444651161337,-91.63644595931673,1.982455,-8.406846,3.7152736,-72.88563,54.10806,-32.707443,22.774208,19.460606,2.6548252,7.310961,72.927444,39.78963,29.991547,11.738834,-6.0375767,4.673935,0.73262817,3.5900774,16.211727,18.660765,10.941171,-10.354722,-19.22734,0.3230482,-12.239545,-20.437662,15.311335,-12.279894,15.252508
627,-22.28044891357422,11.468076705932617,66.65789031982422,-0.3254873915002487,1.3604230175799665,-92.14041788384415,2.2587185,-8.215958,3.758355,-72.891045,55.025463,-32.394962,21.925285,18.459377,2.5213096,7.07097,72.91842,39.78246,30.07024,12.173831,-5.959121,4.3449836,1.0002011,3.938855,16.035292,19.058277,10.921664,-10.693335,-19.167,0.28994688,-12.426148,-20.16801,15.45642,-12.251288,15.369741
628,-22.106822967529297,11.483192443847656,66.64965057373047,-0.29027515939388016,1.2690147937991143,-92.60395965235573,2.4736552,-7.9873123,3.797335,-72.8786,56.02705,-32.16295,21.163954,17.563864,2.3290827,6.7969804,72.88292,39.667313,30.09989,12.475135,-5.9326506,3.8717911,1.2553035,4.182025,15.835417,19.38628,10.917297,-10.944579,-19.098866,0.27572283,-12.62476,-19.947065,15.47154,-12.162211,15.492709
629,-21.947721481323242,11.490023612976074,66.6550521850586,-0.20524674718981692,1.2601174695401123,-93.02271141376933,2.6165276,-7.7066965,3.81012,-72.848145,57.193913,-32.011703,20.533987,16.764448,2.0679579,6.430585,72.805244,39.42487,30.024942,12.615857,-5.9656982,3.195243,1.4856311,4.305429,15.571141,19.646996,10.863158,-11.06628,-19.019373,0.15351704,-12.88581,-19.746094,15.535478,-12.08166,15.613807
630,-21.81380271911621,11.506843566894531,66.66602325439453,-0.07379214619547061,1.3034516046282947,-93.41463280096161,2.708531,-7.385788,3.7876215,-72.81132,58.403263,-31.888226,19.981722,15.923743,1.7530061,6.031056,72.69085,39.095467,29.869198,12.635356,-6.0286813,2.3283076,1.70778,4.5506268,15.191554,19.896059,10.408206,-10.927037,-18.925789,-0.13182609,-13.223151,-19.542334,15.7962885,-12.074232,15.721076
631,-21.68826675415039,11.52840518951416,66.68258666992188,0.05574932086683061,1.3825268105231574,-93.77139818108826,2.7571123,-7.0475106,3.7132936,-72.758026,59.78344,-31.751259,19.23218,15.164527,1.4854641,5.576729,72.55439,38.645042,29.639397,12.606544,-6.0734825,1.4962469,1.9317231,4.3138456,14.971597,19.976103,10.734377,-11.099159,-18.825426,-0.42233062,-13.544718,-19.381792,16.007544,-12.037629,15.820427
632,-21.554677963256836,11.556848526000977,66.70051574707031,0.14730607676642737,1.4788978542794047,-94.08475299401617,2.7721765,-6.7214766,3.589703,-72.67993,60.977604,-31.61522,18.524363,14.552622,1.0860829,5.110105,72.436775,38.107014,29.447594,12.550626,-6.166681,0.83328557,2.1648986,4.5695205,14.594296,20.140455,10.02732,-10.784997,-18.70337,-0.6490501,-13.804007,-19.289843,16.084173,-11.936876,15.917707
633,-21.400711059570312,11.582206726074219,66.71833038330078,0.17980418083708,1.6069931685182621,-94.35121878841439,2.750399,-6.393636,3.4473057,-72.57608,61.929253,-31.489622,17.960619,14.099992,0.45265368,4.6779337,72.372795,37.383858,29.33125,12.581055,-6.371956,0.34893763,2.4204223,4.081079,14.520848,20.063993,10.621217,-11.063625,-18.575514,-0.7865317,-13.978521,-19.293861,15.97092,-11.751587,16.021078
634,-21.25969886779785,11.595917701721191,66.74134826660156,0.18489873778290586,1.7687315443927587,-94.57469130250898,2.6897933,-6.0571103,3.301826,-72.442314,62.719566,-31.399881,17.499908,13.773019,-0.34534663,4.2746506,72.360916,36.444393,29.257425,12.7070265,-6.667688,-0.034155898,2.6874073,4.2160234,14.237931,20.093475,9.911821,-10.724157,-18.445704,-0.87069345,-14.092068,-19.374216,15.740376,-11.526355,16.112263
635,-21.125993728637695,11.609487533569336,66.76973724365234,0.17435790611778146,1.9251352594421016,-94.75771640766328,2.60122,-5.738107,3.1688333,-72.27816,63.29361,-31.365047,17.031738,13.595775,-1.1056533,3.9273372,72.38567,35.438374,29.227613,12.775284,-6.926132,-0.35273018,2.9475899,3.930998,14.126781,19.979763,9.982602,-10.7259655,-18.31728,-0.8530359,-14.152666,-19.510405,15.352031,-11.236791,16.19559
636,-20.99733543395996,11.631375312805176,66.79920196533203,0.1669331310310918,2.0380300660214674,-94.90204543943838,2.4948313,-5.464257,3.0318615,-72.048416,63.6615,-31.424158,16.382185,13.584825,-1.6320969,3.6037228,72.43657,34.4594,29.168201,12.688951,-6.9834604,-0.5865108,3.1802697,3.700651,14.007387,19.854385,10.0177,-10.700902,-18.175829,-0.70673686,-14.180487,-19.674782,14.811046,-10.882637,16.275927
637,-20.87074851989746,11.674954414367676,66.8310546875,0.1618597559832559,2.090355866622287,-95.0035255325722,2.3629465,-5.244935,2.9147408,-71.764404,63.715336,-31.573515,15.492992,13.8421955,-1.9227904,3.3594556,72.49191,33.588665,29.150103,12.288183,-6.81845,-0.76356137,3.4041145,3.6251202,13.842678,19.713493,9.8229475,-10.545989,-18.005432,-0.36830634,-14.15694,-19.899105,14.029767,-10.418184,16.352299
638,-20.754199981689453,11.727038383483887,66.8636703491211,0.15214035555754574,2.1046937051800563,-95.06279987637572,2.2036798,-5.063944,2.8173196,-71.400154,63.481976,-31.84207,14.46318,14.323761,-2.0783608,3.177562,72.54552,32.762566,29.181715,11.660096,-6.5048685,-0.8643315,3.6221678,3.459838,13.731694,19.500591,9.8305235,-10.460792,-17.823706,0.13989083,-14.069307,-20.187666,13.022256,-9.858825,16.419943
639,-20.64909553527832,11.785600662231445,66.89418029785156,0.1438918452094636,2.1018256174113223,-95.08960877863308,2.0357368,-4.907738,2.7436337,-70.96134,63.05921,-32.252438,13.475226,14.831452,-2.032958,3.0557332,72.589516,32.023746,29.248692,10.906771,-6.0892873,-0.93019646,3.7906928,3.298605,13.63523,19.298615,9.877771,-10.392283,-17.646679,0.68955624,-13.955488,-20.46482,11.948714,-9.271231,16.477783
640,-20.555856704711914,11.839421272277832,66.92102813720703,0.14950533546958292,2.1029109343156867,-95.09363960765006,1.8780531,-4.764029,2.687199,-70.49615,62.576283,-32.777714,12.685139,15.158909,-1.7027968,2.9862576,72.61116,31.445557,29.331085,10.102347,-5.617942,-1.0129155,3.86508,2.7826598,13.666898,19.084158,10.670885,-10.688319,-17.49773,1.0302492,-13.915328,-20.625315,11.219878,-8.842073,16.530878
641,-20.471925735473633,11.88967514038086,66.9444580078125,0.17066024596318746,2.1107295674053606,-95.06331736533316,1.7205049,-4.6318345,2.6296039,-69.944786,62.0459,-33.485256,12.097752,15.249445,-1.087856,2.9554672,72.60231,31.030949,29.381878,9.075675,-4.9700794,-1.0766473,3.8220613,2.6533184,13.561783,19.047148,10.781133,-10.686281,-17.369587,0.97443134,-14.02456,-20.614601,11.179302,-8.723734,16.58211
642,-20.410200119018555,11.937623977661133,66.96485137939453,0.2005174663453914,2.1146022300255893,-94.99812909260717,1.5584326,-4.51813,2.569093,-69.35486,61.46901,-34.29506,11.584299,15.198413,-0.18779898,2.9702473,72.558716,30.818045,29.427637,7.779246,-4.1664267,-1.1136329,3.6894066,2.6133325,13.4446535,19.084402,10.78999,-10.651361,-17.26926,0.9029864,-14.126874,-20.548075,11.141052,-8.612122,16.61697
643,-20.354881286621094,11.983964920043945,66.98078918457031,0.23993872248227716,2.11658674337342,-94.92395319938962,1.4179387,-4.419044,2.5068836,-68.738716,60.869072,-35.166817,11.166827,15.029108,0.92900383,3.0196009,72.487915,30.783411,29.509756,6.62158,-3.438516,-1.1660941,3.496874,2.6011727,13.320673,19.175058,10.798029,-10.631721,-17.181684,0.8124613,-14.236134,-20.426916,11.106814,-8.503412,16.649723
644,-20.30880355834961,12.024548530578613,66.99476623535156,0.2879851975213809,2.1186343060528827,-94.86675453291969,1.3252459,-4.331242,2.446722,-68.11728,60.296722,-36.05228,10.842494,14.772732,2.2206829,3.0830045,72.406685,30.903807,29.658035,6.014419,-3.0151937,-1.3003591,3.2739663,2.6244256,13.19051,19.314184,10.7902775,-10.625305,-17.107056,0.70363104,-14.348205,-20.253899,11.079742,-8.404809,16.680664
645,-20.279144287109375,12.071916580200195,67.00495910644531,0.3511708167919365,2.1217591000460057,-94.82802448168037,1.2845368,-4.2645807,2.386453,-67.50067,59.766994,-36.955105,10.694502,14.379068,3.7606955,3.1405904,72.33192,31.21344,29.879313,6.2368317,-3.0206363,-1.597055,3.0040123,2.6685145,13.055727,19.510012,10.783914,-10.631494,-17.048185,0.557805,-14.464893,-20.006573,11.058189,-8.307071,16.70149
646,-20.256086349487305,12.119226455688477,67.01187133789062,0.427708825205873,2.1242811186921706,-94.79566279861841,1.2829584,-4.2172723,2.3202415,-66.933846,59.286034,-37.83041,10.689157,13.84757,5.5820966,3.1794221,72.275444,31.692158,30.115307,7.04214,-3.3094015,-2.0005112,2.6787622,2.9327145,12.838666,19.806662,10.408847,-10.488052,-16.997337,0.37968194,-14.593153,-19.689468,11.048603,-8.213921,16.720915
647,-20.232851028442383,12.160158157348633,67.01485443115234,0.5039027546650978,2.1250937776466565,-94.77567561994302,1.3213136,-4.169634,2.2512012,-66.33138,58.780544,-38.729824,10.714175,13.293586,7.4557076,3.1991913,72.22628,32.31817,30.327278,7.9683585,-3.7141628,-2.4110572,2.3435097,3.1056182,12.661384,20.107317,10.238482,-10.452272,-16.955366,0.19961508,-14.718244,-19.348722,11.037433,-8.126276,16.745123
648,-20.208648681640625,12.195417404174805,67.01614379882812,0.5663214518015303,2.1232183756596235,-94.77397197721754,1.399943,-4.100409,2.201354,-65.71259,58.2189,-39.602375,10.622521,12.830431,9.244337,3.1950276,72.18098,32.97222,30.458471,8.645293,-4.0474305,-2.701586,2.0421467,2.9428864,12.630408,20.333923,10.713957,-10.7148695,-16.924591,0.03422732,-14.824162,-19.026457,11.024726,-8.04657,16.773045
649,-20.1874942779541,12.233207702636719,67.0157699584961,0.6116927641902052,2.1169008233205497,-94.79331647772445,1.5317758,-3.9944391,2.1787717,-65.16059,57.58798,-40.364567,10.428932,12.479472,11.037774,3.1727908,72.14633,33.596233,30.492296,9.082546,-4.277234,-2.8305068,1.7693616,3.1479812,12.490919,20.654394,10.498368,-10.67106,-16.898794,-0.12256326,-14.902718,-18.71214,11.008077,-7.969772,16.799828
650,-20.168182373046875,12.268108367919922,67.01358795166016,0.6471836538712721,2.107504311638393,-94.83061519642136,1.7124549,-3.8661828,2.1909392,-64.59073,56.846905,-41.127987,10.226515,12.190152,12.827254,3.1286545,72.115746,34.29801,30.457188,9.408012,-4.496602,-2.8848772,1.5074939,3.5475702,12.29495,21.03653,9.921212,-10.469169,-16.879738,-0.39140785,-15.004055,-18.3606,11.208892,-7.9989023,16.829494
651,-20.14928436279297,12.299406051635742,67.011962890625,0.6743445014010722,2.0980152760846753,-94.88142117218311,1.9152582,-3.7352498,2.2414262,-64.049614,56.056744,-41.832497,9.922781,11.950054,14.527212,3.0658169,72.090576,34.95972,30.374468,9.655972,-4.6858726,-2.8409376,1.2807026,3.3449357,12.345071,21.274057,10.496661,-10.79071,-16.872936,-0.6645257,-15.097007,-18.030357,11.441161,-8.0489855,16.85939
652,-20.131935119628906,12.321649551391602,67.00981140136719,0.6931832162155561,2.09169101430932,-94.94156673047411,2.1136677,-3.6231587,2.3259737,-63.53642,55.231743,-42.46321,9.455383,11.742068,15.9925165,2.9885254,72.06905,35.50286,30.267462,9.824545,-4.827977,-2.6925626,1.1113214,3.705158,12.180456,21.581697,9.9577875,-10.599447,-16.861029,-0.8739113,-15.16494,-17.768589,11.602085,-8.077484,16.887224
653,-20.105865478515625,12.349239349365234,67.00796508789062,0.7032446576585428,2.0841746943520207,-95.01674759639775,2.3097973,-3.5313182,2.4545054,-63.022884,54.33223,-43.043774,8.775237,11.591353,17.186913,2.8982832,72.05073,35.897934,30.126593,9.873994,-4.8980417,-2.3843644,1.010692,3.9519749,12.055779,21.807264,9.581617,-10.460773,-16.84161,-1.0169164,-15.214157,-17.58347,11.679112,-8.065956,16.917345
654,-20.077865600585938,12.369873046875,67.0071029663086,0.7054346875447476,2.0760865651369396,-95.10724919858353,2.5139997,-3.448079,2.5461771,-62.690514,53.550884,-43.316387,7.80339,11.458301,18.340021,2.837023,72.0421,36.08637,29.987524,9.916067,-4.9183593,-1.918012,0.9657423,3.5495715,12.202544,21.855762,10.447556,-10.881632,-16.832336,-1.0858186,-15.240371,-17.462461,11.665028,-8.021642,16.948858
655,-20.050827026367188,12.390305519104004,67.0080795288086,0.7001923537761537,2.076123640344215,-95.1997916683821,2.7139974,-3.3804543,2.7060769,-62.249363,52.535416,-43.752743,6.903714,11.364155,19.074392,2.748448,72.03173,36.24796,29.822168,9.881833,-4.920706,-1.4310781,0.9601113,3.8415155,12.06898,22.016241,9.916424,-10.654599,-16.812016,-1.1218686,-15.248611,-17.38898,11.604214,-7.9586215,16.975124
656,-20.030763626098633,12.40993881225586,67.01206970214844,0.6866770940311635,2.095882962696638,-95.28217550602722,2.8952749,-3.3305068,2.8852432,-61.852207,51.635403,-44.098915,5.9305363,11.214277,19.655603,2.6603746,72.02428,36.32118,29.697332,9.9458,-4.9538527,-1.0034001,0.9846837,3.5276678,12.186244,22.013103,10.485181,-10.910745,-16.80137,-1.1520307,-15.237087,-17.35693,11.523812,-7.8894897,16.988783
657,-20.009069442749023,12.425312042236328,67.02103424072266,0.662561051218822,2.143545227108974,-95.3543038315196,3.0577543,-3.3082159,3.0456378,-61.51645,50.83593,-44.3225,4.836563,10.968897,20.019854,2.5741322,72.01964,36.311214,29.627047,10.145438,-5.0492973,-0.63471776,1.047604,3.495501,12.180731,22.026236,10.4067955,-10.856333,-16.779211,-1.1339933,-15.195624,-17.387201,11.3375845,-7.7738314,16.994747
658,-19.986328125,12.437653541564941,67.03244018554688,0.6285155331907744,2.2117374930929063,-95.42166472248232,3.2074857,-3.3092146,3.1930447,-61.215034,50.07638,-44.45827,3.636372,10.674905,20.137989,2.4814384,72.01745,36.21768,29.584259,10.418849,-5.174495,-0.27977812,1.1516058,3.380254,12.205918,21.980272,10.4098215,-10.824563,-16.753132,-1.0780928,-15.130557,-17.474945,11.0767,-7.6258035,16.994848
659,-19.96562385559082,12.449577331542969,67.0458984375,0.589954671210047,2.286103775716494,-95.48022643653891,3.3400986,-3.3182054,3.3255236,-60.958313,49.391685,-44.55104,2.504062,10.41283,20.059765,2.3864672,72.014206,36.07074,29.550652,10.682942,-5.2802143,0.008209248,1.2730283,3.2319312,12.24531,21.903614,10.441782,-10.797684,-16.726677,-1.0418723,-15.065086,-17.580372,10.8608465,-7.500415,16.990734
660,-19.949443817138672,12.465987205505371,67.0587158203125,0.5521335001627095,2.3522048137171745,-95.52613077831198,3.4513059,-3.318342,3.4416656,-60.75851,48.805134,-44.645847,1.6234471,10.26002,19.837683,2.2963982,72.002,35.909637,29.514893,10.843951,-5.321013,0.17191283,1.3880762,3.0936751,12.28525,21.82369,10.46237,-10.76277,-16.702995,-1.1078966,-15.031545,-17.657293,10.851244,-7.468237,16.984325
661,-19.934425354003906,12.48433780670166,67.07112121582031,0.514477161100857,2.4093737500062984,-95.55665766747155,3.537266,-3.301981,3.536663,-60.628128,48.320297,-44.73857,1.052372,10.246828,19.43692,2.216254,71.97114,35.747112,29.488384,10.88167,-5.2939262,0.16677034,1.4953692,2.984748,12.316541,21.744444,10.431619,-10.700772,-16.679792,-1.1640979,-14.996821,-17.7335,10.843472,-7.436112,16.977676
662,-19.918167114257812,12.50146484375,67.08303833007812,0.4749944434569763,2.4642295520994257,-95.57438692758826,3.6013947,-3.279755,3.6034813,-60.57187,47.927597,-44.796894,0.6977974,10.327703,18.856853,2.1480966,71.917595,35.5731,29.488298,10.8292675,-5.224341,0.031541422,1.6058766,2.9014673,12.337905,21.657103,10.343214,-10.609934,-16.654745,-1.2113829,-14.960724,-17.820024,10.837375,-7.4059258,16.971891
663,-19.9080867767334,12.526411056518555,67.09457397460938,0.4370495098861289,2.5134367714059644,-95.58396907896798,3.650049,-3.2598288,3.6391733,-60.58497,47.631428,-44.825214,0.51253104,10.460382,18.204407,2.0955052,71.84213,35.39073,29.510462,10.676657,-5.1107564,-0.16861549,1.7148461,2.8874054,12.334805,21.577538,10.119213,-10.451457,-16.631641,-1.2546968,-14.920446,-17.910383,10.831037,-7.37421,16.959927
664,-19.899288177490234,12.553811073303223,67.10568237304688,0.4041148975514962,2.5536774388514507,-95.58928361913873,3.689643,-3.2512262,3.6429427,-60.659958,47.41718,-44.83457,0.46464682,10.607853,17.571383,2.0599046,71.741486,35.19835,29.55165,10.417919,-4.949933,-0.3609873,1.8171034,2.684017,12.40638,21.456892,10.282824,-10.471565,-16.611769,-1.2901361,-14.885444,-17.99941,10.824455,-7.3438625,16.948877
665,-19.88943862915039,12.58372974395752,67.1153335571289,0.37767708996758903,2.584473885884228,-95.59097617468665,3.716977,-3.2590928,3.6083887,-60.8009,47.323177,-44.828163,0.5773279,10.789594,16.9774,2.0497243,71.60876,35.00204,29.624384,10.011985,-4.731209,-0.5648882,1.9139525,2.5900702,12.428944,21.357822,10.249025,-10.4014015,-16.588781,-1.3175442,-14.859953,-18.087727,10.818555,-7.3146157,16.941221
666,-19.880878448486328,12.606826782226562,67.12372589111328,0.35592467200761074,2.6074207005469563,-95.58672598169643,3.730194,-3.277731,3.5353262,-60.98951,47.357067,-44.813698,0.83906406,11.012775,16.37322,2.069738,71.45682,34.80439,29.727133,9.474102,-4.46044,-0.8161595,2.0069454,2.61842,12.403959,21.280827,10.006196,-10.243078,-16.566824,-1.328296,-14.8396015,-18.179726,10.813026,-7.294435,16.93711
667,-19.878198623657227,12.630303382873535,67.13032531738281,0.3363287016811892,2.622594648954352,-95.57764679592721,3.737667,-3.2991831,3.440855,-61.192966,47.478077,-44.801117,1.1454929,11.217906,15.775808,2.1099336,71.30454,34.608463,29.83287,8.870239,-4.1607304,-1.0663708,2.092169,2.4655614,12.457672,21.165724,10.136645,-10.25669,-16.553047,-1.3293597,-14.816594,-18.27018,10.8069725,-7.2792063,16.93022
668,-19.876983642578125,12.653848648071289,67.13626098632812,0.31680923934580674,2.6300678322156936,-95.564516640073,3.7476704,-3.313138,3.3368752,-61.396534,47.649918,-44.794666,1.3947847,11.35981,15.210214,2.160473,71.16021,34.422993,29.917208,8.25578,-3.8485372,-1.2622929,2.1653063,2.4009976,12.482796,21.07629,10.121954,-10.207672,-16.540483,-1.3232901,-14.791426,-18.354069,10.799046,-7.266074,16.92351
669,-19.877338409423828,12.67691421508789,67.14038848876953,0.2962004825914587,2.628094063737473,-95.54795016427845,3.7582216,-3.3207,3.2333198,-61.590744,47.879314,-44.76036,1.5546979,11.36345,14.681933,2.2151527,71.02695,34.239685,29.986816,7.602538,-3.535332,-1.3796743,2.2288666,2.1511161,12.588995,20.951328,10.493259,-10.337786,-16.533785,-1.30664,-14.7630825,-18.433802,10.78879,-7.256244,16.917173
670,-19.878564834594727,12.697519302368164,67.1430435180664,0.2764153584663801,2.6172242291959793,-95.52676724702089,3.7661355,-3.3266232,3.0387719,-61.909916,48.25116,-44.57125,1.6681757,11.287965,14.220188,2.3250043,70.81996,34.024525,30.128416,6.8919687,-3.199968,-1.4058636,2.282851,2.2725918,12.556529,20.91061,10.174928,-10.157493,-16.524454,-1.2774055,-14.734515,-18.510622,10.777624,-7.2524586,16.912884
671,-19.880977630615234,12.718413352966309,67.1444320678711,0.2579512022085972,2.601031236411224,-95.50166864893865,3.7785404,-3.3254488,2.8803189,-62.15805,48.600246,-44.50218,1.7962745,11.221874,13.744811,2.4173727,70.66971,33.86453,30.199171,6.194993,-2.864122,-1.4412022,2.3232374,2.261035,12.579437,20.848845,10.14068,-10.113269,-16.51881,-1.2457881,-14.705874,-18.578371,10.765345,-7.2485986,16.908775
672,-19.889814376831055,12.744257926940918,67.14501190185547,0.24310099660510903,2.58306508074338,-95.47298948164483,3.8016503,-3.3105664,2.6630087,-62.480682,49.027054,-44.298504,1.9031681,11.117879,13.35883,2.5409167,70.49142,33.71277,30.35075,5.6189427,-2.606648,-1.4348525,2.3448548,1.9738904,12.711365,20.739552,10.638884,-10.3055935,-16.52126,-1.2243038,-14.676368,-18.63007,10.755488,-7.2411995,16.899271
673,-19.89875602722168,12.76055908203125,67.14464569091797,0.23211163219901895,2.561937215264387,-95.43741373263461,3.8417315,-3.2825758,2.4220984,-62.82738,49.4481,-44.096237,2.0676923,11.049005,12.998048,2.671773,70.32392,33.614204,30.50346,5.144169,-2.38776,-1.4241422,2.3405025,2.192318,12.650844,20.75773,10.205577,-10.088087,-16.519346,-1.1966622,-14.651098,-18.665464,10.747323,-7.242623,16.894659
674,-19.914295196533203,12.7818603515625,67.14347839355469,0.22351187941741704,2.5366672497508387,-95.39636009802503,3.8939667,-3.2425725,2.27053,-63.06142,49.795048,-44.08215,2.289851,11.009706,12.62912,2.752117,70.22454,33.566048,30.56216,4.7539563,-2.1844788,-1.4129223,2.316007,1.8863978,12.797469,20.67287,10.806888,-10.346275,-16.529436,-1.1767744,-14.623561,-18.685646,10.739708,-7.2391667,16.88495
675,-19.9288272857666,12.801901817321777,67.14179229736328,0.2175798174852538,2.5108851941090586,-95.35517802731633,3.9484446,-3.1924412,2.031405,-63.426098,50.23997,-43.881813,2.4630864,10.946398,12.361815,2.8661785,70.08811,33.535706,30.693659,4.4534783,-2.0454154,-1.3775153,2.2804055,2.4733665,12.599198,20.793957,9.685215,-9.8143215,-16.527029,-1.1579117,-14.599344,-18.695087,10.732134,-7.2370086,16.876156
676,-19.946027755737305,12.825177192687988,67.14156341552734,0.2127188381294356,2.4885918437589436,-95.32027498715114,3.9959111,-3.1336539,1.7728515,-63.81543,50.637596,-43.62834,2.6249366,10.88966,12.1124735,2.970953,69.96576,33.52763,30.83365,4.2818985,-1.9818066,-1.3484774,2.2469249,2.2467916,12.712337,20.739222,10.123759,-9.991308,-16.537579,-1.1504221,-14.573943,-18.698023,10.727058,-7.2308083,16.861206
677,-19.961193084716797,12.841974258422852,67.14161682128906,0.20919706563844795,2.471765950787504,-95.29418791636327,4.0295877,-3.0630665,1.5964948,-64.10097,50.924408,-43.515175,2.7985008,10.878857,11.859194,3.028753,69.89381,33.544,30.925026,4.2993426,-2.0073318,-1.3283019,2.2127805,1.9193054,12.860845,20.669521,10.764977,-10.268158,-16.550632,-1.1506702,-14.552176,-18.69029,10.723869,-7.224991,16.846111
678,-19.9787654876709,12.86146068572998,67.14163970947266,0.20787908138163858,2.4578810976745213,-95.27300269334204,4.055762,-2.9807968,1.3380287,-64.52853,51.245846,-43.20183,2.9597375,10.854324,11.679625,3.0880327,69.810684,33.594067,31.048412,4.447237,-2.117611,-1.3020346,2.1726565,2.2203326,12.767145,20.748405,10.192293,-9.989035,-16.55704,-1.1614983,-14.530539,-18.670137,10.723981,-7.218057,16.826115
679,-19.996206283569336,12.881292343139648,67.14246368408203,0.20697484769365349,2.444587208636406,-95.2546951780447,4.0854936,-2.8939304,1.1794635,-64.81072,51.45675,-43.080376,3.099495,10.861266,11.490591,3.1100137,69.77061,33.650173,31.124142,4.68874,-2.2574415,-1.2794038,2.1363957,1.9706352,12.883428,20.703402,10.680415,-10.1945305,-16.570961,-1.1729203,-14.508788,-18.65029,10.724371,-7.211012,16.804482
680,-20.012737274169922,12.89945125579834,67.14324951171875,0.20631922182789994,2.4289605956235554,-95.23615723361537,4.129175,-2.808091,0.92642814,-65.262115,51.711067,-42.70601,3.1482759,10.815894,11.394442,3.1239614,69.722824,33.73034,31.206463,4.902795,-2.393138,-1.2632939,2.111126,2.2377076,12.800338,20.762499,10.167709,-9.941265,-16.576832,-1.1785897,-14.489484,-18.640818,10.726216,-7.2052608,16.784014
681,-20.027389526367188,12.919754028320312,67.14398956298828,0.20531707104961613,2.4117084632374213,-95.22043780504882,4.1970224,-2.7179222,0.7572091,-65.57273,51.871025,-42.487175,3.079274,10.779077,11.321182,3.1203718,69.700775,33.797222,31.268648,5.1603575,-2.5274346,-1.2526877,2.1006658,2.5717084,12.688751,20.824835,9.515596,-9.62113,-16.579714,-1.1788455,-14.470697,-18.64243,10.730071,-7.2020817,16.76309
682,-20.045570373535156,12.94260311126709,67.14453125,0.2048095204864462,2.393714546248061,-95.2075372736344,4.280788,-2.62349,0.5189369,-66.01078,52.03429,-42.069195,2.9255,10.70491,11.328945,3.0972142,69.684845,33.89113,31.32469,5.4472227,-2.6794057,-1.2466513,2.1007102,2.262319,12.826264,20.737253,10.092761,-9.855931,-16.593752,-1.1746175,-14.448243,-18.651575,10.734475,-7.202419,16.73733
683,-20.062265396118164,12.96484661102295,67.14555358886719,0.20410739752464785,2.3733219432722867,-95.19152426543378,4.3640575,-2.534951,0.3495167,-66.33327,52.149376,-41.800888,2.7370455,10.644171,11.329802,3.068673,69.6821,33.96803,31.368954,5.7281623,-2.8189304,-1.2407932,2.1064613,2.5937855,12.716129,20.782797,9.437035,-9.529829,-16.596855,-1.1666116,-14.428085,-18.668667,10.737926,-7.199959,16.713608
684,-20.077987670898438,12.992466926574707,67.14592742919922,0.20306406583698955,2.348873731381503,-95.16657079201853,4.4302177,-2.4604766,0.1367591,-66.747215,52.29698,-41.42623,2.5869975,10.556139,11.335164,3.0224833,69.68561,34.047142,31.383478,5.9055514,-2.913776,-1.2337306,2.115439,2.239693,12.867266,20.663916,10.092367,-9.796086,-16.604973,-1.1553235,-14.409806,-18.696798,10.740624,-7.1920567,16.69202
685,-20.092802047729492,13.01987361907959,67.14622497558594,0.20138574604021206,2.3194850451366458,-95.12970544063334,4.4775434,-2.4070113,0.0011817093,-67.02976,52.423393,-41.23855,2.422804,10.46674,11.298501,2.988614,69.68849,34.093075,31.39722,5.9744062,-2.9592159,-1.224684,2.1253371,1.9782765,12.982004,20.55175,10.573757,-9.984462,-16.608171,-1.1267177,-14.39035,-18.739449,10.741927,-7.1903524,16.67481
686,-20.107099533081055,13.046201705932617,67.14608001708984,0.1994845442346686,2.2860832086302834,-95.08464245529012,4.5138116,-2.3674982,-0.18493414,-67.425896,52.585667,-40.904602,2.242094,10.331331,11.292897,2.9409614,69.69211,34.141376,31.390871,5.949717,-2.9670043,-1.2139099,2.138284,2.0878475,12.955462,20.511158,10.334614,-9.839312,-16.603971,-1.0868394,-14.371943,-18.793821,10.742774,-7.1911755,16.661003
687,-20.12109375,13.070717811584473,67.14511108398438,0.19756689291597634,2.2500598372385445,-95.03521175119049,4.5374355,-2.335263,-0.3241398,-67.73557,52.73222,-40.706917,2.1238072,10.236313,11.257629,2.9052315,69.69395,34.164566,31.395933,5.8944435,-2.9552183,-1.2002085,2.1561496,2.1739988,12.938225,20.45608,10.142691,-9.716376,-16.599405,-1.0393258,-14.354642,-18.858267,10.741075,-7.191681,16.649675
688,-20.136844635009766,13.09485912322998,67.14519500732422,0.19602768850085786,2.2126941792317303,-94.98483794631426,4.546517,-2.3014476,-0.47751594,-68.08786,52.92042,-40.47783,2.1463661,10.178393,11.233035,2.8670886,69.69654,34.175785,31.399488,5.838907,-2.9308815,-1.1808548,2.1806707,1.8687123,13.068955,20.305738,10.68777,-9.921693,-16.60155,-0.98640585,-14.336542,-18.931795,10.738972,-7.19526,16.63769
689,-20.150104522705078,13.121086120605469,67.14456939697266,0.19518610901466757,2.1724248980491017,-94.93230268717572,4.526891,-2.2685955,-0.6344072,-68.45177,53.15473,-40.298595,2.4487612,10.229544,11.190539,2.8317635,69.70258,34.155087,31.407742,5.7829456,-2.882651,-1.1511943,2.2173543,2.0796385,13.00163,20.258444,10.265284,-9.70018,-16.594273,-0.92410344,-14.321468,-19.021894,10.737482,-7.2032795,16.628695
