Frame,root_translateX,root_translateY,root_translateZ,root_rotateX,root_rotateY,root_rotateZ,AAHead_yaw,Head_pitch,Left_Shoulder_Pitch,Left_Shoulder_Roll,Left_Elbow_Pitch,Left_Elbow_Yaw,Left_Wrist_Pitch,Left_Wrist_Yaw,Left_Hand_Roll,Right_Shoulder_Pitch,Right_Shoulder_Roll,Right_Elbow_Pitch,Right_Elbow_Yaw,Right_Wrist_Pitch,Right_Wrist_Yaw,Right_Hand_Roll,Waist,Left_Hip_Pitch,Left_Hip_Roll,Left_Hip_Yaw,Left_Knee_Pitch,Left_Ankle_Pitch,Left_Ankle_Roll,Right_Hip_Pitch,Right_Hip_Roll,Right_Hip_Yaw,Right_Knee_Pitch,Right_Ankle_Pitch,Right_Ankle_Roll
0,0.1567191481590271,-1.3703356981277466,68.0822525024414,-0.4702122265864888,2.193490165775484,-102.90473938597661,6.204565,-0.27763575,9.595235,-66.15646,32.724583,-38.901897,-4.1605315,4.1570096,-2.6922185,4.402511,64.81671,53.50797,47.979824,9.310896,-5.114635,-2.0464003,4.4556723,3.5816352,6.4353485,20.283737,10.646648,-11.923855,-9.317024,-0.92555803,-5.0727153,-9.214559,11.840397,-12.626847,6.922849
1,0.15636906027793884,-1.4259576797485352,68.08744049072266,-0.4904629394367238,2.293244231607585,-102.95058853782268,6.242678,-0.3570548,9.648482,-66.10441,32.670105,-39.014263,-4.2019534,4.1864085,-2.6324065,4.393899,64.8067,53.489773,47.909508,9.325561,-5.1527605,-2.050597,4.472189,3.5231378,6.445314,20.321463,10.662955,-11.964588,-9.323705,-0.9718346,-5.0591693,-9.203331,11.793591,-12.629335,6.925239
2,0.15545599162578583,-1.4783415794372559,68.09248352050781,-0.5117409831327183,2.390154285130025,-102.99998517212792,6.2798624,-0.43525058,9.684399,-66.05341,32.623634,-39.111534,-4.255457,4.217948,-2.5764413,4.385487,64.79142,53.471016,47.843628,9.339669,-5.192749,-2.0506418,4.486965,3.4929223,6.4472775,20.366972,10.620623,-11.972915,-9.330588,-1.0246162,-5.04377,-9.185867,11.755308,-12.63152,6.9251475
3,0.15309816598892212,-1.534780502319336,68.09721374511719,-0.532556102914662,2.492852631491565,-103.04232051345383,6.317541,-0.5143322,9.715701,-65.99376,32.58695,-39.19355,-4.3042793,4.228614,-2.523807,4.3757653,64.76947,53.451496,47.780903,9.3503275,-5.226995,-2.0524926,4.5051684,3.4389212,6.4556108,20.400423,10.610276,-11.995308,-9.338238,-1.0771334,-5.0296106,-9.179961,11.718302,-12.640566,6.9268327
4,0.14963029325008392,-1.5929334163665771,68.10426330566406,-0.5527529881091837,2.610350586113851,-103.06678244755746,6.356743,-0.5958542,9.741601,-65.92266,32.556133,-39.315716,-4.334309,4.237489,-2.4954967,4.3645506,64.739105,53.42266,47.732452,9.357221,-5.2511992,-2.0428216,4.531934,3.346893,6.4685364,20.406425,10.636279,-12.03373,-9.343286,-1.1170934,-5.0151944,-9.204214,11.641808,-12.636442,6.932271
5,0.14391764998435974,-1.6495029926300049,68.11233520507812,-0.5712372453921745,2.742099410189572,-103.07920706296231,6.4053297,-0.6590445,9.765728,-65.82986,32.549576,-39.50837,-4.2993603,4.258836,-2.4983318,4.3509207,64.69333,53.386387,47.703342,9.366919,-5.2572055,-2.0190594,4.5641646,3.2465389,6.475009,20.393444,10.615128,-12.035467,-9.348157,-1.1859642,-5.0057845,-9.245488,11.596182,-12.648926,6.938896
6,0.13685552775859833,-1.7099701166152954,68.12118530273438,-0.5891150206364129,2.8843832418378406,-103.08226014050268,6.4603763,-0.71070945,9.783002,-65.72995,32.568764,-39.70867,-4.2173886,4.255475,-2.5109777,4.3379164,64.63809,53.351902,47.679058,9.373518,-5.2424574,-1.9987432,4.600857,3.122052,6.484988,20.363867,10.618416,-12.049798,-9.353593,-1.2500978,-4.9968033,-9.3025875,11.532971,-12.659052,6.9480143
7,0.1323329210281372,-1.768549919128418,68.13133239746094,-0.611021263923933,3.040520979663661,-103.0609297663153,6.501326,-0.7837002,9.786161,-65.638145,32.60346,-39.866505,-4.2001595,4.2244334,-2.5045483,4.327044,64.584564,53.30465,47.665714,9.372851,-5.238477,-1.9767104,4.650094,2.9122815,6.518279,20.295248,10.740292,-12.112764,-9.351192,-1.2976928,-4.9849005,-9.401376,11.423748,-12.651059,6.9633875
8,0.12779375910758972,-1.8258739709854126,68.14482879638672,-0.6400851784757927,3.214529786628281,-103.00002074105515,6.5030313,-0.9039154,9.771457,-65.535255,32.642193,-39.90402,-4.367872,4.1098447,-2.4709897,4.3166556,64.52428,53.237106,47.661343,9.349087,-5.255856,-1.952627,4.7200456,2.639677,6.5668926,20.1743,10.900257,-12.173011,-9.337524,-1.2900511,-4.9592547,-9.570374,11.200799,-12.5982685,6.9845166
9,0.12488001585006714,-1.8878910541534424,68.16085815429688,-0.6743122386916771,3.4112244015557245,-102.90349122947997,6.4540367,-1.0905081,9.724401,-65.39007,32.71754,-39.804047,-4.857661,3.8527358,-2.4075904,4.307062,64.440956,53.127743,47.703266,9.327039,-5.3208632,-1.9074546,4.8131185,2.4060524,6.586945,20.008028,10.900506,-12.147976,-9.309048,-1.2527491,-4.928949,-9.808363,10.911746,-12.5271225,7.0158324
10,0.12279218435287476,-1.949901819229126,68.1783447265625,-0.7104039497594251,3.627624641135765,-102.77625943316735,6.368432,-1.3239014,9.647384,-65.23531,32.82098,-39.58673,-5.559369,3.486299,-2.3176446,4.3027177,64.35421,52.988445,47.769276,9.309954,-5.4181943,-1.8572983,4.9255795,2.116917,6.6137033,19.792635,10.93866,-12.131014,-9.26936,-1.3777671,-4.9291897,-10.088475,10.907317,-12.591942,7.055859
11,0.12153759598731995,-2.0094194412231445,68.19876861572266,-0.7531988813262223,3.854491282573174,-102.60567559545936,6.262979,-1.5808698,9.561077,-65.10388,32.908825,-39.29002,-6.2740064,3.132815,-2.209967,4.301706,64.28099,52.85136,47.805088,9.24317,-5.5081453,-1.8252661,5.0521064,1.8109851,6.6400123,19.538786,10.943084,-12.077445,-9.218675,-1.5021619,-4.9267273,-10.427741,10.902328,-12.662008,7.1017504
12,0.12746267020702362,-2.0643043518066406,68.22606658935547,-0.8038107610182741,4.084022111875426,-102.37778414477467,6.15404,-1.8376166,9.372915,-64.87625,33.1175,-38.95301,-7.0168085,2.9271228,-2.145447,4.318564,64.14229,52.695335,47.86144,9.073455,-5.5542397,-1.7658534,5.1886535,1.4708687,6.645881,19.270061,10.973681,-12.007364,-9.114905,-1.614201,-4.924006,-10.832423,10.89236,-12.733964,7.1583066
13,0.14416667819023132,-2.123616933822632,68.25611877441406,-0.8636907169487363,4.322399192533701,-102.09165660174821,6.0541315,-2.0927892,9.178863,-64.699005,33.28144,-38.55968,-7.568702,2.9132597,-2.0838568,4.346824,64.01478,52.554344,47.872097,8.845933,-5.557574,-1.7753137,5.3587008,1.0682992,6.6648617,19.047472,11.043858,-11.815461,-8.918959,-1.7130445,-4.9268374,-11.3276005,10.891541,-12.8244915,7.231733
14,0.16537383198738098,-2.17698335647583,68.28913879394531,-0.9304385721348941,4.571950284594375,-101.75380228499037,5.9517508,-2.3566296,8.907914,-64.5174,33.49165,-38.066414,-8.097673,3.0180988,-2.0408728,4.399865,63.851746,52.388626,47.90289,8.576291,-5.5372896,-1.8026617,5.556819,0.6097588,6.7063923,18.932236,11.151311,-11.46611,-8.620372,-1.8080474,-4.9293823,-11.902574,10.885831,-12.915383,7.313785
15,0.18676631152629852,-2.220086097717285,68.31488800048828,-1.003069205692768,4.817048801648629,-101.36429821234154,5.829502,-2.6236541,8.636035,-64.37752,33.652946,-37.538353,-8.497204,3.178888,-1.9729152,4.4605827,63.693245,52.28174,47.867428,8.124686,-5.4763455,-1.8235983,5.736309,0.14593884,6.764602,18.955118,11.287299,-11.0652,-8.31322,-1.9015316,-4.9262934,-12.507809,10.88643,-13.006735,7.4001794
16,0.20639309287071228,-2.25520658493042,68.32856750488281,-1.0767575996107803,5.042999244998031,-100.92294796692909,5.669451,-2.8885033,8.406967,-64.26591,33.730297,-37.05061,-8.736647,3.338492,-1.8565633,4.510746,63.551723,52.313274,47.702477,7.34442,-5.3586683,-1.7985065,5.8504868,-0.6736229,6.9708376,19.06138,12.219984,-11.110738,-8.1309595,-1.9828503,-4.917139,-13.094937,10.899255,-13.105974,7.491161
17,0.22747385501861572,-2.294471025466919,68.3304443359375,-1.1545668824089683,5.2484491763642795,-100.42961519644804,5.480964,-3.1522448,8.256062,-64.181,33.69883,-36.651623,-8.72244,3.5239549,-1.6586052,4.540929,63.44727,52.47405,47.33188,6.101607,-5.1298895,-1.7342819,5.9000273,-2.1571705,7.4566493,19.297709,14.562729,-11.799909,-8.074037,-2.0326896,-4.8993664,-13.665468,10.900588,-13.207135,7.594061
18,0.2500417232513428,-2.3323633670806885,68.32039642333984,-1.23623838345445,5.442284816447691,-99.88496773508726,5.268231,-3.4175816,8.103817,-64.08407,33.625095,-36.276733,-8.553811,3.7544174,-1.439371,4.5667324,63.32596,52.7636,46.851395,4.4663043,-4.827508,-1.6479018,5.9056554,-3.466334,7.927953,19.748203,16.656595,-12.329085,-8.077727,-1.7050165,-4.7804284,-14.269351,10.220517,-13.003132,7.703244
19,0.2677989602088928,-2.367546319961548,68.30274200439453,-1.3128294266112133,5.622362648078786,-99.28913384079512,5.005663,-3.6755855,7.939023,-63.968815,33.543854,-35.907124,-8.40758,3.967783,-1.2256386,4.5910487,63.176987,53.20441,46.341324,2.6916645,-4.536597,-1.4877462,5.8485293,-4.6276402,8.39665,20.392422,18.572865,-12.781811,-8.104401,-2.015593,-4.828879,-14.8045845,10.770431,-13.357697,7.8198576
20,0.27560847997665405,-2.413520336151123,68.2800064086914,-1.376315516552257,5.786609302307127,-98.64205402463887,4.667831,-3.917059,7.7882285,-63.8465,33.48244,-35.523373,-8.45592,4.0782566,-1.0198423,4.612568,63.02735,53.801064,45.88006,1.0434247,-4.372391,-1.2204332,5.7122498,-5.606129,8.850698,21.214819,20.261435,-13.186691,-8.114409,-2.0737877,-4.820049,-15.3310795,10.915052,-13.550468,7.932968
21,0.2779306173324585,-2.46020770072937,68.25476837158203,-1.425650277268888,5.935460981424126,-97.94208066337691,4.240602,-4.1536384,7.6459637,-63.69821,33.467762,-35.143127,-8.762094,4.0730977,-0.8163833,4.629353,62.867126,54.554626,45.43031,-0.602687,-4.3155837,-0.83335483,5.4714956,-6.3686347,9.292281,22.28142,21.68634,-13.526823,-8.123319,-1.890656,-4.747412,-15.823417,10.60601,-13.527658,8.040025
22,0.2755805253982544,-2.5108842849731445,68.22626495361328,-1.4642627045514474,6.069769091009581,-97.1891778169582,3.739784,-4.3849006,7.558596,-63.564655,33.453445,-34.784546,-9.198204,3.9804897,-0.5694856,4.64496,62.755714,55.362488,44.927746,-2.2247906,-4.342232,-0.31559098,5.141594,-6.9524183,9.730386,23.57808,22.91487,-13.8098,-8.143418,-1.6024715,-4.6451836,-16.284443,10.120048,-13.42482,8.145982
23,0.2709721624851227,-2.5620296001434326,68.1947021484375,-1.4910624895881863,6.188405942951158,-96.38610188231432,3.1859217,-4.590201,7.4875894,-63.38605,33.43146,-34.445908,-9.757741,3.837469,-0.36033517,4.6394935,62.642456,56.40985,44.483635,-3.6438344,-4.4795218,0.22068031,4.766987,-7.432913,10.159791,24.968685,24.051481,-14.096045,-8.129106,-1.7184502,-4.6785674,-16.716106,10.462004,-13.706764,8.26178
24,0.2657626271247864,-2.621544122695923,68.16082763671875,-1.5054918769637986,6.289781505699075,-95.53523708648227,2.599549,-4.7481165,7.4627113,-63.21492,33.343964,-34.10578,-10.353073,3.6583421,-0.18033156,4.602672,62.58594,57.538296,44.145695,-4.3782725,-4.7783284,0.85236925,4.393248,-7.8667374,10.5708275,26.318485,25.159634,-14.43544,-8.035953,-1.7541623,-4.7154393,-17.202356,10.749051,-13.98396,8.390477
25,0.26124438643455505,-2.68717098236084,68.1237564086914,-1.5087442448817985,6.370816186623607,-94.63709018958778,1.99168,-4.847039,7.491499,-63.04402,33.15021,-33.77211,-10.967335,3.4275804,-0.04892673,4.506383,62.61398,58.862267,43.875652,-4.2849126,-5.2351775,1.5649195,4.0182767,-8.26966,10.971746,27.635416,26.272753,-14.847126,-7.80714,-1.5202568,-4.691336,-17.757435,10.589704,-14.060547,8.531395
26,0.2638534605503082,-2.7707622051239014,68.08345031738281,-1.5019577730085032,6.4326300246543875,-93.69007971769044,1.3499608,-4.900881,7.565566,-62.91194,32.87198,-33.41352,-11.605636,3.1294844,0.067642115,4.378517,62.733814,60.24297,43.640976,-3.4767816,-5.835013,2.425274,3.6224103,-8.601749,11.357936,28.979187,27.333899,-15.2973,-7.481635,-1.1700623,-4.6571307,-18.35001,10.315517,-14.110014,8.693956
27,0.26851898431777954,-2.857088327407837,68.04010009765625,-1.4840796630031623,6.479924396867727,-92.69423986875347,0.6605396,-4.9272575,7.6531396,-62.820736,32.55692,-32.998577,-12.268442,2.8084517,0.16159804,4.256762,62.892612,61.554043,43.505836,-2.2080977,-6.5468855,3.4186165,3.2260067,-8.834189,11.697332,30.29387,28.255716,-15.747857,-7.160606,-0.6228986,-4.5728493,-19.004684,9.726771,-14.024575,8.866461
28,0.27549058198928833,-2.954838514328003,67.99191284179688,-1.4540450719490967,6.517109321897637,-91.65056806807893,-0.08995508,-4.9437284,7.801983,-62.719555,32.146725,-32.610374,-12.899632,2.541821,0.1893025,4.04319,63.158203,62.99752,43.307632,-0.97521704,-7.277866,4.380623,2.849727,-8.935991,11.954758,31.525639,28.940811,-16.154314,-6.94825,-0.2712589,-4.5815306,-19.708015,9.606344,-14.173176,9.055852
29,0.2916434705257416,-3.0642807483673096,67.93572235107422,-1.4134819796716984,6.542146964429075,-90.55564683162828,-0.90900826,-4.9456515,7.978216,-62.63678,31.718588,-32.182858,-13.5810995,2.3126707,0.17893282,3.8003776,63.477642,64.31422,43.192513,0.5392552,-8.133028,5.5427747,2.4962182,-8.883181,12.118518,32.713806,29.34146,-16.497118,-6.8893576,-0.5970636,-4.8839574,-20.426407,10.898247,-14.97641,9.275408
30,0.299775093793869,-3.172102451324463,67.87271881103516,-1.3647986732769333,6.552568948595486,-89.4112919829018,-1.7874187,-4.9278674,8.2503,-62.549416,31.16231,-31.802786,-14.243699,2.1233435,0.1110751,3.4291034,63.97621,65.812515,42.93224,2.2186747,-9.027282,6.783364,2.1575186,-8.7003565,12.199619,33.871315,29.509533,-16.797686,-6.9278083,-0.1497999,-4.907436,-21.269365,10.78173,-15.16487,9.487335
31,0.31707197427749634,-3.2993600368499756,67.80558776855469,-1.3016294313735353,6.552456161823687,-88.22237639804715,-2.71638,-4.9066963,8.598085,-62.4676,30.547043,-31.467594,-14.864277,1.9699583,0.025554512,2.949037,64.61862,67.27054,42.540672,3.892229,-9.862526,8.0659685,1.8333514,-8.445846,12.199613,34.904346,29.516785,-17.080078,-7.0117183,0.96224254,-4.6862216,-22.224094,9.433671,-14.806654,9.71498
32,0.340150386095047,-3.4386589527130127,67.73458862304688,-1.2174741122724158,6.545119302855317,-86.9939913334482,-3.6869922,-4.8981028,8.99157,-62.391792,29.905767,-31.17734,-15.391256,1.8602725,-0.06808822,2.389501,65.33958,68.59332,42.060394,5.273649,-10.543878,9.245765,1.5215671,-8.182638,12.12588,35.719273,29.445894,-17.37496,-7.0870147,0.7899203,-5.043592,-23.120497,10.708741,-15.650421,9.983288
33,0.35912850499153137,-3.5861618518829346,67.66008758544922,-1.0934819219666794,6.5270485992273874,-85.72107552598656,-4.7080374,-4.9113474,9.244037,-62.356995,29.459929,-30.730497,-15.976413,1.7615377,-0.17473097,2.0430377,65.78234,69.38057,42.033092,6.605786,-11.183355,10.456666,1.2255651,-7.861169,11.98112,36.486454,29.266645,-17.709455,-7.2133427,1.8097496,-4.9256487,-24.1756,9.684125,-15.461172,10.251855
34,0.38031190633773804,-3.723904609680176,67.5810775756836,-0.946584560852272,6.494460245955454,-84.40381413478744,-5.7799883,-4.9382024,9.573972,-62.329422,28.942612,-30.327118,-16.474558,1.6955931,-0.30745244,1.6034254,66.31988,70.092766,41.96063,7.722202,-11.769828,11.634095,0.9440693,-7.4729643,11.794794,37.28758,28.984623,-18.097164,-7.588098,1.6496527,-5.3901525,-25.1838,11.092847,-16.371334,10.554306
35,0.3916991949081421,-3.87615704536438,67.50640106201172,-0.7789523663952617,6.451293266417106,-83.0528187913754,-6.883143,-4.97056,10.032382,-62.303062,28.253086,-30.096678,-16.765411,1.721945,-0.45511726,0.987467,67.01872,70.86725,41.586937,8.5002,-12.119588,12.554685,0.6728347,-7.1535134,11.493679,37.59972,28.655329,-18.430994,-8.047612,2.3945482,-5.4427075,-26.315285,10.745361,-16.492449,10.84639
36,0.4037129580974579,-4.045660972595215,67.43041229248047,-0.5882877221575892,6.401574012546104,-81.67728058375495,-8.000326,-5.0004463,10.330156,-62.293945,27.79233,-29.699596,-17.107483,1.689981,-0.602949,0.5752811,67.42445,71.221756,41.75823,9.382983,-12.522039,13.201927,0.40108457,-6.9738364,11.083127,37.23355,28.330275,-18.646553,-8.335942,2.8105528,-5.6898627,-27.438835,11.129639,-16.942678,11.15461
37,0.4205210208892822,-4.215210914611816,67.36506652832031,-0.3695692583713893,6.3460974248442446,-80.27512316896865,-9.127522,-5.0299354,10.7328615,-62.294033,27.201689,-29.442062,-17.18105,1.6915485,-0.7670873,-0.0037362634,67.89515,71.50902,41.84493,9.968891,-12.814986,13.486566,0.13181327,-6.846077,10.576304,36.333187,27.869877,-18.727213,-8.438862,3.3232856,-5.887152,-28.593838,11.277578,-17.25209,11.438917
38,0.43505075573921204,-4.389248847961426,67.31561279296875,-0.1302182751644239,6.278476871961211,-78.84247670951068,-10.274313,-5.0615044,11.219948,-62.300186,26.556875,-29.286554,-17.08589,1.7156463,-0.9248875,-0.730264,68.38593,71.7285,41.91469,10.270681,-13.016503,13.488547,-0.12808196,-6.8317533,10.052664,35.107998,27.508562,-18.837019,-8.498856,3.9163196,-6.0497704,-29.789564,11.285517,-17.479374,11.69816
39,0.4399506449699402,-4.561631202697754,67.27436065673828,0.11939487066088493,6.1919932325256095,-77.38868117917413,-11.440366,-5.0917573,11.638097,-62.308273,25.98783,-29.05662,-17.01404,1.7126977,-1.0812938,-1.383551,68.73239,71.75905,42.271606,10.604773,-13.204253,13.226029,-0.38839325,-6.772738,9.4803,33.77628,27.042341,-18.867123,-8.546847,4.5235596,-6.2096386,-31.00566,11.295693,-17.640263,11.899097
40,0.4437703490257263,-4.728693008422852,67.21517181396484,0.3767898804199858,6.081462942274561,-75.92617585407724,-12.622197,-5.117501,12.30438,-62.30326,25.126986,-29.05381,-16.836563,1.7109061,-1.2049928,-2.404525,69.21094,72.031,42.422535,10.778066,-13.269424,12.810371,-0.66023535,-6.7865624,8.98507,32.49871,26.81976,-18.95507,-8.542424,5.075668,-6.4135404,-32.215706,11.456823,-17.70769,11.99122
41,0.44690462946891785,-4.905165195465088,67.16139221191406,0.6360031690655344,5.939059033012052,-74.44686108700762,-13.827389,-5.1350975,12.90039,-62.279205,24.316938,-28.958973,-16.765823,1.6550478,-1.3299423,-3.322624,69.5649,72.166565,42.866657,11.139251,-13.376254,12.1224375,-0.9430792,-6.7750163,8.514237,31.30816,26.648935,-19.000887,-8.468349,5.6877737,-6.585896,-33.471855,11.57688,-17.516687,11.923561
42,0.45250505208969116,-5.083140850067139,67.10551452636719,0.9031057683822302,5.766525066770577,-72.94853915254942,-15.0549345,-5.1473093,13.456807,-62.25363,23.506554,-28.806738,-16.711927,1.5640606,-1.4625243,-4.1779113,69.78363,72.12129,43.60089,11.638029,-13.508116,11.2072315,-1.23554,-6.782068,8.06215,30.116617,26.5811,-19.04458,-8.345939,5.9856243,-6.9969378,-34.743572,12.475796,-17.342093,11.665092
43,0.4541747272014618,-5.252014636993408,67.04063415527344,1.1596002209137903,5.5750820972700925,-71.44759862424078,-16.292904,-5.1521378,13.993122,-62.22414,22.67139,-28.60354,-16.724184,1.4428467,-1.578695,-4.9871826,69.874016,71.951805,44.62578,12.31507,-13.585009,10.145616,-1.5310761,-6.833827,7.6581664,28.92891,26.642227,-19.116758,-8.2040205,4.857981,-8.479805,-35.819492,16.591665,-18.109226,11.193678
44,0.4549756646156311,-5.422579765319824,66.97708892822266,1.3862756815652482,5.379360439063409,-69.96000536823452,-17.52894,-5.148317,14.52214,-62.181854,21.80008,-28.350035,-16.865202,1.2946408,-1.6585315,-5.761125,69.851425,71.71251,45.937374,13.215851,-13.526085,9.014855,-1.8220551,-6.8854775,7.2949543,27.758331,26.72841,-19.20074,-8.074282,3.77313,-9.986702,-36.77395,20.58616,-18.140472,10.440708
45,0.4712587296962738,-5.605966091156006,66.91394805908203,1.5825925527252191,5.1859000645996405,-68.4821434946107,-18.768402,-5.144846,15.053448,-62.1189,20.896206,-28.0538,-17.179787,1.1207851,-1.6876113,-6.5091996,69.72888,71.43647,47.514435,14.427138,-13.283411,7.7565026,-2.1028092,-6.926362,6.958895,26.603765,26.818499,-19.298292,-7.9553943,2.6533124,-11.576595,-37.58732,24.671602,-17.487236,9.477919
46,0.49222296476364136,-5.786847114562988,66.85509490966797,1.7548386645017642,4.989440491835169,-67.00791838965651,-20.014925,-5.1378803,15.593726,-62.034286,19.955164,-27.72786,-17.624437,0.9222817,-1.6801363,-7.233169,69.509476,71.12013,49.34768,15.883732,-12.908034,6.3594217,-2.3775592,-6.9724536,6.64945,25.460428,26.929182,-19.394342,-7.831934,1.4890826,-13.2624855,-38.289463,28.904188,-16.318216,8.373695
47,0.5221717357635498,-5.96551513671875,66.80413818359375,1.8957155969034558,4.790215298019887,-65.55022723420161,-21.253094,-5.1054087,16.146791,-61.931335,18.957054,-27.3781,-18.131737,0.7014061,-1.6596444,-7.9259243,69.192894,70.75181,51.457912,17.404085,-12.456709,4.972586,-2.6529055,-7.000723,6.366629,24.337969,27.027382,-19.485304,-7.709836,0.26304823,-14.998094,-38.84089,33.17314,-14.782344,7.0963974
48,0.5665593147277832,-6.155481338500977,66.75730895996094,1.9987612090989093,4.588911554396432,-64.12158071247958,-22.467178,-5.022345,16.714243,-61.81577,17.878422,-27.007727,-18.630804,0.45975953,-1.649321,-8.577907,68.77259,70.308754,53.865345,18.807413,-11.974621,3.7465425,-2.9358544,-6.9894423,6.1184244,23.24498,27.10015,-19.58374,-7.6006103,-1.0266321,-16.713991,-39.21628,37.31359,-13.010456,5.600602
49,0.6054391860961914,-6.340141773223877,66.71749114990234,2.0634168372723636,4.388222398131695,-62.72193683223501,-23.651146,-4.8595877,17.295408,-61.6948,16.689575,-26.617027,-19.091608,0.19746886,-1.6535816,-9.178269,68.23291,69.77663,56.595047,20.05224,-11.450406,2.6891384,-3.2368503,-6.9526005,5.913698,22.186367,27.149462,-19.682411,-7.5040603,-2.453502,-18.448576,-39.41526,41.42241,-10.912582,3.7263913
50,0.6594942808151245,-6.532208442687988,66.68525695800781,2.091962891231065,4.191855900250609,-61.345163219567134,-24.813612,-4.6346283,17.889753,-61.569317,15.399323,-26.200972,-19.545221,-0.0894072,-1.6597769,-9.716993,67.56192,69.16181,59.647873,21.218725,-10.841058,1.7420694,-3.5485978,-6.87729,5.73811,21.157522,27.159973,-19.781841,-7.413313,-3.9818845,-20.216871,-39.509403,45.50856,-8.352341,1.4902421
51,0.7162135243415833,-6.741245269775391,66.66184997558594,2.082827186366452,4.002611076390638,-59.99474636455988,-25.960115,-4.391373,18.497087,-61.434338,14.047803,-25.75577,-20.018503,-0.4047938,-1.6659802,-10.190063,66.75987,68.47112,63.003464,22.297094,-10.135491,0.95528054,-3.8514636,-6.7685256,5.6069355,20.143423,27.13155,-19.868324,-7.3426886,-5.475545,-21.91984,-39.56501,49.323242,-5.5001316,-0.83206946
52,0.7650859355926514,-6.954911231994629,66.64313507080078,2.0371279906124298,3.822699105513822,-58.674579518595465,-27.09654,-4.1749096,19.117699,-61.282887,12.681994,-25.278435,-20.545553,-0.75170964,-1.6724532,-10.600068,65.83802,67.714836,66.62663,23.272951,-9.322857,0.3738006,-4.1263304,-6.670126,5.5362144,19.128164,27.118996,-19.945944,-7.2967863,-6.8249817,-23.455933,-39.60559,52.65635,-2.6035888,-2.9254038
53,0.8247151970863342,-7.171175479888916,66.62885284423828,1.9492791964185274,3.6492508851795633,-57.390844058421365,-28.224907,-3.9919295,19.755693,-61.108463,11.301113,-24.759731,-21.172932,-1.1518744,-1.6826417,-10.948581,64.79906,66.891716,70.532196,24.07593,-8.344264,0.02490225,-4.3749423,-6.5731206,5.524116,18.120306,27.127256,-20.024618,-7.270339,-8.002637,-24.786783,-39.64597,55.40947,0.67121214,-4.8605375
54,0.8883584141731262,-7.391606330871582,66.62336730957031,1.8220520304840848,3.4857650966098794,-56.139146235004645,-29.34202,-3.8162353,20.410164,-60.91308,9.889522,-24.203602,-21.878006,-1.5978718,-1.7000132,-11.235199,63.637997,66.00204,74.70787,24.68538,-7.1991506,-0.12322695,-4.605387,-6.466679,5.5653615,17.123844,27.127642,-20.094398,-7.2632256,-9.079176,-25.985678,-39.68342,57.75833,4.3073,-6.757492
55,0.9500429034233093,-7.621359825134277,66.62998962402344,1.6679653236701124,3.3431552780450984,-54.90753865473543,-30.446247,-3.6458075,21.069094,-60.703796,8.472735,-23.621145,-22.58949,-2.050544,-1.7231348,-11.464027,62.36637,65.05821,79.067665,25.168993,-5.9699583,-0.12297815,-4.808964,-6.347723,5.6423826,16.123016,27.0752,-20.130972,-7.2748528,-10.1311245,-27.050049,-39.623554,59.875008,7.55109,-8.328238
56,1.0078996419906616,-7.877523422241211,66.65032196044922,1.501250474314293,3.2314948850797256,-53.68410668475034,-31.536207,-3.4761605,21.712181,-60.489006,7.084262,-23.015001,-23.239317,-2.4720612,-1.748508,-11.646963,61.006023,64.073715,83.517746,25.603767,-4.7432656,-0.034966093,-4.977254,-6.1994047,5.737503,15.102873,26.9148,-20.111746,-7.3081417,-11.271883,-27.940142,-39.30666,61.913086,9.667888,-9.244157
57,1.0767840147018433,-8.147591590881348,66.68354797363281,1.326195566922141,3.1547832328365146,-52.46569660694086,-32.6075,-3.3030508,22.323645,-60.271538,5.7377496,-22.3583,-23.849407,-2.875026,-1.7836658,-11.798991,59.5723,63.04421,88.05281,25.983389,-3.5090702,0.1371363,-5.0903153,-6.0427423,5.8377743,14.041314,26.66202,-20.042265,-7.350744,-12.63022,-28.56152,-38.52603,63.94689,10.222425,-9.243665
58,1.1435836553573608,-8.409682273864746,66.72462463378906,1.1390064201809766,3.108807728436256,-51.25881762316161,-33.662384,-3.127026,22.896893,-60.05046,4.4252777,-21.63371,-24.444805,-3.2787085,-1.8295984,-11.928929,58.07134,61.96822,92.67846,26.246576,-2.2316542,0.40170372,-5.1587415,-5.91648,5.9609704,12.948576,26.384327,-19.941769,-7.4015803,-14.162227,-28.907257,-37.37809,65.88104,9.688997,-8.53406
59,1.2169108390808105,-8.69861125946045,66.78086853027344,0.9415420234166736,3.091385785911949,-50.06512991923308,-34.709488,-2.9586213,23.425749,-59.828552,3.1469655,-20.861017,-24.961132,-3.6544824,-1.8696846,-12.04337,56.51206,60.857296,97.32296,26.40031,-0.96076894,0.7115996,-5.220697,-5.731966,6.105773,11.869875,25.977186,-19.785376,-7.4708734,-15.724918,-29.08492,-36.148994,67.621155,8.697229,-7.491878
60,1.2856930494308472,-9.006388664245605,66.85137176513672,0.7351665142151508,3.1000502490030866,-48.886759360705675,-35.757725,-2.809656,23.904644,-59.608963,1.9028374,-20.060976,-25.333132,-3.9741137,-1.8839035,-12.146892,54.911064,59.72262,101.90854,26.468477,0.25110325,1.0162227,-5.314061,-5.4840884,6.2827377,10.844107,25.442244,-19.571718,-7.5590835,-17.17131,-29.215775,-35.098263,69.0632,7.8970413,-6.4729137
61,1.355414867401123,-9.330513000488281,66.93093872070312,0.5165964767703185,3.138417280247994,-47.724389178852114,-36.815792,-2.675309,24.32848,-59.388683,0.68763024,-19.23205,-25.515299,-4.2224483,-1.8497308,-12.251446,53.283672,58.557716,106.44641,26.492298,1.3609208,1.3017243,-5.450288,-5.17654,6.499056,9.87753,24.78895,-19.309425,-7.6640577,-18.482925,-29.30863,-34.240383,70.17368,7.3708334,-5.485136
62,1.4274004697799683,-9.663846015930176,67.02111053466797,0.28887791958450765,3.207678273307298,-46.57688286118398,-37.877106,-2.5496619,24.697884,-59.16537,-0.49575442,-18.36247,-25.551334,-4.4187627,-1.780355,-12.368789,51.628902,57.34104,110.95702,26.437979,2.395801,1.5827332,-5.608394,-4.8240094,6.748913,8.949779,24.024038,-18.995968,-7.78125,-19.72208,-29.339907,-33.469368,71.026276,6.7906156,-4.3930216
63,1.5026912689208984,-10.007683753967285,67.1155776977539,0.061797691324280424,3.300985919362981,-45.44340788539278,-38.92769,-2.4380226,25.019573,-58.942863,-1.6362332,-17.464369,-25.50905,-4.5855026,-1.7066274,-12.49519,49.961327,56.07973,115.35998,26.24837,3.4018583,1.8378263,-5.778507,-4.4440255,7.0244,8.059925,23.18663,-18.647884,-7.9080772,-20.87341,-29.358662,-32.819454,71.649635,6.233729,-3.2975037
64,1.5704072713851929,-10.360079765319824,67.2122802734375,-0.15609050257844914,3.410936498821711,-44.3233921071532,-39.954018,-2.3468602,25.30345,-58.727028,-2.7247455,-16.553188,-25.45504,-4.745438,-1.6581537,-12.625717,48.27439,54.755016,119.604805,25.846184,4.422877,2.0731394,-5.9505935,-4.0534897,7.320864,7.20706,22.303938,-18.269264,-8.045453,-21.92816,-29.408348,-32.316914,72.074295,5.7801538,-2.2934911
65,1.646332859992981,-10.718207359313965,67.31200408935547,-0.36775007070997273,3.5326017261270475,-43.21705927848773,-40.95517,-2.2697833,25.556175,-58.515594,-3.7729778,-15.633948,-25.378489,-4.8952227,-1.629482,-12.805825,46.706436,53.41468,122.62441,25.316189,6.339429,1.8810751,-6.1320953,-3.6129735,7.631632,6.403141,21.327099,-17.84623,-8.185648,-22.881096,-29.484268,-31.954597,72.28102,5.4854784,-1.3889681
66,1.7081360816955566,-11.090916633605957,67.40992736816406,-0.5756324826424188,3.6680937065016668,-42.1233017257776,-41.939735,-2.2033112,25.780973,-58.30476,-4.781994,-14.711356,-25.25471,-5.0220037,-1.605018,-13.3911,45.883125,52.387413,122.62441,25.00354,10.254824,0.8240667,-6.326319,-3.1367843,7.977125,5.642833,20.272066,-17.381937,-8.343028,-23.735899,-29.57509,-31.71823,72.25978,5.304737,-0.54165137
67,1.7680320739746094,-11.465630531311035,67.501708984375,-0.7698320641261688,3.8246373440872077,-41.043380232363944,-42.904846,-2.1640491,25.982336,-58.100918,-5.7350655,-13.79909,-25.12593,-5.137901,-1.6014023,-14.345104,45.52477,51.739246,122.62441,24.775915,13.539983,0.023299105,-6.513083,-2.7021587,8.3405695,4.907148,19.25075,-16.92069,-8.505625,-24.506538,-29.721767,-31.617496,72.06523,5.1627803,0.2359164
68,1.833287239074707,-11.844868659973145,67.58534240722656,-0.9387965669642108,4.005217788789874,-39.973618594818326,-43.852863,-2.1670675,26.165262,-57.912937,-6.6083236,-12.914338,-25.034214,-5.253143,-1.6317028,-15.618717,45.45516,51.419594,122.62441,24.55008,16.305378,-0.5594921,-6.6772623,-2.348446,8.705757,4.1809244,18.319365,-16.485521,-8.670172,-25.200724,-29.96552,-31.665173,71.74647,4.9874063,0.93013054
69,1.9031643867492676,-12.237083435058594,67.66117095947266,-1.0812626123385316,4.212450711377069,-38.912730854238674,-44.783398,-2.2155097,26.333323,-57.744396,-7.3956685,-12.06566,-24.99202,-5.3694143,-1.7050034,-17.16428,45.573273,51.376385,122.62441,24.151068,18.674913,-0.93606454,-6.800446,-2.0800257,9.072083,3.4451225,17.469944,-16.068714,-8.839135,-25.81099,-30.331236,-31.883379,71.31773,4.7647123,1.5471044
70,1.9668601751327515,-12.627460479736328,67.72618865966797,-1.2016917018189115,4.442376977945755,-37.86252259731941,-45.69639,-2.3006048,26.488161,-57.593025,-8.1100025,-11.250087,-24.977493,-5.480133,-1.8098835,-18.936663,45.823433,51.559376,122.62441,23.5955,20.720907,-1.1287555,-6.895825,-1.9249125,9.444326,2.7052639,16.750015,-15.687175,-9.01279,-26.334906,-30.798206,-32.26069,70.75362,4.537219,2.091233
71,2.0290791988372803,-13.018024444580078,67.78067779541016,-1.2973415433831494,4.687094002733011,-36.822293421137545,-46.594887,-2.4250395,26.632107,-57.459236,-8.755649,-10.468945,-24.981237,-5.581307,-1.9287386,-20.887794,46.182274,51.950348,122.62441,23.158241,22.405388,-1.1998034,-6.9961596,-1.8490864,9.81631,1.9989295,16.139353,-15.347171,-9.194598,-26.79061,-31.340061,-32.758526,70.05267,4.3144493,2.547151
72,2.0755860805511475,-13.41574478149414,67.82048034667969,-1.365439722511894,4.9386665323667165,-35.79174281060738,-47.481937,-2.5913146,26.766642,-57.344128,-9.33502,-9.720312,-24.994188,-5.6724815,-2.0438886,-22.971539,46.640938,52.527233,122.62441,23.129972,23.680841,-1.2306573,-7.133998,-1.8435907,10.193267,1.3599,15.65392,-15.06518,-9.398032,-27.196217,-31.92633,-33.339256,69.21069,4.105895,2.9009697
73,2.1130926609039307,-13.816997528076172,67.84922790527344,-1.4038270272679552,5.196755371428484,-34.76899933492559,-48.36832,-2.8140256,26.893715,-57.247467,-9.832037,-9.018737,-25.014862,-5.742891,-2.1621776,-25.15588,47.194088,53.26037,122.62441,23.602234,24.539598,-1.2470052,-7.3155217,-1.8885907,10.565694,0.803853,15.261539,-14.830286,-9.616574,-27.563314,-32.577694,-34.013485,68.25817,3.8795033,3.1265814
74,2.1518678665161133,-14.231125831604004,67.86393737792969,-1.4143254375429064,5.463181035267275,-33.754075334228496,-49.249985,-3.0880663,27.014124,-57.168655,-10.250071,-8.364085,-25.049093,-5.794523,-2.2889438,-27.421242,47.829662,54.1217,122.62441,24.426512,25.043629,-1.2354257,-7.524457,-1.987043,10.933455,0.3116128,14.96713,-14.646722,-9.849499,-27.880037,-33.29524,-34.799957,67.19315,3.6401713,3.2462463
75,2.187805652618408,-14.650349617004395,67.86473083496094,-1.4010628079378518,5.732725272620696,-32.749976575714015,-50.106712,-3.386464,27.128119,-57.110035,-10.624676,-7.7347775,-25.095404,-5.842554,-2.4032724,-29.746803,48.53337,55.094803,122.62441,25.538078,25.24451,-1.2244908,-7.7597466,-2.1624289,11.296763,-0.13430247,14.817132,-14.531053,-10.100244,-28.138727,-34.01957,-35.665714,65.973076,3.4486895,3.3211303
76,2.21451735496521,-15.071578025817871,67.85224914550781,-1.3684611475804023,6.000634127254396,-31.759639219914735,-50.918,-3.6832976,27.236454,-57.0752,-10.995489,-7.1107225,-25.14847,-5.9023647,-2.4832149,-32.110905,49.288273,56.164562,122.62441,26.873083,25.191792,-1.2356693,-8.020514,-2.430855,11.658658,-0.55035484,14.845989,-14.495322,-10.375195,-28.33437,-34.691032,-36.575665,64.553345,3.3639708,3.4105053
77,2.236685276031494,-15.500536918640137,67.82366943359375,-1.3151699540435757,6.268653271542448,-30.779696534792446,-51.681602,-3.9908981,27.337177,-57.063904,-11.371804,-6.509528,-25.16843,-5.9584928,-2.5124385,-34.501232,50.090397,57.326,122.62441,28.656904,24.860727,-1.3060374,-8.321071,-2.7874985,12.018162,-0.9267423,15.056064,-14.551572,-10.678547,-28.496439,-35.304058,-37.51284,62.936924,3.382822,3.474789
78,2.2464473247528076,-15.933423042297363,67.7799072265625,-1.239959409925589,6.536975386093511,-29.8094685686692,-52.40683,-4.317743,27.431267,-57.075287,-11.737878,-5.9376802,-25.165882,-6.00797,-2.5049932,-36.907112,50.93452,58.577255,122.62441,30.843767,24.250856,-1.4001439,-8.657436,-3.2383506,12.373969,-1.262605,15.443381,-14.690764,-11.007938,-28.631536,-35.883366,-38.49284,61.16046,3.4704006,3.5078237
79,2.247710943222046,-16.370132446289062,67.71524810791016,-1.1478336416581276,6.799310452093779,-28.855310482255113,-53.091404,-4.6318464,27.524954,-57.112934,-12.095039,-5.354351,-25.213238,-6.088986,-2.485109,-39.311703,51.79786,59.89586,122.62441,32.95273,23.465881,-1.4334513,-9.0012045,-3.816357,12.72535,-1.589129,16.07004,-14.931085,-11.357231,-28.698746,-36.407566,-39.525078,59.21075,3.6490686,3.622783
80,2.245467185974121,-16.812524795532227,67.62947845458984,-1.0443464758484966,7.049084991259342,-27.923825662230293,-53.73306,-4.9035993,27.62717,-57.182568,-12.4489975,-4.7223735,-25.380259,-6.239575,-2.4759753,-41.69607,52.643597,61.231667,122.62441,34.49178,22.634293,-1.3379718,-9.323541,-4.512969,13.071989,-1.9292349,16.924223,-15.257383,-11.720662,-28.658049,-36.852993,-40.616684,57.06813,3.9441714,3.931881
81,2.2475972175598145,-17.25642967224121,67.52344512939453,-0.9323863040295418,7.285072667637927,-27.014643397309463,-54.323975,-5.1254854,27.742826,-57.285107,-12.79085,-4.052167,-25.682224,-6.4775558,-2.4705365,-44.03005,53.431023,62.527645,122.62441,35.406834,21.874401,-1.1898949,-9.614167,-5.331049,13.408597,-2.2904134,18.008121,-15.666872,-12.093515,-28.44786,-37.191303,-41.840137,54.635056,4.426759,4.5254126
82,2.2387356758117676,-17.706344604492188,67.404541015625,-0.8100371805164621,7.509927622816531,-26.124362910827557,-54.86757,-5.314465,27.87041,-57.41997,-13.123091,-3.3621624,-26.084133,-6.7798877,-2.4605277,-46.30218,54.142273,63.766193,122.62441,35.923954,21.155338,-1.0151958,-9.889678,-6.37796,13.692882,-2.683499,19.57308,-16.310247,-12.442713,-28.111502,-37.408886,-43.15673,51.918022,5.079325,5.333608
83,2.2315449714660645,-18.15997886657715,67.26226806640625,-0.6754229752545854,7.722543106879189,-25.25521325718496,-55.37883,-5.4782376,28.008904,-57.591167,-13.470121,-2.6264033,-26.577532,-7.1242094,-2.4672773,-48.50147,54.76326,64.96224,122.62441,36.01012,20.393457,-0.7145544,-10.162054,-7.4613957,13.967712,-3.0624566,21.232635,-16.990374,-12.804362,-27.809784,-37.55392,-44.373497,49.139,5.7606297,6.229271
84,2.221560478210449,-18.626522064208984,67.09373474121094,-0.5264121085610399,7.921503076448568,-24.40986791343769,-55.872417,-5.619915,28.15818,-57.805172,-13.860277,-1.8211149,-27.151325,-7.487746,-2.510702,-50.61975,55.285892,66.13449,122.62441,35.63479,19.494898,-0.19390874,-10.442877,-8.551022,14.237203,-3.4159179,22.949549,-17.696035,-13.179242,-27.68541,-37.690754,-45.314934,46.51602,6.3206544,7.0757017
85,2.2080302238464355,-19.10034942626953,66.89569091796875,-0.36272806484852455,8.112235128508098,-23.582231253986023,-56.350815,-5.73703,28.319912,-58.067287,-14.301901,-0.93935,-27.880852,-7.910529,-2.6107278,-52.670307,55.690556,67.268616,122.62441,34.481808,18.478693,0.57467115,-10.723384,-9.721381,14.494698,-3.774607,24.823439,-18.434711,-13.5624895,-27.749138,-37.808514,-45.963913,44.01405,6.8063984,7.8981075
86,2.193302631378174,-19.589305877685547,66.6729736328125,-0.1865866738626289,8.292308538237021,-22.772909117867595,-56.806667,-5.829188,28.493877,-58.37729,-14.783452,0.0016866756,-28.745373,-8.388393,-2.7530077,-54.653923,55.973953,68.35465,122.62441,32.695934,17.35877,1.4760015,-11.002273,-10.982865,14.741978,-4.137728,26.878426,-19.223867,-13.954949,-27.960613,-37.921696,-46.37761,41.610226,7.2319465,8.743616
87,2.178250312805176,-20.085559844970703,66.42970275878906,0.0008579627909584215,8.448740862430354,-21.994018516517887,-57.240498,-5.907694,28.676155,-58.731934,-15.300374,0.98840475,-29.589258,-8.831371,-2.9019945,-56.547344,56.166588,69.41089,122.62441,30.927925,16.05022,2.4274998,-11.301159,-12.1563225,15.000642,-4.4327497,28.86893,-20.024536,-14.364302,-28.373299,-38.134876,-46.514336,39.53497,7.398158,9.506292
88,2.1559462547302246,-20.593076705932617,66.16496276855469,0.19824999605131757,8.568622024649423,-21.257615540072944,-57.653625,-5.9792805,28.862318,-59.12547,-15.849507,2.008907,-30.25217,-9.1505,-3.016934,-58.307026,56.306164,70.45296,122.62441,29.831041,14.4971,3.395725,-11.642217,-13.064179,15.296337,-4.5843973,30.553514,-20.80062,-14.799899,-29.046925,-38.53679,-46.336094,38.01327,7.1106634,10.08778
89,2.1281518936157227,-21.112882614135742,65.88426208496094,0.40957779480465845,8.641453081828793,-20.551486607277912,-58.047344,-6.042604,29.05058,-59.551964,-16.410206,3.0534775,-30.683653,-9.307197,-3.0695639,-59.885696,56.408627,71.49049,122.62441,29.605968,12.72208,4.464482,-12.043621,-13.688383,15.636843,-4.562289,31.928196,-21.549665,-15.262168,-30.11663,-39.11977,-45.641823,37.14059,6.120483,10.451761
90,2.1037869453430176,-21.645828247070312,65.58216857910156,0.6327662431925082,8.675244476490162,-19.874225122122148,-58.4214,-6.09476,29.2405,-60.01127,-16.98645,4.132756,-30.9719,-9.353003,-3.0842767,-61.269478,56.452793,72.4974,122.62441,29.920738,10.78193,5.691078,-12.49005,-14.115535,16.013166,-4.403473,33.10808,-22.288519,-15.747159,-31.565977,-39.83562,-44.483677,36.833096,4.563636,10.659534
91,2.0839474201202393,-22.190982818603516,65.26588439941406,0.8575255803390045,8.68665918351732,-19.25469577082664,-58.774944,-6.1439266,29.433083,-60.50747,-17.615509,5.2566624,-31.160414,-9.329511,-3.0937617,-62.470192,56.405476,73.434044,122.62441,30.61113,8.701373,7.0324926,-12.952576,-14.330966,16.427132,-4.132657,34.039135,-23.01527,-16.25986,-33.20066,-40.663628,-43.220608,36.953114,2.88348,10.784556
92,2.0822718143463135,-22.742671966552734,64.93579864501953,1.0747712737768984,8.692844906822097,-18.72132242560235,-59.10615,-6.2002444,29.629807,-61.04706,-18.338192,6.435692,-31.289902,-9.280993,-3.1323729,-63.517353,56.231815,74.26077,122.62441,31.514116,6.4919653,8.424677,-13.402881,-14.318842,16.881796,-3.7741005,34.665756,-23.729021,-16.808044,-34.77177,-41.563797,-42.2501,37.27314,1.5717958,10.914921
93,2.0960726737976074,-23.289485931396484,64.59725952148438,1.2792616639867274,8.695092855190483,-18.283961093213012,-59.402058,-6.238843,29.833864,-61.6368,-19.175758,7.6794033,-31.320723,-9.216842,-3.172363,-64.42784,55.917725,74.966805,122.62441,32.767708,4.1506567,9.888356,-13.8636,-13.9959135,17.401905,-3.2658195,34.892277,-24.463137,-17.411552,-36.234177,-42.53876,-41.58013,37.702217,0.71289235,11.013291
94,2.103116273880005,-23.84320068359375,64.24964904785156,1.4779055837523767,8.684525362490476,-17.925849232392295,-59.66796,-6.267553,30.047503,-62.27713,-20.102413,8.966846,-31.244692,-9.109257,-3.201672,-65.25833,55.711792,75.67432,121.55982,34.447586,2.3632224,11.012292,-14.341086,-13.389662,17.97483,-2.604009,34.772312,-25.210836,-18.069918,-37.675453,-43.500328,-41.06546,38.22027,0.13390288,11.084074
95,2.11673903465271,-24.399181365966797,63.898921966552734,1.6793272612732193,8.665641184964608,-17.63774819756519,-59.930626,-6.3371115,30.26962,-62.96456,-21.08799,10.265016,-31.154377,-8.947772,-3.2806752,-66.1546,56.01248,76.56585,118.422005,36.225376,1.5411466,11.292069,-14.779026,-12.654026,18.54936,-1.9075202,34.47166,-25.907549,-18.75937,-38.944942,-44.372616,-40.940495,38.70067,-0.051183626,11.21736
96,2.128139019012451,-24.959075927734375,63.553749084472656,1.891382654061976,8.646977884160426,-17.414064450924467,-60.000134,-6.507139,30.497087,-63.696068,-22.110092,11.546042,-31.143288,-8.726699,-3.4739647,-67.19685,56.686787,77.65002,114.77725,37.62971,0.41920894,11.425338,-15.116888,-11.956134,19.08012,-1.3078245,34.164955,-26.48781,-19.451262,-39.84383,-45.182617,-41.466232,39.04504,0.25622573,11.456917
97,2.1415345668792725,-25.518211364746094,63.22004318237305,2.116090359918534,8.64505976299414,-17.272567431860555,-60.000134,-6.806137,30.730034,-64.487175,-23.212631,12.823793,-31.246704,-8.444889,-3.8173501,-68.45156,57.644356,78.97803,110.62891,38.50836,-1.0476944,11.308742,-15.323124,-11.389827,19.55385,-0.886735,33.949383,-26.97861,-20.1454,-40.17444,-46.06665,-43.012753,39.21514,1.2105168,11.854005
98,2.1531403064727783,-26.09149169921875,62.88902282714844,2.3495181948813664,8.653113854072545,-17.211905411166487,-60.000134,-7.1978827,30.970388,-65.342804,-24.393019,14.094166,-31.411768,-8.104519,-4.2667503,-69.948326,58.84667,80.53209,105.99119,38.942406,-2.8149822,10.925209,-15.43246,-10.860865,19.997326,-0.571552,33.720734,-27.397366,-20.85746,-40.012634,-47.035877,-45.39158,39.29424,2.7047694,12.343647
99,2.167351484298706,-26.677101135253906,62.57612228393555,2.590582899110576,8.643281784411098,-17.19321484701843,-60.000134,-7.6317344,31.213123,-66.233505,-25.551498,15.312124,-31.603266,-7.7045956,-4.772641,-71.648056,60.270878,82.204605,100.97101,38.87827,-4.7281003,10.354493,-15.489164,-10.249501,20.424234,-0.26443273,33.346176,-27.655727,-21.572107,-39.563583,-47.91968,-48.03404,39.31637,4.4473214,12.799016
100,2.166023015975952,-27.29966926574707,62.2944221496582,2.8382699989790714,8.586924140657182,-17.176799458774944,-60.000134,-8.059298,31.44737,-67.11455,-26.582535,16.451721,-31.790247,-7.242355,-5.297529,-73.44859,61.88091,83.87386,95.66281,38.288616,-6.586387,9.729032,-15.538099,-9.430297,20.843826,0.13812335,32.69424,-27.66703,-22.269575,-39.10152,-48.59605,-50.325954,39.36915,6.121305,13.081724
101,2.1601743698120117,-27.954912185668945,62.048763275146484,3.099949431339494,8.474376974666843,-17.154288855020205,-60.000134,-8.482391,31.666513,-67.97467,-27.455769,17.559309,-32.029808,-6.69406,-5.876434,-75.21532,63.621323,85.537415,90.02724,37.281773,-8.251018,9.208813,-15.5912075,-8.363691,21.241798,0.68381715,31.728785,-27.411818,-22.926737,-38.616833,-48.92596,-52.189682,39.263027,7.8957553,13.451911
102,2.147554636001587,-28.649988174438477,61.8367919921875,3.3734551595348194,8.322061830414341,-17.144866941398817,-60.000134,-8.924119,31.870481,-68.82002,-28.22702,18.650034,-32.31433,-6.06546,-6.5250564,-76.861176,65.39312,87.15854,84.08036,35.862495,-9.680545,8.749944,-15.626511,-7.1007447,21.606178,1.3164032,30.499266,-26.918428,-23.548738,-38.0801,-48.992954,-53.854733,39.07099,9.823212,13.9296665
103,2.1446070671081543,-29.38370132446289,61.649715423583984,3.6431624778472607,8.140068928736094,-17.151347185336714,-60.000134,-9.360865,32.057503,-69.62407,-28.924614,19.665024,-32.511536,-5.4035096,-7.1863446,-78.34024,67.05453,88.56802,78.03419,33.929176,-10.81554,8.207889,-15.636266,-5.645614,21.947971,1.9866737,28.995186,-26.166023,-24.157536,-37.709267,-49.080242,-55.208523,39.270744,11.434796,13.972319
104,2.1545066833496094,-30.141571044921875,61.489219665527344,3.894347372585401,7.938181369081957,-17.176336848688575,-60.000134,-9.772824,32.224976,-70.34961,-29.57582,20.54883,-32.486835,-4.7485085,-7.813403,-79.636635,68.45145,89.62244,72.13202,31.420815,-11.638599,7.4058275,-15.612781,-3.9910057,22.27362,2.6357315,27.18297,-25.119434,-24.77181,-37.634727,-49.47618,-56.232853,40.267345,12.346675,12.939333
105,2.178788900375366,-30.91321563720703,61.343936920166016,4.105912232091833,7.706423030776722,-17.21040659642926,-60.000134,-10.1329565,32.36902,-70.96836,-30.190458,21.303448,-32.12513,-4.08627,-8.441141,-80.704865,69.45077,90.20908,66.50005,28.282614,-12.137456,6.2711334,-15.536666,-2.030874,22.565514,3.2238922,24.880827,-23.703358,-25.210142,-38.014713,-50.27201,-56.67269,42.241352,12.596937,10.050906
106,2.2109813690185547,-31.702045440673828,61.22230911254883,4.292423865763715,7.443875431838361,-17.253966585493504,-60.000134,-10.457757,32.490215,-71.48331,-30.767921,21.975025,-31.506113,-3.4068425,-9.099381,-81.474495,69.96852,90.40211,61.170002,24.744684,-12.307751,4.9353905,-15.419657,0.28256533,22.764647,3.7744224,22.014486,-21.876438,-25.210142,-38.702717,-51.26775,-56.73528,44.80316,12.442874,5.7602677
107,2.2535502910614014,-32.53856658935547,61.10524368286133,4.488393835427151,7.174740397223878,-17.32435375244582,-60.000134,-10.794387,32.5934,-71.90948,-31.311508,22.577055,-30.79692,-2.7609394,-9.732521,-81.93599,69.970215,90.34536,56.2446,21.155687,-12.212382,3.4883504,-15.301438,2.9147186,22.917465,4.4301963,18.64214,-19.617264,-25.210142,-39.256725,-52.3901,-57.204323,47.579212,11.7114315,1.1391916
108,2.290225028991699,-33.411895751953125,60.98964309692383,4.770570690107657,6.912424374254312,-17.455236166362912,-60.000134,-11.18894,32.684547,-72.26553,-31.818195,23.118298,-30.169552,-2.1941195,-10.275806,-82.13712,69.47442,90.19549,51.799927,17.800695,-11.9470625,1.9906316,-15.239439,5.9231157,22.923435,5.332061,14.689499,-16.843307,-25.210142,-40.172993,-53.89315,-57.295776,51.06101,9.890285,-2.453934
109,2.336225986480713,-34.32322311401367,60.86095428466797,5.154628783337058,6.657076536143197,-17.619213492027846,-60.000134,-11.665002,32.765533,-72.55,-32.24757,23.55615,-29.587067,-1.7046081,-10.711689,-82.14937,68.50467,90.03476,47.7189,14.417108,-11.448349,0.25301966,-15.211909,8.446254,22.846825,6.064759,11.563799,-14.166146,-25.210142,-41.19657,-55.887238,-57.295776,55.28724,6.72601,-4.90258
110,2.369741439819336,-35.2408332824707,60.731475830078125,5.594527340546404,6.405237695322933,-17.806108541412392,-60.000134,-12.203644,32.83606,-72.760735,-32.597534,23.909513,-28.99039,-1.2689238,-11.076343,-82.004684,67.091774,89.819046,43.967808,10.900349,-10.67387,-1.7262456,-15.210033,9.348378,22.875324,6.153256,11.221318,-12.491623,-25.210142,-42.074615,-57.91921,-57.295776,59.594246,2.8664236,-6.759123
111,2.3962955474853516,-36.161460876464844,60.60927963256836,6.039866286856099,6.174020079866619,-18.069067505429548,-60.000134,-12.782219,32.89913,-72.91754,-32.9291,24.266113,-28.523878,-0.899952,-11.36997,-81.69862,65.300385,89.46518,40.75487,7.750059,-9.849278,-3.639099,-15.277226,10.277547,22.87556,6.3922954,10.918226,-10.559422,-25.210142,-42.6845,-59.384926,-57.295776,63.163757,-0.7828829,-8.186787
112,2.4143896102905273,-37.08298110961914,60.51930236816406,6.438857572017074,5.979757085710951,-18.473029439845433,-60.000134,-13.350435,32.935966,-72.99577,-33.23844,24.748953,-28.407167,-0.59826744,-11.63111,-81.47591,64.18092,89.29348,36.89394,5.0166826,-8.87725,-5.274319,-15.413211,11.256679,22.86621,6.9195,10.654914,-8.357012,-25.210142,-43.083244,-60.091297,-57.295776,65.74307,-3.6957297,-9.337744
113,2.422379970550537,-38.02228927612305,60.46767807006836,6.811436692271665,5.825836366028695,-18.99911678475783,-60.000134,-13.961685,32.989777,-73.0943,-33.690266,25.25106,-28.58278,-0.43020758,-11.683173,-81.1201,62.54285,88.83297,34.287758,3.3297772,-8.631418,-6.45182,-15.676982,12.366489,22.827509,7.902636,10.36942,-5.8793845,-25.210142,-43.307945,-60.09685,-57.295776,67.39522,-5.910426,-10.225035
114,2.428396701812744,-38.97236633300781,60.420352935791016,7.167927116953965,5.704586680486677,-19.63137829503026,-60.000134,-14.614955,33.039146,-73.17657,-34.11263,25.793919,-29.093557,-0.36756748,-11.624622,-80.69423,60.84761,88.11404,32.033775,2.345281,-8.673659,-7.329292,-16.028324,13.430886,22.787598,9.150898,10.321362,-3.2280097,-25.210142,-43.425102,-59.745197,-57.295776,68.59915,-7.8151593,-10.855797
115,2.4189445972442627,-39.925376892089844,60.41755676269531,7.503653414345479,5.606128575028144,-20.426278795090674,-60.000134,-15.201722,33.079624,-73.23478,-34.539528,26.374378,-29.819672,-0.32264042,-11.561556,-80.31561,59.474533,87.45142,29.729427,1.5626671,-8.782164,-7.9588213,-16.399813,14.635783,22.67008,10.522796,10.100723,-0.15488116,-25.210142,-43.424213,-59.068245,-57.295776,69.43741,-9.518025,-11.301079
116,2.4016480445861816,-40.8540153503418,60.4234619140625,7.776636698497419,5.533957100509151,-21.43202337593077,-60.000134,-15.593932,33.126488,-73.29354,-35.14023,26.991415,-30.56253,-0.29840526,-11.554362,-79.84877,57.948627,86.80913,28.056793,0.7644811,-8.915605,-8.457294,-16.690758,15.68718,22.537378,11.656539,10.09618,3.2291985,-25.210142,-43.373756,-58.20012,-57.295776,70.12322,-11.110768,-11.660546
117,2.374772787094116,-41.77216339111328,60.460166931152344,8.01468100440637,5.474525939684177,-22.672893437025717,-60.000134,-15.760778,33.183605,-73.35987,-35.982952,27.712584,-31.366758,-0.2962979,-11.628242,-79.28965,56.291176,86.07888,27.145336,0.010890422,-9.238361,-8.762111,-16.977818,16.926737,22.352396,13.128397,9.927294,7.249979,-25.210142,-43.178955,-56.956665,-57.295776,70.435905,-12.547226,-11.900965
118,2.332127094268799,-42.67414093017578,60.5145263671875,8.226911806034623,5.43415320932742,-24.12275773051039,-60.000134,-15.751654,33.25172,-73.43505,-37.05114,28.498056,-32.261604,-0.34850627,-11.717405,-78.635506,54.502914,85.23808,26.933935,-0.5658616,-9.803109,-8.913507,-17.258217,18.173746,22.132235,14.802055,9.876498,11.717274,-25.210142,-43.18174,-55.454628,-56.956806,70.59803,-13.865774,-12.05447
119,2.3035547733306885,-43.549102783203125,60.56050109863281,8.455919454733095,5.413416348556799,-25.754356147169567,-60.000134,-15.635065,33.364914,-73.5218,-38.579548,29.15709,-32.760605,-0.47686458,-11.667536,-77.36625,51.44218,83.12516,29.235394,0.096605964,-11.136378,-8.857159,-17.488703,19.130112,21.69958,15.725338,10.142954,16.215277,-24.853771,-44.58439,-53.946022,-54.617016,71.30884,-15.230452,-11.893598
120,2.2979114055633545,-44.418148040771484,60.644744873046875,8.636496087358585,5.436053748994378,-27.51384219998279,-59.202354,-15.51481,33.429207,-73.54238,-39.504875,29.67663,-33.480152,-0.3723272,-11.836874,-76.27693,49.184254,81.39212,30.666906,0.8457252,-11.921214,-8.791697,-17.55705,19.234188,21.115143,14.713385,11.290818,20.053522,-24.175957,-45.631454,-52.323307,-52.594143,71.840065,-16.559778,-11.749381
121,2.3178656101226807,-45.22541046142578,60.71137237548828,8.709227228777545,5.520680219165603,-29.4214214177712,-58.193012,-15.331829,33.5118,-73.50056,-40.54072,29.97049,-33.776646,-0.12875934,-12.018266,-73.93075,45.00131,77.45654,35.85874,3.6640916,-13.670794,-8.145862,-17.386541,15.591694,20.741365,9.535014,18.311985,20.053522,-23.927713,-46.40896,-50.699715,-50.88905,72.33926,-17.874847,-11.668915
122,2.3563907146453857,-46.019954681396484,60.7783203125,8.715629411773302,5.643135048141051,-31.50372141220194,-57.13776,-15.067741,33.541298,-73.42095,-41.09015,30.174685,-34.30422,0.34174705,-12.425989,-72.04043,42.11053,74.69522,39.20355,5.956637,-14.3016205,-7.5052447,-17.055693,12.220547,19.087782,2.3407176,24.53438,20.053522,-24.347347,-46.98141,-48.971928,-49.347042,72.7388,-19.172548,-11.607868
123,2.387554168701172,-46.72929763793945,60.75566864013672,8.640678948288896,5.819925428865983,-33.65190524178699,-56.085423,-14.775481,33.564266,-73.13663,-41.745724,30.359951,-34.468918,0.72700995,-12.8174305,-67.430885,35.95326,67.747116,47.941185,10.451937,-16.132769,-5.2013993,-16.541191,9.668276,16.465326,-5.1099524,29.615225,20.053522,-25.210142,-47.578102,-47.395187,-47.929935,73.33908,-20.468393,-11.610539
124,2.439927577972412,-47.478912353515625,60.802223205566406,8.58317039854665,6.017600044364764,-35.796340131772176,-55.054626,-14.569325,33.545284,-72.773315,-42.028652,30.385674,-34.653652,1.0301677,-13.105291,-62.972675,30.768364,61.729607,54.463573,13.335283,-16.740576,-3.2162142,-16.038605,8.258058,13.648653,-10.388848,33.250774,20.053522,-25.210142,-47.93616,-45.68972,-46.644314,73.66205,-21.662165,-11.557548
125,2.5032505989074707,-48.22701644897461,60.88011169433594,8.512954833080688,6.261506719883839,-37.92597113146992,-54.092186,-14.47367,33.47027,-72.11711,-42.12359,30.372402,-34.39153,1.2744838,-13.347877,-56.36244,23.90736,53.496346,62.318287,15.282996,-16.688608,-0.8223206,-15.483616,7.5763545,10.975645,-14.082848,35.71491,20.053522,-25.210142,-48.140957,-43.966236,-45.506657,73.83139,-22.75746,-11.477273
126,2.591033935546875,-48.98770523071289,60.98047637939453,8.41195031276971,6.538486441923754,-40.09422163502994,-53.15864,-14.432947,33.352776,-71.29035,-41.996883,30.272247,-33.862003,1.4900326,-13.566062,-49.063885,17.150936,45.49954,68.63392,15.02166,-15.705393,0.5560664,-14.841648,7.3196573,8.357162,-17.05988,37.37316,20.053522,-25.210142,-48.184982,-42.224014,-44.48872,73.87577,-23.786858,-11.365469
127,2.6714987754821777,-49.76605224609375,61.10777282714844,8.296456257420973,6.812886850234193,-42.276196434838646,-52.18999,-14.395033,33.204113,-70.27639,-41.760124,30.200243,-33.429016,1.5271643,-13.662819,-41.552204,10.842335,38.11162,72.99059,12.791657,-14.464171,0.82556957,-14.171641,7.207346,6.1889315,-19.050186,38.50785,20.053522,-25.210142,-48.06785,-40.4267,-43.557602,73.76108,-24.755068,-11.248239
128,2.7216711044311523,-50.56364440917969,61.26860427856445,8.188406392157413,7.052180551103018,-44.43907888964229,-51.125687,-14.304028,33.033733,-69.05861,-41.513306,30.271734,-33.466564,1.2353891,-13.545129,-34.277905,5.2651563,31.61417,75.30719,9.209713,-13.472868,0.26566267,-13.537378,6.4166846,4.623323,-19.79876,40.402958,20.053522,-25.210142,-47.78795,-38.547173,-42.676884,73.4494,-25.656265,-11.145425
129,2.737356662750244,-51.38393020629883,61.47854232788086,8.096682400890524,7.2528878658897,-46.58044264429688,-49.967808,-14.146878,32.840782,-67.61616,-41.275974,30.530985,-34.076126,0.5473186,-13.162003,-27.606138,0.6214737,26.134815,75.85509,5.1107526,-12.948012,-0.802039,-12.954771,4.894291,4.0367303,-18.846169,42.909668,20.053522,-25.210142,-47.32634,-36.55807,-41.83929,72.88287,-26.468164,-11.064401
130,2.717115640640259,-52.2108154296875,61.718719482421875,8.005056546983324,7.433211632076449,-48.71332802682415,-48.744286,-13.943876,32.612522,-65.946785,-41.00862,30.936216,-35.043854,-0.46153715,-12.594355,-21.779865,-2.9935737,21.679918,75.071846,1.1795604,-12.767863,-2.0922482,-12.386958,3.081373,4.4103236,-16.605217,45.310635,20.053522,-25.210142,-46.72126,-34.493164,-41.044357,72.10957,-27.191881,-11.011968
131,2.6882057189941406,-53.03409194946289,61.975608825683594,7.91237447380479,7.594579938135773,-50.831372066259746,-47.434414,-13.695495,32.339226,-64.073166,-40.713398,31.472225,-36.278812,-1.7346121,-11.953808,-16.897268,-5.6124115,18.200981,73.32873,-2.3804226,-12.751869,-3.307761,-11.818991,1.1483175,5.429729,-13.642173,47.496082,20.053522,-24.80082,-46.034473,-32.47503,-40.221348,71.22087,-27.807077,-10.927363
132,2.688467025756836,-53.843326568603516,62.243919372558594,7.830332083993102,7.735380751609234,-52.92066498238114,-46.016335,-13.405663,32.01198,-62.02758,-40.390213,32.105247,-37.695427,-3.2081409,-11.340012,-12.9378395,-7.3597045,15.604642,70.92294,-5.597758,-12.707054,-4.259529,-11.244671,-0.81681734,7.2190638,-8.758244,49.26605,20.053522,-20.07909,-45.28759,-30.573963,-39.342937,70.26279,-28.31679,-10.777406
133,2.6729040145874023,-54.656898498535156,62.52345275878906,7.759956444781497,7.8586145402016765,-54.95855203381024,-44.486588,-13.058865,31.619923,-59.799076,-40.02716,32.848816,-39.40138,-5.0317163,-10.6029825,-9.809294,-8.384638,13.802615,68.00937,-8.649921,-12.606099,-4.8906918,-10.644062,-2.575842,8.946625,-4.437258,50.467617,20.053522,-15.295628,-44.434917,-28.739231,-38.489674,69.193756,-28.755604,-10.606604
134,2.638478994369507,-55.45934295654297,62.819637298583984,7.702960174125459,7.96609090796494,-56.954876864742225,-42.85833,-12.659229,31.146406,-57.383755,-39.617634,33.72665,-41.407375,-7.2023344,-9.795719,-7.4129047,-8.809348,12.647556,64.739235,-11.56616,-12.508662,-5.2482834,-10.027177,-4.1684265,10.766664,-0.22153701,51.201557,20.053522,-10.323101,-43.472416,-26.938015,-37.655304,67.978004,-29.109594,-10.428014
135,2.596996784210205,-56.250816345214844,63.09101104736328,7.632221897037249,8.06209215225488,-58.95091095988673,-41.134674,-12.23777,30.572054,-54.820988,-39.150215,34.70768,-43.510445,-9.405081,-9.299125,-5.660335,-8.736649,11.954563,61.281334,-14.265721,-12.35973,-5.363401,-9.403118,-5.826638,12.358539,3.3982816,52.13671,19.458067,-5.7900467,-42.508945,-25.193604,-36.781376,66.78555,-29.426182,-10.2576685
136,2.596451997756958,-57.00062561035156,63.222652435302734,7.472879184774687,8.156409562713671,-60.991732362619175,-39.318527,-11.819385,29.88475,-52.154873,-38.588963,35.734463,-45.542305,-11.299408,-9.461308,-4.4787765,-8.249977,11.542261,57.749313,-16.646805,-12.098918,-5.258025,-8.787418,-8.772459,13.749589,5.898709,56.126495,14.909209,-2.0848255,-41.803417,-23.60297,-35.77077,66.09433,-29.866999,-10.097441
137,2.6034371852874756,-57.742332458496094,63.33614730834961,7.304892379226898,8.238285919857477,-63.06949353199689,-37.399677,-11.436404,29.069447,-49.410675,-37.870285,36.73679,-47.523666,-12.76541,-10.321807,-3.7860608,-7.4090943,11.376643,54.091137,-18.771313,-11.757074,-4.8737197,-8.167609,-11.444953,14.748671,7.6998944,59.456165,11.013293,0.9081789,-41.11498,-22.042799,-34.69899,65.44587,-30.275612,-9.94731
138,2.6032164096832275,-58.47871780395508,63.43807601928711,7.13209440956278,8.306674743320713,-65.16786977273,-35.37932,-11.069138,28.092537,-46.573368,-36.976955,37.7247,-49.53548,-13.94337,-11.679813,-3.5013654,-6.279444,11.401784,50.261845,-20.774227,-11.350972,-4.2231736,-7.5438375,-13.9939165,15.446228,9.044396,62.325268,7.494141,3.475926,-40.417843,-20.50388,-33.582516,64.80185,-30.63968,-9.802085
139,2.6032111644744873,-59.212154388427734,63.533878326416016,6.955610324314515,8.352529726568573,-67.3130143193124,-33.27063,-10.699505,26.897211,-43.63886,-35.94155,38.68435,-51.400948,-14.810711,-13.400737,-3.5599158,-4.9536605,11.465372,46.43732,-22.637133,-10.8395815,-3.5264075,-6.9445357,-16.406647,15.834138,9.990615,64.73859,4.351433,5.5087757,-39.715485,-18.965488,-32.389874,64.16039,-30.945868,-9.673511
140,2.5995700359344482,-59.94089889526367,63.6230354309082,6.777020006278182,8.367247185933554,-69.53129965508467,-31.086416,-10.30384,25.408033,-40.601643,-34.773285,39.62422,-52.941597,-15.372228,-15.344622,-3.9018393,-3.5373192,11.436436,42.79455,-24.348728,-10.1675,-3.0117376,-6.3979836,-18.659115,15.915829,10.581547,66.69294,1.5992013,6.882069,-39.00992,-17.41023,-31.091265,63.523193,-31.180737,-9.5749035
141,2.5939674377441406,-60.65928268432617,63.705711364746094,6.595515906211716,8.34868397424658,-71.81829681059895,-28.832603,-9.876817,23.524908,-37.427082,-33.462227,40.563873,-54.043247,-15.532086,-17.584494,-4.525225,-2.0709772,11.154423,39.194088,-26.082726,-9.308096,-2.7264025,-5.9182267,-20.764078,15.592336,10.761038,68.129074,-0.63834935,7.441776,-38.292683,-15.820045,-29.696943,62.889606,-31.341131,-9.521741
142,2.585390090942383,-61.369632720947266,63.7861442565918,6.4133710690790755,8.302128306938677,-74.16353602305689,-26.4993,-9.426666,21.161205,-34.075848,-31.854048,41.524025,-54.73108,-15.306785,-20.116669,-5.3932595,-0.5718953,10.672057,35.575493,-27.82796,-8.2772045,-2.5347521,-5.488252,-22.776644,14.918297,10.614086,69.118965,-2.3836508,7.369878,-37.558422,-14.207204,-28.222109,62.259876,-31.424675,-9.506151
143,2.58756160736084,-62.08273696899414,63.861690521240234,6.236783890078656,8.230901871089614,-76.58587869963114,-24.074299,-8.94886,18.288765,-30.558863,-29.76599,42.46563,-55.04071,-14.875196,-22.696682,-6.366863,0.8721866,10.235152,32.263714,-29.380938,-7.076591,-2.4377604,-5.0894904,-24.715876,14.125832,10.359593,69.83326,-3.8472638,7.017167,-36.81165,-12.6016,-26.64723,61.63901,-31.420698,-9.508025
144,2.589365243911743,-62.7896614074707,63.931758880615234,6.072405313351559,8.13879608072903,-79.10540598751344,-21.54572,-8.436084,14.977382,-26.952028,-27.117847,43.244167,-55.039494,-14.409371,-25.080643,-7.2474008,2.1465466,10.121034,29.632135,-30.640469,-5.738606,-2.4662483,-4.703334,-26.596695,13.44026,10.191496,70.43372,-5.229791,6.715208,-36.057056,-11.033294,-24.952984,61.035496,-31.324059,-9.507085
145,2.5889270305633545,-63.494503021240234,64.00260162353516,5.921079168215242,8.022688640856517,-81.73258225858149,-18.899494,-7.864895,11.369827,-23.365147,-24.006994,43.61061,-54.714966,-13.954035,-27.222923,-7.8642964,3.1799946,10.4287405,27.832865,-31.705925,-4.229849,-2.7335737,-4.3355327,-28.431484,12.846052,10.095184,70.921646,-6.5336256,6.447995,-35.28177,-9.48953,-23.141027,60.452137,-31.13003,-9.511662
146,2.601323127746582,-64.19664764404297,64.07376098632812,5.783447906431126,7.884556633330336,-84.45685831228847,-16.14343,-7.2388663,7.615934,-19.907042,-20.670383,43.369186,-54.068478,-13.420564,-29.194344,-8.170363,3.9939098,10.949673,26.724709,-32.731575,-2.5879822,-3.2073274,-3.9914408,-30.219143,12.250967,9.984284,71.23356,-7.671727,6.0774207,-34.4775,-7.9628954,-21.229246,59.88728,-30.837702,-9.528396
147,2.6159615516662598,-64.90042877197266,64.14875793457031,5.665472056401724,7.7360967470266715,-87.26775221856096,-13.299787,-6.5883756,3.8637793,-16.684866,-17.296566,42.462666,-53.26722,-12.790001,-30.935616,-8.181961,4.640785,11.508693,26.256557,-33.66477,-0.9686387,-3.7243004,-3.6518197,-31.945538,11.758684,9.93036,71.416794,-8.700463,5.7379203,-33.65164,-6.4888115,-19.22281,59.33527,-30.453882,-9.533817
148,2.642573118209839,-65.60829162597656,64.22804260253906,5.57149758058786,7.588587256679372,-90.15574782395835,-10.391235,-5.9448166,0.23766397,-13.777991,-14.029361,40.92406,-52.503788,-12.045977,-32.39535,-7.962579,5.1762433,11.956239,26.366493,-34.43684,0.47753504,-4.1339183,-3.2979226,-33.594284,11.471099,10.000509,71.51541,-9.671497,5.5577893,-32.812515,-5.1021338,-17.124033,58.791607,-29.993965,-9.504076
149,2.6764121055603027,-66.32344818115234,64.30854034423828,5.498969870109207,7.443343181638458,-93.13923700404327,-7.4008718,-5.303215,-3.181348,-11.213786,-10.957676,38.811947,-51.917305,-11.225379,-33.543144,-7.5380254,5.626715,12.351334,27.189314,-34.887524,1.7070404,-4.43682,-2.9291868,-35.181255,11.443317,10.241539,71.571526,-10.610732,5.6016836,-31.953125,-3.792584,-14.919557,58.261654,-29.463665,-9.444243
150,2.7178823947906494,-67.0434799194336,64.39872741699219,5.447431442566493,7.297816757805059,-96.21743304224522,-4.3250437,-4.6462817,-6.226918,-9.051711,-7.9287357,36.141,-51.797585,-10.261175,-34.4851,-6.9121222,5.9913898,12.755485,28.71576,-35.038857,2.803096,-4.738787,-2.555232,-36.713802,11.609502,10.5962305,71.557304,-11.485099,5.7809153,-31.061104,-2.550089,-12.618054,57.74633,-28.864712,-9.36151
151,2.762167453765869,-67.7703628540039,64.49186706542969,5.423006501491762,7.1557877012150914,-99.35353318170634,-1.2065269,-3.9825473,-8.924775,-7.265013,-5.219856,32.998734,-51.81209,-9.308233,-35.101303,-6.1398816,6.2800775,13.041775,30.658262,-35.10601,3.8034458,-5.035715,-2.1726732,-38.155598,11.885181,10.97792,71.40472,-12.262036,5.9934945,-30.137077,-1.4105889,-10.251382,57.23519,-28.219296,-9.235335
152,2.8117756843566895,-68.50466918945312,64.58502960205078,5.430183965982614,7.023405088288266,-102.51243319906585,1.9131118,-3.328754,-11.288578,-5.8207955,-2.8236935,29.476858,-51.861687,-8.382845,-35.408325,-5.302225,6.5094113,13.089736,32.722305,-35.297874,4.749966,-5.31343,-1.7776794,-39.475624,12.185922,11.301342,71.04857,-12.91076,6.1417584,-29.18734,-0.409,-7.849581,56.71969,-27.55857,-9.046016
153,2.8678081035614014,-69.25125122070312,64.68241119384766,5.4706621312604735,6.905820322570432,-105.7061322022596,5.0459456,-2.677968,-13.348888,-4.6739593,-0.7247191,25.663462,-51.944168,-7.487233,-35.41434,-4.46191,6.6925006,12.909297,34.871853,-35.78173,5.684488,-5.5207496,-1.3659159,-40.711327,12.563587,11.607104,70.56438,-13.558606,6.302085,-28.22106,0.4471484,-5.396242,56.226055,-26.908207,-8.788443
154,2.9271810054779053,-70.01624298095703,64.7964859008789,5.538486846553423,6.804039645905302,-108.94904068526031,8.206768,-2.024716,-15.131286,-3.7797885,1.12656,21.626337,-52.093227,-6.6416407,-35.127228,-3.6402378,6.8291287,12.612268,37.230457,-36.391464,6.5816455,-5.6692424,-0.94126225,-41.87361,13.031936,11.916125,69.96639,-14.18036,6.4869137,-27.229256,1.1761805,-2.8845923,55.75317,-26.272135,-8.476518
155,2.9906063079833984,-70.80364227294922,64.91259002685547,5.62547523771499,6.717149794803326,-112.21061191544248,11.359939,-1.3869263,-16.68257,-3.1006482,2.711649,17.41058,-52.1382,-5.9247007,-34.5434,-2.8508866,6.918541,12.238772,39.74509,-36.858356,7.38108,-5.843752,-0.5122467,-42.893436,13.449806,12.113414,69.09446,-14.507387,6.5141287,-26.19526,1.7777423,-0.35507753,55.24925,-25.65471,-8.12259
156,3.0601139068603516,-71.60997009277344,65.0385513305664,5.72451062029079,6.64283570567811,-115.46031273117981,14.469237,-0.7858976,-18.056395,-2.6067595,4.015105,13.04957,-51.89963,-5.397685,-33.67,-2.0982807,6.9608283,11.810611,42.363945,-36.907322,8.017941,-6.135233,-0.08717829,-43.701267,13.676816,12.078511,67.78266,-14.267149,6.2120414,-25.109282,2.2455635,2.1550884,54.6649,-25.060553,-7.7422194
157,3.119673252105713,-72.43453216552734,65.17082977294922,5.844558173856428,6.5850182047244985,-118.69495140262181,17.526352,-0.242688,-19.317745,-2.2661014,5.013146,8.526835,-51.01243,-5.136377,-32.374706,-1.389128,6.940902,11.309681,45.119026,-36.39595,8.460258,-6.615749,0.34002367,-44.29572,13.719318,11.817492,65.9923,-13.382386,5.5496607,-24.005526,2.5559201,4.641504,54.037937,-24.515848,-7.3523774
158,3.1726491451263428,-73.28132629394531,65.31038665771484,5.982899659343193,6.547368359157254,-121.93294006459047,20.551136,0.25653315,-20.508703,-2.0612645,5.744773,3.876375,-49.5621,-5.026492,-30.739906,-0.72907925,6.8607173,10.742782,48.019913,-35.51027,8.729814,-7.2155914,0.77135307,-44.70892,13.627975,11.352112,63.806717,-12.003398,4.621995,-22.88801,2.7139354,7.1286206,53.38594,-24.029896,-6.9557514
159,3.209135055541992,-74.14019775390625,65.462158203125,6.116695898676907,6.52285020486118,-125.17705692287625,23.551237,0.73660755,-21.635832,-2.0039616,6.297135,-0.7987599,-48.076553,-4.8751945,-29.091219,-0.11410735,6.749445,10.158952,50.979282,-34.45765,8.852974,-7.821913,1.1929078,-44.91758,13.337369,10.564735,61.24105,-10.204118,3.447557,-21.715954,2.7470605,9.624875,52.637333,-23.581533,-6.5452933
160,3.2404825687408447,-75.0346450805664,65.63103485107422,6.224828912696146,6.499643702743178,-128.42966664678423,26.533337,1.2188568,-22.677341,-2.1173806,6.773241,-5.3932,-47.142803,-4.5686684,-27.736202,0.46415782,6.6473155,9.6032,53.905766,-33.434128,8.873881,-8.3302145,1.5904133,-44.880722,12.797471,9.333605,58.299854,-8.066206,2.0452392,-20.453566,2.6767895,12.142404,51.718803,-23.149458,-6.1107965
161,3.269500970840454,-75.94546508789062,65.80781555175781,6.301985616385787,6.465203587447603,-131.6846923160392,29.499094,1.727093,-23.636667,-2.4377556,7.1582994,-9.848947,-46.88407,-4.1150002,-26.765066,1.0073836,6.5820827,9.066259,56.801884,-32.407814,8.763676,-8.745482,1.9693618,-44.49328,11.91423,7.4525394,54.74705,-5.3792863,0.18402137,-19.102234,2.5114036,14.694881,50.603027,-22.752321,-5.6243386
162,3.2844669818878174,-76.88166809082031,65.98786163330078,6.3618973014552305,6.422468414260945,-134.9456131078572,32.446163,2.2335856,-24.52464,-2.9619377,7.447691,-14.199492,-47.008118,-3.625156,-26.00379,1.5140839,6.5511737,8.520072,59.70056,-31.284567,8.52188,-9.110628,2.334236,-43.71586,10.800178,4.9402823,50.607224,-2.2314904,-2.0766087,-17.70754,2.2304976,17.284515,49.351143,-22.405949,-5.105201
163,3.280940532684326,-77.83793640136719,66.16734313964844,6.412981857831591,6.381316048039236,-138.2298692511882,35.37713,2.684392,-25.313337,-3.6396484,7.749773,-18.481663,-47.48935,-3.1791596,-25.349857,1.99049,6.5379,7.9804363,62.55773,-30.165094,8.244762,-9.3854685,2.6707275,-42.638412,9.727123,2.0756612,46.302376,0.8822859,-4.270147,-16.320908,1.8141596,19.901472,48.036583,-22.073334,-4.601937
164,3.2435238361358643,-78.8145751953125,66.35088348388672,6.460726822249846,6.354141616680876,-141.55634303329094,38.29641,3.0225265,-25.955414,-4.3988976,8.153601,-22.740788,-48.307957,-2.8434198,-24.708735,2.445913,6.515337,7.4644914,65.33125,-29.15506,8.030522,-9.535559,2.9631507,-41.428425,8.926339,-0.761144,42.30167,3.5210764,-5.9134808,-14.9946785,1.2525659,22.535217,46.719967,-21.7077,-4.1514544
165,3.1892685890197754,-79.80506134033203,66.53082275390625,6.4890483908964605,6.332079125062008,-144.93833350747352,41.234577,3.2314038,-26.409006,-5.2157254,8.674456,-26.941267,-49.715374,-2.6528423,-24.131771,2.8930418,6.4786882,6.9967065,68.02245,-28.258003,7.8712974,-9.590209,3.192403,-40.19295,8.362666,-3.6684768,38.72218,5.5615287,-6.7714753,-13.717907,0.60113823,25.268194,45.345463,-21.323097,-3.7543054
166,3.1293447017669678,-80.81421661376953,66.70301818847656,6.500602035724923,6.310191893672757,-148.36721937843566,44.185745,3.33383,-26.66795,-6.0981727,9.241292,-31.074684,-51.638206,-2.5829084,-23.653818,3.335381,6.4284706,6.5589566,70.65329,-27.437605,7.7324405,-9.561016,3.3720992,-38.886475,7.953362,-6.7146564,35.40834,7.254474,-7.114763,-12.522275,-0.11909722,28.084036,43.925526,-20.934864,-3.3640242
167,3.049237012863159,-81.84376525878906,66.86700439453125,6.523792011926172,6.311291508067967,-151.83084751865235,47.099762,3.3418992,-26.743494,-7.012706,9.80129,-35.225933,-53.55893,-2.5909243,-23.179636,3.7660437,6.341633,6.1115565,73.21417,-26.747658,7.6704803,-9.391005,3.53458,-37.496765,7.7699504,-9.408204,32.39194,8.775234,-7.2377863,-11.521431,-0.9613041,30.821583,42.61069,-20.49082,-2.942526
168,2.946531295776367,-82.89476776123047,67.01072692871094,6.5818818575781295,6.3616757852002195,-155.31936913324316,49.92451,3.2790966,-26.663185,-7.908493,10.312871,-39.485737,-54.969124,-2.5998423,-22.62761,4.1722484,6.18392,5.6271944,75.69588,-26.256887,7.741635,-9.024079,3.712047,-35.943417,7.873373,-11.252696,29.547968,10.347651,-7.461172,-10.816372,-1.9738278,33.322456,41.537888,-19.932163,-2.4602628
169,2.8153676986694336,-83.95011901855469,67.13140869140625,6.695161193211741,6.481301211698453,-158.8549395498088,52.70123,3.1613667,-26.445227,-8.768945,10.7958555,-43.836205,-55.77356,-2.5630138,-22.033472,4.541047,5.927834,5.0944185,78.10796,-26.024673,7.963716,-8.4461565,3.9065757,-34.138622,8.284845,-12.035279,26.610245,12.420267,-7.6902685,-10.424841,-3.1287217,35.78358,40.74211,-19.23688,-1.9578735
170,2.668652057647705,-85.00659942626953,67.23056030273438,6.833644783321257,6.661025151811551,-162.441710456192,55.44215,2.9933407,-26.095463,-9.594514,11.283408,-48.23406,-56.24358,-2.4973252,-21.4603,4.871688,5.5737877,4.5547223,80.45678,-26.03451,8.302512,-7.6973147,4.103385,-32.0491,8.903973,-11.983999,23.503977,14.845227,-7.839812,-10.335583,-4.3349123,38.238495,40.167244,-18.440918,-1.4249395
171,2.5177345275878906,-86.0911636352539,67.31574249267578,6.945506462709389,6.875560691253974,-166.0429110827883,58.049706,2.7783763,-25.637747,-10.364853,11.748713,-52.732704,-56.405197,-2.38904,-20.872923,5.171342,5.1339726,4.0566187,82.7334,-26.232882,8.728768,-6.8021393,4.3086915,-29.602154,9.62638,-11.284149,20.26061,17.008825,-8.25265,-10.554175,-5.591353,40.271397,39.754974,-17.544912,-0.78170913
172,2.357734441757202,-87.19737243652344,67.37359619140625,6.986707517984733,7.086728628697527,-169.61971943560778,60.000134,2.5221255,-25.184095,-10.948835,12.267089,-57.39327,-56.38364,-2.167583,-20.26447,5.3943076,4.707675,3.6771986,84.91455,-26.47424,9.214844,-5.767739,4.5268226,-26.712029,10.365476,-10.133721,16.882196,18.320131,-9.276007,-11.045971,-6.961405,41.44689,39.417828,-16.53408,0.033078585
173,2.22407865524292,-88.33084106445312,67.42906188964844,6.946341967627769,7.2605747773900795,-173.16439160050095,60.000134,2.2620544,-24.54406,-11.557711,12.726959,-62.2191,-55.910862,-1.955272,-19.588789,5.67871,4.103784,3.3373954,87.00672,-26.989061,9.821368,-4.5096545,4.7321568,-22.919884,11.128943,-8.411558,12.855135,18.645212,-11.416142,-11.750657,-8.537967,41.76567,39.134056,-15.288746,1.1257381
174,2.0636253356933594,-89.48359680175781,67.43598175048828,6.850021493872804,7.402576735320215,-176.70176895806352,60.000134,1.9175998,-23.834974,-12.013303,13.187466,-67.1803,-55.13472,-1.581759,-18.9698,5.9535127,3.4553344,3.0563407,89.009476,-27.656284,10.531028,-3.0387716,4.9315023,-19.51292,11.630116,-6.1465664,10.3912735,17.34688,-14.284169,-12.6754,-10.290837,41.44791,38.96278,-13.828985,2.3788989
175,1.8551959991455078,-90.64552307128906,67.36763763427734,6.724488203298104,7.53055805274793,179.76538234149297,60.000134,1.5102828,-23.069988,-12.354331,13.642854,-72.101585,-54.280636,-1.1694099,-18.426138,6.220479,2.753935,2.8058846,90.98299,-28.37429,11.186845,-1.5675242,5.173548,-17.31286,11.774711,-3.5471544,10.39587,14.555639,-16.939398,-13.815398,-12.189542,40.352463,38.853924,-12.312768,3.5250382
176,1.6148775815963745,-91.80857849121094,67.26969146728516,6.592147916583559,7.673734652645584,176.2330270456997,60.000134,1.0673693,-22.291212,-12.641638,14.04625,-76.83713,-53.521145,-0.79733676,-17.966007,6.4805207,1.9940507,2.564003,92.970566,-29.028473,11.658243,-0.3200183,5.5057774,-15.322547,11.717697,-0.6163061,10.472557,11.943617,-18.53722,-15.147776,-14.227368,38.30728,38.760063,-10.930393,4.334178
177,1.3837754726409912,-92.94551086425781,67.2477035522461,6.469675503002717,7.8403645956588965,172.69795933179566,60.000134,0.60022163,-21.582008,-12.862816,14.500669,-81.398865,-52.930267,-0.50527287,-17.56926,6.7126555,1.2177151,2.337759,94.95446,-29.528635,11.895107,0.67021716,5.955809,-13.49509,11.430987,2.5983748,10.4814205,9.563047,-18.759148,-16.558628,-16.687353,34.912827,38.47963,-9.660762,4.9328127
178,1.1576108932495117,-94.05117797851562,67.28114318847656,6.3340437165019186,8.015517342559091,169.1574162914432,60.000134,0.0820254,-20.992865,-13.022311,15.055235,-85.83421,-52.380463,-0.23094068,-17.241413,6.901592,0.48857012,2.1367261,96.8944,-29.89045,11.979457,1.5460454,6.492833,-11.806126,10.950582,6.0775294,10.643738,7.051771,-18.156092,-17.960585,-19.5365,30.33822,38.18402,-8.474705,5.4212184
179,0.9309437274932861,-95.1298828125,67.36851501464844,6.188658533896517,8.206907721486967,165.61044017290638,60.000134,-0.4816823,-20.140667,-13.213906,15.375913,-90.051094,-51.768692,-0.081545986,-16.994669,7.196374,-0.66570115,1.8859018,98.85352,-30.539062,12.025555,2.1654892,7.072874,-10.17012,10.325503,9.647401,10.725026,4.7164474,-17.188047,-19.175636,-22.456163,25.15529,37.839375,-7.309197,5.5151577
180,0.6713628768920898,-96.19117736816406,67.4341049194336,5.999842369170157,8.421434187756265,162.0559061401535,60.000134,-1.1081042,-19.372133,-13.395605,15.571384,-93.95081,-51.122684,0.120802626,-16.916933,7.460129,-1.7065791,1.5820618,100.80975,-31.021881,12.0499,2.6990929,7.654008,-8.727482,9.678026,13.13765,10.884351,2.7103689,-16.300455,-20.33241,-25.035074,20.009768,37.77034,-6.324426,4.9265804
181,0.385313481092453,-97.235595703125,67.500244140625,5.76376947939744,8.672035870273577,158.49944482404197,60.000134,-1.8232073,-18.711798,-13.594953,15.692288,-97.54324,-50.331066,0.31407014,-16.96594,7.6625986,-2.6032097,1.1973466,102.79294,-31.192396,12.007264,3.1444166,8.274861,-7.4381347,8.987819,16.702953,10.994741,1.1558114,-15.391988,-21.658396,-27.36638,14.7222805,38.179546,-5.605209,3.0358562
182,0.08418150246143341,-98.25203704833984,67.59358978271484,5.479258171918683,8.951314320668951,154.93446414450383,60.000134,-2.616485,-18.175049,-13.822376,15.798362,-100.89404,-49.423023,0.49353054,-17.094624,7.7921243,-3.3695822,0.7609854,104.78101,-31.089209,11.885017,3.503702,8.941353,-6.3060026,8.226986,20.359764,11.101026,-0.09704188,-14.286889,-23.068611,-29.677614,8.9878,39.046906,-5.3377857,0.17720278
183,-0.22343210875988007,-99.23577117919922,67.71353912353516,5.150886146849253,9.238092610267362,151.34576908468625,60.000134,-3.4246233,-17.75438,-14.090296,15.94774,-103.93581,-48.584846,0.6233808,-17.28536,7.8514004,-3.9898138,0.32300243,106.74811,-30.917864,11.754155,3.82106,9.557494,-5.2985234,7.4553356,23.83958,11.191637,-1.0747167,-13.296332,-24.149508,-31.756641,3.2796543,39.91881,-5.4759307,-2.5016396
184,-0.5535188913345337,-100.17034912109375,67.84034729003906,4.788673743125967,9.512940779449087,147.71672540901747,60.000134,-4.183255,-17.425978,-14.414661,16.180471,-106.605804,-48.001785,0.6743548,-17.515234,7.8518124,-4.4299784,-0.07527824,108.67376,-30.869213,11.681406,4.1436605,10.027789,-4.3663716,6.7432184,26.891968,11.243579,-1.7970351,-12.733445,-24.547804,-33.24806,-1.856327,40.22233,-5.637766,-3.8501632
185,-0.8808732032775879,-101.05908203125,67.95634460449219,4.385548317532227,9.777128628368455,144.04339452737528,60.000134,-4.8775764,-17.184584,-14.820289,16.47913,-108.902664,-47.71851,0.64419425,-17.764456,7.785268,-4.638092,-0.44980064,110.59024,-30.92463,11.63743,4.492381,10.324417,-3.4776857,6.1547837,29.484358,11.23477,-2.1955447,-12.78108,-24.255535,-33.882248,-6.227802,39.620964,-5.5645103,-3.3322175
186,-1.2149267196655273,-101.89800262451172,68.0657730102539,3.9338201200112723,10.03991146222667,140.32988055331154,60.000134,-5.5399694,-17.040066,-15.317356,16.823538,-110.88223,-47.61976,0.56575567,-18.022476,7.640352,-4.6037807,-0.80767745,112.508125,-30.971794,11.594036,4.8539333,10.499985,-2.6561766,5.6707587,31.77231,11.190397,-2.2809794,-13.229536,-23.628681,-33.795273,-10.033183,38.425335,-5.366298,-1.6529845
187,-1.5560816526412964,-102.69383239746094,68.17633056640625,3.4492482153029473,10.292887443517982,136.5695186016333,60.000134,-6.172875,-16.983183,-15.894022,17.242546,-112.56468,-47.65527,0.46378672,-18.280416,7.435518,-4.3679333,-1.0905582,114.37319,-31.082088,11.625025,5.214364,10.578901,-1.9183383,5.2323604,33.788345,11.135012,-2.182087,-13.805808,-22.913752,-33.21279,-13.283165,37.002666,-5.1131544,0.4362573
188,-1.8850125074386597,-103.44988250732422,68.29975891113281,2.955171304595408,10.526629035557313,132.75160073397936,60.000134,-6.7775784,-16.96242,-16.271896,17.692087,-114.052315,-48.019287,0.3103546,-18.486546,7.300333,-4.150563,-1.293198,116.117714,-31.440493,11.863369,5.45761,10.584709,-1.265682,4.761016,35.56265,11.050922,-2.0148962,-14.239783,-22.231007,-32.37232,-16.057037,35.66047,-4.8148007,2.2012975
189,-2.207798957824707,-104.1780014038086,68.41810607910156,2.4481487158287076,10.738169812161463,128.83957267674268,60.000134,-7.3660164,-16.945444,-16.690187,18.178555,-115.26281,-48.572155,0.13883996,-18.65938,7.177555,-3.862885,-1.4142187,117.749344,-32.149914,12.322464,5.65026,10.495799,-0.7194388,4.291525,37.28466,11.036658,-1.8190742,-14.538518,-21.69062,-31.234251,-18.241726,34.5731,-4.5507936,3.5643148
190,-2.5405590534210205,-104.87200927734375,68.53923797607422,1.9284324512827364,10.927625692958102,124.8438574559904,60.000134,-7.934651,-16.949064,-17.312908,18.755342,-116.13323,-49.13875,-0.06640305,-18.8233,7.0318832,-3.3688467,-1.4462432,119.30341,-33.048065,12.9023,5.867163,10.306961,-0.23993258,3.8320117,38.886105,11.011145,-1.5099404,-14.816757,-21.219263,-29.718838,-19.827196,33.477028,-4.304225,4.869381
191,-2.8590898513793945,-105.53523254394531,68.6832275390625,1.4063994792163104,11.08597055042111,120.8189936227054,60.000134,-8.466648,-16.963636,-17.850145,19.274887,-116.86331,-49.848293,-0.23957111,-18.972027,6.9359117,-2.9059308,-1.3921357,120.73513,-34.064117,13.588587,6.0312734,10.073363,0.1534249,3.3738184,39.989925,10.927232,-1.1312494,-14.977779,-20.718254,-28.029167,-21.014894,32.26933,-3.9705048,6.0526066
192,-3.177600383758545,-106.17340850830078,68.8306655883789,0.8827001891337304,11.203694672166446,116.8183160402663,60.000134,-8.955778,-16.998465,-18.483015,19.841911,-117.452484,-50.299496,-0.3686759,-19.12623,6.8563185,-2.3542516,-1.2538078,122.03038,-34.91051,14.211056,6.282965,9.85306,0.38305178,2.9810376,40.214436,10.890124,-0.7974795,-14.932094,-20.136425,-26.385134,-21.978315,30.989061,-3.4845002,7.0585084
193,-3.4958629608154297,-106.7840347290039,68.9803466796875,0.36051244323692716,11.279031341685917,112.84162309811903,60.000134,-9.4024315,-17.044596,-19.081223,20.41262,-117.94117,-50.58988,-0.46949902,-19.266016,6.8303223,-1.860199,-0.96822834,122.62441,-35.74575,15.3127775,6.8436,9.6499405,0.44675487,2.649199,39.429394,10.872069,-0.46849445,-14.640025,-19.291079,-24.744108,-22.756102,29.443718,-2.692436,7.8757668
194,-3.802088737487793,-107.36373901367188,69.1247787475586,-0.1578619113136771,11.31349564716428,108.85818390875451,59.935863,-9.80861,-17.131294,-19.82618,21.056295,-118.23046,-50.65149,-0.5328102,-19.40264,6.8611994,-1.296731,-0.50006807,122.62441,-36.542286,16.829098,7.6844864,9.436959,0.3758657,2.3672888,37.85443,10.87013,-0.11575755,-14.159641,-18.192741,-23.007858,-23.269789,27.606802,-1.6263589,8.540365
195,-4.113226413726807,-107.9257583618164,69.26224517822266,-0.6617992509775177,11.311942500937786,104.87347623872903,57.937828,-10.100022,-17.186314,-20.305244,21.564728,-118.52618,-50.875305,-0.58848095,-19.504282,6.928649,-0.97070086,-0.092665374,122.62441,-37.45387,18.195566,8.467298,9.221416,0.20782755,2.112896,35.64207,10.863782,0.20664348,-13.543317,-16.962608,-21.289196,-23.57302,25.590572,-0.410884,9.058779
196,-4.423151016235352,-108.45565795898438,69.38893127441406,-1.147764224560868,11.278129824047308,100.8930436357979,55.78686,-10.319857,-17.253054,-20.830524,22.086958,-118.73894,-50.951138,-0.61056167,-19.603746,7.042294,-0.6571396,0.33549955,122.62441,-38.068615,19.376598,9.181141,9.010461,-0.0263631,1.8700863,32.938824,10.851915,0.43632805,-12.838603,-15.750907,-19.712542,-23.725336,23.56945,0.8003198,9.434789
197,-4.717458724975586,-108.96809387207031,69.50531768798828,-1.616665609133517,11.209761645122821,96.91960180774282,53.471493,-10.462237,-17.333357,-21.3361,22.59335,-118.897415,-50.955124,-0.5731347,-19.715723,7.190524,-0.42306677,0.72352934,122.62441,-38.38885,20.334532,9.807456,8.8146925,-0.35693857,1.6258419,29.459435,10.848498,0.56859946,-11.98335,-14.506194,-18.319883,-23.813614,21.553818,1.9766641,9.638092
198,-5.006819725036621,-109.4538803100586,69.61489868164062,-2.072373567132331,11.10889023764145,92.94074915895904,50.99316,-10.526487,-17.398344,-21.71119,23.014929,-119.03858,-50.993988,-0.49532604,-19.821894,7.3500547,-0.3218847,1.0486554,122.62441,-38.575184,21.096687,10.359439,8.628216,-0.7724651,1.3510121,25.227718,10.849076,0.6731957,-10.971066,-13.143622,-17.047365,-23.802277,19.439636,3.2152953,9.675728
199,-5.278642177581787,-109.91011810302734,69.69873809814453,-2.5099563001629406,10.98883551292429,88.93802289734178,48.372936,-10.512617,-17.469334,-22.057812,23.394316,-119.12878,-50.960197,-0.4065869,-19.899595,7.5623107,-0.32472908,1.3324665,122.62441,-38.649708,21.754475,10.818295,8.433555,-1.2041285,1.038959,20.850592,10.865286,0.75550574,-9.930962,-11.842648,-15.908426,-23.559963,17.39123,4.478983,9.607931
200,-5.528397083282471,-110.34912872314453,69.75725555419922,-2.929185164080775,10.863507892792079,84.8910194362237,45.634182,-10.429607,-17.511755,-22.235142,23.608429,-119.25342,-50.990063,-0.33027264,-19.920206,7.738657,-0.4153844,1.5148,122.62441,-38.811874,22.284122,11.317316,8.212325,-1.5847816,0.70806533,16.938034,10.879793,0.7986911,-8.990736,-10.77135,-14.917508,-22.96326,15.557891,5.7358027,9.494543
201,-5.769597053527832,-110.76322937011719,69.79461669921875,-3.3301533410113286,10.738289907510769,80.76500828066855,42.778687,-10.253737,-17.56326,-22.372177,23.724352,-119.34803,-50.949917,-0.2657899,-19.860518,8.043604,-0.70879143,1.5855604,122.62441,-38.997528,22.788368,11.696134,7.9514623,-1.9197245,0.37506992,13.450043,10.879447,0.7461993,-8.171434,-9.939985,-14.076047,-21.881933,13.924042,7.03856,9.358103
202,-5.987586498260498,-111.16839599609375,69.82232666015625,-3.7209739383205274,10.605680970088725,76.56978880267974,39.79753,-9.99848,-17.576109,-22.341608,23.686304,-119.47369,-50.953743,-0.21635157,-19.727737,8.299703,-1.0591893,1.5579433,122.62441,-39.192505,23.112667,12.113086,7.6640105,-2.2562523,0.041427307,10.122104,10.899552,0.6011669,-7.399822,-9.28793,-13.401001,-20.429901,12.496268,8.360627,9.163187
203,-6.195718765258789,-111.56454467773438,69.84431457519531,-4.1014314512763175,10.459319609031645,72.3508629800052,36.677746,-9.7103195,-17.54702,-22.157888,23.51805,-119.6332,-51.01085,-0.17093623,-19.581717,8.615489,-1.5806026,1.4072455,122.62441,-39.463985,23.403635,12.454454,7.3694177,-2.5702262,-0.27668595,7.232234,10.931952,0.42950356,-6.6657963,-8.8032055,-12.88833,-18.86913,11.304077,9.608164,8.881422
204,-6.3906354904174805,-111.9572982788086,69.87201690673828,-4.463976952145479,10.296819242860044,68.15299585200434,33.40759,-9.436365,-17.44194,-21.769398,23.20901,-119.85792,-51.18356,-0.14090735,-19.471645,9.031883,-2.3069024,1.0489178,122.62441,-39.932205,23.705301,12.738251,7.085801,-2.8209906,-0.55418324,5.0645957,10.926792,0.31553078,-5.9660444,-8.458193,-12.519649,-17.461521,10.327809,10.7075,8.483942
205,-6.5709919929504395,-112.34497833251953,69.89665985107422,-4.816138489522938,10.131591578187196,63.94267965543932,29.980673,-9.19023,-17.227215,-21.149433,22.718618,-120.17474,-51.44552,-0.108188145,-19.425024,9.541879,-3.1848493,0.46928978,122.62441,-40.581635,24.011808,13.0291,6.821216,-3.0962293,-0.74949676,3.7668285,11.014623,0.17422524,-5.295923,-8.700022,-12.385513,-16.016459,10.326578,11.264751,7.89299
206,-6.733962059020996,-112.72085571289062,69.9306411743164,-5.148543768299649,9.967439021760825,59.699424191889136,26.4036,-8.947179,-16.929077,-20.384136,22.070742,-120.526306,-51.74185,-0.06420021,-19.422483,10.046909,-4.0546107,-0.20272788,122.62441,-41.248714,24.243963,13.363338,6.56147,-3.3431685,-0.87875384,3.1665769,11.067247,0.027253581,-4.6615815,-9.137439,-12.352101,-14.541972,10.546366,11.675325,7.1404595
207,-6.888312816619873,-113.09028625488281,69.96942138671875,-5.463282295419782,9.784524446004937,55.48670811557023,22.680035,-8.698562,-16.544203,-19.499105,21.320278,-120.88478,-52.111336,-0.0518962,-19.404432,10.540922,-4.9065785,-0.92574775,122.62441,-41.956657,24.395422,13.656438,6.3045545,-3.567857,-0.9373036,3.0568407,11.127236,-0.10537057,-4.081078,-9.724815,-12.43341,-13.334081,11.033627,11.98525,6.3863807
208,-7.0379204750061035,-113.46050262451172,69.99837493896484,-5.755671912986115,9.563445476887635,51.370212543227474,18.811773,-8.433423,-16.07118,-18.53261,20.517174,-121.22006,-52.58541,-0.11133462,-19.318062,11.022636,-5.7156196,-1.662698,122.62441,-42.71802,24.455349,13.835064,6.0474005,-3.7523007,-0.9292318,3.2312746,11.198534,-0.18342492,-3.5744023,-10.088028,-12.582563,-12.760179,11.234369,12.50723,5.785791
209,-7.178833484649658,-113.83357238769531,70.00831604003906,-6.01079401942168,9.309895392565926,47.354379830176974,14.743097,-8.166612,-15.515373,-17.510155,19.671219,-121.50503,-53.188652,-0.2563933,-19.149714,11.480016,-6.4500885,-2.3985558,122.62441,-43.53765,24.417036,13.89526,5.7803016,-4.5558715,-0.8001421,3.8259947,12.4987335,-0.7525574,-3.1521392,-10.038832,-12.806476,-12.989575,10.843037,13.503573,5.4398427
210,-7.307435035705566,-114.21415710449219,70.00909423828125,-6.228726411955513,9.037833676800298,43.39803153567179,10.487325,-7.8947906,-14.889272,-16.435364,18.76485,-121.74193,-53.87892,-0.45558608,-18.934221,11.89472,-7.0958033,-3.1193419,122.62441,-44.382343,24.289442,13.884425,5.5073056,-5.753086,-0.53488743,4.8782344,14.60049,-1.6444249,-2.8036795,-9.873755,-13.137269,-13.790017,10.345054,14.678299,5.2432837
211,-7.418093204498291,-114.59072875976562,70.00439453125,-6.424303702636156,8.737377089456944,39.50187887189144,6.1475897,-7.5749373,-14.199837,-15.321669,17.817543,-121.94368,-54.570946,-0.69033134,-18.688454,12.259463,-7.6491303,-3.783883,122.62441,-45.20261,24.094841,13.802512,5.246428,-6.778115,-0.18395996,6.052411,16.477964,-2.403054,-2.5122373,-9.916227,-13.590615,-14.930765,10.328764,15.531267,5.039094
212,-7.531146049499512,-114.95963287353516,69.99687194824219,-6.613244500050495,8.395296951865717,35.669604109043085,1.8264288,-7.167519,-13.45619,-14.176432,16.834806,-122.129105,-55.19429,-0.9313007,-18.432644,12.575739,-8.116712,-4.362108,122.62441,-45.95467,23.855059,13.646311,5.0157723,-7.5623507,0.20408265,7.02769,18.015903,-2.985564,-2.2607524,-9.990379,-14.0673485,-16.294613,10.453733,15.982505,4.6665964
213,-7.648284912109375,-115.3202896118164,69.99064636230469,-6.796347948320817,8.002488235579756,31.908280587729884,-2.507329,-6.640942,-12.664288,-13.016321,15.8463745,-122.29243,-55.685402,-1.1850446,-18.162086,12.84282,-8.493871,-4.8483124,122.62441,-46.68916,23.577072,13.38811,4.8285236,-8.187576,0.6332822,7.7507114,19.34665,-3.415903,-2.033207,-10.83037,-14.833876,-17.786087,12.153016,15.222872,4.0515265
214,-7.758378982543945,-115.66980743408203,69.98261260986328,-6.956472520324389,7.568509649608111,28.204921993346225,-6.891501,-6.0299225,-11.837695,-11.835955,14.833009,-122.42397,-56.1094,-1.4455819,-17.876041,13.054351,-8.77555,-5.250681,122.62441,-47.402813,23.256529,13.040933,4.6725793,-8.765877,1.1252099,8.383056,20.682076,-3.8003602,-1.8361101,-11.8360815,-15.785142,-19.565498,14.341387,13.895761,3.2972145
215,-7.856285572052002,-116.00519561767578,69.95551300048828,-7.085163532066444,7.106152355337692,24.536506065530293,-11.232753,-5.3966446,-10.979936,-10.657199,13.806566,-122.51689,-56.49626,-1.7150862,-17.578876,13.209647,-8.985763,-5.57624,122.62441,-47.987778,22.891048,12.6617,4.5277677,-9.251814,1.6419097,8.932977,21.971813,-4.1967916,-1.6905549,-12.819809,-16.80663,-21.425543,16.571075,12.432067,2.5275884
216,-7.935640811920166,-116.33002471923828,69.91464233398438,-7.1791359164313375,6.62769361242936,20.880012143707404,-15.434934,-4.807806,-10.110043,-9.495106,12.754927,-122.568436,-56.903793,-1.9654278,-17.287518,13.315571,-9.165198,-5.838512,122.62441,-48.35412,22.480597,12.301145,4.374042,-9.545791,2.1354408,9.4137535,23.06344,-4.6152763,-1.6226971,-13.674208,-17.76595,-23.161638,18.507772,11.217596,1.8537387
217,-7.994028091430664,-116.64552307128906,69.86270904541016,-7.233940381319591,6.119873011012907,17.233175689640696,-19.529066,-4.2594438,-9.248444,-8.367258,11.698988,-122.56554,-57.312485,-2.1798935,-17.012667,13.388302,-9.351452,-6.041125,122.62441,-48.510338,22.015106,11.983608,4.202859,-9.597802,2.5692115,9.724247,23.873117,-5.0456476,-1.6370544,-14.417439,-18.661438,-24.761908,20.165865,10.282633,1.2774719
218,-8.04113483428955,-116.95626068115234,69.80003356933594,-7.25053398933436,5.583487696293233,13.598956672758877,-23.546104,-3.7435553,-8.400771,-7.289135,10.671605,-122.5064,-57.673294,-2.3705308,-16.746113,13.439851,-9.55411,-6.2004285,122.62441,-48.527824,21.503487,11.664583,4.0254335,-9.464124,2.9725559,9.899397,24.481287,-5.477323,-1.7254536,-15.110682,-19.544788,-26.324339,21.71888,9.437543,0.7462573
219,-8.066800117492676,-117.26148986816406,69.73247528076172,-7.241322482858268,5.049184347613071,9.961894666272263,-27.391134,-3.3088703,-7.577415,-6.2547736,9.661913,-122.40724,-58.030357,-2.5366642,-16.482807,13.471504,-9.766587,-6.3467517,122.62441,-48.39809,20.967007,11.29761,3.8528228,-9.179013,3.3898768,10.158894,24.93478,-5.89544,-1.8978219,-15.778957,-20.351782,-27.80563,23.162674,8.706583,0.27955085
220,-8.065546035766602,-117.55843353271484,69.66483306884766,-7.221766603046368,4.545085216185892,6.307516474496841,-30.971615,-2.987884,-6.7836494,-5.249321,8.661058,-122.28429,-58.431274,-2.6887262,-16.213436,13.47585,-9.971437,-6.5020294,122.62441,-48.106762,20.423086,10.842842,3.6952097,-8.764769,3.8606827,10.722748,25.265268,-6.2784076,-2.1617389,-16.463354,-21.027502,-29.157396,24.515306,8.104833,-0.10258555
221,-8.043007850646973,-117.84254455566406,69.5916748046875,-7.204523358646935,4.071091097654557,2.6092258890795126,-34.28138,-2.7916238,-6.020201,-4.262517,7.66701,-122.11694,-58.92925,-2.846058,-15.911698,13.443345,-10.160891,-6.6783104,122.62441,-47.52145,19.855042,10.268137,3.537932,-8.209635,4.39343,11.66041,25.478502,-6.6534896,-2.526298,-17.229872,-21.563368,-30.35841,25.81984,7.6373906,-0.38367552
222,-8.003301620483398,-118.1279067993164,69.5190658569336,-7.184110348779604,3.608678839776451,-1.1259217251096085,-37.370857,-2.6866064,-5.2848907,-3.2959802,6.689892,-121.90696,-59.48908,-3.0049531,-15.589124,13.372813,-10.334688,-6.8545833,122.62441,-46.69175,19.247217,9.620309,3.3811326,-7.4896674,4.9526124,12.859191,25.536158,-7.0054574,-2.9870927,-18.077406,-21.991434,-31.428133,27.098198,7.281403,-0.57581484
223,-7.951654434204102,-118.41810607910156,69.44964599609375,-7.1526442391370875,3.159964897150259,-4.8623260602040475,-40.23085,-2.6266556,-4.58933,-2.3484747,5.729128,-121.70483,-60.03886,-3.1275828,-15.295952,13.2676935,-10.477053,-6.995122,122.62441,-45.867706,18.628422,8.971922,3.2586424,-6.628671,5.5118246,14.263082,25.444271,-7.26776,-3.529023,-18.941244,-22.302317,-32.38234,28.317955,7.0194106,-0.70022917
224,-7.884562969207764,-118.7119140625,69.38202667236328,-7.10151539857401,2.7312002686680517,-8.562204849721558,-42.851402,-2.5645971,-3.9313161,-1.4194175,4.7940536,-121.56081,-60.491383,-3.1959248,-15.073909,13.132487,-10.563983,-7.06441,122.62441,-45.28686,18.033094,8.387532,3.202594,-5.643129,6.041516,15.815608,25.191723,-7.3674273,-4.13462,-19.756294,-22.484434,-33.23796,29.448124,6.831453,-0.77879876
225,-7.79191255569458,-119.00731658935547,69.32192993164062,-7.032581581385928,2.330977628479771,-12.234221372631065,-45.282825,-2.5168052,-3.4834018,-0.7050832,4.0518026,-121.488556,-60.618595,-3.1049695,-14.988861,12.999316,-10.580525,-7.096405,122.62441,-45.037766,17.485691,7.8834815,3.2057507,-4.524198,6.550613,17.647087,24.789246,-7.310208,-4.8093033,-20.574707,-22.528254,-33.95242,30.54861,6.6554227,-0.7964474
226,-7.680449485778809,-119.31465911865234,69.27083587646484,-6.954155709905242,1.9560512106178969,-15.900944976649665,-47.517178,-2.484064,-3.0083103,0.12828055,3.2198732,-121.48894,-60.778408,-2.9841964,-14.950465,12.819087,-10.544149,-7.0646787,122.62441,-44.98648,16.973608,7.420289,3.2559326,-3.254167,7.013643,19.745451,24.21672,-7.11205,-5.5574512,-21.441679,-22.441694,-34.52414,31.649391,6.504473,-0.7397082
227,-7.5483717918396,-119.61894226074219,69.22660827636719,-6.863392828202122,1.5972573081439394,-19.543814518271102,-49.453377,-2.407923,-2.4598746,1.1013988,2.3157487,-121.52158,-61.05874,-2.91551,-14.908055,12.57732,-10.427585,-6.9197598,122.57431,-44.9826,16.501465,7.0116754,3.3788536,-1.8554566,7.3590264,21.83367,23.434788,-6.7278843,-6.357359,-22.270388,-22.240091,-35.035778,32.66079,6.4706078,-0.63521105
228,-7.392255783081055,-119.92634582519531,69.18934631347656,-6.75626820420974,1.2445896841981519,-23.14053668378187,-50.989243,-2.2348533,-1.9379673,2.013245,1.480809,-121.54982,-61.374287,-2.8646438,-14.870561,12.342998,-10.2530575,-6.638254,121.96729,-44.948654,16.434319,6.938077,3.6006894,-0.35476694,7.53182,23.62974,22.397863,-6.114921,-7.1846457,-22.961872,-21.936958,-35.573814,33.476345,6.655617,-0.51280564
229,-7.215151786804199,-120.22880554199219,69.15727996826172,-6.633663179774671,0.8953615402784934,-26.695717178526674,-52.13018,-1.9452147,-1.4398144,2.8725734,0.70060563,-121.57776,-61.7486,-2.8248484,-14.841244,12.109677,-10.007956,-6.288716,121.30772,-44.833366,16.364935,6.9094596,3.9493206,1.239914,7.5292354,25.049936,21.082394,-5.271455,-8.03771,-23.507856,-21.534407,-36.148968,34.102745,7.1376066,-0.3901557
230,-7.019323348999023,-120.53952026367188,69.13191223144531,-6.499022398101942,0.5553822096486283,-30.223895238263403,-52.921795,-1.5715593,-0.9655232,3.68984,-0.04328907,-121.62271,-62.14731,-2.7800078,-14.833435,11.875209,-9.689107,-5.883581,120.59241,-44.6959,16.309418,6.930607,4.404724,2.9598653,7.368587,26.240229,19.45776,-4.1957393,-8.925072,-23.97212,-21.023987,-36.712345,34.599003,7.836933,-0.24012518
231,-6.792603969573975,-120.87376403808594,69.11771392822266,-6.351307353146924,0.22673432544762198,-33.71774607858645,-53.317287,-1.138463,-0.5115953,4.4632144,-0.74632937,-121.677734,-62.574684,-2.7506225,-14.833001,11.639162,-9.299914,-5.4291744,119.80662,-44.50744,16.253304,6.957726,4.923768,4.848006,7.03228,27.26046,17.443624,-2.836342,-9.839376,-24.359024,-20.409117,-37.26282,34.93951,8.616691,-0.037292317
232,-6.546534538269043,-121.22422790527344,69.10350799560547,-6.191365108278854,-0.08897445294253373,-37.16744615953113,-53.268497,-0.6730791,-0.07366518,5.1823964,-1.4000405,-121.735535,-63.025875,-2.7547758,-14.826259,11.402917,-8.8461075,-4.9314733,118.934006,-44.24463,16.185932,6.9452205,5.4635386,6.987355,6.4754567,28.170809,14.876129,-1.1044543,-10.77311,-24.66306,-19.697746,-37.807022,35.09302,9.341913,0.23128998
233,-6.284605503082275,-121.59564208984375,69.08616638183594,-6.028883075889452,-0.3895954271724397,-40.571379649584024,-52.705254,-0.1542082,0.3537502,5.844266,-2.00492,-121.79222,-63.524704,-2.8142502,-14.790436,11.170422,-8.320803,-4.3880343,117.96522,-43.874832,16.107086,6.8687263,6.0264173,9.585494,5.5854397,28.981373,11.328375,1.1391745,-11.756043,-24.900726,-18.879932,-38.310154,35.065445,9.966181,0.5837602
234,-6.001367092132568,-121.99198150634766,69.0689697265625,-5.865979985418402,-0.6800405977266933,-43.937817313988745,-51.674557,0.41659954,0.77432615,6.4538994,-2.5726647,-121.85564,-64.06329,-2.9114778,-14.741672,10.944812,-7.722183,-3.8074481,116.90132,-43.42557,16.026031,6.760708,6.63264,10.5631895,5.573434,29.444578,11.159786,1.9315416,-12.819314,-25.07881,-17.969887,-38.786385,34.89739,10.551837,0.9943008
235,-5.712534427642822,-122.40636444091797,69.04534912109375,-5.6884151865728585,-0.9665586499711512,-47.27098210066504,-50.30295,0.9783352,1.0476638,6.84505,-2.9599338,-121.95941,-64.44541,-2.9388552,-14.760767,10.808228,-7.25697,-3.3119752,115.72707,-43.12224,15.982364,6.605927,7.266614,11.526446,5.530015,29.73928,11.005084,2.8979874,-13.867873,-25.1669,-17.010595,-39.31816,34.59812,11.1336565,1.4038343
236,-5.418451309204102,-122.8504638671875,69.02030944824219,-5.483301888700426,-1.2511630144340484,-50.573510015178364,-48.7148,1.4767995,1.3177558,7.224641,-3.339303,-122.09235,-64.80126,-2.9292662,-14.8500185,10.677149,-6.731804,-2.7925186,114.461365,-42.83944,15.954397,6.4882903,7.9111114,12.454389,5.449046,29.869514,10.880368,4.1333346,-14.837287,-25.123762,-16.031185,-39.988728,34.15001,11.759375,1.755494
237,-5.12123966217041,-123.32678985595703,68.99845886230469,-5.245759870616264,-1.522475318958832,-53.84427877551702,-46.871716,1.9032466,1.4778565,7.4472384,-3.5760496,-122.28486,-64.96025,-2.8313825,-15.046882,10.607839,-6.364555,-2.394529,113.08521,-42.895836,15.954637,6.404331,8.542802,13.398667,5.3012333,29.982672,10.73575,5.668155,-15.823476,-24.953913,-15.006425,-40.801914,33.507812,12.415643,2.0136688
238,-4.829032897949219,-123.82850646972656,68.96976470947266,-4.986416238060672,-1.780501136168337,-57.08608350192539,-44.72084,2.2856767,1.6342922,7.656365,-3.8139932,-122.50861,-65.11401,-2.711559,-15.303267,10.550095,-5.943216,-1.9169428,111.59279,-42.9664,16.028187,6.323691,9.179178,14.333923,5.1122293,30.015074,10.62556,7.421867,-16.830318,-24.685915,-13.937322,-41.71895,32.724686,13.075072,2.2111273
239,-4.526839256286621,-124.35948944091797,68.95184326171875,-4.698227967411099,-2.0296012884991343,-60.30694914624342,-42.43584,2.6197104,1.8215343,7.878173,-4.054754,-122.62441,-65.302605,-2.6547737,-15.701579,10.485206,-5.4121037,-1.398674,110.02832,-42.888832,16.090267,6.2663136,9.855576,15.21221,4.885605,29.678308,10.51147,9.4204035,-17.665396,-24.18865,-12.776183,-42.766186,31.624313,13.889568,2.4004436
240,-4.235363960266113,-124.90499114990234,68.95320129394531,-4.361256940870656,-2.286774919300492,-63.51768075889918,-40.043835,2.9013693,1.981753,8.041498,-4.2101507,-122.62441,-65.48492,-2.6402943,-16.248795,10.441028,-4.9707317,-0.972617,108.448555,-42.758385,16.061844,6.196504,10.604052,15.988601,4.633689,28.709627,10.406167,11.663597,-18.152727,-23.349884,-11.492114,-43.93834,30.082672,14.992922,2.6374397
241,-3.938298225402832,-125.47592163085938,68.97089385986328,-3.9731737857367313,-2.540969224865569,-66.73649405141879,-37.81952,3.139481,2.1610982,8.193526,-4.3246307,-122.62441,-65.70497,-2.6022975,-16.870262,10.397318,-4.5010996,-0.5766036,106.84047,-42.42098,15.9390545,6.1054697,11.443275,16.67672,4.37773,27.081446,10.314297,14.212004,-18.250475,-21.915304,-9.927955,-45.565907,27.648153,16.715246,3.150267
242,-3.6417081356048584,-126.09454345703125,68.95417785644531,-3.510997228241142,-2.77148167633266,-69.95834135586718,-35.1199,3.3518364,2.309764,8.293161,-4.412203,-122.62441,-65.97646,-2.5224495,-17.576342,10.368245,-4.126315,-0.23038138,105.20287,-41.94292,15.763444,5.9471164,12.359429,17.347246,4.0707984,24.924608,10.19783,17.046064,-18.12253,-20.211834,-8.268383,-47.453194,24.91151,18.719337,3.8479645
243,-3.348374366760254,-126.74238586425781,68.8958740234375,-2.986962824243458,-2.9813233340743395,-73.14842225428148,-32.664505,3.4912803,2.4877896,8.384982,-4.5034404,-122.62441,-66.256096,-2.4968212,-18.256596,10.331821,-3.719366,0.075494014,103.51485,-41.41557,15.547777,5.859215,13.322351,17.933235,3.7130775,22.225487,10.125709,20.039078,-17.898174,-18.866655,-6.950404,-48.90417,23.136057,20.053522,4.294177
244,-3.0538876056671143,-127.40591430664062,68.80200958251953,-2.4423051811494645,-3.180641865816316,-76.27444646481156,-29.7756,3.5392637,2.6719613,8.465316,-4.6378045,-122.62441,-66.54932,-2.547599,-18.830101,10.299394,-3.3645742,0.38717282,101.770966,-40.872063,15.39488,5.808955,14.2937,15.948755,4.169468,18.803267,14.959546,20.053522,-17.735233,-18.269598,-6.2836185,-49.309425,23.123512,20.053522,4.0486674
245,-2.772286891937256,-128.07200622558594,68.7162857055664,-1.8451332126993438,-3.3758108757159015,-79.32273672078726,-27.204247,3.5378668,2.8784065,8.542608,-4.763209,-122.62441,-66.864784,-2.7604973,-19.228895,10.269546,-3.0939357,0.5886137,99.96578,-40.465816,15.202149,5.9077616,15.29999,13.820393,4.0720663,14.331554,19.582155,20.053522,-17.337923,-17.8349,-5.579643,-48.485893,23.14708,20.053522,2.7793221
246,-2.4966466426849365,-128.76243591308594,68.6171875,-1.2046572221198566,-3.5526748791915543,-82.31598071699906,-24.621655,3.4832633,3.2498467,8.681091,-5.0496893,-122.62441,-67.26426,-3.0902123,-19.482727,10.228433,-2.8570213,0.73187786,98.09206,-40.061756,15.00057,6.093994,16.350464,11.670184,3.3357263,9.00704,24.004677,20.053522,-16.859985,-17.50292,-4.8539925,-46.81281,23.26158,20.053522,0.77930987
247,-2.2141530513763428,-129.45962524414062,68.48153686523438,-0.588209034544952,-3.695317247248999,-85.2766592222628,-22.04245,3.3778627,3.62474,8.858604,-5.3832793,-122.62441,-67.64314,-3.4499376,-19.704155,10.211194,-2.8551424,0.8062644,96.20437,-39.87085,14.837947,6.302763,17.397001,9.778577,2.1529524,3.8091676,28.123394,20.053522,-16.98536,-17.094814,-3.9021761,-44.69162,23.036373,20.053522,-1.4941537
248,-1.9111998081207275,-130.16807556152344,68.30719757080078,-0.05981979866157299,-3.798829816994214,-88.2229874143517,-19.477823,3.208938,4.0077944,9.115032,-5.7963896,-122.62441,-67.949295,-3.7852197,-19.956062,10.217477,-3.0236151,0.8830918,94.35173,-39.8388,14.759782,6.485865,18.375996,8.348686,0.9031328,-0.35555547,31.803118,20.053522,-18.31346,-16.290915,-2.4855323,-42.47168,21.797314,20.053522,-3.5831387
249,-1.6243987083435059,-130.8747100830078,68.08429718017578,0.36939071583197963,-3.8946621777325494,-91.12425709467024,-16.955666,2.973373,4.4032516,9.4827585,-6.293803,-122.62441,-68.18954,-4.101092,-20.253653,10.25725,-3.3234737,1.0081087,92.516045,-39.99529,14.786522,6.6644063,19.292122,7.2596498,-0.3739322,-3.7788062,35.34151,20.053522,-21.794521,-16.058973,-1.5423175,-39.904037,22.134092,17.799334,-5.4352736
250,-1.353907823562622,-131.56297302246094,67.81950378417969,0.7574215015050626,-3.9808005558025306,-93.9770454679146,-14.4568815,2.6629133,4.833916,9.969535,-6.883935,-122.62441,-68.43145,-4.442075,-20.538052,10.32716,-3.7423646,1.1674511,90.693306,-40.293972,14.877447,6.851881,20.164759,6.490639,-1.6762704,-6.138935,38.636658,20.053522,-25.210142,-16.734556,-1.2134296,-36.80402,24.647333,13.306746,-7.2220035
251,-1.0674933195114136,-132.2652587890625,67.52960205078125,1.1414192750338537,-4.009472911950117,-96.83793713939546,-11.921493,2.264418,5.3037686,10.548223,-7.575103,-122.62441,-68.68315,-4.7947702,-20.775251,10.394391,-4.247945,1.3055105,88.93436,-40.586414,14.965996,7.0443807,20.966896,5.9297647,-2.1772096,-5.559676,41.397697,20.053522,-25.210142,-17.729786,-0.972908,-33.57263,27.741098,8.363829,-8.804657
252,-0.818556547164917,-132.9882354736328,67.29761505126953,1.5001791805456406,-3.9524897119086084,-99.77232707912601,-9.292685,1.7874585,5.808936,11.180091,-8.325149,-122.62441,-68.88675,-5.137022,-20.944637,10.418482,-4.7583365,1.4372951,87.31509,-40.710228,15.006951,7.1814475,21.679148,5.5410542,-1.9969609,-4.35367,43.334114,20.053522,-25.210142,-18.291601,-0.32296532,-30.736462,29.733936,4.506112,-10.165837
253,-0.6107226014137268,-133.73829650878906,67.17723083496094,1.8021486693375903,-3.8099911230717995,-102.77479395071244,-6.563194,1.1722764,6.338395,11.853726,-9.129524,-122.62441,-68.951096,-5.4517455,-21.059998,10.372022,-5.2347813,1.6030339,85.84304,-40.495846,14.954312,7.2571917,22.301529,4.8949,-0.96454966,-2.5062973,45.137047,20.053522,-25.210142,-18.229614,0.638665,-28.617914,30.405172,1.9594151,-11.2804785
254,-0.43401774764060974,-134.48960876464844,67.14542388916016,2.052090571200364,-3.616385481257919,-105.82027629983878,-3.7565086,0.4241319,6.8887024,12.575698,-9.992096,-122.62441,-68.903534,-5.738239,-21.130661,10.250692,-5.6693597,1.8317661,84.48636,-40.04242,14.837977,7.2935777,22.846119,3.8089445,0.787655,-0.028112784,47.34948,20.053522,-25.210142,-17.791811,1.7066934,-26.909727,30.354393,0.037123695,-12.180734
255,-0.2576397657394409,-135.23681640625,67.14065551757812,2.2803997621070686,-3.3869253854868244,-108.94200911697533,-0.8610287,-0.35420454,7.461827,13.311678,-10.871177,-122.62441,-68.84922,-6.0048504,-21.133615,10.047666,-6.018041,2.0676124,83.25792,-39.568253,14.716798,7.3006444,23.31515,2.7825623,3.1241848,3.186373,49.27011,20.053522,-24.419804,-17.296879,2.750781,-25.192549,30.122284,-1.4804497,-12.900391
256,-0.06636735051870346,-135.96762084960938,67.12975311279297,2.5258817293086877,-3.1223339948511035,-112.1670291898363,2.1335626,-1.0510027,8.049596,13.999685,-11.714175,-122.62441,-68.87781,-6.254319,-21.061213,9.754928,-6.226293,2.221332,82.19809,-39.249737,14.627849,7.287382,23.69965,1.9605438,6.1167717,8.242524,50.913853,20.053522,-19.568808,-17.007378,3.698009,-23.05647,30.126156,-2.7489543,-13.478195
257,0.08260924369096756,-136.69296264648438,67.11639404296875,2.7942586561077927,-2.8066231102927017,-115.54674885396382,5.2595744,-1.63608,8.621624,14.572391,-12.486082,-122.62441,-68.90141,-6.4855714,-20.937319,9.344511,-6.2521577,2.1729126,81.332245,-39.0239,14.526903,7.258113,24.00029,1.3016788,8.760078,12.57404,52.239502,20.053522,-15.178064,-16.953308,4.63543,-20.389458,30.377306,-3.712593,-13.933333
258,0.19921642541885376,-137.40379333496094,67.1255874633789,3.0647707424546082,-2.4368159267753935,-119.05280949119373,8.503834,-2.1762807,9.144059,15.000102,-13.158781,-122.62441,-68.84513,-6.687893,-20.797844,8.815436,-6.095942,1.9617531,80.648026,-38.77131,14.390646,7.221861,24.220158,0.7947728,11.331244,16.77531,53.25801,20.053522,-10.699756,-17.008848,5.5705934,-17.438234,30.706411,-4.3197346,-14.238608
259,0.2815851867198944,-138.10140991210938,67.15010070800781,3.3182386696907256,-2.036817147501897,-122.6208633419316,11.805171,-2.6862798,9.604446,15.276593,-13.679842,-122.62441,-68.81422,-6.861071,-20.657118,8.214855,-5.790427,1.7266423,80.13141,-38.591316,14.2909565,7.1888533,24.368332,0.41715077,13.667628,20.588776,53.952667,20.053522,-6.4638834,-17.0858,6.5142236,-14.370326,31.047592,-4.6861196,-14.470429
260,0.34099817276000977,-138.7843017578125,67.18695831298828,3.5398172925777214,-1.6354639263767266,-126.19133809054921,15.101618,-3.1701865,10.006322,15.42278,-14.026692,-122.62441,-68.94249,-7.00288,-20.521278,7.6182647,-5.3841343,1.5982137,79.7609,-38.60696,14.308461,7.159449,24.45432,0.09069064,15.649795,23.774193,54.345566,20.053522,-2.7519186,-17.114496,7.4621015,-11.344341,31.357954,-4.9379315,-14.7140465
261,0.38189589977264404,-139.4393768310547,67.23197937011719,3.735859202011375,-1.2396315779973075,-129.78731462609298,18.402542,-3.6114569,10.356136,15.440878,-14.182686,-122.62441,-69.37693,-7.1209373,-20.399021,7.0808086,-4.895022,1.5660311,79.52265,-39.020767,14.530817,7.1274257,24.460615,-0.2580273,17.236216,26.31364,54.40183,20.053522,0.4512105,-17.074274,8.415528,-8.385137,31.601337,-5.015545,-14.99241
262,0.3841705620288849,-140.08323669433594,67.29026794433594,3.9150907631921847,-0.8363349301159089,-133.43469624173557,21.732151,-3.999403,10.65072,15.323128,-14.158891,-122.62441,-70.00941,-7.2228546,-20.288124,6.6167502,-4.319286,1.5311339,79.41795,-39.737556,14.899765,7.085372,24.389256,-0.66685665,18.462643,28.335026,54.133236,20.053522,3.2671356,-16.996128,9.367516,-5.4106174,31.801722,-4.8794913,-15.249715
263,0.38107261061668396,-140.71449279785156,67.34151458740234,4.058346664127451,-0.4345837086716817,-137.08120112761884,25.048153,-4.3324447,10.89049,15.0982895,-13.994556,-122.62441,-70.612434,-7.3019004,-20.168182,6.2396727,-3.6749706,1.4905512,79.44464,-40.44246,15.278151,7.034112,24.278978,-1.3162689,19.495136,29.818525,54.04293,19.578505,5.659346,-16.923136,10.307534,-2.4199998,32.05928,-4.7085953,-15.464734
264,0.3921542167663574,-141.3414764404297,67.30419158935547,4.1165925257916625,-0.05852602100900885,-140.67854442866997,28.307848,-4.611275,11.091591,14.818414,-13.742486,-122.62441,-70.9706,-7.3503895,-20.00918,5.9572854,-2.9946032,1.4465708,79.59873,-40.843513,15.533352,6.9818234,24.168894,-2.9423058,20.924679,30.58132,56.148144,16.270247,7.6421447,-17.106453,11.271506,0.53793395,32.84252,-4.8499165,-15.618879
265,0.40605252981185913,-141.95928955078125,67.30378723144531,4.270002514845772,0.35899780088007427,-144.17423331465366,31.491535,-4.8003254,11.270911,14.49998,-13.409541,-122.62441,-71.08394,-7.404462,-19.721231,5.770957,-2.3204074,1.4210513,79.93937,-40.790134,15.596062,6.8731065,24.10267,-4.5569754,21.914703,30.915508,57.760857,13.3914585,9.2550955,-16.96306,11.459155,3.0856078,33.161995,-4.9694524,-15.492794
266,0.41484981775283813,-142.58131408691406,67.34695434570312,4.42625747640077,0.7736406051251905,-147.64010870785,34.6246,-4.8949366,11.436363,14.137557,-12.9974165,-122.62441,-71.07593,-7.467914,-19.325377,5.674951,-1.6645122,1.4127266,80.4602,-40.485218,15.547798,6.7110977,24.061296,-6.1882634,22.584549,30.871794,58.923676,10.853019,10.545056,-16.217,11.459155,5.655124,32.49087,-4.7746296,-15.320986
267,0.41228049993515015,-143.21163940429688,67.43228149414062,4.532901891742211,1.175191311185567,-151.10881650618032,37.7344,-4.948215,11.590175,13.741592,-12.535038,-122.62441,-70.92178,-7.5177746,-18.936327,5.6583166,-1.007263,1.4093167,81.10867,-40.103542,15.473109,6.5227656,23.986582,-7.786971,23.038713,30.601643,59.715187,8.61484,11.546258,-14.8832445,11.459155,8.524004,30.797646,-4.155121,-15.127497
268,0.37788116931915283,-143.8336181640625,67.55207824707031,4.594867877887495,1.5887949976054203,-154.60898167405242,40.849464,-5.004891,11.71915,13.310721,-12.057999,-122.62441,-70.62681,-7.548528,-18.660585,5.6965256,-0.33909062,1.3595319,81.83959,-39.77931,15.434632,6.344302,23.861473,-9.292857,23.298346,30.243963,60.165897,6.6550164,12.320051,-13.155595,11.459155,11.687248,28.349379,-3.1257782,-14.935975
269,0.31794309616088867,-144.44839477539062,67.69905090332031,4.607640328731432,2.0336142554572323,-158.1658322035699,43.999622,-5.048313,11.807967,12.835618,-11.560279,-122.62441,-70.12512,-7.5350146,-18.50854,5.773475,0.33605793,1.2783985,82.68314,-39.520485,15.448108,6.179471,23.671154,-10.715387,23.3831,29.829512,60.30672,4.993915,12.919704,-11.317715,11.459155,15.123656,25.595898,-1.8447332,-14.775652
270,0.23891963064670563,-145.06759643554688,67.87567901611328,4.569041519415719,2.497738137569114,-161.75988031602046,47.162525,-5.0473022,11.854037,12.312925,-11.01278,-122.62441,-69.43026,-7.487666,-18.434404,5.883218,1.0165006,1.2067074,83.649925,-39.25974,15.48204,6.01569,23.426306,-12.089986,23.304161,29.306581,60.159946,3.6289656,13.33669,-9.688871,11.459155,18.668509,23.099556,-0.5817863,-14.63258
271,0.14442838728427887,-145.67486572265625,68.0714111328125,4.4891313965013175,2.9617215133513013,-165.3514834182018,50.287666,-5.0268173,11.861956,11.748849,-10.414587,-122.62441,-68.66767,-7.455414,-18.45972,6.014752,1.7184856,1.132166,84.665245,-39.023056,15.528012,5.8649745,23.151625,-13.394,23.060596,28.681543,59.744835,2.50053,13.536698,-8.533706,11.459155,22.026424,21.335405,0.44746268,-14.441335
272,0.044916197657585144,-146.26963806152344,68.28131866455078,4.383324694596664,3.4063057481796117,-168.9018709281481,53.32642,-5.0205817,11.843287,11.157472,-9.777411,-122.62441,-67.97206,-7.4863496,-18.599981,6.157531,2.4689674,1.0321093,85.65356,-38.82957,15.572523,5.7447486,22.87081,-14.611746,22.666723,27.952557,59.100456,1.5363077,13.478639,-7.852865,11.459155,25.006634,20.332275,1.2099055,-14.146498
273,-0.06948187947273254,-146.85012817382812,68.49481201171875,4.260137127395919,3.8432323997736595,-172.4352247479798,56.34335,-5.0314574,11.807245,10.544158,-9.1118355,-122.62441,-67.39304,-7.594544,-18.863516,6.300531,3.289151,0.88631475,86.63418,-38.652275,15.58503,5.669221,22.585474,-15.722208,22.152517,27.181652,58.245987,0.7078935,13.138857,-7.52478,11.459155,27.711018,19.874298,1.8161632,-13.708196
274,-0.19655153155326843,-147.4317626953125,68.70140075683594,4.127056497901941,4.286094641981007,-175.96806309461314,59.341583,-5.0356803,11.755487,9.908712,-8.430118,-122.62441,-66.870926,-7.755141,-19.23157,6.438483,4.176073,0.7035198,87.63294,-38.47718,15.569666,5.641966,22.291725,-16.770575,21.526493,26.338198,57.239986,0.013142001,12.562066,-7.4754066,11.459155,30.170952,19.862703,2.2783246,-13.149756
275,-0.3352217376232147,-148.0057830810547,68.88510131835938,3.9947359670379963,4.714481036975992,-179.44729225750285,60.000134,-4.8890824,11.687837,9.260672,-7.7513976,-122.62441,-66.38663,-7.95721,-19.67821,6.572962,5.109702,0.49933022,88.58779,-38.34458,15.55964,5.6589017,22.004375,-17.845531,20.771587,25.274733,56.193527,-0.5896933,11.807426,-7.6956744,11.459155,32.121487,20.346155,2.4917796,-12.542064
276,-0.4662647843360901,-148.57504272460938,69.03845977783203,3.8668280450307413,5.105086583087143,177.17807365327405,60.000134,-4.7512283,11.605974,8.616944,-7.0895863,-122.62441,-65.91806,-8.190715,-20.17509,6.7118134,6.066227,0.29878223,89.440384,-38.304024,15.596543,5.7055035,21.737068,-19.00402,19.860151,23.858353,55.1699,-1.120771,10.935246,-8.166058,11.459155,33.3358,21.320131,2.3938167,-11.963358
277,-0.5991227626800537,-149.13641357421875,69.15913391113281,3.7414062807823787,5.454286047660605,173.92633756817943,60.000134,-4.6923747,11.518505,7.994349,-6.446713,-122.62441,-65.493996,-8.47023,-20.742796,6.8665166,7.0410967,0.120938174,90.1309,-38.443058,15.72353,5.771299,21.503883,-20.268381,18.765972,22.039406,54.18528,-1.5871792,9.97948,-8.902858,11.459155,33.739582,22.780006,2.017376,-11.419971
278,-0.7478132843971252,-149.69195556640625,69.25444030761719,3.611055142904322,5.772143645755419,170.76068644181592,60.000134,-4.7046,11.433153,7.3960733,-5.818102,-122.62441,-65.12151,-8.799994,-21.380587,7.040776,8.03987,-0.040216677,90.70684,-38.72298,15.9148655,5.851546,21.288353,-21.565891,17.513462,19.91134,53.187904,-1.9829534,8.919353,-9.865146,11.459155,33.531612,24.616196,1.4465673,-10.885594
279,-0.9053088426589966,-150.2432098388672,69.3297119140625,3.468295962888352,6.053181963841513,167.65342377075274,60.000134,-4.768974,11.348472,6.820234,-5.208825,-122.62441,-64.7463,-9.153442,-22.03226,7.2293596,9.053945,-0.19350776,91.26813,-39.00503,16.11094,5.9400754,21.05366,-22.803255,16.149847,17.553003,52.130314,-2.3050764,7.729197,-10.967442,11.459155,32.90071,26.682285,0.69971395,-10.391952
280,-1.0846898555755615,-150.7816162109375,69.39396667480469,3.3085560698495358,6.292851364962764,164.57850003349884,60.000134,-4.864428,11.257141,6.2618766,-4.621976,-122.62441,-64.31426,-9.50611,-22.642889,7.419092,10.063495,-0.34225637,91.916405,-39.15574,16.252386,6.0301905,20.765865,-23.896431,14.725285,15.031659,50.969646,-2.5562239,6.3809667,-12.128879,11.459155,32.014717,28.847391,-0.21463686,-9.971704
281,-1.2706432342529297,-151.3165740966797,69.48921966552734,3.153613319046459,6.487981237547879,161.541880865929,60.000134,-4.952802,11.1451645,5.6946397,-4.0300875,-122.62441,-63.7743,-9.895373,-23.192541,7.597502,11.047886,-0.4673961,92.65081,-39.122726,16.336363,6.1012435,20.46578,-24.71451,13.133756,12.311403,49.4362,-2.6511908,4.8963056,-13.433852,11.459155,30.66489,31.25758,-1.3812948,-9.688647
282,-1.4754011631011963,-151.84378051757812,69.66194915771484,3.0592058506037776,6.666652341745077,158.55371983312546,60.000134,-5.0414586,10.99667,5.095433,-3.4090831,-122.62441,-63.14909,-10.332747,-23.71339,7.757085,11.997432,-0.5472007,93.42355,-38.979908,16.398983,6.1502156,20.193983,-25.083101,11.273302,9.417744,47.23896,-2.4698937,3.3432035,-13.68839,10.346601,28.843634,31.435322,-1.8084056,-9.39682
283,-1.6954299211502075,-152.35867309570312,69.83467864990234,2.9694843620688247,6.832235003322003,155.58044740331917,60.000134,-5.1910076,10.800249,4.471673,-2.7622678,-122.62441,-62.486134,-10.747434,-24.225445,7.890771,12.9126,-0.58294827,94.26968,-38.790787,16.4357,6.2051034,19.870354,-25.158476,9.422498,6.4012446,44.79663,-2.1667383,1.6844643,-13.490856,8.828205,26.867313,30.705387,-1.9436965,-9.07027
284,-1.9285387992858887,-152.86061096191406,69.98855590820312,2.8502796208571968,6.993707784803597,152.58556082767527,60.000134,-5.43507,10.548623,3.8328202,-2.0912757,-122.62441,-61.847496,-11.093732,-24.736404,7.988685,13.791629,-0.57441133,95.22435,-38.5885,16.449211,6.2836475,19.447165,-24.964977,7.7438912,3.3593686,42.21778,-1.7486986,-0.10064674,-13.306684,7.406953,24.994873,29.982483,-2.0564528,-8.716442
285,-2.17169451713562,-153.34909057617188,70.11966705322266,2.693812904100296,7.147487167882576,149.57120759094738,60.000134,-5.7920337,10.238127,3.1845992,-1.3979657,-122.62441,-61.239643,-11.3627205,-25.248747,8.040139,14.635696,-0.518878,96.296486,-38.3782,16.438047,6.4094453,18.878803,-24.473711,6.250431,0.22511987,39.384113,-1.213697,-2.1329148,-13.167313,6.082683,23.16585,29.288843,-2.1512074,-8.337854
286,-2.4157967567443848,-153.81137084960938,70.22676086425781,2.509646224279901,7.281762147709832,146.54618381849883,60.000134,-6.242768,9.868203,2.527435,-0.6779372,-122.62441,-60.63599,-11.577469,-25.756557,8.03958,15.445048,-0.4075843,97.46144,-38.14122,16.403322,6.570533,18.199295,-23.694489,4.9287806,-3.0618868,36.285046,-0.5837747,-4.364853,-13.045455,4.8055315,21.271046,28.59936,-2.2532077,-7.9426303
287,-2.6762235164642334,-154.26441955566406,70.31534576416016,2.305169232533193,7.396625741343874,143.48433666031767,60.000134,-6.7634997,9.44089,1.864432,0.070183255,-122.62441,-60.052666,-11.736567,-26.25507,7.9858646,16.214117,-0.23361593,98.70243,-37.878147,16.35229,6.7320504,17.486135,-22.680286,3.8344147,-6.363413,33.08918,0.16870391,-6.585722,-12.944002,3.6285186,19.517714,27.924156,-2.3480983,-7.5157537
288,-2.928894281387329,-154.7034912109375,70.38491821289062,2.088721188264656,7.493510105489168,140.35867077077108,60.000134,-7.330473,8.96122,1.2014922,0.8434542,-122.62441,-59.50927,-11.838649,-26.739445,7.8813915,16.935297,0.008031779,100.00214,-37.593422,16.293425,6.8580456,16.816172,-21.483809,2.991774,-9.527832,29.943872,1.1090368,-8.614201,-12.881474,2.600769,18.114355,27.280066,-2.4267776,-7.0497384
289,-3.190523862838745,-155.14895629882812,70.43402099609375,1.8598836241033443,7.570718328231616,137.15414379027374,60.000134,-7.963441,8.435523,0.54534525,1.6288418,-122.62441,-59.04837,-11.877547,-27.219778,7.727643,17.59935,0.3089594,101.394554,-37.27495,16.21653,6.9271755,16.181873,-19.996107,2.4312384,-12.602819,26.614752,2.3988495,-10.610617,-12.902126,1.7356948,17.053574,26.721296,-2.528738,-6.5474916
290,-3.465162515640259,-155.59341430664062,70.46236419677734,1.6149193267091078,7.622730059056352,133.8807825161722,60.000134,-8.667851,7.8712044,-0.09585838,2.413308,-122.62441,-58.659046,-11.853571,-27.692984,7.5236588,18.206707,0.663926,102.86991,-36.933357,16.125387,6.966064,15.551372,-18.164427,2.1739745,-15.63821,22.914747,4.0626445,-12.652294,-13.035713,1.0134774,16.246996,26.287355,-2.6764166,-6.017919
291,-3.750950813293457,-156.0323028564453,70.47074890136719,1.3579850939245544,7.6489874257814625,130.54774632745426,60.000134,-9.398039,7.278985,-0.71125144,3.1918635,-122.62441,-58.28448,-11.777323,-28.13509,7.2698865,18.766191,1.0793906,104.34761,-36.600887,16.044926,7.0112176,14.964566,-16.150072,2.17732,-18.463049,19.106903,5.9652033,-14.445221,-13.284971,0.43101478,15.783624,25.969671,-2.8362498,-5.4676213
292,-4.036121845245361,-156.4642333984375,70.46139526367188,1.0950685331228427,7.652581465973928,127.16279675758308,60.000134,-10.105146,6.6718516,-1.289342,3.9598174,-122.62441,-57.869034,-11.662656,-28.521324,6.9670877,19.29148,1.5644206,105.75005,-36.302757,15.997517,7.096234,14.462331,-14.189589,2.322631,-20.894175,15.623212,7.906655,-15.686259,-13.628846,-0.016779803,15.752792,25.712204,-2.9507399,-4.902565
293,-4.330585479736328,-156.8919677734375,70.44314575195312,0.8413544169885389,7.635955098873146,123.7132764458154,60.000134,-10.761061,6.0600724,-1.8232995,4.703941,-122.62441,-57.40607,-11.523128,-28.870806,6.611613,19.78828,2.1166532,107.08764,-36.050312,15.983441,7.2532744,14.046575,-12.316449,2.4838235,-23.011597,12.5939,10.081427,-16.281446,-14.0584345,-0.30408058,16.261232,25.470524,-2.999016,-4.3274126
294,-4.62204122543335,-157.323486328125,70.41414642333984,0.5936659032649241,7.60096098506285,120.19265255217539,60.000134,-11.391034,5.455082,-2.3046963,5.4091735,-122.62441,-56.938766,-11.355501,-29.189016,6.201768,20.258034,2.7315176,108.39206,-35.81729,15.988244,7.4581647,13.69921,-10.929659,2.4558163,-24.87059,10.816386,12.076356,-16.422232,-14.570987,-0.42920524,17.237103,25.241547,-2.9920049,-3.7408495
295,-4.923280239105225,-157.74949645996094,70.40316772460938,0.33131216135746683,7.549868990626198,116.6190791532619,60.000134,-12.023507,4.8748827,-2.7180927,6.06609,-122.62441,-56.48799,-11.15262,-29.42992,5.743211,20.708227,3.413522,109.62299,-35.563984,16.008482,7.6570735,13.430468,-10.286715,2.1330936,-26.21546,10.724877,13.245382,-16.202728,-15.099263,-0.44822472,18.50214,24.929037,-2.8796055,-3.1368995
296,-5.239349365234375,-158.17298889160156,70.4010238647461,0.03412526312827965,7.4795471881459745,113.01185979655737,59.77999,-12.682518,4.342715,-3.0426493,6.658025,-122.62441,-56.08122,-10.909807,-29.548155,5.246895,21.149872,4.161258,110.74313,-35.2492,16.04031,7.795525,13.250021,-9.646128,1.9503958,-26.752705,10.680667,13.873399,-15.700244,-15.565652,-0.4259746,19.878405,24.415674,-2.60111,-2.5072784
297,-5.580463409423828,-158.59982299804688,70.39462280273438,-0.3056030687536233,7.377396752596978,109.34635913047946,56.760365,-13.353693,3.8841221,-3.2548783,7.157721,-122.62441,-55.73671,-10.623005,-29.503042,4.7187777,21.594812,4.9771276,111.74646,-34.869427,16.097794,7.850369,13.159244,-8.999253,1.9511954,-26.290407,10.6961975,13.7803335,-14.750098,-15.917401,-0.3359146,21.58517,23.578508,-2.0617592,-1.8594096
298,-5.939863204956055,-159.01625061035156,70.39509582519531,-0.670059594123366,7.2401264820657545,105.61401179216384,53.45686,-13.99554,3.5202641,-3.3373764,7.534301,-122.62441,-55.470802,-10.311194,-29.330156,4.1580725,22.045238,5.8474197,112.65874,-34.433502,16.169897,7.8555803,13.154322,-8.313325,2.0776322,-25.015987,10.764158,13.216555,-13.368283,-16.13677,-0.17493616,23.631975,22.39206,-1.2611625,-1.1854134
299,-6.307394981384277,-159.4226837158203,70.39523315429688,-1.042980231591136,7.079055443048858,101.86680358057174,49.897102,-14.57563,3.2666037,-3.2801225,7.7672787,-122.62441,-55.30428,-10.006733,-29.10271,3.5699313,22.492626,6.741168,113.49045,-33.922585,16.215984,7.8381763,13.231024,-7.944825,2.1145306,-23.25112,11.485448,12.081228,-11.8808975,-16.230099,-0.053479295,25.522593,20.9273,-0.30139408,-0.46140966
300,-6.693490028381348,-159.8135223388672,70.38613891601562,-1.4109954142587213,6.91072083769009,98.15752901082341,46.104637,-15.063112,3.1317952,-3.0804625,7.8445997,-122.62441,-55.249634,-9.7400055,-28.892563,2.9637508,22.92176,7.62619,114.25319,-33.32299,16.199121,7.822628,13.385878,-8.040164,1.9906523,-21.295528,12.997534,10.505024,-10.612088,-16.231888,-0.07848954,26.756983,19.29141,0.6928802,0.3248079
301,-7.0942511558532715,-160.195068359375,70.3500747680664,-1.7822847055519695,6.731770108361908,94.46297856905439,42.049183,-15.409586,3.1273026,-2.7291236,7.7602344,-122.62441,-55.3271,-9.498281,-28.698383,2.3526478,23.318798,8.499519,114.96396,-32.599922,16.106123,7.7898817,13.629189,-7.767839,2.0563388,-19.11551,13.658582,9.205699,-9.6686125,-16.177107,-0.27110222,27.338778,17.522732,1.7208414,1.2029933
302,-7.507830619812012,-160.55728149414062,70.29412841796875,-2.159388986251277,6.535276524131492,90.76120550141148,37.725327,-15.592134,3.2636147,-2.2165596,7.4983315,-122.62441,-55.537033,-9.277455,-28.485126,1.7432241,23.680681,9.360942,115.62308,-31.782553,15.9608755,7.7288136,13.959273,-7.382507,2.207637,-16.592474,14.0647545,7.831979,-8.893714,-16.048489,-0.58264136,27.490612,15.575885,2.8298318,2.1494462
303,-7.907786846160889,-160.88751220703125,70.21041870117188,-2.525087578028896,6.339905636557276,87.10862796649432,33.18367,-15.630632,3.5397086,-1.5489086,7.041741,-122.62441,-55.854176,-9.114662,-28.271902,1.1397321,24.009184,10.183233,116.22015,-30.95195,15.785302,7.672233,14.355298,-7.0608582,2.3729584,-13.829645,14.514465,6.3886805,-8.217294,-15.804275,-1.0038003,27.032928,13.442355,3.9677954,3.091341
304,-8.301706314086914,-161.20481872558594,70.11183166503906,-2.865071186663708,6.169270313970274,83.56421942235627,28.46983,-15.556346,3.9436514,-0.7442223,6.384447,-122.62441,-56.24331,-9.03988,-28.078169,0.5474809,24.307508,10.937518,116.745285,-30.188055,15.600467,7.653564,14.796552,-6.983491,2.5095463,-10.929713,15.288748,4.891282,-7.5541434,-15.346242,-1.5366722,25.77779,11.0207,5.122524,3.961583
305,-8.674365997314453,-161.49725341796875,70.00652313232422,-3.179113825403102,6.039254798308228,80.13753715004316,23.516382,-15.346859,4.4616356,0.19159555,5.5272985,-122.62441,-56.693546,-9.036735,-27.90074,-0.029633144,24.563253,11.606685,117.20493,-29.43973,15.387832,7.664107,15.311364,-7.267338,2.6301615,-7.8031883,16.567827,3.298617,-6.854744,-15.799559,-1.6487621,23.595081,10.601382,5.262788,4.8519344
306,-9.041748046875,-161.78260803222656,69.90276336669922,-3.4915520481624243,5.938606223905983,76.79471951430062,18.300827,-14.964644,5.0908537,1.2636455,4.4794745,-122.62441,-57.212902,-9.077036,-27.718945,-0.5824136,24.773956,12.199241,117.60887,-28.701235,15.152122,7.686322,15.896908,-7.736094,2.8196068,-4.4300704,18.054213,1.6820303,-6.1707635,-16.368757,-1.7844012,20.60599,10.524737,5.1731467,5.793279
307,-9.398737907409668,-162.04930114746094,69.80178833007812,-3.7955296387054527,5.860880805052178,73.52924328175745,12.937452,-14.444467,5.828023,2.4499154,3.2540557,-122.62441,-57.80298,-9.179793,-27.520845,-1.1090246,24.955284,12.724573,117.95468,-28.094368,14.929996,7.7494273,16.494574,-8.200673,3.0920362,-1.0216149,19.430845,0.16988735,-5.5616636,-16.84262,-1.9930935,17.040583,10.465686,4.9841065,6.567872
308,-9.74306583404541,-162.31298828125,69.70649719238281,-4.086289978086818,5.798095918447816,70.33729983099333,7.5431914,-13.834897,6.6651936,3.710644,1.8803922,-122.62441,-58.44205,-9.357069,-27.29961,-1.6100755,25.139236,13.201221,118.23106,-27.735401,14.761001,7.882446,17.04269,-8.496557,3.420344,2.2193983,20.42374,-1.1304857,-5.07966,-17.204506,-2.2206397,13.120455,10.479439,4.6359005,6.946631
309,-10.070218086242676,-162.56967163085938,69.64388275146484,-4.363374987128958,5.7562444837069044,67.24309203985197,2.0586095,-13.147294,7.459615,4.860656,0.53985536,-122.62441,-58.900734,-9.583082,-27.107971,-2.028621,25.325563,13.570816,118.410255,-27.721188,14.660806,8.118277,17.5595,-8.536762,3.7498596,5.272549,20.838129,-2.1077042,-4.7146707,-17.292511,-2.503011,8.466973,10.298398,4.2352195,6.836356
310,-10.38183879852295,-162.8149871826172,69.59297943115234,-4.62698065223987,5.745009497406498,64.23777556661325,-3.5647068,-12.358731,8.430076,6.204771,-1.073232,-122.62441,-59.48206,-9.90467,-26.868797,-2.483619,25.568455,13.938846,118.46839,-27.913227,14.57827,8.446197,18.063965,-8.596889,4.0787525,8.237746,21.16996,-2.9842362,-4.438992,-17.331467,-2.7894876,3.1060057,10.340907,3.6183276,6.393681
311,-10.671119689941406,-163.04888916015625,69.57526397705078,-4.888889612749365,5.749593256544563,61.26679637892899,-9.184149,-11.47436,9.451781,7.548893,-2.759609,-122.62441,-60.107567,-10.223351,-26.571636,-2.9138286,25.832012,14.269439,118.50614,-28.1977,14.522866,8.81429,18.504616,-8.541892,4.406542,11.122946,21.233158,-3.7133913,-4.269608,-17.186228,-2.9939017,-2.1678953,10.348233,2.9038506,5.733899
312,-10.948291778564453,-163.27536010742188,69.56709289550781,-5.147858861569495,5.754508569841814,58.27456243402853,-14.651993,-10.522543,10.508541,8.872455,-4.4777136,-122.62441,-60.874016,-10.491949,-26.184837,-3.3324945,26.106422,14.595564,118.60209,-28.433104,14.486634,9.173248,18.83046,-8.302245,4.7120724,13.931307,20.976309,-4.3176966,-4.2322097,-16.913906,-3.02433,-6.5499682,10.341592,2.0633483,4.937082
313,-11.228797912597656,-163.494873046875,69.57071685791016,-5.403571562155823,5.764101302373265,55.25633964050457,-20.001638,-9.547535,11.575207,10.150246,-6.20232,-122.62441,-61.762897,-10.729291,-25.708326,-3.748922,26.39048,14.9155855,118.75209,-28.66037,14.482167,9.525224,19.033236,-7.758932,4.914838,16.613855,20.146982,-4.7293262,-4.366352,-16.20732,-2.8381062,-10.176581,9.803998,1.1050847,3.8592377
314,-11.49013900756836,-163.7107696533203,69.60050201416016,-5.646303487217265,5.780169518367276,52.234765548357,-25.286173,-8.563127,12.622783,11.353126,-7.8948913,-122.62441,-62.689392,-10.957207,-25.17353,-4.1682167,26.686352,15.235504,118.915474,-28.922493,14.509359,9.888424,19.141895,-6.8194203,4.924249,19.20868,18.513147,-4.806037,-4.65029,-16.081244,-2.6105132,-13.271622,10.557162,-0.72308403,2.4878225
315,-11.720608711242676,-163.93043518066406,69.59408569335938,-5.8398714412166255,5.789389360141583,49.19244277166866,-30.364605,-7.5989614,13.621038,12.446466,-9.513288,-122.62441,-63.674946,-11.132399,-24.61348,-4.594465,26.970991,15.565645,119.14673,-29.103243,14.516427,10.241722,19.163868,-6.0735016,4.9270897,21.79156,17.304634,-5.042721,-5.026925,-17.528664,-2.6627996,-15.256644,14.266656,-3.789954,1.0905669
316,-11.924293518066406,-164.1529541015625,69.54839324951172,-5.983061455492186,5.770243381868429,46.113177852389704,-35.096104,-6.6693926,14.546234,13.400806,-10.98141,-122.62441,-64.7045,-11.218981,-24.0625,-5.0283127,27.227743,15.9560995,119.46354,-29.089333,14.502434,10.54236,19.09984,-5.5971193,5.0314803,24.48024,16.773846,-5.475208,-5.4285164,-18.863052,-2.4869413,-15.733019,17.50433,-6.1474676,-0.0972103
317,-12.102792739868164,-164.3684844970703,69.49755859375,-6.079611292407391,5.716249635412248,42.96620399254884,-39.481915,-5.816733,15.3789625,14.169989,-12.220746,-122.62441,-65.771286,-11.223329,-23.54454,-5.4727387,27.45128,16.439148,119.88289,-28.813213,14.500156,10.760793,18.893963,-5.067372,5.155265,27.510382,16.357237,-5.8628235,-5.829549,-19.711393,-1.7247579,-14.133754,19.43019,-7.2081733,-1.0311046
318,-12.247732162475586,-164.59335327148438,69.4564437866211,-6.130702537530808,5.637445484521367,39.76619300586216,-43.56505,-5.078584,16.08777,14.734215,-13.227516,-122.62441,-66.84096,-11.173328,-23.08393,-5.9322796,27.648754,16.99736,120.37942,-28.35721,14.519518,10.917131,18.561607,-4.413268,5.2263846,30.763468,15.847448,-6.129347,-6.267404,-20.37127,-0.54141754,-10.902839,20.855152,-7.5674214,-1.8239018
319,-12.379828453063965,-164.8257293701172,69.42093658447266,-6.145773777581944,5.539105497236745,36.56195143323701,-47.263626,-4.4501715,16.658697,15.10013,-13.993296,-122.62441,-67.80699,-11.100125,-22.687994,-6.4091034,27.842657,17.623413,120.888,-27.814886,14.538987,11.044791,18.204357,-3.739988,5.251175,33.863453,15.316322,-6.2267733,-6.740949,-20.883951,0.74776816,-7.140794,22.10581,-7.6540384,-2.4759045
320,-12.492138862609863,-165.068359375,69.4026870727539,-6.139103418499252,5.42965896342448,33.401625688839495,-50.49847,-3.9160333,17.090748,15.3027115,-14.542659,-122.62441,-68.59795,-11.022991,-22.35491,-6.9012957,28.059547,18.306229,121.344055,-27.276323,14.532222,11.178972,17.923452,-3.1795619,5.2853875,36.429153,14.896078,-6.144139,-7.242316,-21.28328,1.8552505,-3.9299202,23.343945,-7.8564086,-3.015212
321,-12.592151641845703,-165.31724548339844,69.39939880371094,-6.107186430564105,5.313319151394168,30.257952502192754,-53.213425,-3.5033162,17.390234,15.360352,-14.885815,-122.62441,-69.2499,-10.94633,-22.059357,-7.416594,28.317646,19.067877,121.74535,-26.734268,14.483021,11.345902,17.74609,-2.8134615,5.4031305,38.328087,14.728214,-5.909837,-7.7628884,-21.56097,2.8162105,-1.2168202,24.521019,-8.276887,-3.4629197
322,-12.693078994750977,-165.5358123779297,69.38404083251953,-6.048365132831854,5.195050100764236,27.112256773393334,-55.464424,-3.223296,17.565535,15.2800255,-15.029144,-122.62441,-69.81542,-10.863449,-21.806612,-7.961475,28.62065,19.912323,122.11081,-26.1358,14.400926,11.531273,17.618536,-2.5858178,5.6115947,39.767082,14.776514,-5.56076,-8.292972,-21.694185,3.73758,1.4683373,25.545609,-8.698824,-3.7999148
323,-12.770915031433105,-165.76519775390625,69.37181854248047,-5.982490510911738,5.082498496662373,24.025690485814135,-57.34382,-3.0177257,17.629986,15.111138,-15.001806,-122.62441,-70.27263,-10.781492,-21.62285,-8.461819,28.929531,20.73039,122.44959,-25.520182,14.297419,11.71059,17.519728,-2.4267259,5.879699,40.875336,14.914156,-5.1047893,-8.82359,-21.714727,4.44821,3.685566,26.405201,-9.01419,-4.0295253
324,-12.828937530517578,-166.03382873535156,69.40502166748047,-5.927682883797963,4.976964649617214,21.062099111440517,-58.94339,-2.82157,17.629032,14.885442,-14.868675,-122.62441,-70.58822,-10.692716,-21.536324,-8.99511,29.317396,21.613544,122.62441,-24.827238,14.231397,11.858153,17.428623,-2.2623127,6.16063,41.783882,14.999679,-4.544131,-9.349812,-21.668306,4.7692904,4.9940853,27.078485,-9.119232,-4.1644344
325,-12.888233184814453,-166.29244995117188,69.45243835449219,-5.916273109490884,4.877463048880859,18.24189359516671,-60.000134,-2.617919,17.597378,14.661811,-14.660271,-122.62441,-70.810005,-10.586516,-21.555553,-9.517635,29.76991,22.478207,122.62441,-24.090862,14.203444,11.973677,17.36661,-2.1401434,6.5267396,42.540543,15.120397,-3.8668244,-9.898939,-21.484686,4.5917,5.128058,27.38664,-8.832692,-4.163196
326,-12.95345401763916,-166.52969360351562,69.49523162841797,-5.9298333868706985,4.777754845662883,15.525081594357502,-60.000134,-2.502271,17.544521,14.415071,-14.377607,-122.62441,-70.94237,-10.465039,-21.650427,-10.14427,30.388456,23.443342,122.62441,-23.228443,13.967957,12.010001,17.33716,-2.0894427,6.9911213,43.07071,15.342433,-3.0973086,-10.466523,-21.168356,4.0205603,4.376663,27.370144,-8.254496,-4.054503
327,-13.016950607299805,-166.7465362548828,69.5313720703125,-5.910084503913973,4.67275783087537,12.890597746060466,-60.000134,-2.4001255,17.507465,14.23104,-14.120045,-122.62441,-71.04665,-10.3683815,-21.728954,-10.619613,30.912378,24.24531,122.62441,-22.435535,13.777378,12.063254,17.28803,-2.010628,7.4077024,43.322853,15.481816,-2.2776303,-11.004557,-20.873154,3.1986916,3.1297727,27.329588,-7.7079763,-3.9510324
328,-13.059226989746094,-166.9782257080078,69.56794738769531,-5.800190328424171,4.5658041799991995,10.31481625374162,-60.000134,-2.3869114,17.459274,14.025769,-13.877529,-122.62441,-71.03583,-10.314983,-21.768206,-11.110093,31.465899,25.082657,122.62441,-21.613455,13.547335,12.153044,17.170496,-1.7974855,7.622547,43.24716,15.330214,-1.4371929,-11.4666,-20.762821,2.2549896,1.7810024,27.572876,-7.5227365,-3.9531507
329,-13.083399772644043,-167.23968505859375,69.60610961914062,-5.566972239549924,4.471360015267945,7.805845731079427,-60.000134,-2.4941576,17.391987,13.791263,-13.657581,-122.62441,-70.88244,-10.308884,-21.744452,-11.56841,31.971342,25.89042,122.624374,-20.805178,13.317968,12.287287,16.988245,-1.415375,7.557719,42.748055,14.769513,-0.5241966,-11.822899,-20.846815,1.1383512,0.36506012,28.163673,-7.825851,-4.0889707
330,-13.097579956054688,-167.5211639404297,69.63739776611328,-5.250527134592428,4.396604127540841,5.367336788100934,-60.000134,-2.6806548,17.29093,13.501071,-13.420524,-122.62441,-70.5799,-10.327818,-21.706491,-12.019374,32.453613,26.70812,122.55159,-19.995373,13.129797,12.449104,16.762312,-0.8903787,7.295353,41.882977,13.870444,0.48386082,-12.111487,-21.017933,-0.20988639,-1.3055516,28.92833,-8.419471,-4.291132
331,-13.093783378601074,-167.82154846191406,69.65687561035156,-4.90292156018708,4.333388351472205,2.970743642072558,-60.000134,-2.9091961,17.154964,13.173714,-13.162463,-122.62441,-70.19261,-10.3649025,-21.691109,-12.424604,32.868553,27.489738,122.52021,-19.266153,12.94415,12.634193,16.469471,-0.19230545,6.9089437,40.833363,12.672215,1.5310813,-12.384003,-21.272638,-1.7004095,-3.1995764,29.816,-9.147802,-4.509664
332,-13.081328392028809,-168.12779235839844,69.65940856933594,-4.574017233773901,4.26471072170605,0.5879367447028488,-60.000134,-3.1447659,16.990147,12.833521,-12.888063,-122.62441,-69.78823,-10.41416,-21.731112,-12.771974,33.20085,28.221766,122.54962,-18.681564,12.792291,12.866061,16.086184,0.7131838,6.4603643,39.781857,11.187743,2.5730665,-12.688575,-21.614885,-3.2403913,-5.2839446,30.77541,-9.851762,-4.698619
333,-13.062021255493164,-168.44161987304688,69.63967895507812,-4.266295747884354,4.17787513698041,-1.7822281594989497,-60.000134,-3.405624,16.806639,12.496839,-12.615136,-122.62441,-69.348274,-10.493717,-21.824543,-13.059011,33.446144,28.902958,122.62441,-18.290283,12.708209,13.1740675,15.58352,1.1021236,6.5731516,38.51737,11.118691,2.796594,-13.031906,-22.051882,-4.8555484,-7.583526,31.819115,-10.545401,-4.8021903
334,-13.042834281921387,-168.7742919921875,69.6079330444336,-3.955970565726135,4.077897841913274,-4.128910507030736,-60.000134,-3.7015588,16.617174,12.176757,-12.36281,-122.62441,-68.87314,-10.606355,-21.94249,-13.284026,33.608192,29.53185,122.62441,-18.053339,12.7888565,13.577322,14.981073,1.5323203,6.7122817,37.06885,11.079643,2.8578095,-13.38024,-22.545603,-6.616853,-10.133412,32.953217,-11.270987,-4.849525
335,-13.021564483642578,-169.12506103515625,69.5626449584961,-3.6514340162535897,3.9701291443093827,-6.464032766588182,-60.000134,-3.9887526,16.360758,11.788875,-12.044884,-122.62441,-68.37143,-10.706302,-22.123535,-13.529845,33.74134,30.199041,122.62441,-17.84681,12.889157,13.986606,14.328981,2.030389,6.8515863,35.7532,11.034184,2.860873,-13.766512,-23.053568,-8.486319,-12.896432,34.13541,-11.924052,-4.927111
336,-12.994135856628418,-169.48779296875,69.50387573242188,-3.362056838790553,3.8624417631279115,-8.799693102342381,-59.469032,-4.2782598,16.085743,11.415022,-11.704807,-122.62441,-67.98198,-10.782249,-22.330214,-13.755755,33.82836,30.841816,122.62441,-17.614403,13.017149,14.392217,13.676763,2.6081727,6.978393,34.886196,10.986128,2.8882148,-14.224334,-23.548212,-10.414016,-15.82975,35.338276,-12.417648,-5.124414
337,-12.963144302368164,-169.8643798828125,69.43887329101562,-3.0878228489380386,3.7609774296916685,-11.153540929731092,-58.538296,-4.5477962,15.933828,11.211976,-11.509108,-122.62441,-67.87886,-10.847755,-22.493818,-13.877545,33.855095,31.35142,122.62441,-17.38529,13.221154,14.865113,12.988377,3.297547,7.074675,34.62185,10.911801,2.9413786,-14.77475,-24.080858,-12.407006,-18.922878,36.62673,-12.708284,-5.557686
338,-12.938941955566406,-170.2552490234375,69.34916687011719,-2.8297959419876424,3.6567795277856336,-13.51935737290915,-57.516323,-4.7771654,15.764626,10.993845,-11.305033,-122.62441,-67.86555,-10.873118,-22.703333,-14.029934,33.864273,31.928728,122.62441,-17.12613,13.447928,15.315303,12.257955,4.055552,7.1731114,34.760452,10.880689,2.9528859,-15.395924,-24.683193,-14.495481,-22.142797,38.09605,-12.911689,-6.1512465
339,-12.905081748962402,-170.65176391601562,69.26101684570312,-2.5821767891982805,3.5423936707496884,-15.868670663938351,-56.442745,-4.9704127,15.556074,10.744345,-11.054892,-122.62441,-67.85953,-10.881606,-22.953806,-14.237465,33.86368,32.575188,122.62441,-16.79748,13.642915,15.701467,11.566771,4.8772936,7.247023,35.11223,10.820141,3.000688,-16.051994,-25.148855,-16.593203,-25.442936,39.468235,-13.052183,-6.710275
340,-12.878870964050293,-171.0506591796875,69.16532135009766,-2.350288487221917,3.410046336949892,-18.171609808294733,-55.357063,-5.1155024,15.401916,10.567412,-10.860907,-122.62441,-67.87318,-10.907701,-23.186968,-14.40173,33.86253,33.11874,122.62441,-16.397583,13.784214,16.07688,11.000905,5.701546,7.3283434,35.473667,10.782365,3.1074035,-16.711754,-25.374866,-18.62272,-28.776423,40.639374,-13.201201,-7.0401225
341,-12.847108840942383,-171.4501190185547,69.06449127197266,-2.128485397346076,3.2639133320838414,-20.441793611360346,-54.25176,-5.2159576,15.290301,10.4403,-10.711941,-122.62441,-67.89331,-10.949538,-23.407396,-14.531225,33.865463,33.605705,122.62441,-15.856073,13.866657,16.382975,10.581872,6.537797,7.399201,35.884518,10.7435,3.3012705,-17.384218,-25.32073,-20.572794,-32.225792,41.567047,-13.274298,-7.116298
342,-12.806940078735352,-171.84718322753906,68.95449829101562,-1.9169951679249961,3.108812416450133,-22.69216443505797,-53.113934,-5.271363,15.178635,10.317223,-10.561967,-122.62441,-67.91561,-10.98583,-23.64496,-14.674896,33.876175,34.13233,122.62441,-15.172824,13.899838,16.593462,10.265652,7.40157,7.455716,36.41859,10.704878,3.5581784,-18.079947,-25.072641,-22.430536,-35.73852,42.34822,-13.268401,-7.055307
343,-12.747658729553223,-172.25758361816406,68.8449478149414,-1.720481060816653,2.9397212378249957,-24.89119417650968,-51.968395,-5.2731223,15.080615,10.21166,-10.409803,-122.62441,-67.92064,-11.023905,-23.900267,-14.820251,33.895824,34.67635,122.62441,-14.421916,13.890373,16.756542,10.035633,8.281774,7.5190015,36.93412,10.670685,3.8568766,-18.77039,-24.695028,-24.102972,-39.08416,42.99105,-13.302853,-6.8752613
344,-12.688931465148926,-172.6759033203125,68.72987365722656,-1.5443642408239437,2.749390926653779,-27.005222139223264,-50.851818,-5.207335,15.002682,10.13005,-10.254877,-122.62441,-67.88799,-11.063739,-24.179554,-14.962097,33.92309,35.21006,122.62441,-13.691158,13.841043,16.926802,9.875534,9.165656,7.6152773,37.29013,10.649232,4.1726146,-19.428665,-24.276756,-25.525434,-42.042183,43.512573,-13.490561,-6.5900416
345,-12.617033958435059,-173.09791564941406,68.61164855957031,-1.392234084621897,2.5299652646530486,-29.02435304496167,-49.78732,-5.050108,14.958269,10.08093,-10.104154,-122.62441,-67.83846,-11.104591,-24.510721,-15.080128,33.95346,35.682747,122.62441,-12.993814,13.73838,17.13998,9.8073635,10.061701,7.750151,37.49059,10.627381,4.5005035,-20.058832,-23.831192,-26.661623,-44.615265,43.858772,-13.8710985,-6.13936
346,-12.539572715759277,-173.52493286132812,68.49112701416016,-1.2588076575509513,2.285524368680811,-30.96815931384773,-48.847126,-4.837343,14.951763,10.065798,-9.970737,-122.62441,-67.78054,-11.1455965,-24.877937,-15.152861,33.977417,36.046173,122.62441,-12.329742,13.59561,17.410723,9.830459,10.974053,7.9112973,37.598206,10.603787,4.852492,-20.672287,-23.378918,-27.584288,-46.885883,44.07545,-14.354555,-5.581797
347,-12.455832481384277,-173.9690704345703,68.3670883178711,-1.135309773791118,2.025755000887715,-32.84787470740611,-47.80629,-4.5681276,14.970819,10.078772,-9.833787,-122.62441,-67.66331,-11.204074,-25.21753,-15.238035,34.013733,36.492317,122.62441,-11.647139,13.443108,17.630617,9.895158,11.896729,8.089156,37.56333,10.572862,5.24338,-21.252043,-23.000286,-28.383518,-48.77246,44.276752,-14.841678,-5.0774026
348,-12.36831283569336,-174.4337921142578,68.23780822753906,-1.0149373428305828,1.7619132049461645,-34.67155852600645,-46.64327,-4.2813225,15.022329,10.142398,-9.732365,-122.62441,-67.47358,-11.290699,-25.457018,-15.315455,34.04922,36.97505,122.62441,-10.978058,13.307206,17.796825,9.951118,12.813989,8.282007,37.334236,10.549055,5.6779385,-21.78215,-22.768978,-29.124403,-50.19605,44.553925,-15.240157,-4.742145
349,-12.281296730041504,-174.91049194335938,68.10135650634766,-0.8955521436462305,1.491102884320027,-36.437381814818174,-45.597878,-4.016197,15.1046505,10.26225,-9.683721,-122.62441,-67.19878,-11.377651,-25.574032,-15.375762,34.073368,37.374546,122.62441,-10.456209,13.189928,18.058493,9.985149,13.730741,8.490762,36.861427,10.522064,6.176622,-22.252481,-22.779007,-29.743458,-51.014412,44.872513,-15.568664,-4.560567
350,-12.197107315063477,-175.40383911132812,67.9599380493164,-0.7805074199735982,1.2093485864292912,-38.142851369313355,-44.588066,-3.73603,15.214415,10.4322,-9.678091,-122.62441,-66.859825,-11.465485,-25.606565,-15.415045,34.084133,37.69752,122.62441,-10.040874,13.078418,18.383339,10.0236025,14.651746,8.7193575,36.18565,10.491216,6.727627,-22.676609,-22.987701,-30.222664,-51.34489,45.192963,-15.85629,-4.4557204
351,-12.108999252319336,-175.92164611816406,67.81427001953125,-0.6706187277523193,0.9244983238957611,-39.79510312534366,-43.71344,-3.509235,15.386322,10.709368,-9.74307,-122.62441,-66.54335,-11.582483,-25.576368,-15.447969,34.079365,37.995853,122.62441,-9.710366,12.991551,18.72467,10.074314,15.572424,8.962712,35.392265,10.46762,7.2964063,-23.073936,-23.244654,-30.6606,-51.48001,45.553223,-16.039268,-4.416613
352,-12.0238037109375,-176.44895935058594,67.65669250488281,-0.56580433363188,0.6440853680959296,-41.40132183654648,-42.52882,-3.243427,15.575009,11.025926,-9.8905115,-122.62441,-66.31997,-11.691609,-25.55853,-15.463093,34.05023,38.2733,122.62441,-9.425621,12.959943,19.020947,10.145011,16.493387,9.207198,34.567585,10.449784,7.8529377,-23.463032,-23.389364,-31.151255,-51.68313,45.968243,-16.07045,-4.4267592
353,-11.937275886535645,-176.98538208007812,67.48263549804688,-0.4647846595339257,0.36123358616433826,-42.9700249038953,-41.565964,-3.1023805,15.770803,11.3734865,-10.090526,-122.62441,-66.14685,-11.76879,-25.57505,-15.469119,33.99397,38.48597,122.62441,-9.285514,12.97615,19.348717,10.242843,17.435442,9.440921,33.66879,10.402614,8.399475,-23.865486,-23.467625,-31.767557,-51.893684,46.550503,-16.099398,-4.5571666
354,-11.847817420959473,-177.52708435058594,67.28700256347656,-0.36990250012326736,0.07307574355675708,-44.49553154282876,-40.648823,-3.0114007,16.011639,11.820677,-10.362157,-122.62441,-66.011505,-11.837833,-25.581694,-15.466964,33.896214,38.668606,122.62441,-9.2625,13.036066,19.681559,10.364127,18.365427,9.693849,32.666527,10.394491,8.9232645,-24.26924,-23.54309,-32.425827,-52.01423,47.242718,-16.139048,-4.7473927
355,-11.743551254272461,-178.07505798339844,67.07728576660156,-0.27885687513055674,-0.20793515642959215,-45.962087774929884,-39.510338,-2.9112122,16.254942,12.291898,-10.730815,-122.62441,-66.01691,-11.909438,-25.579613,-15.4569235,33.76933,38.830204,122.62441,-9.264535,13.1519785,19.971605,10.490375,19.312262,9.929255,31.689812,10.353003,9.469317,-24.637877,-23.441904,-32.98777,-52.223225,47.75064,-15.944577,-4.8247743
356,-11.646686553955078,-178.63717651367188,66.87738037109375,-0.1968136803427069,-0.4693673872414885,-47.351957086552204,-38.631664,-2.8209364,16.509232,12.79367,-11.117666,-122.62441,-66.00964,-12.012483,-25.636362,-15.443725,33.61334,38.933758,122.62441,-9.264305,13.276057,20.293633,10.61087,20.242027,10.15962,30.85421,10.326565,10.03372,-24.934946,-23.00358,-33.35536,-52.690712,47.846478,-15.3169155,-4.6696873
357,-11.537239074707031,-179.1935272216797,66.67742919921875,-0.14782223834504735,-0.705611002696022,-48.64162393470773,-37.58981,-2.6304233,16.783741,13.35613,-11.657706,-122.62441,-66.16943,-12.142036,-25.73795,-15.428405,33.41742,39.000725,122.62441,-9.276105,13.460967,20.578552,10.739074,21.13465,10.414386,30.177397,10.3415785,10.575041,-25.194202,-21.955233,-33.475822,-53.768627,47.315678,-14.11784,-4.1694045
358,-11.41545581817627,-179.748291015625,66.4735336303711,-0.12068625479983164,-0.9275764505590312,-49.846813248753136,-36.80851,-2.438574,17.061369,13.935033,-12.194475,-122.62441,-66.26988,-12.303396,-25.923098,-15.412846,33.1963,39.008522,122.62441,-9.315803,13.649697,20.888485,10.874956,22.043898,10.628167,29.651512,10.278905,11.1484,-25.210142,-20.466167,-33.344067,-55.255424,46.30543,-12.586892,-3.4781623
359,-11.304426193237305,-180.30853271484375,66.26106262207031,-0.07111069458290417,-1.150076623999066,-51.008576449905,-35.971638,-2.2561195,17.344292,14.537232,-12.807914,-122.62441,-66.50358,-12.478876,-26.062313,-15.395656,32.94279,38.985188,122.62441,-9.328954,13.8749275,21.196388,10.985849,22.951529,10.812826,29.213692,10.238947,11.780745,-25.210142,-19.04082,-33.014,-56.51956,45.2254,-11.1101885,-2.8504004
360,-11.208287239074707,-180.88702392578125,66.03986358642578,0.05062010525715193,-1.385473942542803,-52.16963359269107,-34.98377,-2.1833215,17.641174,15.161674,-13.554813,-122.62441,-66.96228,-12.613871,-26.083048,-15.372258,32.647068,38.95609,122.62441,-9.2463255,14.145511,21.49517,11.034402,23.892715,10.916498,28.84429,10.195876,12.553062,-25.210142,-18.136147,-32.644394,-56.975735,44.512135,-10.010406,-2.483616
361,-11.131298065185547,-181.50083923339844,65.80058288574219,0.28478652441730595,-1.628622076601888,-53.312444705210595,-34.200794,-2.324473,17.927748,15.744975,-14.226097,-122.62441,-67.40271,-12.817949,-25.997374,-15.344213,32.323906,38.930492,122.62441,-8.939397,14.424888,21.817501,11.012037,24.862288,10.925627,28.611649,10.201406,13.422753,-25.182182,-17.896753,-32.357277,-56.443592,44.354206,-9.278767,-2.4155536
362,-11.082916259765625,-182.127685546875,65.57403564453125,0.6002435504024026,-1.8721547655223922,-54.42485264783965,-33.337326,-2.6182418,18.200647,16.296198,-14.943615,-122.62441,-67.97653,-13.038237,-25.816717,-15.309552,31.95766,38.90626,122.62441,-8.501867,14.774523,22.11935,10.93382,25.867435,10.802372,28.591398,10.171841,14.403461,-24.742685,-18.054493,-32.011555,-55.330124,44.481083,-8.727765,-2.4920337
363,-11.055248260498047,-182.7544403076172,65.37019348144531,0.9328176523492959,-2.1229627111500453,-55.5571712006494,-32.43117,-2.9775035,18.461416,16.798298,-15.6621065,-122.62441,-68.58712,-13.2318325,-25.59044,-15.264125,31.561571,38.897076,122.62441,-8.04243,15.129362,22.375544,10.806642,26.866972,10.618207,28.605188,10.138301,15.548291,-24.131569,-18.436724,-31.508945,-53.93109,44.75336,-8.402535,-2.6314976
364,-11.028332710266113,-183.36404418945312,65.19200134277344,1.2219913260083792,-2.3938457297494344,-56.75847316802014,-31.420685,-3.310843,18.791107,17.336184,-16.486712,-122.62441,-69.271904,-13.356831,-25.288958,-15.182337,31.067804,38.927185,122.62441,-7.6987753,15.506878,22.502184,10.6350975,27.819817,10.423539,28.535038,10.121055,16.913025,-23.340017,-18.863194,-30.868156,-52.496563,45.099113,-8.362491,-2.7807634
365,-11.012739181518555,-183.96128845214844,65.05206298828125,1.4652629477606276,-2.697902381668963,-58.07210082954131,-30.423508,-3.5430822,19.048222,17.656223,-17.023554,-122.62441,-69.69555,-13.488084,-24.976748,-15.102956,30.703703,38.99503,122.62441,-7.4595504,15.733198,22.658167,10.362056,28.784714,10.200048,28.457485,10.063541,18.639463,-22.318377,-19.359596,-30.154276,-50.918797,45.60838,-8.679983,-2.9755962
366,-11.024293899536133,-184.54852294921875,64.94371032714844,1.6927896174313866,-3.030291065268425,-59.4632641154063,-28.982044,-3.8290362,19.425665,17.961239,-17.780594,-122.62441,-70.177536,-13.493056,-24.561901,-14.963803,30.211502,39.1755,122.62441,-7.2720885,16.06726,22.618717,10.001642,29.29553,10.210599,28.339415,10.97452,20.053522,-21.075422,-19.98978,-29.447062,-49.092278,46.38272,-9.290534,-3.2318814
367,-11.030641555786133,-185.1392822265625,64.85601806640625,1.8930925161324272,-3.361247933230583,-60.86731468432448,-27.853844,-3.9586716,19.79625,18.087315,-18.284246,-122.62441,-70.45065,-13.609117,-24.172039,-14.801403,29.80569,39.344418,122.62441,-6.9997334,16.26836,22.526,9.681115,28.62312,10.85397,27.892797,14.209538,20.053522,-19.692268,-20.51363,-28.70104,-47.319492,47.228577,-10.08673,-3.481947
368,-11.01616382598877,-185.73011779785156,64.80274963378906,2.061923575806247,-3.664165530888068,-62.217024742148475,-26.773418,-3.9958074,20.080551,18.057096,-18.529634,-122.62441,-70.681305,-13.822728,-23.908491,-14.650523,29.543718,39.450592,122.62441,-6.5632195,16.28711,22.347626,9.524285,27.964375,11.446399,27.172478,17.066746,20.053522,-18.227955,-20.76011,-27.919703,-45.873306,47.827625,-10.78191,-3.6624608
369,-10.972317695617676,-186.31126403808594,64.78567504882812,2.1857774688952434,-3.941871926744772,-63.522208688195605,-25.73838,-3.8983274,20.442015,17.860798,-18.729818,-122.62441,-70.96694,-14.083376,-23.765793,-14.4004965,29.303022,39.522644,122.62441,-5.8119273,16.228586,21.898085,9.612598,27.133318,12.0529375,25.925972,19.7918,20.053522,-16.614346,-20.661995,-27.111305,-44.842426,48.12129,-11.337744,-3.740941
370,-10.916291236877441,-186.85902404785156,64.78973388671875,2.2715290792634635,-4.206068886895248,-64.80919399879195,-24.726765,-3.6961784,20.680054,17.607513,-18.731188,-122.62441,-71.372375,-14.410828,-23.716171,-14.190098,29.229984,39.57342,122.62441,-4.8742585,15.938503,21.370138,9.864928,26.15092,12.65367,24.30673,22.440657,20.053522,-14.835174,-20.353428,-26.278307,-44.06645,48.20225,-11.819784,-3.7823644
371,-10.858329772949219,-187.3848876953125,64.80450439453125,2.3411511628138064,-4.448899764394386,-66.03335169964721,-23.760204,-3.467095,21.029175,17.00139,-18.655714,-122.62441,-71.44852,-14.704406,-23.81945,-13.76051,29.26002,39.510933,122.62441,-3.7947636,15.603834,20.776466,10.163506,25.330368,13.131652,22.73476,24.547262,20.053522,-13.069716,-19.95139,-25.45055,-43.42858,48.167114,-12.263737,-3.8172264
372,-10.810689926147461,-187.906005859375,64.84162902832031,2.415037364753691,-4.655595359491686,-67.14813586024732,-22.866192,-3.2909517,21.241682,16.4017,-18.427158,-122.62441,-71.43887,-14.961368,-24.018436,-13.355194,29.35855,39.38647,122.62441,-2.9280412,15.192449,20.288376,10.377356,24.955183,13.412737,21.60892,25.72251,20.053522,-11.5107155,-19.53025,-24.613386,-42.824112,48.01732,-12.670998,-3.8767498
373,-10.779491424560547,-188.42950439453125,64.91999816894531,2.4896115509611954,-4.824874307951256,-68.10780793209726,-22.080921,-3.175294,21.368246,15.830465,-18.063715,-122.62441,-71.36333,-15.208665,-24.34829,-12.9579525,29.477907,39.217525,122.62441,-2.2929566,14.744985,19.826466,10.495904,24.974178,13.524603,20.869766,26.030603,20.053522,-10.245767,-19.033453,-23.745617,-42.29077,47.67081,-13.02765,-3.963965
374,-10.75914478302002,-188.953369140625,65.04405975341797,2.562493751893194,-4.962459318931418,-68.94659008203351,-21.381224,-3.0816476,21.448084,15.293877,-17.604818,-122.62441,-71.27425,-15.456092,-24.77506,-12.552199,29.604668,38.99693,122.62441,-1.8086743,14.258704,19.350039,10.57629,24.28433,13.867423,20.065926,27.40804,20.053522,-9.209357,-18.413698,-22.839102,-41.863735,47.08295,-13.315824,-4.0650535
375,-10.750572204589844,-189.4690704345703,65.17771911621094,2.630821036068671,-5.069297135758907,-69.73788894856706,-20.699886,-3.017937,21.49548,14.766865,-17.085339,-122.62441,-71.053154,-15.660975,-25.179884,-12.132504,29.722645,38.753765,122.62441,-1.4650095,13.780647,18.913118,10.608483,23.795877,14.145547,19.549948,28.32115,20.053522,-8.322967,-17.812523,-21.933777,-41.444393,46.439796,-13.572522,-4.1937203
376,-10.751091003417969,-189.9378204345703,65.22295379638672,2.660115559339353,-5.150545601907674,-70.55562154482963,-19.970764,-2.9828455,21.506105,14.214713,-16.534153,-122.62441,-70.57524,-15.764829,-25.459684,-11.705729,29.817944,38.504585,122.62441,-1.2823704,13.3594675,18.58055,10.599007,21.983387,15.008488,19.060766,31.965813,18.224167,-7.538477,-17.538628,-21.185335,-40.9034,46.273148,-13.960622,-4.3647366
377,-10.75102710723877,-190.37818908691406,65.23231506347656,2.6748455308830765,-5.195940121676582,-71.40828342844007,-19.179533,-2.9937463,21.466501,13.59104,-15.915264,-122.62441,-69.685684,-15.76417,-25.588644,-11.271662,29.870283,38.287815,122.62441,-1.3186294,13.028367,18.343801,10.482486,19.660177,16.201427,18.975939,36.871555,15.375014,-6.884502,-17.494099,-20.482567,-40.217678,46.30892,-14.361208,-4.5781493
378,-10.759782791137695,-190.80860900878906,65.24613189697266,2.682146717107239,-5.205440566319405,-72.25996997333944,-18.359804,-3.0483582,21.365366,12.876107,-15.193747,-122.62441,-68.44688,-15.683413,-25.639763,-10.825199,29.873682,38.083553,122.62441,-1.5519365,12.772724,18.161919,10.270806,17.677471,17.430977,19.393795,41.2871,12.76827,-6.3557105,-17.5383,-19.758036,-39.46489,46.33597,-14.721064,-4.8290963
379,-10.775211334228516,-191.2191619873047,65.2664566040039,2.691249539476029,-5.189950119321716,-73.11896212508431,-17.51374,-3.1355906,21.196344,12.063117,-14.354829,-122.62441,-67.0583,-15.556839,-25.637297,-10.3636,29.839367,37.89222,122.62441,-1.7912691,12.548895,18.016806,10.037457,15.863199,18.676624,19.961077,45.386387,10.392349,-5.8011494,-17.61279,-19.034042,-38.708122,46.328377,-15.036686,-5.0982733
380,-10.781224250793457,-191.6179962158203,65.2978744506836,2.704855095882283,-5.160286495236252,-73.9936423762226,-16.643665,-3.2469084,20.96002,11.146647,-13.38479,-122.62441,-65.714386,-15.422126,-25.597359,-9.888736,29.789793,37.71953,122.62441,-1.8406831,12.302263,17.896336,9.856136,14.046105,19.862871,20.323221,49.28749,8.261086,-5.074561,-17.644733,-18.330532,-38.01003,46.256798,-15.314356,-5.3542747
381,-10.783248901367188,-192.00279235839844,65.33858489990234,2.7259158079511665,-5.1068232043773625,-74.89524707453782,-15.732802,-3.3951306,20.65463,10.113112,-12.281347,-122.62441,-64.42746,-15.281644,-25.490276,-9.409044,29.74247,37.577847,122.62441,-1.6218024,12.007811,17.823467,9.749448,12.126757,20.959492,20.420774,53.073395,6.4027786,-4.04636,-17.642506,-17.65957,-37.396904,46.12852,-15.558292,-5.607715
382,-10.781366348266602,-192.3737335205078,65.39087677001953,2.7524895521377424,-5.026820767797186,-75.81667220478104,-14.784452,-3.5790877,20.270348,8.970162,-11.063394,-122.62441,-63.117638,-15.089357,-25.314957,-8.930627,29.701353,37.47209,122.62441,-1.2377353,11.681526,17.802708,9.677003,10.166438,21.997713,20.424976,56.732853,4.7733445,-2.8255012,-17.628414,-17.00643,-36.831203,45.938847,-15.758072,-5.864476
383,-10.775062561035156,-192.73675537109375,65.45079803466797,2.780389354046209,-4.942676801661905,-76.73757081783592,-13.833527,-3.7639894,19.811735,7.7273006,-9.7114525,-122.62441,-61.79112,-14.84686,-25.11283,-8.450199,29.664227,37.394203,122.62441,-0.76178867,11.327814,17.798393,9.617524,8.234064,22.960608,20.337887,60.200718,3.3039563,-1.6249092,-17.583584,-16.356884,-36.27763,45.68898,-15.921136,-6.1048946
384,-10.777216911315918,-193.07847595214844,65.50936889648438,2.805251390518507,-4.877197688001062,-77.63832356380989,-12.914684,-3.9156725,19.287487,6.4122853,-8.235106,-122.62441,-60.483925,-14.543746,-24.926027,-7.9570503,29.626118,37.32891,122.62441,-0.2712403,10.957754,17.77217,9.550333,6.4003115,23.835564,20.167772,63.41544,1.9266101,-0.6580778,-17.51255,-15.698753,-35.701225,45.39599,-16.051006,-6.3234844
385,-10.78181266784668,-193.40235900878906,65.57079315185547,2.8259810880114324,-4.841233900047734,-78.5136610482144,-12.033408,-4.0246353,18.716076,5.054435,-6.647581,-122.62441,-59.299393,-14.189218,-24.776722,-7.438961,29.587513,37.270813,122.62441,0.2703025,10.572801,17.715069,9.474446,4.68116,24.642042,19.945616,66.3851,0.63270515,0.009939035,-17.383028,-15.017901,-35.0964,45.025566,-16.1413,-6.506642
386,-10.78307056427002,-193.70379638671875,65.63655090332031,2.84545072442256,-4.821249099436157,-79.37407704222821,-11.172742,-4.109372,18.112732,3.6694353,-4.9864254,-122.62441,-58.222126,-13.774022,-24.613949,-6.89169,29.546898,37.215973,122.62441,0.8845642,10.173616,17.650269,9.398874,3.018777,25.380873,19.670359,69.17501,-0.55479527,0.4949811,-17.210646,-14.330779,-34.477436,44.583485,-16.186687,-6.66234
387,-10.783649444580078,-193.9920196533203,65.7030258178711,2.869481819225013,-4.802452771824818,-80.2230542723163,-10.33376,-4.178496,17.482248,2.2665248,-3.2994223,-122.62441,-57.114616,-13.263287,-24.377182,-6.3158636,29.489996,37.149338,122.62441,1.4712682,9.773874,17.584925,9.3184395,1.3767036,26.014004,19.305775,71.812485,-1.6693969,0.8518687,-17.032042,-13.662721,-33.843056,44.124466,-16.20598,-6.801551
388,-10.781123161315918,-194.2732696533203,65.76991271972656,2.9049845075523733,-4.769255779654511,-81.06369854502623,-9.517698,-4.240028,16.82192,0.8483392,-1.6235682,-122.62441,-55.837578,-12.620992,-24.017113,-5.7132807,29.394476,37.056484,122.62441,1.9268283,9.39186,17.521336,9.228434,-0.28015214,26.497816,18.816494,74.31883,-2.7425628,1.134442,-16.879566,-13.03927,-33.19283,43.69057,-16.209156,-6.9314566
389,-10.77469253540039,-194.54937744140625,65.83727264404297,2.9558657103800545,-4.715753735306406,-81.90196656295903,-8.720726,-4.299814,16.132404,-0.58242,0.032020777,-122.62441,-54.40816,-11.820579,-23.542788,-5.0837145,29.241627,36.933796,122.62441,2.2177517,9.061591,17.45982,9.123373,-1.9796644,26.777653,18.170732,76.70148,-3.802536,1.325565,-16.771305,-12.467907,-32.51636,43.298103,-16.196735,-7.052619
390,-10.761967658996582,-194.81329345703125,65.90338897705078,3.01605926858489,-4.6502865154230735,-82.73428287609931,-7.943652,-4.3523746,15.424148,-2.0170002,1.6685352,-122.62441,-52.906754,-10.878219,-22.983412,-4.4220095,29.026646,36.781715,122.62441,2.3903692,8.776857,17.389317,9.006969,-3.699086,26.881433,17.415606,78.96063,-4.8291025,1.4050497,-16.693213,-11.938485,-31.816826,42.930866,-16.164764,-7.159567
391,-10.738028526306152,-195.07191467285156,65.97427368164062,3.080600039706966,-4.581350352978966,-83.54975480820752,-7.1952634,-4.3900695,14.719132,-3.4636514,3.2919717,-122.62441,-51.253593,-9.835042,-22.321394,-3.722346,28.753353,36.590595,122.62441,2.4575474,8.495928,17.292543,8.8886795,-5.3992558,26.893522,16.627035,81.11018,-5.785029,1.4210455,-16.60524,-11.440804,-31.117786,42.554348,-16.113594,-7.2471905
392,-10.707608222961426,-195.32568359375,66.04339599609375,3.143541024622069,-4.517221742137821,-84.33987311214115,-6.481849,-4.406632,14.002722,-4.8681912,4.811582,-122.62441,-49.503075,-8.666883,-21.594099,-2.9790418,28.430502,36.353348,122.62441,2.4369032,8.175103,17.156431,8.779774,-7.0392404,26.90212,15.874229,83.15425,-6.627615,1.4239357,-16.494781,-10.971307,-30.440546,42.176792,-16.060425,-7.319571
393,-10.676064491271973,-195.569580078125,66.11114501953125,3.2005293012117946,-4.459455431064772,-85.09695860521022,-5.813787,-4.396598,13.311562,-6.252171,6.2957506,-122.62441,-47.518196,-7.4071956,-20.75824,-2.1874018,28.060707,36.06484,122.62441,2.283983,7.806023,16.975613,8.684633,-8.621897,26.906496,15.144171,85.08912,-7.3306837,1.3956989,-16.356047,-10.523601,-29.796959,41.786987,-16.000147,-7.379433
394,-10.640555381774902,-195.80902099609375,66.1795883178711,3.2551889438731694,-4.404755120712156,-85.82901247475134,-5.183959,-4.3653345,12.685605,-7.5598927,7.6693554,-122.62441,-45.421364,-6.0452347,-19.857235,-1.3752738,27.657589,35.75269,122.62441,2.0128825,7.3910837,16.758966,8.597699,-10.16363,26.87173,14.41533,86.92088,-7.9261293,1.3211372,-16.195108,-10.098842,-29.174015,41.38537,-15.930739,-7.424767
395,-10.599104881286621,-196.05105590820312,66.25340270996094,3.314512865275157,-4.352912699210759,-86.54345976774641,-4.5775795,-4.324212,12.071069,-8.890833,8.994117,-122.62441,-43.231354,-4.5821652,-18.957466,-0.48588192,27.208923,35.367943,122.62441,1.7198851,6.961525,16.50961,8.510396,-11.6472225,26.840746,13.733203,88.667725,-8.458962,1.2569181,-16.007769,-9.695944,-28.560448,40.96399,-15.8543825,-7.4574594
396,-10.559414863586426,-196.28466796875,66.32389831542969,3.3803610971248994,-4.304228438010508,-87.24766519130641,-3.9812205,-4.279476,11.50499,-10.179568,10.223991,-122.62441,-41.101795,-3.096987,-18.086798,0.420622,26.778238,34.98849,122.38585,1.5412648,6.7020693,16.226343,8.413883,-13.053975,26.858301,13.141617,90.338264,-8.969011,1.2630483,-15.825638,-9.317329,-27.945032,40.559525,-15.783055,-7.4911695
397,-10.524324417114258,-196.51295471191406,66.39006042480469,3.4542372931735876,-4.259781699811418,-87.94652483272753,-3.3880763,-4.23019,10.993603,-11.424524,11.355719,-122.62441,-38.9296,-1.6176769,-17.259462,1.3297714,26.377295,34.62217,121.9376,1.4877297,6.570728,15.929829,8.302713,-14.367271,26.958755,12.661997,91.93926,-9.455185,1.352292,-15.650736,-8.961365,-27.328262,40.178864,-15.718974,-7.532255
398,-10.484478950500488,-196.7327423095703,66.4538803100586,3.5342615609353083,-4.21866789332929,-88.6353938973525,-2.8063402,-4.174347,10.54226,-12.625063,12.393986,-122.62441,-36.69974,-0.11818122,-16.474241,2.2409108,25.995653,34.26323,121.43215,1.5017709,6.4170537,15.621127,8.182578,-15.601712,27.117897,12.261138,93.46312,-9.899491,1.4958261,-15.479742,-8.634001,-26.712566,39.814384,-15.654812,-7.57068
399,-10.440133094787598,-196.949462890625,66.52244567871094,3.6215239845485594,-4.177946864275777,-89.30755663640103,-2.2444704,-4.117117,10.155936,-13.782818,13.338729,-122.62441,-34.640495,1.4188462,-15.7210865,3.1494634,25.638044,33.908623,120.87068,1.58596,6.239437,15.294408,8.06199,-16.788998,27.29331,11.897162,94.90402,-10.318238,1.6907129,-15.294114,-8.328802,-26.0965,39.43371,-15.588094,-7.5967555
400,-10.40461540222168,-197.1551971435547,66.5872573852539,3.7150960289961015,-4.134724810626445,-89.95624212401238,-1.7105691,-4.067351,9.841732,-14.9025955,14.188605,-122.62441,-32.97709,2.9999125,-14.967277,4.049313,25.314705,33.55748,120.25012,1.7456806,6.035976,14.946029,7.949363,-17.955809,27.438726,11.536372,96.24271,-10.721574,1.936211,-15.113354,-8.043813,-25.478634,39.05999,-15.535704,-7.614001
401,-10.363996505737305,-197.35549926757812,66.65389251708984,3.8221713377329882,-4.08993702376782,-90.5855132633038,-1.2064228,-4.017478,9.540764,-16.068216,15.181851,-121.26944,-31.589457,3.409795,-14.770621,4.9334116,25.037779,33.224037,119.55599,2.015356,5.810502,14.591667,7.850936,-19.108974,27.557003,11.179551,97.49057,-11.109385,2.2761846,-14.923582,-7.7895656,-24.847351,38.678497,-15.49671,-7.6080313
402,-10.323342323303223,-197.55235290527344,66.72388458251953,3.941202579801751,-4.043570045493048,-91.19438194061237,-0.73021525,-3.9694884,9.219216,-17.292727,16.185339,-119.77774,-30.45559,3.7497761,-14.558197,5.7948008,24.81348,32.916935,118.78312,2.3869789,5.5589714,14.232714,7.7581244,-20.233772,27.669386,10.842957,98.65113,-11.480443,2.6984851,-14.72246,-7.5596495,-24.208553,38.283398,-15.465492,-7.5864153
403,-10.279674530029297,-197.7520751953125,66.79237365722656,4.059650033227915,-3.994348423768745,-91.7806335090583,-0.2737778,-3.9302554,8.879629,-18.555933,17.17029,-118.21498,-29.502314,4.066095,-14.312933,6.627787,24.642754,32.632374,117.94821,2.8046112,5.27016,13.850082,7.6700525,-21.326935,27.756126,10.519025,99.70656,-11.836531,3.1199877,-14.512999,-7.348735,-23.577612,37.887062,-15.444898,-7.550079
404,-10.229642868041992,-197.94329833984375,66.85924530029297,4.1680629791655806,-3.9415108708582505,-92.34286488214565,0.17178078,-3.911238,8.528764,-19.838507,18.127995,-116.60601,-28.64185,4.3594337,-14.026931,7.4288726,24.523392,32.364197,117.07075,3.209102,4.934666,13.422054,7.586161,-22.383669,27.798113,10.193458,100.64047,-12.179601,3.448722,-14.302644,-7.1517487,-22.969948,37.48586,-15.417814,-7.50314
405,-10.17245101928711,-198.1324920654297,66.92626953125,4.263201734204828,-3.8843925136766546,-92.87960698847125,0.60829604,-3.9164367,8.176591,-21.12494,19.046238,-114.95504,-27.927553,4.628369,-13.686192,8.1973505,24.453386,32.11094,116.14986,3.5974524,4.533093,12.927743,7.5101314,-23.409878,27.790722,9.856076,101.45199,-12.514819,3.64085,-14.07973,-6.9637,-22.392004,37.06567,-15.386173,-7.4421625
406,-10.118315696716309,-198.31365966796875,66.99308776855469,4.349554882307447,-3.824463034977392,-93.3923005539326,1.0312052,-3.9402103,7.8316116,-22.405828,19.91415,-113.26058,-27.400341,4.868412,-13.290945,8.93226,24.43427,31.87946,115.17775,3.9936187,4.0755363,12.3855915,7.4412813,-24.404015,27.741821,9.517503,102.15056,-12.848681,3.7469323,-13.849117,-6.7809625,-21.83768,36.627968,-15.351082,-7.374872
407,-10.059836387634277,-198.48760986328125,67.06243896484375,4.433089348424484,-3.7629545162374676,-93.88279898433413,1.4391856,-3.977506,7.500909,-23.675146,20.72741,-111.539566,-26.9471,5.077032,-12.856043,9.630544,24.465643,31.67339,114.16249,4.383414,3.5973656,11.833164,7.370799,-25.35548,27.654434,9.195555,102.74103,-13.186676,3.817612,-13.614146,-6.6129475,-21.29767,36.17792,-15.303007,-7.299941
408,-9.998579025268555,-198.66627502441406,67.13301086425781,4.514212766730611,-3.701764651085384,-94.35331676669387,1.8311942,-4.023151,7.1894526,-24.929745,21.484104,-109.808945,-26.451534,5.25463,-12.399016,10.288174,24.546171,31.497272,113.11314,4.752585,3.1352172,11.305687,7.2894907,-26.254858,27.531694,8.906962,103.229645,-13.53171,3.9028714,-13.375542,-6.4593787,-20.765345,35.730484,-15.247051,-7.2209063
409,-9.936396598815918,-198.8378143310547,67.19966888427734,4.594221567864692,-3.6411461898810655,-94.80121634413332,2.2095444,-4.0842576,6.9012375,-26.163778,22.177559,-108.0844,-25.874449,5.4058948,-11.909805,10.9014435,24.680323,31.352028,112.0303,5.1221185,2.6974351,10.80662,7.190534,-27.107069,27.36564,8.651036,103.618065,-13.880654,4.02879,-13.15862,-6.325585,-20.235964,35.31499,-15.184888,-7.1435256
410,-9.874138832092285,-199.0027618408203,67.2624282836914,4.672841657540351,-3.5808425083911217,-95.22629203078256,2.5739048,-4.161866,6.641703,-27.373737,22.804037,-106.36341,-25.281984,5.5319214,-11.385652,11.468333,24.870165,31.239914,110.90602,5.493975,2.2657375,10.320045,7.0801687,-27.914444,27.155869,8.421332,103.902565,-14.24048,4.1598396,-12.956838,-6.2089825,-19.71465,34.922035,-15.119093,-7.0651655
411,-9.812891006469727,-199.17051696777344,67.32498931884766,4.748628277170212,-3.520525270893541,-95.63499311520503,2.9185886,-4.2369204,6.4145255,-28.5621,23.36669,-104.63461,-24.71724,5.629583,-10.858302,11.988123,25.107819,31.166147,109.73692,5.8217683,1.839985,9.847048,6.969049,-28.659588,26.917406,8.228289,104.07561,-14.628497,4.2554126,-12.751084,-6.103055,-19.207796,34.530807,-15.051013,-6.9826226
412,-9.744914054870605,-199.3385772705078,67.38806915283203,4.825893446056585,-3.45935072496748,-96.03273933357418,3.2376776,-4.287851,6.2216496,-29.736378,23.871294,-102.8833,-24.219479,5.6939297,-10.360523,12.462245,25.379683,31.134272,108.523796,6.053395,1.421759,9.383815,6.8678036,-29.326372,26.665846,8.075948,104.1294,-15.058222,4.270471,-12.541889,-6.01695,-18.71781,34.142666,-14.981688,-6.8881035
413,-9.678321838378906,-199.49322509765625,67.44816589355469,4.905654954529398,-3.3945686356392364,-96.42068216496692,3.5167565,-4.3070955,6.061933,-30.907202,24.315117,-101.10246,-23.78322,5.718458,-9.909256,12.893944,25.669626,31.140152,107.26923,6.179519,1.0081656,8.927288,6.7796745,-29.912228,26.401497,7.970423,104.05365,-15.538642,4.1889963,-12.354138,-5.951507,-18.246183,33.781425,-14.916586,-6.787906
414,-9.617350578308105,-199.65545654296875,67.5118179321289,4.985176692894484,-3.3273963954736474,-96.7959057430851,3.7634997,-4.3081527,5.9347124,-32.076653,24.697432,-99.3012,-23.381958,5.708951,-9.490664,13.288171,25.972076,31.176878,105.981094,6.214625,0.6034344,8.471174,6.6990237,-30.429113,26.118614,7.900966,103.86044,-16.060543,4.0309587,-12.1502495,-5.8928146,-17.794909,33.403145,-14.848204,-6.682725
415,-9.556492805480957,-199.81202697753906,67.57208251953125,5.06185411432444,-3.262672738604152,-97.15914974948454,4.004808,-4.2964153,5.8425326,-33.236584,25.027403,-97.489265,-23.02661,5.6760116,-9.089714,13.65016,26.289772,31.24077,104.66556,6.148198,0.22108476,8.008987,6.6228504,-30.871275,25.828516,7.8657413,103.55618,-16.610294,3.823453,-11.950354,-5.843576,-17.359615,33.03685,-14.778613,-6.576553
416,-9.492643356323242,-199.97048950195312,67.63402557373047,5.131307996770915,-3.2056536232643107,-97.51137288066805,4.2678432,-4.2802424,5.7903376,-34.372814,25.314095,-95.68071,-22.732851,5.6296053,-8.688001,13.986552,26.638044,31.33298,103.32073,5.979634,-0.1223206,7.5316534,6.54821,-31.234692,25.542227,7.8594503,103.15372,-17.17572,3.5907266,-11.722427,-5.7915897,-16.94068,32.640133,-14.6917,-6.4707136
417,-9.42607593536377,-200.12660217285156,67.69559478759766,5.193866779474135,-3.159040470816901,-97.85390645580875,4.574453,-4.260487,5.783469,-35.47624,25.557941,-93.88091,-22.526043,5.562987,-8.283749,14.2932625,27.0143,31.440355,101.93607,5.629974,-0.40557158,7.0409255,6.4787292,-31.520618,25.258125,7.874395,102.65192,-17.745478,3.3311362,-11.46719,-5.7385683,-16.542202,32.217113,-14.585643,-6.364184
418,-9.362964630126953,-200.27630615234375,67.75534057617188,5.250580429362861,-3.119654241617531,-98.1864550959465,4.905348,-4.2323403,5.8241944,-36.546146,25.75413,-92.09366,-22.395433,5.4724474,-7.8847547,14.572911,27.421562,31.56986,100.50802,5.1350603,-0.6347414,6.5335298,6.414652,-31.731049,24.974682,7.9141583,102.04469,-18.322357,3.0360975,-11.197837,-5.6841183,-16.163975,31.78038,-14.465723,-6.261174
419,-9.296634674072266,-200.42445373535156,67.81398010253906,5.298688487252566,-3.0840232728053896,-98.50507196170066,5.225666,-4.201691,5.911544,-37.581013,25.9054,-90.331345,-22.301498,5.3723164,-7.486658,14.826445,27.855732,31.725845,99.07061,4.6338606,-0.85238683,6.0288973,6.3469796,-31.864548,24.701965,7.9891257,101.33781,-18.91499,2.7178352,-10.9207535,-5.6288204,-15.79591,31.335312,-14.337953,-6.161937
420,-9.230792999267578,-200.5831756591797,67.87176513671875,5.337463158902737,-3.0480285506893696,-98.80670421431901,5.500265,-4.169757,6.041385,-38.57909,26.017746,-88.605446,-22.207027,5.2776966,-7.0841155,15.059339,28.31947,31.916431,97.653984,4.272479,-1.1027832,5.5396423,6.266921,-31.920181,24.449932,8.110302,100.53849,-19.531612,2.3887486,-10.6362705,-5.5671515,-15.429682,30.88542,-14.214648,-6.072082
421,-9.166194915771484,-200.7377166748047,67.92234802246094,5.362664509346199,-3.0078023423485085,-99.0907207183531,5.7092447,-4.1391573,6.208607,-39.537952,26.094513,-86.91667,-22.114244,5.1999497,-6.657151,15.270841,28.803295,32.134403,96.27151,4.071719,-1.3990208,5.0660753,6.1684804,-31.904016,24.239733,8.288335,99.65917,-20.18388,2.0664427,-10.387062,-5.4979653,-15.056997,30.476858,-14.104693,-6.003223
422,-9.101011276245117,-200.88987731933594,67.97325897216797,5.376077530013153,-2.9665893222446575,-99.35898234628884,5.875048,-4.1075673,6.41031,-40.459858,26.142372,-85.26144,-22.038555,5.129586,-6.213184,15.466006,29.314054,32.3791,94.90248,3.964392,-1.717153,4.5956388,6.057742,-31.816183,24.060724,8.513453,98.69582,-20.85692,1.7397345,-10.142659,-5.4197164,-14.685651,30.065193,-13.988551,-5.9480953
423,-9.032423973083496,-201.0434112548828,68.02601623535156,5.385248826632539,-2.931391945360479,-99.61079017855573,6.025556,-4.07101,6.6440988,-41.351784,26.172314,-83.642555,-21.959892,5.0520678,-5.7879896,15.644578,29.847628,32.64697,93.55074,3.9339669,-2.0635498,4.153384,5.943107,-31.644876,23.873405,8.768677,97.61833,-21.506397,1.3805665,-9.873478,-5.342442,-14.325938,29.623455,-13.860557,-5.8900104
424,-8.965160369873047,-201.18861389160156,68.07849884033203,5.395847474104751,-2.9094230422648573,-99.84558419154185,6.189306,-4.026781,6.9078326,-42.223537,26.193916,-82.0614,-21.856459,4.953529,-5.417494,15.8131695,30.418358,32.942368,92.20658,3.9786046,-2.436557,3.750922,5.8335247,-31.373611,23.639048,9.038966,96.39036,-22.092459,0.9655194,-9.570018,-5.2718067,-13.98898,29.145815,-13.717559,-5.820878
425,-8.904814720153809,-201.33299255371094,68.1350326538086,5.412027072374222,-2.9049471394821356,-100.0613564504213,6.378478,-3.9699717,7.1992726,-43.082466,26.214693,-80.50847,-21.74752,4.8178606,-5.1116195,15.972248,31.02129,33.265465,90.88274,4.1224856,-2.8659825,3.3936188,5.7241125,-30.993364,23.359648,9.332768,95.00728,-22.611729,0.5044709,-9.199425,-5.2031546,-13.675829,28.58934,-13.547556,-5.7353396
426,-8.845338821411133,-201.47364807128906,68.19368743896484,5.429765176650703,-2.913196897212442,-100.2593723283564,6.576373,-3.903706,7.51473,-43.93057,26.232244,-78.9825,-21.629477,4.6586947,-4.8509493,16.122633,31.655233,33.61176,89.57765,4.359355,-3.3434508,3.0738928,5.6126494,-30.513367,23.05261,9.652671,93.483894,-23.072788,0.012046734,-8.784345,-5.1378627,-13.38022,27.977928,-13.355328,-5.638225
427,-8.783121109008789,-201.61343383789062,68.24827575683594,5.445960537688694,-2.927931711164796,-100.44218663308634,6.767505,-3.834675,7.8485775,-44.768414,26.241987,-77.49317,-21.445808,4.5046864,-4.6274366,16.26296,32.329025,33.96612,88.26907,4.6314735,-3.8171706,2.8019176,5.511115,-29.950838,22.705217,9.972175,91.81272,-23.454437,-0.52534986,-8.354703,-5.0823355,-13.106432,27.36254,-13.16459,-5.536231
428,-8.710083961486816,-201.75271606445312,68.30134582519531,5.45434134988896,-2.9435368192499416,-100.61243326652998,6.936121,-3.7712781,8.19431,-45.596416,26.24007,-76.04916,-21.14029,4.384487,-4.4323764,16.384192,33.040672,34.31357,86.942635,4.871049,-4.238331,2.5946953,5.4312677,-29.324286,22.307066,10.262903,89.991646,-23.739527,-1.1199335,-7.9150343,-5.0365453,-12.861,26.742699,-12.972986,-5.4341173
429,-8.63372802734375,-201.9010009765625,68.35072326660156,5.458791210660567,-2.95732025579281,-100.77171881940895,7.0759,-3.7142344,8.546649,-46.41791,26.231236,-74.65732,-20.644148,4.3125725,-4.2669854,16.481846,33.797874,34.661697,85.59079,5.1015673,-4.5978312,2.473432,5.383925,-28.645136,21.866875,10.520727,88.03079,-23.923754,-1.751796,-7.4686785,-5.0010915,-12.650951,26.138533,-12.797416,-5.3373423
430,-8.55394172668457,-202.03663635253906,68.3935546875,5.45574430167677,-2.9734006139826747,-100.91863611836277,7.1959915,-3.6618674,8.902711,-47.235733,26.222189,-73.3058,-20.004377,4.2726135,-4.132978,16.554335,34.604538,35.017788,84.215836,5.345192,-4.918451,2.4253893,5.3604035,-27.899164,21.388472,10.756662,85.92068,-24.005678,-2.4113824,-7.0348516,-4.972039,-12.471133,25.560629,-12.628692,-5.246274
431,-8.478538513183594,-202.18267822265625,68.4378433227539,5.450205072260721,-2.9926564077033695,-101.04994176900318,7.303929,-3.6081595,9.259003,-48.04762,26.213053,-71.97336,-19.340546,4.243222,-4.023455,16.600628,35.454098,35.36948,82.81161,5.539504,-5.194806,2.4079337,5.3424945,-27.077377,20.858143,10.963436,83.64339,-23.978168,-3.1235414,-6.5647736,-4.940354,-12.313454,24.943972,-12.454815,-5.157242
432,-8.400884628295898,-202.3305206298828,68.48321533203125,5.4443756882724355,-3.0163671778540238,-101.1633975030259,7.4076633,-3.5520902,9.612468,-48.848152,26.204487,-70.64072,-18.774923,4.202794,-3.9313242,16.623423,36.33636,35.70302,81.37502,5.620162,-5.4207006,2.3764598,5.3119535,-26.168518,20.264692,11.13478,81.17466,-23.831158,-3.9077926,-6.0736356,-4.912113,-12.163645,24.298342,-12.272296,-5.064175
433,-8.327590942382812,-202.467041015625,68.52611541748047,5.438473477457309,-3.0457615865298626,-101.25400818379327,7.5087075,-3.4870725,9.961128,-49.634705,26.204292,-69.305786,-18.337452,4.1504464,-3.8571494,16.627926,37.245308,36.009754,79.90725,5.5667152,-5.587459,2.3247707,5.2676644,-25.160522,19.592802,11.258013,78.47213,-23.550982,-4.7759433,-5.580145,-4.8861656,-12.02648,23.64621,-12.087348,-4.9758854
434,-8.252761840820312,-202.60658264160156,68.56835174560547,5.433635236663263,-3.0796438623840054,-101.324587982975,7.603087,-3.416388,10.303636,-50.407223,26.21487,-67.97742,-17.968021,4.0952954,-3.8025079,16.618801,38.176476,36.290417,78.418045,5.409372,-5.6988072,2.2756267,5.218031,-24.05863,18.860592,11.334876,75.55048,-23.134516,-5.694069,-5.065924,-4.8663573,-11.905669,22.972239,-11.899883,-4.885493
435,-8.181818962097168,-202.75416564941406,68.60670471191406,5.422832057042207,-3.1167934111072904,-101.38339520651415,7.690167,-3.350165,10.639593,-51.16424,26.227684,-66.65368,-17.653893,4.030728,-3.7613919,16.601194,39.12273,36.543888,76.919586,5.1616483,-5.766911,2.227009,5.159003,-22.870432,18.105465,11.385818,72.45686,-22.588242,-6.6103,-4.5385394,-4.840872,-11.788757,22.2901,-11.717095,-4.793134
436,-8.105619430541992,-202.9001007080078,68.63938903808594,5.40294848429248,-3.1554982143885244,-101.43910400934709,7.769292,-3.296578,10.969588,-51.903133,26.23293,-65.333664,-17.38274,3.9501064,-3.7276485,16.580442,40.07424,36.76984,75.42589,4.8362517,-5.8050585,2.1772287,5.0865707,-21.602266,17.361588,11.433717,69.236916,-21.921087,-7.4810214,-4.022848,-4.811972,-11.659464,21.623356,-11.536947,-4.6912746
437,-8.029999732971191,-203.0364227294922,68.66715240478516,5.37469369208661,-3.1976911194491247,-101.48728167739539,7.8359675,-3.2582595,11.294416,-52.623066,26.236748,-64.01251,-17.169025,3.838605,-3.7001147,16.562874,41.025726,36.960106,73.93719,4.3848143,-5.813986,2.1335022,4.9948974,-20.244993,16.616964,11.464196,65.86144,-21.115856,-8.313404,-3.5192633,-4.7754407,-11.516586,20.96675,-11.352795,-4.579148
438,-7.953953742980957,-203.17059326171875,68.68836975097656,5.3378956645045195,-3.2435888394205317,-101.52557936674218,7.8918767,-3.2310145,11.614102,-53.32405,26.242142,-62.69377,-17.014704,3.704086,-3.6813295,16.554035,41.97526,37.10977,72.45958,3.8180418,-5.787216,2.0977118,4.887826,-18.788324,15.863788,11.470912,62.29915,-20.165543,-9.115945,-3.0225933,-4.7342706,-11.366743,20.323019,-11.172243,-4.458087
439,-7.875678062438965,-203.30992126464844,68.70765686035156,5.292458841853933,-3.2888516697269288,-101.56539294401045,7.9460692,-3.212443,11.928868,-54.00534,26.232897,-61.389633,-16.88723,3.5739076,-3.672108,16.556007,42.91506,37.225456,71.01687,3.2373202,-5.7300215,2.058232,4.775667,-17.243382,15.13598,11.489573,58.603264,-19.10229,-9.860553,-2.5267537,-4.687216,-11.209435,19.680973,-10.993723,-4.336724
440,-7.788386821746826,-203.45669555664062,68.72040557861328,5.236383441029436,-3.3294221388541256,-101.61770187005848,8.00742,-3.2005613,12.240093,-54.66668,26.191387,-60.113304,-16.754105,3.4751086,-3.6736944,16.567831,43.836075,37.31998,69.632645,2.7381775,-5.6481133,2.0000398,4.668645,-15.616961,14.458028,11.559819,54.81319,-17.950819,-10.524259,-2.0735226,-4.643574,-11.04045,19.112013,-10.849151,-4.2215858
441,-7.6940765380859375,-203.59640502929688,68.7259750366211,5.1672813406994615,-3.364305463446746,-101.68452053093233,8.072882,-3.19617,12.547914,-55.30759,26.114447,-58.873497,-16.572004,3.426342,-3.6922016,16.588732,44.731026,37.4057,68.32041,2.3600018,-5.534728,1.9003122,4.567153,-13.884514,13.834092,11.714633,50.885704,-16.71019,-11.112405,-1.6944481,-4.600883,-10.855765,18.65279,-10.744711,-4.1266656
442,-7.597239971160889,-203.74298095703125,68.72715759277344,5.087452313049151,-3.39535914013029,-101.7602964434785,8.139491,-3.1997447,12.852903,-55.928658,26.00947,-57.66251,-16.368952,3.4088466,-3.7254689,16.61889,45.599518,37.47808,67.07078,2.0435798,-5.3922906,1.7707294,4.4664826,-12.034219,13.234457,11.927488,46.77735,-15.351391,-11.642071,-1.3498907,-4.554693,-10.659473,18.253227,-10.668833,-4.0433726
443,-7.494714736938477,-203.89315795898438,68.72296142578125,4.997328729382529,-3.424545160417609,-101.8442839669462,8.216347,-3.2109144,13.158352,-56.53135,25.872849,-56.468925,-16.21722,3.393837,-3.7629375,16.656023,46.44561,37.526688,65.87213,1.7346299,-5.240294,1.6475697,4.3692513,-10.083225,12.630159,12.152779,42.5114,-13.854792,-12.108876,-1.0409077,-4.5094876,-10.456576,17.91717,-10.623275,-3.9559767
444,-7.384659290313721,-204.03468322753906,68.71050262451172,4.90025166740007,-3.452776512920737,-101.93619760999184,8.312601,-3.2321334,13.469764,-57.117123,25.698668,-55.284027,-16.186853,3.3534834,-3.794341,16.696655,47.275284,37.539318,64.7092,1.3827764,-5.097653,1.5684566,4.278017,-8.040138,11.998074,12.347104,38.09793,-12.200686,-12.50894,-0.7976247,-4.4744763,-10.249683,17.6881,-10.621118,-3.85147
445,-7.268085956573486,-204.18234252929688,68.68963623046875,4.796955756251843,-3.4812239210055864,-102.03739246347128,8.436006,-3.2632701,13.793417,-57.687084,25.477655,-54.104324,-16.31632,3.2781124,-3.8195345,16.737003,48.0948,37.508625,63.570793,0.968028,-4.9649873,1.550382,4.19028,-5.815637,11.311396,12.509062,33.36218,-10.303616,-12.867323,-0.60622406,-4.4515753,-10.037544,17.562096,-10.670556,-3.7198992
446,-7.146864891052246,-204.3201446533203,68.65382385253906,4.6875179257760715,-3.5090455175666766,-102.14724011735123,8.579943,-3.30516,14.131298,-58.239864,25.208614,-52.941784,-16.556154,3.1853883,-3.8440506,16.774849,48.906975,37.44391,62.46254,0.5246879,-4.834226,1.5727924,4.1060333,-3.3158536,10.565425,12.672035,28.131504,-8.109411,-13.182404,-0.5383181,-4.446405,-9.814218,17.65066,-10.811973,-3.574837
447,-7.013466835021973,-204.45925903320312,68.60137939453125,4.56030063860061,-3.5359966577653648,-102.26278008261289,8.731812,-3.355713,14.481494,-58.771713,24.898926,-51.809864,-16.846033,3.0892243,-3.864846,16.80917,49.70838,37.35678,61.394997,0.08225895,-4.712088,1.6174891,4.0319853,-0.5291508,9.773856,12.84972,22.402166,-5.6389265,-13.409988,-0.5927321,-4.452468,-9.586005,17.964762,-11.05861,-3.421174
448,-6.8799214363098145,-204.59864807128906,68.5269546508789,4.412186288681664,-3.5603827359591493,-102.38041437074762,8.879316,-3.414443,14.838945,-59.27744,24.559536,-50.719604,-17.128706,3.0031283,-3.8778312,16.839792,50.4937,37.262566,60.382217,-0.33507574,-4.6052265,1.6651089,3.9751499,2.6540995,8.923069,13.072688,15.988881,-2.8288617,-13.515975,-0.7947621,-4.4581943,-9.359659,18.553179,-11.437429,-3.2778015
449,-6.7308783531188965,-204.7271270751953,68.42623138427734,4.2363137169625364,-3.5827769596818584,-102.5003495872187,9.018492,-3.4861124,15.200778,-59.75147,24.188732,-49.672455,-17.391815,2.9324038,-3.8802836,16.867632,51.260002,37.16409,59.42409,-0.7469111,-4.5145664,1.714148,3.9359376,5.061309,8.285394,13.118126,11.0295105,-0.58440113,-13.49454,-1.1862112,-4.468912,-9.131905,19.477211,-11.965916,-3.137543
450,-6.571656227111816,-204.85537719726562,68.30770111083984,4.03792221694627,-3.6034072596003752,-102.62392710508615,9.15631,-3.5693328,15.455527,-60.073696,23.954788,-48.620342,-17.856625,2.8740144,-3.8908956,16.904488,51.78507,37.147545,58.67333,-1.3561027,-4.452766,1.7762716,3.9096582,5.0012245,8.258283,12.785359,10.711396,-0.38684943,-13.394842,-1.6644223,-4.4720616,-8.9066925,20.55845,-12.568945,-2.996548
451,-6.40814208984375,-204.98081970214844,68.15657043457031,3.818849151767273,-3.6220191189325903,-102.75009668136443,9.296985,-3.657108,15.693646,-60.37345,23.725075,-47.58222,-18.355837,2.820705,-3.8873858,16.952002,52.270382,37.12596,58.014652,-1.9376819,-4.41461,1.8508309,3.906643,4.894362,8.285803,12.525021,10.618051,-0.37649772,-13.249541,-2.3228369,-4.4790916,-8.68732,21.973476,-13.329936,-2.860038
452,-6.240946292877197,-205.1078338623047,68.04766845703125,3.6134394554238116,-3.636248827598293,-102.87693998494086,9.441936,-3.7341433,15.919602,-60.662785,23.514843,-46.54431,-18.909838,2.7476728,-3.8897946,17.002459,52.725784,37.109104,57.427284,-2.4363358,-4.4027143,1.9114431,3.9157898,4.92133,8.308334,12.460617,10.527038,-0.599649,-13.09846,-2.690918,-4.4550757,-8.498029,22.836712,-13.837728,-2.727444
453,-6.071224689483643,-205.2399139404297,67.99203491210938,3.4142791745890206,-3.6422114517509288,-103.00830145070994,9.608877,-3.8014264,16.163942,-60.98166,23.273352,-45.506947,-19.48229,2.6504366,-3.8934698,17.054651,53.21388,37.082222,56.891342,-2.7951982,-4.4269414,1.9490405,3.9436738,5.108925,8.353539,12.647636,10.505701,-1.2079257,-12.966122,-2.7547293,-4.3890843,-8.338074,23.11621,-14.082732,-2.6081161
454,-5.907169818878174,-205.36563110351562,67.95260620117188,3.2172932142851063,-3.6458241333704575,-103.14390281085883,9.790935,-3.8626945,16.425564,-61.33054,22.962502,-44.4781,-19.993084,2.5283072,-3.888041,17.10153,53.734085,37.03461,56.344288,-2.9823792,-4.46194,1.9541095,3.986154,5.423769,8.412506,13.017635,10.535033,-2.0822241,-12.83659,-2.6833923,-4.297042,-8.193944,23.13052,-14.206492,-2.505577
455,-5.753522872924805,-205.48489379882812,67.90654754638672,3.0292208201410586,-3.6482485740982957,-103.27533553454258,9.960633,-3.9204156,16.764812,-61.7839,22.539078,-43.48977,-20.394466,2.392492,-3.85728,17.13729,54.401737,36.93621,55.742493,-3.0053835,-4.4868097,1.9388676,4.043836,5.735007,8.468101,13.441464,10.643472,-3.0334508,-12.69762,-2.613851,-4.2101297,-8.072308,23.147228,-14.3289385,-2.4051075
456,-5.611955165863037,-205.5931854248047,67.87129211425781,2.8686896437518694,-3.654013101924645,-103.39422633739842,10.093305,-3.976999,17.027876,-62.133297,22.240545,-42.529686,-20.934685,2.2950509,-3.861557,17.153149,54.908848,36.866455,55.247,-3.1204588,-4.486096,1.971251,4.1056757,6.048558,8.45703,13.829591,10.618059,-3.767142,-12.521571,-2.4733927,-4.142737,-7.983154,23.035769,-14.380029,-2.2913642
457,-5.471407413482666,-205.69166564941406,67.83843231201172,2.7373608878132925,-3.6662822454699118,-103.50134179328806,10.171298,-4.033138,17.319153,-62.52436,21.95574,-41.6128,-21.488396,2.1988435,-3.8100083,17.157698,55.465782,36.782307,54.72844,-3.1619735,-4.42268,1.9956847,4.1769595,6.241706,8.405066,14.166791,10.643982,-4.3217506,-12.282401,-2.3552365,-4.119349,-7.9236655,22.977163,-14.439494,-2.1477056
458,-5.329872131347656,-205.78944396972656,67.81170654296875,2.6293869867406063,-3.6817803638266424,-103.60070058526149,10.211221,-4.086206,17.651562,-62.965763,21.6469,-40.740158,-22.021648,2.0969706,-3.7126346,17.13943,56.093975,36.65804,54.168564,-3.086723,-4.315542,2.0229347,4.2585173,6.3773556,8.330083,14.507553,10.710793,-4.8004866,-11.997111,-2.2169755,-4.1276417,-7.889335,22.89341,-14.480214,-1.9822531
459,-5.195174217224121,-205.88861083984375,67.79483795166016,2.537499008026165,-3.69357588836868,-103.68848629999499,10.240849,-4.1365247,17.899574,-63.295067,21.478312,-39.88925,-22.670551,2.0418024,-3.675718,17.11568,56.55809,36.591347,53.74914,-3.1569784,-4.218235,2.070525,4.350491,6.5266604,8.233584,14.818878,10.697842,-5.180784,-11.708813,-2.015558,-4.147114,-7.888251,22.695787,-14.468348,-1.8135138
460,-5.056380271911621,-205.97657775878906,67.77616119384766,2.4448601641272516,-3.703863614114926,-103.7616986776606,10.289578,-4.18729,18.142336,-63.62591,21.358665,-39.092545,-23.196451,1.9910452,-3.6387784,17.081942,57.027153,36.5347,53.29123,-3.2398658,-4.111729,2.0928364,4.453896,6.6601324,8.153576,15.055567,10.693475,-5.538236,-11.463806,-1.8296665,-4.1751122,-7.9189267,22.518755,-14.460471,-1.6502072
461,-4.913760185241699,-206.0712127685547,67.7571029663086,2.3512218730215233,-3.7089902218282944,-103.82016849746408,10.372754,-4.23663,18.388687,-63.970387,21.274353,-38.344646,-23.580914,1.928282,-3.5928018,17.025991,57.534554,36.47688,52.76691,-3.2968507,-4.0041766,2.0832558,4.5778413,6.7754426,8.088244,15.200955,10.696314,-5.8791327,-11.271171,-1.6402586,-4.2134643,-7.993049,22.348043,-14.464236,-1.4937216
462,-4.775217533111572,-206.1598358154297,67.74177551269531,2.25926913678678,-3.70710914828969,-103.86598016413208,10.472264,-4.2841034,18.62867,-64.31486,21.231997,-37.635395,-23.899221,1.8739152,-3.5585377,16.939198,58.072853,36.42177,52.22676,-3.359287,-3.9022362,2.064752,4.7236886,6.8384314,8.03507,15.2702875,10.748267,-6.206089,-11.106542,-1.4561317,-4.257965,-8.110013,22.179358,-14.468377,-1.346244
463,-4.635276794433594,-206.250244140625,67.73857116699219,2.1743950674526356,-3.7054427282667737,-103.89706574124648,10.562956,-4.3297043,18.822544,-64.60379,21.261383,-36.974236,-24.182484,1.8728443,-3.5821817,16.841413,58.551235,36.403286,51.756027,-3.536778,-3.8349879,2.0477083,4.8683004,6.926983,7.9736204,15.297622,10.725946,-6.467173,-10.9666395,-1.2074507,-4.3055224,-8.249096,21.897276,-14.422174,-1.1964121
464,-4.499770641326904,-206.33541870117188,67.74412536621094,2.0909783096705623,-3.708978997582531,-103.91217640129102,10.635847,-4.3817153,18.981525,-64.85754,21.347258,-36.370403,-24.368052,1.9115359,-3.6275675,16.738903,58.992054,36.398445,51.193718,-3.7887297,-3.6531832,2.0455186,4.996894,6.9850063,7.934224,15.289142,10.711968,-6.6810894,-10.853073,-0.8939624,-4.3404474,-8.394907,21.495005,-14.317627,-1.0450321
465,-4.370550632476807,-206.41014099121094,67.74862670898438,2.009126754509286,-3.72130562708655,-103.91134297638527,10.674002,-4.4346,19.11915,-65.09835,21.48608,-35.827026,-24.440998,2.020606,-3.7256083,16.628155,59.43073,36.4095,50.650833,-4.16433,-3.478341,2.0434186,5.111983,7.0094585,7.9091215,15.230693,10.751246,-6.88523,-10.761456,-0.5727554,-4.368694,-8.548303,21.083347,-14.204897,-0.89145505
466,-4.246372222900391,-206.47702026367188,67.75396728515625,1.9329906244756891,-3.734930805471376,-103.89548728260593,10.691981,-4.490474,19.232304,-65.32187,21.667372,-35.33751,-24.406935,2.188642,-3.8778577,16.511858,59.858818,36.430424,50.120155,-4.6384926,-3.2899532,2.0450847,5.2211657,7.0528903,7.87357,15.1250105,10.730045,-7.030437,-10.6891365,-0.23249048,-4.3950753,-8.717133,20.632818,-14.07054,-0.7369361
467,-4.136133670806885,-206.54054260253906,67.75138092041016,1.8606585276140282,-3.7562899945448214,-103.86417184300305,10.694334,-4.5443206,19.328768,-65.541885,21.891783,-34.898087,-24.302387,2.3569136,-4.008882,16.376081,60.311325,36.475693,49.478695,-5.1339083,-3.0482934,2.040111,5.3088937,7.0762134,7.8513575,15.010604,10.759009,-7.1830525,-10.630932,0.08229573,-4.4185324,-8.877255,20.240402,-13.962978,-0.58870935
468,-4.0313897132873535,-206.60037231445312,67.74824523925781,1.7960137515640224,-3.767810217570409,-103.81824359573568,10.684435,-4.590654,19.396313,-65.72115,22.142035,-34.54157,-24.197136,2.5529068,-4.1617637,16.246822,60.711662,36.559376,48.8943,-5.726092,-2.819982,2.0716121,5.3731513,7.1169777,7.8128576,14.917177,10.737689,-7.3095546,-10.563615,0.34980512,-4.4504056,-9.017316,19.906227,-13.877037,-0.44333753
469,-3.9295575618743896,-206.65347290039062,67.7386245727539,1.7356056936540856,-3.7856538199409466,-103.7484205622466,10.653237,-4.629203,19.448822,-65.885086,22.446953,-34.25216,-24.102003,2.7385607,-4.2681956,16.09661,61.12667,36.711044,48.16132,-6.4399805,-2.5046139,2.0808637,5.3983994,7.1470156,7.775287,14.856123,10.753351,-7.4515653,-10.484098,0.56142175,-4.491265,-9.125566,19.671518,-13.830374,-0.29709023
470,-3.8350939750671387,-206.70416259765625,67.73031616210938,1.6786332860490556,-3.8000189768004278,-103.65824356560782,10.602582,-4.6626773,19.47816,-65.99759,22.771332,-34.05241,-23.98113,2.9710612,-4.4075065,15.96893,61.459324,36.89435,47.478725,-7.3204494,-2.1719832,2.1252158,5.3995523,7.1782503,7.7344546,14.801312,10.757962,-7.580776,-10.401292,0.77340895,-4.5284634,-9.222547,19.422167,-13.774601,-0.15265027
471,-3.746785879135132,-206.75111389160156,67.7237777709961,1.6263638797890718,-3.8095606721382955,-103.56436676967057,10.551343,-4.690611,19.494177,-66.08846,23.135254,-33.9205,-23.84546,3.1855705,-4.5209565,15.83423,61.782078,37.147602,46.801426,-8.159847,-1.8674413,2.1793687,5.3852305,7.204946,7.691069,14.762363,10.7628565,-7.703782,-10.3179,0.9674534,-4.566631,-9.30579,19.185734,-13.718769,-0.014207575
472,-3.661252975463867,-206.80067443847656,67.72140502929688,1.579494802869117,-3.8058902028364145,-103.48436079499525,10.5193615,-4.713314,19.495972,-66.1649,23.517134,-33.850414,-23.676329,3.3539925,-4.602332,15.671986,62.118053,37.47929,46.178894,-8.772304,-1.6727599,2.2604797,5.3689785,7.2391796,7.636927,14.745124,10.739056,-7.8136644,-10.234734,1.141132,-4.6098576,-9.378248,18.954521,-13.659613,0.11634597
473,-3.5754144191741943,-206.85755920410156,67.7209701538086,1.5419131859370017,-3.791489871148409,-103.42991186139312,10.519668,-4.7284455,19.481256,-66.226685,23.925169,-33.84905,-23.456074,3.4656115,-4.6323237,15.470437,62.460907,37.921066,45.536167,-9.124687,-1.571657,2.3541617,5.3437486,7.2695084,7.5716734,14.77403,10.73676,-7.943302,-10.1498575,1.269412,-4.669506,-9.422139,18.77939,-13.620322,0.23834331
474,-3.4908249378204346,-206.91380310058594,67.7230224609375,1.512344894171037,-3.7606814521666765,-103.39029229686284,10.539688,-4.7369485,19.449245,-66.271,24.296515,-33.9326,-23.126295,3.5688684,-4.6671925,15.231022,62.788643,38.42287,44.945004,-9.303894,-1.5787529,2.5046628,5.313364,7.2703285,7.5011983,14.826579,10.764395,-8.083026,-10.062291,1.34862,-4.741596,-9.447685,18.650438,-13.593509,0.35223243
475,-3.4093000888824463,-206.96885681152344,67.72378540039062,1.485817884709905,-3.730798144354675,-103.34577488381095,10.558488,-4.7418656,19.412905,-66.29455,24.58808,-34.074768,-22.73153,3.6574569,-4.7222238,15.023926,63.038094,38.894474,44.533527,-9.30636,-1.7059582,2.7334647,5.2759066,7.3005414,7.4217668,14.886351,10.739442,-8.196171,-9.977611,1.4236267,-4.8155613,-9.471874,18.529478,-13.568657,0.46378598
476,-3.328625202178955,-207.0153045654297,67.72003173828125,1.453381188042277,-3.7159472461765373,-103.27623003963728,10.558839,-4.749131,19.36601,-66.30543,24.906563,-34.18762,-22.464712,3.656633,-4.7315774,14.80342,63.28558,39.50749,44.047573,-9.26891,-1.775957,2.8795059,5.234941,7.3219233,7.3558187,14.91699,10.733028,-8.305845,-9.899037,1.5244892,-4.880025,-9.516349,18.389622,-13.534649,0.57949084
477,-3.2463934421539307,-207.05616760253906,67.71160888671875,1.4067647209831713,-3.723889103166132,-103.17726849673414,10.535773,-4.7616234,19.30382,-66.2975,25.196352,-34.29213,-22.264835,3.5875297,-4.7328844,14.554511,63.54613,40.192574,43.6378,-9.047324,-1.9195533,3.0254557,5.1884604,7.422906,7.289418,14.927157,10.603843,-8.356651,-9.828301,1.6882205,-4.9229755,-9.585662,18.180904,-13.472006,0.70492625
478,-3.165248394012451,-207.09645080566406,67.69757080078125,1.357316060700246,-3.7479495725219314,-103.05962615730789,10.500095,-4.77678,19.240768,-66.27316,25.40659,-34.42329,-22.053482,3.4731605,-4.740965,14.332714,63.774067,40.824905,43.36496,-8.574095,-2.1599085,3.2437174,5.1349974,7.3803573,7.273222,14.90439,10.776389,-8.546166,-9.765924,1.8733689,-4.960499,-9.666294,17.971067,-13.412673,0.8361118
479,-3.0884687900543213,-207.1359100341797,67.68531036376953,1.3051248015096097,-3.767475029443321,-102.9248039932405,10.449534,-4.788509,19.171024,-66.235,25.59415,-34.55593,-21.894287,3.3207219,-4.735167,14.113577,63.99661,41.50428,43.078293,-8.092406,-2.373046,3.429236,5.085627,7.4733706,7.2215457,14.869398,10.673458,-8.603156,-9.703657,2.0804796,-4.988702,-9.768264,17.71873,-13.335316,0.96391314
480,-3.0172371864318848,-207.17166137695312,67.67266845703125,1.2619586182439653,-3.7920979719772205,-102.77547544341333,10.382688,-4.789814,19.093832,-66.18694,25.758497,-34.675552,-21.784962,3.1640341,-4.722841,13.895738,64.20741,42.195206,42.756794,-7.7472143,-2.5212023,3.585456,5.0347705,7.4358635,7.200154,14.802103,10.794318,-8.737627,-9.641082,2.281852,-5.025634,-9.88048,17.493788,-13.270513,1.0838269
481,-2.951955556869507,-207.21096801757812,67.66499328613281,1.2238012505652793,-3.7973119218758953,-102.60878472273573,10.292504,-4.780221,19.007153,-66.131485,25.899137,-34.7832,-21.718252,2.9873073,-4.693646,13.679742,64.40014,42.902813,42.403507,-7.5585585,-2.5829368,3.7147276,4.998303,7.4716415,7.146715,14.70142,10.733643,-8.780192,-9.573372,2.4903803,-5.0625787,-10.022687,17.236753,-13.194455,1.1942416
482,-2.8896853923797607,-207.24871826171875,67.6572265625,1.1934902385688249,-3.8089355857719203,-102.42462384380025,10.182088,-4.762824,18.910011,-66.06921,26.014614,-34.87783,-21.69087,2.7855227,-4.65259,13.466732,64.57236,43.633617,42.04192,-7.4522023,-2.5974255,3.8280523,4.9590144,7.4348764,7.1070867,14.573646,10.80455,-8.867131,-9.505221,2.7014477,-5.107862,-10.177068,16.996143,-13.12639,1.3006649
483,-2.8299756050109863,-207.282470703125,67.65396118164062,1.1623394956431798,-3.8108352481085936,-102.22968791169447,10.064601,-4.7374525,18.8034,-66.00236,26.101072,-34.958363,-21.715355,2.5835118,-4.6074753,13.256649,64.725464,44.354454,41.67991,-7.4325643,-2.5828116,3.916272,4.9306874,7.433775,7.0548735,14.421635,10.766314,-8.890708,-9.43403,2.9224906,-5.1455708,-10.352429,16.720926,-13.040903,1.4014347
484,-2.770961284637451,-207.31552124023438,67.65081024169922,1.1323329812518776,-3.823727660801985,-102.03076742305832,9.953514,-4.705204,18.690275,-65.93387,26.15499,-35.01828,-21.802532,2.4145246,-4.574021,13.050446,64.864334,45.020622,41.314213,-7.492922,-2.565354,3.9838097,4.9017982,7.4004984,7.01517,14.263631,10.813771,-8.9548645,-9.362397,3.1602845,-5.1808014,-10.530991,16.439735,-12.954575,1.5006195
485,-2.716641426086426,-207.35227966308594,67.64850616455078,1.0987713834301687,-3.832973162089861,-101.82354919024044,9.851305,-4.6610427,18.572802,-65.8653,26.166975,-35.056557,-21.969429,2.2843173,-4.5473704,12.850784,64.99449,45.606068,40.94288,-7.626552,-2.5406404,4.0388937,4.887149,7.394522,6.974277,14.081678,10.792035,-8.984351,-9.290345,3.4249246,-5.2014737,-10.731974,16.115814,-12.855661,1.5938439
486,-2.6671457290649414,-207.38380432128906,67.64388275146484,1.0678892799428137,-3.851839250319599,-101.60661170257725,9.751259,-4.605528,18.452211,-65.79704,26.136198,-35.074806,-22.198973,2.180413,-4.526821,12.660909,65.11809,46.116425,40.563465,-7.81623,-2.5037851,4.0896616,4.8754573,7.366742,6.942632,13.883701,10.821059,-9.031722,-9.2194,3.6933417,-5.219668,-10.943454,15.805559,-12.763446,1.6809452
487,-2.6137397289276123,-207.4150848388672,67.63878631591797,1.0346167782566817,-3.8653449792300916,-101.3897548998022,9.651908,-4.5496154,18.328754,-65.72985,26.070257,-35.079712,-22.455492,2.091907,-4.521876,12.48011,65.23663,46.5775,40.171814,-8.064183,-2.4522457,4.111745,4.8663816,7.358498,6.903209,13.683318,10.786844,-9.039991,-9.144925,3.9661217,-5.2336617,-11.157803,15.475115,-12.659196,1.7702931
488,-2.563936233520508,-207.44442749023438,67.6329345703125,1.0050543786272539,-3.8777048386220745,-101.18407934198083,9.555666,-4.505417,18.206312,-65.66683,25.982271,-35.093555,-22.702316,2.0060828,-4.515795,12.311392,65.34509,46.939392,39.838898,-8.283949,-2.4391754,4.134481,4.849269,7.324862,6.8702903,13.501316,10.825292,-9.088983,-9.074341,4.2187376,-5.248571,-11.353948,15.168683,-12.559247,1.8602542
489,-2.51806640625,-207.46969604492188,67.6275863647461,0.9763348340976069,-3.8820065870067024,-100.99299502048902,9.46005,-4.4755964,18.073658,-65.60429,25.867424,-35.09946,-22.942059,1.9328277,-4.5347977,12.13712,65.452,47.252426,39.50423,-8.554995,-2.4425943,4.1084294,4.823018,7.302488,6.8352723,13.344922,10.824093,-9.109386,-9.007374,4.4443326,-5.260425,-11.5279045,14.877901,-12.455697,1.9505098
490,-2.476039409637451,-207.49569702148438,67.62272644042969,0.9490105736932589,-3.884041616784028,-100.81079080237554,9.365437,-4.4555593,17.923473,-65.54249,25.723133,-35.076347,-23.186993,1.8644791,-4.586329,11.948589,65.562065,47.528713,39.118164,-8.892237,-2.4045568,4.0462527,4.7900853,7.2727757,6.804346,13.204179,10.838932,-9.133722,-8.943919,4.662171,-5.269123,-11.687878,14.588983,-12.347875,2.0408156
491,-2.4360716342926025,-207.5194854736328,67.61880493164062,0.9222464995847875,-3.8839727900202483,-100.63227388552427,9.273375,-4.4393415,17.811104,-65.49928,25.585148,-35.086483,-23.448467,1.7827395,-4.5879207,11.822221,65.63399,47.66832,38.857246,-9.155756,-2.4254699,4.0069165,4.755231,7.2584205,6.770232,13.070708,10.826116,-9.145408,-8.881455,4.8788824,-5.2742376,-11.843085,14.291479,-12.232277,2.1302438
