Frame,root_translateX,root_translateY,root_translateZ,root_rotateX,root_rotateY,root_rotateZ,AAHead_yaw,Head_pitch,Left_Shoulder_Pitch,Left_Shoulder_Roll,Left_Elbow_Pitch,Left_Elbow_Yaw,Left_Wrist_Pitch,Left_Wrist_Yaw,Left_Hand_Roll,Right_Shoulder_Pitch,Right_Shoulder_Roll,Right_Elbow_Pitch,Right_Elbow_Yaw,Right_Wrist_Pitch,Right_Wrist_Yaw,Right_Hand_Roll,Waist,Left_Hip_Pitch,Left_Hip_Roll,Left_Hip_Yaw,Left_Knee_Pitch,Left_Ankle_Pitch,Left_Ankle_Roll,Right_Hip_Pitch,Right_Hip_Roll,Right_Hip_Yaw,Right_Knee_Pitch,Right_Ankle_Pitch,Right_Ankle_Roll
0,0.011733045801520348,1.3138175010681152,68.07974243164062,0.5541494632340659,0.7938336862097795,-90.29045831141471,3.1717002,-7.3026857,1.1941632,-69.71164,29.562355,-23.367884,-15.024991,-0.5051401,-1.6428322,0.73075837,71.786674,16.653751,27.373867,4.645472,-1.1811911,-6.159579,1.5707225,-1.9482311,1.4928513,8.957826,10.839307,-9.702607,-2.746429,-2.6024623,-3.13381,-7.1331267,12.73824,-11.634481,2.8049672
1,0.013720151036977768,1.3144317865371704,68.07994842529297,0.5496418269314344,0.7923452898104372,-90.30125269298227,3.1732705,-7.30832,1.2102911,-69.70575,29.560074,-23.369461,-15.050923,-0.51092887,-1.6365963,0.730421,71.79484,16.65195,27.371197,4.67246,-1.178511,-6.163062,1.5797621,-1.9453733,1.4972183,8.95884,10.83874,-9.703383,-2.7462766,-2.5855494,-3.1270087,-7.1328096,12.708055,-11.620025,2.8046722
2,0.014569424092769623,1.3135790824890137,68.08002471923828,0.5467329991392966,0.7910300986443978,-90.31302042754257,3.1746805,-7.314765,1.2146475,-69.70376,29.560614,-23.36348,-15.079296,-0.51466775,-1.6310169,0.7303089,71.797,16.653261,27.370625,4.697106,-1.1754012,-6.1632586,1.589843,-1.9439938,1.5015274,8.959736,10.839654,-9.704099,-2.7472515,-2.5717828,-3.1213713,-7.1323166,12.686194,-11.610948,2.803667
3,0.014560401439666748,1.3140678405761719,68.07979583740234,0.5447009093885976,0.7895332129565068,-90.32275920359228,3.1762803,-7.3207417,1.2216858,-69.70009,29.564182,-23.357592,-15.106872,-0.5189469,-1.6259931,0.7301344,71.80049,16.655745,27.36862,4.71649,-1.172464,-6.165812,1.5978488,-1.9413106,1.5050088,8.960834,10.839166,-9.704495,-2.748474,-2.5672362,-3.117182,-7.131227,12.679086,-11.607222,2.8020713
4,0.013060832396149635,1.3146430253982544,68.07937622070312,0.5437565944169204,0.7874984500599187,-90.32728154815058,3.177042,-7.3188596,1.2369024,-69.69127,29.57218,-23.363737,-15.131196,-0.51823753,-1.6203576,0.7297561,71.8073,16.657803,27.363146,4.726395,-1.1700007,-6.173405,1.6005604,-1.9395434,1.5083454,8.9621935,10.839364,-9.703994,-2.7505376,-2.5665894,-3.1139145,-7.1297145,12.68098,-11.60811,2.7997112
5,0.011631764471530914,1.3141859769821167,68.07876586914062,0.5472912794468341,0.7845273739974576,-90.32324334812441,3.1760483,-7.3079715,1.2450619,-69.68648,29.57481,-23.362045,-15.135852,-0.51353425,-1.6214558,0.72984,71.81046,16.656,27.35527,4.7222133,-1.1692674,-6.1797996,1.5944645,-1.9350642,1.5052809,8.964497,10.839054,-9.704965,-2.7509158,-2.5746377,-3.118537,-7.126897,12.702662,-11.618722,2.7996252
6,0.008542545139789581,1.3138808012008667,68.07804107666016,0.5542533366776683,0.7808619757395697,-90.31327358308502,3.1736476,-7.2862906,1.2626474,-69.67653,29.57647,-23.372473,-15.133586,-0.5057061,-1.6240661,0.73107886,71.81611,16.648317,27.34368,4.712633,-1.1687062,-6.188896,1.5821898,-1.9293456,1.4991138,8.967455,10.839154,-9.706805,-2.7516348,-2.5915475,-3.1274529,-7.123025,12.742291,-11.637643,2.7992887
7,0.007042789366096258,1.3133161067962646,68.07750701904297,0.5606624841964365,0.7773444415619879,-90.30248137575136,3.172051,-7.2614365,1.2732533,-69.67067,29.576763,-23.382887,-15.122906,-0.488012,-1.6260942,0.73243386,71.81887,16.638086,27.333544,4.7001963,-1.166218,-6.1951766,1.569462,-1.9234879,1.4918023,8.970123,10.838362,-9.708306,-2.7508836,-2.6042137,-3.137019,-7.1197157,12.774436,-11.653288,2.8006124
8,0.005214125849306583,1.3138670921325684,68.0772933959961,0.5652998785880498,0.7751708675251058,-90.29624945891952,3.173333,-7.2472467,1.2856742,-69.66383,29.575531,-23.386263,-15.108809,-0.48000363,-1.6292179,0.73446244,71.82159,16.62616,27.32792,4.690211,-1.1596717,-6.19851,1.5620444,-1.9207997,1.4874189,8.971698,10.837861,-9.708139,-2.751136,-2.6154234,-3.1430998,-7.117576,12.799041,-11.664385,2.8005085
9,0.003883778117597103,1.3124175071716309,68.0768814086914,0.5668603507575029,0.7747204014507593,-90.29623149658984,3.1802046,-7.2369785,1.2939681,-69.658936,29.573997,-23.388916,-15.086574,-0.46979442,-1.6316324,0.7355482,71.8233,16.616081,27.325756,4.6774583,-1.1435401,-6.1995773,1.5618248,-1.9183168,1.486847,8.971847,10.837702,-9.709736,-2.752667,-2.620746,-3.1445992,-7.1172776,12.813007,-11.672586,2.7997038
10,0.004594749771058559,1.3108088970184326,68.07691192626953,0.5682843060882481,0.7756028468455115,-90.29970952059911,3.1902635,-7.234326,1.3040578,-69.652664,29.571695,-23.388233,-15.05671,-0.46237156,-1.6354976,0.7362023,71.82537,16.605974,27.32574,4.6609535,-1.1213282,-6.199363,1.5656885,-1.918221,1.4848595,8.971248,10.838118,-9.711094,-2.752576,-2.6234233,-3.147288,-7.117853,12.819184,-11.676738,2.8006833
11,0.004332524258643389,1.3085414171218872,68.0766372680664,0.5678460554081729,0.7765447328569478,-90.30449903230205,3.2006757,-7.232645,1.3102802,-69.64842,29.569523,-23.384428,-15.030469,-0.45699623,-1.6372238,0.73613197,71.826775,16.599438,27.327213,4.6455536,-1.100195,-6.1970916,1.571578,-1.9169666,1.4860784,8.969858,10.838067,-9.713035,-2.7541082,-2.6228473,-3.1461866,-7.1194105,12.821276,-11.6803465,2.8000877
12,0.0054468633607029915,1.306793451309204,68.0765151977539,0.5665534394665644,0.7766767224368404,-90.30873809266348,3.2087016,-7.227584,1.3208966,-69.6406,29.564018,-23.37923,-15.017908,-0.45952183,-1.636075,0.7356461,71.829475,16.592766,27.329357,4.641003,-1.0877908,-6.191652,1.5775536,-1.9168562,1.4870771,8.968017,10.838723,-9.713984,-2.754108,-2.6159124,-3.1448028,-7.121569,12.812609,-11.67863,2.8007486
13,0.005467899609357119,1.3055850267410278,68.07611846923828,0.5657502235578278,0.7752672669480535,-90.31286066315053,3.212789,-7.216308,1.3304154,-69.63335,29.55883,-23.359846,-15.02917,-0.4761813,-1.6283652,0.7354469,71.83251,16.591877,27.335178,4.646021,-1.0884451,-6.180256,1.5842671,-1.9127779,1.4882178,8.9656725,10.838216,-9.7161455,-2.7546728,-2.6099496,-3.143057,-7.12394,12.808579,-11.679118,2.800387
14,0.0066131469793617725,1.3041797876358032,68.07599639892578,0.5636995502196422,0.7730319940721785,-90.31744967617752,3.2159414,-7.1991434,1.335145,-69.6292,29.552362,-23.338696,-15.055422,-0.497603,-1.6159047,0.7355624,71.83454,16.593369,27.343414,4.6603827,-1.0970426,-6.1649055,1.5922518,-1.9102279,1.4901505,8.962641,10.838945,-9.717366,-2.7542715,-2.5929985,-3.1396384,-7.127355,12.786575,-11.671756,2.8008642
15,0.0075777992606163025,1.3043184280395508,68.07587432861328,0.5625625815661985,0.7710059087456611,-90.32113311453298,3.218659,-7.181128,1.3438241,-69.6213,29.541864,-23.318022,-15.080376,-0.520411,-1.6042114,0.7360761,71.838745,16.597979,27.352335,4.6753826,-1.1086941,-6.1518526,1.599768,-1.9089267,1.4909726,8.959267,10.838674,-9.716601,-2.7534187,-2.5828283,-3.1379318,-7.1307335,12.773874,-11.667045,2.8013513
16,0.007598416414111853,1.3049565553665161,68.07572937011719,0.5617950375882613,0.7704187082339594,-90.32232445031808,3.2212777,-7.172427,1.3523268,-69.61316,29.533993,-23.306765,-15.09452,-0.53260934,-1.5933189,0.73652214,71.84286,16.603579,27.358208,4.685494,-1.1165453,-6.145172,1.6047175,-1.9094783,1.4918821,8.955879,10.839618,-9.716543,-2.7532108,-2.5799885,-3.1367252,-7.134031,12.770402,-11.665702,2.801159
17,0.008137442171573639,1.3037029504776,68.07608795166016,0.5619095303169674,0.772165702072563,-90.3196587393522,3.2242234,-7.1761804,1.3667364,-69.59874,29.529877,-23.31796,-15.094152,-0.526359,-1.581971,0.7363781,71.84893,16.613426,27.359766,4.6903872,-1.1223418,-6.14894,1.6060265,-1.911982,1.490866,8.952328,10.839771,-9.716202,-2.7523713,-2.5749319,-3.1373296,-7.1380486,12.761358,-11.6631565,2.8023546
18,0.008826272562146187,1.3015761375427246,68.07638549804688,0.5631511471542983,0.7754844889343006,-90.31428746194922,3.226747,-7.185799,1.3756381,-69.588905,29.532906,-23.327646,-15.086796,-0.5150489,-1.5675898,0.73546857,71.85215,16.621311,27.359472,4.69668,-1.1277955,-6.153632,1.6047873,-1.9134134,1.4876615,8.948747,10.839264,-9.717941,-2.751051,-2.576076,-3.1405523,-7.1421103,12.762526,-11.666009,2.8044336
19,0.0090491259470582,1.298706293106079,68.07675170898438,0.5648067685647346,0.7788293824565637,-90.30837709722395,3.229919,-7.1985846,1.3841603,-69.57835,29.54034,-23.342905,-15.081313,-0.49766862,-1.5544633,0.733895,71.85502,16.631807,27.356499,4.6938477,-1.1275994,-6.161473,1.6029705,-1.9159815,1.4847028,8.94512,10.839127,-9.718855,-2.7502306,-2.576253,-3.1438205,-7.1462445,12.762665,-11.668852,2.8062325
20,0.009374285116791725,1.2973918914794922,68.07672119140625,0.5661125673252945,0.7804834550971129,-90.3037765582776,3.2325313,-7.2024946,1.3898528,-69.5708,29.544586,-23.342482,-15.076907,-0.49352667,-1.5510072,0.73255956,71.85672,16.63712,27.354383,4.683063,-1.1190108,-6.167632,1.602149,-1.9175531,1.4821725,8.941662,10.839383,-9.719503,-2.7492661,-2.5797498,-3.1470304,-7.149765,12.770276,-11.674205,2.8076828
21,0.009937584400177002,1.2953505516052246,68.07616424560547,0.5655535908380127,0.7795446313158998,-90.3021524921345,3.2396066,-7.200545,1.401823,-69.55524,29.54825,-23.35376,-15.087834,-0.4884847,-1.5606483,0.7299299,71.85985,16.645079,27.344719,4.6491065,-1.0894727,-6.179286,1.6036621,-1.9137491,1.4818603,8.938675,10.839198,-9.72248,-2.7489572,-2.5758276,-3.147245,-7.1529527,12.770521,-11.677213,2.808525
22,0.009990856051445007,1.295058012008667,68.07557678222656,0.5656523353111335,0.7770597784996767,-90.30194186331481,3.2459786,-7.19253,1.4063463,-69.54976,29.546185,-23.34172,-15.093263,-0.49546665,-1.5790215,0.7292346,71.86091,16.64429,27.338423,4.6069202,-1.0497547,-6.1882787,1.6062393,-1.9110245,1.4817282,8.9358835,10.838729,-9.722477,-2.7488525,-2.5735056,-3.1476676,-7.155576,12.774256,-11.680661,2.8085475
23,0.01065768301486969,1.294256329536438,68.07495880126953,0.5650953740411598,0.7743522802770026,-90.30095915457134,3.2504451,-7.1861815,1.4143984,-69.540665,29.541302,-23.33398,-15.097627,-0.5038849,-1.5994635,0.7286787,71.86275,16.641788,27.334484,4.5646734,-1.0138922,-6.1965566,1.6081592,-1.908439,1.4817348,8.932897,10.839637,-9.723579,-2.748329,-2.567916,-3.1477487,-7.158518,12.773257,-11.6823635,2.809197
24,0.010577578097581863,1.29362154006958,68.07462310791016,0.5667002360682312,0.772894853733987,-90.29689359611966,3.252697,-7.182441,1.4179109,-69.53675,29.538815,-23.331945,-15.097469,-0.5079679,-1.6116441,0.72851616,71.86351,16.639374,27.331018,4.5356717,-0.9907593,-6.203265,1.6075337,-1.9063187,1.479209,8.929452,10.838947,-9.7238455,-2.7477026,-2.5683556,-3.1507382,-7.1616364,12.780279,-11.687166,2.810048
25,0.01029791310429573,1.2925703525543213,68.07422637939453,0.5714696488312183,0.7729972051411039,-90.28759730917461,3.2498355,-7.1852307,1.4255712,-69.52815,29.535885,-23.344175,-15.089839,-0.5104967,-1.6159632,0.7280487,71.86503,16.633621,27.322374,4.524692,-0.98137474,-6.207009,1.6025325,-1.9062128,1.4723408,8.92527,10.839525,-9.725023,-2.7461617,-2.580719,-3.159607,-7.164902,12.807644,-11.701556,2.8123167
26,0.009489700198173523,1.2909743785858154,68.07368469238281,0.5785871886008433,0.773879647545575,-90.27494382805487,3.2426677,-7.1944857,1.4300507,-69.52331,29.53823,-23.351698,-15.078695,-0.51670927,-1.6110117,0.72767985,71.865776,16.630487,27.321404,4.51952,-0.99239045,-6.2092843,1.594664,-1.9055036,1.4625148,8.92066,10.838779,-9.726266,-2.7444153,-2.6012337,-3.1723034,-7.1681404,12.849842,-11.723188,2.8151648
27,0.008566409349441528,1.2893892526626587,68.0733642578125,0.5856489063387821,0.7754385418770848,-90.26220991708772,3.2295673,-7.211286,1.4351481,-69.5176,29.545458,-23.367304,-15.074399,-0.5192202,-1.6030772,0.72704047,71.86653,16.625225,27.323767,4.5234838,-1.0094861,-6.209137,1.5868417,-1.9075053,1.4531223,8.91584,10.838235,-9.7256155,-2.7427144,-2.62075,-3.1846406,-7.171593,12.88843,-11.7429085,2.8179498
28,0.0085202157497406,1.2886300086975098,68.07355499267578,0.5909132302080501,0.777609702544506,-90.25316998706138,3.2261114,-7.215818,1.4362059,-69.516304,29.547592,-23.3718,-15.069895,-0.52297497,-1.6003278,0.726839,71.86679,16.624235,27.327057,4.526771,-1.0182496,-6.2091503,1.5822738,-1.9102367,1.445338,8.911405,10.838876,-9.726047,-2.7405186,-2.6331928,-3.1940596,-7.1750674,12.910766,-11.754196,2.8206835
29,0.008351029828190804,1.2868057489395142,68.07382202148438,0.5918409305393929,0.781391491832802,-90.24924169310644,3.2232535,-7.2208757,1.4392945,-69.51221,29.551361,-23.374634,-15.076468,-0.5255359,-1.6034267,0.725882,71.86785,16.62305,27.338736,4.5362105,-1.0250404,-6.2087636,1.582083,-1.9138187,1.4435223,8.907259,10.838425,-9.72584,-2.7397733,-2.6362314,-3.1960378,-7.178836,12.913437,-11.757246,2.8217728
30,0.009847676381468773,1.284834384918213,68.07456970214844,0.592192759782319,0.786444310083598,-90.24830525581184,3.2228527,-7.2249403,1.4431343,-69.506584,29.55359,-23.378267,-15.090117,-0.52525276,-1.6105546,0.7241446,71.86997,16.623753,27.354946,4.5506086,-1.0308708,-6.2076564,1.5846249,-1.918904,1.4411397,8.903348,10.839094,-9.726657,-2.737503,-2.6351252,-3.1979795,-7.1825743,12.90547,-11.754975,2.8242283
31,0.0125461146235466,1.2820594310760498,68.07506561279297,0.5899588336611996,0.7907932432749484,-90.24875224433151,3.224305,-7.2252383,1.4474996,-69.499825,29.554049,-23.38613,-15.103537,-0.52147573,-1.6186681,0.7215401,71.87312,16.62727,27.369194,4.5655556,-1.0352306,-6.2074685,1.5882878,-1.9220783,1.4407433,8.8996935,10.83845,-9.727484,-2.734941,-2.6263797,-3.1970544,-7.186512,12.886192,-11.748399,2.8271964
32,0.0145195871591568,1.2791454792022705,68.074951171875,0.5900500398053053,0.7922764250512552,-90.24877297768029,3.222406,-7.223104,1.4562422,-69.48748,29.551662,-23.399633,-15.110047,-0.5182088,-1.6256214,0.71556306,71.87969,16.635517,27.375393,4.5761566,-1.0389166,-6.208055,1.5915666,-1.9213599,1.4383982,8.896423,10.839485,-9.731001,-2.7328658,-2.6218624,-3.1991477,-7.1897616,12.882336,-11.7501,2.829997
33,0.01586741954088211,1.2785743474960327,68.07431030273438,0.5893068649669141,0.7887082066977552,-90.24864184855616,3.2125847,-7.215602,1.4617696,-69.481186,29.549057,-23.407377,-15.10399,-0.514146,-1.622669,0.71198845,71.883675,16.642136,27.378723,4.5841937,-1.0407614,-6.201021,1.5942115,-1.9168191,1.4377918,8.894018,10.838964,-9.731732,-2.7317648,-2.6138527,-3.1994123,-7.1922126,12.87792,-11.749937,2.8315265
34,0.017951149493455887,1.2787237167358398,68.07333374023438,0.5893683185112314,0.781669362509698,-90.24916050705525,3.1979303,-7.204455,1.4736614,-69.47117,29.541765,-23.423206,-15.090388,-0.50834996,-1.6162925,0.7052947,71.89126,16.654762,27.374825,4.588107,-1.0417318,-6.1940494,1.5971488,-1.9084288,1.4356728,8.892373,10.8386545,-9.733205,-2.7300024,-2.6036658,-3.2013786,-7.1938868,12.875796,-11.750713,2.8338218
35,0.020533742383122444,1.279526948928833,68.07258605957031,0.5890014411649772,0.7750836538704794,-90.24899874291562,3.187735,-7.195941,1.4755247,-69.4699,29.540564,-23.423376,-15.076304,-0.5075785,-1.606968,0.7043554,71.89248,16.657827,27.379997,4.5963626,-1.0443921,-6.180371,1.5998499,-1.9019687,1.4334512,8.890265,10.838456,-9.733464,-2.7276194,-2.5921412,-3.2032044,-7.196211,12.869529,-11.7490835,2.8364856
36,0.021977199241518974,1.2796368598937988,68.07201385498047,0.5909665623043054,0.772818242804741,-90.24735012850124,3.1827,-7.190034,1.4793967,-69.46757,29.537903,-23.429674,-15.06414,-0.5062737,-1.6014061,0.7022682,71.89528,16.664991,27.386972,4.6002026,-1.0493007,-6.174735,1.6021717,-1.8992745,1.42908,8.886804,10.838856,-9.734799,-2.7254183,-2.5957508,-3.2085402,-7.199388,12.883397,-11.756544,2.8388412
37,0.02238510549068451,1.2770969867706299,68.0719985961914,0.5938127566264071,0.7774362181878998,-90.24304716936217,3.19261,-7.1944265,1.4830608,-69.465164,29.537199,-23.441853,-15.055273,-0.5050039,-1.6001906,0.6993571,71.89823,16.671486,27.397646,4.6034856,-1.0570713,-6.177622,1.6040941,-1.9039794,1.4242014,8.880502,10.838731,-9.735054,-2.7237067,-2.6067677,-3.2149456,-7.2055707,12.901943,-11.767919,2.8408804
38,0.02314024604856968,1.2730255126953125,68.0727767944336,0.5980384182119084,0.7862714016197484,-90.23690625281446,3.2036424,-7.200424,1.4837059,-69.464615,29.53783,-23.45504,-15.047792,-0.50533324,-1.6016244,0.69850504,71.89896,16.673935,27.408863,4.6072845,-1.0630236,-6.183589,1.6057321,-1.9128613,1.416895,8.872427,10.838427,-9.735339,-2.7210457,-2.6184413,-3.2235684,-7.2138567,12.916121,-11.778175,2.8439286
39,0.024180788546800613,1.2687668800354004,68.07305908203125,0.6019352454751971,0.7956762362886515,-90.2306818678404,3.2386544,-7.218801,1.4873778,-69.460175,29.543453,-23.476673,-15.048592,-0.50107163,-1.6030232,0.69061226,71.903885,16.688675,27.421034,4.6029882,-1.0779359,-6.197238,1.6068752,-1.9194039,1.4091859,8.86479,10.837959,-9.738414,-2.7180727,-2.6375692,-3.233083,-7.221446,12.942614,-11.793808,2.8473682
40,0.024414481595158577,1.2656826972961426,68.07347869873047,0.6060608319297747,0.801852884924809,-90.22574736212476,3.2528563,-7.2239013,1.4886864,-69.45817,29.545986,-23.487352,-15.052573,-0.49997148,-1.605801,0.68645394,71.90621,16.694433,27.430458,4.602928,-1.0834743,-6.2016435,1.6074094,-1.9270041,1.4031643,8.859543,10.839321,-9.738695,-2.7159085,-2.649867,-3.2409027,-7.2266293,12.960666,-11.804986,2.8498461
41,0.02591550536453724,1.264715552330017,68.07343292236328,0.6096841352438045,0.8037212934006422,-90.22282385390075,3.2662878,-7.222482,1.4910458,-69.45429,29.550634,-23.493631,-15.073163,-0.4994966,-1.6091464,0.67775315,71.910774,16.707075,27.429821,4.5970483,-1.0852141,-6.2055926,1.6072857,-1.9275233,1.3964759,8.857962,10.839004,-9.74009,-2.712445,-2.6597347,-3.248823,-7.2279677,12.978459,-11.81425,2.853399
42,0.027873262763023376,1.2649476528167725,68.0732421875,0.6121992127409664,0.8032584776245155,-90.22089608374486,3.270456,-7.2186713,1.4917704,-69.4532,29.550364,-23.490545,-15.096471,-0.50146776,-1.6142422,0.6750742,71.91219,16.709831,27.437185,4.596951,-1.0860924,-6.201433,1.6065385,-1.9274482,1.3911572,8.858535,10.839011,-9.73996,-2.708666,-2.6660035,-3.2552197,-7.227191,12.991493,-11.820271,2.857115
43,0.02955307811498642,1.2657065391540527,68.07293701171875,0.6132813213284019,0.801430014618752,-90.21982119923017,3.276842,-7.206423,1.4932579,-69.45125,29.550177,-23.488403,-15.118847,-0.50268656,-1.6198809,0.6699956,71.91519,16.716274,27.439564,4.593527,-1.0850484,-6.198251,1.6054577,-1.9270353,1.3881229,8.860072,10.839189,-9.738835,-2.7056372,-2.667511,-3.2588453,-7.2255297,12.997291,-11.822666,2.8599582
44,0.030952949076890945,1.2636382579803467,68.07282257080078,0.6167333424545921,0.7993590881048361,-90.21921897886345,3.2756116,-7.1982985,1.4944184,-69.45013,29.550251,-23.489517,-15.126913,-0.5007072,-1.6236272,0.6662195,71.917534,16.720585,27.441887,4.5910344,-1.0804363,-6.19536,1.6040254,-1.9210416,1.382331,8.861907,10.838338,-9.74196,-2.7031121,-2.6646435,-3.264791,-7.223804,13.000747,-11.826644,2.8631043
45,0.0316227562725544,1.2626845836639404,68.0721206665039,0.6191392754266702,0.7967728770258017,-90.21986818957487,3.2689626,-7.192343,1.4952505,-69.44967,29.551723,-23.495644,-15.115331,-0.49551094,-1.6246228,0.6634739,71.91944,16.724838,27.442505,4.58929,-1.0715864,-6.19243,1.602082,-1.9158347,1.378642,8.864154,10.838338,-9.744467,-2.7019763,-2.6705737,-3.2696867,-7.220998,13.018456,-11.835568,2.8646586
46,0.03258337825536728,1.2618739604949951,68.07176971435547,0.6217015868054767,0.7932928514022409,-90.2217721962775,3.2533512,-7.183348,1.4963131,-69.449684,29.555101,-23.505354,-15.091984,-0.48698974,-1.62297,0.6598671,71.9221,16.730904,27.438835,4.586504,-1.0566689,-6.190644,1.5998139,-1.9097651,1.3746595,8.867253,10.8380785,-9.746647,-2.700926,-2.6706793,-3.2742298,-7.2175612,13.026819,-11.840015,2.8661559
47,0.03327835723757744,1.2608263492584229,68.07115936279297,0.6242038252874375,0.7898478925637114,-90.22333849173859,3.237283,-7.1745405,1.4969231,-69.45008,29.558107,-23.515806,-15.06502,-0.4772891,-1.6216846,0.6576986,71.92373,16.73462,27.436707,4.5829105,-1.0425031,-6.1897397,1.5973397,-1.9040588,1.3710622,8.869994,10.838371,-9.74901,-2.7001703,-2.6742637,-3.2789516,-7.214169,13.041653,-11.847475,2.8673513
48,0.033656682819128036,1.259864091873169,68.07050323486328,0.6254168558468429,0.7873302165749897,-90.22310236036579,3.2208772,-7.1630955,1.4979777,-69.45142,29.564606,-23.526583,-15.04722,-0.46789807,-1.6193349,0.6534025,71.92689,16.743658,27.431267,4.5715475,-1.033234,-6.19702,1.594887,-1.8984588,1.3687797,8.871207,10.837861,-9.751469,-2.6994932,-2.676978,-3.2818167,-7.2123456,13.05356,-11.853915,2.8680975
49,0.03491075336933136,1.2599601745605469,68.07001495361328,0.6285323808346008,0.7861704858054764,-90.21966780032824,3.2143812,-7.1546593,1.4983507,-69.45223,29.567675,-23.537357,-15.034368,-0.45756277,-1.6223313,0.65151507,71.92804,16.747166,27.43094,4.5541863,-1.0339714,-6.2101936,1.5920595,-1.8965728,1.3630134,8.870078,10.837626,-9.752158,-2.6963615,-2.6866999,-3.289032,-7.212176,13.0750885,-11.864044,2.8705642
50,0.036757007241249084,1.2582875490188599,68.06935119628906,0.6303009840201487,0.7856618194163607,-90.21429249087558,3.2078106,-7.14137,1.4988092,-69.45422,29.574127,-23.549583,-15.027034,-0.44585845,-1.6249037,0.64813375,71.92958,16.755976,27.428381,4.525865,-1.0402621,-6.2322164,1.5890023,-1.894307,1.3579955,8.8673525,10.837645,-9.754269,-2.692721,-2.6914504,-3.295027,-7.213755,13.089801,-11.87295,2.8736846
51,0.037237152457237244,1.2544442415237427,68.06897735595703,0.6331040768822778,0.7858546406346212,-90.20907046530716,3.2043056,-7.1283455,1.4988061,-69.45743,29.583092,-23.559607,-15.025457,-0.43606016,-1.6250908,0.6432955,71.93055,16.770538,27.424835,4.4953427,-1.0466093,-6.255349,1.586392,-1.8919301,1.3534386,8.864546,10.837718,-9.757045,-2.6906261,-2.692332,-3.3004262,-7.215713,13.099927,-11.881976,2.8758385
52,0.038796521723270416,1.2529164552688599,68.0690689086914,0.635336753891492,0.786615081406082,-90.2064621538609,3.203261,-7.1172037,1.498543,-69.458626,29.586315,-23.568977,-15.022898,-0.42707667,-1.6261777,0.6415591,71.93081,16.776169,27.427778,4.485815,-1.0492064,-6.2649136,1.5851691,-1.8901799,1.3483691,8.863261,10.837894,-9.76007,-2.6877658,-2.6934962,-3.3056164,-7.2165427,13.104546,-11.885744,2.878522
53,0.04116904363036156,1.2529906034469604,68.06929779052734,0.6366097354875513,0.7887344611771551,-90.2081756020786,3.205566,-7.1107335,1.498281,-69.459274,29.588182,-23.574638,-15.024477,-0.42192954,-1.623441,0.64051807,71.93128,16.781244,27.437246,4.50343,-1.045952,-6.2583885,1.5864929,-1.8935349,1.3444738,8.864082,10.8375025,-9.758854,-2.6850283,-2.700375,-3.3103256,-7.215412,13.1124525,-11.888428,2.8813438
54,0.043561745434999466,1.2502707242965698,68.06971740722656,0.6373554558323301,0.7919382811521978,-90.21253822815574,3.216257,-7.094958,1.4976757,-69.4601,29.59155,-23.581636,-15.032383,-0.41498578,-1.6151962,0.6384116,71.9327,16.791437,27.450758,4.535229,-1.0407681,-6.2453027,1.5896088,-1.8935537,1.3413013,8.866228,10.837786,-9.762687,-2.6834717,-2.6993597,-3.3131828,-7.2138915,13.108484,-11.888297,2.8841176
55,0.044856201857328415,1.2478630542755127,68.06941223144531,0.6391189498956987,0.7949142870753183,-90.21705923801315,3.222165,-7.0850005,1.4968969,-69.46066,29.594355,-23.586185,-15.041105,-0.41117007,-1.6090684,0.6359528,71.9346,16.800323,27.461721,4.564775,-1.0346978,-6.2312303,1.592359,-1.8950205,1.3383808,8.868791,10.838109,-9.76472,-2.682873,-2.710915,-3.317732,-7.211193,13.127694,-11.89857,2.886037
56,0.04696918651461601,1.2464255094528198,68.06912994384766,0.6405507064341047,0.7960883746546379,-90.21898438157632,3.221542,-7.072848,1.4963325,-69.46102,29.596594,-23.59053,-15.048463,-0.4086998,-1.6081864,0.6343874,71.93593,16.805561,27.464258,4.5699244,-1.0298232,-6.225629,1.5924832,-1.8936675,1.3343971,8.870957,10.838125,-9.76766,-2.6809344,-2.71736,-3.3225033,-7.208938,13.139523,-11.9047365,2.8888097
57,0.04801779240369797,1.2463752031326294,68.0684814453125,0.6432213011234856,0.7943604320682928,-90.2169035098793,3.208478,-7.0552793,1.4955544,-69.46162,29.599258,-23.594486,-15.055937,-0.40755486,-1.615701,0.6325795,71.93713,16.806818,27.453707,4.5356665,-1.027687,-6.2339306,1.5884221,-1.891479,1.329772,8.872515,10.837677,-9.767954,-2.6788223,-2.7271116,-3.3287563,-7.206557,13.160898,-11.914316,2.8909273
58,0.047638487070798874,1.2457728385925293,68.06756591796875,0.646620529816097,0.7907970747710982,-90.21246138825664,3.1846046,-7.0357447,1.4941517,-69.462944,29.60337,-23.596237,-15.06535,-0.40886354,-1.6280639,0.63015836,71.93819,16.802898,27.433401,4.4773602,-1.0266178,-6.248337,1.5816057,-1.8856837,1.3253996,8.873944,10.838042,-9.770655,-2.6776888,-2.7358367,-3.3348038,-7.2041135,13.185598,-11.926577,2.891957
59,0.046988822519779205,1.2433651685714722,68.06661224365234,0.6499473731231129,0.7872342339794068,-90.20760460526408,3.1541684,-7.0102506,1.4912218,-69.46586,29.610548,-23.596085,-15.073986,-0.4112665,-1.6393092,0.62674034,71.93872,16.79165,27.410437,4.426104,-1.0244619,-6.260722,1.5744519,-1.8779343,1.3213657,8.875346,10.838079,-9.774913,-2.6772714,-2.7401037,-3.3401227,-7.201974,13.205715,-11.938778,2.8929207
60,0.04702269658446312,1.2429893016815186,68.06629943847656,0.6531405012176229,0.7855905266510087,-90.20430291353006,3.1406617,-6.9945316,1.4900361,-69.46695,29.61323,-23.601,-15.073094,-0.411309,-1.6468073,0.62578994,71.93876,16.787508,27.39934,4.3969646,-1.0233991,-6.268923,1.5692409,-1.8747125,1.3169341,8.8768215,10.838108,-9.776681,-2.676412,-2.7463849,-3.3455906,-7.1998215,13.221445,-11.9464445,2.8943014
61,0.047151193022727966,1.2396093606948853,68.06644439697266,0.654842639028805,0.7869728432271693,-90.20264604871069,3.1201859,-6.955763,1.4858938,-69.46964,29.624567,-23.6068,-15.069584,-0.40986684,-1.6437141,0.62323767,71.93933,16.786154,27.396433,4.409816,-1.0179394,-6.269424,1.5666859,-1.8726053,1.3144389,8.878028,10.838224,-9.780393,-2.6772685,-2.7451048,-3.3481274,-7.198734,13.222202,-11.949832,2.8957872
62,0.048471201211214066,1.237443447113037,68.06649017333984,0.6574683585570438,0.7901888358201092,-90.20184651460781,3.1155207,-6.939191,1.4853559,-69.4698,29.626518,-23.619537,-15.05291,-0.40698335,-1.6399683,0.62298506,71.939575,16.78923,27.404749,4.4416637,-1.0134844,-6.266567,1.5656155,-1.8735453,1.3096622,8.879116,10.837781,-9.782544,-2.6770728,-2.7538416,-3.3539119,-7.197294,13.235812,-11.95763,2.8987963
63,0.051049381494522095,1.235713005065918,68.06671905517578,0.657844923619412,0.7936939014013827,-90.20213295808172,3.1096451,-6.91372,1.4842904,-69.469864,29.629568,-23.634007,-15.034055,-0.40197837,-1.6340439,0.6225199,71.94025,16.795355,27.413973,4.478962,-1.0094777,-6.263435,1.5651932,-1.8769026,1.3066092,8.880645,10.838137,-9.7835,-2.6761782,-2.7573433,-3.3573706,-7.1958175,13.237697,-11.959259,2.902276
64,0.052223097532987595,1.233181357383728,68.0668716430664,0.6596772945639343,0.7961327158220096,-90.2039995834583,3.103937,-6.8850045,1.48329,-69.46981,29.632631,-23.64518,-15.019481,-0.39765644,-1.6297355,0.62208587,71.94102,16.801586,27.4187,4.4994392,-1.0082022,-6.262182,1.5645604,-1.8759362,1.3032695,8.883717,10.837471,-9.78638,-2.6761389,-2.7616024,-3.361134,-7.192789,13.244342,-11.963964,2.9041944
65,0.05406663939356804,1.2305047512054443,68.06654357910156,0.6599196557277083,0.796866493242329,-90.20821499020117,3.097001,-6.828663,1.4804939,-69.46987,29.644175,-23.650581,-15.016065,-0.3948744,-1.6266328,0.6206057,71.94276,16.823065,27.415691,4.4789715,-1.0120867,-6.2733283,1.563533,-1.8728858,1.3015456,8.889049,10.8374,-9.790144,-2.6753469,-2.764336,-3.363284,-7.1876235,13.25059,-11.968174,2.9055238
66,0.0546593964099884,1.2304909229278564,68.06642150878906,0.6612926372365896,0.7969111336596559,-90.21445506122745,3.0988672,-6.8074164,1.4754789,-69.47082,29.656399,-23.647308,-15.015246,-0.39729154,-1.6264883,0.61733437,71.9436,16.839647,27.406687,4.4472885,-1.017186,-6.282975,1.5626138,-1.8706737,1.2999336,8.896036,10.83762,-9.792415,-2.6748414,-2.7741308,-3.3657973,-7.1803813,13.266009,-11.973971,2.904884
67,0.05612068995833397,1.2301318645477295,68.06611633300781,0.6609243007929306,0.7965303113788049,-90.22078695586121,3.0987465,-6.793413,1.4742773,-69.47128,29.658112,-23.647642,-15.007742,-0.39800546,-1.6271679,0.61649543,71.94348,16.83993,27.399899,4.431075,-1.0221959,-6.283419,1.5617958,-1.8680618,1.2995585,8.902855,10.836937,-9.793846,-2.673784,-2.7795117,-3.366649,-7.1735783,13.274244,-11.9765625,2.9047794
68,0.056807465851306915,1.2305729389190674,68.0657958984375,0.6620854300495194,0.7962241115613335,-90.22503096929935,3.0951905,-6.770616,1.4738972,-69.471436,29.658695,-23.647589,-15.00294,-0.3993551,-1.6246887,0.61628556,71.943535,16.840569,27.395784,4.4300733,-1.025272,-6.2769923,1.5608999,-1.8673295,1.2979879,8.907793,10.837624,-9.794853,-2.6728823,-2.7894557,-3.3694115,-7.1683292,13.290378,-11.982488,2.9049456
69,0.057621344923973083,1.2294806241989136,68.0654525756836,0.6633546054235921,0.7959857772066425,-90.22582046663177,3.079659,-6.7237067,1.4726487,-69.47171,29.659548,-23.647593,-15.001536,-0.39961773,-1.6169006,0.6157364,71.944145,16.844542,27.395739,4.4538293,-1.0267987,-6.2627287,1.5596893,-1.865798,1.2957197,8.909824,10.8376465,-9.796234,-2.6718059,-2.7939222,-3.3725266,-7.166265,13.300579,-11.9879055,2.9066813
70,0.057968869805336,1.2290276288986206,68.06505584716797,0.6632673546659698,0.7955798450402128,-90.2245193407244,3.0456576,-6.650304,1.470315,-69.47164,29.660463,-23.646692,-15.003949,-0.3988769,-1.606172,0.614979,71.9463,16.853662,27.396894,4.489527,-1.0269734,-6.245297,1.558227,-1.8635315,1.2949402,8.909973,10.837208,-9.797785,-2.671134,-2.794744,-3.3733313,-7.1663017,13.30392,-11.99005,2.9082317
71,0.059006478637456894,1.2294669151306152,68.06497955322266,0.6639222380155974,0.7951993873633291,-90.2236814419922,3.0181363,-6.5811887,1.467821,-69.47099,29.660946,-23.644848,-15.007831,-0.39895946,-1.5946878,0.6142416,71.94927,16.864298,27.39772,4.5261297,-1.0268728,-6.227875,1.5574616,-1.8631016,1.2927859,8.909898,10.836988,-9.797822,-2.6695886,-2.7950678,-3.375575,-7.1665754,13.304654,-11.989967,2.9105942
72,0.05999705195426941,1.2295432090759277,68.06541442871094,0.6644442957618719,0.7949392632253409,-90.22575616749273,3.001271,-6.4865294,1.465746,-69.47009,29.661451,-23.642916,-15.011713,-0.40054083,-1.5836586,0.6135091,71.9522,16.873194,27.397717,4.5517697,-1.0278724,-6.211423,1.5581704,-1.8632807,1.2914085,8.911095,10.837046,-9.797474,-2.6687403,-2.7901032,-3.376456,-7.165871,13.295446,-11.985437,2.912041
73,0.06129563972353935,1.2303452491760254,68.06547546386719,0.6631951950133219,0.7945477130029108,-90.23281387488858,3.0012567,-6.4289055,1.4648538,-69.46949,29.661625,-23.640524,-15.012693,-0.4037607,-1.571989,0.61305183,71.95361,16.876312,27.395723,4.563714,-1.0293496,-6.194765,1.561369,-1.8619065,1.2922033,8.914441,10.836994,-9.798222,-2.6688738,-2.7896104,-3.375322,-7.1629443,13.292093,-11.982265,2.912044
74,0.06356838345527649,1.2295018434524536,68.06546783447266,0.6617904678905671,0.7939849655663564,-90.24310966571548,3.0154424,-6.2316427,1.4634843,-69.46814,29.66284,-23.634626,-15.014199,-0.41018617,-1.5592949,0.6117603,71.95633,16.882946,27.3919,4.564478,-1.0323074,-6.1787376,1.5664752,-1.8595669,1.2928752,8.918996,10.836771,-9.799524,-2.6690357,-2.7859967,-3.3743842,-7.1590242,13.285942,-11.979159,2.9124455
75,0.06466980278491974,1.2276235818862915,68.06537628173828,0.659078444908962,0.7938109990591611,-90.25335909614182,3.0303016,-6.064721,1.4618353,-69.465706,29.66575,-23.630638,-15.020446,-0.41633835,-1.5485882,0.6090757,71.95999,16.89246,27.386448,4.5597434,-1.0364214,-6.1680913,1.5715687,-1.8554854,1.2960715,8.923478,10.836904,-9.803125,-2.670852,-2.779734,-3.37031,-7.1553693,13.276159,-11.97568,2.9112556
76,0.06658841669559479,1.2261431217193604,68.06555938720703,0.6585137457412609,0.7945886782443174,-90.2601879994504,3.031535,-5.917356,1.4612418,-69.46455,29.666718,-23.629915,-15.031629,-0.4230351,-1.5396321,0.607927,71.96114,16.896606,27.386137,4.5610914,-1.0421802,-6.1579723,1.5748057,-1.8550828,1.2957104,8.92678,10.836896,-9.804199,-2.670482,-2.7770112,-3.3704762,-7.1525097,13.270439,-11.973356,2.9120705
77,0.06720288842916489,1.225762128829956,68.06599426269531,0.6579990740802248,0.7976633321883362,-90.2620189621183,3.020275,-5.6902175,1.4587145,-69.45951,29.671204,-23.634054,-15.05931,-0.43008026,-1.5372471,0.6034018,71.96332,16.909004,27.388683,4.561099,-1.0550328,-6.158007,1.575117,-1.8566368,1.295445,8.928402,10.836296,-9.805168,-2.6701007,-2.7791398,-3.370164,-7.1509113,13.267424,-11.971258,2.91221
78,0.06906339526176453,1.2263950109481812,68.06649780273438,0.6582987208948654,0.8025518307043571,-90.26099393050953,2.9974127,-5.4802723,1.4558035,-69.45406,29.678232,-23.641552,-15.100192,-0.43723938,-1.5389098,0.598953,71.96337,16.92419,27.392458,4.5571084,-1.069976,-6.163845,1.5737495,-1.8649313,1.2930156,8.929091,10.836632,-9.802496,-2.6674147,-2.7886803,-3.373182,-7.149582,13.2724285,-11.971274,2.9142475
79,0.0708804726600647,1.2289423942565918,68.06718444824219,0.6590757923178147,0.8062178665132728,-90.25895340603729,2.9718244,-5.2516274,1.453573,-69.45001,29.683264,-23.649445,-15.136489,-0.44438973,-1.5396837,0.5960234,71.962494,16.936527,27.399548,4.5576262,-1.084501,-6.1697927,1.5720878,-1.8714619,1.2895347,8.929213,10.836755,-9.800289,-2.6641097,-2.7976232,-3.3767374,-7.1488686,13.27541,-11.968615,2.9163725
80,0.0735933929681778,1.2380119562149048,68.06742095947266,0.6582307442606051,0.806094988053549,-90.25842875088048,2.9523766,-5.0392284,1.4514813,-69.44602,29.686651,-23.655876,-15.15758,-0.44962877,-1.5368748,0.5933811,71.96125,16.94797,27.405767,4.563619,-1.092707,-6.1756206,1.5718108,-1.8805386,1.2872705,8.929123,10.83641,-9.791428,-2.6594949,-2.8137565,-3.3798509,-7.1478963,13.287503,-11.964091,2.918336
81,0.07254188507795334,1.240427017211914,68.0672607421875,0.6601694784243696,0.7997064176771672,-90.25789158929543,2.937943,-4.7288017,1.4488604,-69.44003,29.690968,-23.662167,-15.160064,-0.44916224,-1.5321138,0.58963794,71.959564,16.968048,27.405504,4.5667973,-1.0909891,-6.1850057,1.5723046,-1.8748105,1.2858835,8.928255,10.835998,-9.79038,-2.6594872,-2.8065498,-3.3809152,-7.1492877,13.284291,-11.96163,2.9179003
82,0.07322802394628525,1.2475855350494385,68.06682586669922,0.6620435010129415,0.7890708798688646,-90.2569593333504,2.929232,-4.43149,1.4453042,-69.42875,29.69769,-23.671547,-15.153599,-0.44321528,-1.5295845,0.5821024,71.95699,17.009771,27.39783,4.554735,-1.0827286,-6.2032003,1.5731593,-1.8700519,1.2829298,8.926561,10.836456,-9.7853565,-2.6569662,-2.8025196,-3.3843532,-7.1512694,13.288002,-11.958394,2.9190695
83,0.07289013266563416,1.249021291732788,68.06605529785156,0.6632375942458397,0.7781052204164753,-90.25881597330245,2.9206457,-4.12077,1.4438673,-69.41934,29.698866,-23.680412,-15.139954,-0.43876818,-1.5231194,0.5749813,71.95484,17.044125,27.393522,4.5509424,-1.0729016,-6.2185044,1.5758326,-1.8594851,1.282421,8.925708,10.836562,-9.785078,-2.6570747,-2.7866414,-3.3846126,-7.1530805,13.280503,-11.955753,2.919237
84,0.07321309298276901,1.2483510971069336,68.06587219238281,0.663146470993789,0.77070571682534,-90.26666438719533,2.9087002,-3.8012395,1.4437752,-69.41467,29.695473,-23.685501,-15.131138,-0.44087613,-1.5110044,0.5714842,71.95337,17.065332,27.401236,4.55504,-1.0665679,-6.2264366,1.5818383,-1.8483965,1.2831117,8.927319,10.836506,-9.788543,-2.6579106,-2.766522,-3.382266,-7.1524577,13.260398,-11.948587,2.9190536
85,0.07585890591144562,1.252874732017517,68.06629180908203,0.6580741812002864,0.7688341552692834,-90.28410154576757,2.8940165,-3.4887211,1.4439708,-69.41041,29.687965,-23.687239,-15.136175,-0.4511991,-1.4951411,0.5684708,71.95115,17.087902,27.42264,4.549245,-1.0651954,-6.2295313,1.5925852,-1.8498362,1.2884629,8.93315,10.836381,-9.784901,-2.6579459,-2.7583823,-3.375058,-7.1465063,13.236658,-11.931857,2.918084
86,0.07930229604244232,1.2559704780578613,68.067138671875,0.6516315283737205,0.7701860122567769,-90.30860515196537,2.8793707,-3.1528358,1.4448549,-69.40363,29.671276,-23.689344,-15.143866,-0.46433786,-1.480145,0.56368744,71.94566,17.127848,27.452188,4.52164,-1.0664469,-6.2343416,1.6070192,-1.8538413,1.2956189,8.942066,10.8365135,-9.781959,-2.6587086,-2.749142,-3.3655012,-7.137264,13.204941,-11.911815,2.9167309
87,0.08592519909143448,1.261803150177002,68.06865692138672,0.6445540955014625,0.771771543790078,-90.33382672659963,2.8584182,-2.8069496,1.4469992,-69.39534,29.653675,-23.69265,-15.151433,-0.4785186,-1.4633414,0.5573136,71.9368,17.167843,27.484053,4.499288,-1.0686078,-6.2348833,1.6228018,-1.8584148,1.299776,8.950476,10.83649,-9.779086,-2.6558285,-2.7360406,-3.3576713,-7.128607,13.160077,-11.8823395,2.9181342
88,0.0903075635433197,1.2662708759307861,68.0694580078125,0.638467134333792,0.770819971777909,-90.35327452045587,2.8306563,-2.49322,1.4480337,-69.39196,29.64459,-23.699093,-15.153506,-0.48727778,-1.4437869,0.5549092,71.93294,17.191622,27.511026,4.4998145,-1.0688543,-6.2328467,1.6373098,-1.8627466,1.3048768,8.954576,10.83665,-9.773955,-2.6541886,-2.7213407,-3.3499622,-7.1243277,13.123413,-11.859832,2.9183407
89,0.09258430451154709,1.2708216905593872,68.06964874267578,0.6352654039363382,0.7660800220044502,-90.36571084020002,2.7838376,-2.0245323,1.4507174,-69.38507,29.633242,-23.711987,-15.137925,-0.48866504,-1.425872,0.550052,71.925095,17.236128,27.53349,4.5057755,-1.0709939,-6.2369304,1.6523913,-1.8618668,1.3074794,8.951716,10.836801,-9.77037,-2.6525254,-2.70616,-3.3452635,-7.1269827,13.097878,-11.84443,2.9180431
90,0.09436342120170593,1.2782196998596191,68.06987762451172,0.6327950094895995,0.759240663781127,-90.37435728038618,2.7284114,-1.5605093,1.4557313,-69.374954,29.62453,-23.735132,-15.115946,-0.48327214,-1.4090799,0.5425761,71.91397,17.3073,27.551397,4.496681,-1.0734631,-6.2467737,1.6683592,-1.8635545,1.3093439,8.944362,10.837205,-9.762577,-2.649807,-2.6913102,-3.3416867,-7.13394,13.073991,-11.827785,2.9176414
91,0.09740360826253891,1.2846827507019043,68.0701675415039,0.6308949710879765,0.7516027372079485,-90.37999988585209,2.67138,-1.0859232,1.4647768,-69.36062,29.621037,-23.766865,-15.099268,-0.47473878,-1.3912045,0.5306922,71.89809,17.392908,27.563654,4.472839,-1.0755419,-6.261311,1.6817098,-1.8624815,1.3087204,8.936848,10.836341,-9.755719,-2.6454175,-2.671332,-3.3400812,-7.1414595,13.044279,-11.809403,2.9191039
92,0.09744234383106232,1.2922793626785278,68.07048034667969,0.6323718816635017,0.7444592533264505,-90.38328482402582,2.6218834,-0.59385467,1.4724308,-69.35051,29.616613,-23.792498,-15.086625,-0.47130287,-1.374163,0.52166754,71.88663,17.445398,27.574408,4.466721,-1.0767332,-6.2706003,1.6885973,-1.8625925,1.3070599,8.933312,10.836865,-9.7489395,-2.643096,-2.667366,-3.3412495,-7.1442595,13.039614,-11.801044,2.9182618
93,0.09746164083480835,1.3023484945297241,68.0706787109375,0.6343382268031807,0.736648758656927,-90.3838560963147,2.5850189,-0.07928028,1.4828494,-69.33936,29.60102,-23.815887,-15.078369,-0.47026885,-1.3657335,0.5108609,71.87276,17.48848,27.579432,4.4459195,-1.0754411,-6.2809806,1.6849068,-1.8626864,1.3046619,8.937436,10.835379,-9.739147,-2.6403208,-2.6752408,-3.3440962,-7.138918,13.04894,-11.794777,2.9172683
94,0.09690948575735092,1.3142023086547852,68.0705337524414,0.6389485906654142,0.7279227073674931,-90.3812475636618,2.5549347,0.45680153,1.4870604,-69.335396,29.58887,-23.825348,-15.07733,-0.4742217,-1.3581412,0.50690156,71.867195,17.500015,27.58487,4.4420414,-1.0733473,-6.29252,1.6734546,-1.8628497,1.2995656,8.946153,10.834412,-9.728615,-2.6370037,-2.6990507,-3.3515756,-7.128175,13.084599,-11.798193,2.9163854
95,0.0972730815410614,1.3270184993743896,68.07079315185547,0.6453088087806746,0.7210747717600829,-90.37724657087493,2.5267544,1.0104643,1.4974258,-69.327644,29.561855,-23.84299,-15.06155,-0.48051345,-1.3551793,0.49855778,71.85434,17.518173,27.589878,4.428596,-1.0744147,-6.3016706,1.6620916,-1.8660723,1.2910286,8.95348,10.83373,-9.717523,-2.6321619,-2.7283154,-3.362858,-7.11865,13.124966,-11.802471,2.917025
96,0.09490977972745895,1.3377915620803833,68.07157135009766,0.6502205934158979,0.7188859729072751,-90.37342703060533,2.4930081,1.5664008,1.5211655,-69.31447,29.51429,-23.89184,-15.013799,-0.4835517,-1.3513303,0.48339605,71.83008,17.56135,27.594467,4.3947973,-1.0810175,-6.304113,1.6583811,-1.8746088,1.2865258,8.953123,10.8325405,-9.705319,-2.630936,-2.7528882,-3.3691604,-7.117409,13.153541,-11.804332,2.9148247
97,0.09372567385435104,1.3485450744628906,68.07307434082031,0.6560337291248566,0.7211037295338306,-90.37005988720857,2.4480915,2.1250813,1.5321048,-69.30907,29.497772,-23.927492,-14.970348,-0.50717276,-1.3307756,0.477209,71.81869,17.583744,27.611193,4.392267,-1.1041676,-6.3108125,1.6667808,-1.8922735,1.2792987,8.941161,10.830709,-9.688789,-2.6288848,-2.7765894,-3.3781965,-7.12797,13.176521,-11.804993,2.9145155
98,0.09280548989772797,1.35805344581604,68.07521057128906,0.6628935815098312,0.726657244721221,-90.36644934702026,2.3959582,2.6901722,1.5454136,-69.30282,29.48099,-23.970427,-14.914184,-0.5405298,-1.3053069,0.4701291,71.803314,17.613317,27.63235,4.384792,-1.1378744,-6.3160653,1.6824889,-1.9146472,1.2700951,8.921714,10.82988,-9.672479,-2.6269116,-2.7978854,-3.3889694,-7.14641,13.192802,-11.804173,2.9151895
99,0.09163065999746323,1.3683263063430786,68.07734680175781,0.6695791488288451,0.7366687259908139,-90.36197774883804,2.3430402,3.2597928,1.5627288,-69.295074,29.46262,-24.02426,-14.848761,-0.5699148,-1.2787876,0.46154776,71.7823,17.657085,27.657515,4.3722253,-1.1701611,-6.3191304,1.6988822,-1.941935,1.2607839,8.900695,10.830167,-9.656908,-2.6245992,-2.832725,-3.4006472,-7.1658225,13.2241125,-11.809193,2.9156492
100,0.09056597203016281,1.381414771080017,68.08050537109375,0.675658471788211,0.752340062006575,-90.35604116584791,2.296251,3.8283498,1.5778735,-69.28849,29.44813,-24.07872,-14.781953,-0.5881527,-1.2555337,0.45453498,71.763374,17.706543,27.687567,4.370498,-1.189931,-6.3195,1.7093226,-1.977786,1.2519013,8.884116,10.829251,-9.636869,-2.6203847,-2.878154,-3.4117036,-7.1802864,13.253885,-11.80804,2.915631
101,0.09217184782028198,1.393347978591919,68.0842056274414,0.6786910587125349,0.7740374937187744,-90.34837311406508,2.2568147,4.393707,1.5856727,-69.285446,29.443226,-24.124897,-14.704372,-0.59164125,-1.2407937,0.4511879,71.75331,17.740784,27.724072,4.405731,-1.1904378,-6.312103,1.7112479,-2.0206852,1.2442483,8.874034,10.828485,-9.615675,-2.6123083,-2.9267364,-3.42123,-7.1881495,13.274485,-11.800807,2.9176974
102,0.09341173619031906,1.4041497707366943,68.0890121459961,0.6811829729495331,0.8011655672466371,-90.33964189025464,2.2237992,4.9661436,1.6196741,-69.27321,29.421967,-24.209204,-14.603859,-0.5767604,-1.2294903,0.4369201,71.71027,17.871672,27.76723,4.357009,-1.1812166,-6.309392,1.708746,-2.0670063,1.2373137,8.867181,10.827949,-9.596302,-2.603453,-2.9753985,-3.4288888,-7.1929455,13.283464,-11.787617,2.9192548
103,0.09124626964330673,1.4151911735534668,68.093994140625,0.6825565629760351,0.8332239909888772,-90.32972424342671,2.1960351,5.5354967,1.6450331,-69.26366,29.407942,-24.281452,-14.521859,-0.5657277,-1.2158278,0.42671356,71.68042,17.967636,27.810911,4.358251,-1.1678089,-6.300044,1.704223,-2.1181624,1.234791,8.861205,10.826358,-9.575395,-2.5979106,-3.0353057,-3.4323437,-7.196537,13.300826,-11.777023,2.9168339
104,0.08889706432819366,1.4273713827133179,68.09960174560547,0.6851340621986004,0.8696352652416746,-90.31859715972311,2.1741471,6.1034184,1.6777723,-69.24892,29.382708,-24.359037,-14.475878,-0.56633687,-1.1937956,0.41309077,71.64348,18.089325,27.852242,4.3452396,-1.1603984,-6.2942324,1.7004058,-2.1786711,1.2310926,8.853989,10.826429,-9.551404,-2.5927532,-3.1045382,-3.437815,-7.201075,13.324688,-11.767793,2.9143357
105,0.08696606010198593,1.4397099018096924,68.10601806640625,0.6883704526807403,0.9109682666237413,-90.30733716485663,2.157659,6.676687,1.7047539,-69.23328,29.35175,-24.420164,-14.499921,-0.59314436,-1.1619387,0.40105367,71.61336,18.198109,27.890188,4.3609285,-1.157583,-6.288724,1.6989005,-2.2444594,1.2257569,8.845615,10.825078,-9.526035,-2.588188,-3.1797874,-3.4448278,-7.2070036,13.348617,-11.757274,2.912121
106,0.08581320941448212,1.4549847841262817,68.1133804321289,0.6918072960390419,0.9572410684108156,-90.29574394956337,2.1462653,7.2521853,1.7533498,-69.20211,29.297405,-24.50737,-14.563413,-0.6272259,-1.1270084,0.37776887,71.56259,18.371832,27.92393,4.325693,-1.1565567,-6.2893443,1.6981953,-2.3195136,1.2191235,8.836984,10.823237,-9.496176,-2.5828168,-3.2643452,-3.4532218,-7.213049,13.373929,-11.743593,2.9102137
107,0.08283529430627823,1.4695402383804321,68.12060546875,0.6951409606185173,1.0073181436102308,-90.28163842233774,2.1391737,7.817921,1.7932844,-69.17484,29.249308,-24.584053,-14.626905,-0.66243297,-1.0860342,0.3581558,71.523254,18.515917,27.956425,4.3302093,-1.1607978,-6.287875,1.6955997,-2.3981643,1.2140031,8.827502,10.821684,-9.466715,-2.5793626,-3.3605044,-3.460986,-7.2193456,13.413155,-11.736213,2.9067132
108,0.08108586072921753,1.4835755825042725,68.12808990478516,0.6991628972588658,1.0600055613431996,-90.26310276403018,2.136561,8.361463,1.8223127,-69.15459,29.210659,-24.654537,-14.637235,-0.6814278,-1.0411358,0.3436512,71.49393,18.636524,27.989819,4.3616576,-1.1750478,-6.2869143,1.6886334,-2.4807274,1.2063657,8.816864,10.820332,-9.436557,-2.5738351,-3.4588213,-3.4714246,-7.226244,13.451783,-11.728547,2.9054484
109,0.07631060481071472,1.5015568733215332,68.13571166992188,0.7022887832164206,1.112044314129084,-90.23883310964786,2.1449857,8.870974,1.8611565,-69.129456,29.167044,-24.754002,-14.555319,-0.6645424,-0.9945126,0.32407692,71.45461,18.78599,28.018055,4.3693314,-1.204817,-6.290501,1.6757869,-2.5661206,1.201994,8.804166,10.818862,-9.402755,-2.570099,-3.5612938,-3.4783518,-7.234166,13.490983,-11.717283,2.901357
110,0.07115954160690308,1.5191283226013184,68.14388275146484,0.7051093929008653,1.165170729056313,-90.21012287825215,2.1629283,9.357225,1.9032216,-69.104515,29.124134,-24.86608,-14.419135,-0.62735224,-0.94227386,0.30325824,71.413795,18.935516,28.042898,4.3835745,-1.2458328,-6.292745,1.6584371,-2.6542177,1.1980321,8.79014,10.818712,-9.368856,-2.566404,-3.6578004,-3.4840722,-7.2431984,13.517219,-11.700322,2.8974955
111,0.06691867858171463,1.5365467071533203,68.15314483642578,0.7080326285010888,1.2251333946041847,-90.17937180777302,2.1787224,9.835049,1.9584835,-69.07372,29.071735,-24.996796,-14.270555,-0.5848619,-0.88799447,0.2758802,71.362274,19.10208,28.068148,4.380552,-1.2893082,-6.295225,1.6398121,-2.7485695,1.1922406,8.775556,10.817405,-9.334633,-2.5611916,-3.759064,-3.4909012,-7.252973,13.537022,-11.678861,2.8947144
112,0.06002415344119072,1.5553340911865234,68.16366577148438,0.7125042455038195,1.2978333420691541,-90.14825537723065,2.1795602,10.319173,1.9827726,-69.05909,29.040764,-25.072815,-14.171394,-0.5726083,-0.8312642,0.2631349,71.3364,19.193274,28.109089,4.452153,-1.3282908,-6.2966986,1.622305,-2.8618586,1.1872619,8.7609005,10.815922,-9.293515,-2.5573223,-3.888666,-3.4987786,-7.262379,13.578698,-11.6636915,2.8889296
113,0.05502226948738098,1.5732887983322144,68.17558288574219,0.7164623741975811,1.3853463219137834,-90.11867433257261,2.158939,10.822398,2.0217597,-69.03488,28.97751,-25.165009,-14.109305,-0.5736182,-0.7845572,0.23997346,71.285805,19.345343,28.159538,4.4353223,-1.3573266,-6.311193,1.6062714,-2.9911976,1.1806538,8.748515,10.813673,-9.250434,-2.5512094,-4.0393715,-3.5087895,-7.269975,13.627017,-11.648496,2.88424
114,0.0506843626499176,1.5907198190689087,68.1885757446289,0.7212152133790256,1.4844688264034898,-90.08915333520655,2.1237073,11.334238,2.0748994,-69.00289,28.901186,-25.26513,-14.073674,-0.58708566,-0.7396085,0.20638384,71.21297,19.510174,28.215483,4.3926663,-1.3801732,-6.3188,1.5903646,-3.1339624,1.1722031,8.73749,10.81164,-9.205731,-2.543761,-4.2099934,-3.5215917,-7.276183,13.687424,-11.636825,2.88005
115,0.04870414733886719,1.606646180152893,68.20243072509766,0.7248939933803117,1.5928123125605533,-90.05758037567205,2.0823882,11.8337,2.120434,-68.97405,28.833492,-25.35595,-14.04938,-0.6083926,-0.69120085,0.17609167,71.149086,19.657257,28.279766,4.38222,-1.4062314,-6.3254976,1.5756298,-3.287163,1.1620307,8.72371,10.810019,-9.160637,-2.5336266,-4.3863297,-3.535812,-7.285472,13.741625,-11.621986,2.8782873
116,0.04687310382723808,1.6209427118301392,68.21727752685547,0.7297586248249507,1.7080419648694645,-90.0220884955292,2.044526,12.300242,2.1715825,-68.939606,28.766422,-25.465372,-14.007512,-0.6229654,-0.64038974,0.13964546,71.079094,19.833082,28.348618,4.383178,-1.4439465,-6.3297462,1.5633932,-3.4486978,1.1494598,8.703215,10.807546,-9.113545,-2.5223043,-4.5645795,-3.5521765,-7.3015523,13.789541,-11.605385,2.877728
117,0.04178318381309509,1.6373909711837769,68.2329330444336,0.7339185224987195,1.8297130625963423,-89.98360919215521,2.017749,12.728311,2.2028415,-68.9148,28.722862,-25.560764,-13.949986,-0.63704777,-0.579132,0.1148738,71.036575,19.982128,28.431486,4.4755216,-1.5020477,-6.3390484,1.5567769,-3.6229222,1.1400411,8.672892,10.805748,-9.060635,-2.5129297,-4.750309,-3.5653324,-7.3269033,13.836608,-11.5868635,2.8739119
118,0.035370782017707825,1.6591660976409912,68.24943542480469,0.7373553224326598,1.9589222194679086,-89.94291459250672,1.9963865,13.12863,2.2585514,-68.86878,28.666142,-25.7019,-13.876536,-0.6399423,-0.520111,0.06608575,70.965866,20.219992,28.511559,4.5211816,-1.5715743,-6.351643,1.5545807,-3.8133738,1.1317803,8.635387,10.804326,-8.999439,-2.503141,-4.954511,-3.5780656,-7.3585525,13.892726,-11.566249,2.868309
119,0.029247883707284927,1.6791943311691284,68.2669906616211,0.7396737210131814,2.0960649615949265,-89.8974408432833,1.9690032,13.506842,2.3177352,-68.819305,28.614912,-25.852991,-13.804173,-0.6418792,-0.45997238,0.010910196,70.90006,20.455263,28.585953,4.580965,-1.6404867,-6.355177,1.5501986,-4.011637,1.1236638,8.595517,10.801553,-8.937331,-2.4928424,-5.1582785,-3.5895307,-7.3933105,13.934478,-11.539593,2.8632429
120,0.023339346051216125,1.6999162435531616,68.28524017333984,0.7436829770506764,2.241641869123729,-89.84482832093566,1.9240104,13.8680935,2.3679395,-68.77609,28.56513,-25.991478,-13.7340555,-0.6478642,-0.40592468,-0.040064707,70.84336,20.671885,28.65686,4.6384954,-1.6994336,-6.348029,1.5375241,-4.221859,1.1129476,8.557855,10.799318,-8.872733,-2.4812243,-5.3813257,-3.605001,-7.425669,13.990665,-11.516542,2.8591814
121,0.016216270625591278,1.7214312553405762,68.30361938476562,0.7472438794886277,2.3941849850017762,-89.78139361268751,1.8525931,14.208613,2.4129066,-68.73705,28.511578,-26.123014,-13.6645775,-0.65703946,-0.36518025,-0.09015143,70.78594,20.884333,28.717789,4.6600394,-1.7414707,-6.3189564,1.5123063,-4.441135,1.1033924,8.523184,10.797598,-8.807083,-2.4701886,-5.6203103,-3.6202285,-7.4555755,14.057367,-11.495467,2.8543985
122,0.007633806671947241,1.7445266246795654,68.32310485839844,0.75162925115754,2.5539244450064063,-89.70944457987123,1.762762,14.528746,2.4576712,-68.69804,28.454197,-26.257057,-13.593069,-0.666782,-0.3334644,-0.14413789,70.72296,21.10868,28.771715,4.649053,-1.773396,-6.27271,1.4787761,-4.670433,1.0937017,8.489276,10.795841,-8.738946,-2.4594643,-5.869462,-3.635513,-7.4852705,14.123058,-11.470706,2.8486388
123,-0.0007579103112220764,1.7705258131027222,68.3439712524414,0.7561056818939934,2.7239717401185968,-89.63569218460826,1.6674019,14.831132,2.5107028,-68.65301,28.38934,-26.404257,-13.518913,-0.6734026,-0.3015391,-0.21198824,70.6466,21.363361,28.822235,4.6127467,-1.8040313,-6.225371,1.4432904,-4.9163485,1.0836048,8.455643,10.794019,-8.664577,-2.447572,-6.13505,-3.6514502,-7.5141244,14.189688,-11.440828,2.8425817
124,-0.007843982428312302,1.7953343391418457,68.36557006835938,0.7598080274358032,2.90707631519573,-89.56655302181555,1.579171,15.118884,2.5599117,-68.610405,28.325525,-26.54464,-13.444773,-0.6808229,-0.2564912,-0.27928895,70.57587,21.612343,28.888485,4.612811,-1.8450607,-6.1968527,1.4119033,-5.177897,1.0733553,8.421904,10.792312,-8.587513,-2.434533,-6.4215336,-3.6684027,-7.5415454,14.267189,-11.4138565,2.8369718
125,-0.01626906543970108,1.8152869939804077,68.3883285522461,0.7627697897482011,3.104001062717947,-89.50453993870262,1.4997339,15.398713,2.6007748,-68.5724,28.266745,-26.669577,-13.3731575,-0.69060177,-0.19291398,-0.34004563,70.512505,21.850607,28.979214,4.665392,-1.9050978,-6.200887,1.3876636,-5.449733,1.0652943,8.386937,10.788925,-8.511482,-2.4237072,-6.7182946,-3.6823418,-7.5688267,14.34148,-11.387474,2.8290334
126,-0.02284720540046692,1.8368198871612549,68.41228485107422,0.7650883369681799,3.313262775680821,-89.44611600197887,1.4227983,15.665747,2.6480498,-68.527626,28.202179,-26.803492,-13.301026,-0.69690716,-0.12122921,-0.4146629,70.43762,22.12574,29.07504,4.7071767,-1.9740508,-6.222559,1.3670303,-5.73765,1.0558499,8.351413,10.786968,-8.433166,-2.410594,-7.0336523,-3.6977057,-7.5952325,14.418751,-11.35765,2.8219368
127,-0.0292598158121109,1.8644746541976929,68.43737030029297,0.7672160930212881,3.534615075404604,-89.3885503634236,1.3492389,15.911405,2.705248,-68.47467,28.130213,-26.955507,-13.226203,-0.69794154,-0.047054045,-0.5091028,70.353096,22.428883,29.16627,4.7360682,-2.0402384,-6.2433968,1.346035,-6.04751,1.0464743,8.317182,10.783957,-8.343872,-2.3959758,-7.3783712,-3.7141798,-7.6191354,14.510111,-11.324707,2.8138132
128,-0.03776312619447708,1.897303819656372,68.46344757080078,0.7686701149285785,3.767915838086598,-89.32928326683302,1.2797765,16.123392,2.7615812,-68.422134,28.053303,-27.113525,-13.14391,-0.6966444,0.02434859,-0.60919994,70.27697,22.721832,29.257673,4.77841,-2.0951643,-6.2503996,1.3207814,-6.376241,1.0399725,8.286086,10.779979,-8.246396,-2.382428,-7.750782,-3.7285292,-7.639755,14.613357,-11.288345,2.8024836
129,-0.047436099499464035,1.9315775632858276,68.4903564453125,0.7694629285855978,4.011766496375305,-89.26825789925412,1.2172632,16.303406,2.8181167,-68.36871,27.96591,-27.28078,-13.049182,-0.6900035,0.08855038,-0.71938705,70.208916,23.014975,29.34104,4.827276,-2.1270306,-6.2370625,1.289395,-6.7192364,1.0361292,8.260253,10.776309,-8.145154,-2.3699424,-8.139068,-3.7402904,-7.656083,14.716212,-11.2466545,2.7892826
130,-0.058523982763290405,1.964848518371582,68.5180892944336,0.7697265735793811,4.266698678913096,-89.20642926028547,1.1601268,16.453646,2.8756003,-68.31377,27.870068,-27.456219,-12.945149,-0.6789059,0.15003909,-0.84175444,70.14713,23.312391,29.416954,4.8845124,-2.1437492,-6.213139,1.2541474,-7.0741844,1.0349126,8.23799,10.773085,-8.043087,-2.359066,-8.539285,-3.7490735,-7.669507,14.815463,-11.200895,2.774123
131,-0.06882169097661972,1.9987642765045166,68.54669952392578,0.7698709749076518,4.535542837429161,-89.14330809698914,1.1034913,16.575302,2.9339259,-68.25697,27.770887,-27.638435,-12.837417,-0.667238,0.2117626,-0.9763055,70.08851,23.614998,29.493465,4.938848,-2.1641304,-6.1869965,1.2176118,-7.4479094,1.0332181,8.216159,10.769475,-7.935958,-2.3467472,-8.960394,-3.75895,-7.682283,14.919953,-11.153319,2.7593236
132,-0.08034971356391907,2.029179096221924,68.57683563232422,0.7704748587462661,4.821022158855781,-89.07846186564566,1.0421846,16.66332,2.992357,-68.198364,27.674482,-27.825792,-12.732188,-0.65884423,0.27704296,-1.1217785,70.028076,23.922533,29.580988,4.980364,-2.2075257,-6.1673174,1.1823753,-7.8398557,1.0320035,8.191444,10.765739,-7.827228,-2.3351965,-9.394324,-3.7679749,-7.6980677,15.018126,-11.103352,2.7432575
133,-0.09460335224866867,2.068361759185791,68.6076431274414,0.7714606810485671,5.120701964404073,-89.01096584174063,0.975247,16.712152,3.0508018,-68.13748,27.583652,-28.013996,-12.634119,-0.65698534,0.34907928,-1.2756065,69.96289,24.234568,29.683096,5.001184,-2.2873917,-6.1523275,1.1495371,-8.257495,1.0318556,8.161548,10.7610235,-7.706269,-2.3233695,-9.868495,-3.7777314,-7.717135,15.142991,-11.054234,2.7232788
134,-0.10386952012777328,2.106736898422241,68.63815307617188,0.7736312633083607,5.434252037973278,-88.94138096656194,0.9052933,16.724777,3.1093204,-68.0748,27.495724,-28.20526,-12.540083,-0.6588263,0.42493638,-1.4367292,69.893585,24.55207,29.7981,5.0062537,-2.3914204,-6.138071,1.1176916,-8.693925,1.0251092,8.1292925,10.758547,-7.5836406,-2.3053513,-10.374023,-3.797051,-7.7371182,15.297021,-11.015815,2.7088447
135,-0.11177023500204086,2.1457250118255615,68.66802215576172,0.7776456848305872,5.767326664731485,-88.87147495343595,0.83303577,16.71516,3.1665282,-68.01084,27.409184,-28.406284,-12.444373,-0.65962994,0.49920762,-1.6071157,69.818634,24.875834,29.92831,5.007978,-2.500807,-6.1305223,1.0857906,-9.155172,1.014723,8.097629,10.755924,-7.455916,-2.2851093,-10.931837,-3.8241613,-7.754302,15.502106,-10.995286,2.69579
136,-0.123124860227108,2.1796021461486816,68.69839477539062,0.7828975081211738,6.125544948114828,-88.80305821194837,0.75893235,16.69831,3.220088,-67.94575,27.322935,-28.62269,-12.341526,-0.65485114,0.5669246,-1.7900743,69.73876,25.207985,30.074171,5.0159135,-2.5952263,-6.134009,1.0526474,-9.640856,1.0069108,8.069372,10.753337,-7.3283195,-2.26939,-11.530781,-3.8505423,-7.7672567,15.734347,-10.986509,2.678942
137,-0.13579025864601135,2.2133469581604004,68.7287826538086,0.7892734777296587,6.508830136606713,-88.73827440462478,0.67938644,16.689278,3.269417,-67.881226,27.234169,-28.85623,-12.225238,-0.63981885,0.61916566,-1.9871862,69.653336,25.55098,30.233067,5.0277996,-2.6647043,-6.158855,1.0205995,-10.157059,0.99967104,8.0449505,10.750283,-7.1945357,-2.2558668,-12.181478,-3.8793244,-7.775313,16.00373,-10.988419,2.6599224
138,-0.1463015079498291,2.2427597045898438,68.75949096679688,0.7965183593264462,6.914674092770507,-88.67575852713551,0.59524065,16.676916,3.3144188,-67.81753,27.14419,-29.101704,-12.099201,-0.6185827,0.6613933,-2.1986444,69.56315,25.905212,30.40362,5.038437,-2.720801,-6.1989827,0.98948157,-10.696058,0.9896934,8.023173,10.748408,-7.0619597,-2.2412934,-12.864177,-3.912152,-7.7804155,16.28787,-10.995402,2.6429205
139,-0.1591491848230362,2.2731106281280518,68.79029846191406,0.8056209066962728,7.345164584845726,-88.61162682476595,0.51409805,16.634512,3.3529532,-67.752464,27.059988,-29.355085,-11.974898,-0.5987877,0.70867735,-2.4266565,69.46998,26.266977,30.586206,5.057757,-2.776691,-6.2359924,0.9543209,-11.267275,0.98077315,8.003931,10.745908,-6.920871,-2.2278948,-13.594944,-3.946157,-7.78076,16.601099,-11.008512,2.6229575
140,-0.17123283445835114,2.308898687362671,68.82135009765625,0.8172701280580246,7.802517100020839,-88.54219055919692,0.4436276,16.534786,3.3812323,-67.6831,26.990356,-29.60949,-11.865688,-0.58967865,0.7756261,-2.6746964,69.37614,26.633043,30.77935,5.095633,-2.8452582,-6.2512517,0.9103614,-11.876386,0.96898395,7.9877615,10.745723,-6.771275,-2.2103992,-14.38372,-3.9852338,-7.774121,16.946411,-11.022703,2.6030989
141,-0.1898047775030136,2.3379065990448,68.85189819335938,0.8318056997976753,8.2907970888798,-88.46583213258224,0.38837343,16.349932,3.3956902,-67.60623,26.945309,-29.866663,-11.781418,-0.5955935,0.8734951,-2.947104,69.28578,27.00318,30.982603,5.164265,-2.9368331,-6.2309685,0.8546619,-12.518763,0.96285576,7.9746356,10.748698,-6.6213284,-2.1976988,-15.222949,-4.020584,-7.760486,17.323647,-11.050506,2.576719
142,-0.20536398887634277,2.3608593940734863,68.88166046142578,0.8491416790378126,8.807543778013907,-88.38476813836962,0.34288505,16.10257,3.3956244,-67.52253,26.922688,-30.126034,-11.717755,-0.61162776,0.9908876,-3.245778,69.198845,27.380453,31.190546,5.256146,-3.0415647,-6.18852,0.7905243,-13.191437,0.95281285,7.9649734,10.756604,-6.4747405,-2.1808283,-16.106129,-4.0616474,-7.740068,17.725729,-11.08749,2.553827
143,-0.22133421897888184,2.395570755004883,68.90990447998047,0.8694038483504596,9.345604432740368,-88.30055112399573,0.2998704,15.836237,3.383374,-67.4361,26.909506,-30.381859,-11.662914,-0.6295309,1.1097339,-3.5677319,69.114296,27.762716,31.396473,5.3525453,-3.1408374,-6.1442747,0.7225259,-13.9094,0.9420397,7.956808,10.776422,-6.3163834,-2.1610434,-17.051868,-4.1074715,-7.7148666,18.169905,-11.125531,2.5292912
144,-0.23829923570156097,2.4204485416412354,68.933837890625,0.8905948147573909,9.897543837336768,-88.21458918935842,0.25293216,15.599507,3.362928,-67.350815,26.89018,-30.629889,-11.601988,-0.64063704,1.213366,-3.9073086,69.0292,28.147146,31.598505,5.4340606,-3.2168522,-6.1185184,0.654437,-14.654604,0.9359684,7.9484367,10.832518,-6.1809483,-2.144341,-18.027761,-4.155002,-7.6896305,18.657175,-11.19039,2.5047405
145,-0.2502925395965576,2.440467357635498,68.94804382324219,0.9116266583148072,10.464281691639469,-88.12741393212944,0.20186831,15.414607,3.3355863,-67.2679,26.861313,-30.86829,-11.533272,-0.64251965,1.2973243,-4.259733,68.94217,28.531313,31.802643,5.497594,-3.2603488,-6.1194572,0.58571595,-15.448794,0.9324894,7.9416876,10.956341,-6.079898,-2.12472,-19.085634,-4.215741,-7.659579,19.27195,-11.314732,2.486184
146,-0.2665228843688965,2.469545602798462,68.95294952392578,0.933926993871732,11.048848050018293,-88.03789110902149,0.14995304,15.253085,3.301935,-67.186005,26.826448,-31.103226,-11.459815,-0.63807356,1.3714402,-4.624153,68.85226,28.916027,32.015385,5.551591,-3.283863,-6.135263,0.5140513,-16.28252,0.93527704,7.936783,11.095507,-5.9723325,-2.1079855,-20.244997,-4.2811947,-7.6230884,20.01481,-11.484063,2.462342
147,-0.28024157881736755,2.4892098903656006,68.95176696777344,0.9584178618382521,11.646696109461208,-87.94563329392294,0.0960984,15.08548,3.2646246,-67.10574,26.782486,-31.33746,-11.375748,-0.6315365,1.439634,-4.999281,68.75984,29.297173,32.235264,5.6005197,-3.3014262,-6.153919,0.4415189,-17.407923,0.97614187,7.9262815,11.762476,-6.1118336,-2.091213,-21.433996,-4.352758,-7.5844917,20.799587,-11.678478,2.442327
148,-0.2921202778816223,2.5144999027252197,68.94696044921875,0.9858854834583091,12.253473479169537,-87.8501375376402,0.039178606,14.882495,3.2276402,-67.027855,26.723673,-31.575918,-11.27297,-0.6257303,1.5064077,-5.384243,68.66556,29.674343,32.46123,5.644626,-3.3275063,-6.1633873,0.3702834,-18.918245,1.0650394,7.904524,13.110694,-6.553434,-2.0720382,-22.64467,-4.4291162,-7.545434,21.592434,-11.867779,2.4238806
149,-0.3068757653236389,2.54179310798645,68.9397964477539,1.0179492629450249,12.868727877198157,-87.75132927224062,-0.018503133,14.641624,3.1930103,-66.953545,26.643805,-31.817099,-11.148501,-0.62379414,1.5685947,-5.7785816,68.571396,30.045792,32.691784,5.679276,-3.363629,-6.1593857,0.30310756,-20.360935,1.1388088,7.8765645,14.304585,-6.9176245,-2.0527656,-23.863186,-4.5068607,-7.5096745,22.376747,-12.0491,2.4026508
150,-0.32001352310180664,2.5722808837890625,68.93031311035156,1.0540204828369244,13.49458441268689,-87.64955187376368,-0.07704145,14.377556,3.1611013,-66.88284,26.544188,-32.061813,-11.004098,-0.6230957,1.6256411,-6.182427,68.47712,30.412455,32.92792,5.7066627,-3.4029567,-6.1494026,0.23833813,-21.767086,1.1981491,7.845365,15.396146,-7.2278647,-2.0293038,-25.09321,-4.589421,-7.4748006,23.15113,-12.2191725,2.3830776
151,-0.33014291524887085,2.6084470748901367,68.91851806640625,1.0927217321829343,14.130404800711606,-87.5445125114867,-0.14129734,14.084581,3.1337347,-66.81326,26.43317,-32.320137,-10.8418,-0.6175358,1.6862041,-6.5952415,68.38236,30.777445,33.173466,5.737009,-3.44682,-6.1372843,0.17165577,-23.153584,1.2472855,7.8145914,16.415117,-7.4963856,-2.0008178,-26.33466,-4.6742535,-7.436631,23.9102,-12.372507,2.365968
152,-0.3426828980445862,2.634704113006592,68.90567779541016,1.132117396540412,14.77557950235899,-87.435975011912,-0.21633497,13.756713,3.113742,-66.74092,26.319818,-32.604,-10.664841,-0.6004584,1.7588041,-7.0158105,68.28684,31.1407,33.432068,5.7838755,-3.4963706,-6.1265936,0.09859777,-24.499567,1.2963014,7.786603,17.35515,-7.736074,-1.9767185,-27.557068,-4.7483673,-7.395001,24.627583,-12.513872,2.3463936
153,-0.3571048378944397,2.6604552268981934,68.89115142822266,1.1720762610176394,15.431707977791044,-87.32195457001274,-0.30347592,13.381953,3.1033466,-66.66371,26.200611,-32.9192,-10.468591,-0.56193995,1.8442261,-7.442723,68.190544,31.498892,33.70651,5.851621,-3.555245,-6.1183887,0.015549558,-25.835167,1.348897,7.762857,18.250954,-7.953025,-1.9549159,-28.778864,-4.8112764,-7.3469243,25.31436,-12.637785,2.3238957
154,-0.3692091107368469,2.6879892349243164,68.8749008178711,1.2138921728753755,16.098500220532042,-87.20304880959901,-0.40011674,12.965822,3.1033754,-66.58156,26.072685,-33.263496,-10.254531,-0.5069868,1.9381905,-7.8758626,68.0953,31.853071,33.994507,5.931991,-3.620342,-6.110245,-0.074358694,-27.162943,1.398385,7.741984,19.103212,-8.145977,-1.9301778,-30.005081,-4.870423,-7.2934427,25.976988,-12.744438,2.3031006
155,-0.3833285868167877,2.722151517868042,68.85668182373047,1.2579456480805677,16.772651678513277,-87.08253326163982,-0.50529426,12.536004,3.1145637,-66.493515,25.946148,-33.6353,-10.035615,-0.45132095,2.041183,-8.31622,67.99939,32.209675,34.2966,6.023396,-3.6874418,-6.101429,-0.16569361,-28.485054,1.4470624,7.7203007,19.913258,-8.310097,-1.9063488,-31.238302,-4.924193,-7.2384853,26.619658,-12.832347,2.2788656
156,-0.4004017412662506,2.7593727111816406,68.83649444580078,1.304382632598364,17.45077649821184,-86.96370124066956,-0.61810744,12.1202135,3.137324,-66.39826,25.832703,-34.033142,-9.826255,-0.41111466,2.1539428,-8.766722,67.9005,32.581882,34.610455,6.115546,-3.7495697,-6.0917015,-0.2529707,-29.791811,1.4933534,7.6947703,20.67741,-8.447766,-1.8852587,-32.47159,-4.974447,-7.1856847,27.245945,-12.908332,2.2505825
157,-0.413401335477829,2.7888565063476562,68.814697265625,1.35333599407031,18.131920844018747,-86.84721333158205,-0.7381372,11.719795,3.1721392,-66.29371,25.74438,-34.460293,-9.6295395,-0.39301762,2.2788746,-9.228687,67.79905,32.977314,34.93724,6.207054,-3.8032699,-6.0797987,-0.33546567,-31.069672,1.5295427,7.6658344,21.394083,-8.570635,-1.8617707,-33.688454,-5.0283813,-7.1341147,27.84918,-12.980124,2.2268763
158,-0.42805156111717224,2.8185970783233643,68.7907943725586,1.404461626995538,18.81771323181272,-86.73111332661102,-0.86643857,11.319963,3.2190993,-66.17952,25.67422,-34.917675,-9.441001,-0.38762584,2.4145489,-9.702639,67.69661,33.391636,35.275284,6.2988176,-3.85159,-6.0661874,-0.41608378,-32.33766,1.56377,7.6337256,22.079218,-8.676573,-1.8402591,-34.904724,-5.0791907,-7.0831614,28.438272,-13.043488,2.2006874
159,-0.44150272011756897,2.8439278602600098,68.76494598388672,1.4580611213048127,19.509439007444715,-86.6142561202873,-1.0041865,10.931875,3.27804,-66.058205,25.602957,-35.39847,-9.260355,-0.38667205,2.5560734,-10.190391,67.59273,33.81431,35.618958,6.3914924,-3.8978496,-6.0519176,-0.49465957,-33.593517,1.5932058,7.600094,22.734182,-8.77121,-1.8182392,-36.1151,-5.1303086,-7.0335326,29.010324,-13.101725,2.1760337
160,-0.4509126842021942,2.8666093349456787,68.73692321777344,1.5141469089294728,20.208391276719265,-86.49585989276862,-1.1520786,10.565615,3.3486807,-65.93372,25.51008,-35.894913,-9.085747,-0.3823115,2.6989725,-10.693861,67.486206,34.235054,35.9616,6.486498,-3.9454038,-6.0377936,-0.57098657,-34.84605,1.6159058,7.5668774,23.368814,-8.857557,-1.7921946,-37.325314,-5.185539,-6.9848943,29.569817,-13.154571,2.1561966
161,-0.4581964910030365,2.8884224891662598,68.70657348632812,1.5733997793651828,20.91652090014443,-86.37339041753593,-1.3128996,10.23254,3.4306433,-65.80672,25.387478,-36.409473,-8.915633,-0.37535676,2.8504112,-11.214754,67.37912,34.653492,36.300056,6.581735,-3.9965723,-6.019472,-0.64249235,-36.09869,1.6306374,7.529895,23.979563,-8.931047,-1.7637055,-38.54012,-5.2463307,-6.941138,30.11974,-13.202233,2.1396701
162,-0.4684992730617523,2.9180970191955566,68.67333984375,1.6352835350001738,21.632536736853446,-86.24800281304823,-1.4847568,9.926383,3.5242178,-65.67704,25.244781,-36.94362,-8.748654,-0.369373,3.0099752,-11.753172,67.273834,35.073307,36.635765,6.6807513,-4.048296,-5.997516,-0.710199,-37.36182,1.6438082,7.488683,24.572136,-8.9847555,-1.7368227,-39.77118,-5.306438,-6.9012656,30.665892,-13.238383,2.1193926
163,-0.4788961708545685,2.946788787841797,68.63687133789062,1.6990446436463456,22.352940812038476,-86.12430458783167,-1.6615981,9.621135,3.6297114,-65.54828,25.086004,-37.4874,-8.581238,-0.360704,3.1621487,-12.308509,67.1699,35.49768,36.972466,6.779911,-4.0955553,-5.980397,-0.7789982,-38.62627,1.659083,7.4520116,25.15898,-9.035757,-1.7100593,-41.004856,-5.3629093,-6.8579917,31.204752,-13.269667,2.0982504
164,-0.4894402027130127,2.9719901084899902,68.595458984375,1.7642223773021801,23.07448036847368,-86.00679854025574,-1.8376279,9.292146,3.7471693,-65.42526,24.91434,-38.0294,-8.408064,-0.34625375,3.2918718,-12.878835,67.06598,35.926025,37.314884,6.8794913,-4.1331997,-5.975446,-0.8538504,-39.895912,1.6838415,7.427545,25.763767,-9.099101,-1.68376,-42.24393,-5.4109583,-6.803833,31.749483,-13.303636,2.0753622
165,-0.5030574798583984,2.9963977336883545,68.54854583740234,1.829287920071112,23.79291698535149,-85.89776611698603,-2.007176,8.924862,3.876831,-65.3126,24.727205,-38.57012,-8.202011,-0.31333476,3.3845475,-13.461888,66.96399,36.36107,37.663673,6.975752,-4.1586156,-5.981601,-0.9356537,-41.17206,1.7249062,7.416024,26.394142,-9.176176,-1.6602013,-43.486454,-5.4444017,-6.738611,32.30003,-13.338595,2.0464578
166,-0.5151123404502869,3.0217058658599854,68.49661254882812,1.895469843301848,24.511146534109457,-85.79421240413028,-2.1749957,8.534689,4.017917,-65.209526,24.521732,-39.11174,-7.9704742,-0.26846838,3.4527469,-14.057964,66.86427,36.80192,38.0187,7.0708013,-4.174944,-5.9962554,-1.0219862,-42.45571,1.7735318,7.414433,27.04027,-9.260405,-1.634267,-44.735233,-5.4714766,-6.6645145,32.853813,-13.371142,2.0173593
167,-0.525037944316864,3.046605110168457,68.43794250488281,1.9663801405335948,25.235962053925206,-85.6927981751015,-2.3508596,8.141552,4.168473,-65.11171,24.302687,-39.64626,-7.7625103,-0.236564,3.5219162,-14.668734,66.7638,37.243465,38.384357,7.1679816,-4.18499,-6.023502,-1.112759,-43.760418,1.8258232,7.421283,27.713402,-9.356815,-1.6059103,-46.00771,-5.4981394,-6.5807824,33.43022,-13.409672,1.9904007
168,-0.5349082350730896,3.071428060531616,68.37158203125,2.04533043605198,25.97451576376347,-85.58990087841,-2.544138,7.7654996,4.3260813,-65.013435,24.075834,-40.16547,-7.629412,-0.24272175,3.6171234,-15.296211,66.65756,37.68118,38.76576,7.269205,-4.1918087,-6.067078,-1.2079412,-45.098362,1.880372,7.43422,28.41749,-9.464608,-1.5775702,-47.318035,-5.526366,-6.488272,34.038486,-13.456407,1.9645882
169,-0.5498142242431641,3.0896968841552734,68.29460906982422,2.133411725522616,26.733159913737904,-85.48586760785638,-2.7553241,7.414228,4.4891677,-64.909065,23.844177,-40.67547,-7.5948052,-0.29125962,3.7513897,-15.943069,66.539665,38.117588,39.176453,7.376059,-4.19559,-6.1352935,-1.3100077,-46.485382,1.9464717,7.4531684,29.180267,-9.60117,-1.5561659,-48.680687,-5.5497937,-6.384625,34.70143,-13.526879,1.9352704
170,-0.5630517601966858,3.0948004722595215,68.2083969116211,2.2291154178439534,27.50654306177211,-85.38162148013652,-2.9795527,7.077807,4.658125,-64.79927,23.607985,-41.177933,-7.6338563,-0.36994585,3.9083817,-16.60896,66.41081,38.55529,39.611603,7.483106,-4.194676,-6.222629,-1.4181789,-47.899994,2.0184302,7.4797235,29.987545,-9.768971,-1.5355036,-50.07241,-5.572362,-6.2700253,35.40202,-13.621121,1.9097966
171,-0.5714919567108154,3.098147392272949,68.11418151855469,2.332423643923818,28.284003252763895,-85.2741948038857,-3.21826,6.7437997,4.8337245,-64.68975,23.368578,-41.65699,-7.723299,-0.4793308,4.06972,-17.292074,66.27278,38.996155,40.052177,7.578254,-4.1918216,-6.3151317,-1.5274123,-49.3295,2.0862718,7.510059,30.815306,-9.947157,-1.5094708,-51.48302,-5.602242,-6.1506305,36.12721,-13.724892,1.8905779
172,-0.5881311297416687,3.1037256717681885,68.0147933959961,2.4430467319272675,29.05459297279139,-85.16087566504095,-3.472626,6.3980165,5.016166,-64.58801,23.125494,-42.095825,-7.83685,-0.61984396,4.2177854,-17.985435,66.13805,39.4171,40.473545,7.676173,-4.1870766,-6.393525,-1.632663,-50.74633,2.1550279,7.5350304,31.626068,-10.113414,-1.4901749,-52.89136,-5.630922,-6.0396843,36.859375,-13.831939,1.8629156
173,-0.6001288294792175,3.105651617050171,67.91324615478516,2.5619456397245615,29.8161788683082,-85.04163402695154,-3.7962594,6.0210686,5.206221,-64.49944,22.873434,-42.487453,-7.9734683,-0.8103948,4.3480844,-18.686153,66.012115,39.813667,40.878067,7.7921567,-4.1907477,-6.445208,-1.7311237,-52.130417,2.2076855,7.5598655,32.400017,-10.268214,-1.4655107,-54.27754,-5.6739373,-5.9341936,37.57977,-13.9395685,1.8415681
174,-0.6129857897758484,3.1061642169952393,67.8054428100586,2.6892379554375285,30.57420659314655,-84.91678359680934,-4.169934,5.623118,5.4033537,-64.4231,22.610651,-42.838974,-8.139013,-1.045146,4.470794,-19.397652,65.886185,40.205856,41.277885,7.9062943,-4.200636,-6.4875836,-1.8263067,-53.51085,2.2556078,7.5843353,33.174664,-10.424254,-1.4411457,-55.6681,-5.723929,-5.8308105,38.317432,-14.056714,1.8203505
175,-0.626635730266571,3.1005032062530518,67.69001007080078,2.824225869050115,31.329094578130178,-84.78456114031843,-4.4859104,5.2466784,5.6046324,-64.35598,22.344965,-43.154694,-8.320698,-1.287297,4.590034,-20.114668,65.77184,40.56379,41.65427,8.027449,-4.1941156,-6.5355315,-1.922039,-54.89269,2.3029864,7.607093,33.967278,-10.593551,-1.416854,-57.062008,-5.7775297,-5.7284966,39.078186,-14.190916,1.8000051
176,-0.6387472152709961,3.0944480895996094,67.5650863647461,2.9662025991578407,32.08138355300137,-84.64241832609228,-4.6381035,4.9327946,5.8055534,-64.29419,22.086939,-43.43765,-8.508028,-1.5000958,4.710314,-20.840256,65.66078,40.91516,42.00225,8.103066,-4.1558294,-6.6212754,-2.0226939,-56.293068,2.3519506,7.627311,34.79678,-10.778431,-1.3881775,-58.47005,-5.8335533,-5.625108,39.86809,-14.33813,1.7826947
177,-0.6548560261726379,3.0914082527160645,67.4312973022461,3.112427622256861,32.826652596306154,-84.4907964428047,-4.52955,4.7178793,6.003868,-64.235115,21.835518,-43.68777,-8.693167,-1.6654882,4.829925,-21.593975,65.497185,41.36747,42.358437,8.005768,-4.0883574,-6.7734585,-2.128537,-57.70826,2.409765,7.640256,35.658234,-10.972247,-1.3595986,-59.88485,-5.883473,-5.526086,40.677704,-14.492332,1.7613713
178,-0.6694462895393372,3.0843801498413086,67.28971862792969,3.264566104401474,33.566158110914486,-84.33124740397776,-4.240504,4.5711527,6.1993723,-64.180084,21.589844,-43.901016,-8.887834,-1.8063489,4.9470882,-22.360458,65.327324,41.804577,42.70029,7.8648334,-3.9861696,-6.9415145,-2.23663,-59.12757,2.46791,7.650014,36.543674,-11.180095,-1.3272039,-61.300137,-5.9357753,-5.4281936,41.50648,-14.659821,1.7430246
179,-0.6835080981254578,3.074887275695801,67.138427734375,3.4287957619532046,34.3085074432175,-84.15877137249957,-3.9341235,4.431902,6.3895774,-64.12998,21.362974,-44.075928,-9.108559,-1.9462962,5.0672803,-23.141258,65.149155,42.251297,43.02123,7.678996,-3.8645644,-7.143236,-2.350526,-60.566216,2.5255523,7.6592927,37.45853,-11.401426,-1.2929777,-62.735634,-5.9921203,-5.327171,42.365406,-14.841125,1.7273052
180,-0.6961733102798462,3.058262825012207,66.97502899169922,3.6119878568418877,35.0616371548524,-83.9687250186308,-3.7722096,4.2375684,6.5701685,-64.08619,21.169415,-44.209167,-9.373563,-2.1096501,5.195502,-23.938517,64.960464,42.70921,43.310154,7.467337,-3.7342691,-7.382361,-2.473098,-62.032944,2.5800881,7.6720967,38.41033,-11.643886,-1.2580255,-64.20643,-6.0564246,-5.2172837,43.270214,-15.0453415,1.7166713
181,-0.7108577489852905,3.029343605041504,66.79752349853516,3.8220947696956595,35.83258719267277,-83.75062204142787,-3.8180346,3.9586127,6.7358527,-64.04635,21.020649,-44.29182,-9.724164,-2.31873,5.344148,-24.755997,64.75312,43.172165,43.56341,7.2132273,-3.596131,-7.6723423,-2.606069,-63.535706,2.6286795,7.685267,39.403576,-11.91124,-1.2262012,-65.72355,-6.132564,-5.1004825,44.235043,-15.283441,1.7093695
182,-0.727081298828125,2.994499444961548,66.6073226928711,4.055337472842587,36.6149328016874,-83.50866344225074,-3.977645,3.6320152,6.8848457,-64.01072,20.911438,-44.322643,-10.14214,-2.5569499,5.5059223,-25.593653,64.525856,43.64298,43.78943,6.9085236,-3.4441125,-8.006636,-2.7475152,-65.06731,2.6735265,7.698748,40.42781,-12.193692,-1.1955737,-67.27707,-6.216411,-4.9780717,45.24341,-15.542477,1.7042327
183,-0.7436929941177368,2.952010154724121,66.40814208984375,4.30059248645033,37.397752663659816,-83.26022711791744,-4.1762185,3.2990696,7.0192804,-63.985508,20.828724,-44.310173,-10.553616,-2.7895947,5.6565995,-26.44811,64.28714,44.133686,43.996582,6.5976467,-3.2826028,-8.360061,-2.8947651,-66.60292,2.7259161,7.71746,41.47209,-12.493551,-1.1669378,-68.83489,-6.2938643,-4.8480253,46.264267,-15.812215,1.6999588
184,-0.7633851170539856,2.9087207317352295,66.20381927490234,4.546053393940011,38.170227476547446,-83.02302314292109,-4.339376,3.0004587,7.1436887,-63.97925,20.754826,-44.264816,-10.879699,-2.9807708,5.773445,-27.315132,64.05198,44.65482,44.18985,6.326402,-3.1159832,-8.708152,-3.0452752,-68.123726,2.799908,7.7437963,42.519672,-12.800886,-1.143551,-70.375725,-6.3475966,-4.7108583,47.269215,-16.074467,1.690061
185,-0.7842010855674744,2.864722967147827,65.9953384399414,4.788131718889702,38.933685042643845,-82.80260286301004,-4.4538393,2.7628577,7.2592297,-63.997967,20.677622,-44.18734,-11.084633,-3.1166797,5.8520284,-28.194592,63.82782,45.217255,44.36914,6.102187,-2.9371028,-9.066039,-3.2019765,-69.6303,2.9018495,7.780186,43.572277,-13.118086,-1.1242166,-71.8953,-6.371028,-4.5653143,48.246635,-16.322622,1.6758264
186,-0.8009834289550781,2.816934823989868,65.78111267089844,5.033869872934502,39.69236420720455,-82.58851733807609,-4.556821,2.5596411,7.3657346,-64.04094,20.601736,-44.0736,-11.206677,-3.2168005,5.90499,-29.090437,63.61426,45.810093,44.527546,5.9087105,-2.7466283,-9.441128,-3.3650823,-71.13041,3.0188382,7.8255463,44.6365,-13.449578,-1.102704,-73.40519,-6.3788705,-4.410429,49.214695,-16.567263,1.6652272
187,-0.8221104741096497,2.7606539726257324,65.56254577636719,5.286678818900794,40.43986760301409,-82.37476600225291,-4.6505575,2.3523006,7.46701,-64.104195,20.535603,-43.928432,-11.280369,-3.2945433,5.9353366,-30.01422,63.411144,46.43568,44.65598,5.72716,-2.5637836,-9.802273,-3.528072,-72.60538,3.145511,7.8710303,45.696564,-13.790853,-1.0874386,-74.89278,-6.375216,-4.2548647,50.17877,-16.820564,1.6505622
188,-0.8536480665206909,2.706278085708618,65.341796875,5.549546020902526,41.17040486852979,-82.15674661984576,-4.7365713,2.1026618,7.5696607,-64.18226,20.487137,-43.7603,-11.342515,-3.3629274,5.945882,-30.940048,63.24591,47.003494,44.729347,5.6293936,-2.390253,-10.098403,-3.6831908,-74.0486,3.2729003,7.911027,46.728165,-14.118296,-1.0816791,-76.359344,-6.3664713,-4.104265,51.136272,-17.073418,1.624916
189,-0.8826285600662231,2.6488966941833496,65.12007904052734,5.818363825964355,41.878378677314096,-81.94079148748973,-4.8062677,1.7885252,7.6818204,-64.27411,20.452396,-43.5753,-11.387763,-3.4148731,5.9304075,-31.882544,63.11531,47.559105,44.752754,5.6110115,-2.2505028,-10.318755,-3.8325427,-75.44819,3.3952003,7.954307,47.736946,-14.444947,-1.0729136,-77.788895,-6.3582764,-3.9491823,52.0792,-17.32711,1.602707
190,-0.9073752164840698,2.5951714515686035,64.89694213867188,6.093125290499186,42.568245236204405,-81.72691951742918,-4.8618603,1.4346303,7.8060093,-64.37942,20.425552,-43.377705,-11.402154,-3.4449682,5.889875,-32.838493,63.02584,48.091736,44.7181,5.677138,-2.1282313,-10.4815235,-3.978409,-76.81832,3.5141578,8.003213,48.72657,-14.765184,-1.0583419,-79.195,-6.349388,-3.7875159,53.006943,-17.57194,1.5850931
191,-0.933402419090271,2.539870262145996,64.66803741455078,6.3834325518979265,43.24852100823434,-81.49764771575965,-4.9234605,1.0722307,7.938065,-64.4916,20.415054,-43.17196,-11.410396,-3.4686172,5.838009,-33.81335,62.960686,48.614937,44.632317,5.733261,-2.0153618,-10.632552,-4.116187,-78.1751,3.619654,8.0493965,49.70756,-15.082522,-1.0433265,-80.59741,-6.353144,-3.6262462,53.94983,-17.827757,1.5688797
192,-0.9602338075637817,2.4811007976531982,64.43183135986328,6.698989828916791,43.927281790256394,-81.23588993272361,-5.010595,0.73260057,8.069511,-64.602036,20.435663,-42.959106,-11.443358,-3.5018647,5.7882752,-34.802578,62.904564,49.112972,44.50571,5.7122555,-1.8981423,-10.807314,-4.24083,-79.52754,3.6947834,8.090214,50.673077,-15.390552,-1.0259635,-82.011086,-6.387619,-3.467981,54.922554,-18.102964,1.5571309
193,-0.9826121926307678,2.4204275608062744,64.18889617919922,7.039605341104468,44.60503233742469,-80.93897811595156,-5.1298685,0.42449167,8.194281,-64.70551,20.503258,-42.725784,-11.531786,-3.5606775,5.745946,-35.803345,62.84275,49.584152,44.346645,5.579135,-1.7792072,-11.021265,-4.355302,-80.87957,3.7369897,8.127642,51.625668,-15.68949,-1.000548,-83.43459,-6.4551377,-3.3105657,55.917294,-18.3916,1.5554733
194,-1.003368616104126,2.3551025390625,63.94054412841797,7.401601782276118,45.277665504460664,-80.61501622071864,-5.270395,0.12977101,8.31121,-64.80344,20.615614,-42.47107,-11.661575,-3.633226,5.7024755,-36.810818,62.773273,50.030422,44.16333,5.3748655,-1.6637598,-11.249871,-4.460599,-82.22239,3.75587,8.163699,52.56788,-15.985593,-0.971538,-84.85728,-6.54536,-3.152022,56.927773,-18.694355,1.5598025
195,-1.0223298072814941,2.2855124473571777,63.68671798706055,7.789737286248785,45.94659258379695,-80.26228747695777,-5.4257784,-0.1583424,8.419128,-64.899284,20.756811,-42.21355,-11.791711,-3.6938698,5.650837,-37.819515,62.695484,50.452972,43.974068,5.1416636,-1.5484958,-11.47402,-4.5486746,-83.55044,3.7415864,8.204934,53.484764,-16.270975,-0.9383275,-86.28461,-6.667876,-2.9866846,57.95862,-19.012703,1.5711308
196,-1.0420844554901123,2.217970848083496,63.426326751708984,8.208806382978825,46.61331411646802,-79.87823769882979,-5.5896115,-0.44651696,8.517336,-64.9979,20.90967,-41.970913,-11.879269,-3.717423,5.583642,-38.822525,62.61015,50.852352,43.79454,4.9206953,-1.4295741,-11.67427,-4.611801,-84.87225,3.68751,8.254984,54.37369,-16.537561,-0.90171385,-87.73171,-6.828976,-2.8092914,59.018486,-19.343437,1.5869061
197,-1.0534733533859253,2.141733407974243,63.16065216064453,8.656344044203493,47.281618186575535,-79.46738781156554,-5.757563,-0.73978895,8.60476,-65.10454,21.070545,-41.743706,-11.901633,-3.688331,5.4951596,-39.81708,62.515537,51.231327,43.634552,4.7291827,-1.3087677,-11.836851,-4.640929,-86.176796,3.581524,8.323129,55.229702,-16.795757,-0.8538189,-89.19043,-7.0413675,-2.610833,60.10655,-19.697311,1.6189975
198,-1.0699656009674072,2.0628414154052734,62.889244079589844,9.132155344471293,47.9493814910458,-79.02707531842447,-5.933795,-1.0329336,8.680947,-65.220085,21.245474,-41.51992,-11.8805485,-3.624133,5.3903203,-40.802658,62.40777,51.586575,43.48926,4.545428,-1.1891419,-11.974738,-4.6425533,-87.47315,3.4421139,8.3990555,56.05995,-17.040121,-0.80905384,-90.66409,-7.2859154,-2.4011662,61.220383,-20.067762,1.6501032
199,-1.0838104486465454,1.9805006980895996,62.61534881591797,9.64536091638975,48.60785357747862,-78.54311309365082,-6.124617,-1.319261,8.746422,-65.34035,21.432076,-41.301292,-11.841213,-3.5491111,5.277828,-41.77556,62.28363,51.9079,43.356323,4.358252,-1.071532,-12.108524,-4.6324506,-88.74337,3.2663095,8.488625,56.852375,-17.26921,-0.75935155,-92.13233,-7.56367,-2.17494,62.338875,-20.446352,1.6901321
200,-1.0979944467544556,1.8953531980514526,62.34200668334961,10.20562792628806,49.24875132505906,-78.00128823999879,-6.336728,-1.5886096,8.803134,-65.458855,21.628609,-41.091255,-11.810474,-3.4866872,5.166069,-42.728107,62.140915,52.175682,43.23415,4.1654687,-0.95704085,-12.256883,-4.6261554,-89.97941,3.06093,8.588274,57.60629,-17.484982,-0.707049,-93.58117,-7.865221,-1.9340749,63.448956,-20.828314,1.7361737
201,-1.1108869314193726,1.8012315034866333,62.070213317871094,10.827194795757128,49.86769941257523,-77.38622358461173,-6.5739226,-1.8373924,8.851773,-65.57389,21.844446,-40.897556,-11.789149,-3.4347289,5.050779,-43.654034,61.973328,52.369194,43.12295,3.9642117,-0.8566107,-12.423788,-4.623891,-91.16739,2.8131585,8.703185,58.312553,-17.690432,-0.65036905,-95.004745,-8.202784,-1.6717272,64.55662,-21.224237,1.7931604
202,-1.1344847679138184,1.714463472366333,61.79826354980469,11.503541365163558,50.468348793269165,-76.70664159273905,-6.8328476,-2.069199,8.892393,-65.68598,22.079365,-40.71842,-11.768486,-3.3832014,4.9293246,-44.54805,61.77647,52.492104,43.034664,3.7669785,-0.76921695,-12.596891,-4.6184897,-92.33031,2.5364873,8.825988,58.969738,-17.86307,-0.6011271,-96.42597,-8.562705,-1.3963559,65.66076,-21.614681,1.8432692
203,-1.1581768989562988,1.621507167816162,61.527591705322266,12.212574266451812,51.054089574422875,-75.98568074335583,-7.1093907,-2.2941124,8.927529,-65.79187,22.314867,-40.54595,-11.760139,-3.3426902,4.8130198,-45.410652,61.547024,52.58119,42.98335,3.5754735,-0.67388564,-12.778686,-4.6143064,-93.46503,2.2466097,8.955506,59.60192,-18.032213,-0.5529352,-97.823135,-8.931316,-1.1105541,66.748085,-22.007956,1.8965507
204,-1.185348629951477,1.5266090631484985,61.25685119628906,12.931293387875737,51.62888524396403,-75.24764248692514,-7.3991947,-2.5215642,8.962025,-65.88633,22.532188,-40.375813,-11.776661,-3.322916,4.7131195,-46.246212,61.286034,52.67575,42.976154,3.3863778,-0.5472792,-12.971559,-4.6159344,-94.5886,1.9720894,9.080876,60.231472,-18.203096,-0.5118889,-99.197044,-9.282011,-0.8283373,67.809555,-22.394146,1.9437761
205,-1.203257441520691,1.4343940019607544,60.98629379272461,13.659160396978491,52.19382910129696,-74.49273582828896,-7.7049294,-2.7538183,9.000662,-65.965096,22.726124,-40.212383,-11.832813,-3.328123,4.6300015,-47.059574,60.99245,52.787647,43.013752,3.1901088,-0.37385637,-13.192628,-4.6186857,-95.70385,1.6970145,9.2121525,60.852066,-18.36975,-0.46188718,-100.55372,-9.630123,-0.5383064,68.8427,-22.765656,2.0006375
206,-1.2145320177078247,1.3336963653564453,60.71737289428711,14.406823550059556,52.746545824742334,-73.71014891248237,-8.027852,-2.9839783,9.045759,-66.028534,22.904259,-40.063957,-11.919011,-3.3509717,4.5581617,-47.853634,60.66513,52.903458,43.091145,2.9834971,-0.16801211,-13.436575,-4.622142,-96.79529,1.4144654,9.349846,61.45903,-18.542088,-0.40708044,-101.88311,-9.982791,-0.23902294,69.855576,-23.140469,2.06705
207,-1.2263599634170532,1.2333340644836426,60.44831848144531,15.168292284304377,53.286351760897674,-72.90776754669359,-8.36121,-3.21347,9.097931,-66.07871,23.068445,-39.931904,-12.011672,-3.384032,4.500108,-48.62905,60.313564,53.012333,43.19995,2.7848895,0.05111479,-13.6679735,-4.637253,-97.87771,1.1479808,9.48544,62.06633,-18.716581,-0.355694,-103.19178,-10.316618,0.058684014,70.843254,-23.505098,2.130681
208,-1.245137095451355,1.1360503435134888,60.18119430541992,15.936951335733703,53.81217228736676,-72.09426607792503,-8.698285,-3.441424,9.154963,-66.117836,23.219744,-39.814545,-12.086612,-3.4202547,4.457399,-49.365562,59.95686,53.07862,43.339558,2.6375396,0.25759664,-13.857449,-4.6749344,-98.95054,0.91894233,9.610278,62.675034,-18.890995,-0.31650802,-104.470985,-10.6103945,0.34074056,71.79027,-23.849041,2.1810126
209,-1.258906602859497,1.0390020608901978,59.91722869873047,16.712399948843366,54.323880590079355,-71.2694325308976,-9.04152,-3.6628087,9.219751,-66.147766,23.355518,-39.719944,-12.118783,-3.4579847,4.4402556,-50.11731,59.5816,53.152485,43.481926,2.4874668,0.46597832,-13.964927,-4.7361517,-100.010376,0.71624964,9.73058,63.285934,-19.071316,-0.27578828,-105.71539,-10.874753,0.6148188,72.693405,-24.173838,2.2329385
210,-1.2750481367111206,0.9420610666275024,59.65634536743164,17.497474896561446,54.821584940258425,-70.43026776573826,-9.393998,-3.8797328,9.287837,-66.16649,23.47562,-39.641697,-12.126546,-3.5009341,4.441977,-50.832336,59.213234,53.182434,43.63772,2.3853369,0.67792773,-14.032848,-4.815748,-101.05616,0.5386987,9.8418665,63.894115,-19.25345,-0.24127775,-106.92814,-11.111307,0.8756744,73.560196,-24.48456,2.2781951
211,-1.2873013019561768,0.8328192234039307,59.39871597290039,18.292328456937387,55.30561258512555,-69.58008377553591,-9.750497,-4.099376,9.361721,-66.17695,23.584562,-39.569416,-12.146594,-3.5516005,4.451202,-51.54219,58.838066,53.206886,43.79961,2.3056142,0.8758238,-14.094036,-4.9154263,-102.078415,0.38487732,9.949193,64.51053,-19.458912,-0.208061,-108.09814,-11.3236685,1.127906,74.39634,-24.797771,2.3265007
212,-1.307430624961853,0.738301157951355,59.14040756225586,19.09704708838482,55.77577606760954,-68.72212671669999,-10.104559,-4.33238,9.440713,-66.18217,23.685497,-39.48942,-12.214903,-3.6123981,4.453904,-52.24654,58.45749,53.244595,43.970154,2.2495122,1.0392281,-14.201329,-5.0369825,-103.107124,0.27013522,10.047895,65.133766,-19.6547,-0.18456246,-109.259964,-11.496562,1.3640345,75.20283,-25.079954,2.3597076
213,-1.3197509050369263,0.6331771612167358,58.885066986083984,19.91671049721945,56.231467043451,-67.85351993439598,-10.459409,-4.5810723,9.52682,-66.183624,23.777935,-39.397243,-12.353924,-3.6946044,4.4476223,-52.965385,58.066086,53.32427,44.15065,2.2251534,1.1476958,-14.35519,-5.1909966,-104.114586,0.18811943,10.147295,65.77131,-19.878777,-0.15686202,-110.37966,-11.637842,1.5926375,75.97312,-25.357773,2.4013643
214,-1.336072564125061,0.5292803049087524,58.63135528564453,20.7497937543569,56.67219561013803,-66.97412499061899,-10.814988,-4.840708,9.610541,-66.18213,23.862047,-39.28939,-12.53897,-3.7946424,4.4371586,-53.631893,57.694557,53.36345,44.350163,2.2942266,1.214254,-14.552643,-5.373283,-105.11294,0.1440456,10.236917,66.41805,-20.111393,-0.13636677,-111.47131,-11.741877,1.8023952,76.711136,-25.620264,2.4347186
215,-1.3571504354476929,0.4297390580177307,58.37969970703125,21.586877058806618,57.09944297036893,-66.09166247965932,-11.15991,-5.105102,9.70127,-66.17509,23.937504,-39.185654,-12.735487,-3.889104,4.4285655,-54.32634,57.30359,53.427498,44.54773,2.3262322,1.274218,-14.766811,-5.562779,-106.10161,0.12079197,10.316418,67.0621,-20.340342,-0.12339531,-112.54192,-11.824504,1.9964825,77.42677,-25.870377,2.458373
216,-1.378533124923706,0.3316164016723633,58.12623596191406,22.41655201330378,57.51473936949669,-65.21522821449307,-11.483958,-5.367252,9.7937565,-66.16184,24.005762,-39.08943,-12.90906,-3.955358,4.422026,-55.012093,56.925,53.460846,44.729042,2.3167112,1.3549144,-15.014961,-5.738121,-107.08187,0.09852131,10.389396,67.70874,-20.568645,-0.113628395,-113.600174,-11.906386,2.1849542,78.14437,-26.12368,2.478684
217,-1.4013350009918213,0.23364722728729248,57.872474670410156,23.232845746636308,57.92066472239668,-64.34878235901547,-11.788549,-5.630786,9.89052,-66.13966,24.071068,-39.005676,-13.053414,-3.9823673,4.423897,-55.710747,56.55366,53.487244,44.883762,2.261349,1.4511359,-15.292359,-5.899465,-108.05382,0.08021105,10.45111,68.35776,-20.796625,-0.108990386,-114.64134,-11.984967,2.361631,78.859245,-26.380428,2.4929848
218,-1.4167133569717407,0.13631731271743774,57.61874771118164,24.040346409741016,58.31575123288528,-63.489391159839734,-12.078921,-5.8967013,9.974761,-66.11534,24.136084,-38.90957,-13.185508,-3.986741,4.428171,-56.313663,56.239624,53.383247,45.036083,2.2996745,1.5437818,-15.61965,-6.056076,-109.016365,0.064384535,10.509882,69.01103,-21.02854,-0.09824752,-115.66364,-12.061179,2.535145,79.564644,-26.635004,2.5133495
219,-1.4282639026641846,0.038523972034454346,57.365638732910156,24.846007844378693,58.69869538349926,-62.632919763038615,-12.35207,-6.1536517,10.073202,-66.080414,24.192019,-38.833084,-13.314982,-3.978141,4.431223,-56.99716,55.88796,53.348354,45.162464,2.1871848,1.6700435,-15.946947,-6.2006927,-109.96222,0.043492466,10.570961,69.65803,-21.260124,-0.08599679,-116.669846,-12.142192,2.7115688,80.266235,-26.891714,2.537913
220,-1.4408576488494873,-0.05519762635231018,57.112239837646484,25.653585899666858,59.06652175704262,-61.77815475132498,-12.6028385,-6.390523,10.168722,-66.04535,24.231274,-38.752403,-13.4392805,-3.9736633,4.417576,-57.640064,55.562267,53.26022,45.2698,1.9993094,1.8538122,-16.320066,-6.325526,-110.89156,0.01118988,10.637745,70.29276,-21.48421,-0.07568747,-117.67091,-12.231209,2.898213,80.97436,-27.149706,2.561466
221,-1.448056697845459,-0.14737620949745178,56.855934143066406,26.4615329744767,59.42491930682351,-60.9299600240357,-12.817275,-6.6073036,10.270024,-66.00977,24.24328,-38.674953,-13.567659,-3.9743268,4.381092,-58.293457,55.223083,53.161095,45.362362,1.6352189,2.1101978,-16.734814,-6.427115,-111.80973,-0.03460319,10.718676,70.92248,-21.70692,-0.06203825,-118.67479,-12.332725,3.103922,81.69452,-27.41164,2.5931106
222,-1.4566175937652588,-0.2391815185546875,56.59983825683594,27.265672534618894,59.77387689766635,-60.08987877816588,-13.00121,-6.8102307,10.376168,-65.97477,24.231043,-38.599636,-13.69193,-3.973654,4.3281093,-58.94411,54.87599,53.05017,45.43969,1.1401724,2.427327,-17.191998,-6.509667,-112.713196,-0.08514243,10.803044,71.544365,-21.927643,-0.05262665,-119.67058,-12.436946,3.3154716,82.41707,-27.676752,2.6225066
223,-1.461951494216919,-0.3246299922466278,56.34696960449219,28.069430758825973,60.10269210537881,-59.24850336967161,-13.179007,-6.995977,10.478233,-65.94144,24.21593,-38.5209,-13.797459,-3.9728398,4.2727456,-59.5431,54.548714,52.87231,45.516735,0.6564416,2.7740457,-17.648252,-6.5776086,-113.59224,-0.15183988,10.895895,72.14444,-22.13484,-0.03890098,-120.6513,-12.553194,3.5392694,83.13411,-27.936506,2.6568995
224,-1.4686896800994873,-0.41028857231140137,56.099464416503906,28.87490377648914,60.400896679861184,-58.39714938917821,-13.375541,-7.161404,10.572307,-65.90738,24.21838,-38.440205,-13.870526,-3.9719572,4.229715,-60.081863,54.236855,52.656013,45.61081,0.25051117,3.1216903,-18.073923,-6.6356945,-114.42922,-0.23775303,10.991277,72.71933,-22.334267,-0.025978537,-121.59698,-12.684606,3.7695372,83.8472,-28.204456,2.6923206
225,-1.4712120294570923,-0.4911348223686218,55.859249114990234,29.68534061755093,60.66499310221073,-57.530959559951356,-13.607647,-7.3016133,10.662046,-65.869255,24.245733,-38.368015,-13.892194,-3.9648504,4.2053375,-60.585884,53.932682,52.406864,45.708744,-0.08915604,3.4660487,-18.414045,-6.681925,-115.2213,-0.35569203,11.098497,73.25614,-22.515617,-0.0041701477,-122.511086,-12.8416195,4.0180874,84.55159,-28.47233,2.737386
226,-1.472646713256836,-0.5722217559814453,55.62330627441406,30.494611687925733,60.901407059311204,-56.65924315507009,-13.85847,-7.4193935,10.750589,-65.825325,24.288841,-38.305077,-13.879147,-3.9528394,4.191581,-61.071266,53.635693,52.127045,45.79766,-0.40195438,3.8216174,-18.69204,-6.714814,-115.97603,-0.4962598,11.213594,73.77034,-22.690332,0.02006142,-123.398094,-13.016846,4.2805805,85.25646,-28.748838,2.7873206
227,-1.471981406211853,-0.6547898054122925,55.39319610595703,31.28985986468853,61.114049737219695,-55.79609136821561,-14.102483,-7.522173,10.826795,-65.78182,24.340546,-38.22775,-13.8653755,-3.9487417,4.1789856,-61.485332,53.366352,51.812233,45.90593,-0.6365852,4.181045,-19.00977,-6.739373,-116.693436,-0.64814353,11.331327,74.2665,-22.863335,0.04470856,-124.24931,-13.200413,4.5481305,85.95143,-29.030745,2.8411283
228,-1.4725871086120605,-0.7375620603561401,55.16883850097656,32.06081921905177,61.30795049752378,-54.95357122905452,-14.314727,-7.6196527,10.919852,-65.71958,24.393282,-38.167404,-13.90184,-3.9573398,4.16406,-61.9555,53.04265,51.567265,46.049606,-0.87318695,4.5402503,-19.349293,-6.761043,-117.38061,-0.7963829,11.4427185,74.75277,-23.03656,0.0630067,-125.06353,-13.379056,4.8076534,86.63086,-29.313139,2.8913887
229,-1.4703036546707153,-0.8146263360977173,54.94965744018555,32.80556797131082,61.47931887984335,-54.13372432697988,-14.47727,-7.708,10.9728365,-65.67992,24.441614,-38.042557,-13.965888,-3.9978554,4.129534,-62.22445,52.844757,51.222755,46.217186,-0.8730297,4.898327,-19.898928,-6.7783165,-118.03897,-0.9472474,11.555676,75.22699,-23.203562,0.08086932,-125.84758,-13.557968,5.069539,87.297585,-29.589245,2.9441898
230,-1.4675345420837402,-0.8893579244613647,54.73672103881836,33.52881760144074,61.629165226864174,-53.33085263524211,-14.608866,-7.786077,11.036104,-65.62411,24.50563,-37.928864,-14.075484,-4.0549216,4.0943274,-62.528896,52.597477,50.825134,46.4329,-0.78867656,5.2416544,-20.388542,-6.790078,-118.664955,-1.1036274,11.669125,75.68404,-23.364782,0.09622949,-126.59898,-13.740067,5.332575,87.95109,-29.863832,2.9973598
231,-1.4651154279708862,-0.9622886776924133,54.52915954589844,34.218183166537756,61.76680615765052,-52.557993146205696,-14.73526,-7.8621836,11.136539,-65.527466,24.57311,-37.869225,-14.234923,-4.1054196,4.067837,-62.939884,52.230812,50.5513,46.708954,-0.80907965,5.5821223,-20.851515,-6.7989492,-119.26911,-1.2535061,11.773336,76.13523,-23.524685,0.10771209,-127.31797,-13.915022,5.5836964,88.58761,-30.13496,3.046926
232,-1.458923578262329,-1.035553216934204,54.327667236328125,34.858293626628026,61.9017801159271,-51.83225662446921,-14.879726,-7.9418807,11.217166,-65.451195,24.60834,-37.773556,-14.376945,-4.1496487,4.052695,-63.2375,51.950542,50.28201,46.98397,-0.77093226,5.942106,-21.47706,-6.805264,-119.85512,-1.3895909,11.863747,76.58727,-23.689476,0.11986437,-127.9992,-14.07747,5.8150644,89.199234,-30.401222,3.0960128
233,-1.4532670974731445,-1.1083096265792847,54.130191802978516,35.44104462396453,62.039487279922284,-51.1611850023564,-15.053743,-8.031728,11.285218,-65.38762,24.616503,-37.64963,-14.509285,-4.182391,4.0630627,-63.474754,51.712173,49.96454,47.275642,-0.6774893,6.332216,-22.190979,-6.80802,-120.43239,-1.5038654,11.931608,77.05012,-23.860264,0.12710331,-128.6468,-14.221045,6.0164366,89.79096,-30.663702,3.1365683
234,-1.4415340423583984,-1.182633638381958,53.9393424987793,35.97517050769225,62.17539567798048,-50.53565058592792,-15.242758,-8.126966,11.36832,-65.311676,24.602793,-37.541668,-14.6532545,-4.2017794,4.090033,-63.72838,51.438522,49.60298,47.61279,-0.5568784,6.7313805,-22.889162,-6.807401,-120.98919,-1.609772,11.988141,77.512115,-24.037035,0.13751903,-129.25479,-14.357813,6.201093,90.35836,-30.923708,3.180563
235,-1.430524468421936,-1.2540340423583984,53.75342559814453,36.47173511151732,62.30293692418998,-49.94568533806881,-15.431369,-8.216414,11.4373865,-65.251,24.578417,-37.404568,-14.800051,-4.2296753,4.122173,-63.91763,51.220154,49.269554,47.94187,-0.3850282,7.120705,-23.682701,-6.8069086,-121.527176,-1.7054572,12.033651,77.97134,-24.21251,0.14482483,-129.83154,-14.485878,6.369282,90.90846,-31.178204,3.2204058
236,-1.4224075078964233,-1.3270102739334106,53.57444763183594,36.944163229998445,62.41563450390825,-49.378510493900635,-15.606502,-8.291287,11.512128,-65.18718,24.552588,-37.29006,-14.971189,-4.255679,4.147807,-64.09911,50.980648,48.969173,48.314507,-0.20979416,7.434861,-24.416918,-6.811083,-122.03449,-1.7953697,12.070453,78.420044,-24.389421,0.14713089,-130.37012,-14.60857,6.5240097,91.441376,-31.433786,3.2555928
237,-1.4105377197265625,-1.393662452697754,53.40248489379883,37.392223409651194,62.510537370932205,-48.83389186745571,-15.76712,-8.341095,11.593234,-65.119965,24.527071,-37.179733,-15.193555,-4.2974176,4.164205,-64.26161,50.759266,48.625664,48.685406,0.040578954,7.699463,-25.085464,-6.822369,-122.51599,-1.8845782,12.107055,78.855034,-24.558552,0.15477648,-130.87718,-14.729791,6.6749706,91.951706,-31.676548,3.2954
238,-1.3959518671035767,-1.4595701694488525,53.237770080566406,37.807448078429346,62.59208582707401,-48.31873177221562,-15.920209,-8.373766,11.687981,-65.04352,24.496424,-37.082367,-15.4568405,-4.348495,4.1778193,-64.41234,50.52637,48.318592,49.085003,0.29544717,7.9208784,-25.749681,-6.838757,-122.96954,-1.9704056,12.137036,79.28144,-24.728004,0.16447185,-131.34544,-14.849273,6.8144107,92.44147,-31.915953,3.3375983
239,-1.3864367008209229,-1.521459937095642,53.080814361572266,38.19583396218685,62.665015640127066,-47.832537656421046,-16.062511,-8.406521,11.8020735,-64.955734,24.463865,-37.033073,-15.713937,-4.383464,4.1914682,-64.55198,50.27599,48.049175,49.52286,0.56375223,8.063607,-26.370712,-6.855079,-123.39911,-2.048399,12.158655,79.69023,-24.888557,0.16742171,-131.78496,-14.959722,6.939495,92.90883,-32.145615,3.3709908
240,-1.37747323513031,-1.5833817720413208,52.93229675292969,38.56126607317758,62.73404423898925,-47.37655563347209,-16.1885,-8.455889,11.889498,-64.89271,24.445545,-36.944862,-15.89836,-4.440084,4.1993713,-64.64539,50.100864,47.8336,49.89808,0.9196863,8.14769,-27.017767,-6.865965,-123.800804,-2.1233537,12.180692,80.07754,-25.045372,0.16887507,-132.19728,-15.064951,7.060615,93.35282,-32.368587,3.403304
241,-1.3673123121261597,-1.6468391418457031,52.78989791870117,38.89696478225838,62.80467335254804,-46.96102497917004,-16.293636,-8.537897,11.9490795,-64.85241,24.443516,-36.888897,-15.992115,-4.449593,4.211893,-64.710236,49.97972,47.63678,50.30517,1.3587146,8.088383,-27.591003,-6.863155,-124.17733,-2.1961744,12.206583,80.44865,-25.202976,0.17014785,-132.58777,-15.165599,7.1830792,93.78013,-32.588657,3.4370408
242,-1.3584494590759277,-1.709306240081787,52.655208587646484,39.204962117773384,62.87295988505336,-46.57905168548104,-16.380575,-8.640323,12.047433,-64.790436,24.447994,-36.878395,-16.043941,-4.4729905,4.219006,-64.805695,49.763195,47.490314,50.77588,1.7803735,7.9514375,-28.052004,-6.853606,-124.52908,-2.2649455,12.230223,80.801285,-25.356247,0.16870198,-132.9527,-15.260773,7.2986956,94.1865,-32.802116,3.4678824
243,-1.342057466506958,-1.7714574337005615,52.526771545410156,39.49769969514745,62.9309730660441,-46.215035549987604,-16.461979,-8.737562,12.13417,-64.73898,24.4581,-36.888077,-16.06842,-4.4712906,4.233971,-64.878426,49.59144,47.352257,51.223083,2.266123,7.729401,-28.462996,-6.8496785,-124.85551,-2.336141,12.260085,81.14023,-25.509912,0.17739227,-133.2909,-15.356949,7.4186435,94.57264,-33.00913,3.5104125
244,-1.3279269933700562,-1.8290705680847168,52.408321380615234,39.78737136772721,62.96941524210365,-45.848064793098565,-16.550722,-8.802814,12.232062,-64.67893,24.466074,-36.921818,-16.103264,-4.4637403,4.25805,-64.954544,49.36769,47.331642,51.666397,2.6834083,7.449323,-28.860542,-6.8676925,-125.155685,-2.4036837,12.280771,81.45579,-25.65139,0.18544726,-133.59323,-15.448887,7.5219817,94.926865,-33.20236,3.5495791
245,-1.323085904121399,-1.8851124048233032,52.297203063964844,40.08188602776317,62.98114128416084,-45.46894521555919,-16.65332,-8.818835,12.269192,-64.653,24.47735,-36.888035,-16.122482,-4.4520783,4.2923923,-64.98655,49.28468,47.27,51.955254,3.258343,7.1041718,-29.234413,-6.918147,-125.430244,-2.4596033,12.283887,81.759964,-25.787779,0.18453167,-133.85684,-15.530388,7.5993814,95.25901,-33.390892,3.5766459
246,-1.3153377771377563,-1.9377440214157104,52.194358825683594,40.37231410762067,62.97226521283796,-45.088887074478194,-16.76349,-8.802531,12.301377,-64.62453,24.498734,-36.873455,-16.14298,-4.4210844,4.344525,-65.01797,49.206528,47.200718,52.21776,3.8829923,6.6692595,-29.502161,-6.991821,-125.679855,-2.5147028,12.283201,82.0479,-25.9177,0.18979022,-134.0865,-15.610487,7.6678157,95.564,-33.56806,3.6085958
247,-1.3067787885665894,-1.9871406555175781,52.099525451660156,40.646444531357716,62.955679417166685,-44.72570259744245,-16.8713,-8.781957,12.344105,-64.57686,24.538086,-36.90295,-16.195568,-4.384167,4.39512,-65.06301,49.061947,47.20507,52.512314,4.4226785,6.202884,-29.707878,-7.0690117,-125.907074,-2.569592,12.281088,82.31406,-26.038218,0.19686936,-134.29173,-15.689029,7.7299943,95.84513,-33.734505,3.6404715
248,-1.2995684146881104,-2.0332798957824707,52.013938903808594,40.893611604120885,62.94458145621492,-44.401736327252266,-16.961805,-8.7861805,12.363599,-64.553696,24.556917,-36.90241,-16.230974,-4.3666167,4.406047,-65.08362,49.009384,47.157158,52.681576,5.0177965,5.817928,-29.901337,-7.1267915,-126.10881,-2.623652,12.286008,82.54747,-26.146746,0.20140724,-134.4813,-15.764706,7.7938943,96.10126,-33.88765,3.670328
249,-1.2914012670516968,-2.0808563232421875,51.93818283081055,41.09946253942168,62.94518628694478,-44.12642226042513,-17.030212,-8.822503,12.387417,-64.525185,24.579062,-36.92986,-16.303905,-4.360046,4.3778768,-65.11712,48.876556,47.28911,52.921978,5.4293237,5.458545,-30.133923,-7.1592326,-126.28362,-2.6797643,12.291795,82.75204,-26.249231,0.20350225,-134.64667,-15.841998,7.853039,96.333275,-34.036568,3.698101
250,-1.2811757326126099,-2.1293065547943115,51.8714599609375,41.28055089764861,62.95050756201892,-43.88989909288239,-17.071888,-8.871769,12.396094,-64.51731,24.584364,-36.943966,-16.37172,-4.3651104,4.310534,-65.13015,48.838768,47.300034,53.018013,5.9615903,5.1908054,-30.28265,-7.1753073,-126.42879,-2.7355309,12.30761,82.92831,-26.348154,0.20754424,-134.79175,-15.916288,7.9179716,96.54162,-34.177845,3.7289727
251,-1.2641050815582275,-2.171217679977417,51.81428909301758,41.44546680077311,62.95137356385722,-43.6707120761266,-17.12815,-8.941995,12.405137,-64.51105,24.588003,-36.978806,-16.435814,-4.3731265,4.2443624,-65.14706,48.787746,47.340267,53.12084,6.4129004,4.9063153,-30.3986,-7.187109,-126.55205,-2.8005579,12.332433,83.073074,-26.430788,0.2214915,-134.91928,-15.996939,7.9896894,96.7219,-34.300926,3.7691274
252,-1.254508137702942,-2.2115767002105713,51.766075134277344,41.61560345276893,62.937810638769115,-43.44819635747414,-17.162584,-8.977238,12.408162,-64.51003,24.590328,-37.021454,-16.476107,-4.3918343,4.197172,-65.156075,48.761135,47.370773,53.120735,6.7888613,4.6744905,-30.496614,-7.2076225,-126.64749,-2.8653316,12.354205,83.18781,-26.5013,0.22832112,-135.02322,-16.07363,8.053897,96.87998,-34.41638,3.8001049
253,-1.2479205131530762,-2.2530033588409424,51.72636413574219,41.79799439889172,62.902046198024415,-43.20565081763363,-17.293747,-9.06216,12.411393,-64.50863,24.60135,-37.106037,-16.472713,-4.39789,4.1927586,-65.18514,48.672462,47.450203,53.17643,7.0105286,4.320519,-30.541004,-7.248197,-126.71359,-2.9365902,12.371133,83.27696,-26.564808,0.23270035,-135.09436,-16.157185,8.108969,97.015015,-34.52921,3.8310041
254,-1.25118088722229,-2.296579599380493,51.696075439453125,41.98017528799815,62.852773747724164,-42.96912090681409,-17.38722,-9.112481,12.4101095,-64.50959,24.609064,-37.205265,-16.445791,-4.4106407,4.1976275,-65.19429,48.64274,47.48682,53.126614,7.191007,4.005468,-30.530264,-7.291062,-126.744576,-3.00684,12.385848,83.33556,-26.621334,0.22589809,-135.13823,-16.235987,8.157596,97.13182,-34.641525,3.8502386
255,-1.2356691360473633,-2.325279951095581,51.67499923706055,42.155429434408504,62.79736979083298,-42.735829952754855,-17.528387,-9.183864,12.394337,-64.51503,24.64351,-37.30498,-16.43708,-4.436499,4.227373,-65.23276,48.509834,47.611946,53.117218,7.1847763,3.7107499,-30.53683,-7.340795,-126.76646,-3.093116,12.418226,83.360756,-26.651491,0.24715489,-135.17535,-16.326553,8.223632,97.21074,-34.717278,3.8949776
256,-1.2206926345825195,-2.3581221103668213,51.663734436035156,42.30601780275971,62.750495138958954,-42.532799069296516,-17.619091,-9.243117,12.383034,-64.519165,24.655893,-37.41856,-16.461134,-4.472543,4.248252,-65.24898,48.45143,47.651913,53.025616,7.1862926,3.5391343,-30.587143,-7.375248,-126.761406,-3.1802304,12.44856,83.3574,-26.6782,0.26607177,-135.18584,-16.416231,8.282195,97.26389,-34.791252,3.937007
257,-1.2224136590957642,-2.3990557193756104,51.66324996948242,42.4333327336872,62.71361895264992,-42.35799281688673,-17.672295,-9.287331,12.375152,-64.52214,24.658442,-37.542065,-16.547852,-4.5294995,4.2714543,-65.257866,48.41999,47.6615,52.904736,7.141571,3.4789522,-30.709513,-7.393857,-126.72622,-3.2568367,12.457907,83.3238,-26.701693,0.26093888,-135.16234,-16.49523,8.308954,97.29354,-34.872723,3.951916
258,-1.2095415592193604,-2.4276607036590576,51.67224884033203,42.54475142260269,62.68031031873689,-42.19999657865086,-17.705767,-9.321001,12.365164,-64.52571,24.657972,-37.676754,-16.674078,-4.600559,4.3032236,-65.26702,48.391773,47.64077,52.763584,7.0353613,3.4947536,-30.858568,-7.40623,-126.68145,-3.3457105,12.482211,83.2555,-26.70025,0.27757367,-135.13411,-16.581406,8.34976,97.288345,-34.922382,3.9842608
259,-1.1928603649139404,-2.4558045864105225,51.69126510620117,42.6348317156883,62.64963790225867,-42.06032614130801,-17.770716,-9.402506,12.314619,-64.54228,24.66755,-37.776382,-16.804705,-4.6825128,4.329138,-65.30286,48.227207,47.69683,52.652687,6.7123313,3.6277955,-31.029922,-7.41546,-126.61498,-3.4390626,12.501441,83.159836,-26.689768,0.2974176,-135.07748,-16.67197,8.379474,97.25194,-34.96242,4.019875
260,-1.181270956993103,-2.4828195571899414,51.72132873535156,42.700692161910496,62.62265714134708,-41.95328429221695,-17.77974,-9.467647,12.289214,-64.55226,24.668278,-37.91585,-16.917263,-4.7520394,4.346087,-65.31687,48.15995,47.680576,52.4819,6.379608,3.8026013,-31.205158,-7.416003,-126.521065,-3.5261397,12.514613,83.03323,-26.669113,0.30924577,-134.99385,-16.75387,8.395348,97.18474,-34.99074,4.046887
261,-1.1730966567993164,-2.507800579071045,51.760292053222656,42.74459523375631,62.60104415436085,-41.87266134373967,-17.766888,-9.587381,12.211209,-64.588425,24.679081,-38.000088,-16.980976,-4.8222966,4.3374295,-65.34819,47.95685,47.70152,52.38589,5.8037357,4.073976,-31.383026,-7.4092293,-126.407776,-3.609391,12.519726,82.87964,-26.635878,0.3149649,-134.89043,-16.827938,8.397514,97.09249,-35.008717,4.064245
262,-1.1600816249847412,-2.533003807067871,51.80950164794922,42.766359003869134,62.58454621347103,-41.82163718846105,-17.727821,-9.715175,12.179186,-64.60609,24.679071,-38.16642,-17.037338,-4.8686,4.3288574,-65.35886,47.90235,47.60432,52.12441,5.262724,4.4729137,-31.596853,-7.3927207,-126.26816,-3.6951628,12.528932,82.69689,-26.596907,0.32534018,-134.7619,-16.902374,8.399219,96.96879,-35.0149,4.0888624
263,-1.1486598253250122,-2.5571093559265137,51.86894989013672,42.76219023731317,62.5678021316605,-41.79550533316018,-17.677574,-9.840801,12.151188,-64.623245,24.675392,-38.33086,-17.091389,-4.92725,4.317296,-65.36763,47.857952,47.51751,51.86806,4.6643023,4.870101,-31.766846,-7.375786,-126.10361,-3.7780993,12.526914,82.48841,-26.547955,0.33211222,-134.60127,-16.973074,8.381944,96.81553,-35.012104,4.1073713
264,-1.1325747966766357,-2.57718563079834,51.93931579589844,42.73064521488087,62.5462366557686,-41.79454380168933,-17.618631,-9.955254,12.064442,-64.67931,24.674337,-38.416676,-17.144897,-5.012162,4.305603,-65.38082,47.73931,47.38039,51.656868,4.071238,5.2285075,-31.734215,-7.3617764,-125.912315,-3.8631039,12.520785,82.252945,-26.48738,0.34459022,-134.4073,-17.045143,8.353786,96.628746,-34.994194,4.1302986
265,-1.1196715831756592,-2.5926127433776855,52.0220947265625,42.67199033600273,62.51724442873177,-41.81650059722446,-17.562963,-10.020977,11.96853,-64.74293,24.687403,-38.448162,-17.234518,-5.153983,4.3053627,-65.379845,47.623425,47.328518,51.477905,3.4072194,5.480724,-31.56932,-7.355415,-125.69222,-3.942782,12.500056,81.987885,-26.411552,0.3524884,-134.17383,-17.11289,8.299991,96.40498,-34.960754,4.145676
266,-1.1024267673492432,-2.605914354324341,52.11677551269531,42.58743644848225,62.48434171455041,-41.8634740605189,-17.501766,-10.06062,11.9246,-64.77288,24.692831,-38.55898,-17.371582,-5.303197,4.314761,-65.37611,47.58862,47.278877,51.20914,2.7585738,5.705178,-31.314472,-7.3515387,-125.4417,-4.0235868,12.475273,81.692764,-26.325438,0.36507,-133.90369,-17.180922,8.234623,96.144806,-34.913406,4.165321
267,-1.086787462234497,-2.6185684204101562,52.22109603881836,42.47063644980854,62.44977315511352,-41.941566768025474,-17.43596,-10.096344,11.894421,-64.79497,24.696789,-38.65732,-17.506496,-5.4586015,4.3230867,-65.37133,47.568916,47.2547,50.962986,2.1400797,5.8990293,-31.031895,-7.345763,-125.16476,-4.10145,12.438581,81.37633,-26.232372,0.3740988,-133.5984,-17.245905,8.14972,95.85752,-34.859005,4.1795974
268,-1.073148250579834,-2.627915143966675,52.33640670776367,42.32139306805765,62.41452393384796,-42.053381936090695,-17.366817,-10.148436,11.823483,-64.84942,24.710714,-38.701202,-17.602142,-5.5925756,4.330974,-65.351944,47.54296,47.224045,50.765587,1.6461246,6.0961447,-30.802341,-7.3370256,-124.86163,-4.174893,12.391118,81.03356,-26.127483,0.3802564,-133.26053,-17.305134,8.046143,95.53881,-34.79115,4.1872454
269,-1.0579733848571777,-2.6367604732513428,52.460514068603516,42.13462593012404,62.382750368434536,-42.20528641344196,-17.304476,-10.216483,11.762974,-64.89868,24.71674,-38.747234,-17.65999,-5.695672,4.331579,-65.32406,47.540157,47.224205,50.611908,1.325094,6.27487,-30.680883,-7.319418,-124.53399,-4.2470098,12.335973,80.67087,-26.01734,0.3872583,-132.89244,-17.360907,7.929685,95.1949,-34.71533,4.1932464
270,-1.0343009233474731,-2.642334222793579,52.593238830566406,41.91404672913116,62.351765160427604,-42.392473186544926,-17.243872,-10.291816,11.693629,-64.959175,24.717756,-38.770466,-17.685991,-5.7854586,4.32779,-65.27875,47.559544,47.245472,50.48971,1.1280962,6.4343023,-30.621052,-7.2966905,-124.18417,-4.322228,12.281066,80.28777,-25.89971,0.4046472,-132.49753,-17.417913,7.8097935,94.82286,-34.625378,4.208183
271,-1.0166025161743164,-2.6443064212799072,52.73567581176758,41.65948825616239,62.31617724730463,-42.61103508759923,-17.174706,-10.374533,11.61861,-65.02809,24.714603,-38.771194,-17.6914,-5.8592296,4.3216977,-65.21571,47.568287,47.36738,50.423122,0.9042755,6.6007104,-30.656704,-7.2727647,-123.80856,-4.3912354,12.209813,79.881676,-25.769678,0.41334003,-132.0683,-17.468565,7.6649446,94.42422,-34.52549,4.2110333
272,-0.9968001246452332,-2.645418167114258,52.88946533203125,41.37618316453718,62.27150632045159,-42.85777440172103,-17.089222,-10.460084,11.5644655,-65.080635,24.713034,-38.785908,-17.711714,-5.905897,4.3114843,-65.15669,47.601055,47.39079,50.348804,0.6918879,6.8323755,-30.613022,-7.2487206,-123.39607,-4.462465,12.134484,79.445816,-25.631327,0.42354894,-131.59885,-17.520103,7.5099735,93.994446,-34.41664,4.216159
273,-0.97512286901474,-2.6432552337646484,53.05318832397461,41.061362865823156,62.21687508676295,-43.128626970176235,-16.971497,-10.561665,11.508462,-65.13751,24.711458,-38.755127,-17.721214,-5.9472394,4.303884,-65.0783,47.62508,47.489338,50.319164,0.37272394,7.1185713,-30.64389,-7.2303276,-122.95511,-4.5330386,12.047755,78.98821,-25.483122,0.43411627,-131.0892,-17.572422,7.3356314,93.53432,-34.297127,4.2214646
274,-0.9525297284126282,-2.6435301303863525,53.22785186767578,40.715274579608575,62.15440168725772,-43.42658761831647,-16.836462,-10.669175,11.419087,-65.22771,24.71487,-38.661995,-17.709755,-5.9764686,4.301406,-64.93287,47.617985,47.694744,50.38142,-0.048919596,7.440177,-30.798117,-7.2144313,-122.47788,-4.602268,11.949356,78.50649,-25.331553,0.44308665,-130.53271,-17.624115,7.141366,93.043,-34.17406,4.2261543
275,-0.9364525675773621,-2.639120101928711,53.411556243896484,40.343343779469876,62.08306593188711,-43.756245235877536,-16.694202,-10.778629,11.32875,-65.318504,24.724653,-38.5617,-17.707201,-5.988196,4.2865863,-64.748505,47.718616,47.47993,50.379856,-0.19337937,7.8210177,-30.700012,-7.1917243,-121.96947,-4.667447,11.846798,77.99563,-25.165796,0.4447728,-129.94955,-17.668066,6.9381194,92.528786,-34.038723,4.2213984
276,-0.9241186380386353,-2.6368186473846436,53.60471725463867,39.93761330773821,61.99925831349649,-44.11891593502456,-16.560255,-10.878651,11.2072735,-65.437874,24.740143,-38.39929,-17.69148,-6.0070186,4.251893,-64.43744,47.846622,47.234222,50.48384,-0.3327294,8.189207,-30.697908,-7.1601686,-121.42057,-4.7370486,11.736617,77.45967,-24.995216,0.44084424,-129.32576,-17.714602,6.724245,91.996956,-33.90544,4.211614
277,-0.903193473815918,-2.630063056945801,53.805030822753906,39.50205101499084,61.90304929491969,-44.51634519030934,-16.439613,-10.959992,11.107177,-65.53914,24.755062,-38.25906,-17.686255,-6.009679,4.1771793,-64.11125,47.94248,46.97534,50.658764,-0.5478254,8.577083,-30.672031,-7.114125,-120.83836,-4.822295,11.639917,76.897766,-24.81478,0.4494713,-128.67966,-17.772179,6.5275235,91.44986,-33.762165,4.2155943
278,-0.8873825073242188,-2.6180074214935303,54.013145446777344,39.03758153589565,61.7951275746434,-44.945647843931724,-16.324654,-11.029527,11.013009,-65.642044,24.767866,-38.11161,-17.676762,-6.001369,4.075602,-63.70946,48.022938,46.629913,50.922863,-0.77301115,8.98525,-30.629547,-7.0577054,-120.22476,-4.9088607,11.53944,76.30825,-24.619446,0.45274606,-128.0078,-17.8277,6.324751,90.88558,-33.609104,4.212254
279,-0.8662546277046204,-2.6013247966766357,54.22885513305664,38.54656656557284,61.674689314600236,-45.40184923616164,-16.209291,-11.104699,10.953841,-65.71695,24.77443,-38.000805,-17.689789,-5.982257,3.970016,-63.357227,48.07706,46.350098,51.214317,-1.0425205,9.396138,-30.603416,-6.9975333,-119.581665,-5.001471,11.4407835,75.695786,-24.413876,0.46304834,-127.30774,-17.886395,6.1226225,90.29984,-33.444225,4.2158933
280,-0.8443668484687805,-2.5840184688568115,54.45206832885742,38.03164028315998,61.54087971012194,-45.879632323002205,-16.087967,-11.200977,10.902219,-65.79304,24.773455,-37.878376,-17.71515,-5.973884,3.8888311,-62.920506,48.12972,46.00543,51.597416,-1.1953135,9.771658,-30.64341,-6.9404616,-118.90815,-5.0919614,11.334467,75.06621,-24.204008,0.4732172,-126.570854,-17.941917,5.9082403,89.69192,-33.27382,4.2195497
281,-0.8219624757766724,-2.5628068447113037,54.6816520690918,37.49572834722936,61.391637884744576,-46.375115740900355,-15.9562435,-11.314401,10.856064,-65.87094,24.764507,-37.74075,-17.759153,-5.9780197,3.8400533,-62.335896,48.16448,45.52474,52.14087,-1.1642779,10.091074,-30.769814,-6.8872814,-118.207756,-5.181481,11.221364,74.419205,-23.985703,0.48376745,-125.80235,-17.994164,5.683841,89.06344,-33.093906,4.2230024
282,-0.8016546368598938,-2.5409607887268066,54.918663024902344,36.93845484123379,61.22747151530964,-46.888907294715295,-15.818632,-11.438363,10.830231,-65.92895,24.753443,-37.616962,-17.831985,-5.9827013,3.8079352,-61.762753,48.103123,45.178425,52.80958,-1.1965003,10.373811,-31.008467,-6.8356194,-117.47562,-5.2690744,11.098484,73.75258,-23.761124,0.49072477,-124.99699,-18.042883,5.4453526,88.414,-32.909473,4.222658
283,-0.7831903100013733,-2.514298915863037,55.161380767822266,36.3590533519145,61.050812639408505,-47.425657117207706,-15.680753,-11.589294,10.819176,-65.97988,24.735748,-37.497448,-17.914085,-5.9902472,3.7830968,-61.089508,48.098206,44.606556,53.50832,-1.048028,10.651197,-31.185799,-6.7845426,-116.719185,-5.3498054,10.96899,73.07007,-23.5275,0.4952985,-124.16435,-18.082735,5.1958647,87.74505,-32.71391,4.2184505
284,-0.7659900188446045,-2.4829366207122803,55.411170959472656,35.75118311388576,60.86270652123164,-47.988256806109206,-15.550407,-11.781934,10.822653,-66.02099,24.711233,-37.386375,-17.993393,-5.9983172,3.7571495,-60.39512,48.0536,44.10797,54.27171,-0.9873628,10.908416,-31.38576,-6.736808,-115.93776,-5.4201927,10.827077,72.37216,-23.284834,0.49700472,-123.29664,-18.111368,4.926433,87.04972,-32.505547,4.2096667
285,-0.7453575730323792,-2.454017162322998,55.667640686035156,35.11674524726767,60.663787281282794,-48.57832230746008,-15.431939,-12.043354,10.838775,-66.05463,24.67905,-37.27835,-18.072569,-6.0108795,3.7337744,-59.676506,48.09018,43.50435,54.984165,-0.85757804,11.189143,-31.511585,-6.69009,-115.124146,-5.4837933,10.67853,71.66166,-23.044575,0.5002831,-122.38794,-18.132275,4.644499,86.32967,-32.293488,4.204358
286,-0.7269364595413208,-2.423258066177368,55.93093490600586,34.45711029200819,60.451822552733674,-49.190875343386324,-15.3221,-12.35656,10.867632,-66.08319,24.63727,-37.171104,-18.15076,-6.027899,3.7175393,-58.902954,48.095924,42.930607,55.790165,-0.77013,11.447599,-31.676357,-6.645786,-114.28172,-5.5376525,10.517031,70.9352,-22.798271,0.49891925,-121.44072,-18.141937,4.342714,85.58411,-32.073032,4.193877
287,-0.7082595229148865,-2.3886427879333496,56.20072937011719,33.77705343697435,60.22616537907456,-49.82148580894088,-15.213451,-12.674246,10.9048605,-66.10587,24.592697,-37.06649,-18.224718,-6.04325,3.6942258,-58.144405,48.056587,42.423843,56.63917,-0.75939685,11.6775465,-31.84245,-6.6059976,-113.41403,-5.581504,10.346829,70.193726,-22.544552,0.4968824,-120.45953,-18.140564,4.025468,84.81209,-31.839956,4.1812787
288,-0.6896333694458008,-2.3539350032806396,56.473575592041016,33.08061341806189,59.98655962170538,-50.467674120406784,-15.096899,-12.948861,10.948755,-66.12646,24.547497,-36.966698,-18.287123,-6.051588,3.6505284,-57.341595,48.07531,41.809536,57.46216,-0.6696727,11.882873,-31.949244,-6.571627,-112.524574,-5.6127615,10.16974,69.44992,-22.293303,0.49375692,-119.44774,-18.126219,3.695822,84.02416,-31.602747,4.166907
289,-0.6672059893608093,-2.3193016052246094,56.75053024291992,32.36551547706736,59.73358985461155,-51.12747977141782,-14.967903,-13.158487,10.997763,-66.146645,24.496664,-36.87156,-18.32631,-6.053242,3.5692098,-56.489098,48.0877,41.159397,58.33081,-0.5937421,12.044076,-32.03501,-6.545131,-111.613434,-5.6325555,9.98414,68.70353,-22.044796,0.49350792,-118.399734,-18.100803,3.3505485,83.213394,-31.359,4.154406
290,-0.6477329134941101,-2.280931234359741,57.031654357910156,31.633686208084928,59.46665537702666,-51.801024805665655,-14.830912,-13.333171,11.048693,-66.16653,24.44323,-36.77472,-18.35091,-6.051546,3.4610376,-55.61814,48.122467,40.47402,59.199173,-0.51147854,12.183145,-32.089027,-6.5244956,-110.68249,-5.635901,9.787717,67.94988,-21.791594,0.48876798,-117.32166,-18.058008,2.9872673,82.38089,-31.104544,4.1347857
291,-0.6325018405914307,-2.240102767944336,57.31455612182617,30.89023036275894,59.18284441232167,-52.48593293378876,-14.692257,-13.497317,11.102032,-66.184456,24.396595,-36.673313,-18.37583,-6.0444107,3.3587825,-54.73574,48.163067,39.789013,60.089508,-0.42051578,12.270805,-32.12948,-6.5083375,-109.730896,-5.623911,9.584224,67.19272,-21.536366,0.47826242,-116.21835,-17.99772,2.6129339,81.536705,-30.84545,4.1072598
292,-0.6169651746749878,-2.1930344104766846,57.600830078125,30.14029114393899,58.879349973938105,-53.180700913669405,-14.558322,-13.6761465,11.159019,-66.19764,24.366732,-36.566105,-18.41791,-6.0292826,3.294559,-53.83806,48.228615,39.093296,60.996727,-0.26782608,12.290364,-32.156567,-6.494312,-108.756485,-5.6035743,9.384338,66.42543,-21.276186,0.46862784,-115.09145,-17.927298,2.2389507,80.67325,-30.571003,4.0831423
293,-0.6012486219406128,-2.1473021507263184,57.890350341796875,29.396122072459065,58.55108005924851,-53.874239383762294,-14.436261,-13.879272,11.220776,-66.20149,24.368647,-36.457302,-18.489422,-6.0039206,3.2934132,-52.9378,48.284836,38.419025,61.94324,-0.084942974,12.219782,-32.165398,-6.4874296,-107.74762,-5.577562,9.189852,65.645676,-21.017712,0.45930395,-113.93493,-17.846922,1.8701358,79.796814,-30.294928,4.0614114
294,-0.5909333825111389,-2.0995101928710938,58.181453704833984,28.653783149007722,58.201040688851236,-54.5686811397535,-14.320688,-14.092314,11.287436,-66.19569,24.39554,-36.348724,-18.582766,-5.969675,3.3326151,-52.02749,48.35353,37.740463,62.908073,0.13883536,12.081995,-32.151276,-6.4867797,-106.71387,-5.5378094,8.994455,64.85944,-20.758265,0.44374052,-112.75381,-17.750217,1.4977853,78.908676,-30.013735,4.0339904
295,-0.5782167315483093,-2.0462088584899902,58.47517395019531,27.89394688630078,57.83696170885382,-55.281468342916824,-14.200526,-14.304546,11.35892,-66.18461,24.423067,-36.23507,-18.682066,-5.9295797,3.373834,-51.105404,48.445984,37.0616,63.888874,0.40056315,11.894896,-32.141373,-6.4824204,-105.66068,-5.488067,8.798275,64.06622,-20.493996,0.42971614,-111.548584,-17.641098,1.1215571,78.001686,-29.720053,4.007259
296,-0.5648391246795654,-1.9891351461410522,58.77071762084961,27.097466364015236,57.46645110265658,-56.02978376314156,-14.064256,-14.505177,11.435226,-66.17546,24.423788,-36.10973,-18.76787,-5.8867483,3.3784683,-50.174362,48.56563,36.395397,64.883606,0.68581057,11.676615,-32.163963,-6.4647737,-104.593315,-5.422281,8.592629,63.273926,-20.228611,0.41263163,-110.31663,-17.514984,0.73053336,77.076904,-29.418047,3.975479
297,-0.5465040802955627,-1.9321322441101074,59.06985855102539,26.243564012058503,57.0946345612866,-56.832372284639945,-13.903127,-14.686397,11.516871,-66.174194,24.37864,-35.96418,-18.825663,-5.838386,3.3297136,-49.244923,48.70647,35.761246,65.90483,1.0064213,11.413926,-32.241283,-6.4248443,-103.506966,-5.3396235,8.372175,62.482395,-19.965881,0.39430833,-109.04563,-17.370981,0.3176228,76.12696,-29.111088,3.939991
298,-0.5262364745140076,-1.8790066242218018,59.37177658081055,25.350264582052993,56.714923366213604,-57.67336305329705,-13.724752,-14.857124,11.604253,-66.18153,24.299234,-35.801563,-18.86121,-5.78496,3.249907,-48.31389,48.885193,35.144142,66.93493,1.3771896,11.107755,-32.354046,-6.369745,-102.399254,-5.2385364,8.141179,61.69722,-19.715147,0.37216565,-107.73232,-17.209206,-0.11412972,75.15211,-28.801985,3.9033055
299,-0.5019136667251587,-1.8174476623535156,59.67338562011719,24.45575041870897,56.31698435870628,-58.51858324066404,-13.543309,-15.028583,11.695945,-66.19324,24.209852,-35.633392,-18.889833,-5.733833,3.1606548,-47.379288,49.092762,34.53163,67.9614,1.7403799,10.782534,-32.46402,-6.313482,-101.27867,-5.1292872,7.916776,60.9073,-19.457354,0.3546838,-106.40761,-17.03478,-0.53836805,74.1637,-28.477865,3.8692973
300,-0.4834233820438385,-1.754791259765625,59.974525451660156,23.597542997673134,55.89086793474942,-59.33378955476757,-13.37358,-15.211607,11.789487,-66.202934,24.136948,-35.471718,-18.929308,-5.692166,3.083621,-46.44512,49.291046,33.924038,68.98935,2.0113502,10.457966,-32.531784,-6.2706795,-100.13373,-5.011617,7.7030997,60.10729,-19.198898,0.3328275,-105.06924,-16.846792,-0.94959056,73.16777,-28.149311,3.8329806
301,-0.47289830446243286,-1.6926355361938477,60.27354431152344,22.791340629979253,55.43317589256488,-60.10588693383762,-13.221128,-15.409828,11.883508,-66.206,24.0939,-35.318237,-19.001492,-5.6678104,3.0243843,-45.495434,49.47379,33.31573,70.01552,2.1531143,10.163291,-32.569492,-6.2484417,-98.96278,-4.885778,7.5050774,59.298286,-18.94212,0.30563226,-103.7224,-16.645256,-1.3406758,72.17231,-27.820803,3.793822
302,-0.458539754152298,-1.6223728656768799,60.571502685546875,22.015808047483635,54.94981569828207,-60.85326181887014,-13.077944,-15.616455,11.977564,-66.20227,24.07083,-35.167515,-19.098038,-5.654572,2.9714785,-44.52504,49.63534,32.707283,71.060036,2.1963248,9.875998,-32.588364,-6.238226,-97.77462,-4.7582855,7.325563,58.480766,-18.680712,0.28604323,-102.366936,-16.438423,-1.7111238,71.162964,-27.475267,3.7642741
303,-0.4471324384212494,-1.5537567138671875,60.86842346191406,21.254083442990908,54.44673040245723,-61.58832598617352,-12.937039,-15.827764,12.070672,-66.1942,24.058113,-35.019608,-19.190035,-5.638447,2.9200375,-43.537563,49.785778,32.092056,72.13335,2.2087758,9.553765,-32.5607,-6.23055,-96.56399,-4.62237,7.149342,57.65839,-18.42198,0.26195675,-100.99125,-16.219402,-2.0769389,70.14576,-27.130474,3.731733
304,-0.4332183003425598,-1.4815435409545898,61.16539764404297,20.489263483204496,53.92936252730027,-62.323596539152426,-12.791217,-16.04063,12.16119,-66.18469,24.046371,-34.873165,-19.249205,-5.6059966,2.865451,-42.544407,49.944374,31.466946,73.237976,2.2653127,9.155358,-32.457935,-6.2159557,-95.33711,-4.482049,6.973083,56.828094,-18.158405,0.23832665,-99.595085,-15.99275,-2.4427543,69.111694,-26.777058,3.6999533
305,-0.414492666721344,-1.4087855815887451,61.4643440246582,19.710494799305554,53.398932235739544,-63.06873649916617,-12.634366,-16.251457,12.247609,-66.1775,24.030527,-34.723934,-19.252285,-5.5506372,2.8025935,-41.55197,50.136093,30.839474,74.37082,2.412443,8.652717,-32.279057,-6.189178,-94.0866,-4.3375444,6.7932687,55.98556,-17.891718,0.21560366,-98.16675,-15.758299,-2.8136902,68.05236,-26.415981,3.6702302
306,-0.4053400754928589,-1.3398408889770508,61.76272201538086,18.930982256250406,52.85182142516329,-63.81272501618121,-12.471593,-16.46336,12.3294935,-66.17291,24.014614,-34.570248,-19.21665,-5.4815288,2.7352142,-40.574455,50.345543,30.217718,75.51988,2.597038,8.073221,-32.02966,-6.156365,-92.81353,-4.1761327,6.6052775,55.140293,-17.628815,0.1782823,-96.70929,-15.503929,-3.1944818,66.98064,-26.058813,3.6273565
307,-0.39066654443740845,-1.26948881149292,62.05808639526367,18.167955293496828,52.28670298848348,-64.53906730535158,-12.312815,-16.681322,12.407,-66.16821,24.004395,-34.41634,-19.176098,-5.408324,2.6713731,-39.607414,50.584393,29.592844,76.65147,2.8000288,7.4710917,-31.71604,-6.1247845,-91.526024,-4.0150337,6.4260826,54.29361,-17.367754,0.14655319,-95.2379,-15.246801,-3.5635126,65.90006,-25.697062,3.59196
308,-0.37409234046936035,-1.1938012838363647,62.34872817993164,17.437038775757458,51.70269589980328,-65.2324808900644,-12.167685,-16.912548,12.480921,-66.15875,24.005928,-34.26786,-19.165638,-5.3402405,2.6194642,-38.653477,50.843483,28.950285,77.74524,2.981911,6.8930154,-31.330294,-6.1018276,-90.23284,-3.8541646,6.2591405,53.44787,-17.1047,0.11906912,-93.76641,-14.986908,-3.9156477,64.818245,-25.328259,3.5613074
309,-0.36587202548980713,-1.1220932006835938,62.634986877441406,16.74541248667851,51.09701966907056,-65.88511884497085,-12.040873,-17.155045,12.552163,-66.1402,24.026707,-34.127533,-19.204426,-5.2780495,2.5866714,-37.72148,51.102608,28.291124,78.80712,3.1265805,6.3302155,-30.8481,-6.09539,-88.923775,-3.6828046,6.0985065,52.605885,-16.850077,0.08367658,-92.282455,-14.713497,-4.258658,63.736725,-24.965492,3.5248861
310,-0.35477083921432495,-1.0419875383377075,62.915802001953125,16.082309757593166,50.47159440884273,-66.50752042496958,-11.926518,-17.40759,12.6211195,-66.11236,24.063951,-33.995018,-19.274334,-5.2164674,2.567031,-36.811874,51.36235,27.628498,79.84886,3.2497096,5.764053,-30.28443,-6.0994997,-87.610115,-3.5108943,5.9508443,51.766693,-16.591894,0.05400982,-90.79846,-14.436895,-4.584302,62.653,-24.592094,3.4938257
311,-0.3447818458080292,-0.9602941274642944,63.19225311279297,15.437465103400385,49.833930901470104,-67.11138583769953,-11.819288,-17.67242,12.688062,-66.0788,24.107222,-33.87038,-19.35277,-5.156005,2.5483744,-35.899857,51.66753,26.96114,80.85412,3.379567,5.227616,-29.69902,-6.1005435,-86.288,-3.3386226,5.809736,50.924664,-16.332155,0.022925634,-89.31037,-14.157206,-4.8995667,61.567944,-24.217333,3.4624453
312,-0.33138608932495117,-0.8844718337059021,63.46277618408203,14.800483978434642,49.19040543839119,-67.70769264357968,-11.713703,-17.952702,12.753166,-66.04436,24.144588,-33.75251,-19.414349,-5.097305,2.5190883,-35.00545,51.980488,26.280804,81.82813,3.4554353,4.7413197,-29.100893,-6.085937,-84.95922,-3.1723695,5.6732125,50.088093,-16.081253,-0.007473399,-87.81663,-13.882695,-5.2056875,60.489464,-23.853266,3.435516
313,-0.3164407014846802,-0.8052214980125427,63.72742462158203,14.16306769941512,48.54254763135148,-68.30707953725461,-11.610203,-18.256248,12.816919,-66.013756,24.165554,-33.636356,-19.44312,-5.040803,2.471934,-34.137035,52.28871,25.603052,82.77294,3.4513397,4.298577,-28.512829,-6.0479016,-83.63108,-3.0111396,5.5400677,49.251755,-15.826164,-0.038443275,-86.3267,-13.611763,-5.503885,59.41599,-23.488922,3.4088922
314,-0.30564963817596436,-0.7246837019920349,63.98660659790039,13.533121700793153,47.88683224794163,-68.9010108496459,-11.510733,-18.577797,12.87937,-65.98711,24.17471,-33.522224,-19.45016,-4.9867234,2.41482,-33.29126,52.60181,24.931005,83.68495,3.3889034,3.8910387,-27.922794,-5.9947925,-82.3003,-2.8482878,5.4084353,48.417244,-15.569793,-0.07557105,-84.836914,-13.337653,-5.7968297,58.348,-23.127445,3.3770068
315,-0.2900070548057556,-0.6451361179351807,64.23963165283203,12.923500414835566,47.22216130450115,-69.473278480785,-11.411606,-18.906013,12.939124,-65.96035,24.185335,-33.417522,-19.454767,-4.9355226,2.3587143,-32.4428,52.959187,24.259094,84.55867,3.3268297,3.5377376,-27.330626,-5.9374247,-80.965515,-2.693616,5.284422,47.585,-15.316531,-0.10770882,-83.34595,-13.070506,-6.077606,57.28375,-22.768936,3.3522189
316,-0.2744765877723694,-0.5678720474243164,64.48616027832031,12.34564519240499,46.54757341169774,-70.00763110195578,-11.310811,-19.22706,12.994197,-65.92725,24.212652,-33.32987,-19.478027,-4.8871975,2.3146608,-31.612593,53.315113,23.568453,85.39631,3.2292795,3.2529528,-26.684328,-5.8875046,-79.629005,-2.5431843,5.1651845,46.757538,-15.067636,-0.13902894,-81.855095,-12.806588,-6.34943,56.22543,-22.415873,3.3298678
317,-0.2606963813304901,-0.49356818199157715,64.72570037841797,11.804873697454724,45.86192291189186,-70.4960807050798,-11.212443,-19.537453,13.04296,-65.88298,24.267824,-33.26061,-19.543722,-4.8443108,2.2901444,-30.798143,53.66594,22.87264,86.18558,3.0663803,3.0776834,-25.973783,-5.84954,-78.2908,-2.398131,5.049955,45.93625,-14.82395,-0.17036869,-80.364876,-12.547569,-6.6128845,55.17684,-22.071053,3.3091505
318,-0.25609302520751953,-0.4164963960647583,64.95850372314453,11.291947271253001,45.16671175843144,-70.95025938120466,-11.117129,-19.84226,13.085247,-65.82792,24.345558,-33.20631,-19.640533,-4.8054934,2.2774177,-29.997984,54.013027,22.173779,86.93546,2.840449,2.987778,-25.2175,-5.817159,-76.95444,-2.2505698,4.93459,45.11656,-14.575985,-0.20961449,-78.88017,-12.2848625,-6.8729095,54.136475,-21.728466,3.279873
319,-0.24739214777946472,-0.33697932958602905,65.18404388427734,10.797916864726433,44.46568950461821,-71.38365946255604,-11.020234,-20.001955,13.119489,-65.76939,24.431858,-33.16318,-19.73039,-4.7656593,2.2642834,-29.267311,54.34006,21.53328,87.636,2.5755994,2.9071891,-24.485891,-5.784608,-75.62333,-2.109018,4.8266654,44.30539,-14.330175,-0.24373817,-77.40315,-12.027554,-7.1207023,53.10404,-21.385984,3.2564635
320,-0.23396220803260803,-0.262470543384552,65.4034423828125,10.313809672049256,43.761593225623905,-71.80953835768754,-10.913084,-20.001955,13.152518,-65.703415,24.520578,-33.142635,-19.78822,-4.7167563,2.2396753,-28.48079,54.700848,20.83821,88.38827,2.4171307,2.7632632,-23.785746,-5.746415,-74.289894,-1.969289,4.72546,43.502876,-14.095226,-0.27498814,-75.92199,-11.770754,-7.3582907,52.07144,-21.04809,3.2389882
321,-0.22356155514717102,-0.1850433647632599,65.61631774902344,9.83622855379978,43.055215365493474,-72.23252594657292,-10.784301,-20.001955,13.182413,-65.63932,24.60848,-33.14317,-19.788252,-4.658754,2.198105,-27.71752,55.061592,20.169699,89.15143,2.332083,2.5243354,-23.157324,-5.6987133,-72.96299,-1.8251297,4.6268487,42.707424,-13.860269,-0.31081754,-74.447845,-11.5079565,-7.589354,51.042015,-20.70829,3.2173836
322,-0.21694758534431458,-0.11125952005386353,65.82386779785156,9.369826701092958,42.34482864755439,-72.64604664242708,-10.639912,-20.001955,13.209069,-65.57584,24.698328,-33.162315,-19.749783,-4.595323,2.1474032,-26.976645,55.42562,19.52123,89.91007,2.2919822,2.2361457,-22.571726,-5.6451297,-71.63254,-1.6775258,4.5301633,41.914864,-13.630511,-0.35218847,-72.9701,-11.240074,-7.815584,50.012592,-20.373018,3.1922019
323,-0.21270307898521423,-0.04117786884307861,66.02554321289062,8.917666205767194,41.63134309481452,-73.04652296843503,-10.489204,-20.001955,13.231913,-65.51255,24.775078,-33.189575,-19.689676,-4.527522,2.0932539,-26.256443,55.791653,18.890701,90.65707,2.2721224,1.941811,-22.022982,-5.591144,-70.30168,-1.525591,4.43824,41.1289,-13.407557,-0.39722508,-71.49152,-10.966342,-8.033945,48.98362,-20.041422,3.1650097
324,-0.20070987939834595,0.03051087260246277,66.21968841552734,8.483863598113832,40.91538357139236,-73.42950723151813,-10.341225,-20.001955,13.250393,-65.44992,24.82163,-33.213867,-19.62259,-4.456506,2.0409184,-25.55392,56.1567,18.27562,91.38383,2.242903,1.6842135,-21.507338,-5.5423574,-68.98016,-1.3783523,4.3593817,40.357048,-13.191056,-0.4333492,-70.0214,-10.696808,-8.235065,47.957058,-19.70619,3.147229
325,-0.19314754009246826,0.09888410568237305,66.40853881835938,8.068706898509062,40.19508708805654,-73.79223768579661,-10.199765,-20.001955,13.264695,-65.3885,24.83531,-33.235157,-19.55103,-4.3841977,1.9862548,-24.865608,56.51731,17.678448,92.083725,2.1943953,1.4792378,-21.031641,-5.502336,-67.656815,-1.2232836,4.2869325,39.590282,-12.980196,-0.4748862,-68.54813,-10.417424,-8.427485,46.925846,-19.371696,3.1251683
326,-0.18430157005786896,0.16866102814674377,66.5903091430664,7.669818080358094,39.47115552427187,-74.1377474994631,-10.059532,-20.001955,13.275167,-65.328606,24.823261,-33.258102,-19.466204,-4.309463,1.9278961,-24.190012,56.872776,17.098726,92.7655,2.1399267,1.3027706,-20.595552,-5.467782,-66.33999,-1.067641,4.2231703,38.83492,-12.773751,-0.5149086,-67.08066,-10.136791,-8.6075115,45.89732,-19.035452,3.1051214
327,-0.18033143877983093,0.23232996463775635,66.7660140991211,7.284082256778457,38.74801597468139,-74.47255268209206,-9.916281,-20.001955,13.281295,-65.27066,24.783772,-33.279633,-19.366991,-4.228682,1.8752881,-23.527636,57.22425,16.529587,93.44381,2.0863621,1.1365272,-20.183954,-5.4334207,-65.02518,-0.90577984,4.164532,38.087658,-12.57605,-0.56072503,-65.61413,-9.848688,-8.779585,44.869133,-18.704615,3.080485
328,-0.17448188364505768,0.29531046748161316,66.93386840820312,6.909214191887278,38.02999038143984,-74.80286631040379,-9.766284,-20.001955,13.28222,-65.215454,24.714207,-33.295708,-19.25119,-4.1383348,1.8377796,-22.880747,57.57369,15.965116,94.13432,2.0425553,0.9620426,-19.781204,-5.394057,-63.727684,-0.7455031,4.115017,37.35881,-12.386399,-0.60342795,-64.16489,-9.562621,-8.937964,43.851215,-18.375639,3.0583446
329,-0.1669454425573349,0.36030113697052,67.09329986572266,6.541849259220559,37.31731747095167,-75.13300183167237,-9.608393,-20.001955,13.277043,-65.16477,24.609846,-33.303802,-19.107576,-4.0314026,1.8186505,-22.251593,57.922672,15.40616,94.838615,2.0068514,0.7703946,-19.384367,-5.348417,-62.452446,-0.5847638,4.0742393,36.653107,-12.20417,-0.6426406,-62.737156,-9.276656,-9.0821085,42.846127,-18.046621,3.0376139
330,-0.16195876896381378,0.4204869270324707,67.24729919433594,6.183666447432597,36.608068735677676,-75.45940940555471,-9.444748,-20.001955,13.265402,-65.11911,24.472895,-33.305027,-18.940004,-3.912183,1.8123411,-21.640312,58.2717,14.856636,95.54505,1.9765164,0.57352656,-19.000856,-5.299165,-61.181026,-0.4202049,4.039599,35.952663,-12.027975,-0.6844557,-61.311996,-8.985286,-9.216963,41.83744,-17.71903,3.0143104
331,-0.1534624993801117,0.48109665513038635,67.39254760742188,5.839310931113343,35.90334132883578,-75.77705649990135,-9.27599,-20.001955,13.2473,-65.07656,24.312119,-33.301434,-18.769331,-3.7937102,1.8147509,-21.046513,58.619186,14.315931,96.25577,1.9620413,0.38262674,-18.629126,-5.247167,-59.930885,-0.26216266,4.0145774,35.275887,-11.861229,-0.7214989,-59.90921,-8.703007,-9.337875,40.848236,-17.396278,2.9960449
332,-0.14806902408599854,0.5337372422218323,67.52944946289062,5.513494046179962,35.20458805664046,-76.080887003749,-9.102737,-20.001955,13.223045,-65.03386,24.13785,-33.296093,-18.618887,-3.6888752,1.8219131,-20.469254,58.962452,13.784012,96.97374,1.9735241,0.20884699,-18.267511,-5.1931443,-58.69421,-0.10858834,3.9959311,34.618168,-11.708682,-0.7621955,-58.52542,-8.428809,-9.449625,39.885536,-17.091253,2.9773269
333,-0.14363080263137817,0.5905300378799438,67.65778350830078,5.204448222989611,34.51038088485669,-76.37277918353729,-8.921248,-20.001955,13.193919,-64.99068,23.948563,-33.290287,-18.489305,-3.594135,1.8357321,-19.945805,59.27948,13.295609,97.67322,1.9795065,0.05966055,-17.933512,-5.1363635,-57.481243,0.03754048,3.9851036,33.979317,-11.5585785,-0.8023521,-57.17258,-8.166054,-9.550466,38.951168,-16.791698,2.9592626
334,-0.13908697664737701,0.6434693932533264,67.7777099609375,4.909613549052891,33.820938040757156,-76.65488703233869,-8.732673,-20.001955,13.157393,-64.94335,23.737564,-33.28353,-18.370043,-3.5015247,1.8513613,-19.384447,59.620556,12.771996,98.41478,2.0384724,-0.06831976,-17.587059,-5.0771575,-56.285812,0.17822695,3.9809935,33.364258,-11.421508,-0.84227026,-55.84057,-7.912562,-9.64163,38.043762,-16.505873,2.9432523
335,-0.13496540486812592,0.6908148527145386,67.89048767089844,4.632407250973053,33.13945732590756,-76.9240601195962,-8.544161,-20.001955,13.11652,-64.895485,23.521511,-33.27685,-18.27479,-3.427457,1.8753505,-18.860413,59.9408,12.275559,99.147514,2.1067996,-0.19172485,-17.263823,-5.0173345,-55.105194,0.31088227,3.9832234,32.763035,-11.294025,-0.88203704,-54.529984,-7.670199,-9.723992,37.15993,-16.233181,2.9294631
336,-0.13256016373634338,0.7350109815597534,67.99537658691406,4.375804124305517,32.469823554371395,-77.17748778381645,-8.362811,-20.001955,13.075648,-64.84903,23.314438,-33.27379,-18.215635,-3.3865485,1.9124631,-18.44578,60.205547,11.860216,99.81865,2.1522133,-0.32731062,-16.994608,-4.9587283,-53.94849,0.43412524,3.991316,32.17799,-11.173065,-0.92181295,-53.253544,-7.4414077,-9.797401,36.308784,-15.974099,2.9168792
337,-0.1311512589454651,0.7742837071418762,68.0927734375,4.1413326111463835,31.813873272124063,-77.41334035375655,-8.191823,-20.001955,13.018851,-64.78748,23.101194,-33.26769,-18.198803,-3.3755252,1.9437298,-17.899773,60.562813,11.319581,100.598114,2.3675098,-0.47099072,-16.665403,-4.903621,-52.81448,0.54638964,4.005518,31.606333,-11.05931,-0.96133316,-52.011272,-7.2276793,-9.861914,35.489777,-15.729696,2.9067893
338,-0.13289675116539001,0.814125657081604,68.18297576904297,3.9258318974376505,31.169747481379915,-77.63530588921337,-8.026721,-20.001955,12.957924,-64.72383,22.900475,-33.261204,-18.230001,-3.3978944,1.9933951,-17.391972,60.891644,10.79395,101.372604,2.6030085,-0.62133116,-16.351137,-4.850311,-51.70647,0.6505499,4.0249844,31.04845,-10.947241,-1.002094,-50.807392,-7.026265,-9.918281,34.70497,-15.495913,2.8958507
339,-0.1342446506023407,0.858298659324646,68.26636505126953,3.7246920570112336,30.535053372332005,-77.84756969986375,-7.8643394,-20.001955,12.891652,-64.65777,22.704947,-33.257294,-18.278856,-3.4378786,2.038658,-16.915161,61.204872,10.289757,102.13064,2.8337135,-0.7629558,-16.055716,-4.7953486,-50.62463,0.7441553,4.0491433,30.504372,-10.833925,-1.039267,-49.64055,-6.839577,-9.967437,33.952892,-15.268761,2.8868701
340,-0.13717292249202728,0.8959576487541199,68.3440933227539,3.533496265411026,29.907274796518045,-78.0541468623852,-7.701216,-20.001955,12.819638,-64.59163,22.518677,-33.257847,-18.322796,-3.4833467,2.064452,-16.457924,61.51927,9.812178,102.864265,3.0401547,-0.88113976,-15.782234,-4.7353377,-49.55286,0.8317763,4.0748115,29.971163,-10.729126,-1.0765059,-48.489002,-6.661712,-10.01431,33.223347,-15.056965,2.8778799
341,-0.13381065428256989,0.925368070602417,68.41670227050781,3.3513712620841014,29.285352890937745,-78.25542033696314,-7.5339994,-20.001955,12.7438135,-64.527245,22.338612,-33.263073,-18.36063,-3.5408018,2.062915,-16.026495,61.835667,9.369977,103.56808,3.2209935,-0.97716534,-15.54002,-4.6675563,-48.487587,0.9041063,4.1022434,29.44868,-10.635644,-1.1052305,-47.346344,-6.5020423,-10.059382,32.51335,-14.86105,2.8777282
342,-0.13411641120910645,0.9550794959068298,68.483154296875,3.18002445534147,28.670646518379762,-78.45019655699967,-7.3653264,-20.001955,12.663618,-64.46306,22.162666,-33.272007,-18.401281,-3.6131217,2.043096,-15.635695,62.12296,8.924322,104.23647,3.3535154,-1.0530671,-15.293291,-4.5946045,-47.439686,0.970234,4.129587,28.93589,-10.542142,-1.134942,-46.234077,-6.352573,-10.102633,31.83974,-14.679618,2.8749862
343,-0.13803523778915405,0.9807676076889038,68.54525756835938,3.019802255712305,28.06490926361504,-78.63970248364458,-7.201597,-20.001955,12.570083,-64.395195,21.999578,-33.280148,-18.440235,-3.6832297,2.014043,-15.224036,62.437878,8.476914,104.91218,3.5018578,-1.1056321,-15.045446,-4.520672,-46.40846,1.0337908,4.1602087,28.437277,-10.45661,-1.1665993,-45.139725,-6.2079744,-10.142665,31.18185,-14.506894,2.869933
344,-0.14374032616615295,1.011300802230835,68.60185241699219,2.8711272381901844,27.469258129899288,-78.8253933233414,-7.048824,-20.001955,12.468657,-64.32894,21.855951,-33.29172,-18.468601,-3.7384074,1.9978836,-14.841216,62.737995,8.04328,105.557495,3.6127567,-1.1315762,-14.789332,-4.450068,-45.401066,1.0949618,4.1991096,27.949594,-10.368937,-1.1985995,-44.08412,-6.0694027,-10.171731,30.554966,-14.338506,2.863437
345,-0.14765793085098267,1.0348528623580933,68.6535415649414,2.7344147383821236,26.885979026976177,-79.00848035891775,-6.9115486,-20.001955,12.356656,-64.26315,21.73376,-33.307346,-18.480402,-3.7718496,1.999107,-14.481861,63.035664,7.6369896,106.178566,3.7118106,-1.120948,-14.533134,-4.3836904,-44.40986,1.1519136,4.249078,27.477333,-10.294,-1.2292598,-43.05386,-5.938591,-10.18845,29.952475,-14.182941,2.8604283
346,-0.15311548113822937,1.0558955669403076,68.70069885253906,2.6085639612580636,26.313709237025392,-79.18879665830771,-6.785508,-20.001955,12.2330885,-64.19735,21.631126,-33.324554,-18.482151,-3.7925935,2.0088162,-14.149463,63.325233,7.246557,106.77244,3.7904444,-1.0781302,-14.270985,-4.3193464,-43.43457,1.205737,4.306627,27.013279,-10.223131,-1.2608367,-42.051334,-5.813949,-10.196436,29.374508,-14.036738,2.8568778
347,-0.16105389595031738,1.076634168624878,68.74406433105469,2.491382787199304,25.7493344881245,-79.36491629925328,-6.664217,-20.001955,12.098812,-64.13232,21.54399,-33.339756,-18.48145,-3.807317,2.018343,-13.839161,63.61287,6.874421,107.33628,3.8360672,-1.026793,-14.010916,-4.2568364,-42.475506,1.2576932,4.367763,26.559889,-10.155396,-1.2939073,-41.07122,-5.693617,-10.199963,28.816229,-13.897173,2.8514936
348,-0.16835658252239227,1.093543291091919,68.78502655029297,2.38096816269019,25.189801603935976,-79.5356015290243,-6.5407825,-20.001955,11.960227,-64.07019,21.463799,-33.35404,-18.483145,-3.8226812,2.0205636,-13.561007,63.886497,6.5157423,107.85434,3.8125594,-0.989231,-13.754141,-4.1955695,-41.514774,1.304409,4.4300804,26.09787,-10.086154,-1.3263447,-40.094666,-5.5782375,-10.202629,28.25915,-13.760306,2.847914
349,-0.17579114437103271,1.1069490909576416,68.82341003417969,2.2767637451892018,24.63298878348067,-79.70235148778883,-6.409493,-20.001955,11.813765,-64.009514,21.391605,-33.362194,-18.4937,-3.8384738,2.0088878,-13.298723,64.1615,6.159656,108.33287,3.7167253,-0.9699205,-13.492079,-4.133719,-40.550293,1.3456837,4.4925413,25.627434,-10.015645,-1.35886,-39.12081,-5.4682994,-10.205637,27.706606,-13.628253,2.8455603
350,-0.18195119500160217,1.119789481163025,68.85953521728516,2.1797232021614783,24.081223654716727,-79.86553014513966,-6.275216,-20.001955,11.655496,-63.949657,21.332611,-33.36328,-18.509937,-3.8519418,1.9881217,-13.044963,64.4435,5.7996926,108.7813,3.569163,-0.9558678,-13.217002,-4.0720177,-39.587032,1.3796349,4.5573316,25.147398,-9.940194,-1.3892665,-38.15583,-5.3656697,-10.2067585,27.15791,-13.496407,2.8455908
351,-0.18684612214565277,1.1319905519485474,68.89322662353516,2.0894936666794854,23.537111493160918,-80.02306408583303,-6.147074,-20.001955,11.501643,-63.893772,21.275173,-33.37588,-18.51564,-3.8645067,1.9701643,-12.824071,64.70626,5.471609,109.19441,3.3850977,-0.95035064,-12.961948,-4.013822,-38.63149,1.4086981,4.624906,24.664328,-9.862393,-1.4176264,-37.203636,-5.268087,-10.20474,26.614037,-13.364588,2.8474646
352,-0.19191214442253113,1.1415011882781982,68.92404174804688,2.005628919095177,23.00349367378648,-80.17242965165092,-6.034611,-20.001955,11.325886,-63.835423,21.233353,-33.380196,-18.513721,-3.8770657,1.950064,-12.595505,64.989876,5.1308227,109.60731,3.2299237,-0.9435178,-12.68912,-3.9627192,-37.690845,1.4371907,4.695125,24.188692,-9.788082,-1.4458249,-36.267246,-5.171817,-10.198939,26.077793,-13.235745,2.8493373
353,-0.20039817690849304,1.1458680629730225,68.95196533203125,1.929683068906934,22.482386769050915,-80.3114729336615,-5.945207,-20.001955,11.158841,-63.78092,21.192518,-33.408627,-18.48561,-3.8891966,1.939284,-12.404518,65.236725,4.82205,109.99106,3.065375,-0.9456296,-12.443297,-3.923766,-36.765434,1.4694792,4.770285,23.721737,-9.720014,-1.4772831,-35.348545,-5.072727,-10.187235,25.550623,-13.112425,2.8479512
354,-0.20900210738182068,1.1450395584106445,68.97704315185547,1.8606058815053788,21.971979518178916,-80.44233256448983,-5.8725276,-20.001955,10.957187,-63.72162,21.17772,-33.418938,-18.455267,-3.900323,1.9192892,-12.193346,65.51805,4.4958286,110.38169,2.9367652,-0.9494141,-12.174657,-3.893802,-35.853035,1.5010723,4.849919,23.263918,-9.659189,-1.5087894,-34.44505,-4.9756765,-10.170366,25.033693,-12.9955015,2.847135
355,-0.2197713553905487,1.1413984298706055,68.99984741210938,1.794713427860989,21.469207757936367,-80.56939500094919,-5.8045683,-20.001955,10.756002,-63.667305,21.164999,-33.433235,-18.41812,-3.9141088,1.9091325,-11.999963,65.78237,4.1922994,110.75337,2.7903633,-0.95225406,-11.921324,-3.8632915,-34.94741,1.5316888,4.927598,22.804083,-9.597278,-1.5426236,-33.55143,-4.879428,-10.154298,24.523026,-12.882977,2.8442469
356,-0.22756130993366241,1.139629602432251,69.02129364013672,1.7284300955876728,20.97105766455152,-80.69677895896842,-5.7295356,-20.001955,10.542663,-63.615967,21.153343,-33.431416,-18.386282,-3.9322724,1.9064412,-11.805656,66.05371,3.893309,111.117584,2.633533,-0.94288695,-11.664587,-3.8230202,-34.043972,1.554113,4.99858,22.33069,-9.524586,-1.5732789,-32.659527,-4.789112,-10.143793,24.005377,-12.765242,2.844123
357,-0.23196396231651306,1.1328108310699463,69.04195404052734,1.6603961415522077,20.477020859795044,-80.82689446484198,-5.6422353,-20.001955,10.336663,-63.570152,21.12807,-33.42888,-18.354006,-3.955737,1.9248693,-11.628836,66.30821,3.6093493,111.45665,2.418135,-0.91194725,-11.404092,-3.7673888,-33.129597,1.5670762,5.059369,21.832396,-9.442262,-1.6018139,-31.75504,-4.7042723,-10.143005,23.471207,-12.646149,2.8477938
358,-0.2368568480014801,1.1252254247665405,69.06092834472656,1.5927131508557748,19.988520601234466,-80.95719400878716,-5.549354,-20.001955,10.12222,-63.526978,21.100521,-33.416004,-18.321573,-3.9828875,1.9540825,-11.450769,66.57332,3.3323913,111.78656,2.1847703,-0.8658562,-11.133021,-3.7024045,-32.21686,1.5759891,5.112683,21.321892,-9.351743,-1.6310908,-30.853107,-4.6216035,-10.148471,22.933834,-12.526429,2.8508341
359,-0.23950421810150146,1.1163033246994019,69.07850646972656,1.5277129827057687,19.505667933177833,-81.0842596203756,-5.4565253,-20.001955,9.909058,-63.48857,21.069235,-33.404743,-18.284939,-4.011221,1.9840624,-11.2790365,66.8319,3.069481,112.11011,1.967981,-0.82522976,-10.883664,-3.6356938,-31.304405,1.5793229,5.163842,20.799232,-9.254933,-1.6579491,-29.95256,-4.5425906,-10.155381,22.389462,-12.403575,2.8564339
360,-0.24598418176174164,1.1105202436447144,69.09379577636719,1.4675536138298633,19.028479038587104,-81.20469756986249,-5.3694773,-20.001955,9.696004,-63.45544,21.036802,-33.397453,-18.242428,-4.038011,1.9997647,-11.107396,67.08397,2.8267472,112.44277,1.8215159,-0.81058073,-10.685923,-3.5750682,-30.403492,1.58458,5.2162633,20.27738,-9.153182,-1.6874022,-29.068863,-4.4619703,-10.159297,21.854511,-12.280117,2.85788
361,-0.24850600957870483,1.0991007089614868,69.10711669921875,1.4138300226542444,18.556842618585822,-81.31529084578193,-5.291486,-20.001955,9.481295,-63.42788,21.005056,-33.395653,-18.188211,-4.063079,1.9936268,-10.9319935,67.32634,2.602578,112.78727,1.7677197,-0.8227593,-10.560719,-3.523501,-29.500698,1.5831088,5.2725997,19.749533,-9.053792,-1.7125492,-28.185963,-4.3874774,-10.159496,21.31751,-12.159122,2.8649352
362,-0.2485983967781067,1.084650993347168,69.11827087402344,1.364822825789625,18.090842207656916,-81.41875084519945,-5.218884,-20.001955,9.264217,-63.405647,20.972683,-33.395798,-18.125158,-4.087883,1.9742349,-10.750375,67.55998,2.3953474,113.141174,1.7770988,-0.8518498,-10.490389,-3.476591,-28.600193,1.576102,5.3298817,19.217463,-8.954199,-1.7348126,-27.308905,-4.318303,-10.158147,20.7838,-12.04093,2.8755004
363,-0.2579241096973419,1.0733224153518677,69.12771606445312,1.317904957490728,17.630549367835393,-81.52034067866036,-5.1471834,-20.001955,9.046098,-63.38939,20.939684,-33.39371,-18.064722,-4.1124754,1.9523995,-10.562547,67.786285,2.2033234,113.50516,1.8175997,-0.89748234,-10.439286,-3.4310968,-27.708961,1.576984,5.385581,18.681156,-8.846132,-1.7657604,-26.446909,-4.240499,-10.155952,20.256271,-11.921538,2.875556
364,-0.2671215534210205,1.0569251775741577,69.13557434082031,1.2706625828387195,17.1758172412611,-81.62537515577728,-5.0717964,-20.001955,8.829415,-63.37984,20.904848,-33.385956,-18.017752,-4.1368427,1.9390093,-10.372645,68.00276,2.019725,113.87436,1.85009,-0.9585627,-10.368819,-3.3837523,-26.816162,1.5787971,5.441364,18.138863,-8.739045,-1.7980895,-25.581755,-4.1594653,-10.151358,19.718534,-11.800906,2.8751616
365,-0.2718656361103058,1.0395616292953491,69.14159393310547,1.2226505753159331,16.72667326197467,-81.73434814747074,-4.988281,-20.001955,8.615972,-63.377293,20.86611,-33.37176,-17.993397,-4.159448,1.9408284,-10.181704,68.210815,1.8493639,114.253426,1.8809751,-1.0437232,-10.276331,-3.3340056,-25.92995,1.577493,5.497157,17.598732,-8.63323,-1.826948,-24.719252,-4.0801125,-10.143295,19.17416,-11.676097,2.8783686
366,-0.27337920665740967,1.0211788415908813,69.14606475830078,1.1751638334512238,16.28296973195606,-81.84484784175388,-4.9000864,-20.001955,8.406172,-63.381508,20.823042,-33.3549,-17.982481,-4.180566,1.9509034,-9.990024,68.40981,1.6932316,114.641426,1.9252204,-1.15077,-10.178042,-3.2834177,-25.045792,1.5727673,5.5532074,17.052214,-8.524682,-1.8531528,-23.858555,-4.0023613,-10.132428,18.62171,-11.54645,2.8843172
367,-0.27921316027641296,1.0057151317596436,69.14852905273438,1.1281310406723302,15.844983238876567,-81.95751188103871,-4.814286,-20.001955,8.200334,-63.3918,20.777008,-33.33937,-17.969633,-4.2027125,1.9599515,-9.798403,68.600914,1.5486511,115.02409,1.9625008,-1.263005,-10.073916,-3.2321436,-24.175089,1.5730649,5.609432,16.511213,-8.413245,-1.8834668,-23.012869,-3.9198172,-10.118738,18.076172,-11.415389,2.8845932
368,-0.27993401885032654,0.9904168844223022,69.14942932128906,1.0818736073159605,15.41299281191576,-82.07278393974573,-4.738133,-20.001955,7.9987736,-63.407314,20.730103,-33.32875,-17.939623,-4.228393,1.9587805,-9.607909,68.78533,1.4132737,115.392204,1.9754044,-1.3647199,-9.962421,-3.1804156,-23.310093,1.5684336,5.668928,15.968017,-8.29989,-1.908348,-22.172174,-3.8413224,-10.101154,17.524254,-11.278159,2.8897002
369,-0.2819797098636627,0.9727336168289185,69.14603424072266,1.0326692676430655,14.988229384490147,-82.1927831491963,-4.674747,-20.001955,7.8013735,-63.426334,20.678152,-33.326588,-17.884611,-4.2607474,1.9424928,-9.420268,68.96455,1.2860618,115.74304,1.9626317,-1.4571961,-9.84394,-3.1297712,-22.49105,1.5754007,5.7313433,15.499559,-8.221247,-1.9360989,-21.358177,-3.758625,-10.077186,17.007801,-11.157127,2.8922417
370,-0.2832159399986267,0.9562775492668152,69.13943481445312,0.9825779380327689,14.570235102714065,-82.31662039299994,-4.6196303,-20.001955,7.6084948,-63.449265,20.622152,-33.33075,-17.81476,-4.297237,1.9164131,-9.235872,69.138306,1.1691552,116.08273,1.9353032,-1.5477237,-9.717769,-3.079042,-21.706263,1.5868593,5.796245,15.078494,-8.161846,-1.963395,-20.57053,-3.6767776,-10.04746,16.520348,-11.045359,2.8945894
371,-0.2847164273262024,0.935712456703186,69.13221740722656,0.9346732395923457,14.156410144112256,-82.44033947935847,-4.568833,-20.001955,7.4208813,-63.476353,20.570383,-33.33747,-17.740284,-4.331992,1.8889433,-9.054299,69.30578,1.059489,116.4034,1.8841428,-1.6273273,-9.581644,-3.0272355,-20.911003,1.5954796,5.8614435,14.634578,-8.094046,-1.9911042,-19.774672,-3.5944645,-10.017866,16.01518,-10.928353,2.8968124
372,-0.2846736013889313,0.917487621307373,69.12381744384766,0.8899632039447823,13.744508434792294,-82.5597979202071,-4.518862,-20.001955,7.239352,-63.506363,20.532011,-33.342896,-17.672112,-4.3589363,1.8692406,-8.874648,69.466286,0.95149523,116.69938,1.797272,-1.686801,-9.433011,-2.9745746,-20.113754,1.597296,5.9239354,14.175385,-8.015242,-2.0156605,-18.983545,-3.5179431,-9.990878,15.5109,-10.808774,2.900636
373,-0.28189247846603394,0.8996114134788513,69.11383056640625,0.8484768264959968,13.334439180589394,-82.67513176093544,-4.468399,-20.001955,7.064151,-63.538616,20.508263,-33.348915,-17.610256,-4.372609,1.8589399,-8.698342,69.61954,0.8417245,116.96077,1.6532141,-1.7145619,-9.256746,-2.9214764,-19.317745,1.5919491,5.983965,13.711287,-7.9324574,-2.036147,-18.198414,-3.448864,-9.966027,15.0137825,-10.691221,2.9074314
374,-0.285645991563797,0.884874165058136,69.10140991210938,0.8100877112648173,12.927402491643456,-82.78803736072199,-4.4196596,-20.001955,6.8952622,-63.57334,20.495564,-33.35733,-17.551304,-4.377422,1.8534228,-8.525939,69.76482,0.73346514,117.195305,1.4643419,-1.7195616,-9.058697,-2.867733,-18.537945,1.590409,6.0413284,13.260884,-7.849462,-2.0617368,-17.441057,-3.3800457,-9.9416685,14.555015,-10.5879135,2.9071035
375,-0.28819596767425537,0.8716195821762085,69.08767700195312,0.7743610476527765,12.522377884015308,-82.89717790193258,-4.374538,-20.001955,6.733129,-63.609875,20.49495,-33.36497,-17.499117,-4.381716,1.8528088,-8.353757,69.90126,0.63003016,117.41493,1.2673225,-1.7218978,-8.867941,-2.8129604,-17.75773,1.5835042,6.0956135,12.7996645,-7.7584286,-2.0849118,-16.689926,-3.3162792,-9.920098,14.101223,-10.484821,2.9083517
376,-0.28901058435440063,0.8603416681289673,69.07345581054688,0.7411947459547632,12.118337544437273,-83.00125632018451,-4.33483,-20.001955,6.5785637,-63.647305,20.507446,-33.369232,-17.457987,-4.3938403,1.8571689,-8.174747,70.0287,0.53461534,117.635574,1.0996833,-1.7406689,-8.714433,-2.7564936,-16.96339,1.5688322,6.1454377,12.30296,-7.6478043,-2.1050158,-15.931852,-3.2562532,-9.903945,13.630686,-10.37243,2.9120362
377,-0.2906070649623871,0.8489236235618591,69.05838012695312,0.7114807643878083,11.714176443293061,-83.09768521322411,-4.3070745,-20.001955,6.4327946,-63.68419,20.537,-33.37076,-17.444496,-4.4241347,1.8695838,-7.9824834,70.14472,0.44289666,117.8676,0.9745303,-1.782439,-8.613651,-2.697735,-16.149746,1.5471832,6.1878085,11.766079,-7.5167766,-2.124232,-15.166806,-3.199473,-9.896379,13.1507845,-10.257238,2.916368
378,-0.29289597272872925,0.8379124402999878,69.04243469238281,0.6845050924795548,11.310757138844455,-83.18808675438903,-4.2883997,-20.001955,6.2961864,-63.720226,20.582315,-33.372055,-17.452505,-4.465083,1.8891348,-7.774164,70.24993,0.35344148,118.10632,0.8704434,-1.8352234,-8.5493,-2.6371362,-15.341718,1.5224793,6.223531,11.232558,-7.38451,-2.142786,-14.39537,-3.1443954,-9.895726,12.6591,-10.137198,2.920851
379,-0.29247012734413147,0.8291043043136597,69.02490997314453,0.6595716507498838,10.909948462113393,-83.27688713478922,-4.26641,-20.001955,6.167799,-63.75691,20.635862,-33.37327,-17.450836,-4.4982853,1.909539,-7.551482,70.34451,0.26911122,118.344826,0.7717301,-1.8906078,-8.496835,-2.575802,-14.801917,1.5227306,6.2508526,11.184901,-7.4715357,-2.159163,-13.635961,-3.0952737,-9.895516,12.179952,-10.019665,2.9283385
380,-0.2923802435398102,0.8167728781700134,69.00554656982422,0.6352303214247809,10.51363631344301,-83.36884966305323,-4.2307787,-19.830585,6.045956,-63.796593,20.689592,-33.372837,-17.406897,-4.50549,1.9249306,-7.318705,70.42897,0.19502008,118.574684,0.6638088,-1.9410185,-8.432635,-2.514853,-14.262121,1.5247091,6.281716,11.134872,-7.560762,-2.1778824,-12.8823595,-3.0449145,-9.89094,11.706228,-9.906661,2.9351692
381,-0.29136157035827637,0.802852213382721,68.98468017578125,0.6108835434158323,10.122799908179076,-83.46505450004084,-4.173812,-19.506067,5.9286323,-63.84118,20.740461,-33.37222,-17.296644,-4.4730544,1.9393433,-7.078169,70.50549,0.13394453,118.78955,0.547727,-1.9842821,-8.356311,-2.4536679,-13.726357,1.5278803,6.3167624,11.084387,-7.651201,-2.197852,-12.2065935,-3.006551,-9.877709,11.366242,-9.854233,2.9425845
382,-0.2922573685646057,0.7866494655609131,68.96176147460938,0.5873152921751119,9.736292293929765,-83.56322995741019,-4.101797,-19.181574,5.815352,-63.89081,20.792538,-33.368713,-17.140928,-4.414173,1.9541274,-6.8309026,70.573074,0.08237149,118.994514,0.43006837,-2.0252264,-8.276607,-2.3918374,-13.19625,1.5340654,6.35331,11.038865,-7.745279,-2.2213333,-11.6976,-2.9950185,-9.854045,11.33107,-9.942338,2.9487777
383,-0.2900993525981903,0.7728301286697388,68.9365234375,0.5653187047483632,9.352918348688283,-83.66231730857797,-4.02524,-18.853016,5.7071185,-63.944923,20.848446,-33.355362,-16.974665,-4.3509645,1.9585642,-6.578153,70.63166,0.041958157,119.19076,0.30757564,-2.0666156,-8.189316,-2.3311145,-12.673637,1.5368259,6.392023,10.996596,-7.83876,-2.2417343,-11.195656,-2.987311,-9.827263,11.2964115,-10.026758,2.9578693
384,-0.2898404598236084,0.7610008120536804,68.90974426269531,0.5453507138360035,8.971307926941128,-83.76152055105383,-3.95442,-18.518887,5.605931,-64.00242,20.910667,-33.326767,-16.833235,-4.3053036,1.9424297,-6.3227925,70.67962,0.012006942,119.37791,0.17433524,-2.1107862,-8.088626,-2.2730346,-12.155973,1.5406115,6.432795,10.956415,-7.9310265,-2.2635467,-10.698393,-2.9784133,-9.797037,11.260336,-10.1074915,2.964879
385,-0.28711891174316406,0.745914101600647,68.88076782226562,0.5273846368750692,8.587154793496238,-83.86130663941792,-3.8938394,-18.169603,5.5150943,-64.06285,20.984434,-33.279095,-16.737759,-4.291418,1.8961165,-6.0669203,70.716095,-0.007527941,119.54937,0.016551415,-2.161045,-7.965695,-2.2189162,-11.637337,1.5420537,6.47747,10.928375,-8.0343,-2.2835927,-10.196201,-2.9727502,-9.761444,11.225167,-10.191477,2.9752753
386,-0.288984477519989,0.7374595999717712,68.84955596923828,0.5115362074855124,8.2022629296313,-83.96203073892661,-3.8368132,-17.809847,5.4352865,-64.1259,21.066406,-33.219563,-16.666231,-4.294379,1.827772,-5.811115,70.7412,-0.015178769,119.70357,-0.15883192,-2.2156382,-7.826565,-2.1674623,-11.125645,1.5468339,6.524833,10.902926,-8.132188,-2.307311,-9.700423,-2.963608,-9.721402,11.188012,-10.267519,2.9803739
387,-0.2895023822784424,0.7235314846038818,68.81748962402344,0.4977269409499314,7.82544574625651,-84.06225155907397,-3.777009,-17.455185,5.3636093,-64.19078,21.14622,-33.157204,-16.588352,-4.2925386,1.7533958,-5.555454,70.75396,-0.008322778,119.85604,-0.32447395,-2.270558,-7.687776,-2.1167696,-10.622167,1.5497744,6.572344,10.884471,-8.237036,-2.3302314,-9.211592,-2.9571948,-9.680562,11.155018,-10.348683,2.987309
388,-0.28967374563217163,0.7106136679649353,68.78421020507812,0.48667161996172037,7.465262104223341,-84.16058120549091,-3.7086828,-17.123388,5.2950735,-64.257416,21.214653,-33.098957,-16.474167,-4.2645426,1.6884526,-5.2995505,70.75382,0.015279479,120.02024,-0.4549011,-2.320769,-7.567284,-2.0646594,-10.144455,1.5503258,6.6166015,10.871995,-8.338717,-2.3513281,-8.745898,-2.9539883,-9.642387,11.126582,-10.427705,2.9941337
389,-0.29002565145492554,0.6941046714782715,68.75138854980469,0.4784300547634865,7.125233955945932,-84.2586065617607,-3.6280632,-16.821304,5.2250347,-64.327415,21.270681,-33.047398,-16.29775,-4.1968894,1.6379788,-5.04258,70.73916,0.060727336,120.20055,-0.53819036,-2.3608458,-7.475364,-2.0111184,-9.690145,1.549309,6.659145,10.863717,-8.441017,-2.3716764,-8.304758,-2.9531925,-9.605809,11.105325,-10.509475,3.0003397
390,-0.2827889621257782,0.673606276512146,68.71895599365234,0.4725942563626485,6.8004549230667095,-84.35639660912855,-3.5395026,-16.538132,5.152538,-64.40194,21.320679,-32.992966,-16.081024,-4.1046386,1.5926738,-4.784615,70.70931,0.12438262,120.388405,-0.5922217,-2.3938696,-7.4018297,-1.9570092,-9.252313,1.5392125,6.7011676,10.85759,-8.544893,-2.3839006,-7.8803267,-2.9624615,-9.569591,11.08852,-10.5928755,3.0145066
391,-0.2783218026161194,0.654177725315094,68.6867446899414,0.4685755899736742,6.4866315698693615,-84.4507644732219,-3.449778,-16.26628,5.0790825,-64.479706,21.365414,-32.924603,-15.865086,-4.0094175,1.5460708,-4.5258536,70.6661,0.19904141,120.58231,-0.62849426,-2.4293451,-7.3320155,-1.9020462,-8.830171,1.5301452,6.7385306,10.852067,-8.644575,-2.397943,-7.4703054,-2.970418,-9.537042,11.072497,-10.673913,3.0255792
392,-0.2769149839878082,0.6379969120025635,68.65459442138672,0.4652726732721207,6.1796209042475185,-84.53861897089165,-3.3653462,-15.997518,5.0081263,-64.55832,21.40492,-32.83388,-15.691722,-3.9323368,1.4916756,-4.266525,70.612465,0.2782571,120.77909,-0.6562833,-2.4769907,-7.2499456,-1.8456081,-8.422688,1.5230279,6.7674165,10.848019,-8.738174,-2.41418,-7.069873,-2.9758775,-9.511537,11.055391,-10.751186,3.033478
393,-0.2752767503261566,0.6218016147613525,68.62213897705078,0.4629473539511849,5.8771304156042286,-84.61855736043343,-3.2887864,-15.724052,4.942868,-64.635994,21.438139,-32.719845,-15.581491,-3.879215,1.4200865,-4.007607,70.55147,0.36151358,120.97938,-0.6729994,-2.5430496,-7.141871,-1.7875999,-8.024455,1.5141183,6.786201,10.844914,-8.82888,-2.429985,-6.6721196,-2.982602,-9.494188,11.036892,-10.828318,3.0423667
394,-0.27364304661750793,0.6061661839485168,68.59017181396484,0.46168893278033407,5.581835575016221,-84.69257410358281,-3.2161222,-15.452911,4.884182,-64.71251,21.464172,-32.59101,-15.509574,-3.8378603,1.3374364,-3.7495248,70.48322,0.45145428,121.18248,-0.6729258,-2.6212695,-7.01683,-1.7281103,-7.637779,1.5037882,6.797081,10.843054,-8.917064,-2.4452703,-6.282319,-2.9903638,-9.483168,11.017962,-10.903841,3.0515745
395,-0.26886895298957825,0.5906403064727783,68.5583267211914,0.46126443461579486,5.29676345305971,-84.76230362642399,-3.144101,-15.19445,4.83196,-64.78809,21.483706,-32.45408,-15.449607,-3.8016865,1.2608075,-3.490741,70.40739,0.54366285,121.38648,-0.66473436,-2.7017334,-6.8956017,-1.6674871,-7.2650447,1.4896381,6.8028736,10.841149,-9.002111,-2.4565904,-5.9034123,-3.001906,-9.477191,10.998694,-10.977502,3.0642922
396,-0.2635451555252075,0.5760323405265808,68.52752685546875,0.461362123262849,5.024937230610263,-84.82993758527397,-3.0695612,-14.961149,4.785181,-64.862854,21.497887,-32.31437,-15.375846,-3.7645426,1.2073275,-3.228123,70.323715,0.6326039,121.592575,-0.65843606,-2.774384,-6.799464,-1.6058577,-6.9113307,1.4753187,6.806328,10.840152,-9.082266,-2.4661813,-5.541849,-3.014054,-9.474648,10.980936,-11.048338,3.0773325
397,-0.259333997964859,0.5584701895713806,68.4970703125,0.46176649743225257,4.767680387987935,-84.89561440450899,-2.9887981,-14.761706,4.742832,-64.93706,21.503885,-32.170547,-15.27355,-3.727607,1.1932757,-2.9587533,70.23054,0.71216863,121.80728,-0.6508634,-2.839928,-6.735055,-1.5414151,-6.5745254,1.4628656,6.8059807,10.841152,-9.161721,-2.4762022,-5.20232,-3.0260222,-9.477264,10.978433,-11.126818,3.0894768
398,-0.25298166275024414,0.5428400039672852,68.46780395507812,0.46187477196783566,4.523239936059183,-84.95850592875291,-2.904724,-14.588207,4.704856,-65.01091,21.502045,-32.0194,-15.158362,-3.69336,1.2056983,-2.6813793,70.1282,0.7849944,122.03106,-0.6406594,-2.901752,-6.6916738,-1.474597,-6.2551866,1.4488673,6.80114,10.840001,-9.234634,-2.4827957,-4.879194,-3.0394397,-9.485209,10.975808,-11.200972,3.1035042
399,-0.2487596869468689,0.5288127660751343,68.43936157226562,0.4633515172755502,4.289880542234623,-85.01828867152376,-2.8238769,-14.424927,4.671525,-65.0844,21.499687,-31.864023,-15.0523205,-3.657613,1.2170435,-2.396698,70.017265,0.8588894,122.25239,-0.6365778,-2.9548,-6.660552,-1.4093704,-5.952891,1.4363265,6.795161,10.840866,-9.303442,-2.4903653,-4.5721173,-3.0516646,-9.4945,10.97476,-11.272018,3.1152084
400,-0.24505175650119781,0.5092829465866089,68.4120101928711,0.46690406123458295,4.065998395059742,-85.07485210534203,-2.7527874,-14.256974,4.6432185,-65.157486,21.504604,-31.707905,-14.977146,-3.6162102,1.2000217,-2.106839,69.89911,0.94139725,122.45985,-0.64899343,-2.9937582,-6.6337123,-1.3497069,-5.656443,1.4232032,6.791937,10.841234,-9.375355,-2.4987767,-4.2719483,-3.0645242,-9.501474,10.974348,-11.34642,3.1270747
401,-0.24123258888721466,0.4927191734313965,68.38507080078125,0.47357689367029654,3.851895572649089,-85.12698114975301,-2.6959429,-14.077115,4.62036,-65.23023,21.520582,-31.554598,-14.942793,-3.5612442,1.1403817,-1.8138384,69.77164,1.0392067,122.62441,-0.67712647,-2.9906547,-6.612631,-1.2975878,-5.37337,1.4068145,6.792334,10.841472,-9.443782,-2.5057263,-3.988782,-3.0807967,-9.50466,10.974587,-11.41432,3.1392522
402,-0.23902840912342072,0.4799518585205078,68.35936737060547,0.48238858238978805,3.648060479532003,-85.17539682189542,-2.6491895,-13.89344,4.6028914,-65.302475,21.543388,-31.401796,-14.936528,-3.4970336,1.0552773,-1.531223,69.63541,1.148345,122.62441,-0.7198636,-2.8318756,-6.5974755,-1.2505708,-5.107716,1.3900945,6.7943673,10.841182,-9.504498,-2.5128398,-3.7226822,-3.0975034,-9.506088,10.974809,-11.475722,3.1495824
403,-0.23574873805046082,0.4668109118938446,68.33492279052734,0.4919700087167919,3.453315162830716,-85.22162050496706,-2.6055832,-13.7165165,4.5903077,-65.37343,21.56884,-31.243452,-14.947653,-3.4382877,0.96411765,-1.2621288,69.493835,1.264628,122.62441,-0.7749517,-2.6919982,-6.5828495,-1.2061213,-4.852641,1.3719392,6.797117,10.841473,-9.564521,-2.5181925,-3.46787,-3.115741,-9.5069685,10.976236,-11.535957,3.1609793
404,-0.234014630317688,0.4517313241958618,68.31110382080078,0.5012922900245095,3.2661603895690132,-85.26737804925402,-2.5583003,-13.556952,4.5819535,-65.44272,21.592106,-31.073296,-14.965119,-3.399524,0.88565904,-1.0000126,69.35402,1.3767931,122.62441,-0.8432048,-2.5675304,-6.560235,-1.1615896,-4.6062994,1.3565117,6.7994194,10.841888,-9.623409,-2.524787,-3.2203686,-3.1313035,-9.508449,10.976487,-11.595564,3.1704783
405,-0.23260940611362457,0.44000035524368286,68.28826904296875,0.5091133798268568,3.0871036369272513,-85.31362749985966,-2.5068307,-13.416911,4.5778556,-65.509575,21.609217,-30.887247,-14.987929,-3.3934362,0.82854825,-0.7408304,69.21932,1.4801053,122.62441,-0.9383542,-2.4543436,-6.5222735,-1.1149919,-4.3736877,1.3436463,6.800276,10.842571,-9.677064,-2.5302062,-2.9854128,-3.1441507,-9.51113,10.976753,-11.650809,3.1783876
406,-0.22867031395435333,0.4286333918571472,68.266357421875,0.5162366757861312,2.916511079030809,-85.35912175575429,-2.4543858,-13.291063,4.578325,-65.57419,21.623251,-30.689728,-15.021154,-3.4091825,0.7811168,-0.48174074,69.090355,1.5775928,122.62441,-1.0531539,-2.3488128,-6.4726014,-1.0680977,-4.1515493,1.3294619,6.800518,10.843863,-9.729753,-2.532114,-2.7615287,-3.1584327,-9.514474,10.977772,-11.703747,3.188411
407,-0.22657927870750427,0.42009875178337097,68.24481201171875,0.5243968670217914,2.7531319655281683,-85.40285575038106,-2.399333,-13.17812,4.5827546,-65.63809,21.640053,-30.486097,-15.062788,-3.4261563,0.7323786,-0.22154292,68.96829,1.6710124,122.62441,-1.1514819,-2.252917,-6.4142327,-1.0243956,-3.9420848,1.3163344,6.8020086,10.845467,-9.777156,-2.5350714,-2.5498757,-3.171803,-9.516469,10.977495,-11.750771,3.1962087
408,-0.22253450751304626,0.4113331437110901,68.22430419921875,0.5356238254087791,2.595410759796458,-85.44335081609951,-2.3401067,-13.076316,4.58966,-65.70296,21.665792,-30.280594,-15.110637,-3.4240267,0.6716261,0.039935723,68.854454,1.7624254,122.62441,-1.1966803,-2.1693614,-6.3499985,-0.98731565,-3.7379823,1.2976328,6.80668,10.845917,-9.823964,-2.536089,-2.3468292,-3.1910832,-9.515561,10.979696,-11.797054,3.2069306
409,-0.22054289281368256,0.40078723430633545,68.20407104492188,0.5527128262933,2.441606752150016,-85.47948269740104,-2.2776687,-12.9912405,4.5985556,-65.76972,21.709068,-30.071789,-15.179333,-3.3993726,0.5915482,0.30288485,68.74991,1.8556712,122.62441,-1.1620443,-2.107582,-6.2765584,-0.9588365,-3.5347116,1.2738615,6.81515,10.845331,-9.872659,-2.5393794,-2.147828,-3.2153397,-9.511235,10.98189,-11.843634,3.2174246
410,-0.21818482875823975,0.3871642053127289,68.18449401855469,0.5733639379997394,2.2929370245646528,-85.51214909755332,-2.2124016,-12.922191,4.6089144,-65.837746,21.76557,-29.856735,-15.265494,-3.362581,0.4997568,0.5673266,68.65471,1.9479859,122.62441,-1.0720915,-2.062488,-6.193298,-0.9367559,-3.3356998,1.245805,6.8262753,10.844877,-9.922427,-2.5427291,-1.9538641,-3.2444575,-9.504571,10.985853,-11.892045,3.2296941
411,-0.21554608643054962,0.37467890977859497,68.1657943725586,0.5937386130487008,2.15247798836372,-85.5434820316422,-2.141999,-12.856222,4.618922,-65.90752,21.821035,-29.636309,-15.33899,-3.314688,0.40741137,0.8336707,68.56954,2.033166,122.62441,-0.9660952,-2.0191357,-6.108165,-0.9181811,-3.1461117,1.2178122,6.8394494,10.843781,-9.970384,-2.5455809,-1.7717035,-3.2734296,-9.496184,10.989697,-11.936806,3.2417583
412,-0.21287012100219727,0.3714136779308319,68.14833068847656,0.6122861802343559,2.0232020376321485,-85.57557075248945,-2.0641854,-12.781747,4.62631,-65.98006,21.86108,-29.41161,-15.369227,-3.2560728,0.3255015,1.1022588,68.49536,2.1039848,122.62441,-0.8841989,-1.9614023,-6.0286317,-0.9000888,-2.9795775,1.1921463,6.854089,10.843042,-10.006927,-2.5463524,-1.612623,-3.3002193,-9.486322,10.9929495,-11.969203,3.2516801
413,-0.20985309779644012,0.3655794858932495,68.1324462890625,0.6278160354198737,1.9069512947217238,-85.6091391200655,-1.9715289,-12.692831,4.627563,-66.05764,21.880247,-29.178059,-15.330173,-3.1839795,0.26075754,1.3739821,68.43236,2.1559732,122.62441,-0.83923656,-1.882288,-5.9528723,-0.8807834,-2.8263881,1.1707482,6.8696303,10.84339,-10.044245,-2.5467448,-1.4672806,-3.322991,-9.476877,10.995557,-12.000176,3.2605424
414,-0.20787078142166138,0.35665518045425415,68.11788177490234,0.6385147887177733,1.8019644552360816,-85.64329133769722,-1.8676411,-12.596769,4.622108,-66.14113,21.885927,-28.93364,-15.2418995,-3.0993166,0.20549016,1.6494166,68.3805,2.1937735,122.62441,-0.8086793,-1.7917559,-5.877544,-0.8621952,-2.684504,1.1569955,6.886577,10.843826,-10.081282,-2.5492082,-1.332361,-3.3380811,-9.467052,10.997956,-12.032093,3.2666764
415,-0.20363685488700867,0.34473687410354614,68.10393524169922,0.6509183370768343,1.7051693954791407,-85.6766318609762,-1.7667578,-12.500281,4.612252,-66.22866,21.883776,-28.678146,-15.1442585,-3.0129802,0.1486662,1.9270366,68.33942,2.2232003,122.62441,-0.77891797,-1.6958662,-5.806313,-0.8466047,-2.5491674,1.1394778,6.9061637,10.845032,-10.121029,-2.5492764,-1.2048925,-3.3572025,-9.454775,11.00043,-12.064538,3.2756035
416,-0.20094244182109833,0.334835410118103,68.09074401855469,0.6658580900110894,1.6138149213601087,-85.7083816945353,-1.6830213,-12.407358,4.602517,-66.31724,21.878271,-28.414394,-15.077211,-2.935265,0.07890298,2.204328,68.30957,2.2507768,122.62441,-0.7375591,-1.6028045,-5.7441897,-0.8362621,-2.4206212,1.1203824,6.929354,10.845237,-10.158266,-2.5502453,-1.0882503,-3.37785,-9.437522,11.004212,-12.093493,3.2831469
417,-0.2012118697166443,0.32594650983810425,68.07843780517578,0.6833502930825268,1.5278087363243908,-85.73688735811159,-1.6296,-12.318744,4.596182,-66.40513,21.870153,-28.146276,-15.044739,-2.8624701,-0.007480701,2.4802263,68.29012,2.279105,122.62441,-0.6822379,-1.5185305,-5.6980247,-0.83318114,-2.300402,1.1013256,6.9565473,10.845035,-10.191739,-2.553891,-0.9805231,-3.3984628,-9.41477,11.008609,-12.120398,3.2880316
418,-0.20021763443946838,0.31622314453125,68.0667495727539,0.7012958556168293,1.448469656642461,-85.76310900029499,-1.5957475,-12.233259,4.594191,-66.49218,21.855852,-27.8766,-15.028276,-2.7898862,-0.10417612,2.7545052,68.28136,2.3053577,122.62441,-0.6206679,-1.4385362,-5.664728,-0.83566177,-2.1861415,1.0804199,6.987213,10.844661,-10.225855,-2.5564647,-0.88137686,-3.4209735,-9.387815,11.013355,-12.145826,3.2943187
419,-0.20092973113059998,0.3054894506931305,68.05560302734375,0.7209879978287694,1.3750893049411372,-85.79000218054219,-1.5597872,-12.148666,4.597239,-66.57712,21.83579,-27.606379,-15.035826,-2.7271993,-0.20639366,3.025297,68.28326,2.3288734,122.62441,-0.5487973,-1.3585143,-5.6299787,-0.8406038,-2.077709,1.0595616,7.020764,10.844309,-10.259875,-2.5606122,-0.805628,-3.4462082,-9.356213,11.049013,-12.185049,3.299086
420,-0.19845564663410187,0.2944868206977844,68.04497528076172,0.7378345604954141,1.3072100550634607,-85.82089587006914,-1.5000815,-12.064936,4.605878,-66.658325,21.810884,-27.3363,-15.07625,-2.6840558,-0.3098528,3.2899342,68.29655,2.3495524,122.62441,-0.46383435,-1.2753541,-5.580721,-0.8448537,-1.973966,1.0392042,7.056786,10.8440485,-10.294884,-2.5622668,-0.79023623,-3.4798992,-9.318103,11.182736,-12.266565,3.306285
421,-0.19592465460300446,0.282365083694458,68.03520965576172,0.7533839630088713,1.2452763427720763,-85.85674393531457,-1.3977665,-11.983014,4.6212287,-66.73431,21.779612,-27.064133,-15.171247,-2.6703317,-0.4163281,3.547411,68.322556,2.3668294,122.62441,-0.3681329,-1.1908635,-5.51337,-0.84910417,-1.8756582,1.0210837,7.0965447,10.8446865,-10.330985,-2.564305,-0.77364355,-3.5097744,-9.2755375,11.30158,-12.340813,3.3126578
422,-0.19336983561515808,0.2714950442314148,68.02615356445312,0.7674207329609304,1.1893278823158424,-85.89577010352193,-1.268839,-11.902838,4.643953,-66.8052,21.741678,-26.792519,-15.310176,-2.6776428,-0.5274844,3.7975693,68.36181,2.3814867,122.62441,-0.26191267,-1.1071292,-5.4347277,-0.8545604,-1.784836,1.0051075,7.1398163,10.845216,-10.365222,-2.566451,-0.7670281,-3.537354,-9.228218,11.41983,-12.410851,3.318038
423,-0.19262969493865967,0.26053303480148315,68.01774597167969,0.7813903928872622,1.1382969880065754,-85.93705045000448,-1.143714,-11.8217945,4.6730647,-66.87193,21.70198,-26.528131,-15.454431,-2.6883786,-0.63818234,4.038393,68.412865,2.3959723,122.62441,-0.13841349,-1.0226402,-5.3465858,-0.8586885,-1.699877,0.9914678,7.1837525,10.845103,-10.397604,-2.5706084,-0.7668992,-3.5624292,-9.179747,11.539481,-12.481183,3.3208756
424,-0.1913127899169922,0.24989023804664612,68.0101547241211,0.7937952728296358,1.0909697011017905,-85.97957147767332,-1.0527415,-11.73746,4.706366,-66.93588,21.66517,-26.276114,-15.564533,-2.6856542,-0.7433387,4.2665167,68.472725,2.4132702,122.62441,0.009053347,-0.9349045,-5.2512436,-0.85903233,-1.6206675,0.97930855,7.225473,10.845213,-10.428298,-2.574778,-0.760453,-3.584162,-9.134372,11.638947,-12.541354,3.32318
425,-0.19081714749336243,0.2391953021287918,68.00242614746094,0.8052515140465474,1.047407771199233,-86.02168149063307,-1.0204195,-11.644651,4.7412567,-66.99834,21.6356,-26.037281,-15.618827,-2.6636713,-0.8413261,4.47914,68.54089,2.4339907,122.62441,0.1893579,-0.8422214,-5.1511393,-0.8549964,-1.5465847,0.96911883,7.263053,10.84589,-10.45837,-2.5801704,-0.7628232,-3.6046479,-9.093346,11.749081,-12.607091,3.323778
426,-0.18962639570236206,0.2287585288286209,67.99520111083984,0.815361614848581,1.008145878087378,-86.06420429444326,-1.0250478,-11.546594,4.776783,-67.05932,21.610655,-25.805082,-15.641919,-2.6329632,-0.9350713,4.67554,68.61694,2.4582334,122.62441,0.39668307,-0.7478446,-5.045074,-0.84798485,-1.4787267,0.95999426,7.298459,10.845875,-10.48603,-2.585253,-0.7662192,-3.6233683,-9.054889,11.851692,-12.668496,3.3241105
427,-0.18790240585803986,0.2185765653848648,67.98846435546875,0.8259859955053535,0.9725816219900167,-86.11048463144992,-1.0277882,-11.451404,4.8139873,-67.11805,21.585888,-25.57562,-15.665135,-2.6005936,-1.0255665,4.856455,68.70005,2.4885223,122.62441,0.6098949,-0.65993744,-4.933691,-0.8380198,-1.4164613,0.9503849,7.334641,10.847116,-10.51302,-2.5900958,-0.77572984,-3.6429086,-9.0154085,11.956388,-12.729534,3.3245125
428,-0.1857471615076065,0.20923875272274017,67.98249816894531,0.834984874780853,0.9400596341281116,-86.1636186757328,-0.9898111,-11.367962,4.8552017,-67.17297,21.555935,-25.346441,-15.719477,-2.5732493,-1.113599,5.023523,68.78883,2.5272171,122.62441,0.8078682,-0.58774817,-4.8176146,-0.82514286,-1.3553388,0.9427002,7.374306,10.8469,-10.540056,-2.5955293,-0.78322226,-3.6588156,-8.9724655,12.047282,-12.782074,3.3241708
429,-0.18444879353046417,0.20185038447380066,67.97665405273438,0.8433137269382533,0.9109072478146792,-86.2252898321069,-0.89193505,-11.301039,4.9033594,-67.22255,21.517927,-25.118765,-15.823298,-2.5509164,-1.1981047,5.1773386,68.88213,2.5749133,122.62441,0.9758308,-0.53920263,-4.685059,-0.80802965,-1.300858,0.9377769,7.4175763,10.847112,-10.563622,-2.6027231,-0.8054792,-3.6732914,-8.924723,12.152171,-12.837471,3.3220131
430,-0.1816691905260086,0.19163228571414948,67.97140502929688,0.8524250471125199,0.8852385232181739,-86.29362858063821,-0.75788844,-11.246032,4.9594183,-67.26657,21.474112,-24.897161,-15.956658,-2.529692,-1.2789727,5.3179526,68.98037,2.6302633,122.62441,1.1264961,-0.5074581,-4.5408154,-0.78699195,-1.2484492,0.93158746,7.4633465,10.848015,-10.589103,-2.6096013,-0.8232291,-3.6882243,-8.874781,12.245135,-12.888834,3.3213062
431,-0.17815430462360382,0.18330663442611694,67.96656799316406,0.8582220063235051,0.8623157796442965,-86.36628940558924,-0.6130494,-11.194979,5.0201335,-67.30542,21.42877,-24.681976,-16.095034,-2.5103035,-1.3597363,5.4421477,69.07921,2.6934848,122.62441,1.2808235,-0.47974658,-4.4094,-0.764921,-1.1969465,0.928571,7.512137,10.847478,-10.614741,-2.6166139,-0.842403,-3.6985412,-8.821739,12.32904,-12.932696,3.3196177
432,-0.17678186297416687,0.17144866287708282,67.96260833740234,0.8634895215599918,0.8412458351595115,-86.44115361938563,-0.48264873,-11.139275,5.0830827,-67.341736,21.384113,-24.47366,-16.210722,-2.494068,-1.4427788,5.5535393,69.17682,2.7632232,122.62441,1.4642287,-0.43932408,-4.3131833,-0.7445442,-1.1448518,0.92928785,7.56475,10.848019,-10.643391,-2.6266718,-0.8456969,-3.7025876,-8.765878,12.384299,-12.96649,3.3149726
433,-0.17491351068019867,0.16390308737754822,67.95934295654297,0.8641106553220039,0.8239105962939055,-86.51894208189185,-0.37339497,-11.076638,5.15067,-67.378784,21.331923,-24.271353,-16.294518,-2.48715,-1.530631,5.661781,69.279915,2.8372962,122.62441,1.7079628,-0.36611712,-4.268866,-0.7262465,-1.102236,0.9356511,7.622328,10.848159,-10.665643,-2.6366098,-0.8567992,-3.7006476,-8.704708,12.434079,-12.991217,3.3080747
434,-0.17439378798007965,0.1571502536535263,67.95581817626953,0.8651500388360789,0.8099535432438213,-86.60041537580058,-0.27173805,-11.011803,5.2210283,-67.415375,21.273611,-24.072706,-16.36039,-2.4874203,-1.6217545,5.7641983,69.38608,2.9156644,122.62441,1.9899518,-0.27430016,-4.260455,-0.70868385,-1.0621381,0.9434095,7.6844482,10.849428,-10.689522,-2.6478987,-0.8874278,-3.6991718,-8.63793,12.508578,-13.024907,3.2989082
435,-0.17088596522808075,0.14850087463855743,67.95311737060547,0.8639706474228609,0.7954473547534082,-86.68321156067174,-0.17283162,-10.946944,5.2889204,-67.44887,21.22518,-23.87659,-16.416176,-2.4850025,-1.7098556,5.852917,69.48678,2.998556,122.62441,2.2569637,-0.18509372,-4.2634096,-0.69188005,-1.0190105,0.951018,7.748272,10.849422,-10.714784,-2.657242,-0.89321864,-3.694181,-8.570707,12.541407,-13.041183,3.2921295
436,-0.16997219622135162,0.14253854751586914,67.94988250732422,0.8609253498748984,0.776367524251974,-86.765314971261,-0.071695454,-10.884121,5.3484545,-67.477104,21.201344,-23.681625,-16.468113,-2.4699183,-1.7892165,5.921262,69.572235,3.0844781,122.62441,2.4553149,-0.11681169,-4.251848,-0.67572147,-0.9724165,0.9631071,7.811052,10.850612,-10.739691,-2.669472,-0.89701647,-3.6843839,-8.503773,12.57521,-13.056367,3.2821367
437,-0.1681344360113144,0.13675391674041748,67.94588470458984,0.8566053786674532,0.7507836589179139,-86.84793764112037,0.035244014,-10.822129,5.420118,-67.5058,21.192266,-23.50635,-16.496628,-2.4369435,-1.8457853,5.9922295,69.671074,3.1701174,122.62441,2.5850067,-0.0495949,-4.207064,-0.6587021,-0.9195724,0.97587323,7.8720684,10.850654,-10.763184,-2.6816342,-0.8878661,-3.6731107,-8.437801,12.599204,-13.068156,3.2730246
438,-0.16802173852920532,0.13427510857582092,67.94152069091797,0.8490573265433924,0.721210961169433,-86.93162194737293,0.14452086,-10.760722,5.4819546,-67.52748,21.206163,-23.328722,-16.51496,-2.3927095,-1.8966862,6.0441866,69.75233,3.2540104,122.62441,2.6440382,0.003821684,-4.151844,-0.6413813,-0.8644192,0.99405223,7.9325933,10.850743,-10.784616,-2.6961975,-0.8746158,-3.6555145,-8.371398,12.617768,-13.075124,3.2608745
439,-0.16772566735744476,0.1316305249929428,67.93677520751953,0.8431865180423865,0.6896991217526901,-87.0130627865523,0.25042853,-10.703172,5.555666,-67.54808,21.230272,-23.171198,-16.536156,-2.343596,-1.9347961,6.0956607,69.84616,3.3434749,122.62441,2.701662,0.053960428,-4.0893307,-0.62671345,-0.80728924,1.0100067,7.9936023,10.850853,-10.806194,-2.7101147,-0.8633159,-3.6410034,-8.304557,12.644999,-13.08678,3.2497563
440,-0.17015564441680908,0.130452960729599,67.9323501586914,0.8379217531325408,0.6587819625345954,-87.08890995704202,0.34727088,-10.6527,5.625198,-67.56328,21.264984,-23.018513,-16.581093,-2.297794,-1.9755653,6.134319,69.93203,3.4371943,122.62441,2.7774985,0.0842198,-4.0303607,-0.61781675,-0.7512085,1.027317,8.055728,10.852255,-10.82841,-2.725707,-0.85721487,-3.6253724,-8.237776,12.676565,-13.098512,3.2363958
441,-0.17380866408348083,0.13080090284347534,67.92826080322266,0.8350413385711738,0.6289559065824966,-87.15723753338555,0.4335567,-10.615986,5.68543,-67.57358,21.316805,-22.86422,-16.663713,-2.256938,-2.0143573,6.1588464,70.00558,3.5384984,122.62441,2.8775558,0.08615565,-3.983358,-0.61641467,-0.6990046,1.0424361,8.119163,10.851335,-10.845655,-2.7407598,-0.8601734,-3.6131706,-8.171144,12.719461,-13.113613,3.223152
442,-0.17982393503189087,0.12940280139446259,67.9241943359375,0.8347737660764203,0.5990072217930094,-87.2202247276384,0.512303,-10.588,5.7408013,-67.58034,21.385578,-22.712105,-16.771103,-2.2175913,-2.0476146,6.17303,70.07332,3.6471279,122.62441,2.987662,0.067781195,-3.9419513,-0.6204822,-0.64539135,1.0565757,8.183531,10.852407,-10.866048,-2.7573168,-0.86519504,-3.6026957,-8.104693,12.769182,-13.133582,3.208967
443,-0.18544214963912964,0.12743212282657623,67.92035675048828,0.8331748534963388,0.5685391302358791,-87.28044835728593,0.58442205,-10.560036,5.806037,-67.58483,21.46397,-22.579054,-16.888838,-2.180494,-2.0796707,6.1792173,70.15322,3.7685926,122.62441,3.120894,0.043842465,-3.8985496,-0.6278112,-0.59021676,1.0715941,8.24877,10.851517,-10.885476,-2.7736206,-0.86047184,-3.5899498,-8.0386305,12.802491,-13.146379,3.1951683
444,-0.19035480916500092,0.12594908475875854,67.91627502441406,0.8302563723643744,0.5372896468702795,-87.34035827803709,0.6508097,-10.523278,5.8590426,-67.58962,21.527164,-22.442856,-16.977905,-2.1454232,-2.1388755,6.1757894,70.21664,3.8827095,122.62441,3.2360396,0.02739375,-3.8480887,-0.63622713,-0.53394294,1.0874151,8.314772,10.850748,-10.905253,-2.7894642,-0.85513765,-3.5762331,-7.97174,12.835583,-13.158714,3.1816761
445,-0.19450460374355316,0.12610368430614471,67.91214752197266,0.8239644307244166,0.5053226896165884,-87.4013395475345,0.71110207,-10.472427,5.91023,-67.59836,21.581606,-22.310871,-17.042862,-2.1185606,-2.2318861,6.163116,70.27614,4.0047264,122.62441,3.3476865,0.021407811,-3.7902608,-0.6455258,-0.47845867,1.1066328,8.382673,10.8495,-10.92275,-2.8052168,-0.84535086,-3.5581517,-7.903139,12.857157,-13.163349,3.16761
446,-0.19715186953544617,0.12545175850391388,67.9081039428711,0.8177122507687588,0.4727531751743329,-87.46182762868133,0.76502824,-10.414383,5.9583197,-67.61116,21.626778,-22.181292,-17.088226,-2.0980835,-2.349234,6.1406946,70.32985,4.1317267,122.62441,3.4574764,0.016986106,-3.7259977,-0.656733,-0.41933078,1.1240668,8.452285,10.847797,-10.94288,-2.8195488,-0.83016914,-3.541043,-7.8333764,12.871925,-13.165806,3.1551828
447,-0.2030707448720932,0.12416243553161621,67.90386962890625,0.8102434357408139,0.4390341202473787,-87.51999543080922,0.81369346,-10.352274,6.0003834,-67.62634,21.66226,-22.054869,-17.115477,-2.075952,-2.4640117,6.110911,70.374664,4.257584,122.62441,3.564372,0.017808653,-3.6669123,-0.6691629,-0.3643296,1.1470234,8.520599,10.856464,-10.96751,-2.8374894,-0.81035346,-3.518769,-7.7650948,12.882028,-13.167468,3.1392543
448,-0.2090282440185547,0.12576133012771606,67.89974212646484,0.8015090345971716,0.40365874704594745,-87.57361391714568,0.85804343,-10.291194,6.0350566,-67.64124,21.688784,-21.93451,-17.127846,-2.0438244,-2.5491383,6.0780506,70.40905,4.3765926,122.62441,3.6727266,0.026478047,-3.6217754,-0.68287224,-0.30288222,1.1695869,8.585547,10.847391,-10.9794855,-2.854802,-0.7869629,-3.4949906,-7.7002573,12.884787,-13.163518,3.1232176
449,-0.2139677256345749,0.12733899056911469,67.8948974609375,0.7924815628108454,0.36574386657050795,-87.62319640872572,0.89549273,-10.236825,6.0659785,-67.656136,21.70533,-21.823853,-17.115892,-1.9922764,-2.5894012,6.040868,70.43694,4.4945273,122.62441,3.7933679,0.04407733,-3.598302,-0.6973767,-0.24222614,1.1915399,8.646971,10.84688,-10.997071,-2.8710403,-0.76212746,-3.4728,-7.6387534,12.891906,-13.162385,3.1087751
450,-0.2186518907546997,0.1291360706090927,67.88990783691406,0.7806813250113137,0.3259012757401529,-87.66962002090037,0.92641073,-10.186076,6.095701,-67.671844,21.711178,-21.72371,-17.081778,-1.9280882,-2.601125,5.9962997,70.46006,4.6155453,122.62441,3.926054,0.0668177,-3.5901005,-0.7129878,-0.1809651,1.2163053,8.706106,10.845094,-11.012098,-2.887527,-0.7248961,-3.4465342,-7.5801444,12.881588,-13.154187,3.0942037
451,-0.22508753836154938,0.1298133283853531,67.88495635986328,0.7705353735364153,0.28539828207154144,-87.71140172362887,0.9564072,-10.12682,6.1305375,-67.689926,21.706472,-21.641682,-17.044065,-1.8677057,-2.5960639,5.9322987,70.482574,4.7510276,122.62441,4.066232,0.07933368,-3.5968401,-0.729476,-0.11508721,1.2398325,8.76155,10.842241,-11.030046,-2.9049187,-0.684098,-3.4207997,-7.5252457,12.8693285,-13.146873,3.0789478
452,-0.2295857071876526,0.12952983379364014,67.87982940673828,0.7595738146687719,0.24576689123730916,-87.74743294125592,0.9908526,-10.047939,6.15839,-67.702995,21.704227,-21.570322,-17.033113,-1.8260751,-2.5985806,5.8727593,70.49699,4.864362,122.62441,4.1831245,0.102350414,-3.5944986,-0.7465497,-0.06033537,1.2631651,8.81163,10.851569,-11.050251,-2.919682,-0.6401736,-3.3966289,-7.475292,12.853779,-13.139667,3.0665438
453,-0.23646578192710876,0.1299738883972168,67.87500762939453,0.75093947270276,0.20705232653923836,-87.77698186583483,1.0371553,-9.941393,6.191074,-67.71388,21.707924,-21.523,-17.063044,-1.8082436,-2.5999393,5.7936835,70.5104,4.993935,122.62441,4.291671,0.11262054,-3.6057663,-0.76417303,-0.0025835424,1.284268,8.855868,10.853792,-11.067326,-2.9346812,-0.5990298,-3.373864,-7.430592,12.842847,-13.13512,3.0531447
454,-0.2436765730381012,0.13106651604175568,67.87020874023438,0.7434635597895213,0.1687480179941669,-87.80087286298415,1.0903257,-9.815933,6.2308254,-67.71859,21.715635,-21.501049,-17.123177,-1.8052373,-2.595821,5.6854305,70.522514,5.1310544,122.62441,4.390136,0.104047306,-3.6212354,-0.7824202,0.049119033,1.304193,8.894885,10.860008,-11.082918,-2.9485335,-0.5610373,-3.3533165,-7.390334,12.837234,-13.132815,3.0405161
455,-0.249719500541687,0.1311417669057846,67.86585998535156,0.7349238168054737,0.13051649450455988,-87.8197837706563,1.1377237,-9.680936,6.2548895,-67.7184,21.72458,-21.480724,-17.191648,-1.8111193,-2.5994062,5.613315,70.526794,5.230111,122.62441,4.4758286,0.13368188,-3.6236098,-0.8019551,0.10925925,1.3221855,8.930586,10.851593,-11.092865,-2.9608781,-0.5082828,-3.3315752,-7.3543487,12.808136,-13.121551,3.0295577
456,-0.2566685080528259,0.13175122439861298,67.8617935180664,0.7265859011631104,0.09247574676795228,-87.83496767129718,1.167335,-9.547013,6.2788825,-67.71767,21.726141,-21.476145,-17.249058,-1.8203351,-2.603896,5.5317864,70.528404,5.3369346,122.62441,4.573555,0.15046933,-3.6331077,-0.822624,0.16702025,1.3406832,8.963994,10.842994,-11.100588,-2.9738154,-0.45305255,-3.309192,-7.3209763,12.774218,-13.108078,3.0180063
457,-0.26528966426849365,0.13359785079956055,67.85731506347656,0.7162837059205207,0.053806840775885156,-87.84620428704136,1.1673226,-9.414661,6.2976513,-67.71865,21.713373,-21.479464,-17.291122,-1.8363391,-2.6181433,5.457245,70.52769,5.427631,122.62441,4.6872253,0.16775806,-3.6344442,-0.84468806,0.21687724,1.3640468,8.995116,10.850333,-11.115655,-2.9890368,-0.40054506,-3.283463,-7.289807,12.744732,-13.095713,3.0044692
458,-0.27246183156967163,0.13471879065036774,67.85253143310547,0.7042771278239145,0.01485095722149651,-87.85327668558902,1.1472656,-9.278918,6.3166876,-67.72174,21.68489,-21.496862,-17.3223,-1.8603816,-2.6368535,5.367325,70.52508,5.524377,122.62441,4.8153234,0.16527683,-3.6398487,-0.86816883,0.27296394,1.3865651,9.023973,10.84653,-11.126039,-3.003203,-0.34163266,-3.257104,-7.2615204,12.707102,-13.080955,2.992606
459,-0.27839022874832153,0.13546161353588104,67.84728240966797,0.6928913781090559,-0.02297623240901878,-87.8565658548252,1.1261479,-9.142079,6.330502,-67.72582,21.650055,-21.525112,-17.337635,-1.8854371,-2.6504,5.2865305,70.5205,5.6064644,122.62441,4.9326916,0.17620556,-3.6388564,-0.8918491,0.31579888,1.4086046,9.049228,10.8628025,-11.144631,-3.0152748,-0.28929397,-3.2342014,-7.236311,12.681615,-13.072446,2.982795
460,-0.2843714654445648,0.13586990535259247,67.843017578125,0.6834061050161047,-0.05809147132539826,-87.85671141438506,1.1230803,-9.009654,6.3414617,-67.73057,21.609747,-21.569057,-17.326899,-1.9033868,-2.6478064,5.202871,70.51253,5.6874576,122.62441,5.021552,0.19430397,-3.6388757,-0.9155329,0.36740044,1.4258679,9.071771,10.853836,-11.149718,-3.0252774,-0.23330273,-3.2132475,-7.2145524,12.6451645,-13.059189,2.9737628
461,-0.2909906208515167,0.13613849878311157,67.83911895751953,0.6749259486752008,-0.0894929649417888,-87.85442422166868,1.1489682,-8.8751,6.352504,-67.736824,21.553276,-21.636856,-17.267193,-1.9081925,-2.6212368,5.083626,70.49439,5.7903337,122.62441,5.065533,0.19407828,-3.6549733,-0.93801576,0.41460052,1.4420699,9.090788,10.846099,-11.1551695,-3.0332355,-0.18359205,-3.193627,-7.196551,12.613986,-13.048523,2.9646027
462,-0.29739242792129517,0.13624876737594604,67.83541107177734,0.667825062134715,-0.11850560223999801,-87.84874770739562,1.1913513,-8.739861,6.3554296,-67.73986,21.511076,-21.719244,-17.19626,-1.906726,-2.575191,5.0143633,70.47895,5.8561215,122.62441,5.078892,0.25183627,-3.6575444,-0.9599617,0.44490254,1.4582562,9.105702,10.861605,-11.169299,-3.0388856,-0.14005738,-3.1769707,-7.182277,12.590249,-13.041236,2.9564743
463,-0.3045174181461334,0.13740211725234985,67.8325424194336,0.6606829223420699,-0.14593827830200545,-87.83964814041413,1.2355025,-8.611476,6.3557215,-67.744354,21.452896,-21.810678,-17.10767,-1.9040596,-2.529215,4.923296,70.453316,5.936455,122.62441,5.0841675,0.29175457,-3.6685681,-0.98263705,0.4896869,1.4716331,9.118327,10.845311,-11.168023,-3.0446222,-0.09073272,-3.158864,-7.170941,12.551795,-13.026591,2.9477968
464,-0.3132062256336212,0.13954490423202515,67.82859802246094,0.6535392717507169,-0.17310033753010157,-87.82616206886956,1.2662771,-8.499783,6.3524475,-67.749626,21.396574,-21.901993,-17.038967,-1.9079225,-2.4920425,4.8331404,70.424515,6.00773,122.62441,5.1032443,0.3268673,-3.6661627,-1.0061837,0.5116476,1.4895877,9.126674,10.866937,-11.182059,-3.053163,-0.059003845,-3.1418467,-7.16165,12.544954,-13.026092,2.93807
465,-0.3207246959209442,0.1417495310306549,67.82597351074219,0.6479369990374961,-0.20069680287625172,-87.80758591325672,1.277406,-8.407043,6.346173,-67.75505,21.347372,-21.993061,-17.004622,-1.9234669,-2.471636,4.7562556,70.398476,6.0621896,122.62441,5.15545,0.37108457,-3.6449964,-1.0321457,0.54932207,1.5010171,9.132506,10.85485,-11.17871,-3.0621111,-0.008820042,-3.1262414,-7.155108,12.50592,-13.011126,2.9305658
466,-0.32800227403640747,0.14387331902980804,67.8232192993164,0.6419109124636138,-0.22769611366994305,-87.78454387294708,1.2779051,-8.328783,6.3302917,-67.76661,21.281414,-22.076864,-16.965902,-1.9471865,-2.4658525,4.6272964,70.35371,6.1383815,122.62441,5.2113485,0.36380967,-3.6303747,-1.0594032,0.5839195,1.5123221,9.134798,10.8491745,-11.179703,-3.072112,0.040390763,-3.1110723,-7.151182,12.468627,-12.997263,2.9238553
467,-0.3353668749332428,0.14667659997940063,67.81997680664062,0.6366640486261527,-0.25364538525969327,-87.75836447514484,1.2747488,-8.261621,6.318663,-67.772316,21.239103,-22.17526,-16.957144,-1.9698014,-2.4483404,4.5663867,70.33167,6.172383,122.62441,5.2784705,0.4138161,-3.5826151,-1.086709,0.60670406,1.5240852,9.133927,10.859801,-11.186385,-3.0817368,0.07772439,-3.0985096,-7.14955,12.450864,-12.991869,2.9176393
468,-0.3428148925304413,0.15029385685920715,67.81800842285156,0.6282389471324271,-0.27720448414980503,-87.73100745924968,1.275618,-8.205051,6.300784,-67.77982,21.180561,-22.271149,-16.926292,-1.9844658,-2.4198306,4.4931326,70.30338,6.211097,122.62441,5.315795,0.4388055,-3.5275934,-1.11303,0.6362526,1.5378774,9.131677,10.848779,-11.180512,-3.0903718,0.13225667,-3.0794034,-7.151517,12.394985,-12.968106,2.9103317
469,-0.3486914038658142,0.15350691974163055,67.8154525756836,0.6165229697540296,-0.29844737348754746,-87.70290155832257,1.2862272,-8.157009,6.2806225,-67.786575,21.11667,-22.371367,-16.880316,-1.9842492,-2.3620458,4.424936,70.2757,6.2445016,122.62441,5.3234496,0.4480521,-3.4477444,-1.1382997,0.6515825,1.5562536,9.128039,10.86082,-11.185569,-3.0961797,0.18305688,-3.0581896,-7.1555476,12.3427515,-12.946421,2.9038074
470,-0.3545372784137726,0.15907064080238342,67.8135757446289,0.6021882726090386,-0.3175397879742746,-87.67321253324025,1.301515,-8.12062,6.2537923,-67.79445,21.039112,-22.470257,-16.816301,-1.9745064,-2.2898688,4.345906,70.24244,6.2788672,122.62441,5.3073874,0.43305445,-3.3516135,-1.1635648,0.67409354,1.5755703,9.123505,10.848263,-11.175374,-3.1006384,0.23920953,-3.0326197,-7.161748,12.271559,-12.913384,2.896326
471,-0.3595375418663025,0.16299821436405182,67.81201934814453,0.5866695240554958,-0.33458731796056046,-87.64136950481458,1.312387,-8.094282,6.2240176,-67.80303,20.964268,-22.569843,-16.756363,-1.9675082,-2.218634,4.269935,70.2084,6.30929,122.62441,5.2715673,0.4164709,-3.259149,-1.1870363,0.6899842,1.5960832,9.1152525,10.847406,-11.172506,-3.1042693,0.30459392,-3.0055773,-7.1726313,12.1838455,-12.874831,2.8899693
472,-0.3642616868019104,0.16811713576316833,67.81070709228516,0.5734656821910367,-0.34936231171580845,-87.60672500471264,1.3097843,-8.076542,6.1931057,-67.813095,20.899265,-22.669508,-16.713104,-1.9751962,-2.1674163,4.2034197,70.17514,6.334757,122.62441,5.2163343,0.4137843,-3.193697,-1.2073025,0.6903079,1.6148611,9.100829,10.862824,-11.173141,-3.107116,0.36008003,-2.9830716,-7.189172,12.109292,-12.841269,2.8851526
473,-0.3688775897026062,0.1728098839521408,67.8104248046875,0.5638905804188228,-0.361404411502475,-87.56955319820959,1.2899085,-8.071948,6.149356,-67.83087,20.835897,-22.751375,-16.684908,-2.0094023,-2.152425,4.1271377,70.129585,6.3635406,122.62441,5.1085963,0.41755185,-3.1776428,-1.2245859,0.7031982,1.6258951,9.081555,10.848072,-11.159918,-3.1096375,0.41785383,-2.9650326,-7.211748,12.027157,-12.804669,2.882284
474,-0.37702977657318115,0.1790769398212433,67.80974578857422,0.5566015738404766,-0.37103663155939937,-87.52987224065976,1.2579607,-8.07848,6.109292,-67.84894,20.787605,-22.839174,-16.683762,-2.0595586,-2.1515589,4.0739346,70.089455,6.3815107,122.62441,4.9716916,0.44820952,-3.1850183,-1.2390879,0.70040476,1.6391981,9.056828,10.851061,-11.151064,-3.1152096,0.45416707,-2.9487522,-7.238931,11.979288,-12.783231,2.8768733
475,-0.3808787167072296,0.1845981925725937,67.8099594116211,0.5492474829833383,-0.37906023283272167,-87.487462052217,1.2187071,-8.090559,6.0674853,-67.86839,20.746174,-22.928432,-16.682003,-2.1107798,-2.154221,4.03063,70.04916,6.3948097,122.62441,4.8449802,0.48373163,-3.1984,-1.2511561,0.69484854,1.6478506,9.027147,10.852984,-11.140932,-3.1159487,0.5063245,-2.9352002,-7.2719874,11.902485,-12.7495575,2.8764462
476,-0.38432812690734863,0.189991295337677,67.8104248046875,0.5423917986448435,-0.38614235809440295,-87.44212518056773,1.1768886,-8.104149,6.009956,-67.894295,20.71349,-23.004145,-16.657776,-2.151323,-2.1471195,3.9814098,69.99763,6.4118643,122.62441,4.7628365,0.49650425,-3.2048047,-1.2610381,0.6894774,1.654849,8.992482,10.852387,-11.129567,-3.114824,0.56092817,-2.922548,-7.3098984,11.820986,-12.714292,2.8766696
477,-0.39131444692611694,0.19483864307403564,67.81035614013672,0.5339809426110215,-0.39212566511620234,-87.3933079594337,1.1330568,-8.11756,5.951601,-67.91759,20.701822,-23.090038,-16.62261,-2.1725948,-2.1200194,3.9378638,69.95129,6.4296885,122.62441,4.7719674,0.49188825,-3.1861966,-1.2680262,0.6822443,1.6669803,8.951294,10.851768,-11.116721,-3.116102,0.6136805,-2.9046986,-7.3536587,11.744384,-12.683388,2.872787
478,-0.3953445553779602,0.1995466649532318,67.81129455566406,0.5246822952682073,-0.39654091484030496,-87.3414940643478,1.0849166,-8.134507,5.895338,-67.93708,20.705433,-23.187853,-16.582647,-2.181569,-2.0831027,3.9000182,69.9126,6.446051,122.62441,4.842101,0.47708586,-3.1532562,-1.2721896,0.6691112,1.6772634,8.9042425,10.853909,-11.102762,-3.1134005,0.6841522,-2.8866537,-7.4038367,11.63422,-12.637673,2.8718855
479,-0.39954352378845215,0.20626746118068695,67.8116226196289,0.5167285918323676,-0.4007534369981127,-87.28719897651945,1.0329156,-8.152055,5.8345757,-67.95618,20.72053,-23.28419,-16.537935,-2.1850088,-2.043881,3.863183,69.87612,6.460554,122.62441,4.922645,0.453704,-3.1180148,-1.274963,0.6508644,1.6861345,8.853396,10.860544,-11.0886545,-3.1094134,0.737462,-2.8723989,-7.456753,11.553077,-12.603731,2.8713558
480,-0.4038977324962616,0.21433383226394653,67.8115463256836,0.5094558387684588,-0.40568919708652057,-87.23116440180799,0.9803237,-8.169054,5.79114,-67.96923,20.733618,-23.406244,-16.488955,-2.1780696,-2.0051687,3.8403254,69.85229,6.464648,122.62441,4.9761934,0.4377622,-3.0828176,-1.2782967,0.63790065,1.6930107,8.801769,10.85804,-11.070392,-3.104758,0.78376275,-2.8600028,-7.5103784,11.485361,-12.575372,2.8712246
481,-0.40809303522109985,0.22219419479370117,67.81189727783203,0.5035144937140897,-0.4127216534422707,-87.17240283972431,0.9163031,-8.185565,5.7216716,-67.99162,20.76346,-23.485125,-16.429035,-2.1864116,-1.9777935,3.8109782,69.816666,6.4651017,122.62441,4.966635,0.41155174,-3.0632913,-1.2826385,0.6238104,1.6981698,8.74886,10.858693,-11.052572,-3.098628,0.8413054,-2.8486722,-7.566144,11.401293,-12.539712,2.8723302
482,-0.411641001701355,0.2288520336151123,67.812255859375,0.4984128148634084,-0.4209637714911349,-87.11095207971287,0.84988254,-8.2007475,5.6569247,-68.01372,20.79672,-23.576128,-16.356318,-2.184321,-1.9505564,3.7912517,69.78563,6.458321,122.62441,4.9365096,0.38589868,-3.0449998,-1.2870724,0.61205775,1.701219,8.693763,10.859882,-11.036895,-3.090847,0.90792507,-2.8385608,-7.6247687,11.307039,-12.501522,2.8750646
483,-0.4163222014904022,0.23736879229545593,67.8127670288086,0.4941222663361657,-0.42801439611936687,-87.04903375022326,0.78319883,-8.2171335,5.5857215,-68.038124,20.835724,-23.65688,-16.289614,-2.183764,-1.921779,3.7767546,69.75314,6.445708,122.62441,4.8890157,0.36348337,-3.0329845,-1.2906452,0.5952016,1.7045895,8.637223,10.861344,-11.017588,-3.0841315,0.9643773,-2.8291233,-7.684083,11.225453,-12.467071,2.876696
484,-0.4222404360771179,0.246458500623703,67.81336975097656,0.48836058410602895,-0.4316879691397588,-86.98888232792955,0.7212838,-8.238686,5.5330014,-68.05506,20.865532,-23.753017,-16.244556,-2.1848729,-1.8872327,3.769845,69.73007,6.4305544,122.62441,4.845011,0.35417295,-3.0267286,-1.2923347,0.57644475,1.7108518,8.580215,10.861618,-10.998241,-3.0808082,1.0132833,-2.8165066,-7.7430434,11.149967,-12.434758,2.876156
485,-0.4268050193786621,0.25444701313972473,67.81481170654297,0.48143510169259546,-0.4302772703616384,-86.93062737111921,0.6635577,-8.268439,5.479119,-68.069695,20.896662,-23.841331,-16.234253,-2.193851,-1.8420596,3.765385,69.70653,6.4116883,122.62441,4.7900186,0.35560125,-3.0337505,-1.2914196,0.55079037,1.7177924,8.521965,10.862662,-10.977908,-3.0794055,1.0662715,-2.802004,-7.802699,11.057249,-12.394309,2.8762581
486,-0.4308341145515442,0.2605624496936798,67.81649017333984,0.4730234848815373,-0.4253490786277313,-86.87325081376615,0.60799515,-8.304047,5.4260273,-68.08143,20.927881,-23.926535,-16.246122,-2.206594,-1.7908921,3.7632427,69.68323,6.3910275,122.62441,4.722227,0.36327747,-3.0532868,-1.2885989,0.52418166,1.7259568,8.462461,10.862283,-10.958708,-3.0800297,1.0882337,-2.7899573,-7.8616905,11.018658,-12.3801365,2.8766196
487,-0.4348275363445282,0.2675015330314636,67.81797790527344,0.4654301467530941,-0.41951941842241874,-86.81731832209391,0.5670398,-8.331565,5.4154634,-68.08326,20.933006,-24.057226,-16.254995,-2.2132921,-1.7390525,3.7631423,69.678856,6.384144,122.62441,4.6803794,0.37170094,-3.076452,-1.284797,0.49445182,1.7334825,8.403254,10.861484,-10.93682,-3.080776,1.0882028,-2.7815793,-7.91913,11.016606,-12.381252,2.8770323
488,-0.43693307042121887,0.27581489086151123,67.8195571899414,0.4578150641312055,-0.41506140352310367,-86.7628649606141,0.51449025,-8.362862,5.3168464,-68.102104,20.99303,-24.075003,-16.284739,-2.2338133,-1.710143,3.7670732,69.63868,6.3440266,122.62441,4.6057887,0.38510236,-3.0835404,-1.2813497,0.46611893,1.7389776,8.346019,10.861502,-10.915907,-3.0783756,1.0888028,-2.7750618,-7.9749045,11.014078,-12.380972,2.8792157
489,-0.44139406085014343,0.2843819558620453,67.82099151611328,0.45104372391471503,-0.41294645775448285,-86.71083423890539,0.49631497,-8.370292,5.3073754,-68.10428,20.995735,-24.188267,-16.279558,-2.239411,-1.6926255,3.7679057,69.63559,6.3398786,122.62441,4.604772,0.38701606,-3.0843723,-1.2775419,0.43903023,1.7463679,8.290906,10.862352,-10.894163,-3.0770276,1.0906528,-2.7669728,-8.0288105,11.011928,-12.380385,2.8789437
490,-0.4465733766555786,0.29506832361221313,67.82228088378906,0.4426904034825701,-0.411365536977986,-86.66051501288334,0.4678229,-8.378183,5.231412,-68.1246,21.01847,-24.221638,-16.27077,-2.2452724,-1.6964813,3.778411,69.6148,6.3124905,122.62441,4.592362,0.40002862,-3.0713143,-1.2734671,0.4142439,1.7558645,8.237214,10.861456,-10.872128,-3.0759082,1.0912344,-2.75603,-8.081332,11.008972,-12.377388,2.8771203
491,-0.44964203238487244,0.3028932809829712,67.8241958618164,0.4352137661311602,-0.41037616105263874,-86.61146188223083,0.4488092,-8.376299,5.172842,-68.14282,21.032557,-24.263294,-16.26008,-2.255445,-1.7019715,3.7893631,69.60342,6.2973757,122.62441,4.598816,0.40651685,-3.060553,-1.2694935,0.3904413,1.7627546,8.185035,10.862478,-10.852555,-3.0724854,1.0947301,-2.7482922,-8.132748,11.006132,-12.376566,2.8779352
492,-0.45221805572509766,0.3119956851005554,67.82563018798828,0.42889984465510683,-0.4097980450086427,-86.56292575821868,0.41705135,-8.371515,5.1346416,-68.155304,21.041445,-24.321342,-16.254725,-2.2652922,-1.699045,3.7978427,69.59836,6.285731,122.62441,4.6054935,0.40466717,-3.051657,-1.2662848,0.36817297,1.7674052,8.13428,10.862034,-10.832705,-3.0675695,1.097815,-2.7425,-8.182993,11.0031185,-12.374772,2.8793461
493,-0.4569775462150574,0.3216594457626343,67.8265380859375,0.4245227993787933,-0.4097359591447948,-86.51388537213353,0.3620781,-8.362884,5.0870347,-68.17066,21.056232,-24.357864,-16.267107,-2.28672,-1.6891736,3.809801,69.595146,6.271384,122.62441,4.6042933,0.39654922,-3.0429752,-1.2643594,0.34502447,1.7720172,8.084497,10.862259,-10.811774,-3.0631611,1.100204,-2.737016,-8.23261,11.001312,-12.373366,2.8788893
494,-0.4605090320110321,0.3313671946525574,67.82794189453125,0.4206254930740222,-0.4101824881947697,-86.46501680821329,0.2925614,-8.348644,5.028747,-68.188774,21.079601,-24.371979,-16.294521,-2.31757,-1.6770687,3.8261352,69.595055,6.256578,122.62441,4.6052346,0.38362128,-3.032102,-1.2632906,0.32233822,1.7747415,8.035926,10.862534,-10.790893,-3.0564368,1.1022809,-2.7336094,-8.28132,10.999927,-12.37145,2.8797967
495,-0.4652584493160248,0.34042930603027344,67.8289566040039,0.41798067598875177,-0.41081651060614177,-86.41780089270847,0.22539762,-8.334325,4.9812074,-68.20321,21.10183,-24.39307,-16.312645,-2.342003,-1.6617373,3.8408713,69.59858,6.245129,122.62441,4.6056743,0.36702546,-3.026505,-1.2624191,0.30079415,1.7774417,7.9891496,10.863036,-10.771033,-3.0511518,1.1048453,-2.7302513,-8.328374,10.998146,-12.369723,2.8795793
496,-0.4695660471916199,0.35253316164016724,67.83059692382812,0.41423802028241813,-0.4112647595442794,-86.3736383399199,0.17750151,-8.323555,4.9546924,-68.21162,21.116201,-24.435623,-16.296326,-2.3476906,-1.6439883,3.850147,69.6022,6.2389364,122.62441,4.602954,0.3460282,-3.0317068,-1.2610766,0.2768044,1.7811506,7.944563,10.862841,-10.748361,-3.0468204,1.1035792,-2.7257872,-8.372828,10.99629,-12.364393,2.8788338
497,-0.47362157702445984,0.36151036620140076,67.83222961425781,0.4099105503566241,-0.4113504904432566,-86.33345842077347,0.1564319,-8.319941,4.939152,-68.21712,21.126476,-24.491901,-16.226007,-2.3300781,-1.6229007,3.856357,69.604996,6.2369785,122.62441,4.595899,0.32204297,-3.0525908,-1.2584177,0.25584084,1.7859188,7.9021125,10.86368,-10.730281,-3.045354,1.1043676,-2.720312,-8.41489,10.99447,-12.36163,2.8780613
498,-0.4781299829483032,0.3697473406791687,67.83370971679688,0.40668639621733255,-0.4113999311665133,-86.29593949282817,0.15165518,-8.318934,4.902318,-68.23181,21.150215,-24.512352,-16.122328,-2.3064609,-1.5994983,3.8723845,69.6123,6.2349644,122.62441,4.5926776,0.307224,-3.0831234,-1.2551043,0.23622254,1.7901596,7.861389,10.863905,-10.713105,-3.045764,1.1053519,-2.715353,-8.455026,10.992977,-12.359625,2.876832
499,-0.4821987748146057,0.3810998201370239,67.83500671386719,0.40235208865724975,-0.4114239555458524,-86.26041683247365,0.15441328,-8.319738,4.8490705,-68.25409,21.182817,-24.50417,-16.015654,-2.2827408,-1.5775075,3.8964345,69.62303,6.2311807,122.62441,4.5881653,0.30111408,-3.1147559,-1.2525463,0.21428958,1.795333,7.823352,10.863924,-10.693364,-3.046082,1.1020519,-2.709574,-8.492475,10.991625,-12.353599,2.875217
500,-0.48558133840560913,0.39266759157180786,67.83635711669922,0.39669083853558096,-0.4115692493855068,-86.22605428506793,0.15528983,-8.3186245,4.8413935,-68.25746,21.189577,-24.542566,-15.930178,-2.2522135,-1.5651404,3.9002726,69.62484,6.2307506,122.62441,4.5655637,0.28044218,-3.1418178,-1.2520694,0.19358963,1.8014089,7.788979,10.86389,-10.674367,-3.0457003,1.0985765,-2.702799,-8.526923,10.989972,-12.347046,2.8738098
501,-0.48946765065193176,0.4051312804222107,67.83740234375,0.3919859597557334,-0.4118276632786087,-86.19200449365651,0.15261862,-8.3154125,4.804244,-68.274475,21.220821,-24.527723,-15.886773,-2.2289536,-1.5534254,3.9199154,69.63433,6.224095,122.62441,4.537602,0.28164938,-3.1618218,-1.2550484,0.17267308,1.8070234,7.7590704,10.864002,-10.65473,-3.0450816,1.0923942,-2.6969757,-8.557991,10.989055,-12.33862,2.8720415
502,-0.49248239398002625,0.41412824392318726,67.8385009765625,0.38688426119548547,-0.41211245429991444,-86.15908851637566,0.15065445,-8.312514,4.7822037,-68.28431,21.241333,-24.521866,-15.857183,-2.202488,-1.5501919,3.93245,69.6405,6.215649,122.62441,4.4924116,0.28046483,-3.1792264,-1.2603734,0.15569657,1.8125699,7.7331524,10.864299,-10.638915,-3.04438,1.0899067,-2.6912975,-8.586162,10.987462,-12.333192,2.8713396
503,-0.49533337354660034,0.4239123463630676,67.83990478515625,0.38082101805344926,-0.41271025757059576,-86.12803993901834,0.15079139,-8.309866,4.778229,-68.28627,21.246387,-24.524286,-15.836607,-2.1800177,-1.5568696,3.9350574,69.64202,6.21446,122.62441,4.451844,0.27323425,-3.1924567,-1.266019,0.1401038,1.8190795,7.709502,10.863766,-10.623186,-3.0434742,1.0862429,-2.6844761,-8.611966,10.986687,-12.327228,2.870161
504,-0.4991236925125122,0.434970498085022,67.84101867675781,0.3755990305434815,-0.41403712020402206,-86.09955763694316,0.15305565,-8.302068,4.774198,-68.2886,21.254568,-24.519156,-15.831742,-2.1600275,-1.5664107,3.9380333,69.64386,6.2142715,122.62441,4.430434,0.2689122,-3.191021,-1.2702153,0.123293005,1.8259141,7.686523,10.86407,-10.606266,-3.0427995,1.0817024,-2.677395,-8.636115,10.984983,-12.318989,2.8675978
505,-0.5018921494483948,0.4452824592590332,67.84259033203125,0.3701900019412801,-0.4160082053070979,-86.07327002125238,0.15970968,-8.287168,4.766939,-68.29316,21.267014,-24.498617,-15.849794,-2.1568654,-1.5824366,3.9439576,69.64816,6.218178,122.62441,4.446738,0.26601052,-3.166654,-1.2731235,0.10868368,1.8320585,7.664149,10.864143,-10.590878,-3.0403461,1.0790515,-2.6706564,-8.658509,10.982702,-12.311408,2.8655972
506,-0.5036973357200623,0.45562759041786194,67.84412384033203,0.36377897779342744,-0.41846760536318467,-86.04907297848817,0.17656243,-8.255234,4.74064,-68.308556,21.324713,-24.423515,-15.921028,-2.1863403,-1.590432,3.9647086,69.66823,6.241399,122.62441,4.5189395,0.28023908,-3.1350753,-1.2754179,0.09450979,1.8386725,7.643063,10.865501,-10.576775,-3.036564,1.0758786,-2.663566,-8.67883,10.981436,-12.303823,2.8639371
507,-0.5067011713981628,0.4668932557106018,67.84516906738281,0.35909352561611113,-0.4216126050868129,-86.02780689775614,0.18818188,-8.235535,4.733768,-68.31313,21.336624,-24.376795,-15.964735,-2.199843,-1.6178569,3.9705915,69.67535,6.252655,122.62441,4.567781,0.28166664,-3.090763,-1.2764492,0.07962692,1.8449247,7.623294,10.8670435,-10.561251,-3.033925,1.0724663,-2.6569362,-8.69741,10.980077,-12.295504,2.8609552
508,-0.5084980130195618,0.48001372814178467,67.84624481201172,0.3529282054528442,-0.42554383201162554,-86.01035571279306,0.19954284,-8.219038,4.7228475,-68.32309,21.366253,-24.307465,-16.0176,-2.2194848,-1.6364261,3.9810882,69.69187,6.284165,122.62441,4.624472,0.28734845,-3.0693264,-1.2754682,0.06580715,1.8517498,7.604854,10.866771,-10.544058,-3.0316434,1.0681447,-2.649486,-8.714602,10.978607,-12.285295,2.8583326
509,-0.5109111070632935,0.4931412637233734,67.84681701660156,0.3464091685874347,-0.4303259057118867,-85.99841395902037,0.20140207,-8.21919,4.7213793,-68.326584,21.368828,-24.257177,-16.04385,-2.215107,-1.6611526,3.9837239,69.696396,6.2915726,122.62441,4.626242,0.28568307,-3.0429149,-1.2709724,0.05323596,1.8602796,7.587467,10.866426,-10.526715,-3.0324368,1.0639081,-2.6404922,-8.730635,10.977124,-12.274449,2.8544898
510,-0.5116502046585083,0.5047224760055542,67.84807586669922,0.33794115200585695,-0.43579827520915865,-85.99103850557545,0.20350315,-8.226537,4.721446,-68.33108,21.37319,-24.18368,-16.073393,-2.2236338,-1.6874182,3.9859343,69.70129,6.3109093,122.62441,4.6265583,0.28304565,-3.0285835,-1.2637093,0.04381853,1.869862,7.5712004,10.866583,-10.512139,-3.0338604,1.0617818,-2.6303663,-8.745469,10.975636,-12.264838,2.8516197
511,-0.5117416977882385,0.5163795948028564,67.84903717041016,0.3301155197271078,-0.4419254860421776,-85.98534767218476,0.20347056,-8.23911,4.7243466,-68.34183,21.37878,-24.108889,-16.098299,-2.2289548,-1.7084702,3.9892004,69.71104,6.3535724,122.62441,4.639501,0.2821239,-3.0370083,-1.2566034,0.03633649,1.8781055,7.556955,10.865169,-10.49731,-3.0349212,1.0603826,-2.6215222,-8.7584305,10.973907,-12.255081,2.8493977
512,-0.512468695640564,0.5301591157913208,67.8495101928711,0.32458447795037565,-0.44842967773758485,-85.97819701261189,0.20354858,-8.24515,4.7301817,-68.352715,21.38209,-24.037413,-16.116467,-2.228612,-1.7369051,3.9911854,69.71995,6.38147,122.62441,4.6463003,0.2879402,-3.0388384,-1.2527542,0.026780892,1.8841637,7.545331,10.864606,-10.481011,-3.0349896,1.0560368,-2.615198,-8.768891,10.972738,-12.24281,2.8469367
513,-0.5140244364738464,0.541318953037262,67.84993743896484,0.3200780546114429,-0.45554629754199055,-85.96859112430529,0.2054597,-8.241882,4.7371893,-68.36126,21.38699,-23.96613,-16.133207,-2.2261546,-1.7754124,3.9921744,69.72615,6.401301,122.62441,4.659379,0.30404076,-3.045757,-1.25315,0.021210644,1.889706,7.537015,10.864043,-10.468113,-3.0351915,1.0546734,-2.6093893,-8.776753,10.971611,-12.233304,2.8442514
514,-0.5164923667907715,0.5559616088867188,67.85027313232422,0.3166381636779282,-0.4632717950695043,-85.95824166744555,0.2080271,-8.233409,4.7541847,-68.37647,21.396263,-23.897852,-16.150436,-2.2264524,-1.8094914,3.992928,69.736824,6.4297867,122.62441,4.6834903,0.3281102,-3.065989,-1.2560611,0.012637269,1.8947906,7.5312486,10.864415,-10.45253,-3.0351014,1.0497911,-2.604207,-8.782119,10.971179,-12.2207155,2.8404784
515,-0.5175282955169678,0.5669638514518738,67.85091400146484,0.314169108771423,-0.47093031941823077,-85.94836391237008,0.20944767,-8.227956,4.762013,-68.38189,21.403578,-23.82406,-16.15938,-2.2178824,-1.8560249,3.992967,69.7401,6.440484,122.62441,4.6953826,0.35245162,-3.074221,-1.260539,0.008317309,1.8974115,7.527696,10.864139,-10.440791,-3.033676,1.0478879,-2.601604,-8.785594,10.9717,-12.211947,2.8387957
516,-0.520509660243988,0.578693687915802,67.8515853881836,0.3116280719927707,-0.4779502679454923,-85.94017052843559,0.20833224,-8.22953,4.787918,-68.39653,21.427048,-23.761677,-16.168419,-2.216067,-1.8681844,3.9923944,69.74864,6.4704814,122.62441,4.724777,0.36493513,-3.0840478,-1.2654133,0.003500658,1.9020791,7.525281,10.864085,-10.429136,-3.0338728,1.044474,-2.5966895,-8.787599,10.971177,-12.201584,2.8348105
517,-0.5235291719436646,0.5933698415756226,67.8526611328125,0.30908695416852167,-0.48363000024359026,-85.93467993245228,0.20427313,-8.245242,4.7991304,-68.40184,21.44078,-23.687086,-16.142513,-2.2090085,-1.8807012,3.991847,69.751205,6.4830804,122.62441,4.7389684,0.3668244,-3.0626738,-1.2711768,-0.006241551,1.9069272,7.524957,10.864525,-10.414344,-3.033027,1.03606,-2.5916526,-8.786812,10.969388,-12.18631,2.8303013
518,-0.5246463418006897,0.6018888354301453,67.85342407226562,0.3069302284526825,-0.48866160624644955,-85.9310444949227,0.19783925,-8.273257,4.8311515,-68.41494,21.477386,-23.629393,-16.118221,-2.2065468,-1.8546716,3.989252,69.75687,6.515089,122.62441,4.765671,0.35638076,-3.043241,-1.2780046,-0.010337842,1.9098275,7.52695,10.866019,-10.407038,-3.0308123,1.0314714,-2.5889218,-8.783815,10.968561,-12.176149,2.828484
519,-0.5268954634666443,0.6096612811088562,67.85466766357422,0.3047188815607195,-0.49353472045346997,-85.9275730037876,0.18936132,-8.297874,4.8539762,-68.42269,21.504074,-23.558556,-16.087624,-2.200064,-1.8448912,3.9870224,69.75965,6.5343246,122.62441,4.792536,0.34520322,-3.0146627,-1.2849876,-0.012354754,1.9137834,7.5291867,10.866245,-10.400509,-3.0300329,1.0285676,-2.58466,-8.780769,10.967487,-12.167771,2.8254068
520,-0.5266945958137512,0.6224021315574646,67.85560607910156,0.30307618983459356,-0.49902792595758344,-85.92271794731936,0.17874789,-8.309866,4.9089274,-68.43525,21.542562,-23.512829,-16.097294,-2.1950905,-1.826513,3.9814072,69.765785,6.5604453,122.62441,4.840406,0.33280823,-3.0027945,-1.2909192,-0.01969652,1.9143245,7.529513,10.866435,-10.388368,-3.0265458,1.0210912,-2.584225,-8.779634,10.966189,-12.153504,2.8245227
521,-0.5288380980491638,0.6362229585647583,67.85601043701172,0.2997206141938613,-0.5044763099050763,-85.91577719584133,0.16425622,-8.302487,4.927935,-68.43931,21.562862,-23.422205,-16.120747,-2.1833637,-1.8649151,3.9800794,69.768005,6.5660195,122.62441,4.909746,0.33164853,-2.9944878,-1.2960488,-0.027234301,1.9189695,7.5276723,10.865621,-10.374553,-3.0269513,1.0129429,-2.579396,-8.781071,10.966196,-12.140262,2.8203838
522,-0.5308367013931274,0.6491091251373291,67.85650634765625,0.2951115952952286,-0.5099296759310794,-85.9076271690513,0.14647755,-8.2830105,4.963639,-68.44659,21.603416,-23.339317,-16.185242,-2.1747804,-1.899821,3.978834,69.77361,6.5719104,122.62441,5.006188,0.33058524,-2.995114,-1.3007009,-0.03512612,1.9250524,7.524561,10.864671,-10.360081,-3.0285177,1.0061041,-2.5732641,-8.784111,10.96645,-12.128501,2.8160186
523,-0.5310565233230591,0.6612882018089294,67.85661315917969,0.2911237997589808,-0.516153178159239,-85.89937492045365,0.1287661,-8.259501,4.997015,-68.45285,21.640352,-23.249859,-16.25779,-2.163992,-1.943895,3.9790277,69.77967,6.570958,122.62441,5.091009,0.33268598,-2.9973526,-1.3043103,-0.04242114,1.9287086,7.520479,10.863782,-10.345761,-3.0284038,1.0009686,-2.5698366,-8.788262,10.966961,-12.117578,2.8138838
524,-0.5292264819145203,0.6710510849952698,67.857177734375,0.2870712931181862,-0.5240209444273024,-85.8919812401166,0.11445639,-8.238303,5.042664,-68.460625,21.679047,-23.169243,-16.335093,-2.1555448,-1.9784259,3.9815395,69.787704,6.5618997,122.62441,5.1316175,0.33775264,-2.9959688,-1.3062954,-0.044492558,1.9302316,7.5155973,10.8634,-10.335928,-3.0260432,1.0006301,-2.5683396,-8.79325,10.966418,-12.108379,2.81446
525,-0.5304402709007263,0.6819981932640076,67.85753631591797,0.2846062445869533,-0.5343265697900343,-85.88593826576674,0.106664635,-8.2240925,5.0503445,-68.462654,21.689468,-23.046581,-16.390085,-2.145909,-2.041496,3.9824116,69.78889,6.5573797,122.62441,5.103256,0.34145048,-3.0057845,-1.306145,-0.04489192,1.932905,7.5095563,10.862642,-10.324846,-3.0253718,1.0028653,-2.5653543,-8.799056,10.965702,-12.099605,2.8124726
526,-0.5291855931282043,0.6942934989929199,67.85745239257812,0.28197489739475196,-0.5467014059979959,-85.88049833983371,0.098098546,-8.202492,5.108609,-68.47818,21.75102,-22.960342,-16.506754,-2.1538453,-2.0512874,3.993707,69.79575,6.5180116,122.62441,5.0232673,0.35701075,-2.9906788,-1.3044803,-0.04519405,1.9331998,7.502507,10.863141,-10.313523,-3.0215552,1.0068318,-2.5648751,-8.805764,10.964917,-12.089989,2.8132534
527,-0.528388500213623,0.7060307860374451,67.85734558105469,0.27928617385889876,-0.5590479124057224,-85.87554550147739,0.092546254,-8.185873,5.1400795,-68.48687,21.78034,-22.852493,-16.58488,-2.1504178,-2.0929854,4.0021086,69.79827,6.491323,122.62441,4.93394,0.3697808,-2.9932287,-1.3016516,-0.045344815,1.9341153,7.494666,10.8629675,-10.301663,-3.0181868,1.0108894,-2.5638247,-8.813026,10.963514,-12.079918,2.813678
528,-0.5286503434181213,0.7184501886367798,67.85723114013672,0.2768979803193007,-0.5700717015391606,-85.87038766385957,0.08639928,-8.170767,5.2048473,-68.502594,21.818745,-22.784967,-16.650509,-2.1400337,-2.1128144,4.023954,69.80085,6.444841,122.62441,4.8578744,0.39341238,-2.9880316,-1.2983959,-0.04472046,1.9353358,7.486324,10.858106,-10.2870245,-3.0157802,1.0158024,-2.5614884,-8.820803,10.95872,-12.068746,2.8129168
529,-0.5280836224555969,0.7309552431106567,67.85767364501953,0.2730729224585254,-0.5786776088609487,-85.8648881052419,0.07699029,-8.160174,5.240702,-68.512985,21.85054,-22.701763,-16.672201,-2.113085,-2.1595867,4.0375323,69.80076,6.4132895,122.62441,4.806937,0.40635034,-3.0041807,-1.294803,-0.05203216,1.9380889,7.4771304,10.862824,-10.276537,-3.0131128,1.0127515,-2.5590298,-8.82871,10.961561,-12.0596285,2.8126938
530,-0.5267501473426819,0.7393941283226013,67.85847473144531,0.2696053548411964,-0.5859986163379916,-85.85927093966004,0.065941066,-8.152002,5.268493,-68.52426,21.888956,-22.61761,-16.674595,-2.0769513,-2.2111354,4.048836,69.79924,6.380374,122.62441,4.7622356,0.41599646,-3.0264263,-1.2906243,-0.055702608,1.9396914,7.467426,10.86336,-10.266764,-3.0103629,1.0151978,-2.557112,-8.837371,10.960714,-12.053382,2.8138635
531,-0.5250046849250793,0.7497075796127319,67.85867309570312,0.2648979808145507,-0.5929407360197522,-85.85401355258064,0.058288846,-8.143255,5.3009467,-68.5397,21.93659,-22.538809,-16.676477,-2.0415106,-2.2546077,4.063205,69.79631,6.341784,122.62441,4.726008,0.42704728,-3.0455515,-1.2856938,-0.06032953,1.9421072,7.4573283,10.86274,-10.255294,-3.0071042,1.0152231,-2.5542061,-8.846247,10.959543,-12.044717,2.814807
532,-0.5232123136520386,0.7615849375724792,67.85897827148438,0.2615172252498049,-0.600393059609068,-85.84948803950923,0.05908002,-8.130824,5.3158536,-68.54827,21.967928,-22.44826,-16.670673,-2.002459,-2.3123982,4.069551,69.79474,6.3205695,122.62441,4.7150574,0.4292136,-3.066472,-1.2800577,-0.06684009,1.9430788,7.4472127,10.862689,-10.242157,-3.0029864,1.0134333,-2.5530849,-8.855047,10.959411,-12.034732,2.8155708
533,-0.5212368369102478,0.7725987434387207,67.85888671875,0.2571987254680906,-0.6089176457123747,-85.84600380805075,0.07343774,-8.11163,5.353537,-68.56994,22.036396,-22.372896,-16.699844,-1.9769351,-2.3273995,4.086095,69.79068,6.2792263,122.62441,4.724178,0.43983933,-3.0597928,-1.2735996,-0.070604995,1.9450539,7.4373446,10.863153,-10.231213,-2.998643,1.0143187,-2.5508356,-8.863914,10.958691,-12.025732,2.815695
534,-0.5182362794876099,0.7809057831764221,67.85887145996094,0.2520481948369095,-0.6177997370430136,-85.8433750667465,0.0975418,-8.090254,5.3765244,-68.58318,22.078049,-22.28824,-16.701668,-1.9448717,-2.3609445,4.0955806,69.78849,6.259042,122.62441,4.7677603,0.44157678,-3.0587184,-1.2661326,-0.070751116,1.9471586,7.427495,10.862804,-10.2228,-2.9936795,1.0188909,-2.5483665,-8.873122,10.958481,-12.020384,2.816467
535,-0.5152782797813416,0.7929027080535889,67.85907745361328,0.24790512666239262,-0.6264661377871448,-85.84105051705725,0.12251475,-8.06773,5.4085646,-68.60133,22.137575,-22.213694,-16.733316,-1.9188577,-2.3806405,4.108114,69.78598,6.2309623,122.62441,4.806461,0.4446613,-3.0512636,-1.2584012,-0.07521764,1.9480051,7.4175177,10.8636465,-10.211611,-2.987921,1.0197468,-2.5471494,-8.882093,10.9577055,-12.010998,2.817065
536,-0.5124213099479675,0.8030932545661926,67.859375,0.24221883357973426,-0.6339582480879475,-85.83871895476354,0.13537855,-8.053807,5.4200816,-68.6082,22.158077,-22.126038,-16.757126,-1.8881432,-2.4444947,4.112169,69.78511,6.219341,122.62441,4.8285007,0.43819,-3.0624,-1.2509114,-0.080091946,1.9509463,7.407468,10.864649,-10.201247,-2.9834344,1.0193398,-2.5441084,-8.890717,10.958126,-12.002796,2.8178616
537,-0.5086561441421509,0.8114211559295654,67.85969543457031,0.23714445982686355,-0.6398701117547868,-85.8366821006635,0.14731023,-8.037947,5.4322863,-68.61627,22.18835,-22.038094,-16.846584,-1.8707887,-2.5181172,4.1160626,69.7843,6.198762,122.62441,4.807192,0.43281612,-3.076978,-1.243891,-0.083547264,1.9521706,7.3978834,10.864541,-10.192926,-2.9789562,1.0203644,-2.5423534,-8.89854,10.9567795,-11.995783,2.82073
538,-0.5071268677711487,0.8201334476470947,67.85961151123047,0.23259894988678137,-0.6450789491873108,-85.83456905048845,0.1511164,-8.027588,5.4892426,-68.64636,22.283195,-21.98482,-17.032448,-1.8740702,-2.5439186,4.1370564,69.780304,6.1182237,122.62441,4.7333446,0.44408584,-3.0556135,-1.2372807,-0.08947305,1.9551791,7.3882008,10.865029,-10.183231,-2.9770193,1.0193206,-2.538966,-8.905854,10.956076,-11.988477,2.8218343
539,-0.505394458770752,0.8291822075843811,67.86000061035156,0.22919648106384446,-0.6498769085853064,-85.83227283946601,0.14888449,-8.019476,5.5324817,-68.66265,22.32004,-21.931986,-17.163479,-1.8682302,-2.6012886,4.1545186,69.7771,6.067124,122.62441,4.6682487,0.45273507,-3.0592926,-1.2304723,-0.09580156,1.9564999,7.3782372,10.865451,-10.173579,-2.9745617,1.0186211,-2.5370114,-8.913524,10.954237,-11.980718,2.823475
540,-0.5017375349998474,0.8387971520423889,67.86067962646484,0.2241318641027243,-0.6549429889983225,-85.82908788222095,0.13995528,-8.009997,5.560028,-68.67273,22.348202,-21.880142,-17.23896,-1.8613304,-2.6473434,4.1656575,69.77499,6.0288277,122.62441,4.6171246,0.46018663,-3.0687165,-1.2233185,-0.10215539,1.9575349,7.367464,10.864686,-10.162595,-2.9700518,1.0173937,-2.5354342,-8.92247,10.953251,-11.97255,2.8264656
541,-0.49908825755119324,0.84676593542099,67.86100006103516,0.22238097961173392,-0.6609969510665764,-85.8242846380067,0.12009845,-7.9977107,5.5921345,-68.68452,22.380259,-21.845585,-17.249886,-1.8642457,-2.653133,4.1793213,69.77179,5.987988,122.62441,4.5768466,0.4782338,-3.0732887,-1.216107,-0.10699921,1.9557018,7.3558035,10.865603,-10.153884,-2.9657383,1.0186906,-2.5371022,-8.933174,10.953042,-11.966598,2.8291214
542,-0.4955795705318451,0.856337308883667,67.86129760742188,0.22094051735750475,-0.6673129322465217,-85.81835234433018,0.09118918,-7.9846683,5.6199737,-68.69497,22.410042,-21.824808,-17.217014,-1.8684963,-2.6345003,4.1918445,69.76823,5.9502068,122.62441,4.5400543,0.5021633,-3.0778744,-1.2088237,-0.11212108,1.9521679,7.3434076,10.865514,-10.143777,-2.960005,1.0194601,-2.5402765,-8.945019,10.952384,-11.959109,2.8324811
543,-0.49279066920280457,0.8660290241241455,67.86149597167969,0.2187244093148291,-0.673503954007993,-85.81238613081642,0.061264146,-7.9711437,5.6367254,-68.70223,22.431587,-21.800549,-17.161833,-1.8705819,-2.617724,4.1995673,69.765785,5.9241686,122.62441,4.5129633,0.5222475,-3.0900705,-1.2008795,-0.11884515,1.9504187,7.330256,10.865737,-10.1323395,-2.9547536,1.0203439,-2.5417144,-8.957687,10.951545,-11.951767,2.834794
544,-0.48938578367233276,0.8736140727996826,67.86195373535156,0.21674073009716338,-0.6790316328024408,-85.80746874633844,0.03824496,-7.9579434,5.679001,-68.71929,22.458754,-21.802238,-17.128181,-1.86827,-2.5823913,4.221261,69.75907,5.8728867,122.62441,4.4769773,0.55405813,-3.087162,-1.1918267,-0.122994974,1.9478548,7.31675,10.865519,-10.123673,-2.9484715,1.0222869,-2.5438678,-8.970675,10.950987,-11.94633,2.838035
545,-0.48586875200271606,0.8813768625259399,67.862548828125,0.21320438909328113,-0.6833569732930225,-85.80461824592297,0.025022833,-7.9443846,5.7016163,-68.728485,22.466702,-21.794016,-17.095463,-1.842514,-2.5745752,4.2331343,69.756195,5.8450813,122.62441,4.4563527,0.57417,-3.1006277,-1.1802863,-0.12940215,1.9473522,7.3021474,10.865502,-10.113913,-2.9411628,1.0232395,-2.543831,-8.984392,10.9494915,-11.940225,2.8408813
546,-0.48181894421577454,0.8910328149795532,67.86322021484375,0.20808343995290662,-0.6866278906505279,-85.80323509333977,0.02131352,-7.9380345,5.7050586,-68.73027,22.469286,-21.7716,-17.064434,-1.8074639,-2.5837276,4.234728,69.75592,5.8399777,122.62441,4.4527965,0.5839027,-3.1263103,-1.1668452,-0.14027387,1.9484473,7.286687,10.8666725,-10.101823,-2.9324453,1.0204555,-2.5424242,-8.998619,10.949279,-11.932699,2.8435671
547,-0.4768516421318054,0.9005122184753418,67.86373138427734,0.20373148227860774,-0.6902551883738073,-85.80105464658635,0.011506138,-7.9179955,5.7375245,-68.74864,22.47318,-21.78536,-17.035833,-1.770787,-2.562059,4.2513947,69.75359,5.790031,122.62441,4.429741,0.6075544,-3.1228638,-1.154184,-0.14922887,1.9473848,7.271111,10.866897,-10.090561,-2.9226162,1.0188792,-2.5429559,-9.013014,10.947883,-11.924656,2.8475895
548,-0.4747638404369354,0.9098701477050781,67.86390686035156,0.199138276395782,-0.6949544554105376,-85.79672816292711,0.0062379465,-7.908879,5.7497025,-68.755684,22.472584,-21.778048,-17.012571,-1.7516557,-2.5668197,4.258124,69.753265,5.775082,122.62441,4.428068,0.60991764,-3.1418211,-1.1442446,-0.15734655,1.9494154,7.256267,10.868238,-10.079998,-2.916886,1.0186452,-2.540368,-9.026641,10.947028,-11.917923,2.8487136
549,-0.4707132577896118,0.9173892736434937,67.86443328857422,0.19381138200021483,-0.7017550903281476,-85.78994960906137,-0.00045332965,-7.895309,5.785007,-68.775795,22.454882,-21.794668,-16.981714,-1.759548,-2.548695,4.2803836,69.75416,5.7188945,122.62441,4.41322,0.6224127,-3.12481,-1.1379616,-0.16070779,1.9500501,7.243083,10.868965,-10.071986,-2.9113164,1.0223235,-2.5393116,-9.03892,10.9457035,-11.912247,2.8521805
550,-0.46726202964782715,0.9280182123184204,67.86426544189453,0.18919165603575186,-0.710075429697032,-85.78148518195884,-0.0024975294,-7.8899283,5.7887754,-68.77812,22.45355,-21.791016,-16.975754,-1.7726502,-2.5572295,4.2830324,69.75447,5.712323,122.62441,4.4236016,0.6045161,-3.141723,-1.1340431,-0.16498466,1.9501047,7.2307324,10.869047,-10.061107,-2.9066527,1.0236657,-2.5390372,-9.050189,10.9455385,-11.903987,2.855083
551,-0.46449196338653564,0.9366400241851807,67.86459350585938,0.1852738505946684,-0.7178641428412631,-85.77135652043405,-0.010928895,-7.877892,5.8083887,-68.792244,22.437702,-21.79481,-16.956276,-1.8043329,-2.556747,4.298366,69.75748,5.6622577,122.62441,4.418017,0.5981431,-3.1254113,-1.1315674,-0.1680806,1.9499203,7.218137,10.869001,-10.051788,-2.9029827,1.0270507,-2.5388644,-9.061806,10.944874,-11.897859,2.8578227
552,-0.4623558521270752,0.9458526968955994,67.8649673461914,0.18104643735415213,-0.7231947121922998,-85.75993620513096,-0.021573592,-7.8826065,5.8180227,-68.7995,22.431612,-21.803654,-16.94417,-1.8196067,-2.5679326,4.307133,69.75947,5.642034,122.62441,4.423158,0.5845207,-3.1337676,-1.1293836,-0.17501286,1.9505297,7.20425,10.869439,-10.041393,-2.8992445,1.0271262,-2.537813,-9.074465,10.943999,-11.890673,2.8599
553,-0.45917367935180664,0.9534820914268494,67.86589813232422,0.17695616811739118,-0.7245405837980315,-85.74647129723078,-0.04335308,-7.907909,5.827861,-68.80793,22.422321,-21.828566,-16.921478,-1.8235193,-2.5821064,4.3175926,69.762314,5.6091514,122.62441,4.4197216,0.58214533,-3.1343124,-1.1275629,-0.18467498,1.9495245,7.188376,10.869157,-10.031525,-2.893513,1.0246638,-2.538136,-9.089019,10.942806,-11.884257,2.8635273
554,-0.4556879997253418,0.9620703458786011,67.8666000366211,0.173504903167911,-0.7233826755919069,-85.73099695680828,-0.07203832,-7.949158,5.8467164,-68.824585,22.400385,-21.867994,-16.882849,-1.8228822,-2.5967498,4.343147,69.76956,5.5480886,122.62441,4.4070683,0.59594786,-3.1126397,-1.1266598,-0.19931142,1.94722,7.1711764,10.869569,-10.019906,-2.88651,1.0183607,-2.539905,-9.104677,10.942148,-11.876854,2.8678088
555,-0.4531325399875641,0.9679839015007019,67.86746978759766,0.17089329477062998,-0.7219412565633712,-85.71506314325075,-0.09798811,-7.987069,5.852663,-68.83026,22.394054,-21.902876,-16.861498,-1.8179215,-2.6182566,4.353669,69.77265,5.527068,122.62441,4.406802,0.5918381,-3.123987,-1.1260499,-0.21131228,1.9449242,7.1537786,10.869567,-10.010657,-2.8807385,1.0143821,-2.5415826,-9.120614,10.941286,-11.871957,2.8716295
556,-0.45144978165626526,0.9753506779670715,67.86819458007812,0.16699393022311385,-0.7224041234683138,-85.7002112790246,-0.10463499,-7.9950657,5.854066,-68.83193,22.392185,-21.930931,-16.849236,-1.8183686,-2.6281035,4.3567915,69.77361,5.5192585,122.62441,4.4112244,0.58307225,-3.142746,-1.1250105,-0.22266893,1.9452089,7.137025,10.869472,-9.999919,-2.8765702,1.0113091,-2.540641,-9.135763,10.940188,-11.866093,2.8738768
557,-0.4482010304927826,0.9825173616409302,67.86851501464844,0.16202673752645766,-0.7260270668356881,-85.68697057264205,-0.10729656,-7.988752,5.8609457,-68.840614,22.371382,-21.960264,-16.822584,-1.8201923,-2.6192589,4.3746333,69.77943,5.4693336,122.62441,4.4034867,0.58665437,-3.131801,-1.1232427,-0.22913581,1.9453276,7.120981,10.869799,-9.991511,-2.8723466,1.0115517,-2.5399823,-9.150012,10.939867,-11.861001,2.8773794
558,-0.4449743330478668,0.9906142950057983,67.86865234375,0.1557084136495808,-0.731567422247481,-85.67453009555828,-0.0900187,-7.953242,5.8680496,-68.84958,22.345379,-21.985132,-16.797476,-1.827547,-2.600743,4.397314,69.786896,5.4257493,122.62441,4.402934,0.5896113,-3.126795,-1.1209403,-0.23459655,1.9472088,7.1051254,10.870077,-9.982105,-2.869104,1.014133,-2.5374238,-9.163882,10.938583,-11.855459,2.8803148
559,-0.4404107630252838,0.9972542524337769,67.86878204345703,0.14963984852556017,-0.737024055992017,-85.66193605636259,-0.07108008,-7.9145155,5.8757844,-68.85899,22.309849,-22.012642,-16.761536,-1.8327417,-2.5764215,4.428333,69.79727,5.3777757,122.62441,4.4009066,0.60750014,-3.1152453,-1.1193794,-0.23831348,1.9474785,7.0900884,10.870129,-9.974408,-2.8644245,1.0173367,-2.536677,-9.1772175,10.938109,-11.851225,2.884879
560,-0.43827053904533386,1.0008249282836914,67.86901092529297,0.14468250919727502,-0.740453550972693,-85.6481426771051,-0.06305208,-7.893555,5.8765697,-68.86007,22.30342,-22.042006,-16.751698,-1.8324468,-2.5488951,4.4335637,69.79901,5.368274,122.62441,4.397808,0.607136,-3.1294422,-1.1197563,-0.24104443,1.9489175,7.076242,10.870024,-9.969164,-2.8611495,1.0203359,-2.5348163,-9.19007,10.937352,-11.848929,2.8875306
561,-0.43593934178352356,1.0077621936798096,67.86954498291016,0.14129751279546782,-0.7410105155990742,-85.6327711728185,-0.06480482,-7.884169,5.877222,-68.86131,22.292395,-22.079437,-16.729565,-1.820303,-2.516329,4.444048,69.80256,5.3494883,122.62441,4.3802943,0.6203076,-3.1319811,-1.1221207,-0.2515069,1.9480302,7.0634665,10.870634,-9.959749,-2.8544202,1.0172588,-2.5353787,-9.202552,10.936947,-11.8437805,2.8905334
562,-0.4336976110935211,1.0123323202133179,67.87007904052734,0.1395290783987764,-0.7397366666027656,-85.61661061558715,-0.07627477,-7.889332,5.8764663,-68.86155,22.273716,-22.121601,-16.693556,-1.7995342,-2.480823,4.4619865,69.80866,5.3132634,122.62441,4.3507657,0.6547452,-3.114463,-1.1258714,-0.26068097,1.9452677,7.0518985,10.871399,-9.953523,-2.8463564,1.0141727,-2.5378287,-9.214637,10.936662,-11.84059,2.8941317
563,-0.4323009252548218,1.0169025659561157,67.87085723876953,0.13890236776972048,-0.7383836806265371,-85.59940339410194,-0.08920479,-7.8962812,5.8731794,-68.85935,22.262177,-22.163746,-16.669094,-1.7799248,-2.4460888,4.483462,69.81574,5.282364,122.62441,4.3211374,0.6937403,-3.1022255,-1.1315174,-0.27076802,1.941969,7.0411987,10.871998,-9.946231,-2.8388066,1.0099509,-2.541074,-9.2258835,10.93641,-11.836495,2.8972054
564,-0.431498646736145,1.0214242935180664,67.87176513671875,0.13815888654131506,-0.7385330462881573,-85.58163592314686,-0.09766522,-7.89469,5.871068,-68.85757,22.25884,-22.204443,-16.664555,-1.7710856,-2.4156058,4.4902186,69.81808,5.270637,122.62441,4.293675,0.7216512,-3.1064136,-1.1394352,-0.27816322,1.9391344,7.031654,10.872165,-9.939736,-2.833301,1.0078665,-2.5435855,-9.235505,10.935937,-11.832937,2.8996525
565,-0.4314236342906952,1.0230276584625244,67.87223815917969,0.13880577432172897,-0.7407664917375882,-85.56196077295571,-0.09987575,-7.8832903,5.868753,-68.8553,22.255627,-22.242086,-16.679195,-1.7770847,-2.3982313,4.495059,69.81991,5.2589827,122.62441,4.2596536,0.75240946,-3.1182132,-1.1518403,-0.27929375,1.9351304,7.0239816,10.872294,-9.937534,-2.8309216,1.0105584,-2.5472543,-9.242723,10.935678,-11.832357,2.9021676
566,-0.43333545327186584,1.028422236442566,67.87208557128906,0.14174161957525044,-0.7441300736320541,-85.54068231469556,-0.0996216,-7.8607087,5.863222,-68.849236,22.251028,-22.278543,-16.705626,-1.7893842,-2.3934765,4.503881,69.823395,5.2317915,122.62441,4.213581,0.7922991,-3.1210866,-1.1678457,-0.28188556,1.9298546,7.017787,10.871402,-9.931774,-2.8305986,1.0089892,-2.5523233,-9.2478,10.936172,-11.827444,2.9028955
567,-0.4344906806945801,1.0342694520950317,67.87149047851562,0.14470535490084058,-0.7483384028677932,-85.52026469255824,-0.09905774,-7.847869,5.859985,-68.84565,22.248486,-22.31387,-16.736364,-1.8058708,-2.3855155,4.5074434,69.82505,5.2209225,122.62441,4.181369,0.82716554,-3.1323144,-1.1831878,-0.28552437,1.9240282,7.011596,10.871444,-9.925118,-2.829616,1.0082734,-2.5581653,-9.252657,10.936881,-11.822635,2.9043949
568,-0.43196627497673035,1.0382652282714844,67.87124633789062,0.14631740430519796,-0.7531891355306798,-85.50286024486502,-0.10020328,-7.8206816,5.847872,-68.83223,22.246521,-22.345913,-16.763174,-1.80831,-2.384456,4.5176244,69.83028,5.185615,122.62441,4.1615205,0.870272,-3.1095257,-1.1940348,-0.2847175,1.9162667,7.004354,10.870485,-9.921435,-2.8245797,1.0115528,-2.5656161,-9.258989,10.93641,-11.819414,2.9095082
569,-0.4292755722999573,1.04097580909729,67.87077331542969,0.14721862771038702,-0.7587134023191793,-85.48952169594553,-0.10584402,-7.8117228,5.8452806,-68.82962,22.24531,-22.37882,-16.779896,-1.8048499,-2.3625574,4.5187144,69.83103,5.1825337,122.62441,4.183601,0.9013319,-3.0948718,-1.1984628,-0.28352857,1.909947,6.994932,10.870595,-9.91819,-2.8182554,1.0177333,-2.571697,-9.267637,10.936277,-11.81873,2.914532
570,-0.4284328818321228,1.045342206954956,67.87030792236328,0.14801569525864097,-0.7650629695078803,-85.4787112280981,-0.115183465,-7.8042846,5.839464,-68.82387,22.24307,-22.410599,-16.791935,-1.7928632,-2.3370564,4.51948,69.832436,5.1824465,122.62441,4.2275066,0.92966545,-3.0709562,-1.198967,-0.28328133,1.9058487,6.984079,10.871141,-9.913234,-2.812665,1.0240803,-2.5752811,-9.277562,10.935733,-11.81731,2.9172487
571,-0.4244447648525238,1.0489758253097534,67.8705062866211,0.14641037151908493,-0.7717762601272523,-85.46966841275899,-0.123893864,-7.797079,5.8344393,-68.81898,22.240393,-22.440899,-16.800697,-1.7808478,-2.312644,4.518773,69.83332,5.1862073,122.62441,4.283243,0.958643,-3.0431035,-1.1975476,-0.28070268,1.9014742,6.97331,10.871702,-9.910443,-2.8045585,1.0307692,-2.579217,-9.287618,10.934821,-11.81504,2.9227092
572,-0.42251190543174744,1.053763508796692,67.86994171142578,0.14594196925179756,-0.7786801600400911,-85.46140705851774,-0.12800004,-7.7877283,5.817639,-68.80365,22.236444,-22.46557,-16.8061,-1.7727572,-2.302268,4.5122747,69.83629,5.204847,122.62441,4.343589,0.98225725,-3.0261853,-1.1961278,-0.27976605,1.8981771,6.9635177,10.871452,-9.904846,-2.7989075,1.0368786,-2.5821826,-9.296979,10.93419,-11.812742,2.9261982
573,-0.42043131589889526,1.0576568841934204,67.86931610107422,0.1438836584506261,-0.7857569068375768,-85.45421713025426,-0.12375759,-7.779451,5.810708,-68.79767,22.235231,-22.495583,-16.806719,-1.7844434,-2.2730527,4.507783,69.83717,5.2118926,122.62441,4.3917522,1.0094594,-3.00017,-1.1949868,-0.27748492,1.8969417,6.955537,10.871904,-9.901108,-2.7947745,1.0431083,-2.5833013,-9.305138,10.934554,-11.811582,2.929663
574,-0.4180934429168701,1.0605368614196777,67.8687515258789,0.14191982648218093,-0.7931805903380785,-85.44848815653474,-0.11849634,-7.773397,5.8074794,-68.794754,22.233936,-22.525936,-16.803303,-1.8047009,-2.2430582,4.5050573,69.83729,5.216329,122.62441,4.438202,1.0359992,-2.9727607,-1.1930801,-0.27377135,1.8957276,6.948693,10.872582,-9.898689,-2.791192,1.0514206,-2.5843782,-9.31272,10.934043,-11.811389,2.9335494
575,-0.41629159450531006,1.062853217124939,67.86787414550781,0.13981641371548628,-0.8007259404950753,-85.4430237179217,-0.09798397,-7.7554326,5.789021,-68.77786,22.229496,-22.548334,-16.797268,-1.8221663,-2.2310815,4.4857054,69.83939,5.25103,122.62441,4.50181,1.051617,-2.9617662,-1.1908207,-0.2685439,1.8952138,6.9417505,10.872564,-9.896882,-2.7885957,1.0603253,-2.5846915,-9.320509,10.933574,-11.811784,2.9368405
576,-0.4136355519294739,1.0668907165527344,67.86713409423828,0.13841947010697928,-0.8088236222556543,-85.436732658737,-0.08096422,-7.7435355,5.767689,-68.76168,22.230968,-22.56988,-16.798176,-1.8372422,-2.2255776,4.459345,69.84117,5.2757025,122.62441,4.5530577,1.0678957,-2.9460177,-1.1886641,-0.264953,1.8927019,6.933681,10.872295,-9.89277,-2.784618,1.068054,-2.587047,-9.328808,10.933212,-11.810232,2.940827
577,-0.41180309653282166,1.0677378177642822,67.86631774902344,0.13798188811610296,-0.8175731335415638,-85.42846729515264,-0.0565152,-7.7290955,5.751182,-68.7513,22.229366,-22.591482,-16.801758,-1.8560756,-2.2272916,4.4382553,69.84198,5.296327,122.62441,4.5843205,1.0992035,-2.9405901,-1.1869363,-0.257538,1.8896264,6.9236174,10.871093,-9.890715,-2.7816076,1.0813469,-2.5895622,-9.338615,10.931683,-11.812255,2.944289
578,-0.4099060893058777,1.0710701942443848,67.8658676147461,0.13737031221808704,-0.8268879408662463,-85.41921060938189,-0.02884831,-7.7137933,5.7344193,-68.742645,22.224087,-22.613218,-16.80476,-1.8757882,-2.2370162,4.4172087,69.841866,5.311389,122.62441,4.601225,1.139789,-2.9372957,-1.1851873,-0.2522393,1.8862896,6.912122,10.8712015,-9.887306,-2.778122,1.090557,-2.5926287,-9.349064,10.9325485,-11.811863,2.947346
579,-0.40751391649246216,1.0756946802139282,67.86508178710938,0.13755254066870495,-0.8362543477511578,-85.4104519147561,0.0015912098,-7.6975093,5.7126207,-68.734085,22.217386,-22.631096,-16.801477,-1.8904996,-2.2510288,4.390233,69.840706,5.329592,122.62441,4.633073,1.1747345,-2.9316807,-1.1832871,-0.24849409,1.8815508,6.9008822,10.870824,-9.88194,-2.7739336,1.1001592,-2.5969725,-9.359362,10.932185,-11.8104725,2.9508808
580,-0.4058293402194977,1.0813828706741333,67.86437225341797,0.13755089758785266,-0.845488991725238,-85.40371244573834,0.032905556,-7.6797175,5.700866,-68.730194,22.211916,-22.659616,-16.787363,-1.8966476,-2.2504456,4.3757353,69.83978,5.343385,122.62441,4.707353,1.2163112,-2.913954,-1.1808685,-0.24462156,1.8778392,6.891263,10.870146,-9.876598,-2.7707243,1.107088,-2.6004202,-9.368605,10.93253,-11.807502,2.953447
581,-0.4027099907398224,1.0846376419067383,67.86351776123047,0.13721544890438786,-0.8547614700321865,-85.39997226587813,0.069430955,-7.6564007,5.680311,-68.72474,22.205317,-22.684603,-16.74812,-1.881364,-2.2480693,4.3488364,69.83853,5.377072,122.62441,4.8538375,1.2324666,-2.889588,-1.1769637,-0.23850483,1.8737159,6.883511,10.870086,-9.874465,-2.76738,1.1171405,-2.604486,-9.377292,10.931906,-11.80657,2.9577258
582,-0.40004193782806396,1.0872374773025513,67.86233520507812,0.13652907744157722,-0.8641896112028767,-85.39831746644721,0.11058441,-7.6291704,5.6619477,-68.72134,22.201284,-22.713276,-16.694895,-1.8552761,-2.2379766,4.32303,69.838005,5.417222,122.62441,5.050185,1.244251,-2.8584363,-1.1719257,-0.23148033,1.8708094,6.8768067,10.870718,-9.873868,-2.7653012,1.128056,-2.607419,-9.385668,10.931846,-11.807085,2.9614685
583,-0.3962545692920685,1.0903548002243042,67.86113739013672,0.13684019391765181,-0.872947573656059,-85.3969886430258,0.14568551,-7.6049953,5.654284,-68.71995,22.198946,-22.752645,-16.64843,-1.8305737,-2.2190204,4.3118787,69.83768,5.435813,122.62441,5.246554,1.2710834,-2.810674,-1.1678281,-0.22550899,1.8656579,6.8714867,10.870964,-9.8726425,-2.7616057,1.1373174,-2.6127517,-9.392722,10.931251,-11.805932,2.9664505
584,-0.3924403786659241,1.0926518440246582,67.86061096191406,0.13639024751802137,-0.8798558918768139,-85.39460863337983,0.1705565,-7.5882964,5.6205397,-68.71617,22.188776,-22.760246,-16.61439,-1.8206656,-2.2206626,4.2590933,69.83892,5.512885,122.62441,5.4342494,1.2631339,-2.8024385,-1.1662875,-0.21984431,1.8612634,6.8676453,10.870868,-9.872316,-2.7573755,1.1445444,-2.6171815,-9.397797,10.931546,-11.8055525,2.971034
585,-0.3910791575908661,1.0960906744003296,67.86015319824219,0.1361068667869122,-0.8842405520273687,-85.39032273000281,0.17453504,-7.586183,5.606212,-68.714745,22.180265,-22.784838,-16.619244,-1.8345654,-2.2120566,4.236268,69.83968,5.538439,122.62441,5.5655704,1.3021755,-2.7645009,-1.1694022,-0.21896759,1.8591973,6.866358,10.871292,-9.869568,-2.7541296,1.1460428,-2.6194317,-9.399303,10.9314995,-11.802128,2.972381
586,-0.3896026015281677,1.1009130477905273,67.86041259765625,0.13392760566377077,-0.886533721938664,-85.38530966407919,0.16525082,-7.5930285,5.5915413,-68.712776,22.16567,-22.805944,-16.640461,-1.8632019,-2.2078714,4.2128105,69.840836,5.5634007,122.62441,5.6811414,1.3499628,-2.7262957,-1.1755368,-0.22098863,1.8590825,6.867235,10.87118,-9.8651495,-2.75016,1.1434067,-2.6195104,-9.398104,10.931507,-11.796833,2.972759
587,-0.3884766399860382,1.1018325090408325,67.86077880859375,0.1330844234362884,-0.8885567184055605,-85.37987183882004,0.15634455,-7.598585,5.5749955,-68.710175,22.155167,-22.828482,-16.673265,-1.890272,-2.201072,4.1857224,69.84155,5.5813317,122.62441,5.7684393,1.3949817,-2.6873975,-1.1818724,-0.21889096,1.8578728,6.868061,10.871143,-9.865102,-2.7467172,1.1448536,-2.6205237,-9.397082,10.930842,-11.795249,2.973622
588,-0.38688886165618896,1.1036936044692993,67.86040496826172,0.13187095029505302,-0.8914607864412579,-85.37491007640006,0.14032297,-7.6050916,5.560724,-68.70786,22.138157,-22.844252,-16.6936,-1.9215665,-2.1956654,4.16335,69.842575,5.6072626,122.62441,5.835888,1.4371946,-2.673869,-1.1853502,-0.21778253,1.8565589,6.8664255,10.87121,-9.863381,-2.7431962,1.1465675,-2.6217542,-9.398373,10.930673,-11.793432,2.9754188
589,-0.38381490111351013,1.1044420003890991,67.860107421875,0.13333156940159593,-0.8957972668806147,-85.3702028206407,0.13284846,-7.59703,5.542776,-68.704704,22.12597,-22.861044,-16.716389,-1.9404259,-2.1831882,4.1358657,69.84256,5.63354,122.62441,5.860068,1.4699408,-2.681734,-1.1844319,-0.21481387,1.8504715,6.860876,10.871672,-9.862905,-2.7383785,1.1525917,-2.6276934,-9.4037895,10.93098,-11.794589,2.9806283
590,-0.38217711448669434,1.1038340330123901,67.85907745361328,0.13524237683918017,-0.9008121265242459,-85.36540271151753,0.12500523,-7.5835004,5.5339656,-68.70248,22.121233,-22.884632,-16.750208,-1.9607999,-2.1589527,4.123457,69.84146,5.64565,122.62441,5.8470263,1.5152025,-2.7002544,-1.1810306,-0.20996441,1.8452493,6.8527913,10.870823,-9.862169,-2.7354996,1.161559,-2.6325905,-9.41174,10.930465,-11.797382,2.9852808
591,-0.3788662254810333,1.1076759099960327,67.85914611816406,0.13676397501183962,-0.9060258431234717,-85.36088986991209,0.119955294,-7.571221,5.517458,-68.6979,22.11891,-22.904099,-16.775312,-1.9749311,-2.1386497,4.101758,69.8373,5.664081,122.62441,5.821822,1.5460036,-2.727528,-1.1773536,-0.20920645,1.8384365,6.8445554,10.869988,-9.85741,-2.7301705,1.1656569,-2.6391408,-9.419464,10.929922,-11.794812,2.9910927
592,-0.3755636513233185,1.1089608669281006,67.8587417602539,0.13904701475057457,-0.9113816050512392,-85.35679417630061,0.1206855,-7.5705776,5.512412,-68.69654,22.11822,-22.9347,-16.779064,-1.9841199,-2.1148133,4.095607,69.83562,5.6692996,122.62441,5.808048,1.5770953,-2.7396853,-1.1758785,-0.20520107,1.8310257,6.838783,10.869602,-9.856178,-2.7247992,1.1728765,-2.646273,-9.424912,10.930046,-11.795905,2.9967096
593,-0.3728982210159302,1.1148128509521484,67.85814666748047,0.1398007656494599,-0.9170817851187055,-85.3531219890706,0.13154912,-7.5846257,5.5051813,-68.69515,22.117758,-22.968317,-16.746958,-1.9833987,-2.0978549,4.086927,69.83292,5.676538,122.62441,5.8097763,1.5886077,-2.741426,-1.1779513,-0.20443226,1.8258842,6.8362927,10.869441,-9.851399,-2.7188995,1.1743963,-2.6512282,-9.426437,10.929286,-11.790294,2.999769
594,-0.3705557584762573,1.1156976222991943,67.85774230957031,0.14171677538693778,-0.9232679453774615,-85.34977371126384,0.14963321,-7.609524,5.499486,-68.6947,22.117992,-23.005062,-16.689262,-1.9762981,-2.0832708,4.0800686,69.830696,5.681983,122.62441,5.8165946,1.5867916,-2.7364328,-1.1821123,-0.19845392,1.8201888,6.835968,10.870205,-9.852153,-2.7134948,1.1801455,-2.6570623,-9.425906,10.930371,-11.790309,3.0027168
595,-0.3688717782497406,1.1178590059280396,67.85686492919922,0.1422073067380017,-0.9288318854940831,-85.3468534358578,0.169316,-7.6384697,5.4817033,-68.69626,22.117065,-23.026922,-16.621754,-1.9675552,-2.074718,4.058167,69.82397,5.695959,122.62441,5.824257,1.5658317,-2.7361586,-1.1861546,-0.19259001,1.8166294,6.83606,10.869334,-9.851731,-2.7090878,1.1847273,-2.660342,-9.425124,10.930247,-11.788725,3.0042999
596,-0.3693149983882904,1.120933175086975,67.85681915283203,0.143713000648468,-0.9332318894179906,-85.344167427527,0.17932878,-7.657245,5.469665,-68.698975,22.116201,-23.050053,-16.569391,-1.9612168,-2.0602922,4.043891,69.819695,5.7027936,122.62441,5.836059,1.5560976,-2.736023,-1.1881715,-0.19152565,1.8143201,6.8348174,10.869621,-9.848858,-2.7072737,1.1867042,-2.6626105,-9.42601,10.930112,-11.785997,3.0040367
597,-0.36605075001716614,1.1223617792129517,67.8571548461914,0.14492753715222154,-0.9354538586121632,-85.34147215890972,0.17706041,-7.6623216,5.4657664,-68.70005,22.114626,-23.076227,-16.536469,-1.9580591,-2.0370293,4.0398116,69.818375,5.703819,122.62441,5.8556566,1.5597312,-2.7396312,-1.1870402,-0.19139554,1.8086703,6.831654,10.870214,-9.84833,-2.70314,1.1889611,-2.6682966,-9.429957,10.930113,-11.785087,3.0083475
598,-0.3621244430541992,1.124833106994629,67.85694885253906,0.14504849251341148,-0.9361035494111942,-85.3390327936225,0.17103247,-7.6631117,5.461627,-68.701324,22.111612,-23.098186,-16.510946,-1.9562006,-2.0111928,4.036027,69.817,5.703851,122.62441,5.8801146,1.5656222,-2.7465134,-1.1839734,-0.19480187,1.803708,6.8274155,10.870499,-9.845809,-2.6991756,1.1884724,-2.6734166,-9.435505,10.9298115,-11.782545,3.013215
599,-0.3586219251155853,1.1273794174194336,67.85663604736328,0.1468993344541599,-0.9367019358167806,-85.33705689802188,0.1525444,-7.6624565,5.4487324,-68.706535,22.09732,-23.110096,-16.477047,-1.9494157,-1.9925343,4.0255136,69.81308,5.7042103,122.62441,5.9026856,1.5624187,-2.7541943,-1.1807269,-0.19731101,1.7970748,6.8235326,10.87023,-9.843762,-2.695623,1.1883353,-2.6800563,-9.440818,10.929353,-11.78033,3.0180454
600,-0.35687437653541565,1.1292550563812256,67.85626220703125,0.14931627034150793,-0.9387075733606095,-85.33596657435939,0.14595674,-7.665262,5.442334,-68.7097,22.091576,-23.122313,-16.460869,-1.9488249,-1.9835197,4.020703,69.81127,5.7030005,122.62441,5.923699,1.5601256,-2.7591832,-1.1787447,-0.19751377,1.7916855,6.8211317,10.870205,-9.842426,-2.69397,1.1900388,-2.6853888,-9.444117,10.929319,-11.779419,3.0209033
601,-0.3562430739402771,1.131255865097046,67.85619354248047,0.15243835437708436,-0.942612737950226,-85.33645018818208,0.1461927,-7.670871,5.438625,-68.711914,22.090082,-23.135736,-16.462671,-1.9506985,-1.9891785,4.017933,69.81035,5.701605,122.62441,5.9399385,1.5560169,-2.7613328,-1.1788087,-0.19512586,1.7866861,6.8212967,10.869488,-9.840698,-2.6939101,1.191846,-2.6905022,-9.443983,10.929977,-11.777825,3.0221832
602,-0.355002224445343,1.1333372592926025,67.85617065429688,0.15545854085319746,-0.9476543165145559,-85.3382300062785,0.15157378,-7.6929827,5.422084,-68.724434,22.088137,-23.12278,-16.46755,-1.9585572,-2.0065496,4.005652,69.80737,5.6927104,122.62441,5.945625,1.5368558,-2.753374,-1.1798979,-0.19029883,1.7811437,6.823211,10.869063,-9.840478,-2.6938639,1.1947559,-2.696014,-9.441741,10.930113,-11.775746,3.0237145
603,-0.35234391689300537,1.1360336542129517,67.85633850097656,0.15969251367016585,-0.9530523054793756,-85.33962880378458,0.15736093,-7.7061715,5.411479,-68.73383,22.093218,-23.119438,-16.482275,-1.9632457,-2.0250149,3.9979358,69.80647,5.6870074,122.62441,5.9556594,1.5206109,-2.7491257,-1.1814743,-0.18532221,1.772557,6.825229,10.867949,-9.839516,-2.6913643,1.1975442,-2.7046146,-9.43923,10.931327,-11.774009,3.0270915
604,-0.35010209679603577,1.1395163536071777,67.85568237304688,0.16345931133397343,-0.9580300295311327,-85.33910468515734,0.16201036,-7.7161264,5.399074,-68.746,22.107307,-23.105251,-16.494377,-1.974336,-2.03778,3.9895065,69.80649,5.6771927,122.62441,5.9673257,1.5019165,-2.7407203,-1.1827849,-0.18267901,1.7647277,6.825377,10.867402,-9.837144,-2.6874387,1.1991401,-2.7125196,-9.438513,10.932172,-11.77106,3.0303495
605,-0.3483816385269165,1.1434577703475952,67.85509490966797,0.1678550324800345,-0.9627566768802132,-85.3353033606049,0.1634455,-7.714799,5.3893447,-68.755875,22.124598,-23.100208,-16.496061,-1.9767739,-2.0449648,3.983779,69.80735,5.6687403,122.62441,5.986413,1.4842553,-2.7367775,-1.1839677,-0.18197013,1.7562327,6.822587,10.86731,-9.833504,-2.680681,1.2019823,-2.720775,-9.440682,10.931482,-11.767966,3.0340278
606,-0.34614890813827515,1.1465426683425903,67.854736328125,0.17132968143786348,-0.9672786317013424,-85.3293245587044,0.16375715,-7.7072177,5.3785086,-68.76696,22.15041,-23.094793,-16.496063,-1.9764054,-2.0481892,3.978746,69.8095,5.6583138,122.62441,6.0079837,1.4646933,-2.7324898,-1.1854357,-0.18073142,1.7479576,6.8181276,10.867953,-9.831288,-2.6716125,1.2054754,-2.7287228,-9.444415,10.931295,-11.766026,3.0386612
607,-0.3433837890625,1.1487934589385986,67.85452270507812,0.17595558024467084,-0.97150862367115,-85.32350937480076,0.163415,-7.6971693,5.3736167,-68.77249,22.16888,-23.093359,-16.491726,-1.9743634,-2.0565646,3.9770124,69.81095,5.650499,122.62441,6.0322037,1.4482466,-2.7315414,-1.1864882,-0.17929476,1.7379363,6.813695,10.86817,-9.829254,-2.6619065,1.2096996,-2.7384965,-9.448359,10.931122,-11.764984,3.044192
608,-0.34196609258651733,1.151559829711914,67.85441589355469,0.17992658786877422,-0.9750149856270212,-85.31973830386306,0.16315714,-7.6937466,5.371212,-68.77588,22.177221,-23.094528,-16.485754,-1.9669217,-2.0703926,3.9763293,69.8119,5.6459613,122.62441,6.054654,1.43838,-2.7349305,-1.1868851,-0.18017554,1.7306154,6.8107057,10.868663,-9.825792,-2.6558487,1.2110392,-2.7459617,-9.451081,10.931562,-11.762708,3.047437
609,-0.33903467655181885,1.1554781198501587,67.85498809814453,0.18251527409502158,-0.9774396164128357,-85.3187190528408,0.16329181,-7.6869726,5.368104,-68.78123,22.19242,-23.088198,-16.496027,-1.9582729,-2.0819776,3.9755273,69.813705,5.636016,122.62441,6.073024,1.4365221,-2.730792,-1.1866091,-0.18088154,1.7236109,6.8102627,10.867596,-9.822309,-2.6514444,1.2102021,-2.7529125,-9.451985,10.93143,-11.75863,3.050807
610,-0.33646950125694275,1.1583338975906372,67.85498046875,0.18491446323041547,-0.9789860830676416,-85.31947593335472,0.16410539,-7.682355,5.363396,-68.789986,22.21238,-23.07387,-16.514795,-1.9503915,-2.0908515,3.9745758,69.81698,5.6187234,122.62441,6.086535,1.4405742,-2.7184126,-1.18584,-0.1817566,1.7177604,6.811425,10.867133,-9.820143,-2.6495452,1.2092857,-2.7589083,-9.451832,10.931813,-11.755981,3.053254
611,-0.3342806100845337,1.1601921319961548,67.85476684570312,0.1855989015331537,-0.9803316356041223,-85.32097228728031,0.16325526,-7.6794457,5.3603096,-68.79655,22.221216,-23.061714,-16.52535,-1.9395032,-2.1062145,3.9741027,69.81957,5.608504,122.62441,6.1020536,1.444675,-2.7150428,-1.1845244,-0.18185867,1.7144613,6.812592,10.8668785,-9.819043,-2.649337,1.2079666,-2.7624738,-9.451599,10.932393,-11.753435,3.0549197
612,-0.3324871063232422,1.1621832847595215,67.85438537597656,0.18810856715638416,-0.9821767218470941,-85.32247004538641,0.1585693,-7.6784043,5.3556614,-68.80824,22.2381,-23.04076,-16.53615,-1.9351536,-2.1118565,3.9738605,69.824524,5.5895147,122.62441,6.1146836,1.4438231,-2.704136,-1.1823845,-0.18168697,1.7092409,6.812354,10.865809,-9.816913,-2.6486168,1.2084246,-2.767693,-9.452258,10.932828,-11.75205,3.0571058
613,-0.3290420472621918,1.1645145416259766,67.85459899902344,0.19143989600339495,-0.9847778602479945,-85.32360904653804,0.15374312,-7.679393,5.3549094,-68.81131,22.243315,-23.032011,-16.527304,-1.9259293,-2.123291,3.9739861,69.82566,5.585447,122.62441,6.1333065,1.4312426,-2.7122424,-1.1796465,-0.18060705,1.7008796,6.8102126,10.865165,-9.81553,-2.6453924,1.2085016,-2.7760484,-9.453874,10.933937,-11.749885,3.0620756
614,-0.32645493745803833,1.168289065361023,67.85443115234375,0.1963947268105889,-0.9879221735020863,-85.32449169033367,0.13493736,-7.6847367,5.35113,-68.829666,22.278574,-23.009165,-16.531336,-1.9284788,-2.1103039,3.9758887,69.83321,5.566864,122.62441,6.1509542,1.4127939,-2.7074425,-1.1764377,-0.18226044,1.6914283,6.80661,10.864699,-9.811027,-2.6423736,1.2096808,-2.785327,-9.45631,10.9324045,-11.74577,3.0669372
615,-0.3245093822479248,1.1720143556594849,67.85408020019531,0.2001483410032404,-0.9908794483560424,-85.32632137740435,0.1277403,-7.686319,5.3510365,-68.83126,22.283087,-22.997337,-16.523478,-1.9218773,-2.12076,3.9761512,69.83377,5.5647483,122.62441,6.168876,1.3942351,-2.7187312,-1.1723188,-0.18238914,1.6839421,6.803015,10.864505,-9.80837,-2.6401558,1.2097808,-2.7925038,-9.458695,10.932988,-11.743027,3.070705
616,-0.3217421770095825,1.1738545894622803,67.85448455810547,0.2040287443396958,-0.9933502608547484,-85.32933599097372,0.10546099,-7.686984,5.3513603,-68.83929,22.304102,-22.97631,-16.55104,-1.9218006,-2.1293252,3.9775915,69.83644,5.557324,122.62441,6.184052,1.3843168,-2.7259378,-1.1671227,-0.18227708,1.676044,6.800212,10.864201,-9.806437,-2.6370296,1.2117517,-2.8002586,-9.461154,10.932969,-11.741863,3.074913
617,-0.31885361671447754,1.1755659580230713,67.85433959960938,0.20657252645443178,-0.99500612722449,-85.33426654853979,0.09287697,-7.679048,5.3524303,-68.84654,22.321764,-22.94837,-16.621435,-1.9245154,-2.1475768,3.97909,69.83877,5.55014,122.62441,6.19562,1.3909739,-2.7323265,-1.1601015,-0.1819017,1.6700187,6.7986445,10.863747,-9.805481,-2.633772,1.2123368,-2.8063166,-9.463566,10.932989,-11.740119,3.0779562
618,-0.313994824886322,1.1774704456329346,67.85431671142578,0.20987589041085158,-0.9961690755007888,-85.34077384580316,0.079822436,-7.6662507,5.35479,-68.854576,22.339962,-22.914286,-16.723303,-1.9311098,-2.171815,3.9810913,69.84123,5.5419345,122.62441,6.2045045,1.406379,-2.737963,-1.1515293,-0.18338089,1.661587,6.7978315,10.864308,-9.804519,-2.6280186,1.2129747,-2.815027,-9.46605,10.933255,-11.738794,3.0826166
619,-0.3088526427745819,1.1801120042800903,67.85407257080078,0.21169196557766884,-0.9972470046370514,-85.34748625599116,0.06623571,-7.6524606,5.3577714,-68.86096,22.356195,-22.88116,-16.818962,-1.9360089,-2.19803,3.9829712,69.84305,5.53407,122.62441,6.2091517,1.423976,-2.7415578,-1.1431319,-0.1849459,1.6545144,6.7973657,10.864487,-9.803084,-2.6218722,1.2111609,-2.822518,-9.467928,10.933448,-11.735007,3.0870302
620,-0.30597567558288574,1.1832621097564697,67.85413360595703,0.21477993432464462,-0.9987686849148331,-85.35333497311352,0.05323807,-7.6445503,5.3617344,-68.86769,22.373604,-22.855246,-16.873518,-1.9344542,-2.2201283,3.98531,69.84484,5.5262012,122.62441,6.2072616,1.4361471,-2.741092,-1.1364812,-0.18600936,1.6479368,6.7970862,10.864344,-9.800998,-2.6172588,1.2105972,-2.8289678,-9.46865,10.933486,-11.732362,3.0896711
621,-0.303673654794693,1.1852949857711792,67.8544921875,0.21796636657143,-1.0010046948513431,-85.35788104312755,0.038716037,-7.6435294,5.364741,-68.872826,22.388645,-22.838247,-16.864742,-1.9241705,-2.2392483,3.9872456,69.846115,5.521,122.62441,6.201797,1.439539,-2.733218,-1.1326913,-0.18578085,1.641621,6.797239,10.864296,-9.799178,-2.612789,1.2105151,-2.8352172,-9.46733,10.933908,-11.730081,3.09241
622,-0.3018245995044708,1.1896867752075195,67.85435485839844,0.22068025734422317,-1.0037006056313125,-85.36180470722591,0.02653023,-7.6466875,5.367376,-68.87772,22.401962,-22.825907,-16.816822,-1.908273,-2.2575934,3.9891264,69.84735,5.5175595,122.62441,6.191399,1.4403317,-2.7210827,-1.1306477,-0.1870754,1.6359514,6.797778,10.86421,-9.795097,-2.6079688,1.2090508,-2.8405156,-9.464474,10.933685,-11.725513,3.0945866
623,-0.2991380989551544,1.19205641746521,67.85435485839844,0.22450003648138842,-1.006380946741183,-85.36524013728072,0.00831183,-7.653604,5.3740535,-68.89315,22.446672,-22.81229,-16.782217,-1.9002721,-2.2484324,3.995681,69.85168,5.5019484,122.62441,6.17135,1.4427643,-2.6991234,-1.1289812,-0.18496196,1.6280112,6.7983623,10.862981,-9.79341,-2.6023338,1.2090967,-2.8480687,-9.461675,10.933695,-11.72252,3.098297
624,-0.2959684133529663,1.1934701204299927,67.85430908203125,0.22676050647002496,-1.0085404562280926,-85.36859381376155,0.0015912905,-7.6580205,5.376804,-68.90005,22.465363,-22.797543,-16.741158,-1.8844289,-2.255726,3.9990952,69.85353,5.493736,122.62441,6.141412,1.4347842,-2.6921904,-1.1259775,-0.18430571,1.6218277,6.798195,10.863599,-9.792772,-2.5972502,1.2107111,-2.854011,-9.460533,10.933196,-11.72101,3.102183
625,-0.29268983006477356,1.1963818073272705,67.85454559326172,0.22795711960715592,-1.0098310779601094,-85.37164690899537,0.0044881953,-7.6629434,5.37845,-68.903984,22.475338,-22.779999,-16.712439,-1.8653997,-2.2632303,4.001065,69.85432,5.487652,122.62441,6.0901685,1.4184561,-2.7013884,-1.120866,-0.18571056,1.6167965,6.7966986,10.8633375,-9.790322,-2.5925326,1.2093214,-2.8589814,-9.461831,10.93394,-11.71853,3.1057522
626,-0.288035124540329,1.1957690715789795,67.85505676269531,0.2269866357322294,-1.0105498324779076,-85.37438056872648,0.009975064,-7.667102,5.379446,-68.90613,22.481976,-22.760038,-16.68911,-1.845938,-2.2673779,4.0021634,69.854645,5.482992,122.62441,6.027789,1.395284,-2.7172003,-1.1145287,-0.18582349,1.6133782,6.7943664,10.863786,-9.7906065,-2.587868,1.2122561,-2.8623717,-9.464928,10.933864,-11.719889,3.1106334
627,-0.2830635905265808,1.198909044265747,67.85501098632812,0.2264047628806611,-1.0114262602778712,-85.37698707245423,0.022654431,-7.6732664,5.382015,-68.91185,22.501146,-22.74111,-16.67822,-1.8280005,-2.2622614,4.0049624,69.85437,5.464406,122.62441,5.952054,1.3711349,-2.7284102,-1.1084831,-0.18817362,1.6087945,6.7922387,10.863696,-9.7881155,-2.5824459,1.2110413,-2.8669667,-9.467756,10.934039,-11.717126,3.1155736
628,-0.279707133769989,1.202551245689392,67.85469055175781,0.22821395381529008,-1.0129271346008801,-85.38006494211635,0.03673498,-7.6734586,5.3859463,-68.91979,22.528845,-22.72044,-16.682734,-1.8199576,-2.2535725,4.0096583,69.853195,5.4349093,122.62441,5.8932877,1.3534731,-2.724973,-1.1039493,-0.18933836,1.6028867,6.791565,10.862824,-9.78524,-2.5784657,1.2091991,-2.8728786,-9.468756,10.93399,-11.713131,3.1192162
629,-0.2754952907562256,1.205259919166565,67.8542709350586,0.23207750528253304,-1.0160304347069185,-85.38411636726043,0.039594654,-7.658705,5.3907743,-68.927864,22.55339,-22.69799,-16.691147,-1.8213911,-2.2497396,4.0161953,69.852295,5.4074535,122.62441,5.858213,1.3420553,-2.7187195,-1.1012256,-0.18910423,1.5939147,6.792865,10.863301,-9.783527,-2.5741224,1.2094357,-2.882224,-9.4672,10.934637,-11.710146,3.1241333
630,-0.27334895730018616,1.2091838121414185,67.85372161865234,0.23571668781788013,-1.0201165525831084,-85.38895022420704,0.039644588,-7.6475873,5.391684,-68.92893,22.55634,-22.677376,-16.688871,-1.81984,-2.2615452,4.017231,69.85236,5.404107,122.62441,5.8496933,1.3265196,-2.7270384,-1.099496,-0.18723044,1.5870441,6.7953625,10.862036,-9.780425,-2.5723865,1.2097398,-2.8890688,-9.464119,10.934664,-11.706038,3.126464
631,-0.27270472049713135,1.2109555006027222,67.85395050048828,0.24098089267039755,-1.0235111549796794,-85.39329010553321,0.0389643,-7.6117206,5.400598,-68.93814,22.57954,-22.65449,-16.706663,-1.8337634,-2.2578049,4.027725,69.85426,5.3748474,122.62441,5.8447804,1.320843,-2.7165284,-1.0987991,-0.18303135,1.5797305,6.798419,10.861245,-9.7807,-2.5720992,1.211076,-2.896215,-9.460634,10.934695,-11.703875,3.12785
632,-0.26971372961997986,1.2137349843978882,67.85446166992188,0.24537382396088525,-1.0241708212023877,-85.39623524312415,0.03864153,-7.599374,5.403797,-68.9404,22.584843,-22.63612,-16.71106,-1.8372544,-2.2626941,4.0312853,69.85524,5.3678217,122.62441,5.866376,1.3102357,-2.7231443,-1.0989377,-0.1842915,1.5710106,6.8012943,10.860984,-9.779117,-2.568731,1.2079055,-2.9050741,-9.457523,10.934626,-11.699433,3.1316342
633,-0.2677781581878662,1.2162253856658936,67.85486602783203,0.25061037783796736,-1.0208471049735361,-85.39710215381149,0.038998444,-7.5995336,5.4058776,-68.94146,22.591465,-22.622828,-16.72013,-1.839664,-2.2570848,4.033317,69.85585,5.3602843,122.62441,5.917931,1.3017887,-2.7299602,-1.1001507,-0.19092733,1.5623459,6.8037143,10.860484,-9.775979,-2.5652843,1.2007499,-2.913937,-9.455199,10.934946,-11.695515,3.134992
634,-0.26713645458221436,1.2179814577102661,67.85547637939453,0.25709599816437695,-1.0150414485258004,-85.3963218590478,0.03941141,-7.608296,5.4086,-68.94209,22.601898,-22.612436,-16.737122,-1.8426037,-2.2445767,4.0357633,69.85684,5.3508854,122.62441,5.992078,1.2956558,-2.7359302,-1.1025145,-0.19974454,1.5534047,6.805997,10.859982,-9.773144,-2.5623302,1.1916192,-2.9230008,-9.4532795,10.934564,-11.691575,3.1376798
635,-0.26572322845458984,1.2184609174728394,67.85649108886719,0.2619095261976525,-1.0084103463917027,-85.39518145587326,0.039744608,-7.6210318,5.4113874,-68.94182,22.618013,-22.605562,-16.757982,-1.845098,-2.2306406,4.0380654,69.85817,5.3385878,122.62441,6.0642495,1.2923928,-2.7390008,-1.105435,-0.20793885,1.5456691,6.808522,10.860276,-9.772547,-2.558964,1.1826063,-2.9308417,-9.451347,10.935047,-11.689363,3.140802
636,-0.26427096128463745,1.2191336154937744,67.85757446289062,0.26613189262592457,-1.0030842190166542,-85.39449238846211,0.040087376,-7.6292806,5.4139543,-68.9408,22.633966,-22.60028,-16.773611,-1.8447664,-2.2243078,4.0399485,69.859825,5.3263307,122.62441,6.1078157,1.2898818,-2.7398667,-1.1085157,-0.21481553,1.5387391,6.8114552,10.860433,-9.77171,-2.5557582,1.1748484,-2.9379594,-9.449171,10.934633,-11.686247,3.1433654
637,-0.2630484700202942,1.2204993963241577,67.85824584960938,0.2686971566386186,-1.000137136291993,-85.39425235138145,0.040755272,-7.629711,5.4156704,-68.94016,22.641165,-22.59544,-16.767014,-1.8398033,-2.2346735,4.0408835,69.861305,5.3188777,122.62441,6.109037,1.2873881,-2.7445643,-1.1118711,-0.2196509,1.5341349,6.814802,10.8604,-9.770124,-2.553105,1.1679404,-2.943061,-9.446812,10.936005,-11.683486,3.1445239
638,-0.2613074779510498,1.2227296829223633,67.85865020751953,0.27002514481594647,-0.9981529593620537,-85.39403766026892,0.04172832,-7.6275415,5.416742,-68.93996,22.645832,-22.593142,-16.75155,-1.8317127,-2.2526073,4.041203,69.86245,5.3120914,122.62441,6.0827913,1.2854055,-2.7465305,-1.1157126,-0.22351815,1.5304314,6.8185363,10.860393,-9.768502,-2.5499706,1.1619495,-2.9471848,-9.444352,10.936725,-11.6799965,3.1453872
639,-0.2603427469730377,1.2261897325515747,67.85897827148438,0.27082897341608847,-0.9961134264162671,-85.3941707251654,0.042438254,-7.6242604,5.419198,-68.93963,22.65121,-22.591791,-16.737453,-1.8240594,-2.2702181,4.0415206,69.86551,5.2968955,122.62441,6.0501633,1.2863305,-2.7423716,-1.1195204,-0.22828351,1.528102,6.8224363,10.859626,-9.765148,-2.5476522,1.1544654,-2.9498546,-9.441542,10.9371395,-11.674962,3.1451654
640,-0.2586993873119354,1.2288447618484497,67.85968780517578,0.2719775896081623,-0.9926305719642824,-85.39504383483944,0.041608926,-7.6238737,5.4215016,-68.93914,22.653345,-22.58981,-16.732307,-1.818239,-2.2813833,4.0415144,69.8687,5.2836976,122.62441,6.0385756,1.2892684,-2.7384036,-1.1225778,-0.23440357,1.5248439,6.82628,10.859859,-9.762993,-2.5450604,1.1467425,-2.9533129,-9.438304,10.937846,-11.67137,3.1462412
641,-0.2559927701950073,1.2302756309509277,67.86024475097656,0.27417668312473864,-0.9873854963850908,-85.39687418732402,0.03978415,-7.625401,5.4228077,-68.93842,22.653057,-22.584175,-16.743235,-1.8160732,-2.2842035,4.041408,69.87068,5.2767444,122.62441,6.06593,1.2925394,-2.7429,-1.124879,-0.24143402,1.5194383,6.830272,10.85932,-9.761095,-2.5418718,1.1373739,-2.9590194,-9.434196,10.938107,-11.667314,3.1496122
642,-0.2541539967060089,1.2306474447250366,67.8614730834961,0.27570589822246744,-0.9808948217043558,-85.39913611946767,0.037225764,-7.627977,5.42425,-68.936806,22.651217,-22.578262,-16.764973,-1.8154876,-2.2827241,4.041256,69.87328,5.267861,122.62441,6.112836,1.2987128,-2.7464082,-1.1268265,-0.24848782,1.5157545,6.8342094,10.858597,-9.760088,-2.5402236,1.1288146,-2.9625454,-9.429709,10.936781,-11.663969,3.1524477
643,-0.25194790959358215,1.2316852807998657,67.8623275756836,0.2768013091252962,-0.973955540444399,-85.40225830921925,0.03379303,-7.6321454,5.425412,-68.934654,22.648985,-22.572144,-16.78701,-1.8161466,-2.2775834,4.0410733,69.875694,5.2620606,122.62441,6.157565,1.3062125,-2.751679,-1.1280525,-0.25757945,1.5124111,6.8382273,10.858998,-9.758649,-2.5384033,1.1177412,-2.9660473,-9.4248495,10.937137,-11.660228,3.1554003
644,-0.24954019486904144,1.234352946281433,67.86360168457031,0.27762118396487623,-0.9668808617182594,-85.40630121431103,0.025451364,-7.6437206,5.426926,-68.93082,22.64606,-22.57052,-16.799162,-1.8159515,-2.2714522,4.04061,69.87934,5.254179,122.62441,6.175783,1.315572,-2.7495413,-1.1283559,-0.26739025,1.5091519,6.8422885,10.858564,-9.755767,-2.5361514,1.105636,-2.9692302,-9.420091,10.937522,-11.655606,3.1576326
645,-0.24976809322834015,1.2373424768447876,67.86445617675781,0.27873380470314985,-0.9600651216320508,-85.41195666242095,0.021005096,-7.6514072,5.4274626,-68.92898,22.645369,-22.567617,-16.797312,-1.819812,-2.2596405,4.0401726,69.8809,5.252182,122.62441,6.1506224,1.3274622,-2.7481494,-1.1267449,-0.27799535,1.5086523,6.846006,10.858509,-9.751864,-2.536766,1.0921624,-2.9699142,-9.415732,10.937834,-11.649732,3.1560214
646,-0.24932734668254852,1.2391399145126343,67.86589050292969,0.28014664873014966,-0.9530574152616343,-85.41889462648348,0.0070448443,-7.6757755,5.42815,-68.92602,22.644472,-22.568176,-16.787285,-1.8243454,-2.2440386,4.03916,69.88295,5.246571,122.62441,6.0937643,1.3435549,-2.7374372,-1.1238627,-0.28744626,1.5074006,6.8497715,10.858118,-9.749014,-2.5370922,1.0802252,-2.97127,-9.411467,10.938931,-11.6462755,3.1545973
647,-0.2485775351524353,1.2392349243164062,67.86695861816406,0.28003746768906035,-0.945796292410373,-85.42605164568579,-0.0066255773,-7.6997113,5.4293957,-68.919815,22.644127,-22.571383,-16.776089,-1.8280224,-2.2292368,4.036511,69.88666,5.2368073,122.62441,6.036141,1.3578187,-2.7228723,-1.1210574,-0.29557183,1.5078143,6.8539186,10.858336,-9.748233,-2.5375195,1.0703415,-2.9708862,-9.407124,10.939284,-11.644347,3.1532357
648,-0.24610020220279694,1.2386153936386108,67.86805725097656,0.28046578093698676,-0.9386589751008703,-85.43201460055231,-0.014613256,-7.7131853,5.4302964,-68.913895,22.644957,-22.574299,-16.76865,-1.8321536,-2.2169166,4.033753,69.89002,5.2317686,122.62441,6.010827,1.3682148,-2.717747,-1.1200299,-0.3015642,1.505567,6.8589497,10.858168,-9.74927,-2.5353053,1.0609734,-2.9732342,-9.402308,10.939812,-11.642641,3.1545606
649,-0.24559436738491058,1.235068917274475,67.86894989013672,0.2815534793157264,-0.9317948354290213,-85.43668784699678,-0.023634162,-7.724248,5.4310083,-68.90587,22.64927,-22.58204,-16.770344,-1.830811,-2.209697,4.030165,69.89506,5.226288,122.62441,6.0332475,1.3727226,-2.7171192,-1.1216422,-0.30516434,1.5047332,6.8655963,10.85846,-9.75254,-2.5341413,1.0550052,-2.9742744,-9.396566,10.939464,-11.64351,3.1552184
650,-0.24685528874397278,1.2379106283187866,67.86959838867188,0.28433704678096017,-0.9251932016336999,-85.44047110331984,-0.026541661,-7.7259808,5.4310064,-68.90448,22.6503,-22.58302,-16.766888,-1.833819,-2.200984,4.02958,69.8959,5.2253737,122.62441,6.0810733,1.377788,-2.729183,-1.1249814,-0.31506708,1.5032948,6.8731866,10.858749,-9.74914,-2.5322416,1.0425353,-2.9760432,-9.389802,10.938723,-11.637521,3.1543362
651,-0.2474491447210312,1.240387201309204,67.87068176269531,0.28626009984897505,-0.9181309311452229,-85.44386415472974,-0.033779178,-7.731383,5.4306197,-68.8997,22.654402,-22.588547,-16.76841,-1.8343704,-2.1934047,4.027898,69.899185,5.2262173,122.62441,6.1401286,1.3804295,-2.7425923,-1.1284915,-0.32539815,1.502189,6.880531,10.858664,-9.745422,-2.5298522,1.0294198,-2.9775906,-9.383257,10.938053,-11.631272,3.1539903
652,-0.24933426082134247,1.243057131767273,67.87218475341797,0.28944462189119513,-0.9104869953437685,-85.44708213762922,-0.03763481,-7.7423034,5.4292326,-68.88962,22.661705,-22.596172,-16.775429,-1.834212,-2.1892452,4.0242443,69.906364,5.22874,122.62441,6.1721697,1.3821805,-2.752987,-1.130427,-0.336148,1.5007468,6.8858438,10.858715,-9.742019,-2.5291438,1.0155478,-2.9792295,-9.378228,10.938146,-11.6257305,3.1520622
653,-0.2480747103691101,1.2450144290924072,67.87373352050781,0.2904514364875978,-0.9015255612420857,-85.44936109860035,-0.038312905,-7.752312,5.4280457,-68.88417,22.663992,-22.602623,-16.78202,-1.8362811,-2.1865363,4.021924,69.9099,5.2289433,122.62441,6.16451,1.3861682,-2.760317,-1.1306999,-0.34847254,1.4985145,6.8881116,10.858714,-9.738684,-2.5267627,1.0019864,-2.9815435,-9.375575,10.938409,-11.621313,3.1523473
654,-0.24681901931762695,1.2451190948486328,67.87522888183594,0.2912709167221959,-0.8917183627829547,-85.45084405504366,-0.03879442,-7.782666,5.4266953,-68.87929,22.667288,-22.612993,-16.795158,-1.8350214,-2.1866102,4.019721,69.91233,5.2280154,122.62441,6.1346016,1.3896116,-2.7656949,-1.1300169,-0.36086792,1.4965502,6.888389,10.858534,-9.735973,-2.5252304,0.9895458,-2.9835875,-9.374566,10.93939,-11.619463,3.1523986
655,-0.24698078632354736,1.2447863817214966,67.87663269042969,0.2924137496880609,-0.8818360537861099,-85.45310248052877,-0.037170112,-7.813782,5.422099,-68.8659,22.67559,-22.625137,-16.810978,-1.83238,-2.1902528,4.0128365,69.91718,5.2236323,122.62441,6.0959835,1.3891909,-2.7631838,-1.1284239,-0.3717925,1.4956635,6.8884277,10.85816,-9.734479,-2.5255818,0.9771628,-2.9843698,-9.373697,10.939572,-11.617189,3.1508665
656,-0.2459903508424759,1.244634747505188,67.87788391113281,0.292633867910918,-0.8726406886284109,-85.45754990390897,-0.034112494,-7.8287907,5.4187484,-68.858,22.67904,-22.636335,-16.809687,-1.8329455,-2.1854818,4.008051,69.91961,5.2222877,122.62441,6.0657215,1.3906898,-2.761079,-1.1260395,-0.38164866,1.4950302,6.8900657,10.857701,-9.733351,-2.5253954,0.96503055,-2.9850316,-9.371484,10.940296,-11.614958,3.1503332
657,-0.24934138357639313,1.2488573789596558,67.87879180908203,0.2939865510492775,-0.8645110614616849,-85.46568131592686,-0.02800902,-7.8365283,5.416737,-68.85354,22.682878,-22.650776,-16.791698,-1.8309188,-2.1755555,4.0052695,69.92104,5.2213492,122.62441,6.0467243,1.3915267,-2.751158,-1.1221141,-0.39568043,1.4980499,6.893747,10.857112,-9.726371,-2.5292683,0.94934565,-2.9821322,-9.367198,10.940272,-11.608287,3.1448586
658,-0.2501790225505829,1.250206708908081,67.87968444824219,0.2940850714013939,-0.85691668354787,-85.47641943089793,-0.01788363,-7.8384256,5.4149914,-68.849686,22.688068,-22.667377,-16.762321,-1.827874,-2.1604545,4.0029655,69.92255,5.2207336,122.62441,6.031215,1.3908606,-2.7351482,-1.1168177,-0.40492955,1.500422,6.8988657,10.856831,-9.724112,-2.532021,0.9373068,-2.9798443,-9.361923,10.940257,-11.604401,3.1418638
659,-0.2486821711063385,1.2484378814697266,67.88047790527344,0.2933143848454633,-0.8495323800059738,-85.48713269425747,-0.009585184,-7.8362174,5.4119625,-68.84328,22.694624,-22.68406,-16.735981,-1.8279946,-2.1450443,3.9991775,69.92555,5.220318,122.62441,6.0191617,1.3891174,-2.718606,-1.1117868,-0.41035149,1.5015873,6.9045115,10.857069,-9.726216,-2.5332654,0.9284773,-2.9788766,-9.356441,10.940581,-11.603504,3.1416633
660,-0.24835732579231262,1.2490160465240479,67.8815689086914,0.2928445961458289,-0.8422609842541628,-85.49557147138067,-0.0038083626,-7.8357277,5.40971,-68.838585,22.699825,-22.700455,-16.727842,-1.8327085,-2.1335752,3.9967425,69.92797,5.2200804,122.62441,6.0098944,1.380738,-2.7046921,-1.1084696,-0.41918316,1.5032703,6.909634,10.857926,-9.725384,-2.534792,0.918657,-2.9772127,-9.351222,10.940596,-11.601438,3.1405122
661,-0.24958497285842896,1.2484021186828613,67.88260650634766,0.2945336555227001,-0.8350021983303895,-85.49983984068248,-0.0011006503,-7.8415895,5.406413,-68.83148,22.708393,-22.716885,-16.753462,-1.8444146,-2.1285176,3.9940195,69.93165,5.2185054,122.62441,6.001678,1.3646958,-2.694929,-1.1085868,-0.42574644,1.5033846,6.914453,10.856796,-9.724842,-2.5368896,0.90876657,-2.9771748,-9.346245,10.940278,-11.599203,3.1393585
662,-0.2514975965023041,1.2504719495773315,67.88375091552734,0.2959362266140117,-0.8278819921968866,-85.50146744273425,-0.004487969,-7.849761,5.403365,-68.824814,22.714987,-22.732336,-16.795269,-1.8631698,-2.1261578,3.992554,69.934944,5.2167945,122.62441,5.9954276,1.34444,-2.688777,-1.1109725,-0.43634033,1.5041988,6.919046,10.8568125,-9.721307,-2.538877,0.8968721,-2.9764664,-9.341223,10.940443,-11.595511,3.1377995
663,-0.25249528884887695,1.2512009143829346,67.8847427368164,0.2957167722752351,-0.8209398282230524,-85.50363000660238,-0.0067153815,-7.8551106,5.3990297,-68.81523,22.724722,-22.748114,-16.842197,-1.8821332,-2.1260514,3.9918342,69.93948,5.2139087,122.62441,5.993701,1.324195,-2.6808126,-1.1126765,-0.44531,1.5061301,6.9234366,10.857302,-9.719667,-2.540639,0.8868665,-2.9745884,-9.336524,10.940378,-11.593144,3.1367931
664,-0.2521153688430786,1.2503306865692139,67.88568115234375,0.2956248682721347,-0.8142970565155373,-85.50955929450896,-0.0035395378,-7.8510485,5.3974032,-68.8119,22.726639,-22.763433,-16.865448,-1.899049,-2.119942,3.9919448,69.94097,5.2129,122.62441,5.99621,1.3115985,-2.6733093,-1.110671,-0.45158583,1.5070401,6.927573,10.857463,-9.720079,-2.541758,0.878267,-2.973877,-9.3322525,10.940799,-11.592003,3.1364706
665,-0.2512090504169464,1.2502323389053345,67.88655853271484,0.29291753118448405,-0.8079708478684264,-85.52223772241008,0.012297099,-7.830695,5.3952913,-68.80785,22.727545,-22.778032,-16.865042,-1.912139,-2.1100392,3.9921927,69.94265,5.211552,122.62441,6.0066323,1.3111147,-2.660709,-1.1021324,-0.4573872,1.5113097,6.931264,10.856928,-9.719631,-2.5439224,0.869273,-2.9697194,-9.328566,10.940327,-11.589081,3.1342447
666,-0.2500356435775757,1.2512296438217163,67.88772583007812,0.2877600853468186,-0.8019026284871877,-85.53933749359385,0.031930324,-7.8056064,5.3931694,-68.80439,22.725664,-22.792086,-16.848785,-1.9241017,-2.0961368,3.9923925,69.943954,5.2108912,122.62441,6.023546,1.31845,-2.6460416,-1.0892897,-0.46393502,1.5187391,6.9345727,10.856292,-9.717811,-2.5469034,0.86050785,-2.9621782,-9.325262,10.940626,-11.5868435,3.130427
667,-0.24849781394004822,1.2520949840545654,67.88853454589844,0.2850163763141027,-0.7963035029348534,-85.55554690597734,0.04427656,-7.787641,5.3922153,-68.803024,22.723822,-22.806536,-16.828604,-1.9338593,-2.0822635,3.992475,69.94436,5.2106485,122.62441,6.041065,1.323947,-2.63295,-1.0770886,-0.4703965,1.5228946,6.9376373,10.854836,-9.714939,-2.5486338,0.8526944,-2.958083,-9.322264,10.938996,-11.582959,3.1277466
668,-0.24776966869831085,1.2517083883285522,67.8892593383789,0.28261838487326435,-0.7910907852197914,-85.56581899688683,0.05567939,-7.766052,5.390395,-68.80066,22.720589,-22.822165,-16.808369,-1.9415439,-2.0695755,3.9927752,69.94495,5.209828,122.62441,6.057195,1.3239784,-2.6226625,-1.0703471,-0.47538027,1.5265855,6.9404593,10.856145,-9.716026,-2.5500119,0.84567726,-2.954494,-9.319326,10.94017,-11.582447,3.1256866
669,-0.24946141242980957,1.2491732835769653,67.88996124267578,0.28541516781814585,-0.7866837825371757,-85.56672724110562,0.059692387,-7.7351394,5.386413,-68.79611,22.71333,-22.84097,-16.78634,-1.9419411,-2.0643268,3.9940665,69.94611,5.205897,122.62441,6.070183,1.3127394,-2.6165097,-1.0721332,-0.47816113,1.525366,6.9429097,10.856433,-9.717672,-2.5507944,0.8417369,-2.9558537,-9.316767,10.940256,-11.583341,3.124583
670,-0.25375840067863464,1.2496769428253174,67.89048767089844,0.2913358052462631,-0.7829080734978603,-85.56173659407018,0.042354383,-7.7251253,5.3823333,-68.792206,22.710135,-22.860924,-16.767462,-1.9402616,-2.059662,3.9961753,69.94703,5.200499,122.62441,6.080555,1.2952411,-2.6145165,-1.0792848,-0.48338997,1.5220166,6.9449444,10.856276,-9.715825,-2.5514765,0.83547395,-2.9592466,-9.314284,10.940228,-11.581523,3.1224015
671,-0.25752896070480347,1.251846194267273,67.89064025878906,0.29595977489502007,-0.7793778177368111,-85.5556162055641,0.020022795,-7.7190423,5.376775,-68.7878,22.710379,-22.879887,-16.753853,-1.9365355,-2.0560188,4.0000334,69.94789,5.192226,122.62441,6.0871873,1.2785093,-2.6110559,-1.087464,-0.48942336,1.519301,6.9468555,10.8557205,-9.712613,-2.5515542,0.82830775,-2.961816,-9.311716,10.93958,-11.577912,3.120484
672,-0.25866469740867615,1.2523725032806396,67.89116668701172,0.29946255056163373,-0.7760684260210525,-85.55318634376674,0.0046178373,-7.7097483,5.3685064,-68.7826,22.715496,-22.893995,-16.749634,-1.9321897,-2.0551367,4.006904,69.94845,5.1792445,122.62441,6.0874805,1.2720352,-2.6003146,-1.0922015,-0.49446735,1.5160731,6.948986,10.856101,-9.711284,-2.5507967,0.8229337,-2.9651825,-9.30894,10.94037,-11.576954,3.1204562
673,-0.260398805141449,1.252617359161377,67.8913803100586,0.30013400773009874,-0.7734960552832918,-85.5561090417795,-0.0010701614,-7.694912,5.363131,-68.78004,22.718426,-22.908976,-16.750053,-1.9269749,-2.05208,4.0119653,69.94828,5.173181,122.62441,6.0806427,1.2702476,-2.5900078,-1.0922538,-0.49730653,1.5176415,6.9514246,10.855562,-9.710244,-2.5534189,0.8185505,-2.9636066,-9.305547,10.940412,-11.575832,3.1178792
674,-0.2608087956905365,1.2543227672576904,67.89173889160156,0.2982806807208615,-0.771444941734189,-85.56176146226137,-0.0046605607,-7.6724195,5.354574,-68.77692,22.72417,-22.918997,-16.758034,-1.9198848,-2.0528874,4.0209603,69.947105,5.161637,122.62441,6.063809,1.2781987,-2.5739462,-1.0899302,-0.50051117,1.5211779,6.95399,10.856002,-9.70934,-2.5562127,0.81292117,-2.9600778,-9.301666,10.941342,-11.573767,3.1152682
675,-0.2620154023170471,1.255005955696106,67.89222717285156,0.2969524913518732,-0.7690236296938184,-85.56827205621556,-0.0041182255,-7.65715,5.351589,-68.77621,22.725327,-22.93191,-16.763405,-1.9143426,-2.0511196,4.0242543,69.94629,5.1582084,122.62441,6.0521297,1.2817974,-2.5615027,-1.0864255,-0.5026183,1.5250465,6.956382,10.855176,-9.708525,-2.560011,0.80804425,-2.9561107,-9.2981205,10.9421,-11.572761,3.111927
676,-0.2640562653541565,1.2532379627227783,67.89277648925781,0.29596175508623446,-0.7653097232521843,-85.57406660047948,-0.00012511884,-7.6357355,5.34858,-68.77567,22.726156,-22.945677,-16.765104,-1.907895,-2.0480072,4.0274334,69.94506,5.1531487,122.62441,6.0495286,1.2875795,-2.5497694,-1.082768,-0.50580925,1.529575,6.958192,10.855474,-9.708859,-2.564169,0.8048403,-2.9515598,-9.295646,10.943018,-11.574892,3.1084144
677,-0.2654655873775482,1.2517303228378296,67.89353942871094,0.29746379155069996,-0.7598087351255043,-85.57833152742603,0.006456529,-7.6254244,5.3454366,-68.775345,22.726496,-22.959288,-16.758327,-1.902979,-2.0409906,4.0302854,69.9434,5.1479993,122.62441,6.065508,1.2924618,-2.540573,-1.0792025,-0.50991774,1.529979,6.959317,10.854922,-9.709419,-2.5657558,0.7991801,-2.9510467,-9.294531,10.942238,-11.574299,3.1068404
678,-0.2644079625606537,1.2516915798187256,67.89437866210938,0.29997110795495974,-0.7529369334252672,-85.58204877707104,0.02267388,-7.6106567,5.339277,-68.7752,22.726055,-22.972042,-16.745981,-1.8961415,-2.0324185,4.0348835,69.9396,5.1393685,122.62441,6.0914755,1.3009862,-2.5305824,-1.0752527,-0.518736,1.5266433,6.9599724,10.855447,-9.708042,-2.5636442,0.79151183,-2.9544756,-9.294223,10.942109,-11.573153,3.1083586
679,-0.2664460837841034,1.251702070236206,67.89502716064453,0.3025087861720825,-0.7459627484832326,-85.58609884475023,0.036368664,-7.600914,5.3323817,-68.77582,22.725428,-22.981483,-16.736464,-1.8909096,-2.0265615,4.038992,69.93492,5.131996,122.62441,6.114544,1.310049,-2.5242996,-1.0707045,-0.5273465,1.5264045,6.960249,10.855074,-9.705655,-2.564423,0.78270876,-2.9547226,-9.294251,10.94159,-11.571104,3.106539
680,-0.2669507563114166,1.251786231994629,67.89624786376953,0.3030613278986854,-0.7397635116565533,-85.59126904073956,0.046491534,-7.5921245,5.3287244,-68.776596,22.724419,-22.988934,-16.738775,-1.8916396,-2.0279353,4.0407515,69.93212,5.1276655,122.62441,6.1248713,1.3163043,-2.5184352,-1.0656631,-0.53553325,1.5271364,6.960717,10.855469,-9.703673,-2.5643063,0.7757623,-2.9538662,-9.29387,10.941121,-11.57007,3.1054025
681,-0.2698894143104553,1.25115966796875,67.89685821533203,0.30467586358451243,-0.734892695025799,-85.59809190394807,0.050476197,-7.584889,5.327026,-68.77731,22.723011,-22.99416,-16.759272,-1.8965114,-2.040241,4.041454,69.930664,5.12493,122.62441,6.113882,1.3215724,-2.5145361,-1.0597605,-0.540831,1.529395,6.961498,10.855347,-9.702295,-2.5667272,0.76987815,-2.9515724,-9.292932,10.94137,-11.570024,3.1014073
682,-0.2692109942436218,1.2521535158157349,67.89753723144531,0.3034103634534696,-0.7304180556474343,-85.60619335304183,0.056991864,-7.5662355,5.3237247,-68.779274,22.719257,-22.992228,-16.793045,-1.9076349,-2.064078,4.0427804,69.927315,5.1155014,122.62441,6.0823874,1.3266839,-2.5063117,-1.0530998,-0.5453447,1.531142,6.962521,10.853546,-9.699815,-2.5658584,0.7630949,-2.9495692,-9.291563,10.941153,-11.567748,3.0999358
683,-0.26952990889549255,1.252332329750061,67.89801025390625,0.30305645654397295,-0.7266112854944524,-85.6143889399844,0.061845757,-7.5521407,5.3205857,-68.78188,22.715094,-22.989117,-16.824787,-1.9185961,-2.0875068,4.0439715,69.923645,5.1051364,122.62441,6.046427,1.3335918,-2.4981759,-1.0463424,-0.55053854,1.5331935,6.9633255,10.85441,-9.698607,-2.566106,0.75717807,-2.9476676,-9.290224,10.942645,-11.567537,3.0977123
684,-0.270014226436615,1.2525036334991455,67.89830017089844,0.3024658387856785,-0.7231081968470283,-85.62192173531201,0.071720265,-7.5421495,5.3154798,-68.787155,22.707916,-22.983358,-16.838493,-1.9253769,-2.103549,4.0457854,69.91708,5.0871806,122.62441,6.006723,1.343719,-2.487488,-1.0399712,-0.55518246,1.5355395,6.9637218,10.854922,-9.697488,-2.5669236,0.75251514,-2.9452899,-9.289165,10.942735,-11.566806,3.095567
685,-0.27133888006210327,1.2530863285064697,67.89895629882812,0.3034510497492833,-0.720168612761908,-85.62898221922421,0.08918805,-7.540833,5.310326,-68.79308,22.701845,-22.980883,-16.833492,-1.9242285,-2.1070616,4.0474033,69.91029,5.0749717,122.62441,5.9736953,1.3551501,-2.483288,-1.033875,-0.5595665,1.5367342,6.9636273,10.854716,-9.695635,-2.568561,0.74728453,-2.944165,-9.288182,10.943401,-11.56547,3.0933096
686,-0.2734732925891876,1.2518386840820312,67.89933013916016,0.3042292878486575,-0.7177374111776457,-85.63597977936286,0.108485244,-7.5431437,5.306716,-68.79764,22.698336,-22.98193,-16.819942,-1.9177783,-2.1035604,4.0482144,69.90552,5.069007,122.62441,5.9447074,1.3691884,-2.485464,-1.0277766,-0.56090736,1.5389825,6.963177,10.855345,-9.697219,-2.5717456,0.7462999,-2.9415476,-9.287442,10.942154,-11.566018,3.0905375
687,-0.27390873432159424,1.252310037612915,67.89990234375,0.30500755753946357,-0.7155198775414073,-85.64185633761846,0.13513847,-7.5478563,5.298912,-68.80797,22.691278,-22.977177,-16.79666,-1.910244,-2.0974474,4.0494184,69.8953,5.059955,122.62441,5.9139767,1.3827004,-2.487528,-1.022259,-0.56363493,1.5392072,6.962442,10.855094,-9.696655,-2.5730388,0.7431058,-2.941166,-9.286999,10.942043,-11.564959,3.0895705
688,-0.2741900682449341,1.2539793252944946,67.89997863769531,0.30581450136418,-0.7132888719400767,-85.6460609068014,0.14412214,-7.5487723,5.2980633,-68.80919,22.69054,-22.978704,-16.786684,-1.9072763,-2.0974832,4.049417,69.89426,5.058801,122.62441,5.9038024,1.3935364,-2.488631,-1.0176791,-0.56913656,1.539205,6.9615035,10.854842,-9.693333,-2.5740297,0.7384721,-2.9413404,-9.287151,10.941549,-11.562098,3.0887327
689,-0.2762593924999237,1.2560595273971558,67.90028381347656,0.30659616365287806,-0.7107092985174083,-85.64822472109877,0.16600549,-7.5485163,5.294613,-68.81457,22.685844,-22.979332,-16.7781,-1.9032089,-2.1015854,4.049072,69.88998,5.052798,122.62441,5.902662,1.4025964,-2.4824483,-1.0139012,-0.5739414,1.5406456,6.9603577,10.854918,-9.691214,-2.577068,0.7333005,-2.939785,-9.288425,10.942282,-11.560689,3.0858667
690,-0.2772076427936554,1.2558225393295288,67.90076446533203,0.30742243132906893,-0.7080441523974558,-85.64893845516808,0.17273775,-7.5467243,5.29133,-68.819855,22.682318,-22.980831,-16.774817,-1.8997443,-2.1083317,4.048308,69.88628,5.048071,122.62441,5.9139185,1.4101706,-2.4745812,-1.010832,-0.57817966,1.541094,6.959199,10.855132,-9.690012,-2.579703,0.7305105,-2.9395347,-9.290461,10.943093,-11.561669,3.0844405
691,-0.2790250778198242,1.2563265562057495,67.90109252929688,0.30948744976602294,-0.7057430804656604,-85.64819136372458,0.18060432,-7.543037,5.2852874,-68.829666,22.676826,-22.976059,-16.764933,-1.8994519,-2.1149552,4.0463023,69.880165,5.0404305,122.62441,5.9235306,1.4158903,-2.4649656,-1.008658,-0.57919616,1.5402501,6.957621,10.849557,-9.685778,-2.5823889,0.72952783,-2.9397354,-9.293023,10.939297,-11.559529,3.0825915
692,-0.27956512570381165,1.2568612098693848,67.90141296386719,0.3113296498280266,-0.704084810225528,-85.64607206544557,0.18932925,-7.5385256,5.280707,-68.83705,22.674976,-22.975327,-16.752518,-1.9004096,-2.1220098,4.044511,69.87607,5.035982,122.62441,5.930381,1.4205214,-2.4605083,-1.0076123,-0.5855793,1.5388069,6.9550576,10.853785,-9.685469,-2.5828307,0.72533655,-2.941935,-9.295493,10.944562,-11.562362,3.0826044
693,-0.28090909123420715,1.2585136890411377,67.90142059326172,0.3124274542728529,-0.7036213868501275,-85.64305151551517,0.20309098,-7.5317526,5.2780704,-68.84169,22.674627,-22.974123,-16.73159,-1.9081647,-2.1276917,4.043376,69.87366,5.031794,122.62441,5.924088,1.4252299,-2.458914,-1.0071131,-0.5887737,1.538331,6.9511847,10.853432,-9.682214,-2.582638,0.7237484,-2.9421496,-9.298145,10.94418,-11.560937,3.0821962
694,-0.2840551435947418,1.258480191230774,67.90145874023438,0.31393463173082464,-0.7037714832586128,-85.63905449452375,0.21647617,-7.524673,5.273783,-68.84958,22.675932,-22.975876,-16.706257,-1.9168272,-2.132441,4.04157,69.8697,5.0271373,122.62441,5.9108567,1.4288955,-2.459564,-1.0072873,-0.5895118,1.5390557,6.946383,10.853404,-9.680759,-2.5834856,0.72451556,-2.9409418,-9.30102,10.944028,-11.561691,3.0806851
695,-0.28659480810165405,1.2589011192321777,67.90152740478516,0.31647325936096193,-0.7042197688467273,-85.6329713638058,0.2335575,-7.5146337,5.269392,-68.857925,22.679092,-22.973543,-16.677189,-1.9263562,-2.1369567,4.039795,69.86571,5.0208516,122.62441,5.8992434,1.431552,-2.4617789,-1.0091822,-0.5901646,1.5375371,6.941267,10.853536,-9.679406,-2.5829344,0.7266658,-2.941752,-9.304342,10.942579,-11.562034,3.0802357
696,-0.2912403345108032,1.2586891651153564,67.90143585205078,0.32059131151114756,-0.7045276041719276,-85.62386188506461,0.2400997,-7.5091157,5.2658973,-68.8646,22.68341,-22.977037,-16.650303,-1.9251479,-2.146307,4.038385,69.86269,5.016155,122.62441,5.9093027,1.4311292,-2.4654696,-1.0137686,-0.59098417,1.5359997,6.9362864,10.853183,-9.677504,-2.5843778,0.7280911,-2.9428973,-9.308304,10.942335,-11.563248,3.0778847
697,-0.2959081828594208,1.2591391801834106,67.90162658691406,0.32701998551518424,-0.7049221258691196,-85.60896187677658,0.24042545,-7.4975142,5.2612195,-68.87328,22.695946,-22.983173,-16.61972,-1.9072491,-2.156136,4.036557,69.859764,5.005219,122.62441,5.9489384,1.4252084,-2.4678826,-1.0237589,-0.5935611,1.5309799,6.931728,10.852806,-9.67408,-2.5851386,0.72812986,-2.9479687,-9.312965,10.943307,-11.56402,3.0759542
698,-0.3003801703453064,1.2602157592773438,67.90211486816406,0.3368492531946649,-0.7055468399339746,-85.58962204866083,0.22546189,-7.4910574,5.2566285,-68.881035,22.714405,-22.995981,-16.589037,-1.8765248,-2.1695397,4.0348563,69.85814,4.993931,122.62441,6.0156827,1.41519,-2.4708958,-1.0378858,-0.59574884,1.5209396,6.9274507,10.852097,-9.670827,-2.58452,0.7272779,-2.9582222,-9.318109,10.945214,-11.564392,3.075089
699,-0.30541080236434937,1.260047435760498,67.90233612060547,0.34510046046229,-0.705515652847239,-85.5710582188348,0.21486463,-7.48786,5.2540927,-68.88507,22.725016,-23.01164,-16.562712,-1.8457174,-2.1891396,4.0338907,69.85788,4.9877386,122.62441,6.078611,1.4067925,-2.4790974,-1.0508684,-0.59660804,1.5134299,6.9228907,10.85106,-9.669137,-2.5853002,0.727875,-2.9656377,-9.323869,10.946363,-11.566235,3.0731568
700,-0.30840587615966797,1.2608535289764404,67.90266418457031,0.3507089408718173,-0.7039520516339369,-85.55838572830221,0.20651618,-7.4866185,5.250348,-68.890816,22.742285,-23.016865,-16.568779,-1.8304714,-2.198188,4.0324264,69.85825,4.9776654,122.62441,6.1009116,1.402551,-2.4794307,-1.0577208,-0.60135245,1.5080221,6.917757,10.850776,-9.665969,-2.5851333,0.72573274,-2.9711568,-9.329788,10.947967,-11.56714,3.0721564
701,-0.31006863713264465,1.261600136756897,67.9033432006836,0.3529931617245264,-0.7001841889644094,-85.55494242404536,0.21172714,-7.4900985,5.248923,-68.893,22.744753,-23.01337,-16.603628,-1.837998,-2.2088637,4.0317965,69.858604,4.9749365,122.62441,6.0676064,1.4063704,-2.4822252,-1.0548633,-0.60868126,1.5066966,6.911842,10.85039,-9.66228,-2.5854337,0.72187257,-2.9724793,-9.336243,10.94784,-11.566782,3.0709229
702,-0.3107278048992157,1.262799620628357,67.90390014648438,0.3520264722204644,-0.6947124726939489,-85.55742026000979,0.23896483,-7.5061684,5.2425656,-68.90217,22.752205,-22.984932,-16.673979,-1.871818,-2.214276,4.0287666,69.8592,4.95854,122.62441,5.9821687,1.4140826,-2.4699628,-1.045698,-0.61860687,1.5091252,6.905288,10.85116,-9.658835,-2.5861213,0.7157441,-2.9700458,-9.343204,10.947598,-11.565718,3.0693107
703,-0.31160441040992737,1.2634978294372559,67.90441131591797,0.34887886294770915,-0.6887110896094821,-85.56076795221536,0.24972694,-7.5117154,5.2407193,-68.90481,22.749098,-22.971704,-16.738173,-1.8953712,-2.2192786,4.0277677,69.85948,4.9560614,122.62441,5.9046497,1.4235411,-2.4695532,-1.0356091,-0.62743247,1.5143852,6.8985004,10.85086,-9.655819,-2.5877774,0.70917976,-2.96458,-9.350146,10.946966,-11.564471,3.06696
704,-0.31406158208847046,1.263819694519043,67.90495300292969,0.34891692232873894,-0.683634478353428,-85.55978711759563,0.26969895,-7.5205493,5.238366,-68.908295,22.745003,-22.94964,-16.783155,-1.9235963,-2.2245555,4.0262847,69.85946,4.9489074,122.62441,5.84761,1.4298453,-2.4660316,-1.0296667,-0.6366374,1.5171455,6.8915005,10.851968,-9.6528635,-2.5899,0.7048408,-2.9616575,-9.356932,10.946604,-11.564955,3.0643797
705,-0.3154697120189667,1.2642968893051147,67.90586853027344,0.3476447403382991,-0.679578983511748,-85.55202524706063,0.26546633,-7.513434,5.236799,-68.91064,22.743212,-22.94414,-16.798912,-1.9294107,-2.2216933,4.025221,69.85948,4.9439445,122.62441,5.8393035,1.431624,-2.466706,-1.0305351,-0.6438063,1.5192091,6.8844275,10.851789,-9.649742,-2.5905004,0.70062196,-2.959331,-9.363107,10.946982,-11.565054,3.0635266
706,-0.31792542338371277,1.2655861377716064,67.90633392333984,0.3478338263707351,-0.6760110789531087,-85.54055607616061,0.2526728,-7.499295,5.2341323,-68.91437,22.742867,-22.941498,-16.799755,-1.9283713,-2.2128975,4.023387,69.85972,4.937261,122.62441,5.8542557,1.4305712,-2.4667442,-1.0349456,-0.6510624,1.5200689,6.8771024,10.851103,-9.645519,-2.5912898,0.69698507,-2.958,-9.369074,10.945987,-11.563992,3.0624423
707,-0.32020947337150574,1.265629768371582,67.90699005126953,0.34742087450013714,-0.6725959987339936,-85.52859118806698,0.23051901,-7.4766293,5.231562,-68.91781,22.744911,-22.938538,-16.795534,-1.9259515,-2.2014654,4.021603,69.86039,4.9304233,122.62441,5.8757324,1.430549,-2.4668157,-1.0398823,-0.657292,1.5214725,6.86973,10.851715,-9.643414,-2.5922768,0.69446766,-2.9561718,-9.375,10.945378,-11.564263,3.0615604
708,-0.322835773229599,1.2671481370925903,67.90738677978516,0.3482492229934925,-0.6692830115995705,-85.5193352582208,0.22640203,-7.472456,5.23098,-68.91858,22.745975,-22.937235,-16.79501,-1.9264916,-2.1943953,4.021134,69.860634,4.9286537,122.62441,5.8899136,1.4361702,-2.4718487,-1.0422086,-0.66454613,1.5219384,6.8624744,10.851574,-9.639366,-2.5934372,0.689747,-2.9554086,-9.380893,10.945598,-11.563095,3.0600164
709,-0.3234670162200928,1.2673355340957642,67.90808868408203,0.34925547514405936,-0.6654827566734053,-85.51429397542555,0.22859554,-7.4737797,5.228937,-68.921364,22.750671,-22.935196,-16.802277,-1.9301807,-2.1883373,4.0192504,69.86214,4.925487,122.62441,5.8952894,1.4498711,-2.4772248,-1.0402459,-0.6714326,1.5207214,6.855034,10.851087,-9.635903,-2.5933948,0.68650454,-2.9563355,-9.38721,10.945953,-11.563675,3.060013
710,-0.32580435276031494,1.266388177871704,67.90853118896484,0.350546537796734,-0.6614510138845427,-85.51179084511054,0.23778921,-7.48246,5.2282476,-68.9224,22.75451,-22.931936,-16.810299,-1.9365987,-2.1847792,4.018342,69.86312,4.9243298,122.62441,5.896799,1.4682784,-2.4845796,-1.0358788,-0.67638946,1.5211136,6.847552,10.8506365,-9.634303,-2.5956342,0.6840121,-2.9554255,-9.393613,10.946076,-11.565297,3.057908
711,-0.32758715748786926,1.2665762901306152,67.90880584716797,0.3521907064536985,-0.6580394688545131,-85.50930120880956,0.26212543,-7.5056005,5.2272267,-68.92415,22.765404,-22.926788,-16.822609,-1.9461855,-2.177927,4.0164104,69.86568,4.923377,122.62441,5.8945837,1.4878877,-2.4912438,-1.0316362,-0.6833905,1.5206679,6.840365,10.850957,-9.630914,-2.5970073,0.68105686,-2.9556587,-9.399906,10.94602,-11.56558,3.0564005
712,-0.3297382593154907,1.2675732374191284,67.90939331054688,0.35425758960447573,-0.6558103264018358,-85.50468565460501,0.27259916,-7.51383,5.226147,-68.925896,22.781576,-22.92121,-16.833069,-1.954568,-2.164847,4.013361,69.870255,4.9221435,122.62441,5.8845534,1.5023763,-2.4957006,-1.0302687,-0.68808824,1.5196276,6.834329,10.85,-9.627478,-2.59803,0.67877716,-2.956341,-9.405624,10.946516,-11.566022,3.0549803
713,-0.3322972059249878,1.2688391208648682,67.9096908569336,0.3562715463126475,-0.6554633711931949,-85.49667735759141,0.27086276,-7.5081697,5.2260394,-68.926254,22.786474,-22.916513,-16.823334,-1.9614729,-2.1486523,4.01242,69.871826,4.920718,122.62441,5.8580346,1.5107859,-2.5022588,-1.0333683,-0.6916861,1.5188322,6.8299336,10.849902,-9.624192,-2.598636,0.67775965,-2.957148,-9.410504,10.946705,-11.56572,3.053851
714,-0.33387088775634766,1.269301414489746,67.9099349975586,0.3579771787516068,-0.6564136887635172,-85.48667457488311,0.26319557,-7.494302,5.2261686,-68.92657,22.791933,-22.910982,-16.806135,-1.9688071,-2.1266782,4.0116525,69.873215,4.9177504,122.62441,5.8199925,1.5151253,-2.5074039,-1.039258,-0.692602,1.5172184,6.8268204,10.8502445,-9.622891,-2.597957,0.67912614,-2.9588954,-9.414846,10.946842,-11.566355,3.054235
715,-0.3375876247882843,1.2710679769515991,67.90963745117188,0.3604800352011124,-0.6576352370092956,-85.47660428299915,0.2542877,-7.480663,5.2264943,-68.92691,22.797567,-22.905506,-16.789976,-1.9739032,-2.1061902,4.010883,69.87463,4.9137793,122.62441,5.7803097,1.5212623,-2.5100193,-1.0453587,-0.69418365,1.5167605,6.8238196,10.849986,-9.619943,-2.5991414,0.6791463,-2.9594743,-9.419066,10.946857,-11.565596,3.0524414
716,-0.33984896540641785,1.2738953828811646,67.90982818603516,0.36198274849325635,-0.6577348299871876,-85.46812076377363,0.24441102,-7.466212,5.227532,-68.92769,22.80783,-22.900362,-16.78777,-1.9751986,-2.0912793,4.009099,69.87771,4.905909,122.62441,5.749564,1.5331299,-2.5032804,-1.0491642,-0.6986297,1.5161144,6.819898,10.849935,-9.615712,-2.5995505,0.67779016,-2.9600723,-9.423863,10.946613,-11.564004,3.0514147
717,-0.3416595458984375,1.2765426635742188,67.91024780273438,0.3648005920532447,-0.6565602497316021,-85.46192166727752,0.24411991,-7.4671016,5.227842,-68.9278,22.809196,-22.894161,-16.794817,-1.9694952,-2.0930712,4.0086055,69.87839,4.9054546,122.62441,5.734162,1.5539516,-2.4958425,-1.0497574,-0.70487547,1.5137527,6.8148127,10.8501425,-9.61156,-2.6003537,0.6741145,-2.9625978,-9.429364,10.946531,-11.561231,3.0506961
718,-0.3444937467575073,1.2765053510665894,67.9104232788086,0.3664726420030882,-0.6544169424735696,-85.4573617748839,0.24684025,-7.476278,5.230067,-68.92788,22.813734,-22.891582,-16.816591,-1.9568316,-2.1009119,4.0051665,69.882545,4.906927,122.62441,5.725977,1.5810295,-2.4809487,-1.048319,-0.7084666,1.513984,6.809159,10.850782,-9.611426,-2.6037164,0.6726281,-2.962177,-9.435487,10.946679,-11.5619545,3.0485444
719,-0.3465631604194641,1.2771245241165161,67.91088104248047,0.36909738071786646,-0.6520715103969106,-85.45315946334091,0.24926774,-7.485208,5.2318754,-68.92746,22.812908,-22.88815,-16.832678,-1.9425565,-2.1124136,4.0022836,69.885025,4.9126625,122.62441,5.727026,1.6089429,-2.4707053,-1.0462412,-0.71358496,1.5123954,6.8031583,10.850177,-9.608801,-2.6059167,0.6710586,-2.9635444,-9.441778,10.946507,-11.562295,3.0472171
720,-0.34805431962013245,1.276916265487671,67.91117095947266,0.36961433745163846,-0.6500195171414072,-85.44849163218714,0.2482708,-7.4874816,5.2324815,-68.927284,22.812681,-22.88261,-16.837215,-1.932472,-2.117504,4.0013113,69.885605,4.9149947,122.62441,5.7324634,1.6321719,-2.4642673,-1.0446066,-0.7173734,1.5126879,6.796994,10.849753,-9.60699,-2.6074321,0.67002344,-2.9630744,-9.448055,10.946003,-11.562531,3.0460615
721,-0.3499031662940979,1.2770280838012695,67.91165924072266,0.3697013776957762,-0.6483097099442852,-85.44299162358436,0.24058329,-7.4881325,5.2335043,-68.92683,22.81378,-22.88143,-16.827002,-1.9224166,-2.111074,3.9999008,69.88646,4.9202223,122.62441,5.7554793,1.6491369,-2.4658804,-1.0435643,-0.722749,1.5139699,6.7903047,10.850315,-9.603643,-2.60802,0.6689742,-2.9617474,-9.454538,10.946818,-11.563881,3.0443182
722,-0.3506757318973541,1.2788846492767334,67.91199493408203,0.36856379219476265,-0.646680259228959,-85.43723285944748,0.22768277,-7.485192,5.235005,-68.926056,22.817293,-22.881529,-16.808441,-1.9142157,-2.097318,3.9980087,69.88757,4.928409,122.62441,5.7927823,1.659476,-2.4736047,-1.0425584,-0.7267705,1.515085,6.783297,10.849275,-9.5997095,-2.606668,0.66668075,-2.9601285,-9.461117,10.946675,-11.562813,3.0431228
723,-0.3516063094139099,1.2804008722305298,67.91233825683594,0.3674626199332471,-0.6450694658126432,-85.43163461139274,0.20893869,-7.478985,5.2362094,-68.92542,22.821596,-22.882566,-16.787937,-1.9042112,-2.0825887,3.996595,69.888374,4.935808,122.62441,5.8264313,1.670806,-2.483638,-1.04159,-0.7325619,1.5166342,6.7763615,10.849271,-9.594955,-2.605599,0.6636553,-2.958517,-9.467389,10.947634,-11.562145,3.041845
724,-0.35168296098709106,1.2817773818969727,67.9124755859375,0.36735496581803356,-0.6436153825246804,-85.42704742654986,0.19875206,-7.4720364,5.2424088,-68.92202,22.836578,-22.886587,-16.783401,-1.8952649,-2.070335,3.9884243,69.892136,4.961997,122.62441,5.851727,1.6830472,-2.5049663,-1.0404186,-0.7367149,1.5161176,6.77035,10.848849,-9.591706,-2.604405,0.6617829,-2.9587903,-9.472831,10.948024,-11.56181,3.041897
725,-0.35175421833992004,1.283734679222107,67.91258239746094,0.3687591511430308,-0.6426183810538538,-85.42345081461539,0.20273076,-7.469274,5.2435555,-68.921555,22.838623,-22.879498,-16.77097,-1.8857598,-2.0746162,3.9865925,69.89267,4.9641857,122.62441,5.8326664,1.7127472,-2.5105019,-1.0393587,-0.74071634,1.5138427,6.7654085,10.848605,-9.588865,-2.6042898,0.66006726,-2.9608243,-9.476994,10.948228,-11.561041,3.042559
726,-0.354482501745224,1.2854053974151611,67.91266632080078,0.3711980437943681,-0.6419979243994854,-85.42062523021416,0.21454571,-7.4640207,5.244731,-68.92135,22.840431,-22.872105,-16.759983,-1.8738809,-2.0848424,3.9844577,69.89301,4.965463,122.62441,5.7922783,1.7511489,-2.5171971,-1.0383148,-0.7446221,1.5132463,6.761066,10.848051,-9.585412,-2.6076605,0.6579768,-2.961327,-9.480266,10.947664,-11.559262,3.0408447
727,-0.35593557357788086,1.286617636680603,67.913330078125,0.3736754997832518,-0.6408021049078625,-85.4184550554677,0.22779992,-7.4597163,5.245789,-68.92135,22.841402,-22.862917,-16.750652,-1.8629375,-2.095003,3.9822562,69.893166,4.965563,122.62441,5.750079,1.7896293,-2.5224714,-1.0369527,-0.7488014,1.5114198,6.757211,10.848198,-9.583136,-2.6098194,0.6557343,-2.9630945,-9.483233,10.947383,-11.557992,3.0404909
728,-0.35761940479278564,1.2872639894485474,67.91389465332031,0.3747813639539841,-0.6383736395458871,-85.41669434785425,0.24924426,-7.4535394,5.2477145,-68.92135,22.842169,-22.856335,-16.742952,-1.8523585,-2.0981367,3.9779634,69.892784,4.9640136,122.62441,5.7148895,1.8256081,-2.5247633,-1.0347279,-0.75321025,1.5115157,6.7531605,10.848594,-9.581819,-2.6117077,0.6532905,-2.9627287,-9.486878,10.947399,-11.558101,3.0394042
729,-0.3589996099472046,1.2878965139389038,67.91470336914062,0.37613031820718523,-0.6339446420846375,-85.41545073346397,0.2603621,-7.4505672,5.2496705,-68.92099,22.842232,-22.850214,-16.73774,-1.8433373,-2.0900636,3.9735448,69.89213,4.9634404,122.62441,5.7004523,1.8541886,-2.5246353,-1.0314691,-0.7609362,1.5113066,6.7490144,10.848503,-9.578438,-2.6118338,0.647957,-2.9629304,-9.49121,10.947354,-11.557159,3.0384066
730,-0.35906296968460083,1.2890700101852417,67.91553497314453,0.3751798172255145,-0.6280940390607043,-85.41477038283267,0.26581472,-7.4495153,5.2520547,-68.91987,22.841888,-22.845373,-16.734882,-1.8345191,-2.0755153,3.9683166,69.89115,4.964755,122.62441,5.6955,1.8792479,-2.5243714,-1.0273565,-0.77038306,1.5124713,6.744846,10.848519,-9.57477,-2.6102586,0.6411535,-2.9615803,-9.495991,10.946636,-11.555318,3.0379858
731,-0.3603273034095764,1.288845419883728,67.91658020019531,0.3752769465160057,-0.6220116077991649,-85.41459270689326,0.26853943,-7.450989,5.2560973,-68.91705,22.840454,-22.843359,-16.734018,-1.8266431,-2.0608885,3.9597375,69.88925,4.9688306,122.62441,5.6949477,1.8993018,-2.5267766,-1.0229537,-0.7788434,1.5138403,6.740949,10.84885,-9.572454,-2.6096997,0.63496184,-2.9600992,-9.500644,10.946872,-11.555461,3.036573
732,-0.36110225319862366,1.2897971868515015,67.91719818115234,0.37467143269548175,-0.6170752860781573,-85.41466632477078,0.27097815,-7.452791,5.256696,-68.91655,22.839909,-22.834839,-16.734001,-1.8241585,-2.051758,3.9584486,69.88899,4.9691277,122.62441,5.6932273,1.9201242,-2.531901,-1.0187241,-0.7868945,1.5154762,6.737292,10.849136,-9.569445,-2.609036,0.6289428,-2.9583726,-9.50481,10.946828,-11.5542965,3.0353856
733,-0.36092862486839294,1.292088270187378,67.91801452636719,0.3727339065011883,-0.6135366771074717,-85.41657397305055,0.2770074,-7.458142,5.257333,-68.91603,22.838633,-22.826864,-16.736122,-1.8244352,-2.0484416,3.956963,69.88872,4.9686313,122.62441,5.6857133,1.9389427,-2.5417595,-1.01376,-0.7938598,1.5177943,6.734396,10.848815,-9.565564,-2.6081412,0.62341905,-2.9558241,-9.507807,10.946129,-11.551508,3.0345056
734,-0.3611193597316742,1.2937754392623901,67.91851806640625,0.3708261416575279,-0.6108904009582623,-85.41973643364857,0.2862557,-7.4668565,5.2582216,-68.915375,22.836262,-22.817734,-16.740036,-1.8282397,-2.0492277,3.9546878,69.88837,4.9670444,122.62441,5.6746507,1.9525352,-2.5542603,-1.0080553,-0.79944795,1.5207399,6.731942,10.848633,-9.562238,-2.6080105,0.6191223,-2.9527752,-9.510272,10.9454565,-11.549163,3.033166
735,-0.3612542450428009,1.2955073118209839,67.9188461303711,0.37048983441562217,-0.6084538824554713,-85.42151582330938,0.29917204,-7.479392,5.2608185,-68.913704,22.829567,-22.80999,-16.741602,-1.8346814,-2.0535052,3.9478064,69.88726,4.961533,122.62441,5.664444,1.9633486,-2.5674608,-1.003772,-0.8057333,1.5216813,6.7294197,10.849283,-9.5589695,-2.6075358,0.6152921,-2.95189,-9.51276,10.945092,-11.547317,3.0324414
736,-0.3626526892185211,1.296221137046814,67.91909790039062,0.37216923269483587,-0.6057584181605086,-85.41906558364198,0.315627,-7.492198,5.2641263,-68.91177,22.818274,-22.809929,-16.734081,-1.8368118,-2.058814,3.939177,69.88623,4.949197,122.62441,5.6575856,1.968036,-2.5736442,-1.0029446,-0.81017256,1.5207059,6.72607,10.848668,-9.556643,-2.6078763,0.6113592,-2.952836,-9.516115,10.94544,-11.546421,3.031487
737,-0.3653390109539032,1.297940731048584,67.9195785522461,0.3766482021120985,-0.602136415835934,-85.41060924132756,0.31645373,-7.4865623,5.2676573,-68.909584,22.813427,-22.816162,-16.729424,-1.8360956,-2.0581203,3.9307263,69.88565,4.936132,122.62441,5.671179,1.9782865,-2.5846999,-1.0071071,-0.8184725,1.5168856,6.72142,10.848811,-9.5523815,-2.6085842,0.6058461,-2.956678,-9.520672,10.94616,-11.545311,3.0303888
738,-0.3675469756126404,1.2994892597198486,67.92049407958984,0.3820558082629599,-0.5979052754543294,-85.39811402789893,0.3128333,-7.4736037,5.2707057,-68.90728,22.814741,-22.825575,-16.727627,-1.8350918,-2.0542607,3.9240174,69.8857,4.9247723,122.62441,5.699325,1.992442,-2.603113,-1.0147904,-0.8262501,1.5106362,6.716087,10.847934,-9.548508,-2.6086032,0.5993522,-2.9628634,-9.5259,10.946557,-11.543322,3.0304642
739,-0.36964014172554016,1.3000707626342773,67.92115020751953,0.3872944182447355,-0.5941850708231896,-85.38406300968576,0.3081239,-7.459008,5.273657,-68.904655,22.819757,-22.837599,-16.727186,-1.8324784,-2.0507424,3.9180653,69.88634,4.912366,122.62441,5.727779,2.0026746,-2.6180787,-1.0237241,-0.83326465,1.5043308,6.710491,10.847188,-9.545046,-2.60853,0.5947103,-2.969148,-9.531451,10.947967,-11.543641,3.0309775
740,-0.3735816180706024,1.3018198013305664,67.92145538330078,0.39411581759136377,-0.5922950129301684,-85.37102563392365,0.30690348,-7.4538646,5.275115,-68.90328,22.823145,-22.84475,-16.722582,-1.8313452,-2.052517,3.9152055,69.88682,4.905479,122.62441,5.750124,2.0074105,-2.6311877,-1.0316395,-0.83878547,1.4980614,6.7051597,10.846955,-9.541522,-2.609337,0.5909673,-2.9752984,-9.5366745,10.948753,-11.542719,3.0298626
741,-0.37622982263565063,1.3028849363327026,67.92160034179688,0.40105334900731354,-0.5933994855303802,-85.3577570353514,0.30572763,-7.444583,5.2802906,-68.89853,22.842924,-22.861198,-16.729876,-1.8242403,-2.0557685,3.9062438,69.88945,4.875393,122.62441,5.751447,1.9936926,-2.6103706,-1.0397885,-0.8400137,1.4902413,6.7002754,10.845948,-9.538533,-2.6080232,0.59166133,-2.98301,-9.541603,10.949456,-11.54292,3.0305014
742,-0.380304753780365,1.304509162902832,67.92178344726562,0.40957932362354627,-0.5966820595080362,-85.34357066400231,0.30638084,-7.44398,5.282198,-68.897095,22.849731,-22.868681,-16.719204,-1.8189316,-2.0694582,3.9032092,69.89061,4.866411,122.62441,5.758453,1.975608,-2.604271,-1.0486978,-0.8397258,1.4818071,6.695517,10.84625,-9.53605,-2.607048,0.5943327,-2.9913247,-9.546428,10.949958,-11.542925,3.030243
743,-0.3841211199760437,1.3074681758880615,67.9216079711914,0.4170321352771393,-0.5996019145575837,-85.33178538817393,0.30846816,-7.444847,5.2840576,-68.895966,22.856756,-22.876026,-16.710491,-1.8128115,-2.0813165,3.9003003,69.891754,4.8566437,122.62441,5.7595863,1.9580293,-2.5939987,-1.0551715,-0.8409292,1.4746685,6.690715,10.845657,-9.53148,-2.6060777,0.59557575,-2.9982662,-9.551114,10.949987,-11.54142,3.0296323
744,-0.3856939673423767,1.3099361658096313,67.92171478271484,0.41998513502477214,-0.5995739882723492,-85.32526991815683,0.31579763,-7.4504347,5.288708,-68.893135,22.87031,-22.885324,-16.714798,-1.8086323,-2.083012,3.8925147,69.89495,4.8337173,122.62441,5.745433,1.9490215,-2.5750525,-1.056286,-0.84513354,1.4715002,6.6856713,10.845252,-9.527049,-2.6050642,0.59398776,-3.0012279,-9.555864,10.950345,-11.540152,3.0296512
745,-0.3851875066757202,1.3110466003417969,67.92217254638672,0.4199199518639853,-0.5951401260809738,-85.3272118952306,0.32239962,-7.4565463,5.2900853,-68.892204,22.8718,-22.886412,-16.719906,-1.8084792,-2.077193,3.8896654,69.89587,4.8270655,122.62441,5.721654,1.9614313,-2.5774922,-1.0485016,-0.8530291,1.4713378,6.680091,10.845383,-9.523862,-2.6045363,0.58913004,-3.0011344,-9.560872,10.950308,-11.539458,3.0303063
746,-0.38261979818344116,1.3125624656677246,67.92332458496094,0.41405059977735104,-0.5877431742615051,-85.33508467086652,0.34558368,-7.4786196,5.2916756,-68.89093,22.869713,-22.886457,-16.729027,-1.8088428,-2.0647678,3.8855174,69.89661,4.8140125,122.62441,5.676956,1.9863062,-2.578097,-1.034405,-0.86467594,1.4768696,6.6739564,10.845088,-9.519379,-2.6042995,0.5803451,-2.9952364,-9.566042,10.949165,-11.536574,3.03096
747,-0.38151973485946655,1.313153624534607,67.92440795898438,0.40970407189951735,-0.5799751792026463,-85.3440710578136,0.36161986,-7.495439,5.2945213,-68.88856,22.860382,-22.886055,-16.73199,-1.8103212,-2.054689,3.8768938,69.89713,4.7960563,122.62441,5.637949,2.0087767,-2.5724,-1.0196368,-0.8765993,1.4824872,6.6681867,10.845525,-9.5156,-2.6055949,0.5725975,-2.989262,-9.571001,10.948287,-11.53561,3.0302582
748,-0.38132041692733765,1.3138946294784546,67.92543029785156,0.40755019362622197,-0.5741564315065009,-85.34947383783908,0.36707485,-7.5028753,5.2956896,-68.88765,22.856354,-22.886108,-16.731503,-1.8109416,-2.0473294,3.8729906,69.89723,4.7905064,122.62441,5.635176,2.0234556,-2.569568,-1.0097089,-0.8842728,1.4855455,6.6636767,10.845108,-9.513324,-2.6066613,0.5653291,-2.9859369,-9.575145,10.948242,-11.534023,3.0292084
749,-0.3817177414894104,1.3156436681747437,67.92621612548828,0.4097343675560923,-0.5712648652077792,-85.34909300943687,0.3629617,-7.5044804,5.297615,-68.88636,22.852661,-22.891186,-16.719597,-1.8096135,-2.0469396,3.8667266,69.897606,4.782512,122.62441,5.678271,2.0193644,-2.548255,-1.0071104,-0.890641,1.4831921,6.6606226,10.845397,-9.510361,-2.606141,0.5607604,-2.9882913,-9.578429,10.947925,-11.531806,3.0285733
750,-0.38309288024902344,1.3176050186157227,67.9264144897461,0.4116998039322239,-0.5696852728468516,-85.3461486996842,0.3519935,-7.4996495,5.298996,-68.88562,22.854221,-22.896402,-16.704916,-1.8092148,-2.0483067,3.8624969,69.898125,4.7799015,122.62441,5.7578287,2.0071313,-2.5217562,-1.008486,-0.8960302,1.4816526,6.6586733,10.845498,-9.506764,-2.6062179,0.55642635,-2.990069,-9.580883,10.949469,-11.530472,3.0266986
751,-0.383645236492157,1.3190444707870483,67.927001953125,0.41594396315659277,-0.5687922869718153,-85.34248264503564,0.33197448,-7.4899297,5.301731,-68.884254,22.862303,-22.904743,-16.697287,-1.8081934,-2.0485487,3.8543549,69.9003,4.778871,122.62441,5.8405547,1.9874144,-2.4935837,-1.0108876,-0.8992519,1.4764395,6.6573067,10.845265,-9.504573,-2.6049702,0.5535128,-2.9955354,-9.583053,10.950046,-11.528723,3.0264277
752,-0.3855530619621277,1.3231228590011597,67.92747497558594,0.41785169917748777,-0.5672982562866083,-85.3402729289401,0.32103723,-7.485456,5.3029523,-68.883644,22.866505,-22.909037,-16.693274,-1.8072705,-2.0503166,3.850702,69.90149,4.778445,122.62441,5.893526,1.9772797,-2.4815178,-1.0114781,-0.9059331,1.4754871,6.655599,10.844255,-9.498567,-2.6056356,0.5475423,-2.9965131,-9.585084,10.950086,-11.524408,3.024159
753,-0.3858470916748047,1.3250503540039062,67.9281005859375,0.4186864621083183,-0.5649778537684312,-85.34058324029168,0.3110694,-7.484575,5.303933,-68.8831,22.869371,-22.911331,-16.702744,-1.8057045,-2.0505147,3.847719,69.90248,4.7772527,122.62441,5.9051642,1.9731553,-2.4860103,-1.0088501,-0.91127014,1.4747847,6.6537485,10.844489,-9.496225,-2.6059775,0.54299396,-2.997244,-9.587235,10.950543,-11.522689,3.0240755
754,-0.38575971126556396,1.3271350860595703,67.9284896850586,0.4183768565208976,-0.5622887777155073,-85.34213858697474,0.30301684,-7.4869523,5.305406,-68.88207,22.872187,-22.91312,-16.720907,-1.8038973,-2.0505645,3.8431747,69.9038,4.773541,122.62441,5.890004,1.9695446,-2.4990108,-1.0047967,-0.91718894,1.4752998,6.6519775,10.844905,-9.493934,-2.6065805,0.5384681,-2.9966388,-9.589219,10.949388,-11.519846,3.024431
755,-0.387541800737381,1.3305872678756714,67.9285659790039,0.41805281063168676,-0.5598919782998476,-85.34351619375542,0.2989912,-7.4893208,5.306087,-68.88158,22.872301,-22.914053,-16.735222,-1.801749,-2.0538027,3.8410928,69.904274,4.770572,122.62441,5.8679113,1.968097,-2.515047,-1.0010487,-0.9248777,1.477722,6.650128,10.844801,-9.48883,-2.6089444,0.53254086,-2.9941854,-9.5909605,10.949455,-11.516874,3.022717
756,-0.38691404461860657,1.3311859369277954,67.92903137207031,0.41890283689841434,-0.5584963377907187,-85.34340405593618,0.2953108,-7.4910703,5.3064213,-68.88138,22.872387,-22.916573,-16.738878,-1.7995992,-2.0612085,3.8401217,69.90445,4.7684,122.62441,5.855846,1.9655654,-2.5236125,-0.9993966,-0.927421,1.4759871,6.6487017,10.845817,-9.489168,-2.6088276,0.5303201,-2.9959178,-9.592418,10.949454,-11.51595,3.0239098
757,-0.3879379332065582,1.3324007987976074,67.928955078125,0.4225223757024527,-0.5590066565041737,-85.33999562834724,0.28492153,-7.4938183,5.307449,-68.88107,22.874378,-22.924662,-16.727316,-1.7955204,-2.0782864,3.8374913,69.90502,4.7613654,122.62441,5.851176,1.9541416,-2.5169585,-1.0017695,-0.9288688,1.4720364,6.647275,10.844642,-9.486307,-2.6094162,0.52952504,-2.9999318,-9.593608,10.950114,-11.515248,3.023738
758,-0.39133420586586,1.3344202041625977,67.92861938476562,0.4273104824815813,-0.5609057519401671,-85.33459208351732,0.27701768,-7.4943223,5.308707,-68.88127,22.878328,-22.934855,-16.706177,-1.791737,-2.100872,3.8347173,69.90605,4.754196,122.62441,5.852705,1.9404174,-2.5036297,-1.0067801,-0.92886734,1.4685614,6.645892,10.844346,-9.484097,-2.6119115,0.5285167,-3.0034113,-9.594379,10.951127,-11.513584,3.0211167
759,-0.3939569592475891,1.3362042903900146,67.92881774902344,0.4312067045890256,-0.5623266519627339,-85.32993651386536,0.26994014,-7.495426,5.3093576,-68.88165,22.882053,-22.94454,-16.685137,-1.7882872,-2.120887,3.8334985,69.90678,4.7492914,122.62441,5.856129,1.9276334,-2.4887118,-1.0112062,-0.92934,1.4655033,6.644739,10.843483,-9.481251,-2.613618,0.52880883,-3.0061781,-9.594965,10.951176,-11.51265,3.0189116
760,-0.39428505301475525,1.3376884460449219,67.92930603027344,0.4341539001950839,-0.5615062518855333,-85.32917377942697,0.26131108,-7.499584,5.3099623,-68.88208,22.885479,-22.95098,-16.673914,-1.7861102,-2.130076,3.8323493,69.90767,4.7439847,122.62441,5.857925,1.9208755,-2.4771614,-1.0119351,-0.9318734,1.4619688,6.6443524,10.842925,-9.478939,-2.6128705,0.52540946,-3.0097764,-9.594812,10.95271,-11.511491,3.018717
761,-0.3948115408420563,1.3403966426849365,67.93045043945312,0.43350038785103817,-0.5569624726956406,-85.33449588236816,0.25547057,-7.512099,5.3117127,-68.88268,22.88919,-22.95395,-16.678654,-1.7864715,-2.1210625,3.8278806,69.91107,4.731706,122.62441,5.8580275,1.9221991,-2.4586465,-1.0066174,-0.9402407,1.4639887,6.644644,10.842654,-9.474328,-2.612298,0.5172983,-3.0075366,-9.5938015,10.951113,-11.506571,3.0168352
762,-0.39334627985954285,1.34139883518219,67.93193817138672,0.42992235060208617,-0.5498679075044101,-85.34407785180672,0.2544743,-7.519653,5.3119464,-68.88246,22.887974,-22.952047,-16.6879,-1.7879946,-2.105094,3.8266633,69.91177,4.730964,122.62441,5.8624396,1.9320918,-2.4537175,-0.9972605,-0.9492255,1.4682328,6.6456285,10.842412,-9.4714985,-2.6102242,0.5077173,-3.0030549,-9.592124,10.95059,-11.503637,3.0161672
763,-0.3924816846847534,1.3420865535736084,67.93310546875,0.42751791401625505,-0.5429176556889164,-85.3537146114783,0.25180775,-7.5417705,5.312244,-68.881645,22.883463,-22.951473,-16.697893,-1.7881829,-2.0862958,3.8245857,69.91285,4.729425,122.62441,5.865351,1.9411356,-2.449152,-0.98788875,-0.9590287,1.4719539,6.646785,10.842999,-9.468556,-2.6084714,0.4990903,-2.999226,-9.590433,10.949608,-11.501179,3.0152183
764,-0.39216348528862,1.3437665700912476,67.93396759033203,0.426450810136138,-0.538531202985847,-85.35961559187982,0.24896726,-7.5523567,5.312615,-68.88057,22.87964,-22.951145,-16.703917,-1.7888051,-2.075649,3.822437,69.91396,4.727431,122.62441,5.862443,1.9450152,-2.4521441,-0.98227334,-0.96566296,1.4737628,6.6477494,10.843097,-9.466061,-2.6071424,0.49161923,-2.9974008,-9.589389,10.949483,-11.49814,3.014299
765,-0.3929438889026642,1.3441745042800903,67.93440246582031,0.42866096260007686,-0.5383053980095184,-85.35960543975028,0.24361779,-7.5541086,5.3132625,-68.87947,22.878752,-22.951607,-16.70857,-1.790664,-2.073256,3.8206124,69.91532,4.7230053,122.62441,5.848863,1.9424464,-2.4653854,-0.9824649,-0.9672128,1.4720209,6.6484547,10.843575,-9.465358,-2.606779,0.49046743,-2.999408,-9.589553,10.950395,-11.498283,3.0137312
766,-0.3945511281490326,1.3476617336273193,67.93397521972656,0.43236875346498016,-0.5405855638790786,-85.35613093291737,0.23755236,-7.5508904,5.3141117,-68.87862,22.881063,-22.952066,-16.714731,-1.7938778,-2.0740697,3.8196592,69.91668,4.716807,122.62441,5.8290253,1.935226,-2.4853015,-0.9860978,-0.96791995,1.4684483,6.6490507,10.842833,-9.462108,-2.6065354,0.48876062,-3.0032887,-9.590247,10.950632,-11.494755,3.0126882
767,-0.3973497152328491,1.3499736785888672,67.93386840820312,0.43702167267796416,-0.5430975530624157,-85.35208629392477,0.23164454,-7.5464015,5.3150783,-68.87799,22.885496,-22.953594,-16.719675,-1.7960517,-2.076633,3.8193617,69.91805,4.709955,122.62441,5.8070207,1.9270037,-2.5061786,-0.99045014,-0.9683721,1.4650753,6.6495214,10.843366,-9.4600935,-2.6077597,0.48910427,-3.0069504,-9.591029,10.95185,-11.494204,3.0108006
768,-0.4003824293613434,1.3534824848175049,67.93379974365234,0.44000175265294383,-0.5434835641865325,-85.35015840729025,0.22825621,-7.5455146,5.3163195,-68.87739,22.894272,-22.957933,-16.72303,-1.7953821,-2.0788572,3.8196042,69.91984,4.69987,122.62441,5.789453,1.9186673,-2.5182507,-0.99282527,-0.9721863,1.4641126,6.649669,10.843682,-9.456326,-2.6097512,0.4849435,-3.008135,-9.591191,10.952396,-11.490668,3.0079591
769,-0.4013102650642395,1.3539575338363647,67.93417358398438,0.44226069359567405,-0.5409782316084794,-85.35072967824259,0.22946331,-7.5490313,5.317108,-68.87714,22.901052,-22.964113,-16.714632,-1.7904153,-2.0852282,3.8201437,69.92115,4.694005,122.62441,5.7801337,1.9089603,-2.5263772,-0.9926737,-0.9754929,1.4622917,6.6493254,10.842674,-9.454553,-2.610811,0.48125082,-3.0098598,-9.590958,10.952022,-11.489162,3.0073326
770,-0.4022079110145569,1.3550199270248413,67.934814453125,0.44389398705287897,-0.53679299158767,-85.35255387209496,0.23510401,-7.5614314,5.3191304,-68.87659,22.922203,-22.975824,-16.712547,-1.7815869,-2.088679,3.8231845,69.92581,4.6800714,122.62441,5.772762,1.9013361,-2.5226586,-0.99136573,-0.98148096,1.4613217,6.6485305,10.842708,-9.452653,-2.6123168,0.47498846,-3.0106356,-9.590343,10.9521265,-11.487213,3.006449
771,-0.4035451114177704,1.3559010028839111,67.93521881103516,0.4443987217705284,-0.531791568721764,-85.35564087198763,0.24228257,-7.5720806,5.3197536,-68.87659,22.931309,-22.98591,-16.698492,-1.7714455,-2.0959628,3.8251884,69.92808,4.676198,122.62441,5.7712936,1.8907913,-2.5260708,-0.9891735,-0.98726314,1.4622253,6.6480346,10.842262,-9.451108,-2.6146739,0.4678785,-3.009348,-9.589261,10.951089,-11.484258,3.0047014
772,-0.4037666618824005,1.356846809387207,67.93611907958984,0.4451487136391108,-0.526988142983964,-85.35997673533932,0.25170854,-7.5821557,5.320287,-68.87665,22.944422,-22.99396,-16.69214,-1.7636635,-2.096309,3.8286994,69.93151,4.671917,122.62441,5.771403,1.8821765,-2.5307379,-0.9863968,-0.9943082,1.46214,6.648636,10.8415165,-9.447902,-2.6155841,0.46067947,-3.0093954,-9.587457,10.951441,-11.482367,3.0039976
773,-0.40340864658355713,1.3577241897583008,67.93719482421875,0.44486876454870994,-0.5218991096105356,-85.3662695263515,0.2590675,-7.586821,5.320395,-68.87663,22.947948,-22.99755,-16.685667,-1.7591552,-2.0917077,3.8296788,69.932335,4.67095,122.62441,5.7735023,1.8718387,-2.5393317,-0.98245203,-1.0004927,1.4629292,6.650571,10.840748,-9.44574,-2.6157289,0.45273095,-3.008556,-9.584838,10.951514,-11.4798975,3.0033243
774,-0.4034048020839691,1.3581316471099854,67.93797302246094,0.44378082904741817,-0.5164317100235568,-85.37441848582824,0.27961668,-7.5980463,5.32064,-68.8764,22.956196,-23.003555,-16.685297,-1.752385,-2.078188,3.8321717,69.93426,4.6696935,122.62441,5.778293,1.8605179,-2.550091,-0.9774698,-1.0071712,1.4654813,6.65352,10.841094,-9.444393,-2.6163251,0.4443648,-3.00609,-9.581353,10.952037,-11.478112,3.0018559
775,-0.40142858028411865,1.3580851554870605,67.93887329101562,0.44271997986969963,-0.5113180470341461,-85.38275241366358,0.29213026,-7.6039896,5.3208656,-68.87589,22.96484,-23.006796,-16.686255,-1.7487634,-2.0659738,3.8353193,69.936485,4.668513,122.62441,5.7848954,1.8522866,-2.558341,-0.97261107,-1.0122488,1.4659852,6.657103,10.8414955,-9.444601,-2.6150155,0.43747148,-3.0056481,-9.577595,10.952667,-11.47723,3.0025513
776,-0.4020377993583679,1.3587020635604858,67.93933868408203,0.44367916521824186,-0.5077980736376795,-85.38959275382874,0.30730233,-7.6108403,5.321127,-68.87464,22.986425,-23.012358,-16.700693,-1.7453834,-2.0534008,3.841373,69.94062,4.666429,122.62441,5.792261,1.849089,-2.5622966,-0.9691563,-1.0158675,1.4664861,6.660697,10.841016,-9.443755,-2.6159935,0.4316871,-3.005181,-9.574,10.952487,-11.475355,3.001213
777,-0.40227431058883667,1.3595637083053589,67.93975830078125,0.4432750131389694,-0.5062487829355488,-85.39460776731416,0.29336998,-7.6030016,5.320827,-68.87321,23.000319,-23.013744,-16.704082,-1.745512,-2.0537326,3.8490176,69.945244,4.6634216,122.62441,5.800281,1.849836,-2.5597973,-0.96758246,-1.0181983,1.4679831,6.6644526,10.841135,-9.443035,-2.6173825,0.42779443,-3.003883,-9.570562,10.9524555,-11.473367,3.000307
778,-0.4047779440879822,1.3611770868301392,67.9393081665039,0.4450251866171388,-0.5063693039358664,-85.3985743594534,0.25962064,-7.5843825,5.320432,-68.87268,23.008179,-23.013521,-16.702776,-1.7473016,-2.0605102,3.8533034,69.94763,4.6605024,122.62441,5.808055,1.8520495,-2.5528696,-0.9671161,-1.0187657,1.4690572,6.668493,10.84088,-9.44204,-2.6207469,0.42555684,-3.0029466,-9.567167,10.952456,-11.471682,2.9977489
779,-0.40622180700302124,1.363307237625122,67.93917083740234,0.4455872861682162,-0.5067381736981277,-85.40208728327495,0.24347688,-7.575133,5.320033,-68.872536,23.010813,-23.013935,-16.696259,-1.7480618,-2.0701454,3.8562055,69.949036,4.6592135,122.62441,5.810699,1.8524786,-2.5467145,-0.96727926,-1.0201937,1.4703869,6.6726384,10.840715,-9.440125,-2.62319,0.42288136,-3.0018463,-9.563596,10.952026,-11.468682,2.9959316
780,-0.4065338373184204,1.3631291389465332,67.9395751953125,0.44761512156687544,-0.5064050150713026,-85.40525571776246,0.205937,-7.5514636,5.3187017,-68.87246,23.017128,-23.012259,-16.696114,-1.750425,-2.0788693,3.8628602,69.9521,4.65359,122.62441,5.807559,1.8591443,-2.5377648,-0.9678182,-1.019258,1.4688486,6.676832,10.841311,-9.442136,-2.6241035,0.4214785,-3.0036216,-9.559998,10.952075,-11.467883,2.995707
781,-0.40647727251052856,1.3629339933395386,67.9397201538086,0.44743076051791353,-0.5045819659969777,-85.40791631414956,0.20436616,-7.5473766,5.317918,-68.872536,23.018415,-23.013489,-16.697165,-1.7495,-2.0864782,3.8658037,69.953316,4.652169,122.62441,5.789369,1.8614403,-2.5341492,-0.9692041,-1.0211647,1.469609,6.680974,10.841237,-9.441912,-2.624579,0.41845348,-3.0031152,-9.556011,10.952254,-11.4670725,2.994987
782,-0.4075576066970825,1.3628344535827637,67.94010162353516,0.4475435040630483,-0.5020562390190729,-85.40989405873395,0.20972584,-7.538154,5.3152685,-68.87279,23.020237,-23.012682,-16.70241,-1.7481128,-2.0952835,3.8730817,69.95559,4.6458755,122.62441,5.7590885,1.8696705,-2.527369,-0.97150034,-1.0222064,1.4708682,6.685195,10.841695,-9.44364,-2.6256866,0.41412207,-3.001836,-9.551757,10.952589,-11.465989,2.992914
783,-0.4075026214122772,1.3618055582046509,67.94051361083984,0.4477068213951522,-0.4996258531103226,-85.41229282283281,0.21430603,-7.536252,5.3148813,-68.87288,23.020273,-23.014791,-16.705482,-1.7471424,-2.1021123,3.8739,69.9558,4.6452866,122.62441,5.7342625,1.8731754,-2.5244946,-0.9731975,-1.0239524,1.4712178,6.6891255,10.841058,-9.443538,-2.6257682,0.41145268,-3.001651,-9.547769,10.952609,-11.465944,2.9920692
784,-0.4071122407913208,1.3607896566390991,67.9407730102539,0.4476138590829326,-0.4979337842455904,-85.41625462562017,0.21924572,-7.5319858,5.3144484,-68.87299,23.020561,-23.018803,-16.703445,-1.7460183,-2.1070197,3.8746364,69.95592,4.644407,122.62441,5.721666,1.8762475,-2.5229552,-0.9729444,-1.0244066,1.4716011,6.6925592,10.841603,-9.44518,-2.6259084,0.40887356,-3.0015078,-9.544217,10.953352,-11.465925,2.9914799
785,-0.40771976113319397,1.3613115549087524,67.94083404541016,0.4489066051867885,-0.49748891220525543,-85.4225228996066,0.22166987,-7.5234156,5.3124404,-68.87378,23.023344,-23.025215,-16.690098,-1.7442393,-2.1086419,3.8777134,69.955956,4.641658,122.62441,5.7368274,1.8804278,-2.522786,-0.96948147,-1.0249201,1.471465,6.6948514,10.841041,-9.444398,-2.627047,0.407157,-3.0016975,-9.541625,10.95396,-11.465529,2.9899251
786,-0.40846002101898193,1.3617485761642456,67.940673828125,0.44996692981466857,-0.49768932593929105,-85.43060491054297,0.2210308,-7.506626,5.3114057,-68.874535,23.028755,-23.033371,-16.671316,-1.7428957,-2.1066122,3.8791847,69.95589,4.639393,122.62441,5.771902,1.8849276,-2.5233133,-0.9638343,-1.0240102,1.4718071,6.6964936,10.841499,-9.445375,-2.628778,0.40609917,-3.0013306,-9.539587,10.953873,-11.464476,2.9880476
787,-0.40858960151672363,1.3630363941192627,67.94058227539062,0.45106879373221925,-0.498002955798927,-85.43871187441033,0.21726967,-7.4910626,5.3105373,-68.875336,23.034395,-23.041761,-16.656816,-1.7428707,-2.1024716,3.8802042,69.955765,4.637897,122.62441,5.804848,1.8894774,-2.5240204,-0.9580407,-1.0245726,1.4715451,6.6981215,10.841252,-9.444084,-2.6295927,0.40537384,-3.001528,-9.537639,10.953645,-11.463422,2.9868195
788,-0.4068498909473419,1.3622320890426636,67.94075012207031,0.4506275413558852,-0.4976270885650519,-85.44507904890169,0.211988,-7.4791594,5.3094153,-68.87621,23.04158,-23.04582,-16.658634,-1.74591,-2.0964592,3.8809695,69.955475,4.6357875,122.62441,5.81551,1.8961112,-2.5214667,-0.95427865,-1.0236093,1.4711794,6.700478,10.841496,-9.445513,-2.6286085,0.404138,-3.0022101,-9.535249,10.954691,-11.46351,2.987735
789,-0.4075910449028015,1.3625874519348145,67.94082641601562,0.45003545755405167,-0.49623400619023855,-85.44914135794939,0.20488565,-7.475849,5.307375,-68.87669,23.045992,-23.042875,-16.682898,-1.7541912,-2.089786,3.8812065,69.95455,4.631439,122.62441,5.787537,1.9067221,-2.5106297,-0.9532638,-1.0243716,1.4733117,6.703769,10.841136,-9.445127,-2.6288545,0.40170142,-3.000067,-9.532341,10.954435,-11.462599,2.9862955
790,-0.40838709473609924,1.3626165390014648,67.94103240966797,0.44896518986502626,-0.4944065223143279,-85.45183669549374,0.20076957,-7.477339,5.306846,-68.876595,23.044508,-23.039,-16.716902,-1.763084,-2.082778,3.8810558,69.95434,4.630541,122.62441,5.741125,1.9178811,-2.4982684,-0.9537258,-1.0262821,1.4761555,6.707535,10.840908,-9.443979,-2.6286197,0.39891174,-2.997381,-9.529251,10.953822,-11.46145,2.9850218
791,-0.41032567620277405,1.3625155687332153,67.94086456298828,0.44780037837929376,-0.4922568643029331,-85.45403275344562,0.19037409,-7.48132,5.305007,-68.87572,23.039444,-23.031427,-16.752565,-1.7748623,-2.078414,3.8800259,69.95302,4.623738,122.62441,5.6845026,1.9310997,-2.4828527,-0.95499176,-1.0274897,1.4801489,6.711641,10.840921,-9.443969,-2.6296296,0.39571556,-2.993417,-9.525772,10.953379,-11.460605,2.9825718
792,-0.40969759225845337,1.361121654510498,67.94145965576172,0.4469274696123175,-0.4906104256515363,-85.45626603897381,0.18731724,-7.480258,5.300662,-68.8736,23.031658,-23.028944,-16.767618,-1.7782024,-2.0790074,3.8768215,69.949326,4.6097326,122.62441,5.648976,1.9430867,-2.4738188,-0.9564309,-1.0273888,1.4811907,6.7157803,10.84059,-9.444933,-2.6289551,0.39409187,-2.9925425,-9.521922,10.953728,-11.461184,2.9828396
793,-0.40981006622314453,1.359187126159668,67.94197082519531,0.44703966556497865,-0.48929740389450577,-85.45896351064084,0.18988214,-7.475954,5.299348,-68.87308,23.031149,-23.03481,-16.761534,-1.7753434,-2.0758924,3.875613,69.94822,4.605547,122.62441,5.6560955,1.9559753,-2.4892597,-0.9580398,-1.0261784,1.4817812,6.7200894,10.840532,-9.4471855,-2.6301413,0.39348257,-2.991956,-9.517171,10.954119,-11.462661,2.9822533
794,-0.411978542804718,1.3574554920196533,67.9418716430664,0.44748340058382713,-0.48814335409959336,-85.46170161993619,0.19789933,-7.4647536,5.297311,-68.872475,23.032587,-23.046259,-16.740507,-1.7653502,-2.0720425,3.8735743,69.94656,4.598795,122.62441,5.6832075,1.9706194,-2.5155606,-0.96023405,-1.0242542,1.4839224,6.7246437,10.841038,-9.450529,-2.6340637,0.391617,-2.9897676,-9.511561,10.955003,-11.463622,2.9793506
795,-0.4118894636631012,1.3586286306381226,67.9422607421875,0.449764128781619,-0.4873501907947071,-85.4641149958907,0.21425305,-7.4457407,5.2912383,-68.871376,23.040049,-23.056664,-16.725311,-1.7538401,-2.0716476,3.8673208,69.94193,4.5848036,122.62441,5.707979,1.9817274,-2.5358446,-0.9623789,-1.0258783,1.4814782,6.728968,10.840953,-9.449825,-2.6348236,0.38792235,-2.992368,-9.506136,10.955785,-11.461828,2.979038
796,-0.41207846999168396,1.35977303981781,67.94200897216797,0.4494540756454615,-0.48711772210305354,-85.46618635598432,0.21994203,-7.4422035,5.290061,-68.87132,23.042002,-23.063473,-16.724487,-1.7529336,-2.0786412,3.8659108,69.94111,4.5816894,122.62441,5.726309,1.993535,-2.5541418,-0.9638579,-1.025912,1.4821931,6.7323403,10.840318,-9.449386,-2.6359956,0.38568208,-2.991559,-9.502225,10.955411,-11.459766,2.978025
797,-0.4132676422595978,1.360496163368225,67.94197845458984,0.44984284074896563,-0.48768935723458845,-85.46751447998152,0.2371765,-7.4385066,5.2876678,-68.871254,23.047594,-23.06285,-16.759857,-1.7626275,-2.0999906,3.8628035,69.93951,4.5734124,122.62441,5.723051,2.0074213,-2.5562725,-0.9648932,-1.0257432,1.4832472,6.7350082,10.840974,-9.449436,-2.6373057,0.3848708,-2.99069,-9.500041,10.955854,-11.459155,2.976549
798,-0.4133095443248749,1.360144853591919,67.94184112548828,0.45050770942838786,-0.488898492675135,-85.46821776784877,0.25050977,-7.443359,5.281993,-68.87113,23.060616,-23.05408,-16.822073,-1.7812502,-2.1302655,3.8548176,69.93586,4.5567245,122.62441,5.7015653,2.0176907,-2.5417097,-0.96577036,-1.0238549,1.4828421,6.7372165,10.840982,-9.450021,-2.6371531,0.38603136,-2.9914687,-9.499053,10.955775,-11.45902,2.9767332
799,-0.4136742055416107,1.3597242832183838,67.94158172607422,0.45012245963588426,-0.4901294494243315,-85.46886878636815,0.26250723,-7.4500003,5.2748218,-68.87116,23.073864,-23.044802,-16.880394,-1.799904,-2.1593325,3.8445241,69.9319,4.543586,122.62441,5.6787105,2.0235305,-2.5267885,-0.9658965,-1.0221831,1.4839747,6.738466,10.840964,-9.45025,-2.637511,0.38848346,-2.9904554,-9.498997,10.954883,-11.459379,2.9763355
800,-0.41527336835861206,1.3602633476257324,67.94120025634766,0.45041811668744225,-0.4911263845862036,-85.47012059958519,0.2696248,-7.453651,5.271811,-68.871346,23.077696,-23.047815,-16.902771,-1.8093926,-2.1750169,3.840212,69.93036,4.5396504,122.62441,5.673854,2.0329401,-2.5218549,-0.96487176,-1.0211226,1.4854366,6.7385807,10.840619,-9.4497175,-2.6390767,0.38831633,-2.9891362,-9.499126,10.955408,-11.45897,2.9745145
801,-0.41525357961654663,1.361281394958496,67.9413070678711,0.4500014150151179,-0.49157536376861505,-85.47235863282688,0.27840564,-7.457067,5.267232,-68.87166,23.085543,-23.054697,-16.887098,-1.8108267,-2.169794,3.8343904,69.92843,4.53304,122.62441,5.6744857,2.0353854,-2.5165136,-0.9619107,-1.0216497,1.4860852,6.7368865,10.840803,-9.448882,-2.6394641,0.38806295,-2.9883626,-9.4998455,10.955766,-11.458602,2.973816
802,-0.41543805599212646,1.3599653244018555,67.94120025634766,0.4492813195904272,-0.4917318574472326,-85.47505827084346,0.2818003,-7.458696,5.2650166,-68.87171,23.088814,-23.068615,-16.843956,-1.8085148,-2.1532803,3.8319664,69.9276,4.531076,122.62441,5.686884,2.0388994,-2.5150225,-0.95753676,-1.0205302,1.4874539,6.733687,10.840679,-9.449641,-2.6407435,0.39081654,-2.9866192,-9.501442,10.955336,-11.460756,2.9728746
803,-0.4155164957046509,1.3603343963623047,67.9412612915039,0.449413636860375,-0.4919876606345415,-85.47744267734117,0.28912604,-7.462867,5.2569523,-68.87262,23.100006,-23.083336,-16.794498,-1.7987192,-2.128785,3.8244758,69.92511,4.523321,122.62441,5.6950803,2.0362341,-2.5083606,-0.95320964,-1.0207554,1.4875066,6.7302337,10.840968,-9.449476,-2.6414626,0.39056113,-2.986428,-9.503103,10.956157,-11.460998,2.9721868
804,-0.4156114459037781,1.3608322143554688,67.94091796875,0.44853843078050165,-0.4927960675270636,-85.47863118407582,0.2901671,-7.4654136,5.2493687,-68.873795,23.109724,-23.092514,-16.76088,-1.797414,-2.112093,3.8183193,69.92307,4.5188,122.62441,5.7027287,2.0357714,-2.5052493,-0.950234,-1.0209484,1.4887038,6.727522,10.840688,-9.448238,-2.6423748,0.3910591,-2.9851785,-9.504726,10.956335,-11.460812,2.9716096
805,-0.41641321778297424,1.361034870147705,67.94083404541016,0.44964480026332837,-0.49456181064634436,-85.47793636987048,0.286395,-7.4681506,5.244152,-68.87485,23.117489,-23.10268,-16.746517,-1.8017644,-2.1026597,3.8143566,69.92165,4.5161047,122.62441,5.7123327,2.0397162,-2.5060623,-0.9499006,-1.0184981,1.4879799,6.7266984,10.839768,-9.4481325,-2.643637,0.39386335,-2.9856853,-9.505873,10.955956,-11.461509,2.9713643
806,-0.4184448719024658,1.3629306554794312,67.94091796875,0.4497023587278503,-0.496826341334407,-85.4760842577539,0.28022444,-7.4698277,5.239649,-68.875916,23.123114,-23.115166,-16.74003,-1.8088888,-2.0961123,3.8110073,69.92032,4.5143657,122.62441,5.724483,2.0470657,-2.509237,-0.9510851,-1.018327,1.4896423,6.726655,10.840033,-9.446329,-2.6461954,0.39491796,-2.9840019,-9.506727,10.955336,-11.459953,2.9697132
807,-0.4187906086444855,1.3626859188079834,67.94053649902344,0.4509688925629806,-0.499292833837478,-85.47373554242017,0.27599362,-7.4718413,5.236946,-68.876686,23.127163,-23.126768,-16.734325,-1.8146759,-2.0919406,3.809041,69.91946,4.5131106,122.62441,5.73169,2.0525777,-2.5121715,-0.9521264,-1.0152105,1.488175,6.7263136,10.839682,-9.446894,-2.6468852,0.3986357,-2.9855173,-9.508158,10.95518,-11.460968,2.9705698
808,-0.4190816879272461,1.3624999523162842,67.94033813476562,0.4517027957935755,-0.501554533095156,-85.47163970968766,0.27022442,-7.4790473,5.2333446,-68.87784,23.134613,-23.137028,-16.724901,-1.81514,-2.0857873,3.8065996,69.91837,4.510729,122.62441,5.729845,2.057312,-2.5121105,-0.95127404,-1.0135726,1.4874103,6.7240305,10.84024,-9.44702,-2.6470454,0.40194738,-2.9863894,-9.510937,10.955087,-11.461816,2.9712644
809,-0.42015668749809265,1.3627734184265137,67.93993377685547,0.4501960493829359,-0.5034138690648536,-85.4701853171989,0.27051502,-7.4870505,5.2314262,-68.87845,23.138468,-23.146622,-16.703077,-1.8068118,-2.080897,3.8054144,69.91793,4.5092525,122.62441,5.714712,2.0618348,-2.5084999,-0.9471827,-1.0133353,1.4901084,6.7186317,10.84057,-9.445678,-2.6476831,0.40551785,-2.983384,-9.515784,10.955113,-11.463645,2.970415
810,-0.4199891686439514,1.363347053527832,67.94005584716797,0.45021801829689845,-0.5052713259663569,-85.46876656494072,0.27530745,-7.5067387,5.2239604,-68.880905,23.147213,-23.155645,-16.674421,-1.7857348,-2.0734587,3.8012578,69.91658,4.502383,122.62441,5.6823564,2.064897,-2.4977818,-0.94120044,-1.0132217,1.4896504,6.711335,10.840546,-9.444075,-2.6460006,0.40964442,-2.983378,-9.522078,10.954414,-11.465047,2.9712834
811,-0.4198608100414276,1.3642966747283936,67.93990325927734,0.44836791500204987,-0.5067650922136957,-85.46722228164845,0.28456455,-7.5352297,5.209103,-68.88578,23.158752,-23.1514,-16.649628,-1.7701622,-2.069047,3.7940094,69.91481,4.489323,122.62441,5.644901,2.0618675,-2.4803236,-0.93513256,-1.0144348,1.4914507,6.703636,10.841535,-9.442362,-2.644492,0.41164172,-2.9813485,-9.528563,10.9545355,-11.465494,2.971529
812,-0.42084670066833496,1.3651769161224365,67.9399185180664,0.44708110066434686,-0.5078682126188323,-85.46502646228144,0.29000625,-7.555202,5.20159,-68.88829,23.163794,-23.158628,-16.629536,-1.7593086,-2.0669074,3.7907698,69.9142,4.4848857,122.62441,5.628189,2.0605333,-2.474508,-0.93102217,-1.016433,1.4937432,6.6971517,10.84159,-9.439121,-2.6439896,0.4136033,-2.978825,-9.534227,10.954357,-11.46612,2.970571
813,-0.42124703526496887,1.3650119304656982,67.93998718261719,0.4463796610306892,-0.5082848263853325,-85.46180590850594,0.29218918,-7.578407,5.1818037,-68.89494,23.179508,-23.151102,-16.630484,-1.7647791,-2.0687888,3.783237,69.91302,4.4802675,122.62441,5.62798,2.0520105,-2.4736218,-0.9297139,-1.0160146,1.4944527,6.6924534,10.840914,-9.438141,-2.642651,0.4155797,-2.9778085,-9.538802,10.953834,-11.466831,2.9703238
814,-0.4237164258956909,1.3661794662475586,67.93991088867188,0.4465205451029992,-0.5082282133324965,-85.45790080991661,0.29243642,-7.602451,5.1701465,-68.89872,23.191727,-23.157282,-16.640205,-1.7746898,-2.0727093,3.7793975,69.912544,4.4812174,122.62441,5.643526,2.0442288,-2.4821925,-0.9300732,-1.0187956,1.4963125,6.6884747,10.840763,-9.434614,-2.6426942,0.41552126,-2.9757962,-9.542789,10.953547,-11.466477,2.9678187
815,-0.4248804748058319,1.3657420873641968,67.9402084350586,0.44633178145285796,-0.5080880485236524,-85.4539939238679,0.29368675,-7.625362,5.154436,-68.903595,23.213451,-23.155222,-16.65723,-1.7875309,-2.0731292,3.774887,69.91224,4.4855585,122.62441,5.6624007,2.0337079,-2.4934175,-0.93088806,-1.0184864,1.4971516,6.6851525,10.840843,-9.434658,-2.6420798,0.41665328,-2.9747345,-9.546438,10.952968,-11.466881,2.9666562
816,-0.42581626772880554,1.3660672903060913,67.94007110595703,0.4456502698457378,-0.5079906047439855,-85.45087299217187,0.29667252,-7.6353135,5.1478496,-68.90563,23.220098,-23.16951,-16.653288,-1.7883989,-2.069035,3.7731786,69.91222,4.487025,122.62441,5.6741347,2.0268326,-2.498453,-0.9309607,-1.0198306,1.4985714,6.682067,10.84049,-9.432818,-2.6421852,0.41676396,-2.973292,-9.549715,10.95264,-11.466565,2.9654217
817,-0.4273817837238312,1.365883231163025,67.94023132324219,0.44541638949416273,-0.5080910946840467,-85.44846055427514,0.30712754,-7.646591,5.1431394,-68.90726,23.228542,-23.180815,-16.635126,-1.7809836,-2.0522034,3.7719245,69.91225,4.489458,122.62441,5.6772437,2.0202591,-2.4996552,-0.9299094,-1.0208163,1.5003434,6.6790156,10.840928,-9.43222,-2.6442127,0.41716525,-2.9715648,-9.552875,10.953554,-11.467835,2.9634917
818,-0.42586302757263184,1.3636634349822998,67.94034576416016,0.4445929359676843,-0.5080549957933858,-85.4466198342829,0.32527608,-7.6535654,5.139114,-68.90872,23.235401,-23.197767,-16.605028,-1.7650744,-2.0267951,3.7707667,69.91237,4.4917474,122.62441,5.674746,2.0135765,-2.4983206,-0.9282722,-1.0187192,1.4997737,6.676399,10.840958,-9.434963,-2.6445432,0.42064244,-2.972005,-9.555892,10.953663,-11.471077,2.9647279
819,-0.4267764687538147,1.3629850149154663,67.94004821777344,0.44364402732591857,-0.5082596367021048,-85.44509413660776,0.34238023,-7.6560826,5.126954,-68.91365,23.24854,-23.207123,-16.57903,-1.7466624,-2.0003102,3.7670856,69.913086,4.4971857,122.62441,5.6708126,2.0042026,-2.495883,-0.9268352,-1.0186065,1.5019078,6.67419,10.840684,-9.434985,-2.6474662,0.42198527,-2.9698822,-9.558373,10.95433,-11.472996,2.9631991
820,-0.4284053444862366,1.363401174545288,67.93946838378906,0.44271666095536805,-0.5093741284088389,-85.44388592446171,0.35110968,-7.658541,5.123549,-68.91522,23.254313,-23.214153,-16.566078,-1.7417926,-1.985861,3.7661438,69.913376,4.500359,122.62441,5.6680827,1.9976337,-2.4911458,-0.9261344,-1.0186507,1.5047414,6.6727715,10.841238,-9.434623,-2.6507397,0.4227672,-2.9671955,-9.560161,10.955172,-11.473782,2.961005
821,-0.4291699230670929,1.364281415939331,67.9390869140625,0.44164464870043424,-0.511611845982104,-85.44317400855095,0.3492438,-7.662103,5.1200676,-68.91709,23.257673,-23.222996,-16.573317,-1.7422762,-1.9839468,3.765425,69.913795,4.5033383,122.62441,5.6665454,1.9929911,-2.483026,-0.926926,-1.0164707,1.5067307,6.673029,10.840637,-9.434225,-2.6530457,0.42467844,-2.965286,-9.560766,10.95509,-11.473552,2.9598098
822,-0.43056318163871765,1.3653572797775269,67.93849182128906,0.44227646740818666,-0.5148378562695652,-85.44273912414727,0.3325843,-7.673753,5.1088676,-68.92391,23.27268,-23.214008,-16.603848,-1.7532996,-1.985258,3.7640364,69.91583,4.517211,122.62441,5.6725764,1.9871418,-2.4801438,-0.9286726,-1.0129956,1.5073935,6.6744523,10.840033,-9.434133,-2.6556864,0.42720047,-2.9648645,-9.560557,10.954996,-11.473033,2.9584937
823,-0.43113380670547485,1.3652433156967163,67.93807220458984,0.44239074539341666,-0.5182517274884361,-85.44244280489303,0.31634712,-7.6797943,5.096979,-68.931526,23.283623,-23.204453,-16.632067,-1.7650534,-1.9917578,3.763606,69.91862,4.529315,122.62441,5.6766057,1.9822849,-2.4759812,-0.9303271,-1.0086625,1.5079633,6.6759133,10.840971,-9.436266,-2.6575036,0.43091327,-2.964651,-9.560276,10.955458,-11.473963,2.9582317
824,-0.43163830041885376,1.3653748035430908,67.93791198730469,0.442538913293219,-0.5209696107572288,-85.44207176185844,0.30575395,-7.681606,5.0833397,-68.94053,23.292849,-23.193943,-16.646793,-1.7730156,-1.9980514,3.7636828,69.92203,4.5406146,122.62441,5.6794424,1.977498,-2.4731507,-0.9307037,-1.0058092,1.508411,6.6761103,10.840592,-9.436182,-2.6583781,0.43397334,-2.9644065,-9.560693,10.955286,-11.474266,2.9582577
825,-0.4325735867023468,1.36542546749115,67.93787384033203,0.4416208440105181,-0.5225101209672391,-85.44149827799798,0.30381083,-7.6765184,5.0767794,-68.94497,23.297129,-23.195843,-16.644432,-1.772461,-2.0049691,3.763491,69.92356,4.5468946,122.62441,5.6741567,1.9729229,-2.4708736,-0.9294013,-1.0051361,1.5105709,6.6745567,10.841551,-9.436146,-2.6587617,0.43671688,-2.962127,-9.562036,10.954533,-11.474963,2.958097
826,-0.4340194761753082,1.364588737487793,67.93783569335938,0.4410482108943186,-0.5235392040063923,-85.44078887023673,0.3049863,-7.6713743,5.073403,-68.94734,23.299238,-23.204508,-16.633986,-1.7675925,-2.013501,3.7631304,69.92433,4.550145,122.62441,5.662611,1.9694898,-2.4691484,-0.92704874,-1.0040325,1.5128437,6.671961,10.841516,-9.435891,-2.6588807,0.44065708,-2.959432,-9.563985,10.95316,-11.476852,2.9579918
827,-0.43391138315200806,1.3638485670089722,67.9378890991211,0.4393138129665678,-0.524587479914851,-85.44015682486905,0.30945098,-7.6559553,5.067654,-68.95161,23.303974,-23.207914,-16.620043,-1.7626117,-2.0213647,3.7621047,69.92547,4.5590262,122.62441,5.6554337,1.9634136,-2.4727652,-0.9241808,-1.0024334,1.5147762,6.668916,10.841928,-9.436659,-2.6574242,0.44365272,-2.9571738,-9.566236,10.952412,-11.478081,2.9591107
828,-0.4353159964084625,1.364505648612976,67.93737030029297,0.4390258136251397,-0.5263431760806447,-85.44005529364536,0.31017193,-7.6495657,5.061287,-68.95663,23.309023,-23.213146,-16.607594,-1.7579015,-2.0290496,3.7607932,69.92664,4.5664244,122.62441,5.6500096,1.9584262,-2.4740875,-0.9211914,-1.0013593,1.5165377,6.6660385,10.842274,-9.43609,-2.6573122,0.44608623,-2.9551299,-9.568592,10.951928,-11.478439,2.9581099
829,-0.43555185198783875,1.3663225173950195,67.93731689453125,0.4373926398765641,-0.5294053139519227,-85.44046524318232,0.308331,-7.643563,5.0515285,-68.96532,23.319387,-23.211178,-16.59534,-1.7563014,-2.033949,3.7592876,69.92841,4.5774693,122.62441,5.654124,1.9542893,-2.4787076,-0.9177089,-1.0008823,1.5186917,6.6628895,10.842635,-9.4338455,-2.6564643,0.4488275,-2.9528637,-9.571648,10.95165,-11.477638,2.956745
830,-0.4362502992153168,1.366626501083374,67.93749237060547,0.4372806577761049,-0.5332846564898196,-85.44133931488122,0.3036598,-7.637915,5.0478554,-68.96928,23.327942,-23.211615,-16.581278,-1.7592475,-2.0411584,3.7591772,69.9292,4.58423,122.62441,5.6589594,1.9518523,-2.4823005,-0.9136341,-0.99794376,1.5196462,6.659495,10.843807,-9.4340925,-2.6560795,0.45302904,-2.9520347,-9.575284,10.952407,-11.478393,2.954692
831,-0.4369736611843109,1.3673975467681885,67.93696594238281,0.4368359831961626,-0.5370197002810045,-85.44245295070914,0.2979746,-7.632402,5.044159,-68.97393,23.33839,-23.214598,-16.573809,-1.7614275,-2.046765,3.759481,69.9301,4.591836,122.62441,5.6647096,1.9495704,-2.4856813,-0.9100323,-0.99461794,1.5209334,6.656681,10.843683,-9.433546,-2.656092,0.4577399,-2.950587,-9.578415,10.952344,-11.479045,2.9523647
832,-0.4378054141998291,1.3670276403427124,67.93668365478516,0.4361603429415579,-0.5397747677489563,-85.44373122193612,0.29502702,-7.6277294,5.0268908,-68.993095,23.366076,-23.191307,-16.587255,-1.7771158,-2.0412521,3.7610803,69.93371,4.612354,122.62441,5.6791253,1.9440529,-2.4966133,-0.9078005,-0.99099666,1.5227865,6.6553254,10.843417,-9.434,-2.6571412,0.46214893,-2.9485977,-9.580004,10.951462,-11.479781,2.9504514
833,-0.4374486804008484,1.3675090074539185,67.93631744384766,0.43445563655859926,-0.5406106545633435,-85.44552430004639,0.2955168,-7.622606,5.021038,-68.99881,23.36757,-23.18903,-16.608469,-1.7881626,-2.0492437,3.761216,69.934555,4.6166196,122.62441,5.6775312,1.9335479,-2.4920228,-0.9073955,-0.9898917,1.5247713,6.6561003,10.843684,-9.434333,-2.6581893,0.4621154,-2.9467406,-9.579058,10.951742,-11.479287,2.9501865
834,-0.4391374886035919,1.3673052787780762,67.93619537353516,0.43311205677528763,-0.5403337724101958,-85.4477117329437,0.298233,-7.6139984,5.0123367,-69.00745,23.364113,-23.170843,-16.639246,-1.81238,-2.0587895,3.7603788,69.93524,4.627685,122.62441,5.6786757,1.9179287,-2.4917102,-0.9082148,-0.98970866,1.5286804,6.658244,10.843442,-9.434014,-2.662178,0.46126345,-2.942932,-9.576589,10.952083,-11.479717,2.9482567
835,-0.4393601417541504,1.3684782981872559,67.9356918334961,0.4311499694650506,-0.5400300914758019,-85.44975099398741,0.300703,-7.608609,5.008957,-69.01088,23.360113,-23.165148,-16.671095,-1.8291271,-2.0673976,3.7596235,69.9352,4.6322875,122.62441,5.677763,1.9032097,-2.4847858,-0.9097643,-0.9895907,1.5315914,6.6610613,10.842684,-9.4332905,-2.6646361,0.4584611,-2.9401586,-9.573371,10.952063,-11.477652,2.9476829
836,-0.4412344992160797,1.3680793046951294,67.93577575683594,0.4296358923718077,-0.5408971960124089,-85.45088795201812,0.30284595,-7.6023307,5.0068474,-69.01321,23.357424,-23.16188,-16.68394,-1.838116,-2.07253,3.759057,69.93515,4.635965,122.62441,5.680986,1.8925091,-2.4781005,-0.9117112,-0.9869988,1.5356461,6.6636543,10.842477,-9.434314,-2.668207,0.45957172,-2.9359791,-9.570623,10.951747,-11.478213,2.9453776
837,-0.4420574903488159,1.3677228689193726,67.93588256835938,0.42874697509225534,-0.5434257114549159,-85.45114416632565,0.3037827,-7.5970345,5.0026703,-69.01823,23.35573,-23.159027,-16.66489,-1.8340412,-2.070198,3.758155,69.93521,4.643227,122.62441,5.6948485,1.8878832,-2.473485,-0.9143021,-0.98308176,1.5378054,6.6665287,10.8422575,-9.435248,-2.6694543,0.46208307,-2.9339297,-9.567932,10.95179,-11.478496,2.9438748
838,-0.4435301721096039,1.3695944547653198,67.93538665771484,0.4284175579644394,-0.5469113446674143,-85.45060394324054,0.30357468,-7.595113,4.9995375,-69.022,23.358393,-23.16105,-16.632101,-1.8217326,-2.0636766,3.7579076,69.935524,4.64542,122.62441,5.7104015,1.8891568,-2.4650526,-0.9177425,-0.98082995,1.5398227,6.669705,10.842254,-9.433826,-2.670191,0.4630345,-2.9321945,-9.564953,10.95197,-11.47641,2.941368
839,-0.4451335072517395,1.370011329650879,67.9350814819336,0.4291711447926813,-0.5507430762877443,-85.44973161421255,0.30319187,-7.590651,4.9979906,-69.02407,23.362072,-23.164484,-16.595806,-1.8056767,-2.0543544,3.758054,69.935844,4.6471324,122.62441,5.729316,1.8900733,-2.456378,-0.9209561,-0.9757633,1.5405793,6.6724596,10.843064,-9.435723,-2.6709487,0.46678865,-2.9314234,-9.562436,10.9518,-11.476417,2.9392703
840,-0.44680550694465637,1.3711631298065186,67.93495178222656,0.42849325025820517,-0.554277042392603,-85.44881306995657,0.30391592,-7.583984,4.9939604,-69.02954,23.369083,-23.163631,-16.574974,-1.7962314,-2.0474303,3.7587519,69.93692,4.650481,122.62441,5.747773,1.8889192,-2.4493551,-0.9230373,-0.9721743,1.5429631,6.673674,10.842239,-9.434698,-2.6724386,0.4696443,-2.9288843,-9.560857,10.951616,-11.4759035,2.9371717
841,-0.4478987753391266,1.3726677894592285,67.93425750732422,0.42834792104949143,-0.5575528032624232,-85.44799262998744,0.30490556,-7.5791225,4.9926205,-69.03148,23.370766,-23.161686,-16.570635,-1.7954304,-2.0493698,3.7589552,69.93708,4.651974,122.62441,5.765196,1.8818799,-2.440791,-0.92295885,-0.97102,1.5441644,6.6723437,10.842854,-9.43296,-2.6739268,0.47187522,-2.9276783,-9.560793,10.951948,-11.47549,2.9367046
842,-0.4487970769405365,1.3732585906982422,67.93374633789062,0.427864372198509,-0.5609232585756877,-85.44697784177067,0.30808747,-7.5656524,4.9910245,-69.034065,23.372242,-23.156105,-16.575142,-1.7997428,-2.0544987,3.7589867,69.937096,4.6555443,122.62441,5.787826,1.8709512,-2.4325466,-0.9216354,-0.9678912,1.5453444,6.6693177,10.842348,-9.431952,-2.6758616,0.4760346,-2.9261029,-9.561883,10.951148,-11.475774,2.9370437
843,-0.44903284311294556,1.3725147247314453,67.93334197998047,0.42827890528809437,-0.5638476471082116,-85.44599898608207,0.31252405,-7.5512586,4.985002,-69.04363,23.37403,-23.14207,-16.58005,-1.807503,-2.0569484,3.7581546,69.93621,4.6681337,122.62441,5.809551,1.8589715,-2.434339,-0.9202285,-0.9642493,1.5449336,6.666436,10.841628,-9.431775,-2.6771393,0.4814901,-2.9261584,-9.563156,10.950473,-11.477794,2.9384046
844,-0.45141521096229553,1.372999668121338,67.93323516845703,0.42761293053740496,-0.565705831644738,-85.44529690301952,0.3152916,-7.5465755,4.983567,-69.045876,23.373915,-23.138216,-16.583984,-1.8097782,-2.061131,3.7578866,69.93566,4.6702995,122.62441,5.8168206,1.8546398,-2.4326272,-0.9201652,-0.96253836,1.5480273,6.665437,10.84108,-9.430616,-2.6802156,0.48380515,-2.9227057,-9.563355,10.950148,-11.478483,2.9363458
845,-0.45271632075309753,1.3737391233444214,67.93351745605469,0.42773816827543065,-0.5658607105959967,-85.4446888780285,0.32126233,-7.5406547,4.9813514,-69.04935,23.37472,-23.133638,-16.583004,-1.8106068,-2.0616622,3.7576993,69.93445,4.6719723,122.62441,5.8061256,1.8564426,-2.4398787,-0.92224145,-0.96217096,1.5492148,6.667536,10.840744,-9.430179,-2.681316,0.48209563,-2.9216492,-9.5620165,10.950374,-11.4771185,2.9345028
846,-0.4546326696872711,1.3741240501403809,67.93379211425781,0.42666551968814936,-0.5647193709172653,-85.44414809326125,0.327249,-7.54018,4.9766917,-69.05593,23.37782,-23.127398,-16.58098,-1.8097903,-2.058292,3.7581546,69.93078,4.6703434,122.62441,5.7813826,1.8651158,-2.4518592,-0.9255924,-0.9636014,1.5527041,6.6713552,10.841099,-9.429779,-2.6830344,0.4790757,-2.9184809,-9.559923,10.951032,-11.476278,2.9310634
847,-0.4556528329849243,1.3730976581573486,67.93391418457031,0.4267765194692954,-0.5635545522874409,-85.44394624621017,0.33419827,-7.541175,4.973643,-69.05982,23.381067,-23.119846,-16.580393,-1.8107928,-2.0553536,3.7591326,69.92787,4.6660447,122.62441,5.7542806,1.8761781,-2.4620693,-0.92900205,-0.96355546,1.5540564,6.675689,10.841552,-9.431131,-2.6837132,0.47814855,-2.917458,-9.557616,10.951928,-11.477611,2.9289472
848,-0.45481985807418823,1.3720024824142456,67.93402099609375,0.42552795757530654,-0.563616038566415,-85.44427891840292,0.34017664,-7.5414658,4.9719276,-69.06202,23.382437,-23.115484,-16.581924,-1.8085866,-2.0541265,3.7600634,69.92592,4.6628623,122.62441,5.741481,1.8847588,-2.465874,-0.9312037,-0.9618547,1.5550768,6.678936,10.841112,-9.4322405,-2.6830373,0.4781589,-2.9168284,-9.555645,10.952101,-11.477668,2.9289877
849,-0.45452579855918884,1.3725522756576538,67.93399810791016,0.42559320045002796,-0.5652970064043082,-85.44577379422168,0.35201442,-7.542546,4.969834,-69.06494,23.382008,-23.107368,-16.586363,-1.806501,-2.0541453,3.7617452,69.92316,4.6594687,122.62441,5.745919,1.8936671,-2.4599323,-0.93200827,-0.9599469,1.5550454,6.6811633,10.841662,-9.432998,-2.6825118,0.4790789,-2.91703,-9.553425,10.951815,-11.476739,2.9293702
850,-0.4556964039802551,1.3745315074920654,67.93347930908203,0.42457449878042497,-0.5679649335369888,-85.4481321545041,0.36513895,-7.5431557,4.968609,-69.06702,23.3792,-23.097244,-16.591574,-1.804407,-2.055248,3.7632258,69.92129,4.6573005,122.62441,5.7606378,1.9014964,-2.4486375,-0.93193775,-0.9583862,1.557774,6.682778,10.842352,-9.432405,-2.68359,0.47997636,-2.9142752,-9.551017,10.951519,-11.47516,2.9281828
851,-0.45671766996383667,1.377084493637085,67.93262481689453,0.423238114979142,-0.570930644455659,-85.45020969664928,0.37596646,-7.5445857,4.9679537,-69.06849,23.37593,-23.088238,-16.596916,-1.802264,-2.0566533,3.7643933,69.92005,4.655984,122.62441,5.780243,1.9083912,-2.4369771,-0.9312523,-0.9567312,1.5605597,6.683428,10.841809,-9.430434,-2.6845503,0.48129705,-2.9112928,-9.5494375,10.950561,-11.472994,2.9271371
852,-0.4584727883338928,1.37672758102417,67.93265533447266,0.42249292428640295,-0.5736269731325884,-85.45084870100582,0.38094556,-7.5462213,4.9674826,-69.06989,23.373585,-23.08154,-16.600271,-1.8015379,-2.0572045,3.7656064,69.918816,4.654961,122.62441,5.797287,1.9099609,-2.4288611,-0.9300193,-0.95357,1.5634273,6.6825147,10.842411,-9.431336,-2.6866417,0.48444378,-2.9084084,-9.549944,10.950689,-11.473955,2.925566
853,-0.4587878882884979,1.3785138130187988,67.93241119384766,0.42153190236907756,-0.5761865119439363,-85.44896309620873,0.3779508,-7.552471,4.966431,-69.073814,23.368137,-23.073101,-16.595808,-1.8057828,-2.0567303,3.7689567,69.91536,4.6503344,122.62441,5.8074,1.9081368,-2.4261324,-0.9280866,-0.95433617,1.5646949,6.6789827,10.842889,-9.428622,-2.6869283,0.48676145,-2.9071558,-9.553587,10.950836,-11.473774,2.9250731
854,-0.4593459367752075,1.3804633617401123,67.93257141113281,0.4201853668839726,-0.5786903199201259,-85.44551401923715,0.36021373,-7.559306,4.9649534,-69.07947,23.364475,-23.063215,-16.587864,-1.8137846,-2.053415,3.773946,69.90911,4.641189,122.62441,5.810518,1.9051687,-2.4256318,-0.9254159,-0.95356447,1.5661086,6.6735263,10.8421335,-9.426321,-2.6875122,0.48930666,-2.9053614,-9.5594845,10.950038,-11.472833,2.9241147
855,-0.45933765172958374,1.3808362483978271,67.93246459960938,0.4184927609848344,-0.5807691615564934,-85.44210520129204,0.3512058,-7.5618396,4.9648204,-69.08005,23.364845,-23.060816,-16.586288,-1.8173369,-2.0515347,3.7744546,69.90832,4.6397805,122.62441,5.821179,1.8961974,-2.4267743,-0.9224413,-0.9531806,1.5676353,6.6678214,10.842124,-9.424809,-2.687983,0.49278232,-2.903725,-9.565742,10.950657,-11.474527,2.923754
856,-0.459449827671051,1.3816617727279663,67.93222045898438,0.41976004749788015,-0.5818974635140239,-85.44032708392008,0.34011605,-7.5639806,4.964722,-69.080635,23.365551,-23.05715,-16.585875,-1.8200918,-2.0500863,3.7748845,69.9074,4.6379642,122.62441,5.8342395,1.889554,-2.423827,-0.92000234,-0.95434415,1.5660706,6.6639767,10.841825,-9.4224205,-2.6878932,0.4939398,-2.9054427,-9.570004,10.950682,-11.474306,2.9238372
857,-0.46048471331596375,1.3820260763168335,67.93241882324219,0.4193011229544325,-0.5813188111722637,-85.44117353935016,0.32324955,-7.5598645,4.964408,-69.0831,23.367783,-23.05193,-16.587803,-1.8209713,-2.0480218,3.7760148,69.90389,4.6313925,122.62441,5.8481636,1.888935,-2.4105625,-0.9183049,-0.9558436,1.567743,6.662728,10.841356,-9.420858,-2.6895156,0.49297902,-2.9037433,-9.571429,10.950633,-11.473949,2.922173
858,-0.46211743354797363,1.3823225498199463,67.93280029296875,0.4214172889754639,-0.5796465877479452,-85.44376867371692,0.32304654,-7.5548344,4.964323,-69.084206,23.36801,-23.048693,-16.589037,-1.818039,-2.048027,3.7761033,69.90223,4.629351,122.62441,5.868208,1.8891333,-2.3953328,-0.91688585,-0.9577214,1.5671821,6.663203,10.841173,-9.420233,-2.691354,0.49061528,-2.9042645,-9.571095,10.950178,-11.472999,2.9202507
859,-0.4619639813899994,1.3819522857666016,67.93325805664062,0.4219520730587547,-0.5776897134826987,-85.44637479377764,0.3233184,-7.5465126,4.9643283,-69.085075,23.367767,-23.045996,-16.59055,-1.813887,-2.0477312,3.7757664,69.90098,4.62695,122.62441,5.8867545,1.8912203,-2.3806782,-0.9154689,-0.9590047,1.5666634,6.6637254,10.8407955,-9.420402,-2.6917212,0.48857066,-2.9047716,-9.570719,10.950361,-11.473023,2.9200435
860,-0.46205365657806396,1.3815655708312988,67.93329620361328,0.42271860809495915,-0.5766329863541828,-85.44713377786492,0.32256472,-7.5390573,4.964373,-69.08558,23.367416,-23.043781,-16.592413,-1.8095776,-2.046768,3.7754078,69.900215,4.6250334,122.62441,5.8986835,1.8919973,-2.3737495,-0.91406506,-0.96061003,1.5660465,6.6627846,10.840815,-9.419818,-2.6917472,0.4873238,-2.9055836,-9.571658,10.9502535,-11.472643,2.920217
861,-0.46278518438339233,1.3823349475860596,67.93333435058594,0.4210396071474678,-0.5762450783078278,-85.44575141397313,0.31624466,-7.53133,4.964557,-69.086754,23.366112,-23.042938,-16.596056,-1.8037865,-2.0446348,3.774588,69.89794,4.617837,122.62441,5.893133,1.896252,-2.3784401,-0.91190577,-0.9615018,1.5684077,6.6593823,10.841018,-9.419371,-2.6918979,0.48747995,-2.9026997,-9.574649,10.9499655,-11.473026,2.9199185
862,-0.4623449444770813,1.3840824365615845,67.93331146240234,0.419940172266326,-0.5762597526034903,-85.44318898003286,0.31137833,-7.533836,4.964731,-69.087456,23.365025,-23.04102,-16.601818,-1.7991042,-2.0430665,3.7743304,69.89583,4.6119533,122.62441,5.878622,1.9033858,-2.3948977,-0.9093498,-0.9658731,1.5690502,6.654702,10.841508,-9.415506,-2.68997,0.48726258,-2.9019341,-9.578519,10.949451,-11.472205,2.9215746
863,-0.46238768100738525,1.3862974643707275,67.93365478515625,0.41868913734325286,-0.5769328044120692,-85.43947305942392,0.30180496,-7.5379477,4.9652686,-69.0888,23.363194,-23.040342,-16.604681,-1.793337,-2.0392208,3.774864,69.88903,4.5994854,122.62441,5.8619413,1.9070833,-2.4063115,-0.9074507,-0.9687177,1.5699959,6.6497183,10.841627,-9.412202,-2.6883957,0.486979,-2.9007487,-9.583027,10.948597,-11.470312,2.9225438
864,-0.46320879459381104,1.3892568349838257,67.9338607788086,0.41767983598348196,-0.5784374190747242,-85.43480893352277,0.2931107,-7.537238,4.9657607,-69.08965,23.362732,-23.039547,-16.602287,-1.7886016,-2.032645,3.7756634,69.88289,4.5901246,122.62441,5.864804,1.8998666,-2.4051578,-0.9072972,-0.97126544,1.5712227,6.6455,10.841764,-9.408511,-2.6879096,0.48735777,-2.8992865,-9.587667,10.947495,-11.467952,2.9218593
