Frame,root_translateX,root_translateY,root_translateZ,root_rotateX,root_rotateY,root_rotateZ,left_hip_pitch_joint,left_hip_roll_joint,left_hip_yaw_joint,left_knee_joint,left_ankle_pitch_joint,left_ankle_roll_joint,right_hip_pitch_joint,right_hip_roll_joint,right_hip_yaw_joint,right_knee_joint,right_ankle_pitch_joint,right_ankle_roll_joint,waist_yaw_joint,waist_pitch_joint,waist_roll_joint,head_yaw_joint,head_pitch_joint,left_shoulder_pitch_joint,left_shoulder_roll_joint,left_shoulder_yaw_joint,left_elbow_joint,left_wrist_yaw_joint,left_wrist_pitch_joint,left_wrist_roll_joint,right_shoulder_pitch_joint,right_shoulder_roll_joint,right_shoulder_yaw_joint,right_elbow_joint,right_wrist_yaw_joint,right_wrist_pitch_joint,right_wrist_roll_joint
0,-0.36541980504989624,-0.9765072464942932,66.62510681152344,-0.3990546872247086,-1.9565181396341649,-98.41058243149376,10.46282,2.3528905,19.298527,6.0781503,-11.393507,0.0,6.5423155,-2.6464682,-8.567675,6.817236,-11.309271,0.0,-4.43142,8.634307,-0.4136463,5.8931193,-4.3706684,13.226153,20.591381,-32.02574,-54.6354,6.504718,12.904605,-12.210748,4.455441,-21.652275,45.99436,-56.142666,12.127779,8.003586,16.09274
1,-0.3671107292175293,-1.0178005695343018,66.62188720703125,-0.4045429646224993,-1.9061006944129406,-98.43298244672805,10.454583,2.3497076,19.31984,6.0804944,-11.425161,0.0,6.524972,-2.6457272,-8.552086,6.8156714,-11.333411,0.0,-4.445612,8.69252,-0.4349205,5.8937335,-4.3712068,13.228596,21.039988,-32.043716,-54.67192,6.530618,12.887576,-12.210748,4.4564924,-22.035011,46.028572,-56.17927,12.108965,7.98734,16.09732
2,-0.3694505989551544,-1.0557957887649536,66.61802673339844,-0.41041662397466205,-1.8645271221522544,-98.45249888093038,10.453333,2.3477044,19.338602,6.080305,-11.452349,0.0,6.515573,-2.6436002,-8.53855,6.812186,-11.354372,0.0,-4.4575014,8.733812,-0.4475129,5.893892,-4.3713613,13.228722,21.16927,-32.04765,-54.68196,6.537956,12.883047,-12.210748,4.457567,-22.149519,46.036972,-56.188,12.103827,7.9836435,16.098618
3,-0.37363454699516296,-1.097831130027771,66.61277770996094,-0.4169113122025402,-1.8030490795323246,-98.48047899610363,10.438686,2.3451757,19.364561,6.0816274,-11.487197,0.0,6.486582,-2.6408186,-8.518918,6.8111115,-11.379278,0.0,-4.476524,8.812914,-0.47578475,5.894232,-4.3717413,13.226738,21.382458,-32.053955,-54.705624,6.554849,12.872312,-12.210748,4.459147,-22.340708,46.052547,-56.207375,12.0923395,7.9756756,16.101233
4,-0.379329651594162,-1.137471318244934,66.60897827148438,-0.4181769224629033,-1.7367260538012572,-98.4926810778268,10.411637,2.3422034,19.379248,6.0779605,-11.509689,0.0,6.455343,-2.6397786,-8.512927,6.8089433,-11.407036,0.0,-4.492779,8.891301,-0.51218766,5.8945937,-4.372187,13.222515,21.573391,-32.05922,-54.732494,6.5733094,12.859997,-12.210748,4.460337,-22.51475,46.06694,-56.228405,12.079635,7.9671865,16.10389
5,-0.3873266279697418,-1.1719963550567627,66.60482025146484,-0.41250332633521425,-1.6610133188728418,-98.4911147580495,10.372221,2.3360589,19.381166,6.072255,-11.528421,0.0,6.4162946,-2.641514,-8.519286,6.804872,-11.4364395,0.0,-4.5098405,8.967601,-0.56017905,5.8949833,-4.372685,13.215454,21.745699,-32.06478,-54.76308,6.591794,12.845813,-12.210748,4.4610023,-22.673647,46.08018,-56.251118,12.065786,7.9580016,16.106606
6,-0.39683836698532104,-1.2062047719955444,66.60140991210938,-0.3904860071789081,-1.5500540844468844,-98.47020472914183,10.289534,2.3194785,19.36614,6.0619464,-11.535323,0.0,6.348052,-2.6561444,-8.545433,6.7993865,-11.471156,0.0,-4.543846,9.046842,-0.6453351,5.8958316,-4.3738084,13.19571,21.998,-32.077618,-54.832806,6.6280336,12.813263,-12.210748,4.459882,-22.906755,46.1033,-56.303345,12.034819,7.9364285,16.112093
7,-0.40520521998405457,-1.2351850271224976,66.59794616699219,-0.36298705069301107,-1.430848734314742,-98.4222749982404,10.190571,2.3003275,19.332693,6.048279,-11.531243,0.0,6.2755904,-2.6734953,-8.595254,6.792757,-11.508804,0.0,-4.579326,9.101434,-0.7359043,5.8967247,-4.375048,13.172748,22.214113,-32.09175,-54.90756,6.6643896,12.777935,-12.210748,4.4582963,-23.10789,46.123627,-56.359962,12.000587,7.913006,16.118017
8,-0.41447365283966064,-1.248791217803955,66.59918212890625,-0.25851079220188794,-1.1304463493649894,-98.23168430511151,9.72042,2.2758327,19.155807,6.338262,-11.636592,0.0,6.055553,-2.7592552,-8.880572,6.7766986,-11.558757,0.0,-4.7517557,9.012209,-0.95274794,6.1834707,-4.8320622,13.853169,22.83151,-32.302006,-57.19883,8.315473,12.821845,-12.210748,5.0565457,-23.679745,46.456284,-58.521214,10.490837,8.455388,15.954937
9,-0.42890334129333496,-1.2738723754882812,66.59819793701172,-0.23558459538388088,-0.9971329089586713,-98.10166876881193,9.585359,2.2770023,19.070122,6.3198557,-11.602713,0.0,5.9896526,-2.7571063,-8.99718,6.767468,-11.614246,0.0,-4.782883,9.048183,-1.0484184,6.184471,-4.8342767,13.860256,23.05737,-32.32175,-57.216312,8.349014,12.81473,-12.210748,5.064651,-23.901346,46.480312,-58.538406,10.473577,8.453388,15.953736
10,-0.443533718585968,-1.2858392000198364,66.60195922851562,-0.14142445584063865,-0.6792474228232275,-97.80461380183384,9.131444,2.259911,18.789068,6.4685154,-11.606839,0.0,5.819234,-2.808264,-9.36931,6.6658726,-11.645518,0.0,-4.9864235,8.918146,-1.2650247,6.3097234,-5.2677073,13.846621,23.433905,-32.495262,-57.246403,9.704881,12.471068,-12.210748,5.365453,-24.257946,46.64161,-59.301838,9.875913,8.790472,15.717641
11,-0.46188807487487793,-1.2956204414367676,66.60466766357422,-0.08185738203571928,-0.42593229440419667,-97.5090484267134,8.757972,2.2727315,18.550072,6.586933,-11.58974,0.0,5.6842737,-2.8220627,-9.696113,6.619128,-11.70625,0.0,-5.1271715,8.85672,-1.429068,6.3481193,-5.6264997,13.658249,23.71062,-32.61422,-57.024467,10.527873,12.286721,-12.210748,5.516235,-24.526087,46.714268,-59.68536,9.538297,8.993821,15.605219
12,-0.4771729111671448,-1.2999895811080933,66.61853790283203,-0.04620463499089731,-0.17964309761934205,-97.14692164845191,8.332853,2.2794938,18.312693,6.7977834,-11.594461,0.0,5.575867,-2.8040504,-10.082498,6.55012,-11.761025,0.0,-5.273628,8.819044,-1.5533228,6.3317804,-5.942001,13.412423,23.916834,-32.693245,-56.648987,11.174593,12.166003,-12.210748,5.614416,-24.73029,46.728603,-59.92076,9.195667,9.138213,15.5469265
13,-0.4885477125644684,-1.3073439598083496,66.63619232177734,-0.035465055668515134,0.06976973759522095,-96.69386340701452,7.8317113,2.3375,18.157183,7.1103754,-11.517623,0.0,5.4854426,-2.753715,-10.552393,6.4856367,-11.835556,0.0,-5.4486666,8.798745,-1.6357092,6.285734,-6.2321644,13.133881,24.07171,-32.747055,-56.181114,11.665765,12.20466,-12.210748,5.68457,-24.888124,46.69883,-60.046177,8.854049,9.23184,15.472403
14,-0.502294659614563,-1.3051841259002686,66.6560287475586,-0.04125919684824534,0.3279946677574291,-96.16117626557259,7.240901,2.453051,18.14413,7.559391,-11.348715,0.0,5.3991876,-2.6737678,-11.097867,6.4169583,-11.915612,0.0,-5.6488028,8.787049,-1.6893457,6.220937,-6.5108666,12.826098,24.188646,-32.78266,-55.62667,12.078554,12.35487,-12.210748,5.737618,-25.01158,46.634964,-60.095436,8.504227,9.294304,15.384825
15,-0.5175244808197021,-1.2925618886947632,66.66511535644531,-0.07127867198217794,0.5708191395651789,-95.59321440371724,5.819598,2.8584995,18.236147,9.913153,-12.138614,0.0,5.32749,-2.5628953,-11.672092,6.3519917,-11.999433,0.0,-5.827414,8.803238,-1.7055227,6.136718,-6.788406,12.493475,24.276917,-32.796463,-55.041546,12.401734,12.564728,-12.210748,5.7717595,-25.110582,46.56503,-60.055405,8.0472145,9.333423,15.345907
16,-0.529159665107727,-1.277065634727478,66.65967559814453,-0.1278966135787922,0.7740453409285467,-95.03603388628522,4.3645782,3.27847,18.421442,12.491391,-13.140926,0.0,5.2880177,-2.4282176,-12.226515,6.291963,-12.084798,0.0,-5.9371614,8.866776,-1.677004,6.025132,-7.072842,12.147428,24.343264,-32.779,-54.472397,12.614813,12.766781,-12.210748,5.7710147,-25.193892,46.530384,-59.90241,7.3696833,9.358824,15.416981
17,-0.5340794920921326,-1.2725924253463745,66.64009094238281,-0.21696362601553817,0.9319466539661411,-94.48930266916437,3.0488064,3.6780736,18.813337,14.938183,-14.092283,0.0,5.297593,-2.2667005,-12.758017,6.2375546,-12.18319,0.0,-5.9777007,8.987871,-1.5982404,5.8849,-7.3713627,11.790815,24.392263,-32.72144,-53.925888,12.640257,12.964518,-12.210748,5.7162313,-25.26883,46.56169,-59.600876,6.30223,9.360869,15.573954
18,-0.5350942015647888,-1.269945740699768,66.60478210449219,-0.3345765276363961,1.0577490149428974,-93.93382277800673,1.8183894,4.091798,19.406443,17.330196,-14.984446,0.0,5.3394113,-2.077909,-13.28713,6.1920013,-12.292887,0.0,-5.969688,9.154733,-1.4751725,5.717453,-7.6871195,11.431681,24.42679,-32.623455,-53.382584,12.505209,13.169486,-12.210748,5.6014347,-25.340107,46.67457,-59.16938,4.9017596,9.351007,15.777186
19,-0.5357740521430969,-1.2697008848190308,66.5600357055664,-0.46705705805862163,1.1548937716718777,-93.38774894083164,0.72528714,4.5009103,20.183481,19.559992,-15.810884,0.0,5.407701,-1.8749874,-13.801138,6.153339,-12.409744,0.0,-5.896727,9.353294,-1.3216584,5.514047,-8.01665,11.086478,24.449621,-32.489384,-52.855553,12.351704,13.337661,-12.210748,5.436207,-25.410698,46.88625,-58.6705,3.4120257,9.375698,16.06451
20,-0.5391959547996521,-1.2885318994522095,66.50914001464844,-0.5998783467183298,1.225968915051534,-92.87008470412977,-0.17498404,4.8817773,21.127554,21.510103,-16.55899,0.0,5.5065546,-1.6734146,-14.285399,6.123726,-12.542597,0.0,-5.742512,9.569129,-1.1526387,5.2596383,-8.351929,10.7718,24.463675,-32.32844,-52.362137,12.332035,13.429925,-12.210748,5.232983,-25.48083,47.20988,-58.16996,2.0933557,9.484991,16.476095
21,-0.5353468060493469,-1.3132750988006592,66.453369140625,-0.7339432872432772,1.2640540998254084,-92.40426399633228,-0.8669809,5.2322536,22.300121,23.182732,-17.234446,0.0,5.631464,-1.481249,-14.716576,6.0955124,-12.673191,0.0,-5.481208,9.815418,-0.96367764,4.9392223,-8.695033,10.48104,24.472816,-32.152172,-51.922546,12.4991665,13.4417095,-12.210748,4.99344,-25.552608,47.64765,-57.65755,0.848383,9.7066555,17.013916
22,-0.5264622569084167,-1.3478460311889648,66.39277648925781,-0.8752377399764197,1.269400579037464,-91.97485030278862,-1.387669,5.565432,23.690811,24.655819,-17.857065,0.0,5.7867713,-1.2896155,-15.107652,6.0691476,-12.806055,0.0,-5.1277747,10.092816,-0.74958766,4.549782,-9.046995,10.206346,24.479523,-31.96608,-51.533375,12.790471,13.405475,-12.210748,4.712614,-25.626123,48.200005,-57.114258,-0.4045363,10.026557,17.647915
23,-0.5164204835891724,-1.3882976770401,66.32710266113281,-1.0195697646957949,1.2578756588193512,-91.54178380673567,-1.8074774,5.8923864,25.176594,26.017239,-18.477621,0.0,5.9480104,-1.0990665,-15.497168,6.0827374,-12.9663725,0.0,-4.7277126,10.36595,-0.5175559,3.7054508,-9.707714,10.03039,24.481945,-31.635775,-51.238773,13.097191,13.404961,-12.210748,3.9662075,-25.75784,49.377026,-56.45137,-1.8673898,10.499121,18.340328
24,-0.5061250925064087,-1.4439802169799805,66.26270294189453,-1.1434221483087872,1.243033806744738,-91.06248451388798,-2.1469865,6.1771317,26.619457,27.23092,-19.086922,0.0,6.105024,-0.9317162,-15.935468,6.1712785,-13.186837,0.0,-4.328376,10.603423,-0.29786468,3.0558665,-10.083516,9.906179,24.479006,-31.324749,-50.933628,13.495016,13.323894,-12.210748,3.464298,-25.862185,50.55668,-55.940746,-2.474421,10.916071,18.992348
25,-0.4962061047554016,-1.513936161994934,66.1991195678711,-1.2601834020081455,1.223036981935835,-90.53854824493922,-2.430743,6.447643,28.036274,28.361044,-19.723066,0.0,6.6763854,-0.65083367,-16.423466,5.405814,-12.972777,0.0,-3.9253638,10.805279,-0.07537498,2.4411483,-10.329415,9.843952,24.469124,-30.974411,-50.64215,13.957142,13.203154,-12.210748,2.9756927,-25.948881,51.829147,-55.50033,-2.1679575,11.319905,19.802057
26,-0.47619715332984924,-1.6101222038269043,66.13092803955078,-1.368637032423779,1.1917588440177471,-89.99189988632709,-2.6424594,6.697463,29.485027,29.405195,-20.381716,0.0,6.642257,-0.56845444,-16.92457,6.072595,-13.541344,0.0,-3.5107818,10.9845295,0.14480937,1.5964847,-10.555771,10.0137615,24.418,-30.27738,-50.4744,14.267579,13.061229,-12.210748,1.8228147,-26.094208,54.61715,-54.817474,-2.38349,11.702484,20.126287
27,-0.4524105191230774,-1.7141276597976685,66.06307983398438,-1.464301389787664,1.1603081886163586,-89.39746272218198,-2.7568412,6.8899426,30.892305,30.246002,-20.995588,0.0,7.1525245,-0.33337432,-17.476355,5.570033,-13.503047,0.0,-3.0854912,11.130214,0.36137527,0.90971434,-10.656781,10.108721,24.383867,-29.778055,-50.238148,14.78331,12.91206,-12.210748,1.1541412,-26.118357,56.339146,-54.385925,-1.286009,12.12883,21.057495
28,-0.42499393224716187,-1.8335415124893188,65.9923095703125,-1.534509970065538,1.1396651728114986,-88.73671651180662,-2.7579746,6.9849677,32.19056,30.783522,-21.504072,0.0,7.540284,-0.15381783,-18.08958,5.3875337,-13.661326,0.0,-2.6810403,11.2300625,0.55289096,0.15704192,-10.726631,10.254394,24.351088,-29.27992,-49.998695,15.331093,12.813639,-12.210748,0.5752961,-26.122456,57.83194,-54.109425,0.04579566,12.613294,22.135002
29,-0.386456698179245,-1.9689055681228638,65.91450500488281,-1.5846052508199542,1.1311061644070726,-88.0023858974012,-2.6357203,6.9712815,33.409046,30.97486,-21.888079,0.0,7.659606,-0.081596784,-18.771997,5.8477654,-14.183312,0.0,-2.301111,11.278764,0.7258141,-0.66562915,-10.758606,10.461152,24.317362,-28.77813,-49.758255,15.940327,12.777453,-12.210748,0.090201795,-26.118023,59.13596,-54.010345,1.7111427,13.185819,23.413248
30,-0.3566930592060089,-2.1044583320617676,65.83036804199219,-1.6194512899370805,1.1288256804524142,-87.20472392048539,-2.4095492,6.863619,34.567543,30.879501,-22.177494,0.0,7.979271,0.05828437,-19.515972,5.8974924,-14.509158,0.0,-1.9379463,11.283843,0.88406265,-1.5585625,-10.748998,10.745481,24.277332,-28.230116,-49.532635,16.58443,12.783058,-12.210748,-0.40869376,-26.089373,60.48699,-53.998184,3.6404843,13.797949,24.810324
31,-0.314205527305603,-2.2643134593963623,65.74402618408203,-1.6250731232086866,1.1324652934628925,-86.35002669842375,-2.1164942,6.666979,35.58125,30.560781,-22.38767,0.0,8.447669,0.22103009,-20.312803,5.6722236,-14.713886,0.0,-1.5921123,11.254004,1.0108588,-2.5024686,-10.719511,11.063971,24.238317,-27.687855,-49.301414,17.222887,12.821861,-12.210748,-0.8426014,-26.059557,61.652653,-54.112934,5.659546,14.3800955,26.263506
32,-0.26191574335098267,-2.440642833709717,65.65731811523438,-1.587048701489989,1.1411043553958358,-85.44500980307674,-1.792757,6.3888583,36.3663,30.086357,-22.538326,0.0,8.914688,0.345697,-21.157875,5.4977293,-14.9638815,0.0,-1.2656171,11.19804,1.0876416,-3.4899096,-10.688476,11.394888,24.20321,-27.162186,-49.05633,17.78643,12.886602,-12.210748,-1.2304486,-26.027658,62.585117,-54.33286,7.4346,14.880402,27.622766
33,-0.20606955885887146,-2.625643730163574,65.5704116821289,-1.4760854904767915,1.1542399846288645,-84.48472767672533,-1.4021332,5.997138,37.08262,29.404858,-22.656767,0.0,9.11639,0.30504245,-22.062521,5.9724417,-15.577489,0.0,-0.96375364,11.109798,1.087007,-4.5262084,-10.65991,11.736999,24.173344,-26.667654,-48.79499,18.291706,12.988794,-12.210748,-1.538327,-25.99979,63.215786,-54.683144,8.955692,15.316386,28.959133
34,-0.14238609373569489,-2.800326347351074,65.48471069335938,-1.32199073595087,1.1702466370835847,-83.46353222624306,-0.9565064,5.505615,37.78044,28.519657,-22.767822,0.0,9.5881605,0.3415852,-23.027712,5.835822,-15.867577,0.0,-0.6842543,10.988991,1.0394567,-5.6232743,-10.622672,12.115434,24.144127,-26.165625,-48.533127,18.744139,13.130742,-12.210748,-1.8106306,-25.956205,63.66005,-55.131954,10.31738,15.711167,30.282387
35,-0.08488673716783524,-2.990300178527832,65.40770721435547,-1.1223355831347617,1.185349139877063,-82.40038793867127,-0.5537309,4.9009542,37.976463,27.533232,-22.741623,0.0,9.900038,0.28189328,-24.039772,6.1192055,-16.395414,0.0,-0.41983676,10.851972,0.93641174,-6.721504,-10.580681,12.490269,24.119808,-25.693377,-48.24972,19.132475,13.278251,-12.210748,-2.0509799,-25.92568,63.920185,-55.69904,11.518471,16.046104,31.435411
36,-0.021626578643918037,-3.20169734954834,65.33515167236328,-0.8788955356927116,1.1917699539694389,-81.31218832556351,-0.20687202,4.249652,37.52013,26.509775,-22.503801,0.0,10.268982,0.20323291,-25.08372,6.33721,-16.89283,0.0,-0.16657285,10.718983,0.7725881,-7.8593225,-10.523611,12.864149,24.097862,-25.206013,-47.95041,19.388798,13.403574,-12.210748,-2.3318172,-25.89145,64.10439,-56.333706,12.471815,16.312956,32.216843
37,0.05385393649339676,-3.413630723953247,65.30084228515625,-0.5761833143821993,1.2129508515411505,-80.194324991438,0.22269425,3.5318058,36.540726,25.10813,-21.92927,0.0,10.6234865,0.104497075,-26.167828,6.4878454,-17.326675,0.0,0.07274345,10.558775,0.5334758,-9.033511,-10.440854,13.240631,24.081057,-24.745504,-47.642998,19.47484,13.505874,-12.210748,-2.6421514,-25.861889,64.18337,-57.04078,13.087684,16.533678,32.5781
38,0.13185666501522064,-3.62813663482666,65.29800415039062,-0.22941692620185283,1.2309772639646606,-79.035959852363,0.54981863,2.8536577,35.235153,23.862194,-21.391132,0.0,10.995172,-0.0101371845,-27.301035,6.5937223,-17.72005,0.0,0.29584512,10.383391,0.2372096,-10.206663,-10.339546,13.622293,24.06752,-24.300846,-47.32349,19.427784,13.597099,-12.210748,-2.9660206,-25.829296,64.13612,-57.829185,13.418553,16.72259,32.61396
39,0.20236815512180328,-3.8400325775146484,65.30427551269531,0.1487227846390814,1.220052071772285,-77.85701854708742,0.9600207,2.1359303,33.814648,22.467478,-20.734531,0.0,11.234719,-0.22918384,-28.485792,7.0824203,-18.252392,0.0,0.51525784,10.235727,-0.10626711,-11.391437,-10.238141,13.977187,24.057743,-23.838158,-46.967575,19.332645,13.663663,-12.210748,-3.3218236,-25.807215,64.011856,-58.71029,13.623712,16.858917,32.35808
40,0.2770122289657593,-4.054955005645752,65.31602478027344,0.5291305259847141,1.1514594284760933,-76.6696797630325,1.4524308,1.4391795,32.463707,21.067017,-20.030996,0.0,11.499995,-0.46824238,-29.742859,7.656126,-18.672894,0.0,0.736299,10.162241,-0.47240356,-12.590242,-10.152053,14.286268,24.046957,-23.288513,-46.55562,19.248966,13.694059,-12.210748,-3.7433448,-25.788755,63.878555,-59.667786,13.853921,16.918129,31.83827
41,0.355319082736969,-4.279900074005127,65.30278015136719,0.9756497906869108,1.0106086260690603,-75.48782337830936,1.9436184,0.76132166,31.224154,19.923594,-19.411976,0.0,11.048081,-1.249867,-31.111181,10.264375,-19.946848,0.0,0.96604997,10.180105,-0.9381011,-13.808441,-10.0822315,14.533332,24.04134,-22.649166,-46.073227,19.15683,13.677807,-12.210748,-4.2291336,-25.77824,63.734978,-60.725384,14.096595,16.949726,31.02033
42,0.44300082325935364,-4.504335403442383,65.24616241455078,1.5105107802175004,0.8127706428958856,-74.31125683729604,2.3471034,0.10462977,30.006062,19.177397,-18.964378,0.0,9.368113,-3.0057156,-32.564423,16.269436,-22.710817,0.0,1.2016225,10.26514,-1.5206738,-15.046279,-10.0155735,14.730021,24.040482,-21.938938,-45.52857,19.02458,13.621857,-12.210748,-4.768887,-25.772549,63.55589,-61.880035,14.284046,16.95505,29.901009
43,0.5281968712806702,-4.717746257781982,65.15516662597656,2.0603618342698184,0.5766871376987499,-73.13968058230692,2.6366003,-0.46551803,28.804672,18.82274,-18.70578,0.0,7.9470477,-4.83009,-34.086002,21.931362,-24.80443,0.0,1.440188,10.400412,-2.126282,-16.293001,-9.94974,14.884839,24.041075,-21.162092,-44.936275,18.926468,13.544101,-12.210748,-5.3677874,-25.776707,63.36794,-63.10817,14.492994,16.84344,28.556423
44,0.6091495752334595,-4.932718276977539,65.05817413330078,2.5526192432350947,0.3235451599556317,-71.97301375288913,2.8737316,-0.9283951,27.616459,18.660763,-18.559359,0.0,6.6653543,-6.727696,-35.60435,27.442755,-26.147598,0.0,1.6794146,10.567422,-2.660075,-17.537159,-9.886339,15.006169,24.039442,-20.324787,-44.307358,18.937654,13.460776,-12.210748,-6.029933,-25.795639,63.200172,-64.38931,14.80585,16.525549,27.062948
45,0.70334792137146,-5.162369251251221,64.96041870117188,2.976790881078082,0.05743252087958757,-70.80037183602171,3.0894458,-1.3003935,26.436852,18.615917,-18.49532,0.0,5.486976,-8.704765,-37.070644,32.945557,-26.77682,0.0,1.9137826,10.767262,-3.1076922,-18.783983,-9.838115,15.085923,24.037262,-19.427896,-43.633812,19.091585,13.375368,-12.210748,-6.7591443,-25.830921,63.0746,-65.69676,15.320187,15.933546,25.342358
46,0.8001948595046997,-5.389769554138184,64.86675262451172,3.3560005838021523,-0.23016871485100096,-69.62100970260975,3.2793603,-1.6037066,25.268778,18.6857,-18.488022,0.0,4.3985467,-10.764199,-38.451996,38.491325,-26.868923,0.0,2.1434677,11.006279,-3.5031388,-20.036812,-9.800436,15.121225,24.036345,-18.468283,-42.907547,19.33873,13.277697,-12.210748,-7.544008,-25.881725,62.973473,-67.05096,15.994443,15.139003,23.383429
47,0.905388593673706,-5.616486549377441,64.78185272216797,3.6759831484746477,-0.5345519873686071,-68.45159571274242,3.463079,-1.8390019,24.116703,18.824125,-18.526308,0.0,3.3442397,-12.858725,-39.645664,43.99325,-26.560535,0.0,2.375967,11.273022,-3.8320014,-21.280693,-9.750525,15.128853,24.03316,-17.44793,-42.14217,19.632296,13.165358,-12.210748,-8.367234,-25.948387,62.867428,-68.51067,16.694912,14.256178,21.36696
48,1.0263152122497559,-5.859511375427246,64.70161437988281,3.923941061339124,-0.850502301611846,-67.3086736029505,3.6570756,-1.9996996,22.983791,19.012825,-18.62079,0.0,2.2558222,-14.925667,-40.548843,49.33409,-25.969738,0.0,2.6194186,11.555922,-4.080749,-22.500303,-9.663361,15.122083,24.023497,-16.367485,-41.34775,19.925377,13.035811,-12.210748,-9.216316,-26.031782,62.726555,-70.13059,17.277155,13.387445,19.478287
49,1.1431159973144531,-6.0993852615356445,64.62812042236328,4.092671721460258,-1.1810263908941283,-66.19944067290207,3.8449469,-2.073315,21.875534,19.274267,-18.77799,0.0,1.0089834,-17.005203,-41.096783,54.69138,-25.037601,0.0,2.8851786,11.864249,-4.233347,-23.69002,-9.519999,15.093464,24.006186,-15.2238455,-40.53171,20.215311,12.894141,-12.210748,-10.0956955,-26.131012,62.54882,-71.92158,17.706842,12.537802,17.72372
50,1.279306173324585,-6.350551605224609,64.56168365478516,4.188490850318561,-1.523832780458318,-65.11107443253039,4.047471,-2.0801406,20.785946,19.574566,-18.985943,0.0,-0.407856,-19.056805,-41.254086,60.034134,-23.588411,0.0,3.1655314,12.198227,-4.298151,-24.857868,-9.338249,15.024997,23.979448,-14.005336,-39.659657,20.506987,12.731302,-12.210748,-11.001807,-26.253176,62.348335,-73.86878,18.068277,11.648569,16.028101
51,1.4129462242126465,-6.62333869934082,64.50586700439453,4.219772349004804,-1.865103349137412,-64.03196591543808,4.254122,-2.014981,19.706385,19.892223,-19.214775,0.0,-1.9328907,-20.912876,-41.006626,65.00625,-21.678514,0.0,3.4419868,12.53283,-4.299967,-26.009413,-9.147191,14.914805,23.958532,-12.786676,-38.720856,20.84394,12.540815,-12.210748,-11.941677,-26.380758,62.14063,-75.95103,18.367588,10.719173,14.450045
52,1.523939847946167,-6.901911735534668,64.45803833007812,4.198794322543971,-2.191266827367126,-62.953291398860145,4.4178605,-1.8728737,18.63386,20.263586,-19.457375,0.0,-3.4899511,-22.458185,-40.43332,69.33594,-19.486408,0.0,3.6963508,12.843843,-4.268095,-27.088644,-8.985108,14.725872,23.949682,-11.668475,-37.650414,21.28182,12.29287,-12.210748,-12.918465,-26.500427,61.93949,-78.154495,18.608353,9.751091,13.04342
53,1.6340762376785278,-7.185925006866455,64.4172134399414,4.120309529502921,-2.5113947410415824,-61.88198894208329,4.5518746,-1.6584958,17.575722,20.696415,-19.726141,0.0,-5.149843,-23.7265,-39.531345,73.101166,-16.723476,0.0,3.93099,13.140328,-4.1997743,-27.9553,-8.888188,14.593089,23.961227,-10.757957,-36.666897,21.968193,12.01993,-12.210748,-13.898067,-26.592241,61.761143,-80.502304,18.778568,8.719977,11.8036
54,1.7375996112823486,-7.4750871658325195,64.38819885253906,3.9801940486449436,-2.825282882191099,-60.82444230431668,4.6659536,-1.3725444,16.53668,21.167717,-20.012548,0.0,-7.002168,-24.739494,-38.25041,76.450676,-13.372771,0.0,4.147701,13.434254,-4.0980377,-27.999987,-8.748768,14.481355,23.950525,-9.069151,-35.491585,22.103207,11.71579,-12.210748,-14.939349,-26.790798,61.48083,-83.148056,18.8219,7.5836287,10.876911
55,1.8222808837890625,-7.773707866668701,64.37640380859375,3.7891529478678048,-3.1063850310223957,-59.75964133433701,4.7561073,-1.0260473,15.496894,21.604324,-20.268785,0.0,-8.86002,-25.461615,-36.84919,79.29102,-10.165482,0.0,4.3512588,13.687111,-3.9435291,-27.999987,-8.671148,14.364975,23.962404,-8.067696,-34.436768,22.766897,11.394967,-12.210748,-15.951142,-26.913137,61.28753,-85.793755,18.92169,6.4778466,9.975187
56,1.882354974746704,-8.097407341003418,64.38587188720703,3.5598551706444685,-3.3278570908247933,-58.67725803777795,4.8322415,-0.6329601,14.445769,21.92063,-20.448122,0.0,-10.51542,-25.90294,-35.6078,81.5954,-7.9280424,0.0,4.528067,13.875347,-3.7626998,-27.999987,-8.539045,14.251895,23.969831,-6.5421715,-33.234425,22.894073,11.11608,-12.210748,-17.030203,-27.111723,61.02792,-88.541725,19.03835,5.4114604,9.277312
57,1.930802345275879,-8.435721397399902,64.41553497314453,3.2956554731191363,-3.479888375572036,-57.54950423995525,4.870341,-0.19681758,13.357292,22.130934,-20.554525,0.0,-11.790905,-26.12206,-34.76245,83.393394,-7.2517343,0.0,4.6611633,13.979209,-3.5433104,-27.999987,-8.420791,14.12716,23.983248,-5.473766,-32.00459,23.299532,10.785912,-12.210748,-18.056164,-27.260487,60.834137,-91.27331,19.310709,4.4357867,8.583945
58,1.9563270807266235,-8.763840675354004,64.45858764648438,2.9942717818975604,-3.5753611294528973,-56.394954597003334,4.840492,0.29106086,12.249313,22.315842,-20.623047,0.0,-12.791575,-26.17137,-34.208374,84.78929,-7.7032824,0.0,4.7547517,14.023081,-3.299785,-27.999987,-8.2377615,13.894268,23.99255,-3.9665701,-30.475742,23.237787,10.421428,-12.210748,-19.154177,-27.488415,60.58051,-94.1568,19.542297,3.4685316,8.101466
59,1.9785739183425903,-9.122775077819824,64.52247619628906,2.6622056212162275,-3.6227476227619455,-55.24723337716456,4.832361,0.81359404,11.149652,22.36772,-20.62471,0.0,-13.633408,-26.143326,-33.878414,85.87805,-8.629456,0.0,4.8530602,14.018851,-3.0160766,-27.999987,-8.097179,13.861516,24.011353,-2.8994877,-29.333916,23.487354,10.173138,-12.210748,-20.217947,-27.652878,60.403587,-96.98763,19.907507,2.6053538,7.6254582
60,1.9934306144714355,-9.500929832458496,64.60511016845703,2.306002903643747,-3.6316937085005443,-54.143699354197445,4.860226,1.3633896,10.095868,22.286922,-20.562038,0.0,-14.446746,-26.109795,-33.667606,86.73128,-9.346993,0.0,4.985005,13.987225,-2.7069755,-27.999987,-7.952337,13.737959,24.036722,-1.7444272,-28.001762,23.47591,9.900912,-12.210748,-21.353252,-27.831244,60.23844,-99.773476,20.287348,1.8447379,7.2343593
61,2.007092237472534,-9.894449234008789,64.7009048461914,1.9199055870830304,-3.595105263957745,-53.09617879812212,4.915441,1.9479748,9.095434,22.087568,-20.447044,0.0,-15.243252,-26.076014,-33.574493,87.328804,-9.767971,0.0,5.159138,13.920627,-2.3709857,-27.999987,-7.787861,13.414986,24.055115,-0.21646973,-26.29324,22.84504,9.582589,-12.210748,-22.5413,-28.089552,60.066505,-102.60548,20.68476,1.2273182,6.917447
62,2.0173988342285156,-10.295912742614746,64.8121109008789,1.5052229602629887,-3.5099809141360656,-52.08471753646878,4.978836,2.57003,8.130021,21.783754,-20.279228,0.0,-15.962951,-26.016146,-33.632267,87.643715,-10.218576,0.0,5.3665724,13.808938,-1.9927819,-27.999987,-7.6785326,13.353601,24.077349,0.8167724,-25.073057,22.572205,9.43616,-12.210748,-23.709728,-28.26754,59.971573,-105.358826,21.244583,0.7600407,6.596318
63,2.0289013385772705,-10.70715045928955,64.9298095703125,1.078650493407401,-3.3936752360032587,-51.09947804675855,5.044927,3.2151217,7.199429,21.421501,-20.081926,0.0,-16.626673,-25.951544,-33.795036,87.7289,-10.619773,0.0,5.5815883,13.678606,-1.6023399,-27.999987,-7.5481663,13.002872,24.10224,2.2494183,-23.307377,21.719934,9.122609,-12.210748,-24.988628,-28.524158,59.886967,-108.10123,21.681257,0.33667427,6.3557467
64,2.0322155952453613,-11.126540184020996,65.05023193359375,0.6546838420590911,-3.26299455594575,-50.12964728485138,5.105316,3.8729036,6.301093,21.038778,-19.86776,0.0,-17.251099,-25.907284,-34.030422,87.63911,-10.894955,0.0,5.804397,13.5463915,-1.1934116,-27.999987,-7.479527,12.956751,24.127542,3.2212687,-22.137955,21.367403,9.001821,-12.210748,-26.216545,-28.700846,59.845173,-110.65953,22.162636,-0.09080774,6.146103
65,2.0469863414764404,-11.551661491394043,65.17408752441406,0.22388349508907276,-3.122662190311035,-49.182162158876764,5.1807837,4.545467,5.4443617,20.61908,-19.636475,0.0,-17.843613,-25.872942,-34.32342,87.36515,-10.989223,0.0,6.0347304,13.414809,-0.76316714,-27.999987,-7.4276185,12.822977,24.158766,4.255089,-20.808975,20.887865,8.812338,-12.210748,-27.510206,-28.883137,59.826633,-113.08865,22.520926,-0.55730724,5.99456
66,2.046107530593872,-11.992711067199707,65.2960205078125,-0.21674121073905325,-2.9634039695574543,-48.259656571129014,5.247518,5.2509575,4.6230087,20.186348,-19.39744,0.0,-18.395308,-25.841228,-34.68915,86.881454,-10.945883,0.0,6.275496,13.273109,-0.31056294,-27.999987,-7.3981805,12.672218,24.190878,5.3089294,-19.468225,20.312695,8.630604,-12.210748,-28.865246,-29.071224,59.828583,-115.42031,22.791883,-1.0187193,5.89667
67,2.0423946380615234,-12.432997703552246,65.41091918945312,-0.641669636654755,-2.7829499964928437,-47.34475960508291,5.273298,5.955349,3.8246927,19.785557,-19.164793,0.0,-18.893984,-25.84762,-35.142334,86.22608,-10.854289,0.0,6.507846,13.129548,0.13411687,-27.999987,-7.400126,12.531001,24.222641,6.3490973,-18.166546,19.708336,8.453336,-12.210748,-30.260044,-29.262005,59.858387,-117.63693,22.985706,-1.4663926,5.84942
68,2.044271230697632,-12.8739652633667,65.51528930664062,-1.0257726797904023,-2.5793509182690153,-46.420322613228755,5.242916,6.6296086,3.036799,19.435844,-18.945122,0.0,-19.331463,-25.92546,-35.693295,85.43851,-10.799204,0.0,6.71274,12.993018,0.53986186,-27.999987,-7.4426193,12.415429,24.253977,7.348017,-16.942205,19.133125,8.277871,-12.210748,-31.721825,-29.455633,59.92401,-119.70571,23.069437,-1.8883805,5.8626766
69,2.048410177230835,-13.326546669006348,65.60972595214844,-1.3650845048494342,-2.3441395981859126,-45.46695965723718,5.1542025,7.274332,2.2412326,19.111458,-18.718887,0.0,-19.698494,-26.091902,-36.37084,84.52699,-10.801868,0.0,6.8705745,12.855601,0.8969642,-27.999987,-7.5269647,12.337293,24.284893,8.285735,-15.815714,18.61816,8.111078,-12.210748,-33.264942,-29.650885,60.03325,-121.6139,22.906033,-2.33131,5.918481
70,2.042844533920288,-13.773788452148438,65.69087982177734,-1.6714606788882944,-2.0820250287381077,-44.49891467903892,4.9868345,7.900412,1.4466095,18.854395,-18.504541,0.0,-20.002487,-26.326107,-37.159893,83.4735,-10.815288,0.0,6.9967623,12.716894,1.2228519,-27.999987,-7.650259,12.293136,24.314934,9.155062,-14.77962,18.159029,7.961981,-12.210748,-34.887257,-29.846617,60.18628,-123.37627,22.542034,-2.7801003,6.01449
71,2.037876844406128,-14.215903282165527,65.75791931152344,-1.9441807940731164,-1.8118147290078896,-43.54790245313094,4.778164,8.499526,0.6867372,18.657925,-18.315695,0.0,-20.259212,-26.605507,-38.00788,82.28251,-10.825958,0.0,7.1257267,12.597265,1.5282178,-27.999987,-7.819401,12.271417,24.342876,9.955059,-13.824665,17.750793,7.83186,-12.210748,-36.567204,-30.041159,60.38341,-125.00502,22.245985,-3.1338902,6.1736183
72,2.0213124752044678,-14.658552169799805,65.80487060546875,-2.182866488841374,-1.5526661892281313,-42.64564520566914,4.5464554,9.073216,-0.0074436283,18.545769,-18.176016,0.0,-20.48423,-26.906744,-38.86403,80.95616,-10.820097,0.0,7.291776,12.5164175,1.823591,-27.999987,-8.043279,12.25698,24.367239,10.687656,-12.933161,17.382374,7.716489,-12.210748,-38.28067,-30.233751,60.624542,-126.51392,22.293385,-3.29476,6.417549
73,2.0018398761749268,-15.096237182617188,65.83599853515625,-2.384558669747372,-1.3057690827172406,-41.79590979471399,4.3140984,9.611665,-0.61995226,18.477629,-18.067387,0.0,-20.68191,-27.240492,-39.732548,79.51297,-10.832452,0.0,7.500846,12.476095,2.1065743,-27.999987,-8.333071,12.249981,24.386028,11.344289,-12.115701,17.046852,7.6250544,-12.210748,-40.025555,-30.42332,60.90899,-127.90946,22.763567,-3.228506,6.7670956
74,1.9887456893920898,-15.54131031036377,65.84864044189453,-2.551298590702675,-1.0638086277690324,-40.98262455336892,4.077928,10.119339,-1.1682224,18.449314,-17.988623,0.0,-20.842089,-27.611488,-40.644466,77.94874,-10.860244,0.0,7.7364645,12.466375,2.374079,-27.999987,-8.686161,12.251878,24.398392,11.922369,-11.371749,16.753187,7.5578456,-12.210748,-41.809578,-30.609358,61.237118,-129.18503,23.519556,-2.998687,7.204968
75,1.9762334823608398,-15.985979080200195,65.84282684326172,-2.6914749822569517,-0.8338305610490607,-40.2081012424411,3.8193464,10.603059,-1.6670879,18.508862,-17.960674,0.0,-20.963825,-27.988138,-41.58522,76.23989,-10.837559,0.0,7.9995446,12.488775,2.6357763,-27.999987,-9.086672,12.250678,24.404926,12.441094,-10.667732,16.506113,7.4999623,-12.210748,-43.626,-30.791376,61.61055,-130.33133,24.512299,-2.6607468,7.6931133
76,1.9559108018875122,-16.42790985107422,65.81938171386719,-2.8136574589544487,-0.6225380680498855,-39.474800922745345,3.5267937,11.07203,-2.130174,18.690514,-17.997112,0.0,-21.048187,-28.336597,-42.53604,74.359535,-10.699333,0.0,8.288301,12.545986,2.9009955,-27.999987,-9.635742,12.181044,24.406279,13.098932,-9.85917,16.100735,7.379302,-12.210748,-45.592957,-31.03523,62.195965,-131.34665,25.667885,-2.1998122,8.051191
77,1.9345762729644775,-16.871742248535156,65.77452087402344,-2.921254132212299,-0.432857602073325,-38.79278386609208,3.2081554,11.526402,-2.551659,19.002281,-18.114885,0.0,-21.121622,-28.64532,-43.462143,72.30578,-10.443499,0.0,8.622612,12.643177,3.1813076,-27.999987,-10.125439,12.095605,24.40224,13.652487,-9.089538,15.788091,7.2797236,-12.210748,-47.49713,-31.256495,62.758144,-132.25812,27.269102,-1.6526905,8.53197
78,1.9025038480758667,-17.312885284423828,65.709716796875,-3.010550303736986,-0.26188985543917326,-38.15748553042499,2.8584073,11.963274,-2.9275346,19.432932,-18.300058,0.0,-21.181723,-28.931316,-44.384567,70.10439,-10.110435,0.0,8.996506,12.777391,3.4696982,-27.999987,-10.652159,11.9852085,24.393806,14.158991,-8.3334465,15.497862,7.1849575,-12.210748,-49.427364,-31.461407,63.343136,-133.0387,29.220644,-1.0078706,9.105774
79,1.8609365224838257,-17.755544662475586,65.61904907226562,-3.078860888056551,-0.10669770427798247,-37.54912404981456,2.4493327,12.382154,-3.2800035,20.024862,-18.562649,0.0,-21.192635,-29.19556,-45.354965,67.75739,-9.687919,0.0,9.378328,12.93472,3.7503479,-27.999987,-11.222892,11.840155,24.38029,14.748797,-7.50755,15.151891,7.034151,-12.210748,-51.43324,-31.69529,64.097,-133.64922,31.122913,-0.35810795,9.548072
80,1.8126524686813354,-18.206436157226562,65.50277709960938,-3.123168902255873,0.035146266100728366,-36.94784145946773,1.9711276,12.782904,-3.627769,20.783506,-18.893703,0.0,-21.126774,-29.435566,-46.414375,65.26603,-9.160872,0.0,9.740447,13.100668,4.005576,-27.999987,-11.710026,11.741818,24.367105,15.281244,-6.712252,14.997597,6.8635,-12.210748,-53.37561,-31.896732,64.7845,-134.04367,32.513454,0.0734626,9.917417
81,1.7648084163665771,-18.66230583190918,65.36168670654297,-3.147411885439016,0.1613254691838624,-36.344218726542465,1.41087,13.165452,-3.9764621,21.73441,-19.301807,0.0,-20.94234,-29.631971,-47.648865,62.554012,-8.464114,0.0,10.072486,13.278017,4.239198,-27.999987,-12.146069,11.678848,24.35417,15.796506,-5.926326,14.989047,6.640857,-12.210748,-55.25506,-32.074722,65.44766,-134.2371,33.37307,0.2615494,10.098907
82,1.7008192539215088,-19.12631607055664,65.21316528320312,-3.1529782241225486,0.27093525760504783,-35.75014181459055,0.5737529,13.4337225,-4.348034,23.369713,-20.08524,0.0,-20.6728,-29.749378,-48.992725,59.591637,-7.590417,0.0,10.391217,13.4727335,4.4576716,-27.999987,-12.553134,11.631517,24.340376,16.307285,-5.1377473,15.077027,6.3752627,-12.210748,-57.11702,-32.23483,66.11052,-134.2411,33.88734,0.3079117,10.141048
83,1.6398059129714966,-19.593585968017578,65.03858184814453,-3.13055800369295,0.36809491537615363,-35.17869112627601,-0.27479556,13.671459,-4.691604,25.070065,-20.895243,0.0,-20.453114,-29.828173,-50.228363,56.58941,-6.680789,0.0,10.704485,13.67708,4.6474085,-27.999987,-12.933797,11.578394,24.325031,16.906868,-4.275159,15.170331,6.063416,-12.210748,-59.013275,-32.395782,66.88394,-134.02583,34.020386,0.33139664,10.055701
84,1.5801852941513062,-20.073400497436523,64.8334732055664,-3.0713021062106436,0.4566923297135959,-34.64259177314391,-1.113751,13.87384,-4.998694,26.804472,-21.723274,0.0,-20.38914,-29.912907,-51.160866,53.724796,-5.8731403,0.0,11.022318,13.8827715,4.7933,-27.999987,-13.266875,11.540992,24.311058,17.519514,-3.3664722,15.375353,5.761796,-12.210748,-60.870125,-32.522896,67.616646,-133.56458,33.686092,0.33738697,10.048498
85,1.5184881687164307,-20.559377670288086,64.59370422363281,-2.9708159435219152,0.542562577315503,-34.12767440479819,-2.029796,14.032073,-5.290388,28.711426,-22.602436,0.0,-20.495901,-30.008936,-51.780052,50.972298,-5.1160917,0.0,11.33281,14.093599,4.8855605,-27.999987,-13.554388,11.50262,24.299395,18.252539,-2.3702984,15.6541195,5.4131103,-12.210748,-62.81727,-32.626404,68.45919,-132.8477,32.57365,0.38740414,9.992009
86,1.4570536613464355,-21.061811447143555,64.32476806640625,-2.8349663882677563,0.6210326591690889,-33.6334890539174,-3.01793,14.153394,-5.560894,30.794039,-23.541124,0.0,-20.7311,-30.120544,-52.15954,48.303013,-4.397501,0.0,11.636169,14.312835,4.933732,-27.999987,-13.799745,11.465726,24.291433,19.085127,-1.3008682,15.996504,5.0176697,-12.210748,-64.83168,-32.68542,69.3945,-131.86923,30.8245,0.4417861,9.859573
87,1.403407335281372,-21.57078742980957,64.0311508178711,-2.6700942519598674,0.6812418095473639,-33.19117442023047,-3.903806,14.259059,-5.7592206,32.779377,-24.473701,0.0,-21.094679,-30.286608,-52.2549,45.857056,-3.9005184,0.0,11.954052,14.532299,4.952317,-27.999987,-14.0139675,11.41666,24.287373,20.012983,-0.117792286,16.245903,4.625256,-12.210748,-66.89793,-32.565132,70.43595,-130.46622,29.06039,0.53384715,9.729025
88,1.3559339046478271,-22.090099334716797,63.71135711669922,-2.483050874154848,0.7130606714483817,-32.8324958145643,-4.516713,14.371013,-5.836555,34.402042,-25.34087,0.0,-21.586584,-30.53146,-52.03125,43.756466,-3.795074,0.0,12.31691,14.741989,4.9549794,-27.999987,-14.200659,12.033373,24.216297,20.79284,0.0,16.823267,4.9048386,-12.210748,-68.74532,-32.366833,71.30739,-128.74687,27.895916,0.6104469,9.84095
89,1.3207521438598633,-22.61908721923828,63.37082290649414,-2.256103541932712,0.7003498821241316,-32.56369985318833,-4.8339624,14.474751,-5.763052,35.66248,-26.142132,0.0,-22.254005,-30.81302,-51.29123,41.94654,-4.2431574,0.0,12.736002,14.961136,4.922541,-27.999987,-14.35745,12.768369,24.12741,21.589128,0.0,17.232456,5.40744,-12.210748,-70.38093,-32.10665,72.10852,-126.69615,27.549324,0.707759,10.17805
90,1.3045283555984497,-23.15949058532715,63.004364013671875,-1.9928242599664339,0.6532079197702264,-32.36888050106367,-4.943121,14.566634,-5.565487,36.686325,-26.904406,0.0,-23.082478,-31.118053,-50.124725,40.376984,-5.115051,0.0,13.195521,15.188506,4.8559537,-27.999987,-14.48199,13.547565,24.027761,22.417364,0.0,17.50719,6.0387278,-12.210748,-71.85982,-31.80186,72.86368,-124.338585,27.667038,0.8205828,10.672718
91,1.3025630712509155,-23.71283721923828,62.6236686706543,-1.73217652451298,0.6012697911678174,-32.24686516274279,-4.84111,14.680517,-5.293423,37.40469,-27.623533,0.0,-23.987808,-31.488806,-48.93702,39.137165,-6.1018343,0.0,13.671874,15.385789,4.801206,-27.999987,-14.586714,14.375024,23.911512,23.30296,0.0,17.682568,6.786953,-12.210748,-73.242355,-31.464207,73.61298,-121.68131,28.061186,0.98711073,11.206772
92,1.324642300605774,-24.274770736694336,62.231998443603516,-1.5121149302498278,0.5738858794541909,-32.19669823604608,-4.5269003,14.855036,-4.9862766,37.745872,-28.280415,0.0,-24.886946,-31.949745,-48.13646,38.27671,-6.86861,0.0,14.141874,15.51338,4.8026133,-27.999987,-14.685837,15.255606,23.773104,24.270237,0.0,17.794968,7.6412215,-12.210748,-74.594025,-31.100811,74.397415,-118.72405,28.542364,1.2475384,11.659204
93,1.3696098327636719,-24.830625534057617,61.83624267578125,-1.3516008040428484,0.5813513393533281,-32.24881967037222,-3.9031446,15.111231,-4.613047,37.548016,-28.876204,0.0,-25.789417,-32.514053,-47.713005,37.781204,-7.3708034,0.0,14.630416,15.54126,4.8799744,-27.999987,-14.744093,16.215597,23.609474,25.33263,0.0,17.80444,8.605942,-12.210748,-75.89743,-30.708181,75.20113,-115.426735,29.242012,1.607586,12.037402
94,1.4143043756484985,-25.393339157104492,61.433738708496094,-1.2261632347164144,0.6077980462067377,-32.394400661384324,-2.995394,15.41772,-4.1684422,36.88054,-29.416294,0.0,-26.733177,-33.080345,-47.505314,37.520985,-7.7031193,0.0,15.139494,15.495379,5.0035095,-27.999987,-14.769798,17.239683,23.424372,26.463491,0.0,17.710304,9.69521,-12.210748,-77.117714,-30.299202,76.00414,-111.80983,30.186497,2.0476627,12.403481
95,1.469571828842163,-25.960445404052734,61.03037643432617,-1.1093478084427255,0.6442386615600176,-32.571593851315036,-1.9886626,15.7390375,-3.7363408,36.024014,-29.897064,0.0,-27.62689,-33.588963,-47.710766,37.41347,-7.767205,0.0,15.610335,15.420063,5.1431065,-27.999987,-14.83485,18.271286,23.224062,27.630749,0.0,17.61081,10.911472,-12.210748,-78.302444,-29.903843,76.84781,-107.960014,31.039557,2.5741012,12.710839
96,1.5183255672454834,-26.536846160888672,60.63569641113281,-0.9742448868534412,0.6812162601328297,-32.71713779646108,-1.0788825,16.04654,-3.4048562,35.281055,-30.323355,0.0,-28.346283,-34.086582,-48.535217,37.443806,-7.511372,0.0,15.984159,15.36118,5.270736,-27.999987,-15.014,19.254154,23.015703,28.808958,0.0,17.60782,12.25456,-12.210748,-79.507545,-29.54549,77.77519,-103.95677,31.470383,3.1953695,12.896217
97,1.5603995323181152,-27.117246627807617,60.257362365722656,-0.8281521766799219,0.7336018154503745,-32.818331103010145,-0.34502676,16.349504,-3.2430675,34.746517,-30.727869,0.0,-28.780497,-34.692715,-50.33233,37.662964,-6.8635197,0.0,16.231102,15.318266,5.3983655,-27.999987,-15.348254,20.186764,22.796331,30.048323,0.0,17.73939,13.758054,-12.210748,-80.86556,-29.209385,78.95101,-99.6976,31.319233,3.9676225,12.824103
98,1.5961978435516357,-27.717205047607422,59.885013580322266,-0.6789387355234108,0.8005043547088638,-32.90631497634044,0.3188454,16.661734,-3.197339,34.263027,-31.098501,0.0,-28.960732,-35.436825,-52.92857,38.115585,-5.9028645,0.0,16.38566,15.272353,5.5337105,-27.999987,-15.792308,21.091324,22.567104,31.342463,0.0,17.960487,15.419245,-12.210748,-82.32137,-28.884264,80.315414,-95.1785,30.77944,4.8679895,12.532485
99,1.6399776935577393,-28.334495544433594,59.53461456298828,-0.503182174493582,0.8492319337487935,-32.98444274510549,0.98894227,16.966587,-3.1684453,33.770473,-31.373028,0.0,-28.968042,-36.210735,-55.740868,38.714375,-4.7900877,0.0,16.487965,15.241731,5.6459546,-27.999987,-16.287966,21.949686,22.341002,32.58872,0.0,18.248146,17.175264,-12.210748,-83.65084,-28.598473,81.57831,-90.60737,30.060204,5.7840877,12.218955
100,1.6793161630630493,-28.998279571533203,59.220333099365234,-0.27724368510220665,0.8470267294486459,-33.05538017916316,1.7496407,17.245415,-3.0505793,33.20005,-31.483936,0.0,-28.93476,-36.924088,-58.15396,39.41886,-3.7187006,0.0,16.577465,15.244827,5.7035036,-27.999987,-16.778404,22.745405,22.129591,33.688957,0.0,18.575726,18.956139,-12.210748,-84.626785,-28.385767,82.448715,-86.17098,29.3788,6.6060762,12.107602
101,1.7263431549072266,-29.70110511779785,58.945220947265625,0.02647557324057859,0.7675934324239799,-33.12951076912117,2.6429422,17.467104,-2.7906983,32.53478,-31.415522,0.0,-28.871174,-37.517,-60.13346,40.11356,-2.5105493,0.0,16.667147,15.327963,5.683212,-27.999987,-17.286804,23.478165,21.931705,34.624023,0.0,19.017385,20.785206,-12.210748,-85.18174,-28.250505,82.888336,-81.83457,28.904734,7.3085923,12.365633
102,1.774180293083191,-30.452220916748047,58.708412170410156,0.38816054858857224,0.6344386799913728,-33.20384404700984,3.6196973,17.648298,-2.4462843,31.812984,-31.191488,0.0,-28.744764,-38.01829,-61.95969,40.85114,-1.1373563,0.0,16.735632,15.468127,5.6077704,-27.999987,-17.833616,24.159159,21.743425,35.45221,0.0,19.567394,22.68076,-12.210748,-85.44509,-28.1754,83.04936,-77.48531,28.476954,7.944989,12.844908
103,1.8460227251052856,-31.25654411315918,58.50619125366211,0.7594104284555797,0.48902324985460455,-33.25929516585688,4.6293755,17.842808,-2.080882,31.052244,-30.812693,0.0,-28.656412,-38.50173,-63.43695,41.859592,-0.029573463,0.0,16.77008,15.578729,5.513977,-27.999987,-18.348585,24.7894,21.569677,36.192966,0.0,20.075583,24.55846,-12.210748,-85.48938,-28.160923,82.929565,-73.18443,27.828615,8.523421,13.313257
104,1.9488672018051147,-32.10578155517578,58.34621047973633,1.0910777049350913,0.37225434690733206,-33.27505455582443,5.621966,18.10819,-1.7591786,30.267477,-30.272839,0.0,-28.70517,-39.04922,-64.33016,43.34812,0.43104258,0.0,16.758379,15.572735,5.438681,-27.999987,-18.76513,25.363768,21.415339,36.827015,0.0,20.427998,26.336563,-12.210748,-85.397934,-28.192469,82.547104,-68.98219,26.682047,9.047518,13.521697
105,2.092426300048828,-33.000328063964844,58.21818161010742,1.3500177408696348,0.2788716957036884,-33.20450998658285,6.6498947,18.49354,-1.5351278,29.341934,-29.525188,0.0,-29.086868,-39.757797,-64.096054,45.58456,0.24897714,0.0,16.675945,15.42008,5.4000764,-27.999987,-19.03915,25.86603,21.277725,37.369465,0.0,20.526493,28.028105,-12.210748,-85.13225,-28.255667,81.81544,-64.87793,24.876339,9.499514,13.40765
106,2.264054775238037,-33.93855285644531,58.12848663330078,1.5684805972202036,0.19132143862566053,-33.07159248322713,7.7093854,18.95705,-1.3676468,28.33014,-28.582607,0.0,-29.802973,-40.509308,-62.931503,48.283924,-0.24668692,0.0,16.53668,15.169081,5.376202,-27.999987,-19.213764,26.303328,21.15096,37.864433,0.0,20.430277,29.657837,-12.210748,-84.667206,-28.35814,80.75628,-60.82843,22.59654,9.843604,13.116164
107,2.455827236175537,-34.932884216308594,58.05581283569336,1.7937298313673948,0.1329146093140382,-32.95831889010579,8.666792,19.429926,-1.1569134,27.488245,-27.505335,0.0,-30.510416,-41.13926,-61.871696,50.902557,-1.1223513,0.0,16.391703,14.848672,5.336317,-27.999987,-19.35069,26.937534,20.957306,38.39206,0.0,20.135107,30.000013,-12.210748,-84.08326,-28.517363,79.51652,-56.827126,20.112707,10.064223,12.69879
108,2.6375679969787598,-35.947853088378906,58.015708923339844,2.072098826228693,0.1262648852976915,-32.94292703997934,9.395035,19.846272,-0.8079209,27.050179,-26.33041,0.0,-30.696405,-41.573574,-62.03108,53.04067,-2.6894093,0.0,16.279318,14.490659,5.2638044,-27.999987,-19.51776,27.599579,20.772654,38.86645,0.0,19.8745,30.000013,-12.210748,-83.60697,-28.69347,78.51239,-52.782543,17.486555,10.176856,12.0877285
109,2.8229939937591553,-36.990169525146484,57.997047424316406,2.426738598253879,0.1898341219966565,-32.976850931123614,9.849604,20.21377,-0.39699534,27.003586,-25.013344,0.0,-29.947939,-41.837254,-64.064644,54.72012,-5.411948,0.0,16.16946,14.073962,5.125749,-27.999987,-19.719614,28.210184,20.623991,39.326046,0.0,19.54804,30.000013,-12.210748,-83.20489,-28.91874,77.72623,-48.645443,14.559232,10.0944605,11.182651
110,2.988611936569214,-38.03714370727539,58.0106086730957,2.8299011699172203,0.3075579810808842,-33.04184161666325,10.087242,20.57242,0.07011982,27.250195,-23.500416,0.0,-28.64661,-41.868095,-67.05359,56.133465,-8.90335,0.0,16.051374,13.592183,4.9451485,-27.999987,-19.903023,28.768423,20.517492,39.67204,0.0,19.221115,30.000013,-12.210748,-82.9009,-29.13252,77.20616,-44.352436,11.178445,9.790612,9.969254
111,3.1425259113311768,-39.08464050292969,58.045982360839844,3.2485843148263784,0.45274694653194403,-33.259941012137325,10.163814,20.910902,0.7756036,27.869314,-21.848404,0.0,-27.438105,-41.581417,-69.73295,57.25753,-12.31143,0.0,15.993249,13.099668,4.7800536,-27.999987,-20.141037,29.325893,20.426437,40.049694,0.0,18.925957,30.000013,-12.210748,-82.61801,-29.387482,76.7703,-40.178932,7.9670157,9.427209,8.745142
112,3.290222644805908,-40.130157470703125,58.09671401977539,3.6488096048624286,0.6005154214214232,-33.751197495075154,10.152892,21.228342,1.9044498,28.919855,-20.108334,0.0,-26.856869,-41.059902,-71.12298,58.164024,-15.015046,0.0,16.06305,12.6507435,4.687173,-27.999987,-20.44982,29.923826,20.347324,40.492954,0.0,18.80978,30.000013,-12.210748,-82.353714,-29.673445,76.32434,-36.32559,5.4554944,9.224979,7.776373
113,3.4339957237243652,-41.173980712890625,58.15555953979492,4.032409528092897,0.7672135075989965,-34.5591322840853,10.13022,21.542015,3.607246,30.362614,-18.302326,0.0,-26.934978,-40.40807,-71.16198,58.909306,-17.011013,0.0,16.321127,12.231804,4.6905813,-27.999987,-20.892494,30.588154,20.280523,40.989777,0.0,18.902193,30.000013,-12.210748,-82.10367,-29.983152,75.74429,-32.790394,3.9488049,9.342791,7.140204
114,3.586733341217041,-42.23033905029297,58.22486877441406,4.4113471256238,0.9627410306681957,-35.61439703074189,10.090688,21.890097,5.7484417,32.121872,-16.376837,0.0,-27.303743,-39.64202,-70.513054,59.497284,-18.661177,0.0,16.716114,11.822452,4.7516465,-27.999987,-21.440804,31.294352,20.228746,41.519234,0.0,19.132975,30.000013,-12.210748,-81.84263,-30.317635,75.01326,-29.50818,3.1681902,9.701732,6.7164135
115,3.725898265838623,-43.27845764160156,58.30859375,4.766330750761314,1.1526771906338396,-36.865826072889654,9.999452,22.3067,8.079515,34.178185,-14.244833,0.0,-27.797852,-38.7749,-69.481705,59.97682,-20.087685,0.0,17.147343,11.466763,4.835745,-27.999987,-21.975763,32.00775,20.18478,42.132828,0.0,19.468502,30.000013,-12.210748,-81.55592,-30.681225,74.23401,-26.585522,2.737289,10.184935,6.446678
116,3.8589999675750732,-44.329254150390625,58.4014778137207,5.080133262780684,1.3012501770248537,-38.26377591278719,9.814658,22.814653,10.347925,36.507965,-11.810783,0.0,-28.29218,-37.80918,-68.30959,60.38621,-21.38628,0.0,17.514978,11.210603,4.9112496,-27.999987,-22.408829,32.694347,20.13743,43.04622,0.0,19.713552,30.000013,-12.210748,-81.15218,-31.196478,73.404594,-24.291485,2.3615353,10.691497,6.2550216
117,3.983125925064087,-45.37059783935547,58.50590896606445,5.362892506080553,1.3922110922641557,-39.86771488808959,9.615775,23.534246,13.024273,39.19444,-8.97411,0.0,-28.793272,-36.78136,-66.910835,60.805447,-22.570446,0.0,17.851929,11.079706,4.981994,-27.999987,-22.599121,33.386734,20.08241,44.431572,0.0,19.838299,30.000013,-12.210748,-80.65793,-31.967176,72.529724,-22.821915,1.9346254,11.337068,6.204411
118,4.097916603088379,-46.40818786621094,58.61756134033203,5.61679267933546,1.4487182741223705,-41.68325871728326,9.469777,24.449186,16.013199,42.162304,-5.8099775,0.0,-29.352894,-35.587143,-65.253746,61.09157,-23.575039,0.0,18.202774,11.046785,5.060912,-27.999987,-22.651045,34.084564,20.024998,46.24675,0.0,19.82753,30.000013,-12.210748,-79.39078,-34.16118,70.956375,-23.579018,1.9090452,12.350411,6.235276
119,4.21678352355957,-47.439903259277344,58.741641998291016,5.823622683268728,1.4885041123945146,-43.579724709567984,9.230592,25.27359,18.184633,45.124855,-2.4190087,0.0,-29.843433,-34.282867,-63.545795,61.258766,-24.464645,0.0,18.46291,11.074789,5.1476636,-27.999987,-22.621738,34.704887,19.971682,47.813198,0.0,20.089127,30.000013,-12.210748,-78.34588,-35.918156,69.77406,-24.074898,1.8168676,13.160601,6.267875
120,4.33930778503418,-48.47418212890625,58.876441955566406,5.963184150737299,1.5276470896880316,-45.42202842978644,8.638668,25.624355,18.409945,47.79229,1.1702116,0.0,-30.156195,-32.921402,-61.987316,61.323414,-25.31833,0.0,18.536686,11.13128,5.2265,-27.999987,-22.546991,35.163883,19.933884,49.133404,0.0,20.358763,30.000013,-12.210748,-77.187035,-37.67819,68.80352,-24.73203,1.8071191,13.584533,6.098688
121,4.4751152992248535,-49.503238677978516,59.01824951171875,6.031684193666807,1.5470598153481103,-47.20016709044406,7.407592,25.116634,15.786242,50.110447,5.3321323,0.0,-30.271294,-31.516035,-60.587082,61.27646,-26.139421,0.0,18.37734,11.238925,5.285367,-27.999987,-22.404726,35.43544,19.906986,50.171787,0.0,20.698261,30.000013,-12.210748,-75.74081,-39.63194,67.90212,-25.891169,2.0978673,13.554397,5.75496
122,4.616782188415527,-50.522953033447266,59.15037536621094,6.044619761259323,1.5411665298452313,-48.976543990024474,5.838351,23.735344,11.255575,52.04219,10.121884,0.0,-30.260683,-30.06562,-59.244095,61.145054,-26.91043,0.0,18.044374,11.40687,5.3286123,-27.999987,-22.185318,35.558235,19.890764,51.0557,0.0,21.09346,30.000013,-12.210748,-73.89606,-41.916683,66.85462,-27.778633,2.7275875,13.258539,5.3233776
123,4.748166084289551,-51.527374267578125,59.276336669921875,6.008520539410737,1.5450607535928924,-50.72187525784031,4.4425015,21.818697,6.474598,53.519573,14.9264145,0.0,-30.175138,-28.589088,-57.954754,60.939346,-27.614685,0.0,17.601852,11.581399,5.372431,-27.999987,-21.953861,35.54855,19.90459,51.769043,0.0,21.425188,30.000013,-12.210748,-71.35206,-44.725403,65.051636,-30.528625,3.808917,12.915122,4.815437
124,4.867821216583252,-52.51588821411133,59.39885330200195,5.922013462005347,1.594177262279829,-52.402425919894625,3.4441795,19.968674,2.8790822,54.732746,18.960358,0.0,-30.052176,-27.10921,-56.73423,60.68238,-28.252214,0.0,17.11156,11.707913,5.4413753,-27.999987,-21.773006,35.429485,19.967186,52.292458,0.0,21.573812,30.000013,-12.210748,-67.534004,-48.371555,61.574295,-34.498287,5.4960566,12.764369,4.3305874
125,4.974950790405273,-53.48073959350586,59.52271270751953,5.760301269994343,1.7132709825531596,-53.99320590501259,2.7629209,18.304985,0.48347375,55.687756,22.118752,0.0,-29.905592,-25.609936,-55.612904,60.350544,-28.803299,0.0,16.554644,11.755125,5.5568933,-27.999987,-21.676104,35.151787,20.073248,52.521385,0.0,21.431017,30.000013,-12.210748,-61.340137,-53.326206,55.25168,-40.48287,7.9751315,12.765402,4.1052203
126,5.097180366516113,-54.44703674316406,59.62004089355469,5.496440071096865,1.8760545409993417,-55.5197055804261,2.178003,16.67634,-1.4367625,56.611946,24.506489,0.0,-29.723373,-24.091288,-54.572773,60.026146,-29.328493,0.0,15.926299,11.752427,5.754498,-27.999987,-21.637262,34.72415,20.216116,52.47929,0.0,21.080511,30.000013,-12.210748,-50.970543,-60.12405,44.489117,-49.283314,10.630701,12.703803,4.825304
127,5.201803684234619,-55.424644470214844,59.72129821777344,5.225125949927785,2.040545806481157,-57.018489561970014,1.5253377,15.30561,-2.6436749,57.814877,25.954443,0.0,-29.485655,-22.573515,-53.55,59.64646,-29.8175,0.0,15.278879,11.760835,5.995406,-27.999987,-21.63608,34.252785,20.412636,52.337875,0.0,20.694384,30.000013,-12.210748,-36.243637,-68.3247,29.338667,-59.01325,10.966783,12.255824,6.9702044
128,5.272248268127441,-56.411231994628906,59.83345413208008,4.997647398824211,2.162243414863443,-58.52226736758337,0.58198,14.385639,-3.0745628,59.792812,26.000021,0.0,-29.178215,-21.076473,-52.491096,59.207756,-30.273617,0.0,14.640691,11.81983,6.222833,-27.999987,-21.601322,33.86634,20.687784,52.320637,0.0,20.452726,30.000013,-12.210748,-23.664566,-75.208435,16.526093,-64.31176,8.173609,11.614713,9.013214
129,5.30115270614624,-57.411415100097656,59.97826385498047,4.8393665839975295,2.2328878355729267,-60.040588305210875,-0.6242937,14.178663,-2.4098403,62.4519,24.99967,0.0,-28.785538,-19.581205,-51.364986,58.64783,-30.671444,0.0,13.995561,11.933639,6.304423,-27.999987,-21.549223,33.751106,20.916645,52.37797,0.0,20.410875,30.000013,-12.210748,-23.253693,-75.48663,16.104559,-62.73023,8.007523,11.313011,8.165259
130,5.292892932891846,-58.41407775878906,60.11332702636719,4.664456681124139,2.2700964112456408,-61.56558079075059,-2.0405843,14.658901,-0.8384138,65.873314,22.401379,0.0,-28.303228,-18.071907,-50.280266,58.039295,-31.04417,0.0,13.369802,12.093935,6.3877907,-27.999987,-21.331993,33.46517,21.383389,52.6275,0.0,20.681097,30.000013,-12.210748,-22.437817,-75.822266,15.271837,-61.436214,7.336837,11.53294,7.304898
131,5.268779277801514,-59.41338348388672,60.22913360595703,4.484571066856337,2.2985723593002008,-63.080696379478326,-3.4688458,15.268348,0.76394105,69.43776,18.836079,0.0,-27.847067,-16.671814,-49.089817,57.569912,-31.433908,0.0,12.755518,12.254922,6.473924,-27.999987,-21.218763,33.386635,21.758106,52.8252,0.0,20.911856,30.000013,-12.210748,-22.184797,-75.97104,14.824672,-59.503956,6.712528,11.679205,6.6478524
132,5.229931831359863,-60.417320251464844,60.34558868408203,4.320839100591602,2.310938864376346,-64.55738347224403,-4.835174,15.683319,2.0130904,72.5995,15.011855,0.0,-27.327257,-15.350477,-47.91168,57.10514,-31.812984,0.0,12.120674,12.421984,6.5323563,-27.999987,-21.047646,33.21932,22.242336,53.104656,0.0,21.359615,29.992043,-12.210748,-21.887947,-76.07456,14.3715315,-57.5246,5.652339,11.9363985,6.164454
133,5.181594371795654,-61.42828369140625,60.454917907714844,4.180698526226143,2.316581676769176,-65.97459529947736,-6.2015114,15.8072405,2.8304522,75.3948,10.728435,0.0,-26.761343,-14.110611,-46.73723,56.643864,-32.18892,0.0,11.486498,12.582209,6.5288906,-27.999987,-20.814745,33.427067,22.701927,53.512863,0.0,21.999222,26.367893,-12.210748,-21.544252,-76.14317,13.908652,-55.273247,4.1174865,12.186239,5.9649067
134,5.118343830108643,-62.42790222167969,60.556556701660156,4.061970114370169,2.3123716848080096,-67.34952832064872,-7.5511527,15.909089,3.6310842,77.98999,5.827104,0.0,-26.154179,-12.926364,-45.551342,56.171677,-32.549995,0.0,10.840777,12.745842,6.498021,-27.999987,-20.524384,33.71496,23.17872,54.042416,0.0,22.698996,22.481853,-12.210748,-21.189194,-76.178375,13.435509,-52.78078,2.2025757,12.47383,6.0105877
135,5.049820423126221,-63.427734375,60.650848388671875,3.9542125175207397,2.2993725045919415,-68.7303345507552,-8.851258,15.998978,4.4576964,80.25057,0.94830555,0.0,-25.53067,-11.790594,-44.320293,55.71119,-32.88678,0.0,10.194432,12.904455,6.4479074,-27.999987,-20.191618,33.93398,23.677607,54.66424,0.0,23.62634,18.51153,-12.210748,-20.867495,-76.17896,12.951828,-50.13792,0.07619959,12.748574,6.2551904
136,4.989200592041016,-64.41667175292969,60.74082946777344,3.8470874208297854,2.277641526716937,-70.16715850244476,-10.11233,16.033775,5.265992,82.08899,-3.283559,0.0,-24.919004,-10.698089,-43.006374,55.289257,-33.18763,0.0,9.557221,13.049164,6.3899884,-27.999987,-19.837875,33.9146,24.216404,55.3153,0.0,24.712955,14.827457,-12.210748,-20.636848,-76.13952,12.454315,-47.431828,-2.0784316,12.954143,6.652743
137,4.939323425292969,-65.39517974853516,60.82399368286133,3.7373073261591303,2.250025453554893,-71.6365667752742,-11.421646,15.947727,5.9455075,83.5593,-6.7496495,0.0,-24.320923,-9.643655,-41.626076,54.907284,-33.455963,0.0,8.915803,13.180384,6.331977,-27.999987,-19.484404,33.6083,24.770826,55.91619,0.0,25.914103,11.493052,-12.210748,-20.517006,-76.05436,11.949289,-44.584038,-4.225802,13.114692,7.310106
138,4.880558013916016,-66.36579895019531,60.90262985229492,3.6325874359064536,2.2145829429929282,-73.1255398584937,-12.7927685,15.744582,6.5055103,84.73048,-9.763435,0.0,-23.72207,-8.62182,-40.18958,54.539257,-33.68564,0.0,8.272282,13.30148,6.2639394,-27.999987,-19.135925,33.05414,25.452602,56.448395,0.0,27.204273,8.31994,-12.210748,-20.506533,-75.89149,11.421588,-41.566025,-6.4066844,13.270011,8.232933
139,4.829835414886475,-67.33208465576172,60.98353958129883,3.5391265681729784,2.1662768571948288,-74.68455554834209,-14.172663,15.446086,6.992522,85.58656,-12.364862,0.0,-23.132776,-7.640321,-38.666885,54.20671,-33.87175,0.0,7.655424,13.409891,6.169694,-27.999987,-18.446142,32.21487,26.40377,57.109924,0.0,28.210016,5.5703435,-12.210748,-20.384752,-75.57676,10.499729,-38.433945,-8.398413,13.2834835,9.303493
140,4.791734218597412,-68.2911605834961,61.06040573120117,3.4586244887036504,2.0967570325209914,-76.36638444069018,-15.515324,15.058829,7.424346,86.13328,-14.589801,0.0,-22.579248,-6.7012687,-37.002663,53.959812,-34.01715,0.0,7.0934067,13.502222,6.042936,-27.999987,-17.763287,30.962227,28.166136,57.68162,0.0,28.892296,3.9529235,-12.210748,-19.983871,-74.689644,8.739429,-35.61947,-9.742548,13.184025,9.797864
141,4.7722296714782715,-69.23564910888672,61.13861846923828,3.3922164846965615,2.0030363757806247,-78.1787712564898,-16.838892,14.504186,7.739819,86.31205,-16.318659,0.0,-22.047054,-5.7944374,-35.22022,53.786427,-34.116978,0.0,6.6000633,13.574947,5.8511186,-27.999987,-17.283928,29.149633,30.910938,57.602062,0.0,29.817636,3.6106803,-12.210748,-19.922253,-71.93217,6.3378043,-32.648785,-10.031887,12.685506,8.711926
142,4.767269611358643,-70.1690902709961,61.22041320800781,3.331666330544762,1.8912182837577698,-80.09426591957504,-18.196407,13.771722,7.894673,86.17632,-17.563253,0.0,-21.533495,-4.909602,-33.33893,53.678116,-34.165047,0.0,6.14366,13.643264,5.7032485,-26.22043,-16.854607,27.157677,32.371613,57.394,0.0,30.551237,2.3226686,-12.210748,-20.861969,-70.94566,5.54907,-29.790146,-12.050097,12.178702,8.2708025
143,4.784365653991699,-71.10739135742188,61.299705505371094,3.2893479552850304,1.7630706316068196,-82.11670752816791,-19.55715,12.981601,7.988873,85.82833,-18.517807,0.0,-21.043392,-4.069592,-31.34542,53.646397,-34.16484,0.0,5.7265124,13.691931,5.511581,-23.835062,-16.377598,24.747858,34.9726,56.63391,0.0,31.30437,2.1975245,-12.210748,-21.550531,-69.48873,4.461548,-27.269875,-13.677742,11.411044,7.3410025
144,4.804365158081055,-72.04299926757812,61.37296676635742,3.269007201429272,1.6249690656616536,-84.25126232984027,-20.89227,12.271007,8.131027,85.37816,-19.381783,0.0,-20.582731,-3.2882307,-29.226023,53.696964,-34.116226,0.0,5.324033,13.724035,5.3054724,-21.353401,-15.850235,22.204033,37.611553,55.348778,0.0,32.042576,1.9757295,-12.210748,-21.70783,-68.515976,3.5275667,-25.505348,-15.255549,10.534179,6.6579
145,4.82615327835083,-72.9822769165039,61.44768524169922,3.2731320977150737,1.4736650961811424,-86.51437031398505,-22.206654,11.624875,8.320656,84.818275,-20.15471,0.0,-20.14799,-2.5550656,-26.977898,53.84569,-34.02153,0.0,4.937369,13.742905,5.0827413,-18.75663,-15.250674,19.595917,39.875023,53.592487,0.0,32.6418,1.2157321,-12.210748,-21.27904,-67.918594,2.8564785,-24.554722,-16.69941,9.487252,6.106472
146,4.868850231170654,-73.92305755615234,61.52404022216797,3.301383199356038,1.308867323361428,-88.8995157229103,-23.513048,10.984602,8.504164,84.10148,-20.747002,0.0,-19.729849,-1.8562126,-24.62117,54.082844,-33.87838,0.0,4.581254,13.7449875,4.823406,-16.062328,-14.570244,16.57233,42.77202,51.050373,0.0,33.35421,1.0615704,-12.210748,-20.393604,-67.25562,2.2183814,-24.230919,-17.884094,8.219084,5.3939567
147,4.914409637451172,-74.86835479736328,61.6053352355957,3.353023180992939,1.142958836215073,-91.37845730751756,-24.7899,10.427277,8.720501,83.27246,-21.224134,0.0,-19.32469,-1.1987901,-22.171186,54.36663,-33.67692,0.0,4.2400265,13.724153,4.527177,-13.292072,-13.836544,12.903928,46.730934,47.490704,0.0,34.43312,2.045828,-12.210748,-19.273296,-66.4387,1.6410657,-24.414309,-18.763819,6.854402,4.632394
148,4.970092296600342,-75.81961059570312,61.69267272949219,3.4222038867896036,0.9917337083791533,-93.92371096481394,-26.018023,10.0343075,9.012016,82.37648,-21.651672,0.0,-18.927326,-0.59021086,-19.642637,54.648376,-33.413216,0.0,3.8755739,13.681503,4.2451253,-10.444588,-13.099048,9.211741,49.75115,43.85815,0.0,35.308765,2.2655106,-12.210748,-18.201275,-65.81936,1.2934556,-25.012602,-19.504507,5.634028,4.2227077
149,5.027892589569092,-76.78053283691406,61.781246185302734,3.505478467374278,0.8531191724068927,-96.55333795701877,-27.202087,9.844371,9.424685,81.44957,-22.06102,0.0,-18.53154,-0.022346996,-17.021494,54.941788,-33.099236,0.0,3.4998832,13.615019,3.9524705,-7.51463,-12.342291,4.954409,53.21928,39.50469,0.0,36.448647,3.097495,-12.210748,-17.074978,-65.08564,1.0587238,-26.110165,-19.821161,4.521014,4.01813
150,5.091147422790527,-77.74905395507812,61.88200759887695,3.6046103445409288,0.7253527823571261,-99.27545857902768,-28.350798,9.810408,9.93068,80.463066,-22.414984,0.0,-18.13065,0.51087296,-14.312652,55.25661,-32.7397,0.0,3.1098995,13.529921,3.6617222,-4.4861426,-11.556812,0.58810025,56.20776,34.641827,0.0,37.82432,3.5864356,-12.210748,-15.887717,-64.40712,1.052333,-27.721697,-19.865686,3.4825547,4.018836
151,5.1557698249816895,-78.72549438476562,61.9880485534668,3.729068008062434,0.6160087291822011,-102.04907835762936,-29.440111,9.875821,10.46542,79.35682,-22.67588,0.0,-17.717125,0.9826555,-11.557538,55.554607,-32.344723,0.0,2.7022903,13.418839,3.3634663,-1.4021561,-10.748214,-4.062704,58.84758,29.5755,0.0,38.958107,3.9375215,-12.210748,-14.731259,-63.75913,1.1570107,-29.641336,-19.845484,2.5037637,4.1110954
152,5.226521015167236,-79.70845794677734,62.09687042236328,3.88693535393421,0.5341477768134755,-104.83415340371629,-30.449211,9.981912,10.958552,78.07095,-22.806532,0.0,-17.28713,1.3620626,-8.795984,55.800568,-31.933563,0.0,2.269882,13.275448,3.0553908,1.6984817,-9.932553,-8.806056,60.96201,24.510592,0.0,39.724796,4.0014033,-12.210748,-13.699291,-63.170967,1.2654169,-31.671463,-19.997248,1.5839467,4.2215514
153,5.30354118347168,-80.70354461669922,62.213741302490234,4.082751438923048,0.48834207001326146,-107.63873188749166,-31.381845,10.159754,11.453378,76.63136,-22.92344,0.0,-16.850967,1.6340888,-6.0111914,56.023033,-31.534426,0.0,1.8090916,13.089942,2.7287385,4.825418,-9.099185,-13.677521,62.738995,19.359879,0.0,40.259518,3.9550772,-12.210748,-12.811733,-62.57922,1.3447832,-33.804543,-20.454977,0.6829187,4.3390317
154,5.38266134262085,-81.71878814697266,62.35304641723633,4.308684978411238,0.47638156013942967,-110.48025265992169,-32.249,10.417025,11.969291,75.05793,-23.005526,0.0,-16.401403,1.8110508,-3.1927345,56.231407,-31.15535,0.0,1.3368931,12.864367,2.4013994,7.982359,-8.243355,-17.035986,63.789593,15.5783205,-1.2642707,40.659637,4.001065,-12.210748,-12.007788,-62.047424,1.4484385,-36.121323,-21.095005,-0.17633533,4.533442
155,5.467461585998535,-82.75827026367188,62.49694061279297,4.553616065649862,0.4886965284839343,-113.33345620848654,-33.043636,10.655725,12.380139,73.2789,-22.796919,0.0,-15.909771,1.8934757,-0.3867562,56.35831,-30.787243,0.0,0.8725076,12.611424,2.0795944,11.125634,-7.3899255,-18.644743,64.360886,13.289804,-4.2234607,41.04413,4.5457935,-12.210748,-11.265108,-61.56098,1.5659956,-38.542927,-21.63989,-0.95446604,4.7136383
156,5.563205718994141,-83.81810760498047,62.65422821044922,4.806977130099953,0.5149832041668684,-116.17313695730256,-33.764175,10.7791,12.538665,71.22614,-22.040741,0.0,-15.357181,1.8753632,2.3638327,56.344696,-30.423403,0.0,0.41132405,12.34995,1.7672698,14.233177,-6.5721955,-20.112873,64.68213,11.330119,-7.196821,40.90204,4.880808,-12.210748,-10.570521,-61.105415,1.6943836,-41.017662,-21.80717,-1.608923,4.781767
157,5.653464317321777,-84.89881134033203,62.82167434692383,5.086120591875225,0.5624566299107322,-118.99091483222152,-34.42039,10.787238,12.455773,68.86853,-20.66115,0.0,-14.77765,1.7212334,5.057254,56.22932,-30.093044,0.0,-0.055358164,12.072503,1.4465097,17.296078,-5.8118544,-21.684042,64.831955,9.520697,-10.0063715,39.902428,5.001563,-12.210748,-9.924358,-60.67691,1.8339356,-43.56747,-21.459225,-2.1280613,4.661308
158,5.739994525909424,-86.00563049316406,63.00031661987305,5.387867260532055,0.6359526872343678,-121.80386946150007,-35.00702,10.722924,12.164365,66.24589,-18.801956,0.0,-14.180199,1.4309751,7.7233367,56.038155,-29.809511,0.0,-0.52847195,11.77463,1.1191716,20.332327,-5.09387,-23.3431,64.83416,7.8237057,-12.680297,38.237553,4.9739065,-12.210748,-9.329526,-60.274605,1.9849491,-46.214108,-20.759846,-2.5334654,4.4106016
159,5.80655574798584,-87.12673950195312,63.19432830810547,5.6728285163209575,0.7179794664326615,-124.62680468604951,-35.490116,10.565988,11.542195,63.386684,-16.541029,0.0,-13.517101,1.043413,10.370407,55.693665,-29.54027,0.0,-0.9889789,11.477905,0.81981784,23.348476,-4.397672,-24.941277,64.6779,6.2682834,-15.385337,36.554153,4.9138227,-12.210748,-8.767842,-59.894684,2.136082,-48.898438,-19.877335,-2.8364944,4.131727
160,5.8616862297058105,-88.29063415527344,63.408023834228516,5.902793885148663,0.7874719447259092,-127.47540750210194,-35.822342,10.3058,10.468949,60.306625,-13.961529,0.0,-12.743808,0.5928947,13.009066,55.11145,-29.24908,0.0,-1.4182279,11.204962,0.5823117,26.35031,-3.702838,-26.319874,64.3488,4.8824735,-18.28823,35.49714,4.915114,-12.210748,-8.2239485,-59.530544,2.2768683,-51.55982,-18.982447,-3.052425,3.928873
161,5.907831192016602,-89.47711944580078,63.631011962890625,6.062975764392592,0.828208772563602,-130.337312816523,-35.96104,9.909952,8.795714,56.835064,-10.848808,0.0,-11.845324,0.08874164,15.651185,54.22872,-28.933483,0.0,-1.8197243,10.965503,0.42524236,27.999987,-3.0048473,-27.516817,63.81725,3.6780498,-21.38688,35.188587,5.014051,-12.210748,-7.7041917,-59.1786,2.4005413,-54.20381,-18.05493,-3.1422832,3.8070145
162,5.931044101715088,-90.6986083984375,63.85967254638672,6.179263205356428,0.8498036224858295,-133.21600521036552,-35.858788,9.443705,6.6156483,52.959644,-7.279055,0.0,-10.868761,-0.50238395,18.309319,53.108643,-28.61663,0.0,-2.199841,10.748059,0.32514647,27.999987,-2.3245234,-28.618118,63.080784,2.6028452,-24.56508,35.27724,5.1241355,-12.210748,-7.2131157,-58.82049,2.5107777,-56.85378,-17.007269,-3.1162856,3.712692
163,5.923161029815674,-91.94684600830078,64.08954620361328,6.275651802884372,0.8685769943184032,-136.14864376156422,-35.5089,9.028337,4.1662884,48.980965,-3.748469,0.0,-9.882334,-1.2062318,20.98845,51.871124,-28.29209,0.0,-2.5475953,10.544184,0.25054225,27.999987,-1.68235,-29.517357,62.240555,1.6094774,-27.853422,35.7272,5.2017345,-12.210748,-6.729886,-58.49185,2.61837,-59.482502,-15.966364,-3.0591252,3.686587
164,5.865269660949707,-93.2180404663086,64.32475280761719,6.371745926784643,0.9032323513410045,-139.1719991043511,-34.97901,8.748983,1.6840243,45.27032,-0.7298244,0.0,-8.960805,-2.0345411,23.688547,50.631836,-27.945112,0.0,-2.8499088,10.344674,0.17214762,27.999987,-1.1357288,-30.132778,61.390762,0.6350477,-31.273867,36.496098,5.190059,-12.210748,-6.236718,-58.217,2.7309895,-62.05936,-15.044199,-3.0588331,3.7607584
165,5.774125576019287,-94.50189208984375,64.55282592773438,6.4511631347895015,0.9401973107447168,-142.31697223077447,-34.337746,8.568135,-1.0883194,41.91491,1.6392161,0.0,-8.087907,-2.9481022,26.493422,49.313812,-27.575684,0.0,-3.0881555,10.164928,0.08686452,27.999987,-0.70302063,-30.410582,60.566025,-0.29106262,-34.87604,37.80837,5.048942,-12.210748,-5.725058,-57.987907,2.853631,-64.57834,-14.232891,-3.1080754,3.9158216
166,5.664947032928467,-95.80453491210938,64.76886749267578,6.510139654911874,0.973785119757764,-145.55901428639174,-33.601044,8.457305,-4.1720433,38.842896,3.5837557,0.0,-7.278753,-3.9249334,29.383396,47.89033,-27.17833,0.0,-3.275706,10.004499,0.00683873,27.999987,-0.35577336,-30.430725,59.74024,-1.1611961,-38.625977,39.607082,4.817227,-12.210748,-5.2071095,-57.797836,2.9801884,-67.054306,-13.487087,-3.1735377,4.1432757
167,5.530300617218018,-97.12798309326172,64.97588348388672,6.5810339328169425,1.0382543554245844,-148.8520009679074,-32.811333,8.461393,-6.9541345,36.194622,5.2235003,0.0,-6.6555705,-4.991677,32.199284,46.553658,-26.725672,0.0,-3.44692,9.830474,-0.071985394,27.999987,-0.078548394,-30.297007,58.92236,-2.0673766,-42.433178,41.43834,4.5615044,-12.210748,-4.6952004,-57.679447,3.1008556,-69.48791,-12.872729,-3.3026676,4.4933295
168,5.377044677734375,-98.47454833984375,65.16419982910156,6.691662049983471,1.1711593352143634,-152.15217612642084,-31.978773,8.607449,-8.807327,34.007954,6.7296286,0.0,-6.3292003,-6.171862,34.785313,45.488613,-26.182505,0.0,-3.6353223,9.609785,-0.1521546,27.999987,0.14923471,-30.121645,58.129093,-3.1226013,-46.20891,42.85979,4.3591638,-12.210748,-4.2011905,-57.677162,3.2062397,-71.87808,-12.468798,-3.5431776,5.020273
169,5.204476833343506,-99.82754516601562,65.33450317382812,6.893391087325287,1.4100123003285683,-155.47846358578815,-31.204878,8.858325,-9.531997,32.32652,8.431618,0.0,-6.3613772,-7.4903607,37.352707,44.74953,-25.546875,0.0,-3.8481407,9.298951,-0.29002076,27.999987,0.33379883,-29.889828,57.37194,-4.3621116,-49.94656,43.777946,4.2395306,-12.210748,-3.7198544,-57.79548,3.292648,-74.23305,-12.341384,-3.9148636,5.7393136
170,5.022810935974121,-101.18157958984375,65.4865951538086,7.145342222082337,1.7343037626876476,-158.84771199287735,-30.458162,9.163049,-9.444155,31.08655,10.176512,0.0,-6.7105308,-8.867786,39.926132,44.215992,-24.81526,0.0,-4.0679865,8.926891,-0.4640127,27.999987,0.47235778,-29.561361,56.65868,-5.7403336,-53.69233,44.427593,4.162482,-12.210748,-3.247655,-58.021786,3.3635778,-76.55044,-12.451912,-4.3855743,6.6242857
171,4.837621688842773,-102.56243896484375,65.62761688232422,7.337254222958762,2.086846978884181,-162.21584001713885,-29.477127,9.556139,-8.688059,30.014555,11.496362,0.0,-7.299846,-10.205994,42.050343,43.804882,-23.938179,0.0,-4.2909136,8.570604,-0.55856234,27.999987,0.5700842,-29.247026,55.98348,-7.2675233,-57.416534,44.84117,4.1105337,-12.210748,-2.79666,-58.379578,3.4185007,-78.81948,-12.725427,-4.9169517,7.669656
172,4.635256767272949,-103.95649719238281,65.74237823486328,7.366638495370082,2.397880593506279,-165.54088076837533,-27.961222,10.078477,-7.4034977,28.759768,11.974178,0.0,-8.023062,-11.461581,43.2405,43.442917,-22.86221,0.0,-4.512817,8.308541,-0.45868245,27.999987,0.62280476,-29.02973,55.343533,-8.94337,-61.098137,45.06224,4.061691,-12.210748,-2.3767414,-58.904484,3.4558673,-81.03161,-13.095142,-5.4712157,8.872189
173,4.453387260437012,-105.37387084960938,65.87374877929688,7.171104768944348,2.6302814512704624,-168.83755752507977,-25.49389,10.77344,-5.4047947,26.859625,11.502365,0.0,-8.811876,-12.670793,43.45541,43.11778,-21.456224,0.0,-4.705159,8.1691675,-0.06614746,27.999987,0.6350384,-28.904669,54.717487,-10.810704,-64.754715,45.02657,4.0374794,-12.210748,-1.9781586,-59.64877,3.4457157,-83.17152,-13.606631,-6.098652,10.358159
174,4.232816219329834,-106.80520629882812,65.9739761352539,6.819959633184545,2.8053777952980727,-172.12600862823197,-22.189255,11.435971,-2.690025,24.339766,10.438803,0.0,-9.7244005,-13.877073,42.899906,42.895412,-19.758755,0.0,-4.8777843,8.111384,0.5370401,27.999987,0.6011973,-28.833952,54.111496,-12.860608,-68.3811,44.722622,4.043017,-12.210748,-1.594793,-60.60287,3.3925514,-85.25194,-14.310868,-6.7838697,12.095071
175,3.9545915126800537,-108.23365783691406,65.98646545410156,6.412435774466241,2.942196895953032,-175.37297463861512,-18.620626,11.791742,0.30694568,21.687532,9.015933,0.0,-10.809537,-15.086653,41.44886,42.84629,-17.998728,0.0,-5.0837355,8.109772,1.1947477,27.999987,0.49442655,-28.860962,53.55719,-15.013985,-71.92075,44.27976,4.040934,-12.210748,-1.2430525,-61.690353,3.3456311,-87.30128,-15.120487,-7.4031963,13.834477
176,3.6473684310913086,-109.64510345458984,65.93964385986328,6.049168843230754,3.0713719632711123,-178.54620248960134,-15.503674,11.770236,3.1667855,19.638842,7.367829,0.0,-12.0836935,-16.334387,38.99069,43.021282,-16.441526,0.0,-5.3776016,8.137872,1.7471596,27.999987,0.28926334,-29.09043,53.06124,-17.228935,-75.28642,43.829357,4.0028667,-12.210748,-0.9434923,-62.81519,3.3553877,-89.34444,-15.910081,-7.8470664,15.320004
177,3.3647849559783936,-111.01101684570312,65.92010498046875,5.747012371196701,3.1867639165371013,178.37497865171184,-13.095602,11.459114,5.8220925,18.670944,5.21427,0.0,-13.487824,-17.800896,35.14868,43.430866,-15.188672,0.0,-5.788202,8.214908,2.174429,27.999987,-0.034291457,-29.436918,52.678658,-19.460897,-78.5895,43.451576,3.9080944,-12.210748,-0.68025935,-63.99887,3.4184177,-91.38474,-16.657389,-8.080083,16.476877
178,3.0982789993286133,-112.32320404052734,65.94657897949219,5.462483060387525,3.2800579582621023,175.3642136927598,-11.084173,10.944994,8.511864,18.444942,2.5302632,0.0,-14.894704,-19.535175,30.083605,44.026756,-14.154391,0.0,-6.2818933,8.345348,2.5497167,27.999987,-0.46723107,-29.896118,52.38821,-21.748905,-81.838936,43.083244,3.7930295,-12.210748,-0.4461357,-65.265434,3.4987533,-93.404305,-17.396639,-8.170722,17.439686
179,2.844134569168091,-113.6081314086914,66.00267791748047,5.204556088352839,3.388064501900049,172.38523081880243,-9.375219,10.303424,11.307464,18.59896,-0.21513286,0.0,-16.21789,-21.357964,24.491625,44.737648,-13.338826,0.0,-6.820861,8.478111,2.8500936,27.999987,-0.9949136,-30.434345,52.13729,-24.006777,-84.94608,42.665775,3.677596,-12.210748,-0.27619255,-66.504196,3.6011372,-95.399445,-18.0539,-8.177162,18.260052
180,2.5603504180908203,-114.87653350830078,66.04692077636719,4.976824040237281,3.5471744189556564,169.4049631142409,-7.8794174,9.580037,14.233488,18.78026,-2.5718036,0.0,-17.456844,-23.046877,19.078661,45.50807,-12.74539,0.0,-7.36922,8.562101,3.0541544,27.999987,-1.5981987,-31.166742,51.82759,-26.261768,-87.72052,42.138634,3.585876,-12.210748,-0.2227517,-67.557785,3.7518258,-97.3645,-18.51404,-8.158979,18.992308
181,2.2565293312072754,-116.13729095458984,66.07725524902344,4.7852767346875265,3.7718273599724865,166.47187716581868,-6.705179,8.785064,17.395615,19.170095,-4.596476,0.0,-18.816917,-24.6407,13.77779,46.611156,-12.507953,0.0,-7.9694242,8.584775,3.1445339,27.999987,-2.3085675,-32.053005,51.4404,-28.475817,-90.18218,41.375366,3.520143,-12.210748,-0.3361858,-68.36652,3.9820547,-99.30231,-18.612238,-8.107124,19.621317
182,1.9372602701187134,-117.36937713623047,66.12542724609375,4.6184638762296055,4.043720869310814,163.59192100788164,-5.832811,7.932088,20.745796,19.842756,-6.4833326,0.0,-20.086313,-26.281332,8.167704,47.888233,-12.725053,0.0,-8.628182,8.568879,3.138185,27.999987,-3.1239815,-33.134956,50.970665,-30.716015,-92.34562,40.440876,3.4701881,-12.210748,-0.5960127,-68.97023,4.2868986,-101.21058,-18.395956,-8.002421,20.137691
183,1.603944182395935,-118.56327056884766,66.21444702148438,4.448949320753375,4.349158937099103,160.66006309912385,-5.0271997,7.0419574,24.030924,20.350704,-8.009652,0.0,-20.827572,-27.76218,2.4723346,48.72479,-13.198377,0.0,-9.250122,8.517456,3.0660167,27.999987,-3.9747827,-34.305946,50.406055,-32.911823,-94.21234,39.53329,3.4114773,-12.210748,-0.9529789,-69.36267,4.6504436,-103.0811,-18.070015,-7.886688,20.601357
184,1.2403844594955444,-119.69939422607422,66.34385681152344,4.251860164196509,4.674132597376505,157.55589931070406,-4.094933,6.1167126,26.991377,20.299116,-8.963323,0.0,-20.840631,-28.755795,-2.9025788,48.654945,-13.52563,0.0,-9.734773,8.436252,2.955662,27.999987,-4.7923465,-35.445328,49.739613,-34.97625,-95.79746,38.851486,3.3218553,-12.210748,-1.3649993,-69.5187,5.0654383,-104.9029,-17.827547,-7.79956,21.071993
185,0.8899767994880676,-120.78363800048828,66.5041732788086,4.029808910388329,5.029755683015025,154.23480380163952,-2.984923,5.137572,29.582596,19.523947,-9.184566,0.0,-20.242735,-29.024683,-7.7402167,47.43357,-13.432725,0.0,-10.052444,8.305836,2.7751265,27.999987,-5.568254,-36.550274,48.95663,-36.89157,-97.090324,38.448635,3.1939986,-12.210748,-1.8806212,-69.361595,5.5654917,-106.67924,-17.642462,-7.7131214,21.578989
186,0.5464637875556946,-121.8169937133789,66.68800354003906,3.7865032318460834,5.418928216838671,150.74787328712756,-1.8278699,4.105107,31.930603,18.283886,-8.82204,0.0,-19.355879,-28.648079,-12.092164,45.381386,-13.021521,0.0,-10.252322,8.130887,2.521145,27.999987,-6.329607,-37.67721,48.051926,-38.6963,-98.08207,38.235603,3.0386243,-12.210748,-2.5310938,-68.89349,6.173425,-108.3991,-17.410162,-7.6153984,22.09529
187,0.1990317404270172,-122.81559753417969,66.88864135742188,3.5051487103444066,5.812050926050463,147.11058024797083,-0.7175847,3.0497286,34.031857,16.854315,-8.148218,0.0,-18.401197,-27.78979,-15.837488,42.94805,-12.395956,0.0,-10.351883,7.95524,2.2609162,27.999987,-7.0591545,-38.783726,47.04573,-40.376213,-98.80319,38.19516,2.8617744,-12.210748,-3.2370214,-68.22604,6.8610635,-110.03346,-17.239216,-7.5710697,22.587088
188,-0.14376875758171082,-123.78898620605469,67.0952377319336,3.1715689117202843,6.176873533233744,143.33868971041386,0.25172558,2.0254226,35.882355,15.542152,-7.4614587,0.0,-17.524979,-26.668869,-18.95401,40.64027,-11.690133,0.0,-10.370894,7.822779,2.0612433,27.999987,-7.7443027,-39.8242,45.978573,-41.913334,-99.30124,38.31661,2.6704533,-12.210748,-3.898118,-67.51269,7.583227,-111.56902,-17.27518,-7.6459155,23.01133
189,-0.49977755546569824,-124.74845886230469,67.30943298339844,2.7769951894451275,6.505958807340537,139.3732855608,1.1256272,1.0092994,37.685158,14.296087,-6.7484355,0.0,-16.731049,-25.254099,-21.391695,38.501347,-10.923278,0.0,-10.285293,7.747974,1.9408506,27.999987,-8.390024,-40.736546,44.881123,-43.231205,-99.61514,38.691383,2.4549315,-12.210748,-4.487843,-66.789955,8.330281,-113.03242,-17.67254,-7.884108,23.328636
190,-0.88492751121521,-125.68514251708984,67.53095245361328,2.3317082035221985,6.806126273212162,135.22114771356047,1.9472301,-0.0061818967,39.382774,12.981155,-5.874054,0.0,-15.965788,-23.496363,-23.172607,36.244587,-10.038087,0.0,-10.09581,7.7070785,1.8626791,27.999987,-9.004101,-41.519382,43.776215,-44.322865,-99.77523,39.306225,2.21558,-12.210748,-5.041762,-66.02068,9.119176,-114.42305,-18.364107,-8.243428,23.561298
191,-1.2690011262893677,-126.59422302246094,67.76361083984375,1.8549172248697723,7.0669939037552725,130.99304154789306,2.606973,-0.8851302,40.584446,11.883688,-5.02359,0.0,-15.232402,-21.621994,-24.465204,33.98174,-9.059861,0.0,-9.860292,7.685808,1.8081913,27.999987,-9.57512,-42.198013,42.695885,-45.26514,-99.82686,39.980923,1.9742188,-12.210748,-5.549761,-65.254776,9.94239,-115.69834,-19.167942,-8.6601,23.757214
192,-1.666818618774414,-127.46913146972656,67.99433135986328,1.3679602499165786,7.282390893920709,126.79723670107498,2.9917796,-1.4555084,40.908314,11.347613,-4.4080973,0.0,-14.514486,-19.854713,-25.45598,31.849747,-8.007986,0.0,-9.636093,7.6698565,1.7586004,27.999987,-10.09178,-42.806206,41.670635,-46.142166,-99.808174,40.541607,1.752943,-12.210748,-5.9871984,-64.57635,10.771965,-116.834694,-19.926514,-9.0728245,23.951248
193,-2.076057195663452,-128.30502319335938,68.21623992919922,0.8684818004500395,7.442482779258339,122.63774488960404,3.0257614,-1.6009645,40.234875,11.630203,-4.123698,0.0,-13.730918,-18.20836,-26.162685,29.876482,-6.8287888,0.0,-9.428568,7.6755714,1.7200961,27.999987,-10.562016,-43.3329,40.71395,-46.947136,-99.72553,40.955833,1.5475106,-12.210748,-6.3108735,-64.03002,11.581883,-117.84878,-20.698023,-9.501043,24.134539
194,-2.4849703311920166,-129.0996856689453,68.4250259399414,0.3535488179297745,7.549519320781872,118.45774161141635,2.7930353,-1.4388174,38.78098,12.482071,-4.035523,0.0,-12.8665285,-16.59914,-26.535439,28.003418,-5.5269437,0.0,-9.21086,7.70363,1.6985025,27.999987,-10.988556,-43.73863,39.837936,-47.62839,-99.60226,41.305687,1.349921,-12.210748,-6.523169,-63.600914,12.369807,-118.76793,-21.55994,-9.96838,24.285063
195,-2.9130332469940186,-129.86936950683594,68.61671447753906,-0.15497431831608485,7.62150695512838,114.27155782167472,2.4013586,-1.1375587,36.668896,13.536816,-4.0336685,0.0,-12.012842,-15.114019,-26.662014,26.285595,-4.2224174,0.0,-8.992121,7.7167807,1.674116,27.999987,-11.350924,-44.049545,39.073,-48.222843,-99.48372,41.61315,1.1762363,-12.210748,-6.6696734,-63.283394,13.138248,-119.59188,-22.380602,-10.420678,24.412561
196,-3.351547956466675,-130.59603881835938,68.7872085571289,-0.6397995691900099,7.679939978604139,110.09251745705708,1.9364539,-0.832533,34.023163,14.518381,-4.056349,0.0,-11.274491,-13.838406,-26.629065,24.791328,-3.0434759,0.0,-8.781329,7.677658,1.6264122,27.999987,-11.629672,-44.289116,38.450554,-48.765846,-99.417496,41.901367,1.0429071,-12.210748,-6.794949,-63.074238,13.886651,-120.32309,-23.03043,-10.804952,24.52125
197,-3.7815167903900146,-131.29379272460938,68.937744140625,-1.0948712809424732,7.730554293356418,105.93266729343631,1.3320986,-0.5018,30.555395,15.516136,-4.132453,0.0,-10.636543,-12.816295,-26.506063,23.587938,-2.0620918,0.0,-8.589574,7.5690904,1.5440674,27.999987,-11.811746,-44.45163,37.974022,-49.283524,-99.408455,42.17567,0.9614318,-12.210748,-6.87954,-62.981594,14.608712,-120.95461,-23.432222,-11.1144285,24.59413
198,-4.214121341705322,-131.95176696777344,69.0751724243164,-1.5331314160935932,7.765728642157175,101.77407928499699,0.55761856,-0.16686969,26.297373,16.593718,-4.24468,0.0,-10.068813,-12.011961,-26.246717,22.693634,-1.2291924,0.0,-8.409284,7.4136515,1.440334,27.999987,-11.913469,-44.53622,37.634617,-49.758255,-99.43879,42.4256,0.9215555,-12.210748,-6.9001865,-63.01037,15.289869,-121.50339,-23.667095,-11.376386,24.629387
199,-4.637177467346191,-132.5698699951172,69.18627166748047,-1.95740582573932,7.788168754336931,97.58189469985784,-0.24620411,0.054628372,21.863976,17.538532,-4.329305,0.0,-9.653907,-11.396414,-25.764215,22.098978,-0.49239275,0.0,-8.221639,7.23394,1.3302525,27.999987,-11.958417,-44.544613,37.438087,-50.14509,-99.53001,42.629684,0.90707844,-12.210748,-6.8976493,-63.148743,15.919215,-122.0032,-23.83835,-11.58863,24.653475
200,-5.0477294921875,-133.16632080078125,69.2737808227539,-2.3750687422908983,7.800015711929463,93.3193736050192,-0.9332407,0.123058654,17.877863,18.186743,-4.365483,0.0,-9.465819,-10.9355345,-24.971151,21.772245,0.21178794,0.0,-8.007685,7.052491,1.2284352,27.999987,-11.9707775,-44.47728,37.40209,-50.396988,-99.714165,42.774174,0.90204114,-12.210748,-6.917646,-63.378887,16.491917,-122.48348,-24.045065,-11.746776,24.696796
201,-5.465019702911377,-133.73216247558594,69.33955383300781,-2.794375869453629,7.813244671528041,88.93845337976427,-1.4645473,0.08529375,14.29984,18.470184,-4.368791,0.0,-9.5419,-10.623689,-23.735235,21.714792,0.94024515,0.0,-7.7534776,6.8577614,1.151134,27.999987,-11.917753,-44.304153,37.538322,-50.476135,-100.00025,42.83822,0.8974694,-12.210748,-6.9693065,-63.7042,17.02212,-122.94141,-24.268272,-11.827836,24.7626
202,-5.86768102645874,-134.28091430664062,69.39520263671875,-3.2116337230801233,7.822844443965227,84.46042005031512,-1.9187266,-0.0044022514,10.869197,18.539316,-4.380306,0.0,-9.842333,-10.464641,-22.142864,21.948881,1.645738,0.0,-7.472336,6.6436596,1.0855262,27.999987,-11.799256,-44.005585,37.871883,-50.3959,-100.4153,42.84331,0.9056887,-12.210748,-7.0012207,-64.17783,17.47886,-123.39266,-24.492348,-11.851421,24.81245
203,-6.265586853027344,-134.81024169921875,69.43589782714844,-3.6123100194300886,7.8066317777364915,79.9512258717128,-2.3287694,-0.12745409,7.8790693,18.564772,-4.435293,0.0,-10.31381,-10.427194,-20.433094,22.439112,2.2442198,0.0,-7.185286,6.441134,1.004816,27.999987,-11.680014,-43.626656,38.380974,-50.20895,-100.95472,42.817547,0.9408478,-12.210748,-7.0126367,-64.71865,17.817732,-123.83476,-24.74579,-11.842711,24.886812
204,-6.650928497314453,-135.3279571533203,69.4591064453125,-3.9784917261943407,7.745512798481589,75.47641410212009,-2.737033,-0.26923397,5.6255665,18.721909,-4.5650973,0.0,-10.9008255,-10.488535,-18.842726,23.147722,2.6528964,0.0,-6.913283,6.28184,0.88400775,27.999987,-11.624899,-43.214012,39.054058,-49.96688,-101.62027,42.79551,1.0172831,-12.210748,-7.033247,-65.25307,18.038568,-124.254234,-25.06157,-11.833413,25.011452
205,-7.02138614654541,-135.8309326171875,69.47089385986328,-4.297170469086568,7.655742977653492,71.00835883395084,-3.1409252,-0.4270833,4.2601132,18.984686,-4.7752447,0.0,-11.6720915,-10.651597,-17.224295,24.138378,2.7952116,0.0,-6.661565,6.163414,0.7180236,27.999987,-11.638443,-42.761734,39.906734,-49.662308,-102.438034,42.753532,1.1626452,-12.210748,-7.1247263,-65.74195,18.186958,-124.64152,-25.419067,-11.811989,25.231577
206,-7.379029750823975,-136.3152618408203,69.46834564208984,-4.578051791979691,7.546939843863314,66.51482106845631,-3.52902,-0.58440894,3.6030953,19.284607,-5.052733,0.0,-12.620629,-10.898131,-15.511343,25.357903,2.7620916,0.0,-6.4179916,6.073176,0.51964796,26.655996,-11.61829,-42.23494,40.963882,-49.256912,-103.41959,42.701492,1.3639332,-12.210748,-7.296837,-66.18961,18.295786,-124.976006,-25.786581,-11.76168,25.528893
207,-7.728085041046143,-136.779541015625,69.46246337890625,-4.828811913192296,7.391815382951887,62.05516256687811,-3.9162889,-0.7183295,3.452596,19.70091,-5.38848,0.0,-13.5883045,-11.212472,-14.063053,26.63934,2.6963952,0.0,-6.177984,6.0274677,0.29146224,22.958817,-11.491861,-41.58695,42.210575,-48.72717,-104.5525,42.680805,1.5728828,-12.210748,-7.5044746,-66.58076,18.351759,-125.22471,-26.187244,-11.707813,25.836624
208,-8.06690788269043,-137.22682189941406,69.44772338867188,-5.052561761573199,7.1627293493416575,57.691273175014366,-4.31392,-0.811062,3.6042688,20.307104,-5.770183,0.0,-14.422485,-11.610516,-13.242709,27.844948,2.7189171,0.0,-5.938874,6.0427666,0.036458395,19.120615,-11.359203,-40.812927,43.606163,-48.070892,-105.78482,42.73882,1.738062,-12.210748,-7.706682,-66.89647,18.34618,-125.35279,-26.641628,-11.674564,26.092447
209,-8.392558097839355,-137.65855407714844,69.41878509521484,-5.231274920718068,6.853336706420358,53.41790138272643,-4.7189956,-0.8587389,4.1871347,21.121326,-6.1992345,0.0,-15.092523,-12.159292,-13.218637,28.979002,2.9492362,0.0,-5.69113,6.137788,-0.2565586,15.087033,-11.242506,-39.92726,45.125423,-47.277718,-107.07563,42.90858,1.8370246,-12.210748,-7.925517,-67.106346,18.288504,-125.329636,-27.165169,-11.667321,26.294249
210,-8.701971054077148,-138.08273315429688,69.3829574584961,-5.360374968065505,6.485143527121861,49.19888554124393,-5.116682,-0.85955024,5.2442636,22.086134,-6.6773868,0.0,-15.665265,-12.861393,-13.774216,30.107094,3.283682,0.0,-5.440043,6.2996516,-0.5837159,10.8687,-11.123841,-38.938305,46.767124,-46.34041,-108.4239,43.1643,1.8954589,-12.210748,-8.197331,-67.20962,18.209534,-125.1654,-27.732412,-11.669733,26.47825
211,-8.980321884155273,-138.48733520507812,69.33720397949219,-5.459352351580778,6.0691825246043285,45.05370889655562,-5.4943867,-0.80738574,6.4413447,23.15289,-7.1876264,0.0,-16.15172,-13.654215,-14.697325,31.23124,3.4850783,0.0,-5.2037,6.49653,-0.91962546,6.564562,-10.934858,-37.80793,48.51017,-45.250816,-109.83667,43.438393,1.9305345,-12.210748,-8.492776,-67.23405,18.12833,-124.88974,-28.304527,-11.6797285,26.633736
212,-9.243091583251953,-138.87156677246094,69.27689361572266,-5.550415618920698,5.613156369057182,41.0051627417712,-5.847704,-0.7012142,7.4458494,24.286673,-7.7132955,0.0,-16.561214,-14.46182,-15.777304,32.338627,3.3214133,0.0,-4.999813,6.6961274,-1.2392431,2.2725337,-10.61659,-36.555157,50.321438,-44.039825,-111.28757,43.68299,1.9594516,-12.210748,-8.7658615,-67.22284,18.046259,-124.542755,-28.851728,-11.697606,26.744919
213,-9.487481117248535,-139.23741149902344,69.20146942138672,-5.634231693657748,5.1060979868704575,37.07542013661754,-6.226463,-0.520652,8.198479,25.585854,-8.268066,0.0,-16.854044,-15.301474,-17.088446,33.44898,2.6081953,0.0,-4.842353,6.905425,-1.5416915,-2.038554,-10.142094,-35.169636,52.173756,-42.716908,-112.74691,43.836987,1.9701856,-12.210748,-8.986436,-67.190796,17.930433,-124.116455,-29.44008,-11.74849,26.784056
214,-9.705133438110352,-139.58079528808594,69.117919921875,-5.695031835064374,4.54877559474477,33.238714750452054,-6.6137652,-0.26781416,8.863385,27.033693,-8.855621,0.0,-17.013327,-16.202635,-18.720215,34.548252,1.5053179,0.0,-4.71903,7.1358647,-1.8377197,-6.4077916,-9.550556,-33.730587,54.053596,-41.312473,-114.16241,43.96725,1.9537888,-12.210748,-9.164393,-67.13323,17.77015,-123.60766,-30.07249,-11.829854,26.762243
215,-9.895096778869629,-139.8975067138672,69.01935577392578,-5.731424719730016,3.9645920692364873,29.448782230221543,-6.906169,0.015708134,9.447114,28.416588,-9.442086,0.0,-17.102316,-17.098577,-20.478325,35.583046,0.29833663,0.0,-4.607881,7.3610497,-2.1217465,-10.746729,-8.891338,-32.15377,55.935707,-39.75952,-115.563896,44.091946,1.9229442,-12.210748,-9.306923,-67.07625,17.588436,-123.07033,-30.633667,-11.899719,26.71911
216,-10.054322242736816,-140.19229125976562,68.91796875,-5.7440621427003995,3.376693027466846,25.659262273436628,-7.0087337,0.28352118,9.96158,29.536705,-10.000766,0.0,-17.208141,-17.923943,-22.14962,36.52094,-0.72953796,0.0,-4.486346,7.5549684,-2.3872395,-14.962531,-8.22326,-30.50599,57.786613,-38.089638,-116.912384,44.290535,1.894841,-12.210748,-9.411199,-67.05731,17.399343,-122.56647,-31.01933,-11.918374,26.687458
217,-10.176725387573242,-140.46485900878906,68.8130111694336,-5.724755378533535,2.770032870280743,21.858556663388597,-6.894936,0.5083376,10.300055,30.348148,-10.530754,0.0,-17.355629,-18.700521,-23.70311,37.39171,-1.553433,0.0,-4.3456125,7.7184362,-2.641907,-19.086758,-7.5450134,-28.877663,59.558044,-36.38588,-118.13314,44.549847,1.8797582,-12.210748,-9.451983,-67.10786,17.190695,-122.11054,-31.232664,-11.878131,26.693338
218,-10.271117210388184,-140.72360229492188,68.70061492919922,-5.672501883940362,2.141276949299305,18.062093599851192,-6.627407,0.71850455,10.496864,30.971714,-11.05022,0.0,-17.507103,-19.449228,-25.240274,38.21223,-2.308196,0.0,-4.1974154,7.862547,-2.8856337,-23.146484,-6.8570204,-27.264511,61.219994,-34.67649,-119.20595,44.802036,1.8659835,-12.210748,-9.41633,-67.224365,16.938278,-121.68409,-31.337835,-11.80462,26.704481
219,-10.331145286560059,-140.97547912597656,68.58909606933594,-5.6051906334475605,1.5291416361744652,14.265269550139854,-6.245199,0.94672406,10.777237,31.46176,-11.561275,0.0,-17.683424,-20.101007,-26.728582,38.958214,-2.9526167,0.0,-4.050715,7.976637,-3.0997705,-27.04087,-6.217536,-25.725674,62.76111,-33.006874,-120.12206,45.083252,1.8461872,-12.210748,-9.329518,-67.38367,16.65063,-121.29309,-31.305044,-11.704239,26.669615
220,-10.357132911682129,-141.22406005859375,68.4857406616211,-5.544875528240186,0.9698224646638478,10.463689807440158,-5.7807827,1.2215472,11.366887,31.864515,-12.062941,0.0,-17.913774,-20.59065,-28.130068,39.612133,-3.4456432,0.0,-3.915516,8.049908,-3.2663503,-27.999987,-5.868349,-24.269865,64.184586,-31.382795,-120.90006,45.424347,1.8105007,-12.210748,-9.227994,-67.5532,16.346743,-120.93825,-31.099592,-11.580809,26.54087
221,-10.358100891113281,-141.4645538330078,68.38458251953125,-5.517480968984606,0.4695624773806932,6.616139075172355,-5.222925,1.5544324,12.333514,32.171642,-12.581451,0.0,-18.246717,-20.88927,-29.43445,40.169563,-3.757859,0.0,-3.7732508,8.06984,-3.3590002,-27.999987,-5.6657724,-22.88155,65.485306,-29.782997,-121.52665,45.869537,1.7414879,-12.210748,-9.136438,-67.722496,16.048544,-120.63841,-30.569944,-11.40164,26.273819
222,-10.335394859313965,-141.7113494873047,68.29096984863281,-5.51088482642357,0.004578564882246523,2.7298252133729846,-4.555795,1.9168489,13.556831,32.361065,-13.1035795,0.0,-18.680069,-21.03901,-30.648283,40.663776,-3.9219618,0.0,-3.624989,8.044763,-3.394512,-27.999987,-5.510285,-21.558638,66.663895,-28.225992,-122.014175,46.371803,1.6548353,-12.210748,-9.046745,-67.8945,15.7570915,-120.37576,-29.77291,-11.1678705,25.912193
223,-10.295235633850098,-141.97120666503906,68.20639038085938,-5.494603954056506,-0.43203456337824153,-1.1258792884686977,-3.8017654,2.2743766,14.980421,32.4569,-13.569369,0.0,-19.167292,-21.071693,-31.760607,41.126904,-3.986222,0.0,-3.5085528,7.995512,-3.4190624,-27.999987,-5.3646293,-20.432901,67.73381,-26.84881,-122.39181,46.852314,1.5984242,-12.210748,-8.949613,-68.04703,15.4663,-120.092766,-28.982096,-10.936885,25.537949
224,-10.235013008117676,-142.24462890625,68.12776184082031,-5.437775070680015,-0.8433053152270781,-4.880981045192718,-2.9829688,2.5933318,16.547895,32.4808,-13.918281,0.0,-19.656832,-21.016912,-32.76392,41.584625,-3.9978807,0.0,-3.4603002,7.9428096,-3.480479,-27.999987,-5.1925416,-19.430511,68.74149,-25.621521,-122.77,47.207237,1.6044186,-12.210748,-8.842517,-68.147804,15.176917,-119.72557,-28.461813,-10.769871,25.232796
225,-10.146903038024902,-142.52780151367188,68.0614013671875,-5.33573909174999,-1.2237512622856102,-8.551500320440482,-2.0794265,2.8661456,18.392487,32.42329,-14.155397,0.0,-20.172838,-20.864046,-33.624035,42.05184,-3.9964712,0.0,-3.474403,7.891074,-3.5948944,-27.999987,-5.0192356,-18.581377,69.731064,-24.559214,-123.19229,47.40656,1.7040043,-12.210748,-8.749475,-68.18084,14.900966,-119.26016,-28.314548,-10.691532,25.01848
226,-10.040506362915039,-142.83197021484375,68.00988006591797,-5.208635681059404,-1.5715561344264224,-12.171851198359107,-1.0825682,3.0866323,20.496113,32.26655,-14.298367,0.0,-20.749361,-20.604666,-34.350773,42.526367,-3.9534016,0.0,-3.5364192,7.829318,-3.7373247,-27.999987,-4.8534536,-17.823093,70.71223,-23.593014,-123.65084,47.51583,1.8656712,-12.210748,-8.673974,-68.151245,14.644264,-118.72241,-28.376358,-10.66716,24.854761
227,-9.91238021850586,-143.1411895751953,67.97113037109375,-5.063035498310638,-1.8924098725386322,-15.697396250792918,-0.042438377,3.2391121,22.574091,32.035034,-14.313831,0.0,-21.337526,-20.268593,-35.00762,42.990498,-3.8113081,0.0,-3.671156,7.7553287,-3.8923914,-27.999987,-4.6475616,-17.110495,71.67183,-22.686653,-124.12195,47.6158,2.0410285,-12.210748,-8.581997,-68.06074,14.396632,-118.1119,-28.510834,-10.671426,24.72972
228,-9.757036209106445,-143.46530151367188,67.94619750976562,-4.9063860308397365,-2.192944024606403,-19.079476560545178,0.9857692,3.3280556,24.341908,31.760303,-14.172491,0.0,-21.877449,-19.882473,-35.662613,43.409325,-3.5014772,0.0,-3.9051394,7.6669073,-4.0430217,-27.999987,-4.3583364,-16.449408,72.576645,-21.85161,-124.5617,47.779503,2.1873891,-12.210748,-8.43965,-67.91159,14.147067,-117.42839,-28.579336,-10.676902,24.632723
229,-9.580497741699219,-143.797119140625,67.933837890625,-4.738919445134033,-2.477167892319086,-22.29445858058701,1.9924622,3.3639681,25.720743,31.445469,-13.874744,0.0,-22.376215,-19.466436,-36.317307,43.832195,-2.9657907,0.0,-4.264967,7.5687594,-4.1964154,-27.999987,-3.9736757,-15.839143,73.42571,-21.086594,-124.977196,48.011707,2.3102124,-12.210748,-8.246571,-67.69799,13.894223,-116.67557,-28.576525,-10.684653,24.585636
230,-9.388751029968262,-144.1490936279297,67.9368667602539,-4.561745985997854,-2.741342015400242,-25.377387890767437,2.9981635,3.3564737,26.864836,31.08422,-13.43764,0.0,-22.85848,-18.998047,-36.94423,44.24305,-2.245489,0.0,-4.730491,7.4591913,-4.356466,-27.999987,-3.5284941,-15.293247,74.22814,-20.401913,-125.388306,48.27149,2.4309034,-12.210748,-8.014181,-67.42017,13.636918,-115.85384,-28.564661,-10.7068815,24.587458
231,-9.166403770446777,-144.5335235595703,67.96244049072266,-4.381866294095186,-2.981513341262521,-28.365058629804803,3.9979546,3.3174152,27.842607,30.689001,-12.855105,0.0,-23.281649,-18.442822,-37.572563,44.503994,-1.4262286,0.0,-5.255727,7.326711,-4.5018597,-27.999987,-3.0467281,-14.789512,74.9681,-19.78633,-125.786354,48.55559,2.5287666,-12.210748,-7.72236,-67.09371,13.359717,-114.96098,-28.511946,-10.733003,24.591413
232,-8.924691200256348,-144.93673706054688,68.00006866455078,-4.206790984626879,-3.193617746101992,-31.291510266330594,4.986625,3.256735,28.72233,30.273928,-12.122013,0.0,-23.598942,-17.769985,-38.230877,44.48006,-0.5968609,0.0,-5.7952127,7.1607895,-4.61098,-27.999987,-2.5533116,-14.339102,75.61287,-19.264254,-126.14965,48.850113,2.5887582,-12.210748,-7.345834,-66.738205,13.042939,-113.997635,-28.393604,-10.7542515,24.548494
233,-8.669024467468262,-145.36532592773438,68.05191802978516,-4.05598261826247,-3.367640208837155,-34.15370081629118,6.000318,3.169814,29.507622,29.752846,-11.245311,0.0,-23.801405,-16.9403,-38.90137,44.109245,0.23086081,0.0,-6.3479075,6.9507294,-4.6578074,-27.999987,-2.0363064,-13.947142,76.1377,-18.84873,-126.46013,49.167362,2.5834663,-12.210748,-6.85654,-66.35504,12.672859,-112.968605,-28.170563,-10.767231,24.434614
234,-8.392641067504883,-145.82679748535156,68.12602233886719,-3.9232481505345373,-3.511975608098413,-36.94056038572782,7.029978,3.0593064,30.171125,29.148678,-10.225048,0.0,-23.906218,-15.980132,-39.578594,43.462288,1.1025186,0.0,-6.9345703,6.7060266,-4.6589327,-27.999987,-1.4914272,-13.624007,76.54976,-18.54758,-126.733826,49.494476,2.5362916,-12.210748,-6.265727,-65.939865,12.25025,-111.87838,-27.872734,-10.778271,24.279587
235,-8.10913372039795,-146.31028747558594,68.21149444580078,-3.7763583283319115,-3.647732249030234,-39.67181326727045,8.006807,2.945142,30.73778,28.632797,-9.042162,0.0,-23.904753,-14.955115,-40.307156,42.607967,2.0141916,0.0,-7.542565,6.446389,-4.657005,-27.999987,-0.9516229,-13.37702,76.870964,-18.365381,-127.005035,49.78357,2.5066652,-12.210748,-5.6057577,-65.50842,11.777335,-110.72733,-27.578773,-10.793378,24.114151
236,-7.814524173736572,-146.82748413085938,68.30854034423828,-3.581417001489325,-3.7925637883594203,-42.36688409276116,8.860873,2.8508182,31.23587,28.384275,-7.6837687,0.0,-23.789154,-13.929817,-41.130405,41.614956,2.9641209,0.0,-8.158762,6.189976,-4.695314,-27.999987,-0.44813403,-13.212749,77.126076,-18.304356,-127.30658,49.990196,2.5524437,-12.210748,-4.904447,-65.08185,11.255097,-109.51832,-27.373919,-10.822086,23.966343
237,-7.510472774505615,-147.37571716308594,68.41717529296875,-3.3421046735177655,-3.933582010155652,-45.044444527241225,9.671644,2.7429972,31.835907,28.267849,-6.0759597,0.0,-23.569107,-12.8683815,-42.042732,40.42801,3.9496186,0.0,-8.760246,5.931021,-4.7571735,-27.999987,0.011301071,-13.141562,77.30823,-18.375986,-127.65054,50.09152,2.6864414,-12.210748,-4.146354,-64.66977,10.671874,-108.23705,-27.332727,-10.888131,23.850264
238,-7.207916736602783,-147.95166015625,68.53535461425781,-3.0726718759638563,-4.064040212835745,-47.69295840855632,10.448561,2.628565,32.480297,28.246244,-4.244697,0.0,-23.242077,-11.743556,-43.022934,39.024548,4.979025,0.0,-9.360225,5.6624813,-4.8283343,-27.999987,0.4501701,-13.157928,77.41109,-18.577175,-128.02065,50.117508,2.8792112,-12.210748,-3.3152204,-64.26483,10.025539,-106.89188,-27.399973,-10.983614,23.74798
239,-6.894340515136719,-148.5631866455078,68.65496063232422,-2.7516330594617178,-4.207358403566046,-50.28533655933571,11.023234,2.5922756,32.855106,28.630259,-2.322729,0.0,-22.787233,-10.633919,-44.089256,37.534775,6.063428,0.0,-9.999343,5.398285,-4.9566226,-27.999987,0.8834418,-13.2232,77.47348,-18.862684,-128.41487,50.113457,3.1209517,-12.210748,-2.441359,-63.864784,9.334393,-105.519325,-27.462254,-11.06979,23.639318
240,-6.597768306732178,-149.19639587402344,68.77019500732422,-2.356229335947646,-4.385173494494606,-52.79462835896056,11.236659,2.7038913,32.633743,29.691952,-0.42873853,0.0,-22.181568,-9.615627,-45.26073,36.086403,7.2166505,0.0,-10.718003,5.1504197,-5.1897783,-27.999987,1.3216174,-13.268858,77.55731,-19.151249,-128.8426,50.14205,3.3950322,-12.210748,-1.5573952,-63.470486,8.616344,-104.15547,-27.407183,-11.106474,23.502026
241,-6.305959224700928,-149.86151123046875,68.8756103515625,-1.8772732919294413,-4.599178732755971,-55.22484988544285,11.063327,2.972052,31.755552,31.489738,1.4677284,0.0,-21.27459,-8.662067,-46.96697,34.5093,8.626927,0.0,-11.534576,4.9243693,-5.5459676,-27.999987,1.7833263,-13.25656,77.70168,-19.404238,-129.33847,50.25066,3.7354264,-12.210748,-0.6935341,-63.055157,7.8942757,-102.79083,-27.165157,-11.075665,23.304533
242,-6.021698951721191,-150.56236267089844,68.96354675292969,-1.324721729760649,-4.83200513387608,-57.59027564918721,10.613838,3.2775984,30.360756,33.718407,3.5008702,0.0,-20.13916,-7.7146573,-49.04755,32.79501,10.244111,0.0,-12.424435,4.706239,-5.9979777,-27.999987,2.2592943,-13.181144,77.90349,-19.611284,-129.90565,50.42613,4.129016,-12.210748,0.16673,-62.614555,7.1580973,-101.408226,-26.800632,-10.999764,23.069422
243,-5.7354350090026855,-151.28683471679688,69.02521514892578,-0.7051424884987306,-5.079553209537159,-59.87762836790176,9.932128,3.476191,28.418482,36.091095,5.7195716,0.0,-19.063475,-6.8586407,-50.65137,31.344542,11.68527,0.0,-13.362745,4.47752,-6.5243053,-27.999987,2.7155776,-13.025886,78.158104,-19.736538,-130.5054,50.634747,4.487136,-12.210748,1.0665575,-62.19766,6.3697786,-100.03434,-26.414352,-10.901299,22.851542
244,-5.44114875793457,-152.0362091064453,69.05377197265625,-0.02648429250779113,-5.337258322566636,-62.07201430173981,9.054108,3.44046,25.916447,38.38157,8.143356,0.0,-18.309778,-6.2429414,-50.942684,30.598186,12.524724,0.0,-14.324364,4.2210126,-7.102852,-27.999987,3.1186059,-12.769028,78.46376,-19.740871,-131.09856,50.840256,4.716994,-12.210748,2.0566778,-61.872604,5.4853854,-98.70011,-26.122278,-10.805625,22.701145
245,-5.1415910720825195,-152.8035430908203,69.04508209228516,0.7636859069729469,-5.623225030327147,-64.13562731274146,7.7929645,2.9836826,22.226675,40.750134,10.702642,0.0,-18.0344,-6.0652237,-49.47551,30.955805,12.752721,0.0,-15.335056,3.9207823,-7.790971,-27.180214,3.406951,-12.359087,78.83712,-19.582565,-131.66933,51.055622,4.7620544,-12.210748,3.169778,-61.659378,4.4801846,-97.393364,-25.971342,-10.714818,22.633171
246,-4.833464622497559,-153.60617065429688,68.9945068359375,1.6525620369567247,-5.928472684944157,-66.09241842068266,6.2658715,2.0319328,17.594624,43.124496,13.501125,0.0,-18.085548,-6.1555386,-46.760918,32.067154,12.636544,0.0,-16.395008,3.5802436,-8.576638,-24.61959,3.4901004,-11.79899,79.286896,-19.265741,-132.2418,51.29723,4.6742544,-12.210748,4.3735814,-61.543518,3.3773947,-96.10179,-25.911385,-10.619294,22.618246
247,-4.509960651397705,-154.41796875,68.89877319335938,2.540431996298952,-6.214130302893474,-68.02098109523806,4.924505,0.86335623,13.35173,45.10871,16.678673,0.0,-18.241302,-6.1646676,-43.426384,33.316437,12.094537,0.0,-17.43973,3.220434,-9.334018,-22.057417,3.4849763,-11.158118,79.794395,-18.830881,-132.8351,51.531193,4.523523,-12.210748,5.620989,-61.537453,2.2132952,-94.85042,-25.91748,-10.528442,22.636387
248,-4.166862487792969,-155.23471069335938,68.74252319335938,3.318897120719161,-6.445803899348158,-69.99618786465606,4.0981936,0.02089946,10.812528,46.460125,20.272821,0.0,-18.23361,-5.8692303,-40.141186,34.19675,10.891062,0.0,-18.408371,2.8726585,-9.939661,-19.498571,3.3452575,-10.526867,80.32571,-18.343636,-133.46239,51.714844,4.385568,-12.210748,6.867797,-61.661797,1.030317,-93.66713,-25.973927,-10.451805,22.66402
249,-3.8378186225891113,-156.04591369628906,68.54148864746094,3.9757409890190822,-6.633809800703081,-71.98690877344147,3.9432456,-0.1458274,10.574071,46.866463,25.022772,0.0,-17.917068,-5.280384,-36.845707,34.60611,8.520293,0.0,-19.299774,2.5289342,-10.378503,-16.970943,3.069694,-9.9341,80.86381,-17.840796,-134.13463,51.832745,4.269351,-12.210748,8.181546,-61.96686,-0.18376641,-92.55412,-26.1612,-10.409011,22.698496
250,-3.5250232219696045,-156.824462890625,68.15984344482422,4.385882194739087,-6.798311502358686,-73.95845594257896,2.9753447,0.45527622,11.561887,50.06231,26.000021,0.0,-17.64439,-4.543701,-33.35406,35.40374,4.9037247,0.0,-20.145061,2.2214592,-10.619918,-14.460869,2.6855748,-9.353668,81.41392,-17.2969,-134.8379,51.909286,4.151044,-12.210748,9.54454,-62.447357,-1.4281256,-91.466736,-26.49143,-10.390825,22.762774
251,-3.2488808631896973,-157.59619140625,67.74331665039062,4.70501143720521,-6.922620612936327,-76.0036757038449,2.073402,1.4806017,13.276951,53.52882,26.000021,0.0,-17.311258,-3.7363482,-30.029707,36.161922,1.0683166,0.0,-20.939991,1.967412,-10.748574,-11.900857,2.1868274,-9.150144,81.86251,-17.252447,-134.99997,51.679173,3.7030184,-12.210748,10.789257,-63.00887,-2.6069384,-90.39809,-26.794853,-10.356851,22.833464
252,-3.021852493286133,-158.3529510498047,67.38465881347656,5.013302908483916,-6.988125349185657,-78.2114999306408,1.3898416,2.6447947,15.078806,56.396816,26.000021,0.0,-16.902634,-2.9211802,-27.219885,36.64949,-2.0420582,0.0,-21.662811,1.7928213,-10.815328,-9.236111,1.5588088,-9.221008,82.17009,-17.491215,-134.99997,51.241222,3.2616646,-12.210748,11.759885,-63.53071,-3.6456406,-89.33952,-26.882391,-10.269375,22.893776
253,-2.8472514152526855,-159.09902954101562,67.13516235351562,5.277373471922227,-6.98367938649022,-80.57194006238697,0.8650863,3.977446,16.925615,58.71213,26.000021,0.0,-16.34917,-2.0748274,-25.199875,36.71332,-4.2273107,0.0,-22.31668,1.722074,-10.780914,-6.4571743,0.724053,-9.465459,82.37861,-17.83026,-134.99997,50.630642,2.9364629,-12.210748,12.442095,-64.01114,-4.5466495,-88.27919,-26.590153,-10.093038,22.955845
254,-2.7091329097747803,-159.81649780273438,66.96876525878906,5.478239887407527,-6.932707967125211,-83.04864212419379,0.49097574,5.522182,19.012735,60.67454,26.000021,0.0,-15.6479025,-1.1955749,-23.687353,36.436188,-5.955803,0.0,-22.909548,1.7394406,-10.644259,-3.5885227,-0.29877165,-9.849448,82.518,-18.244972,-134.99997,49.88093,2.6894548,-12.210748,12.921822,-64.476616,-5.3439918,-87.223885,-26.035051,-9.856175,23.021334
255,-2.577394723892212,-160.516845703125,66.83541107177734,5.673506909827868,-6.8602188028741,-85.68981602646562,0.18585108,6.996982,20.99499,62.323143,26.000021,0.0,-14.983153,-0.35548005,-22.181103,36.144062,-7.362876,0.0,-23.42869,1.8139253,-10.4928255,-0.62253857,-1.3828839,-10.292703,82.58721,-18.69312,-134.99997,49.097694,2.5049925,-12.210748,13.195689,-64.83999,-6.03475,-86.21956,-25.4351,-9.614387,23.066172
256,-2.441251754760742,-161.1949462890625,66.70215606689453,5.929107781116158,-6.781812488769756,-88.54482989818052,-0.15728603,8.172476,22.60083,63.68958,26.000021,0.0,-14.5400715,0.37887168,-20.192099,36.15998,-8.572967,0.0,-23.85999,1.9088248,-10.419253,2.4474216,-2.397531,-10.674726,82.59568,-19.07908,-134.99997,48.406174,2.366031,-12.210748,13.222677,-64.96406,-6.5875573,-85.31887,-24.936726,-9.426128,23.05486
257,-2.2915725708007812,-161.85768127441406,66.48812866210938,6.180370484252208,-6.684616052173971,-91.66321758093596,-0.98587286,9.214153,23.696236,66.29938,23.089554,0.0,-14.574993,1.0445117,-17.571959,36.972393,-9.747657,0.0,-24.193815,2.0304167,-10.409542,5.654476,-3.3136828,-11.126122,82.5079,-19.557882,-134.99997,47.731995,2.2984862,-12.210748,13.04075,-64.86291,-7.1858845,-84.58015,-24.569242,-9.249107,23.027464
258,-2.1434121131896973,-162.4925994873047,66.29060363769531,6.484160677300331,-6.555819289653058,-95.00974443456693,-1.8058262,10.099088,24.706612,68.67676,19.881828,0.0,-14.854578,1.6799945,-14.574959,38.11801,-10.690062,0.0,-24.439848,2.1752715,-10.464106,8.989435,-4.210306,-11.593067,82.33493,-20.043203,-134.99997,47.060047,2.306824,-12.210748,12.581208,-64.50957,-7.7012033,-83.96138,-24.153708,-9.0824995,22.94802
259,-2.0010836124420166,-163.11012268066406,66.10958099365234,6.794386891292003,-6.407332324868973,-98.50281986379622,-2.5739677,10.867779,25.612268,70.719246,16.64909,0.0,-15.22997,2.3480687,-11.4099,39.397583,-11.45856,0.0,-24.61014,2.3575542,-10.541271,12.388888,-5.1023235,-12.064085,82.0913,-20.52718,-134.99997,46.534676,2.3697948,-12.210748,12.061528,-63.991467,-8.199858,-83.50261,-23.824831,-8.966971,22.855286
260,-1.8554646968841553,-163.7180938720703,65.94710540771484,7.063023655192929,-6.257700224687316,-102.06463501538244,-3.2943518,11.567713,26.352062,72.45579,13.437983,0.0,-15.562563,3.082796,-8.277435,40.634373,-12.117919,0.0,-24.717005,2.5920746,-10.599531,15.785801,-5.9884696,-12.475712,81.815,-20.933638,-134.99997,46.3227,2.4544184,-12.210748,11.655635,-63.396767,-8.686849,-83.22132,-23.72237,-8.952383,22.773531
261,-1.6996033191680908,-164.305908203125,65.79521179199219,7.289160155594991,-6.125772081587067,-105.73456710773222,-3.9828382,12.173854,26.889444,73.89765,10.163732,0.0,-15.8493595,3.8909798,-5.198583,41.85483,-12.637585,0.0,-24.746845,2.9066877,-10.642155,19.189949,-6.861623,-12.78683,81.52262,-21.196589,-134.99997,46.587814,2.5344336,-12.210748,11.37646,-62.741493,-9.160096,-83.12078,-24.053408,-9.10118,22.703728
262,-1.5583765506744385,-164.89413452148438,65.65951538085938,7.496737351244292,-5.998521773430723,-109.53827952393124,-4.6534147,12.679625,27.281229,75.04926,6.832393,0.0,-16.131357,4.764536,-2.0803993,43.103863,-12.989321,0.0,-24.700651,3.2859855,-10.685936,22.624422,-7.7029614,-12.99129,81.217445,-21.320253,-134.99997,47.21207,2.6132576,-12.210748,11.1330595,-62.006325,-9.603683,-83.17909,-24.715218,-9.370388,22.635769
263,-1.4113119840621948,-165.4801788330078,65.54393768310547,7.673159629774206,-5.853665180533429,-113.37958393345573,-5.326511,13.149016,27.565683,75.94343,3.6283793,0.0,-16.347837,5.6801906,1.0576153,44.25257,-13.250925,0.0,-24.612152,3.6800807,-10.7096195,26.036667,-8.473875,-13.065711,80.92866,-21.32187,-134.99997,47.94535,2.6918058,-12.210748,10.93678,-61.223717,-9.991493,-83.37556,-25.38354,-9.652524,22.573149
264,-1.279615044593811,-166.05441284179688,65.44509887695312,7.8051332005485925,-5.6717135903674825,-117.16322706011991,-6.033915,13.636707,27.75758,76.618965,0.739628,0.0,-16.443605,6.6032662,4.2001367,45.178104,-13.503867,0.0,-24.513838,4.0387974,-10.691823,27.999987,-8.960009,-12.997643,80.67675,-21.244438,-134.99997,48.52492,2.7712128,-12.210748,10.780635,-60.463596,-10.276164,-83.68059,-25.766762,-9.840873,22.514202
265,-1.1429219245910645,-166.62551879882812,65.37425994873047,7.861129535675641,-5.461720197312565,-120.8585366980814,-6.8348894,14.172385,27.780169,77.114876,-1.7953929,0.0,-16.365318,7.543573,7.372579,45.79819,-13.770151,0.0,-24.41576,4.3609567,-10.615064,27.999987,-9.070434,-12.749723,80.46629,-21.056093,-134.99997,48.927666,2.8610566,-12.210748,10.699349,-59.70323,-10.455347,-84.12352,-25.70764,-9.890481,22.453283
266,-1.005510926246643,-167.2046356201172,65.3274917602539,7.854189848483691,-5.239281820243564,-124.52256169966627,-7.7367487,14.70223,27.607847,77.42559,-4.065023,0.0,-16.147245,8.4887705,10.582228,46.190147,-14.009387,0.0,-24.30109,4.6690955,-10.493721,27.999987,-9.078374,-12.317858,80.3054,-20.73164,-134.99997,49.280907,2.9391296,-12.210748,10.648755,-58.969536,-10.508055,-84.68288,-25.435816,-9.866174,22.389858
267,-0.8613894581794739,-167.7993927001953,65.31588745117188,7.836387755030219,-4.988958436207003,-128.1948275259156,-8.691146,15.152305,27.328806,77.524124,-6.0675654,0.0,-15.869377,9.372151,13.789319,46.46289,-14.203576,0.0,-24.158957,4.9483147,-10.355623,27.999987,-9.034102,-11.808344,80.16667,-20.385447,-134.99997,49.53374,3.0092902,-12.210748,10.584666,-58.25303,-10.455672,-85.322685,-25.09179,-9.820638,22.33479
268,-0.7239032983779907,-168.3954620361328,65.33793640136719,7.861552151702229,-4.686597735145031,-131.91509703922176,-9.636065,15.455484,27.043669,77.37863,-7.803497,0.0,-15.615822,10.139147,16.949518,46.722057,-14.3320055,0.0,-23.979029,5.1836925,-10.228443,27.999987,-8.986907,-11.349503,80.01135,-20.151094,-134.99997,49.63485,3.085715,-12.210748,10.462851,-57.549675,-10.319726,-86.0041,-24.820862,-9.806434,22.298388
269,-0.5816730260848999,-168.99752807617188,65.39198303222656,7.938775453580639,-4.300209977673412,-135.72616392441728,-10.597599,15.588919,26.746527,76.991394,-9.227436,0.0,-15.415028,10.800113,20.142445,46.9806,-14.392089,0.0,-23.742968,5.3525863,-10.114565,27.999987,-8.919554,-10.977197,79.8128,-20.077818,-134.99997,49.51572,3.220401,-12.210748,10.276905,-56.87169,-10.076658,-86.74072,-24.642801,-9.841934,22.284103
270,-0.4362960755825043,-169.62371826171875,65.48345947265625,8.032713991943378,-3.8451369861679177,-139.60149726014174,-11.605481,15.581959,26.37223,76.38905,-10.348521,0.0,-15.220627,11.374491,23.362982,47.177124,-14.392061,0.0,-23.46295,5.4687953,-10.000372,27.999987,-8.808284,-10.712005,79.553406,-20.199875,-134.9264,49.180134,3.3681283,-12.210748,10.039407,-56.223278,-9.716256,-87.5379,-24.485647,-9.89826,22.286463
271,-0.2959563732147217,-170.25991821289062,65.60343933105469,8.119527789348194,-3.367139662418148,-143.47812852815625,-12.596806,15.456586,25.942835,75.57637,-11.236715,0.0,-15.01626,11.828288,26.433792,47.30776,-14.3283205,0.0,-23.172493,5.5725083,-9.889564,27.999987,-8.694525,-10.708255,79.1895,-20.684216,-134.66026,48.673183,3.402591,-12.210748,9.743922,-55.57896,-9.287872,-88.3483,-24.356773,-9.958353,22.302402
272,-0.15929125249385834,-170.909423828125,65.75397491455078,8.18841082072048,-2.9136709832674543,-147.29458884485044,-13.513543,15.230928,25.469725,74.55822,-11.9628935,0.0,-14.796218,12.126759,29.172564,47.37337,-14.198003,0.0,-22.899916,5.704091,-9.786407,27.999987,-8.624933,-10.856778,78.73755,-21.326496,-134.44313,48.187946,3.4292996,-12.210748,9.3986435,-54.898396,-8.854682,-89.127785,-24.256435,-10.005253,22.330008
273,-0.03791828453540802,-171.5705108642578,65.93193817138672,8.241840590523582,-2.483851316462885,-151.0787334923432,-14.307974,14.927365,25.032288,73.3087,-12.546657,0.0,-14.574745,12.287071,31.663406,47.37305,-13.970645,0.0,-22.6454,5.8790817,-9.68753,27.999987,-8.610359,-11.117783,78.21543,-22.074306,-134.28925,47.775654,3.423855,-12.210748,8.989373,-54.152344,-8.427601,-89.891556,-24.150448,-10.018575,22.3795
274,0.0711008831858635,-172.26083374023438,66.13822937011719,8.285922903964556,-2.0559106930304325,-154.85772592639154,-15.024442,14.528154,24.575975,71.83363,-12.942369,0.0,-14.362139,12.314241,33.954956,47.305637,-13.663474,0.0,-22.394478,6.0745435,-9.592522,27.999987,-8.627139,-11.451108,77.64412,-22.897282,-134.19077,47.389748,3.4040267,-12.210748,8.530316,-53.344326,-7.9862084,-90.65627,-24.034485,-10.012711,22.450844
275,0.15811806917190552,-172.9690704345703,66.36809539794922,8.316587167721673,-1.6480249049452953,-158.570536440885,-15.727029,13.997429,23.931501,70.17913,-13.142945,0.0,-14.164519,12.163369,35.813683,47.179516,-13.337374,0.0,-22.155836,6.27353,-9.509765,27.999987,-8.674342,-11.858907,77.038475,-23.794827,-134.13995,47.007076,3.383741,-12.210748,8.072044,-52.49078,-7.544694,-91.38381,-23.956781,-10.020987,22.525331
276,0.2363605946302414,-173.69508361816406,66.61367797851562,8.333296138371376,-1.2788041653066837,-162.1547832023451,-16.468029,13.300167,22.93825,68.387405,-13.140982,0.0,-13.999729,11.797002,37.00945,47.006355,-13.041234,0.0,-21.938318,6.4593987,-9.4476385,27.999987,-8.759983,-12.346324,76.41305,-24.769457,-134.12991,46.60451,3.3783565,-12.210748,7.6635838,-51.611248,-7.1164336,-92.0376,-23.969677,-10.076542,22.584202
277,0.2913823127746582,-174.43136596679688,66.86843872070312,8.341823257558161,-0.956685159949141,-165.57523074137248,-17.258875,12.408114,21.528078,66.45971,-12.933103,0.0,-13.89408,11.19634,37.43681,46.799923,-12.744575,0.0,-21.760662,6.6386657,-9.407953,27.999987,-8.912391,-12.904685,75.7813,-25.811474,-134.18857,46.207996,3.384417,-12.210748,7.332457,-50.705173,-6.720973,-92.58331,-24.151594,-10.202988,22.617111
278,0.3098891079425812,-175.1800994873047,67.12897491455078,8.348105804199285,-0.6694329559175058,-168.88076000860042,-18.031677,11.350133,19.797327,64.3637,-12.539517,0.0,-13.843747,10.39445,37.239372,46.561214,-12.428033,0.0,-21.612148,6.81695,-9.386706,27.999987,-9.131001,-13.53299,75.13986,-26.91889,-134.30737,45.82886,3.3938065,-12.210748,7.0489717,-49.7669,-6.344339,-93.047,-24.45824,-10.376717,22.635738
279,0.30007728934288025,-175.9444122314453,67.38726806640625,8.352341679006603,-0.40567902480690227,-172.13408752798077,-18.716839,10.176938,17.830276,62.091244,-11.991898,0.0,-13.823699,9.437689,36.564743,46.288055,-12.152779,0.0,-21.455715,6.975942,-9.3836155,27.999987,-9.384803,-14.254994,74.466156,-28.11763,-134.41881,45.41254,3.4173214,-12.210748,6.771757,-48.8127,-5.9461746,-93.47953,-24.759975,-10.559933,22.653763
280,0.2452777624130249,-176.71539306640625,67.64230346679688,8.352935416863412,-0.15445192829346505,-175.3961606853261,-19.251148,8.940873,15.7033825,59.62752,-11.317052,0.0,-13.807375,8.370725,35.559757,45.97537,-11.980098,0.0,-21.254576,7.0970874,-9.398706,27.999987,-9.643696,-15.021731,73.76726,-29.357582,-134.48186,44.918728,3.4554338,-12.210748,6.456556,-47.86745,-5.4833655,-93.92967,-24.933245,-10.716192,22.68262
281,0.16041570901870728,-177.4991455078125,67.8919906616211,8.367853608991489,0.07163521708440634,-178.64560355463684,-19.610493,7.6018405,13.3523445,56.9063,-10.518874,0.0,-13.772641,7.141684,34.106503,45.62825,-11.955502,0.0,-21.025139,7.1694436,-9.454801,27.999987,-9.891115,-15.933941,73.005455,-30.747444,-134.45258,44.287373,3.5123518,-12.210748,6.10345,-46.933514,-4.944901,-94.38991,-24.947334,-10.841983,22.711025
282,0.0412837490439415,-178.2794189453125,68.13292694091797,8.395730986191179,0.27441936951053375,178.13119694407987,-19.78239,6.1730337,10.742768,53.918728,-9.5940695,0.0,-13.711134,5.7484365,32.184597,45.246605,-12.040508,0.0,-20.7765,7.2051544,-9.544621,27.999987,-10.153535,-16.96472,72.17955,-32.26294,-134.3532,43.550594,3.582235,-12.210748,5.7310047,-46.00465,-4.3509088,-94.83664,-24.872932,-10.955881,22.735544
283,-0.11213583499193192,-179.05734252929688,68.35675048828125,8.40327137123926,0.4840448472136442,174.86214009458524,-19.736294,4.7857275,7.9937644,50.727844,-8.55932,0.0,-13.631743,4.315243,30.086042,44.81884,-12.163627,0.0,-20.465212,7.219769,-9.623058,27.999987,-10.464584,-18.143314,71.27367,-33.906906,-134.14948,42.792618,3.675912,-12.210748,5.313977,-45.101627,-3.6990962,-95.2938,-24.739565,-11.05331,22.779976
284,-0.29742518067359924,-179.83396911621094,68.5609359741211,8.352905892614428,0.7265704550013287,171.4739144480701,-19.463812,3.5618129,5.2247467,47.395256,-7.4144416,0.0,-13.564149,2.9683158,28.098684,44.332756,-12.248993,0.0,-20.04777,7.2283206,-9.644618,27.999987,-10.85395,-19.479517,70.27351,-35.66465,-133.81136,42.096596,3.802811,-12.210748,4.825131,-44.251255,-2.9852529,-95.784325,-24.586111,-11.13131,22.86621
285,-0.5145450830459595,-180.61207580566406,68.74431610107422,8.228175638071285,1.0108578130125914,167.92450507816537,-18.925188,2.5183737,2.3973947,43.75115,-6.115901,0.0,-13.530439,1.7089756,26.164043,43.782475,-12.281187,0.0,-19.476732,7.2255917,-9.594443,27.999987,-11.337803,-21.034267,69.13153,-37.59534,-133.29176,41.459892,3.9717839,-12.210748,4.2563114,-43.464207,-2.2125678,-96.30966,-24.424498,-11.18984,23.023335
286,-0.758804440498352,-181.36964416503906,68.90400695800781,8.045942361516175,1.3146167599588123,164.2530184909902,-18.097548,1.633005,-0.56508297,39.720943,-4.6438165,0.0,-13.507205,0.4898518,24.16741,43.168587,-12.293828,0.0,-18.78644,7.204144,-9.498122,27.999987,-11.897451,-22.818375,67.83077,-39.715263,-132.56604,40.847168,4.1679664,-12.210748,3.622265,-42.73376,-1.3825995,-96.85991,-24.242199,-11.231841,23.230413
287,-1.0463793277740479,-182.11273193359375,69.0431900024414,7.818159089313443,1.6146252838049724,160.50735836917332,-17.037813,0.94867307,-3.566283,35.543236,-3.0218515,0.0,-13.481597,-0.63547945,22.316666,42.486702,-12.273216,0.0,-18.05598,7.175542,-9.369867,27.999987,-12.507806,-24.8458,66.35032,-42.03088,-131.58482,40.272278,4.369388,-12.210748,2.9285994,-42.06016,-0.4888245,-97.44,-24.040817,-11.258486,23.43455
288,-1.342604398727417,-182.82418823242188,69.15833282470703,7.5592688735749975,1.889475302748471,156.73564282830517,-15.845001,0.48358485,-6.4671865,31.52167,-1.2795612,0.0,-13.4568205,-1.6173404,20.820549,41.74138,-12.208788,0.0,-17.364458,7.1530123,-9.222546,27.999987,-13.143423,-27.100245,64.681244,-44.514957,-130.31258,39.757072,4.5499277,-12.210748,2.1793218,-41.44486,0.47655082,-98.05316,-23.824137,-11.271278,23.582533
289,-1.6655802726745605,-183.53012084960938,69.25013732910156,7.259424536730568,2.1387840312325204,152.9165976223909,-14.495219,0.26247242,-9.259617,27.564959,0.69543636,0.0,-13.445592,-2.4417832,19.670206,40.925323,-12.104349,0.0,-16.703558,7.140758,-9.036396,27.999987,-13.819641,-29.53741,62.816303,-47.102352,-128.75163,39.359386,4.6966457,-12.210748,1.3707384,-40.900562,1.5221231,-98.737976,-23.574652,-11.259095,23.646824
290,-2.020848512649536,-184.22305297851562,69.32164001464844,6.9138668577285225,2.365431360903804,149.02928523739942,-12.939042,0.28524652,-11.9548,23.464909,2.9662838,0.0,-13.463007,-3.1319752,18.773876,40.047977,-11.966506,0.0,-16.040483,7.1306825,-8.809393,27.999987,-14.539587,-32.100082,60.761864,-49.731163,-126.91166,39.08042,4.804754,-12.210748,0.50174594,-40.423405,2.6392176,-99.48171,-23.300138,-11.226306,23.660803
291,-2.398334503173828,-184.88992309570312,69.37349700927734,6.548383644289407,2.5576133819892433,145.12329186733982,-11.340468,0.46831772,-14.430616,19.574688,5.3185034,0.0,-13.524154,-3.6979923,18.228092,39.13616,-11.776057,0.0,-15.418821,7.120211,-8.582072,27.999987,-15.259789,-34.712784,58.557106,-52.342915,-124.80627,38.8635,4.862147,-12.210748,-0.4172092,-39.987232,3.8059533,-100.21317,-23.035456,-11.195353,23.663866
292,-2.7738397121429443,-185.5252685546875,69.40677642822266,6.194933550788765,2.707466922853197,141.24940513465927,-9.973279,0.65886396,-16.567266,16.510414,7.4026704,0.0,-13.641702,-4.1557217,18.128311,38.20497,-11.506733,0.0,-14.884511,7.1077633,-8.399946,27.999987,-15.935025,-37.283997,56.26851,-54.870182,-122.48288,38.650974,4.86171,-12.210748,-1.3807054,-39.557945,5.003841,-100.85675,-22.80963,-11.187925,23.695107
293,-3.1561148166656494,-186.13739013671875,69.43513488769531,5.890399339911569,2.8111990604892125,137.3981177622393,-9.182062,0.63815296,-18.414776,15.082583,9.0526085,0.0,-13.815907,-4.5099998,18.58491,37.21818,-11.140037,0.0,-14.444728,7.093018,-8.29905,27.999987,-16.54707,-39.71044,53.98826,-57.227158,-120.060936,38.429054,4.812947,-12.210748,-2.4095664,-39.117805,6.239416,-101.40396,-22.640255,-11.210013,23.790398
294,-3.5310707092285156,-186.7416229248047,69.4583511352539,5.621775282785117,2.87752131980254,133.54652771230997,-8.916133,0.37933287,-19.988667,15.180013,10.28352,0.0,-14.031009,-4.7657213,19.518738,36.135635,-10.668006,0.0,-14.080963,7.077919,-8.256399,27.999987,-17.114195,-41.88516,51.820007,-59.312862,-117.68996,38.237873,4.736935,-12.210748,-3.505793,-38.671524,7.5192266,-101.88859,-22.497536,-11.248932,23.921322
295,-3.9077036380767822,-187.32765197753906,69.4996566772461,5.346243660851011,2.917980644788977,129.72627175482498,-8.892994,0.009917615,-21.139713,16.11664,10.975354,0.0,-14.2689295,-4.939486,20.739563,34.956985,-10.083145,0.0,-13.800537,7.064071,-8.230996,27.999987,-17.646334,-43.74331,49.856632,-61.075222,-115.468765,38.090336,4.649119,-12.210748,-4.640428,-38.223385,8.82803,-102.296455,-22.34009,-11.297482,24.029343
296,-4.285849094390869,-187.89952087402344,69.53621673583984,5.01936152106073,2.9388229460028303,125.96925198463863,-8.847363,-0.2932323,-21.721132,17.215227,10.995358,0.0,-14.508432,-5.0448246,22.05582,33.677883,-9.373451,0.0,-13.610049,7.052152,-8.18037,27.999987,-18.148708,-45.26393,48.163418,-62.501877,-113.45902,37.99602,4.5612435,-12.210748,-5.7767873,-37.778366,10.146151,-102.62038,-22.126873,-11.348387,24.056059
297,-4.672739028930664,-188.46539306640625,69.5411148071289,4.617921922620763,2.9281009779824507,122.25498197085783,-8.83422,-0.49888164,-21.63468,18.682247,10.035719,0.0,-14.754828,-5.0324035,23.685476,32.275375,-8.494537,0.0,-13.513703,7.051195,-8.085211,27.999987,-18.620148,-46.44227,46.79224,-63.590416,-111.69379,37.940044,4.482409,-12.210748,-6.9374766,-37.33494,11.494931,-102.84381,-21.863276,-11.412745,23.972588
298,-5.063117980957031,-189.01364135742188,69.53126525878906,4.170789598144824,2.8795638932195735,118.56893740628075,-8.898612,-0.6503819,-20.968689,20.607065,8.333543,0.0,-14.989857,-4.906234,25.633904,30.722776,-7.4473724,0.0,-13.507455,7.0587163,-7.9679956,27.999987,-19.046133,-47.306717,45.774357,-64.38493,-110.2207,37.897335,4.4218736,-12.210748,-8.135585,-36.891335,12.874346,-102.97652,-21.568188,-11.488397,23.812647
299,-5.450751304626465,-189.5496826171875,69.51375579833984,3.713376154529108,2.8092571119608087,114.95321677275003,-8.868611,-0.7076085,-19.8564,22.380032,6.43356,0.0,-15.17321,-4.7677636,27.393478,29.03589,-6.2962065,0.0,-13.585894,7.056864,-7.853862,27.999987,-19.41661,-47.918533,45.09696,-64.96653,-109.06577,37.864044,4.384106,-12.210748,-9.30951,-36.45752,14.228486,-103.0619,-21.219244,-11.54825,23.611998
300,-5.8538126945495605,-190.07188415527344,69.49363708496094,3.2812911200699366,2.738649858479706,111.4510115864095,-8.640013,-0.6810644,-18.435974,23.553991,4.8036437,0.0,-15.282678,-4.7261715,28.463835,27.249516,-5.114285,0.0,-13.7439165,7.0269575,-7.7706094,27.999987,-19.723957,-48.353825,44.71103,-65.42518,-108.21474,37.84001,4.3687563,-12.210748,-10.408695,-36.047363,15.510534,-103.13547,-20.796505,-11.565712,23.405586
301,-6.2659525871276855,-190.58792114257812,69.45497131347656,2.8622665722714187,2.6678925596131737,108.0487514246754,-8.147143,-0.57213646,-16.688026,24.009806,3.473388,0.0,-15.329905,-4.806849,28.850117,25.355122,-3.8749688,0.0,-13.99055,6.9700785,-7.7091165,27.999987,-19.933983,-48.655247,44.56754,-65.808044,-107.59132,37.840084,4.3615146,-12.210748,-11.425909,-35.67437,16.73327,-103.21378,-20.256222,-11.527529,23.175097
302,-6.683067321777344,-191.08743286132812,69.40161895751953,2.44453009884781,2.589972025587138,104.72373731700965,-7.4637656,-0.40253758,-14.546656,24.029598,2.1931362,0.0,-15.321206,-4.959917,28.781101,23.338985,-2.55124,0.0,-14.323898,6.893907,-7.660131,27.999987,-20.056078,-48.847023,44.629272,-66.1221,-107.13985,37.852062,4.361687,-12.210748,-12.389753,-35.334827,17.915941,-103.27797,-19.62557,-11.448652,22.910254
303,-7.079809188842773,-191.56137084960938,69.32270050048828,2.0616522828591557,2.5225629483116006,101.50792991621822,-6.7258472,-0.2419889,-12.104032,23.836046,0.9811537,0.0,-15.244633,-5.1708035,28.096193,21.26848,-1.2307272,0.0,-14.722675,6.78877,-7.6514573,27.999987,-20.146406,-48.977585,44.84992,-66.39456,-106.860596,37.838806,4.3874426,-12.210748,-13.268752,-35.01909,19.003147,-103.33778,-18.984768,-11.346148,22.659264
304,-7.47151517868042,-192.0373992919922,69.2328872680664,1.7465949576138442,2.4874877712235426,98.43624237172978,-6.0831246,-0.14748752,-9.453197,23.661987,-0.14060032,0.0,-15.070094,-5.4250474,26.631155,19.182655,0.008267606,0.0,-15.16541,6.6439037,-7.7118645,27.999987,-20.252623,-49.100056,45.17525,-66.65716,-106.74538,37.764107,4.4561787,-12.210748,-14.02223,-34.72029,19.93414,-103.41019,-18.412395,-11.238343,22.470505
305,-7.836673259735107,-192.50291442871094,69.13435363769531,1.5408693495594736,2.5062456537408235,95.54760330186117,-5.631564,-0.16668515,-6.5023284,23.668297,-1.22277,0.0,-14.976779,-5.667235,24.241262,17.500696,0.94864804,0.0,-15.680509,6.4262047,-7.897362,24.392063,-19.957008,-49.283512,45.55398,-66.983025,-106.72803,37.630802,4.5776153,-12.210748,-14.637764,-34.44013,20.701195,-103.49291,-17.862661,-11.118083,22.3353
306,-8.192309379577637,-192.9779510498047,69.04631805419922,1.3871286283707716,2.571690543162504,92.80550790715813,-5.263305,-0.2415045,-3.241862,23.6698,-2.2395315,0.0,-14.727292,-5.955441,21.030739,15.663744,1.9049115,0.0,-16.261402,6.1536174,-8.151116,19.252268,-19.289074,-49.545124,45.942818,-67.386955,-106.738014,37.4529,4.731771,-12.210748,-15.116886,-34.186832,21.323244,-103.59717,-17.310993,-10.98149,22.238085
307,-8.546801567077637,-193.44651794433594,68.96224212646484,1.2662758610422133,2.662943193358497,90.14434958289681,-4.9081726,-0.35931402,0.10694568,23.559464,-3.1553335,0.0,-14.38922,-6.1876225,17.281656,13.945782,2.6871133,0.0,-16.850565,5.86692,-8.42888,13.919658,-18.398733,-49.84993,46.311794,-67.806114,-106.777534,37.215065,4.893295,-12.210748,-15.512436,-33.95447,21.822874,-103.70429,-16.873762,-10.845715,22.207893
308,-8.911166191101074,-193.9216766357422,68.87720489501953,1.1462681863622224,2.756958941677359,87.50152612299519,-4.4967213,-0.49813992,3.3212078,23.227955,-3.9304335,0.0,-14.081762,-6.2739396,13.266141,12.689243,3.0566986,0.0,-17.388979,5.6151223,-8.671302,8.508096,-17.35709,-50.151306,46.64679,-68.168625,-106.86644,36.904503,5.0385427,-12.210748,-15.859059,-33.734318,22.211725,-103.80619,-16.665016,-10.7303295,22.274849
309,-9.279533386230469,-194.3976287841797,68.80240631103516,1.0551227566194912,2.8581967619369153,84.91805114739748,-4.0240583,-0.69806176,6.3670635,22.618658,-4.5114694,0.0,-13.912215,-6.225322,8.638082,12.136174,2.8631582,0.0,-17.894297,5.387387,-8.918764,2.9558523,-16.177593,-50.482895,46.927326,-68.52129,-107.00019,36.463196,5.175069,-12.210748,-16.093792,-33.516342,22.429106,-103.907845,-16.774744,-10.639664,22.479465
310,-9.653368949890137,-194.86402893066406,68.74592590332031,0.9885033242174925,2.9802131208117366,82.4100213013972,-3.527678,-0.9648494,9.345519,21.78222,-4.9229126,0.0,-13.784997,-6.091336,3.3641274,12.024372,2.254247,0.0,-18.387543,5.1675043,-9.179976,-2.7893114,-14.822762,-50.882797,47.130733,-68.90811,-107.12903,35.920624,5.304415,-12.210748,-16.239555,-33.3013,22.504421,-103.994225,-17.12039,-10.563924,22.794367
311,-10.024191856384277,-195.31719970703125,68.71634674072266,0.8928878610897161,3.1083846564937825,79.8787231061974,-3.0004048,-1.2466909,12.238212,20.784246,-5.2428017,0.0,-13.582231,-5.85634,-1.8028936,12.046678,1.3968502,0.0,-18.820078,4.993877,-9.371967,-8.572247,-13.3428335,-51.290955,47.262955,-69.23707,-107.23153,35.39538,5.397196,-12.210748,-16.377888,-33.110935,22.536955,-104.0947,-17.55051,-10.500706,23.150484
312,-10.40859603881836,-195.75709533691406,68.68507385253906,0.714499502520958,3.2228751514571714,77.22148999673554,-2.4196038,-1.4962063,15.028999,19.67237,-5.543601,0.0,-13.229377,-5.48202,-6.0935388,11.962771,0.43524805,0.0,-19.143305,4.907712,-9.412186,-14.216575,-11.833895,-51.618553,47.36752,-69.38952,-107.32999,35.003292,5.43089,-12.210748,-16.620743,-32.963802,22.642754,-104.21304,-17.918291,-10.449364,23.47716
313,-10.828285217285156,-196.18234252929688,68.6418685913086,0.43328547407540713,3.3274758775814206,74.42751839315318,-1.7493678,-1.7218957,17.644312,18.344833,-5.8157334,0.0,-12.7210655,-4.95738,-9.625147,11.858088,-0.87756765,0.0,-19.350931,4.9263678,-9.255744,-19.728369,-10.389856,-51.816334,47.497585,-69.28466,-107.50032,34.745327,5.395785,-12.210748,-16.958796,-32.87405,22.798437,-104.374084,-18.247375,-10.407984,23.7856
314,-11.252961158752441,-196.59292602539062,68.57183837890625,0.12286908539289444,3.4213270505110085,71.54948689415296,-1.0448899,-1.9879225,20.107044,16.88892,-6.0696216,0.0,-12.625068,-4.4268947,-12.658804,12.916778,-3.08943,0.0,-19.476719,5.014274,-8.996781,-25.15307,-9.02326,-51.87763,47.695633,-68.94475,-107.799164,34.566246,5.3179893,-12.210748,-17.356228,-32.827583,22.96923,-104.56349,-18.598694,-10.373101,24.100939
315,-11.671228408813477,-196.9888153076172,68.50282287597656,-0.1982633617596376,3.4760333377033583,68.564690716363,-0.30937728,-2.2964783,22.558199,15.385086,-6.270267,0.0,-12.726809,-3.8741608,-14.713826,14.393247,-5.3690724,0.0,-19.518206,5.1572003,-8.692685,-27.999987,-8.268656,-51.769196,47.994923,-68.40025,-108.22412,34.49407,5.226106,-12.210748,-17.833714,-32.80286,23.221718,-104.759384,-18.876635,-10.3527775,24.379036
316,-12.080717086791992,-197.36978149414062,68.43663787841797,-0.5031174771474914,3.4670489145565218,65.44672460307919,0.4279195,-2.6455321,25.144356,13.970486,-6.4145484,0.0,-12.964633,-3.2939317,-15.26565,15.887246,-7.0752287,0.0,-19.471136,5.33812,-8.40578,-27.999987,-8.1595125,-51.409897,48.482407,-67.63717,-108.840385,34.556313,5.1587343,-12.210748,-18.420435,-32.774017,23.626434,-104.93216,-18.982761,-10.35503,24.57491
317,-12.484360694885254,-197.7218780517578,68.3719482421875,-0.7959746090462967,3.374542218800829,62.110249460186274,1.2073373,-3.0593362,28.074965,12.621594,-6.5293694,0.0,-13.432044,-2.65411,-13.646726,17.530645,-8.03439,0.0,-19.28335,5.5885177,-8.123724,-27.999987,-8.097281,-50.7691,49.167095,-66.60822,-109.65485,34.81686,5.114536,-12.210748,-19.158821,-32.744705,24.220633,-105.08647,-18.850195,-10.396721,24.661385
318,-12.870295524597168,-198.06129455566406,68.31848907470703,-1.086889019878496,3.213337890179171,58.588757954272296,2.0310068,-3.548075,31.216217,11.241049,-6.5774693,0.0,-14.082029,-1.931022,-10.307937,19.43248,-8.580407,0.0,-18.969833,5.9064107,-7.8124194,-27.999987,-8.111262,-49.779144,50.111195,-65.226265,-110.76507,35.253193,5.0918097,-12.210748,-20.026455,-32.716072,24.96145,-105.228745,-18.545813,-10.47172,24.66756
319,-13.246522903442383,-198.3883819580078,68.27203369140625,-1.3384414949940655,3.018544737014857,55.03472127010612,2.7688472,-4.0487304,34.208023,9.992159,-6.5346236,0.0,-14.754502,-1.1890754,-6.393565,21.402983,-8.975618,0.0,-18.631357,6.218487,-7.524393,-27.999987,-8.130294,-48.43372,51.329224,-63.538246,-112.182526,35.780693,5.09561,-12.210748,-20.95055,-32.659668,25.793413,-105.33447,-18.172054,-10.551946,24.63313
320,-13.590428352355957,-198.71307373046875,68.24887084960938,-1.5155514084823443,2.8309957135968613,51.5990878644786,3.2710612,-4.435832,36.696,9.1475935,-6.4380574,0.0,-15.295246,-0.5418585,-3.0377085,23.200815,-9.455682,0.0,-18.369778,6.4523435,-7.317451,-27.999987,-8.084597,-46.712193,52.838844,-61.573406,-113.924164,36.317455,5.131409,-12.210748,-21.842873,-32.549755,26.650497,-105.38987,-17.828625,-10.6076565,24.599451
321,-13.910931587219238,-199.03451538085938,68.24765014648438,-1.5826242376798878,2.6632577634875365,48.28002258372688,3.4521837,-4.6060114,38.575047,8.963821,-6.370446,0.0,-15.666967,-0.012305424,-0.18834597,24.734629,-10.083855,0.0,-18.214716,6.5759196,-7.2439866,-27.999987,-7.9605293,-44.49661,54.685703,-59.22652,-116.025444,36.88871,5.1877894,-12.210748,-22.739628,-32.36309,27.577099,-105.35415,-17.541471,-10.637008,24.57234
322,-14.229616165161133,-199.30816650390625,68.23625183105469,-1.5649390349928938,2.5047897704406603,45.00533622487084,3.3808835,-4.5530705,40.05052,9.397038,-6.3767776,0.0,-15.930331,0.44887847,2.6377375,26.094978,-10.714332,0.0,-18.113134,6.63244,-7.266988,-27.999987,-7.8069973,-41.6429,56.92681,-56.305676,-118.55809,37.596523,5.25213,-12.210748,-23.658833,-32.116657,28.578144,-105.25332,-17.257502,-10.652404,24.531664
323,-14.514860153198242,-199.5845489501953,68.23289489746094,-1.522332074418556,2.360826973356881,41.81857413632581,3.1572523,-4.299968,41.23605,10.24061,-6.423646,0.0,-16.107922,0.781037,4.9728537,27.294907,-11.25142,0.0,-18.041945,6.6628447,-7.313136,-27.999987,-7.6424203,-38.08906,59.57671,-52.69744,-121.55075,38.49118,5.306356,-12.210748,-24.516285,-31.851383,29.552612,-105.149055,-16.955776,-10.64548,24.478882
324,-14.766796112060547,-199.89871215820312,68.28689575195312,-1.5151599539330154,2.2299624641479916,38.76561159102879,2.8623464,-3.8738568,42.24266,11.314349,-6.494748,0.0,-16.233976,0.9132812,6.350911,28.343845,-11.593023,0.0,-17.976654,6.7075305,-7.308208,-27.999987,-7.4828167,-33.84086,62.587513,-48.34359,-124.92618,39.62997,5.300457,-12.210748,-25.266367,-31.578302,30.434006,-105.05632,-16.600563,-10.612815,24.406155
325,-15.004923820495605,-200.2032928466797,68.36434173583984,-1.5990827197511293,2.120080966644045,35.89131968100723,2.4263816,-3.1634777,43.133038,12.787971,-6.635024,0.0,-16.276798,0.8066806,6.483202,29.15323,-11.5779295,0.0,-17.934914,6.7837567,-7.2054806,-27.999987,-7.317828,-29.013132,65.8319,-43.32594,-128.4396,41.086266,5.147571,-12.210748,-25.855997,-31.320986,31.169214,-105.01149,-16.172585,-10.536096,24.30774
326,-15.238716125488281,-200.48281860351562,68.43971252441406,-1.7336018046313597,2.0229375249923165,33.15678098069001,1.8828323,-2.2220707,43.83291,14.575799,-6.784026,0.0,-16.245676,0.48354006,5.6753783,29.755383,-11.303895,0.0,-17.91747,6.8675857,-7.0518765,-27.999987,-7.146366,-23.939035,69.06881,-37.973003,-131.68434,42.813076,4.7615933,-12.210748,-26.32653,-31.070082,31.81174,-104.98999,-15.691467,-10.42309,24.187155
327,-15.467127799987793,-200.71986389160156,68.50318145751953,-1.8317872361888392,1.9142663867137015,30.483292874054555,1.4085665,-1.2987721,44.254055,16.23857,-6.8219695,0.0,-16.220322,-0.036000993,4.3536754,30.307415,-11.048638,0.0,-17.8753,6.936022,-6.9129844,-27.999987,-6.999314,-19.244556,71.955505,-32.941624,-134.25432,44.55234,4.16083,-12.210748,-26.701775,-30.840973,32.395588,-104.99904,-15.202238,-10.299657,24.072214
328,-15.673211097717285,-200.93667602539062,68.55815124511719,-1.8018495079303858,1.777627597358241,27.793006115371163,1.1405903,-0.6209001,44.31414,17.428808,-6.676615,0.0,-16.272434,-0.7336999,2.9469254,30.948917,-11.082868,0.0,-17.77445,6.965959,-6.853596,-27.999987,-6.9090457,-16.078497,74.05988,-29.65207,-134.99997,45.67657,2.871203,-12.210748,-27.011065,-30.6509,32.967144,-105.05059,-14.748742,-10.192101,23.99194
329,-15.859495162963867,-201.142333984375,68.60558319091797,-1.574868159915327,1.6191139552737261,25.094294907020807,1.0841366,-0.2701282,43.91538,18.084833,-6.302707,0.0,-16.393433,-1.6879421,1.4927684,31.717354,-11.529615,0.0,-17.60541,6.937005,-6.925077,-27.999987,-6.885169,-14.813339,75.03167,-28.47874,-134.99997,46.035484,2.0031905,-12.210748,-27.218914,-30.499434,33.50815,-105.145386,-14.309985,-10.10216,23.936277
330,-16.029016494750977,-201.33743286132812,68.64093780517578,-1.211495365628387,1.4605953302324608,22.415630596580364,1.1470299,-0.109452225,43.12844,18.436941,-5.778968,0.0,-16.528198,-2.8929222,-0.22315662,32.526917,-12.228396,0.0,-17.388992,6.866931,-7.082429,-27.999987,-6.9151793,-14.206034,75.40306,-27.968971,-134.99997,46.051098,1.6693467,-12.210748,-27.323544,-30.379686,34.006443,-105.27741,-13.871336,-10.0177965,23.897655
331,-16.16838836669922,-201.53147888183594,68.66352844238281,-0.8137476799604068,1.3105981130656714,19.710495895987844,1.3112172,-0.02653256,42.12562,18.60341,-5.2311125,0.0,-16.681156,-4.214454,-2.1848423,33.32287,-13.01734,0.0,-17.102028,6.787174,-7.234663,-27.999987,-7.0005827,-13.94211,75.47551,-27.804476,-134.99997,45.88777,1.5708925,-12.210748,-27.401825,-30.294933,34.50827,-105.42207,-13.479263,-9.945648,23.89835
332,-16.28432273864746,-201.71942138671875,68.6712417602539,-0.48480975986378905,1.1680053199134877,16.93230966493875,1.5576817,0.09294395,41.079487,18.702248,-4.7850423,0.0,-16.863577,-5.5116596,-4.3706784,34.051235,-13.730719,0.0,-16.718906,6.728142,-7.287001,-27.999987,-7.147145,-13.887119,75.377045,-27.84039,-134.99997,45.66058,1.5656451,-12.210748,-27.530134,-30.249786,35.058548,-105.55593,-13.180206,-9.892118,23.960178
333,-16.37482261657715,-201.90203857421875,68.65785217285156,-0.24946349719863786,1.0238282358694357,14.051396026684586,1.8721007,0.3010506,39.84998,18.775064,-4.504112,0.0,-17.061543,-6.774489,-6.8238883,34.675713,-14.363976,0.0,-16.209322,6.695388,-7.202661,-27.999987,-7.3880024,-14.000755,75.146904,-28.035318,-134.99997,45.351757,1.5955725,-12.210748,-27.716663,-30.253485,35.66269,-105.680725,-13.017196,-9.866728,24.11111
334,-16.446002960205078,-202.09019470214844,68.63481903076172,-0.05253178043742229,0.8770278866342429,11.095624821423652,2.2655542,0.53557134,38.405388,18.759958,-4.311794,0.0,-17.25362,-8.08219,-9.582298,35.241768,-14.992334,0.0,-15.596516,6.671566,-7.0434794,-27.999987,-7.688439,-13.96612,75.084595,-28.079718,-134.99997,45.04462,1.4237828,-12.210748,-27.78099,-30.267374,36.0313,-105.89053,-12.953197,-9.818196,24.542185
335,-16.495014190673828,-202.2919158935547,68.60225677490234,0.12244828506205639,0.7316933096126426,8.103672419913767,2.7537913,0.7437058,37.078613,18.63668,-4.1428394,0.0,-17.448645,-9.418949,-12.588414,35.81383,-15.565302,0.0,-14.933111,6.6490955,-6.845868,-27.999987,-8.031655,-14.032682,74.93536,-28.209791,-134.99997,44.7487,1.311251,-12.210748,-28.057413,-30.31672,36.745052,-105.97649,-12.915317,-9.826858,24.757711
336,-16.51862907409668,-202.50872802734375,68.5627212524414,0.2911419687415199,0.5939229257868374,5.113938430791453,3.3653874,0.86543417,36.207355,18.358799,-3.912291,0.0,-17.658297,-10.766614,-15.775134,36.449337,-16.040337,0.0,-14.266473,6.62381,-6.6468163,-27.999987,-8.311054,-14.611377,74.29356,-28.848856,-134.99997,44.37794,1.63739,-12.210748,-28.502176,-30.422873,37.702717,-105.98967,-12.870173,-9.858988,24.784893
337,-16.52228355407715,-202.73809814453125,68.52108001708984,0.4473817881183822,0.466148692837357,2.075642902134545,4.152117,0.86075777,35.940365,17.841925,-3.5986164,0.0,-17.95012,-12.134092,-19.11769,37.259315,-16.406195,0.0,-13.567135,6.606999,-6.4479003,-27.999987,-8.536729,-14.969148,73.87687,-29.244349,-134.99997,44.268303,1.7910292,-12.210748,-28.913507,-30.48593,38.498276,-106.02397,-12.790102,-9.8504095,24.975056
338,-16.511783599853516,-202.98223876953125,68.47183990478516,0.5857964450937749,0.34284517729871733,-1.0141305485167131,5.0940404,0.7572527,36.073883,17.110727,-3.2354333,0.0,-18.275257,-13.511139,-22.606445,38.166424,-16.700277,0.0,-12.824935,6.5958977,-6.2345214,-27.999987,-8.732725,-15.046955,73.75911,-29.345564,-134.99997,44.382725,1.6880127,-12.210748,-29.285772,-30.524164,39.14475,-106.08699,-12.704787,-9.809622,25.32743
339,-16.470138549804688,-203.24673461914062,68.42619323730469,0.7229994627030356,0.21949091750175145,-4.044916442398768,6.1152143,0.5913438,36.421227,16.27095,-2.8094702,0.0,-18.489347,-14.840069,-26.198837,38.96082,-16.961882,0.0,-12.122119,6.56879,-6.0304155,-27.999987,-8.879545,-15.4912405,73.26122,-29.823364,-134.99997,44.38793,1.923283,-12.210748,-29.923208,-30.605976,40.23946,-105.99898,-12.59325,-9.822039,25.311169
340,-16.419761657714844,-203.54458618164062,68.3810806274414,0.876634634120587,0.0931734687324487,-6.906627876985785,7.1343684,0.4102886,36.7992,15.4474945,-2.3181174,0.0,-18.473774,-16.05411,-29.856756,39.455353,-17.211212,0.0,-11.545157,6.5095034,-5.885332,-27.999987,-8.939917,-15.791065,72.91931,-30.202066,-134.99997,44.390465,2.041819,-12.210748,-30.373594,-30.640402,41.075974,-105.98442,-12.357832,-9.757653,25.409437
341,-16.353057861328125,-203.87515258789062,68.33355712890625,1.0598434551968858,-0.03784812216028326,-9.591668668289072,8.150935,0.19517149,37.2524,14.639183,-1.7447317,0.0,-18.24346,-17.151407,-33.637085,39.683838,-17.40402,0.0,-11.1183,6.421773,-5.8178916,-27.999987,-8.913082,-15.994555,72.68112,-30.527607,-134.99997,44.362606,2.089616,-12.210748,-30.766718,-30.641296,41.878048,-105.970665,-11.969876,-9.641776,25.418972
342,-16.27012825012207,-204.22715759277344,68.2796630859375,1.2602899299553245,-0.17098553108164566,-12.15632616004169,9.20843,-0.08366681,37.849342,13.758825,-1.074455,0.0,-17.885033,-18.118261,-37.467354,39.736217,-17.53355,0.0,-10.795529,6.3150873,-5.803123,-27.999987,-8.814791,-16.14446,72.510925,-30.831533,-134.99997,44.333668,2.0940769,-12.210748,-31.133987,-30.617826,42.66814,-105.947556,-11.467665,-9.487376,25.363419
343,-16.160160064697266,-204.61842346191406,68.2292709350586,1.4596878766992882,-0.3033462678425432,-14.587243839276367,10.258508,-0.3562066,38.445835,12.909068,-0.3692712,0.0,-17.42877,-18.8804,-41.11426,39.536865,-17.640345,0.0,-10.557262,6.1798368,-5.813858,-27.999987,-8.6383295,-16.259636,72.38595,-31.153065,-134.99997,44.275265,2.0715938,-12.210748,-31.44633,-30.582634,43.418518,-105.92258,-10.912396,-9.310358,25.303543
344,-16.046791076660156,-205.04209899902344,68.17516326904297,1.6396270764756287,-0.4340447235534014,-16.868573399222093,11.257695,-0.5462494,38.90182,12.192679,0.3084866,0.0,-16.911253,-19.380955,-44.372204,39.00838,-17.757233,0.0,-10.3838005,6.0058184,-5.8233314,-27.999987,-8.379644,-16.355722,72.2876,-31.527203,-134.99997,44.160732,2.0348005,-12.210748,-31.673403,-30.549147,44.10058,-105.90417,-10.36569,-9.127766,25.29893
345,-15.917417526245117,-205.4972381591797,68.11788177490234,1.790953851270436,-0.5651520344873203,-18.96879156396735,12.194472,-0.62886816,39.219376,11.641281,0.92955756,0.0,-16.318693,-19.54745,-47.248024,37.991936,-17.85015,0.0,-10.296005,5.781655,-5.823433,-27.999987,-8.014744,-16.454767,72.19145,-32.002808,-134.99997,43.986134,1.9948738,-12.210748,-31.790956,-30.51996,44.704014,-105.89123,-9.807072,-8.93356,25.360126
346,-15.783071517944336,-205.98196411132812,68.05805206298828,1.9249959136305472,-0.6997860187455794,-20.907228367746544,13.085146,-0.63428366,39.464336,11.227213,1.515607,0.0,-15.691024,-19.441967,-49.802696,36.5692,-17.853931,0.0,-10.294912,5.5159826,-5.827562,-27.999987,-7.5531044,-16.557253,72.09534,-32.56244,-134.99997,43.75812,1.9593378,-12.210748,-31.816252,-30.491226,45.24232,-105.883354,-9.216578,-8.72321,25.457632
347,-15.640643119812012,-206.49998474121094,67.99217224121094,2.053252360479329,-0.8388243388119258,-22.74254536967699,13.917343,-0.5524837,39.587807,11.00341,2.0538955,0.0,-15.127111,-19.218393,-51.9346,35.015606,-17.749186,0.0,-10.331986,5.2284594,-5.841948,-27.999987,-7.0472174,-16.650496,72.019936,-33.145313,-134.99997,43.46963,1.9296396,-12.210748,-31.786411,-30.468393,45.727924,-105.88744,-8.652848,-8.515722,25.591265
348,-15.4894437789917,-207.04588317871094,67.9184341430664,2.1876108596456847,-0.9821321867008221,-24.532592108326334,14.67813,-0.37381807,39.54042,11.021046,2.533175,0.0,-14.707803,-19.027452,-53.562714,33.609844,-17.541681,0.0,-10.358689,4.9384384,-5.8740964,-27.999987,-6.5487294,-16.69947,72.003075,-33.670013,-134.99997,43.116756,1.8909978,-12.210748,-31.739027,-30.458323,46.17372,-105.91087,-8.174543,-8.329068,25.76067
349,-15.333470344543457,-207.60867309570312,67.83340454101562,2.3379649062836263,-1.13389400469321,-26.288922520942858,15.358291,-0.084480554,39.27666,11.3164015,2.95779,0.0,-14.464436,-18.858313,-54.56517,32.298462,-17.214865,0.0,-10.363049,4.646996,-5.9420314,-27.999987,-6.0432086,-16.644623,72.08014,-34.08368,-134.99997,42.667816,1.8258396,-12.210748,-31.658737,-30.459415,46.56119,-105.95897,-7.7903266,-8.167537,25.98327
350,-15.1780424118042,-208.19862365722656,67.73979949951172,2.495604451796657,-1.2932771386498843,-27.98303130656254,15.96825,0.30494714,38.831844,11.843485,3.3353324,0.0,-14.330219,-18.644043,-55.075516,30.94483,-16.754704,0.0,-10.370071,4.3451357,-6.035475,-27.999987,-5.5128875,-16.478268,72.17515,-34.37983,-134.99997,42.12589,1.7961433,-12.210748,-31.511995,-30.466354,46.85375,-106.03727,-7.466899,-8.01728,26.283638
351,-15.017463684082031,-208.82513427734375,67.63971710205078,2.644598609117976,-1.4516545849573497,-29.611924662380197,16.520037,0.7717657,38.283424,12.544812,3.6567075,0.0,-14.241297,-18.447819,-55.38584,29.720829,-16.21663,0.0,-10.387429,4.0372496,-6.12278,-27.999987,-5.0041513,-16.351027,72.34738,-34.72589,-134.99997,41.56456,1.6978998,-12.210748,-31.399261,-30.485151,47.18273,-106.10709,-7.2168407,-7.8859515,26.549
352,-14.862513542175293,-209.46990966796875,67.52326202392578,2.768399211865411,-1.6014210063571632,-31.17236870849428,17.03527,1.2848712,37.705566,13.342047,3.9202514,0.0,-14.144924,-18.337252,-55.751125,28.808332,-15.686026,0.0,-10.423055,3.7278192,-6.170379,-27.999987,-4.6048594,-16.178144,72.427925,-34.92587,-134.99997,41.060894,1.7023543,-12.210748,-31.25801,-30.499746,47.396076,-106.21137,-7.028104,-7.746882,26.904005
353,-14.706524848937988,-210.13307189941406,67.38273620605469,2.8725648350851087,-1.7458399556897657,-32.66264143819627,17.540913,1.8203939,37.048023,14.165607,4.155435,0.0,-14.06451,-18.393764,-56.152664,28.33241,-15.332402,0.0,-10.487116,3.405884,-6.1900816,-27.999987,-4.2407436,-16.090887,72.540504,-35.20073,-134.99997,40.599144,1.6818471,-12.210748,-31.185577,-30.532717,47.697266,-106.313156,-6.9459558,-7.6249485,27.1749
354,-14.546368598937988,-210.811279296875,67.21703338623047,2.962254162237605,-1.889086050933984,-34.08601990880509,18.027147,2.3854594,36.29369,15.042708,4.3670897,0.0,-14.014789,-18.540339,-56.485966,28.135498,-15.090759,0.0,-10.572437,3.0730917,-6.192761,-27.999987,-3.9060924,-16.074059,72.718994,-35.565556,-134.99997,40.137783,1.5998605,-12.210748,-31.183292,-30.595861,48.102623,-106.40997,-6.969273,-7.525983,27.347456
355,-14.376127243041992,-211.5008087158203,67.0282211303711,3.0198973137406444,-2.0256400420952136,-35.443963926354776,18.453516,3.0058782,35.565434,16.064972,4.5082045,0.0,-13.940846,-18.661688,-56.840683,28.06105,-14.768031,0.0,-10.663532,2.7525647,-6.14506,-27.999987,-3.656151,-16.06511,72.868004,-35.857983,-134.99997,39.74083,1.5376604,-12.210748,-31.179525,-30.658384,48.430176,-106.518616,-7.012201,-7.415282,27.584288
356,-14.22435188293457,-212.20852661132812,66.84628295898438,3.0276465119568403,-2.151078853299763,-36.73685969245496,18.791317,3.703082,34.995724,17.300825,4.546311,0.0,-13.796805,-18.69464,-57.291832,28.044058,-14.237632,0.0,-10.7448635,2.4674323,-6.013171,-27.999987,-3.4731712,-16.081089,72.97245,-36.096405,-134.99997,39.388416,1.4319962,-12.210748,-31.205542,-30.714912,48.690758,-106.60475,-7.0100427,-7.294283,27.888294
357,-14.076187133789062,-212.91525268554688,66.66604614257812,2.931015258093363,-2.2443857243626506,-37.92652708111873,19.05514,4.5009184,34.587086,18.663715,4.4931765,0.0,-13.4654875,-18.520496,-58.136505,27.926775,-13.407472,0.0,-10.829659,2.2117631,-5.733468,-27.999987,-3.223979,-16.203426,73.07202,-36.39383,-134.99997,39.03647,1.2254992,-12.210748,-31.29211,-30.791218,48.982735,-106.65699,-6.9639797,-7.168535,28.1767
358,-13.9281587600708,-213.62515258789062,66.4748306274414,2.753803563824158,-2.318704252023462,-39.0258576801865,19.275324,5.369074,34.28491,20.106215,4.3840218,0.0,-13.013241,-18.205656,-59.250645,27.818892,-12.478867,0.0,-10.921218,1.9786425,-5.3404202,-27.999987,-2.9572744,-16.43375,73.158264,-36.74937,-134.99997,38.70377,0.956127,-12.210748,-31.429558,-30.888582,49.28548,-106.690895,-6.9128923,-7.0397243,28.464386
359,-13.787359237670898,-214.33468627929688,66.26460266113281,2.596041921638291,-2.41849155984611,-40.109234925352766,19.465096,6.2304955,34.079193,21.700237,4.245425,0.0,-12.64133,-17.977564,-60.137634,28.06059,-11.756675,0.0,-10.989847,1.7868687,-4.9507585,-27.999987,-2.735997,-16.75333,73.22408,-37.13789,-134.99997,38.41348,0.6629944,-12.210748,-31.604496,-31.003603,49.592922,-106.72612,-6.8154206,-6.913976,28.737774
360,-13.64171314239502,-215.04812622070312,66.02691650390625,2.5605034398437105,-2.5845474081797493,-41.25115305324831,19.637602,7.0062594,33.956184,23.506935,4.110094,0.0,-12.530627,-18.087282,-60.322308,28.996815,-11.497801,0.0,-11.005362,1.6534208,-4.682507,-27.999987,-2.626178,-17.132275,73.26736,-37.518745,-134.99997,38.195442,0.38615015,-12.210748,-31.809515,-31.132172,49.908287,-106.7769,-6.628145,-6.7991295,28.977533
361,-13.48609733581543,-215.78221130371094,65.75231170654297,2.7134960763008205,-2.818516824752255,-42.443355092108355,19.844051,7.6265574,33.960377,25.446993,3.992706,0.0,-12.808473,-18.727774,-59.610302,30.949955,-11.770327,0.0,-10.958824,1.569511,-4.585151,-27.999987,-2.6848989,-17.581903,73.287766,-37.858635,-134.99997,38.089867,0.13671684,-12.210748,-32.0612,-31.27254,50.23566,-106.85785,-6.296619,-6.697234,29.189222
362,-13.345236778259277,-216.5208740234375,65.4786376953125,2.988882281110392,-3.095380433224243,-43.65850780687838,20.079689,8.140536,34.0744,27.473436,3.896002,0.0,-13.36189,-19.571934,-58.319874,33.456543,-12.297982,0.0,-10.864455,1.5300139,-4.589093,-27.999987,-2.8931077,-18.084913,73.28419,-38.148117,-134.99997,38.08044,-0.098336086,-12.210748,-32.35988,-31.424267,50.57501,-106.95481,-5.857649,-6.6059666,29.380177
363,-13.22221565246582,-217.2575225830078,65.21897888183594,3.2924141838248957,-3.4156756942978115,-44.94252986480736,20.284319,8.649963,34.20314,29.669518,3.8585336,0.0,-14.013492,-20.231562,-56.74023,35.878887,-12.884406,0.0,-10.7262,1.5572335,-4.6330967,-27.999987,-3.1831522,-18.571999,73.254265,-38.38203,-134.99997,38.113808,-0.3164846,-12.210748,-32.677364,-31.58048,50.924137,-107.03655,-5.4036584,-6.527293,29.532303
364,-13.105912208557129,-217.98480224609375,64.97830963134766,3.531781093243164,-3.7838331214149115,-46.33786896171461,20.39828,9.249994,34.23291,32.106525,3.9165754,0.0,-14.561162,-20.501595,-55.16086,37.82858,-13.469595,0.0,-10.550767,1.6728,-4.65738,-27.999987,-3.4729404,-18.970898,73.194145,-38.555157,-134.99997,38.13145,-0.516886,-12.210748,-32.987312,-31.731977,51.279392,-107.06825,-5.0248094,-6.461444,29.62746
365,-13.002220153808594,-218.70651245117188,64.76422882080078,3.6952413514745306,-4.231285662639481,-47.94790913655329,20.46068,9.963682,34.228733,34.82797,4.1506667,0.0,-14.972057,-20.44381,-53.50815,39.424843,-14.158386,0.0,-10.277713,1.9174483,-4.6416564,-27.999987,-3.815218,-19.324883,73.05446,-38.689644,-134.99997,38.08935,-0.6318322,-12.210748,-33.390728,-31.93182,51.785896,-107.03173,-4.8344145,-6.4336724,29.579659
366,-12.927082061767578,-219.4254608154297,64.58154296875,3.8343285359857537,-4.746636322351497,-49.71980470582808,20.498775,10.7331085,34.184986,37.735096,4.531934,0.0,-15.339405,-20.263422,-51.667095,40.991142,-15.00606,0.0,-9.924316,2.2683156,-4.6091795,-27.999987,-4.1399093,-19.842989,72.50023,-38.908493,-134.99997,38.00943,-0.34476295,-12.210748,-33.869453,-32.34419,52.520493,-107.081604,-4.804225,-6.45743,29.279657
367,-12.86266040802002,-220.16046142578125,64.39984130859375,3.951595273931915,-5.274063670289075,-51.45880149096433,20.391117,11.537133,33.85089,40.777527,4.880636,0.0,-15.496494,-19.906494,-49.921787,42.327126,-15.91727,0.0,-9.612438,2.6507964,-4.5823097,-27.575338,-4.425788,-20.697565,71.42401,-39.458492,-134.99997,37.843094,0.39944407,-12.210748,-34.060253,-32.667656,52.835995,-107.175026,-4.6362147,-6.432973,29.205263
368,-12.805997848510742,-220.90391540527344,64.23757934570312,4.045005493595389,-5.75952540712721,-52.9687679245428,20.04029,12.315642,33.019596,43.784256,5.122964,0.0,-15.5118265,-19.538828,-48.467636,43.528374,-16.802633,0.0,-9.478692,2.9894252,-4.5952387,-26.481352,-4.6411433,-21.193243,70.64304,-39.754173,-134.99997,37.806957,0.8100914,-12.210748,-34.278515,-32.67705,53.09379,-106.96953,-4.252827,-6.350867,29.072012
369,-12.759910583496094,-221.65028381347656,64.0999755859375,4.101806282401714,-6.205351673775011,-54.177081772114335,19.300268,13.069195,31.451038,46.83197,5.4087715,0.0,-15.335469,-19.162813,-47.391605,44.53709,-17.618546,0.0,-9.603666,3.2717113,-4.6726174,-25.435465,-4.681251,-21.4324,70.02656,-39.902508,-134.99997,37.923473,0.9645025,-12.210748,-34.303364,-32.53507,53.20958,-106.683235,-3.5121775,-6.1970644,28.80894
370,-12.733097076416016,-222.3671417236328,63.97642517089844,4.1230419068230555,-6.637274221068439,-55.193258734647834,18.230768,13.758004,29.293743,49.92606,5.7703886,0.0,-15.02231,-18.763973,-46.555725,45.376087,-18.391495,0.0,-9.903153,3.533355,-4.7981153,-24.412601,-4.598711,-21.488544,69.49881,-39.94729,-134.99997,38.14139,0.96350104,-12.210748,-34.219254,-32.308056,53.225643,-106.33494,-2.5700588,-5.9838023,28.448242
371,-12.714908599853516,-223.05360412597656,63.85980224609375,4.12253697452969,-7.036023100215417,-56.09403737881099,17.034914,14.311287,26.96231,52.911472,5.8649607,0.0,-14.6585655,-18.351696,-45.85591,46.09843,-19.130075,0.0,-10.25133,3.7716064,-4.928465,-23.438456,-4.4797325,-21.47103,69.02767,-39.984047,-134.99997,38.373283,0.91121614,-12.210748,-33.960224,-32.056515,53.1218,-106.00902,-1.5543108,-5.753881,28.068188
372,-12.700888633728027,-223.70741271972656,63.748313903808594,4.112158063644086,-7.380869643570456,-56.95630025171481,15.9344635,14.732752,24.914373,55.69914,5.302742,0.0,-14.326558,-17.92644,-45.192554,46.743145,-19.83512,0.0,-10.522702,3.985824,-5.020423,-22.536951,-4.4075074,-21.492647,68.58346,-40.11005,-134.99997,38.538254,0.9076913,-12.210748,-33.65862,-31.852251,52.942867,-105.71741,-0.7365232,-5.5403037,27.740507
373,-12.692755699157715,-224.3318328857422,63.65026092529297,4.077336924638683,-7.665827316406523,-57.740959633019955,14.956384,15.04756,23.172417,58.349545,3.7183483,0.0,-14.003321,-17.47694,-44.600407,47.279102,-20.509525,0.0,-10.709197,4.1729736,-5.0569243,-21.746424,-4.3868165,-21.643324,68.14104,-40.428177,-134.99997,38.66165,0.9584946,-12.210748,-33.21926,-31.720972,52.610863,-105.52525,-0.10325235,-5.3431015,27.47304
374,-12.6897554397583,-224.92816162109375,63.56698989868164,4.013617513159926,-7.902965558107424,-58.426504726659445,13.996246,15.300494,21.573574,60.97236,1.3517164,0.0,-13.656327,-17.006134,-44.111134,47.693398,-21.149704,0.0,-10.868354,4.335365,-5.062061,-21.04375,-4.377761,-21.897142,67.68098,-40.910213,-134.99997,38.772766,1.0553242,-12.210748,-32.634438,-31.643442,52.13134,-105.41668,0.43540683,-5.1476326,27.231932
375,-12.69059944152832,-225.50494384765625,63.498348236083984,3.9500538231052196,-8.096223063216407,-59.11789713397335,13.088185,15.566967,20.304487,63.557804,-1.2934877,0.0,-13.335778,-16.518223,-43.62761,48.019257,-21.736774,0.0,-10.971296,4.4810414,-5.0536556,-20.360626,-4.3956695,-22.132263,67.21541,-41.40363,-134.99997,38.794125,1.2397987,-12.210748,-32.010124,-31.59799,51.62536,-105.32812,0.85159576,-4.9850965,27.022747
376,-12.704676628112793,-226.05625915527344,63.44389343261719,3.91125096489928,-8.24814948253146,-59.91946715161673,12.269988,15.923183,19.537907,66.07703,-3.7048345,0.0,-13.099597,-16.011604,-43.056515,48.28426,-22.240477,0.0,-10.990153,4.617963,-5.048711,-19.628374,-4.4561224,-22.209482,66.77422,-41.744755,-134.99997,38.644653,1.5323151,-12.210748,-31.452715,-31.563917,51.216114,-105.19414,1.1192431,-4.8866563,26.850979
377,-12.71229076385498,-226.5773468017578,63.40471649169922,3.9045075060611207,-8.344802726636592,-60.882103046882776,11.631539,16.447712,19.505253,68.48997,-5.8395796,0.0,-12.986413,-15.490046,-42.342636,48.50058,-22.642576,0.0,-10.882199,4.7373796,-5.038689,-18.83455,-4.5629163,-22.113144,66.366844,-41.92553,-134.99997,38.22928,1.9759331,-12.210748,-30.987825,-31.5398,50.935543,-104.98401,1.1419098,-4.897692,26.717419
378,-12.722990036010742,-227.07528686523438,63.38383102416992,3.910028125288481,-8.388231868236076,-61.942975138852226,11.14552,17.111433,20.051962,70.83386,-7.962253,0.0,-12.951022,-14.941762,-41.551853,48.641106,-22.957872,0.0,-10.674054,4.838665,-5.017611,-18.01337,-4.7091436,-21.892197,65.99242,-42.013596,-134.99997,37.610676,2.5308387,-12.210748,-30.563507,-31.528852,50.72194,-104.72998,0.9655514,-4.99164,26.617495
379,-12.740489959716797,-227.5452880859375,63.37545394897461,3.930426527887375,-8.407561114396827,-63.036816836234685,10.673505,17.811102,20.765554,73.17098,-10.008599,0.0,-12.942968,-14.3968525,-40.747265,48.726986,-23.216032,0.0,-10.442492,4.9421883,-5.0064588,-17.16581,-4.8894157,-21.550297,65.66104,-41.985455,-134.99997,36.96484,3.1098313,-12.210748,-30.170904,-31.518942,50.559322,-104.460175,0.7775799,-5.090704,26.548693
380,-12.754138946533203,-228.00445556640625,63.38027572631836,3.9628950584250324,-8.430782418670455,-64.09862654201005,10.056413,18.432644,21.227406,75.56226,-11.903227,0.0,-12.891962,-13.878321,-39.99466,48.762684,-23.449818,0.0,-10.263933,5.0684566,-5.026955,-16.292662,-5.1018453,-21.042175,65.380196,-41.788292,-134.99997,36.441853,3.6125312,-12.210748,-29.803738,-31.49409,50.432976,-104.19869,0.76531506,-5.115731,26.507757
381,-12.774568557739258,-228.4497528076172,63.3934440612793,4.012822382150018,-8.450858119285817,-65.11741673148866,9.204565,18.932386,21.324205,78.05364,-13.586258,0.0,-12.80437,-13.395538,-39.323162,48.756504,-23.6692,0.0,-10.161953,5.216461,-5.0901675,-15.376731,-5.358768,-20.322033,65.15747,-41.373745,-134.99997,36.05201,4.012354,-12.210748,-29.477581,-31.444069,50.35369,-103.94684,0.9892932,-5.0363226,26.511045
382,-12.797019004821777,-228.87701416015625,63.41849136352539,4.0796640030953935,-8.456542484520444,-66.12582877582265,8.210574,19.357273,21.269781,80.594444,-15.0954685,0.0,-12.707624,-12.936945,-38.692314,48.7008,-23.855425,0.0,-10.09523,5.3775306,-5.183091,-14.422192,-5.6574664,-19.472713,64.98731,-40.80233,-134.99997,35.753887,4.378286,-12.210748,-29.19261,-31.375319,50.326115,-103.689354,1.3461359,-4.8974953,26.554487
383,-12.815629005432129,-229.29483032226562,63.452720642089844,4.153042100315275,-8.471165880742074,-67.12323369163147,7.174631,19.725157,21.139254,83.09174,-16.486944,0.0,-12.581901,-12.492013,-38.069042,48.60179,-24.011675,0.0,-10.042895,5.5606,-5.2930374,-13.463947,-5.967984,-18.494974,64.86583,-40.117706,-134.99997,35.535473,4.6944094,-12.210748,-28.92253,-31.298302,50.32923,-103.42063,1.7802734,-4.733149,26.605114
384,-12.8402738571167,-229.6892852783203,63.48768997192383,4.222115059921201,-8.518429126232284,-68.1087755539806,6.202156,20.065512,21.018831,85.45757,-17.825865,0.0,-12.427738,-12.050321,-37.420532,48.476887,-24.136656,0.0,-9.984657,5.7747707,-5.406519,-12.536919,-6.2608147,-17.457401,64.78902,-39.39446,-134.99997,35.424984,4.9665756,-12.210748,-28.63896,-31.223297,50.33931,-103.13809,2.2339578,-4.576966,26.628386
385,-12.862719535827637,-230.06637573242188,63.52834701538086,4.285885163082338,-8.618025354423827,-69.0780435216271,5.336993,20.41032,20.964695,87.68001,-19.122627,0.0,-12.211443,-11.606098,-36.740406,48.30399,-24.225082,0.0,-9.921113,6.0379167,-5.528674,-11.645809,-6.5346355,-16.376377,64.76143,-38.653763,-134.99997,35.491722,5.1588173,-12.210748,-28.328007,-31.151121,50.343967,-102.85595,2.7488282,-4.4223094,26.619389
386,-12.878746032714844,-230.41915893554688,63.57530212402344,4.350307558084012,-8.753200062298221,-70.0330777548914,4.515917,20.739582,20.929361,89.809906,-20.345762,0.0,-11.953987,-11.17277,-36.04196,48.09145,-24.277554,0.0,-9.86129,6.340067,-5.6636195,-10.774048,-6.803666,-15.223487,64.781006,-37.859604,-134.99997,35.704117,5.282685,-12.210748,-28.004332,-31.079418,50.35537,-102.5733,3.336057,-4.2560844,26.596123
387,-12.890854835510254,-230.7548065185547,63.625038146972656,4.418963133494071,-8.892597524818413,-70.98191166974837,3.692658,21.012167,20.852798,91.8504,-21.511868,0.0,-11.694202,-10.758185,-35.3287,47.86584,-24.303535,0.0,-9.797635,6.6486053,-5.7954288,-9.924753,-7.061695,-13.999517,64.831085,-37.002724,-134.99997,35.935482,5.4166517,-12.210748,-27.684301,-31.014696,50.38851,-102.2646,3.894159,-4.100766,26.557816
388,-12.8951997756958,-231.07667541503906,63.677589416503906,4.496454956879372,-9.004223520358968,-71.93189171474101,2.8166225,21.184849,20.672407,93.80793,-22.638279,0.0,-11.473888,-10.375465,-34.602757,47.655087,-24.31063,0.0,-9.722429,6.930913,-5.908045,-9.10131,-7.301243,-12.712508,64.88558,-36.081684,-134.99997,36.05786,5.6490793,-12.210748,-27.383236,-30.965487,50.458694,-101.90635,4.322961,-3.978571,26.503033
389,-12.889091491699219,-231.38479614257812,63.73307800292969,4.588461829681539,-9.07927584661786,-72.8943823246944,1.8615507,21.212784,20.35496,95.6731,-23.737928,0.0,-11.31349,-10.03143,-33.848915,47.471928,-24.292843,0.0,-9.628705,7.1808405,-5.9994516,-8.301638,-7.524621,-11.44257,64.88447,-35.182003,-134.99997,36.067303,6.054411,-12.210748,-27.10598,-30.94242,50.57311,-101.50772,4.593419,-3.9076684,26.43431
390,-12.870743751525879,-231.6732177734375,63.789222717285156,4.689458517204902,-9.134718585257158,-73.86191057096073,0.85708064,21.127487,19.949646,97.448814,-24.797333,0.0,-11.19085,-9.722808,-33.077232,47.307827,-24.257698,0.0,-9.528288,7.4150295,-6.0771694,-7.5189056,-7.7337604,-10.7651415,64.63789,-34.943237,-134.19661,35.844593,6.1597137,-12.210748,-26.863132,-30.923605,50.742397,-101.05833,4.7621603,-3.8708003,26.345001
391,-12.836514472961426,-231.95359802246094,63.85289001464844,4.789098544380486,-9.178947764145702,-74.8139094501685,-0.16563204,20.999893,19.511936,99.159676,-25.792646,0.0,-11.07145,-9.434696,-32.307236,47.13194,-24.200645,0.0,-9.424777,7.6344204,-6.1355953,-6.766771,-7.9203835,-10.512595,64.065025,-35.21872,-132.96762,35.302586,6.2863593,-12.210748,-26.616179,-30.920029,50.92378,-100.56586,4.8515444,-3.8430283,26.23703
392,-12.794926643371582,-232.2299041748047,63.916378021240234,4.876186611526283,-9.220099677673009,-75.73032130108749,-1.1729624,20.901817,19.09422,100.82122,-26.694859,0.0,-10.935578,-9.154939,-31.56536,46.94164,-24.13882,0.0,-9.328212,7.8403406,-6.171096,-6.051568,-8.078592,-10.698999,63.261234,-35.870483,-131.43616,34.553757,6.5103164,-12.210748,-26.351437,-30.92358,51.099373,-100.01498,4.884331,-3.7985394,26.104723
393,-12.753573417663574,-232.49668884277344,63.98030090332031,4.941523231128411,-9.25865880485577,-76.59803671377351,-2.1747267,20.841919,18.685934,102.43621,-27.47748,0.0,-10.777894,-8.873045,-30.866203,46.722984,-24.064388,0.0,-9.2425375,8.031679,-6.1771393,-5.383834,-8.201224,-10.992496,62.259594,-36.68452,-129.705,33.450542,6.8225656,-12.210748,-26.067545,-30.935179,51.2693,-99.40048,4.8158264,-3.7374775,25.941593
394,-12.707582473754883,-232.75888061523438,64.04708099365234,4.992667468421305,-9.29164533681266,-77.43084193097668,-3.1808636,20.786188,18.270365,103.9944,-28.161108,0.0,-10.605906,-8.595551,-30.193785,46.48021,-23.976673,0.0,-9.162396,8.208176,-6.1582546,-4.7566094,-8.293383,-11.421192,61.09776,-37.633297,-127.775604,32.10574,7.2161407,-12.210748,-25.773853,-30.95646,51.44435,-98.728424,4.6514926,-3.6717021,25.750546
395,-12.652836799621582,-233.0251922607422,64.12153625488281,5.044882803094836,-9.321188070973056,-78.24653617634698,-4.1597395,20.745958,17.883772,105.4968,-28.791763,0.0,-10.417483,-8.332205,-29.534283,46.216507,-23.882639,0.0,-9.079984,8.372118,-6.1305084,-4.154055,-8.36773,-11.957465,59.804264,-38.66325,-125.67743,30.62034,7.6281505,-12.210748,-25.4644,-30.980257,51.61233,-98.005615,4.485153,-3.5945,25.54066
396,-12.59785270690918,-233.28341674804688,64.19268798828125,5.108731946251367,-9.349189471097706,-79.0628550094064,-5.080176,20.732061,17.560324,106.93735,-29.409748,0.0,-10.239524,-8.092839,-28.87351,45.971363,-23.799671,0.0,-8.987866,8.525951,-6.1093655,-3.5609434,-8.432268,-12.541544,58.407158,-39.706123,-123.452866,29.07613,7.9941382,-12.210748,-25.134926,-30.998621,51.762577,-97.23589,4.4118285,-3.4979508,25.321619
397,-12.545307159423828,-233.5376434326172,64.25917053222656,5.1870394236566435,-9.374855148831399,-79.89045167280638,-5.922482,20.76638,17.32506,108.32336,-30.020582,0.0,-10.07542,-7.877063,-28.211006,45.752747,-23.73109,0.0,-8.880225,8.6665325,-6.095772,-2.969852,-8.48498,-13.140519,56.935814,-40.738827,-121.11659,27.37917,8.294386,-12.210748,-24.788614,-31.010065,51.903442,-96.41508,4.4415865,-3.380907,25.096138
398,-12.484943389892578,-233.78384399414062,64.32357788085938,5.274113076407935,-9.397032547743608,-80.71837747260722,-6.7070527,20.838625,17.14965,109.65102,-30.600433,0.0,-9.923335,-7.6860695,-27.547842,45.55182,-23.666784,0.0,-8.762129,8.793864,-6.083375,-2.3897727,-8.523411,-13.72539,55.40655,-41.727165,-118.68636,25.543743,8.561161,-12.210748,-24.427649,-31.017073,52.038177,-95.54109,4.528596,-3.2467637,24.858898
399,-12.41778564453125,-234.02755737304688,64.3943099975586,5.371681330587168,-9.417433031274994,-81.53156926259297,-7.464461,20.913694,16.986038,110.90631,-31.151545,0.0,-9.761856,-7.5177755,-26.890163,45.336845,-23.604876,0.0,-8.642845,8.915014,-6.076367,-1.8298364,-8.555775,-14.272499,53.831425,-42.60711,-116.20685,23.819815,8.811954,-12.210748,-24.045927,-31.017107,52.148083,-94.62346,4.6818333,-3.0937488,24.609053
400,-12.360629081726074,-234.25865173339844,64.46148681640625,5.4794392491068615,-9.437492218210025,-82.3150334150849,-8.228127,20.951723,16.787048,112.06219,-31.662283,0.0,-9.60147,-7.365528,-26.23053,45.117886,-23.55224,0.0,-8.531821,9.037161,-6.0788813,-1.2988682,-8.594116,-14.746326,52.226578,-43.313137,-113.735916,22.442562,9.063244,-12.210748,-23.637823,-31.006817,52.214306,-93.669945,4.9099517,-2.9202416,24.34644
401,-12.296477317810059,-234.48472595214844,64.53150177001953,5.609814726487095,-9.459202877038662,-83.06795860343614,-9.007063,20.939754,16.537674,113.12658,-32.12849,0.0,-9.430998,-7.2503796,-25.56457,44.890617,-23.51665,0.0,-8.431877,9.160694,-6.1041756,-0.80324453,-8.63208,-15.136906,50.615765,-43.823853,-111.30457,21.501305,9.320405,-12.210748,-23.20153,-30.981009,52.23244,-92.66985,5.2368855,-2.732629,24.084352
402,-12.230953216552734,-234.70767211914062,64.60633850097656,5.759678628738891,-9.480743516203077,-83.79764365661242,-9.785985,20.89843,16.26101,114.1052,-32.552326,0.0,-9.252143,-7.161893,-24.890966,44.650475,-23.489994,0.0,-8.338123,9.282391,-6.1461616,-0.33650613,-8.669655,-15.428637,49.0236,-44.152946,-108.92754,20.851154,9.572622,-12.210748,-22.741158,-30.941496,52.213192,-91.62182,5.6495194,-2.528311,23.820711
403,-12.162054061889648,-234.93373107910156,64.68049621582031,5.904678558180783,-9.498463418970676,-84.49986118477736,-10.559409,20.842863,15.976851,114.98104,-32.938786,0.0,-9.0607605,-7.0805483,-24.230686,44.393097,-23.467207,0.0,-8.248633,9.403927,-6.179968,0.11033299,-8.715136,-15.619764,47.47151,-44.316124,-106.626305,20.390667,9.813089,-12.210748,-22.257986,-30.896324,52.159107,-90.54996,6.0997767,-2.2920756,23.53243
404,-12.086316108703613,-235.1483154296875,64.75408172607422,6.023206412097002,-9.509727636751062,-85.17102097655352,-11.320686,20.793066,15.700813,115.74154,-33.296326,0.0,-8.861898,-6.9881177,-23.600222,44.103134,-23.423302,0.0,-8.161514,9.526927,-6.180318,0.54673165,-8.781051,-15.705623,45.974857,-44.32847,-104.41987,20.015926,10.036327,-12.210748,-21.751656,-30.854202,52.070515,-89.48084,6.538472,-2.0094748,23.195765
405,-12.003198623657227,-235.35850524902344,64.82957458496094,6.108848726044785,-9.513491286429451,-85.80482754129919,-12.071325,20.760223,15.440243,116.3827,-33.63201,0.0,-8.643194,-6.8772187,-23.007921,43.761642,-23.356068,0.0,-8.080282,9.650884,-6.1416054,0.9752246,-8.8708725,-15.680563,44.544994,-44.184147,-102.32876,19.765173,10.244834,-12.210748,-21.216833,-30.818455,51.945354,-88.417015,6.9659753,-1.658701,22.78827
406,-11.924385070800781,-235.55789184570312,64.90633392333984,6.172330535764913,-9.512377783913568,-86.40468740193766,-12.8141575,20.731207,15.187152,116.91175,-33.947487,0.0,-8.409831,-6.751867,-22.445797,43.37499,-23.270042,0.0,-8.004984,9.775197,-6.0769033,1.390902,-8.97815,-15.552034,43.19076,-43.890575,-100.35722,19.667856,10.4390545,-12.210748,-20.653496,-30.785316,51.78228,-87.34915,7.4011106,-1.2524655,22.33037
407,-11.83944320678711,-235.7484130859375,64.98663330078125,6.222197973044891,-9.50820515261255,-86.98259721278939,-13.543561,20.691412,14.937297,117.33542,-34.2473,0.0,-8.171044,-6.625228,-21.900599,42.964172,-23.16435,0.0,-7.9267063,9.901002,-5.989124,1.7914046,-9.097979,-15.3300495,41.91473,-43.479668,-98.49648,19.604225,10.612902,-12.210748,-20.072325,-30.754116,51.58572,-86.28124,7.8265615,-0.82847446,21.861052
408,-11.749929428100586,-235.9448699951172,65.06782531738281,6.261366842538609,-9.502760625726124,-87.55072003474466,-14.255521,20.625534,14.685454,117.66215,-34.532448,0.0,-7.929267,-6.4996815,-21.362904,42.553543,-23.050703,0.0,-7.836251,10.029532,-5.8812685,2.1746109,-9.225483,-15.027971,40.71398,-42.98451,-96.7338,19.45693,10.762981,-12.210748,-19.483543,-30.724594,51.36008,-85.21915,8.225861,-0.4252787,21.418222
409,-11.65719223022461,-236.13360595703125,65.14302825927734,6.284968805731964,-9.498343212675708,-88.11350561028166,-14.957859,20.528801,14.415366,117.89969,-34.80321,0.0,-7.7014637,-6.372675,-20.8307,42.1646,-22.928864,0.0,-7.7256846,10.167702,-5.7397666,2.5417366,-9.370733,-14.658128,39.584473,-42.4117,-95.06882,19.18764,10.891027,-12.210748,-18.88033,-30.697748,51.091045,-84.17006,8.630104,-0.04991116,21.011326
410,-11.562538146972656,-236.3148651123047,65.21278381347656,6.293697250500382,-9.494121642051937,-88.66401585860746,-15.652099,20.40628,14.134744,118.04021,-35.062008,0.0,-7.4819202,-6.2424917,-20.307602,41.785152,-22.79876,0.0,-7.601417,10.312419,-5.567769,2.8931007,-9.53314,-14.2179575,38.527348,-41.756832,-93.50927,18.86194,11.001601,-12.210748,-18.261011,-30.673326,50.781998,-83.128654,9.036839,0.31689188,20.620798
411,-11.468379974365234,-236.49949645996094,65.28256225585938,6.299058295754595,-9.485615952180666,-89.19786728539427,-16.315073,20.266035,13.884791,118.064606,-35.324665,0.0,-7.262975,-6.1199155,-19.798933,41.407726,-22.668072,0.0,-7.4759893,10.449746,-5.3929734,3.2247794,-9.687277,-13.708243,37.546806,-41.041443,-92.048744,18.52979,11.095731,-12.210748,-17.642263,-30.648214,50.462864,-82.08152,9.379276,0.67400795,20.23925
412,-11.365118980407715,-236.68417358398438,65.35411834716797,6.318329747573689,-9.468492180826734,-89.71026398601678,-16.92359,20.118176,13.702608,117.95404,-35.604095,0.0,-7.0553823,-6.0290284,-19.304098,41.04596,-22.54496,0.0,-7.362232,10.56599,-5.2430778,3.5328207,-9.805691,-13.125628,36.6458,-40.285206,-90.68068,18.23996,11.172841,-12.210748,-17.039644,-30.618042,50.163124,-81.01614,9.590027,1.0194455,19.85822
413,-11.262107849121094,-236.8519744873047,65.4239273071289,6.356232618431382,-9.437850037935375,-90.19883190275964,-17.477684,19.960506,13.601823,117.69175,-35.90147,0.0,-6.8804746,-5.972635,-18.824942,40.713478,-22.430231,0.0,-7.264089,10.655165,-5.125561,3.803081,-9.87788,-12.4679165,35.81824,-39.491337,-89.399506,17.993246,11.227767,-12.210748,-16.463768,-30.58287,49.898014,-79.92036,9.659187,1.3565518,19.473942
414,-11.164618492126465,-237.0280303955078,65.49915313720703,6.402832518406112,-9.397245082019595,-90.6663310995567,-17.98585,19.791414,13.56074,117.29549,-36.21506,0.0,-6.703408,-5.932084,-18.364885,40.3733,-22.317589,0.0,-7.1747456,10.725527,-5.0257277,4.0424128,-9.921487,-11.74494,35.057358,-38.66204,-88.20227,17.771795,11.262804,-12.210748,-15.903212,-30.544096,49.649982,-78.8045,9.621056,1.6833221,19.089567
415,-11.06705379486084,-237.1980438232422,65.57089233398438,6.452300191356791,-9.354350603371136,-91.1163826204577,-18.44286,19.61567,13.5634575,116.78029,-36.534348,0.0,-6.5373654,-5.9057426,-17.919352,40.05145,-22.209488,0.0,-7.090901,10.784798,-4.9383,4.278081,-9.946736,-10.971542,34.363827,-37.814888,-87.083664,17.595896,11.287162,-12.210748,-15.344354,-30.50086,49.402836,-77.68529,9.476856,1.9884698,18.706438
416,-10.967126846313477,-237.37237548828125,65.64439392089844,6.497003509306747,-9.317183518238064,-91.55274054229562,-18.842154,19.440716,13.594083,116.170135,-36.85648,0.0,-6.3571544,-5.882182,-17.48837,39.722652,-22.09587,0.0,-7.009297,10.840746,-4.857912,4.5375867,-9.966666,-10.160983,33.739452,-36.965477,-86.039154,17.484787,11.309987,-12.210748,-14.750225,-30.450706,49.12274,-76.589966,9.243285,2.2578557,18.32767
417,-10.865612983703613,-237.54653930664062,65.71684265136719,6.538972897680492,-9.291659070549565,-91.97342271625425,-19.183538,19.263514,13.64437,115.4653,-37.16884,0.0,-6.1633945,-5.8653774,-17.075533,39.39771,-21.978937,0.0,-6.9344172,10.898305,-4.790283,4.8439074,-9.985604,-9.316917,33.18092,-36.116,-85.06309,17.4559,11.327201,-12.210748,-14.169034,-30.393261,48.834694,-75.48759,8.817272,2.471808,17.948631
418,-10.769317626953125,-237.71493530273438,65.7868423461914,6.580079577214562,-9.272313826757882,-92.37774839689679,-19.468748,19.082018,13.722126,114.65506,-37.472713,0.0,-5.967379,-5.854468,-16.681105,39.08183,-21.861116,0.0,-6.8662314,10.952399,-4.7356224,5.1772065,-9.995487,-8.443699,32.674877,-35.268642,-84.141556,17.493984,11.335022,-12.210748,-13.573412,-30.32893,48.52652,-74.39033,8.245711,2.6386173,17.570986
419,-10.670116424560547,-237.88232421875,65.85588836669922,6.613442383805141,-9.250126751501917,-92.77013080816555,-19.69639,18.904057,13.835449,113.74355,-37.779972,0.0,-5.7736187,-5.8433676,-16.296143,38.765537,-21.73974,0.0,-6.7940583,10.995849,-4.681213,5.5005574,-9.996761,-7.557039,32.20785,-34.43892,-83.25614,17.56608,11.342527,-12.210748,-12.978146,-30.259392,48.229733,-73.30948,7.6571965,2.801498,17.197723
420,-10.571612358093262,-238.06198120117188,65.92485046386719,6.634179455540598,-9.21554610505621,-93.15580558488267,-19.864447,18.7375,13.993559,112.73505,-38.1026,0.0,-5.5787816,-5.8204274,-15.914425,38.43489,-21.617601,0.0,-6.70726,11.021131,-4.614161,5.7767,-9.985041,-6.6722016,31.769005,-33.642254,-82.39103,17.64144,11.359281,-12.210748,-12.357718,-30.185425,47.943813,-72.277016,7.2080674,3.0035343,16.834581
421,-10.475187301635742,-238.23556518554688,65.98661804199219,6.637081296036422,-9.15813228836445,-93.5394439376399,-19.97486,18.596327,14.209208,111.63577,-38.45609,0.0,-5.4184837,-5.7802653,-15.527463,38.11445,-21.494808,0.0,-6.598776,11.017695,-4.5290847,5.9848366,-9.956826,-5.7943234,31.353579,-32.875156,-81.53294,17.720272,11.39432,-12.210748,-11.7443,-30.108675,47.701817,-71.27533,6.9016542,3.2539024,16.468563
422,-10.378935813903809,-238.40586853027344,66.04964447021484,6.62596401865449,-9.085769517120578,-93.91720016743936,-20.028307,18.471527,14.47135,110.44514,-38.823997,0.0,-5.271236,-5.7270546,-15.14201,37.781044,-21.360064,0.0,-6.475805,10.9921,-4.433422,6.1485143,-9.91428,-4.921038,30.960384,-32.13637,-80.68343,17.813223,11.44014,-12.210748,-11.098622,-30.026945,47.460518,-70.31729,6.695096,3.530045,16.105398
423,-10.278369903564453,-238.5791015625,66.11522674560547,6.608939190141694,-9.016825595428196,-94.28111185202562,-20.020857,18.334282,14.753505,109.144585,-39.15556,0.0,-5.109087,-5.6739182,-14.768541,37.42957,-21.218319,0.0,-6.3485894,10.962988,-4.334263,6.2968564,-9.864057,-4.055696,30.587463,-31.443953,-79.85086,17.9056,11.482212,-12.210748,-10.4546175,-29.94126,47.239113,-69.393456,6.556231,3.8385801,15.765853
424,-10.178466796875,-238.745361328125,66.18038940429688,6.592048680810564,-8.96972191406071,-94.6227782050678,-19.94287,18.156202,15.030549,107.70884,-39.405716,0.0,-4.917114,-5.627869,-14.418703,37.063698,-21.071695,0.0,-6.22759,10.949069,-4.2379174,6.4593654,-9.813949,-3.1986194,30.232492,-30.814014,-79.04683,17.983618,11.506701,-12.210748,-9.766065,-29.848618,46.988644,-68.53652,6.511192,4.1809855,15.478342
425,-10.084735870361328,-238.91506958007812,66.24994659423828,6.57922651221018,-8.954828205017916,-94.94622063122988,-19.777718,17.935133,15.3064,106.13456,-39.5732,0.0,-4.667065,-5.5862007,-14.093054,36.658176,-20.91483,0.0,-6.108373,10.963231,-4.1444616,6.649417,-9.765806,-2.351693,29.894258,-30.251207,-78.272095,18.072113,11.498878,-12.210748,-9.076912,-29.751417,46.75467,-67.731674,6.554085,4.5851545,15.231387
426,-9.990988731384277,-239.0834503173828,66.3219985961914,6.566366800401273,-8.960369466683817,-95.2541979202545,-19.531935,17.683525,15.586175,104.43314,-39.671658,0.0,-4.382231,-5.5480924,-13.784707,36.22705,-20.748419,0.0,-5.987672,10.9929,-4.050776,6.8494105,-9.71578,-1.5121261,29.571712,-29.746063,-77.52208,18.168459,11.470764,-12.210748,-8.377529,-29.649374,46.529922,-66.9783,6.6860723,5.0411034,15.01978
427,-9.894601821899414,-239.2518768310547,66.3898696899414,6.551174009665176,-8.971723713149615,-95.53559999253544,-19.235107,17.39412,15.841581,102.59738,-39.674007,0.0,-4.0868626,-5.5175934,-13.499689,35.797497,-20.587858,0.0,-5.8773417,11.018507,-3.9590187,7.04216,-9.660462,-0.6775004,29.263163,-29.295673,-76.79344,18.21771,11.445609,-12.210748,-7.6384997,-29.539825,46.268066,-66.278915,6.873356,5.4984665,14.87182
428,-9.78847599029541,-239.4187469482422,66.45711517333984,6.528121798368684,-8.974679741921342,-95.7794612038572,-18.915556,17.063011,16.044966,100.62684,-39.56179,0.0,-3.7946966,-5.4960804,-13.2445,35.367542,-20.4292,0.0,-5.789044,11.020733,-3.8718274,7.2102504,-9.598444,0.15544777,28.967009,-28.895765,-76.08324,18.16392,11.446518,-12.210748,-6.8845496,-29.423288,45.973087,-65.60936,7.0393887,5.909863,14.809077
429,-9.68223762512207,-239.59478759765625,66.5211410522461,6.501044453363925,-8.963132106890919,-95.97677697130237,-18.5846,16.694317,16.189749,98.530426,-39.332375,0.0,-3.5060186,-5.4825416,-13.027719,34.945717,-20.286146,0.0,-5.733394,10.989422,-3.7911701,7.346475,-9.525428,0.9932843,28.680714,-28.551432,-75.392044,17.939306,11.481128,-12.210748,-6.096995,-29.296482,45.63231,-64.9769,7.218896,6.2660394,14.859334
430,-9.57594108581543,-239.75546264648438,66.57814025878906,6.465864514735568,-8.945756374080343,-96.13527462044921,-18.219734,16.290724,16.286283,96.30069,-38.989456,0.0,-3.234652,-5.4726877,-12.842906,34.544277,-20.150557,0.0,-5.7018805,10.936678,-3.7153354,7.460996,-9.445973,1.8354459,28.40449,-28.260468,-74.72289,17.590437,11.536825,-12.210748,-5.2804947,-29.160143,45.257587,-64.38671,7.426791,6.5899525,15.003954
431,-9.474784851074219,-239.92852783203125,66.6375961303711,6.428368910205761,-8.928669060108497,-96.27097657079754,-17.80582,15.844404,16.32975,93.922165,-38.526913,0.0,-2.9402096,-5.462405,-12.6816845,34.120007,-20.016254,0.0,-5.6765637,10.876678,-3.6412864,7.562648,-9.361175,2.6687558,28.140604,-28.011242,-74.06978,17.234812,11.60272,-12.210748,-4.447874,-29.019386,44.84685,-63.83282,7.5980387,6.880056,15.197843
432,-9.3677396774292,-240.1045379638672,66.69910430908203,6.39140162634565,-8.918086807182407,-96.40067800085683,-17.325436,15.348346,16.313948,91.37184,-37.933746,0.0,-2.6303134,-5.457479,-12.528285,33.680984,-19.878906,0.0,-5.639442,10.823369,-3.565858,7.6605735,-9.276942,3.479587,27.891092,-27.792479,-73.42651,16.98946,11.668809,-12.210748,-3.6031837,-28.878502,44.38959,-63.313396,7.673828,7.135258,15.396321
433,-9.261931419372559,-240.26832580566406,66.75851440429688,6.3567282133400305,-8.918315987129606,-96.52075263116001,-16.765362,14.790157,16.22378,88.605965,-37.190918,0.0,-2.3155873,-5.4581194,-12.388352,33.242886,-19.742788,0.0,-5.590107,10.782769,-3.4925134,7.7565656,-9.18993,4.263405,27.655886,-27.60702,-72.793274,16.88015,11.738209,-12.210748,-2.7444563,-28.736685,43.875656,-62.82946,7.6403465,7.3495283,15.595779
434,-9.152104377746582,-240.436767578125,66.8179931640625,6.324775861623619,-8.925027951264438,-96.62601238147079,-16.127968,14.183613,16.061562,85.639915,-36.302937,0.0,-1.9852791,-5.467009,-12.264927,32.797146,-19.611467,0.0,-5.536346,10.746577,-3.4216185,7.8460608,-9.099235,5.0282135,27.432968,-27.45802,-72.17208,16.844372,11.81415,-12.210748,-1.8753597,-28.592289,43.31813,-62.378864,7.5237117,7.526244,15.815717
435,-9.04737377166748,-240.6157684326172,66.87391662597656,6.28545137020147,-8.931891209545235,-96.72848552367685,-15.41652,13.561502,15.851494,82.52615,-35.292217,0.0,-1.6428623,-5.4671087,-12.145676,32.34119,-19.483715,0.0,-5.4725447,10.707374,-3.3453035,7.9281726,-9.010765,5.781272,27.220592,-27.333103,-71.560936,16.865414,11.887541,-12.210748,-0.9998535,-28.44709,42.732536,-61.960125,7.33189,7.678602,16.047009
436,-8.938497543334961,-240.79342651367188,66.92416381835938,6.232766226694941,-8.932442281099425,-96.84085240229895,-14.63746,12.955388,15.620741,79.31999,-34.185123,0.0,-1.3122156,-5.455032,-12.012461,31.88867,-19.353031,0.0,-5.393276,10.657727,-3.255814,8.002058,-8.928465,6.528361,27.017393,-27.220245,-70.95648,16.92732,11.949077,-12.210748,-0.12409648,-28.303608,42.13673,-61.57007,7.071612,7.820235,16.280207
437,-8.831313133239746,-240.9608154296875,66.97020721435547,6.17011774314757,-8.928758087372767,-96.96460100659445,-13.788609,12.359787,15.356109,75.9998,-32.96226,0.0,-0.9914875,-5.428674,-11.863812,31.429926,-19.209692,0.0,-5.2932487,10.598519,-3.1571329,8.063395,-8.855638,7.267288,26.823208,-27.124147,-70.350685,17.040775,11.984089,-12.210748,0.7582085,-28.161375,41.517918,-61.212963,6.7020826,7.9591436,16.527975
438,-8.7247896194458,-241.1268310546875,67.0101318359375,6.097667326203013,-8.923059214625994,-97.09361793940437,-12.860831,11.769958,15.053513,72.53547,-31.615028,0.0,-0.6754875,-5.3921194,-11.706892,30.972364,-19.064697,0.0,-5.176711,10.532598,-3.0512598,8.113945,-8.789681,7.996166,26.637758,-27.04737,-69.74728,17.208185,12.001776,-12.210748,1.6476353,-28.018696,40.873726,-60.888695,6.2325873,8.088011,16.789865
439,-8.6187105178833,-241.29908752441406,67.04895782470703,6.00914566608863,-8.90942626463271,-97.22875008609759,-11.861867,11.215413,14.755484,68.98474,-30.190985,0.0,-0.35780182,-5.338024,-11.542369,30.496584,-18.911188,0.0,-5.0526776,10.455191,-2.9279597,8.162239,-8.725221,8.721399,26.45904,-26.97481,-69.16058,17.401346,12.028555,-12.210748,2.5256052,-27.87782,40.24003,-60.58458,5.7442865,8.197466,17.035185
440,-8.507278442382812,-241.47914123535156,67.08048248291016,5.896529205277132,-8.88205682963267,-97.37022355437044,-10.801547,10.718707,14.505537,65.39741,-28.72942,0.0,-0.05813101,-5.2651916,-11.368396,30.031656,-18.763836,0.0,-4.930296,10.361499,-2.7773175,8.2166605,-8.65724,9.449696,26.284945,-26.891706,-68.60556,17.593601,12.090405,-12.210748,3.374959,-27.740885,39.65183,-60.289734,5.3172326,8.277003,17.233608
441,-8.393220901489258,-241.6492156982422,67.10387420654297,5.75758469576645,-8.836282399457215,-97.51895692668268,-9.666552,10.280799,14.335528,61.73593,-27.230043,0.0,0.20032752,-5.170707,-11.182273,29.593378,-18.619808,0.0,-4.8099427,10.244204,-2.5988615,8.273614,-8.582786,10.181647,26.115002,-26.80348,-68.083984,17.748611,12.202812,-12.210748,4.1935163,-27.609343,39.12933,-60.00185,4.9838033,8.309548,17.355452
442,-8.280313491821289,-241.8262481689453,67.12312316894531,5.5976637691195235,-8.776079589107713,-97.67456702495952,-8.46034,9.8832035,14.217187,57.98097,-25.666431,0.0,0.4463384,-5.055733,-10.987289,29.153408,-18.475836,0.0,-4.6877575,10.1075945,-2.3976283,8.330595,-8.504762,10.914231,25.949612,-26.714529,-67.58828,17.891396,12.348443,-12.210748,4.990757,-27.482275,38.648735,-59.726143,4.6984406,8.305038,17.42338
443,-8.1652250289917,-242.00694274902344,67.13742065429688,5.415488624695139,-8.71004786983513,-97.83441700472896,-7.2191467,9.518585,14.10731,54.2115,-24.043581,0.0,0.6891214,-4.9213257,-10.787489,28.706532,-18.32886,0.0,-4.5666137,9.964423,-2.1719918,8.397676,-8.429039,11.647503,25.787973,-26.60934,-67.117325,18.087172,12.504574,-12.210748,5.7623863,-27.35827,38.1832,-59.462284,4.418674,8.293224,17.485544
444,-8.04544734954834,-242.17715454101562,67.14436340332031,5.212929143352095,-8.645927563107485,-97.99670690298504,-5.976958,9.18569,13.970856,50.503624,-22.367369,0.0,0.92513144,-4.77046,-10.585276,28.25941,-18.175737,0.0,-4.449182,9.827487,-1.920327,8.484951,-8.36423,12.380774,25.629452,-26.472858,-66.66975,18.40031,12.649189,-12.210748,6.504898,-27.236116,37.703747,-59.20885,4.1051517,8.303851,17.590334
445,-7.9214653968811035,-242.35470581054688,67.14593505859375,4.987845987994,-8.587434471139872,-98.16542589945966,-4.711598,8.875049,13.792448,46.799496,-20.605207,0.0,1.1789603,-4.601075,-10.379374,27.789232,-18.014317,0.0,-4.3323774,9.702627,-1.6346897,8.599796,-8.3122425,13.117162,25.472609,-26.295414,-66.24938,18.87155,12.777614,-12.210748,7.215355,-27.115335,37.193485,-58.959175,3.7421978,8.341489,17.75859
446,-7.7956461906433105,-242.52069091796875,67.1378402709961,4.743540936699276,-8.529914150069608,-98.34028236596153,-3.4066737,8.592966,13.609474,43.05823,-18.75321,0.0,1.4199067,-4.415633,-10.16684,27.32854,-17.850578,0.0,-4.216013,9.581913,-1.3185761,8.735307,-8.269838,13.854598,25.317814,-26.08756,-65.85356,19.458866,12.902199,-12.210748,7.8962207,-26.996092,36.66944,-58.715576,3.352609,8.391413,17.961971
447,-7.66370153427124,-242.68772888183594,67.12235260009766,4.476499504917127,-8.469581758081523,-98.51159718967021,-2.1238842,8.351624,13.428329,39.43332,-16.923986,0.0,1.6589882,-4.2146235,-9.955227,26.863401,-17.68615,0.0,-4.1073594,9.457769,-0.98639804,8.879862,-8.231975,14.584541,25.16698,-25.863237,-65.46991,20.101788,13.026699,-12.210748,8.54757,-26.879606,36.15596,-58.485,2.9534118,8.455278,18.174183
448,-7.542087078094482,-242.8540496826172,67.09832000732422,4.191994813927031,-8.40174414751457,-98.66959703368343,-0.93495286,8.164362,13.260096,36.09797,-15.230957,0.0,1.89094,-3.993228,-9.754336,26.400953,-17.529812,0.0,-4.013889,9.322886,-0.6525589,9.022079,-8.195486,15.298324,25.022026,-25.635763,-65.08588,20.73959,13.154362,-12.210748,9.171004,-26.766647,35.679127,-58.277275,2.5596526,8.534651,18.368675
449,-7.415220737457275,-243.00692749023438,67.06904602050781,3.8835606360673496,-8.323806552873215,-98.81482532229892,0.08490255,8.047265,13.072124,33.131767,-13.635793,0.0,2.1105528,-3.7508755,-9.561248,25.92686,-17.362888,0.0,-3.9346762,9.172603,-0.311955,9.158198,-8.1622095,15.998348,24.882603,-25.401255,-64.70027,21.357767,13.287003,-12.210748,9.771051,-26.658253,35.239025,-58.089855,2.1573732,8.632522,18.5418
450,-7.286099433898926,-243.15841674804688,67.03538513183594,3.5498976648272693,-8.238861387469022,-98.95116027418808,0.9581485,7.9925723,12.872352,30.498457,-12.143497,0.0,2.333353,-3.4858222,-9.374217,25.428946,-17.185234,0.0,-3.867236,9.011914,0.040007345,9.294681,-8.132646,16.686653,24.7475,-25.153814,-64.315926,21.987427,13.422363,-12.210748,10.346913,-26.553785,34.82347,-57.91939,1.7452449,8.747357,18.705627
451,-7.162927627563477,-243.30813598632812,66.99809265136719,3.207846503823879,-8.15057861491194,-99.0744722638318,1.7627037,7.973191,12.729725,28.195381,-10.929569,0.0,2.5570438,-3.211048,-9.197438,24.923914,-17.009062,0.0,-3.816478,8.848388,0.38809866,9.434773,-8.1044,17.355146,24.617277,-24.9025,-63.92714,22.636082,13.557322,-12.210748,10.891426,-26.452593,34.4418,-57.77257,1.357033,8.873875,18.856373
452,-7.029841899871826,-243.45559692382812,66.97003173828125,2.8702318891926564,-8.06293363983762,-99.1805185620686,2.582379,7.9589167,12.707382,26.207636,-10.153647,0.0,2.7943897,-2.9469686,-9.032434,24.38779,-16.816967,0.0,-3.7868924,8.689806,0.71720755,9.581956,-8.071255,17.995836,24.492487,-24.65637,-63.52827,23.310907,13.688893,-12.210748,11.397546,-26.354239,34.102146,-57.65553,1.0273266,9.00615,18.990234
453,-6.890307903289795,-243.60501098632812,66.95686340332031,2.523039409660668,-7.969454871997708,-99.2685620283293,3.4434612,7.9610863,12.837803,24.633257,-10.00702,0.0,3.061596,-2.6738923,-8.876484,23.774748,-16.59035,0.0,-3.7804394,8.53038,1.0419567,9.749704,-8.026943,18.614225,24.371126,-24.404434,-63.116417,24.015862,13.813967,-12.210748,11.863426,-26.26051,33.813248,-57.573883,0.7771955,9.158934,19.097593
454,-6.756580829620361,-243.74375915527344,66.92453002929688,2.1650202373474063,-7.870308167256341,-99.34087168524151,4.339457,7.9700413,13.08227,23.346857,-10.29113,0.0,3.2831767,-2.393364,-8.727667,23.242445,-16.409658,0.0,-3.7941873,8.36913,1.3645993,9.932024,-7.9759607,19.21122,24.253248,-24.145052,-62.692738,24.745724,13.935046,-12.210748,12.293455,-26.17152,33.56705,-57.52224,0.58527297,9.329135,19.182322
455,-6.63438081741333,-243.875244140625,66.8761215209961,1.8305425203542351,-7.77905262243327,-99.39773824272025,5.2718844,7.9358726,13.389389,22.08237,-10.630549,0.0,3.4681177,-2.1383715,-8.59661,22.811092,-16.28338,0.0,-3.8246074,8.220991,1.6519581,10.102988,-7.9314246,19.773283,24.142563,-23.901073,-62.259644,25.491459,14.057579,-12.210748,12.689411,-26.083597,33.34848,-57.492638,0.4192904,9.484208,19.26143
456,-6.520566940307617,-243.99423217773438,66.83223724365234,1.5529501282070686,-7.709196749436383,-99.43905456616407,6.19051,7.8247967,13.700058,20.69579,-10.721939,0.0,3.6517472,-1.940715,-8.493999,22.427044,-16.172916,0.0,-3.8681226,8.100802,1.8708389,10.236789,-7.9058633,20.287226,24.042757,-23.693718,-61.818203,26.242645,14.186134,-12.210748,13.052017,-25.993896,33.141117,-57.474346,0.25027835,9.591495,19.351648
457,-6.404995918273926,-244.1066436767578,66.8117446899414,1.3543267684012026,-7.671529421221756,-99.4684279359801,7.0479093,7.624957,14.025499,19.255281,-10.554459,0.0,3.8756545,-1.8223746,-8.417965,22.024086,-16.039925,0.0,-3.9236817,8.023545,2.0006225,10.315,-7.909261,20.744081,23.954475,-23.510529,-61.35713,27.024506,14.321373,-12.210748,13.378903,-25.900965,32.938553,-57.479534,0.08824759,9.632622,19.46251
458,-6.285207748413086,-244.22073364257812,66.8053207397461,1.212372226119058,-7.656181879742883,-99.48474047340953,7.852458,7.3656883,14.378154,17.869394,-10.309202,0.0,4.1216106,-1.7651421,-8.364131,21.628588,-15.907018,0.0,-3.992798,7.9776034,2.0628095,10.35522,-7.932133,21.152401,23.875612,-23.343546,-60.875343,27.829416,14.459335,-12.210748,13.670064,-25.807034,32.750008,-57.507942,-0.05743127,9.627985,19.582407
459,-6.169422626495361,-244.33531188964844,66.80130767822266,1.1000742597097397,-7.645407707603701,-99.48000036505876,8.607804,7.0879297,14.709018,16.527369,-10.015896,0.0,4.3691335,-1.739119,-8.340516,21.25134,-15.785358,0.0,-4.076001,7.937929,2.0874674,10.385751,-7.959343,21.526304,23.805769,-23.222029,-60.392242,28.598259,14.597457,-12.210748,13.93322,-25.713207,32.584248,-57.536118,-0.22042906,9.603506,19.697565
460,-6.049214839935303,-244.43536376953125,66.7948226928711,0.9894853790246226,-7.620888644839749,-99.44677875034853,9.342826,6.823196,14.965476,15.165739,-9.678218,0.0,4.588734,-1.7214451,-8.352663,20.898672,-15.672674,0.0,-4.173862,7.8796697,2.1049778,10.4350395,-7.9779916,21.87939,23.744675,-23.17404,-59.92909,29.27345,14.73374,-12.210748,14.174165,-25.620813,32.450813,-57.540108,-0.43467405,9.585774,19.794376
461,-5.925597667694092,-244.5408172607422,66.78836059570312,0.8754432301248026,-7.573580090075696,-99.37532288115901,10.063438,6.574732,15.130523,13.7546835,-9.287177,0.0,4.803291,-1.7066985,-8.413018,20.532534,-15.562573,0.0,-4.295346,7.791962,2.1245294,10.518142,-7.9796915,22.212048,23.69253,-23.20682,-59.47811,29.8539,14.856641,-12.210748,14.388378,-25.529701,32.353138,-57.51347,-0.6877215,9.584446,19.865791
462,-5.807207107543945,-244.63839721679688,66.78936767578125,0.7707701137515656,-7.514412157309198,-99.27264061983112,10.794463,6.317788,15.232985,12.24951,-8.804547,0.0,5.0138516,-1.7013954,-8.515946,20.154696,-15.447831,0.0,-4.4373174,7.6893606,2.1302059,10.617495,-7.9730654,22.517622,23.649267,-23.302193,-59.03231,30.365185,14.969949,-12.210748,14.575266,-25.439203,32.285374,-57.471054,-0.968761,9.584704,19.920494
463,-5.684175491333008,-244.73721313476562,66.7988052368164,0.6811831309309665,-7.45534422559273,-99.15462267814627,11.445177,6.080697,15.280445,10.881568,-8.356403,0.0,5.2412066,-1.7113563,-8.640069,19.748215,-15.320013,0.0,-4.5822725,7.585377,2.1150646,10.712249,-7.968439,22.798302,23.61434,-23.450275,-58.614536,30.791477,15.094603,-12.210748,14.743794,-25.350996,32.242153,-57.41637,-1.3106457,9.576808,19.96813
464,-5.563205718994141,-244.83154296875,66.8268051147461,0.6068960741516148,-7.408864678389804,-99.03715017389652,11.591948,5.996132,15.246531,10.567245,-8.405625,0.0,5.552132,-1.7200415,-8.767969,19.176825,-15.100093,0.0,-4.7127604,7.4933796,2.0717123,10.781708,-7.975382,23.056816,23.587059,-23.641539,-58.247623,31.11782,15.251641,-12.210748,14.904112,-25.26628,32.218555,-57.35404,-1.7476043,9.551176,20.018167
465,-5.447453498840332,-244.9168243408203,66.85771179199219,0.5554551620804903,-7.380376160601991,-98.9190653588801,11.734767,5.90229,15.169243,10.269206,-8.426496,0.0,5.8760424,-1.7427485,-8.902216,18.606606,-14.878298,0.0,-4.8315125,7.4180717,1.9887245,10.820377,-7.998142,23.2924,23.56711,-23.881077,-57.929726,31.323423,15.455128,-12.210748,15.065071,-25.183004,32.200397,-57.29758,-2.291564,9.50611,20.070965
466,-5.334233283996582,-244.99346923828125,66.88545227050781,0.52445134370919,-7.3625345104646325,-98.79354021174898,11.867087,5.799464,15.044538,9.985111,-8.420373,0.0,6.1858807,-1.7831829,-9.049754,18.084732,-14.679752,0.0,-4.9454637,7.351802,1.8732787,10.839325,-8.032589,23.504059,23.554663,-24.169973,-57.64999,31.42414,15.690045,-12.210748,15.219765,-25.10135,32.19436,-57.24019,-2.922865,9.447146,20.122023
467,-5.235004425048828,-245.0685272216797,66.90760803222656,0.505442960261879,-7.3484925255889815,-98.67025624611836,11.997755,5.696652,14.907954,9.707684,-8.400938,0.0,6.481707,-1.8268245,-9.19491,17.601099,-14.502936,0.0,-5.043704,7.2897463,1.7455589,10.842408,-8.068273,23.692944,23.549845,-24.492382,-57.41733,31.45995,15.93369,-12.210748,15.3568325,-25.025286,32.22647,-57.15884,-3.6286173,9.375666,20.174465
468,-5.135499954223633,-245.13819885253906,66.92230224609375,0.4966874941397586,-7.331395866480429,-98.56030716472969,12.121947,5.585159,14.796028,9.441943,-8.386202,0.0,6.7132854,-1.8862313,-9.317562,17.23601,-14.383109,0.0,-5.114245,7.2265234,1.6181977,10.833501,-8.09656,23.859339,23.55293,-24.832237,-57.239826,31.469494,16.163652,-12.210748,15.465115,-24.958588,32.321148,-57.02928,-4.3931885,9.29354,20.230822
469,-5.0349860191345215,-245.2018280029297,66.93049621582031,0.4931342638341815,-7.31347225538179,-98.4611017725203,12.23788,5.4712124,14.711404,9.195349,-8.380314,0.0,6.899602,-1.9529712,-9.415277,16.95162,-14.300011,0.0,-5.150618,7.163869,1.4980435,10.804114,-8.117071,23.997591,23.56624,-25.201494,-57.120567,31.468885,16.39056,-12.210748,15.543366,-24.901882,32.476868,-56.825172,-5.3040857,9.177853,20.27968
470,-4.93821382522583,-245.262939453125,66.9371566772461,0.49544441817452145,-7.2971088565450355,-98.36827310592514,12.353279,5.3555512,14.637721,8.953066,-8.369226,0.0,7.073022,-2.021724,-9.498349,16.690313,-14.226508,0.0,-5.160555,7.1039824,1.3784974,10.755537,-8.134637,24.10709,23.588839,-25.603184,-57.051,31.435547,16.620384,-12.210748,15.597753,-24.852709,32.682762,-56.56512,-6.3367653,9.036005,20.324211
471,-4.845278739929199,-245.31910705566406,66.94479370117188,0.5028699818242754,-7.275425300965489,-98.28746812198402,12.461789,5.237251,14.580826,8.714956,-8.355241,0.0,7.2267094,-2.0932324,-9.568511,16.44609,-14.155177,0.0,-5.1551714,7.043345,1.2623084,10.710412,-8.145563,24.23167,23.600517,-25.917107,-57.049156,31.288023,16.8525,-12.210748,15.683151,-24.828299,32.849773,-56.340332,-7.2476873,8.916679,20.4465
472,-4.752902507781982,-245.3755340576172,66.9537582397461,0.5135181153372481,-7.241555583707632,-98.22473326877667,12.567122,5.1120586,14.547547,8.469538,-8.339488,0.0,7.35353,-2.1708732,-9.626952,16.222902,-14.088444,0.0,-5.1448884,6.9777484,1.1533537,10.684677,-8.14807,24.334684,23.614344,-26.21448,-57.079605,31.076078,17.032068,-12.210748,15.745353,-24.806103,33.06152,-56.144806,-7.893592,8.866117,20.625353
473,-4.657784938812256,-245.4376678466797,66.96678161621094,0.5343315832123893,-7.183842979770569,-98.19274432714572,12.677749,4.964595,14.554168,8.1854925,-8.311016,0.0,7.4403934,-2.265256,-9.664828,16.023087,-14.026961,0.0,-5.1296616,6.8978953,1.0496057,10.675632,-8.13865,24.414953,23.633467,-26.553152,-57.155052,30.790348,17.13289,-12.210748,15.750561,-24.783638,33.379257,-55.954975,-8.27063,8.899945,20.847548
474,-4.560218334197998,-245.49632263183594,66.98029327392578,0.5642408533547804,-7.10902774574398,-98.18444492165528,12.787104,4.800674,14.592343,7.8766522,-8.270332,0.0,7.478722,-2.3751085,-9.684095,15.872659,-13.981961,0.0,-5.105221,6.808648,0.95020723,10.683662,-8.1170225,24.474516,23.656603,-26.905245,-57.27829,30.428898,17.183973,-12.210748,15.707873,-24.76471,33.785927,-55.760162,-8.466859,8.99174,21.10059
475,-4.46470832824707,-245.5535125732422,66.98929595947266,0.5917047815491234,-7.038762825351711,-98.17723074004803,12.900561,4.6412363,14.633847,7.568632,-8.22707,0.0,7.5054436,-2.4832983,-9.702561,15.754669,-13.95219,0.0,-5.0737524,6.726936,0.86011547,10.695472,-8.091983,24.50526,23.682362,-27.247778,-57.413044,30.05673,17.182516,-12.210748,15.639078,-24.750563,34.259205,-55.58398,-8.512028,9.113992,21.35746
476,-4.3714470863342285,-245.6038055419922,66.9881591796875,0.5985924010783581,-6.994808762207425,-98.14662492036861,12.979869,4.522923,14.649865,7.3741655,-8.233937,0.0,7.546737,-2.5693612,-9.737934,15.665505,-13.938472,0.0,-5.037455,6.671522,0.7899011,10.694395,-8.083085,24.503109,23.696962,-27.436474,-57.572796,29.685913,17.229485,-12.210748,15.660193,-24.744549,34.566067,-55.478306,-8.304549,9.208858,21.681442
477,-4.27979850769043,-245.6522979736328,66.98027038574219,0.5710361702626962,-6.9901215638232825,-98.09074729280691,13.050405,4.455343,14.634524,7.273439,-8.28655,0.0,7.6617837,-2.6129766,-9.792474,15.50977,-13.892913,0.0,-4.9940176,6.654544,0.7533536,10.682655,-8.081183,24.483719,23.714235,-27.645538,-57.686333,29.393847,17.131783,-12.210748,15.657125,-24.740461,34.95083,-55.443386,-7.903919,9.343608,21.99622
478,-4.190194606781006,-245.70423889160156,66.96771240234375,0.5257724532886695,-7.011072089699071,-98.02096756755985,13.127253,4.4153347,14.604531,7.2132993,-8.359265,0.0,7.828201,-2.6315594,-9.857862,15.308448,-13.827225,0.0,-4.942946,6.6645904,0.74046695,10.659238,-8.089055,24.42256,23.733896,-27.850481,-57.79078,29.141588,16.961262,-12.210748,15.634845,-24.739399,35.400646,-55.44617,-7.3195763,9.497184,22.299278
479,-4.105428218841553,-245.75546264648438,66.95584106445312,0.48169989306573147,-7.037726545285691,-97.93510634937553,13.203636,4.380272,14.554287,7.1544075,-8.4223585,0.0,8.013351,-2.6455085,-9.938576,15.087318,-13.753285,0.0,-4.8915496,6.6773896,0.7239123,10.62333,-8.10223,24.32939,23.755224,-28.040258,-57.864212,28.93161,16.747114,-12.210748,15.598568,-24.741703,35.898304,-55.453842,-6.7062097,9.640527,22.577389
480,-4.025965690612793,-245.80209350585938,66.94542694091797,0.4541488583196764,-7.049725213772472,-97.82876115255918,13.239613,4.3403077,14.474266,7.126585,-8.484723,0.0,8.164453,-2.6747465,-10.039652,14.916516,-13.707903,0.0,-4.848417,6.6692486,0.6857415,10.574063,-8.111675,24.213015,23.777517,-28.207804,-57.889942,28.764982,16.521782,-12.210748,15.552722,-24.747192,36.426975,-55.43413,-6.2302914,9.745801,22.8139
481,-3.9513025283813477,-245.85003662109375,66.93727111816406,0.44885026307144954,-7.040486386027123,-97.69817272060189,13.247463,4.2851667,14.360249,7.0922246,-8.524454,0.0,8.2834425,-2.7248795,-10.165482,14.788103,-13.689735,0.0,-4.814489,6.632363,0.6197431,10.508095,-8.11026,24.072065,23.800423,-28.348335,-57.864853,28.631058,16.283064,-12.210748,15.501199,-24.756432,36.985123,-55.381886,-5.916545,9.797146,23.01362
482,-3.879051923751831,-245.89645385742188,66.93070220947266,0.4570290487430422,-7.020980646372084,-97.54643189751171,13.234121,4.2231016,14.217456,7.060982,-8.549808,0.0,8.381144,-2.7876782,-10.31183,14.695315,-13.692807,0.0,-4.785711,6.5796475,0.53693336,10.424344,-8.096999,23.905878,23.823542,-28.457712,-57.801464,28.527964,16.023073,-12.210748,15.441943,-24.769737,37.57275,-55.31488,-5.689623,9.811063,23.185228
483,-3.8095076084136963,-245.9371795654297,66.92652893066406,0.47197824122866033,-6.99774213371431,-97.37925445394612,13.206765,4.1598616,14.055112,7.0326114,-8.564368,0.0,8.467583,-2.8548288,-10.472831,14.621155,-13.705248,0.0,-4.7626696,6.5187745,0.4431724,10.327327,-8.072023,23.724482,23.846125,-28.532848,-57.70905,28.4725,15.767458,-12.210748,15.369675,-24.786064,38.17128,-55.231342,-5.559084,9.810428,23.3171
484,-3.7419188022613525,-245.9785919189453,66.92462921142578,0.487373747468824,-6.976845555122225,-97.20280962051679,13.175918,4.0998006,13.882307,7.0119762,-8.580534,0.0,8.561751,-2.9191508,-10.642277,14.541529,-13.717215,0.0,-4.745645,6.457299,0.3439996,10.224939,-8.037046,23.537397,23.86736,-28.570274,-57.601692,28.483772,15.549403,-12.210748,15.285536,-24.803133,38.751045,-55.13341,-5.532888,9.8183975,23.402403
485,-3.681147575378418,-246.02444458007812,66.9217300415039,0.5033006584920566,-6.960258688841672,-97.0088409366878,13.144945,4.0462904,13.689886,6.9968667,-8.59858,0.0,8.6680975,-2.9776785,-10.827995,14.461644,-13.737069,0.0,-4.738673,6.394859,0.23765296,10.123029,-7.9909053,23.343006,23.886906,-28.564013,-57.47651,28.583174,15.383972,-12.210748,15.200918,-24.81876,39.287468,-55.022335,-5.6095533,9.835225,23.450891
486,-3.6268935203552246,-246.06564331054688,66.9180908203125,0.5230595165789255,-6.944763846206234,-96.79746159367534,13.1108885,3.9951756,13.4772005,6.9741807,-8.603565,0.0,8.772859,-3.0342162,-11.03013,14.393329,-13.76526,0.0,-4.7400274,6.328296,0.1225098,10.022471,-7.93291,23.138912,23.90468,-28.512005,-57.334476,28.755426,15.261924,-12.210748,15.125033,-24.831985,39.772266,-54.903458,-5.764948,9.851333,23.478111
487,-3.5681285858154297,-246.1056671142578,66.91236877441406,0.5422461772188454,-6.92855330103602,-96.58625643000302,13.060528,3.9454117,13.26354,6.982012,-8.62245,0.0,8.867008,-3.0930898,-11.230946,14.342823,-13.800003,0.0,-4.7417254,6.261154,0.006455961,9.923432,-7.867515,22.934147,23.920319,-28.420113,-57.192944,28.963703,15.172893,-12.210748,15.054785,-24.842592,40.201874,-54.783833,-5.971373,9.874611,23.484005
488,-3.512152671813965,-246.14334106445312,66.9070816040039,0.5617327873444548,-6.909780203328177,-96.3930382208577,13.017703,3.8943648,13.070226,6.9754496,-8.631511,0.0,8.957505,-3.1482863,-11.415332,14.281077,-13.82111,0.0,-4.7358274,6.1970296,-0.10176094,9.825668,-7.8019776,22.73829,23.933477,-28.298872,-57.069187,29.172047,15.10256,-12.210748,14.98524,-24.85096,40.57663,-54.667847,-6.202895,9.914329,23.463688
489,-3.4593846797943115,-246.1749725341797,66.90252685546875,0.5789882813613978,-6.887537564060964,-96.22378822950836,12.973229,3.8459785,12.902639,6.9709587,-8.637705,0.0,9.039387,-3.1973286,-11.578017,14.207273,-13.823761,0.0,-4.7238994,6.137608,-0.20206192,9.670539,-7.7052126,22.546312,23.9474,-28.073563,-56.93677,29.368746,15.076513,-12.210748,14.808263,-24.862022,41.10618,-54.54451,-6.6526794,10.018818,23.297453
490,-3.410128593444824,-246.2067413330078,66.89923095703125,0.5948986785406603,-6.862657658715001,-96.07120065276321,12.929768,3.8000588,12.754386,6.9679193,-8.643328,0.0,9.120603,-3.2406588,-11.724679,14.118114,-13.811987,0.0,-4.7059307,6.079987,-0.29454896,9.487588,-7.606247,22.473038,23.950949,-27.7046,-56.95336,29.483122,15.111334,-12.210748,14.523872,-24.873482,41.82319,-54.302246,-7.35264,10.078564,22.961609
491,-3.3628649711608887,-246.23541259765625,66.8967056274414,0.6096366141886309,-6.836614921627832,-95.92441721748378,12.8858385,3.7562516,12.612796,6.963146,-8.645504,0.0,9.199334,-3.2803533,-11.865761,14.024196,-13.793648,0.0,-4.678913,6.0236635,-0.37956285,9.395201,-7.5696993,22.306631,23.94887,-27.490326,-56.870853,29.694864,15.086221,-12.210748,14.526737,-24.869665,41.8834,-54.227192,-7.561147,10.163816,22.93171
