Frame,root_translateX,root_translateY,root_translateZ,root_rotateX,root_rotateY,root_rotateZ,left_hip_pitch_joint,left_hip_roll_joint,left_hip_yaw_joint,left_knee_joint,left_ankle_pitch_joint,left_ankle_roll_joint,right_hip_pitch_joint,right_hip_roll_joint,right_hip_yaw_joint,right_knee_joint,right_ankle_pitch_joint,right_ankle_roll_joint,waist_yaw_joint,waist_pitch_joint,waist_roll_joint,head_yaw_joint,head_pitch_joint,left_shoulder_pitch_joint,left_shoulder_roll_joint,left_shoulder_yaw_joint,left_elbow_joint,left_wrist_yaw_joint,left_wrist_pitch_joint,left_wrist_roll_joint,right_shoulder_pitch_joint,right_shoulder_roll_joint,right_shoulder_yaw_joint,right_elbow_joint,right_wrist_yaw_joint,right_wrist_pitch_joint,right_wrist_roll_joint
0,1.0122339725494385,0.8446179628372192,66.39596557617188,0.7300962311424257,0.28831845542104,-88.52418753488985,4.703797,2.0701203,8.147394,6.3279696,-10.895788,0.0,4.896082,-4.1355734,-9.609944,6.4302235,-11.150428,0.0,-2.444402,0.41045052,-1.883102,0.8807932,-4.589787,3.4559069,21.917303,-50.351208,-55.81195,-7.961555,16.918661,-12.210748,8.604767,-19.96519,30.049706,-52.91647,9.620902,7.696512,18.942385
1,1.039452314376831,0.8672101497650146,66.39738464355469,0.7201835888406212,0.2965731796029133,-88.51335119073427,4.6756196,2.0575254,8.142639,6.321223,-10.874238,0.0,4.8717313,-4.148176,-9.616572,6.4237833,-11.124575,0.0,-2.441834,0.44606888,-1.8798362,0.8808285,-4.5899177,3.4572084,22.036488,-50.36291,-55.82185,-7.958466,16.914064,-12.210748,8.603465,-20.121284,30.051653,-52.929802,9.610605,7.68984,18.945902
2,1.0685151815414429,0.9004904627799988,66.40154266357422,0.71521325707787,0.32250564702979295,-88.49409341169195,4.6184983,2.0388525,8.131444,6.3131127,-10.840739,0.0,4.8222666,-4.1670837,-9.630295,6.417591,-11.090872,0.0,-2.438708,0.52396244,-1.8745389,0.88090926,-4.5902615,3.4601116,22.235163,-50.39023,-55.84509,-7.9533596,16.903442,-12.210748,8.594257,-20.369743,30.04653,-52.96618,9.581747,7.6713557,18.952335
3,1.1027202606201172,0.94557124376297,66.40333557128906,0.755269434439997,0.4342700532549276,-88.45415434846423,4.347366,1.986586,8.0757065,6.5415196,-10.9175005,0.0,4.6313825,-4.243801,-9.667389,6.5241575,-11.111035,0.0,-2.4358833,0.6242124,-1.9261086,0.9266964,-4.901423,3.9998376,23.096758,-51.023224,-57.95034,-7.3055334,17.280281,-12.210748,9.7221985,-21.435009,29.944836,-56.221687,6.7341604,7.7817364,19.086687
4,1.1267471313476562,0.9733263254165649,66.40454864501953,0.743972507536897,0.4395228621446536,-88.44527610281747,4.3208714,1.9767104,8.072647,6.530515,-10.89,0.0,4.6069694,-4.253222,-9.673449,6.513963,-11.078478,0.0,-2.4348805,0.6496122,-1.9262612,0.92671573,-4.9015102,4.001289,23.13908,-51.029575,-57.950695,-7.306381,17.280249,-12.210748,9.72218,-21.476175,29.94259,-56.223885,6.731185,7.780883,19.085676
5,1.1632870435714722,1.0130295753479004,66.41016387939453,0.7450798888683562,0.50127856271999,-88.40807942458997,4.2175803,1.9469458,8.048064,6.5199413,-10.844873,0.0,4.520885,-4.2830224,-9.703463,6.5063977,-11.0408325,0.0,-2.4512768,0.76419055,-1.9380424,0.9269182,-4.9024796,4.0076504,23.356672,-51.09276,-57.967976,-7.3215075,17.27224,-12.210748,9.702034,-21.673876,29.89378,-56.261658,6.682719,7.7640643,19.06833
6,1.2053085565567017,1.0610722303390503,66.41754150390625,0.7992568142720394,0.6680500963720877,-88.32883559447723,3.9661994,1.864047,7.959547,6.5558543,-10.80717,0.0,4.326935,-4.3706245,-9.794501,6.5189095,-11.015464,0.0,-2.4846215,0.8186865,-2.0298946,0.993131,-5.3136497,4.312267,23.891266,-51.809803,-59.072254,-7.868339,17.388054,-12.210748,10.309138,-22.179611,29.470995,-58.07355,4.0048842,7.85277,17.91871
7,1.240706205368042,1.1012587547302246,66.42123413085938,0.7885811822327381,0.6974120913971221,-88.30668699353585,3.9030466,1.8450702,7.947575,6.5411773,-10.765253,0.0,4.2728376,-4.3888507,-9.812509,6.504779,-10.971392,0.0,-2.4953463,0.88195896,-2.0384216,0.99324095,-5.3141437,4.314444,23.983294,-51.84054,-59.077595,-7.875948,17.385166,-12.210748,10.302087,-22.246164,29.443615,-58.082554,3.9883795,7.848312,17.9101
8,1.2825936079025269,1.1591594219207764,66.42814636230469,0.8385254805827852,0.8907293400394395,-88.21411055770577,3.5999835,1.7694298,7.854041,6.6062737,-10.731999,0.0,4.0302305,-4.4747596,-9.91212,6.552224,-10.955638,0.0,-2.5531912,0.9390248,-2.1303437,1.068013,-5.744621,4.4729314,24.367762,-52.566723,-59.865704,-8.504693,17.436817,-12.210748,10.610199,-22.536947,28.872885,-59.14391,1.9779843,7.756679,16.878355
9,1.327763319015503,1.2059476375579834,66.43537139892578,0.8595244714091608,1.0286245786622477,-88.14821556088515,3.4013965,1.7145774,7.7933326,6.604569,-10.6798935,0.0,3.8609722,-4.532105,-9.977317,6.563572,-10.922477,0.0,-2.5938392,0.9944914,-2.1859357,1.1287117,-6.103733,4.49055,24.66833,-53.178783,-60.356754,-8.781523,17.533474,-12.210748,10.808198,-22.724068,28.36496,-59.703403,1.0596738,7.6131907,16.46988
10,1.3741390705108643,1.267300009727478,66.44204711914062,0.8811915705313955,1.1811127932803973,-88.07582967040209,3.165714,1.6595347,7.726259,6.622945,-10.62581,0.0,3.6610858,-4.592458,-10.047072,6.5868354,-10.883459,0.0,-2.64616,1.047723,-2.2455745,1.1792431,-6.4215875,4.513584,24.907967,-53.74759,-60.81571,-9.161112,17.616308,-12.210748,10.897731,-22.843002,27.84809,-60.15578,0.2401085,7.4601474,16.131126
11,1.4210859537124634,1.3274204730987549,66.45000457763672,0.9055255927066667,1.3519999346839382,-88.00284169816855,2.921647,1.5995781,7.658581,6.620319,-10.561463,0.0,3.4411678,-4.6566396,-10.117101,6.6152306,-10.846089,0.0,-2.706142,1.1000208,-2.3127005,1.225747,-6.727872,4.538482,25.103516,-54.272057,-61.248974,-9.503766,17.714415,-12.210748,10.923583,-22.91677,27.321623,-60.531258,-0.5240219,7.2819386,15.807946
12,1.4670957326889038,1.3866236209869385,66.45803833007812,0.9337262400069459,1.5440539545115597,-87.9347660216091,2.6576817,1.535487,7.5951724,6.6174073,-10.498904,0.0,3.188466,-4.726927,-10.182426,6.664243,-10.815847,0.0,-2.7732482,1.1528869,-2.3894947,1.2762636,-7.051254,4.550343,25.26603,-54.7226,-61.650772,-9.63696,17.848688,-12.210748,10.9036045,-22.96029,26.79389,-60.851143,-1.2112386,7.085577,15.497989
13,1.5178353786468506,1.4554592370986938,66.4662094116211,0.9665579255899754,1.7612926318021618,-87.8727256240978,2.3727753,1.4608123,7.5380464,6.5933776,-10.420922,0.0,2.8980248,-4.807621,-10.243906,6.719346,-10.776833,0.0,-2.8479028,1.1991588,-2.4756432,1.3377957,-7.407916,4.5580745,25.403017,-55.0821,-62.027744,-9.565899,18.04868,-12.210748,10.848661,-22.98342,26.271227,-61.13185,-1.8242884,6.8748097,15.19293
14,1.5733333826065063,1.5356487035751343,66.4748306274414,1.0027765889075722,2.001109330630846,-87.81384022364455,2.0616438,1.3778622,7.484604,6.560012,-10.331223,0.0,2.570219,-4.8975544,-10.303296,6.7833195,-10.72955,0.0,-2.9308,1.240317,-2.5698018,1.4126306,-7.8034616,4.5793257,25.520166,-55.353035,-62.40222,-9.362902,18.298798,-12.210748,10.765876,-22.992712,25.755507,-61.388683,-2.385093,6.6516476,14.885718
15,1.628769874572754,1.6074316501617432,66.48271942138672,1.0415734980171907,2.256738579654833,-87.75797491687933,1.7393446,1.2921113,7.4337983,6.5303297,-10.250603,0.0,2.218619,-4.9926586,-10.357147,6.874443,-10.6990795,0.0,-3.0214763,1.2916242,-2.673872,1.5003694,-8.249122,4.6115837,25.621965,-55.526524,-62.784763,-8.958901,18.540962,-12.210748,10.657752,-22.992579,25.250954,-61.631176,-2.897679,6.4218283,14.581841
16,1.6874572038650513,1.6827033758163452,66.4922103881836,1.081734732595717,2.5212187107308357,-87.70536768622367,1.4026955,1.2026819,7.3867426,6.505331,-10.170275,0.0,1.8393538,-5.0946083,-10.402895,6.994559,-10.675412,0.0,-3.1199334,1.3681184,-2.7897327,1.5992482,-8.758412,4.6482143,25.7121,-55.5894,-63.177326,-8.276375,18.706955,-12.210748,10.523016,-22.986076,24.763144,-61.866943,-3.3645935,6.1931467,14.287525
17,1.7423405647277832,1.7770501375198364,66.50151824951172,1.1268450659111107,2.811593194499129,-87.65481591652843,1.0294572,1.1098394,7.3438396,6.4711504,-10.071011,0.0,1.410477,-5.201615,-10.44164,7.129082,-10.643421,0.0,-3.229291,1.4501233,-2.922114,1.7060328,-9.336281,4.7021265,25.793962,-55.54683,-63.56237,-7.2364793,18.798203,-12.210748,10.36231,-22.975248,24.297485,-62.102432,-3.785837,5.967391,14.004945
18,1.801780104637146,1.8787808418273926,66.50939178466797,1.1762897911014507,3.1252171750509,-87.60674080559811,0.62730646,1.009024,7.3051267,6.436277,-9.966865,0.0,0.9378397,-5.319739,-10.472819,7.2906528,-10.616933,0.0,-3.3485286,1.5374534,-3.0689375,1.8203489,-9.983752,4.7725253,25.869896,-55.401333,-63.94575,-5.88971,18.835579,-12.210748,10.17797,-22.961687,23.85667,-62.338478,-4.166061,5.7437925,13.725371
19,1.8610421419143677,1.987204909324646,66.5174560546875,1.223091560147207,3.4259630864097237,-87.56366917532894,0.22993167,0.9109309,7.270662,6.408387,-9.862055,0.0,0.44150305,-5.440983,-10.494601,7.5124707,-10.606789,0.0,-3.4716575,1.6742123,-3.222206,1.9462346,-10.710699,4.835218,25.941635,-55.124725,-64.35639,-4.369206,18.770296,-12.210748,9.969648,-22.946522,23.440777,-62.573498,-4.516294,5.526574,13.440558
20,1.9127808809280396,2.1143836975097656,66.52249908447266,1.2605868830156655,3.6772490902725767,-87.52820556676703,-0.13383053,0.82696384,7.240911,6.3836317,-9.743837,0.0,-0.081876375,-5.5594325,-10.504818,7.858152,-10.630342,0.0,-3.5932171,1.9051894,-3.3750823,2.0907161,-11.532866,4.874228,26.008118,-54.6689,-64.812996,-2.8272731,18.536636,-12.210748,9.734009,-22.930937,23.049541,-62.80556,-4.8468337,5.321871,13.14476
21,1.9670042991638184,2.254056453704834,66.54661560058594,1.2789136843502045,3.8785960234815477,-87.51128639440259,-0.47000462,0.76030874,7.225772,6.387754,-9.6325,0.0,-1.2849678,-5.7972884,-10.422396,9.705118,-11.405219,0.0,-3.7145307,2.237049,-3.5146914,2.4385905,-13.293708,5.159872,26.1258,-53.59531,-65.41856,-1.6948419,17.96682,-12.210748,9.411207,-22.902542,22.47089,-62.95417,-5.067581,5.1088223,13.014307
22,2.0220818519592285,2.3994998931884766,66.57726287841797,1.288514536062802,4.044023673370022,-87.507311460771,-0.71789116,0.693499,7.219662,6.2725444,-9.455156,0.0,-2.5044749,-6.034592,-10.305272,11.622294,-12.177874,0.0,-3.8380358,2.6426764,-3.655164,2.8290412,-15.035476,5.7363467,26.259106,-52.074505,-66.2976,-1.0059605,17.318844,-12.210748,9.067751,-22.869795,21.937845,-63.087017,-5.2392898,4.904655,12.884301
23,2.0694425106048584,2.549936532974243,66.59797668457031,1.3105199373135599,4.166407492369227,-87.49808718360833,-1.0633495,0.63683724,7.2053666,6.4429793,-9.420784,0.0,-3.820063,-6.2976294,-10.195211,13.817185,-13.034866,0.0,-3.967481,3.1342316,-3.8237066,3.120373,-16.39904,6.1690745,26.355556,-50.475533,-67.102104,0.14152233,16.53548,-12.210748,8.721196,-22.848518,21.587027,-63.293167,-5.4865656,4.7439327,12.60085
24,2.1157541275024414,2.7049992084503174,66.614501953125,1.3839587520905037,4.23904449208485,-87.46992169796428,-1.2360826,0.5136629,7.17665,6.327481,-9.223142,0.0,-5.1920877,-6.612136,-10.144289,16.238583,-13.90915,0.0,-4.109048,3.722893,-4.067098,3.4175558,-17.859297,6.8015733,26.466883,-48.246513,-68.02706,1.9076551,15.610524,-12.210748,8.372802,-22.830042,21.28115,-63.533974,-5.7306933,4.5880666,12.298661
25,2.164372205734253,2.896512269973755,66.61788940429688,1.5073793987460327,4.257744923607839,-87.42932111193095,-1.4197605,0.3433153,7.1379175,6.279659,-9.0263,0.0,-6.63147,-6.98931,-10.184278,18.872335,-14.722231,0.0,-4.2666454,4.4263897,-4.3851833,3.7694228,-19.563482,7.2528663,26.526249,-45.866467,-68.79877,4.895922,14.516647,-12.210748,8.0173435,-22.822538,21.080132,-63.866226,-5.925295,4.4727964,11.944872
26,2.1982996463775635,3.0998847484588623,66.60993957519531,1.664920613495335,4.227897153531681,-87.38054138249235,-1.6322505,0.15754932,7.0913396,6.367408,-8.884328,0.0,-8.140163,-7.4323435,-10.327671,21.720905,-15.42631,0.0,-4.4456463,5.2348228,-4.7622538,4.093264,-21.255205,7.770508,26.580467,-42.92815,-69.4326,8.693198,13.110189,-12.210748,7.6532683,-22.816813,20.92032,-64.263115,-6.065074,4.387184,11.574485
27,2.239232063293457,3.307084321975708,66.59321594238281,1.8573310477284646,4.149011871105727,-87.30263071474795,-1.7690305,-0.07109869,7.0191526,6.375487,-8.689855,0.0,-9.689477,-7.952313,-10.606418,24.836523,-16.016525,0.0,-4.6265135,6.115604,-5.192571,4.459792,-23.147375,8.343326,26.619953,-39.87724,-70.12564,12.780067,11.680869,-12.210748,7.3111424,-22.81641,20.797615,-64.64317,-6.293106,4.2660656,11.183196
28,2.281052350997925,3.4970815181732178,66.56616973876953,2.0790515972388826,4.023253528352158,-87.17245514324058,-1.8728311,-0.32531196,6.8965106,6.414346,-8.513024,0.0,-11.258549,-8.556228,-11.036215,28.291325,-16.4854,0.0,-4.797167,7.0368156,-5.6664166,4.7311254,-24.818344,8.986298,26.65106,-36.85514,-70.96479,16.69481,10.338828,-12.210748,7.031835,-22.823118,20.699425,-64.94436,-6.755428,4.045945,10.761503
29,2.310711145401001,3.7004191875457764,66.53118133544922,2.3387179376933998,3.8193998889300413,-86.9906230168676,-1.9549669,-0.60342175,6.7224874,6.521579,-8.348539,0.0,-12.836189,-9.288699,-11.664573,32.139053,-16.75619,0.0,-4.971871,8.040428,-6.2069736,4.9445357,-26.318668,9.568567,26.666502,-34.09013,-71.88228,20.789318,9.112445,-12.210748,6.7993717,-22.835842,20.607094,-65.148384,-7.513713,3.6654174,10.325884
30,2.344696521759033,3.9030187129974365,66.47822570800781,2.636421920216073,3.545744151069285,-86.76768318048315,-1.9754916,-0.92126304,6.5073085,6.62469,-8.172799,0.0,-14.381729,-10.1628685,-12.493983,36.24627,-16.724672,0.0,-5.155504,9.127698,-6.8142247,5.150289,-27.824053,10.080359,26.669188,-31.419125,-72.78815,25.210852,7.883152,-12.210748,6.6048694,-22.852968,20.526283,-65.29089,-8.479093,3.167432,9.88738
31,2.3724615573883057,4.103077411651611,66.41027069091797,2.9517401706933897,3.2593205208519693,-86.49622701203491,-2.0063734,-1.2501228,6.245801,6.757664,-8.002767,0.0,-15.864066,-11.122386,-13.399043,40.48926,-16.441378,0.0,-5.3072944,10.207699,-7.4363217,5.290035,-29.24517,10.556388,26.65723,-28.801157,-73.8603,29.200033,6.7809033,-12.210748,6.498809,-22.878607,20.485312,-65.37742,-9.575246,2.6438725,9.420506
32,2.396941661834717,4.287261009216309,66.32754516601562,3.264957971858382,3.0178407486518473,-86.16763086983465,-2.1081767,-1.5715187,5.932815,6.949896,-7.863384,0.0,-17.278782,-12.081568,-14.196747,44.784527,-16.049437,0.0,-5.3804846,11.190134,-8.016004,5.2602696,-30.000013,10.874743,26.623219,-26.368032,-75.12468,32.09806,5.8866835,-12.210748,6.5358915,-22.915663,20.511768,-65.41706,-10.730301,2.1878154,8.88979
33,2.4162752628326416,4.45538854598999,66.23124694824219,3.5930939311383328,2.8504436804738567,-85.76537726499748,-2.286644,-1.9043365,5.554317,7.1432424,-7.72349,0.0,-18.709375,-13.019001,-14.721427,49.25518,-15.762573,0.0,-5.36978,12.035447,-8.56036,5.056813,-30.000013,11.055877,26.561735,-23.975742,-76.63093,33.47131,5.2851315,-12.210748,6.737844,-22.97015,20.59098,-65.382744,-12.092735,1.7739222,8.215939
34,2.4240498542785645,4.603896141052246,66.11090087890625,3.9319534984415783,2.720807122163407,-85.29645366899848,-2.6043868,-2.2304254,5.1178923,7.556906,-7.701117,0.0,-20.170961,-13.915269,-14.984065,53.96283,-15.673762,0.0,-5.290908,12.799476,-9.0783825,4.7319903,-30.000013,10.965529,26.480883,-21.80025,-78.16123,33.86046,4.830356,-12.210748,7.071703,-23.03425,20.692791,-65.26362,-13.6329365,1.35603,7.458719
35,2.4182941913604736,4.739020347595215,65.96748352050781,4.256670712198369,2.5874004407869826,-84.79122019970332,-2.9539135,-2.532208,4.6517143,8.053328,-7.7216725,0.0,-21.536484,-14.692728,-15.072565,58.67343,-15.738415,0.0,-5.138877,13.535745,-9.547087,4.283892,-30.000013,10.717237,26.385305,-19.7217,-79.71519,33.79039,4.4556794,-12.210748,7.509919,-23.109718,20.887903,-65.12224,-15.052115,1.0076525,6.732216
36,2.406420946121216,4.86225700378418,65.80101776123047,4.5280475166612915,2.409341509727021,-84.27876401187015,-3.6077378,-2.7547321,4.1981163,9.313954,-8.148765,0.0,-22.697765,-15.298522,-15.122822,63.22399,-15.890369,0.0,-4.906608,14.298394,-9.928685,3.7072744,-30.000013,10.306081,26.264715,-17.745695,-81.158356,33.84187,4.0280266,-12.210748,8.01346,-23.198973,21.241997,-65.007904,-16.048437,0.8147142,6.1495633
37,2.392817974090576,4.973803997039795,65.60163879394531,4.70318418252248,2.1900705741522812,-83.75082928681904,-5.2366414,-2.8265448,3.7832873,12.758074,-9.731347,0.0,-23.656504,-15.717829,-15.206018,67.654915,-16.072392,0.0,-4.5759397,15.087785,-10.162086,2.9794507,-30.000013,9.688204,26.122856,-15.896788,-82.452805,34.035656,3.5123756,-12.210748,8.57092,-23.306356,21.753805,-64.88361,-16.530916,0.8280189,5.680294
38,2.372835636138916,5.075441837310791,65.3612289428711,4.803880877081723,1.9477956456406689,-83.1969095191931,-6.8661942,-2.8477993,3.347283,16.256716,-11.337832,0.0,-24.481525,-15.993132,-15.281195,72.09301,-16.228682,0.0,-4.148604,15.878676,-10.269049,2.1070268,-30.000013,8.88778,25.966019,-14.136723,-83.67056,34.097095,2.9908948,-12.210748,9.186362,-23.43172,22.384632,-64.712814,-16.664038,1.0022908,5.2822948
39,2.3465466499328613,5.162863254547119,65.07894134521484,4.894365614388826,1.6634206606178454,-82.64301260063547,-8.375501,-2.883912,2.911552,19.613716,-12.878025,0.0,-25.15003,-16.164894,-15.328425,76.47595,-16.328352,0.0,-3.6504858,16.687302,-10.344436,1.1293321,-30.000013,7.965167,25.79219,-12.417245,-84.79862,34.179985,2.4757328,-12.210748,9.841484,-23.56812,23.14359,-64.544556,-16.532778,1.2875589,5.056845
40,2.311222553253174,5.223212242126465,64.7682113647461,5.042361102609053,1.3165890375941744,-82.11585414712495,-9.620394,-2.995872,2.5015292,22.597261,-14.249334,0.0,-25.635353,-16.266123,-15.336284,80.72626,-16.371265,0.0,-3.1121564,17.532698,-10.488492,0.08674779,-30.000013,6.9686,25.599367,-10.698737,-85.81273,34.439163,1.97403,-12.210748,10.517183,-23.708254,24.042604,-64.428375,-16.21673,1.6343687,5.108709
41,2.260429620742798,5.279318332672119,64.42764282226562,5.263690706096709,0.8690907461668038,-81.63788306827972,-10.622056,-3.1854897,2.1457329,25.304832,-15.487508,0.0,-25.909468,-16.287958,-15.304848,84.86305,-16.341862,0.0,-2.5117009,18.462942,-10.715596,-1.0445226,-30.000013,5.855123,25.381979,-8.96667,-86.68963,34.945026,1.4810344,-12.210748,11.206484,-23.855042,25.116028,-64.360954,-15.640704,2.0741618,5.5136714
42,2.216179370880127,5.31265926361084,64.06836700439453,5.526191972067338,0.3416299162795814,-81.19132364819633,-11.423748,-3.432622,1.827986,27.809645,-16.642078,0.0,-25.996878,-16.210022,-15.260686,88.91997,-16.23397,0.0,-1.8454871,19.45579,-10.975868,-2.2755876,-30.000013,4.5864587,25.149181,-7.2335873,-87.4139,35.594715,0.9970829,-12.210748,11.90683,-24.01068,26.345125,-64.29745,-14.787878,2.6193428,6.2117
43,2.1568548679351807,5.328636646270752,63.69210433959961,5.82545009947364,-0.1985015403830867,-80.74402099786387,-12.123851,-3.719244,1.5163362,30.148108,-17.724009,0.0,-25.932537,-16.048952,-15.2595215,92.80093,-16.039413,0.0,-1.1760478,20.427176,-11.279205,-3.5465121,-30.000013,3.2156603,24.91888,-5.5126123,-87.97573,36.288017,0.53529817,-12.210748,12.614607,-24.164711,27.670103,-64.24345,-13.828896,3.1908624,7.1011133
44,2.0831055641174316,5.327786922454834,63.298641204833984,6.157202123363815,-0.6841608281429248,-80.26278563868297,-12.811605,-4.0444837,1.1820325,32.3502,-18.74788,0.0,-25.745783,-15.830354,-15.368688,96.40179,-15.750721,0.0,-0.5674643,21.29282,-11.641531,-4.797553,-30.000013,1.8108139,24.704777,-3.8227217,-88.383224,36.93122,0.10805451,-12.210748,13.329073,-24.30631,29.034357,-64.217026,-12.935176,3.7126396,8.073867
45,1.9925469160079956,5.315141201019287,62.89690017700195,6.553663793827645,-1.118648739267537,-79.73244157930924,-13.465178,-4.4405184,0.81581926,34.355118,-19.675787,0.0,-25.418842,-15.559547,-15.617291,99.73644,-15.364881,0.0,-0.029917935,22.053347,-12.113444,-6.044323,-30.000013,0.3665688,24.500523,-2.1649275,-88.68395,37.550434,-0.26803738,-12.210748,14.0674925,-24.434193,30.478266,-64.25713,-12.097103,4.139143,9.178979
46,1.881269931793213,5.2902116775512695,62.48575973510742,7.007916783260711,-1.5324903005238486,-79.17412073895163,-14.0713215,-4.8930993,0.43641338,36.20807,-20.532515,0.0,-24.936316,-15.22897,-16.027424,102.85416,-14.897019,0.0,0.46232262,22.749727,-12.679505,-7.309511,-30.000013,-1.1541221,24.30281,-0.52763337,-88.8557,38.175453,-0.59729046,-12.210748,14.815461,-24.551601,32.017178,-64.34253,-11.232014,4.5164,10.450978
47,1.7547361850738525,5.269923210144043,62.07687759399414,7.456922195096285,-1.8980585364138562,-78.60854322805507,-14.684192,-5.341598,0.058098085,37.951828,-21.328882,0.0,-24.343029,-14.882994,-16.608208,105.72292,-14.371786,0.0,0.9011289,23.355146,-13.260545,-8.542757,-30.000013,-2.7080479,24.123146,1.0785526,-88.82773,38.7244,-0.9011285,-12.210748,15.535667,-24.65609,33.565266,-64.42261,-10.412355,4.911197,11.748324
48,1.6254218816757202,5.2353515625,61.684043884277344,7.839524856007741,-2.186334387245661,-78.05472293459572,-15.315026,-5.7283425,-0.31205812,39.60018,-22.090143,0.0,-23.689365,-14.565371,-17.340118,108.309654,-13.808041,0.0,1.2813754,23.840008,-13.776492,-9.692382,-30.000013,-4.236628,23.971312,2.6341512,-88.547386,39.121284,-1.2050027,-12.210748,16.199066,-24.745214,35.03937,-64.45453,-9.714291,5.393422,12.923211
49,1.4829063415527344,5.193874359130859,61.318092346191406,8.145184589739943,-2.366977192420783,-77.4893545033505,-15.9967,-6.040746,-0.69629174,41.13341,-22.794989,0.0,-22.962076,-14.251189,-18.275814,110.59043,-13.166106,0.0,1.5989687,24.183254,-14.231713,-10.786246,-30.000013,-5.725434,23.842943,4.1279173,-88.06287,39.38714,-1.5788162,-12.210748,16.804323,-24.811554,36.452103,-64.42453,-9.228822,6.0036225,13.944196
50,1.335211157798767,5.143819332122803,60.98538589477539,8.408204723327753,-2.461702064230614,-76.9111285109294,-16.683388,-6.3155994,-1.0926908,42.502563,-23.420282,0.0,-22.14737,-13.937185,-19.39785,112.60819,-12.461461,0.0,1.858692,24.40269,-14.66553,-11.837449,-30.000013,-7.1835546,23.730297,5.561691,-87.40913,39.558212,-1.9932988,-12.210748,17.368052,-24.858652,37.845203,-64.37223,-8.889823,6.7012453,14.876496
51,1.187469482421875,5.0773186683654785,60.68971633911133,8.627693654494871,-2.5171898649879134,-76.37014072693097,-17.302246,-6.541433,-1.467568,43.69436,-23.972763,0.0,-21.288252,-13.693561,-20.55671,114.41865,-11.786278,0.0,2.0718884,24.524397,-15.04736,-12.771315,-30.000013,-8.5737295,23.641338,6.9178314,-86.53252,39.587696,-2.3367841,-12.210748,17.905575,-24.896168,39.15382,-64.33865,-8.525484,7.433279,15.734441
52,1.0402909517288208,5.00646448135376,60.4395866394043,8.802377967124642,-2.5800911313350854,-75.91632042965436,-17.789148,-6.7045727,-1.787505,44.67761,-24.433887,0.0,-20.426445,-13.586611,-21.597513,116.06725,-11.229454,0.0,2.2506242,24.574583,-15.344287,-13.513519,-30.000013,-9.852521,23.582607,8.175488,-85.392,39.420586,-2.4995468,-12.210748,18.436813,-24.935495,40.317657,-64.36309,-7.973863,8.142319,16.534079
53,0.8968057036399841,4.929910659790039,60.23839569091797,8.925071510166829,-2.661666852107071,-75.54242871895984,-18.135796,-6.79962,-2.0635986,45.4594,-24.804302,0.0,-19.504932,-13.639058,-22.558193,117.56237,-10.77014,0.0,2.3935373,24.553713,-15.539154,-14.052927,-29.871094,-11.014286,23.55337,9.329527,-83.89666,39.1479,-2.5401943,-12.210748,18.99245,-24.973309,41.32717,-64.46662,-7.147919,8.886715,17.271225
54,0.7650574445724487,4.843149185180664,60.09150314331055,8.9968666206121,-2.735854987989454,-75.22733510069344,-18.364588,-6.835183,-2.3106697,46.0337,-25.083715,0.0,-18.518766,-13.80426,-23.475962,118.8806,-10.376108,0.0,2.506236,24.449116,-15.646211,-14.404946,-29.54981,-11.996414,23.554325,10.108469,-82.10676,38.894836,-2.7569144,-12.210748,19.67129,-24.988792,41.954105,-64.668106,-5.96792,9.664601,18.109028
55,0.644012987613678,4.7518157958984375,60.008018493652344,9.031106598800939,-2.794350891195128,-74.9998736016877,-18.45636,-6.8132415,-2.503727,46.347603,-25.247314,0.0,-17.591702,-14.04516,-24.193472,120.018394,-10.122731,0.0,2.589281,24.265196,-15.690629,-14.585308,-29.250751,-12.746776,23.566004,10.792965,-80.35567,38.31885,-2.7543955,-12.210748,20.284292,-25.008472,42.524,-64.88484,-4.8021655,10.330448,18.878134
56,0.5375409722328186,4.6563873291015625,59.98651885986328,9.041230335739378,-2.829219810105488,-74.88877105504719,-18.40349,-6.7385955,-2.6144767,46.384758,-25.294579,0.0,-16.853745,-14.329312,-24.555088,120.960144,-10.077993,0.0,2.6466224,24.007729,-15.694819,-14.685005,-28.871069,-13.395611,23.595434,11.5009,-78.72136,37.156197,-2.2963207,-12.210748,20.800785,-25.04245,43.106453,-65.103836,-3.8242657,10.752043,19.524734
57,0.43975675106048584,4.556630611419678,60.03498458862305,9.036314531334753,-2.841445643579136,-74.90613945549232,-18.182873,-6.6110835,-2.634529,46.103367,-25.206789,0.0,-16.353956,-14.661762,-24.46864,121.74697,-10.275641,0.0,2.6871943,23.669388,-15.661652,-14.656432,-28.638515,-13.568066,23.62537,11.827445,-77.36159,35.634876,-1.8833693,-12.210748,21.196245,-25.068474,43.437443,-65.309166,-2.8783011,10.869241,20.275879
58,0.34137776494026184,4.460149765014648,60.1461296081543,9.00773674341972,-2.8354300510779624,-75.03584200122478,-17.819748,-6.4226294,-2.5775592,45.540607,-24.989742,0.0,-16.028942,-15.05145,-24.022121,122.367615,-10.668507,0.0,2.7002196,23.24265,-15.5832205,-14.534766,-28.297926,-13.735463,23.675539,12.178541,-75.96818,33.611137,-0.9175361,-12.210748,21.596157,-25.106237,43.766937,-65.651825,-1.9036015,10.82197,20.969357
59,0.23811408877372742,4.3658833503723145,60.316795349121094,8.937809055775764,-2.80375481239977,-75.25956624566024,-17.336662,-6.1628857,-2.4625878,44.7205,-24.651592,0.0,-15.836896,-15.499343,-23.34144,122.748314,-11.215277,0.0,2.6862357,22.757725,-15.451091,-14.307564,-27.894445,-13.766719,23.74458,12.473836,-74.727486,31.051895,0.3052593,-12.210748,21.934095,-25.155766,44.035732,-65.980576,-1.1693318,10.620071,21.514164
60,0.1451847404241562,4.268652439117432,60.55170822143555,8.812435677180723,-2.7407413159868343,-75.56090531447654,-16.734606,-5.835715,-2.3018873,43.637684,-24.1901,0.0,-15.736453,-16.002663,-22.553524,122.8189,-11.882954,0.0,2.6489213,22.242144,-15.25607,-13.981931,-27.479958,-13.575149,23.82961,12.6328745,-73.77202,28.026451,1.5361857,-12.210748,22.170353,-25.215408,44.19372,-66.20488,-0.88672763,10.324549,21.856094
61,0.060838036239147186,4.173383712768555,60.8405876159668,8.626491856355699,-2.6469181323948656,-75.95304973688681,-16.025743,-5.4363503,-2.082024,42.319107,-23.621012,0.0,-15.757232,-16.610893,-21.603178,122.59823,-12.698978,0.0,2.5914493,21.697268,-14.991967,-13.559454,-27.09567,-13.096843,23.930876,12.600412,-73.11827,24.448172,2.6035802,-12.210748,22.28814,-25.285269,44.21336,-66.296295,-1.166155,9.916612,21.995123
62,-0.02745056338608265,4.071732044219971,61.18596267700195,8.390818884615722,-2.526479066233961,-76.4405967831844,-15.179123,-4.967203,-1.7998139,40.71792,-22.926281,0.0,-15.916102,-17.321898,-20.458874,122.12103,-13.671337,0.0,2.5119426,21.111675,-14.66509,-13.034668,-26.752893,-12.328083,24.04852,12.346396,-72.74872,20.416756,3.6182625,-12.210748,22.304623,-25.365194,44.0857,-66.305405,-1.8734785,9.376866,21.991177
63,-0.12543919682502747,3.9799106121063232,61.57493591308594,8.104135355605912,-2.3766748268795586,-76.9937670786912,-14.242018,-4.4362006,-1.4668204,38.879765,-22.100697,0.0,-16.149227,-18.060247,-19.293064,121.322044,-14.720775,0.0,2.4055974,20.493258,-14.285239,-12.413721,-26.448515,-11.284265,24.178326,11.822766,-72.6646,16.260183,4.6866226,-12.210748,22.23489,-25.452023,43.792583,-66.25999,-2.8269088,8.773177,21.876139
64,-0.23801778256893158,3.8785927295684814,62.001991271972656,7.764895284132179,-2.194980757304701,-77.58248423795308,-13.214429,-3.8464034,-1.1048633,36.810463,-21.15006,0.0,-16.382185,-18.751537,-18.287895,120.138115,-15.775052,0.0,2.2683294,19.84975,-13.861121,-11.709918,-26.171019,-9.970044,24.314486,10.967238,-72.807594,12.316156,5.8173146,-12.210748,22.085377,-25.540333,43.308834,-66.19175,-3.8389828,8.192597,21.680988
65,-0.35527896881103516,3.7761881351470947,62.467002868652344,7.362162925823247,-1.9800171743109558,-78.21089920747946,-12.083818,-3.1977503,-0.7000689,34.471905,-20.05293,0.0,-16.59163,-19.443476,-17.500586,118.5564,-16.913206,0.0,2.1186042,19.178793,-13.37558,-10.250676,-25.688374,-8.326138,24.569096,9.163578,-74.28693,8.583683,8.567523,-12.210748,22.20474,-25.688555,42.145798,-66.20813,-4.5580735,7.5202804,21.668282
66,-0.47372254729270935,3.6876394748687744,62.9558219909668,6.901712525804973,-1.7365387893264423,-78.89281565240758,-10.871878,-2.504059,-0.23627989,31.905386,-18.825853,0.0,-16.790762,-20.189453,-16.90348,116.62922,-18.179352,0.0,1.9238638,18.48016,-12.841111,-9.14088,-25.443832,-6.5838866,24.808264,7.183116,-74.51057,5.043292,9.555698,-12.210748,22.09776,-25.80842,40.814686,-66.199615,-5.2552667,7.040481,21.666256
67,-0.6211298704147339,3.5823233127593994,63.49128341674805,6.397640661976457,-1.4688813441034354,-79.61117242118536,-9.829965,-1.7693218,0.2873359,29.582518,-17.675669,0.0,-16.977018,-20.873127,-16.512512,114.26397,-19.315521,0.0,1.7065248,17.762608,-12.263452,-8.0924635,-25.249363,-4.760105,25.046959,4.8930807,-74.572136,1.6985604,10.378913,-12.210748,21.891207,-25.90279,39.275555,-66.130516,-6.131925,6.5388503,21.530355
68,-0.7945853471755981,3.4903793334960938,64.04381561279297,5.864814090876068,-1.1819127476535802,-80.34861038241681,-8.837823,-1.005027,0.8494585,27.302202,-16.501957,0.0,-17.150301,-21.354584,-16.279871,111.44178,-20.140644,0.0,1.494735,17.036327,-11.646609,-6.798628,-24.960049,-3.2079568,25.375626,1.6095774,-74.417435,-1.3874792,11.3857155,-12.210748,21.896975,-25.994196,36.983944,-66.245575,-7.033669,5.999247,21.489815
69,-0.9856148362159729,3.3983874320983887,64.61023712158203,5.281664486687318,-0.8812295502156637,-81.10526117027179,-7.906456,-0.18821158,1.4357679,25.077702,-15.284301,0.0,-17.331736,-21.54066,-16.124435,108.10732,-20.589895,0.0,1.2676566,16.307217,-10.98022,-5.7617745,-24.64309,-1.5924606,25.668892,-1.834726,-74.01643,-4.045818,12.294486,-12.210748,21.679884,-26.042032,34.655964,-66.15571,-8.418544,5.3412776,21.073338
70,-1.1881669759750366,3.3083531856536865,65.17452239990234,4.647787336310809,-0.5665734673974224,-81.88895237580556,-7.0318837,0.6737136,2.0598614,22.902857,-14.009051,0.0,-17.502552,-21.497564,-16.03485,104.30367,-20.791227,0.0,1.0333201,15.571444,-10.258784,-4.672907,-24.253153,-0.37335595,26.025604,-6.1034646,-73.07766,-6.364556,13.298328,-12.210748,21.521048,-26.053175,31.723465,-66.03803,-9.846763,4.6213803,20.695889
71,-1.4093128442764282,3.228752613067627,65.73052978515625,4.012962807087944,-0.22846118451432737,-82.69304685217271,-6.262767,1.5229281,2.743817,20.890112,-12.738367,0.0,-17.628511,-21.305172,-16.012117,100.126366,-20.81991,0.0,0.7704565,14.819893,-9.532595,-3.6270766,-23.834463,0.9836314,26.346487,-10.381028,-72.03012,-8.390752,14.037226,-12.210748,21.120663,-26.027178,28.861435,-65.76971,-11.708562,3.84388,20.030546
72,-1.6454640626907349,3.153444528579712,66.2728271484375,3.421569435605333,0.14321599197209975,-83.51120212829466,-5.630631,2.3064313,3.509556,19.120653,-11.520116,0.0,-17.6884,-21.048254,-16.046892,95.660866,-20.735725,0.0,0.48783123,14.044813,-8.838307,-2.5540376,-23.367905,1.9708941,26.69723,-15.159952,-70.65762,-9.83255,14.522367,-12.210748,20.74324,-25.962814,25.666573,-65.607956,-13.777511,3.0816357,19.39983
73,-1.8903441429138184,3.0851378440856934,66.7936019897461,2.8589168723359566,0.5697733191740267,-84.33674039144319,-5.164091,3.0520873,4.3933473,17.572828,-10.281701,0.0,-17.714506,-20.64307,-16.057821,90.82,-20.516958,0.0,0.18301658,13.223165,-8.157812,-1.4761771,-22.83934,2.9392595,27.039324,-20.227177,-69.24019,-10.66425,14.708325,-12.210748,20.235329,-25.868067,22.347782,-65.392136,-16.351719,2.2976992,18.640009
74,-2.1367909908294678,3.023057699203491,67.28410339355469,2.306859249797896,1.0393024299672156,-85.17403305464923,-4.8577223,3.7777314,5.374891,16.257744,-9.008525,0.0,-17.707329,-20.059437,-15.986885,85.57139,-20.145498,0.0,-0.1429458,12.366863,-7.4771733,-0.38457945,-22.25028,3.7906084,27.382414,-25.700502,-67.673546,-10.97961,14.7181225,-12.210748,19.610134,-25.742687,18.793215,-65.07099,-19.290867,1.4710766,17.820179
75,-2.3767917156219482,2.9614436626434326,67.72896575927734,1.8140102690723554,1.5149254301661186,-86.0318970788979,-4.648411,4.4203854,6.406031,15.210909,-7.7897696,0.0,-17.608784,-19.45795,-15.921158,80.07482,-19.685999,0.0,-0.4995303,11.515575,-6.848468,0.745885,-21.638638,4.629982,27.695837,-31.203117,-66.151985,-11.190741,14.565835,-12.210748,18.841175,-25.598787,15.236594,-64.733734,-22.367168,0.6121456,16.911366
76,-2.608405113220215,2.89984130859375,68.11592102050781,1.427886733294998,1.9615924549056678,-86.91835173891926,-4.4321566,4.912353,7.4106336,14.384105,-6.7099423,0.0,-17.378511,-19.001022,-15.997835,74.50294,-19.202961,0.0,-0.894877,10.707719,-6.321909,1.940479,-21.044115,5.609017,27.920324,-36.30226,-64.859116,-11.774814,14.220314,-12.210748,17.926992,-25.4699,11.976949,-64.536354,-25.415806,-0.2736639,15.810018
77,-2.830686330795288,2.8326637744903564,68.44609832763672,1.1598166080767913,2.392137150444937,-87.83325817943546,-4.0863285,5.2107334,8.429127,13.59172,-5.778201,0.0,-17.006737,-18.738173,-16.289064,68.811035,-18.708689,0.0,-1.3315543,9.927162,-5.899807,3.2068238,-20.421501,6.6820145,28.067219,-41.27152,-63.866787,-12.871734,13.545487,-12.210748,16.957014,-25.355747,8.874685,-64.581894,-28.470015,-1.1955281,14.462854
78,-3.046876907348633,2.766925573348999,68.72274780273438,0.9832978998895188,2.8218498656513495,-88.7720989852691,-3.6214387,5.345515,9.473492,12.750587,-4.9146886,0.0,-16.540693,-18.582241,-16.717848,62.949,-18.17739,0.0,-1.7991631,9.160141,-5.5551558,4.5306005,-19.767174,7.828132,28.167349,-46.24766,-63.051727,-14.265355,12.56596,-12.210748,15.940846,-25.242443,5.8006787,-64.79983,-31.582872,-2.170159,12.94115
79,-3.2639379501342773,2.7010669708251953,68.93128967285156,0.8798235658837761,3.22033149767096,-89.74009780247073,-3.116746,5.3641133,10.380858,11.938931,-4.0789704,0.0,-16.024403,-18.48128,-17.230597,57.05838,-17.594755,0.0,-2.2740393,8.448618,-5.2845936,5.8982267,-19.183739,9.028043,28.226044,-50.88407,-62.221806,-15.671788,11.521219,-12.210748,14.837811,-25.12606,2.8381999,-65.12501,-34.523758,-3.1592484,11.474035
80,-3.4783780574798584,2.646904706954956,69.07473754882812,0.8333933359575633,3.557288177124578,-90.74251156566197,-2.6738365,5.325402,10.943821,11.288354,-3.244215,0.0,-15.494855,-18.38745,-17.763111,51.26179,-16.9463,0.0,-2.7328618,7.834529,-5.0875425,7.295825,-18.775175,10.276427,28.250183,-54.829514,-61.269497,-16.767712,10.681163,-12.210748,13.590349,-25.00488,0.072657116,-65.48574,-37.063297,-4.0955997,10.280129
81,-3.7020840644836426,2.5922629833221436,69.1522216796875,0.8851053675638971,3.8184327623598993,-91.76756246234558,-2.3762298,5.199846,10.856749,10.969235,-2.474853,0.0,-14.879534,-18.343729,-18.441689,45.406548,-16.142958,0.0,-3.203909,7.338238,-5.0143228,8.736913,-18.612076,11.589863,28.23956,-58.082226,-60.314125,-17.453043,10.108803,-12.210748,12.156988,-24.876028,-2.502123,-65.95135,-39.21148,-4.912943,9.353831
82,-3.929706335067749,2.5291507244110107,69.16875457763672,1.02991155576039,4.027164527098874,-92.81671821603148,-2.159913,4.964911,10.184299,10.881893,-1.8084985,0.0,-14.210591,-18.358585,-19.221994,39.49434,-15.239416,0.0,-3.684738,6.930787,-5.049713,10.22155,-18.626558,13.002128,28.202778,-60.81901,-59.489475,-17.89361,9.685898,-12.210748,10.560629,-24.745983,-4.939973,-66.532555,-41.071392,-5.6351967,8.568401
83,-4.164090156555176,2.4671847820281982,69.12279510498047,1.183662993610834,4.206740759420332,-93.91596882218477,-1.9076773,4.7034464,9.285744,10.772677,-1.1956145,0.0,-13.6608305,-18.354155,-19.809082,33.863705,-14.416943,0.0,-4.108415,6.5822606,-5.098366,11.71614,-18.715202,14.521112,28.161106,-62.960373,-58.754044,-18.132093,9.4291725,-12.210748,8.843625,-24.627348,-7.220136,-67.08871,-42.557064,-6.3089204,7.9522967
84,-4.410012722015381,2.40380597114563,69.02788543701172,1.2622604975537068,4.377069124762164,-95.09100017731035,-1.4821954,4.518926,8.615771,10.349864,-0.57304174,0.0,-13.383891,-18.274452,-19.95224,28.850994,-13.849734,0.0,-4.4099526,6.2656927,-5.065837,13.188661,-18.77073,16.142864,28.13369,-64.42215,-58.059467,-18.202782,9.353256,-12.210748,7.05734,-24.528728,-9.308039,-67.49088,-43.593307,-6.9811993,7.54043
85,-4.658107280731201,2.337585687637329,68.87747192382812,1.249940098979259,4.562737087797359,-96.34868547570454,-0.95784783,4.460834,8.327103,9.65567,0.069899455,0.0,-13.403087,-18.094683,-19.719198,24.422318,-13.669148,0.0,-4.5742793,5.9484034,-4.9232373,14.638788,-18.78836,17.855804,28.112915,-65.2075,-57.436676,-18.014694,9.601054,-12.210748,5.1664867,-24.437847,-11.232812,-67.74892,-44.18842,-7.6418757,7.456809
86,-4.914870738983154,2.2731845378875732,68.68450164794922,1.1872649876624204,4.7443864675791705,-97.67615484011274,-0.6808683,4.5206585,8.228014,9.4694195,0.30279845,0.0,-13.6556225,-17.896149,-19.26343,20.485014,-13.782796,0.0,-4.636164,5.6545324,-4.72375,16.081745,-18.815405,19.647385,28.091125,-65.3728,-56.95594,-17.569704,10.128731,-12.210748,3.158052,-24.352098,-12.997378,-67.93251,-44.39564,-8.265373,7.6296616
87,-5.172636032104492,2.2067439556121826,68.48357391357422,1.0778575096524663,4.873599587732712,-99.06966850697785,-0.26716694,4.6352625,8.359289,9.199299,0.26813513,0.0,-14.078834,-17.722437,-18.481617,17.10445,-13.934826,0.0,-4.606931,5.443196,-4.4969683,17.510185,-18.821224,21.496698,28.077606,-64.9182,-56.60422,-17.0346,10.6631,-12.210748,1.1382042,-24.287985,-14.471773,-68.03042,-44.24186,-8.898371,7.783311
88,-5.449222087860107,2.167257785797119,68.22810363769531,0.9266683534958087,4.90211805993659,-100.5236515483179,0.3846552,4.7916555,8.726148,8.863443,-0.20452285,0.0,-14.469127,-17.517008,-17.266438,14.028912,-13.696272,0.0,-4.498791,5.3730793,-4.270866,18.916477,-18.775629,23.325495,28.069853,-63.928936,-56.333927,-16.506283,10.937562,-12.210748,-0.76718533,-24.25294,-15.473236,-68.05408,-43.780186,-9.605794,7.6118426
89,-5.73505973815918,2.156728506088257,67.93138122558594,0.6515616052326862,4.8080772121856015,-102.14443009502897,1.4186844,5.052266,9.500504,8.3948555,-1.3707831,0.0,-13.892267,-16.844831,-15.513144,9.094979,-11.855402,0.0,-4.2741375,5.4709373,-3.9477513,20.368612,-18.606024,25.45793,28.103926,-62.044746,-56.310913,-16.457232,10.80942,-12.210748,-2.6215403,-24.23187,-16.239412,-67.95579,-42.98306,-10.311252,7.374548
90,-6.0442585945129395,2.1500165462493896,67.49382019042969,0.45512377762326034,4.613969063756305,-103.88296245131059,2.708514,5.24672,10.616452,7.92255,-3.153931,0.0,-14.373651,-16.48363,-12.780765,6.5668297,-10.816734,0.0,-3.9656553,5.686418,-3.7082868,21.848188,-18.347385,27.433678,28.08951,-59.904507,-56.317528,-16.2461,10.493509,-12.210748,-4.4136515,-24.220537,-16.431105,-67.89134,-41.961132,-11.139102,6.8203945
91,-6.359464645385742,2.1373140811920166,67.06600952148438,0.29052517567881886,4.347864772056938,-105.51990388091187,4.0247526,5.425327,11.7526,7.4851604,-5.006371,0.0,-15.188515,-16.238817,-10.035366,5.3311353,-10.033249,0.0,-3.641497,6.0055175,-3.5436132,23.216892,-18.148403,29.434614,28.08988,-57.028908,-56.457355,-15.921537,10.045703,-12.210748,-6.0726056,-24.215385,-16.335512,-67.63535,-40.604218,-11.859204,6.1077104
92,-6.680590629577637,2.134493589401245,66.71389770507812,0.26631985148499726,4.046831536451872,-106.83959315623405,5.119617,5.529406,12.592716,7.179857,-6.3991437,0.0,-16.16519,-16.264444,-8.031492,5.3679543,-9.53382,0.0,-3.3796887,6.4028316,-3.597147,24.331156,-18.15344,31.122871,28.12151,-53.684326,-56.55484,-14.942237,9.594601,-12.210748,-7.47174,-24.218086,-15.924247,-67.11302,-38.87534,-12.37396,5.0951467
93,-7.003058433532715,2.159728527069092,66.46028137207031,0.4621709062126685,3.6567862281551844,-107.89561468076762,6.125561,5.454462,13.140625,6.8214664,-7.119573,0.0,-18.161036,-16.765379,-6.659687,8.592363,-10.140617,0.0,-3.1908967,6.945956,-4.015604,25.233583,-18.460415,32.45547,28.193909,-49.84488,-56.395885,-13.107176,9.059054,-12.210748,-8.663565,-24.224117,-15.141489,-66.26944,-36.620865,-12.6957445,3.5286582
94,-7.344265460968018,2.224822759628296,66.2538070678711,0.8481294268866622,3.193247866914077,-108.76656988170083,6.972891,5.258439,13.495376,6.712692,-7.5942297,0.0,-20.407616,-17.547705,-5.7224703,13.110978,-10.88978,0.0,-3.048662,7.6200156,-4.725648,25.9733,-18.973042,33.863747,28.331762,-45.12757,-56.250874,-11.039996,8.353491,-12.210748,-9.710952,-24.234932,-13.883424,-65.17328,-33.921158,-12.860062,1.4239541
95,-7.7288007736206055,2.318425178527832,66.02090454101562,1.4143448295720005,2.7803071814635936,-109.28071391585091,7.6498404,4.9823823,13.561446,6.575141,-7.6846266,0.0,-22.944393,-18.604265,-5.042944,18.727194,-12.082867,0.0,-2.973653,8.28667,-5.609327,26.411053,-19.530746,34.62727,28.499916,-40.36593,-55.8251,-8.317152,7.6595054,-12.210748,-10.443984,-24.256721,-12.425695,-63.942356,-31.014723,-12.649524,-0.57392836
96,-8.154598236083984,2.409419536590576,65.86067962646484,1.8722188690317174,2.540220695160567,-109.30841260198743,7.900881,4.950038,13.317051,6.5928907,-7.466201,0.0,-24.452837,-19.532955,-5.007811,22.56401,-12.611435,0.0,-2.9058015,8.81565,-6.274292,26.426723,-20.008394,34.443283,28.722672,-35.760952,-54.961544,-4.997668,6.976504,-12.210748,-10.746673,-24.303898,-10.929017,-62.57989,-28.175814,-12.013682,-1.8305854
97,-8.630696296691895,2.484466075897217,65.7917251586914,2.1809721561265967,2.5449806995341016,-108.72456756461024,7.69907,5.2115536,12.686726,6.619318,-6.862558,0.0,-25.146328,-20.416597,-5.8829255,25.167475,-12.898638,0.0,-2.8629334,9.121964,-6.6627984,25.919107,-20.369268,33.80319,29.125032,-30.832668,-53.970764,-1.4062519,6.269389,-12.210748,-10.575205,-24.401434,-9.338913,-60.939545,-25.334253,-11.001957,-2.5103922
98,-9.148714065551758,2.5541746616363525,65.80281829833984,2.4294880296840025,2.7091417933958764,-107.6334555188295,7.10352,5.663852,11.7366905,6.743166,-5.921935,0.0,-25.342773,-21.369064,-7.509322,27.327967,-13.139535,0.0,-2.8470476,9.292182,-6.914714,24.962055,-20.730593,32.759228,29.71936,-25.675468,-52.78883,2.6027615,5.4490843,-12.210748,-10.001963,-24.535412,-7.70941,-59.00335,-22.348001,-9.65571,-2.7218518
99,-9.70492935180664,2.633314847946167,65.87545013427734,2.642985918046363,2.9193798645179254,-106.2430445476514,6.2613077,6.2307324,10.629184,6.9430385,-4.613336,0.0,-25.17194,-22.25172,-9.281124,29.123713,-13.231147,0.0,-2.7957647,9.442581,-7.05888,23.647175,-20.991325,31.731472,30.635408,-20.205149,-51.857456,6.8284464,4.2656536,-12.210748,-9.108251,-24.701982,-5.845096,-57.052578,-19.5824,-8.116185,-2.375179
100,-10.292917251586914,2.7339470386505127,66.00086975097656,2.8433089173949524,3.06707031283304,-104.76223752053838,5.3152127,6.83628,9.524127,7.202812,-2.9214172,0.0,-24.79395,-22.923904,-10.571493,30.618322,-13.065086,0.0,-2.6420364,9.683202,-7.12015,22.177717,-21.048792,31.482286,31.803852,-14.314855,-52.313507,11.032429,3.1098704,-12.210748,-7.899455,-24.873505,-3.57507,-55.482838,-17.398037,-6.4850707,-1.4768698
101,-10.901026725769043,2.8533406257629395,66.15504455566406,2.9899052395466734,3.1253750098540487,-103.16795731806153,4.0610023,7.5553765,8.413686,7.9917274,-0.968624,0.0,-24.269375,-23.365257,-11.261339,31.962805,-12.673313,0.0,-2.3709996,10.043429,-7.0436416,20.500126,-20.872583,30.502588,32.99809,-8.8748255,-52.26526,15.992356,1.3863478,-12.210748,-6.406293,-25.055256,-1.1499742,-54.066837,-15.7244005,-4.67423,0.48630092
102,-11.536499977111816,2.9991307258605957,66.32251739501953,3.0701349631122885,3.155246079701546,-101.3713187160307,2.5203655,8.391251,7.2228556,9.100365,1.3127159,0.0,-23.59566,-23.636093,-11.64944,33.22136,-12.165702,0.0,-2.0149505,10.459644,-6.821604,18.56311,-20.548407,29.703669,34.391224,-3.2603662,-52.553932,21.71918,-0.6440402,-12.210748,-4.6162615,-25.288492,1.5388418,-52.72064,-14.430033,-2.6532853,3.1557486
103,-12.196056365966797,3.1583149433135986,66.47089385986328,3.098197417200959,3.1695731007879204,-99.47348772728117,-0.8012229,9.436261,5.7202168,13.699204,2.0127194,0.0,-22.898748,-23.715693,-11.728507,34.442635,-11.592835,0.0,-1.5725299,10.921397,-6.488541,16.472294,-20.156717,27.793528,35.40647,1.1262184,-52.022575,27.657276,-3.150776,-12.210748,-2.4983609,-25.507298,4.287485,-51.708748,-13.1382675,-0.7040338,6.1555514
104,-12.883392333984375,3.327237129211426,66.59770965576172,3.125304556933899,3.179647233553547,-97.58302584945612,-4.3306904,10.368995,4.115457,18.448124,2.676445,0.0,-22.250183,-23.603497,-11.494841,35.56616,-10.959164,0.0,-1.0425978,11.417288,-6.1251483,14.33248,-19.765432,25.055668,35.963852,4.3510485,-51.33138,32.897923,-5.7382493,-12.210748,-0.010899834,-25.675776,7.0560813,-51.35591,-11.589306,0.8830116,9.034877
105,-13.587080001831055,3.4991395473480225,66.7041015625,3.1535469053425387,3.180554743068736,-95.69432998696298,-7.7620325,11.115623,2.1455598,22.576757,4.0909743,0.0,-21.778318,-23.221132,-10.565081,36.7276,-10.142577,0.0,-0.39140463,11.956986,-5.713323,12.1137295,-19.320866,22.01382,36.32901,7.40214,-51.435234,37.009346,-7.703039,-12.210748,2.764507,-25.87617,10.571891,-51.62954,-10.129344,1.9582305,11.443265
106,-14.312431335449219,3.666579008102417,66.78234100341797,3.171003981208202,3.1691015911160756,-93.76403938455856,-11.195805,11.688085,-0.08038203,26.33953,6.10834,0.0,-21.39104,-22.599878,-9.059923,37.88353,-9.176456,0.0,0.37158224,12.537603,-5.2275915,9.778365,-18.826479,18.306696,36.456055,10.219621,-51.812225,40.213764,-9.306087,-12.210748,5.7475305,-26.116028,14.546574,-52.24344,-8.636996,2.6791658,13.756173
107,-15.061070442199707,3.8336758613586426,66.82170867919922,3.211838051339401,3.1554957093895983,-91.84125988965349,-14.328945,12.166901,-1.8717818,29.406538,8.059487,0.0,-20.841307,-21.923384,-7.7442074,38.72961,-8.368664,0.0,1.1612037,13.130081,-4.7663393,7.4226155,-18.399214,14.281016,36.352394,12.807816,-52.494274,42.453453,-10.601282,-12.210748,8.653843,-26.382494,18.719059,-53.037357,-7.056401,3.1801157,15.911165
108,-15.834047317504883,3.9974000453948975,66.81049346923828,3.3100052347607467,3.148017349677488,-89.97324344013411,-16.9755,12.73338,-2.6076312,31.65703,9.194989,0.0,-19.9131,-21.422245,-7.4106402,39.000576,-8.058452,0.0,1.8808169,13.709814,-4.4353027,5.1508994,-18.13041,10.670605,35.854782,15.636399,-54.015648,43.41366,-11.391419,-12.210748,11.006181,-26.725193,23.502718,-53.803474,-5.836829,3.5958571,17.522457
109,-16.647563934326172,4.159235000610352,66.74849700927734,3.472813308188342,3.1457958309818768,-88.1614198259928,-19.237352,13.609245,-1.966006,33.44586,9.082118,0.0,-18.373585,-21.171118,-8.591599,38.37237,-8.203147,0.0,2.559961,14.272231,-4.245501,2.9281387,-17.974207,7.5831914,34.306107,18.790379,-56.82092,42.53965,-11.768029,-12.210748,13.36509,-27.04069,28.200344,-55.109478,-4.2395144,3.9074242,18.916576
110,-17.48242950439453,4.297846794128418,66.62909698486328,3.6846324968094044,3.1395181414826347,-86.38700636034926,-21.235443,14.736805,-0.3602485,34.92318,8.025199,0.0,-16.396793,-20.996613,-10.696505,37.04791,-8.631355,0.0,3.2366116,14.835267,-4.163784,0.7116732,-17.867218,3.7690446,33.061356,21.002872,-59.41088,41.18786,-11.916459,-12.210748,15.865381,-27.234886,32.674503,-56.86934,-2.0782053,4.0363655,20.25922
111,-18.319684982299805,4.419378757476807,66.4546127319336,3.941201112345906,3.128507166278593,-84.66401109656383,-22.846556,15.877435,1.754406,35.71179,6.400508,0.0,-14.377242,-20.779272,-12.851423,35.524696,-9.4582815,0.0,3.8273923,15.41512,-4.183561,-1.3930725,-17.870026,-0.12445452,31.938988,22.909018,-61.999714,39.47986,-11.899707,-12.210748,18.15482,-27.389452,36.94034,-58.623894,0.047407962,4.100486,21.53159
112,-19.135730743408203,4.5280938148498535,66.24835968017578,4.238591962994395,3.112718586399993,-83.0020788164794,-24.005304,16.7634,3.9104218,35.49962,4.601838,0.0,-12.717074,-20.51398,-14.303993,34.353123,-10.866652,0.0,4.2545757,16.02764,-4.3008265,-3.28696,-18.051271,-3.7962852,30.981836,24.616796,-64.38754,37.86776,-11.936323,-12.210748,20.088812,-27.484566,40.60002,-60.085197,1.8002254,4.241063,22.882061
113,-19.935728073120117,4.627415657043457,66.01997375488281,4.603129133258002,3.074616453939993,-81.3708754708724,-24.585802,17.35507,6.3513703,34.014885,2.4718351,0.0,-11.455658,-20.26809,-14.927192,33.58366,-12.92899,0.0,4.4743285,16.689638,-4.5592527,-4.9455595,-18.44147,-7.2520895,30.156479,26.085085,-66.61348,36.237625,-12.02557,-12.210748,21.668058,-27.49347,43.657852,-61.404755,3.0205023,4.5253015,24.30408
114,-20.71457862854004,4.714715003967285,65.75837707519531,5.030907421824364,3.0171711286719605,-79.77457824183273,-24.66961,17.75639,9.312558,31.523907,-0.09971351,0.0,-10.376209,-20.081484,-15.267534,32.916615,-15.2482395,0.0,4.5290804,17.389935,-4.956828,-6.417425,-18.985088,-10.579451,29.393505,27.31525,-68.79038,34.434006,-12.086741,-12.210748,23.041641,-27.42569,46.32878,-62.8218,3.8696504,4.902009,25.702293
115,-21.46953582763672,4.805605888366699,65.4521255493164,5.472359715490888,2.9745274885953656,-78.2715087631628,-24.593834,17.94147,12.18894,28.589945,-2.6392677,0.0,-9.515532,-19.967535,-15.642037,32.45547,-17.443026,0.0,4.471099,18.100584,-5.418806,-7.7115,-19.638084,-13.829814,28.71063,28.372677,-70.65572,32.748455,-12.179606,-12.210748,24.281637,-27.31244,48.526173,-64.224655,4.4585032,5.3461876,27.08454
116,-22.203550338745117,4.893683433532715,65.12126159667969,5.8760966776671335,2.9845868317015602,-76.91893558457038,-24.73206,17.937626,14.291708,25.834879,-4.7110376,0.0,-8.9232855,-19.901468,-16.244196,32.3246,-19.314922,0.0,4.356795,18.793953,-5.8644586,-8.838044,-20.360952,-16.903463,28.120848,29.373877,-72.07217,31.50276,-12.353693,-12.210748,25.436056,-27.184044,50.15112,-65.48189,4.8901305,5.827247,28.464455
117,-22.923667907714844,4.989650249481201,64.76676940917969,6.242175380330233,3.069265690438036,-75.65998249732993,-25.185726,17.66858,15.402445,23.150732,-6.203471,0.0,-8.55673,-19.836227,-17.102703,32.52254,-21.01989,0.0,4.177216,19.450716,-6.282722,-9.829674,-21.15417,-19.804617,27.601093,30.254953,-73.02696,30.743237,-12.604808,-12.210748,26.55908,-27.025513,51.034676,-66.662834,5.100769,6.401529,29.95435
118,-23.639171600341797,5.1017537117004395,64.4162826538086,6.59636554978794,3.20764695653468,-74.48472277317103,-25.829454,17.236341,15.826292,20.437647,-7.426187,0.0,-8.421603,-19.771051,-18.039852,33.023483,-22.682602,0.0,3.907949,20.088564,-6.716483,-10.66661,-22.038977,-22.574871,27.125704,30.982775,-73.58577,30.295326,-12.906486,-12.210748,27.594,-26.828508,51.302296,-67.86053,5.0393457,7.0768046,31.499153
119,-24.326053619384766,5.244116306304932,64.10415649414062,6.9217302857212095,3.3772174412702523,-73.52173655788813,-26.65782,16.9062,15.638733,18.264061,-8.544046,0.0,-8.651527,-19.72896,-18.81453,33.93147,-24.21433,0.0,3.58655,20.735521,-7.1584554,-11.282173,-23.009274,-25.155792,26.699303,31.713223,-73.75083,30.123974,-13.274195,-12.210748,28.413721,-26.628279,51.280823,-68.94664,4.821912,7.744591,32.872864
120,-24.98027992248535,5.421965599060059,63.815277099609375,7.195665201002691,3.5571762260856445,-72.90206691079459,-27.574308,16.839375,14.928838,16.971607,-9.600224,0.0,-9.372431,-19.741835,-19.20658,35.348316,-25.550688,0.0,3.2531424,21.420053,-7.5969014,-11.613159,-24.062828,-27.523008,26.335417,32.58607,-73.51079,30.16458,-13.719189,-12.210748,28.901632,-26.4596,51.28123,-69.781006,4.568882,8.29673,33.859005
121,-25.571664810180664,5.616846561431885,63.53511047363281,7.360689447534096,3.774073073035592,-72.73360123906922,-28.85443,17.108171,13.235015,16.983606,-10.758643,0.0,-10.850405,-19.828423,-19.065453,37.63776,-26.782766,0.0,2.9688237,22.164248,-7.976741,-11.585221,-25.311182,-29.641436,26.022938,33.66092,-72.890495,30.4768,-14.293857,-12.210748,28.977007,-26.3321,51.349873,-70.28703,4.221689,8.710364,34.380527
122,-26.12470054626465,5.825521469116211,63.28863525390625,7.469131101334156,4.0318261720805495,-72.91395031927593,-30.077635,17.398136,10.74396,17.163105,-11.492963,0.0,-12.897209,-19.963963,-18.535503,40.554432,-27.951893,0.0,2.676551,22.949867,-8.349242,-11.255035,-26.723743,-31.526793,25.747265,34.829205,-71.90116,31.045097,-14.9846525,-12.210748,28.715275,-26.22199,51.32727,-70.54598,3.732027,9.049621,34.565395
123,-26.652379989624023,6.033023357391357,63.044071197509766,7.556676501888526,4.279568009830532,-73.29827975403954,-31.24703,17.69087,8.183439,17.90362,-12.077246,0.0,-14.780469,-20.015476,-17.882864,43.018635,-28.774359,0.0,2.3179045,23.737814,-8.750598,-10.7613,-28.077278,-33.193783,25.522804,35.97082,-70.55676,31.712229,-15.693411,-12.210748,28.248568,-26.119204,51.20094,-70.64543,3.2479632,9.324606,34.511417
124,-27.17534828186035,6.247021675109863,62.824039459228516,7.639758742994614,4.466340617533834,-73.74876522461724,-32.083042,17.985601,6.373206,19.070784,-12.529052,0.0,-16.444948,-19.963213,-17.188532,45.100586,-29.488354,0.0,1.8499216,24.486584,-9.197565,-10.241307,-29.15063,-34.65304,25.337797,36.96792,-68.87094,32.31206,-16.335432,-12.210748,27.707275,-26.015623,50.959015,-70.67012,2.921474,9.544185,34.31669
125,-27.67752456665039,6.471569061279297,62.63796615600586,7.74969817146057,4.54964920781179,-74.24580057170877,-32.54018,18.33778,5.362885,20.798197,-12.813971,0.0,-17.802668,-19.833893,-16.46693,46.718723,-30.094398,0.0,1.2235038,25.22087,-9.75176,-9.685713,-29.91482,-35.86092,25.192944,37.862232,-66.83084,32.823174,-16.983042,-12.210748,27.073557,-25.914476,50.666656,-70.59658,2.7793067,9.687062,33.955276
126,-28.13442611694336,6.6782355308532715,62.45210266113281,7.796020448253527,4.570507522893548,-74.88955540087359,-33.087055,18.886864,4.628895,23.78547,-13.326079,0.0,-19.004467,-19.57834,-15.646897,48.067287,-30.587883,0.0,0.53422,25.944006,-10.314769,-9.05046,-30.000013,-36.812157,25.070742,38.648674,-64.4397,33.33445,-17.682182,-12.210748,26.297573,-25.819408,50.300877,-70.38603,2.7473743,9.75281,33.397774
127,-28.546194076538086,6.866566181182861,62.28520202636719,7.769492366428348,4.593074995186997,-75.65171085813017,-33.39837,19.583311,4.4132833,27.09758,-13.84071,0.0,-20.10402,-19.19505,-14.783675,49.147358,-30.92341,0.0,-0.17917046,26.58894,-10.8234625,-8.3976345,-30.000013,-37.51647,24.98211,39.11976,-61.79384,33.929924,-18.271626,-12.210748,25.457806,-25.718693,49.72548,-70.108635,2.8187149,9.795506,32.73356
128,-28.919145584106445,7.03285551071167,62.14078140258789,7.604018432307972,4.6821263686510814,-76.52892787001181,-33.48067,20.4743,4.882529,30.516443,-14.507957,0.0,-21.164087,-18.62598,-13.919369,49.984577,-31.08125,0.0,-0.82466877,27.092512,-11.150796,-7.791297,-30.000013,-38.09773,24.89678,39.097862,-58.940296,34.576344,-18.565796,-12.210748,24.632458,-25.60203,48.802536,-69.823166,2.9866302,9.865314,32.05433
129,-29.246673583984375,7.195420742034912,62.01896667480469,7.263270128710913,4.84352111302266,-77.5415021540926,-33.26786,21.72932,6.46457,34.16308,-15.510308,0.0,-22.201372,-17.842297,-13.05708,50.5688,-31.024927,0.0,-1.3427303,27.441786,-11.234972,-7.2611804,-30.000013,-38.560184,24.820986,38.640163,-55.8214,35.192764,-18.445044,-12.210748,23.851536,-25.461906,47.43874,-69.46572,3.311637,10.000688,31.385077
130,-29.541837692260742,7.370884895324707,61.91258239746094,6.785561443373072,5.039428324048201,-78.68760971977576,-32.79311,23.361845,8.931435,38.285175,-16.859783,0.0,-23.202385,-16.880083,-12.178851,50.92735,-30.784088,0.0,-1.7872431,27.675114,-11.145636,-6.763339,-30.000013,-38.900803,24.746864,37.79525,-52.454887,35.790966,-17.992538,-12.210748,23.066454,-25.303694,45.722782,-68.99091,3.776437,10.173389,30.689455
131,-29.810941696166992,7.55756950378418,61.810630798339844,6.2140260969909695,5.268360508682681,-79.93180936795254,-32.192234,25.139677,11.492142,42.79246,-18.39821,0.0,-24.188929,-15.796763,-11.289044,51.14764,-30.430635,0.0,-2.2322183,27.809387,-10.947411,-6.2529964,-30.000013,-39.130356,24.666826,36.361103,-49.106113,36.60589,-17.256792,-12.210748,22.232561,-25.136608,43.785606,-68.479004,4.256031,10.330321,29.961893
132,-30.064769744873047,7.7372283935546875,61.70090866088867,5.591461526021707,5.530810759507268,-81.23762853666989,-31.653967,26.775394,13.325156,47.54963,-19.899143,0.0,-25.173418,-14.645634,-10.394958,51.313683,-30.044746,0.0,-2.7541223,27.859861,-10.707174,-5.7073936,-29.464676,-39.27246,24.564203,34.180935,-46.03895,37.845047,-16.253801,-12.210748,21.30475,-24.97067,41.75693,-68.02367,4.625608,10.415362,29.185608
133,-30.277008056640625,7.905155181884766,61.57588195800781,4.92584113951055,5.8519317116888105,-82.64941519024521,-31.319601,28.245817,14.209351,52.734554,-21.35195,0.0,-26.20969,-13.434356,-9.433093,51.447033,-29.63331,0.0,-3.3656447,27.7756,-10.453446,-5.07711,-28.795578,-39.26325,24.435978,31.35029,-43.131596,39.82606,-14.949067,-12.210748,20.263805,-24.805346,39.585167,-67.57122,4.965532,10.432407,28.378403
134,-30.438026428222656,8.057082176208496,61.436866760253906,4.1908091265706116,6.216256859329108,-84.17138065053673,-31.078213,29.62229,14.520747,58.31857,-22.819927,0.0,-27.261345,-12.142623,-8.424294,51.50819,-29.170055,0.0,-4.029531,27.56877,-10.1454525,-4.392649,-28.013966,-39.049046,24.280283,28.036278,-40.46206,42.35607,-13.187126,-12.210748,19.11652,-24.636297,37.222054,-67.052315,5.3174376,10.403674,27.544683
135,-30.556020736694336,8.198583602905273,61.2884407043457,3.380866082789808,6.566412019559314,-85.70383387882829,-30.817717,30.710875,14.343738,63.861507,-24.134954,0.0,-28.23034,-10.803767,-7.487921,51.49356,-28.668512,0.0,-4.7494593,27.350779,-9.749226,-3.7116647,-27.183544,-38.587467,24.084352,24.200935,-38.59882,44.92063,-10.882699,-12.210748,17.85915,-24.470934,34.79617,-66.55712,5.5012846,10.2981415,26.630548
136,-30.631149291992188,8.329383850097656,61.138267517089844,2.4953722918948005,6.8477734324672,-87.14441962405375,-30.423847,31.328321,13.827346,68.94268,-25.13135,0.0,-29.02082,-9.4628935,-6.7344866,51.39435,-28.142551,0.0,-5.5285296,27.234766,-9.232188,-3.0914502,-26.362236,-37.732296,23.85593,19.680601,-38.117954,47.157433,-8.123712,-12.210748,16.499249,-24.318386,32.43048,-66.19377,5.3355136,10.083304,25.573917
137,-30.673667907714844,8.453665733337402,60.97939682006836,1.5346409674850867,7.028567965615998,-88.47670332834643,-29.948227,31.313356,12.805868,73.57072,-25.709122,0.0,-29.622915,-8.1348295,-6.190208,51.24422,-27.597801,0.0,-6.3822412,27.260126,-8.583661,-2.5708334,-25.531292,-36.36296,23.614973,14.325138,-39.08145,49.146046,-4.816333,-12.210748,15.03336,-24.183245,30.07826,-65.98256,4.862282,9.683643,24.296986
138,-30.700790405273438,8.567723274230957,60.82002639770508,0.5060515346183955,7.141994063265658,-89.74751797464121,-29.451197,30.741436,11.353712,77.967415,-25.939404,0.0,-30.088037,-6.797407,-5.791801,51.022903,-27.02233,0.0,-7.3022404,27.371483,-7.8206463,-2.113086,-24.666174,-34.25596,23.442215,8.242478,-41.38874,51.30515,-1.2807217,-12.210748,13.45541,-24.069813,27.69549,-65.850174,4.1647453,9.132894,22.832937
139,-30.716442108154297,8.656655311584473,60.657466888427734,-0.5793728184896983,7.233357352307154,-90.95059909337012,-28.802155,29.837303,10.026429,82.01346,-25.923409,0.0,-30.451109,-5.449072,-5.5009446,50.72338,-26.450174,0.0,-8.26105,27.541298,-6.955877,-1.6535214,-23.813904,-31.565334,23.374363,2.1655862,-44.88834,52.788105,1.8895468,-12.210748,11.762711,-23.990358,25.496067,-65.79571,3.0627985,8.569098,21.219376
140,-30.718793869018555,8.722845077514648,60.5030403137207,-1.7156361180554316,7.348877069763763,-92.08226094891648,-27.885788,28.865044,9.331204,85.575226,-25.773441,0.0,-30.737585,-4.0860324,-5.28276,50.30153,-25.885183,0.0,-9.219119,27.741365,-5.990978,-1.1333152,-23.022558,-28.679266,23.491648,-3.971061,-49.155605,53.05221,3.88707,-12.210748,10.024923,-23.927279,23.480463,-65.84539,1.4985322,8.07952,19.645401
141,-30.70206069946289,8.75875473022461,60.34785461425781,-2.9270148346122693,7.486897817867716,-93.09718430109572,-26.67674,27.868998,9.322686,88.62313,-25.463907,0.0,-30.912714,-2.7097056,-5.18221,49.74378,-25.354338,0.0,-10.207884,27.988646,-4.890507,-0.5300099,-22.31148,-26.05937,23.836672,-10.627138,-53.802402,51.239544,4.7156253,-12.210748,8.266432,-23.882416,21.600615,-66.06579,-0.6873345,7.6600847,18.119482
142,-30.675289154052734,8.773136138916016,60.180728912353516,-4.186956050320674,7.725401781971325,-94.02121097059174,-25.334364,26.729929,9.79305,91.210884,-24.95162,0.0,-31.108788,-1.3423204,-5.1785073,49.126682,-24.871683,0.0,-11.226199,27.999987,-3.6679053,0.113530934,-21.541004,-24.485273,24.424755,-18.286634,-57.82341,47.723427,4.85677,-12.210748,6.6141634,-23.849,19.694386,-66.47115,-3.297971,7.2008348,16.714859
143,-30.629114151000977,8.773764610290527,60.00611114501953,-5.463868316456603,7.996831145379757,-94.94649218753614,-23.83335,25.513008,10.7555685,93.33831,-24.330072,0.0,-31.325169,0.018800868,-5.163469,48.48783,-24.403347,0.0,-12.192381,27.999987,-2.3914592,0.779747,-20.77261,-24.590548,25.208591,-26.673037,-60.629025,43.788662,4.6035285,-12.210748,5.037094,-23.819103,17.73009,-67.019684,-6.0198765,6.687479,15.565705
144,-30.576515197753906,8.770273208618164,59.81722640991211,-6.714588945245739,8.300961386901413,-95.96520173805457,-22.211977,24.251621,12.208905,94.982254,-23.675985,0.0,-31.647163,1.375,-5.0341167,47.91145,-23.942785,0.0,-13.047348,27.999987,-1.1279263,1.472775,-20.024525,-25.393478,25.905594,-33.943798,-63.225937,39.73926,4.62416,-12.210748,3.4743977,-23.797565,16.032585,-67.6675,-8.705706,6.16007,14.523961
145,-30.524757385253906,8.742087364196777,59.62592315673828,-7.962782553371188,8.648515940315358,-97.11629990405577,-20.413153,22.969288,14.256212,96.10594,-23.001009,0.0,-32.061565,2.7667542,-4.7595515,47.349705,-23.469479,0.0,-13.7982235,27.999987,0.124710694,2.2274234,-19.29104,-26.45927,26.501116,-40.303738,-66.231384,35.486473,4.442145,-12.210748,1.890845,-23.773317,14.533965,-68.41562,-11.378373,5.622735,13.7442
146,-30.45526695251465,8.717545509338379,59.42667770385742,-9.228518046396287,9.029543742347172,-98.34713198303622,-18.478458,21.60124,16.788538,96.72605,-22.242146,0.0,-32.546818,4.178749,-4.4054265,46.790897,-22.983011,0.0,-14.46701,27.999987,1.4028118,3.0406003,-18.568594,-27.498034,27.018354,-46.157803,-69.95494,30.796959,4.076558,-12.210748,0.29163745,-23.747408,13.201831,-69.29555,-14.166154,5.0819993,13.168072
147,-30.394189834594727,8.691595077514648,59.224449157714844,-10.466650608572214,9.415168357874807,-99.60945814359738,-16.5912,20.057354,19.488138,96.90533,-21.377157,0.0,-33.075706,5.5622044,-4.0227733,46.27879,-22.515633,0.0,-14.989042,27.999987,2.6953251,3.8199718,-17.852512,-28.534338,27.486876,-51.820526,-73.92647,26.905315,3.5948079,-12.210748,-1.2499728,-23.71435,11.897302,-70.24509,-16.815096,4.5269165,12.748242
148,-30.32455062866211,8.668455123901367,59.02084732055664,-11.629647263124113,9.781177625116637,-100.85358034868669,-14.922403,18.279213,22.063509,96.70254,-20.391567,0.0,-33.637463,6.847008,-3.6525767,45.8637,-22.092587,0.0,-15.314432,27.999987,3.9854736,4.479207,-17.142527,-29.225786,27.832222,-56.78692,-77.83899,24.363506,3.267299,-12.210748,-2.6064827,-23.679325,10.610438,-71.34678,-19.122576,3.9929757,12.278516
149,-30.247167587280273,8.648643493652344,58.80870819091797,-12.723177157243642,10.145885643680687,-102.10041462703197,-13.49498,16.230463,24.530092,96.05259,-19.30607,0.0,-34.26837,8.040593,-3.298251,45.5698,-21.718813,0.0,-15.41137,27.999987,5.291327,5.000456,-16.422445,-29.729496,28.05021,-61.11073,-81.577644,23.873417,2.9521937,-12.210748,-3.7999892,-23.627815,9.249504,-72.59714,-20.959318,3.482158,11.810778
150,-30.1666202545166,8.634692192077637,58.59246063232422,-13.770832276210632,10.515658169175028,-103.36370948328164,-12.238278,13.955223,26.989658,94.94138,-18.115992,0.0,-34.962086,9.176097,-2.9471402,45.358418,-21.375166,0.0,-15.326732,27.999987,6.615075,5.436317,-15.702127,-29.855787,28.125195,-64.44311,-85.56363,24.476406,2.7724912,-12.210748,-4.90297,-23.579298,8.021994,-73.99577,-22.539951,2.9674022,11.249898
151,-30.075191497802734,8.615278244018555,58.37712860107422,-14.750138924239474,10.85244300926534,-104.57958750142063,-11.151586,11.555849,29.314138,93.49706,-16.773169,0.0,-35.649105,10.222999,-2.614815,45.2159,-21.075361,0.0,-15.104379,27.999987,7.920553,5.7794604,-15.0159445,-29.869465,28.159985,-67.2298,-89.55911,25.443405,2.6814826,-12.210748,-5.8603845,-23.530628,6.845508,-75.47787,-23.949438,2.4588444,10.660727
152,-29.989120483398438,8.60579776763916,58.16559600830078,-15.635031463071506,11.121896569862754,-105.68246895655246,-10.212767,9.141852,31.399242,91.84393,-15.2297,0.0,-36.281937,11.161914,-2.3239052,45.143417,-20.827148,0.0,-14.791672,27.999987,9.171205,6.0244937,-14.399341,-29.771255,28.181269,-69.58472,-93.3731,25.855696,2.7060552,-12.210748,-6.6266084,-23.48899,5.7499804,-76.98637,-25.322462,1.9409411,10.031966
153,-29.92500877380371,8.601405143737793,57.96453857421875,-16.404714637730113,11.324012256526423,-106.69610009526632,-9.3955765,6.6198215,33.293594,89.801895,-13.341773,0.0,-36.86123,11.99577,-2.0454593,45.14755,-20.630297,0.0,-14.352311,27.999987,10.366658,6.149623,-13.840798,-29.536982,28.199429,-71.39324,-97.028564,25.526293,2.842276,-12.210748,-7.1520576,-23.453302,4.7399044,-78.59774,-26.721163,1.3852634,9.271579
154,-29.856815338134766,8.600510597229004,57.780094146728516,-17.0726206277728,11.479012310982561,-107.63960035726514,-8.683734,3.970786,35.05591,87.34594,-11.1852045,0.0,-37.396168,12.72799,-1.7695538,45.197025,-20.461863,0.0,-13.782258,27.999987,11.517072,6.1625113,-13.329716,-29.156382,28.220055,-72.60242,-100.64572,24.94077,3.0415065,-12.210748,-7.467347,-23.416388,3.8222158,-80.336876,-28.08265,0.797628,8.401947
155,-29.795698165893555,8.595337867736816,57.61914825439453,-17.658345461776946,11.58652087488254,-108.43900741231262,-8.046666,1.417374,36.613895,84.840675,-9.038385,0.0,-37.832195,13.363971,-1.548844,45.240147,-20.318958,0.0,-13.1749115,27.999987,12.601023,6.099145,-12.898826,-28.624136,28.245768,-73.43326,-104.10587,24.21492,3.2214148,-12.210748,-7.6412525,-23.37761,3.0381274,-82.073654,-29.354498,0.21482809,7.5866075
156,-29.74001121520996,8.578990936279297,57.48291015625,-18.111747218635475,11.66216902891973,-108.97605017953424,-7.453112,-0.86707234,37.875053,82.64018,-7.1175017,0.0,-38.169796,13.499973,-1.7532731,45.33877,-20.228611,0.0,-12.621982,27.999987,13.59899,5.9934382,-12.577377,-27.945135,28.276093,-74.111496,-107.2801,23.458271,3.3085065,-12.210748,-7.7462864,-23.336922,2.4210644,-83.668655,-30.487593,-0.3161403,6.99699
157,-29.710445404052734,8.566871643066406,57.37786102294922,-18.489968310229354,11.679982821686318,-109.31023172685671,-6.8256454,-2.8326802,38.909046,80.71461,-5.418359,0.0,-38.371258,13.499973,-2.0887706,45.416092,-20.155237,0.0,-12.115043,27.999987,14.511398,5.8411098,-12.358879,-27.123116,28.30939,-74.67656,-110.240234,22.591793,3.2523637,-12.210748,-7.7953525,-23.292202,1.9767839,-85.12031,-31.541945,-0.79429615,6.7427306
158,-29.724506378173828,8.55413818359375,57.30949020385742,-18.803715425674163,11.64473573305985,-109.48107138904803,-6.1678143,-4.559084,39.752834,78.926094,-3.841789,0.0,-38.433468,13.499973,-2.43011,45.447895,-20.095503,0.0,-11.61578,27.999987,15.346386,5.6261144,-12.231804,-26.176937,28.339048,-75.00892,-113.02566,21.589293,3.0891087,-12.210748,-7.7540846,-23.245863,1.6924635,-86.49244,-32.529648,-1.2348536,6.711289
159,-29.797454833984375,8.547575950622559,57.27707290649414,-19.04311594967652,11.597074104829046,-109.41238759253129,-5.546342,-5.948014,40.300674,77.530754,-2.5500517,0.0,-38.368748,13.499973,-2.8403912,45.431175,-20.071352,0.0,-11.19754,27.999987,16.07088,5.3666577,-12.215307,-25.111721,28.371881,-75.1162,-115.46192,20.631126,2.8746002,-12.210748,-7.631808,-23.198156,1.5284508,-87.72269,-33.32364,-1.5942515,6.786127
160,-29.920621871948242,8.544107437133789,57.2860107421875,-19.22778481669026,11.574523337220068,-109.04690566276781,-5.034373,-6.8646345,40.462334,76.80465,-1.7310971,0.0,-38.167175,13.499973,-3.3508394,45.309273,-20.077145,0.0,-10.89023,27.999987,16.690823,5.072182,-12.323039,-23.903408,28.414972,-74.972725,-117.40443,19.921225,2.699506,-12.210748,-7.4197717,-23.151184,1.466138,-88.76837,-33.796825,-1.8362141,6.825841
161,-30.085966110229492,8.531454086303711,57.35196304321289,-19.385877916647114,11.588677077326322,-108.35794484949591,-4.6842365,-7.2164183,40.148758,76.93011,-1.5014696,0.0,-37.78528,13.499973,-3.9752083,44.998764,-20.087004,0.0,-10.703245,27.999987,17.23009,4.729698,-12.54351,-22.603455,28.457062,-74.605515,-118.791985,19.682547,2.5679755,-12.210748,-7.131537,-23.108816,1.5234513,-89.598526,-33.941795,-1.9340343,6.851712
162,-30.278608322143555,8.535032272338867,57.45800018310547,-19.507961554010063,11.620282728891226,-107.3864821796509,-4.450737,-7.0775495,39.440613,77.73054,-1.7441486,0.0,-37.253693,13.499973,-4.6897526,44.537594,-20.089756,0.0,-10.6061125,27.999987,17.69059,4.309355,-12.878637,-21.071064,28.508484,-73.95602,-119.78104,19.687582,2.4676585,-12.210748,-6.736581,-23.063103,1.7204483,-90.28038,-33.81461,-1.9147062,6.89672
163,-30.488534927368164,8.547414779663086,57.60740661621094,-19.574199232229955,11.656457048176357,-106.18593560515197,-4.2660184,-6.554743,38.50608,78.95527,-2.3244336,0.0,-36.5658,13.499973,-5.4414463,43.90294,-20.059635,0.0,-10.536627,27.999987,18.076279,3.9003665,-13.326471,-19.388952,28.57195,-73.0124,-120.386024,19.786535,2.416632,-12.210748,-6.2454596,-23.021557,2.0185108,-90.81188,-33.41998,-1.8118504,6.8962264
164,-30.724102020263672,8.564467430114746,57.79340744018555,-19.56449197000006,11.682347235496517,-104.80802701583592,-4.059438,-5.753584,37.51335,80.35409,-3.1024985,0.0,-35.731537,13.499973,-6.193669,43.106686,-19.988386,0.0,-10.433876,27.999987,18.390047,3.5828502,-13.895878,-17.592438,28.649384,-71.75692,-120.63064,19.782417,2.4344456,-12.210748,-5.6650023,-22.991692,2.3564427,-91.18878,-32.76063,-1.6490879,6.8049865
165,-30.985774993896484,8.574371337890625,58.02991485595703,-19.46937963757095,11.697393310688115,-103.2099205539057,-3.8293235,-4.6208487,36.424435,82.03105,-4.1166754,0.0,-34.708202,13.499973,-6.9791203,42.091946,-19.865961,0.0,-10.322864,27.999987,18.614132,3.3340406,-14.633268,-15.613202,28.74072,-70.135,-120.41248,19.75116,2.5054202,-12.210748,-5.005778,-22.97574,2.695612,-91.3841,-31.792107,-1.3781996,6.6548266
166,-31.253957748413086,8.58268928527832,58.30727767944336,-19.255543558673853,11.853801784737524,-101.41927101672015,-3.77928,-3.1860738,35.156364,84.02747,-5.388545,0.0,-33.645798,13.499973,-7.7996273,40.84931,-19.69607,0.0,-10.269519,27.515848,18.708834,3.0718355,-15.397622,-13.351667,28.84346,-68.20373,-119.79113,19.768757,2.6367528,-12.210748,-4.146089,-22.970829,3.0446265,-91.3441,-30.533201,-0.99847627,6.499259
167,-31.509675979614258,8.593206405639648,58.617408752441406,-18.867385942769136,12.069703284192034,-99.4653863762588,-3.8180985,-1.6444687,33.819447,86.03558,-6.7739263,0.0,-32.606667,13.121175,-8.911752,39.658974,-19.550777,0.0,-10.203541,26.800053,18.71054,2.8745446,-16.146381,-11.019163,28.955147,-66.06002,-118.98697,19.5855,2.8619685,-12.210748,-3.1278028,-22.97649,3.4104412,-91.134544,-29.080116,-0.5884578,6.308127
168,-31.749004364013672,8.594001770019531,58.962894439697266,-18.293876071674845,12.267799006690028,-97.41040827413129,-3.858655,-0.14069732,32.543922,87.77714,-8.152916,0.0,-31.554577,12.384188,-10.244924,38.573647,-19.436935,0.0,-10.094932,26.049366,18.61678,2.8779173,-16.88537,-8.797719,29.076616,-63.755367,-118.25255,18.97983,3.2527418,-12.210748,-2.028515,-22.99385,3.831726,-90.7723,-27.525337,-0.23310767,6.0334344
169,-32.008445739746094,8.574254989624023,59.35429382324219,-17.562716955048476,12.42508303239166,-95.2731139929216,-3.8658817,1.4198477,31.367802,89.310295,-9.569945,0.0,-30.376503,11.566063,-11.584247,37.37315,-19.28801,0.0,-9.929505,25.24894,18.411282,3.0987942,-17.624447,-6.6783686,29.207676,-61.2795,-117.60506,17.385191,3.9854746,-12.210748,-0.8383536,-23.025324,4.2857676,-90.247284,-25.70735,0.06955331,5.633863
170,-32.25444412231445,8.546481132507324,59.78654479980469,-16.68921660762607,12.541460850840748,-93.01869296618054,-3.8632388,3.1031506,30.238356,90.75565,-11.0657015,0.0,-29.07803,10.6578245,-12.9715185,36.051258,-19.099106,0.0,-9.723373,24.3923,18.099499,3.4906402,-18.387045,-4.599973,29.344418,-58.60614,-117.00492,15.0567465,5.0496063,-12.210748,0.43083423,-23.071062,4.7606053,-89.5357,-23.63019,0.3617711,5.1408844
171,-32.48567199707031,8.495702743530273,60.248817443847656,-15.71993297426309,12.615300013633812,-90.6863373675636,-3.8789377,4.79775,29.166754,91.95899,-12.575002,0.0,-27.66348,9.708593,-14.4028225,34.596607,-18.843721,0.0,-9.493568,23.520544,17.710037,4.0408907,-19.118439,-2.6203873,29.479624,-55.838276,-116.5311,13.029621,6.137419,-12.210748,1.7555811,-23.129433,5.305796,-88.661285,-21.624481,0.61185884,4.588488
172,-32.70272445678711,8.440585136413574,60.730613708496094,-14.700614519537417,12.649209984260727,-88.31462382341697,-3.9440494,6.3952775,28.172531,92.77272,-14.017594,0.0,-26.16148,8.764108,-15.877238,33.004772,-18.47647,0.0,-9.2570305,22.673655,17.272188,4.738654,-19.758144,-0.82256126,29.602978,-53.097496,-116.117035,12.407737,6.812722,-12.210748,3.1209896,-23.20021,5.99212,-87.660934,-20.01309,0.78157336,3.9775422
173,-32.88913345336914,8.37696647644043,61.236351013183594,-13.62946381044213,12.631963685089142,-85.91919483255911,-4.0445604,7.9203153,27.281475,93.20033,-15.430313,0.0,-24.545845,7.830357,-17.367825,31.225351,-17.977486,0.0,-8.997062,21.848944,16.785229,5.639932,-20.285334,0.70916164,29.707977,-50.475018,-115.53742,13.710811,6.858864,-12.210748,4.557071,-23.291174,6.8660483,-86.51114,-18.895424,0.83046246,3.1221652
174,-33.05912780761719,8.311375617980957,61.76078414916992,-12.490952063843952,12.55607174977856,-83.47856610628872,-4.1684155,9.424028,26.488602,93.31945,-16.837076,0.0,-22.826302,6.900328,-18.899305,29.28521,-17.368555,0.0,-8.710951,21.03037,16.235224,6.7303786,-20.70805,1.9897947,29.789766,-47.968155,-114.747444,16.326616,6.4381347,-12.210748,6.0514994,-23.406893,7.8970394,-85.18935,-18.06503,0.7869176,2.0217514
175,-33.204490661621094,8.247936248779297,62.322818756103516,-11.307088714607639,12.433757641284883,-80.97342273297173,-4.356398,10.837357,25.75385,93.06953,-18.108587,0.0,-21.233673,5.8962307,-20.543814,27.596327,-16.793684,0.0,-8.427748,20.233463,15.637939,7.6337876,-20.920635,2.7283,29.81014,-45.98052,-113.59347,19.741089,5.491942,-12.210748,7.5342855,-23.50886,8.799095,-83.673904,-17.327625,0.7177518,1.2121216
176,-33.33273696899414,8.167119026184082,62.91361999511719,-10.097004079340088,12.277749271354294,-78.38283207143299,-4.6409326,12.078546,25.032745,92.42737,-19.165697,0.0,-19.654896,4.874708,-22.32779,25.981752,-16.16735,0.0,-8.210215,19.485846,14.999748,8.97044,-21.190086,3.9972684,29.80956,-43.22805,-113.11942,23.23169,4.549236,-12.210748,8.893915,-23.664762,10.12287,-82.14013,-16.724997,0.6897875,0.4203591
177,-33.428646087646484,8.104147911071777,63.51939010620117,-8.854590562297778,12.083086466897235,-75.6671726700207,-5.067302,13.137278,24.258688,91.38433,-19.985548,0.0,-18.072506,3.827165,-24.30494,24.440302,-15.471194,0.0,-8.05921,18.791588,14.333663,10.039525,-21.265162,5.009713,29.766287,-40.702744,-112.66539,27.133158,3.173888,-12.210748,10.140893,-23.808126,11.369704,-80.43999,-16.147972,0.6930362,0.31810525
178,-33.50364685058594,8.031253814697266,64.13358306884766,-7.57754857085482,11.834440226232907,-72.8496755475369,-5.604659,14.047001,23.455389,89.968666,-20.626017,0.0,-16.482578,2.753038,-26.43652,22.968853,-14.696549,0.0,-7.953444,18.1396,13.634139,11.089749,-21.212276,5.841477,29.669811,-38.315903,-112.25064,31.613974,1.4008301,-12.210748,11.303296,-23.946796,12.607891,-78.56427,-15.659111,0.71117854,0.6547933
179,-33.549407958984375,7.950379848480225,64.753662109375,-6.2891981218567565,11.533745549106374,-70.00196093720417,-6.174099,14.787651,22.70815,88.196465,-21.110521,0.0,-14.96437,1.6428216,-28.628605,21.70963,-13.902885,0.0,-7.868485,17.511566,12.894669,12.175675,-21.028278,6.7997756,29.488087,-35.725002,-112.18657,35.89061,-0.31287318,-12.210748,12.3860855,-24.106321,14.051263,-76.63887,-15.281853,0.76250786,1.0062063
180,-33.57693862915039,7.856698989868164,65.37283325195312,-5.0117974212352125,11.187828493512285,-67.19441030275868,-6.688474,15.341376,22.112478,86.07295,-21.46508,0.0,-13.590263,0.4748862,-30.779781,20.798332,-13.147276,0.0,-7.775247,16.888514,12.110272,13.114113,-20.734646,7.8438077,28.985498,-32.794067,-112.37802,39.194683,-1.5610816,-12.210748,13.445955,-24.315344,15.833247,-74.8222,-15.029914,0.8703016,1.0239618
181,-33.580841064453125,7.764009952545166,65.98200988769531,-3.7158540441711905,10.785097471109667,-64.40825782946112,-7.1428676,15.649708,21.627504,83.5308,-21.66947,0.0,-12.296799,-0.77599686,-32.933777,20.162823,-12.360497,0.0,-7.6704435,16.270512,11.25097,13.936081,-20.340765,8.517896,28.519838,-30.188328,-112.425316,41.617023,-2.9475665,-12.210748,14.599291,-24.440996,17.331406,-73.03905,-14.5587845,1.0533521,1.1479845
182,-33.5602912902832,7.680948257446289,66.57320404052734,-2.4051635027598888,10.322381225392622,-61.618972497579094,-7.5603137,15.741328,21.212921,80.58057,-21.725906,0.0,-11.06848,-2.123178,-35.10874,19.805079,-11.514877,0.0,-7.5726304,15.6685705,10.327307,14.692546,-19.84819,9.182454,28.01108,-27.377287,-112.64337,43.39316,-4.2244487,-12.210748,15.763789,-24.563875,18.937927,-71.27944,-14.073473,1.2825162,1.1792972
183,-33.522369384765625,7.593540191650391,67.14196014404297,-1.146877618706073,9.83012103643106,-58.88454601183642,-7.8986516,15.730049,20.979822,77.33922,-21.692488,0.0,-10.036461,-3.5862718,-37.143673,19.948755,-10.729473,0.0,-7.438418,15.070499,9.4031315,15.356368,-19.283855,9.751421,27.486032,-24.50775,-112.862946,44.975666,-5.4898076,-12.210748,16.90596,-24.67991,20.576675,-69.57049,-13.619828,1.6001472,1.3083411
184,-33.472328186035156,7.509227752685547,67.67813873291016,0.005785410184095049,9.347446188831281,-56.260167667165916,-8.122262,15.718831,21.055147,73.92002,-21.619793,0.0,-9.326295,-5.195714,-38.845314,20.795311,-10.132627,0.0,-7.2280445,14.4637375,8.531689,15.897859,-18.675816,10.158189,26.977768,-21.738665,-112.950066,46.79384,-6.841613,-12.210748,18.001083,-24.784176,22.173388,-67.95197,-13.247325,2.0500135,1.7245497
185,-33.39902877807617,7.421363830566406,68.18023681640625,1.0566862099370293,8.900604923212676,-53.767538940493914,-8.18454,15.727886,21.58445,70.2758,-21.524382,0.0,-8.979238,-6.999939,-40.17256,22.421406,-9.729938,0.0,-6.9178786,13.832993,7.7124176,16.307505,-18.00235,10.410446,26.489946,-19.08066,-112.8961,48.933918,-8.301072,-12.210748,19.05961,-24.87391,23.712023,-66.39846,-13.113792,2.6646028,2.428045
186,-33.32194137573242,7.339287757873535,68.64261627197266,2.040988977414794,8.475351273345835,-51.36707246134158,-8.116927,15.68714,22.477295,66.35861,-21.37577,0.0,-8.853418,-8.938142,-41.149532,24.516428,-9.355737,0.0,-6.535753,13.190621,6.9134226,16.595373,-17.26948,10.50675,26.015574,-16.447748,-112.72792,51.170185,-9.802659,-12.210748,20.106386,-24.951492,25.237839,-64.91699,-13.138412,3.4206955,3.3318348
187,-33.23008728027344,7.257532119750977,69.06099700927734,2.932842917864475,8.057157384327121,-49.02029076948845,-8.01421,15.588437,23.50706,62.294205,-21.149715,0.0,-8.799966,-10.816073,-41.65748,26.630325,-8.877401,0.0,-6.11566,12.566706,6.162486,16.759356,-16.542362,10.395421,25.568213,-13.860006,-112.405136,53.435658,-11.31091,-12.210748,21.143236,-25.018656,26.766071,-63.60068,-13.018288,4.2714887,4.5078425
188,-33.140262603759766,7.177855014801025,69.42717742919922,3.701591498426211,7.633030395810697,-46.69105481220365,-7.9718823,15.4408045,24.437872,58.21324,-20.82617,0.0,-8.726761,-12.449973,-41.570137,28.426813,-8.248025,0.0,-5.6922016,11.9899435,5.4909716,16.799496,-15.886322,10.0366955,25.15841,-11.331696,-111.9,55.658154,-12.78518,-12.210748,22.170942,-25.07553,28.310673,-62.540733,-12.456341,5.1551037,6.04549
189,-33.050689697265625,7.101029872894287,69.74224090576172,4.342365512557313,7.225268166809877,-44.38622403407307,-7.9768453,15.248043,25.326794,54.079163,-20.363724,0.0,-8.734,-13.840018,-40.71213,30.045952,-7.5904264,0.0,-5.252284,11.449761,4.9035115,16.723616,-15.308336,9.4246645,24.779888,-8.836563,-111.24869,57.83722,-14.181878,-12.210748,23.211393,-25.11487,29.885477,-61.78248,-11.228746,6.067815,8.107933
190,-32.95674514770508,7.024672031402588,69.9976577758789,4.8747444775823245,6.844805330904081,-42.11478927839359,-7.9931984,15.013581,26.25433,49.84303,-19.790577,0.0,-8.887405,-15.001647,-39.09874,31.589155,-6.9485745,0.0,-4.7875247,10.935346,4.3844376,16.526096,-14.7796335,8.56774,24.429956,-6.3343034,-110.43721,59.967003,-15.485363,-12.210748,24.280552,-25.137774,31.479763,-61.281963,-9.526597,6.985536,10.634514
191,-32.85422897338867,6.9496870040893555,70.194091796875,5.298733730827852,6.46298861460054,-39.84593980154302,-8.079946,14.764126,27.012796,45.620655,-19.184982,0.0,-9.072257,-15.817215,-36.915596,32.792442,-6.2562895,0.0,-4.3405666,10.4728775,3.9387205,16.19061,-14.313038,7.468559,24.120445,-3.8274772,-109.37936,61.972073,-16.701012,-12.210748,25.358778,-25.15668,33.06953,-60.98929,-7.6861277,7.8247614,13.378352
192,-32.758296966552734,6.880334854125977,70.33275604248047,5.61101779053257,6.050769437609534,-37.54940356628317,-8.285244,14.524283,27.393187,41.511974,-18.620884,0.0,-9.152003,-16.21151,-34.39751,33.426643,-5.482736,0.0,-3.953286,10.088256,3.5735552,15.702691,-13.9215355,6.1525426,23.86011,-1.3373538,-108.01453,63.78835,-17.852692,-12.210748,26.407177,-25.183962,34.632618,-60.842678,-6.0535994,8.5471735,16.079725
193,-32.670654296875,6.808917045593262,70.41836547851562,5.794742163703632,5.61360847446507,-35.192458628241184,-8.622827,14.287437,27.311085,37.46404,-18.077976,0.0,-9.108932,-16.099106,-31.309418,33.382935,-4.5939956,0.0,-3.6451628,9.785323,3.3070633,15.025698,-13.613306,4.6379085,23.643217,1.1635566,-106.35688,65.42584,-18.998888,-12.210748,27.427315,-25.218819,36.188248,-60.87377,-4.705027,9.170195,18.748205
194,-32.58551025390625,6.733449459075928,70.45106506347656,5.854615250614989,5.174977957654742,-32.79352389751224,-9.042046,14.047607,26.879648,33.406815,-17.512941,0.0,-8.950555,-15.549784,-27.660078,32.824272,-3.751299,0.0,-3.393063,9.549038,3.13428,14.181094,-13.381343,2.9421086,23.462948,3.6805706,-104.4614,66.88682,-20.105,-12.210748,28.433397,-25.255129,37.744297,-61.099384,-3.4634824,9.716056,21.496302
195,-32.49538803100586,6.652770042419434,70.4368896484375,5.818020589783089,4.731194085494225,-30.401117429250256,-9.49856,13.833269,26.189926,29.429678,-16.969543,0.0,-8.594611,-14.81197,-24.118822,31.97037,-3.2054317,0.0,-3.173013,9.3767185,3.0285099,13.242402,-13.214969,1.1176312,23.323126,6.139212,-102.368256,68.110664,-21.089746,-12.210748,29.394148,-25.295963,39.265465,-61.433376,-2.3089213,10.19249,24.213024
196,-32.416866302490234,6.576961517333984,70.37644958496094,5.711781781857664,4.276851207386928,-28.066893618581137,-9.965146,13.68081,25.341246,25.656452,-16.50515,0.0,-8.0306835,-14.171621,-21.393976,31.070726,-3.1423013,0.0,-2.9595103,9.266087,2.9630523,12.282786,-13.104242,-0.7720063,23.226316,8.456244,-100.1302,69.04569,-21.89092,-12.210748,30.277958,-25.343485,40.717434,-61.793297,-1.2282155,10.609693,26.787819
197,-32.321617126464844,6.513826370239258,70.27275085449219,5.519670908722063,3.8204670505660037,-25.79583597041382,-10.5023985,13.628626,24.176771,22.171614,-16.18859,0.0,-7.3031855,-13.731548,-19.785875,30.223906,-3.793375,0.0,-2.750759,9.222318,2.9573393,11.325107,-13.0753975,-2.6486883,23.170673,10.591137,-97.76107,69.84053,-22.653187,-12.210748,31.054762,-25.396378,42.121292,-62.154957,-0.27126083,10.98871,29.297712
198,-32.2176628112793,6.4573845863342285,70.12348175048828,5.2337193775787005,3.370887153993542,-23.5615865731934,-11.116634,13.665933,22.712933,18.927591,-15.989702,0.0,-6.4061193,-13.376256,-19.042692,29.234262,-4.9607005,0.0,-2.556429,9.244063,3.019862,10.330271,-13.123194,-4.49801,23.148668,12.547669,-95.31302,70.51291,-23.456623,-12.210748,31.748255,-25.452248,43.490826,-62.5705,0.5659515,11.335163,31.769745
199,-32.112060546875,6.394439220428467,69.9276123046875,4.895466231635917,2.9177046310429913,-21.369627644507673,-11.701043,13.743311,21.316933,15.838537,-15.801693,0.0,-5.3059316,-13.051709,-19.030355,27.941385,-6.132038,0.0,-2.3683355,9.319782,3.1035979,9.276971,-13.188462,-6.37567,23.153917,14.350332,-92.88859,70.78699,-24.099209,-12.210748,32.398277,-25.513985,44.78016,-63.064,1.3715543,11.633458,34.014652
200,-32.00352478027344,6.328983783721924,69.6879653930664,4.543584419530599,2.447498593084703,-19.225910291660774,-12.112885,13.791529,20.361519,12.733473,-15.477655,0.0,-3.9995203,-12.70708,-19.528933,26.254322,-6.785964,0.0,-2.168674,9.435525,3.1658638,8.159839,-13.20686,-8.143425,23.186306,15.455102,-90.67145,70.604095,-25.040455,-12.210748,33.182274,-25.555084,45.638645,-63.72448,2.4634974,11.852738,36.01744
201,-31.897111892700195,6.258062362670898,69.40281677246094,4.1642863756627175,1.947047347713386,-17.11076429657705,-12.07095,13.692494,19.927977,8.960749,-14.743253,0.0,-2.4968562,-12.334321,-20.74858,24.035889,-6.5285144,0.0,-1.9689906,9.597271,3.2031577,6.885595,-13.16051,-10.297604,23.238836,17.06953,-88.477776,69.35491,-24.778955,-12.210748,33.79313,-25.630129,46.78764,-64.43583,3.332267,12.006911,37.272713
202,-31.796031951904297,6.196261405944824,69.05420684814453,3.7262501604417255,1.4290595245230906,-15.027847840974724,-12.5227785,13.798534,19.630905,6.5325828,-14.672064,0.0,-0.84254944,-11.871474,-22.66099,21.416803,-5.682112,0.0,-1.7599602,9.807657,3.255442,5.5396743,-13.0692215,-12.568876,23.308731,18.66044,-86.42906,67.38614,-24.05782,-12.210748,34.380104,-25.71397,47.87458,-65.26696,4.2083225,12.103755,38.11622
203,-31.689102172851562,6.130183219909668,68.63639068603516,3.249794759982358,0.9135566796891121,-13.017483203461536,-13.39945,14.097826,19.569923,5.353355,-15.04715,0.0,0.8784751,-11.275438,-24.605507,18.815207,-4.842174,0.0,-1.5380319,10.05836,3.3257382,4.8337307,-13.019355,-14.166548,23.384125,19.567154,-85.097694,65.51635,-24.09607,-12.210748,35.09926,-25.775093,48.508934,-66.230896,5.3397317,12.104455,38.88269
204,-31.53734588623047,6.040885925292969,68.25643920898438,2.829923811892817,0.4140261998760718,-11.110658436985755,-14.625449,14.491649,19.86512,5.3434005,-15.671229,0.0,2.9176931,-10.489983,-25.995914,15.907151,-4.2333083,0.0,-1.3446606,10.349214,3.3362663,3.0606732,-12.872964,-16.67983,23.490877,20.617973,-83.153336,62.370483,-23.142427,-12.210748,35.620472,-25.850714,49.05693,-67.19976,6.25305,12.163322,39.535667
205,-31.45254898071289,5.981243133544922,67.77006530761719,2.577196561178944,-0.07446256803204658,-9.276304249146555,-15.663892,14.659218,20.886692,5.3424215,-15.856553,0.0,5.592867,-9.517097,-26.53887,12.273317,-3.930605,0.0,-1.1680591,10.683203,3.1708124,1.9047393,-12.7749,-18.424667,23.59598,21.154224,-82.190346,59.618,-22.991138,-12.210748,36.263493,-25.904915,49.22254,-68.3699,7.437046,12.124776,40.172943
206,-31.411975860595703,5.9251627922058105,67.22916412353516,2.441528342590124,-0.5653087358321771,-7.505299129126363,-16.535719,14.647921,22.52199,5.33794,-15.6904545,0.0,8.596459,-8.468231,-26.512585,8.444324,-4.0114293,0.0,-1.0126435,11.064094,2.8735054,0.59325933,-12.660674,-20.472332,23.732788,21.52813,-81.24386,56.205803,-22.598886,-12.210748,36.91116,-25.966913,49.139435,-69.697975,8.739369,12.0305805,40.70326
207,-31.33803939819336,5.861239910125732,66.74422454833984,2.29519461498379,-1.0424354437214698,-5.897654507719535,-18.024017,14.977324,24.17221,7.150135,-16.261099,0.0,10.320783,-7.95675,-26.10121,7.6677456,-5.8180947,0.0,-0.8761961,11.474296,2.6021755,-0.68300676,-12.557142,-22.438082,23.899025,21.731323,-80.37162,52.232452,-21.965454,-12.210748,37.436874,-26.035295,48.73612,-70.9697,9.900219,11.963342,41.182068
208,-31.234752655029297,5.809576511383057,66.34224700927734,1.9905474175800708,-1.4833582235450748,-4.54426256475288,-19.604843,15.671262,25.544834,9.69102,-17.113277,0.0,11.712578,-7.3492346,-25.895885,7.1432185,-7.3948936,0.0,-0.7611712,11.894223,2.5327945,-1.6172184,-12.5121765,-24.23107,24.09416,21.862795,-79.392784,47.347927,-20.795551,-12.210748,37.67173,-26.109152,47.98488,-71.892204,10.6187525,11.960437,41.64789
209,-31.118471145629883,5.793929100036621,65.99819946289062,1.3984567692070693,-1.9326217672532864,-3.4328808078066886,-21.01798,16.760637,26.5875,12.441866,-17.966269,0.0,12.698196,-6.5597453,-26.089832,7.052234,-8.765894,0.0,-0.6587151,12.387141,2.8287294,-2.5953667,-12.539167,-25.545055,24.326788,21.889977,-78.4978,41.896904,-19.446522,-12.210748,37.597095,-26.189495,46.76765,-72.4601,10.961594,12.162162,42.436512
210,-31.025854110717773,5.822690010070801,65.72160339355469,0.5970691188146138,-2.3790599073139704,-2.507005854320127,-22.14602,18.062332,27.505,15.055015,-18.622784,0.0,14.175262,-5.2525616,-26.561678,5.5506296,-9.1551285,0.0,-0.581707,12.937404,3.3895054,-3.2885592,-12.664015,-26.734877,24.593904,21.848396,-77.72505,35.35832,-17.559267,-12.210748,37.28435,-26.275345,45.134125,-72.69323,11.058966,12.411958,43.384743
211,-30.926509857177734,5.892327308654785,65.52588653564453,-0.17034613611909305,-2.721532371526697,-1.843298464387516,-23.032835,19.33843,28.374718,17.445919,-19.084238,0.0,14.480243,-4.527762,-26.94902,6.3452845,-10.389074,0.0,-0.52247995,13.416051,3.930102,-3.5781956,-12.755071,-27.55043,25.057215,21.446865,-77.13704,28.379728,-15.519901,-12.210748,36.862263,-26.413942,42.76883,-72.80977,10.908992,12.610835,44.15278
212,-30.779644012451172,6.017064094543457,65.42925262451172,-0.7141341908657012,-2.8750522091659105,-1.4975476503842926,-23.61732,20.33161,29.259953,19.356033,-19.198854,0.0,14.65953,-4.0997505,-27.160305,6.780121,-10.936932,0.0,-0.49284914,13.690114,4.1969543,-3.9477527,-12.856872,-27.525122,25.307402,20.599758,-77.78046,21.8885,-11.974935,-12.210748,35.945457,-26.488382,40.66369,-72.77604,10.449254,12.836255,44.309296
213,-30.584514617919922,6.1934428215026855,65.44822692871094,-0.9405312064378664,-2.7847838898422808,-1.5073792402801671,-23.773745,20.875555,30.270075,20.48143,-18.708157,0.0,14.956477,-3.9201336,-27.140266,6.182883,-10.450531,0.0,-0.472277,13.687574,4.08517,-3.9849951,-12.832095,-26.896206,25.891382,18.631914,-78.91411,15.102424,-7.7588177,-12.210748,35.103233,-26.610266,37.22483,-72.67101,10.04713,12.780793,44.16648
214,-30.267417907714844,6.503596782684326,64.88572692871094,-1.883596411712621,-2.5281960252592013,-2.0125144610880117,-27.838293,24.319891,29.419651,30.26127,-22.422762,0.0,14.819001,-3.45649,-26.560705,6.2854977,-9.981377,0.0,-0.07947848,13.491594,4.6878233,-3.7962577,-12.65533,-26.263914,26.622623,15.467497,-78.909256,9.279231,-4.118307,-12.210748,34.463604,-26.81789,32.95621,-72.70389,9.893052,12.6275215,43.915607
215,-30.01866912841797,6.801520347595215,64.93888854980469,-1.9156017421305676,-2.1765089908689883,-2.6157761730203672,-27.989868,24.824432,30.031923,31.765978,-21.692,0.0,14.494745,-3.8199522,-26.273325,6.1226172,-8.842341,0.0,-0.12505832,13.207463,4.348419,-3.414419,-12.465102,-23.931131,26.86593,13.205293,-79.12446,4.5719686,-1.3852097,-12.210748,32.10225,-26.886892,31.026402,-71.67679,7.8193283,12.823062,41.40125
216,-29.777006149291992,7.152498722076416,65.1166763305664,-1.9688241350489368,-1.8125110862162443,-3.4143381071900447,-27.832935,25.116037,30.410599,32.752827,-20.649584,0.0,13.806255,-4.357842,-25.872004,6.4239135,-7.4603233,0.0,-0.21126743,12.921203,4.076215,-2.866049,-12.2251425,-22.661692,27.597506,8.677166,-78.03701,0.60982054,1.5702947,-12.210748,30.117908,-27.03296,27.351126,-71.19779,5.8666916,12.558953,39.312504
217,-29.558208465576172,7.559607028961182,65.37163543701172,-2.0631988045524112,-1.4143153628294618,-4.443299304431507,-27.532076,25.290718,30.426989,33.51147,-19.494347,0.0,12.976961,-4.9458585,-25.35506,6.601434,-5.4331923,0.0,-0.3988965,12.605657,3.9042683,-1.8534973,-11.776275,-20.960815,28.353878,4.1529174,-76.00527,-1.0263153,3.782097,-12.210748,27.660982,-27.20325,23.925196,-70.70435,2.9615014,12.053803,36.013245
218,-29.35227394104004,8.007003784179688,65.68289947509766,-2.1469711461927767,-0.9559974318377151,-5.719760700396416,-27.086142,25.32964,30.22642,34.07699,-18.241104,0.0,11.805375,-5.7251196,-24.713093,7.085389,-3.0254023,0.0,-0.65832263,12.228945,3.752867,-0.4003181,-11.141069,-19.903595,29.181805,-1.1363035,-72.08794,-0.8589082,5.2749715,-12.210748,25.107058,-27.433422,20.168705,-70.439064,-0.3759608,11.207705,32.06016
219,-29.15263557434082,8.500189781188965,66.02375030517578,-2.206695976488763,-0.5018737565383351,-7.153892853821733,-26.465103,25.210882,30.016954,34.466164,-16.937004,0.0,10.366156,-6.6670175,-23.979977,7.8760605,-0.43239862,0.0,-0.9853765,11.888863,3.5728016,1.0240115,-10.631273,-18.691092,30.018301,-6.5853324,-68.12622,0.009479262,6.721481,-12.210748,22.46612,-27.69834,16.531384,-70.492065,-4.3760233,9.963327,27.62364
220,-28.975587844848633,9.0376558303833,66.33583068847656,-2.2071563102633447,-0.13165131647657066,-8.658157365065662,-25.718805,24.952164,29.950539,34.895447,-15.728606,0.0,8.155061,-8.013705,-23.06914,10.346706,1.4131267,0.0,-1.3684275,11.697658,3.3042443,2.569657,-10.267092,-17.494158,30.900867,-12.405389,-64.68424,0.6320442,8.218507,-12.210748,20.02172,-27.975695,12.897228,-71.10018,-9.013087,8.282578,23.286425
221,-28.796655654907227,9.606077194213867,66.59601593017578,-2.1040102212423997,0.14859079575362483,-10.239628973042116,-24.861744,24.538189,30.032576,35.45528,-14.729876,0.0,3.2098432,-10.49845,-21.356382,18.792324,0.56186897,0.0,-1.8431875,11.669841,2.8963022,4.272391,-10.05358,-15.849731,31.696486,-18.260988,-62.014248,0.57053196,9.687591,-12.210748,17.608656,-28.198032,9.423158,-72.109245,-15.063177,5.9121037,18.836092
222,-28.61455726623535,10.211505889892578,66.81061553955078,-1.9272606729055677,0.3771371154825225,-11.930333423085095,-23.893412,24.021393,30.240261,36.117584,-13.993789,0.0,-1.4244968,-12.679306,-19.185726,25.979338,0.8617026,0.0,-2.406937,11.747712,2.3917441,6.15174,-9.934805,-13.604287,32.36664,-24.051628,-59.91656,0.09890395,11.087007,-12.210748,15.181473,-28.32891,6.0360527,-73.36761,-22.24368,2.660521,14.320463
223,-28.432703018188477,10.846187591552734,66.98568725585938,-1.7321835195229092,0.550789287875166,-13.68601173502315,-22.834646,23.487818,30.656815,36.87067,-13.532505,0.0,-5.610654,-14.454947,-16.968042,31.78346,1.6328833,0.0,-3.0072482,11.925772,1.8663027,8.131287,-9.929549,-11.015093,32.923363,-29.747303,-58.397064,-0.94975406,12.388009,-12.210748,12.7909775,-28.314817,2.8128061,-74.9147,-29.181705,-1.0049597,10.278891
224,-28.223796844482422,11.491106033325195,67.12584686279297,-1.5670627822871106,0.6646244266509646,-15.464927465484559,-21.712677,23.003181,31.339771,37.70264,-13.342035,0.0,-9.096674,-15.845628,-15.24139,35.986816,2.2416224,0.0,-3.5916197,12.203124,1.3877829,10.134997,-10.052238,-8.287865,33.37113,-35.2987,-57.540386,-2.765907,13.562732,-12.210748,10.319912,-28.084187,-0.07135365,-76.72327,-34.571224,-4.346897,6.8877497
225,-28.002361297607422,12.153749465942383,67.20833587646484,-1.404425941555191,0.698354013050961,-17.282223408005947,-20.623148,22.577505,32.186096,38.858246,-13.430924,0.0,-12.038144,-17.113787,-14.087667,39.17455,2.2991364,0.0,-4.196147,12.607491,0.9260304,12.187105,-10.301443,-5.162275,33.418682,-40.56964,-57.37978,-6.3380566,14.55706,-12.210748,7.5007215,-27.719995,-2.4273562,-78.82039,-38.283184,-7.0151052,3.703398
226,-27.77993392944336,12.824172973632812,67.22445678710938,-1.230340399753844,0.6614453112232789,-19.151140972868422,-19.511395,22.174658,33.19609,40.23717,-13.848242,0.0,-14.703409,-18.365213,-13.288399,41.843292,1.8895006,0.0,-4.830341,13.130693,0.46021855,14.304624,-10.652826,-1.8031194,33.235836,-45.968384,-57.508087,-11.162108,15.21387,-12.210748,4.3978577,-27.263794,-4.536274,-81.16835,-41.024952,-9.212309,0.53927743
227,-27.54571533203125,13.507514953613281,67.1855697631836,-1.1106811161337777,0.5886887869431233,-21.028104525843382,-18.19153,21.780006,34.52996,41.348873,-14.573397,0.0,-16.94254,-19.478273,-13.03021,43.61907,1.0664383,0.0,-5.412662,13.723785,0.078912005,16.412428,-11.081364,1.4684314,32.90719,-51.245625,-57.600163,-16.185755,15.492677,-12.210748,1.164246,-26.781898,-6.4901967,-83.520256,-43.000904,-11.059262,-2.4317987
228,-27.28651237487793,14.21072769165039,67.10214233398438,-1.1156373988951307,0.5111304740087598,-22.87055666507606,-16.487679,21.36733,36.303516,41.72557,-15.490344,0.0,-18.595758,-20.336805,-13.537614,44.13933,-0.112957835,0.0,-5.8592415,14.34162,-0.12321905,18.43705,-11.56423,4.3831415,32.48168,-56.07202,-57.562386,-20.403261,15.501015,-12.210748,-2.046201,-26.322454,-8.329898,-85.65468,-44.403076,-12.68065,-4.9413843
229,-27.01193618774414,14.921998977661133,66.97105407714844,-1.298152103061594,0.39809667409008337,-24.663661064874415,-14.115625,20.801012,38.673714,40.91107,-16.343908,0.0,-19.39486,-20.997555,-15.380388,43.097263,-2.0287359,0.0,-6.155049,15.009871,-0.058991753,20.354368,-12.111194,6.8321247,31.95077,-60.59201,-57.703846,-23.667517,15.374547,-12.210748,-5.2931714,-25.87743,-10.053427,-87.550735,-44.9986,-13.928062,-6.848671
230,-26.717639923095703,15.63834285736084,66.78427124023438,-1.6105138353342239,0.23636931463819533,-26.430605274002556,-11.281493,19.99328,41.379967,39.138412,-16.987446,0.0,-19.47697,-21.493856,-18.412958,40.802826,-4.608021,0.0,-6.337555,15.745875,0.20922656,22.203718,-12.718686,8.987385,31.330196,-64.9979,-58.22494,-26.469095,15.161954,-12.210748,-8.6663685,-25.437449,-11.670386,-89.2998,-44.82363,-14.7015085,-8.374115
231,-26.428300857543945,16.34400749206543,66.53036499023438,-1.9755613804183365,0.08447509323850012,-28.18810599596868,-8.535488,19.053553,43.97617,37.027966,-17.472473,0.0,-19.338892,-21.677134,-21.686325,37.832035,-7.108513,0.0,-6.4021697,16.491495,0.5545764,24.008123,-13.352227,11.007141,30.694862,-68.99116,-58.97111,-28.77183,14.892596,-12.210748,-12.0428,-25.023735,-13.182464,-90.8668,-44.476673,-15.250901,-9.694367
232,-26.147335052490234,17.019712448120117,66.23917388916016,-2.3156208741870965,0.005403676247745415,-29.955008074075614,-6.387181,18.24793,46.13823,35.377663,-18.01859,0.0,-19.534317,-21.495646,-24.13527,34.83386,-8.8317795,0.0,-6.348104,17.18694,0.84666926,25.792648,-13.987884,12.958782,30.126488,-72.315994,-59.752617,-30.479881,14.574097,-12.210748,-15.283275,-24.649858,-14.565262,-92.23404,-44.549065,-15.861817,-10.971596
233,-25.882234573364258,17.671371459960938,65.9394760131836,-2.6482935974767643,0.017586461117627395,-31.839458789550395,-4.8400536,17.705256,47.899544,34.23972,-18.690624,0.0,-20.18711,-20.84263,-25.479534,31.67371,-9.540082,0.0,-6.1141305,17.810692,1.1147602,27.630518,-14.577259,14.753681,29.606028,-74.96919,-60.687626,-31.49198,14.19818,-12.210748,-18.358484,-24.299908,-15.733399,-93.45352,-45.33163,-16.642683,-12.1351795
234,-25.631881713867188,18.302648544311523,65.6079330444336,-3.0054304409478543,0.08541936270070821,-33.79989058773603,-3.6247342,17.307753,49.47611,33.22952,-19.337831,0.0,-21.033028,-19.8308,-26.198263,28.118729,-9.6432905,0.0,-5.7191644,18.394657,1.4126679,27.999987,-15.170232,16.319279,29.10504,-77.14709,-61.941547,-31.8636,13.80034,-12.210748,-21.332657,-23.959326,-16.712837,-94.51646,-46.514664,-17.471352,-13.10652
235,-25.4110164642334,18.930830001831055,65.26382446289062,-3.330577566409501,0.19810677119021797,-35.62953381360747,-2.8255386,17.07421,50.85694,32.69309,-20.052309,0.0,-22.03203,-18.808376,-26.366781,24.731192,-9.46172,0.0,-5.2917743,18.962801,1.639017,27.999987,-15.874063,17.750599,28.667147,-78.841354,-63.343975,-31.75573,13.433335,-12.210748,-24.192385,-23.640837,-17.624092,-95.342064,-47.764557,-18.29015,-14.032662
236,-25.218475341796875,19.537214279174805,64.91690063476562,-3.565301570977634,0.3507344462200972,-37.12079286412893,-2.537781,17.042707,52.008774,33.036865,-20.985136,0.0,-23.151342,-18.07903,-26.085089,22.079922,-9.300911,0.0,-4.963405,19.54103,1.6875962,27.999987,-16.782326,19.156368,28.334436,-80.021614,-64.693504,-31.330557,13.142104,-12.210748,-26.934938,-23.360527,-18.59245,-95.848404,-48.72751,-19.00634,-15.055749
237,-25.088706970214844,20.112163543701172,64.56809997558594,-3.662903735442475,0.5947615657944804,-38.24579669544078,-2.9694982,17.355598,52.946774,34.773422,-22.35403,0.0,-24.526098,-17.631258,-25.085894,20.186308,-9.095115,0.0,-4.7935996,20.12584,1.4514302,27.999987,-18.035503,20.59689,28.097277,-80.5579,-65.9682,-30.489925,12.943186,-12.210748,-29.657694,-23.101088,-19.65799,-95.996994,-49.352894,-19.581036,-16.187468
238,-25.007831573486328,20.64929962158203,64.2203369140625,-3.66490880966322,0.9225878404363913,-39.10576417504178,-3.764327,17.813477,53.710464,37.111088,-23.862148,0.0,-26.221663,-17.34256,-23.39441,19.015087,-8.841618,0.0,-4.7119474,20.708755,1.0056052,27.999987,-19.545313,21.973982,27.911581,-80.54766,-67.29747,-29.162235,12.848661,-12.210748,-32.34757,-22.858622,-20.767412,-95.82846,-49.81922,-20.0321,-17.320675
239,-24.941877365112305,21.167898178100586,63.8774528503418,-3.6407193629293118,1.2406994174457815,-39.68657296132245,-4.6556263,18.263569,54.22907,39.428158,-25.269901,0.0,-27.954206,-17.225252,-21.611168,18.664389,-8.715059,0.0,-4.65495,21.309313,0.5156834,27.999987,-21.060944,23.180162,27.764591,-80.26707,-68.65823,-27.55464,12.874244,-12.210748,-34.78401,-22.663153,-21.84102,-95.45786,-50.114376,-20.371027,-18.453644
240,-24.83734130859375,21.660907745361328,63.55368423461914,-3.644415613555748,1.4538050139633536,-39.96922212404135,-5.461041,18.613932,54.413925,41.4577,-26.58007,0.0,-29.385921,-17.308678,-20.34936,19.12253,-8.831255,0.0,-4.5663385,21.945517,0.13769442,27.999987,-22.328419,24.123365,27.652338,-79.9623,-69.99226,-25.887186,13.003176,-12.210748,-36.66721,-22.535418,-22.715738,-95.09227,-50.24734,-20.66725,-19.651321
241,-24.723339080810547,22.128969192504883,63.26987075805664,-3.724998157852957,1.5104438344825937,-39.95188400676966,-6.13475,18.884283,54.250687,43.1129,-27.755661,0.0,-30.252659,-17.546371,-19.721598,20.032244,-8.961663,0.0,-4.3802032,22.674639,-0.030099371,27.999987,-23.323711,24.72581,27.57088,-79.74567,-71.272804,-24.022573,13.259525,-12.210748,-37.802692,-22.463892,-23.248423,-94.96424,-50.16489,-21.111027,-21.245275
242,-24.62273597717285,22.55193328857422,63.0052375793457,-3.825556014166491,1.4710768513855488,-39.637036744817635,-6.7910438,19.107483,53.77729,44.567917,-28.805113,0.0,-30.80534,-17.978848,-19.405962,21.536522,-9.14903,0.0,-4.150796,23.466759,-0.10019756,27.999987,-24.163565,25.070187,27.514696,-79.43854,-72.5039,-21.90441,13.627149,-12.210748,-38.29324,-22.428978,-23.443481,-95.03659,-49.905632,-21.671942,-23.180187
243,-24.51777458190918,22.923280715942383,62.76401138305664,-3.9167227009875574,1.4053737310224927,-39.042476241700285,-7.487231,19.253069,53.02712,45.843185,-29.717628,0.0,-30.997463,-18.56864,-19.51118,23.353134,-9.381471,0.0,-3.9411333,24.216022,-0.15044798,27.999987,-24.806465,25.30874,27.489904,-78.84484,-73.65426,-19.883314,13.998951,-12.210748,-38.248985,-22.427511,-23.320593,-95.15616,-49.621655,-22.1356,-24.972677
244,-24.406282424926758,23.255428314208984,62.54749298095703,-3.9592291900198098,1.3822889816392387,-38.182311697202735,-8.297771,19.28605,52.03385,46.974308,-30.480015,0.0,-30.870554,-19.309702,-20.129223,25.40895,-9.745103,0.0,-3.8201191,24.817022,-0.26991785,27.999987,-25.1019,25.255758,27.476084,-78.2162,-74.63739,-18.005852,14.322978,-12.210748,-37.90687,-22.454325,-23.2215,-94.90027,-49.59954,-22.1261,-25.73766
245,-24.30272674560547,23.542423248291016,62.34287643432617,-3.940440986626382,1.3758310855275524,-37.006543805232724,-9.247526,19.21863,50.743557,48.03715,-31.108263,0.0,-30.335857,-20.302229,-21.545486,27.833769,-10.382182,0.0,-3.8645105,25.265816,-0.48946178,27.999987,-25.284025,25.551184,27.473703,-76.795876,-75.4526,-16.930351,14.559175,-12.210748,-37.148655,-22.524818,-22.731089,-94.57646,-49.689777,-21.714415,-26.041834
246,-24.211280822753906,23.783355712890625,62.15967559814453,-3.8859420070532713,1.3625222617983535,-35.52570200128556,-10.296827,19.054064,49.16515,48.992157,-31.5916,0.0,-29.397427,-21.562813,-23.625826,30.725998,-11.290783,0.0,-4.013583,25.609537,-0.7566826,27.999987,-25.13429,25.859673,27.496727,-74.98104,-76.04257,-16.35016,14.637313,-12.210748,-35.922977,-22.634872,-21.997772,-94.13839,-49.86245,-21.0224,-25.899559
247,-24.144155502319336,23.989538192749023,61.99980926513672,-3.7910169275835224,1.4141550191138037,-33.83946478411685,-11.470171,18.781,47.401615,49.816875,-31.9277,0.0,-28.265633,-22.954353,-25.816875,34.000137,-12.337958,0.0,-4.1729684,25.822174,-1.0733523,27.999987,-24.830704,26.135979,27.543072,-72.74165,-76.54428,-15.920425,14.6214075,-12.210748,-34.363342,-22.78403,-21.072071,-93.555595,-49.988655,-20.150562,-25.17229
248,-24.090869903564453,24.153722763061523,61.855220794677734,-3.6472885723386526,1.6019787339123304,-32.04733384263114,-12.775339,18.397135,45.55456,50.506477,-32.137844,0.0,-27.17494,-24.30467,-27.551191,37.519413,-13.340299,0.0,-4.245296,25.878323,-1.4369204,27.999987,-24.509375,26.307878,27.608105,-70.05447,-77.04903,-15.338157,14.509454,-12.210748,-32.60045,-22.96745,-20.028425,-92.76236,-49.9701,-19.197355,-23.652554
249,-24.038097381591797,24.28712272644043,61.72935485839844,-3.4361087675634767,1.9601932437504515,-30.146638023681604,-14.22471,17.860731,43.637897,51.022175,-32.211117,0.0,-26.28741,-25.625494,-28.551985,41.485493,-14.297079,0.0,-4.1973715,25.726067,-1.8490218,27.999987,-24.178354,26.402136,27.688885,-66.88825,-77.380035,-14.899659,14.221443,-12.210748,-30.692215,-23.199461,-18.961658,-91.60331,-49.780888,-18.180973,-21.1172
250,-23.977657318115234,24.377323150634766,61.61701583862305,-3.155398696542603,2.439616075417042,-28.091903770656454,-15.781609,17.175053,41.614063,51.388187,-32.152657,0.0,-25.452684,-26.927557,-29.13278,45.84827,-15.243921,0.0,-4.0777106,25.396034,-2.3087785,27.999987,-23.78749,26.442043,27.783716,-63.252274,-77.52735,-14.658471,13.784811,-12.210748,-28.658249,-23.485422,-17.904984,-90.038506,-49.395203,-16.973146,-17.731167
251,-23.918004989624023,24.425697326660156,61.504207611083984,-2.8196982576441285,2.986996778917686,-25.91708470283988,-17.40109,16.384888,39.514393,51.68023,-32.004723,0.0,-24.494925,-28.060696,-29.617498,50.168167,-16.073523,0.0,-3.9128969,24.987286,-2.8112073,27.999987,-23.383907,26.340294,27.889318,-59.185177,-77.780754,-13.929486,13.328475,-12.210748,-26.549702,-23.817207,-16.797697,-88.20774,-48.727867,-15.477118,-13.85932
252,-23.85564422607422,24.43107032775879,61.39457702636719,-2.4480581346024763,3.550621902961823,-23.655422267900843,-19.016293,15.520186,37.371483,51.919064,-31.786596,0.0,-23.24294,-28.940245,-30.366589,54.09823,-16.74311,0.0,-3.7306828,24.597675,-3.349269,27.999987,-23.020006,26.010412,28.003048,-54.720024,-78.36057,-12.011163,12.928603,-12.210748,-24.363243,-24.173628,-15.515002,-86.32122,-47.682198,-13.658622,-9.874019
253,-23.789710998535156,24.405027389526367,61.29108810424805,-2.0488940076176445,4.123912706232787,-21.28456513864817,-20.631594,14.581651,35.171978,52.10868,-31.496319,0.0,-21.521578,-29.576084,-31.679522,57.56244,-17.390202,0.0,-3.543351,24.21714,-3.9196007,27.999987,-22.720358,25.429161,28.12742,-49.680077,-79.09503,-8.639402,12.531463,-12.210748,-22.09817,-24.56125,-14.014782,-84.338875,-46.047977,-11.507737,-5.695292
254,-23.718645095825195,24.348302841186523,61.18846130371094,-1.604212457682396,4.725856911329599,-18.79393128306907,-22.264359,13.54765,32.91479,52.24106,-31.129559,0.0,-19.479877,-30.051575,-33.335583,60.859913,-18.049406,0.0,-3.342834,23.806822,-4.531612,27.999987,-22.43633,25.373316,28.311808,-43.32526,-80.137764,-4.7046804,11.866973,-12.210748,-19.836462,-25.067787,-12.032047,-82.15337,-43.91096,-9.274868,-1.4444885
255,-23.650619506835938,24.271224975585938,61.08934783935547,-1.0981816311401098,5.343805743072309,-16.234082675184933,-23.874348,12.402538,30.654892,52.290363,-30.684828,0.0,-17.41696,-30.373545,-34.92183,64.143555,-18.497398,0.0,-3.091209,23.420906,-5.1763196,27.999987,-22.191889,24.837769,28.510172,-37.196205,-80.92516,0.37869018,10.909153,-12.210748,-17.546564,-25.562086,-9.906821,-79.916565,-41.446846,-6.8856883,2.897206
256,-23.574831008911133,24.17856216430664,60.988800048828125,-0.5153721905695339,5.965536267250311,-13.653875118792456,-25.415792,11.138166,28.442137,52.2521,-30.186073,0.0,-15.646898,-30.496796,-36.0086,67.47388,-18.448996,0.0,-2.7795954,23.114094,-5.8612213,27.999987,-21.9412,24.158312,28.705992,-31.345625,-81.680145,6.2693195,9.475719,-12.210748,-15.175107,-26.040344,-7.4036317,-77.89256,-38.94299,-4.5384903,6.9120135
257,-23.479507446289062,24.072547912597656,60.88605499267578,0.14923652185905428,6.604434417267793,-11.017370732795355,-26.900858,9.73853,26.24727,52.116005,-29.634567,0.0,-14.340567,-30.293947,-36.333363,70.81543,-17.749912,0.0,-2.4215727,22.885681,-6.588949,27.999987,-21.72305,23.354677,28.895557,-25.804005,-82.33611,13.753067,7.3298845,-12.210748,-12.670906,-26.511627,-4.4431744,-76.00768,-36.31426,-2.1207225,10.714897
258,-23.362869262695312,23.966899871826172,60.780418395996094,0.8915317032166092,7.251412235171872,-8.310270745445509,-28.326578,8.208055,24.066402,51.889545,-29.033613,0.0,-13.357125,-29.730078,-36.161774,74.0428,-16.4682,0.0,-2.0217414,22.714394,-7.358548,27.999987,-21.54168,22.535248,29.072979,-20.61306,-82.824036,22.829414,4.4286942,-12.210748,-10.084233,-26.99205,-1.0680627,-74.1396,-33.434242,0.36267003,14.459214
259,-23.22734832763672,23.846229553222656,60.67245101928711,1.7046309484241748,7.86217793870185,-5.6145205813796455,-29.62915,6.6051936,21.966805,51.59329,-28.402925,0.0,-12.528923,-28.906244,-35.86976,77.05278,-14.651501,0.0,-1.5555017,22.623135,-8.167413,27.968994,-21.331564,21.784182,29.208374,-16.085073,-83.45684,32.19621,1.1798726,-12.210748,-7.455285,-27.466995,2.681315,-72.51909,-30.545612,2.6489289,17.883743
260,-23.070598602294922,23.716064453125,60.5484619140625,2.5776070079005606,8.39607869344004,-3.0130024651516623,-30.76962,4.984631,20.013351,51.289925,-27.794922,0.0,-11.644152,-27.98477,-35.854248,79.76589,-12.39302,0.0,-1.0057718,22.63451,-9.01647,26.765032,-21.163008,21.23969,29.268824,-12.046547,-84.732254,40.4052,-1.7641321,-12.210748,-5.0215344,-27.991087,7.1925917,-71.23016,-28.102201,4.3885098,20.476782
261,-22.912771224975586,23.56873321533203,60.40724563598633,3.553240025735306,8.850031702982612,-0.4919159849144694,-31.758053,3.3142939,18.206371,50.94784,-27.172167,0.0,-10.692308,-27.002033,-36.11393,82.16578,-9.622666,0.0,-0.3556016,22.770212,-9.9451,25.371305,-20.879265,20.16135,29.183136,-8.844194,-86.09255,47.514908,-4.580521,-12.210748,-2.3342922,-28.495623,12.145162,-70.54341,-25.988155,5.6677804,22.27649
262,-22.75330924987793,23.40801429748535,60.25096893310547,4.617333000968827,9.236920279342057,1.9830379765124333,-32.62792,1.5962492,16.505495,50.569286,-26.534199,0.0,-9.729648,-25.914389,-36.55394,84.27118,-6.3229237,0.0,0.37274352,23.018847,-10.9403515,23.82064,-20.51799,18.601204,28.921513,-6.316913,-87.51002,54.095104,-7.4525104,-12.210748,0.5376419,-29.017538,17.578133,-70.24454,-24.043922,6.630917,23.465654
263,-22.580087661743164,23.25303840637207,60.088504791259766,5.679395809562148,9.550458993935292,4.35988542503195,-33.37973,-0.07823781,14.913631,50.21048,-25.938835,0.0,-8.634432,-24.833805,-37.37571,86.11586,-2.7050555,0.0,1.149348,23.352674,-11.924646,22.260784,-20.133425,16.73967,28.436419,-4.313892,-88.967094,59.643932,-10.174026,-12.210748,3.3053436,-29.627058,23.253746,-70.32137,-22.218582,7.3869653,24.423471
264,-22.391704559326172,23.122556686401367,59.9192008972168,6.649447837798131,9.793735558259252,6.585916348170612,-34.042976,-1.6184919,13.433113,49.960865,-25.453072,0.0,-7.3084097,-23.866804,-38.69939,87.75842,1.0301996,0.0,1.9525194,23.74157,-12.826175,20.833866,-19.770046,14.779451,27.975203,-2.6856468,-90.43204,63.875633,-12.547462,-12.210748,5.95459,-30.065676,28.362406,-70.86566,-19.935776,8.128037,25.83648
265,-22.19415855407715,23.003299713134766,59.74692153930664,7.5112431219650055,9.96204038204102,8.616342262566283,-34.60972,-2.9899073,12.08528,49.827938,-25.082674,0.0,-5.661809,-23.08606,-40.590958,89.19506,5.104925,0.0,2.8160496,24.220907,-13.62768,19.56419,-19.377104,12.630133,27.48521,-1.0574392,-91.88113,66.08757,-14.175655,-12.210748,8.261678,-30.41818,33.655426,-71.86608,-17.498901,8.631029,27.28798
266,-21.977313995361328,22.8955078125,59.575897216796875,8.304456344261318,10.069044015192945,10.489972154697533,-35.07669,-4.246281,10.848765,49.762344,-24.79953,0.0,-3.7411368,-22.434885,-42.878906,90.44221,9.539785,0.0,3.738356,24.78915,-14.363706,18.37912,-18.929993,10.247495,26.960526,0.70006156,-93.24275,66.670876,-15.173589,-12.210748,10.470123,-30.723757,39.17904,-73.26524,-14.956563,8.880591,28.671814
267,-21.74186134338379,22.789247512817383,59.40822219848633,9.024105249137964,10.150089089888938,12.278856896903985,-35.50049,-5.404753,9.654774,49.75842,-24.583105,0.0,-1.6949699,-21.798944,-45.27273,91.601074,13.817338,0.0,4.6310024,25.352215,-15.043151,17.29521,-18.50248,8.030462,26.43225,2.5701408,-94.5747,66.633514,-15.89841,-12.210748,12.5291815,-30.953566,44.473267,-74.72477,-12.370599,9.075021,30.430647
268,-21.483205795288086,22.679973602294922,59.24393081665039,9.66674781646926,10.239782542250925,14.05268781652337,-35.931564,-6.4856205,8.440709,49.814026,-24.420465,0.0,0.29264674,-21.067814,-47.495934,92.76329,17.420082,0.0,5.403686,25.816017,-15.680807,16.33421,-18.16897,6.0465593,25.941086,4.3130703,-95.68923,66.98133,-16.71883,-12.210748,14.33633,-31.06476,49.103104,-76.0062,-9.837475,9.397889,32.990032
269,-21.211923599243164,22.584369659423828,59.08349609375,10.206462187651663,10.360585063135577,15.837901023828604,-36.41508,-7.4856443,7.1823387,49.95657,-24.315403,0.0,2.2361472,-20.171429,-49.61945,93.9189,20.183014,0.0,6.028201,26.154018,-16.274853,15.5153,-17.959105,4.3475447,25.474327,5.7790046,-96.7197,67.86919,-17.766428,-12.210748,15.771998,-31.011475,53.211334,-77.31883,-7.3045444,9.789838,36.71828
270,-20.91582679748535,22.504701614379883,58.9292106628418,10.654507119949164,10.499207149843402,17.595747891359043,-36.906654,-8.403861,5.912747,50.169025,-24.276981,0.0,4.158728,-19.147547,-51.684063,95.04903,22.373735,0.0,6.554636,26.413006,-16.824337,14.826067,-17.817976,2.8044896,25.019503,7.10243,-97.67584,68.76985,-18.821672,-12.210748,16.970072,-30.816849,57.02128,-78.84679,-4.7537704,10.121008,41.291943
271,-20.6024112701416,22.439571380615234,58.77979278564453,11.06206228502854,10.634368226637072,19.295482596701007,-37.359043,-9.274946,4.6762357,50.39791,-24.280333,0.0,5.896119,-18.096533,-53.426964,96.20941,24.15241,0.0,7.0126,26.609865,-17.347015,14.242131,-17.702858,1.4366599,24.598804,8.437661,-98.387245,69.670715,-19.794518,-12.210748,18.126856,-30.555424,60.218983,-80.40584,-2.3390641,10.502605,46.1021
272,-20.273475646972656,22.37686538696289,58.636741638183594,11.47899098164268,10.74236096954445,20.90452849197674,-37.71709,-10.1238365,3.5110304,50.57932,-24.296957,0.0,7.308985,-17.142496,-54.63444,97.44513,25.683304,0.0,7.43201,26.762672,-17.859573,13.738211,-17.578959,0.2623017,24.22838,9.913486,-98.677444,70.572525,-20.577072,-12.210748,19.379284,-30.300152,62.471645,-81.81711,-0.216821,11.105196,50.5575
273,-19.953901290893555,22.328838348388672,58.482933044433594,11.96081725394232,10.832833637694554,22.430430661075878,-38.027763,-11.0029,2.4524975,50.74002,-24.325947,0.0,8.389014,-16.242569,-55.325283,99.00173,26.000021,0.0,7.823826,26.871511,-18.403257,13.294037,-17.439245,-0.66569024,23.882238,11.467112,-98.51612,71.54762,-21.10924,-12.210748,20.734034,-30.027088,63.5151,-83.18922,1.4700222,12.390311,54.917263
274,-19.621572494506836,22.30780601501465,58.3458137512207,12.45151462982938,10.915188322650097,23.885608131980256,-38.25944,-11.875879,1.4529268,50.837547,-24.360235,0.0,9.224389,-15.383142,-55.67706,100.57061,26.000021,0.0,8.175966,26.92769,-18.953283,12.928445,-17.307762,-1.397612,23.5521,13.029793,-97.9878,72.578476,-21.422157,-12.210748,22.054495,-29.715996,63.635006,-84.677635,2.9191597,14.1442795,59.409256
275,-19.271881103515625,22.3127498626709,58.23989486694336,12.89292957980185,10.966440844887545,25.23500868563031,-38.370285,-12.682893,0.5015449,50.863785,-24.400822,0.0,9.831027,-14.674995,-55.666927,102.14718,26.000021,0.0,8.476101,26.937376,-19.448282,12.673774,-17.187622,-2.0375314,23.27383,14.710502,-97.11014,73.51553,-21.530117,-12.210748,23.235592,-29.423285,63.292717,-86.11665,4.3477044,15.585345,63.35415
276,-18.92336082458496,22.34427833557129,58.1629638671875,13.229332415892326,10.968560890806929,26.433684102134524,-38.365784,-13.35645,-0.3683801,50.868256,-24.463766,0.0,10.220228,-14.213389,-55.24016,103.82344,26.000021,0.0,8.720367,26.905859,-19.826433,12.561588,-17.084654,-2.649084,23.079103,16.60962,-95.94629,74.19715,-21.472254,-12.210748,24.185162,-29.208803,62.919193,-87.324684,5.818393,15.977951,66.00536
277,-18.58172035217285,22.380123138427734,58.11781311035156,13.354498285631749,10.921928776918287,27.407933724990144,-38.269634,-13.499973,-0.8431317,50.92813,-24.575846,0.0,10.333971,-13.927287,-54.28128,105.63505,26.000021,0.0,8.953449,26.838886,-20.02168,12.641227,-16.999224,-3.1243203,22.96838,18.747997,-94.506035,74.592804,-21.313326,-12.210748,24.843817,-29.077019,62.460377,-88.27228,7.1008673,14.946067,66.83064
278,-18.250139236450195,22.433557510375977,58.099735260009766,13.398643895605414,10.82903236317777,28.252204165610916,-38.06392,-13.499973,-1.2370571,50.93531,-24.682318,0.0,10.214243,-13.8476305,-52.922756,107.539444,26.000021,0.0,9.101118,26.73726,-20.135078,12.882227,-16.928448,-3.3693132,22.917055,21.021828,-92.87569,74.77982,-21.075926,-12.210748,25.269451,-28.98461,61.73525,-89.038284,8.169654,13.044746,66.2731
279,-17.928287506103516,22.502601623535156,58.10710144042969,13.390979830959305,10.71716475828397,28.98883765127179,-37.771812,-13.499973,-1.66042,50.868458,-24.774868,0.0,9.908028,-13.997521,-51.283768,109.46088,26.000021,0.0,9.186045,26.575335,-20.180693,13.195334,-16.88154,-3.4127479,22.91647,23.313927,-91.28671,74.78497,-20.802195,-12.210748,25.545616,-28.925121,60.969448,-89.57993,9.362976,10.939127,65.036354
280,-17.621246337890625,22.591949462890625,58.13372039794922,13.338670885230746,10.61691393400868,29.62468683682533,-37.431946,-13.499973,-2.0998497,50.734932,-24.854237,0.0,9.44908,-14.386594,-49.457664,111.31929,26.000021,0.0,9.232993,26.3284,-20.171562,13.488897,-16.867098,-3.197407,22.955898,25.31358,-90.028015,74.76931,-20.7729,-12.210748,25.730228,-28.894083,60.419598,-89.85178,10.941749,9.274255,63.812164
281,-17.32518196105957,22.699953079223633,58.191375732421875,13.23385452983694,10.547708464274104,30.101226696318683,-37.034714,-13.499973,-2.5460978,50.517742,-24.929375,0.0,8.785186,-15.101768,-47.321884,113.19882,26.000021,0.0,9.250591,25.963478,-20.101555,13.707195,-16.901981,-2.4546437,23.00705,26.329199,-89.3255,75.19219,-21.75697,-12.210748,25.727764,-28.891504,60.242195,-89.73227,13.088049,8.151771,62.54033
282,-17.031343460083008,22.82526206970215,58.300697326660156,13.078293120438664,10.491333027498452,30.43543337447507,-36.53132,-13.499973,-3.017011,50.15575,-24.96689,0.0,7.878849,-16.085493,-44.837852,115.114105,26.000021,0.0,9.205461,25.499193,-19.975061,14.110021,-16.933783,-1.7137542,23.124321,28.117306,-88.58792,75.29796,-21.898756,-12.210748,25.700853,-28.895838,60.01859,-89.345314,15.823751,7.2577767,61.11981
283,-16.734453201293945,22.958955764770508,58.45248031616211,12.890525139463673,10.420386171195213,30.747759701182733,-35.926487,-13.499973,-3.5510573,49.642284,-24.932457,0.0,6.800759,-17.150837,-42.234585,116.87767,26.000021,0.0,9.12071,25.001333,-19.795547,14.369421,-17.00994,-0.6704461,23.23545,29.508741,-88.33866,75.45677,-22.395018,-12.210748,25.57766,-28.908968,59.89118,-88.77688,18.514524,6.6592226,59.694916
284,-16.436798095703125,23.076663970947266,58.63850784301758,12.691836751185381,10.307524420684844,31.15971375638989,-35.227814,-13.499973,-4.197677,48.956287,-24.776268,0.0,5.648899,-18.12449,-39.762127,118.297424,26.000021,0.0,8.98977,24.522215,-19.57885,14.568522,-17.124847,-0.11488979,23.396187,31.494184,-87.76162,74.551155,-22.048605,-12.210748,25.534267,-28.929626,59.755165,-88.24756,20.790358,6.3658953,58.54667
285,-16.13560676574707,23.18207550048828,58.846229553222656,12.491272598302405,10.140404602871062,31.699531390854755,-34.440693,-13.499973,-4.959601,48.125446,-24.50995,0.0,4.448483,-19.006636,-37.434532,119.36932,26.000021,0.0,8.797704,24.07998,-19.331848,14.513941,-17.317825,0.49474594,23.548866,33.403812,-87.56248,73.27461,-21.760912,-12.210748,25.507177,-28.95029,59.636215,-87.71154,22.52131,6.367938,57.803177
286,-15.830729484558105,23.280410766601562,59.08769226074219,12.277981713763308,9.935660761940671,32.30527900803198,-33.55074,-13.499973,-5.828101,47.12864,-24.1393,0.0,3.1528401,-19.872066,-35.12883,120.18135,26.000021,0.0,8.548472,23.64125,-19.04634,14.287543,-17.56376,0.8233481,23.705929,35.30162,-87.29702,71.27519,-21.321373,-12.210748,25.484386,-28.971804,59.53977,-87.11062,23.950027,6.6293,57.32755
287,-15.52763557434082,23.371706008911133,59.367210388183594,12.040004978223948,9.71094188407848,32.96220435500633,-32.56468,-13.499973,-6.8193502,45.948376,-23.656502,0.0,1.7730556,-20.68538,-32.918793,120.68306,26.000021,0.0,8.293309,23.206446,-18.704456,13.924851,-17.814806,1.0097797,23.868074,37.149273,-87.16827,68.78713,-20.699158,-12.210748,25.446327,-28.994858,59.464355,-86.49854,24.988686,7.091448,57.004032
288,-15.224543571472168,23.464385986328125,59.695560455322266,11.766619601261482,9.48445208966596,33.65567202462334,-31.4781,-13.499973,-7.9458914,44.555458,-23.049072,0.0,0.32980162,-21.409092,-30.878044,120.81485,26.000021,0.0,8.083607,22.775179,-18.289509,13.445139,-18.01018,1.062158,24.028385,38.801407,-87.20299,65.91079,-19.910868,-12.210748,25.375584,-29.020714,59.40845,-85.93257,25.547792,7.7020583,56.710304
289,-14.918441772460938,23.565547943115234,60.076446533203125,11.448746079694288,9.259756428189386,34.39425483219606,-30.295221,-13.499973,-9.214937,42.959896,-22.324741,0.0,-1.1781363,-22.05153,-29.02079,120.55619,26.000021,0.0,7.9560556,22.35204,-17.776772,12.948385,-18.09817,1.1061491,24.147263,39.748367,-87.52075,62.94592,-19.549643,-12.210748,25.288502,-29.04367,59.367706,-85.416756,25.435202,8.579771,56.36835
290,-14.60914421081543,23.665021896362305,60.504638671875,11.0703518546656,9.033228355901946,35.16468098507945,-29.080519,-13.499973,-10.5809765,41.296593,-21.544128,0.0,-2.7502165,-22.61098,-27.30416,119.937775,26.000021,0.0,7.9060564,21.93102,-17.149622,12.246636,-18.164137,0.9397249,24.277945,40.60666,-88.07431,59.434174,-18.866934,-12.210748,25.18354,-29.071207,59.346676,-84.92062,24.750751,9.695124,56.041565
291,-14.301567077636719,23.74919319152832,60.931396484375,10.701820972778775,8.806469733616865,35.94428467653737,-27.906666,-13.499973,-11.961511,39.688362,-20.770935,0.0,-4.036462,-23.00964,-25.865818,119.37864,24.276852,0.0,7.8683453,21.50746,-16.486313,11.437197,-18.18116,0.67043054,24.413525,41.275444,-88.69447,55.545498,-17.952047,-12.210748,25.03946,-29.10422,59.348557,-84.46407,23.853796,10.79064,55.822803
292,-13.986881256103516,23.8303279876709,61.39162063598633,10.245720687606761,8.588415857162875,36.67201360972135,-26.613058,-13.175086,-13.186865,37.80601,-19.858618,0.0,-5.2571793,-23.270647,-24.632032,118.56481,22.28472,0.0,7.8379407,21.064596,-15.770173,10.598692,-18.130224,0.414979,24.549417,41.68172,-89.19785,51.40491,-16.884846,-12.210748,24.830845,-29.143148,59.3683,-84.053764,23.111921,11.605185,55.82937
293,-13.666982650756836,23.911123275756836,61.885528564453125,9.701854079559075,8.37265527559569,37.35378714035444,-25.159107,-12.555214,-14.305536,35.5687,-18.770512,0.0,-6.370922,-23.448345,-23.659609,117.51205,19.894327,0.0,7.8218393,20.607069,-14.995531,9.745187,-18.002825,0.19870771,24.683126,41.786797,-89.6008,46.848007,-15.7992935,-12.210748,24.588867,-29.190386,59.447018,-83.70659,22.632837,12.013841,56.24302
294,-13.35132122039795,23.988372802734375,62.407691955566406,9.104427726440768,8.157291700905287,38.02163506277841,-23.613775,-11.811828,-15.429108,33.10078,-17.552048,0.0,-7.3521457,-23.613232,-22.986012,116.21376,17.110676,0.0,7.8227563,20.13922,-14.161523,8.859987,-17.796892,0.009301383,24.813665,41.548424,-90.052895,41.867302,-14.667411,-12.210748,24.310173,-29.246683,59.58344,-83.413025,22.21719,12.184929,56.95182
295,-13.029723167419434,24.065670013427734,62.949180603027344,8.467127455012903,7.955502706524462,38.66352691665953,-21.99263,-10.947438,-16.523968,30.414404,-16.207245,0.0,-8.230916,-23.728283,-22.564507,114.620605,14.240231,0.0,7.819562,19.648808,-13.282891,7.968977,-17.511889,-0.08210983,24.941233,40.902588,-90.52195,36.828983,-13.355929,-12.210748,23.931936,-29.30767,59.68227,-83.15099,21.787146,12.292826,57.66104
296,-12.707170486450195,24.133262634277344,63.51811981201172,7.803583945258767,7.779302645982628,39.2676861198321,-20.47421,-10.037286,-17.520208,27.84652,-14.888662,0.0,-9.076388,-23.73051,-22.292637,112.67398,11.627482,0.0,7.7919955,19.123827,-12.372631,7.1091313,-17.150944,0.016185572,25.06779,39.774292,-90.88772,32.157238,-11.823562,-12.210748,23.418673,-29.365362,59.604088,-82.90507,21.294472,12.493895,58.10019
297,-12.385514259338379,24.193437576293945,64.10011291503906,7.103951072949574,7.628101853964918,39.82893730656564,-19.009928,-9.051322,-18.45241,25.263966,-13.505263,0.0,-9.959077,-23.525188,-22.051308,110.36311,9.261819,0.0,7.7511806,18.557974,-11.416015,6.2828226,-16.705912,0.32298785,25.197395,38.145866,-91.00063,27.763645,-10.0956545,-12.210748,22.80665,-29.415403,59.291023,-82.6551,20.854342,12.823703,58.372097
298,-12.066980361938477,24.256900787353516,64.6869888305664,6.367311719791411,7.496236901815283,40.35555705667713,-17.589098,-7.9874473,-19.320923,22.671783,-12.067988,0.0,-10.837727,-23.182379,-21.871843,107.73163,6.9848285,0.0,7.7001944,17.960287,-10.411391,5.47867,-16.178194,0.81220025,25.33432,36.03478,-90.90258,23.486364,-8.246949,-12.210748,22.143154,-29.457125,58.749725,-82.42211,20.49703,13.182214,58.60981
299,-11.765191078186035,24.324260711669922,65.26487731933594,5.620045865556991,7.386552278819818,40.85473039268916,-16.196325,-6.8655796,-20.064455,20.065872,-10.5931225,0.0,-11.62104,-22.85553,-21.852444,104.81636,4.8873053,0.0,7.620776,17.343575,-9.384752,4.503624,-15.433686,1.1514277,25.534897,32.89534,-90.43987,19.379423,-6.3845444,-12.210748,21.53049,-29.497301,57.709824,-82.32174,20.177185,13.4780245,58.740875
300,-11.474541664123535,24.386140823364258,65.82696533203125,4.887571407092557,7.304031755616768,41.33228015010783,-14.771154,-5.6936116,-20.621698,17.335669,-9.038129,0.0,-12.233709,-22.674355,-22.100878,101.64857,3.0704143,0.0,7.4663143,16.720032,-8.368468,3.8099442,-14.793957,1.8658475,25.739223,29.570002,-89.70764,16.551453,-4.879924,-12.210748,20.847246,-29.518423,56.338654,-82.305885,19.609116,13.694103,58.37875
301,-11.195685386657715,24.451509475708008,66.36315155029297,4.141588109019906,7.25013640319539,41.7976296698872,-13.175311,-4.383264,-21.061357,14.041124,-7.0983853,0.0,-12.6679735,-22.635363,-22.656275,98.19026,1.6432236,0.0,7.2517333,16.078085,-7.3165135,3.1586287,-14.0856905,2.4622717,26.026964,25.435003,-88.104706,15.165404,-3.852497,-12.210748,20.285938,-29.517296,54.228405,-82.40615,19.160063,13.751417,57.76471
302,-10.935039520263672,24.520151138305664,66.86070251464844,3.3749379335636704,7.222482203499116,42.24383730548058,-11.26214,-2.8818219,-21.361238,9.873562,-4.5982585,0.0,-12.993856,-22.646656,-23.420147,94.45712,0.5182775,0.0,6.972624,15.419609,-6.2276306,2.63188,-13.386766,3.2632177,26.346004,21.232079,-86.044975,14.892773,-2.9908352,-12.210748,19.627945,-29.49185,51.79277,-82.481285,18.62365,13.749433,56.75989
303,-10.681792259216309,24.591224670410156,67.30533599853516,2.64036895790506,7.214427978849463,42.65227341123171,-10.503237,-1.879037,-21.252172,8.4901705,-3.5987809,0.0,-13.246052,-22.71221,-24.322298,90.55269,-0.49172494,0.0,6.6256013,14.778056,-5.175323,2.1958752,-12.696648,3.9732442,26.70532,16.820154,-83.833916,14.773812,-2.036414,-12.210748,18.885813,-29.441023,49.05635,-82.632256,17.68976,13.678129,55.315903
304,-10.438117027282715,24.664011001586914,67.70283508300781,2.002624547636925,7.218382660446758,43.0056481259102,-9.926348,-1.1177797,-20.57291,7.958625,-3.1979084,0.0,-13.450727,-22.86213,-25.30219,86.55412,-1.5548579,0.0,6.203102,14.185449,-4.2423983,1.8673474,-12.058481,4.5117993,27.09505,12.242162,-81.85134,13.967315,-0.81547505,-12.210748,18.034357,-29.368607,46.126457,-82.94273,15.986846,13.518216,53.3158
305,-10.19841480255127,24.739336013793945,68.05451965332031,1.4845592064456752,7.2406706811864545,43.32038703627496,-9.049902,-0.47760272,-19.056028,7.2739034,-2.9424582,0.0,-13.590411,-23.133144,-26.415506,82.43925,-2.7181883,0.0,5.6990695,13.632716,-3.4468899,1.6326884,-11.444818,4.5080004,27.584219,7.0440702,-79.642784,12.515298,0.57057184,-12.210748,17.248608,-29.27002,42.638187,-83.47558,13.616469,13.108244,50.86227
306,-9.985276222229004,24.80956268310547,68.33284759521484,1.0091563060593096,7.280949645330517,43.60011805020409,-8.246909,-0.006882301,-16.71933,7.1055956,-3.0970476,0.0,-13.685616,-23.461071,-27.669659,78.23861,-3.9233463,0.0,5.1298733,13.103145,-2.7025132,1.5042506,-10.861802,4.322786,28.171207,1.4433814,-77.381035,10.945834,2.1469874,-12.210748,16.419958,-29.157211,38.74611,-84.06209,10.633473,12.430852,47.8941
307,-9.784852981567383,24.88931655883789,68.59947204589844,0.6458543258157164,7.315592342811471,43.80864488478197,-7.297349,0.3300823,-13.797831,6.8706603,-3.241844,0.0,-13.78395,-23.83459,-28.929441,73.90223,-5.0422206,0.0,4.492961,12.633714,-2.09292,1.4909497,-10.37609,4.3177166,28.66506,-3.9597712,-75.391716,8.997893,3.7672768,-12.210748,15.339249,-29.047068,35.06746,-84.65357,6.953958,11.628882,44.326725
308,-9.5907564163208,24.95740509033203,68.84738159179688,0.40945514762034535,7.326830194022601,43.90874089731969,-6.3970146,0.5211523,-10.619235,6.9041147,-3.4335709,0.0,-13.937894,-24.195988,-30.055283,69.40789,-5.985057,0.0,3.826668,12.2461815,-1.6405282,1.5841848,-10.001773,4.3140106,29.131739,-9.505481,-73.71902,6.6480145,5.3764734,-12.210748,14.176541,-28.925907,31.424753,-85.343475,2.6362631,10.6696825,40.361206
309,-9.385454177856445,25.022628784179688,69.0899658203125,0.3582901713807258,7.304947989726963,43.88970541613292,-5.4560995,0.53906167,-7.0919228,7.162014,-3.695594,0.0,-14.106757,-24.58187,-31.083548,64.64582,-6.7233653,0.0,3.1104164,11.95873,-1.4022733,1.808545,-9.80359,4.0355124,29.54684,-15.377535,-72.02324,3.6848168,6.8394036,-12.210748,13.082433,-28.80613,27.688847,-86.32645,-2.3482552,9.4204,36.02948
310,-9.173772811889648,25.072479248046875,69.30844116210938,0.44981106657324355,7.266179568104493,43.76310952727708,-4.478984,0.41613406,-3.117513,7.6372933,-4.0777607,0.0,-14.294698,-24.972408,-32.026634,59.65049,-7.319087,0.0,2.3517826,11.737243,-1.3336421,2.1551757,-9.734196,4.128082,29.866121,-21.249298,-70.86705,-0.024120925,8.313478,-12.210748,11.875725,-28.69913,24.053415,-87.35399,-8.124541,7.6575627,31.121626
311,-8.959429740905762,25.110340118408203,69.45774841308594,0.5739788163460626,7.204905524373219,43.53011587924053,-3.6481054,0.29587805,0.81986976,8.453348,-4.5324183,0.0,-14.619228,-25.27598,-32.677883,54.66324,-7.847453,0.0,1.6073148,11.557129,-1.3352722,2.6018243,-9.775238,4.1670947,30.14818,-27.323284,-69.656166,-3.6157362,9.582164,-12.210748,10.861485,-28.53699,20.273207,-88.58039,-14.092295,5.4846487,26.240326
312,-8.746162414550781,25.140037536621094,69.5075912475586,0.6451888224092746,7.123233271927337,43.19829101657448,-3.6722174,0.36117733,4.1478553,10.844591,-5.5701685,0.0,-15.190724,-25.427105,-32.830204,49.877987,-8.358517,0.0,0.9089432,11.392688,-1.3362004,3.1293488,-9.910153,4.5512877,30.2761,-32.860245,-68.51986,-6.8145366,10.5495615,-12.210748,9.779003,-28.287256,16.87548,-89.7905,-20.035067,3.0729227,21.405602
313,-8.51576042175293,25.168773651123047,69.46526336669922,0.7107029381788846,7.010063669209039,42.770069608626216,-3.956241,0.60184866,6.494882,13.484319,-6.24571,0.0,-16.010128,-25.456182,-32.30618,45.169155,-8.826693,0.0,0.25167513,11.247573,-1.3979081,3.7292972,-10.2087,5.059384,30.356918,-38.18207,-67.35047,-9.291581,11.141753,-12.210748,8.706901,-27.930914,13.658892,-91.078674,-26.232422,0.40375298,16.526054
314,-8.27645492553711,25.182405471801758,69.34373474121094,0.8017252065078044,6.869847086220956,42.24488283941594,-4.081013,0.8737948,7.986528,15.611829,-6.2708163,0.0,-17.04224,-25.416643,-31.189245,40.534645,-9.290436,0.0,-0.38274366,11.128685,-1.5398486,4.4095707,-10.659669,5.726007,30.392582,-43.365097,-66.25647,-11.427662,11.47834,-12.210748,7.595905,-27.49026,10.612038,-92.41833,-32.771748,-2.718091,11.5602255
315,-8.020875930786133,25.192180633544922,69.15189361572266,0.8422451916514738,6.725140912172684,41.626083611746886,-3.9591923,1.1592238,8.800503,17.048471,-5.9694614,0.0,-18.287891,-25.295298,-29.72311,36.245068,-9.832305,0.0,-0.971624,11.023415,-1.660111,5.165378,-11.126212,6.578953,30.334986,-48.204773,-65.21903,-13.396568,11.749179,-12.210748,6.3676662,-26.971493,7.8125305,-93.71655,-38.991203,-6.0670733,6.9575243
316,-7.752514839172363,25.20602035522461,68.8967514038086,0.7568585195833802,6.596912486563978,40.91611929459566,-3.518516,1.4872189,9.170648,17.666788,-5.7608943,0.0,-19.719503,-25.079266,-28.219631,32.517574,-10.496195,0.0,-1.4919045,10.923175,-1.6570977,5.993475,-11.4679365,7.651811,30.153597,-52.49365,-64.23927,-15.350586,12.121725,-12.210748,4.919562,-26.397823,5.286526,-94.877174,-44.268734,-9.204692,3.078914
317,-7.4781599044799805,25.237890243530273,68.59668731689453,0.4703556101135535,6.537815448798618,40.11424534089237,-2.8451583,1.9373277,8.81358,17.426222,-5.817845,0.0,-21.341337,-24.662355,-26.82761,29.176409,-11.252846,0.0,-1.9381937,10.764023,-1.4395539,6.895866,-11.616692,8.99881,29.849304,-56.228428,-63.398045,-17.341438,12.616854,-12.210748,3.1263933,-25.78204,2.9165533,-95.90066,-48.628212,-11.710633,-0.16907558
318,-7.208637714385986,25.285888671875,68.29006958007812,0.04287090141674648,6.516360418531936,39.21887118961624,-2.0016794,2.4561224,7.671237,16.48523,-6.0408907,0.0,-23.136904,-24.147276,-25.43667,26.169798,-12.111021,0.0,-2.3204367,10.5767145,-1.0843697,7.872858,-11.662327,10.631245,29.485115,-59.501106,-62.76531,-19.304028,13.148902,-12.210748,0.9469047,-25.15782,0.6339199,-96.73175,-52.462406,-13.692686,-3.070996
319,-6.940401554107666,25.313955307006836,67.93112182617188,-0.37118657273562095,6.4292649615884425,38.2389137035542,-0.84982103,2.897224,6.398293,14.988945,-6.433402,0.0,-25.074793,-23.7564,-23.977901,23.866854,-13.112409,0.0,-2.6500382,10.492199,-0.7699834,8.920253,-11.696006,12.498315,29.132105,-62.245247,-62.342304,-21.20507,13.710873,-12.210748,-1.5532298,-24.568993,-1.496642,-97.229454,-55.706547,-15.386867,-5.5863476
320,-6.669010162353516,25.318655014038086,67.5226058959961,-0.6332479625419158,6.177724800872261,37.1833994097108,0.75354147,3.130076,5.6886926,13.110489,-6.9872117,0.0,-27.081373,-23.550993,-22.378786,22.477541,-14.18497,0.0,-2.936049,10.638268,-0.6583899,10.034253,-11.813612,14.5152445,28.838465,-64.40616,-62.116474,-23.001589,14.303566,-12.210748,-4.251373,-24.03917,-3.3697708,-97.32135,-58.265385,-17.043425,-7.6392083
321,-6.396071434020996,25.299325942993164,67.0862045288086,-0.7807110394885922,5.684986716617745,35.89922918204055,3.3842099,3.0871227,5.965215,9.992545,-7.484603,0.0,-28.382017,-23.008438,-20.822102,20.279953,-14.449003,0.0,-3.1313715,11.115789,-0.7290075,11.305994,-11.995807,16.691896,28.575174,-65.967415,-62.216976,-24.749794,15.093842,-12.210748,-7.253202,-23.536812,-4.940662,-97.08821,-60.08315,-18.637682,-9.05757
322,-6.138152599334717,25.282522201538086,66.66407012939453,-0.8652331598810633,5.024075113422701,34.43987205662981,5.43052,2.9695709,6.7629833,8.746036,-9.500026,0.0,-28.933903,-22.066065,-19.42665,17.037666,-13.78768,0.0,-3.2547233,11.833898,-0.9072401,12.706528,-12.21048,18.995073,28.321135,-67.0249,-62.65654,-26.438429,16.03135,-12.210748,-10.604767,-23.057129,-6.3653746,-96.50122,-61.268665,-19.93555,-9.939635
323,-5.910099983215332,25.247722625732422,66.29277801513672,-0.9009855427818972,4.325530363141785,33.07898213763869,7.2678638,2.812714,7.6957054,7.9758887,-11.69772,0.0,-28.899645,-21.018564,-18.401571,13.309997,-12.2992735,0.0,-3.3503425,12.638622,-1.1448733,14.052109,-12.523006,21.26383,28.108816,-67.68106,-63.23957,-27.909441,16.820469,-12.210748,-14.027758,-22.639744,-7.7371864,-95.406075,-61.96563,-20.924906,-10.564707
324,-5.691220283508301,25.20816993713379,65.93655395507812,-0.8066630538297992,3.7199018015609995,32.10496487913198,8.734569,2.638858,8.32655,7.4741645,-13.390159,0.0,-29.196917,-20.477657,-17.664835,11.091868,-10.911071,0.0,-3.50382,13.367447,-1.5069727,15.163446,-12.991499,23.401999,28.002087,-67.96815,-63.80914,-29.035492,17.174868,-12.210748,-16.95632,-22.313152,-8.790486,-94.104195,-62.17349,-21.89253,-11.571463
325,-5.489704608917236,25.157529830932617,65.66082763671875,-0.6034855049237289,3.197214383962394,31.419441944769897,9.872201,2.4173315,8.782857,7.159427,-14.461212,0.0,-31.079363,-20.782536,-16.995754,12.9984045,-10.69304,0.0,-3.6775622,14.057031,-2.033198,16.064892,-13.762905,25.390722,27.915321,-67.89281,-64.288795,-29.873829,16.956654,-12.210748,-19.834827,-22.031538,-10.002388,-91.81668,-62.228718,-22.436493,-12.266436
326,-5.268280029296875,25.07712173461914,65.51217651367188,-0.3415374448559397,2.706221856642408,30.91026280594714,10.828229,2.1517313,9.26051,6.9434805,-15.131477,0.0,-33.056858,-21.325312,-16.681505,15.81437,-10.101483,0.0,-3.840608,14.7655735,-2.667792,16.837633,-14.748961,27.304567,27.874489,-67.424034,-64.87853,-30.465279,16.38436,-12.210748,-22.123047,-21.780697,-10.569604,-89.68449,-61.74378,-23.242851,-13.465557
327,-4.949795246124268,24.97719955444336,65.49978637695312,-0.09554655350046505,2.307569618586667,30.79043473172374,11.521886,2.0193398,9.477398,6.7763314,-15.318005,0.0,-34.55491,-21.880415,-16.544632,18.284966,-9.123052,0.0,-3.969108,15.37464,-3.2289221,17.34265,-15.669143,28.973671,27.867949,-66.6635,-65.45708,-30.576242,15.674894,-12.210748,-23.858238,-21.593838,-10.896339,-87.49183,-60.91719,-23.654228,-14.545215
328,-4.394520282745361,24.83967399597168,65.10564422607422,0.7385570818776064,2.0488480763457537,31.529631200235855,11.877813,1.7034488,8.737682,6.8834677,-15.206454,0.0,-39.14899,-24.038382,-14.716482,27.270107,-11.987931,0.0,-4.4757442,15.720162,-4.224491,17.478224,-16.286474,30.33891,27.925404,-65.65785,-65.9037,-30.043034,15.002769,-12.210748,-24.754103,-21.505545,-10.93774,-85.64579,-59.761105,-23.391533,-15.454495
329,-3.8747382164001465,24.707544326782227,65.17871856689453,0.8074968576312305,1.9416541273759806,32.846524955159204,11.855732,2.292834,7.6491737,6.851926,-14.318056,0.0,-39.125916,-24.548176,-14.702157,28.080946,-11.387364,0.0,-4.5592747,15.874996,-4.19718,17.17329,-16.442675,30.910389,27.957722,-65.09844,-65.96065,-28.360268,14.567509,-12.210748,-24.350485,-21.535719,-10.674501,-84.293205,-58.250275,-22.6876,-16.52962
330,-3.3360910415649414,24.546438217163086,65.381103515625,0.7357328919688308,1.964603399849386,34.79207997107166,11.434622,3.2343779,6.0639286,7.001686,-12.947525,0.0,-38.03514,-24.904825,-15.081283,27.678644,-10.574944,0.0,-4.57649,15.856994,-3.8575323,16.477686,-16.466938,31.272419,28.027351,-64.24972,-65.86105,-26.145065,14.134685,-12.210748,-23.195711,-21.643736,-10.188793,-83.02258,-56.287292,-21.521334,-17.694843
331,-2.775407314300537,24.356643676757812,65.65074920654297,0.5982295187779224,2.1248127615438603,37.06490640926749,10.547612,4.3500957,4.211558,7.5284305,-11.311862,0.0,-36.54263,-25.053576,-15.304763,26.83008,-9.703438,0.0,-4.4933085,15.673152,-3.3869302,15.562375,-16.304548,31.241556,28.13688,-63.02872,-65.89708,-23.395071,13.828262,-12.210748,-21.601744,-21.819256,-9.504466,-81.700035,-54.12242,-19.963055,-18.063015
332,-2.200334072113037,24.161203384399414,65.9513168334961,0.4924507322087759,2.4238237279262136,39.35732210825871,9.317089,5.424408,2.3253903,8.201852,-9.391566,0.0,-35.308117,-25.010567,-14.809389,26.250628,-8.865513,0.0,-4.2753067,15.324794,-2.992479,14.670948,-15.967036,30.701624,28.281668,-61.21099,-66.274994,-20.175371,13.692035,-12.210748,-20.119562,-22.030909,-8.732609,-79.86826,-52.00519,-17.96485,-16.532293
333,-1.6018280982971191,23.953079223632812,66.28480529785156,0.4589452855687847,2.9213114718042217,41.62842914489923,7.6994147,6.4167886,0.40333506,8.959403,-6.987603,0.0,-34.629757,-24.8617,-13.212107,26.299786,-8.152391,0.0,-3.865266,14.717942,-2.7157214,13.897971,-15.385516,29.58237,28.46339,-58.52297,-66.764854,-16.635427,13.63102,-12.210748,-19.09424,-22.273,-8.074527,-76.9172,-49.886703,-15.305835,-12.035914
334,-0.9665951132774353,23.725419998168945,66.634765625,0.45587472089758935,3.594415498940783,44.03293848216439,4.9972763,7.389454,-1.7372729,11.322624,-4.9305925,0.0,-34.191242,-24.621479,-10.857223,26.692211,-7.589043,0.0,-3.310527,13.883748,-2.4614878,12.981837,-14.342404,28.763994,28.781845,-54.05399,-67.50418,-13.543133,13.351645,-12.210748,-18.745691,-22.620956,-7.644706,-72.4955,-47.407272,-11.995372,-5.092137
335,-0.29281583428382874,23.48430824279785,66.99026489257812,0.469805096619995,4.315388280127652,46.54917217095053,1.7244501,8.262509,-3.9890509,14.505306,-3.153683,0.0,-33.697243,-24.253744,-8.351954,27.085863,-7.0456,0.0,-2.7038968,13.000915,-2.22815,12.28617,-13.393992,27.49189,29.156574,-49.27449,-68.21291,-10.031472,12.862223,-12.210748,-18.275253,-22.950682,-7.2850018,-67.94339,-44.338562,-8.542523,2.459103
336,0.41144227981567383,23.235454559326172,67.33853912353516,0.48426650547473216,4.958429453655853,49.15780138822839,-1.1036073,9.076283,-6.1489472,16.663652,-1.0184803,0.0,-32.85934,-23.746088,-6.2462397,27.171629,-6.4487996,0.0,-2.157154,12.255554,-2.0296059,11.609334,-12.577538,26.74845,29.706541,-43.57693,-69.66615,-6.4119253,12.093865,-12.210748,-17.422575,-23.299482,-6.4627447,-64.03149,-40.91233,-5.4554706,8.923184
337,1.1358615159988403,23.000438690185547,67.66649627685547,0.4675526705873078,5.517478033860073,51.873634454457225,-3.6249993,9.821388,-8.88795,17.911308,1.7542987,0.0,-31.55745,-23.081501,-4.6365914,26.790043,-5.715062,0.0,-1.6804347,11.648417,-1.8425038,11.087939,-12.019104,26.08075,30.441998,-37.518593,-71.62657,-1.6958748,11.009096,-12.210748,-15.942149,-23.629343,-4.8257694,-61.05266,-37.236553,-2.7491636,13.938167
338,1.8792483806610107,22.778541564941406,67.96237182617188,0.4444063870229716,6.051221948939823,54.69968062820667,-5.96426,10.515487,-11.988805,18.477444,5.02986,0.0,-29.956898,-22.331211,-3.2831545,26.15087,-4.9857526,0.0,-1.2163504,11.097248,-1.6741824,10.653349,-11.565126,25.531538,31.360767,-31.024586,-73.87257,4.0406733,9.51193,-12.210748,-14.145758,-23.960413,-2.5640092,-58.42706,-33.338615,-0.2134921,18.374264
339,2.6338891983032227,22.552160263061523,68.21073913574219,0.4692354041501375,6.530800962576869,57.605843874135715,-8.268386,11.2538185,-14.154314,19.012852,7.817093,0.0,-28.21248,-21.605774,-2.252399,25.449886,-4.359457,0.0,-0.7640069,10.658989,-1.5693691,10.159426,-11.262866,25.087498,32.43058,-24.489569,-76.318596,10.404031,7.7113285,-12.210748,-11.96696,-24.284758,0.23708706,-56.42555,-29.607838,2.0338929,22.013847
340,3.4173007011413574,22.305953979492188,68.416015625,0.5887032266718666,6.9223541409170295,60.56749195313776,-10.82159,12.117169,-14.26285,20.38736,9.02517,0.0,-26.477703,-20.98263,-1.5974361,24.88849,-3.9660342,0.0,-0.3234188,10.390447,-1.5704122,9.466498,-11.170104,24.734016,33.52459,-18.275455,-78.93984,16.918585,5.8113914,-12.210748,-9.280762,-24.596075,3.6172743,-55.427967,-26.442791,3.8715897,24.477942
341,4.21544075012207,22.02764129638672,68.57840728759766,0.7811341909741875,7.188237488803138,63.63492962664629,-13.948988,13.396215,-11.495271,23.471552,7.832986,0.0,-24.727974,-20.413277,-1.357513,24.468645,-3.7717237,0.0,0.11521352,10.333117,-1.6596907,8.529381,-11.382216,23.290274,34.23884,-13.204451,-80.59688,23.878124,3.602881,-12.210748,-5.863129,-24.890207,7.392045,-55.558502,-23.644552,5.429,25.625656
342,5.041195869445801,21.720970153808594,68.67088317871094,1.0085268275114112,7.348636011092161,66.7942456369352,-17.119368,15.229755,-6.6662264,27.12369,4.9029117,0.0,-22.94084,-19.846542,-1.4899987,24.164762,-3.773104,0.0,0.548021,10.450449,-1.8205744,7.435393,-11.850259,21.88638,34.845974,-8.257435,-82.354095,31.400448,1.1668909,-12.210748,-2.1959531,-25.278528,11.95838,-56.246586,-21.195574,6.7735295,25.509426
343,5.88589334487915,21.437246322631836,68.69075775146484,1.299415587472149,7.449655498378343,69.93178373298937,-19.574026,17.228388,-1.016557,29.732477,1.3726674,0.0,-21.238325,-19.350899,-1.9452713,24.056574,-4.048912,0.0,0.9825544,10.685192,-2.0753489,6.213921,-12.412462,19.926926,35.206482,-4.1987166,-83.69861,38.73874,-1.5253086,-12.210748,1.3206251,-25.67018,16.523605,-57.06257,-18.570839,7.911353,25.137136
344,6.736960411071777,21.182960510253906,68.65406799316406,1.7010741988293796,7.535542097968013,72.95337882661981,-21.12509,18.718021,4.116789,30.527662,-1.5309439,0.0,-19.713818,-19.012379,-2.6835532,24.16823,-4.6356444,0.0,1.3979552,10.978769,-2.461378,4.9060206,-12.9075365,17.867926,35.356705,-0.61328715,-85.21493,44.961124,-4.052508,-12.210748,4.276096,-26.068527,21.28131,-57.77755,-16.014824,8.707554,24.880997
345,7.579986572265625,20.951969146728516,68.57443237304688,2.2576936894120894,7.603936938976382,75.8668502274291,-21.911469,19.508396,8.975786,29.54474,-3.6347566,0.0,-18.468134,-18.830921,-3.6226842,24.64064,-5.4479513,0.0,1.7794077,11.326272,-3.0308297,3.4954836,-13.30949,15.341422,35.24386,2.5220413,-86.63984,49.9144,-6.4256454,-12.210748,7.0109906,-26.41362,26.177114,-58.779476,-13.170024,9.026002,24.836731
346,8.41650390625,20.728498458862305,68.44747924804688,2.9392581489546057,7.622728607228492,78.72152602614878,-22.246973,19.892616,14.099824,27.568613,-5.5661726,0.0,-17.383425,-18.759102,-4.789011,25.339825,-6.4303946,0.0,2.1087813,11.757497,-3.750516,1.9920598,-13.700222,13.158172,34.05528,6.3874016,-88.877396,53.150227,-8.150084,-12.210748,9.147793,-26.89512,32.565224,-59.812668,-11.024823,8.852945,24.059309
347,9.233641624450684,20.506855010986328,68.27244567871094,3.6774987672726973,7.592791290084771,81.4982012249028,-22.609997,19.974085,18.351625,25.349491,-7.2674875,0.0,-16.23978,-18.797087,-6.2937098,25.911812,-7.626495,0.0,2.439714,12.270384,-4.5248594,0.40231222,-14.061924,9.905284,32.87989,8.96986,-90.31527,55.607983,-10.137609,-12.210748,11.626884,-27.11111,37.543915,-61.090595,-8.0636,8.623812,24.101954
348,10.033084869384766,20.291654586791992,68.07760620117188,4.400199605048212,7.52451761035123,84.17535626324131,-23.360666,19.840937,20.614986,23.449919,-8.624867,0.0,-14.833815,-18.920565,-8.235343,26.03272,-9.051637,0.0,2.770717,12.856224,-5.2616377,-1.2147696,-14.382561,6.5988235,31.711403,11.238686,-91.88796,56.97117,-11.740509,-12.210748,13.838899,-27.252829,41.886963,-62.173923,-5.664252,8.500728,24.591778
349,10.831915855407715,20.08972930908203,67.80006408691406,5.123315423599132,7.442764124398741,86.81961226334124,-24.553009,19.2645,20.223555,21.543394,-9.366046,0.0,-12.898732,-19.095028,-10.890618,25.29685,-10.698817,0.0,3.098072,13.490498,-5.9703197,-2.9292173,-14.611394,3.1936712,30.543488,13.362804,-93.771706,56.704754,-12.661587,-12.210748,15.8807955,-27.291328,45.57531,-63.30402,-4.118701,8.506956,25.568254
350,11.615804672241211,19.909927368164062,67.52838134765625,5.871077951088137,7.334559782304535,89.42022610368672,-25.95259,18.309935,17.871958,19.409374,-9.612599,0.0,-10.550623,-19.195229,-14.073387,23.814552,-12.347709,0.0,3.4125228,14.183355,-6.691817,-4.7344756,-14.765499,-0.9292661,29.416553,15.299884,-95.3764,54.943745,-12.940213,-12.210748,17.903048,-27.24081,48.85034,-64.699356,-3.1705582,8.525254,26.857086
351,12.379478454589844,19.744213104248047,67.22372436523438,6.577031518369977,7.1661559829913895,91.83553927611398,-27.38797,17.36869,14.552401,17.556862,-9.729169,0.0,-8.22961,-19.136173,-17.181461,22.183754,-13.826657,0.0,3.733241,14.976918,-7.3668365,-6.477599,-14.932553,-4.964523,28.393417,17.33672,-96.91388,52.72152,-12.9920025,-12.210748,19.845505,-27.148336,51.67865,-66.18421,-2.5040216,8.607918,28.401093
352,13.10568618774414,19.574270248413086,66.85092163085938,7.141206220825223,6.913879810172793,93.9112849854668,-29.002123,16.852951,11.157843,17.008213,-10.325855,0.0,-6.5293293,-18.993467,-19.600372,21.4098,-15.261289,0.0,4.1003613,15.911539,-7.899879,-8.001721,-15.20238,-8.770948,27.517357,19.37535,-98.0323,50.92838,-13.229327,-12.210748,21.613203,-27.056482,54.01045,-67.55764,-1.8117752,8.793995,30.155218
353,13.787931442260742,19.39631462097168,66.44735717773438,7.560430880262689,6.541424576101421,95.63292991064284,-30.599585,16.633997,7.342657,17.246408,-11.181184,0.0,-5.5975075,-18.927555,-21.149029,21.91621,-16.8891,0.0,4.5653214,17.062086,-8.250638,-9.330966,-15.564825,-12.560533,26.746944,21.23724,-98.62604,49.499493,-13.665376,-12.210748,23.214466,-26.956081,55.754063,-68.93576,-1.0941981,9.1244135,32.254467
354,14.446028709411621,19.205198287963867,66.05134582519531,7.896711119786803,6.085271102007926,97.0837219559786,-32.050236,16.399153,2.8487723,17.680695,-11.922311,0.0,-5.1744184,-18.95676,-22.16635,23.270004,-18.718414,0.0,5.090522,18.383446,-8.482505,-10.524109,-15.980294,-16.403671,26.052658,23.048311,-98.87113,47.97449,-14.059734,-12.210748,24.686138,-26.8313,56.99198,-70.45855,-0.50195915,9.567884,34.66378
355,15.083379745483398,19.000173568725586,65.70481872558594,8.164632128473826,5.635074189720156,98.2619149875044,-33.272808,16.20017,-1.2057294,18.399763,-12.490609,0.0,-5.2312226,-19.050947,-22.841135,25.255018,-20.611195,0.0,5.5702558,19.738447,-8.6722,-11.474126,-16.495165,-20.095394,25.463375,25.01458,-98.68626,46.589073,-14.457493,-12.210748,25.941174,-26.704992,57.922146,-71.91973,0.03575198,10.049297,37.09668
356,15.715726852416992,18.767488479614258,65.38578033447266,8.383926217354873,5.278840977293486,99.1679000036058,-34.245174,16.161104,-3.7199292,19.567736,-12.874296,0.0,-5.73711,-19.191975,-23.356758,27.660446,-22.424833,0.0,5.882176,20.994066,-8.914428,-12.075938,-17.159187,-23.391422,24.993876,27.27971,-97.99317,45.601826,-14.931992,-12.210748,26.886179,-26.597507,58.733402,-73.09,0.5823803,10.501623,39.276024
357,16.345176696777344,18.504623413085938,65.09237670898438,8.567307161561601,5.047443858513533,99.72324900989054,-35.092907,16.469936,-4.3352118,21.529049,-13.129664,0.0,-6.878251,-19.444225,-23.674023,30.731676,-24.177904,0.0,6.001814,22.166792,-9.255293,-12.220377,-18.10219,-26.186962,24.613028,29.831673,-96.76339,45.21312,-15.597859,-12.210748,27.384289,-26.510983,59.54053,-73.90226,1.1427052,10.934507,41.269444
358,16.93183135986328,18.23792839050293,64.78137969970703,8.623480788756009,4.901940478426146,99.91886046116844,-36.169228,17.210085,-3.8378482,24.81312,-13.662708,0.0,-8.367401,-19.711435,-23.730827,34.03681,-25.709253,0.0,6.0518394,23.303162,-9.559922,-11.995064,-19.258757,-28.583406,24.292023,32.534378,-95.05398,45.225185,-16.41649,-12.210748,27.506721,-26.431618,60.225674,-74.48455,1.6745567,11.375679,43.186348
359,17.497514724731445,17.985733032226562,64.47210693359375,8.620764764815743,4.811116731007433,99.94710320384156,-37.05883,18.219015,-2.5924454,28.389074,-14.201761,0.0,-9.89119,-19.909296,-23.667358,37.161972,-27.038261,0.0,5.9567347,24.336023,-9.871343,-11.591806,-20.380035,-30.604229,24.044374,35.291283,-92.94774,45.341087,-17.274607,-12.210748,27.46438,-26.351809,60.624714,-74.89052,2.1617255,11.807058,44.812157
360,18.032438278198242,17.74652099609375,64.17626953125,8.573856093222197,4.746182929373919,99.9777396951652,-37.605618,19.306166,-0.99263036,31.813282,-14.754529,0.0,-11.188328,-19.974358,-23.602623,39.775383,-28.194365,0.0,5.6854563,25.192083,-10.179702,-11.198335,-21.219572,-32.239746,23.869102,37.96818,-90.5683,45.303085,-18.100496,-12.210748,27.468466,-26.26551,60.57387,-75.17003,2.582571,12.207935,45.93056
361,18.53656005859375,17.53518295288086,63.899658203125,8.50750942976372,4.715675326428097,99.99551416160664,-37.707706,20.562294,1.3719414,35.1567,-15.536635,0.0,-12.237272,-19.90745,-23.512632,41.80902,-29.183193,0.0,5.1972013,25.839226,-10.564698,-10.790436,-21.737753,-33.357822,23.75419,40.615086,-87.80771,45.256336,-19.171776,-12.210748,27.52131,-26.165672,60.050602,-75.28606,2.960671,12.654399,46.51985
362,19.010622024536133,17.348901748657227,63.6436653137207,8.40867270036243,4.729759011851522,99.92876441443343,-37.49995,22.120796,4.5202627,38.83225,-16.647198,0.0,-13.174938,-19.736423,-23.36075,43.455868,-29.99616,0.0,4.5168705,26.314703,-11.012982,-10.296307,-22.06421,-33.886913,23.681551,43.1469,-84.688675,45.40966,-20.595291,-12.210748,27.526974,-26.054247,59.137276,-75.219986,3.2800474,13.142193,46.688526
363,19.444093704223633,17.181814193725586,63.402706146240234,8.231062263594746,4.761591987045582,99.86276011237271,-37.223637,23.763363,7.4839087,42.92415,-17.87476,0.0,-13.975244,-19.450155,-23.253176,44.799717,-30.661797,0.0,3.7200346,26.652393,-11.369124,-9.829159,-22.2063,-33.943073,23.639442,45.227562,-81.55979,45.605545,-22.005486,-12.210748,27.547476,-25.936241,57.82979,-75.04112,3.4563448,13.534004,46.411095
364,19.84053611755371,17.025012969970703,63.16965103149414,7.925744773735655,4.784285346134924,99.88479045351568,-37.166397,25.21654,9.258668,47.41821,-18.899055,0.0,-14.617049,-19.036642,-23.295322,45.9348,-31.218235,0.0,2.8836842,26.893534,-11.47697,-9.500724,-22.167004,-33.69915,23.615444,46.568592,-78.78513,45.60264,-22.927612,-12.210748,27.63926,-25.819042,56.132736,-74.81814,3.4019394,13.69267,45.651646
365,20.21269416809082,16.880352020263672,62.928627014160156,7.462756964668412,4.781500150967685,100.07491859362992,-37.57539,26.348803,9.39342,52.474586,-19.596066,0.0,-15.0472765,-18.481543,-23.578548,46.872902,-31.69477,0.0,1.9661243,27.036547,-11.273023,-9.342754,-21.893047,-33.225883,23.60489,47.224895,-76.35124,45.316086,-23.12275,-12.210748,27.845753,-25.69475,53.95333,-74.46642,3.0380416,13.536239,44.255325
366,20.542890548706055,16.737503051757812,62.679779052734375,6.874765014922111,4.772155062168692,100.3702650067058,-38.31465,27.205894,8.378006,58.005424,-20.056911,0.0,-15.322883,-17.8168,-24.01496,47.61805,-32.083485,0.0,0.94615126,27.075983,-10.848613,-9.297728,-21.401407,-32.444668,23.604286,47.2655,-74.122604,44.909737,-22.871546,-12.210748,28.120209,-25.56069,51.342316,-73.9421,2.4335203,13.160638,42.28893
367,20.8428897857666,16.600950241088867,62.422664642333984,6.202979890082929,4.781043173532562,100.6450798480187,-39.103195,27.719385,6.6730328,63.557755,-20.178774,0.0,-15.575284,-17.07821,-24.45413,48.27327,-32.40289,0.0,-0.06997597,27.051643,-10.278338,-9.34241,-20.79381,-31.380896,23.612598,46.58406,-72.31586,44.34887,-22.252432,-12.210748,28.395302,-25.413492,48.44836,-73.36778,1.7734848,12.690112,40.08746
368,21.115510940551758,16.458974838256836,62.160831451416016,5.48793117534288,4.830296717659447,100.77208154536002,-39.608574,27.872984,4.8443127,68.6933,-19.874338,0.0,-15.940134,-16.303226,-24.745499,48.93706,-32.6616,0.0,-0.97245187,26.996157,-9.633435,-9.451728,-20.169111,-30.048975,23.63016,45.07308,-71.14457,43.618645,-21.361198,-12.210748,28.592443,-25.25388,45.418125,-72.86977,1.2177615,12.254482,37.96798
369,21.352985382080078,16.323116302490234,61.893951416015625,4.739560548533047,4.9145931098175115,100.71337704453119,-39.77241,27.482351,2.811216,73.381325,-19.100338,0.0,-16.446136,-15.508167,-24.8452,49.654484,-32.850567,0.0,-1.7187386,26.903694,-8.91538,-9.633153,-19.503412,-28.40071,23.664837,42.63746,-70.63316,42.909744,-20.259075,-12.210748,28.705477,-25.078646,42.173283,-72.36514,0.7359501,11.8829975,35.919456
370,21.56134605407715,16.18646240234375,61.63011169433594,3.9398592942694726,5.022358589280377,100.5391733722403,-39.693108,26.519129,0.54453975,77.81489,-17.83357,0.0,-17.01762,-14.67116,-24.841951,50.353676,-32.95748,0.0,-2.3746195,26.764013,-8.089659,-9.897449,-18.75288,-26.456425,23.726616,39.41367,-70.65949,42.175343,-18.877728,-12.210748,28.726326,-24.886724,38.668648,-71.74795,0.28022453,11.514679,33.81676
371,21.742408752441406,16.061016082763672,61.37232208251953,3.08891696123992,5.1646206181631,100.28034158816502,-39.26037,25.3429,-1.2895759,81.87089,-16.093344,0.0,-17.606207,-13.7775955,-24.781649,50.96454,-33.010323,0.0,-2.987027,26.597609,-7.1696286,-10.2210455,-17.987604,-24.301645,23.823885,35.625935,-71.215775,41.04404,-17.148682,-12.210748,28.575413,-24.687023,35.08593,-71.12814,-0.031715978,11.149691,31.783382
372,21.901853561401367,15.947240829467773,61.11883544921875,2.187448852522971,5.352827616538101,99.9656480589536,-38.426357,24.392149,-2.1462734,85.42209,-13.919031,0.0,-18.178528,-12.812653,-24.705757,51.43073,-33.03916,0.0,-3.599887,26.426073,-6.1671996,-10.578928,-17.276926,-21.998299,23.965796,31.445513,-72.30672,39.14002,-15.023403,-12.210748,28.193256,-24.492947,31.597933,-70.64367,-0.08439863,10.79243,29.922592
373,22.04840087890625,15.853938102722168,60.86460876464844,1.2318685502322648,5.573354412842742,99.55754689452071,-37.126575,23.812002,-1.8833511,88.42902,-11.231402,0.0,-18.729673,-11.758227,-24.58326,51.743507,-33.056396,0.0,-4.2026973,26.258097,-5.0824847,-10.972512,-16.640532,-19.541922,24.189579,26.904772,-73.91034,36.15175,-12.430859,-12.210748,27.593235,-24.311504,28.171513,-70.34213,0.50800884,10.458426,28.28692
374,22.17205047607422,15.769426345825195,60.61079406738281,0.2252037577415111,5.820857945799115,99.05157012743683,-35.417015,23.43059,-0.79880327,90.94162,-8.050469,0.0,-19.283644,-10.631136,-24.403349,51.93869,-33.042458,0.0,-4.7857146,26.083664,-3.9108222,-11.402958,-16.03647,-16.92884,24.451782,22.189005,-75.97241,32.126446,-9.235181,-12.210748,26.67468,-24.185257,25.048574,-70.08374,1.407105,10.21869,26.53941
375,22.271705627441406,15.68724250793457,60.35282516479492,-0.8431924141858371,6.121065188944846,98.52408050947294,-33.463573,23.226864,0.8942307,92.982506,-4.539567,0.0,-19.846327,-9.44824,-24.244783,52.037857,-33.00163,0.0,-5.366605,25.89933,-2.6409495,-11.862339,-15.444971,-14.30955,24.806742,16.83917,-78.01356,27.746494,-6.0204263,-12.210748,25.551006,-24.064949,21.845467,-69.84475,2.240843,9.996947,24.905567
376,22.350330352783203,15.615424156188965,60.088741302490234,-1.9704531679739048,6.502936708493754,98.05245215414317,-31.414244,23.179398,2.994972,94.55868,-0.84138095,0.0,-20.416212,-8.232433,-24.185553,52.058144,-32.946697,0.0,-5.9837313,25.703434,-1.2779602,-12.319638,-14.856941,-11.666504,25.206331,11.090154,-80.1245,23.12202,-2.7053282,-12.210748,24.181393,-23.984444,18.863329,-69.63163,2.1804912,9.765814,23.097813
377,22.412874221801758,15.55815315246582,59.822349548339844,-3.1749100824144247,6.987173923481713,97.66818853594592,-29.187569,23.448309,5.6893163,95.59041,3.3898723,0.0,-20.985952,-6.970361,-24.27115,51.97133,-32.87719,0.0,-6.657811,25.492317,0.2183538,-12.824889,-14.262723,-9.370445,25.74913,4.2828765,-81.763466,18.123602,0.64391,-12.210748,22.693226,-23.93533,15.780615,-69.56729,1.3187735,9.383726,21.332912
378,22.46648406982422,15.504905700683594,59.55531692504883,-4.454368208030346,7.552821433861562,97.3221577231897,-26.65782,23.997095,9.021905,96.104965,8.124611,0.0,-21.567028,-5.653689,-24.454777,51.781616,-32.788544,0.0,-7.354338,25.277857,1.8449495,-13.386883,-13.653991,-8.230929,26.554476,-3.9543767,-81.926216,12.843622,3.9270196,-12.210748,21.169235,-23.922573,12.473617,-69.71466,0.028228583,8.829595,19.745298
379,22.512052536010742,15.449494361877441,59.283111572265625,-5.773051740139826,8.169480715663676,96.97278707103304,-23.959116,24.476189,12.556374,96.27186,12.632881,0.0,-22.180344,-4.3159223,-24.674702,51.5493,-32.689335,0.0,-8.034094,25.076189,3.5281699,-13.916824,-13.021895,-7.561072,27.412558,-12.489959,-81.40085,7.5039773,7.0544543,-12.210748,19.617413,-23.966305,9.513829,-70.10783,-2.081959,8.209324,17.90661
380,22.55441665649414,15.393074035644531,59.009056091308594,-7.09834410901338,8.804800646308543,96.58071366770093,-21.33192,24.522411,15.806169,96.26637,16.166616,0.0,-22.830496,-2.9821887,-24.873774,51.31121,-32.578667,0.0,-8.629788,24.893635,5.207404,-14.412632,-12.300697,-7.789792,28.3608,-21.71749,-80.08421,2.677201,9.641495,-12.210748,18.149498,-24.04936,6.605532,-70.684555,-4.993382,7.4502153,16.14364
381,22.592405319213867,15.332062721252441,58.737953186035156,-8.451920902344977,9.486803221648366,96.16746577574162,-18.98657,23.954586,18.506098,96.13382,18.430067,0.0,-23.524647,-1.6315911,-25.076967,51.026566,-32.441906,0.0,-9.172245,24.7079,6.9002633,-14.869029,-11.469478,-7.707121,29.230951,-31.077961,-79.310646,-2.4156199,11.947886,-12.210748,16.766422,-24.170393,4.0053825,-71.47115,-9.603698,6.4638147,14.261717
382,22.62887954711914,15.269720077514648,58.46980667114258,-9.846087921066667,10.218605248890762,95.74120678821735,-16.857557,22.962284,20.898819,95.78916,19.856316,0.0,-24.25496,-0.2568424,-25.30731,50.682022,-32.282043,0.0,-9.6682825,24.518064,8.633115,-15.310674,-10.548057,-7.9181395,30.098959,-41.349186,-78.42274,-7.5805526,14.032435,-12.210748,15.547041,-24.323223,1.4872327,-72.54853,-15.587512,5.1421275,12.539421
383,22.65070343017578,15.21019458770752,58.20354080200195,-11.225461263491715,10.933152146110002,95.2465752168506,-14.813971,21.752308,23.24307,95.21207,20.78575,0.0,-25.008469,1.0817469,-25.498398,50.358738,-32.115948,0.0,-10.076518,24.358942,10.33609,-15.681174,-9.596474,-8.006519,30.774317,-51.43076,-77.47149,-12.83317,15.672175,-12.210748,14.431727,-24.476244,-0.7752192,-73.923004,-21.568916,3.5954723,10.914667
384,22.669620513916016,15.139703750610352,57.9394416809082,-12.534300049885088,11.562704254131711,94.63244076590492,-12.688464,20.514437,25.806019,94.38087,21.56332,0.0,-25.781431,2.3346956,-25.592028,50.14147,-31.95759,0.0,-10.34759,24.257895,11.941243,-15.937115,-8.67522,-8.090371,31.051743,-60.797142,-76.205795,-17.817205,16.720596,-12.210748,13.385521,-24.608585,-2.8304305,-75.66402,-26.101702,2.081798,9.324881
385,22.66588020324707,15.062776565551758,57.67692184448242,-13.785736710137918,12.097253357144295,93.8908846805218,-10.39956,19.304886,28.69683,93.305275,22.121271,0.0,-26.558994,3.5115898,-25.584763,50.01899,-31.800617,0.0,-10.476909,24.221039,13.453582,-16.046146,-7.7756433,-7.3654323,30.827534,-68.60183,-75.03827,-23.903845,16.723286,-12.210748,12.2495985,-24.711803,-4.490593,-77.74646,-28.78543,0.59932107,7.3745303
386,22.654178619384766,14.99441146850586,57.425052642822266,-14.999494457172005,12.567687063581701,93.05146090582485,-8.0613575,17.983356,31.738531,91.988556,22.33663,0.0,-27.33131,4.6459546,-25.507042,49.930527,-31.633749,0.0,-10.486999,24.219324,14.898741,-16.04387,-6.8806696,-6.026818,30.427244,-75.58638,-74.0583,-30.775793,15.948489,-12.210748,11.052258,-24.798124,-5.9322023,-80.13435,-30.371021,-0.85446024,5.2042484
387,22.624860763549805,14.916668891906738,57.18238830566406,-16.128773403517823,12.970204951974022,92.12295421134598,-5.7847786,16.439255,34.77011,90.39183,22.485596,0.0,-28.125038,5.683469,-25.340015,49.92599,-31.463644,0.0,-10.406118,24.234589,16.229069,-15.950163,-6.0587215,-4.1217256,30.01977,-81.397354,-73.04501,-37.04297,14.922851,-12.210748,9.811495,-24.86159,-7.1716776,-82.68379,-31.261074,-2.1987,3.0280333
388,22.577186584472656,14.835691452026367,56.953800201416016,-17.127564304665082,13.30303293091808,91.11543570289655,-3.6887596,14.5821495,37.620785,88.47525,22.847088,0.0,-28.94311,6.5841928,-25.063494,50.02943,-31.296486,0.0,-10.261226,24.250948,17.398693,-15.784209,-5.375721,-1.9087898,29.665337,-85.829704,-71.82379,-41.18615,14.233324,-12.210748,8.528273,-24.896791,-8.213652,-85.23303,-31.86949,-3.3720527,1.0982686
389,22.50347328186035,14.750877380371094,56.73991012573242,-17.95338490728672,13.567556749171933,89.94264576800195,-1.7324345,12.259198,40.39698,86.01074,23.593033,0.0,-29.84128,7.317341,-24.597261,50.300175,-31.136597,0.0,-10.041768,24.2576,18.362043,-15.482732,-4.8630943,0.3799119,29.321733,-88.96776,-70.63937,-42.41004,14.102409,-12.210748,7.0846806,-24.903934,-9.03085,-87.75508,-32.133923,-4.2860694,-0.5641313
390,22.402971267700195,14.655741691589355,56.539154052734375,-18.63822814494985,13.766360998413434,88.63348090877275,0.086563006,9.545266,43.09515,83.057465,24.57191,0.0,-30.795732,7.921998,-23.977327,50.69625,-30.969872,0.0,-9.741924,24.260935,19.155155,-15.057204,-4.4828815,2.7092936,28.977114,-91.14986,-69.87289,-41.609512,14.339679,-12.210748,5.512236,-24.886032,-9.637613,-90.34322,-31.91569,-4.9497647,-2.1348956
391,22.2864933013916,14.572763442993164,56.3548583984375,-19.244384219896972,13.902724558544937,87.37004485325139,1.6386293,6.7417817,45.424217,80.01651,25.560444,0.0,-31.67555,8.460508,-23.34812,51.08701,-30.787533,0.0,-9.3931,24.273005,19.85588,-14.640555,-4.19914,5.051996,28.670872,-92.584274,-69.49986,-39.72657,14.907138,-12.210748,3.9260416,-24.842897,-10.067209,-92.905266,-31.508333,-5.483114,-3.5922508
392,22.185001373291016,14.494979858398438,56.184852600097656,-19.836357007641062,13.980980274023974,86.33476267562604,2.8291552,4.2064285,47.136753,77.43931,26.000021,0.0,-32.381645,8.988429,-22.866447,51.378426,-30.589006,0.0,-9.026269,24.306581,20.544935,-14.3647785,-3.9746068,7.4178042,28.44289,-93.36833,-69.37683,-37.720413,15.689895,-12.210748,2.5751295,-24.775618,-10.370099,-95.47206,-31.2187,-6.0406165,-4.934182
393,22.094942092895508,14.417651176452637,56.023258209228516,-20.45595347111143,13.973791429524889,85.51076767031181,3.7292657,1.9535962,48.271313,75.20561,26.000021,0.0,-32.8979,9.542364,-22.516462,51.56589,-30.351143,0.0,-8.616768,24.399096,21.274323,-14.2630625,-3.7966654,9.831028,28.270464,-93.39856,-69.527016,-35.2913,16.86146,-12.210748,1.178243,-24.671276,-10.467796,-97.77231,-31.138062,-6.6764293,-6.077824
394,22.035789489746094,14.338233947753906,55.896175384521484,-21.04409682746424,13.8929177973111,84.82292032853267,4.4393616,-0.16735871,48.979534,73.00128,26.000021,0.0,-33.259296,10.093002,-22.225372,51.650536,-30.060263,0.0,-8.162012,24.529406,21.983557,-14.266888,-3.6828215,12.228009,28.114164,-92.74477,-70.15236,-32.02149,18.50193,-12.210748,-0.047293454,-24.5377,-10.389554,-100.10574,-31.139076,-7.344519,-7.1278515
395,22.00251579284668,14.258161544799805,55.80977249145508,-21.548962101608417,13.805402102236913,84.36923931768908,4.9294333,-1.9742684,49.221577,71.14422,26.000021,0.0,-33.47477,10.567205,-22.06952,51.624958,-29.763966,0.0,-7.714905,24.628231,22.616844,-14.357322,-3.6496103,14.514998,27.988277,-91.63769,-71.14293,-28.79563,20.181702,-12.210748,-1.0832666,-24.393848,-10.148364,-102.42495,-31.058992,-7.9914055,-8.126966
396,22.00339698791504,14.180869102478027,55.770606994628906,-21.92359078171421,13.78083932253783,84.247848024922,5.1691537,-3.2577295,48.985588,69.98454,26.000021,0.0,-33.55181,10.901029,-22.130087,51.47572,-29.509628,0.0,-7.3303003,24.630224,23.119553,-14.51534,-3.7112386,16.612495,27.914103,-90.25158,-72.222725,-26.593544,21.339512,-12.210748,-2.0036142,-24.259285,-9.751297,-104.59459,-30.729862,-8.5384865,-9.076771
397,22.039478302001953,14.109060287475586,55.78633499145508,-22.151919147809956,13.843633576327926,84.51797179472207,5.080677,-3.9105554,48.154472,69.72533,26.000021,0.0,-33.477474,11.069384,-22.44652,51.19159,-29.307571,0.0,-7.0400543,24.52691,23.467245,-14.826838,-3.8432226,18.538887,27.884844,-88.46494,-73.18158,-26.09582,21.6703,-12.210748,-2.6262248,-24.131641,-9.229007,-106.78465,-30.115402,-9.019897,-10.032251
398,22.102331161499023,14.042242050170898,55.842769622802734,-22.274692633190824,13.960349138358318,85.11895969436961,4.689847,-4.028139,46.790764,70.27064,25.789816,0.0,-33.262085,11.116006,-22.977198,50.80331,-29.144444,0.0,-6.807978,24.355713,23.70439,-15.271655,-4.039663,20.356834,27.889732,-86.18844,-74.10963,-26.680555,21.456306,-12.210748,-3.03133,-24.002756,-8.549516,-108.95407,-29.285559,-9.44467,-10.959859
399,22.18995475769043,13.971296310424805,55.93389129638672,-22.305562323496222,14.110253878190493,85.96566618167633,4.1050863,-3.7106965,45.171135,71.56446,24.912283,0.0,-32.93231,11.071826,-23.666237,50.31624,-29.001265,0.0,-6.5977774,24.11833,23.847239,-15.66666,-4.3576617,21.97748,27.917933,-83.732086,-75.09931,-27.313135,21.009787,-12.210748,-3.2626073,-23.893282,-7.7677765,-111.03714,-28.316347,-9.710093,-11.756376
400,22.296781539916992,13.903691291809082,56.07722854614258,-22.243170960652993,14.271585193629038,86.97222512721002,3.5557175,-3.0942712,43.63164,73.08151,23.98529,0.0,-32.47715,10.967699,-24.4402,49.67347,-28.834684,0.0,-6.372937,23.817028,23.917927,-15.827642,-4.8577,23.389473,27.972176,-81.27741,-76.18677,-27.098492,20.537317,-12.210748,-3.3778894,-23.815214,-6.8869214,-112.96415,-27.271433,-9.731802,-12.343004
401,22.409259796142578,13.829866409301758,56.2634391784668,-22.096133904736554,14.43803217081507,88.1784586557619,3.070893,-2.0674584,42.189785,74.93482,23.046757,0.0,-31.88242,10.80316,-25.338604,48.870853,-28.65256,0.0,-6.1379066,23.451775,23.92598,-15.746005,-5.5819407,24.520922,28.053652,-78.88648,-77.351555,-25.75921,19.944609,-12.210748,-3.3911548,-23.773586,-5.913067,-114.75048,-26.240978,-9.462468,-12.669311
402,22.534027099609375,13.75323486328125,56.49453353881836,-21.853046526627548,14.616394721986826,89.61045156949086,2.5378892,-0.63075614,40.687023,77.20318,22.042368,0.0,-31.14384,10.577312,-26.380714,47.90685,-28.457193,0.0,-5.9059725,23.02183,23.858244,-15.524971,-6.4746757,25.365587,28.157335,-76.46122,-78.50512,-23.760302,19.139606,-12.210748,-3.2977028,-23.760342,-4.8720026,-116.38074,-25.20595,-8.957716,-12.710412
403,22.654464721679688,13.696639060974121,56.77186965942383,-21.50350119908068,14.802971502746678,91.16284518031351,1.9406135,0.9539159,39.17056,79.54613,20.941122,0.0,-30.298008,10.297007,-27.47075,46.799816,-28.227962,0.0,-5.657894,22.5295,23.69982,-15.090656,-7.5135508,26.164454,28.302286,-73.7514,-79.59005,-21.503864,18.221056,-12.210748,-3.08862,-23.772377,-3.6736927,-117.80508,-23.994991,-8.310218,-12.553678
404,22.773866653442383,13.649093627929688,57.095191955566406,-21.037607172452155,14.994280306852994,92.73117844335323,1.2822647,2.431903,37.700977,81.63741,19.70756,0.0,-29.406487,9.965528,-28.524534,45.583275,-27.93879,0.0,-5.368282,21.975088,23.440151,-14.430439,-8.618708,26.861609,28.472626,-70.92872,-80.59071,-19.067919,17.49051,-12.210748,-2.7942708,-23.810268,-2.4573872,-118.87281,-22.57856,-7.572048,-12.06644
405,22.889278411865234,13.599939346313477,57.45547866821289,-20.44957982119527,15.184549586889506,94.28956751288236,0.59701765,3.8180754,36.32287,83.48371,18.34247,0.0,-28.50016,9.576674,-29.521729,44.28435,-27.598625,0.0,-4.9981594,21.336533,23.076895,-13.6382265,-9.685533,27.168232,28.611084,-68.44412,-81.3345,-16.023954,17.175749,-12.210748,-2.446188,-23.86787,-1.4572718,-119.50359,-20.993706,-6.7132597,-10.8942995
406,22.99053192138672,13.565413475036621,57.85059356689453,-19.74311547515262,15.36838397602818,95.89502876141145,-0.114223264,5.222565,34.994743,85.234314,16.863571,0.0,-27.538252,9.132015,-30.510698,42.8777,-27.21849,0.0,-4.575879,20.625576,22.60891,-12.550237,-10.944909,27.484,28.765337,-65.73665,-81.974365,-12.767408,17.005487,-12.210748,-2.036233,-23.955873,-0.37654236,-119.80527,-19.141455,-5.766627,-9.353033
407,23.07295799255371,13.551084518432617,58.27967071533203,-18.927523049412507,15.542743061092787,97.56888410065974,-0.88824075,6.5406995,33.65348,86.790985,15.255372,0.0,-26.499987,8.63542,-31.51878,41.351288,-26.781977,0.0,-4.155383,19.883064,22.045183,-11.297857,-12.2089405,27.644888,28.931479,-62.83044,-82.65173,-9.558328,16.877356,-12.210748,-1.556977,-24.067911,0.7221209,-119.70936,-17.192062,-4.797794,-7.650812
408,23.139785766601562,13.544724464416504,58.742069244384766,-18.009553268855672,15.703488569441744,99.33167824968866,-1.7618842,7.66762,32.235634,88.058846,13.501161,0.0,-25.378847,8.088594,-32.576973,39.705067,-26.27013,0.0,-3.7906353,19.14972,21.395432,-9.961396,-13.357115,27.609278,29.099016,-59.60201,-83.445526,-6.765612,16.602343,-12.210748,-1.0003753,-24.195887,1.8179634,-119.16779,-15.294911,-3.8566666,-6.0473695
409,23.19483757019043,13.548852920532227,59.231590270996094,-16.985355156932044,15.847668702643556,101.1652518195795,-2.780221,8.5632515,30.668636,89.06401,11.505252,0.0,-24.18678,7.495381,-33.67635,37.938095,-25.698336,0.0,-3.4707398,18.408506,20.6603,-8.516012,-14.361409,27.409494,29.260164,-55.963753,-84.25286,-4.7457914,16.110506,-12.210748,-0.34278086,-24.341076,2.9048784,-118.147484,-13.358108,-2.9151392,-4.590832
410,23.222455978393555,13.572578430175781,59.74976348876953,-15.852384090707613,15.966449514261067,103.06715650220758,-3.893459,9.300713,29.003546,89.85534,9.310168,0.0,-22.91526,6.860904,-34.811142,36.032516,-25.059135,0.0,-3.1794121,17.65116,19.832308,-6.8039446,-15.35915,27.583832,29.465435,-51.459198,-85.30988,-3.5494215,15.468412,-12.210748,0.3453357,-24.53347,4.1375546,-116.65715,-11.2828045,-1.964147,-3.3085341
411,23.23870086669922,13.603885650634766,60.30008316040039,-14.62230538812691,16.04525839562371,105.08190987118631,-5.0026045,9.954242,27.364578,90.37064,7.1051292,0.0,-21.547508,6.201867,-36.027157,33.99203,-24.315874,0.0,-2.9382358,16.918438,18.926239,-5.2237525,-16.066898,27.35112,29.650608,-47.010254,-86.312614,-2.0161483,14.7556305,-12.210748,1.0717676,-24.721132,5.208224,-114.73187,-9.3614,-1.0444517,-1.9641465
412,23.246238708496094,13.652676582336426,60.878326416015625,-13.305480272946095,16.06863211219226,107.2547997544023,-6.02228,10.599024,25.873274,90.54273,5.070274,0.0,-20.05557,5.5341573,-37.36514,31.8237,-23.443218,0.0,-2.7860131,16.258411,17.947725,-3.7297266,-16.587164,26.952301,29.805124,-42.40237,-87.40494,0.25991943,13.898516,-12.210748,1.7875835,-24.900515,6.1995554,-112.4456,-7.763601,-0.19338454,-0.6645728
413,23.23749351501465,13.71597957611084,61.48802185058594,-11.892165815049086,16.023506228262995,109.62207523473047,-6.971202,11.285665,24.52915,90.34037,3.2614334,0.0,-18.532942,4.751446,-38.86577,29.780453,-22.551039,0.0,-2.7500439,15.677442,16.891008,-2.2925127,-16.92499,26.395823,29.927439,-37.444843,-88.49753,3.6069868,12.756635,-12.210748,2.483361,-25.071575,7.1261926,-109.75487,-6.533376,0.6690809,0.5762145
414,23.21121597290039,13.788313865661621,62.118446350097656,-10.386832420303973,15.901929292933117,112.14838815554496,-7.8872824,11.982941,23.276907,89.81484,1.5620077,0.0,-16.919617,3.9264688,-40.49881,27.661798,-21.541647,0.0,-2.8096354,15.151422,15.755412,-0.83972794,-17.099297,26.197653,30.04749,-31.732819,-89.806435,7.5412097,11.282121,-12.210748,3.16075,-25.256605,8.077474,-106.660866,-5.546388,1.5634476,1.6662873
415,23.159576416015625,13.880888938903809,62.76481246948242,-8.821276389313384,15.697641629829457,114.77143371421388,-8.73071,12.649463,22.169376,88.95923,-0.03733793,0.0,-15.302251,3.0307128,-42.22278,25.681208,-20.494276,0.0,-2.9123492,14.674142,14.564056,0.5184131,-17.093287,25.696434,30.108858,-26.32444,-90.71965,12.059637,9.434372,-12.210748,3.9062047,-25.414984,8.942399,-103.33804,-4.751764,2.3654864,2.663994
416,23.091495513916016,13.990518569946289,63.42334747314453,-7.226974676390552,15.40990345862617,117.42957629135464,-9.459143,13.245955,21.273619,87.7627,-1.5422302,0.0,-13.768311,2.0143194,-43.99117,24.0825,-19.504066,0.0,-3.0206685,14.247464,13.331539,1.7529516,-16.935358,25.412006,30.091448,-21.110683,-91.70462,16.580194,7.4136124,-12.210748,4.704761,-25.55741,9.857641,-99.91284,-4.121862,2.9560254,3.4363408
417,22.999126434326172,14.117596626281738,64.08858489990234,-5.56791453944886,15.008334953156208,120.15249366248777,-10.03801,13.777583,20.65454,86.192314,-2.967309,0.0,-12.24513,0.84911734,-45.85506,22.809845,-18.502245,0.0,-3.1501322,13.889267,12.026934,2.8513386,-16.614948,24.956057,29.938848,-16.390476,-92.4917,21.38489,5.164164,-12.210748,5.60321,-25.6707,10.772252,-96.3449,-3.714027,3.2656794,3.9293132
418,22.890195846557617,14.223353385925293,64.74333953857422,-3.855719899050326,14.488880722850782,122.95054217469992,-10.489754,14.2640505,20.303484,84.25047,-4.3095164,0.0,-10.733562,-0.47982594,-47.815926,21.869446,-17.466646,0.0,-3.3151875,13.591653,10.65709,3.8522437,-16.143194,24.08509,29.529535,-12.231218,-92.80597,26.539753,2.5840292,-12.210748,6.606031,-25.754293,11.659319,-92.61386,-3.5260587,3.390778,4.2145605
419,22.757343292236328,14.349781036376953,65.39007568359375,-2.185572338786668,13.904530904101458,125.74085737612272,-10.850268,14.682343,20.175848,81.96597,-5.5427303,0.0,-9.412578,-2.0325806,-49.73181,21.612305,-16.584238,0.0,-3.4664636,13.3172865,9.292444,4.7548018,-15.580038,22.805296,29.077087,-8.855017,-92.70805,31.702103,-0.24201146,-12.210748,7.679731,-25.79734,12.548892,-88.87771,-3.4244215,3.4498684,4.4829154
420,22.600116729736328,14.468996047973633,66.01779174804688,-0.6366304790964868,13.320934588833214,128.44848104813934,-11.159593,15.009193,20.207432,79.37164,-6.640551,0.0,-8.430037,-3.8619347,-51.43025,22.327574,-16.034483,0.0,-3.5613022,13.032638,8.000221,5.5612206,-14.984895,21.45484,28.58476,-6.006008,-92.6202,36.237198,-2.9714396,-12.210748,8.748532,-25.822464,13.589146,-85.27249,-3.3160896,3.5637472,4.828324
421,22.412391662597656,14.584192276000977,66.62474060058594,0.8149543233775122,12.748735894484854,131.07844112928015,-11.39403,15.23847,20.450089,76.45289,-7.6622014,0.0,-7.768836,-6.0557785,-52.948856,24.142591,-15.856272,0.0,-3.5928175,12.742585,6.7593703,6.2589912,-14.352153,19.993282,28.050816,-3.578464,-92.65696,39.88785,-5.4574223,-12.210748,9.826559,-25.82772,14.782819,-81.75276,-3.1091633,3.7124543,5.170721
422,22.208362579345703,14.710177421569824,67.201904296875,2.2105996105708576,12.163434030654768,133.6708878511771,-11.535011,15.360878,20.930716,73.192,-8.606747,0.0,-7.2647476,-8.516517,-54.28543,26.655916,-15.831213,0.0,-3.5876946,12.463352,5.538451,6.849358,-13.671777,18.38503,27.496153,-1.4490143,-92.76713,42.956047,-7.7641163,-12.210748,10.946361,-25.814074,16.093904,-78.27861,-2.8771336,3.8551147,5.4851503
423,21.9992733001709,14.82200813293457,67.73536682128906,3.499735396386723,11.591476459086644,136.21041922459884,-11.641948,15.350709,21.505417,69.62483,-9.358534,0.0,-6.8800898,-11.002248,-55.158363,29.366913,-15.795527,0.0,-3.5493565,12.178641,4.3847556,7.3506083,-12.997955,16.708055,26.959185,0.44997257,-92.86889,45.688248,-9.922459,-12.210748,12.077814,-25.792303,17.550516,-74.99024,-2.7543218,4.078222,5.995023
424,21.777406692504883,14.937417030334473,68.22601318359375,4.624039989286022,11.065800219783231,138.68144358084342,-11.785346,15.205657,21.994896,65.791626,-9.801067,0.0,-6.650432,-13.262687,-55.25275,31.866034,-15.650623,0.0,-3.477611,11.872437,3.3597019,7.7817836,-12.37898,15.0539875,26.466362,2.1290433,-92.89979,48.33187,-11.98295,-12.210748,13.187335,-25.773014,19.181156,-72.02032,-2.877974,4.4711723,6.9170103
425,21.5434513092041,15.034387588500977,68.65715026855469,5.578236287661649,10.625552677849363,141.09062438819652,-11.995853,14.9216795,22.306759,61.647686,-9.85347,0.0,-6.74184,-15.365297,-54.362846,34.470165,-15.615234,0.0,-3.3662162,11.526218,2.4738343,8.139998,-11.810563,13.442579,26.005587,3.5750072,-92.89233,50.916042,-13.906889,-12.210748,14.253994,-25.761068,21.025393,-69.318634,-3.3981,5.1096563,8.327617
426,21.29033088684082,15.127642631530762,69.0370101928711,6.400947371253413,10.260783105211136,143.45164376730233,-12.241648,14.515741,22.49175,57.201588,-9.607102,0.0,-7.1798363,-17.286306,-52.53079,37.163334,-15.62822,0.0,-3.2167954,11.1536665,1.6970158,8.414499,-11.279033,11.825583,25.563114,4.831754,-92.873535,53.31093,-15.666286,-12.210748,15.298293,-25.755075,23.06374,-66.82681,-4.175504,5.9596686,10.083613
427,21.042682647705078,15.219233512878418,69.360595703125,7.086606254791189,9.936084254555952,145.75691167319252,-12.505382,14.042298,22.570389,52.576473,-9.208881,0.0,-7.8498726,-18.718117,-49.841476,39.297306,-15.326462,0.0,-3.04003,10.785506,1.0386528,8.614642,-10.819673,10.209859,25.152771,5.9495087,-92.80935,55.518795,-17.336496,-12.210748,16.335724,-25.75515,25.236486,-64.65124,-4.926222,6.9352894,12.081103
428,20.801916122436523,15.296980857849121,69.62826538085938,7.62049174952391,9.617067453595192,147.99605315264608,-12.772157,13.561771,22.573599,47.890404,-8.798252,0.0,-8.583058,-19.428791,-46.480106,40.350796,-14.477415,0.0,-2.847975,10.451669,0.50947416,8.751629,-10.467172,8.604801,24.785498,6.9695973,-92.67744,57.529533,-18.988272,-12.210748,17.379887,-25.758457,27.48159,-62.897404,-5.3879733,7.920987,14.242911
429,20.578189849853516,15.375810623168945,69.83695983886719,7.991995301303563,9.32198691472849,150.17135849868063,-13.020283,13.099659,22.52301,43.051796,-8.333926,0.0,-9.368474,-19.238823,-42.07141,40.086,-12.927715,0.0,-2.6304126,10.150156,0.122841395,8.818862,-10.240244,7.0383544,24.452364,7.8334618,-92.58158,59.42416,-20.66003,-12.210748,18.44452,-25.76095,29.83238,-61.576714,-5.6245713,8.904679,16.668182
430,20.371809005737305,15.463747024536133,69.9917984008789,8.21543286339069,9.075971103427433,152.2958754872578,-13.257837,12.669618,22.366598,38.03973,-7.7800493,0.0,-10.076231,-18.268188,-36.81865,38.782322,-11.074214,0.0,-2.3902218,9.866526,-0.13010344,8.814871,-10.121281,5.503939,24.142387,8.560077,-92.527985,61.161575,-22.294333,-12.210748,19.50551,-25.76405,32.308743,-60.6044,-5.7212386,9.925664,19.37762
431,20.178133010864258,15.55154037475586,70.08850860595703,8.31331053470918,8.854288294138135,154.37163555995602,-13.51084,12.299017,22.03832,33.06388,-7.283955,0.0,-10.384388,-16.91734,-31.832993,36.797047,-9.521304,0.0,-2.158289,9.611959,-0.27190232,8.759742,-10.089153,3.947564,23.86116,9.306729,-92.33418,62.5335,-23.794746,-12.210748,20.521498,-25.77076,34.826435,-59.944393,-5.4761944,10.906746,22.208395
432,19.978668212890625,15.631797790527344,70.13031005859375,8.309209824758431,8.631449869559873,156.39259566014613,-13.8001995,11.996566,21.49308,28.311531,-6.9700203,0.0,-10.234698,-15.714861,-28.14537,34.68467,-8.713852,0.0,-1.9614277,9.398305,-0.32486388,8.673373,-10.121563,2.2895784,23.613825,10.24131,-91.79035,63.316307,-25.033974,-12.210748,21.455019,-25.783308,37.299618,-59.565884,-4.70502,11.749786,25.008802
433,19.754846572875977,15.70173168182373,70.12531280517578,8.157033526391482,8.418348055247538,158.33487916871388,-14.138675,11.780837,20.541101,23.717524,-6.8689303,0.0,-9.722655,-14.797603,-26.13105,32.550686,-8.84842,0.0,-1.8025275,9.228585,-0.2411523,8.589687,-10.256999,0.4633657,23.389635,11.479172,-90.82118,63.368492,-25.911354,-12.210748,22.27221,-25.805752,39.86629,-59.516182,-3.2186115,12.328826,27.84882
434,19.517452239990234,15.772841453552246,70.07430267333984,7.86298516876984,8.23548493398552,160.20834959217456,-14.501468,11.687524,19.268572,19.222143,-6.922247,0.0,-8.905939,-13.951231,-25.33235,30.073051,-9.53996,0.0,-1.6686444,9.095847,-0.025570555,8.489131,-10.495593,-1.5441453,23.188034,12.958927,-89.509094,62.74597,-26.42198,-12.210748,23.012215,-25.833618,42.51805,-59.77006,-1.1763711,12.657821,30.802195
435,19.282344818115234,15.838395118713379,69.9879379272461,7.5313916065477375,8.06612778278075,162.05166887279486,-14.808032,11.667367,18.079308,14.860952,-7.0186143,0.0,-7.8429503,-13.152154,-25.458757,27.28034,-10.25412,0.0,-1.55879,8.997578,0.2210835,8.311134,-10.753495,-3.7101123,23.02876,14.562956,-87.90362,61.515495,-26.597982,-12.210748,23.760885,-25.855984,44.943726,-60.229446,1.0701815,12.864439,33.725594
436,19.055700302124023,15.908500671386719,69.87281799316406,7.263119716954732,7.8873500619014925,163.90374909964868,-14.817147,11.550511,17.41581,10.268807,-6.8313794,0.0,-6.62337,-12.410564,-26.11615,24.299257,-10.483686,0.0,-1.4702789,8.93161,0.3960742,7.9940314,-10.949328,-5.9424286,22.926973,16.129725,-86.11725,59.795094,-26.545221,-12.210748,24.602373,-25.861958,46.835285,-60.8323,3.1700532,13.113863,36.475376
437,18.8376407623291,15.974855422973633,69.6816177368164,7.023362365799444,7.715459037860292,165.75879609486606,-14.555735,11.260578,17.330114,5.3224487,-6.4378595,0.0,-5.402953,-11.729494,-27.427956,21.224321,-10.009555,0.0,-1.3864567,8.875454,0.5302639,7.533227,-11.030075,-8.093465,22.885456,17.576788,-84.214134,57.706413,-26.501656,-12.210748,25.557331,-25.843025,48.10886,-61.60355,5.1122136,13.503151,39.169533
438,18.610673904418945,16.026241302490234,69.35700988769531,6.670987346635082,7.554872617372562,167.5883097593025,-16.49196,11.652066,17.115042,5.304769,-8.649017,0.0,-4.33785,-11.018858,-29.362818,18.455153,-9.342083,0.0,-1.2847178,8.840495,0.7661046,6.9579973,-11.050882,-10.220117,22.888153,19.05126,-82.25348,55.083702,-26.300507,-12.210748,26.57188,-25.804766,48.97239,-62.593136,7.0269527,13.9183235,41.820644
439,18.373138427734375,16.086660385131836,69.0179214477539,6.365390420861455,7.3575251992467745,169.41192335486855,-18.246567,11.908459,17.279299,5.3011236,-10.528177,0.0,-3.1150272,-10.244105,-31.348473,15.646213,-8.56567,0.0,-1.1899576,8.869649,0.9495734,6.2512813,-11.092293,-12.297292,22.92998,20.355324,-80.43333,51.943237,-25.923336,-12.210748,27.673412,-25.767694,49.428955,-63.85519,8.857635,14.260344,44.191624
440,18.13142204284668,16.159944534301758,68.69002532958984,6.192456308257376,7.073792938109679,171.25752922006737,-19.677795,11.966321,17.913578,5.2956758,-11.719722,0.0,-1.5190803,-9.403972,-32.81494,12.747804,-7.9440074,0.0,-1.1172793,9.004537,0.999042,5.4630294,-11.202851,-13.961928,22.979244,20.765236,-79.00897,48.838776,-26.008347,-12.210748,28.861582,-25.748701,49.53262,-65.415146,10.489474,14.454083,46.000675
441,17.93638801574707,16.217330932617188,68.25950622558594,6.231845074481924,6.665131543606744,173.19996453527293,-20.71388,11.704488,19.28498,5.2944117,-12.025845,0.0,0.6749942,-8.567722,-33.48824,9.700097,-7.667636,0.0,-1.096599,9.28392,0.82407737,4.4659653,-11.440887,-16.139496,23.062895,21.32371,-77.82657,44.51984,-24.96258,-12.210748,30.134304,-25.731876,49.404625,-67.403305,11.845499,14.5663595,46.993862
442,17.78994369506836,16.28207778930664,67.7659683227539,6.428963907726175,6.159850747432822,175.19970774497457,-21.4335,11.145302,21.295147,5.2969394,-11.674058,0.0,3.0580597,-7.9366693,-33.684494,7.2131796,-7.948856,0.0,-1.106301,9.674064,0.47063196,3.4588468,-11.666575,-17.828962,23.149206,21.443201,-77.33939,40.27668,-24.054142,-12.210748,31.45123,-25.714502,49.072197,-69.79018,12.919656,14.691959,47.295364
443,17.63086700439453,16.36001205444336,67.35355377197266,6.593614466086358,5.611545444341386,177.11167506234352,-21.918802,10.509969,23.477512,5.300509,-10.971131,0.0,4.622258,-7.84022,-33.67896,7.1104054,-9.457779,0.0,-1.1235143,10.126684,0.13783813,2.2497396,-11.981622,-19.635204,23.263245,21.388681,-76.93478,35.27949,-22.463171,-12.210748,32.68355,-25.702427,48.437298,-72.2514,13.7568245,14.753731,47.268223
444,17.442100524902344,16.425907135009766,67.02482604980469,6.560873376281441,5.0857433753557695,178.78978295655855,-22.273752,10.008914,25.375267,5.3013535,-10.192533,0.0,5.9892406,-7.554743,-33.95344,7.0351267,-10.598826,0.0,-1.1169162,10.590857,0.006615024,1.0693254,-12.364423,-21.19623,23.395432,21.106218,-76.5829,29.935846,-20.409916,-12.210748,33.67254,-25.701153,47.5217,-74.487686,14.305934,14.711086,47.1882
445,17.223976135253906,16.452848434448242,66.7463150024414,6.217652960333765,4.559623828402661,-179.73360788179414,-22.50787,9.734234,26.997883,5.3048606,-9.262473,0.0,7.177893,-6.9241652,-34.725525,6.9295745,-11.348193,0.0,-1.0522065,11.122915,0.22484544,-0.03368361,-12.881738,-22.58014,23.540688,20.617043,-76.13568,24.053272,-18.057213,-12.210748,34.423233,-25.714794,46.31102,-76.48691,14.496258,14.463495,47.023838
446,16.991436004638672,16.43372344970703,66.5208740234375,5.683214521737428,4.0239031733225,-178.3993624595752,-23.216599,9.90454,28.425245,6.8728743,-8.884328,0.0,8.262765,-6.0949006,-35.767693,6.930609,-11.909041,0.0,-0.94935673,11.726556,0.65933573,-1.0939114,-13.518667,-23.794239,23.696299,19.828384,-75.78567,17.652744,-15.325989,-12.210748,35.009693,-25.743555,44.79967,-78.38644,14.402066,14.071908,46.669518
447,16.718597412109375,16.364490509033203,66.3875732421875,5.125496880076466,3.5658951330794424,-177.31996702883174,-23.981157,10.223154,29.558826,8.886511,-8.615187,0.0,9.21486,-5.2815065,-36.77062,6.8587813,-12.014771,0.0,-0.8455757,12.266986,1.096975,-2.0716124,-14.119029,-24.561548,23.914326,18.299944,-75.85732,11.06314,-11.904852,-12.210748,35.44452,-25.803972,42.757015,-80.0949,14.216542,13.656507,46.39835
448,16.398691177368164,16.253740310668945,66.35987091064453,4.702143687708974,3.241914146490433,-176.61471726707464,-24.21748,10.248722,30.318905,9.8202,-7.813495,0.0,9.955452,-4.757015,-37.424904,6.7586794,-11.516851,0.0,-0.78878,12.623586,1.3196206,-2.855037,-14.457179,-24.406939,24.115652,15.921916,-75.95604,5.8677726,-8.475182,-12.210748,35.506203,-25.868748,40.7081,-81.47322,13.997414,13.46735,46.258873
449,16.039478302001953,16.103012084960938,66.41035461425781,4.50663025925146,3.0889565580757146,-176.3843864618936,-23.958803,9.914144,30.655874,9.689836,-6.5044203,0.0,10.310671,-4.7396283,-37.667843,7.0189095,-10.616785,0.0,-0.76094407,12.729511,1.204503,-3.54165,-14.446627,-23.609398,24.357817,12.657315,-75.42163,1.9608321,-4.8988657,-12.210748,35.234566,-25.93875,38.41166,-82.39642,13.843568,13.589303,46.69301
450,15.654508590698242,15.91038703918457,66.53302001953125,4.42918546753346,3.0639355331491935,-176.54102604347648,-23.271357,9.31236,30.646093,8.668868,-4.7036514,0.0,10.466776,-4.985244,-37.70068,7.269058,-9.195488,0.0,-0.7545432,12.657793,0.9097666,-3.8171988,-14.081323,-22.369543,24.688456,8.993759,-73.91754,-0.76676744,-1.520915,-12.210748,34.40887,-26.016247,36.165916,-82.7022,13.37147,13.980816,47.091106
451,15.262666702270508,15.674756050109863,66.72341918945312,4.363354993150426,3.1009703223738514,-176.9392206297041,-22.233862,8.545801,30.345812,6.938636,-2.5391393,0.0,10.323987,-5.534752,-37.552353,7.900722,-7.4044156,0.0,-0.8115977,12.497526,0.5947844,-3.9240003,-13.489241,-20.961521,25.087914,4.9057417,-71.85397,-2.7620394,1.6432045,-12.210748,33.16307,-26.101309,33.89309,-82.76928,12.828786,14.377146,47.20815
452,14.889531135559082,15.392547607421875,66.94609832763672,4.2533826350812936,3.140297277108434,-177.44858380872435,-21.19533,7.842322,29.808529,5.3485785,-0.47702476,0.0,9.506744,-6.660312,-37.15937,10.025258,-5.8013906,0.0,-0.9681488,12.33169,0.36907935,-3.9327276,-12.719288,-19.453918,25.499495,0.2715847,-69.71936,-4.2614713,4.383511,-12.210748,31.582403,-26.194038,31.56984,-82.90433,12.312737,14.5442915,46.63117
453,14.515779495239258,15.075538635253906,67.15803527832031,4.134261802614934,3.182145188010616,-178.07745698242778,-20.768303,7.52353,28.848686,5.3491535,0.6736688,0.0,6.053098,-9.766987,-36.202904,18.680641,-6.708173,0.0,-1.2417994,12.123707,0.2131639,-3.8529663,-11.590831,-18.369131,26.01202,-5.808705,-66.93605,-4.712085,6.8151755,-12.210748,29.856817,-26.31878,28.789743,-83.26107,12.409745,14.3152,45.620903
454,14.143671035766602,14.719724655151367,67.36174011230469,4.028232599587772,3.2528742701733413,-178.88261209167183,-20.347353,7.2416377,27.637165,5.4814777,1.6785711,0.0,2.793323,-12.603641,-34.880875,26.105917,-6.12347,0.0,-1.6244012,11.848197,0.0652547,-3.6418982,-10.254626,-16.831526,26.475212,-12.086088,-64.00005,-4.40107,8.927341,-12.210748,27.683073,-26.461899,26.133232,-83.501305,12.725217,13.955656,43.94869
455,13.760037422180176,14.335203170776367,67.56015014648438,3.897357991328266,3.326942979573977,-179.8210953236624,-20.14872,7.1243925,26.527359,6.345087,2.2399704,0.0,-0.39412716,-15.090887,-33.04343,32.510918,-4.809417,0.0,-2.0544684,11.599347,-0.037060823,-3.325622,-8.885933,-15.580946,26.968248,-19.081663,-60.96259,-3.642153,10.8972845,-12.210748,25.400356,-26.645449,23.238989,-83.89642,12.664718,13.48694,41.77381
456,13.371936798095703,13.920526504516602,67.73121643066406,3.7095408717797955,3.3810859512516003,179.14305677547614,-19.883102,7.045238,25.885658,7.332417,2.6843228,0.0,-3.5142462,-17.06978,-30.556469,37.829453,-3.3829093,0.0,-2.4934783,11.474141,-0.06380613,-2.9101202,-7.7705426,-13.742582,27.35577,-25.53921,-59.06377,-3.8455324,12.6303215,-12.210748,22.87091,-26.83655,20.552305,-84.35218,11.260914,13.015026,38.670853
457,12.979019165039062,13.484475135803223,67.86200714111328,3.447436832250505,3.40131895155494,178.01606676376454,-19.96833,7.2327833,25.63315,9.489613,2.4174113,0.0,-6.990717,-18.515667,-26.675465,42.72734,-1.8842696,0.0,-2.9573119,11.495787,0.0063671335,-2.4086833,-6.899568,-11.419744,27.670853,-32.000572,-58.120045,-5.652578,13.879169,-12.210748,20.177492,-27.04505,17.831926,-84.916405,8.23286,12.299589,34.462982
458,12.58423900604248,13.028497695922852,67.9533920288086,3.1294194958179684,3.397906555539224,176.77627532284708,-19.989525,7.499403,25.667841,11.810154,1.9032874,0.0,-10.849403,-19.328634,-21.640715,47.286877,-0.03483664,0.0,-3.4632196,11.61507,0.15246923,-1.8093218,-6.156377,-8.691751,27.941298,-38.64276,-57.535023,-8.640264,14.543629,-12.210748,17.41937,-27.278816,14.977161,-85.62336,4.1181016,11.100696,29.393427
459,12.186325073242188,12.570005416870117,67.99269104003906,2.78697581589309,3.382646471901237,175.42309337380104,-19.867077,7.8012,26.076605,14.080632,1.2001942,0.0,-14.434924,-19.626936,-16.931515,50.84988,1.7346482,0.0,-3.953732,11.820392,0.33911616,-1.1004461,-5.6092377,-6.199568,28.207338,-45.503704,-56.81461,-11.629253,14.819098,-12.210748,14.905004,-27.546753,11.898877,-86.69309,-0.6487537,9.392769,24.160223
460,11.79711627960205,12.104565620422363,67.97111511230469,2.4551583290107755,3.369951019467174,173.9609436605495,-19.55008,8.08482,26.924856,16.150833,0.34798014,0.0,-17.180529,-19.97733,-14.033649,53.05057,2.681539,0.0,-4.3891077,12.099858,0.5262281,-0.25561008,-5.3314223,-3.7091482,28.424084,-51.473087,-56.25613,-14.234794,14.993548,-12.210748,12.478968,-27.767698,9.065823,-87.9726,-5.824756,7.2969527,19.042225
461,11.40871524810791,11.63317584991455,67.8961410522461,2.147892072645158,3.3741439135391587,172.36966280952365,-19.094559,8.3647175,28.30763,18.248486,-0.67373633,0.0,-18.922863,-20.991322,-13.71482,54.02935,2.1115155,0.0,-4.7748766,12.452687,0.70695,0.74964327,-5.4036655,-1.3710818,28.614456,-56.939243,-56.16825,-16.12836,15.361265,-12.210748,10.135645,-27.926617,6.4231143,-89.45586,-12.047349,4.5462456,13.940171
462,11.031402587890625,11.145074844360352,67.77781677246094,1.8450258597074003,3.3824699223956,170.6571525672542,-18.527988,8.670225,30.082504,20.44705,-1.9645294,0.0,-19.990753,-22.508507,-15.153715,54.15049,0.34632483,0.0,-5.124524,12.884779,0.9038326,1.8895152,-5.7656994,0.7337045,28.783974,-62.5483,-56.583942,-17.461866,15.852984,-12.210748,7.9393296,-28.019289,3.7358136,-91.13129,-19.251123,0.9274568,8.971011
463,10.660319328308105,10.627594947814941,67.61070251464844,1.531936320947015,3.370711963168309,168.87030446884842,-17.793856,8.951443,31.975067,22.431444,-3.5509462,0.0,-20.652048,-24.016518,-17.373438,53.435905,-1.879849,0.0,-5.40774,13.393757,1.1214585,3.1122699,-6.2773066,2.7885673,28.833242,-67.689865,-57.30245,-18.522839,16.265743,-12.210748,5.704495,-27.94817,1.2141776,-92.82587,-26.109865,-3.0209951,4.545203
464,10.291833877563477,10.104968070983887,67.39270782470703,1.1961935099244385,3.315134696736398,167.05552373093673,-16.863527,9.160762,33.768784,23.927563,-5.369151,0.0,-21.275146,-25.038483,-19.286383,51.982746,-3.8192806,0.0,-5.5965195,13.9769745,1.3623849,4.36989,-6.800767,5.0541677,28.794909,-71.61057,-58.183365,-19.670237,16.355404,-12.210748,3.1627784,-27.7114,-0.87043786,-94.353676,-31.368008,-6.5432577,0.7351949
465,9.907360076904297,9.578027725219727,67.12281036376953,0.8126063811517569,3.1878328452312057,165.17593692127963,-15.527038,9.196404,35.492195,24.557695,-7.3206935,0.0,-21.874876,-25.534412,-20.780628,49.651447,-5.5851088,0.0,-5.6401954,14.655471,1.6833125,5.6657767,-7.3093085,7.1789107,28.676746,-74.64208,-59.38058,-20.55266,16.168137,-12.210748,0.32981342,-27.366863,-2.822282,-95.889046,-34.8367,-8.993239,-2.594568
466,9.52645492553711,9.05460262298584,66.79100036621094,0.3973778914744635,3.006555749832465,163.22282383490688,-13.889679,9.067999,37.265224,24.555496,-9.267379,0.0,-22.331602,-25.744802,-22.356737,46.513103,-7.4889197,0.0,-5.5645905,15.422804,2.0718408,7.0181246,-7.8708987,9.222471,28.504747,-76.97816,-61.09472,-21.166277,15.820618,-12.210748,-2.8023896,-26.950071,-4.67063,-97.39957,-37.28996,-10.667607,-5.7569427
467,9.141416549682617,8.549177169799805,66.40772247314453,0.0019125272132761658,2.8190728144167982,161.28574685633876,-12.400241,8.939592,39.01737,24.61441,-11.146217,0.0,-22.900703,-25.72546,-23.71287,43.0943,-9.145361,0.0,-5.4448915,16.233658,2.4290395,8.386933,-8.498349,11.311196,28.324877,-78.72711,-63.068016,-21.546957,15.362877,-12.210748,-6.112587,-26.490671,-6.4082336,-98.7725,-39.00099,-11.91893,-8.697213
468,8.792157173156738,8.049823760986328,66.0390625,-0.32387009331666283,2.6775553525086995,159.45329353986327,-11.517089,9.056292,40.66029,25.556446,-13.055251,0.0,-23.818886,-25.536758,-24.529623,39.896538,-10.169116,0.0,-5.360914,17.044243,2.649049,9.732013,-9.206304,13.527186,28.17531,-80.01032,-65.00333,-21.741035,14.841966,-12.210748,-9.475903,-26.010345,-8.018444,-99.89055,-40.19298,-13.125541,-11.27949
469,8.467307090759277,7.571831226348877,65.65589141845703,-0.5752337854066005,2.582468723215355,157.68867139318039,-11.457524,9.663219,42.18817,27.965242,-15.224517,0.0,-25.124235,-25.076458,-24.638313,36.773212,-10.2839365,0.0,-5.359524,17.865309,2.6803086,11.124968,-10.011954,15.942793,28.055632,-80.67126,-66.97993,-21.721067,14.198528,-12.210748,-13.014161,-25.500257,-9.488204,-100.692566,-40.63173,-14.205547,-13.396567
470,8.16442584991455,7.109217166900635,65.21613311767578,-0.7757859510734573,2.515395666712051,155.96308819369193,-11.901299,10.660443,43.616634,31.349539,-17.630777,0.0,-26.711496,-24.44231,-24.169447,33.639687,-9.857002,0.0,-5.395736,18.713282,2.5820243,12.555755,-10.907452,18.420813,27.942305,-80.76359,-69.16161,-21.467155,13.446262,-12.210748,-16.799152,-24.980032,-10.913986,-101.18375,-40.335182,-14.889753,-15.154325
471,7.912534713745117,6.641838550567627,64.75701904296875,-0.921067799586156,2.5040178284897916,154.377043635456,-12.511441,11.763738,44.901226,34.919155,-20.008236,0.0,-28.568743,-23.91876,-23.328114,30.994413,-9.36267,0.0,-5.4119425,19.554,2.4111555,13.864067,-11.86694,20.728193,27.832432,-80.7151,-71.33084,-21.065914,12.734938,-12.210748,-20.620583,-24.496319,-12.408436,-101.36577,-39.85789,-15.341936,-16.667183
472,7.725241661071777,6.176884651184082,64.3397216796875,-1.0086616478850177,2.576324465913233,153.03128184303773,-13.008242,12.62901,46.015354,37.879097,-22.068655,0.0,-30.692577,-23.701733,-22.353899,29.283192,-9.195982,0.0,-5.3464403,20.354288,2.2268875,14.892563,-12.861708,22.660015,27.730242,-80.932274,-73.23677,-20.61578,12.204769,-12.210748,-24.25163,-24.081968,-14.048124,-101.26692,-39.73267,-15.773722,-18.042683
473,7.541252136230469,5.750772953033447,63.954627990722656,-1.0352052301238261,2.7993830820534704,151.9814436383262,-13.429704,13.076874,46.95372,39.950024,-23.671215,0.0,-33.297806,-23.725895,-21.056688,28.607632,-9.332938,0.0,-5.18316,21.075512,2.0352888,15.571927,-13.93848,24.15394,27.629555,-81.55466,-74.75929,-19.993727,11.909656,-12.210748,-27.697184,-23.716661,-15.908234,-100.85755,-40.123333,-16.264467,-19.195892
474,7.33403205871582,5.337939262390137,63.59321975708008,-1.0067849460915428,3.1418947148566776,151.16418612787797,-13.932029,13.330162,47.723507,41.68501,-25.054016,0.0,-36.242935,-23.778605,-19.46532,28.531712,-9.475966,0.0,-4.954474,21.746208,1.8054115,15.997197,-15.09357,25.322104,27.527836,-82.35975,-76.04238,-19.204735,11.773292,-12.210748,-31.128025,-23.390995,-17.99411,-100.050285,-40.73084,-16.675213,-19.993044
475,7.123080730438232,4.939012050628662,63.247291564941406,-0.9189982551910935,3.484278281932211,150.50847962899735,-14.411473,13.4259815,48.37555,43.169224,-26.270588,0.0,-39.137806,-23.884666,-18.08766,28.934525,-9.7064295,0.0,-4.6828218,22.432222,1.5304497,16.2638,-16.215292,26.238958,27.439487,-83.19637,-77.20626,-18.544048,11.722138,-12.210748,-34.446594,-23.127583,-20.169462,-98.93092,-41.386913,-16.967182,-20.55797
476,6.916482925415039,4.5641679763793945,62.92244338989258,-0.7851031336975444,3.7059577475182395,149.93556628455664,-14.731962,13.411339,48.965855,44.446526,-27.361834,0.0,-41.58925,-24.121304,-17.42264,29.70054,-10.099864,0.0,-4.374782,23.202538,1.2295464,16.468843,-17.190838,26.978802,27.38294,-83.91011,-78.365814,-18.311266,11.66758,-12.210748,-37.433353,-22.935701,-22.14512,-97.74431,-41.942886,-17.182486,-21.1679
477,6.723169803619385,4.21187686920166,62.62965393066406,-0.5918201425653709,3.7540928140786503,149.36687837223232,-14.798629,13.268762,49.577755,45.464973,-28.311764,0.0,-43.319225,-24.510094,-17.79567,30.434074,-10.521391,0.0,-3.9661164,24.124048,0.9096475,16.574791,-18.025383,27.505402,27.347956,-84.597984,-79.52875,-18.8495,11.581576,-12.210748,-39.914402,-22.787325,-23.721592,-96.74955,-42.493176,-17.470299,-22.103294
478,6.535469055175781,3.860166549682617,62.37594985961914,-0.3408184529234489,3.701099570565677,148.86056488214857,-14.706788,12.969998,50.16533,46.203003,-29.10145,0.0,-44.523865,-25.01853,-18.901701,31.187742,-10.923267,0.0,-3.4667873,25.14642,0.5773401,16.55607,-18.766178,27.789629,27.325603,-85.29974,-80.61287,-19.913471,11.487361,-12.210748,-41.976387,-22.66524,-25.085518,-95.80656,-43.17838,-17.783792,-23.115593
479,6.376701354980469,3.5158588886260986,62.16605758666992,-0.10130230455178925,3.6115111691989186,148.52229128634204,-14.61233,12.615016,50.596092,46.756363,-29.74097,0.0,-45.251804,-25.596157,-20.395075,31.974514,-11.219558,0.0,-2.9613245,26.162647,0.2873484,16.528292,-19.364588,27.926056,27.32019,-85.76242,-81.59999,-20.921185,11.378651,-12.210748,-43.561806,-22.572931,-26.089954,-94.9353,-43.82474,-18.09499,-24.177893
480,6.2330474853515625,3.2001993656158447,62.00394058227539,0.050919422828592804,3.548305728032565,148.45580359754857,-14.637976,12.300691,50.740124,47.214035,-30.260418,0.0,-45.561302,-26.182539,-21.926048,32.815186,-11.317487,0.0,-2.5296152,27.06373,0.09019136,16.604828,-19.765402,27.984722,27.330019,-85.78001,-82.49681,-21.245108,11.289027,-12.210748,-44.67918,-22.517883,-26.744896,-94.052124,-44.30614,-18.291239,-25.080585
481,6.083943843841553,2.9500677585601807,61.85927963256836,0.15277165890899297,3.492901148063326,148.7391301291141,-14.79308,12.01595,50.51788,47.651173,-30.693153,0.0,-45.67707,-26.955524,-23.341343,34.336365,-11.500155,0.0,-2.247916,27.862226,-0.046171423,16.760408,-19.924105,27.89919,27.350868,-85.40398,-83.35652,-20.535631,11.238119,-12.210748,-45.249264,-22.497997,-27.045166,-93.2685,-44.60144,-18.390203,-26.007656
482,5.9304094314575195,2.7564735412597656,61.750762939453125,0.21907669962359494,3.6221416262841126,149.29289045209967,-15.193762,11.716894,50.02223,47.968925,-30.999784,0.0,-45.598934,-27.838829,-24.875599,36.144764,-11.615813,0.0,-2.037139,27.999987,-0.12422909,16.924942,-19.812704,27.771454,27.38171,-84.79249,-84.11275,-19.138079,11.18027,-12.210748,-45.207424,-22.50046,-27.098167,-92.44078,-44.86467,-18.360916,-26.788109
483,5.771867752075195,2.619168996810913,61.68446350097656,0.22297511771472742,3.7948075124517904,150.04855218956718,-15.674426,11.451463,49.31732,48.196285,-31.202597,0.0,-45.26072,-28.729708,-26.432789,38.235645,-11.7405205,0.0,-1.8636646,27.999987,-0.16436271,17.214506,-19.482521,27.672468,27.42947,-83.77698,-84.74222,-17.528696,11.210448,-12.210748,-44.765343,-22.522196,-26.918781,-91.50111,-45.125553,-18.164503,-27.0576
484,5.617212295532227,2.522303342819214,61.65524673461914,0.1459598256816304,3.9989210555762633,150.9403141411949,-16.219051,11.263533,48.465183,48.388615,-31.333675,0.0,-44.69578,-29.542175,-27.9187,40.532192,-11.917728,0.0,-1.6972044,27.999987,-0.18424743,17.665527,-19.091217,27.528252,27.49184,-82.301216,-85.12156,-16.028574,11.3063755,-12.210748,-44.107834,-22.56861,-26.482628,-90.36877,-45.370293,-17.70765,-26.501463
485,5.464644432067871,2.4770164489746094,61.65620040893555,-0.02141730935213851,4.241214845002358,151.99125923077747,-16.839872,11.169447,47.443535,48.562622,-31.40447,0.0,-43.905067,-30.332876,-29.29636,43.154385,-12.205509,0.0,-1.5469612,27.999987,-0.17263515,18.51039,-18.444166,27.742489,27.598217,-79.91917,-85.16114,-14.927673,11.410961,-12.210748,-43.199787,-22.664068,-25.604853,-89.00513,-45.508938,-17.080881,-25.233053
486,5.321021556854248,2.475708246231079,61.67876052856445,-0.26230886849783386,4.508750611002855,153.2223653723856,-17.54736,11.14637,46.22386,48.730396,-31.407503,0.0,-42.872105,-31.101385,-30.570213,46.131557,-12.586064,0.0,-1.4163901,27.999987,-0.12363938,19.42542,-17.765041,27.781382,27.713594,-77.300735,-84.896225,-13.634358,11.616846,-12.210748,-42.027363,-22.79651,-24.563185,-87.44732,-45.500988,-16.145233,-23.28376
487,5.182375431060791,2.5121870040893555,61.71434020996094,-0.5505578384906665,4.806341717138255,154.56533187731554,-18.325775,11.179665,44.87991,48.915573,-31.370207,0.0,-41.650993,-31.712679,-31.729414,49.22695,-12.948955,0.0,-1.2993699,27.999987,-0.08698054,20.443232,-17.101498,27.738224,27.830294,-74.24351,-84.52627,-12.518884,11.826475,-12.210748,-40.72382,-22.961641,-23.318764,-85.71622,-45.350163,-14.972427,-20.720413
488,5.057068347930908,2.5953245162963867,61.753456115722656,-0.8612884290605681,5.137568549902905,155.9518816603294,-19.170826,11.2741585,43.478214,49.1562,-31.313257,0.0,-40.301495,-32.04747,-32.77985,52.21218,-13.192796,0.0,-1.1870724,27.999987,-0.11029871,21.499905,-16.599384,27.644028,27.94479,-70.63239,-84.23082,-11.913476,11.940505,-12.210748,-39.37166,-23.147902,-21.829546,-83.90953,-45.071526,-13.61502,-17.612001
489,4.929470539093018,2.706880807876587,61.794429779052734,-1.2199497554917738,5.514814827377055,157.37283552765606,-20.101074,11.4394455,41.992817,49.46175,-31.25688,0.0,-38.883404,-32.064342,-33.61549,55.119137,-13.250124,0.0,-1.0766381,27.999987,-0.19030328,22.681952,-16.269934,28.007349,28.088762,-65.7952,-84.029526,-12.776758,11.815617,-12.210748,-37.98442,-23.38788,-19.822102,-81.961365,-44.73287,-12.262351,-14.020447
490,4.807072639465332,2.865689516067505,61.834190368652344,-1.623938631461296,5.936623394948258,158.86146423175288,-21.13071,11.678555,40.39213,49.83706,-31.189293,0.0,-37.392147,-31.86189,-34.24147,58.091747,-13.208981,0.0,-0.9590346,27.999987,-0.30030245,23.83202,-16.121424,28.127537,28.212488,-60.64563,-83.74113,-14.15906,11.767706,-12.210748,-36.639282,-23.649616,-17.779629,-79.65059,-44.161636,-10.610528,-9.624445
491,4.685413837432861,3.059974193572998,61.86629104614258,-2.0063912591918167,6.382040472024031,160.412931568704,-22.212458,11.915223,38.763496,50.26322,-31.108768,0.0,-35.774067,-31.533745,-34.864697,61.05432,-13.194058,0.0,-0.8583103,27.999987,-0.4778051,25.000574,-16.061783,28.114882,28.310755,-55.133026,-83.625465,-15.269471,11.791611,-12.210748,-35.292004,-23.93648,-15.5266905,-77.34601,-43.120144,-8.678018,-5.036406
492,4.563299655914307,3.2886240482330322,61.90228271484375,-2.302490589132129,6.928859065907969,162.01877264319103,-23.473112,12.066054,37.24756,50.886063,-31.07474,0.0,-34.022545,-31.115946,-35.734295,63.81429,-13.2703,0.0,-0.79491186,27.694143,-0.7560291,26.174753,-15.9571495,27.97724,28.393723,-49.43417,-83.82827,-15.141661,11.831461,-12.210748,-33.75388,-24.229383,-12.889212,-75.45112,-41.416866,-6.516783,-0.7531154
493,4.435260772705078,3.5388917922973633,61.933921813964844,-2.534392071414122,7.486723125249797,163.6968643357982,-24.812605,12.244794,35.993027,51.743885,-30.834885,0.0,-31.953794,-30.534994,-37.010166,66.27811,-13.521964,0.0,-0.79506105,27.327019,-1.1337934,27.381989,-15.898142,28.064117,28.503288,-42.908012,-84.495094,-13.988803,11.735074,-12.210748,-32.18756,-24.574533,-9.465317,-73.91965,-38.86181,-4.156904,3.1094477
494,4.2943034172058105,3.807713747024536,61.954402923583984,-2.723194280650623,8.039833925885775,165.44499946858113,-26.140055,12.556037,35.134293,52.78468,-30.272654,0.0,-29.628899,-29.761885,-38.53336,68.53917,-13.870725,0.0,-0.82497406,26.97709,-1.5874153,27.999987,-16.0,27.700323,28.61474,-36.24685,-85.037285,-11.793256,11.562986,-12.210748,-30.699667,-24.928864,-5.84356,-72.39273,-35.416996,-1.4984318,7.2479925
495,4.133865833282471,4.0911102294921875,61.957054138183594,-2.805048218562606,8.583866643398167,167.23481466166288,-27.315636,12.842592,34.699875,53.786205,-29.676197,0.0,-27.231928,-28.896824,-40.082348,70.70372,-14.149665,0.0,-0.8611737,26.65455,-2.1412191,27.999987,-16.187618,27.151775,28.731186,-29.480925,-85.453316,-8.452016,10.977307,-12.210748,-29.165043,-25.301424,-1.9372674,-71.14176,-31.572739,1.0257902,11.226992
496,3.946448802947998,4.387319087982178,61.93842315673828,-2.7160820800825887,9.110582288146986,169.04179746676382,-28.263092,12.85699,34.552807,54.53733,-29.463871,0.0,-24.927752,-28.048296,-41.458782,72.85319,-14.177692,0.0,-0.87682164,26.36946,-2.818483,27.999987,-16.297365,26.42902,28.858175,-22.989738,-85.63815,-3.5587215,9.70873,-12.210748,-27.43081,-25.68811,2.2210565,-70.451385,-27.815573,3.1248965,14.682488
497,3.738600730895996,4.695169448852539,61.88911056518555,-2.4273894222957004,9.57787884850597,170.89569984124574,-28.864597,12.6236925,35.017048,55.03296,-29.495478,0.0,-22.639881,-27.269451,-42.75293,75.005066,-13.917965,0.0,-0.8861893,26.15514,-3.6423995,27.999987,-16.314638,25.514467,29.018139,-16.939322,-85.29558,4.0938463,7.3412867,-12.210748,-25.404816,-26.107298,6.7324424,-70.38665,-24.124947,4.813929,17.61386
498,3.510220766067505,5.000665187835693,61.80337142944336,-1.9779264264084133,9.989244382840647,172.80141132793995,-29.185318,12.242675,36.047592,55.365906,-29.632118,0.0,-20.318428,-26.465715,-44.029705,77.07986,-13.42825,0.0,-0.89691746,25.997131,-4.596977,27.999987,-16.281847,24.593933,29.221628,-11.50788,-84.51762,14.167012,3.9253948,-12.210748,-23.293823,-26.580189,11.592446,-70.61603,-20.257414,6.265053,20.273546
499,3.2674901485443115,5.303473949432373,61.68552780151367,-1.4062693577208338,10.404756985699178,174.69812616867716,-29.345104,11.696526,37.268917,55.478348,-29.876266,0.0,-18.144659,-25.543297,-45.09719,78.99021,-12.667826,0.0,-0.8635064,25.836605,-5.6436787,27.999987,-16.197231,23.414898,29.388075,-7.330038,-83.59797,24.692047,0.07420792,-12.210748,-21.051434,-27.02261,16.121445,-71.119125,-16.135836,7.5608416,22.948236
500,3.0146944522857666,5.605713367462158,61.53400421142578,-0.7467656594359146,10.889158316577948,176.5261810476143,-29.475359,10.975372,38.305534,55.31946,-30.221657,0.0,-16.293821,-24.433569,-45.791084,80.651474,-11.605766,0.0,-0.7660043,25.612173,-6.7538366,27.999987,-16.053364,22.733648,29.522293,-3.4338796,-83.89872,33.47788,-3.196278,-12.210748,-19.35682,-27.587091,21.343643,-71.44988,-12.719114,8.531199,24.81292
501,2.7510454654693604,5.901072025299072,61.357582092285156,0.02235479431112202,11.481051236712204,178.26907940605827,-29.508211,10.024227,39.2833,54.74899,-30.777363,0.0,-14.862307,-23.084377,-45.986084,82.022896,-10.259121,0.0,-0.5561449,25.283594,-7.9315267,27.999987,-15.827103,21.508036,29.518904,-0.155367,-84.50404,40.278416,-6.0696287,-12.210748,-17.398127,-28.124092,26.208199,-72.2852,-9.453241,9.300339,26.357952
502,2.4846713542938232,6.192904472351074,61.150108337402344,0.9110624737312107,12.132508234737266,179.9644738998352,-29.42763,8.875723,40.32181,53.849644,-31.508514,0.0,-13.695612,-21.556276,-45.903652,83.126236,-8.652175,0.0,-0.2698211,24.895935,-9.19053,27.999987,-15.526828,19.834003,29.379122,2.836773,-85.38558,45.992367,-8.632631,-12.210748,-15.401232,-28.72401,31.347292,-73.42381,-6.55683,9.845476,27.355753
503,2.226743698120117,6.48436164855957,60.92708206176758,1.8711108838535748,12.783963682709016,-178.3639256535732,-29.4343,7.661835,41.0295,52.900394,-32.178818,0.0,-12.584722,-19.980629,-45.882732,83.98469,-6.767317,0.0,0.039678153,24.521677,-10.496605,27.999987,-15.216717,18.100073,29.029907,5.686149,-86.65943,50.459717,-10.823867,-12.210748,-13.560125,-29.425539,36.603455,-74.64892,-4.0364103,10.302524,28.140676
504,1.961714267730713,6.762956142425537,60.692108154296875,2.8457146488011205,13.378646899951162,-176.69828408380894,-29.704222,6.5102186,41.023872,52.171566,-32.55731,0.0,-11.342126,-18.495121,-46.18977,84.635475,-4.558515,0.0,0.33102426,24.23177,-11.809574,27.999987,-14.963038,16.276512,28.53653,8.179695,-88.06358,53.622536,-12.669137,-12.210748,-11.578496,-30.038813,40.875664,-76.000565,-1.1860887,10.816152,29.588377
505,1.6963399648666382,7.024902820587158,60.45306396484375,3.8368538355287525,13.9181685221119,-175.01687099775936,-30.361368,5.353616,39.883038,51.695557,-32.5093,0.0,-9.876521,-17.142803,-46.931404,85.07002,-1.9442922,0.0,0.59749913,24.036322,-13.146586,27.999987,-14.772788,14.139759,28.07601,10.479035,-89.56804,55.164455,-13.93671,-12.210748,-9.599432,-30.344568,44.368015,-77.31013,2.108019,11.332014,31.671896
506,1.4287865161895752,7.270725727081299,60.21236801147461,4.867688851297758,14.425434573140118,-173.3340891386138,-31.288836,4.0350924,37.758366,51.306812,-32.095848,0.0,-8.284622,-15.867453,-47.910244,85.28476,1.040626,0.0,0.85917664,23.899302,-14.519561,27.999987,-14.62081,11.853201,27.583942,12.884494,-91.28826,55.23643,-14.650975,-12.210748,-7.559456,-30.490793,47.463924,-78.738144,5.5520287,11.748793,34.00479
507,1.1492652893066406,7.497450828552246,59.98448181152344,5.908830619392687,14.879618915299714,-171.69291325850068,-32.134457,2.7662573,35.59191,50.977398,-31.508938,0.0,-6.6655583,-14.659393,-48.903404,85.328705,4.282048,0.0,1.1016283,23.81611,-15.890489,27.999987,-14.532463,9.44568,27.10232,15.189364,-92.7623,54.641273,-15.07751,-12.210748,-5.5641804,-30.561222,50.197792,-80.14842,8.859147,12.056675,36.466534
508,0.856632649898529,7.71500301361084,59.76929473876953,6.928827837959235,15.263157777557348,-170.1323102332403,-32.732143,1.6619672,34.025406,50.699028,-31.016184,0.0,-5.115758,-13.520598,-49.716545,85.25188,7.668227,0.0,1.310368,23.780878,-17.220959,27.999987,-14.5298,7.421673,26.666801,17.276371,-93.94769,54.277977,-15.55559,-12.210748,-3.7822354,-30.59968,52.613583,-81.3743,11.737957,12.287471,38.93913
509,0.5439679026603699,7.921421527862549,59.5728759765625,7.959013236507361,15.593147394116956,-168.6286785318627,-33.210056,0.6147522,32.95909,50.508995,-30.713364,0.0,-3.5895243,-12.498271,-50.438766,84.956795,11.511884,0.0,1.4485896,23.816568,-18.578089,27.999987,-14.683435,5.716095,26.26301,19.013361,-94.86307,54.20663,-16.167515,-12.210748,-2.3049257,-30.582628,54.78471,-82.48268,14.066915,12.466394,41.44144
510,0.21909740567207336,8.115687370300293,59.38777160644531,8.998339020291644,15.874835661230158,-167.17098062756673,-33.664803,-0.43862417,32.064777,50.409237,-30.501833,0.0,-2.0300078,-11.588831,-51.136623,84.44553,15.776754,0.0,1.5286502,23.914196,-19.957174,27.999987,-14.963557,4.200918,25.870169,20.50085,-95.60333,54.044052,-16.754276,-12.210748,-1.0498852,-30.488802,56.717796,-83.597755,15.997452,12.6064415,44.00112
511,-0.13642500340938568,8.28003978729248,59.21820831298828,9.960943666983148,16.078501107336795,-165.81644434972256,-33.990574,-1.4171295,31.23699,50.318523,-30.343458,0.0,-0.5352441,-10.730594,-51.5899,83.94731,19.795406,0.0,1.6101711,24.020866,-21.21275,27.999987,-15.23912,2.959769,25.509409,21.789352,-95.967186,53.953197,-17.276045,-12.210748,0.034478653,-30.356842,58.353703,-84.62835,17.636486,12.75185,46.520687
512,-0.49599671363830566,8.400446891784668,59.06397247314453,10.758882193268784,16.18077609275664,-164.6271486715496,-34.180878,-2.2495508,30.457031,50.284668,-30.280321,0.0,0.77083594,-9.863672,-51.566067,83.68182,22.90756,0.0,1.7586689,24.085697,-22.197811,27.999987,-15.378228,2.1027737,25.19752,22.918839,-95.78388,54.096794,-17.688349,-12.210748,1.0021468,-30.234312,59.61481,-85.48488,19.088125,12.944316,48.9076
513,-0.8742029070854187,8.481348037719727,58.92321014404297,11.33440619476208,16.177166061789833,-163.6340319797193,-34.227818,-2.8722951,29.707718,50.36053,-30.355719,0.0,1.8131727,-8.893664,-50.92552,83.65533,24.871729,0.0,1.9989357,24.11153,-22.847982,27.999987,-15.351953,1.764697,24.920624,23.801416,-94.99888,54.640736,-18.078987,-12.210748,1.8336494,-30.119009,60.44805,-86.22309,20.407515,13.288139,51.43917
514,-1.2609022855758667,8.521039009094238,58.795284271240234,11.740479148846937,16.09314625786977,-162.80506520155365,-34.157074,-3.3397343,29.004063,50.51376,-30.532911,0.0,2.6546586,-7.8840017,-49.810253,83.80118,26.000021,0.0,2.2986581,24.118866,-23.249199,27.999987,-15.229302,1.8786716,24.661821,24.383812,-93.75193,55.486927,-18.451527,-12.210748,2.4912617,-29.991165,60.918243,-86.902145,21.535862,13.745466,54.072277
515,-1.6312252283096313,8.541749000549316,58.65981674194336,12.072754118874885,15.949884962606172,-162.1099890407839,-34.019268,-3.7236376,28.373243,50.73841,-30.778715,0.0,3.3573494,-7.038355,-48.411304,84.40528,26.000021,0.0,2.6363065,24.084352,-23.490501,27.999987,-15.022003,2.2793405,24.43045,24.769173,-92.19388,56.387424,-18.627056,-12.210748,3.0033302,-29.868446,61.11034,-87.42262,22.38136,14.16598,56.224525
516,-2.0133748054504395,8.524237632751465,58.55046081542969,12.379526867308943,15.76547695960496,-161.51436327714202,-33.74391,-4.121559,27.801737,50.842915,-31.00486,0.0,4.006228,-6.4829774,-46.930603,85.211754,26.000021,0.0,2.999167,23.984507,-23.633907,27.999987,-14.743147,2.7909997,24.236084,25.08367,-90.46323,57.07033,-18.420647,-12.210748,3.4009182,-29.769331,61.103565,-87.678246,22.82492,14.419084,57.30369
517,-2.3999931812286377,8.473228454589844,58.46339416503906,12.675991399448177,15.507286713775587,-161.03136783723022,-33.30097,-4.545679,27.297184,50.828857,-31.20997,0.0,4.6210737,-6.2529893,-45.354424,86.26477,26.000021,0.0,3.3952396,23.826054,-23.675474,27.999987,-14.326117,3.4697433,24.080162,25.266407,-88.56258,57.426376,-17.710804,-12.210748,3.656676,-29.700537,60.852783,-87.62269,22.625364,14.494689,56.979725
518,-2.7740392684936523,8.400433540344238,58.409297943115234,12.918482829356071,15.1807529106058,-160.67080895946407,-32.711514,-4.9464865,26.847284,50.709103,-31.384476,0.0,5.145305,-6.2434044,-43.601246,87.475525,26.000021,0.0,3.8309197,23.615072,-23.581375,27.999987,-13.79045,4.391661,23.948126,25.255924,-86.45927,57.621216,-16.63468,-12.210748,3.7628825,-29.648855,60.337082,-87.31661,21.900686,14.469089,55.62224
519,-3.1551859378814697,8.292673110961914,58.38739776611328,13.106157493489018,14.857663586308208,-160.39442242296587,-32.03566,-5.3241925,26.441477,50.477432,-31.53772,0.0,5.519148,-6.4338713,-41.7692,88.808365,26.000021,0.0,4.281479,23.329296,-23.387957,27.999987,-13.270738,5.398874,23.830227,25.216515,-84.22278,57.767796,-15.380566,-12.210748,3.7766902,-29.603716,59.6752,-86.807945,21.07091,14.3491335,53.689236
520,-3.5247743129730225,8.16731071472168,58.40000915527344,13.24167160060734,14.60986820964006,-160.1638212301074,-31.372072,-5.665745,26.075247,50.13196,-31.641546,0.0,5.6945963,-6.801126,-39.964336,90.25794,25.890938,0.0,4.7210774,22.946985,-23.133196,27.999987,-12.90484,6.3270717,23.720984,25.33514,-81.90389,57.942993,-14.11786,-12.210748,3.755252,-29.552782,58.986828,-86.14785,20.553333,14.167531,51.637436
521,-3.877549171447754,8.031914710998535,58.43447494506836,13.338973802484041,14.461719216624394,-160.01847260844414,-30.750698,-5.9623313,25.795858,49.707127,-31.718307,0.0,5.657032,-7.3846636,-38.166588,92.02647,25.233152,0.0,5.154584,22.435484,-22.829403,27.999987,-12.706626,7.1448507,23.624435,25.754955,-79.287025,58.085434,-12.699826,-12.210748,3.657435,-29.49588,58.286514,-85.31129,20.343107,13.908672,49.272724
522,-4.216698169708252,7.90789270401001,58.49083709716797,13.385931374260004,14.37401416188427,-159.96025263798595,-30.138788,-6.1971445,25.582134,49.208794,-31.762274,0.0,5.4292912,-8.150039,-36.343464,93.955666,24.465107,0.0,5.5897856,21.813202,-22.454788,27.999987,-12.611684,7.9302993,23.543592,26.370834,-76.406006,58.10738,-11.089466,-12.210748,3.4785218,-29.438595,57.519165,-84.28287,20.278557,13.575478,46.45964
523,-4.536198139190674,7.789335250854492,58.571720123291016,13.390788499087062,14.323505864754464,-159.89995003763838,-29.547455,-6.399766,25.367716,48.63448,-31.749582,0.0,5.042299,-9.003899,-34.583706,95.959854,23.429823,0.0,5.9992523,21.1385,-22.020927,27.999987,-12.637737,8.687467,23.473404,27.005735,-73.6931,58.084335,-9.623036,-12.210748,3.323904,-29.373514,56.70015,-83.13158,20.518808,13.268027,43.739227
524,-4.8531575202941895,7.671955108642578,58.67989730834961,13.361099530373068,14.287140364194544,-159.74912980206753,-28.96573,-6.5948706,25.078161,47.97157,-31.665342,0.0,4.5313497,-9.865141,-32.962288,97.95286,21.976189,0.0,6.3581295,20.470247,-21.536747,27.999987,-12.798229,9.422621,23.406374,27.461767,-71.58028,58.179882,-8.6486025,-12.210748,3.2895024,-29.287952,55.84597,-81.921326,21.196175,13.090383,41.650486
525,-5.17465877532959,7.552957534790039,58.81680679321289,13.297882615246799,14.274302298321185,-159.51485589411766,-28.385738,-6.7810407,24.726686,47.205936,-31.511688,0.0,3.898273,-10.739871,-31.491312,99.99145,19.932138,0.0,6.658735,19.807981,-21.007387,27.999987,-13.143316,10.194419,23.334568,27.660961,-70.11603,58.75428,-8.397956,-12.210748,3.3959677,-29.171412,54.933327,-80.69142,22.569527,13.092868,40.410282
526,-5.479644775390625,7.450865268707275,58.977073669433594,13.19757231525444,14.292518176474905,-159.23429455035605,-27.834272,-6.9329176,24.343565,46.367874,-31.2918,0.0,3.140806,-11.652232,-30.127754,102.09037,17.42136,0.0,6.9141397,19.125751,-20.425537,27.999987,-13.650667,10.989458,23.261936,27.704449,-69.094894,59.690865,-8.657808,-12.210748,3.5903096,-29.02839,53.963154,-79.39563,24.473045,13.218437,39.717136
527,-5.7765302658081055,7.36519718170166,59.158782958984375,13.061392262377717,14.31645654094596,-158.8634088891158,-27.30355,-7.0584626,23.87302,45.471317,-31.00319,0.0,2.2919052,-12.531442,-28.890821,104.10621,14.716519,0.0,7.130635,18.445618,-19.779331,27.999987,-14.226169,11.709175,23.19898,27.660559,-68.56942,60.465946,-9.114973,-12.210748,3.855356,-28.869896,52.98677,-77.96999,26.394175,13.390678,39.329754
528,-6.073493003845215,7.2912917137146,59.36402130126953,12.890287719017019,14.320888813245046,-158.3585402343449,-26.778267,-7.1688895,23.258896,44.515827,-30.63758,0.0,1.3796413,-13.314282,-27.80034,105.90076,12.086125,0.0,7.3144755,17.7896,-19.05654,27.999987,-14.777989,12.253745,23.157585,27.608847,-68.58138,60.533157,-9.455275,-12.210748,4.175074,-28.708363,52.05651,-76.3551,27.824324,13.537476,38.997158
529,-6.372478485107422,7.22333288192749,59.58922576904297,12.673519952687533,14.321660277302154,-157.68185485899042,-26.292488,-7.2560954,22.46785,43.52975,-30.205193,0.0,0.36535415,-13.980005,-26.867289,107.479546,9.541941,0.0,7.454393,17.143215,-18.229944,27.999987,-15.3043785,12.625195,23.14124,27.549566,-69.28442,59.70518,-9.665238,-12.210748,4.5599675,-28.551577,51.206116,-74.514175,28.651081,13.614839,38.731945
530,-6.6649041175842285,7.166705131530762,59.83572006225586,12.414256520598508,14.326741680902243,-156.86522575656025,-25.842875,-7.3118854,21.535961,42.502407,-29.702589,0.0,-0.74383914,-14.577089,-26.07861,108.90541,6.9566345,0.0,7.5492797,16.502708,-17.312464,27.999987,-15.846928,12.878906,23.142387,27.434704,-70.61712,58.292248,-9.898744,-12.210748,5.0191255,-28.395063,50.40075,-72.4942,29.142103,13.646751,38.64182
531,-6.959921836853027,7.124805450439453,60.099082946777344,12.13275642856719,14.299457103030715,-155.96903321476134,-25.358315,-7.343451,20.508808,41.410522,-29.1339,0.0,-1.8633788,-15.153175,-25.415062,110.1333,4.395303,0.0,7.6224437,15.904978,-16.352386,27.999987,-16.37437,12.990779,23.156494,27.272026,-72.29664,56.484253,-10.083949,-12.210748,5.5324607,-28.232111,49.593746,-70.35998,29.361927,13.676853,38.61306
532,-7.254401683807373,7.092193603515625,60.377037048339844,11.847820828999575,14.20187766698229,-155.05368660378267,-24.771315,-7.3666735,19.436153,40.224354,-28.497627,0.0,-2.9139307,-15.752492,-24.857008,111.11343,1.9222318,0.0,7.698989,15.385897,-15.398004,27.999987,-16.85177,12.93551,23.180044,27.074816,-74.042534,54.469894,-10.144786,-12.210748,6.0810246,-28.055395,48.739532,-68.17257,29.376911,13.753697,38.53639
533,-7.5569167137146,7.077491283416748,60.67158508300781,11.5674683124592,14.016878692523534,-154.10702076716416,-24.05341,-7.386327,18.300297,38.91487,-27.7764,0.0,-3.8489847,-16.424301,-24.474953,111.835175,-0.47706074,0.0,7.785155,14.96397,-14.452617,27.999987,-17.266996,12.691778,23.214775,26.824133,-75.913414,52.207848,-10.052945,-12.210748,6.68263,-27.86192,47.81734,-65.88598,29.075195,13.8911295,38.416084
534,-7.873854637145996,7.076454162597656,60.98434829711914,11.27736157590723,13.767923596284248,-153.1063388105895,-23.228525,-7.387726,17.082502,37.48577,-26.973711,0.0,-4.727275,-17.138605,-24.251087,112.32479,-2.828692,0.0,7.8698654,14.616612,-13.492714,27.999987,-17.635782,12.284043,23.259558,26.492928,-78.03877,49.628895,-9.83688,-12.210748,7.3471375,-27.657986,46.86015,-63.488503,28.477232,14.059194,38.308025
535,-8.200132369995117,7.085086345672607,61.310462951660156,10.963051099775178,13.476972017606647,-152.0958716928706,-22.316788,-7.344484,15.828934,35.963535,-26.112188,0.0,-5.630618,-17.816166,-24.031364,112.585915,-5.0795126,0.0,7.9538865,14.318481,-12.526617,27.999987,-17.977798,11.755319,23.30835,26.096045,-80.24082,46.87742,-9.504823,-12.210748,8.041048,-27.448376,45.903072,-61.092297,27.842628,14.244613,38.181553
536,-8.518489837646484,7.1183271408081055,61.64628219604492,10.611090361582935,13.166043795249593,-151.11950436990847,-21.360945,-7.223268,14.588449,34.38867,-25.206875,0.0,-6.6418376,-18.376017,-23.660852,112.62024,-7.1748223,0.0,8.037872,14.044572,-11.562517,27.999987,-18.312943,11.145933,23.356127,25.660063,-82.338,44.09714,-9.068327,-12.210748,8.726663,-27.236708,44.97887,-58.807865,27.424503,14.436265,38.003338
537,-8.843611717224121,7.168331623077393,61.99107360839844,10.209468923066098,12.83641952942011,-150.1758000461747,-20.349909,-7.012822,13.357324,32.756485,-24.268211,0.0,-7.796603,-18.778572,-23.12492,112.40515,-9.066198,0.0,8.137332,13.796324,-10.585616,27.999987,-18.635237,10.403811,23.402666,25.206644,-84.343285,41.199398,-8.442876,-12.210748,9.400973,-27.019594,44.07664,-56.61028,27.272287,14.658009,37.73769
538,-9.179069519042969,7.22713565826416,62.33976364135742,9.767302903256432,12.479043743285573,-149.2448529488967,-19.27779,-6.7273803,12.120805,31.067827,-23.298845,0.0,-9.054781,-19.064978,-22.493195,111.94374,-10.785282,0.0,8.248197,13.584242,-9.596882,27.999987,-18.937199,9.535342,23.449278,24.695696,-86.361,38.15096,-7.6379685,-12.210748,10.083946,-26.796274,43.18772,-54.460102,27.259838,14.90897,37.416473
539,-9.529234886169434,7.291574001312256,62.69343948364258,9.304575366971973,12.100526990422988,-148.34365288250794,-18.12599,-6.385801,10.902072,29.284647,-22.285166,0.0,-10.381714,-19.27582,-21.739376,111.282135,-12.403068,0.0,8.340887,13.39782,-8.628429,27.999987,-19.237171,8.6616745,23.495293,24.091805,-88.32473,35.1676,-6.811179,-12.210748,10.763258,-26.573954,42.346066,-52.442577,27.370335,15.143809,37.099567
540,-9.882287979125977,7.364189624786377,63.04387283325195,8.841547134414103,11.706277768925183,-147.48910577660024,-16.913284,-6.0038147,9.729764,27.427553,-21.233805,0.0,-11.742858,-19.454325,-20.840878,110.46529,-13.988171,0.0,8.386228,13.22768,-7.7123904,27.999987,-19.549793,7.895338,23.54194,23.38708,-90.14347,32.455296,-6.1241775,-12.210748,11.421908,-26.35968,41.583202,-50.64124,27.582367,15.317707,36.83944
541,-10.232728958129883,7.445039749145508,63.38664245605469,8.372375213601208,11.283332529976697,-146.70520786918487,-15.6251545,-5.575944,8.625873,25.498896,-20.151052,0.0,-13.157454,-19.580801,-19.76481,109.474106,-15.513527,0.0,8.397581,13.087042,-6.8456035,27.999987,-19.883018,7.2165813,23.591476,22.622923,-91.7778,30.011786,-5.5997148,-12.210748,12.04993,-26.154785,40.94162,-49.0641,27.976707,15.429839,36.59523
542,-10.597041130065918,7.534158229827881,63.719940185546875,7.890406502934733,10.832807557811513,-145.97584940139677,-14.256095,-5.092158,7.5744224,23.49278,-19.03955,0.0,-14.632148,-19.627523,-18.541836,108.28794,-16.949295,0.0,8.385037,12.97711,-6.0146623,27.999987,-20.22907,6.572136,23.644825,21.815893,-93.268394,27.728306,-5.15198,-12.210748,12.65131,-25.955967,40.391922,-47.66809,28.528172,15.504923,36.346764
543,-10.962150573730469,7.620170593261719,64.03864288330078,7.4155322216840895,10.38154096064943,-145.25895853832657,-12.865662,-4.5808234,6.5538917,21.44581,-17.903553,0.0,-16.111773,-19.637781,-17.252577,106.94367,-18.364452,0.0,8.314972,12.872283,-5.236406,27.999987,-20.576046,6.0185614,23.703197,20.940357,-94.61881,25.647984,-4.7896767,-12.210748,13.225791,-25.762312,39.855747,-46.45657,29.05257,15.533398,36.173145
544,-11.33850383758545,7.719646453857422,64.33800506591797,6.967532842522369,9.95659760279555,-144.5131983731121,-11.50165,-4.047254,5.5339837,19.377188,-16.737858,0.0,-17.543282,-19.670364,-15.982578,105.48011,-19.831827,0.0,8.152975,12.748174,-4.527516,27.999987,-20.914946,5.6114163,23.768684,19.973272,-95.824104,23.815649,-4.5283656,-12.210748,13.772812,-25.57187,39.25668,-45.43295,29.363262,15.503549,36.155807
545,-11.711763381958008,7.811983108520508,64.63153076171875,6.5508120357588915,9.553338430563286,-143.7417449843271,-10.52413,-3.4792511,4.535461,17.99194,-15.877575,0.0,-18.93389,-19.783014,-14.760931,103.921364,-21.428106,0.0,7.8858037,12.60803,-3.8974159,27.999987,-21.248363,5.362746,23.846436,18.941732,-96.81614,22.329365,-4.4510145,-12.210748,14.287799,-25.381145,38.58013,-44.610996,29.471653,15.395763,36.35349
546,-12.07994556427002,7.9158501625061035,64.90924072265625,6.155987785538976,9.160917968202513,-142.96313271905115,-9.653246,-2.8908277,3.5437963,16.781158,-15.073684,0.0,-20.29313,-19.93595,-13.57651,102.24297,-23.146267,0.0,7.5337605,12.463974,-3.335479,27.999987,-21.57991,5.2298603,23.938015,17.874426,-97.59318,21.128864,-4.5347924,-12.210748,14.763747,-25.191216,37.8659,-43.97378,29.445265,15.221357,36.704025
547,-12.451125144958496,8.024060249328613,65.16613006591797,5.781242280555212,8.79729536266948,-142.15905008361045,-8.941161,-2.2892447,2.554954,15.80706,-14.34092,0.0,-21.603762,-19.993603,-12.3936825,100.330315,-24.901756,0.0,7.112793,12.304497,-2.8274999,27.999987,-21.902128,5.185764,24.040329,16.745438,-98.24792,20.021276,-4.636286,-12.210748,15.2017975,-25.00583,37.11764,-43.485146,29.183584,15.020027,37.11351
548,-12.828660011291504,8.157210350036621,65.40830993652344,5.424635599432882,8.480174366233005,-141.3105166112038,-8.423904,-1.682836,1.5659021,15.102698,-13.679098,0.0,-22.852514,-19.814709,-11.126845,98.07359,-26.548977,0.0,6.638397,12.117935,-2.3584812,27.999987,-22.203577,5.2049723,24.149347,15.521336,-98.881325,18.812128,-4.6075144,-12.210748,15.6031475,-24.82853,36.338596,-43.10632,28.590002,14.83342,37.48933
549,-13.216540336608887,8.306894302368164,65.63101196289062,5.084296836657216,8.224683001356624,-140.40985262612242,-8.139075,-1.0708575,0.5830557,14.7197275,-13.092431,0.0,-24.080772,-19.30892,-9.643755,95.4554,-28.032665,0.0,6.099991,11.891303,-1.930517,27.999987,-22.487492,5.2940874,24.270247,14.187507,-99.51605,17.49869,-4.4337344,-12.210748,15.964725,-24.658514,35.50571,-42.850925,27.577444,14.683229,37.821705
550,-13.61708927154541,8.468619346618652,65.83619689941406,4.762764997789096,8.017423313603606,-139.4667060871339,-8.055626,-0.4552694,-0.39328504,14.637263,-12.555458,0.0,-25.257915,-18.52774,-7.9333053,92.53456,-29.438852,0.0,5.493886,11.63419,-1.5461822,27.999987,-22.755955,5.443224,24.406206,12.768262,-100.07897,16.162891,-4.1890016,-12.210748,16.283634,-24.493734,34.622955,-42.72015,26.214422,14.553412,38.15482
551,-14.012898445129395,8.630498886108398,66.01768493652344,4.464088986844692,7.833532428368725,-138.48684834277594,-8.096264,0.15131645,-1.3690877,14.755081,-12.037412,0.0,-26.25838,-17.566896,-6.0913215,89.31712,-30.770626,0.0,4.845541,11.368292,-1.1910479,27.999987,-23.001577,5.6080656,24.548426,11.276403,-100.53143,14.739375,-3.8573,-12.210748,16.562368,-24.336803,33.73198,-42.655758,24.640724,14.428752,38.47635
552,-14.417659759521484,8.798260688781738,66.17356872558594,4.191317867882979,7.648079356579842,-137.47692128095218,-8.194359,0.73446953,-2.3518708,14.988101,-11.538928,0.0,-26.971884,-16.54597,-4.232658,85.80538,-32.010715,0.0,4.180873,11.115134,-0.8520537,27.999987,-23.213978,5.7559237,24.68643,9.719405,-100.84999,13.1655655,-3.4223905,-12.210748,16.803537,-24.190407,32.872284,-42.602024,22.999739,14.290954,38.773563
553,-14.828700065612793,8.961031913757324,66.29866027832031,3.9284295392243775,7.460646377498411,-136.42855488506734,-8.354434,1.3081917,-3.3728843,15.310077,-11.071999,0.0,-27.366407,-15.509498,-2.405396,81.92295,-33.035007,0.0,3.4801896,10.877695,-0.5132327,27.999987,-23.406273,5.891761,24.817675,8.091432,-101.069534,11.33216,-2.8504138,-12.210748,16.993042,-24.055458,32.036804,-42.565533,21.24215,14.120762,39.086903
554,-15.244754791259766,9.117536544799805,66.40106201171875,3.6769863938015135,7.282030117661979,-135.3410066983311,-8.582261,1.8649609,-4.417607,15.723532,-10.674841,0.0,-27.482218,-14.49106,-0.54662895,77.6877,-33.746086,0.0,2.7399335,10.645324,-0.18204737,27.999987,-23.577442,6.0291214,24.947067,6.3759236,-101.18443,9.310001,-2.1709504,-12.210748,17.133955,-23.930668,31.204552,-42.562965,19.322311,13.935769,39.407444
555,-15.66113567352295,9.25898265838623,66.47882080078125,3.471792080660024,7.103076558338057,-134.2313432810999,-8.83613,2.3578024,-5.4202666,16.21778,-10.419484,0.0,-27.35247,-13.596056,1.3563571,73.25311,-34.156517,0.0,2.0065,10.417971,0.11126652,27.999987,-23.699066,6.148276,25.073875,4.5667977,-101.10834,7.3085327,-1.4643673,-12.210748,17.259108,-23.814484,30.397602,-42.566425,17.385864,13.766134,39.64781
556,-16.083986282348633,9.389848709106445,66.52490234375,3.3477461217834907,6.912729583221713,-133.11723105648178,-9.066504,2.745366,-6.3067594,16.761677,-10.355251,0.0,-27.023703,-12.915415,3.2812295,68.771996,-34.287037,0.0,1.3264077,10.194028,0.33535087,27.999987,-23.742044,6.2244134,25.196587,2.6691742,-100.75318,5.5390453,-0.80783755,-12.210748,17.400316,-23.704962,29.638744,-42.550903,15.5787115,13.635211,39.718544
557,-16.50918960571289,9.508468627929688,66.53653717041016,3.3309761768373654,6.700665615792166,-131.98524889859812,-9.288816,2.991359,-7.0757976,17.396065,-10.505208,0.0,-26.474287,-12.548471,5.0733776,64.17323,-34.109264,0.0,0.68297774,9.977887,0.47213227,27.999987,-23.700827,6.2543783,25.312756,0.69847333,-100.05369,4.122485,-0.26826817,-12.210748,17.554958,-23.600815,28.898046,-42.503162,13.897366,13.542569,39.563255
558,-16.936952590942383,9.613492012023926,66.521484375,3.3954007713758902,6.470816944937528,-130.83383091033784,-9.506216,3.1291778,-7.762887,18.088139,-10.814664,0.0,-25.736101,-12.461888,6.6929073,59.426167,-33.505295,0.0,0.062127665,9.765375,0.541703,27.999987,-23.591742,6.240251,25.419744,-1.3461019,-99.07355,2.9294624,0.21609592,-12.210748,17.709461,-23.503183,28.172848,-42.440548,12.278452,13.466979,39.236618
559,-17.367067337036133,9.704595565795898,66.4707260131836,3.4992415663319454,6.234412479732347,-129.6981002562663,-9.681646,3.2253227,-8.3442955,18.756655,-11.225363,0.0,-24.92956,-12.537596,8.253885,54.72904,-32.422543,0.0,-0.48593614,9.541966,0.56735516,27.999987,-23.412226,6.1649094,25.514885,-3.4834883,-97.90907,1.8065352,0.75580496,-12.210748,17.87757,-23.414402,27.526785,-42.38672,10.779383,13.399784,38.811363
560,-17.800518035888672,9.790247917175293,66.38387298583984,3.6021124865566216,6.004342634869606,-128.61253995929542,-9.787226,3.343436,-8.796739,19.341019,-11.721034,0.0,-24.163214,-12.668716,9.851528,50.266754,-30.876446,0.0,-0.91155475,9.2942505,0.571245,27.999987,-23.16083,6.0127015,25.594845,-5.7387085,-96.63743,0.61985254,1.4443189,-12.210748,18.077385,-23.336395,27.027369,-42.37558,9.453064,13.33807,38.359455
561,-18.246381759643555,9.876764297485352,66.26092529296875,3.7356210787459125,5.790157823036747,-127.59972791431092,-9.795498,3.461414,-8.996996,19.83405,-12.3628845,0.0,-23.479877,-12.887412,11.617113,45.890083,-28.844479,0.0,-1.19493,8.992718,0.5193572,27.999987,-22.811314,5.791877,25.657839,-8.141397,-95.178444,-0.5013628,2.2254932,-12.210748,18.330608,-23.268438,26.658041,-42.393192,8.266522,13.284995,37.857986
562,-18.69989776611328,9.972052574157715,66.09374237060547,3.908698908128489,5.581451896239887,-126.63714296925221,-9.733449,3.5618956,-8.993965,20.275639,-13.138327,0.0,-22.853981,-13.216427,13.334456,41.57909,-26.425785,0.0,-1.36463,8.652815,0.41046926,27.999987,-22.372484,5.5179324,25.698883,-10.672479,-93.52097,-1.5020298,3.0619512,-12.210748,18.626257,-23.209572,26.3956,-42.441032,7.203847,13.239829,37.277103
563,-19.152204513549805,10.082127571105957,65.89393615722656,4.048239003889296,5.364224815453606,-125.69007039554273,-9.664276,3.7102537,-9.026837,20.69363,-13.9402895,0.0,-22.238012,-13.553352,14.652838,37.632694,-23.882645,0.0,-1.4456329,8.330275,0.31368396,27.999987,-21.895351,5.196001,25.710402,-13.288465,-91.818504,-2.5899534,4.0390625,-12.210748,18.930504,-23.162199,26.29461,-42.571156,6.347751,13.1977215,36.675316
564,-19.616254806518555,10.202906608581543,65.66389465332031,4.081516598978739,5.126911798453761,-124.72313762217811,-9.655866,3.9695914,-9.336527,21.123873,-14.665202,0.0,-21.520988,-13.828637,15.326628,34.247116,-21.48212,0.0,-1.4647785,8.08112,0.29728442,27.999987,-21.431673,4.83838,25.687334,-15.948011,-90.20128,-3.9462671,5.211086,-12.210748,19.209654,-23.128735,26.410727,-42.836067,5.781372,13.156513,36.11092
565,-20.075862884521484,10.33981704711914,65.41582489013672,3.9668146376436635,4.861576928485551,-123.71456646876865,-9.701768,4.386172,-10.020223,21.564005,-15.357939,0.0,-20.45399,-14.025333,15.389785,31.11195,-19.17704,0.0,-1.4221606,7.9179807,0.38797694,27.999987,-20.946127,4.477346,25.62634,-18.776829,-88.73397,-5.6860776,6.6179857,-12.210748,19.480803,-23.108238,26.77668,-43.274662,5.598272,13.099725,35.614746
566,-20.525293350219727,10.500602722167969,65.17919158935547,3.7539930525678855,4.58060296163031,-122.68555767536017,-9.794734,4.9103622,-10.938566,22.0322,-16.06685,0.0,-19.034365,-14.17827,15.043742,27.982239,-16.928923,0.0,-1.3079863,7.8116245,0.54093546,27.999987,-20.427444,4.1565514,25.530996,-21.741924,-87.28388,-7.571682,8.109856,-12.210748,19.751173,-23.09985,27.356287,-43.84995,5.735052,13.038045,35.148285
567,-20.96590805053711,10.679149627685547,64.9637680053711,3.5060585338301204,4.303294516270877,-121.6665102860338,-9.996856,5.45918,-11.975354,22.595066,-16.703102,0.0,-17.571459,-14.273573,14.401749,25.27685,-15.048603,0.0,-1.1325779,7.7546086,0.7187795,27.999987,-19.964315,3.9029205,25.409483,-24.561413,-85.73318,-9.312457,9.506285,-12.210748,19.961164,-23.107124,28.094296,-44.48392,6.049264,13.008073,34.667164
568,-21.41776466369629,10.84434700012207,64.69393157958984,3.2821830719566965,4.046530894015636,-120.68887438242139,-10.336954,5.95446,-13.009257,23.269491,-17.151703,0.0,-16.50402,-14.274857,13.591145,23.666952,-13.93291,0.0,-0.90455145,7.7398677,0.88990337,27.999987,-19.64653,3.7143693,25.271221,-26.964312,-84.03126,-10.706259,10.720999,-12.210748,20.052755,-23.132324,28.937471,-45.101814,6.392505,13.043974,34.132072
569,-21.826168060302734,11.029471397399902,64.42963409423828,3.064091946856453,3.8139532481815692,-119.7806014184935,-10.783692,6.4144316,-14.09445,23.975183,-17.376266,0.0,-16.194986,-14.057062,12.630865,23.989628,-14.054574,0.0,-0.5793051,7.7843175,1.088167,27.999987,-19.53858,3.579674,25.11503,-28.997578,-82.30738,-11.902232,11.890862,-12.210748,19.984825,-23.185118,29.972883,-45.69959,6.695211,13.176637,33.511467
570,-22.196643829345703,11.253545761108398,64.22801971435547,2.8300479816679327,3.5968157215966574,-118.91875268499416,-11.29532,6.8660917,-15.250618,24.679758,-17.43115,0.0,-16.394255,-13.6074,11.496564,25.7821,-15.119043,0.0,-0.16593663,7.883352,1.3214201,27.999987,-19.581781,3.5171402,24.943756,-30.767275,-80.59589,-12.9876175,13.048242,-12.210748,19.773176,-23.259768,31.190931,-46.28676,7.0517454,13.374681,32.845802
571,-22.5406494140625,11.491358757019043,64.08544921875,2.627854604695862,3.390615158782686,-118.05920604639178,-11.911355,7.243947,-16.314842,25.539095,-17.376423,0.0,-16.631126,-13.197309,10.263659,27.50468,-16.09605,0.0,0.24617057,8.000127,1.5226395,27.999987,-19.676119,3.5246053,24.77054,-32.12002,-78.75242,-13.759265,14.044246,-12.210748,19.458931,-23.336731,32.394962,-46.822075,7.554655,13.584488,32.19688
572,-22.878986358642578,11.737741470336914,63.99971389770508,2.5023650598797533,3.1898567115561063,-117.15915291408912,-12.550819,7.5195,-17.113512,26.417953,-17.096937,0.0,-16.655172,-12.890333,9.091954,28.744946,-16.845795,0.0,0.5686029,8.100713,1.6258576,27.999987,-19.720568,3.5716174,24.606794,-32.9176,-76.635765,-14.056782,14.764363,-12.210748,19.10926,-23.397444,33.392742,-47.289154,8.291086,13.761372,31.618689
573,-23.24027442932129,11.953359603881836,63.96751403808594,2.4724968379939942,2.9966271231770563,-116.2314707075232,-13.212878,7.6763196,-17.739906,27.263615,-16.497684,0.0,-16.448896,-12.69308,8.044983,29.532917,-17.430557,0.0,0.7862213,8.185434,1.5971617,27.999987,-19.702532,3.5725849,24.450516,-32.95831,-74.06921,-13.92191,15.12692,-12.210748,18.735281,-23.436049,34.155052,-47.70268,9.38486,13.912686,31.129343
574,-23.60748863220215,12.136981964111328,63.976478576660156,2.511453080316834,2.8097178881365283,-115.29120853680526,-13.914633,7.740937,-18.241447,28.109932,-15.630781,0.0,-16.09742,-12.588097,7.031611,30.0485,-17.927317,0.0,0.94257617,8.271469,1.4777161,27.999987,-19.669584,3.4879508,24.303492,-32.423965,-71.121864,-13.551182,15.24878,-12.210748,18.324389,-23.46333,34.782024,-48.083874,10.751585,14.066922,30.695808
575,-23.954477310180664,12.305350303649902,64.01053619384766,2.5921354149542584,2.618538897887581,-114.29979414871313,-14.595383,7.770249,-18.374058,28.900885,-14.55872,0.0,-15.632384,-12.5568695,5.996752,30.366013,-18.342815,0.0,1.0381064,8.351302,1.3141953,27.999987,-19.61121,3.3672411,24.179907,-31.73866,-68.02854,-12.999489,15.312319,-12.210748,17.919521,-23.486256,35.27943,-48.440678,12.162273,14.211811,30.288769
576,-24.273849487304688,12.47122859954834,64.07122039794922,2.6876884004781214,2.4133478785925635,-113.2181024619488,-15.227529,7.8215413,-17.894587,29.640215,-13.373949,0.0,-15.041203,-12.573557,4.873287,30.483938,-18.65633,0.0,1.07364,8.416657,1.1524811,27.999987,-19.516518,3.3112516,24.087126,-31.292025,-65.07922,-12.252399,15.508159,-12.210748,17.557655,-23.51176,35.649605,-48.775097,13.389571,14.330805,29.878016
577,-24.56209945678711,12.633459091186523,64.17008972167969,2.7924101197663993,2.1819572941168017,-111.99444673304363,-15.824925,7.892205,-16.759325,30.250319,-11.804247,0.0,-14.261962,-12.638165,3.6113236,30.342636,-18.845793,0.0,1.0242231,8.471251,1.002523,27.999987,-19.388288,3.3256018,24.029816,-31.140795,-62.283802,-11.333522,15.810731,-12.210748,17.257982,-23.538963,35.859726,-49.122787,14.474784,14.430284,29.44352
578,-24.83904266357422,12.779237747192383,64.30123138427734,2.9185583057875544,1.9307717037820866,-110.66211280035768,-16.434866,7.971508,-15.088569,30.823109,-9.921965,0.0,-13.315568,-12.744203,2.2473977,29.985693,-18.953367,0.0,0.8973514,8.517106,0.8400743,27.800219,-19.243753,3.3570144,24.003822,-31.082632,-59.482716,-10.246905,16.134872,-12.210748,16.997993,-23.565842,35.919586,-49.472843,15.505832,14.515621,29.001423
579,-25.105138778686523,12.914308547973633,64.4491195678711,3.0651281942464332,1.6793500618997106,-109.31074010752468,-17.09809,8.101227,-12.915539,31.663311,-8.341074,0.0,-12.300281,-12.867639,0.8574649,29.494234,-18.993366,0.0,0.74424493,8.542598,0.6588643,26.874191,-19.132515,3.4786766,24.000801,-31.105885,-56.813457,-8.890066,16.659811,-12.210748,16.79493,-23.584988,35.895714,-49.80606,16.323614,14.586756,28.54778
580,-25.367631912231445,13.03256893157959,64.61632537841797,3.233288710077205,1.4470535550542585,-108.02852427296244,-17.84305,8.339565,-10.272467,33.06681,-7.700864,0.0,-11.263829,-12.989673,-0.4939855,28.863716,-18.944614,0.0,0.61461395,8.538604,0.45421162,25.724638,-18.96826,3.7700763,23.990356,-31.123579,-54.33176,-7.0718875,17.418886,-12.210748,16.53865,-23.613514,35.864616,-49.969902,16.75433,14.567165,28.161339
581,-25.620147705078125,13.134961128234863,64.79997253417969,3.436964639309221,1.222745520858069,-106.81720259201506,-18.629328,8.798708,-6.840243,35.15759,-8.429108,0.0,-10.204057,-13.126926,-1.8131155,28.105627,-18.807644,0.0,0.4989469,8.509492,0.21252586,24.54754,-18.738356,4.308857,23.968435,-31.071198,-52.053284,-4.1802917,18.759539,-12.210748,16.253382,-23.652815,35.839954,-49.985954,16.659382,14.425492,27.815823
582,-25.85802459716797,13.225865364074707,64.98777770996094,3.6713925092746225,0.9996170317134898,-105.64196745527983,-19.326687,9.494027,-2.726288,37.632492,-10.117425,0.0,-9.1287,-13.280202,-3.1175857,27.276497,-18.62043,0.0,0.38100496,8.4577875,-0.05920525,23.384453,-18.440228,5.106175,23.937021,-30.937805,-50.04412,-0.4456073,20.603495,-12.210748,15.953147,-23.70243,35.809948,-49.89485,16.136204,14.190713,27.489052
583,-26.077091217041016,13.307846069335938,65.17774200439453,3.910739371637822,0.8056314423386597,-104.53621804487989,-19.87537,10.286171,1.3451889,40.18895,-12.144555,0.0,-8.079151,-13.41964,-4.365627,26.37371,-18.373817,0.0,0.30232805,8.36945,-0.33495235,22.24367,-18.10198,6.1301293,23.89863,-30.82548,-48.55865,3.0310452,22.525217,-12.210748,15.667804,-23.75695,35.74527,-49.72361,15.423941,13.94038,27.201458
584,-26.28105926513672,13.359862327575684,65.37155151367188,4.129634778429741,0.6703923341736485,-103.52779833936343,-20.362852,10.976966,4.627651,42.660408,-13.862125,0.0,-7.0629196,-13.51464,-5.5226436,25.361046,-18.058771,0.0,0.30182838,8.231109,-0.5882103,21.12328,-17.762423,7.2806287,23.856855,-30.894482,-47.72794,5.1617956,24.015306,-12.210748,15.42969,-23.807932,35.6054,-49.50003,14.76955,13.754134,26.974957
585,-26.47142791748047,13.404959678649902,65.55953979492188,4.346616649494214,0.633970955077605,-102.64081061594176,-20.89483,11.486128,7.021695,45.090446,-15.137365,0.0,-6.199654,-13.584268,-6.5402775,24.348248,-17.712059,0.0,0.40979382,8.00784,-0.8323026,20.022324,-17.428741,8.578744,23.807394,-31.26161,-47.604103,5.592599,24.904318,-12.210748,15.248566,-23.848984,35.330967,-49.199856,14.176003,13.650508,26.832928
586,-26.6574764251709,13.424460411071777,65.73893737792969,4.569836170484228,0.6709705785491838,-101.85149935496591,-21.456785,11.887869,8.891449,47.568222,-16.271963,0.0,-5.4393334,-13.640455,-7.4494896,23.337938,-17.355255,0.0,0.6029617,7.7175927,-1.0708445,18.651968,-17.00916,9.977821,23.748085,-32.054268,-48.002174,5.0979958,25.403957,-12.210748,15.120506,-23.884783,34.795532,-48.786053,13.665815,13.527377,26.863895
587,-26.827823638916016,13.441723823547363,65.90235900878906,4.757175961874373,0.7145092796540476,-101.11220791114563,-22.040703,12.186173,10.17358,50.039047,-17.229353,0.0,-4.7073393,-13.651159,-8.312304,22.318842,-16.977528,0.0,0.8240488,7.428693,-1.274268,17.566212,-16.682327,11.294313,23.706263,-33.060116,-48.552227,4.0171237,25.441156,-12.210748,15.05752,-23.903822,34.220486,-48.364487,13.234316,13.452987,26.907883
588,-27.000423431396484,13.482975959777832,66.04190826416016,4.86508425444929,0.6984327042756968,-100.37609387828657,-22.638144,12.387394,10.816244,52.457672,-17.979868,0.0,-3.943034,-13.564795,-9.189369,21.313366,-16.590313,0.0,1.0181464,7.2080135,-1.4091754,16.736233,-16.455862,12.445572,23.690853,-34.019356,-49.028027,2.6087892,25.049902,-12.210748,15.009683,-23.915892,33.810757,-47.975613,12.87238,13.444761,26.868277
589,-27.166622161865234,13.521772384643555,66.16190338134766,4.859642408488751,0.6048956320034332,-99.62772713360127,-23.316122,12.392938,10.551129,54.83955,-18.42571,0.0,-3.0351045,-13.344068,-10.11471,20.170403,-16.130356,0.0,1.1845096,7.0737615,-1.4363565,15.747712,-16.229177,13.304536,23.71562,-35.312336,-49.442448,0.77786404,24.11569,-12.210748,14.9612055,-23.927652,33.404934,-47.538715,12.719254,13.430739,26.85732
590,-27.31705093383789,13.551179885864258,66.26226806640625,4.770563511485044,0.4719847311104065,-98.89227045035929,-24.07173,12.184467,9.545941,57.20868,-18.612589,0.0,-2.0442224,-13.024248,-11.043896,18.919374,-15.609748,0.0,1.3457563,6.989822,-1.3853083,14.721055,-16.034382,13.921938,23.781258,-36.90454,-49.799835,-1.6216016,22.639307,-12.210748,14.933366,-23.937557,33.019314,-47.075336,12.683708,13.445343,26.849308
591,-27.4525203704834,13.584468841552734,66.34266662597656,4.648596594649746,0.3169253467396153,-98.18381782345375,-24.783722,11.917748,8.380957,59.532555,-18.73604,0.0,-1.0668455,-12.666706,-11.939833,17.697035,-15.090016,0.0,1.5009005,6.9379263,-1.3095748,13.701835,-15.8659,14.333643,23.875158,-38.577415,-50.049057,-3.9276843,21.074535,-12.210748,14.930494,-23.945553,32.682083,-46.640526,12.775356,13.475762,26.855312
592,-27.586885452270508,13.61353588104248,66.40093994140625,4.5498105290997835,0.1558860668456364,-97.51730329552868,-25.362652,11.78036,7.576906,61.816467,-18.996164,0.0,-0.21014974,-12.343116,-12.761063,16.709808,-14.694897,0.0,1.6353949,6.905738,-1.2764902,13.182668,-15.7883005,14.694851,23.928036,-39.513397,-50.343143,-5.6996,20.057636,-12.210748,15.053003,-23.950123,32.539642,-46.335617,12.899622,13.498038,26.745707
593,-27.72677230834961,13.639694213867188,66.45198822021484,4.467190084417962,-0.0212246176888877,-96.89560199990498,-25.778482,11.8403425,7.1957636,64.06252,-19.397367,0.0,0.6104457,-12.029465,-13.525686,15.79512,-14.336378,0.0,1.7772126,6.8939857,-1.268869,12.506264,-15.686266,15.0532255,23.988016,-40.434025,-50.465393,-6.6427917,19.20081,-12.210748,15.114682,-23.95645,32.440403,-46.109825,13.258242,13.565421,26.765339
594,-27.854564666748047,13.667591094970703,66.4884033203125,4.383061690819783,-0.21872585155194815,-96.31189356292342,-26.088358,12.004981,6.960843,66.28185,-19.85184,0.0,1.377774,-11.726432,-14.237149,14.994404,-14.0287895,0.0,1.9173084,6.912282,-1.270759,11.746228,-15.580453,15.289362,24.053204,-41.252068,-50.654747,-6.9868717,18.661013,-12.210748,15.194836,-23.963139,32.411304,-45.93429,13.804206,13.63467,26.83144
595,-27.979639053344727,13.690701484680176,66.51402282714844,4.2990686005726815,-0.41187913596978104,-95.75876109132467,-26.316713,12.264683,6.844378,68.41131,-20.36234,0.0,2.0868618,-11.428303,-14.901301,14.28343,-13.767756,0.0,2.0367076,6.93206,-1.2825522,10.95339,-15.473755,15.432077,24.120838,-41.936314,-50.862167,-6.8889556,18.352833,-12.210748,15.287808,-23.96918,32.444195,-45.822876,14.39019,13.703662,26.915207
596,-28.098852157592773,13.7068510055542,66.5279769897461,4.2132103280780715,-0.5761110543340706,-95.22903385490119,-26.48896,12.607904,6.818066,70.38615,-20.930208,0.0,2.714806,-11.137696,-15.521372,13.666831,-13.554404,0.0,2.1183891,6.9244266,-1.304681,10.164163,-15.359732,15.500032,24.188282,-42.47312,-51.04579,-6.515027,18.198503,-12.210748,15.379924,-23.973352,32.511425,-45.76261,14.877503,13.755828,27.000696
597,-28.216794967651367,13.724878311157227,66.53250122070312,4.129634720170224,-0.7095741512765205,-94.72615532020333,-26.611307,13.084235,6.919206,72.26251,-21.615822,0.0,3.2381384,-10.860207,-16.089106,13.179214,-13.404996,0.0,2.1585424,6.8868876,-1.3393178,9.404165,-15.231644,15.47633,24.254288,-42.82937,-51.16328,-5.755124,18.217653,-12.210748,15.474854,-23.97417,32.597546,-45.752213,15.279322,13.770523,27.11164
598,-28.32927131652832,13.74628734588623,66.52696990966797,4.0460670784571064,-0.8238279703711194,-94.25295688502518,-26.667606,13.690751,7.130291,74.049,-22.403986,0.0,3.661437,-10.601945,-16.604626,12.8341875,-13.323674,0.0,2.165932,6.8331203,-1.385894,8.685751,-15.090701,15.369845,24.316755,-42.98504,-51.25243,-4.599097,18.425625,-12.210748,15.582982,-23.970901,32.70236,-45.79348,15.660534,13.751201,27.250801
599,-28.431528091430664,13.763628959655762,66.51390075683594,3.9622931097494067,-0.9141380229654574,-93.7995762599804,-26.658773,14.328919,7.351414,75.62065,-23.186266,0.0,4.01251,-10.361883,-17.084276,12.580395,-13.287668,0.0,2.1435828,6.7580037,-1.440234,8.011364,-14.93959,15.233106,24.373875,-42.968227,-51.352478,-3.3699765,18.703167,-12.210748,15.701112,-23.963497,32.814888,-45.880383,15.962124,13.718131,27.376245
600,-28.530805587768555,13.777056694030762,66.49605560302734,3.8773371663722123,-0.9756080779577004,-93.35610037385933,-26.59173,14.896398,7.4920735,76.85687,-23.847265,0.0,4.304893,-10.131956,-17.543447,12.385742,-13.282184,0.0,2.09513,6.6560884,-1.4977866,7.3771067,-14.783225,15.117267,24.424023,-42.830624,-51.489178,-2.4035888,18.90119,-12.210748,15.825819,-23.952332,32.91953,-46.003067,16.119133,13.6903515,27.443876
601,-28.614002227783203,13.789090156555176,66.47291564941406,3.7895046076342256,-1.0030200570927594,-92.92365253978141,-26.482134,15.392984,7.5449123,77.77408,-24.385216,0.0,4.5268354,-9.921403,-17.980436,12.258842,-13.306295,0.0,2.0177667,6.5202603,-1.5561448,6.7822714,-14.626521,15.014181,24.466751,-42.589195,-51.635914,-1.7234907,18.95455,-12.210748,15.957493,-23.937555,33.004066,-46.168816,16.104406,13.6756115,27.431387
602,-28.691083908081055,13.794496536254883,66.44499969482422,3.6998074822445037,-1.0002560055675822,-92.5062164462882,-26.32781,15.863897,7.56259,78.42833,-24.85024,0.0,4.6898494,-9.723289,-18.39251,12.190295,-13.358704,0.0,1.9116625,6.35492,-1.6171919,6.227768,-14.471415,14.899405,24.501907,-42.23865,-51.76224,-1.1814619,18.913702,-12.210748,16.102999,-23.918968,33.06632,-46.380524,15.959121,13.661044,27.365543
603,-28.752792358398438,13.80404281616211,66.41239929199219,3.6139360353389858,-0.9751913973468439,-92.09727397295575,-26.114035,16.269974,7.547071,78.75885,-25.204575,0.0,4.781832,-9.555413,-18.783335,12.213898,-13.453716,0.0,1.7768828,6.172423,-1.6914635,4.8832507,-14.056694,15.262931,24.571966,-41.130844,-52.137478,-1.3083847,18.719908,-12.210748,16.22814,-23.8611,33.222424,-46.603855,15.632692,13.676861,27.200338
604,-28.79265785217285,13.806465148925781,66.38300323486328,3.5369009160781837,-0.938153896914491,-91.69057375265923,-25.825071,16.57552,7.5028567,78.70954,-25.41209,0.0,4.894485,-9.402333,-19.172039,12.168136,-13.5084,0.0,1.6360737,5.9837193,-1.7649618,4.4292364,-13.878366,15.356647,24.583584,-40.43682,-52.40253,-1.442054,18.555792,-12.210748,16.388882,-23.813162,33.22972,-46.824078,15.368113,13.622508,27.1371
605,-28.825824737548828,13.81556510925293,66.3556137084961,3.4751336456292212,-0.8865744608995332,-91.27392901534708,-25.47366,16.754158,7.4048877,78.26467,-25.421688,0.0,4.975337,-9.27567,-19.562744,12.15339,-13.576491,0.0,1.4763223,5.78797,-1.853973,3.9805167,-13.678598,15.324288,24.573776,-39.98027,-52.642994,-1.7543651,18.397696,-12.210748,16.575876,-23.771255,33.162216,-47.062447,15.078611,13.527169,27.134758
606,-28.848018646240234,13.827088356018066,66.33002471923828,3.4259590204479045,-0.8173397583099586,-90.85415091302252,-25.062267,16.829863,7.2600875,77.45624,-25.26793,0.0,5.031601,-9.172056,-19.950823,12.148595,-13.645333,0.0,1.2951549,5.5801635,-1.9551688,3.5457761,-13.464465,15.281514,24.559505,-39.554996,-52.928745,-2.3114653,18.225904,-12.210748,16.769426,-23.72393,33.061428,-47.310314,14.723835,13.406999,27.153406
607,-28.86122703552246,13.837453842163086,66.306884765625,3.373758704087907,-0.737850608272383,-90.45276261592474,-24.56394,16.839493,7.1132298,76.30382,-25.039673,0.0,5.0937514,-9.066055,-20.32192,12.092442,-13.681725,0.0,1.1151954,5.365874,-2.0440967,3.1271644,-13.240291,15.234528,24.542513,-39.183758,-53.26194,-2.9424915,18.069984,-12.210748,16.959272,-23.675703,32.949764,-47.555687,14.332131,13.278491,27.189165
608,-28.8577823638916,13.846027374267578,66.2843017578125,3.302863394845275,-0.6553806349127819,-90.09128966532901,-23.948915,16.818567,7.010374,74.81949,-24.826492,0.0,5.1790905,-8.942391,-20.658895,11.947663,-13.66113,0.0,0.9589985,5.150856,-2.0967054,2.7269244,-13.010809,15.185929,24.524405,-38.892643,-53.633797,-3.4757502,17.951056,-12.210748,17.135777,-23.631021,32.85027,-47.787518,13.931346,13.158248,27.237997
609,-28.838607788085938,13.85521125793457,66.26390838623047,3.215908872715433,-0.568107550850556,-89.76761119115235,-23.213427,16.746716,6.9239426,72.97727,-24.696142,0.0,5.288314,-8.801275,-20.96574,11.706518,-13.577548,0.0,0.83074355,4.933928,-2.1139095,2.338753,-12.773628,15.137958,24.504251,-38.65346,-54.05866,-3.732513,17.884796,-12.210748,17.304419,-23.5894,32.757545,-48.006443,13.502208,13.053869,27.31103
610,-28.805593490600586,13.85347843170166,66.2455062866211,3.1189829896968435,-0.47343606328995425,-89.47306347115659,-22.368498,16.614132,6.833301,70.77714,-24.587961,0.0,5.4435687,-8.640441,-21.251293,11.338007,-13.424229,0.0,0.71891713,4.7131696,-2.1065917,1.9640131,-12.526609,15.0872555,24.481531,-38.46465,-54.530437,-3.849319,17.851393,-12.210748,17.467426,-23.549067,32.66288,-48.216606,13.039243,12.955751,27.406559
611,-28.76665496826172,13.854873657226562,66.22895812988281,3.0022116577790183,-0.3768800937051008,-89.21947450399166,-21.409172,16.469585,6.7981935,68.2707,-24.398275,0.0,5.6214094,-8.452377,-21.50073,10.8759165,-13.210535,0.0,0.6224227,4.493469,-2.0658267,1.6168984,-12.2800255,15.032607,24.458822,-38.39101,-55.02135,-4.1283336,17.82556,-12.210748,17.611692,-23.51206,32.5835,-48.413013,12.59114,12.854032,27.501799
612,-28.716373443603516,13.859325408935547,66.21236419677734,2.858226668352253,-0.2840375116956179,-89.01849638877412,-20.331047,16.358025,6.8833327,65.50591,-24.022217,0.0,5.8353953,-8.229866,-21.70293,10.294689,-12.919027,0.0,0.54003453,4.2796464,-1.9827477,1.3113819,-12.041921,14.9766655,24.439299,-38.49581,-55.515503,-4.8745766,17.791395,-12.210748,17.7235,-23.480696,32.536034,-48.589863,12.207402,12.738314,27.573566
613,-28.656991958618164,13.858819007873535,66.19551086425781,2.6909755836471763,-0.19844912069556156,-88.87162053966239,-19.111311,16.280935,7.114394,62.44739,-23.527138,0.0,6.104239,-7.971386,-21.85709,9.571707,-12.543931,0.0,0.47464967,4.0743346,-1.8644882,1.0430199,-11.810635,14.90833,24.425047,-38.812225,-56.037086,-6.236427,17.619436,-12.210748,17.80497,-23.4545,32.5252,-48.74755,11.905265,12.59984,27.622421
614,-28.584993362426758,13.855448722839355,66.17296600341797,2.503064809093215,-0.11644082704150377,-88.77362052037029,-17.75686,16.203634,7.4519377,59.0773,-22.933466,0.0,6.114612,-7.805165,-21.926413,9.414783,-12.460417,0.0,0.42581695,3.874534,-1.7133957,0.807263,-11.581846,14.833792,24.414349,-39.299805,-56.5934,-8.034014,17.36925,-12.210748,17.862576,-23.432404,32.541897,-48.889786,11.657048,12.445678,27.658901
615,-28.49535369873047,13.852516174316406,66.14775085449219,2.28310028323135,-0.033665105707082345,-88.72502433637577,-16.315985,16.115969,7.867232,55.482265,-22.11274,0.0,6.119384,-7.6221585,-21.946505,9.231291,-12.349832,0.0,0.38719347,3.6767883,-1.5135454,0.6182172,-11.365058,14.777996,24.404242,-39.918453,-57.131126,-10.079143,17.300203,-12.210748,17.885014,-23.416409,32.5788,-49.00903,11.447993,12.288929,27.673843
616,-28.38780975341797,13.85042953491211,66.1147689819336,2.017613729368518,0.05460699335582876,-88.72667428268267,-14.840818,16.008747,8.342907,51.750153,-21.038994,0.0,6.108691,-7.412256,-21.914911,9.031285,-12.217244,0.0,0.35215646,3.4776447,-1.2488903,0.48972923,-11.165917,14.765083,24.391573,-40.633884,-57.584023,-12.181199,17.658169,-12.210748,17.863325,-23.408045,32.62986,-49.10182,11.261987,12.142662,27.658787
617,-28.266664505004883,13.851202964782715,66.0749282836914,1.7030350194651085,0.14995199840186477,-88.782960275075,-13.385213,15.861888,8.802026,47.801865,-19.396263,0.0,6.0812755,-7.1687365,-21.82874,8.808135,-12.059277,0.0,0.32974747,3.2688608,-0.91752476,0.4255156,-10.992539,14.812448,24.372282,-41.480297,-57.904217,-14.526732,18.661037,-12.210748,17.801756,-23.4085,32.70776,-49.168995,11.069923,12.02003,27.603626
618,-28.125185012817383,13.844137191772461,66.02479553222656,1.3487097479490626,0.24904710724061443,-88.89238273414553,-11.934488,15.70507,9.288128,43.680992,-17.483967,0.0,6.045019,-6.906142,-21.689209,8.570923,-11.886612,0.0,0.31939405,3.054551,-0.52923423,0.41832897,-10.839341,14.920346,24.34982,-42.4596,-58.09961,-17.132736,20.088444,-12.210748,17.7039,-23.41626,32.809486,-49.212917,10.890645,11.910475,27.516863
619,-27.9693660736084,13.841086387634277,65.96288299560547,0.9585881135231625,0.3490467482176111,-89.0470300093968,-10.433159,15.585903,9.930404,39.637413,-16.045008,0.0,5.9905887,-6.6271377,-21.503138,8.333222,-11.700321,0.0,0.2997543,2.8501687,-0.08511162,0.46623173,-10.693532,15.103716,24.331614,-43.42311,-58.192165,-19.593315,21.506115,-12.210748,17.557577,-23.4279,32.89888,-49.22647,10.785614,11.78846,27.420439
620,-27.802879333496094,13.846280097961426,65.88309478759766,0.5391976521949732,0.44709842076717987,-89.23885955097073,-8.777962,15.500357,10.806861,35.798794,-15.557343,0.0,5.9109735,-6.3387794,-21.277826,8.11592,-11.507119,0.0,0.25059363,2.6716385,0.41592443,0.5605537,-10.5551,15.328058,24.321098,-44.27743,-58.236076,-21.4873,22.538895,-12.210748,17.347118,-23.441593,32.958286,-49.205795,10.801571,11.635353,27.327219
621,-27.614120483398438,13.864689826965332,65.78748321533203,0.031656852595957206,0.5775662217074301,-89.48522566177242,-6.7912617,15.435332,11.9645815,31.933264,-15.913621,0.0,5.7665315,-5.9906926,-20.99063,7.901922,-11.2886915,0.0,0.17283678,2.4867892,1.053492,0.69001734,-10.422807,15.573283,24.315382,-45.05615,-58.26595,-22.635492,23.206562,-12.210748,17.05899,-23.459597,32.99286,-49.12598,10.971224,11.436195,27.24637
622,-27.406124114990234,13.876503944396973,65.70651245117188,-0.5453571173923941,0.7280308278777884,-89.78600186788793,-4.4936843,15.320312,13.221479,27.832544,-16.33534,0.0,5.572733,-5.598973,-20.645273,7.708108,-11.06606,0.0,0.07764069,2.2994735,1.8018001,0.8931062,-10.254935,15.747036,24.314348,-45.97909,-58.241894,-23.151823,23.769491,-12.210748,16.703989,-23.48563,33.01347,-49.01174,11.257169,11.213755,27.167297
623,-27.20341682434082,13.89179515838623,65.59873962402344,-1.0859743929936545,0.8280095571811354,-90.1039260347884,-1.987531,15.063845,14.390774,23.464285,-16.208973,0.0,5.403821,-5.2535253,-20.287796,7.564364,-10.868617,0.0,-0.041804396,2.1812205,2.5089724,1.1391577,-10.089758,15.831056,24.321749,-46.960236,-58.16781,-23.262386,24.128983,-12.210748,16.306831,-23.51474,33.018063,-48.893543,11.596586,10.982142,27.063177
624,-27.014259338378906,13.926039695739746,65.47065734863281,-1.4793984707920609,0.8087147661317491,-90.39900243355159,0.5413106,14.63452,15.369875,19.018635,-15.319264,0.0,5.336072,-5.051177,-19.966331,7.4665556,-10.692503,0.0,-0.19110999,2.2030299,3.023397,1.3976355,-9.956332,15.798025,24.34152,-47.941113,-58.036564,-23.179382,24.187452,-12.210748,15.885327,-23.540403,33.010357,-48.79852,11.921674,10.761345,26.9006
625,-26.838714599609375,13.95140266418457,65.37757873535156,-1.7058519284837073,0.5902735231225704,-90.66717193887933,2.941203,14.096224,16.163548,14.956406,-14.036362,0.0,5.463297,-5.006786,-19.679256,7.4139404,-10.55058,0.0,-0.38129264,2.4584777,3.3253715,1.6717964,-9.899465,15.633788,24.375494,-48.870415,-57.86993,-22.850464,23.819756,-12.210748,15.420279,-23.560068,33.004894,-48.73648,12.273713,10.532974,26.690718
626,-26.680877685546875,13.969291687011719,65.32634735107422,-1.8201746790587954,0.2316522064246056,-90.92470089508687,5.272682,13.474889,16.87287,11.204208,-12.621474,0.0,5.722895,-5.0632772,-19.407162,7.393733,-10.4316225,0.0,-0.60933965,2.8837523,3.488733,1.9690388,-9.911269,15.382738,24.422628,-49.746365,-57.6798,-22.237232,23.092741,-12.210748,14.904837,-23.57425,33.00269,-48.685097,12.6615,10.297149,26.437792
627,-26.510053634643555,13.969470977783203,65.31494903564453,-1.8284048016924581,-0.12604937428218416,-91.16192994924738,7.239078,12.829832,17.459114,8.110364,-11.370634,0.0,5.977336,-5.2357926,-19.166336,7.418302,-10.341546,0.0,-0.8598358,3.3121836,3.5041127,2.260849,-9.925463,15.091437,24.481857,-50.61169,-57.435413,-21.550241,22.20509,-12.210748,14.380949,-23.580065,32.98024,-48.625816,12.972548,10.098876,26.103956
628,-26.330307006835938,13.963648796081543,65.31505584716797,-1.7460680315478125,-0.34188075070783075,-91.3673255929107,8.003483,12.411281,17.763508,7.212582,-11.174368,0.0,6.082267,-5.508168,-18.975698,7.4940047,-10.2805395,0.0,-1.114929,3.577905,3.3722465,2.5085232,-9.858264,14.801742,24.551962,-51.520733,-57.107998,-20.993244,21.366608,-12.210748,13.894687,-23.573269,32.904854,-48.540234,13.103023,9.979633,25.65733
629,-26.148494720458984,13.970470428466797,65.33204650878906,-1.5195621341278895,-0.3785531901534363,-91.54631808443249,8.404621,11.894504,17.985102,6.530278,-10.958701,0.0,5.975311,-5.934694,-18.838728,7.6476045,-10.249305,0.0,-1.3711699,3.6396275,3.017308,2.6934726,-9.663337,14.495964,24.635685,-52.531525,-56.64477,-20.637333,20.562092,-12.210748,13.442667,-23.550547,32.76821,-48.39911,13.008836,9.940526,25.031464
630,-25.98160171508789,14.002023696899414,65.34318542480469,-1.1464847013320218,-0.31019537195459923,-91.70626312619306,8.661473,11.246374,18.156036,5.829019,-10.641291,0.0,5.718562,-6.512667,-18.741894,7.8956223,-10.256013,0.0,-1.6307923,3.5813468,2.451604,2.8541536,-9.284863,13.968729,24.76545,-53.942688,-56.05543,-20.079386,19.799051,-12.210748,13.0108795,-23.496677,32.524967,-48.20092,12.802204,9.946245,24.290512
631,-25.82367706298828,14.050126075744629,65.34841918945312,-0.7493250284044213,-0.16393896015279522,-91.83021743067026,8.376099,10.730807,18.201767,6.0657873,-10.765893,0.0,5.3765135,-7.1093736,-18.68374,8.165364,-10.26878,0.0,-1.8938519,3.4295688,1.8447856,2.9233837,-8.866269,13.460462,24.910568,-55.379692,-55.488255,-19.477898,19.132473,-12.210748,12.623194,-23.419903,32.16283,-47.964504,12.55386,9.984199,23.571053
632,-25.6674861907959,14.11142635345459,65.3529052734375,-0.4332086584069163,0.032082378281789135,-91.90430666019579,8.182531,10.257934,18.242882,5.9508824,-10.694296,0.0,4.551112,-7.7602453,-18.606583,9.406083,-10.794078,0.0,-2.1582425,3.211136,1.3476144,2.9485602,-8.4699545,13.08913,25.043852,-56.59642,-54.980408,-18.90353,18.577612,-12.210748,12.329357,-23.333221,31.657642,-47.796722,12.338451,10.093208,23.010489
633,-25.504362106323242,14.177227020263672,65.35909271240234,-0.24408402173743882,0.32568701953402446,-91.91012327454531,7.940342,9.89705,18.246613,5.6805377,-10.5341835,0.0,3.8401527,-8.211636,-18.606215,10.195969,-11.081708,0.0,-2.4350097,2.8668392,1.0137107,2.9183865,-7.9440627,12.820847,25.177336,-57.783676,-54.57765,-18.206137,18.234825,-12.210748,12.147208,-23.221004,30.830383,-47.637787,12.361362,10.259236,22.736368
634,-25.364282608032227,14.23826789855957,65.37238311767578,-0.10626326001266091,0.7120945478462735,-91.86107712434101,7.441833,9.6587925,18.175432,5.7357316,-10.526186,0.0,3.2372055,-8.528945,-18.68142,10.57936,-11.167227,0.0,-2.7221906,2.4056368,0.7489273,2.8500915,-7.384258,12.772807,25.26819,-58.692646,-54.205086,-17.696018,17.957874,-12.210748,12.009328,-23.112125,29.923157,-47.497562,12.362344,10.531594,22.56066
635,-25.236284255981445,14.296764373779297,65.39302825927734,-0.0029138992189807773,1.0868265765686398,-91.78024212885015,7.033577,9.4390335,18.092371,5.5955048,-10.399769,0.0,2.7824013,-8.757758,-18.801481,10.682161,-11.112736,0.0,-2.9962955,1.9582589,0.5359814,2.7498543,-6.8462443,12.749852,25.353548,-59.43441,-53.91967,-17.102371,17.857264,-12.210748,11.887165,-23.001799,28.960823,-47.373356,12.287935,10.776892,22.483744
636,-25.1119384765625,14.353097915649414,65.41602325439453,0.08915318026165549,1.3454036248405221,-91.69036728354324,6.743162,9.233619,18.006031,5.443717,-10.256863,0.0,2.5033383,-8.951637,-18.931927,10.662217,-10.999576,0.0,-3.2384665,1.6550802,0.35235795,2.6360905,-6.4249716,12.685234,25.429037,-59.873005,-53.762913,-16.38328,17.965431,-12.210748,11.756481,-22.9118,28.12263,-47.313232,11.937626,10.915489,22.413906
637,-24.9910888671875,14.419025421142578,65.44432067871094,0.1666336161383343,1.4440692721304287,-91.56928904615089,6.4961953,9.080877,17.8795,5.506593,-10.203428,0.0,2.4657197,-9.096955,-19.098305,10.468786,-10.79633,0.0,-3.467029,1.5507853,0.19777833,2.5023725,-6.1557612,12.568893,25.503962,-59.959995,-53.787308,-15.394597,18.425873,-12.210748,11.632972,-22.836386,27.355484,-47.349953,11.26767,10.913609,22.384295
638,-24.884296417236328,14.484542846679688,65.47760772705078,0.21994779236016898,1.4438888512496642,-91.41418829386893,6.255994,8.991462,17.711304,5.743979,-10.222443,0.0,2.6424828,-9.166914,-19.310677,10.043689,-10.480692,0.0,-3.686844,1.5698215,0.08004253,2.346639,-5.9859495,12.433983,25.56994,-59.74563,-53.95133,-14.225865,19.166239,-12.210748,11.523232,-22.774122,26.646229,-47.468395,10.335809,10.837453,22.39145
639,-24.78525161743164,14.552579879760742,65.5117416381836,0.2581509077823369,1.3977486230234148,-91.27695054084637,6.137712,8.899352,17.572634,5.824765,-10.153598,0.0,2.8991814,-9.2007675,-19.50994,9.524424,-10.116596,0.0,-3.855916,1.6476622,-0.008303421,2.183855,-5.8693504,12.225038,25.62412,-59.358288,-54.168297,-13.088391,19.916615,-12.210748,11.432564,-22.730566,26.064753,-47.636738,9.238899,10.708376,22.377422
640,-24.684629440307617,14.615204811096191,65.54305267333984,0.30093276082483883,1.3586314925610266,-91.21047274493853,6.134849,8.764404,17.511402,5.710834,-10.013108,0.0,3.0944257,-9.256889,-19.632446,9.079395,-9.786094,0.0,-3.930453,1.71901,-0.08368564,2.043678,-5.772331,11.855911,25.6619,-58.985912,-54.33337,-12.148506,20.40861,-12.210748,11.359719,-22.710445,25.722084,-47.815647,8.041169,10.5475855,22.2589
641,-24.576231002807617,14.675235748291016,65.56975555419922,0.34952270094460625,1.3315156126033594,-91.22487408203003,5.950789,8.671496,17.493755,6.042981,-10.132473,0.0,3.1901698,-9.351634,-19.661835,8.771413,-9.521245,0.0,-3.8861246,1.7754569,-0.14305465,1.9789605,-5.729794,11.318405,25.685688,-58.709805,-54.44139,-11.463908,20.53993,-12.210748,11.322576,-22.70445,25.55806,-48.017788,6.719018,10.318385,22.12124
642,-24.480762481689453,14.730888366699219,65.59378051757812,0.39311801075425884,1.2912152477427843,-91.29438706884577,5.919128,8.55128,17.551434,6.126749,-10.134363,0.0,3.2547112,-9.447361,-19.635183,8.528074,-9.291804,0.0,-3.750306,1.8557932,-0.17861713,1.8765084,-5.675887,10.661075,25.7168,-58.29682,-54.588448,-10.889011,20.560581,-12.210748,11.337879,-22.703817,25.407757,-48.17983,5.2122116,9.901227,22.006866
643,-24.3831729888916,14.783930778503418,65.61321258544922,0.4356105109110915,1.2454762905970125,-91.41416022179715,5.933018,8.418888,17.656801,6.173785,-10.137618,0.0,3.2549171,-9.565889,-19.54652,8.404479,-9.123732,0.0,-3.554037,1.9449688,-0.19642727,1.7581489,-5.621591,9.9623575,25.752508,-57.769497,-54.72157,-10.520138,20.415812,-12.210748,11.376169,-22.710573,25.315529,-48.32379,3.9521663,9.453671,21.898037
644,-24.290760040283203,14.830355644226074,65.63030242919922,0.4796187017834483,1.2021966285647094,-91.5806482317271,5.9977093,8.272699,17.80453,6.149861,-10.123326,0.0,3.2263558,-9.690922,-19.404144,8.312141,-8.97651,0.0,-3.3273823,2.0306478,-0.2013748,1.647675,-5.5700507,9.26478,25.79079,-57.152176,-54.81808,-10.378122,20.12666,-12.210748,11.415219,-22.72411,25.310837,-48.448036,3.328694,9.109087,21.733578
645,-24.20807647705078,14.885128021240234,65.64215850830078,0.5294335055845241,1.1627927874520467,-91.81202939709245,6.060677,8.123432,17.993462,6.1647243,-10.154395,0.0,3.0947459,-9.844932,-19.177847,8.373837,-8.902327,0.0,-3.0531168,2.1119478,-0.19017537,1.560991,-5.526741,8.540261,25.831038,-56.46302,-54.883717,-10.538992,19.645086,-12.210748,11.457526,-22.743916,25.427652,-48.560078,3.6343768,8.91987,21.433517
646,-24.123472213745117,14.93962574005127,65.64927673339844,0.5828189736525305,1.1234822666709574,-92.10421676310962,6.1967554,7.945271,18.237146,6.074663,-10.153859,0.0,2.8639684,-10.033149,-18.87148,8.60503,-8.914523,0.0,-2.723816,2.1935208,-0.16159925,1.5032325,-5.495614,7.7704105,25.872688,-55.705082,-54.930653,-10.949866,18.977633,-12.210748,11.513873,-22.769955,25.675585,-48.675022,4.614945,8.8417425,21.015638
647,-24.037839889526367,14.986123085021973,65.65277862548828,0.6306076429350272,1.084948145660442,-92.41824259637403,6.287201,7.788128,18.49181,6.108563,-10.233323,0.0,2.6425807,-10.210391,-18.54208,8.805355,-8.914726,0.0,-2.3969948,2.2779202,-0.12485316,1.4636805,-5.453016,7.2381406,25.937107,-54.356003,-54.935062,-11.789013,18.018276,-12.210748,11.57822,-22.824444,26.259378,-48.89349,5.718894,8.946996,20.408127
648,-23.9580135345459,15.024606704711914,65.65492248535156,0.6668363673211326,1.0461631557113995,-92.7177273722718,6.6651325,7.5541368,18.78528,5.510655,-9.9833555,0.0,2.48113,-10.351794,-18.232777,8.898671,-8.869236,0.0,-2.0964744,2.3526356,-0.08950276,1.5069277,-5.414845,6.7720933,25.993048,-53.143215,-55.11659,-12.36991,17.436394,-12.210748,11.601402,-22.876627,26.832142,-49.023407,6.543149,9.036296,19.963043
649,-23.889013290405273,15.06613826751709,65.65369415283203,0.6841717769015607,1.002566598029094,-93.0087972651762,6.616722,7.4914365,19.036207,5.8699102,-10.245377,0.0,2.340455,-10.459241,-17.930964,8.959645,-8.809636,0.0,-1.8124053,2.4238753,-0.046378784,1.558489,-5.3798056,6.1161776,26.024109,-52.39484,-55.29913,-12.466945,17.228931,-12.210748,11.610115,-22.905794,27.170115,-49.016846,7.239011,9.026217,19.820528
650,-23.826513290405273,15.104475975036621,65.65225982666016,0.687460924372154,0.957174589370268,-93.30567272552283,6.8887677,7.339709,19.336916,5.528399,-10.14672,0.0,2.2419846,-10.534104,-17.629759,8.93136,-8.70687,0.0,-1.5571669,2.5035057,0.0032141488,1.7469989,-5.273029,5.7331567,26.068182,-50.883575,-55.361145,-12.967377,16.772144,-12.210748,11.558044,-22.965906,27.848984,-49.048363,7.7487826,9.144968,19.595428
651,-23.77030372619629,15.137892723083496,65.65084838867188,0.6877390798089705,0.9166185586438884,-93.581943121117,7.0299754,7.2407155,19.611565,5.4594593,-10.188063,0.0,2.1655424,-10.59408,-17.352804,8.871569,-8.596883,0.0,-1.3303558,2.568032,0.045289986,1.9405196,-5.170543,5.459807,26.104364,-49.45438,-55.561348,-13.305363,16.557077,-12.210748,11.487492,-23.02065,28.450272,-49.0155,8.153274,9.24185,19.50718
652,-23.724960327148438,15.162280082702637,65.64852142333984,0.6898516170438712,0.8894765992843342,-93.80966165815424,7.0581365,7.186069,19.825403,5.5896664,-10.324023,0.0,2.0982032,-10.645306,-17.13204,8.819924,-8.504965,0.0,-1.1620675,2.6106505,0.0697887,2.1323392,-5.075158,5.2551346,26.133862,-48.084564,-55.72125,-13.400179,16.425009,-12.210748,11.39895,-23.067167,28.94256,-48.956917,8.457992,9.326968,19.559275
653,-23.679889678955078,15.19289493560791,65.64697265625,0.6930596630634318,0.8679197523147659,-93.98443561696809,7.1495843,7.107213,19.997032,5.5133147,-10.328095,0.0,2.0451791,-10.691972,-16.976746,8.760799,-8.409673,0.0,-1.0673734,2.6392024,0.076094374,2.3781075,-4.9711246,5.374199,26.16329,-46.39037,-55.979183,-13.45424,16.35768,-12.210748,11.274384,-23.114214,29.39507,-48.882347,8.541999,9.417426,19.759987
654,-23.640901565551758,15.214882850646973,65.64662170410156,0.6960259490488304,0.8499071541492841,-94.12067634326446,7.215899,7.0437613,20.129776,5.4661245,-10.339385,0.0,2.0261066,-10.727042,-16.870853,8.669463,-8.309389,0.0,-1.0232991,2.6556156,0.06957289,2.5811918,-4.89288,5.396503,26.18197,-44.950584,-56.08919,-13.114874,16.411335,-12.210748,11.15461,-23.140903,29.615726,-48.760136,8.619925,9.454156,20.210104
655,-23.60985565185547,15.24023151397705,65.64839935302734,0.6999799254115955,0.8567397963723858,-94.21670474331079,7.2036133,7.005511,20.21998,5.5028887,-10.378591,0.0,1.9966375,-10.753654,-16.808226,8.5758915,-8.212174,0.0,-1.0225772,2.6424673,0.04676698,2.792246,-4.813321,5.550467,26.190428,-43.472286,-56.185013,-12.700664,16.464144,-12.210748,11.043151,-23.154593,29.711952,-48.62858,8.705736,9.475381,20.744787
656,-23.591733932495117,15.269206047058105,65.65263366699219,0.7063602056227996,0.905339874755294,-94.27373820457954,7.149372,6.9752307,20.27612,5.4990134,-10.376002,0.0,1.9300447,-10.772154,-16.780773,8.501536,-8.131319,0.0,-1.0500673,2.582609,0.004884281,2.972705,-4.732945,5.668838,26.189606,-42.2162,-56.17302,-12.116954,16.46749,-12.210748,10.959832,-23.15674,29.715654,-48.516163,8.876404,9.497473,21.242413
657,-23.578285217285156,15.300943374633789,65.66119384765625,0.7156265647483101,1.0146719809965687,-94.28156388974087,7.013785,6.9545884,20.286245,5.4929643,-10.350378,0.0,1.8358192,-10.7796,-16.803719,8.3909025,-8.036252,0.0,-1.1167603,2.4567022,-0.062038206,3.1332092,-4.6490927,5.7799964,26.17959,-41.146713,-56.041477,-11.307498,16.38031,-12.210748,10.9012575,-23.14718,29.643951,-48.431072,9.167556,9.544692,21.703735
658,-23.570343017578125,15.334737777709961,65.67141723632812,0.7268512540339015,1.1701125340442788,-94.24339202363606,6.809252,6.945835,20.251999,5.4968524,-10.312176,0.0,1.7136313,-10.779945,-16.873571,8.276308,-7.944073,0.0,-1.223494,2.2783818,-0.14984417,3.2804067,-4.563181,5.785605,26.15515,-40.378258,-55.731647,-10.17832,16.25944,-12.210748,10.857637,-23.128326,29.501863,-48.361458,9.511882,9.60739,22.168118
659,-23.56772804260254,15.369698524475098,65.683349609375,0.7394178054047018,1.3414320764521697,-94.17898120391636,6.5802827,6.9435177,20.194075,5.4993143,-10.263798,0.0,1.5856135,-10.774566,-16.967001,8.160052,-7.85493,0.0,-1.3473096,2.0802135,-0.24760373,3.4109614,-4.47601,5.7801175,26.120724,-39.80017,-55.381943,-9.020229,16.150558,-12.210748,10.82907,-23.108852,29.335289,-48.309147,9.807141,9.661306,22.554972
660,-23.56955337524414,15.407744407653809,65.69454956054688,0.7519815039482537,1.498405424988871,-94.10830650496538,6.3609376,6.945918,20.132696,5.4987206,-10.207513,0.0,1.4540025,-10.770894,-17.0574,8.084094,-7.787645,0.0,-1.4643615,1.894549,-0.34422356,3.5202954,-4.3865705,5.8002286,26.079397,-39.37241,-55.093906,-8.069903,16.103199,-12.210748,10.816242,-23.094456,29.17717,-48.271965,9.961164,9.68082,22.789915
661,-23.571874618530273,15.445733070373535,65.70570373535156,0.7652001709447689,1.6412000014954196,-94.02996333240112,6.1534586,6.9491987,20.06715,5.4974813,-10.149377,0.0,1.3323212,-10.767983,-17.14603,8.022978,-7.729306,0.0,-1.5733645,1.7198395,-0.44323403,3.6046066,-4.2865686,5.855955,26.028555,-39.11157,-54.87929,-7.3716,16.139992,-12.210748,10.823695,-23.08632,29.034107,-48.253212,9.958048,9.662101,22.825006
662,-23.573575973510742,15.481698989868164,65.7166748046875,0.7794810347701913,1.7832204819186765,-93.93554957750588,5.942295,6.9537044,19.988493,5.4973063,-10.089256,0.0,1.218597,-10.764213,-17.244528,7.962172,-7.674423,0.0,-1.6854649,1.5422065,-0.5484324,3.6673,-4.179774,5.944112,25.969727,-39.008038,-54.714123,-6.818949,16.23633,-12.210748,10.84967,-23.081043,28.888235,-48.2534,9.84425,9.619055,22.710182
663,-23.58211326599121,15.525406837463379,65.7274398803711,0.7934331860769661,1.9140367496009518,-93.83464732405663,5.7360663,6.9645915,19.904667,5.493815,-10.018864,0.0,1.0958099,-10.759723,-17.34377,7.940011,-7.638384,0.0,-1.795411,1.375873,-0.6496338,3.7144675,-4.0809703,6.0437107,25.909492,-39.025253,-54.60994,-6.390468,16.36633,-12.210748,10.88454,-23.078577,28.737654,-48.264595,9.621036,9.554229,22.51495
664,-23.590429306030273,15.569376945495605,65.73809814453125,0.8055531393275811,2.0232235905051,-93.73675014556075,5.552784,6.9766865,19.82233,5.4912057,-9.951209,0.0,0.99866134,-10.752356,-17.441275,7.90764,-7.5988917,0.0,-1.898108,1.2351099,-0.7366575,3.7523038,-4.005746,6.132453,25.853725,-39.126663,-54.573055,-6.0663805,16.50245,-12.210748,10.917745,-23.079098,28.581408,-48.279232,9.289344,9.470569,22.308657
665,-23.595714569091797,15.613807678222656,65.74755096435547,0.8167010666350719,2.107560084376342,-93.64095569164638,5.3932834,6.9880047,19.740145,5.4873343,-9.8826885,0.0,0.92572504,-10.746349,-17.537395,7.875265,-7.56078,0.0,-1.9947778,1.1253493,-0.8088282,3.7777402,-3.9619458,6.207703,25.803371,-39.325962,-54.614906,-5.894319,16.660868,-12.210748,10.951853,-23.083515,28.41594,-48.304058,8.815738,9.362014,22.074566
666,-23.601228713989258,15.64812183380127,65.75603485107422,0.8273844873118267,2.172732068912372,-93.54327722914944,5.261113,6.9991245,19.654922,5.4834757,-9.822824,0.0,0.89068484,-10.736347,-17.636482,7.8197045,-7.5194197,0.0,-2.0874465,1.0384403,-0.8708793,3.7891297,-3.9399705,6.279092,25.755985,-39.634773,-54.72261,-5.86626,16.84298,-12.210748,10.991669,-23.091427,28.242752,-48.3412,8.21106,9.227161,21.788528
667,-23.612356185913086,15.680657386779785,65.76311492919922,0.8348650557483294,2.221764180451421,-93.4489233930627,5.1444387,7.018058,19.57154,5.488044,-9.769798,0.0,0.8695058,-10.720544,-17.731396,7.772479,-7.487306,0.0,-2.1720512,0.9688314,-0.9217498,3.7948265,-3.929042,6.3427863,25.712729,-40.012707,-54.86654,-5.881909,17.00158,-12.210748,11.029684,-23.101192,28.067673,-48.373512,7.5434,9.077049,21.50844
668,-23.624025344848633,15.711273193359375,65.77012634277344,0.8365291881604079,2.2575775299895144,-93.36277546904144,5.0474896,7.0415387,19.497118,5.487479,-9.716867,0.0,0.8803379,-10.692286,-17.822018,7.6807275,-7.433737,0.0,-2.24456,0.9110605,-0.9600318,3.8030906,-3.916064,6.3940516,25.674604,-40.420742,-55.01964,-5.8410597,17.093082,-12.210748,11.059945,-23.110573,27.898119,-48.38723,6.878251,8.924689,21.29237
669,-23.636882781982422,15.738723754882812,65.77587127685547,0.8304139765374375,2.275871292063512,-93.28322944389569,4.976113,7.071928,19.429804,5.4873295,-9.671416,0.0,0.9288014,-10.649551,-17.909592,7.546596,-7.3624253,0.0,-2.3068335,0.87051344,-0.9835506,3.8119822,-3.9048634,6.424695,25.643291,-40.872707,-55.1772,-5.7070575,17.091833,-12.210748,11.077557,-23.11941,27.724173,-48.372997,6.1858244,8.7664795,21.15936
670,-23.6500244140625,15.761210441589355,65.7804946899414,0.8181634941898926,2.276768806189856,-93.20863960653482,4.9299803,7.107341,19.368166,5.4827313,-9.628477,0.0,1.0174158,-10.594039,-17.995636,7.368615,-7.273821,0.0,-2.360121,0.8478937,-0.99374104,3.8184383,-3.900526,6.4369316,25.6175,-41.38221,-55.3518,-5.5386043,17.02754,-12.210748,11.087419,-23.128725,27.546808,-48.341072,5.4463673,8.59936,21.077698
671,-23.662635803222656,15.782480239868164,65.78414154052734,0.8030475581269043,2.2699902475416143,-93.14404010770336,4.8937993,7.144808,19.315369,5.482081,-9.590975,0.0,1.1138185,-10.535367,-18.072372,7.1844716,-7.1820936,0.0,-2.3993263,0.83064115,-0.99485064,3.829204,-3.891455,6.4450593,25.593922,-41.90634,-55.545345,-5.380196,16.940458,-12.210748,11.094638,-23.138466,27.386398,-48.30087,4.743557,8.437199,21.028429
672,-23.679737091064453,15.808788299560547,65.78707122802734,0.788221889584265,2.2652780796852903,-93.09475491434569,4.858294,7.1830773,19.27585,5.481544,-9.554029,0.0,1.1736604,-10.48312,-18.130291,7.0562654,-7.114725,0.0,-2.4194434,0.80640996,-0.9909001,3.8509722,-3.8651764,6.463122,25.569023,-42.402805,-55.758995,-5.275465,16.869818,-12.210748,11.102823,-23.148869,27.26348,-48.260544,4.1618886,8.293759,20.991072
673,-23.693279266357422,15.823142051696777,65.78907775878906,0.7729104357727669,2.2616659853680328,-93.06412027309283,4.838576,7.215816,19.253399,5.4773765,-9.528381,0.0,1.2435584,-10.431341,-18.172354,6.9077644,-7.0407453,0.0,-2.4140306,0.774303,-0.97942346,3.88967,-3.8217626,6.4911923,25.543842,-42.878685,-56.00214,-5.2413616,16.816433,-12.210748,11.115467,-23.16059,27.184288,-48.222694,3.7016473,8.165448,20.965376
674,-23.71137046813965,15.841804504394531,65.79048919677734,0.7559690227349289,2.255156238281183,-93.04866970491693,4.823698,7.251811,19.244051,5.478342,-9.507874,0.0,1.2893864,-10.381977,-18.197035,6.79943,-6.983569,0.0,-2.3874128,0.74031466,-0.95963573,3.9402757,-3.7651026,6.5208097,25.518301,-43.35163,-56.26781,-5.2524867,16.761223,-12.210748,11.127385,-23.17327,27.13781,-48.178722,3.3252845,8.04583,20.95977
675,-23.726808547973633,15.859516143798828,65.79110717773438,0.7397199408097674,2.2507945509734895,-93.0433151734175,4.814714,7.2827706,19.244057,5.4723606,-9.487258,0.0,1.3228292,-10.338236,-18.210552,6.7063255,-6.9327316,0.0,-2.3508666,0.70134413,-0.9373639,3.9934266,-3.6958923,6.558794,25.491623,-43.791862,-56.539295,-5.288526,16.713842,-12.210748,11.135828,-23.185667,27.1188,-48.133934,3.058752,7.951127,20.96523
676,-23.74498748779297,15.8812255859375,65.79319763183594,0.7259190472471153,2.253709690121942,-93.04266338278468,4.7919793,7.3141923,19.246458,5.4722614,-9.464971,0.0,1.3281155,-10.300241,-18.21636,6.6487927,-6.896551,0.0,-2.3157744,0.65441906,-0.9180683,4.03965,-3.61404,6.611597,25.461533,-44.170765,-56.79885,-5.328451,16.684023,-12.210748,11.138029,-23.196186,27.121664,-48.092182,2.9278488,7.8957067,20.973078
677,-23.76000213623047,15.896551132202148,65.7953109741211,0.7154864636411546,2.2675222003770283,-93.05130730529027,4.7675867,7.3376017,19.255264,5.473825,-9.452532,0.0,1.3162153,-10.270663,-18.211502,6.6064105,-6.868813,0.0,-2.279803,0.59612936,-0.9027849,4.0719786,-3.514656,6.684831,25.426682,-44.482018,-57.047413,-5.3904176,16.678448,-12.210748,11.131164,-23.204489,27.152855,-48.050884,2.9765208,7.893381,20.984707
678,-23.776832580566406,15.916199684143066,65.79698944091797,0.707224598858572,2.2887613717996635,-93.07002715485407,4.7358365,7.359114,19.272558,5.470375,-9.433105,0.0,1.2636731,-10.251327,-18.192165,6.6228094,-6.8673296,0.0,-2.2386882,0.52888787,-0.88879496,4.096991,-3.3992138,6.7751,25.388348,-44.740196,-57.29327,-5.4777365,16.690224,-12.210748,11.115863,-23.211407,27.21186,-48.005905,3.1799514,7.931858,21.003235
679,-23.793529510498047,15.935990333557129,65.79956817626953,0.700318425337631,2.3117773577237277,-93.0881768907911,4.703991,7.3784547,19.288599,5.4674892,-9.415886,0.0,1.208277,-10.233429,-18.172945,6.639992,-6.865267,0.0,-2.2008505,0.45878235,-0.875982,4.125564,-3.2776554,6.8728924,25.348967,-44.95054,-57.529827,-5.543829,16.710123,-12.210748,11.09774,-23.217165,27.284958,-47.967056,3.4567142,7.990549,21.02234
680,-23.810836791992188,15.953697204589844,65.80207061767578,0.6938485242975768,2.3308266894099,-93.09470129146409,4.6683993,7.4009647,19.292974,5.472148,-9.400229,0.0,1.1638612,-10.214177,-18.164412,6.6554003,-6.866615,0.0,-2.1746347,0.39171532,-0.8642493,4.1684203,-3.158846,6.970024,25.31073,-45.11668,-57.75097,-5.54399,16.729052,-12.210748,11.079237,-23.222048,27.35757,-47.93787,3.7273142,8.0458555,21.035913
681,-23.82776641845703,15.973719596862793,65.80475616455078,0.6875234755784282,2.3479301210003882,-93.08915883840642,4.6320786,7.423892,19.286879,5.4698257,-9.376457,0.0,1.1249758,-10.193609,-18.167,6.667398,-6.866554,0.0,-2.1632364,0.32461336,-0.8521014,4.23553,-3.035692,7.067307,25.273037,-45.218803,-57.948906,-5.448704,16.751131,-12.210748,11.060659,-23.225851,27.433493,-47.918713,4.0143356,8.0995035,21.040998
682,-23.849977493286133,15.99606990814209,65.80725860595703,0.6817812789978012,2.3650056801383244,-93.07652233095605,4.5881243,7.452348,19.273676,5.4725494,-9.3497925,0.0,1.0735606,-10.173655,-18.173454,6.710395,-6.8846297,0.0,-2.161884,0.2558114,-0.840038,4.3187633,-2.907545,7.169497,25.234844,-45.26114,-58.129566,-5.2878046,16.779398,-12.210748,11.040708,-23.228487,27.518986,-47.9082,4.3445725,8.161242,21.041384
683,-23.871295928955078,16.017698287963867,65.81051635742188,0.6774661580336088,2.376060423565444,-93.05450526319058,4.54877,7.4793596,19.251757,5.472322,-9.320112,0.0,1.0406425,-10.152211,-18.190042,6.735732,-6.8958488,0.0,-2.1669078,0.19378352,-0.83119833,4.401586,-2.7886784,7.270222,25.198,-45.28611,-58.30666,-5.1028867,16.803919,-12.210748,11.019698,-23.23054,27.598984,-47.904747,4.6493683,8.219683,21.041243
684,-23.8919620513916,16.044017791748047,65.81327056884766,0.6755676738168818,2.3752109024419936,-93.02118052191793,4.5145817,7.505123,19.219193,5.471369,-9.284595,0.0,1.0130062,-10.135638,-18.216362,6.7784567,-6.9151206,0.0,-2.1745849,0.14715283,-0.8287716,4.4674206,-2.6916485,7.3655324,25.164541,-45.333466,-58.494987,-4.93772,16.814304,-12.210748,11.000308,-23.232012,27.66122,-47.911774,4.8554225,8.263872,21.044966
685,-23.911813735961914,16.068920135498047,65.81642150878906,0.6775185301162453,2.3592021945360373,-92.97511989757474,4.4915004,7.528168,19.1746,5.4681787,-9.244358,0.0,1.0112443,-10.121159,-18.255793,6.810466,-6.931218,0.0,-2.1835904,0.120445214,-0.836364,4.5144615,-2.6257224,7.454411,25.135027,-45.401775,-58.69344,-4.7582955,16.797201,-12.210748,10.981767,-23.233522,27.703278,-47.930756,4.9303484,8.292237,21.05089
686,-23.931779861450195,16.091785430908203,65.81942749023438,0.6821167409229647,2.3317357416782643,-92.9176357134745,4.477306,7.5499244,19.118752,5.4672523,-9.20519,0.0,1.0276148,-10.108715,-18.30618,6.8424144,-6.951207,0.0,-2.1959982,0.10834662,-0.85133255,4.5505733,-2.5812943,7.539417,25.108334,-45.47325,-58.8956,-4.556828,16.76153,-12.210748,10.964361,-23.234539,27.732874,-47.96208,4.915131,8.310313,21.057688
687,-23.951980590820312,16.111867904663086,65.82174682617188,0.6874889566110539,2.2974042585322008,-92.85100608557181,4.4689355,7.5720625,19.05415,5.4668126,-9.166538,0.0,1.0593244,-10.095284,-18.366175,6.866802,-6.970823,0.0,-2.2132425,0.10441297,-0.8673839,4.5740085,-2.5480494,7.6207576,25.083853,-45.564457,-59.10832,-4.4155936,16.730564,-12.210748,10.94636,-23.234823,27.746689,-47.99681,4.856968,8.317046,21.068699
688,-23.974918365478516,16.13094711303711,65.82547760009766,0.6910082267993228,2.260775587067557,-92.77715828227142,4.4199796,7.612574,18.977926,5.5546756,-9.171704,0.0,1.1123207,-10.072464,-18.436066,6.860013,-6.9794087,0.0,-2.236864,0.102458656,-0.87799335,4.5828657,-2.513931,7.6983075,25.061018,-45.69233,-59.338398,-4.4165387,16.727589,-12.210748,10.927309,-23.233896,27.744057,-48.02896,4.7998285,8.3120165,21.087011
689,-23.996543884277344,16.15218734741211,65.82848358154297,0.6917554982456725,2.2188434765114726,-92.68904189821667,4.4397864,7.633353,18.898064,5.48617,-9.089527,0.0,1.1837574,-10.043417,-18.522432,6.8303447,-6.9781265,0.0,-2.2726696,0.10518832,-0.8793286,4.5630193,-2.4824035,7.7721767,25.04203,-45.88641,-59.604618,-4.691696,16.77643,-12.210748,10.907356,-23.230442,27.709768,-48.05833,4.735801,8.283663,21.119175
