Frame,root_translateX,root_translateY,root_translateZ,root_rotateX,root_rotateY,root_rotateZ,left_hip_pitch_joint,left_hip_roll_joint,left_hip_yaw_joint,left_knee_joint,left_ankle_pitch_joint,left_ankle_roll_joint,right_hip_pitch_joint,right_hip_roll_joint,right_hip_yaw_joint,right_knee_joint,right_ankle_pitch_joint,right_ankle_roll_joint,waist_yaw_joint,waist_pitch_joint,waist_roll_joint,head_yaw_joint,head_pitch_joint,left_shoulder_pitch_joint,left_shoulder_roll_joint,left_shoulder_yaw_joint,left_elbow_joint,left_wrist_yaw_joint,left_wrist_pitch_joint,left_wrist_roll_joint,right_shoulder_pitch_joint,right_shoulder_roll_joint,right_shoulder_yaw_joint,right_elbow_joint,right_wrist_yaw_joint,right_wrist_pitch_joint,right_wrist_roll_joint
0,-0.2063673436641693,2.1949610710144043,66.46481323242188,0.5256679426200207,-1.444586928359896,-91.88691789267766,6.421472,0.2796697,14.132269,6.269634,-8.743578,0.0,6.9777756,-1.4637759,-22.24178,6.42713,-12.870797,0.0,-1.5960782,2.0258427,-0.7390084,4.730256,-1.8678536,3.4160469,21.201382,-56.082016,-62.473953,-4.853014,15.10528,-12.210748,2.2399287,-20.971458,43.167084,-58.381176,-21.05088,21.336544,3.9993556
1,-0.21393850445747375,2.209850311279297,66.46688079833984,0.5283333166745898,-1.4367441317305982,-91.8661657735363,6.398107,0.28581816,14.11613,6.2619667,-8.720038,0.0,6.9626946,-1.4568218,-22.259487,6.4242415,-12.863783,0.0,-1.5869435,2.0447083,-0.7438287,4.7303534,-1.8677742,3.4157827,21.342947,-56.09045,-62.485073,-4.8491983,15.099957,-12.210748,2.2406304,-21.12053,43.177383,-58.39039,-21.055325,21.333368,4.003584
2,-0.2245587259531021,2.226494312286377,66.46886444091797,0.5312023124713554,-1.4218989629619223,-91.83597201470127,6.3638763,0.29510286,14.092511,6.2542596,-8.692154,0.0,6.9409337,-1.4465953,-22.284903,6.421757,-12.858383,0.0,-1.5754093,2.0724735,-0.7515673,4.7304306,-1.8675839,3.4151564,21.47496,-56.098515,-62.497902,-4.84484,15.093778,-12.210748,2.2413764,-21.259552,43.187984,-58.40079,-21.06012,21.329765,4.008373
3,-0.23330019414424896,2.2455623149871826,66.47129821777344,0.5331201123239677,-1.4018768869114664,-91.8003884817986,6.3210235,0.30475897,14.064865,6.2460136,-8.660741,0.0,6.9133306,-1.4361718,-22.314648,6.418057,-12.850667,0.0,-1.5635936,2.1056602,-0.76141226,4.7304873,-1.8672829,3.4140196,21.598545,-56.10619,-62.512383,-4.8400364,15.086774,-12.210748,2.2420812,-21.38969,43.198864,-58.41237,-21.065224,21.325733,4.0136724
4,-0.24215325713157654,2.271728038787842,66.47596740722656,0.5331281699058554,-1.3605179193312398,-91.7460560292535,6.246516,0.31894085,14.02248,6.2375803,-8.619329,0.0,6.862926,-1.421134,-22.359907,6.4126325,-12.840127,0.0,-1.553294,2.1545777,-0.77785736,4.7305427,-1.866469,3.4099,21.802269,-56.12044,-62.546314,-4.8295503,15.070353,-12.210748,2.2427745,-21.603712,43.22063,-58.43967,-21.076725,21.316105,4.025891
5,-0.25429096817970276,2.2985873222351074,66.48021697998047,0.5314445165566108,-1.3183516500262835,-91.69410218229501,6.169937,0.33671317,13.981446,6.229818,-8.577178,0.0,6.809086,-1.4027145,-22.403706,6.4093966,-12.830295,0.0,-1.5467378,2.1993728,-0.7954719,4.730539,-1.8654265,3.4043996,21.984575,-56.133545,-62.58442,-4.818338,15.051929,-12.210748,2.2432702,-21.794594,43.24322,-58.47045,-21.088985,21.305336,4.0397105
6,-0.26827698945999146,2.3313968181610107,66.48471069335938,0.5287468121971005,-1.2752943274974935,-91.64116886087261,6.088548,0.35675663,13.939473,6.219221,-8.528298,0.0,6.7501903,-1.3813914,-22.448927,6.4045124,-12.815717,0.0,-1.5413041,2.2452712,-0.81536025,4.7304716,-1.864145,3.3976,22.148489,-56.14544,-62.626137,-4.8066444,15.031803,-12.210748,2.2436728,-21.965605,43.266987,-58.504345,-21.101658,21.293686,4.055055
7,-0.2774888277053833,2.3648452758789062,66.48992919921875,0.5258427476500199,-1.2295491601329362,-91.58626718409376,6.003745,0.37385967,13.895841,6.2080235,-8.479096,0.0,6.6890454,-1.3632,-22.495886,6.396836,-12.79738,0.0,-1.5352213,2.2948847,-0.8360472,4.730339,-1.8626186,3.3894465,22.296446,-56.15601,-62.67102,-4.794551,15.010209,-12.210748,2.2440019,-22.119354,43.292004,-58.541023,-21.114544,21.281307,4.0717616
8,-0.2901398241519928,2.4159743785858154,66.49920654296875,0.5036975683349453,-1.0033119662777041,-91.44141216576041,5.6389475,0.4326926,13.718502,6.330155,-8.465911,0.0,6.4452615,-1.3205733,-22.675823,6.4036674,-12.78757,0.0,-1.6097912,2.2394857,-0.8462608,4.6043863,-0.77026397,3.7138793,23.024136,-56.3922,-65.37584,-3.7511914,15.329924,-12.210748,3.2077196,-22.846962,43.824997,-61.344856,-22.402548,21.559114,3.7003026
9,-0.3044164180755615,2.450098991394043,66.50312042236328,0.5096745610412352,-0.9927277742248529,-91.41259439213849,5.5960145,0.44139227,13.696123,6.3155365,-8.419118,0.0,6.4138646,-1.3098495,-22.701616,6.395808,-12.765788,0.0,-1.5936265,2.278141,-0.85305566,4.6043043,-0.7695863,3.715472,23.089392,-56.395493,-65.37714,-3.749707,15.329572,-12.210748,3.2103949,-22.91247,43.834328,-61.346085,-22.402704,21.559109,3.7004523
10,-0.31373053789138794,2.4925482273101807,66.50988006591797,0.5163395860450698,-0.9312011516593521,-91.34515141649868,5.4826226,0.45086396,13.643377,6.303421,-8.356683,0.0,6.3309712,-1.299997,-22.759117,6.389601,-12.743476,0.0,-1.5611116,2.3745918,-0.8720669,4.6038194,-0.76641846,3.713387,23.263792,-56.404736,-65.3945,-3.7424953,15.321977,-12.210748,3.2166681,-23.0877,43.870243,-61.360313,-22.404978,21.555271,3.7034228
11,-0.32337164878845215,2.536848783493042,66.51715087890625,0.5230148695956869,-0.8617106767143077,-91.28343784708713,5.361854,0.45956814,13.594332,6.2903867,-8.293862,0.0,6.238474,-1.2901452,-22.813076,6.379931,-12.71638,0.0,-1.5331216,2.454286,-0.88831633,4.6031837,-0.76275784,3.7053163,23.41399,-56.410103,-65.421196,-3.73328,15.309662,-12.210748,3.2205794,-23.23855,43.90669,-61.38167,-22.40839,21.548563,3.7084808
12,-0.34148523211479187,2.591740369796753,66.52591705322266,0.529542152881472,-0.752654347060119,-91.21328579595115,5.190008,0.47517985,13.535552,6.276161,-8.217297,0.0,6.0983343,-1.2729533,-22.877903,6.3713055,-12.685325,0.0,-1.5097042,2.5203948,-0.90846604,4.601562,-0.7544476,3.6813412,23.602627,-56.412376,-65.48894,-3.7098606,15.278518,-12.210748,3.2233686,-23.426712,43.973343,-61.438457,-22.41987,21.529175,3.7220218
13,-0.3526938259601593,2.641972303390503,66.53440856933594,0.536238626026169,-0.6535410901470637,-91.14865383715838,5.0319204,0.48525098,13.480053,6.2648234,-8.148014,0.0,5.970616,-1.2623768,-22.938625,6.3637705,-12.655301,0.0,-1.4920887,2.5829556,-0.93215096,4.5995727,-0.74500495,3.654819,23.758928,-56.406475,-65.56344,-3.6813898,15.24536,-12.210748,3.2247999,-23.580305,44.03875,-61.504887,-22.4354,21.506021,3.7387018
14,-0.36525416374206543,2.7063934803009033,66.544677734375,0.5481054237134101,-0.46984746227781116,-91.04795513625733,4.7504425,0.4948251,13.347294,6.291366,-8.080032,0.0,5.7290025,-1.2663637,-23.07081,6.4141717,-12.649564,0.0,-1.5152726,2.590236,-0.9708063,4.2247543,0.9268858,3.6050549,24.059366,-56.39418,-66.621445,-3.0159643,15.457576,-12.210748,3.7284498,-23.868227,44.46849,-62.85473,-23.068584,21.536966,3.1336043
15,-0.38083788752555847,2.756255865097046,66.55228424072266,0.5566582823884173,-0.41419547886785957,-90.99366620810284,4.6398478,0.5046711,13.305058,6.2758846,-8.009471,0.0,5.6432757,-1.2548295,-23.119173,6.4052143,-12.61852,0.0,-1.4940025,2.6927028,-0.9970997,4.2228985,0.93468904,3.6036956,24.179064,-56.384342,-66.631165,-3.005298,15.455465,-12.210748,3.7312012,-23.98386,44.513493,-62.871548,-23.074335,21.531298,3.1358984
16,-0.39581918716430664,2.8272290229797363,66.56405639648438,0.5703450839254991,-0.26902818376095605,-90.90841346255772,4.4075923,0.51200134,13.215414,6.274354,-7.9231215,0.0,5.4569983,-1.2471722,-23.21334,6.393487,-12.573155,0.0,-1.4888594,2.7763212,-1.0355016,3.8541803,2.3380587,3.554052,24.374651,-56.283405,-66.90724,-2.6711843,15.529541,-12.210748,3.8789854,-24.176214,44.842644,-63.349392,-23.485872,21.446527,2.7685835
17,-0.4127737283706665,2.8998284339904785,66.57429504394531,0.5826172567945056,-0.15706992851181217,-90.83798832726217,4.2130685,0.5208246,13.149725,6.2660794,-7.834283,0.0,5.288711,-1.2419392,-23.285154,6.405973,-12.537494,0.0,-1.4619516,2.8895328,-1.0588484,3.5440876,3.3727062,3.5362086,24.522676,-56.15996,-67.0557,-2.5022242,15.547122,-12.210748,3.8960004,-24.324993,45.089474,-63.55556,-23.771524,21.386667,2.5257356
18,-0.42402949929237366,2.9808008670806885,66.58524322509766,0.5960581672528128,-0.038990741733072175,-90.76703097545584,4.0061183,0.52453405,13.083986,6.2589254,-7.7419343,0.0,5.1128693,-1.240108,-23.356964,6.40345,-12.484698,0.0,-1.4264842,3.015591,-1.0772613,3.2585657,4.173877,3.5121596,24.635553,-56.01162,-67.16363,-2.351177,15.539543,-12.210748,3.8831933,-24.440138,45.272892,-63.702854,-24.003458,21.337286,2.3382156
19,-0.43477335572242737,3.055513620376587,66.5968017578125,0.6086487209408183,0.08512073056865069,-90.69381794976805,3.7937067,0.5288645,13.01587,6.2552085,-7.653719,0.0,4.9306445,-1.2402898,-23.430063,6.414702,-12.444268,0.0,-1.390314,3.1538994,-1.0949434,2.9828336,4.82585,3.4786708,24.721733,-55.83465,-67.2289,-2.1874423,15.518652,-12.210748,3.8599203,-24.530096,45.410423,-63.817616,-24.181484,21.293528,2.1938908
20,-0.4477980136871338,3.128208875656128,66.60884094238281,0.6224503088942801,0.2153893003558321,-90.61612366552018,3.5734272,0.53422624,12.943064,6.2546244,-7.5663834,0.0,4.746391,-1.2387224,-23.507244,6.422168,-12.405014,0.0,-1.3613219,3.3041005,-1.1152555,2.7140753,5.380729,3.438266,24.787191,-55.62018,-67.248535,-1.9974535,15.490323,-12.210748,3.827362,-24.601137,45.51726,-63.911552,-24.299543,21.255987,2.0993323
21,-0.4652673304080963,3.213796854019165,66.62109375,0.6368252999949441,0.35236242431125303,-90.531337271668,3.3355045,0.54262406,12.863452,6.2499213,-7.4633813,0.0,4.5468516,-1.2332895,-23.591835,6.427861,-12.357842,0.0,-1.3404262,3.4657488,-1.1414628,2.455094,5.874688,3.392692,24.836227,-55.360176,-67.22274,-1.7694169,15.45885,-12.210748,3.7866127,-24.657618,45.603004,-63.98948,-24.36067,21.221212,2.0564938
22,-0.4778200387954712,3.295379161834717,66.63418579101562,0.6525135622698093,0.49592545163239177,-90.44125760515068,3.089652,0.547232,12.778673,6.250019,-7.364493,0.0,4.344528,-1.2329109,-23.68072,6.4338593,-12.312957,0.0,-1.3242636,3.6389847,-1.1710106,2.2043033,6.3286986,3.3468876,24.871977,-55.05336,-67.16364,-1.5141032,15.423392,-12.210748,3.7381444,-24.702703,45.673523,-64.05502,-24.381819,21.18791,2.0504587
23,-0.49162110686302185,3.3943886756896973,66.6475601196289,0.6675819181789296,0.6446105784699682,-90.35060504493251,2.8279247,0.55253106,12.694006,6.243663,-7.2484455,0.0,4.123478,-1.2308253,-23.77088,6.435651,-12.251988,0.0,-1.3139312,3.824951,-1.1993293,1.9547589,6.7476864,3.3074183,24.896791,-54.701954,-67.08263,-1.2549127,15.379645,-12.210748,3.6776435,-24.739275,45.735424,-64.105064,-24.372976,21.158417,2.0655732
24,-0.5087619423866272,3.4969124794006348,66.6613998413086,0.6836467432792344,0.7969457473324477,-90.26411509791077,2.560452,0.5585345,12.613508,6.236794,-7.1291947,0.0,3.8930702,-1.2283826,-23.857162,6.4408345,-12.190024,0.0,-1.3105308,4.0244484,-1.2216514,1.6957817,7.127397,3.2795095,24.912613,-54.30906,-66.989265,-1.0151356,15.321688,-12.210748,3.602257,-24.770063,45.796043,-64.140274,-24.345346,21.13507,2.086353
25,-0.5266512632369995,3.6006226539611816,66.67579650878906,0.698493645908714,0.9508066020994186,-90.18120458022435,2.2912555,0.5653299,12.53676,6.229162,-7.0087276,0.0,3.6587896,-1.2249229,-23.93984,6.446701,-12.126736,0.0,-1.3217199,4.2378097,-1.2373883,1.4134792,7.4597034,3.2643456,24.920734,-53.873253,-66.88325,-0.80680394,15.239884,-12.210748,3.511033,-24.797064,45.864292,-64.16311,-24.298285,21.123747,2.1137855
26,-0.538510799407959,3.6970913410186768,66.68983459472656,0.7121976868558001,1.107505178553759,-90.10006696590486,2.0214574,0.5689685,12.461797,6.227835,-6.897504,0.0,3.4237442,-1.2271222,-24.01982,6.4601793,-12.070493,0.0,-1.3446535,4.4644265,-1.249219,1.1042402,7.745598,3.2592444,24.922222,-53.3935,-66.75945,-0.6172178,15.136234,-12.210748,3.4053018,-24.821505,45.9444,-64.17644,-24.236736,21.119865,2.1463065
27,-0.5478459596633911,3.8084938526153564,66.7042007446289,0.7306338100240373,1.2716796544097184,-90.02324332481561,1.7328483,0.5664333,12.392603,6.2275424,-6.7761927,0.0,3.1697855,-1.235996,-24.097298,6.4672823,-11.996781,0.0,-1.3703465,4.706313,-1.2594063,0.4905088,8.205653,3.4328096,24.914778,-52.552353,-66.747536,-0.63037884,15.06319,-12.210748,3.198261,-24.86384,46.095432,-64.180534,-24.243736,21.147402,2.1604102
28,-0.5659962296485901,3.924893617630005,66.71989440917969,0.7513606532150181,1.4453137396760334,-89.9540307776459,1.4331017,0.5660048,12.329349,6.222923,-6.6473985,0.0,2.8968775,-1.2423698,-24.166695,6.481423,-11.923938,0.0,-1.3741097,4.958741,-1.2661617,0.088275954,8.447273,3.5484421,24.900717,-51.859207,-66.65861,-0.5369297,14.964156,-12.210748,3.049423,-24.895514,46.2199,-64.16979,-24.24005,21.113014,2.12996
29,-0.5774475932121277,4.045749664306641,66.73670196533203,0.7787974210688545,1.633614756615579,-89.89473515959524,1.1215473,0.552146,12.275938,6.205672,-6.509493,0.0,2.5976,-1.264521,-24.225922,6.5072417,-11.848912,0.0,-1.3475474,5.2194476,-1.269996,-0.31873462,8.666807,3.714206,24.875359,-51.084496,-66.58236,-0.47518167,14.885638,-12.210748,2.8830428,-24.93037,46.344025,-64.134094,-24.269201,21.047136,2.0594587
30,-0.5918335914611816,4.173852920532227,66.75397491455078,0.8104799115911294,1.8334306790915793,-89.84297865545857,0.7894216,0.5361177,12.229728,6.199184,-6.3724055,0.0,2.280009,-1.288942,-24.277897,6.5295396,-11.76538,0.0,-1.3000219,5.4893246,-1.269561,-0.62618124,8.813815,3.8565478,24.83863,-50.329567,-66.493614,-0.37540612,14.831487,-12.210748,2.7243488,-24.965603,46.441883,-64.10053,-24.29298,20.969835,1.9655093
31,-0.5992904305458069,4.318875312805176,66.77117919921875,0.8433421284842195,2.0371733908475433,-89.79502401624481,0.43368673,0.51563585,12.188215,6.206714,-6.230567,0.0,1.9439131,-1.3206935,-24.326218,6.5479007,-11.662349,0.0,-1.251046,5.7781487,-1.266442,-0.8775504,8.91543,3.9199235,24.7958,-49.649952,-66.35564,-0.16836093,14.786811,-12.210748,2.5626101,-24.996042,46.507744,-64.0622,-24.293814,20.892895,1.8881489
32,-0.607713520526886,4.45433235168457,66.78933715820312,0.8758874428608333,2.23734256183459,-89.74773589946005,0.11677463,0.48978734,12.147506,6.151327,-6.0613294,0.0,1.612011,-1.3545022,-24.37306,6.5831065,-11.57572,0.0,-1.2209448,6.095458,-1.2650257,-1.0986754,8.976728,3.924678,24.762367,-49.007324,-66.185905,0.1486722,14.736117,-12.210748,2.37532,-25.014328,46.56172,-64.00804,-24.270586,20.827682,1.8476958
33,-0.6182218194007874,4.59175443649292,66.80696868896484,0.9038403856082111,2.4320188345947398,-89.6966162236601,-0.22587125,0.47648934,12.103228,6.158459,-5.9226294,0.0,1.286141,-1.3812019,-24.42361,6.614306,-11.486428,0.0,-1.2237117,6.442719,-1.2629293,-1.2849623,9.007141,3.936339,24.726397,-48.282974,-65.9952,0.5415646,14.66569,-12.210748,2.1554527,-25.03304,46.63957,-63.95032,-24.252224,20.772284,1.8372849
34,-0.6307776570320129,4.742779731750488,66.82424926757812,0.9303238270808009,2.625153029556471,-89.64485376534513,-0.5877728,0.4683674,12.058984,6.186697,-5.783951,0.0,0.9480141,-1.4062424,-24.475185,6.6500325,-11.389175,0.0,-1.2463863,6.8151593,-1.2608857,-1.4405366,9.007514,3.9501274,24.68707,-47.496838,-65.78432,0.9936688,14.584319,-12.210748,1.9110281,-25.052393,46.7319,-63.88978,-24.239208,20.72048,1.8438668
35,-0.650692343711853,4.897302627563477,66.84156036376953,0.9587773673182743,2.8181563275916246,-89.59842812868376,-0.9451687,0.4614338,12.019617,6.2003174,-5.633803,0.0,0.60307837,-1.4290053,-24.521578,6.6916738,-11.293525,0.0,-1.2725519,7.2133446,-1.2608204,-1.5698022,8.962996,3.9469364,24.648724,-46.70737,-65.5601,1.4390832,14.497109,-12.210748,1.6445401,-25.071747,46.822357,-63.82366,-24.224268,20.67193,1.8554782
36,-0.6630654335021973,5.055413722991943,66.8608169555664,0.9937252171063085,3.0123915613869388,-89.56393385728259,-1.2518578,0.43080893,11.992273,6.09785,-5.4209824,0.0,0.24601403,-1.4677039,-24.555244,6.7430882,-11.19425,0.0,-1.2854253,7.6378508,-1.2660828,-1.6772658,8.856202,3.9123552,24.613459,-45.966877,-65.33127,1.8067319,14.408622,-12.210748,1.3603674,-25.091185,46.89755,-63.754177,-24.20505,20.625372,1.8584696
37,-0.6775414347648621,5.2159504890441895,66.87898254394531,1.0304511863583248,3.2114725312342296,-89.54530291210978,-1.6449715,0.4163603,11.979444,6.172363,-5.300565,0.0,-0.13020486,-1.5114435,-24.572176,6.8130608,-11.09971,0.0,-1.279269,8.085369,-1.2735804,-1.7541624,8.67833,3.8386796,24.58269,-45.288185,-65.09814,2.067553,14.317733,-12.210748,1.0559541,-25.11075,46.963093,-63.68143,-24.174307,20.5876,1.8517797
38,-0.685920774936676,5.393980503082275,66.89583587646484,1.0543565912599653,3.4135754995157868,-89.54000440990384,-2.0319793,0.40549085,11.979941,6.202572,-5.145803,0.0,-0.5341261,-1.551667,-24.575348,6.8962803,-10.9923935,0.0,-1.2596925,8.557162,-1.2687597,-1.8017793,8.43752,3.7380133,24.553719,-44.638836,-64.85845,2.2575166,14.222619,-12.210748,0.7301872,-25.131327,47.025593,-63.605114,-24.13808,20.555494,1.8407662
39,-0.6971835494041443,5.579717636108398,66.91239166259766,1.0780351782438886,3.6119578149403657,-89.53799662691397,-2.4457529,0.4017157,11.982455,6.286602,-5.01304,0.0,-0.9474144,-1.5921646,-24.575237,6.9919443,-10.885659,0.0,-1.2368151,9.059918,-1.259532,-1.8404068,8.152615,3.61603,24.52708,-44.018192,-64.61874,2.4177067,14.129216,-12.210748,0.3884803,-25.15186,47.065685,-63.52374,-24.103136,20.51699,1.8263801
40,-0.7042056918144226,5.784665107727051,66.92639923095703,1.0994910254325858,3.8000751881907835,-89.53042027402999,-2.8776193,0.40001535,11.978605,6.3970385,-4.8780284,0.0,-1.3668447,-1.6347322,-24.581469,7.0888534,-10.763277,0.0,-1.2177849,9.600856,-1.2396902,-1.8897206,7.840046,3.4824111,24.501709,-43.419487,-64.38592,2.5836432,14.043054,-12.210748,0.03484747,-25.172392,47.067013,-63.434948,-24.079025,20.458681,1.8081203
41,-0.7084949612617493,5.979775428771973,66.94009399414062,1.1210077868691837,3.9799152751714275,-89.51251883779503,-3.2893322,0.39456558,11.961952,6.490909,-4.7383714,0.0,-1.7731395,-1.6815078,-24.597677,7.199842,-10.657431,0.0,-1.2031513,10.176406,-1.2078474,-1.9604902,7.50299,3.3428,24.476574,-42.843243,-64.1634,2.7447636,13.966819,-12.210748,-0.3267517,-25.19293,47.022217,-63.33351,-24.06953,20.371584,1.787483
42,-0.7195781469345093,6.177639484405518,66.9521255493164,1.1427304534560434,4.153653335982131,-89.48970027325478,-3.709758,0.39559966,11.938203,6.6068215,-4.60415,0.0,-2.180925,-1.7257489,-24.619213,7.32603,-10.561001,0.0,-1.1894857,10.784533,-1.1671447,-2.0401573,7.1324306,3.1912982,24.45194,-42.290974,-63.94782,2.8877702,13.897305,-12.210748,-0.70037466,-25.21414,46.942284,-63.223354,-24.069422,20.264782,1.7638199
43,-0.7288017272949219,6.374648094177246,66.96236419677734,1.1616709435660082,4.315233518674442,-89.46916944727683,-4.128632,0.40014794,11.915656,6.7466803,-4.482871,0.0,-2.6225262,-1.7899818,-24.636873,7.5599985,-10.521154,0.0,-1.1775045,11.434721,-1.1200616,-2.1133642,6.7269163,3.0220146,24.429962,-41.759914,-63.738354,3.0456219,13.831122,-12.210748,-1.0943806,-25.235476,46.83658,-63.11177,-24.070854,20.151749,1.7340918
44,-0.7326260209083557,6.590701103210449,66.96857452392578,1.1748174831514573,4.458394207530456,-89.45811727157052,-4.549301,0.4084007,11.903279,6.902094,-4.3575864,0.0,-3.195862,-1.914075,-24.641052,8.101464,-10.625118,0.0,-1.1681194,12.136454,-1.0691957,-2.164916,6.28113,2.8275628,24.41327,-41.24913,-63.532803,3.2526276,13.764928,-12.210748,-1.5179819,-25.255743,46.716164,-63.005615,-24.067297,20.04585,1.6941884
45,-0.7406721115112305,6.808936595916748,66.97200775146484,1.1791440143181027,4.577471146121992,-89.45817534813173,-4.959218,0.43094727,11.900681,7.0864477,-4.2469053,0.0,-3.7402618,-2.021969,-24.634508,8.620438,-10.714183,0.0,-1.1612793,12.8945875,-1.0117251,-2.1883936,5.7870326,2.5960336,24.403133,-40.769913,-63.32354,3.5398533,13.698812,-12.210748,-1.9726467,-25.27406,46.583336,-62.903683,-24.055342,19.950386,1.6361705
46,-0.7438012361526489,7.032584190368652,66.971435546875,1.1762466528523647,4.677048563154924,-89.46562258224378,-5.3688226,0.46082008,11.904368,7.305349,-4.1518254,0.0,-4.2826138,-2.1319249,-24.619991,9.164652,-10.80877,0.0,-1.1550791,13.701859,-0.9460577,-2.1921797,5.4546285,2.2506013,24.400698,-40.45939,-63.03468,3.975461,13.602678,-12.210748,-2.446037,-25.282923,46.486702,-62.796974,-24.073765,19.828178,1.5064806
47,-0.7499253749847412,7.26614236831665,66.96514129638672,1.170844036111294,4.766532405214992,-89.47942887252557,-5.7828264,0.49724478,11.914679,7.540944,-4.0581584,0.0,-4.859131,-2.2526574,-24.59796,9.788983,-10.937605,0.0,-1.1523404,14.554464,-0.87979233,-2.1896837,4.9778852,1.9429736,24.39769,-40.06447,-62.807854,4.355828,13.532726,-12.210748,-2.97244,-25.296808,46.352173,-62.69163,-24.08246,19.72927,1.414251
48,-0.7566440105438232,7.497831344604492,66.9535903930664,1.1670191380033428,4.855508546401803,-89.49856306709518,-6.212096,0.53665775,11.93174,7.8146443,-3.9862669,0.0,-5.46255,-2.3865929,-24.56851,10.477694,-11.101588,0.0,-1.1524751,15.445055,-0.8182823,-2.182891,4.440453,1.6595194,24.394749,-39.640232,-62.619587,4.677035,13.465352,-12.210748,-3.5279598,-25.314175,46.19717,-62.603195,-24.093876,19.631521,1.3412493
49,-0.7609553337097168,7.735891819000244,66.93572235107422,1.1659563275563503,4.934098114815511,-89.51913785731588,-6.639492,0.5728416,11.952351,8.095652,-3.9137025,0.0,-6.096745,-2.5408897,-24.534693,11.248861,-11.303137,0.0,-1.1571947,16.383997,-0.76237833,-2.1731198,3.8695917,1.3847191,24.392378,-39.211487,-62.460136,4.957036,13.399536,-12.210748,-4.1181035,-25.334694,46.032574,-62.526737,-24.12058,19.537506,1.2937276
50,-0.7645629644393921,7.987764358520508,66.91376495361328,1.1647597802457728,5.001334360575733,-89.5426327115796,-7.0616193,0.60809624,11.975769,8.366931,-3.8255439,0.0,-6.745039,-2.7008889,-24.49536,12.048239,-11.50739,0.0,-1.1647842,17.363869,-0.70701325,-2.1641552,3.5017354,1.1542827,24.391943,-38.931477,-62.285576,5.2571535,13.262974,-12.210748,-4.618454,-25.347507,45.92192,-62.50358,-24.16888,19.383436,1.1572073
51,-0.7691038846969604,8.247211456298828,66.88213348388672,1.1628902753565347,5.079762969654093,-89.57714480548438,-7.5929594,0.6659192,12.012305,8.844317,-3.8429096,0.0,-7.457498,-2.878437,-24.443249,12.949176,-11.757626,0.0,-1.1723783,18.37352,-0.655653,-2.1503055,3.0382986,0.83686507,24.393646,-38.59712,-62.15163,5.540441,13.200142,-12.210748,-5.265343,-25.36537,45.784702,-62.465313,-24.242153,19.272064,1.0627675
52,-0.7762571573257446,8.503080368041992,66.84248352050781,1.1579266598287554,5.191732229048408,-89.63002763099689,-8.507355,0.80603,12.063083,10.098571,-4.278615,0.0,-8.220483,-3.0554752,-24.370932,13.885194,-12.026624,0.0,-1.1767071,19.386168,-0.6071659,-2.1317286,2.5210838,0.51739204,24.39626,-38.233547,-62.031303,5.7714567,13.139614,-12.210748,-5.9633465,-25.386276,45.629665,-62.428055,-24.30856,19.146673,0.963765
53,-0.7871273159980774,8.770597457885742,66.79207611083984,1.1525689135752433,5.329422834412354,-89.70629556156001,-9.470843,0.9566256,12.136616,11.396226,-4.7323537,0.0,-9.066316,-3.2446787,-24.272306,14.915273,-12.332695,0.0,-1.1797132,20.411339,-0.5659248,-2.108018,1.9763122,0.20234902,24.399706,-37.847916,-61.93967,5.9243155,13.087684,-12.210748,-6.6959047,-25.409426,45.457146,-62.41481,-24.365202,19.002895,0.8394655
54,-0.7866500020027161,9.037346839904785,66.73249816894531,1.146709840308368,5.485764060688859,-89.80112837156194,-10.451215,1.1043942,12.228956,12.700618,-5.1950097,0.0,-9.95594,-3.4479947,-24.150913,15.991087,-12.655519,0.0,-1.1825168,21.455524,-0.5307125,-2.0787873,1.4174527,-0.1085351,24.404043,-37.44659,-61.87518,6.0125403,13.0420265,-12.210748,-7.4582744,-25.43434,45.268803,-62.425564,-24.414625,18.844189,0.6947219
55,-0.7831830382347107,9.315637588500977,66.66202545166016,1.1349082881349961,5.683399935356536,-89.90715318402603,-11.496933,1.2643461,12.331752,14.044968,-5.672938,0.0,-10.920387,-3.6528769,-24.015556,17.11113,-12.988857,0.0,-1.1788356,22.490042,-0.49163437,-2.0448012,0.85251576,-0.41606453,24.409464,-37.0377,-61.831097,6.0827985,12.991871,-12.210748,-8.247788,-25.461433,45.06928,-62.452038,-24.458538,18.669455,0.52943534
56,-0.7816330790519714,9.595813751220703,66.58541870117188,1.1108542701008457,5.9458038191573985,-90.01725258863915,-12.606091,1.4416188,12.436345,15.385253,-6.1478014,0.0,-11.935013,-3.8321218,-23.877283,18.187166,-13.2967,0.0,-1.1617913,23.485521,-0.43725863,-2.0075715,0.28598243,-0.7198709,24.416101,-36.632057,-61.799904,6.1846895,12.925765,-12.210748,-9.0626135,-25.491053,44.86547,-62.4835,-24.49985,18.47608,0.34255034
57,-0.7823535203933716,9.873412132263184,66.50263977050781,1.0675528831988017,6.288142941877769,-90.13678926446134,-13.802157,1.6470786,12.545662,16.749605,-6.638712,0.0,-13.005976,-3.9751136,-23.733383,19.204653,-13.573999,0.0,-1.1245794,24.426458,-0.3595687,-1.9663563,-0.2759066,-1.0186803,24.424221,-36.237278,-61.780075,6.347633,12.833434,-12.210748,-9.902856,-25.523705,44.66215,-62.519676,-24.54942,18.25122,0.1229271
58,-0.7838878035545349,10.155921936035156,66.4097671508789,1.0089803941598958,6.695404577892203,-90.26756592796171,-15.08146,1.8775465,12.660573,18.151394,-7.1474395,0.0,-14.151647,-4.0984626,-23.580927,20.22515,-13.846708,0.0,-1.0711063,25.33078,-0.2642849,-1.9206901,-0.8305573,-1.3156813,24.43407,-35.856377,-61.77418,6.550561,12.723216,-12.210748,-10.770169,-25.559443,44.461166,-62.564945,-24.608253,17.996885,-0.12949221
59,-0.7862496376037598,10.441431045532227,66.30926513671875,0.9458955354215219,7.144096827798923,-90.39686673111242,-16.39849,2.1150477,12.769782,19.538414,-7.6454854,0.0,-15.343736,-4.2141943,-23.430988,21.249022,-14.119174,0.0,-1.0107514,26.219353,-0.16137265,-1.8739043,-1.3828351,-1.6177138,24.445688,-35.491196,-61.781136,6.764825,12.611882,-12.210748,-11.668437,-25.598372,44.26506,-62.6148,-24.66387,17.73576,-0.39687887
60,-0.7849550843238831,10.728195190429688,66.20082092285156,0.8897749339040754,7.611223725619123,-90.51172660546865,-17.721964,2.3401992,12.863298,20.888372,-8.120908,0.0,-16.566406,-4.344289,-23.29217,22.303968,-14.408318,0.0,-0.9535569,27.113358,-0.06153085,-1.8317051,-1.9427768,-1.9309754,24.4589,-35.14319,-61.799282,6.9607077,12.515906,-12.210748,-12.604279,-25.640589,44.076084,-62.662346,-24.701239,17.492977,-0.65864396
61,-0.7809442281723022,11.016839027404785,66.08389282226562,0.8417210300076908,8.101655819442227,-90.60629974239158,-19.060179,2.5511632,12.936519,22.203197,-8.573589,0.0,-17.82459,-4.490778,-23.169483,23.392517,-14.716673,0.0,-0.9018733,27.999987,0.03598607,-1.7997208,-2.516612,-2.2565928,24.473372,-34.813488,-61.835934,7.1232014,12.440598,-12.210748,-13.585073,-25.68616,43.89538,-62.709793,-24.715862,17.28714,-0.9005409
62,-0.7701110243797302,11.303544998168945,65.95901489257812,0.8020267046582923,8.925083299227376,-90.68381403252954,-20.721165,2.7471414,12.9982815,23.489796,-9.011156,0.0,-19.42363,-4.6544127,-23.054333,24.50661,-15.039738,0.0,-0.8509529,27.999987,0.135181,-1.7793419,-2.9909985,-2.3667865,24.486841,-34.542187,-61.86533,7.2669835,12.389002,-12.210748,-14.391155,-25.733175,43.75061,-62.734177,-24.705236,17.129513,-1.069974
63,-0.7623230218887329,11.587682723999023,65.8258056640625,0.7677976502839339,9.76198991616891,-90.75611979213623,-22.391117,2.9396632,13.052384,24.76647,-9.443509,0.0,-21.042656,-4.822843,-22.941586,25.641306,-15.377496,0.0,-0.8002367,27.999987,0.23049684,-1.7690388,-3.411958,-2.440523,24.50056,-34.30005,-61.917866,7.4069138,12.3297,-12.210748,-15.184905,-25.781763,43.62636,-62.77457,-24.682678,16.94894,-1.2815351
64,-0.7538243532180786,11.872925758361816,65.68272399902344,0.741871459245575,10.600998427454149,-90.82992256790132,-24.06184,3.1254988,13.106594,26.039413,-9.872916,0.0,-22.683615,-5.0036902,-22.821817,26.813848,-15.732797,0.0,-0.7494009,27.999987,0.3151113,-1.7643982,-3.8071344,-2.511285,24.515196,-34.079903,-61.961445,7.5678105,12.272295,-12.210748,-15.999666,-25.832893,43.520935,-62.801796,-24.659618,16.737505,-1.5344434
65,-0.7436584234237671,12.152620315551758,65.52919006347656,0.72341962060754,11.435791384944899,-90.90703844769935,-25.724024,3.3056316,13.162868,27.314165,-10.307667,0.0,-24.333815,-5.195537,-22.692636,28.021498,-16.108828,0.0,-0.69782656,27.999987,0.38825625,-1.7608039,-4.196815,-2.5860589,24.530739,-33.876495,-61.982475,7.7653193,12.213919,-12.210748,-16.836454,-25.886412,43.43293,-62.814507,-24.65195,16.482643,-1.8331599
66,-0.7350675463676453,12.431697845458984,65.36504364013672,0.7115551781977745,12.274768324273667,-90.98351843083697,-27.390484,3.4824638,13.217386,28.589222,-10.742156,0.0,-26.003248,-5.394677,-22.558567,29.260044,-16.501215,0.0,-0.6461284,27.999987,0.45285645,-1.757149,-4.5927854,-2.6664526,24.547009,-33.68804,-61.98946,7.9873004,12.157203,-12.210748,-17.698956,-25.942242,43.3621,-62.817787,-24.655012,16.196383,-2.1671393
67,-0.7224737405776978,12.709418296813965,65.19075012207031,0.7091587940145203,13.126108766022158,-91.05716189018152,-29.068228,3.6490335,13.27059,29.862709,-11.176616,0.0,-27.699038,-5.6081266,-22.41833,30.527866,-16.907839,0.0,-0.5965347,27.999987,0.5076833,-1.7549133,-4.995078,-2.748999,24.563845,-33.517776,-61.988247,8.212083,12.1026125,-12.210748,-18.592337,-26.00075,43.31165,-62.80194,-24.639603,15.891452,-2.5222576
68,-0.7025018930435181,12.979841232299805,65.00629425048828,0.719165395638191,13.998521634373398,-91.1257445649667,-30.761234,3.799713,13.322777,31.13371,-11.615366,0.0,-29.425669,-5.841613,-22.270458,31.827238,-17.333939,0.0,-0.55149895,27.999987,0.5515831,-1.7572819,-5.396906,-2.830141,24.581076,-33.371468,-61.98378,8.418363,12.049811,-12.210748,-19.520784,-26.062136,43.286385,-62.757584,-24.577707,15.580062,-2.884951
69,-0.6860725283622742,13.254809379577637,64.80947875976562,0.7442796700995176,14.904569798574066,-91.19195295730847,-32.49363,3.9416542,13.376145,32.40933,-12.052204,0.0,-31.213177,-6.0895534,-22.111916,33.171066,-17.779503,0.0,-0.514588,27.999987,0.57393825,-1.7664492,-5.792837,-2.9109251,24.598682,-33.250813,-61.967625,8.614289,11.993119,-12.210748,-20.491169,-26.126457,43.289646,-62.68718,-24.471878,15.259146,-3.2509046
70,-0.6618333458900452,13.523247718811035,64.60028076171875,0.7830576911641978,15.83638167285176,-91.25499833633747,-34.24979,4.0685487,13.432627,33.691593,-12.498477,0.0,-33.042225,-6.3583016,-21.940025,34.55398,-18.246672,0.0,-0.4849585,27.999987,0.57763493,-1.782362,-6.182962,-2.9945111,24.616964,-33.15481,-61.939472,8.80826,11.9343405,-12.210748,-21.504166,-26.194607,43.322983,-62.594337,-24.338154,14.924818,-3.627122
71,-0.64717698097229,13.781041145324707,64.3797836303711,0.8316806811073066,16.77156956414007,-91.30747701724101,-36.008595,4.193531,13.480423,34.98467,-12.954875,0.0,-34.875492,-6.6291223,-21.76855,35.95982,-18.738829,0.0,-0.4572765,27.999987,0.5830652,-1.8051782,-6.567409,-3.0778542,24.63537,-33.08751,-61.91666,8.9789295,11.883762,-12.210748,-22.549036,-26.265371,43.386494,-62.47243,-24.162676,14.58714,-4.019994
72,-0.6281037330627441,14.0347261428833,64.1454086303711,0.8862978274695275,17.687972436273252,-91.34217578456625,-37.76219,4.3101506,13.514334,36.304615,-13.4258795,0.0,-36.69917,-6.9142585,-21.601822,37.397564,-19.251495,0.0,-0.424209,27.999987,0.6117676,-1.8355172,-6.9465275,-3.1559834,24.653364,-33.055367,-61.917267,9.10321,11.850007,-12.210748,-23.61516,-26.338068,43.47857,-62.3128,-23.925297,14.257596,-4.4361634
73,-0.6041291356086731,14.282987594604492,63.894378662109375,0.9446007362006138,18.585861282628425,-91.35883313115843,-39.515312,4.42032,13.532091,37.661915,-13.917888,0.0,-38.516235,-7.2140584,-21.439814,38.87644,-19.790628,0.0,-0.38320196,27.999987,0.67041993,-1.8736087,-7.322332,-3.225729,24.671213,-33.06634,-61.945408,9.180226,11.834263,-12.210748,-24.697172,-26.413841,43.595737,-62.117085,-23.613976,13.950385,-4.874218
74,-0.5695169568061829,14.522478103637695,63.63177490234375,1.0088581549403604,19.47501179510024,-91.36064420365174,-41.26576,4.516765,13.540147,39.038597,-14.42654,0.0,-40.32466,-7.529736,-21.276396,40.37118,-20.342064,0.0,-0.33546704,27.999987,0.7495209,-1.9199818,-7.6952944,-3.2904978,24.688904,-33.122566,-61.991577,9.222546,11.831657,-12.210748,-25.800266,-26.49278,43.73742,-61.891598,-23.238564,13.659927,-5.3324943
75,-0.5571828484535217,14.757159233093262,63.35499954223633,1.0830758066435306,20.346663506617,-91.34417634861738,-43.00543,4.6175275,13.533327,40.427532,-14.936479,0.0,-42.120552,-7.841407,-21.123558,41.894497,-20.923615,0.0,-0.2798351,27.999987,0.84661317,-1.9760842,-8.062477,-3.3569787,24.70647,-33.218613,-62.052765,9.226882,11.840292,-12.210748,-26.912584,-26.574652,43.899437,-61.63949,-22.803818,13.359465,-5.8197227
76,-0.5309700965881348,14.98377513885498,63.063758850097656,1.1705730257172573,21.192360927448803,-91.30665926835395,-44.722015,4.6948233,13.5221615,41.827766,-15.458401,0.0,-43.898926,-8.18296,-20.967733,43.452396,-21.526407,0.0,-0.2143066,27.999987,0.95962083,-2.0442054,-8.418605,-3.427652,24.723734,-33.34512,-62.12642,9.18577,11.855962,-12.210748,-28.030252,-26.660023,44.08076,-61.36098,-22.318708,13.023397,-6.3440824
77,-0.5080702304840088,15.195507049560547,62.758914947509766,1.2741212159457966,22.01120154491681,-91.24516896318768,-46.40806,4.7564154,13.502549,43.23464,-15.991021,0.0,-45.648422,-8.5429535,-20.815248,45.041122,-22.161934,0.0,-0.13964605,27.999987,1.0878229,-2.12536,-8.7603,-3.4976153,24.740393,-33.500607,-62.219006,9.060746,11.881771,-12.210748,-29.15731,-26.74979,44.27819,-61.058876,-21.819403,12.635578,-6.918405
78,-0.4832538664340973,15.395057678222656,62.44094467163086,1.3917647884323874,22.807190370683955,-91.16103840179804,-48.071465,4.8011346,13.47591,44.65203,-16.535242,0.0,-47.374912,-8.922899,-20.663067,46.656532,-22.823313,0.0,-0.055682894,27.999987,1.2336397,-2.2198558,-9.087185,-3.562871,24.756187,-33.68509,-62.330753,8.862384,11.916133,-12.210748,-30.28514,-26.84373,44.487617,-60.73545,-21.284872,12.207638,-7.5371475
79,-0.46270090341567993,15.59443473815918,62.109256744384766,1.519999392913617,23.57854484712166,-91.0572032460004,-49.71729,4.837024,13.442638,46.07539,-17.07897,0.0,-49.083683,-9.312395,-20.512264,48.288795,-23.496603,0.0,0.041789543,27.999987,1.3989557,-2.3295038,-9.398279,-3.627917,24.770967,-33.887367,-62.449837,8.657814,11.9494295,-12.210748,-31.413755,-26.942276,44.718372,-60.385193,-20.648924,11.766079,-8.177491
80,-0.4443056285381317,15.779388427734375,61.77241897583008,1.654758835128334,24.323167074222358,-90.9367659165824,-51.32214,4.8641963,13.405751,47.48491,-17.622707,0.0,-50.743404,-9.703785,-20.364954,49.902863,-24.17579,0.0,0.15692273,27.999987,1.5861193,-2.4570472,-9.692434,-3.696483,24.784555,-34.09079,-62.56478,8.515302,11.972194,-12.210748,-32.547142,-27.046139,44.987934,-59.999535,-19.84928,11.337186,-8.8195915
81,-0.42360928654670715,15.95474910736084,61.42310333251953,1.7986626396397536,25.038734569685843,-90.79795731681648,-52.89576,4.879439,13.367309,48.89807,-18.173397,0.0,-52.37094,-10.1078205,-20.215172,51.529236,-24.870407,0.0,0.28767335,27.999987,1.7919319,-2.6052136,-9.968454,-3.7669947,24.796618,-34.28252,-62.670643,8.455374,11.981764,-12.210748,-33.69331,-27.155401,45.31097,-59.58553,-18.808552,10.938117,-9.490415
82,-0.40376368165016174,16.118709564208984,61.06562805175781,1.9526583765638588,25.72652942560447,-90.63943147399213,-54.43321,4.8821373,13.326077,50.303173,-18.724976,0.0,-53.9586,-10.521244,-20.065987,53.15366,-25.57648,0.0,0.4338281,27.999987,2.0173504,-2.7746599,-10.226242,-3.8333044,24.806902,-34.460903,-62.778572,8.438348,11.984937,-12.210748,-34.85564,-27.269943,45.691322,-59.143192,-17.58452,10.558298,-10.200956
83,-0.38319656252861023,16.26862907409668,60.69925308227539,2.109179127037531,26.39080415696891,-90.4661224961282,-55.94116,4.8783565,13.279429,51.710777,-19.286547,0.0,-55.506714,-10.938498,-19.919096,54.773327,-26.293776,0.0,0.60380965,27.999987,2.272136,-2.9645967,-10.466247,-3.8893316,24.815231,-34.62742,-62.90187,8.44014,11.985242,-12.210748,-36.029205,-27.389675,46.127728,-58.65335,-16.324614,10.174628,-10.906392
84,-0.3723163604736328,16.41227912902832,60.32542419433594,2.2597374823268264,27.035551081446386,-90.28280973836932,-57.430557,4.881754,13.219892,53.12145,-19.85015,0.0,-57.01838,-11.342633,-19.783854,56.37447,-27.011917,0.0,0.80860555,27.999987,2.5687704,-3.1737304,-10.68965,-3.9303765,24.8217,-34.786026,-63.053585,8.437866,11.986138,-12.210748,-37.20932,-27.516617,46.616047,-58.0954,-15.182461,9.757207,-11.555935
85,-0.357533723115921,16.5449275970459,59.94276428222656,2.404042778494522,27.661545651957997,-90.08592045918682,-58.9019,4.8811173,13.14824,54.540627,-20.424088,0.0,-58.493443,-11.748834,-19.658342,57.965935,-27.735315,0.0,1.0541903,27.999987,2.9163795,-3.4015195,-10.898314,-3.9571385,24.826069,-34.94046,-63.24078,8.403881,11.99339,-12.210748,-38.40391,-27.649729,47.15714,-57.452065,-14.176525,9.280614,-12.126231
86,-0.347896933555603,16.66958236694336,59.54985046386719,2.502039748242072,28.268013487836228,-89.87228974396665,-60.384045,4.9037085,13.022448,56.00545,-21.017807,0.0,-59.907402,-12.126958,-19.585762,59.522903,-28.457886,0.0,1.4145564,27.999987,3.4204206,-3.8824484,-11.270267,-4.0240088,24.835003,-35.204697,-63.585526,8.409078,12.119412,-12.210748,-39.987537,-27.891401,48.224968,-56.45865,-13.588432,8.623931,-12.74563
87,-0.3287470042705536,16.791746139526367,59.14997863769531,2.621039661445493,28.8502286913103,-89.66162143007125,-61.82241,4.907704,12.925064,57.44294,-21.603512,0.0,-61.308758,-12.522509,-19.48179,61.084297,-29.17647,0.0,1.755929,27.999987,3.8774204,-4.238608,-11.484681,-4.0452814,24.838463,-35.39997,-63.814365,8.425041,12.1171255,-12.210748,-41.33514,-28.110668,49.187763,-55.651115,-13.035553,8.028606,-13.37025
88,-0.31898829340934753,16.900691986083984,58.745582580566406,2.7278816943591324,29.410429404409506,-89.46266223552526,-63.228252,4.929266,12.825195,58.8822,-22.199633,0.0,-62.665096,-12.892013,-19.378424,62.61928,-29.895262,0.0,2.12332,27.999987,4.3504796,-4.5750976,-11.638865,-4.0349326,24.83815,-35.55571,-64.06205,8.5059595,12.098174,-12.210748,-42.627033,-28.317953,50.084206,-54.84859,-12.53365,7.4599423,-13.947679
89,-0.3152436912059784,17.00699806213379,58.3343505859375,2.823096718300902,29.95162198628514,-89.27426916852177,-64.61447,4.9656453,12.723352,60.324615,-22.798588,0.0,-63.994675,-13.240185,-19.27326,64.13653,-30.60695,0.0,2.5157702,27.999987,4.839892,-4.9295125,-11.757915,-4.002283,24.83582,-35.682217,-64.31868,8.70329,12.051363,-12.210748,-43.883392,-28.518705,50.950466,-54.03531,-12.099618,6.9260135,-14.473473
90,-0.31824615597724915,17.1072998046875,57.91773223876953,2.9068767514199023,30.472548985667903,-89.09181010457576,-65.97711,5.0140085,12.615356,61.76708,-23.399776,0.0,-65.2872,-13.5702715,-19.175137,65.63219,-31.31675,0.0,2.9375243,27.999987,5.354249,-5.3094797,-11.851054,-3.9508164,24.83228,-35.787643,-64.588776,8.985054,11.984246,-12.210748,-45.121277,-28.715944,51.810486,-53.196087,-11.74191,6.4032817,-14.950713
91,-0.31588995456695557,17.19475746154785,57.49443817138672,2.970706931753238,30.966775172133836,-88.92432165889348,-67.30729,5.0737343,12.5025425,63.22071,-24.018633,0.0,-66.53428,-13.883943,-19.076735,67.11061,-32.025043,0.0,3.3982642,27.999987,5.8984966,-5.7027206,-11.92536,-3.8805945,24.828022,-35.88534,-64.87955,9.287377,11.914852,-12.210748,-46.34001,-28.912031,52.66034,-52.34627,-11.492681,5.8690796,-15.419797
92,-0.3141881823539734,17.277856826782227,57.07024383544922,3.0047519797205764,31.42735899269314,-88.78222211060296,-68.60033,5.155795,12.379659,64.67697,-24.643305,0.0,-67.723694,-14.164414,-18.987137,68.54474,-32.711746,0.0,3.9071689,27.999987,6.4785137,-6.0917344,-11.986959,-3.7919052,24.823193,-35.98935,-65.19918,9.546268,11.861325,-12.210748,-47.52829,-29.105433,53.477795,-51.505127,-11.37083,5.3024874,-15.9141245
93,-0.3202543556690216,17.35272789001465,56.639801025390625,2.9972637944325133,31.85287914495888,-88.67699378638018,-69.86015,5.276872,12.239351,66.15666,-25.287294,0.0,-68.85412,-14.397416,-18.912344,69.947296,-33.38956,0.0,4.481598,27.999987,7.106023,-6.47137,-12.035858,-3.6855943,24.817703,-36.10728,-65.55729,9.744984,11.83105,-12.210748,-48.67808,-29.298412,54.25188,-50.657097,-11.400014,4.695056,-16.44009
94,-0.32024770975112915,17.419240951538086,56.20439147949219,2.9528753110172263,32.245744717418454,-88.60252009642076,-71.08573,5.420775,12.086916,67.65142,-25.94843,0.0,-69.92949,-14.600533,-18.84629,71.31948,-34.05423,0.0,5.1166987,27.999987,7.780951,-6.8483014,-12.071585,-3.566469,24.811665,-36.237568,-65.9458,9.920166,11.813337,-12.210748,-49.79015,-29.492523,54.983658,-49.798775,-11.552617,4.0552106,-16.974075
95,-0.32007724046707153,17.480690002441406,55.76463317871094,2.888213713772887,32.60570001804446,-88.53905888347384,-72.27596,5.5712705,11.920397,69.14434,-26.611555,0.0,-70.95408,-14.789903,-18.793135,72.671906,-34.71359,0.0,5.791407,27.999987,8.491225,-7.222292,-12.100212,-3.4411585,24.805716,-36.37945,-66.3445,10.088212,11.799749,-12.210748,-50.865944,-29.689198,55.66631,-48.961987,-11.75903,3.390631,-17.501335
96,-0.3308620750904083,17.53611946105957,55.32260513305664,2.820880702545551,32.93225304927953,-88.4682322446562,-73.425446,5.716715,11.738005,70.61912,-27.265266,0.0,-71.92545,-14.976043,-18.758268,74.01157,-35.37979,0.0,6.4787955,27.999987,9.220553,-7.590242,-12.131335,-3.3158696,24.800663,-36.531113,-66.73279,10.265598,11.781592,-12.210748,-51.90114,-29.88529,56.285225,-48.18185,-11.946276,2.713105,-18.006323
97,-0.3384940028190613,17.58070945739746,54.87538528442383,2.7660791936783737,33.222296969966216,-88.37845252957831,-74.52509,5.836201,11.55317,72.07425,-27.915922,0.0,-72.8483,-15.185869,-18.725834,75.35907,-36.063374,0.0,7.1772246,27.999987,9.963508,-7.9515905,-12.17043,-3.1930337,24.797125,-36.697346,-67.11185,10.452732,11.757849,-12.210748,-52.89093,-30.081795,56.826588,-47.442047,-12.054359,2.0314174,-18.468699
98,-0.35525619983673096,17.62164306640625,54.42668151855469,2.7110289934961034,33.476313633544386,-88.2825346320575,-75.5823,5.949295,11.357105,73.512215,-28.55666,0.0,-73.7193,-15.394377,-18.70681,76.69403,-36.75035,0.0,7.897456,27.999987,10.7247505,-8.306774,-12.214948,-3.0713766,24.795305,-36.878017,-67.48754,10.641203,11.7327795,-12.210748,-53.893234,-30.290918,57.38632,-46.718887,-12.207335,1.3441945,-18.913567
99,-0.3506510853767395,17.663217544555664,53.975563049316406,2.634335779559594,33.70064415595814,-88.19249689236943,-76.611916,6.051696,11.153737,74.94443,-29.194956,0.0,-74.548615,-15.609391,-18.691881,78.00607,-37.416786,0.0,8.639508,27.999987,11.520453,-8.6528635,-12.260343,-2.945276,24.794569,-37.062347,-67.85732,10.8428,11.705364,-12.210748,-54.75192,-30.489964,57.739754,-46.076855,-12.274704,0.62823915,-19.343027
100,-0.3676944077014923,17.690610885620117,53.5268669128418,2.512770709167306,33.90195938704365,-88.12399672010174,-77.614944,6.1849394,10.907964,76.37866,-29.837618,0.0,-75.30062,-15.775964,-18.72461,79.26997,-38.085423,0.0,9.395905,27.999987,12.342326,-8.98599,-12.299436,-2.8140202,24.79496,-37.235493,-68.2034,11.054316,11.676104,-12.210748,-55.58543,-30.69411,58.04039,-45.541286,-12.465285,-0.10305141,-19.789585
101,-0.3848968744277954,17.71625328063965,53.07920455932617,2.29135873535779,34.07211367693066,-88.08940825604643,-78.6196,6.35628,10.5832205,77.845955,-30.487394,0.0,-75.95478,-15.887017,-18.840368,80.45948,-38.72506,0.0,10.291617,27.999987,13.323813,-9.416947,-12.343181,-2.679127,24.798794,-37.456448,-68.58574,11.255729,11.652007,-12.210748,-56.39073,-30.991148,58.383503,-45.09917,-12.9339285,-0.9245945,-20.30562
102,-0.38641753792762756,17.750213623046875,52.62711715698242,2.088333466974562,34.22222278098046,-88.04760864699256,-79.59806,6.4983845,10.278773,79.283035,-31.113989,0.0,-76.609406,-16.02453,-18.928974,81.65546,-39.3514,0.0,11.108044,27.999987,14.240724,-9.701128,-12.358892,-2.5389364,24.802057,-37.622517,-68.91248,11.447832,11.621704,-12.210748,-57.10063,-31.279758,58.556328,-44.811485,-13.429222,-1.7491592,-20.789904
103,-0.39859962463378906,17.769798278808594,52.181671142578125,1.8712559380846727,34.35245387950747,-88.02283947103514,-80.53303,6.650127,9.964186,80.69659,-31.740372,0.0,-77.20758,-16.137312,-19.031849,82.81517,-39.9781,0.0,11.863067,27.999987,15.102495,-10.056488,-12.384375,-2.3867636,24.805677,-37.745934,-69.18967,11.679633,11.588363,-12.210748,-57.77932,-31.567295,58.684006,-44.656715,-13.97063,-2.5689466,-21.284687
104,-0.4122133255004883,17.79072380065918,51.740116119384766,1.5623333883984025,34.45543091721412,-88.06090923229094,-81.45522,6.8551035,9.597715,82.12778,-32.37618,0.0,-77.730804,-16.179499,-19.191101,83.898926,-40.562313,0.0,12.665249,27.999987,16.012403,-10.310686,-12.407766,-2.2092342,24.81016,-37.826633,-69.43731,11.993807,11.535313,-12.210748,-58.39369,-31.850723,58.707924,-44.604977,-14.375082,-3.3504512,-21.79782
105,-0.4278331995010376,17.80425453186035,51.30430603027344,1.1512415393561548,34.53094932882389,-88.17890211732092,-82.35647,7.1262527,9.178068,83.5825,-33.03626,0.0,-78.16967,-16.136358,-19.407145,84.90076,-41.107506,0.0,13.482795,27.999987,16.936651,-10.505378,-12.444316,-2.0133579,24.815638,-37.85151,-69.62202,12.435304,11.446646,-12.210748,-58.980183,-32.123173,58.69087,-44.691246,-14.703846,-4.0854406,-22.365894
106,-0.44350168108940125,17.80978012084961,50.874752044677734,0.6580275024588707,34.57861684901379,-88.35494851797206,-83.23455,7.442036,8.710222,85.04914,-33.71224,0.0,-78.52959,-16.029896,-19.672667,85.83361,-41.6228,0.0,14.321685,27.999987,17.882774,-10.65381,-12.490101,-1.7970581,24.82263,-37.827198,-69.76018,12.96694,11.332563,-12.210748,-59.53996,-32.398926,58.629726,-44.884815,-14.998652,-4.796982,-22.978682
107,-0.4477461278438568,17.817766189575195,50.44868087768555,0.1417235093271289,34.60503561983403,-88.55229041755938,-84.087685,7.7557025,8.23358,86.495705,-34.379597,0.0,-78.85994,-15.9142885,-19.94316,86.73569,-42.11185,0.0,15.137111,27.999987,18.810822,-10.780302,-12.533457,-1.5673882,24.830803,-37.779366,-69.86287,13.5315,11.218168,-12.210748,-60.04361,-32.658974,58.492344,-45.177357,-15.221009,-5.4676023,-23.585938
108,-0.457806795835495,17.824159622192383,50.029457092285156,-0.3377552708017459,34.618522219130284,-88.72860773352326,-84.90204,8.036342,7.7706633,87.8851,-35.017834,0.0,-79.177086,-15.820516,-20.20047,87.63149,-42.602554,0.0,15.892538,27.999987,19.685328,-10.90761,-12.559278,-1.3334502,24.840609,-37.736378,-69.9354,14.073552,11.128529,-12.210748,-60.48542,-32.89995,58.27026,-45.53185,-15.34258,-6.0796866,-24.140598
109,-0.4694472551345825,17.826608657836914,49.617652893066406,-0.776193980786273,34.62368484993186,-88.87889793911495,-85.67853,8.277705,7.325854,89.216675,-35.62929,0.0,-79.48337,-15.755816,-20.440973,88.5232,-43.09802,0.0,16.573938,27.999987,20.491072,-11.032016,-12.56119,-1.0956231,24.852732,-37.69124,-69.96269,14.613001,11.065334,-12.210748,-60.89894,-33.135197,58.01687,-45.94715,-15.364293,-6.612209,-24.649881
110,-0.4779965579509735,17.817956924438477,49.214195251464844,-1.1983158830984042,34.61761751363096,-89.02361295907538,-86.41301,8.498122,6.891597,90.507614,-36.233353,0.0,-79.76092,-15.700909,-20.671894,89.39702,-43.59477,0.0,17.192575,27.999987,21.24071,-11.143253,-12.54467,-0.84919286,24.86678,-37.634247,-69.94433,15.1703005,11.015966,-12.210748,-61.261322,-33.356773,57.697903,-46.443123,-15.284337,-7.0760427,-25.13228
111,-0.4788955748081207,17.807249069213867,48.81595230102539,-1.5871403579335217,34.59820299260071,-89.15137637813577,-87.10678,8.686782,6.483217,91.75256,-36.81889,0.0,-80.029,-15.6724,-20.877228,90.26822,-44.088448,0.0,17.760597,27.999987,21.941885,-11.254579,-12.5115595,-0.6012226,24.882986,-37.596127,-69.90341,15.692671,10.984497,-12.210748,-61.4968,-33.550827,57.192894,-47.00926,-15.085718,-7.499731,-25.559288
112,-0.4721955955028534,17.80419158935547,48.426002502441406,-1.9256155565609665,34.562676373649616,-89.25046879583911,-87.75676,8.835937,6.1142645,92.93596,-37.367653,0.0,-80.29795,-15.680785,-21.046373,91.135376,-44.56742,0.0,18.288656,27.999987,22.593489,-11.380157,-12.4618225,-0.3682689,24.902542,-37.6149,-69.85225,16.129772,10.974695,-12.210748,-61.68236,-33.738,56.64717,-47.60085,-14.968184,-7.9230137,-25.945648
113,-0.47808507084846497,17.792160034179688,48.04615020751953,-2.2092381927593405,34.51069054135218,-89.31522275729638,-88.34817,8.953857,5.7721543,94.0585,-37.89249,0.0,-80.54037,-15.71261,-21.196198,92.00015,-45.06384,0.0,18.76873,27.999987,23.190752,-11.527413,-12.388168,-0.1577608,24.925634,-37.70558,-69.783676,16.474085,10.988104,-12.210748,-61.80118,-33.914337,56.038094,-48.219204,-14.978167,-8.369271,-26.28265
114,-0.4829264283180237,17.776588439941406,47.674346923828125,-2.44554102466848,34.44516209118355,-89.35056644887355,-88.891235,9.0379715,5.462096,95.127846,-38.39463,0.0,-80.76838,-15.773888,-21.319006,92.8624,-45.564102,0.0,19.195833,27.999987,23.724781,-11.687386,-12.289424,0.03042386,24.95315,-37.85482,-69.68183,16.754263,11.021957,-12.210748,-61.97671,-34.109272,55.558018,-48.84228,-15.213983,-8.822118,-26.607264
115,-0.4832102358341217,17.752580642700195,47.31057357788086,-2.639856637925581,34.36764639199897,-89.37071012750937,-89.3805,9.099495,5.1909385,96.15143,-38.887142,0.0,-80.98498,-15.855264,-21.405542,93.70245,-45.999973,0.0,19.583866,27.999987,24.22332,-11.854363,-12.183526,0.2018159,24.982777,-38.059395,-69.575424,16.987097,11.071881,-12.210748,-61.927696,-34.27047,54.801437,-49.542767,-15.24153,-9.258071,-26.875895
116,-0.4833647608757019,17.7425479888916,46.959983825683594,-2.804396309636331,34.27888460475606,-89.39730403191176,-89.83368,9.159878,4.958326,97.12019,-39.34333,0.0,-81.22136,-15.936082,-21.45396,94.403534,-45.999973,0.0,19.946976,27.999987,24.68556,-12.018594,-12.082805,0.35115686,25.013739,-38.316944,-69.467926,17.178297,11.13528,-12.210748,-61.81296,-34.421185,54.009968,-50.281994,-15.159652,-9.64015,-27.12364
117,-0.4843359887599945,17.71725845336914,46.61616897583008,-2.9206850942658344,34.18409380458539,-89.4237289965394,-90.22649,9.215096,4.7773166,98.049286,-39.80366,0.0,-81.45901,-16.023554,-21.45228,95.10765,-45.999973,0.0,20.258821,27.999987,25.083862,-12.173569,-11.991528,0.4815044,25.046236,-38.631886,-69.350426,17.335909,11.216858,-12.210748,-61.651825,-34.568268,53.243362,-51.06175,-14.994739,-9.982075,-27.375546
118,-0.4695451855659485,17.690715789794922,46.274017333984375,-2.9836121975053977,34.083191989336406,-89.4385929421276,-90.57349,9.24772,4.6587567,98.939575,-40.255615,0.0,-81.7219,-16.143782,-21.387894,95.83185,-45.999973,0.0,20.508879,27.999987,25.413439,-12.321071,-11.900607,0.59372187,25.08048,-39.00254,-69.2175,17.454283,11.315927,-12.210748,-61.43515,-34.710236,52.484898,-51.881863,-14.7843485,-10.2964945,-27.625029
119,-0.4546101689338684,17.66412925720215,45.94204330444336,-3.0203854907226027,33.967722361671484,-89.44452105906605,-90.87793,9.271383,4.565723,99.79003,-40.691418,0.0,-81.97137,-16.271786,-21.303974,96.54325,-45.999973,0.0,20.755201,27.999987,25.736706,-12.470231,-11.808755,0.6832076,25.114758,-39.418278,-69.09422,17.522741,11.421775,-12.210748,-61.174244,-34.846592,51.747143,-52.70403,-14.530137,-10.5819025,-27.868855
120,-0.44143009185791016,17.660234451293945,45.622806549072266,-3.062123656177092,33.82655955199665,-89.44265063070216,-91.16931,9.289761,4.4655075,100.606735,-41.08365,0.0,-82.19958,-16.398777,-21.234955,97.226494,-45.999973,0.0,21.069468,27.999987,26.128078,-12.634385,-11.7162485,0.7436256,25.147924,-39.87186,-69.007935,17.528336,11.523801,-12.210748,-60.915367,-34.991554,51.08509,-53.47615,-14.263664,-10.838336,-28.111296
121,-0.4299541115760803,17.63035011291504,45.30573654174805,-3.1461158213105027,33.6506111375903,-89.45256798201062,-91.411575,9.323194,4.3282695,101.43676,-41.51181,0.0,-82.33575,-16.499796,-21.204916,97.879326,-45.999973,0.0,21.530983,27.999987,26.66007,-12.856874,-11.631847,0.71828854,25.184336,-40.45448,-68.951454,17.473673,11.611474,-12.210748,-60.53049,-35.19378,50.328636,-54.299534,-13.886277,-11.042653,-28.316141
122,-0.429943710565567,17.59646987915039,44.99390411376953,-3.2561103527185407,33.44296341866073,-89.46751407922426,-91.62163,9.368404,4.159462,102.258995,-41.93757,0.0,-82.40962,-16.577217,-21.211037,98.50346,-45.999973,0.0,22.114878,27.999987,27.305708,-13.11089,-11.56986,0.5759477,25.228533,-41.205418,-68.88994,17.400637,11.681638,-12.210748,-59.425335,-36.0676,48.95319,-56.05122,-13.368463,-11.075802,-28.341282
123,-0.4133095145225525,17.56464958190918,44.69099807739258,-3.3318385110565827,33.21653563338612,-89.45708756907392,-91.78557,9.382489,4.0297556,103.03794,-42.34315,0.0,-82.47142,-16.690126,-21.18491,99.1242,-45.999973,0.0,22.676521,27.999987,27.947443,-13.351325,-11.500118,0.509599,25.248672,-41.82528,-68.90047,17.221008,11.772929,-12.210748,-58.610813,-36.84275,48.10614,-57.490185,-13.099747,-11.170264,-28.499506
124,-0.39599156379699707,17.53898048400879,44.40214538574219,-3.161954600759527,33.04849307932703,-89.38021664006403,-91.874176,9.336682,4.131236,103.67028,-42.69495,0.0,-82.7207,-16.90556,-20.939789,99.824265,-45.999973,0.0,22.74393,27.999987,27.960339,-13.426841,-11.340478,0.6107753,25.260946,-42.165134,-68.84986,16.997255,11.875987,-12.210748,-58.380417,-36.944042,47.947536,-58.116623,-12.980034,-11.3665,-28.788183
125,-0.37847626209259033,17.52338981628418,44.12254333496094,-2.9299618311098348,32.84682379087072,-89.23855802781546,-91.91403,9.233268,4.2676353,104.24308,-42.992283,0.0,-82.94739,-17.181957,-20.674261,100.529755,-45.999973,0.0,22.739344,27.999987,27.960339,-13.451202,-11.250635,0.7279001,25.26839,-42.35757,-68.78639,16.803677,11.960124,-12.210748,-58.22859,-36.97958,47.89554,-58.605576,-12.867974,-11.526542,-29.003721
126,-0.3604694604873657,17.491230010986328,43.84713363647461,-2.6495076240584385,32.612513327413595,-89.03773739157948,-91.88802,9.078324,4.4273796,104.77651,-43.277046,0.0,-83.121704,-17.508242,-20.392797,101.24121,-45.999973,0.0,22.695866,27.999987,27.960339,-13.4929695,-11.114592,0.83901215,25.278433,-42.61276,-68.76761,16.64786,12.040926,-12.210748,-57.978195,-37.0172,47.84909,-59.1052,-12.685492,-11.674512,-29.229362
127,-0.3085996210575104,17.45494842529297,43.58720397949219,-2.351533497603695,32.37408670555694,-88.8253475437571,-91.82499,8.893361,4.631422,105.27198,-43.55599,0.0,-83.29015,-17.867094,-20.0673,101.9337,-45.999973,0.0,22.65037,27.999987,27.960339,-13.606549,-10.802747,0.8682871,25.297606,-43.053875,-68.72426,16.643553,12.057521,-12.210748,-57.562798,-37.093025,47.761215,-59.69676,-12.364645,-11.810404,-29.534569
128,-0.2697350084781647,17.41652488708496,43.33642578125,-2.0987701216745105,32.157777752241536,-88.6776499528828,-91.77494,8.772944,4.8153505,105.76835,-43.849377,0.0,-83.466576,-18.155445,-19.762226,102.58421,-45.999973,0.0,22.662224,27.999987,27.960339,-13.653241,-10.667519,0.89200217,25.309065,-43.277515,-68.69581,16.639805,12.103262,-12.210748,-57.329113,-37.15746,47.737213,-60.14941,-12.077259,-11.906721,-29.762632
129,-0.22607970237731934,17.384769439697266,43.09333038330078,-1.8794588901511304,31.97252174219306,-88.5929016127271,-91.74743,8.703675,5.0026236,106.261986,-44.15097,0.0,-83.69141,-18.3891,-19.443333,103.20974,-45.999973,0.0,22.741192,27.999987,27.960339,-13.78029,-10.337121,0.88246006,25.321108,-43.597538,-68.680534,16.793692,12.087899,-12.210748,-56.922527,-37.252773,47.70792,-60.736176,-11.5814295,-12.012004,-30.174335
130,-0.21428798139095306,17.351173400878906,42.85879135131836,-1.6840712924972563,31.804990798304306,-88.5580100748216,-91.72338,8.696793,5.168348,106.74507,-44.45633,0.0,-83.91036,-18.550905,-19.157349,103.79168,-45.999973,0.0,22.888313,27.999987,27.960339,-13.952467,-9.950379,0.7458913,25.336939,-43.973915,-68.6139,17.08614,12.051542,-12.210748,-55.725437,-38.300156,47.091915,-62.494057,-11.14844,-11.968988,-30.4369
131,-0.2137027233839035,17.31475257873535,42.63819885253906,-1.5034466039749002,31.64585558387665,-88.5343025282947,-91.69371,8.704632,5.317799,107.20342,-44.75154,0.0,-84.11413,-18.685867,-18.892372,104.33909,-45.999973,0.0,23.031885,27.999987,27.960339,-14.052842,-9.696603,0.7724059,25.331991,-44.06311,-68.68126,17.249908,12.0485935,-12.210748,-54.80151,-39.07828,46.67857,-63.856617,-10.695648,-11.94597,-30.761261
132,-0.19490939378738403,17.27891731262207,42.427398681640625,-1.3293951336366596,31.485677160101723,-88.4907784064471,-91.655914,8.682568,5.46772,107.634415,-45.029377,0.0,-84.29746,-18.844791,-18.630972,104.864456,-45.999973,0.0,23.13156,27.999987,27.960339,-14.131319,-9.472748,0.81578285,25.324486,-44.07626,-68.77608,17.413494,12.024561,-12.210748,-54.083466,-39.654522,46.384644,-64.93455,-10.270659,-11.91538,-31.13908
133,-0.1641622632741928,17.242334365844727,42.22998809814453,-1.158762320401077,31.32028633213293,-88.41418346786514,-91.60667,8.622088,5.610301,108.03098,-45.28231,0.0,-84.44197,-19.033104,-18.386148,105.35937,-45.999973,0.0,23.16888,27.999987,27.960339,-14.179001,-9.287263,0.884089,25.313375,-43.99527,-68.90022,17.566816,11.973495,-12.210748,-53.530666,-40.089752,46.186615,-65.80337,-9.880211,-11.847882,-31.578388
134,-0.13619676232337952,17.207101821899414,42.04835891723633,-0.995533474978143,31.155116858235097,-88.32286519979253,-91.551834,8.547822,5.738487,108.394745,-45.510143,0.0,-84.55603,-19.224329,-18.165606,105.817856,-45.999973,0.0,23.171852,27.999987,27.960339,-14.206115,-9.129046,0.9690797,25.298334,-43.83154,-69.05318,17.726103,11.899817,-12.210748,-52.978615,-40.499584,45.95148,-66.64117,-9.473116,-11.73714,-32.045296
135,-0.10647515207529068,17.172046661376953,41.881080627441406,-0.8448977437127825,30.994950069461773,-88.23270797432964,-91.49165,8.471386,5.8581524,108.73067,-45.722393,0.0,-84.64981,-19.408125,-17.960083,106.2404,-45.999973,0.0,23.162642,27.999987,27.960339,-14.226572,-8.986556,1.0575184,25.282454,-43.61911,-69.230705,17.902641,11.812384,-12.210748,-52.600487,-40.7497,45.813293,-67.25451,-9.086298,-11.635205,-32.53877
136,-0.08479845523834229,17.138057708740234,41.72651290893555,-0.7113510199857204,30.844936977388084,-88.15941496820425,-91.43104,8.413022,5.963835,109.0425,-45.921513,0.0,-84.731255,-19.564425,-17.775667,106.62623,-45.999973,0.0,23.165543,27.999987,27.960339,-14.255217,-8.851219,1.1351081,25.26739,-43.39214,-69.428925,18.105755,11.720064,-12.210748,-52.232746,-41.036297,45.63353,-67.89319,-8.790347,-11.554346,-32.99838
137,-0.11479949206113815,17.10502815246582,41.58232116699219,-0.5992936658349225,30.703101770797065,-88.10978798464056,-91.386696,8.403909,6.0149813,109.30956,-45.999973,0.0,-84.78325,-19.653488,-17.658846,106.96978,-45.999973,0.0,23.189077,27.999987,27.960339,-14.295969,-8.714125,1.2002703,25.254335,-43.13995,-69.65083,18.345915,11.632398,-12.210748,-51.797134,-41.378635,45.32099,-68.60974,-8.575964,-11.515264,-33.399414
138,-0.0932888463139534,17.07227897644043,41.462284088134766,-0.503617732887031,30.567890122127636,-88.07377389829256,-91.3245,8.378937,6.1030326,109.520935,-45.999973,0.0,-84.82721,-19.759678,-17.505907,107.266525,-45.999973,0.0,23.21888,27.999987,27.960339,-14.34019,-8.581589,1.2604219,25.242132,-42.850925,-69.89634,18.6172,11.541389,-12.210748,-51.41409,-41.605007,44.968178,-69.20353,-8.3693,-11.512522,-33.778458
139,-0.04691850394010544,17.035619735717773,41.359893798828125,-0.41685408807589713,30.44520404711061,-88.04100145517668,-91.24978,8.341384,6.207457,109.70231,-45.999973,0.0,-84.86119,-19.873716,-17.340382,107.52639,-45.999973,0.0,23.24569,27.999987,27.960339,-14.385438,-8.468968,1.3148164,25.230364,-42.559566,-70.15806,18.90489,11.429389,-12.210748,-51.198383,-41.752476,44.723705,-69.65184,-8.224385,-11.511498,-34.166462
140,-0.011858179233968258,17.008907318115234,41.27098083496094,-0.32936060816612456,30.341735259882398,-87.99920864059655,-91.190865,8.299083,6.3011017,109.85431,-45.999973,0.0,-84.901634,-19.98131,-17.194708,107.75682,-45.999973,0.0,23.261007,27.999987,27.960339,-14.430679,-8.392078,1.3653252,25.217443,-42.295914,-70.43246,19.1904,11.280423,-12.210748,-50.891697,-41.982014,44.344025,-70.228905,-8.05907,-11.45016,-34.50069
141,0.00843545701354742,16.985061645507812,41.1939697265625,-0.238254196198828,30.259700000082628,-87.94472231420245,-91.14365,8.249238,6.381282,109.97605,-45.999973,0.0,-84.942055,-20.082506,-17.070993,107.95981,-45.999973,0.0,23.259565,27.999987,27.960339,-14.473602,-8.357735,1.4115376,25.20479,-42.070587,-70.72394,19.475103,11.071036,-12.210748,-50.73299,-42.126102,44.03898,-70.68324,-7.8615284,-11.330956,-34.856163
142,0.02755846455693245,16.960147857666016,41.13567352294922,-0.1476238097080281,30.195638950649,-87.88313266525402,-91.093,8.1912155,6.4595556,110.06081,-45.999973,0.0,-84.97055,-20.180773,-16.959515,108.12281,-45.999973,0.0,23.24647,27.999987,27.960339,-14.516142,-8.357601,1.4545872,25.191534,-41.863712,-71.03476,19.763924,10.817104,-12.210748,-50.561127,-42.24676,43.646706,-71.14965,-7.6111255,-11.159667,-35.186806
143,0.049954235553741455,16.935914993286133,41.094154357910156,-0.06192453907299126,30.146503132687215,-87.81912799830344,-91.03971,8.126509,6.536519,110.112686,-45.999973,0.0,-84.98914,-20.275908,-16.857428,108.2486,-45.999973,0.0,23.227749,27.999987,27.960339,-14.559508,-8.380027,1.4876372,25.178328,-41.678253,-71.35083,20.059517,10.558229,-12.210748,-50.420246,-42.325684,43.24132,-71.557945,-7.368232,-10.98777,-35.464195
144,0.07564518600702286,16.916912078857422,41.069705963134766,0.014031810031939105,30.108718518924242,-87.75615252364064,-90.98488,8.058951,6.6090302,110.13218,-45.999973,0.0,-84.99732,-20.365751,-16.769344,108.335205,-45.999973,0.0,23.209421,27.999987,27.960339,-14.605846,-8.4144335,1.5043516,25.165007,-41.51403,-71.65794,20.360062,10.335711,-12.210748,-50.36373,-42.464565,42.93782,-71.95042,-7.2893395,-10.832815,-35.66519
145,0.09636887907981873,16.89690399169922,41.06340026855469,0.0764511682586846,30.080576390955002,-87.69563914851193,-90.92302,7.994443,6.66637,110.119865,-45.999973,0.0,-84.97793,-20.440794,-16.708462,108.376465,-45.999973,0.0,23.189674,27.999987,27.960339,-14.65676,-8.457213,1.5053041,25.153181,-41.37207,-71.958405,20.681765,10.160539,-12.210748,-50.375565,-42.52899,42.706875,-72.216255,-7.318117,-10.745319,-35.770504
146,0.11147790402173996,16.88128662109375,41.07400894165039,0.12832459015828826,30.064184653241217,-87.63561042873957,-90.862,7.931111,6.7101583,110.07658,-45.999973,0.0,-84.9426,-20.503897,-16.672783,108.376724,-45.999973,0.0,23.167782,27.999987,27.960339,-14.71161,-8.513694,1.4956437,25.139742,-41.246258,-72.25907,21.013174,10.013211,-12.210748,-50.34949,-42.615646,42.416714,-72.50498,-7.425217,-10.679417,-35.760845
147,0.12358161807060242,16.863866806030273,41.102333068847656,0.17781423020766648,30.062245202440256,-87.57408488261919,-90.79309,7.8659286,6.7503233,109.997284,-45.999973,0.0,-84.892365,-20.55888,-16.651287,108.3382,-45.999973,0.0,23.14447,27.999987,27.960339,-14.764906,-8.5892315,1.4661916,25.127747,-41.149544,-72.549034,21.338087,9.879358,-12.210748,-50.472355,-42.694187,42.282013,-72.68489,-7.598964,-10.616944,-35.74231
148,0.13884733617305756,16.85024642944336,41.147499084472656,0.2345298335004468,30.07811961941094,-87.50861396775385,-90.720695,7.7916327,6.8002687,109.87933,-45.999973,0.0,-84.84615,-20.615747,-16.628714,108.26708,-45.999973,0.0,23.12052,27.999987,27.960339,-14.8125105,-8.687343,1.412285,25.115976,-41.086926,-72.82065,21.633345,9.747362,-12.210748,-50.62432,-42.75733,42.167896,-72.80864,-7.671992,-10.525176,-35.72617
149,0.16060766577720642,16.838552474975586,41.2119255065918,0.301536133962424,30.11333848202772,-87.43803082115492,-90.64127,7.705666,6.8656735,109.718056,-45.999973,0.0,-84.805405,-20.67749,-16.59852,108.16229,-45.999973,0.0,23.097439,27.999987,27.960339,-14.851349,-8.80281,1.325471,25.10447,-41.071377,-73.0737,21.89252,9.6147995,-12.210748,-50.800953,-42.834637,42.074383,-72.88866,-7.6202207,-10.3863,-35.71996
150,0.17937812209129333,16.826339721679688,41.29344940185547,0.37368766724466207,30.165922319472102,-87.36425188942802,-90.55581,7.6151567,6.9335346,109.51919,-45.999973,0.0,-84.75982,-20.734905,-16.575668,108.02304,-45.999973,0.0,23.074322,27.999987,27.960339,-14.884388,-8.936114,1.2129824,25.094948,-41.094288,-73.31507,22.127535,9.488588,-12.210748,-51.013725,-42.870502,42.001015,-72.882835,-7.4630833,-10.224953,-35.70164
151,0.19766291975975037,16.818328857421875,41.39009475708008,0.44894866065805455,30.233801955453963,-87.28663145430842,-90.46894,7.518413,7.0036902,109.28506,-45.999973,0.0,-84.714745,-20.790184,-16.558817,107.85246,-45.999973,0.0,23.04743,27.999987,27.960339,-14.916128,-9.098379,1.0869638,25.084898,-41.132996,-73.53936,22.341919,9.370089,-12.210748,-51.26339,-42.894005,41.954098,-72.83793,-7.278835,-10.056318,-35.66606
152,0.21236492693424225,16.814390182495117,41.505496978759766,0.5252328896996785,30.31473711724166,-87.20475680954922,-90.37669,7.4161363,7.071298,109.01084,-45.999973,0.0,-84.65981,-20.84039,-16.55632,107.64159,-45.999973,0.0,23.013002,27.999987,27.960339,-14.9510355,-9.301801,0.9530351,25.06918,-41.170467,-73.73514,22.54245,9.259679,-12.210748,-51.527905,-42.94128,41.92241,-72.81561,-7.1374087,-9.898614,-35.607254
153,0.22172632813453674,16.807889938354492,41.64105224609375,0.6123319637460886,30.407938637313674,-87.10544818736129,-90.2704,7.2971544,7.1379023,108.69065,-45.999973,0.0,-84.58421,-20.89592,-16.56832,107.390495,-45.999973,0.0,22.961447,27.999987,27.960339,-14.9947605,-9.557207,0.8203407,25.05295,-41.206425,-73.91782,22.723204,9.157448,-12.210748,-51.8046,-42.988243,41.89209,-72.80148,-7.0287204,-9.761282,-35.5165
154,0.23534907400608063,16.80983543395996,41.79651641845703,0.7088269556430871,30.514623180615224,-86.99184859892581,-90.166115,7.159545,7.2110963,108.31126,-45.93967,0.0,-84.508064,-20.961174,-16.583017,107.10142,-45.999973,0.0,22.897808,27.999987,27.960339,-15.043384,-9.855466,0.67925394,25.034489,-41.25148,-74.082726,22.883898,9.062409,-12.210748,-52.097286,-43.050037,41.872276,-72.79511,-6.9386506,-9.630914,-35.39956
155,0.2703494131565094,16.811500549316406,41.97306442260742,0.7966776833790146,30.635931203371836,-86.8874002433377,-90.063934,7.018351,7.2977905,107.852455,-45.70576,0.0,-84.42596,-21.025188,-16.587767,106.76813,-45.999973,0.0,22.83909,27.999987,27.960339,-15.087271,-10.178795,0.53364396,25.013613,-41.283054,-74.21934,23.034056,8.979428,-12.210748,-52.362953,-43.125523,41.82747,-72.819145,-6.8416743,-9.501317,-35.260254
156,0.30941274762153625,16.81717300415039,42.16286087036133,0.8536255799502599,30.773020829555428,-86.82177227799421,-89.96391,6.91143,7.378854,107.37558,-45.46903,0.0,-84.34505,-21.049248,-16.604097,106.39478,-45.999973,0.0,22.80233,27.999987,27.960339,-15.116383,-10.51032,0.388975,24.992287,-41.27799,-74.31881,23.183123,8.912875,-12.210748,-52.63417,-43.18797,41.792854,-72.839615,-6.7348256,-9.365803,-35.115284
157,0.2833588421344757,16.814258575439453,42.36315155029297,0.8657413904062753,30.930710034496364,-86.81274728417141,-89.87232,6.8930326,7.39148,106.8943,-45.237556,0.0,-84.22776,-20.96238,-16.708366,105.9681,-45.999973,0.0,22.802462,27.999987,27.960339,-15.130682,-10.85175,0.24313366,24.969717,-41.228203,-74.375275,23.322708,8.869905,-12.210748,-52.937214,-43.24692,41.79609,-72.85924,-6.643369,-9.22843,-34.96791
158,0.2763461768627167,16.815996170043945,42.57952117919922,0.8474551887390367,31.106801524632033,-86.84231653878184,-89.78027,6.899411,7.412594,106.389206,-45.003887,0.0,-84.118225,-20.846172,-16.807304,105.49772,-45.999973,0.0,22.826477,27.999987,27.960339,-15.134027,-11.2099495,0.09536518,24.945862,-41.146553,-74.394844,23.45142,8.8457,-12.210748,-53.253525,-43.295265,41.813828,-72.87893,-6.550652,-9.0910225,-34.81032
159,0.2927575409412384,16.818998336791992,42.816741943359375,0.8165812141916101,31.292522524261425,-86.8852184530972,-89.67276,6.903943,7.450265,105.84508,-44.758156,0.0,-84.001045,-20.726946,-16.89449,104.98275,-45.999973,0.0,22.850302,27.999987,27.960339,-15.123054,-11.573988,-0.04955255,24.9211,-41.042118,-74.384026,23.589323,8.828559,-12.210748,-53.581566,-43.32545,41.852135,-72.87463,-6.443979,-8.943782,-34.652016
160,0.3226592540740967,16.821855545043945,43.070152282714844,0.79124955677479,31.47885166554884,-86.91602303813862,-89.545746,6.886685,7.4989967,105.25761,-44.489468,0.0,-83.86633,-20.62353,-16.97636,104.43622,-45.999973,0.0,22.849844,27.999987,27.960339,-15.0939245,-11.932988,-0.18736929,24.893366,-40.923096,-74.34725,23.754759,8.806458,-12.210748,-53.914856,-43.33617,41.916775,-72.83128,-6.309215,-8.77766,-34.50499
161,0.3316037654876709,16.832801818847656,43.34015655517578,0.7670221857760169,31.662849862471937,-86.93828420853109,-89.41172,6.869454,7.527884,104.6246,-44.17777,0.0,-83.707664,-20.505861,-17.090002,103.8521,-45.999973,0.0,22.827127,27.999987,27.960339,-15.038513,-12.279644,-0.31793615,24.864708,-40.78583,-74.27494,23.97669,8.776618,-12.210748,-54.280804,-43.327938,42.02998,-72.732666,-6.149713,-8.581082,-34.364357
162,0.31663790345191956,16.82508087158203,43.62612533569336,0.7369102764540104,31.849540156037165,-86.96290091636338,-89.24709,6.865071,7.5334616,103.95907,-43.863804,0.0,-83.49553,-20.3593,-17.240181,103.22334,-45.999973,0.0,22.79156,27.999987,27.960339,-14.961008,-12.621594,-0.44374496,24.833649,-40.627678,-74.16673,24.236809,8.745457,-12.210748,-54.66236,-43.26981,42.165215,-72.57168,-5.939914,-8.366494,-34.22477
163,0.32184380292892456,16.828073501586914,43.92677307128906,0.7162370836625566,32.0417297800226,-86.97287081013427,-89.07616,6.8334055,7.558633,103.24388,-43.513638,0.0,-83.29193,-20.236666,-17.373224,102.57001,-45.999973,0.0,22.731668,27.999987,27.960339,-14.877261,-12.96868,-0.55979806,24.802382,-40.460503,-74.0495,24.486345,8.714082,-12.210748,-55.034534,-43.194847,42.313435,-72.38653,-5.7178073,-8.14594,-34.09807
164,0.33491164445877075,16.833532333374023,44.24540328979492,0.7192576503630153,32.24209613124136,-86.95225628762921,-88.890656,6.7664123,7.598802,102.46718,-43.1259,0.0,-83.08266,-20.141918,-17.498766,101.887276,-45.999973,0.0,22.635149,27.999987,27.960339,-14.802828,-13.331424,-0.66285384,24.767933,-40.29373,-73.94548,24.673662,8.684128,-12.210748,-55.469,-43.048714,42.555347,-72.09422,-5.5098124,-7.9441447,-34.022854
165,0.3600635230541229,16.83213996887207,44.585208892822266,0.7564023402787358,32.45686156616496,-86.8898464675716,-88.68297,6.6513963,7.661135,101.62164,-42.707684,0.0,-82.86227,-20.087078,-17.610792,101.17244,-45.999973,0.0,22.485104,27.999987,27.960339,-14.735415,-13.720152,-0.7501945,24.732443,-40.124146,-73.86089,24.772861,8.653783,-12.210748,-55.89663,-42.90571,42.842373,-71.78651,-5.325131,-7.754763,-33.99628
166,0.36950352787971497,16.851184844970703,44.937355041503906,0.81854885225384,32.68292999544233,-86.79553045735508,-88.48998,6.514104,7.7199063,100.716415,-42.22613,0.0,-82.66087,-20.045416,-17.735336,100.439095,-45.999973,0.0,22.291697,27.999987,27.960339,-14.668807,-14.126319,-0.82515,24.694479,-39.94791,-73.78144,24.81468,8.623403,-12.210748,-56.38211,-42.71979,43.226707,-71.39537,-5.157439,-7.5750766,-34.021244
167,0.3792389929294586,16.8619327545166,45.30628204345703,1.0357841818297426,32.962563273349765,-86.66606654353203,-88.24929,6.3361397,7.9180355,99.694534,-41.715126,0.0,-82.58642,-20.053253,-17.713015,99.73502,-45.999973,0.0,21.774832,27.999987,27.533295,-14.510118,-14.459212,-0.8334472,24.663279,-39.690926,-73.61945,24.826443,8.5959835,-12.210748,-56.81998,-42.460346,43.63753,-71.03522,-5.074598,-7.407997,-34.055172
168,0.39062049984931946,16.871013641357422,45.69269561767578,1.4001782960672564,33.28247190785179,-86.51708667460122,-87.953156,6.1289816,8.255558,98.55739,-41.171608,0.0,-82.63645,-20.098305,-17.540571,99.0577,-45.999973,0.0,20.95418,27.999987,26.661356,-14.262826,-14.703161,-0.7784467,24.640594,-39.359135,-73.37215,24.845373,8.575408,-12.210748,-57.32638,-41.961422,44.135773,-70.524506,-5.052875,-7.268635,-34.097828
169,0.39442744851112366,16.876827239990234,46.094486236572266,1.718196973340161,33.569690267670694,-86.3773233053403,-87.62156,5.931764,8.542211,97.39475,-40.611492,0.0,-82.59574,-20.114838,-17.429873,98.32127,-45.999973,0.0,20.251856,27.999987,25.90807,-14.073237,-14.950614,-0.73503584,24.61774,-39.072834,-73.16322,24.905718,8.560882,-12.210748,-57.880756,-41.38108,44.637325,-69.8831,-5.046536,-7.1383257,-34.140636
170,0.38803982734680176,16.88744354248047,46.510948181152344,2.0109690960817623,33.83619267682785,-86.23699461098875,-87.26729,5.7361665,8.792799,96.19443,-40.020054,0.0,-82.49822,-20.113783,-17.364807,97.537766,-45.999973,0.0,19.621443,27.999987,25.231686,-13.925105,-15.203051,-0.6956641,24.594439,-38.817047,-72.982635,24.982468,8.5512295,-12.210748,-58.407463,-40.79356,45.101055,-69.21421,-5.067752,-7.01191,-34.1825
171,0.3976339101791382,16.89558982849121,46.940914154052734,2.2919129269539353,34.08785074675181,-86.09790060841104,-86.879105,5.52867,9.042396,94.95726,-39.41558,0.0,-82.36271,-20.11677,-17.30426,96.718315,-45.999973,0.0,19.019325,27.999987,24.584248,-13.794118,-15.45542,-0.655967,24.571959,-38.575993,-72.81364,25.050608,8.549569,-12.210748,-58.914215,-40.177483,45.547836,-68.518234,-5.1228127,-6.8980126,-34.228035
172,0.41982313990592957,16.899545669555664,47.37785720825195,2.573568697402208,34.329639501253894,-85.96189927843558,-86.460365,5.3122754,9.302692,93.69076,-38.805508,0.0,-82.21015,-20.124708,-17.233412,95.88176,-45.999973,0.0,18.40452,27.999987,23.92092,-13.656526,-15.704438,-0.6117103,24.551483,-38.33419,-72.64105,25.084656,8.559027,-12.210748,-59.34879,-39.571995,45.95172,-67.87339,-5.229176,-6.799636,-34.271523
173,0.4310377836227417,16.90460777282715,47.8218994140625,2.8569557755070485,34.565162567730404,-85.82514989851937,-86.02318,5.0988016,9.557476,92.39151,-38.176136,0.0,-82.041504,-20.122604,-17.174902,95.02545,-45.999973,0.0,17.77126,27.999987,23.240805,-13.509837,-15.948204,-0.56320643,24.532799,-38.084484,-72.46378,25.073061,8.585167,-12.210748,-59.710255,-38.988422,46.314716,-67.29869,-5.4076447,-6.713364,-34.302845
174,0.4290231466293335,16.90467643737793,48.27473831176758,3.134592082196606,34.790739661508574,-85.68873874214663,-85.559135,4.8896384,9.797204,91.058945,-37.53197,0.0,-81.836716,-20.106037,-17.140158,94.14004,-45.999973,0.0,17.143114,27.999987,22.567701,-13.366511,-16.189425,-0.5127878,24.515425,-37.837482,-72.29012,25.0308,8.6246395,-12.210748,-59.98573,-38.434784,46.616074,-66.79481,-5.6387663,-6.6357794,-34.320892
175,0.4413002133369446,16.912689208984375,48.73832321166992,3.400206446276482,34.9999731102806,-85.56929991227986,-85.065155,4.679484,10.043731,89.687485,-36.865593,0.0,-81.615906,-20.082514,-17.098026,93.22607,-45.999973,0.0,16.531307,27.999987,21.895601,-13.224763,-16.432117,-0.46166974,24.50007,-37.602932,-72.11692,24.972383,8.667959,-12.210748,-60.181625,-37.918873,46.867424,-66.35713,-5.899085,-6.5732484,-34.347923
176,0.450024276971817,16.92466163635254,49.21253204345703,3.656082043193547,35.186993355971694,-85.47396299965546,-84.531975,4.481039,10.2896595,88.279396,-36.179543,0.0,-81.369415,-20.036213,-17.056839,92.24023,-45.853146,0.0,15.929893,27.999987,21.211163,-13.0814,-16.679731,-0.40846395,24.4876,-37.38944,-71.9412,24.912266,8.703904,-12.210748,-60.28334,-37.433117,47.055614,-65.979,-6.1439304,-6.532557,-34.402134
177,0.4541322588920593,16.933582305908203,49.6989631652832,3.9044549206564776,35.354428428726116,-85.40861452531568,-83.95083,4.296483,10.539119,86.829834,-35.479073,0.0,-81.09617,-19.961868,-17.008175,91.07195,-45.193275,0.0,15.326228,27.999987,20.496996,-12.940443,-16.934135,-0.35338405,24.47877,-37.198036,-71.75949,24.861704,8.725608,-12.210748,-60.3043,-36.97939,47.20002,-65.65894,-6.3930006,-6.5279136,-34.50467
178,0.47183701395988464,16.944915771484375,50.18946075439453,4.1498113329993105,35.50359496683017,-85.3591723659908,-83.33451,4.106567,10.801003,85.34906,-34.767212,0.0,-80.80102,-19.887447,-16.948738,89.8756,-44.50927,0.0,14.722477,27.999987,19.762648,-12.801827,-17.19307,-0.29599243,24.47296,-37.023838,-71.57489,24.810225,8.739693,-12.210748,-60.245735,-36.55825,47.29986,-65.400314,-6.6571374,-6.551395,-34.64048
179,0.5019031167030334,16.96959114074707,50.68041229248047,4.383523778995212,35.62938109718339,-85.3254436631123,-82.695526,3.9141757,11.067795,83.84574,-34.03412,0.0,-80.49313,-19.809837,-16.881203,88.65669,-43.78889,0.0,14.133893,27.999987,19.03434,-12.655872,-17.453514,-0.23464593,24.46916,-36.866936,-71.39175,24.740412,8.75546,-12.210748,-60.103584,-36.159462,47.341133,-65.19286,-6.8883557,-6.576692,-34.778732
180,0.5061561465263367,16.970720291137695,51.17368698120117,4.596126090356377,35.72609195004604,-85.30690418621042,-82.00505,3.7432432,11.306668,82.336136,-33.315006,0.0,-80.100174,-19.696573,-16.853786,87.412964,-43.09717,0.0,13.575605,27.999987,18.337736,-12.492911,-17.7122,-0.1676685,24.466425,-36.727676,-71.2144,24.634552,8.781999,-12.210748,-59.90349,-35.78065,47.345768,-65.01779,-7.0644226,-6.576854,-34.896225
181,0.5165831446647644,16.976388931274414,51.66464614868164,4.7847030339081895,35.79656916833929,-85.30738894627707,-81.28915,3.5796623,11.540017,80.81949,-32.58948,0.0,-79.673,-19.571566,-16.83572,86.14806,-42.3864,0.0,13.057748,27.999987,17.67988,-12.305568,-17.973145,-0.096500926,24.464708,-36.611053,-71.04677,24.481073,8.8226185,-12.210748,-59.640053,-35.414818,47.30333,-64.86914,-7.1437917,-6.5415235,-34.985653
182,0.535851001739502,16.984722137451172,52.154998779296875,4.953922698198344,35.84277307923994,-85.32607738975712,-80.54308,3.418861,11.772145,79.28731,-31.85604,0.0,-79.21226,-19.438026,-16.821411,84.85877,-41.65534,0.0,12.570304,27.999987,17.046793,-12.1006975,-18.23605,-0.020842439,24.46447,-36.515774,-70.88574,24.291882,8.871978,-12.210748,-59.311234,-35.058502,47.2141,-64.74973,-7.1484337,-6.486336,-35.061058
183,0.5513368844985962,16.990156173706055,52.64381790161133,5.106109962066205,35.85844333383693,-85.35562867637124,-79.76259,3.2622428,11.991018,77.747025,-31.118778,0.0,-78.7012,-19.292284,-16.823584,83.55062,-40.921318,0.0,12.098553,27.999987,16.433125,-11.890944,-18.490253,0.064242564,24.465271,-36.43207,-70.72545,24.084146,8.926359,-12.210748,-58.92592,-34.71267,47.092953,-64.6588,-7.14436,-6.4242425,-35.127357
184,0.5687685012817383,16.990692138671875,53.124290466308594,5.243484526949162,35.83691284242053,-85.3890082377252,-78.94977,3.1011477,12.194852,76.21597,-30.387026,0.0,-78.14042,-19.147495,-16.838161,82.2447,-40.196144,0.0,11.627975,27.999987,15.833969,-11.688989,-18.725529,0.16442639,24.466608,-36.35002,-70.56044,23.874811,8.982137,-12.210748,-58.48416,-34.37595,46.943764,-64.600075,-7.1873217,-6.3678145,-35.187393
185,0.5931097865104675,16.993022918701172,53.5954475402832,5.370804460049635,35.779733783377694,-85.42044607312043,-78.110725,2.9272726,12.386204,74.68807,-29.651964,0.0,-77.54246,-19.012524,-16.859425,80.944046,-39.47227,0.0,11.145426,27.999987,15.242755,-11.489257,-18.937792,0.28440323,24.468351,-36.262897,-70.388405,23.674067,9.0354,-12.210748,-57.980114,-34.041424,46.760204,-64.57891,-7.2787485,-6.319133,-35.23589
186,0.6055737137794495,16.987117767333984,54.061485290527344,5.485338473646444,35.68922927257939,-85.45492536324927,-77.23649,2.7565002,12.556476,73.160095,-28.917646,0.0,-76.88843,-18.867275,-16.903492,79.63804,-38.763203,0.0,10.662073,27.999987,14.664185,-11.288168,-19.132872,0.42072725,24.470713,-36.17737,-70.2127,23.471169,9.089024,-12.210748,-57.42637,-33.711792,46.55531,-64.58735,-7.4013276,-6.2720947,-35.276146
187,0.6165096163749695,16.980627059936523,54.52207946777344,5.579208144105889,35.56052200870356,-85.50100006152114,-76.328545,2.5917346,12.711874,71.63684,-28.184519,0.0,-76.18296,-18.711937,-16.963789,78.321106,-38.051598,0.0,10.198555,27.999987,14.109642,-11.10045,-19.314468,0.56611645,24.473602,-36.10324,-70.03631,23.252247,9.148991,-12.210748,-56.810654,-33.38756,46.313957,-64.62057,-7.5439878,-6.227453,-35.313457
188,0.631836473941803,16.970596313476562,54.97343063354492,5.645059815267742,35.38903803623268,-85.56696662311145,-75.38411,2.4380693,12.855181,70.13295,-27.465034,0.0,-75.42331,-18.545292,-17.03663,77.00055,-37.34084,0.0,9.7744,27.999987,13.588972,-10.940496,-19.487665,0.7146051,24.476854,-36.04931,-69.86187,23.00298,9.221304,-12.210748,-56.139225,-33.076202,46.044502,-64.6683,-7.71677,-6.185566,-35.357613
189,0.6428337097167969,16.962316513061523,55.41273498535156,5.678522179521388,35.172409938176166,-85.65895397733728,-74.40648,2.307837,12.984241,68.65275,-26.75605,0.0,-74.61295,-18.355337,-17.126179,75.67858,-36.62957,0.0,9.398627,27.999987,13.1051035,-10.820541,-19.648546,0.86626667,24.480675,-36.022617,-69.69407,22.709934,9.312534,-12.210748,-55.401398,-32.777576,45.73658,-64.73284,-7.9265876,-6.1504693,-35.411617
190,0.6584317684173584,16.947410583496094,55.84523010253906,5.685718695344147,34.91409357138689,-85.77055252498565,-73.38661,2.1878998,13.103407,67.184,-26.059546,0.0,-73.74396,-18.152672,-17.227026,74.3456,-35.917942,0.0,9.057284,27.999987,12.650125,-10.729592,-19.796286,1.0252801,24.485003,-36.01621,-69.52956,22.383959,9.417437,-12.210748,-54.601303,-32.48857,45.396034,-64.81798,-8.17258,-6.1203165,-35.47102
191,0.6763721108436584,16.919681549072266,56.27135467529297,5.675551867900863,34.61807843990022,-85.89064326428196,-72.32533,2.0713618,13.21091,65.72686,-25.379263,0.0,-72.81534,-17.944359,-17.339668,73.00735,-35.217426,0.0,8.734263,27.999987,12.216802,-10.647318,-19.93622,1.1883078,24.489723,-36.01982,-69.35829,22.04927,9.524421,-12.210748,-53.751125,-32.206505,45.03459,-64.92283,-8.43133,-6.087041,-35.530277
192,0.6901063323020935,16.889806747436523,56.68797302246094,5.656264429881356,34.28817256139302,-86.00837494072425,-71.2387,1.9541945,13.302839,64.28144,-24.703417,0.0,-71.846466,-17.73516,-17.465929,71.67511,-34.5271,0.0,8.414558,27.999987,11.799039,-10.554063,-20.072048,1.3526794,24.49464,-36.02304,-69.17064,21.729212,9.622327,-12.210748,-52.868553,-31.931368,44.669243,-65.04494,-8.684777,-6.0426235,-35.58477
193,0.7019929885864258,16.863115310668945,57.090484619140625,5.624269788921097,33.92317273834712,-86.12102589356374,-70.13568,1.8359654,13.374547,62.856133,-24.031103,0.0,-70.84528,-17.528107,-17.607756,70.35955,-33.84702,0.0,8.097976,27.999987,11.403064,-10.441826,-20.201647,1.520052,24.500076,-36.02775,-68.96155,21.434538,9.700258,-12.210748,-51.943466,-31.656658,44.29291,-65.18408,-8.920748,-5.9852457,-35.638817
194,0.7115196585655212,16.833152770996094,57.48501968383789,5.577731431524568,33.52168710684967,-86.23367740438869,-69.00275,1.7206264,13.428607,61.441147,-23.363846,0.0,-69.79607,-17.316162,-17.766539,69.04239,-33.173294,0.0,7.790762,27.999987,11.0289755,-10.321949,-20.323921,1.6916922,24.505978,-36.037586,-68.73688,21.15087,9.766904,-12.210748,-50.98108,-31.384373,43.911427,-65.337555,-9.160545,-5.9191465,-35.695427
195,0.7261000275611877,16.796945571899414,57.87404251098633,5.52710301698782,33.08788236884862,-86.34739598697773,-67.8339,1.6004263,13.479192,60.027065,-22.702385,0.0,-68.706154,-17.106846,-17.92632,67.72208,-32.502872,0.0,7.4889297,27.999987,10.663434,-10.203405,-20.443989,1.8622642,24.511654,-36.045574,-68.50371,20.865679,9.8404455,-12.210748,-49.97784,-31.115488,43.50995,-65.51472,-9.391623,-5.8459606,-35.737534
196,0.7421798706054688,16.744436264038086,58.254730224609375,5.482806220547763,32.62600400987494,-86.46346713345295,-66.62273,1.4749033,13.535315,58.6147,-22.0564,0.0,-67.58212,-16.902447,-18.075975,66.416595,-31.85457,0.0,7.1881037,27.999987,10.292476,-10.094687,-20.569395,2.0264747,24.51643,-36.044823,-68.2692,20.566528,9.939167,-12.210748,-48.944946,-30.855883,43.09236,-65.71856,-9.622502,-5.7671604,-35.75303
197,0.7480745911598206,16.694128036499023,58.62560272216797,5.44648710256308,32.133830180164395,-86.58375842491972,-65.37964,1.3520999,13.596422,57.19846,-21.40584,0.0,-66.44164,-16.694159,-18.217169,65.12782,-31.215647,0.0,6.885801,27.999987,9.912121,-9.998501,-20.69637,2.1841826,24.520145,-36.039803,-68.039444,20.231781,10.081758,-12.210748,-47.866886,-30.598518,42.637615,-65.9525,-9.831467,-5.684562,-35.727234
198,0.7568656802177429,16.63768768310547,58.988243103027344,5.4135134443608655,31.61019433108915,-86.70699858811923,-64.097664,1.2235944,13.661385,55.77863,-20.759274,0.0,-65.27183,-16.490776,-18.349766,63.84988,-30.586405,0.0,6.58405,27.999987,9.529288,-9.909688,-20.824713,2.3386273,24.523058,-36.031807,-67.80979,19.87419,10.253691,-12.210748,-46.735207,-30.338633,42.14311,-66.21734,-10.016814,-5.5978255,-35.669437
199,0.7674351334571838,16.566574096679688,59.34484100341797,5.384393729400212,31.060988201789723,-86.82953036209545,-62.77673,1.0881857,13.727058,54.354877,-20.122494,0.0,-64.06533,-16.292435,-18.47904,62.577095,-29.9729,0.0,6.285801,27.999987,9.146553,-9.826609,-20.957987,2.4871476,24.52545,-36.01073,-67.56919,19.533566,10.423553,-12.210748,-45.60453,-30.0953,41.670807,-66.50162,-10.237084,-5.5032372,-35.60816
200,0.7833949327468872,16.497987747192383,59.69343948364258,5.359599074500501,30.491936196365902,-86.9479116253,-61.436436,0.9422717,13.793485,52.923702,-19.479021,0.0,-62.847946,-16.104355,-18.603064,61.313847,-29.359997,0.0,5.9948583,27.999987,8.768407,-9.747949,-21.103851,2.627237,24.527473,-35.966915,-67.30772,19.249931,10.560198,-12.210748,-44.43355,-29.861526,41.180122,-66.82956,-10.462764,-5.4003167,-35.551857
201,0.789534866809845,16.42683982849121,60.035194396972656,5.345309300616492,29.897824313997837,-87.05812760152493,-60.064754,0.79000956,13.857217,51.477715,-18.82593,0.0,-61.607662,-15.920364,-18.728827,60.06242,-28.760597,0.0,5.70905,27.999987,8.390913,-9.676316,-21.262085,2.7560768,24.529442,-35.89496,-67.01395,19.034372,10.651646,-12.210748,-43.22009,-29.635263,40.669678,-67.19592,-10.702117,-5.283306,-35.503624
202,0.7984303832054138,16.35430908203125,60.36880111694336,5.339874753713698,29.27782566823104,-87.16307083845332,-58.66234,0.6247858,13.922485,50.019913,-18.166637,0.0,-60.34991,-15.748736,-18.847488,58.82733,-28.170345,0.0,5.4268713,27.999987,8.01305,-9.611397,-21.4314,2.8749695,24.531263,-35.80118,-66.69607,18.865252,10.716218,-12.210748,-41.97024,-29.414894,40.14466,-67.596344,-10.956196,-5.155286,-35.457108
203,0.806894063949585,16.264812469482422,60.693084716796875,5.329816870133132,28.644461210035747,-87.26978031341885,-57.237175,0.46071383,13.980909,48.569187,-17.523832,0.0,-59.064503,-15.575192,-18.970657,57.601032,-27.600334,0.0,5.155253,27.999987,7.644613,-9.548224,-21.606817,2.988653,24.532303,-35.691353,-66.373955,18.730612,10.768326,-12.210748,-40.728928,-29.212086,39.649326,-68.02514,-11.245919,-5.026332,-35.42121
204,0.807359516620636,16.172794342041016,61.01054000854492,5.302856316132597,28.010610083125712,-87.38477371321491,-55.813213,0.3142096,14.026227,47.125725,-16.88551,0.0,-57.768814,-15.378366,-19.10414,56.36453,-27.030558,0.0,4.9010377,27.999987,7.2964787,-9.482281,-21.783628,3.1019099,24.531801,-35.57217,-66.06828,18.620014,10.822211,-12.210748,-39.463985,-29.019047,39.151974,-68.508026,-11.525137,-4.9100027,-35.39045
205,0.8061541318893433,16.078201293945312,61.322792053222656,5.256366681920114,27.382707926783652,-87.50868663263515,-54.39672,0.18380794,14.059568,45.689777,-16.25264,0.0,-56.464756,-15.159036,-19.247627,55.106422,-26.451935,0.0,4.6669555,27.999987,6.9716134,-9.412538,-21.962816,3.2146547,24.529648,-35.449203,-65.78457,18.539978,10.881418,-12.210748,-38.179226,-28.837883,38.656223,-69.04476,-11.810292,-4.81495,-35.37346
206,0.8127042055130005,15.972490310668945,61.628868103027344,5.197191466621455,26.752917075578196,-87.6380037855887,-52.972965,0.057938144,14.0867815,44.26085,-15.633419,0.0,-55.1436,-14.931897,-19.392984,53.837486,-25.874168,0.0,4.448998,27.999987,6.6642656,-9.341454,-22.145805,3.3244817,24.526186,-35.318073,-65.511795,18.49347,10.938902,-12.210748,-36.87457,-28.666594,38.162083,-69.62795,-12.103815,-4.7336664,-35.368656
207,0.8220853209495544,15.860578536987305,61.925498962402344,5.1270312753499905,26.11271472129909,-87.7726007317088,-51.540924,-0.05987995,14.108434,42.847103,-15.027032,0.0,-53.80752,-14.696026,-19.538864,52.57005,-25.300907,0.0,4.242806,27.999987,6.370445,-9.269233,-22.329678,3.4342499,24.521395,-35.169827,-65.246086,18.46448,10.991958,-12.210748,-35.559612,-28.503263,37.68208,-70.25097,-12.387271,-4.6526494,-35.36539
208,0.8233704566955566,15.750794410705566,62.21334457397461,5.047818037311617,25.45383986082632,-87.91219194046184,-50.09744,-0.16363265,14.123688,41.445515,-14.4232435,0.0,-52.454395,-14.443575,-19.68786,51.30166,-24.727701,0.0,4.0438433,27.999987,6.0859823,-9.196124,-22.509691,3.5453217,24.515444,-34.996532,-64.98264,18.437721,11.038612,-12.210748,-34.245804,-28.346334,37.229206,-70.90539,-12.642622,-4.5589857,-35.352238
209,0.8322101831436157,15.628142356872559,62.49386215209961,4.960359358947526,24.77022778963625,-88.05848262912639,-48.622837,-0.2646185,14.137874,40.054195,-13.836086,0.0,-51.066265,-14.186596,-19.83141,50.031628,-24.161402,0.0,3.8445241,27.999987,5.803928,-9.116689,-22.690243,3.6590517,24.507803,-34.78664,-64.71646,18.408497,11.077265,-12.210748,-32.93095,-28.193703,36.803886,-71.59627,-12.861246,-4.4501204,-35.32054
210,0.834009051322937,15.500603675842285,62.76567459106445,4.863969915939054,24.067536723749626,-88.21028536987806,-47.131695,-0.35122558,14.14701,38.67743,-13.258637,0.0,-49.653015,-13.913044,-19.978012,48.757374,-23.59746,0.0,3.6487474,27.999987,5.5278654,-9.032681,-22.870998,3.7741263,24.498533,-34.54767,-64.451,18.385597,11.109537,-12.210748,-31.610022,-28.046455,36.399887,-72.324135,-13.053258,-4.3334446,-35.27881
211,0.8220455646514893,15.3668212890625,63.026153564453125,4.759402866874356,23.354796417574967,-88.36380011629801,-45.639736,-0.4186078,14.14796,37.329987,-12.69833,0.0,-48.230156,-13.620381,-20.126925,47.498466,-23.053654,0.0,3.4681602,27.999987,5.268285,-8.953547,-23.04552,3.8879972,24.488625,-34.29937,-64.19423,18.372587,11.137642,-12.210748,-30.289719,-27.907803,36.01967,-73.076416,-13.228135,-4.2107773,-35.241707
212,0.8303050994873047,15.224371910095215,63.27598190307617,4.646779309068629,22.64072214844311,-88.51534244541661,-44.158253,-0.48833054,14.148216,36.020256,-12.166108,0.0,-46.803715,-13.336827,-20.270597,46.24647,-22.511314,0.0,3.3142424,27.999987,5.0358424,-8.889136,-23.205769,3.99742,24.479246,-34.062073,-63.953682,18.374235,11.163929,-12.210748,-28.949451,-27.775772,35.64476,-73.85404,-13.37382,-4.085205,-35.22072
213,0.8301275968551636,15.076157569885254,63.5127067565918,4.519303446506867,21.92629964155656,-88.66780808126518,-42.700027,-0.5327348,14.139355,34.769104,-11.66623,0.0,-45.37688,-13.032966,-20.41908,45.008865,-21.98559,0.0,3.2052686,27.999987,4.8453627,-8.8503275,-23.351809,4.1020083,24.470215,-33.839947,-63.73329,18.398617,11.188287,-12.210748,-27.665882,-27.667337,35.33075,-74.60888,-13.555153,-3.9506361,-35.229633
214,0.8265276551246643,14.936217308044434,63.734920501708984,4.379993498136953,21.207304409247534,-88.82136568519525,-41.268444,-0.55694073,14.126244,33.57055,-11.186116,0.0,-43.963634,-12.7162485,-20.56656,43.791817,-21.46413,0.0,3.1281755,27.999987,4.685904,-8.828889,-23.487028,4.203237,24.46113,-33.622803,-63.528126,18.44196,11.209646,-12.210748,-26.357557,-27.565193,35.018284,-75.38982,-13.708574,-3.811846,-35.25256
215,0.8257039785385132,14.777432441711426,63.949012756347656,4.243106701943426,20.485091223835976,-88.96860489246563,-39.830193,-0.58243245,14.111706,32.393463,-10.730895,0.0,-42.53703,-12.403124,-20.709314,42.587357,-20.964647,0.0,3.0489979,27.999987,4.5276465,-8.80552,-23.609325,4.3025804,24.45273,-33.406612,-63.332794,18.48643,11.229165,-12.210748,-25.048529,-27.46774,34.72406,-76.19548,-13.838263,-3.6705277,-35.281998
216,0.823794960975647,14.610431671142578,64.15300750732422,4.121872844370269,19.760961061092107,-89.10250416358286,-38.39229,-0.6192226,14.097384,31.230587,-10.287579,0.0,-41.120255,-12.107463,-20.84309,41.421406,-20.493444,0.0,2.9358165,27.999987,4.3429646,-8.761611,-23.71637,4.4000344,24.445951,-33.1888,-63.141106,18.515396,11.247863,-12.210748,-23.770052,-27.375671,34.46917,-77.01974,-13.95311,-3.5284395,-35.310402
217,0.8170155882835388,14.44383430480957,64.34270477294922,4.0208682271721505,19.033567665561097,-89.22035648237824,-36.960766,-0.6691317,14.082501,30.082815,-9.849182,0.0,-39.731644,-11.836077,-20.966959,40.32173,-20.059584,0.0,2.771607,27.999987,4.119298,-8.680487,-23.811111,4.498697,24.441256,-32.96276,-62.952103,18.523497,11.268095,-12.210748,-22.518566,-27.287367,34.259956,-77.87028,-14.044398,-3.3870687,-35.33879
218,0.8143583536148071,14.265596389770508,64.52326202392578,3.931233316783755,18.30264699923471,-89.32681658100974,-35.522694,-0.7314645,14.066189,28.94397,-9.423242,0.0,-38.344925,-11.582868,-21.084362,39.255627,-19.652502,0.0,2.5790143,27.999987,3.8763344,-8.5765505,-23.89377,4.596613,24.438156,-32.732872,-62.7689,18.520304,11.288691,-12.210748,-21.278357,-27.20309,34.08335,-78.7468,-14.109667,-3.2457924,-35.369823
219,0.8037893176078796,14.086593627929688,64.6924819946289,3.8459990489997615,17.571156584605905,-89.42585922937316,-34.09922,-0.7885494,14.046112,27.836308,-9.01153,0.0,-36.974014,-11.332067,-21.199236,38.227394,-19.269354,0.0,2.3854406,27.999987,3.634705,-8.478735,-23.957855,4.6891913,24.435686,-32.511105,-62.593586,18.509495,11.305183,-12.210748,-20.053528,-27.125177,33.922043,-79.63642,-14.152199,-3.1023872,-35.39733
220,0.8011183738708496,13.90268611907959,64.85083770751953,3.7588905749173587,16.841777569218248,-89.5213853916874,-32.694157,-0.8438002,14.025355,26.770512,-8.626033,0.0,-35.615826,-11.088875,-21.307743,37.228935,-18.902906,0.0,2.21661,27.999987,3.4133294,-8.414888,-23.99959,4.7712684,24.432987,-32.309532,-62.42726,18.495008,11.313241,-12.210748,-18.844376,-27.054758,33.756313,-80.529594,-14.173959,-2.9551618,-35.414974
221,0.7940521240234375,13.714641571044922,65.00164794921875,3.6694397354067303,16.11193330639647,-89.61156757551812,-31.30361,-0.8896899,13.999744,25.741127,-8.26059,0.0,-34.259377,-10.840844,-21.417135,36.24425,-18.549196,0.0,2.08165,27.999987,3.2193012,-8.400193,-24.018408,4.8409653,24.4304,-32.13964,-62.271732,18.48344,11.308898,-12.210748,-17.643908,-26.991783,33.574955,-81.42406,-14.167932,-2.8047078,-35.411823
222,0.7870724201202393,13.520389556884766,65.14035034179688,3.5807946729860873,15.381446309227421,-89.69544669304155,-29.932425,-0.93034524,13.971162,24.763107,-7.925613,0.0,-32.91657,-10.599709,-21.522806,35.303696,-18.224436,0.0,1.964524,27.999987,3.0406601,-8.416599,-24.017092,4.9010425,24.42834,-31.992239,-62.12545,18.470755,11.295358,-12.210748,-16.450111,-26.935041,33.38746,-82.32723,-14.1342745,-2.6520534,-35.39346
223,0.7867903709411621,13.33000659942627,65.26985168457031,3.492573820624323,14.656763253415367,-89.7778424304234,-28.58586,-0.9697864,13.946001,23.820295,-7.607554,0.0,-31.597982,-10.366259,-21.619202,34.390156,-17.907192,0.0,1.8528368,27.999987,2.866837,-8.442855,-23.991365,4.955103,24.4257,-31.846924,-61.985447,18.4448,11.279282,-12.210748,-15.279233,-26.883076,33.208603,-83.23667,-14.086091,-2.4941115,-35.37861
224,0.7720763087272644,13.137594223022461,65.39201354980469,3.404135943547614,13.94450981056388,-89.86340607373155,-27.263847,-0.99249697,13.925103,22.910439,-7.3074117,0.0,-30.300943,-10.119789,-21.708357,33.495953,-17.605705,0.0,1.7352432,27.999987,2.6881616,-8.458065,-23.933292,5.0059233,24.421537,-31.684359,-61.84848,18.39338,11.267182,-12.210748,-14.140154,-26.834305,33.050148,-84.15512,-14.031776,-2.3276813,-35.386063
225,0.7625316977500916,12.937113761901855,65.5064468383789,3.316146295928056,13.243492498820672,-89.95583907363653,-25.961878,-1.0113825,13.915425,22.03897,-7.0370965,0.0,-29.0236,-9.877104,-21.780731,32.62552,-17.319033,0.0,1.607874,27.999987,2.4992883,-8.449367,-23.841074,5.0553865,24.415266,-31.496819,-61.71232,18.306747,11.2618685,-12.210748,-13.037899,-26.788786,32.92356,-85.076904,-13.973922,-2.1473215,-35.424065
226,0.7534270882606506,12.73071002960205,65.61275482177734,3.2283315685030303,12.55117665992936,-90.05188473520475,-24.68181,-1.0236977,13.913051,21.209822,-6.7951937,0.0,-27.765184,-9.63614,-21.840887,31.782497,-17.04991,0.0,1.4781613,27.999987,2.3070853,-8.43006,-23.71785,5.10148,24.407463,-31.29621,-61.57939,18.193657,11.259452,-12.210748,-11.963485,-26.747272,32.81788,-86.00423,-13.905306,-1.9551766,-35.48048
227,0.7363977432250977,12.534391403198242,65.71099853515625,3.1387460513662497,11.871836871978271,-90.14593283318248,-23.443325,-1.0221783,13.911671,20.426643,-6.5688796,0.0,-26.54062,-9.389652,-21.897385,30.964134,-16.787867,0.0,1.3520585,27.999987,2.1203792,-8.418121,-23.5681,5.141101,24.398842,-31.091593,-61.45345,18.069674,11.256892,-12.210748,-10.916896,-26.709448,32.716206,-86.93973,-13.826212,-1.7633234,-35.542732
228,0.7268661856651306,12.323558807373047,65.80318450927734,3.045488667357714,11.209810499008167,-90.2325784310139,-22.234146,-1.0171685,13.906563,19.68986,-6.3773403,0.0,-25.32433,-9.147096,-21.954517,30.155645,-16.541262,0.0,1.2344702,27.999987,1.9472207,-8.431379,-23.397955,5.171692,24.39015,-30.892069,-61.338577,17.94979,11.250963,-12.210748,-9.89848,-26.674994,32.602783,-87.88662,-13.740185,-1.5838913,-35.598732
229,0.7080854177474976,12.114080429077148,65.88802337646484,2.9468590621137123,10.565466372555484,-90.30885603802678,-21.076693,-0.99320495,13.893486,19.019983,-6.2155404,0.0,-24.131536,-8.894897,-22.018806,29.363405,-16.307276,0.0,1.1254027,27.999987,1.7891787,-8.485128,-23.202932,5.19249,24.381994,-30.699625,-61.23598,17.832724,11.240971,-12.210748,-8.907062,-26.643332,32.475445,-88.84654,-13.650983,-1.4208592,-35.648987
230,0.6925172805786133,11.907792091369629,65.96566772460938,2.844220052273379,9.936552504707997,-90.37821780334357,-19.967339,-0.95974153,13.878114,18.41357,-6.0844126,0.0,-22.965857,-8.644559,-22.082918,28.59141,-16.08075,0.0,1.0216088,27.999987,1.641374,-8.565518,-22.982855,5.2052684,24.373777,-30.509163,-61.143528,17.71185,11.228549,-12.210748,-7.943606,-26.614935,32.342518,-89.81794,-13.55484,-1.2662328,-35.698494
231,0.6746265292167664,11.701559066772461,66.03865814208984,2.7405573098524068,9.32431244402506,-90.44434842706964,-18.890144,-0.91897404,13.863534,17.840673,-5.9705257,0.0,-21.820406,-8.391056,-22.144602,27.825481,-15.858102,0.0,0.9228598,27.999987,1.5021331,-8.647488,-22.746593,5.210022,24.364843,-30.320028,-61.059086,17.595732,11.214156,-12.210748,-7.0098147,-26.589209,32.20348,-90.79727,-13.445616,-1.1188118,-35.740997
232,0.6566195487976074,11.484784126281738,66.10916900634766,2.6385088633657587,8.729616263944463,-90.51116490876984,-17.824783,-0.87808883,13.85332,17.274406,-5.869407,0.0,-20.68319,-8.136098,-22.199839,27.054476,-15.640497,0.0,0.8294807,27.999987,1.3702466,-8.706323,-22.50369,5.2068977,24.354275,-30.131142,-60.980827,17.4927,11.198263,-12.210748,-6.1061616,-26.56513,32.05653,-91.78206,-13.315663,-0.97661084,-35.770477
233,0.6372581720352173,11.273406028747559,66.17433166503906,2.5386492481479985,8.153008268707648,-90.58262847068904,-16.788181,-0.8344346,13.852351,16.727026,-5.776477,0.0,-19.580378,-7.8829284,-22.243004,26.30151,-15.426645,0.0,0.7450505,27.999987,1.246043,-8.739009,-22.247797,5.1948605,24.341993,-29.943691,-60.90618,17.40751,11.179493,-12.210748,-5.2302914,-26.54352,31.897228,-92.77931,-13.163422,-0.8433289,-35.78303
234,0.6234903931617737,11.054125785827637,66.23637390136719,2.4396419916559524,7.594066628862409,-90.6559440509136,-15.7669735,-0.7933325,13.857734,16.190432,-5.697668,0.0,-18.490587,-7.63335,-22.27738,25.547615,-15.21554,0.0,0.66796833,27.999987,1.129651,-8.757549,-21.978998,5.173853,24.328465,-29.758074,-60.836746,17.335379,11.158159,-12.210748,-4.3816533,-26.523914,31.727787,-93.78867,-12.993122,-0.71834254,-35.7823
235,0.6060865521430969,10.839489936828613,66.29558563232422,2.34137848139483,7.051605001678956,-90.72447120805856,-14.771315,-0.7492633,13.861743,15.664079,-5.6198997,0.0,-17.41996,-7.3807926,-22.31195,24.790043,-15.00001,0.0,0.5906639,27.999987,1.0192436,-8.760532,-21.70815,5.1470885,24.31354,-29.570879,-60.77718,17.268408,11.137074,-12.210748,-3.5688276,-26.505726,31.557972,-94.792595,-12.803454,-0.59292066,-35.773148
236,0.5901210308074951,10.62578010559082,66.35304260253906,2.243788785694056,6.524640309651249,-90.78175764583483,-13.795126,-0.7076556,13.85763,15.138615,-5.5401235,0.0,-16.358913,-7.1291003,-22.353209,24.02065,-14.7781105,0.0,0.5056791,27.999987,0.91344184,-8.746294,-21.448957,5.117183,24.29726,-29.379623,-60.73218,17.199663,11.119253,-12.210748,-2.8013248,-26.488667,31.397533,-95.772896,-12.5924015,-0.45768043,-35.75952
237,0.572347104549408,10.421564102172852,66.40777587890625,2.144075466234337,6.014196469788189,-90.82196520378282,-12.85266,-0.6626825,13.8390045,14.6256485,-5.4560366,0.0,-15.314248,-6.873891,-22.408504,23.239927,-14.545406,0.0,0.40781572,27.999987,0.8170308,-8.710519,-21.208435,5.087874,24.278595,-29.176565,-60.70835,17.127275,11.10697,-12.210748,-2.0821376,-26.47296,31.246754,-96.73066,-12.350943,-0.30203143,-35.734276
238,0.5580623149871826,10.208959579467773,66.46075439453125,2.042573065662058,5.520367898607649,-90.85005765599581,-11.926585,-0.61867136,13.810826,14.119424,-5.380114,0.0,-14.266327,-6.616175,-22.472254,22.434975,-14.306915,0.0,0.3019234,27.999987,0.7295189,-8.655494,-20.976986,5.056724,24.25798,-28.965782,-60.70119,17.05516,11.098214,-12.210748,-1.4058725,-26.45895,31.100674,-97.67306,-12.081648,-0.13304846,-35.696663
239,0.5469957590103149,9.992055892944336,66.51201629638672,1.9446609712971306,5.041024843596337,-90.8757517643191,-11.006991,-0.58114094,13.783564,13.60157,-5.3015027,0.0,-13.224989,-6.361458,-22.53264,21.617496,-14.063734,0.0,0.19583942,27.999987,0.6412311,-8.589563,-20.747702,5.0171475,24.23718,-28.760836,-60.698753,16.984312,11.0894575,-12.210748,-0.7695512,-26.445652,30.960781,-98.5913,-11.804634,0.031065267,-35.660774
240,0.5324298143386841,9.782102584838867,66.55908966064453,1.8555176103528657,4.5736434224800995,-90.90880751990937,-10.100712,-0.5484042,13.76744,13.079467,-5.2169724,0.0,-12.218218,-6.115631,-22.578068,20.828726,-13.829005,0.0,0.09733048,27.999987,0.54204327,-8.521236,-20.510347,4.9626207,24.218002,-28.575705,-60.68922,16.91524,11.0769415,-12.210748,-0.16884126,-26.431894,30.82821,-99.477715,-11.539769,0.1719536,-35.64136
241,0.5166961550712585,9.569605827331543,66.60365295410156,1.777995813830296,4.3736465841023,-90.9431504398173,-9.44408,-0.527469,13.763912,12.527242,-5.120485,0.0,-11.489292,-5.881164,-22.607027,20.05885,-13.604155,0.0,0.008873624,27.235186,0.42700538,-8.457219,-20.013962,5.1181393,24.200933,-28.466156,-60.671715,16.850168,11.060113,-12.210748,0.61607414,-26.4142,30.752447,-100.31287,-11.296288,0.27527612,-35.627907
242,0.49503394961357117,9.374560356140137,66.64308166503906,1.709520957098023,4.2424707645048265,-90.98095305042077,-8.871952,-0.50905156,13.768214,11.98326,-5.016032,0.0,-10.86946,-5.659348,-22.624718,19.340578,-13.392993,0.0,-0.07399563,26.30323,0.3017435,-8.387385,-19.458246,5.3098116,24.185177,-28.381662,-60.6495,16.7911,11.039361,-12.210748,1.4110235,-26.395782,30.692629,-101.11435,-11.062059,0.35976556,-35.61973
243,0.4761599004268646,9.168098449707031,66.68177032470703,1.6468618754679152,4.119120157530015,-91.02460113348123,-8.274974,-0.5039321,13.779395,11.388391,-4.8944964,0.0,-10.243347,-5.4420824,-22.632738,18.607023,-13.180417,0.0,-0.15217443,25.384724,0.17251733,-8.309091,-18.901411,5.489783,24.170244,-28.309626,-60.630432,16.72015,11.020458,-12.210748,2.1641319,-26.379019,30.644087,-101.885185,-10.823423,0.42875588,-35.628876
244,0.4563169479370117,8.963888168334961,66.7193374633789,1.5870178853700732,4.001121514728589,-91.07437497644456,-7.664544,-0.50564814,13.797546,10.751009,-4.7493825,0.0,-9.622944,-5.2247458,-22.631584,17.863823,-12.959465,0.0,-0.22651224,24.483376,0.045742493,-8.22065,-18.342512,5.663883,24.15538,-28.249165,-60.6239,16.617329,11.009958,-12.210748,2.8763876,-26.364853,30.61402,-102.62565,-10.566955,0.48326564,-35.665905
245,0.4330933094024658,8.767091751098633,66.75453186035156,1.5283711704622573,3.8874946666246326,-91.13216599037915,-7.0597157,-0.50680864,13.824213,10.107257,-4.5962887,0.0,-9.015903,-5.0053897,-22.619307,17.11992,-12.731269,0.0,-0.29888204,23.601667,-0.07926422,-8.116119,-17.784346,5.8329687,24.140583,-28.197939,-60.63604,16.460022,11.014083,-12.210748,3.545937,-26.354626,30.606329,-103.338135,-10.291215,0.5172328,-35.74056
246,0.4119056761264801,8.570334434509277,66.78861236572266,1.4729303974039456,3.7796077609284637,-91.1972825370723,-6.4328556,-0.51925474,13.858907,9.405309,-4.413433,0.0,-8.412721,-4.7889123,-22.59628,16.365227,-12.494643,0.0,-0.36817965,22.736855,-0.2054263,-7.998291,-17.22509,5.9941597,24.126202,-28.156942,-60.660503,16.264803,11.027922,-12.210748,4.172751,-26.347696,30.615778,-104.02057,-10.00236,0.5330048,-35.843918
247,0.4002803862094879,8.374520301818848,66.81951904296875,1.4227363094520409,3.678686421334066,-91.26598370372011,-5.7970095,-0.54807687,13.898812,8.6677065,-4.2134275,0.0,-7.8262806,-4.5890303,-22.564741,15.626792,-12.261267,0.0,-0.43111613,21.885946,-0.33021307,-7.878511,-16.660915,6.147145,24.112068,-28.13132,-60.68842,16.069386,11.041404,-12.210748,4.7601557,-26.342112,30.636204,-104.66637,-9.698978,0.5439459,-35.95842
248,0.3799929618835449,8.177680969238281,66.84974670410156,1.380027345279097,3.5860727992355512,-91.33444243899011,-5.4110827,-0.5196574,13.941301,8.461555,-4.295578,0.0,-7.243866,-4.3889875,-22.531864,14.88102,-12.027819,0.0,-0.48466498,21.046118,-0.45105314,-7.768602,-16.086634,6.291417,24.09814,-28.12639,-60.710358,15.911992,11.04432,-12.210748,5.3103194,-26.336353,30.661121,-105.26754,-9.378377,0.5640311,-36.0662
249,0.3596203029155731,7.987697601318359,66.87724304199219,1.3496225969848712,3.503291467120442,-91.40303523584068,-5.0376472,-0.5046651,13.984933,8.24961,-4.3704996,0.0,-6.6967993,-4.210108,-22.494637,14.1794815,-11.811971,0.0,-0.5277491,20.215761,-0.5725403,-7.67112,-15.503233,6.42657,24.084568,-28.14411,-60.725624,15.813979,11.026829,-12.210748,5.821278,-26.329277,30.686508,-105.82416,-9.028551,0.6020733,-36.162086
250,0.3472917973995209,7.802330017089844,66.90167236328125,1.3284651973144679,3.429263268624778,-91.47340787518003,-4.6704917,-0.50638634,14.031453,8.024571,-4.437105,0.0,-6.18417,-4.056506,-22.450949,13.525354,-11.614099,0.0,-0.5624843,19.396614,-0.694401,-7.5806727,-14.912384,6.55279,24.071398,-28.181307,-60.73832,15.751168,10.996676,-12.210748,6.291776,-26.322351,30.71598,-106.338455,-8.654052,0.64969856,-36.255077
251,0.33097097277641296,7.612101078033447,66.9242935180664,1.3078926708100047,3.361407327084845,-91.54366142656028,-4.3070974,-0.5065805,14.078465,7.8017387,-4.5078177,0.0,-5.6669836,-3.8985121,-22.406916,12.857122,-11.414107,0.0,-0.5910375,18.591166,-0.80713654,-7.4971867,-14.311584,6.670453,24.058317,-28.23562,-60.747078,15.693342,10.970097,-12.210748,6.7284184,-26.316326,30.754961,-106.81007,-8.281861,0.6926588,-36.34985
252,0.31642642617225647,7.42212438583374,66.94525909423828,1.2788364367039802,3.296920194596254,-91.61186786685153,-3.9507651,-0.49928024,14.12519,7.5848937,-4.581053,0.0,-5.1321507,-3.7259648,-22.365583,12.141082,-11.188151,0.0,-0.6157232,17.801645,-0.9013781,-7.4204197,-13.698816,6.780192,24.044954,-28.304174,-60.75039,15.610265,10.963357,-12.210748,7.1369624,-26.312117,30.809011,-107.23746,-7.938589,0.7168171,-36.451195
253,0.3001224398612976,7.230330467224121,66.96334838867188,1.2405580929313533,3.236052408373376,-91.67831361901047,-3.601185,-0.48097575,14.172264,7.3772306,-4.659389,0.0,-4.580364,-3.536185,-22.32651,11.383061,-10.942413,0.0,-0.63489634,17.027573,-0.97314256,-7.3599577,-13.06977,6.8824377,24.03091,-28.384985,-60.75133,15.482723,10.984695,-12.210748,7.511799,-26.310877,30.880236,-107.611336,-7.6335564,0.71231556,-36.56144
254,0.28680115938186646,7.044083595275879,66.97781372070312,1.1976075533330492,3.179992675249773,-91.74373969166267,-3.2638855,-0.45945153,14.220363,7.176705,-4.737731,0.0,-4.036241,-3.344435,-22.28705,10.620805,-10.688996,0.0,-0.6488994,16.268066,-1.0288757,-7.3129783,-12.427462,6.9765296,24.016275,-28.479527,-60.74923,15.330118,11.024192,-12.210748,7.8520703,-26.311636,30.965372,-107.93512,-7.3526,0.688365,-36.67822
255,0.26768064498901367,6.864624977111816,66.98908996582031,1.1502970641667452,3.1272989916861347,-91.8070242351808,-2.9416463,-0.42823255,14.26804,6.989225,-4.816354,0.0,-3.4969637,-3.1429994,-22.24911,9.8505,-10.42841,0.0,-0.6628848,15.525036,-1.075458,-7.2604737,-11.7783165,7.0609264,24.002247,-28.591318,-60.737434,15.181167,11.070841,-12.210748,8.1693535,-26.313168,31.060423,-108.22515,-7.0846076,0.65999675,-36.797413
256,0.2537376582622528,6.68811559677124,66.99708557128906,1.0986846273623705,3.0762442448648186,-91.86677874676417,-2.6328034,-0.39436552,14.314564,6.8198147,-4.901983,0.0,-2.9543147,-2.9396207,-22.213188,9.064094,-10.155539,0.0,-0.68208593,14.800359,-1.1198351,-7.183395,-11.125982,7.1342387,23.99007,-28.723345,-60.709465,15.064361,11.113531,-12.210748,8.476245,-26.313887,31.161196,-108.49954,-6.818361,0.6427563,-36.914864
257,0.24031153321266174,6.507301330566406,67.00242614746094,1.0425603756215112,3.0244636263090303,-91.924547859618,-2.3316612,-0.35401112,14.360875,6.6731877,-5.001638,0.0,-2.3845766,-2.7239726,-22.178062,8.226325,-9.858816,0.0,-0.7089992,14.098595,-1.1656855,-7.074277,-10.471492,7.1899023,23.980661,-28.878078,-60.652355,15.009939,11.144735,-12.210748,8.76802,-26.313303,31.272743,-108.75231,-6.543814,0.6416461,-37.032917
258,0.226835235953331,6.338633060455322,67.00321960449219,0.982993269620053,2.9734733844810965,-91.98056509544244,-2.0447438,-0.30879188,14.407708,6.535058,-5.0961986,0.0,-1.8467076,-2.5142243,-22.141924,7.4369693,-9.578404,0.0,-0.7408624,13.417389,-1.2095536,-6.9446487,-9.812001,7.2303653,23.973228,-29.052881,-60.573105,14.995215,11.171826,-12.210748,9.0419855,-26.312017,31.394703,-108.979385,-6.269632,0.64853704,-37.152752
259,0.20424620807170868,6.1739583015441895,67.00030517578125,0.9220444682077278,2.9277206976301926,-92.03175948568544,-1.7737751,-0.25428557,14.45168,6.4111633,-5.192718,0.0,-1.557458,-2.394065,-22.100101,7.203866,-9.594863,0.0,-0.7747285,12.748224,-1.2474574,-6.803429,-9.149342,7.2661843,23.966173,-29.243635,-60.49294,14.96793,11.205933,-12.210748,9.307227,-26.310947,31.51747,-109.19182,-6.0123496,0.6562648,-37.268013
260,0.18909193575382233,6.008121967315674,66.99488067626953,0.8608109917859293,2.8917647461482447,-92.07511172906878,-1.5221654,-0.20249659,14.490481,6.3050284,-5.2992096,0.0,-1.2845986,-2.283723,-22.066177,6.9918647,-9.622324,0.0,-0.8072669,12.082625,-1.2745916,-6.6590304,-8.484088,7.308818,23.957855,-29.446129,-60.433983,14.875998,11.258097,-12.210748,9.572421,-26.310957,31.630789,-109.39833,-5.7883124,0.6564716,-37.37151
261,0.17472726106643677,5.848098278045654,66.9858627319336,0.7983336387662477,2.8674494626515896,-92.10661917103549,-1.2985096,-0.14709651,14.520427,6.219721,-5.4104195,0.0,-1.031948,-2.1754577,-22.045862,6.7954907,-9.6559105,0.0,-0.839374,11.416569,-1.2879776,-6.5144877,-7.8066916,7.362052,23.947237,-29.659033,-60.3979,14.694501,11.33353,-12.210748,9.840878,-26.312265,31.734222,-109.60137,-5.608126,0.6421473,-37.464962
262,0.1581452488899231,5.685378074645996,66.97364044189453,0.721198647219829,2.85210159065805,-92.12969784336165,-1.0845367,-0.07543548,14.543741,6.135687,-5.5222893,0.0,-0.79625845,-2.0557656,-22.034943,6.627562,-9.709236,0.0,-0.86897063,10.755547,-1.2773271,-6.364106,-7.1206355,7.420323,23.9351,-29.884521,-60.37503,14.454493,11.425775,-12.210748,10.107341,-26.314629,31.83138,-109.79436,-5.460992,0.61816186,-37.549675
263,0.1470237672328949,5.533374309539795,66.95799255371094,0.6328694404581621,2.8438529644611767,-92.15101555152339,-0.9234368,0.013556392,14.567775,6.1343184,-5.671076,0.0,-0.5881907,-1.9341193,-22.02554,6.4855185,-9.765965,0.0,-0.89407754,10.104393,-1.2484131,-6.203248,-6.4439735,7.477713,23.923182,-30.126863,-60.367374,14.190334,11.527363,-12.210748,10.370413,-26.317188,31.922415,-109.97929,-5.3338246,0.5943311,-37.623627
264,0.13629408180713654,5.373249053955078,66.94239807128906,0.5513170201732868,2.8402090598124436,-92.17688439758766,-0.76201093,0.0952028,14.597776,6.134728,-5.8263764,0.0,-0.38865194,-1.8238242,-22.00952,6.3644648,-9.838557,0.0,-0.91537976,9.468613,-1.2218118,-6.0281496,-5.796213,7.5305324,23.913628,-30.387138,-60.37929,13.934583,11.6313715,-12.210748,10.630107,-26.31865,32.004692,-110.15987,-5.213478,0.58193946,-37.68151
265,0.1263507455587387,5.228418350219727,66.92529296875,0.47414816866255505,2.8462603142456433,-92.21024036333702,-0.6185771,0.17158833,14.638682,6.132443,-5.97098,0.0,-0.22548828,-1.7236755,-21.985275,6.2703266,-9.911524,0.0,-0.929266,8.841715,-1.1933753,-5.831005,-5.1761613,7.5787373,23.906994,-30.67395,-60.412537,13.6998625,11.743135,-12.210748,10.885819,-26.318714,32.08059,-110.33074,-5.102245,0.5827197,-37.717327
266,0.118950255215168,5.082758903503418,66.90872192382812,0.40072094000821384,2.8610578404858424,-92.24686864339836,-0.48313853,0.24241829,14.685553,6.1292725,-6.115755,0.0,-0.05764214,-1.6242117,-21.957764,6.1440477,-9.966054,0.0,-0.9384974,8.223706,-1.162346,-5.625507,-4.5991745,7.639456,23.902174,-30.9646,-60.478466,13.452475,11.867217,-12.210748,11.140143,-26.317894,32.14385,-110.49332,-5.0061216,0.5911872,-37.72856
267,0.1067555621266365,4.942760467529297,66.8918228149414,0.3364101758661705,2.8745555243663667,-92.2839491831195,-0.35146123,0.3078761,14.732627,6.1258082,-6.2544837,0.0,0.08127823,-1.5402766,-21.928175,6.0761395,-10.048831,0.0,-0.9478313,7.6284475,-1.1382201,-5.417131,-4.0444927,7.6870327,23.898388,-31.267399,-60.551804,13.197782,11.986243,-12.210748,11.389398,-26.31632,32.20241,-110.65737,-4.9166365,0.60673124,-37.73958
268,0.09350814670324326,4.805182933807373,66.87457275390625,0.28161879054956884,2.875827438041855,-92.31744288930645,-0.21196458,0.36494142,14.773259,6.1232347,-6.3897324,0.0,0.2749116,-1.4473057,-21.900858,5.9076014,-10.077433,0.0,-0.9624654,7.07047,-1.125624,-5.2153378,-3.5062983,7.7137675,23.89524,-31.573805,-60.62434,12.926203,12.084751,-12.210748,11.639033,-26.313822,32.253307,-110.839775,-4.822528,0.6293546,-37.764248
269,0.08289145678281784,4.678153038024902,66.85739135742188,0.23503939715240227,2.8624970906987466,-92.34769140921371,-0.06693138,0.4118498,14.808362,6.119818,-6.5162377,0.0,0.5694313,-1.3265147,-21.876451,5.5194654,-9.980328,0.0,-0.9838189,6.552792,-1.1247797,-5.0258727,-3.002957,7.7299585,23.89207,-31.869709,-60.70564,12.597431,12.158437,-12.210748,11.890043,-26.31056,32.29453,-111.04567,-4.7275705,0.66607744,-37.802963
270,0.08224046230316162,4.549940586090088,66.83998107910156,0.1949171790826421,2.8400789489787335,-92.37673601867206,0.08406247,0.44544053,14.841143,6.1222677,-6.647709,0.0,0.76105875,-1.2655681,-21.848177,5.392398,-10.020786,0.0,-1.0081607,6.0680795,-1.131491,-4.8301883,-2.501025,7.7123084,23.889595,-32.19253,-60.775818,12.250849,12.210463,-12.210748,12.142799,-26.305634,32.33022,-111.26904,-4.6321254,0.71555233,-37.851986
271,0.07150598615407944,4.434555530548096,66.82306671142578,0.16189266594734752,2.809924962830142,-92.40098309213982,0.2338717,0.47847414,14.867026,6.1172986,-6.7615023,0.0,0.894947,-1.2252316,-21.822086,5.3910317,-10.121037,0.0,-1.0361733,5.6152673,-1.1447036,-4.661921,-2.0654683,7.720725,23.886927,-32.466583,-60.884964,11.888485,12.263292,-12.210748,12.3944435,-26.300753,32.346233,-111.49871,-4.535619,0.7597508,-37.896698
272,0.06489169597625732,4.326305389404297,66.80681610107422,0.1319585211958596,2.7734103377481047,-92.42031460447083,0.380558,0.50625795,14.885418,6.1158185,-6.870059,0.0,1.0294325,-1.1909449,-21.798304,5.3888974,-10.213775,0.0,-1.06348,5.1931944,-1.158336,-4.516845,-1.6684409,7.7005596,23.886395,-32.757393,-60.984104,11.6183,12.314725,-12.210748,12.643957,-26.293015,32.342632,-111.727356,-4.4274774,0.7848944,-37.93815
273,0.05440743267536163,4.2246880531311035,66.79154968261719,0.10707271584147485,2.7290171225173854,-92.43622439357164,0.5265124,0.5322637,14.896587,6.1134143,-6.9686484,0.0,1.1684164,-1.1573229,-21.774607,5.385017,-10.302867,0.0,-1.0837606,4.8051615,-1.1723526,-4.400667,-1.306561,7.6836805,23.886223,-33.0169,-61.106884,11.437874,12.376464,-12.210748,12.8937025,-26.284527,32.3143,-111.96084,-4.308236,0.77564293,-37.98063
274,0.04856766760349274,4.132849216461182,66.77719116210938,0.0844771714164276,2.676729999708376,-92.44902862312205,0.6705362,0.5531912,14.901906,6.116123,-7.0638404,0.0,1.3032688,-1.130774,-21.750975,5.3864975,-10.3845625,0.0,-1.0995792,4.450586,-1.1857059,-4.3079405,-0.9788491,7.646867,23.887646,-33.28008,-61.233177,11.335413,12.437988,-12.210748,13.147171,-26.272867,32.255962,-112.20152,-4.180145,0.74391264,-38.01625
275,0.046851444989442825,4.0431342124938965,66.76390075683594,0.06694174904822116,2.6198728257007526,-92.4548501852786,0.81176347,0.5674006,14.898916,6.121664,-7.15481,0.0,1.442561,-1.1118232,-21.732851,5.388878,-10.465568,0.0,-1.1244793,4.12249,-1.2046411,-4.227155,-0.6916271,7.602666,23.890787,-33.538036,-61.361298,11.263498,12.496938,-12.210748,13.39516,-26.259237,32.19135,-112.43758,-4.043742,0.715522,-38.050575
276,0.04008166864514351,3.960465908050537,66.75203704833984,0.05538506329289042,2.562005019083247,-92.45016157734827,0.94945186,0.57895327,14.885333,6.1187434,-7.2311006,0.0,1.5788759,-1.093974,-21.72644,5.38986,-10.542492,0.0,-1.1713185,3.8138506,-1.2335261,-4.1473956,-0.44882223,7.5408897,23.897469,-33.811386,-61.470566,11.196722,12.546419,-12.210748,13.631002,-26.242214,32.13154,-112.65656,-3.8970723,0.7172424,-38.076576
277,0.03236711025238037,3.884446620941162,66.74137115478516,0.051611675665592216,2.5031998787711016,-92.43382079046965,1.0730603,0.58611155,14.859643,6.1264043,-7.3012977,0.0,1.7135936,-1.0818439,-21.732534,5.391116,-10.617209,0.0,-1.2474328,3.525481,-1.273731,-4.0639524,-0.26169762,7.4591546,23.9073,-34.0932,-61.55319,11.15064,12.5806465,-12.210748,13.850927,-26.223042,32.0821,-112.86154,-3.727695,0.755444,-38.097702
278,0.02497836761176586,3.8127377033233643,66.73185729980469,0.05405638654558788,2.441979787163711,-92.40793245611532,1.1912351,0.588006,14.823366,6.135562,-7.364228,0.0,1.8478084,-1.075757,-21.748178,5.393512,-10.689705,0.0,-1.3447214,3.2600613,-1.3224827,-3.988645,-0.13314684,7.3950863,23.91755,-34.34052,-61.645344,11.093862,12.607855,-12.210748,14.050366,-26.205616,32.049152,-113.053505,-3.5453417,0.8165364,-38.13056
279,0.017981933429837227,3.74942684173584,66.72345733642578,0.06029755823800027,2.379011864510817,-92.37304504364182,1.3041757,0.58636725,14.778842,6.1402693,-7.415633,0.0,1.9789573,-1.0727307,-21.773878,5.3946733,-10.756186,0.0,-1.4516027,3.0134513,-1.3774679,-3.9152517,-0.025505822,7.268775,23.934725,-34.66551,-61.69634,11.081238,12.631548,-12.210748,14.257584,-26.179457,31.994947,-113.23203,-3.361876,0.895634,-38.132614
280,0.010637721046805382,3.6913626194000244,66.71522521972656,0.06728002160358429,2.3152820722970016,-92.3298118223464,1.4112192,0.58527327,14.728059,6.147597,-7.4633617,0.0,2.108381,-1.0693692,-21.80968,5.3937855,-10.818273,0.0,-1.559643,2.7817104,-1.4369603,-3.8571053,0.061580814,7.1756177,23.945778,-34.950394,-61.76897,10.957792,12.6643305,-12.210748,14.456477,-26.163845,31.954714,-113.3854,-3.2219496,0.98713136,-38.14007
281,0.008902004919946194,3.643049716949463,66.70760345458984,0.07588088890155129,2.251150756685935,-92.27272421459237,1.5108237,0.5794962,14.666645,6.144983,-7.4949617,0.0,2.2350338,-1.0700892,-21.861654,5.3884954,-10.871341,0.0,-1.6671854,2.5651207,-1.5064837,-3.8280993,0.112627506,7.0905957,23.962921,-35.27144,-61.856354,10.747986,12.710157,-12.210748,14.650154,-26.141611,31.908484,-113.50141,-3.1154788,1.1000291,-38.144836
282,0.0008851444581523538,3.589435577392578,66.7003402709961,0.08669494957224677,2.186059463254258,-92.2032237688304,1.6056658,0.57808965,14.593935,6.1534615,-7.53065,0.0,2.369736,-1.0669953,-21.92758,5.3832836,-10.932396,0.0,-1.7781494,2.3652167,-1.5846821,-3.8042338,0.1611334,6.9152136,23.987474,-35.716568,-61.88582,10.586652,12.757336,-12.210748,14.879718,-26.11141,31.83371,-113.61798,-3.003183,1.2374022,-38.12008
283,-0.007951089181005955,3.5333778858184814,66.69300842285156,0.0978684532415022,2.119524602137927,-92.13280515906123,1.7067668,0.5759229,14.521292,6.1569185,-7.566332,0.0,2.5021489,-1.0658346,-21.994715,5.3932476,-11.0049,0.0,-1.8922933,2.1802049,-1.660252,-3.7912261,0.17890994,6.807955,24.007904,-36.086987,-61.96938,10.296984,12.816792,-12.210748,15.072619,-26.087193,31.777607,-113.69031,-2.9547875,1.371829,-38.09216
284,-0.011401917785406113,3.477382183074951,66.6857681274414,0.10698117608515915,2.050940401915654,-92.0728132927018,1.811054,0.5717487,14.4601145,6.1625376,-7.6063,0.0,2.6372724,-1.0664827,-22.051228,5.396209,-11.069908,0.0,-2.004623,2.006951,-1.7202125,-3.7644463,0.1994879,6.6730647,24.033197,-36.534267,-62.06654,9.994303,12.885525,-12.210748,15.277114,-26.059593,31.713343,-113.756645,-2.962596,1.4883411,-38.026672
285,-0.0178737323731184,3.4266486167907715,66.6784439086914,0.11318323473704989,1.9798949159721204,-92.02409039034195,1.9185219,0.5714067,14.411681,6.1651053,-7.6437,0.0,2.7696757,-1.0619149,-22.096878,5.3907623,-11.122982,0.0,-2.1192503,1.8466227,-1.7603959,-3.7193682,0.22667383,6.5255995,24.06163,-37.036945,-62.18682,9.656636,12.968784,-12.210748,15.482172,-26.031303,31.645006,-113.805885,-3.0426645,1.5783664,-37.919548
286,-0.018232405185699463,3.376922130584717,66.67088317871094,0.11794967654521947,1.906817768594237,-91.98145619139277,2.0262074,0.56851697,14.371045,6.1703854,-7.683264,0.0,2.8988447,-1.0625057,-22.136106,5.3970385,-11.181149,0.0,-2.2364373,1.7000308,-1.7876744,-3.6612215,0.25576413,6.36717,24.092749,-37.586063,-62.322754,9.280287,13.064176,-12.210748,15.687033,-26.00309,31.57348,-113.83734,-3.1833558,1.6527971,-37.781242
287,-0.017660070210695267,3.329720973968506,66.66370391845703,0.121599642406073,1.8321907857210695,-91.94639021142936,2.1376295,0.56493145,14.338227,6.1714563,-7.72101,0.0,3.0288935,-1.0620598,-22.1683,5.3904295,-11.225759,0.0,-2.3479836,1.5646297,-1.8066524,-3.5927866,0.27871403,6.1956882,24.12658,-38.172947,-62.470505,8.878578,13.162713,-12.210748,15.885602,-25.975832,31.500483,-113.85098,-3.3763382,1.7189411,-37.619343
288,-0.014020901173353195,3.2820563316345215,66.65617370605469,0.12450498063416926,1.7565490903333996,-91.92063757453518,2.2500286,0.5597676,14.313768,6.1763434,-7.7629356,0.0,3.1526713,-1.0663276,-22.190815,5.395846,-11.274494,0.0,-2.445837,1.4379531,-1.8216925,-3.5161386,0.2864707,6.0093694,24.16295,-38.788372,-62.627026,8.465372,13.255751,-12.210748,16.071127,-25.95067,31.428534,-113.84687,-3.614177,1.7836717,-37.442215
289,-0.011783056892454624,3.233167886734009,66.64839172363281,0.12600466366017485,1.6802342387113602,-91.90622543369106,2.3652034,0.55624115,14.299888,6.1858644,-7.8110943,0.0,3.2792728,-1.0677011,-22.202503,5.395899,-11.3208275,0.0,-2.530426,1.321708,-1.8334162,-3.4702463,0.27919003,5.925251,24.184689,-39.18596,-62.903908,7.9088864,13.400728,-12.210748,16.201746,-25.93788,31.393682,-113.81856,-3.9158099,1.8498913,-37.28948
290,-0.009548649191856384,3.186002731323242,66.64089965820312,0.12659292678882172,1.6022803476143193,-91.90229417072887,2.487991,0.5513987,14.295093,6.1842303,-7.854221,0.0,3.4018743,-1.0697095,-22.202766,5.394964,-11.360994,0.0,-2.5967445,1.2131188,-1.8380988,-3.3469021,0.24270956,5.6604924,24.23469,-40.016514,-63.01731,7.5117264,13.43986,-12.210748,16.394054,-25.914162,31.308329,-113.79918,-4.2877316,1.9048103,-37.071182
291,-0.007358599454164505,3.14066481590271,66.63304138183594,0.1265857959673957,1.5235565567373286,-91.90381258589248,2.6090686,0.5473548,14.29578,6.1881027,-7.900234,0.0,3.5241446,-1.0710115,-22.198814,5.393815,-11.400224,0.0,-2.6607728,1.1156355,-1.8401788,-3.288564,0.21809235,5.54109,24.261992,-40.482464,-63.30751,6.9342575,13.579479,-12.210748,16.513779,-25.903273,31.272297,-113.73884,-4.6583605,1.9670316,-36.882133
292,-0.00339445355348289,3.0950613021850586,66.625,0.12708053290355695,1.4431530282310983,-91.90656378606033,2.7335577,0.5410935,14.29624,6.1890707,-7.9454384,0.0,3.646972,-1.0747157,-22.192883,5.394024,-11.43913,0.0,-2.7193666,1.0247341,-1.8401206,-3.2105317,0.18245588,5.403406,24.293497,-41.035126,-63.543663,6.3574147,13.654136,-12.210748,16.639994,-25.892818,31.235672,-113.64529,-5.0190177,2.029571,-36.65584
293,0.0026655590627342463,3.0476224422454834,66.61779022216797,0.1275912174323126,1.355962530700616,-91.91046747257322,2.8662348,0.5331717,14.295845,6.189174,-7.991478,0.0,3.7791803,-1.0795953,-22.185091,5.3909154,-11.476694,0.0,-2.767195,0.94400734,-1.8358836,-3.0382411,0.09963267,5.021737,24.356098,-42.028793,-63.60974,6.020837,13.633069,-12.210748,16.78472,-25.876286,31.165218,-113.51985,-5.3707967,2.0969496,-36.350643
294,0.006734019611030817,3.004563093185425,66.61021423339844,0.12876034899480335,1.264953818131717,-91.9170986270159,2.996728,0.52690667,14.297827,6.198315,-8.0400715,0.0,3.9117763,-1.0835295,-22.176336,5.38724,-11.511189,0.0,-2.8162675,0.8768032,-1.8306701,-2.965935,0.06251534,4.8690047,24.386818,-42.53757,-63.90593,5.42668,13.720621,-12.210748,16.874447,-25.87027,31.148592,-113.36147,-5.6852818,2.175347,-36.08249
295,0.01013166457414627,2.9591078758239746,66.6029281616211,0.1294600546827682,1.1786333864166867,-91.92578597707539,3.1277711,0.52033734,14.300734,6.1999316,-8.086441,0.0,4.0387435,-1.087552,-22.164467,5.385875,-11.54716,0.0,-2.8603263,0.8103689,-1.823612,-2.87386,0.013031693,4.7039757,24.420015,-43.11125,-64.13484,4.8256035,13.744698,-12.210748,16.960934,-25.865559,31.137667,-113.16459,-5.9891596,2.2524693,-35.78521
296,0.00645346287637949,2.916384220123291,66.59609985351562,0.12986845932987193,1.1069026116601006,-91.9352175921127,3.240199,0.51933867,14.304161,6.20496,-8.13112,0.0,4.146257,-1.0864968,-22.151392,5.3928742,-11.589028,0.0,-2.902062,0.7357468,-1.8164456,-2.772851,-0.043070916,4.5086246,24.453297,-43.691986,-64.32045,4.251103,13.774405,-12.210748,17.040022,-25.862068,31.130915,-112.93109,-6.244272,2.3263419,-35.48135
297,0.012363283894956112,2.8717634677886963,66.58968353271484,0.1293537014611099,1.0544206002994245,-91.94560107249252,3.3355165,0.5121111,14.308819,6.20689,-8.176725,0.0,4.2373204,-1.0917001,-22.135765,5.393004,-11.623727,0.0,-2.9433236,0.64827794,-1.8095584,-2.6709042,-0.10246877,4.3007493,24.484127,-44.244286,-64.47462,3.6294496,13.828333,-12.210748,17.112286,-25.859669,31.127645,-112.664276,-6.4490075,2.3900905,-35.16861
298,0.016712216660380363,2.831916570663452,66.58358001708984,0.1280418625295481,1.0154479976167248,-91.95727795964447,3.4142115,0.50651205,14.314494,6.209329,-8.219723,0.0,4.311054,-1.0946859,-22.118164,5.3941913,-11.656549,0.0,-2.983112,0.5539411,-1.8024046,-2.5710127,-0.16409525,4.09795,24.510973,-44.7531,-64.61392,2.953823,13.896486,-12.210748,17.17722,-25.858377,31.128551,-112.364944,-6.612498,2.4462008,-34.843185
299,0.018649883568286896,2.7977726459503174,66.5775375366211,0.12731223764585445,0.9839894945698406,-91.96962289352206,3.4824383,0.50197357,14.321266,6.209372,-8.256936,0.0,4.3718376,-1.0964895,-22.100657,5.3930655,-11.682681,0.0,-3.0196946,0.45898965,-1.7950718,-2.4728165,-0.22680685,3.9050393,24.533405,-45.206135,-64.73206,2.3353643,13.959674,-12.210748,17.234957,-25.858126,31.13434,-112.02561,-6.7243824,2.5055327,-34.51461
300,0.01949005015194416,2.761167049407959,66.57194519042969,0.12740440500476646,0.9540311604055016,-91.98204154746307,3.5506332,0.49755242,14.328966,6.208294,-8.29372,0.0,4.4362307,-1.0970986,-22.084381,5.3885546,-11.710635,0.0,-3.0514247,0.3696748,-1.7878222,-2.3738332,-0.28873348,3.7201357,24.55167,-45.594357,-64.8241,1.896418,14.003128,-12.210748,17.285126,-25.858704,31.145992,-111.63996,-6.7741303,2.57933,-34.19347
301,0.02156355418264866,2.7215561866760254,66.56624603271484,0.12831110671867701,0.9273207106610455,-91.99477887374215,3.6157236,0.4919708,14.338486,6.212907,-8.335766,0.0,4.4935555,-1.1020986,-22.069452,5.394416,-11.744426,0.0,-3.0764065,0.28561226,-1.7805583,-2.2702193,-0.34764838,3.5395133,24.565878,-45.907227,-64.88563,1.6994271,14.025456,-12.210748,17.325422,-25.860033,31.164522,-111.20223,-6.734055,2.6798155,-33.879955
302,0.02287054806947708,2.6856541633605957,66.56124877929688,0.13080819540408128,0.9058761196315497,-92.00807399224614,3.6734612,0.48559418,14.349792,6.213506,-8.371097,0.0,4.545014,-1.1070161,-22.055637,5.3944964,-11.772232,0.0,-3.09627,0.20415719,-1.7731439,-2.16127,-0.40253586,3.3683748,24.576023,-46.14255,-64.92713,1.6737994,14.038645,-12.210748,17.355503,-25.86195,31.190577,-110.71787,-6.615754,2.79915,-33.570557
303,0.02461501583456993,2.6518290042877197,66.55546569824219,0.13334983733791006,0.8843579954141126,-92.02112829527454,3.7301683,0.47894138,14.361234,6.2143784,-8.405608,0.0,4.5952926,-1.1121879,-22.042606,5.3940334,-11.798182,0.0,-3.1144335,0.12847808,-1.7660383,-2.0503159,-0.45558432,3.2157848,24.5824,-46.310402,-64.96237,1.7415648,14.045315,-12.210748,17.377718,-25.864193,31.224064,-110.19498,-6.467387,2.917644,-33.270103
304,0.023959295824170113,2.6218063831329346,66.55018615722656,0.13438763560382003,0.8570322564691202,-92.03359216124296,3.792437,0.47475505,14.37112,6.2100453,-8.4347315,0.0,4.6521525,-1.1123275,-22.029713,5.3876634,-11.820012,0.0,-3.1327615,0.06163107,-1.7588359,-1.7736604,-0.59538215,2.9113014,24.590012,-46.662064,-64.88793,2.0125194,14.033756,-12.210748,17.323235,-25.861523,31.3122,-109.57509,-6.3511233,3.012295,-32.989536
305,0.023560723289847374,2.5880236625671387,66.54466247558594,0.1332964693583123,0.8234405957449155,-92.04402554854677,3.862211,0.47275925,14.378115,6.207862,-8.467859,0.0,4.7137837,-1.1124761,-22.01798,5.392676,-11.851284,0.0,-3.1582162,0.004265085,-1.7556651,-1.6922168,-0.66134906,2.8586364,24.582586,-46.651318,-64.9488,2.0759568,14.020421,-12.210748,17.322542,-25.863623,31.375378,-108.97426,-6.2656984,3.0667658,-32.730766
306,0.02565082721412182,2.5517232418060303,66.53804016113281,0.13142346670299926,0.7859087683448427,-92.05314905908921,3.930095,0.47189817,14.383176,6.222978,-8.51285,0.0,4.783762,-1.1130278,-22.007225,5.391922,-11.880061,0.0,-3.1857767,-0.045521166,-1.7541736,-1.6245817,-0.73483014,2.8205566,24.57335,-46.595478,-65.00108,2.2094476,13.995421,-12.210748,17.316727,-25.865736,31.443733,-108.33545,-6.1911335,3.0959733,-32.48354
307,0.02440827153623104,2.5142199993133545,66.53224182128906,0.12975229161571794,0.7451506082173824,-92.06311405420074,4.007645,0.47147694,14.388922,6.2255287,-8.551363,0.0,4.8578153,-1.1111819,-21.995764,5.3908863,-11.910322,0.0,-3.2094064,-0.08653676,-1.7510943,-1.560599,-0.8131404,2.7898643,24.563652,-46.524734,-65.05534,2.3602843,13.9677925,-12.210748,17.302416,-25.868004,31.519238,-107.66526,-6.1181192,3.1272707,-32.25005
308,0.02756187506020069,2.4757421016693115,66.52637481689453,0.1288579767625041,0.701730038798114,-92.07603732962914,4.0881877,0.4668624,14.398308,6.230035,-8.592658,0.0,4.9324017,-1.1149487,-21.981548,5.3947716,-11.942014,0.0,-3.2233515,-0.117852695,-1.7429612,-1.4902304,-0.8996159,2.759937,24.554743,-46.468758,-65.123055,2.4748755,13.946835,-12.210748,17.275501,-25.870913,31.602621,-106.96956,-6.0371137,3.188167,-32.031914
309,0.0354728102684021,2.43955135345459,66.52140808105469,0.13199556386810224,0.6501443993147673,-92.08908061572193,4.185561,0.45214447,14.409072,6.2102733,-8.6193905,0.0,5.0137653,-1.1263419,-21.967966,5.3968105,-11.969244,0.0,-3.2270172,-0.13442793,-1.7291579,-1.4130315,-0.9969928,2.7301626,24.54582,-46.430546,-65.20698,2.5422313,13.9360075,-12.210748,17.235165,-25.874073,31.69768,-106.24355,-5.9477954,3.2923172,-31.839264
310,0.03633784130215645,2.4132237434387207,66.51628875732422,0.1365704107962989,0.5919299958444011,-92.10191931664099,4.2718096,0.44367227,14.420197,6.2110233,-8.647366,0.0,5.09481,-1.132914,-21.955902,5.3938575,-11.987384,0.0,-3.2235112,-0.13827838,-1.7108573,-1.3337368,-1.1043192,2.7029557,24.537146,-46.39661,-65.30142,2.5908818,13.93027,-12.210748,17.183283,-25.87785,31.80068,-105.48578,-5.853511,3.4234762,-31.666435
311,0.03643961250782013,2.3865225315093994,66.51177978515625,0.14091881341745965,0.5384610146979417,-92.12124633537475,4.355184,0.43537378,14.4377365,6.211705,-8.676787,0.0,5.168653,-1.1397728,-21.937582,5.3951364,-12.007659,0.0,-3.2115655,-0.13926597,-1.6888969,-1.249839,-1.2119739,2.6783924,24.52906,-46.36948,-65.40332,2.622825,13.925318,-12.210748,17.120047,-25.881475,31.91206,-104.70942,-5.7521605,3.5620549,-31.499529
312,0.03817996010184288,2.357654571533203,66.50723266601562,0.1404901724777541,0.5009574306120794,-92.15372831595958,4.4326153,0.4280985,14.468042,6.201674,-8.705402,0.0,5.2254415,-1.1444571,-21.905876,5.396299,-12.026424,0.0,-3.1900783,-0.14710249,-1.6633258,-1.1588646,-1.3118222,2.6561177,24.522839,-46.352196,-65.51014,2.6413078,13.917101,-12.210748,17.046106,-25.884743,32.02807,-103.9265,-5.641584,3.6887546,-31.321232
313,0.037200927734375,2.348952293395996,66.50350952148438,0.13274898421880954,0.4882062413672827,-92.20648731970438,4.4554553,0.4342324,14.5186405,6.2322135,-8.743162,0.0,5.237379,-1.1407483,-21.855228,5.3901725,-12.020591,0.0,-3.149833,-0.16805403,-1.6330662,-1.0588121,-1.3980749,2.6332204,24.519587,-46.349445,-65.62637,2.643121,13.904757,-12.210748,16.960121,-25.887266,32.14035,-103.136086,-5.551162,3.7959056,-31.12001
314,0.03285181522369385,2.324226140975952,66.50022888183594,0.12381827104271016,0.4923160090014456,-92.27484076002143,4.499345,0.43634757,14.583642,6.214302,-8.769799,0.0,5.2367406,-1.1370137,-21.788403,5.3973093,-12.032279,0.0,-3.0937104,-0.19571757,-1.5998237,-0.9513795,-1.4753578,2.6112325,24.518211,-46.358097,-65.75164,2.6276095,13.890139,-12.210748,16.861618,-25.889132,32.253895,-102.33223,-5.471826,3.8947952,-30.907902
315,0.03153577446937561,2.299910306930542,66.49669647216797,0.11360603996505234,0.4995529304252471,-92.34496182390595,4.5320663,0.43972543,14.650673,6.212344,-8.80444,0.0,5.2071967,-1.144532,-21.719007,5.463931,-12.074933,0.0,-3.04123,-0.22115512,-1.5629808,-0.83978224,-1.5540446,2.5946894,24.51771,-46.370598,-65.87665,2.6027503,13.874269,-12.210748,16.75558,-25.891298,32.3822,-101.52395,-5.3452106,3.9938548,-30.701029
316,0.03134816512465477,2.2691524028778076,66.49304962158203,0.10476574370688051,0.4964645858993743,-92.40335830675289,4.5762877,0.4418878,14.7064295,6.2129707,-8.843117,0.0,5.2578807,-1.128731,-21.66202,5.388157,-12.048673,0.0,-3.0098813,-0.23499192,-1.5241181,-0.7965799,-1.5874194,2.5930328,24.51724,-46.371426,-66.00404,2.5707488,13.867882,-12.210748,16.755175,-25.895523,32.4402,-100.798,-5.090917,4.0928807,-30.471207
317,0.028634872287511826,2.237741231918335,66.48970031738281,0.10045607648336118,0.4784979866891603,-92.44740925815647,4.630376,0.4434191,14.748425,6.2177963,-8.880862,0.0,5.262339,-1.1395876,-21.61724,5.461936,-12.10634,0.0,-3.0144491,-0.23432563,-1.478602,-0.6092543,-1.7332426,2.5950327,24.51543,-46.38134,-66.09923,2.542281,13.837897,-12.210748,16.543726,-25.900484,32.721634,-99.93344,-4.7229934,4.2238083,-30.33837
318,0.020611705258488655,2.224736452102661,66.48575592041016,0.09805095357926082,0.453872965389643,-92.48364042401029,4.6802907,0.44735825,14.783969,6.214028,-8.898737,0.0,5.305894,-1.1287861,-21.58276,5.4275503,-12.094247,0.0,-3.0368562,-0.22338293,-1.4299775,-0.5620596,-1.7726263,2.6142359,24.514675,-46.37937,-66.20775,2.497292,13.821516,-12.210748,16.534863,-25.905724,32.798466,-99.210266,-4.2128344,4.3446736,-30.093378
319,0.014119954779744148,2.206162214279175,66.4820785522461,0.09458600810511393,0.42510050509339314,-92.51365081326567,4.735936,0.45169342,14.812934,6.212573,-8.920579,0.0,5.3333497,-1.1279852,-21.552727,5.4553704,-12.1211195,0.0,-3.0693839,-0.20720267,-1.3798894,-0.3674338,-1.9374832,2.634422,24.512543,-46.38125,-66.29417,2.4613297,13.795577,-12.210748,16.32136,-25.913815,33.16062,-98.36065,-3.685721,4.4806437,-30.031412
320,0.01027670968323946,2.1720821857452393,66.47846984863281,0.09061626250870285,0.3967406304752078,-92.53820717587331,4.798045,0.45567247,14.835805,6.21862,-8.956595,0.0,5.386407,-1.1238652,-21.52763,5.457921,-12.147433,0.0,-3.0888414,-0.1890869,-1.3355944,-0.32716396,-1.978228,2.666214,24.51177,-46.38312,-66.37777,2.4418302,13.786991,-12.210748,16.322859,-25.918705,33.23944,-97.649635,-3.2106438,4.568608,-29.830751
321,0.006799720693379641,2.1438260078430176,66.47520446777344,0.08474446557605743,0.36648325345537625,-92.55414619186939,4.856405,0.46256626,14.849365,6.2228713,-8.984882,0.0,5.4452224,-1.1143992,-21.510632,5.4437814,-12.161271,0.0,-3.1002836,-0.16890565,-1.296107,-0.24669091,-2.0705845,2.7050405,24.511108,-46.395206,-66.45141,2.4585698,13.790862,-12.210748,16.244295,-25.925068,33.415485,-96.900894,-2.781472,4.6505165,-29.716778
322,-0.002248466247692704,2.115878105163574,66.4712142944336,0.0779959619229181,0.33401685611297655,-92.56174293027314,4.9144225,0.4753718,14.854286,6.228519,-9.010582,0.0,5.475397,-1.1115134,-21.501438,5.5066442,-12.2199545,0.0,-3.106701,-0.1440337,-1.2622126,-0.1909369,-2.1453485,2.7483659,24.510582,-46.406673,-66.50759,2.4934678,13.800703,-12.210748,16.229113,-25.930016,33.54133,-96.18094,-2.4174538,4.6865735,-29.638498
323,-0.013606788590550423,2.0899107456207275,66.46754455566406,0.07121093121839352,0.30248652896698225,-92.56882867920201,4.9713864,0.48947245,14.858282,6.2302723,-9.031864,0.0,5.505221,-1.1057942,-21.49286,5.564994,-12.2757435,0.0,-3.1096854,-0.11927008,-1.2281363,-0.055117954,-2.3448815,2.7978811,24.511055,-46.437206,-66.56602,2.5468647,13.826934,-12.210748,16.074215,-25.936613,33.855614,-95.388245,-2.1125288,4.7398577,-29.684362
324,-0.025155559182167053,2.0633411407470703,66.4643325805664,0.0667898919111583,0.2767694820021139,-92.58217746770245,5.0232143,0.5009115,14.868899,6.2346373,-9.056232,0.0,5.5617633,-1.0898308,-21.480005,5.542324,-12.285767,0.0,-3.1045,-0.096825495,-1.1941783,0.027891424,-2.4764283,2.8420894,24.511711,-46.46609,-66.59716,2.5831869,13.839051,-12.210748,15.888,-25.938429,34.256863,-94.56135,-1.9030633,4.776568,-29.79044
325,-0.0313335582613945,2.0479066371917725,66.46102905273438,0.06605183125082598,0.25675000666578923,-92.6067356203762,5.0662556,0.5036491,14.891406,6.2327914,-9.072339,0.0,5.6201005,-1.0753577,-21.458618,5.4804935,-12.265109,0.0,-3.085669,-0.07573301,-1.1583098,0.09358,-2.5729442,2.8945103,24.50944,-46.482296,-66.61451,2.5876272,13.840057,-12.210748,15.797233,-25.940409,34.46569,-93.8011,-1.7013572,4.815535,-29.709017
326,-0.038213398307561874,2.0209968090057373,66.45793914794922,0.06567158640895185,0.24054232114676727,-92.63767749936852,5.112127,0.50560355,14.919757,6.2368937,-9.100607,0.0,5.6459713,-1.0761238,-21.430874,5.4977174,-12.291919,0.0,-3.056977,-0.05519925,-1.1222962,0.15690145,-2.663521,2.9505522,24.505941,-46.49636,-66.61632,2.578776,13.835126,-12.210748,15.701482,-25.941277,34.67343,-93.037926,-1.5513223,4.851952,-29.608862
327,-0.044205158948898315,1.9969737529754639,66.45491790771484,0.06616574037855481,0.2291649620906044,-92.66833021134063,5.1518784,0.50613904,14.948331,6.2388754,-9.125588,0.0,5.660793,-1.0798556,-21.403296,5.5223103,-12.319495,0.0,-3.0253181,-0.037754964,-1.0857534,0.21511929,-2.7527056,3.0099652,24.502146,-46.510616,-66.6062,2.5623298,13.831674,-12.210748,15.604663,-25.941547,34.88131,-92.274155,-1.4513592,4.8799624,-29.503677
328,-0.05404644086956978,1.973576307296753,66.45201873779297,0.0650904910481483,0.22358447977670984,-92.69183805086392,5.1840067,0.51167053,14.97043,6.240926,-9.148152,0.0,5.689819,-1.0706975,-21.38125,5.512944,-12.335435,0.0,-2.9975648,-0.026306536,-1.048223,0.26562113,-2.8430414,3.073306,24.498785,-46.52656,-66.588196,2.542871,13.8369875,-12.210748,15.506897,-25.942,35.091366,-91.50693,-1.3999029,4.8925705,-29.407494
329,-0.062024202197790146,1.9505640268325806,66.44904327392578,0.06074718167815437,0.22413927139846507,-92.70673537437973,5.207851,0.5200728,14.984983,6.242118,-9.167956,0.0,5.7053213,-1.0622617,-21.365023,5.5159593,-12.354827,0.0,-2.97353,-0.022032613,-1.0075709,0.30265856,-2.9340703,3.1428874,24.495764,-46.545826,-66.56471,2.5133052,13.856895,-12.210748,15.407742,-25.942791,35.308372,-90.73119,-1.4227912,4.8834825,-29.32393
330,-0.07027425616979599,1.9252362251281738,66.44588470458984,0.056663886730300476,0.23028747619984863,-92.71642200977192,5.227033,0.5291662,14.994749,6.2446156,-9.189874,0.0,5.717761,-1.0534333,-21.35208,5.5223184,-12.379772,0.0,-2.9502852,-0.023503713,-0.96458894,0.329436,-3.024565,3.2169173,24.4929,-46.56786,-66.532616,2.4745271,13.88624,-12.210748,15.305219,-25.9439,35.53087,-89.94693,-1.5117137,4.858491,-29.246794
331,-0.08129367232322693,1.903607726097107,66.44296264648438,0.05076114471798945,0.24174998716308688,-92.72212517022221,5.2373433,0.5422109,15.001338,6.244917,-9.205639,0.0,5.636253,-1.0737793,-21.341333,5.7285814,-12.510646,0.0,-2.9301622,-0.028651781,-0.9240823,0.35664058,-3.116193,3.292916,24.490318,-46.588123,-66.48957,2.4406204,13.915686,-12.210748,15.202037,-25.944546,35.755146,-89.16985,-1.6167592,4.830675,-29.178284
332,-0.08960379660129547,1.8842418193817139,66.4405746459961,0.04629225883117145,0.25841205486664437,-92.72429773420107,5.2399464,0.55260175,15.005141,6.2448525,-9.2191515,0.0,5.6894913,-1.0422899,-21.33753,5.6113753,-12.467706,0.0,-2.9163089,-0.035602923,-0.88996476,0.39488885,-3.20983,3.3673987,24.488157,-46.60278,-66.43257,2.426176,13.935953,-12.210748,15.096606,-25.9425,35.985645,-88.41068,-1.6883374,4.812671,-29.126057
333,-0.10199851542711258,1.863486647605896,66.43762969970703,0.04443176092364903,0.28348761281734736,-92.7230761583869,5.2342687,0.56359583,15.005962,6.246013,-9.23341,0.0,5.6564293,-1.0409191,-21.337173,5.677216,-12.525289,0.0,-2.91128,-0.046053853,-0.8655288,0.44995967,-3.3057928,3.4388697,24.486708,-46.606575,-66.35765,2.4438438,13.940509,-12.210748,14.999943,-25.94033,36.208397,-87.684616,-1.7149605,4.8022947,-29.090157
334,-0.11355142295360565,1.8428153991699219,66.43501281738281,0.04404360689653457,0.31611133515050116,-92.71774755781578,5.220171,0.5731133,15.003541,6.2452545,-9.245109,0.0,5.669499,-1.020591,-21.342516,5.619217,-12.516348,0.0,-2.9133508,-0.060325183,-0.84748876,0.5152857,-3.4031928,3.509195,24.48574,-46.603004,-66.267204,2.482999,13.935669,-12.210748,14.898139,-25.935884,36.444096,-86.97239,-1.727136,4.7949686,-29.079931
335,-0.12283172458410263,1.8267592191696167,66.43257141113281,0.04186778680119052,0.3494398354486506,-92.70978693533645,5.201053,0.58308065,14.999035,6.2451096,-9.253717,0.0,5.65531,-1.0090429,-21.350218,5.615657,-12.533216,0.0,-2.9167066,-0.07419889,-0.8320859,0.58260554,-3.5007484,3.5812316,24.485033,-46.600613,-66.16921,2.5229578,13.9313755,-12.210748,14.799534,-25.929882,36.6685,-86.27369,-1.7176992,4.798513,-29.059458
336,-0.13198651373386383,1.8094757795333862,66.43023681640625,0.040933537657620256,0.3768766093155292,-92.70014905787751,5.188006,0.5923965,14.992498,6.24462,-9.262343,0.0,5.650584,-0.9977032,-21.359232,5.6098247,-12.551195,0.0,-2.9161344,-0.08356988,-0.81497335,0.643914,-3.5981243,3.656869,24.484442,-46.608425,-66.07087,2.5437171,13.937486,-12.210748,14.696899,-25.920147,36.881416,-85.574,-1.6857865,4.8212943,-29.009485
337,-0.14247477054595947,1.791615605354309,66.4275894165039,0.038021163301728354,0.39354791910888653,-92.6882602187501,5.185711,0.6046581,14.983095,6.245052,-9.272013,0.0,5.6601706,-0.9820583,-21.370087,5.593782,-12.562844,0.0,-2.908691,-0.08514185,-0.7945003,0.69739914,-3.6955872,3.7389135,24.483665,-46.629433,-65.97536,2.5341933,13.956336,-12.210748,14.592422,-25.90637,37.073647,-84.870735,-1.6083432,4.8742332,-28.908617
338,-0.15440675616264343,1.773686170578003,66.42497253417969,0.03363045947751581,0.4040544734306024,-92.67381397944263,5.189306,0.61944324,14.9709015,6.2447863,-9.280678,0.0,5.669113,-0.96637917,-21.382967,5.59872,-12.588307,0.0,-2.8977933,-0.08165778,-0.7728891,0.74721557,-3.79541,3.8253536,24.482908,-46.65888,-65.87817,2.5073574,13.982768,-12.210748,14.486239,-25.888403,37.253452,-84.16966,-1.4955611,4.9492526,-28.775122
339,-0.1676955223083496,1.752625823020935,66.42243194580078,0.03013126509905545,0.41574555128222895,-92.658698229679,5.192059,0.63483495,14.95783,6.248111,-9.293091,0.0,5.6801248,-0.9502562,-21.396439,5.602486,-12.61612,0.0,-2.8872805,-0.07880367,-0.75291383,0.79465866,-3.890365,3.912493,24.4825,-46.692474,-65.77579,2.4773514,14.015162,-12.210748,14.379193,-25.868706,37.42689,-83.47604,-1.3876817,5.0280085,-28.636648
340,-0.1765536367893219,1.7368372678756714,66.42022705078125,0.028512008633563398,0.4359640485710327,-92.64481662593171,5.1836143,0.6453982,14.946625,6.2486644,-9.300764,0.0,5.6783323,-0.939395,-21.409328,5.5990405,-12.631533,0.0,-2.8810606,-0.08229169,-0.7368383,0.84065735,-3.977891,3.9978662,24.482658,-46.72525,-65.66525,2.4576867,14.051974,-12.210748,14.272185,-25.849236,37.600834,-82.79665,-1.3261968,5.092493,-28.521973
341,-0.18620651960372925,1.723267912864685,66.41869354248047,0.026498655325035418,0.4684821274899125,-92.63288698483632,5.1624084,0.65608674,14.938128,6.246467,-9.3047495,0.0,5.6650066,-0.926632,-21.420647,5.594677,-12.647466,0.0,-2.8817494,-0.09555342,-0.72843325,0.8858108,-4.053044,4.0811496,24.483429,-46.75367,-65.54151,2.4533148,14.095348,-12.210748,14.164483,-25.830687,37.782665,-82.13219,-1.3181677,5.136008,-28.446712
342,-0.19606220722198486,1.709043025970459,66.41703796386719,0.025496046910758376,0.5088148655060243,-92.62173134223968,5.132734,0.66608495,14.930696,6.2476015,-9.311239,0.0,5.6457624,-0.91425717,-21.431448,5.5843925,-12.65966,0.0,-2.8867488,-0.114835,-0.7252722,0.9294099,-4.1196585,4.163966,24.484653,-46.780544,-65.40775,2.4559374,14.145173,-12.210748,14.055998,-25.81196,37.967133,-81.48011,-1.3434085,5.16918,-28.393223
343,-0.208229199051857,1.6955236196517944,66.41582489013672,0.024320554930783493,0.551714486224231,-92.6108526487104,5.1003633,0.6777748,14.92325,6.24672,-9.315329,0.0,5.622091,-0.9003037,-21.44221,5.577044,-12.673528,0.0,-2.892085,-0.13537791,-0.7211994,0.9710181,-4.18231,4.2445607,24.486513,-46.812717,-65.272354,2.461899,14.197007,-12.210748,13.948758,-25.792685,38.141796,-80.84108,-1.4011317,5.2000794,-28.340338
344,-0.217326819896698,1.6807764768600464,66.41452026367188,0.022072137899803834,0.5919053930733436,-92.59951219398248,5.0714006,0.6885977,14.914528,6.2468944,-9.322146,0.0,5.6035714,-0.8870969,-21.453226,5.565119,-12.684361,0.0,-2.8937743,-0.15205446,-0.7103559,1.009984,-4.2475085,4.321358,24.489143,-46.85665,-65.143845,2.4669588,14.246092,-12.210748,13.84555,-25.77237,38.294304,-80.217316,-1.4905438,5.237124,-28.267345
345,-0.22910116612911224,1.669069528579712,66.4129867553711,0.016084921557141998,0.6285307397524663,-92.58859549603855,5.0448627,0.70466983,14.905161,6.2447367,-9.325631,0.0,5.583674,-0.86886203,-21.46397,5.560069,-12.697871,0.0,-2.8903167,-0.1633667,-0.6893785,1.045071,-4.313175,4.394175,24.49255,-46.915558,-65.02338,2.4750612,14.29195,-12.210748,13.74383,-25.750938,38.422523,-79.60458,-1.6265348,5.2841315,-28.159122
346,-0.2386053055524826,1.6575347185134888,66.4110336303711,0.00879731040274271,0.6641900178493239,-92.57811061814479,5.017877,0.72101575,14.895445,6.246427,-9.332403,0.0,5.5660152,-0.850524,-21.474367,5.549568,-12.706722,0.0,-2.8839684,-0.17198102,-0.6620635,1.076784,-4.3791966,4.463245,24.49673,-46.986,-64.90646,2.4873538,14.336814,-12.210748,13.643147,-25.72876,38.532406,-79.00315,-1.8040936,5.336632,-28.02975
347,-0.2489272505044937,1.6441998481750488,66.40927124023438,0.0005955536217039009,0.6989508524198653,-92.5661093552047,4.9927692,0.7386265,14.883864,6.2463756,-9.338495,0.0,5.5496716,-0.8310329,-21.485924,5.543793,-12.720737,0.0,-2.8764179,-0.17963132,-0.6327271,1.107881,-4.444868,4.5297585,24.50153,-47.062416,-64.79442,2.4932487,14.380297,-12.210748,13.550875,-25.70563,38.624214,-78.42214,-1.9937261,5.388947,-27.901478
348,-0.2608735263347626,1.6331473588943481,66.40768432617188,-0.0051741128038811845,0.7330232467372921,-92.5507446700755,4.966322,0.755278,14.868906,6.246273,-9.342505,0.0,5.573181,-0.796336,-21.501362,5.4433537,-12.682981,0.0,-2.869409,-0.18819994,-0.6056698,1.1408184,-4.514411,4.5940843,24.506866,-47.139874,-64.68764,2.4833117,14.421913,-12.210748,13.475241,-25.68185,38.696754,-77.87085,-2.164556,5.435342,-27.79585
349,-0.2688654661178589,1.6256964206695557,66.40595245361328,-0.00889169456235956,0.7678681978469589,-92.53106107803373,4.935212,0.7676556,14.850159,6.245253,-9.3427305,0.0,5.5383897,-0.788077,-21.519947,5.4705815,-12.710484,0.0,-2.8622751,-0.20049047,-0.5807473,1.1757133,-4.5847826,4.656063,24.51314,-47.221455,-64.58848,2.4468915,14.461629,-12.210748,13.419052,-25.656267,38.746544,-77.34776,-2.3076067,5.472818,-27.72233
350,-0.2798817753791809,1.6176936626434326,66.40463256835938,-0.011218923157573845,0.8029603354719443,-92.50813843444277,4.9045315,0.7806545,14.827836,6.242694,-9.341917,0.0,5.5214353,-0.77172005,-21.541714,5.460834,-12.721334,0.0,-2.854614,-0.21460068,-0.5560063,1.2114692,-4.6552615,4.715744,24.520027,-47.307915,-64.49541,2.3915608,14.499617,-12.210748,13.380517,-25.630539,38.77428,-76.853035,-2.4402542,5.504959,-27.667395
351,-0.28978556394577026,1.610247254371643,66.40328979492188,-0.011556509601601008,0.835282825296468,-92.48357901949593,4.875127,0.79143184,14.803952,6.239448,-9.339242,0.0,5.470293,-0.7725073,-21.564465,5.5357575,-12.776874,0.0,-2.8478057,-0.22586079,-0.5332844,1.2489878,-4.7305975,4.772434,24.527082,-47.39297,-64.40484,2.3357537,14.535881,-12.210748,13.348528,-25.604523,38.789974,-76.38267,-2.5711763,5.534557,-27.619717
352,-0.3001006245613098,1.6027891635894775,66.40190887451172,-0.012599554093065724,0.8617662723462876,-92.45866603448722,4.8495755,0.8034788,14.779724,6.241411,-9.339769,0.0,5.4914694,-0.7460779,-21.588202,5.4579782,-12.7512865,0.0,-2.8436081,-0.22921473,-0.5142057,1.289545,-4.812345,4.8262315,24.534601,-47.470108,-64.31367,2.2980318,14.570449,-12.210748,13.313229,-25.574446,38.802433,-75.9329,-2.7065597,5.566074,-27.568172
353,-0.31074196100234985,1.5964117050170898,66.40092468261719,-0.012003917455742249,0.8808824916422653,-92.43369559447801,4.830421,0.81440634,14.755255,6.241722,-9.337759,0.0,5.486017,-0.7339651,-21.611485,5.4541755,-12.763336,0.0,-2.8431046,-0.22192085,-0.5004253,1.3349265,-4.901979,4.8797054,24.541018,-47.535816,-64.22651,2.2668126,14.60484,-12.210748,13.283593,-25.547018,38.803535,-75.523094,-2.8419156,5.595841,-27.516764
354,-0.3201596438884735,1.5887614488601685,66.39989471435547,-0.011152223377574974,0.8944547752973262,-92.40795365911087,4.817312,0.8241556,14.729886,6.2421384,-9.336736,0.0,5.479102,-0.72628236,-21.634989,5.4696317,-12.786588,0.0,-2.8452747,-0.20693295,-0.49058294,1.3841296,-4.997311,4.93179,24.547112,-47.594547,-64.14354,2.238416,14.638498,-12.210748,13.260556,-25.519619,38.79236,-75.14709,-2.975584,5.6231904,-27.469019
355,-0.3283582031726837,1.584026575088501,66.39897155761719,-0.009109651333383107,0.9045965549308023,-92.38206122825102,4.805793,0.8320745,14.704727,6.2429843,-9.334538,0.0,5.4178195,-0.7426031,-21.658113,5.6129375,-12.875524,0.0,-2.847868,-0.18839829,-0.48237833,1.4337295,-5.0984654,4.978744,24.552963,-47.6478,-64.053185,2.2382882,14.668517,-12.210748,13.232571,-25.495348,38.78578,-74.78284,-3.1256719,5.6573043,-27.41414
356,-0.3368757665157318,1.5780918598175049,66.39832305908203,-0.0074557503544882215,0.9132312211234171,-92.35666887099448,4.7975545,0.8402088,14.680376,6.2421103,-9.3321905,0.0,5.413726,-0.73671126,-21.681787,5.629797,-12.897768,0.0,-2.8489552,-0.17037086,-0.47302708,1.4803294,-5.204673,5.0160336,24.56016,-47.69881,-63.944828,2.2943444,14.692223,-12.210748,13.18497,-25.46945,38.79857,-74.400635,-3.304936,5.706874,-27.339565
357,-0.3467581868171692,1.5740940570831299,66.39737701416016,-0.0052896999414474245,0.919133650381017,-92.33018934790901,4.788457,0.8494712,14.655777,6.24347,-9.328061,0.0,5.3901815,-0.73837966,-21.70686,5.697944,-12.948109,0.0,-2.8488195,-0.15222904,-0.4622951,1.5226253,-5.318067,5.037653,24.568825,-47.74589,-63.8141,2.4291294,14.705963,-12.210748,13.115996,-25.445389,38.836674,-74.0009,-3.5132456,5.7810225,-27.252335
358,-0.35538673400878906,1.568583369255066,66.39656066894531,-0.002641824741979617,0.9214488782931725,-92.30257981046358,4.785126,0.8571081,14.630506,6.2445154,-9.325908,0.0,5.507487,-0.6874825,-21.735,5.4495673,-12.828914,0.0,-2.8486667,-0.13204423,-0.4510888,1.5630939,-5.4424815,5.0467963,24.578856,-47.78949,-63.666725,2.624242,14.711998,-12.210748,13.029569,-25.422018,38.893402,-73.592354,-3.7454467,5.8718824,-27.156794
359,-0.3667800724506378,1.5603631734848022,66.39595794677734,0.00024079161611179504,0.9241919671988041,-92.2777074843447,4.78338,0.866275,14.60768,6.244914,-9.324527,0.0,5.5182724,-0.6776957,-21.759146,5.45106,-12.8460455,0.0,-2.8463154,-0.11305818,-0.43989038,1.6023505,-5.5675445,5.055056,24.588486,-47.830986,-63.507397,2.8392053,14.716558,-12.210748,12.92887,-25.397646,38.965424,-73.17415,-4.010287,5.9667673,-27.03896
360,-0.37560030817985535,1.5550572872161865,66.39478302001953,0.0003631733858433475,0.9308511876752565,-92.2585969070905,4.7779074,0.8756052,14.590243,6.244223,-9.322742,0.0,5.523379,-0.66711956,-21.777596,5.445791,-12.854182,0.0,-2.8404393,-0.098017775,-0.42825192,1.6409442,-5.680561,5.073484,24.595333,-47.871693,-63.33987,3.0338259,14.725957,-12.210748,12.8230095,-25.376534,39.041393,-72.75088,-4.3133774,6.053462,-26.880438
361,-0.38552966713905334,1.5529370307922363,66.3946304321289,-0.0031062527981554127,0.9447849843633316,-92.24721259127418,4.764316,0.8886342,14.579716,6.243909,-9.32047,0.0,5.513403,-0.65415597,-21.788,5.4509254,-12.865875,0.0,-2.8276834,-0.08945517,-0.4165588,1.6752101,-5.7808084,5.102552,24.599482,-47.915924,-63.162567,3.2027044,14.742127,-12.210748,12.711373,-25.35611,39.122192,-72.32452,-4.6615534,6.1285667,-26.673508
362,-0.3958641588687897,1.546126365661621,66.39378356933594,-0.007238550667001831,0.9633246342806593,-92.24143476665938,4.7500052,0.9024104,14.573943,6.2450438,-9.323268,0.0,5.501424,-0.6409283,-21.792677,5.452099,-12.875941,0.0,-2.8098752,-0.085325934,-0.40485814,1.706018,-5.8737483,5.137487,24.601809,-47.961155,-62.974545,3.365138,14.761832,-12.210748,12.592012,-25.336325,39.21075,-71.89397,-5.0486393,6.199822,-26.428452
363,-0.4080880284309387,1.542697787284851,66.39318084716797,-0.01223606429213803,0.9808525265805463,-92.2384913410211,4.735432,0.9178251,14.57082,6.245231,-9.32367,0.0,5.4886813,-0.62496763,-21.794786,5.4524446,-12.884424,0.0,-2.793133,-0.0813992,-0.39229742,1.7413312,-5.961373,5.1808815,24.602066,-48.00082,-62.781784,3.5203955,14.784041,-12.210748,12.461471,-25.317402,39.310837,-71.44907,-5.4671736,6.2703786,-26.159441
364,-0.4149243235588074,1.5365362167358398,66.39205169677734,-0.015719186061951277,0.9918326452554831,-92.23582887244218,4.7289762,0.9278815,14.5681095,6.246793,-9.328061,0.0,5.4838877,-0.6153175,-21.796509,5.4550576,-12.894758,0.0,-2.783598,-0.073599726,-0.37760654,1.7892958,-6.043309,5.2362757,24.599928,-48.02757,-62.590725,3.6668038,14.807612,-12.210748,12.316825,-25.29957,39.425957,-70.97977,-5.9090796,6.3431764,-25.880308
365,-0.4210726320743561,1.5312039852142334,66.39128112792969,-0.019266917090198617,0.9931873849824002,-92.23237710913381,4.7321615,0.9366878,14.564912,6.2469115,-9.331449,0.0,5.4882884,-0.6061863,-21.799406,5.4552054,-12.902097,0.0,-2.7859101,-0.06040737,-0.35969868,1.8550874,-6.118769,5.311391,24.59406,-48.0358,-62.40236,3.8054445,14.830182,-12.210748,12.157741,-25.283226,39.55713,-70.48834,-6.3947654,6.4154334,-25.590546
366,-0.4272833466529846,1.5289748907089233,66.39048767089844,-0.02206756631639674,0.9884862257281847,-92.22968965726099,4.739207,0.94464946,14.562565,6.2461247,-9.331904,0.0,5.4966044,-0.59761095,-21.802027,5.4539347,-12.906199,0.0,-2.7958193,-0.044187598,-0.33909848,1.9333957,-6.187398,5.402622,24.585018,-48.030327,-62.21438,3.9365811,14.853297,-12.210748,11.985868,-25.268297,39.70281,-69.97913,-6.9213767,6.4878774,-25.284431
367,-0.43541666865348816,1.5249146223068237,66.38960266113281,-0.022912584370683355,0.9818332928716186,-92.22880066581493,4.750391,0.9516993,14.561562,6.246054,-9.335012,0.0,5.5071645,-0.58998567,-21.802977,5.453947,-12.912345,0.0,-2.8060708,-0.02652863,-0.31892794,2.0163774,-6.2535157,5.4951787,24.575314,-48.021164,-62.026657,4.058299,14.881169,-12.210748,11.80165,-25.25344,39.86144,-69.44398,-7.443384,6.5683036,-24.970003
368,-0.43787333369255066,1.5199854373931885,66.38873291015625,-0.02500599297476846,0.9773221996672448,-92.2309859041453,4.7588553,0.9559531,14.563487,6.2473865,-9.33972,0.0,5.5161376,-0.5858621,-21.80046,5.4547553,-12.918245,0.0,-2.8095903,-0.009100461,-0.30175883,2.0962665,-6.321198,5.573082,24.567625,-48.0188,-61.83837,4.1692533,14.918063,-12.210748,11.606878,-25.237268,40.030598,-68.87575,-7.914521,6.663488,-24.654068
369,-0.4417891204357147,1.517944574356079,66.38838195800781,-0.025241586307073006,0.9766308142421101,-92.23763008311616,4.763228,0.95911306,14.569159,6.246887,-9.341997,0.0,5.5180154,-0.5827244,-21.793888,5.4531207,-12.919161,0.0,-2.8036027,0.007208201,-0.288825,2.1720397,-6.3919325,5.6314254,24.562357,-48.02122,-61.644913,4.2634134,14.969443,-12.210748,11.395984,-25.219704,40.216652,-68.26527,-8.333133,6.7709155,-24.339622
370,-0.4478469491004944,1.5169273614883423,66.38773345947266,-0.026448190660709196,0.97736280055778,-92.24773695625022,4.7666907,0.9639007,14.577798,6.246793,-9.344784,0.0,5.5162406,-0.5775938,-21.783958,5.4535384,-12.920688,0.0,-2.7922225,0.023297617,-0.2786463,2.2475445,-6.463357,5.6786637,24.558193,-48.024265,-61.44761,4.3431044,15.031374,-12.210748,11.170905,-25.201319,40.418232,-67.619354,-8.719429,6.8880787,-24.022839
371,-0.4531605541706085,1.5146924257278442,66.38729858398438,-0.025897862414515648,0.9775829267651716,-92.25878031433172,4.7707434,0.9667681,14.587072,6.247741,-9.348766,0.0,5.516003,-0.57477355,-21.773027,5.4543843,-12.923431,0.0,-2.7784235,0.04054789,-0.26959988,2.322104,-6.535204,5.7191286,24.555256,-48.035805,-61.25472,4.419708,15.093924,-12.210748,10.941458,-25.181883,40.623096,-66.95436,-9.063501,7.02089,-23.70089
372,-0.45906463265419006,1.5134941339492798,66.38668823242188,-0.026425646200912197,0.9752651038707277,-92.2682088174,4.776392,0.97089946,14.594921,6.247823,-9.350981,0.0,5.518236,-0.5701018,-21.76375,5.4548016,-12.925987,0.0,-2.7651145,0.06017722,-0.26053572,2.394914,-6.60794,5.7581596,24.55341,-48.06319,-61.075657,4.504092,15.1473,-12.210748,10.717495,-25.160927,40.819885,-66.28719,-9.356113,7.175267,-23.37095
373,-0.4636281728744507,1.5144712924957275,66.38648223876953,-0.023159265892249356,0.9687238798102441,-92.27584005013053,4.784274,0.9711108,14.601047,6.2484326,-9.35208,0.0,5.5222273,-0.57033336,-21.756554,5.454092,-12.924646,0.0,-2.7522697,0.08402306,-0.25194475,2.4647593,-6.682173,5.7920785,24.553617,-48.120235,-60.911022,4.603333,15.189908,-12.210748,10.4994755,-25.137476,41.00588,-65.61904,-9.56542,7.360992,-23.02651
374,-0.47028014063835144,1.5149149894714355,66.38631439208984,-0.02009664157823013,0.9593116905891075,-92.28293163458031,4.796239,0.9724477,14.606451,6.244946,-9.34996,0.0,5.532715,-0.56749,-21.75006,5.4474034,-12.921621,0.0,-2.7385602,0.11085624,-0.24421716,2.5323617,-6.758209,5.8191247,24.555363,-48.19946,-60.754326,4.7104063,15.224887,-12.210748,10.282774,-25.112398,41.186356,-64.94077,-9.70503,7.5710697,-22.670029
375,-0.476772278547287,1.5156257152557373,66.38639831542969,-0.01681475751086006,0.9500889270846773,-92.28863536062487,4.8055234,0.97417414,14.610696,6.245636,-9.349682,0.0,5.540517,-0.56574786,-21.744642,5.447767,-12.923218,0.0,-2.7250881,0.1374917,-0.23608454,2.6001272,-6.833753,5.848488,24.557262,-48.274982,-60.610153,4.815536,15.255292,-12.210748,10.070233,-25.086975,41.363773,-64.25782,-9.83603,7.7864017,-22.31329
376,-0.48228147625923157,1.5152698755264282,66.38592529296875,-0.015240247028765194,0.9440546564835515,-92.2921325767974,4.81302,0.976837,14.613421,6.2457557,-9.350507,0.0,5.5471044,-0.5627111,-21.741259,5.4465523,-12.924595,0.0,-2.7128808,0.16054578,-0.22602779,2.670189,-6.9083776,5.8895736,24.557678,-48.320442,-60.481724,4.90782,15.282702,-12.210748,9.864025,-25.062803,41.53999,-63.573357,-10.018346,7.988874,-21.968363
377,-0.48896047472953796,1.515185832977295,66.38580322265625,-0.01516023351907467,0.9425928029508758,-92.29186584651751,4.814073,0.9826122,14.613625,6.246673,-9.350344,0.0,5.5463257,-0.55798995,-21.741133,5.452644,-12.930741,0.0,-2.7032921,0.17853494,-0.21335118,2.7431974,-6.9799085,5.944623,24.556335,-48.327168,-60.36908,4.9827266,15.305348,-12.210748,9.661357,-25.039892,41.721718,-62.879368,-10.258067,8.176253,-21.633453
378,-0.49521341919898987,1.5143063068389893,66.38567352294922,-0.01662138098355325,0.9438857110937068,-92.28874305350368,4.811998,0.98998797,14.611806,6.2478204,-9.350212,0.0,5.5468216,-0.55068,-21.74357,5.4527683,-12.934661,0.0,-2.6954029,0.19347614,-0.19906515,2.8179226,-7.0495534,6.009098,24.553955,-48.309315,-60.270863,5.0459943,15.322902,-12.210748,9.461845,-25.017406,41.90635,-62.176342,-10.526583,8.357926,-21.304586
379,-0.5004765391349792,1.5149306058883667,66.38524627685547,-0.019047120214753747,0.9461237534937902,-92.28554148663582,4.808429,0.9974109,14.609899,6.248302,-9.349103,0.0,5.5456796,-0.54300797,-21.746126,5.452919,-12.937727,0.0,-2.6868796,0.20725833,-0.18395895,2.8939416,-7.1201468,6.080378,24.550735,-48.27746,-60.18742,5.104448,15.339338,-12.210748,9.272439,-24.996061,42.080204,-61.482708,-10.832603,8.533855,-20.990116
380,-0.5061914920806885,1.5179075002670288,66.38530731201172,-0.02063158306322191,0.947553510019218,-92.28475323279785,4.8051596,1.0038956,14.609432,6.246897,-9.3453865,0.0,5.542679,-0.5361446,-21.74671,5.4517813,-12.937208,0.0,-2.675375,0.22194122,-0.16896534,2.9708283,-7.1940126,6.1551313,24.546848,-48.242912,-60.117683,5.165426,15.357452,-12.210748,9.099551,-24.976082,42.230377,-60.81633,-11.184962,8.703932,-20.698761
381,-0.5103958249092102,1.5207021236419678,66.38520050048828,-0.020398371441963926,0.9476281410816089,-92.28758712098595,4.8037896,1.0073339,14.610868,6.246534,-9.343313,0.0,5.5394397,-0.5331303,-21.744047,5.449703,-12.933718,0.0,-2.6604297,0.23813845,-0.15427661,3.047955,-7.27398,6.2390637,24.541946,-48.20389,-60.070007,5.2341766,15.384322,-12.210748,8.94193,-24.957588,42.359398,-60.173397,-11.597713,8.867194,-20.435738
382,-0.5146792531013489,1.5211029052734375,66.3852310180664,-0.02036669268272647,0.9472496854313062,-92.29253329561699,4.8047266,1.0105951,14.613228,6.2471066,-9.3438635,0.0,5.539247,-0.5297542,-21.739122,5.4499702,-12.935199,0.0,-2.6432574,0.25466794,-0.13927923,3.1257281,-7.35783,6.32981,24.53596,-48.157425,-60.03859,5.307138,15.413909,-12.210748,8.79756,-24.94036,42.472294,-59.54753,-12.062177,9.024313,-20.195616
383,-0.5195293426513672,1.5211564302444458,66.3852310180664,-0.020331391359560115,0.9469984605105957,-92.2983251916128,4.8057346,1.0140156,14.616226,6.2484035,-9.345129,0.0,5.538439,-0.5263263,-21.733507,5.4522424,-12.938331,0.0,-2.6239507,0.27129245,-0.12418172,3.2051253,-7.4426126,6.4213505,24.529783,-48.10587,-60.017826,5.3718114,15.440482,-12.210748,8.669984,-24.923925,42.561012,-58.95077,-12.555462,9.177564,-19.970846
384,-0.523882269859314,1.523295283317566,66.38562774658203,-0.01864911194796802,0.9475028939311768,-92.30334025511478,4.8042846,1.0158621,14.619604,6.247976,-9.342974,0.0,5.5352545,-0.5247698,-21.729082,5.4519615,-12.937219,0.0,-2.6027212,0.2877032,-0.10869547,3.2872455,-7.523557,6.5052605,24.524435,-48.053356,-59.999924,5.4172816,15.457338,-12.210748,8.56185,-24.907988,42.616398,-58.3919,-13.05264,9.32872,-19.753191
385,-0.529049813747406,1.5257153511047363,66.38580322265625,-0.015528576924745173,0.9489529166058683,-92.30841133171396,4.8022156,1.016755,14.6243,6.247222,-9.340457,0.0,5.529972,-0.5243474,-21.725115,5.4507346,-12.934174,0.0,-2.5787368,0.30412287,-0.092360884,3.375403,-7.5999556,6.579599,24.519892,-47.9965,-59.983032,5.432423,15.460235,-12.210748,8.477576,-24.892096,42.63137,-57.87586,-13.561992,9.47434,-19.55083
386,-0.5317530035972595,1.5296462774276733,66.38613891601562,-0.013710980200949296,0.9509611663263569,-92.3139571635487,4.7983117,1.0168691,14.630469,6.246672,-9.337106,0.0,5.523779,-0.52434206,-21.720802,5.4497724,-12.930458,0.0,-2.5521824,0.32070664,-0.07550108,3.4679377,-7.673504,6.6484437,24.515768,-47.93482,-59.970943,5.426013,15.453512,-12.210748,8.413858,-24.87664,42.612267,-57.396202,-14.091689,9.614484,-19.363998
387,-0.5360212922096252,1.5320661067962646,66.38702392578125,-0.009915558586042275,0.9533451520546219,-92.31812419516176,4.794705,1.0165975,14.635321,6.245907,-9.334007,0.0,5.519586,-0.52449137,-21.717854,5.4498997,-12.930597,0.0,-2.5248044,0.33685523,-0.058822595,3.558441,-7.7477655,6.714241,24.512241,-47.87528,-59.9652,5.415368,15.443291,-12.210748,8.363715,-24.861607,42.571007,-56.948124,-14.619561,9.756604,-19.172825
388,-0.5421611070632935,1.5341013669967651,66.38716125488281,-0.007522920387969744,0.9558008043701536,-92.31897935196663,4.7909617,1.0191796,14.636539,6.2451973,-9.330894,0.0,5.514661,-0.5220528,-21.717861,5.4500365,-12.930516,0.0,-2.498319,0.35177973,-0.043315955,3.640639,-7.824152,6.7791996,24.509565,-47.825302,-59.96741,5.4178476,15.43561,-12.210748,8.319933,-24.847034,42.520367,-56.527653,-15.123732,9.908313,-18.957418
389,-0.5480912327766418,1.5354137420654297,66.38700103759766,-0.006118645303177532,0.9587987513487901,-92.31702147782602,4.78662,1.0229683,14.634293,6.2455406,-9.329291,0.0,5.5114994,-0.51803344,-21.720005,5.4499874,-12.932537,0.0,-2.4709365,0.3646768,-0.028772077,3.7112575,-7.907008,6.8445845,24.50806,-47.788605,-59.9826,5.44139,15.431462,-12.210748,8.282724,-24.833076,42.45753,-56.135715,-15.5994835,10.074969,-18.706808
390,-0.5534796714782715,1.5334762334823608,66.38663482666016,-0.004213605995362957,0.9623799550053926,-92.31273578905113,4.7829638,1.0264853,14.629356,6.2461667,-9.32961,0.0,5.5116153,-0.51439923,-21.723902,5.449728,-12.937888,0.0,-2.442506,0.37614682,-0.014687109,3.7743073,-7.993084,6.9087553,24.507557,-47.760994,-60.00851,5.475864,15.427837,-12.210748,8.254157,-24.819336,42.378334,-55.771473,-16.05871,10.25008,-18.43225
391,-0.5576750636100769,1.5350552797317505,66.38634490966797,-0.0030446598526391185,0.9653116271871387,-92.30502631113701,4.777267,1.0301168,14.62147,6.2459035,-9.326677,0.0,5.5098805,-0.5106695,-21.731258,5.4481215,-12.939149,0.0,-2.4171362,0.38776278,-0.0022708182,3.8340807,-8.078552,6.9700685,24.507318,-47.73686,-60.033897,5.5108447,15.423833,-12.210748,8.232015,-24.806152,42.29048,-55.433804,-16.50134,10.427871,-18.150732
392,-0.5651844143867493,1.5357431173324585,66.3858642578125,-5.77915255629871e-05,0.9665991469803685,-92.29255712952826,4.773037,1.0347908,14.609404,6.2457504,-9.322949,0.0,5.511674,-0.50549173,-21.743412,5.447206,-12.943759,0.0,-2.3989613,0.40104464,0.007484501,3.8949058,-8.158935,7.0284643,24.507053,-47.709137,-60.05315,5.5348916,15.422793,-12.210748,8.213094,-24.793781,42.199654,-55.11688,-16.924845,10.601247,-17.8778
393,-0.5717411041259766,1.5368038415908813,66.38611602783203,0.002741565162645106,0.9650461476993945,-92.27283800683077,4.769229,1.0396718,14.591628,6.2441664,-9.315162,0.0,5.520937,-0.49873194,-21.762877,5.441294,-12.947522,0.0,-2.3910692,0.41743624,0.013017723,3.9566917,-8.235079,7.081416,24.506432,-47.676167,-60.05882,5.541142,15.42084,-12.210748,8.200382,-24.781826,42.101013,-54.826942,-17.33508,10.768295,-17.62127
394,-0.576444149017334,1.537204384803772,66.38617706298828,0.006491089681602546,0.9616619751125902,-92.24736240015328,4.7646766,1.0434515,14.569034,6.2470894,-9.309538,0.0,5.526836,-0.49649736,-21.787918,5.4461803,-12.955976,0.0,-2.3905382,0.43581915,0.015324337,4.0176044,-8.30734,7.1303363,24.505827,-47.641293,-60.05777,5.536506,15.41911,-12.210748,8.193793,-24.77041,41.993298,-54.56391,-17.731003,10.932943,-17.371408
395,-0.581962525844574,1.5372326374053955,66.38601684570312,0.010307753383602543,0.9580390576625637,-92.22057245534904,4.7612185,1.0474694,14.545035,6.24837,-9.302982,0.0,5.536542,-0.49239025,-21.814144,5.4469275,-12.964065,0.0,-2.3927135,0.45381182,0.017026618,4.079049,-8.376332,7.177375,24.50506,-47.607635,-60.053143,5.532949,15.419158,-12.210748,8.187258,-24.759756,41.889645,-54.315205,-18.10292,11.093858,-17.116755
396,-0.5881474614143372,1.5390859842300415,66.3860855102539,0.01579199288733926,0.9559881591409287,-92.19704928104424,4.755509,1.050237,14.523276,6.248936,-9.295068,0.0,5.543703,-0.4891981,-21.83707,5.446557,-12.970587,0.0,-2.3929136,0.4688749,0.021093527,4.1424656,-8.441967,7.223733,24.504116,-47.579403,-60.047886,5.543275,15.422447,-12.210748,8.173536,-24.750875,41.80463,-54.06731,-18.441935,11.250198,-16.846731
397,-0.5929102301597595,1.5398879051208496,66.38597869873047,0.020003412836682548,0.9560203899663889,-92.1785606872694,4.750597,1.0519696,14.504868,6.2481327,-9.289124,0.0,5.550984,-0.485635,-21.85458,5.441329,-12.974138,0.0,-2.389976,0.48020735,0.028679572,4.2106037,-8.50509,7.2701287,24.502884,-47.557873,-60.04234,5.577079,15.431877,-12.210748,8.151839,-24.743912,41.74476,-53.81929,-18.741026,11.394832,-16.559296
398,-0.5954573154449463,1.5398584604263306,66.38584899902344,0.023889496078639934,0.9571881495586039,-92.16242273140678,4.745053,1.0520768,14.487749,6.249444,-9.286377,0.0,5.552011,-0.48590657,-21.869312,5.4425683,-12.978331,0.0,-2.3863769,0.489293,0.0381592,4.2818727,-8.565256,7.3153586,24.501463,-47.541195,-60.034916,5.6258636,15.445915,-12.210748,8.124634,-24.738726,41.7015,-53.575794,-19.006342,11.530381,-16.260017
399,-0.5992681980133057,1.5398434400558472,66.38603210449219,0.02769155335052732,0.958920933385877,-92.14711128804429,4.738425,1.0532125,14.471338,6.251194,-9.283358,0.0,5.552612,-0.48506102,-21.883102,5.4473763,-12.986684,0.0,-2.3828616,0.49682644,0.048076957,4.3512583,-8.621749,7.3599424,24.499838,-47.5265,-60.026207,5.6731243,15.459029,-12.210748,8.094037,-24.734154,41.666706,-53.340054,-19.250982,11.670002,-15.948139
400,-0.6033239364624023,1.5393338203430176,66.38557434082031,0.03250321163470993,0.9605557229091616,-92.13121672859003,4.7328568,1.0537997,14.454868,6.2524056,-9.280703,0.0,5.555865,-0.48410526,-21.897629,5.446966,-12.992422,0.0,-2.3801603,0.50400877,0.057056915,4.413744,-8.673792,7.404313,24.497938,-47.510876,-60.016792,5.7026043,15.465905,-12.210748,8.061665,-24.729406,41.63071,-53.11201,-19.485695,11.827113,-15.623193
401,-0.609005868434906,1.5392332077026367,66.38563537597656,0.03531583771755394,0.9625864257208829,-92.11391332526958,4.7263994,1.0574936,14.437896,6.251855,-9.27558,0.0,5.5571966,-0.48024035,-21.913645,5.448122,-12.998592,0.0,-2.379358,0.5105479,0.06556171,4.4678383,-8.720116,7.4503727,24.495436,-47.491276,-60.007595,5.701368,15.46269,-12.210748,8.024979,-24.72452,41.595947,-52.890266,-19.712719,12.007063,-15.283164
402,-0.6134960651397705,1.5404016971588135,66.38552856445312,0.038123715443212004,0.9651654715320982,-92.09611255276405,4.719014,1.0605092,14.420955,6.251568,-9.2706375,0.0,5.5594287,-0.47626886,-21.930141,5.4474916,-13.004302,0.0,-2.3797507,0.5160015,0.07406024,4.5162897,-8.761544,7.4974036,24.492409,-47.470142,-59.998333,5.6811624,15.4531,-12.210748,7.9843,-24.719837,41.56552,-52.674988,-19.925802,12.202108,-14.928962
403,-0.6177958846092224,1.5420106649398804,66.38504028320312,0.04082918757748005,0.9669913354267936,-92.07923047393047,4.712306,1.0634252,14.405133,6.2499785,-9.26426,0.0,5.5615516,-0.47256914,-21.946005,5.4422307,-13.0044,0.0,-2.3794646,0.5211465,0.08119595,4.560444,-8.800268,7.541799,24.489595,-47.451878,-59.98661,5.661548,15.442872,-12.210748,7.9446526,-24.714888,41.53263,-52.470284,-20.125084,12.405784,-14.564763
404,-0.6235442161560059,1.541999101638794,66.38519287109375,0.04358443993454865,0.9668599264786588,-92.06486517805378,4.7097125,1.0667485,14.3914175,6.2491107,-9.260261,0.0,5.5667424,-0.46802038,-21.9596,5.4405656,-13.009614,0.0,-2.3765461,0.526709,0.08538263,4.6016226,-8.838767,7.580223,24.487669,-47.440796,-59.970287,5.662359,15.437851,-12.210748,7.91116,-24.70907,41.489662,-52.28014,-20.309826,12.6116495,-14.194326
405,-0.6285962462425232,1.5412614345550537,66.38465881347656,0.04738142195952414,0.9647192013592878,-92.05368929362784,4.7094193,1.0684096,14.380582,6.249421,-9.257576,0.0,5.572677,-0.46595964,-21.970438,5.441039,-13.015552,0.0,-2.3701954,0.5319834,0.08513456,4.6394954,-8.878773,7.611843,24.48698,-47.439777,-59.94758,5.6923394,15.439727,-12.210748,7.8848886,-24.701155,41.426575,-52.105583,-20.46673,12.835864,-13.787344
406,-0.6343668103218079,1.5427106618881226,66.3845443725586,0.05305702552292535,0.9612033036453442,-92.04478825515763,4.7094946,1.0688481,14.371931,6.2494745,-9.253371,0.0,5.5759296,-0.46605888,-21.979548,5.4455986,-13.022022,0.0,-2.3615482,0.53690493,0.08175426,4.6735353,-8.919104,7.6385827,24.487091,-47.445778,-59.92018,5.739644,15.445358,-12.210748,7.863337,-24.691702,41.35021,-51.94532,-20.600618,13.075628,-13.351895
407,-0.6404852271080017,1.5419765710830688,66.38416290283203,0.056829058342348006,0.9558783643103285,-92.03714061888321,4.714406,1.070532,14.36437,6.2484956,-9.25087,0.0,5.586113,-0.4628719,-21.987488,5.4400296,-13.023303,0.0,-2.351532,0.54289377,0.07754058,4.704855,-8.955818,7.6601124,24.487644,-47.455242,-59.89032,5.7938566,15.453426,-12.210748,7.8452444,-24.682987,41.277386,-51.79568,-20.735933,13.296128,-12.94936
408,-0.6446177363395691,1.542131781578064,66.3837890625,0.06159610736211346,0.9484806940678172,-92.02967919131811,4.7194943,1.0706022,14.35698,6.2483106,-9.247559,0.0,5.5957603,-0.46288222,-21.994905,5.4402385,-13.027262,0.0,-2.3411252,0.5510503,0.07513753,4.734477,-8.986876,7.6766353,24.488153,-47.46447,-59.860703,5.8440375,15.462457,-12.210748,7.829535,-24.677095,41.226154,-51.6552,-20.90054,13.462873,-12.641863
409,-0.6498667597770691,1.541915774345398,66.38362121582031,0.06454220385974942,0.9381809567475868,-92.0214421541104,4.7269573,1.0732774,14.3485365,6.2500877,-9.245473,0.0,5.606199,-0.46109805,-22.002613,5.4445434,-13.033484,0.0,-2.3304384,0.5630961,0.07439796,4.760424,-9.010294,7.6844225,24.48908,-47.476864,-59.830902,5.8882613,15.473277,-12.210748,7.8154545,-24.67551,41.20572,-51.521706,-21.115326,13.555407,-12.465429
410,-0.6544591188430786,1.542093276977539,66.38325500488281,0.06838777773845169,0.9255242202432,-92.01315623628744,4.736549,1.0749569,14.339866,6.2518253,-9.243051,0.0,5.6209416,-0.4597866,-22.010315,5.4446497,-13.037184,0.0,-2.3193617,0.5778155,0.07430358,4.769388,-9.017663,7.689394,24.48937,-47.482906,-59.79533,5.923081,15.478569,-12.210748,7.820173,-24.675905,41.20422,-51.404198,-21.344757,13.585399,-12.390782
411,-0.6611766815185547,1.5421042442321777,66.38304901123047,0.07021590890587699,0.9117423322076892,-92.00629346114053,4.7489905,1.0793395,14.332613,6.2518086,-9.240244,0.0,5.6379356,-0.45443076,-22.01649,5.4428434,-13.040824,0.0,-2.3072622,0.59262973,0.07589759,4.783955,-9.027811,7.6918077,24.48979,-47.490677,-59.76544,5.962634,15.490994,-12.210748,7.8124776,-24.676882,41.20344,-51.29044,-21.584604,13.60466,-12.3412695
412,-0.6674541234970093,1.542162299156189,66.38282012939453,0.07132857021077066,0.8985636180906384,-92.0023829554359,4.7606096,1.08409,14.328439,6.252913,-9.238413,0.0,5.650807,-0.45022434,-22.019854,5.4448256,-13.04454,0.0,-2.29443,0.6053247,0.07978631,4.8039036,-9.039045,7.6944757,24.490013,-47.495922,-59.734474,6.010461,15.501652,-12.210748,7.802916,-24.677755,41.202496,-51.18399,-21.799364,13.627156,-12.28599
413,-0.6726361513137817,1.5406956672668457,66.38230895996094,0.07265565807169717,0.885895197386112,-92.00253359279752,4.774514,1.0875531,14.32871,6.25301,-9.238606,0.0,5.66587,-0.44664636,-22.019085,5.4442606,-13.048172,0.0,-2.2800517,0.6152949,0.08762112,4.8737707,-9.065768,7.6990724,24.488913,-47.495182,-59.71099,6.0676765,15.518579,-12.210748,7.7768846,-24.678493,41.194798,-51.07539,-21.97723,13.664274,-12.200364
414,-0.6785438656806946,1.5390580892562866,66.38176727294922,0.07221056480627827,0.8733423249500891,-92.00555269937973,4.7902822,1.0925453,14.332123,6.2528048,-9.240384,0.0,5.679878,-0.44128123,-22.015482,5.4437933,-13.051195,0.0,-2.2648835,0.62366635,0.09830359,4.9194474,-9.073965,7.711268,24.485775,-47.476727,-59.684505,6.1161923,15.52542,-12.210748,7.7706223,-24.676838,41.177143,-50.984653,-22.100252,13.68816,-12.127596
415,-0.684203028678894,1.5380339622497559,66.3810043334961,0.07173235543265918,0.8609899864833993,-92.00980840667656,4.8044424,1.0976714,14.336496,6.2536983,-9.241822,0.0,5.69314,-0.43615028,-22.01083,5.443784,-13.05413,0.0,-2.24985,0.6307477,0.109326124,4.9631166,-9.081293,7.727365,24.481695,-47.44942,-59.65658,6.165588,15.531361,-12.210748,7.765881,-24.674799,41.154137,-50.902157,-22.215633,13.711269,-12.060346
416,-0.6926637291908264,1.5354262590408325,66.38090515136719,0.07192072562615784,0.8491282075837463,-92.01342606727613,4.8200855,1.1037726,14.339235,6.2529354,-9.242995,0.0,5.7080936,-0.42905495,-22.007154,5.440231,-13.056399,0.0,-2.2362835,0.636533,0.11821744,4.9961,-9.089913,7.747816,24.476572,-47.41349,-59.62207,6.216069,15.535823,-12.210748,7.7644987,-24.672152,41.12406,-50.831287,-22.349672,13.739278,-11.998527
417,-0.7000860571861267,1.5339823961257935,66.3801040649414,0.07257447187524932,0.8378374870274563,-92.01661029820207,4.833363,1.1089685,14.340266,6.2538023,-9.244146,0.0,5.7194467,-0.42414272,-22.004112,5.444675,-13.06343,0.0,-2.2240398,0.640732,0.12419694,5.014573,-9.100892,7.775754,24.470448,-47.369175,-59.58656,6.261202,15.541915,-12.210748,7.767365,-24.668781,41.081436,-50.771793,-22.515696,13.778024,-11.939109
418,-0.7092388868331909,1.5331270694732666,66.3794174194336,0.07381207625850454,0.8269477719874394,-92.0201573617736,4.8465424,1.1146646,14.340616,6.252274,-9.242818,0.0,5.732079,-0.41753975,-22.001186,5.441789,-13.065377,0.0,-2.2126012,0.6433688,0.12868278,5.0236206,-9.113989,7.8093057,24.463408,-47.317,-59.54929,6.3036647,15.548081,-12.210748,7.773453,-24.664875,41.029003,-50.72255,-22.697676,13.823103,-11.883286
419,-0.714866578578949,1.5309290885925293,66.37909698486328,0.07612157226549347,0.8164338943188534,-92.02296750172978,4.859112,1.1172814,14.340246,6.2538033,-9.244866,0.0,5.7428555,-0.4158388,-21.998983,5.4435673,-13.069278,0.0,-2.2026386,0.6452722,0.13222738,5.0280247,-9.126356,7.8450747,24.45536,-47.254387,-59.504257,6.3546557,15.552746,-12.210748,7.781156,-24.660643,40.975185,-50.68273,-22.875471,13.864485,-11.836555
420,-0.7212965488433838,1.5296494960784912,66.37857818603516,0.07870193985378607,0.8061605647009392,-92.02379048843605,4.870186,1.1204157,14.338782,6.2547812,-9.244884,0.0,5.7562594,-0.4122459,-21.998808,5.442428,-13.073519,0.0,-2.1948478,0.6467897,0.13568798,5.032457,-9.136858,7.8790584,24.446287,-47.179188,-59.445114,6.425873,15.554165,-12.210748,7.7881074,-24.656548,40.92872,-50.65001,-23.02886,13.892222,-11.804609
421,-0.7300244569778442,1.52894926071167,66.37805938720703,0.08163686284796048,0.7963356226363132,-92.021872493467,4.8806615,1.1247629,14.335725,6.2553353,-9.243957,0.0,5.7673864,-0.40760294,-22.001593,5.4436517,-13.078822,0.0,-2.1900563,0.6480622,0.13901368,5.0370855,-9.1447525,7.910083,24.435925,-47.087074,-59.36633,6.525496,15.551223,-12.210748,7.7936807,-24.652672,40.892654,-50.627277,-23.148012,13.900491,-11.793271
422,-0.7381415367126465,1.5302232503890991,66.37847137451172,0.08471997815992692,0.7868945348409914,-92.01797803053283,4.8883753,1.1288748,14.3315935,6.254767,-9.239548,0.0,5.7773952,-0.40310782,-22.0066,5.442392,-13.080815,0.0,-2.1877112,0.6486854,0.14199606,5.039796,-9.150506,7.9407296,24.424316,-46.98014,-59.272564,6.6454296,15.544986,-12.210748,7.7991304,-24.64884,40.861774,-50.613884,-23.24475,13.895559,-11.797772
423,-0.7442031502723694,1.5275756120681763,66.37800598144531,0.08793016886039615,0.7775527728875271,-92.01338267607322,4.897801,1.1315768,14.326949,6.2561197,-9.239138,0.0,5.790221,-0.40060636,-22.011963,5.444174,-13.087833,0.0,-2.186318,0.6492134,0.14471598,5.041691,-9.156187,7.9711676,24.41207,-46.86741,-59.172745,6.773375,15.53757,-12.210748,7.8039594,-24.645145,40.833313,-50.60367,-23.332565,13.885326,-11.808911
