Frame,root_translateX,root_translateY,root_translateZ,root_rotateX,root_rotateY,root_rotateZ,left_hip_pitch_joint,left_hip_roll_joint,left_hip_yaw_joint,left_knee_joint,left_ankle_pitch_joint,left_ankle_roll_joint,right_hip_pitch_joint,right_hip_roll_joint,right_hip_yaw_joint,right_knee_joint,right_ankle_pitch_joint,right_ankle_roll_joint,waist_yaw_joint,waist_pitch_joint,waist_roll_joint,head_yaw_joint,head_pitch_joint,left_shoulder_pitch_joint,left_shoulder_roll_joint,left_shoulder_yaw_joint,left_elbow_joint,left_wrist_yaw_joint,left_wrist_pitch_joint,left_wrist_roll_joint,right_shoulder_pitch_joint,right_shoulder_roll_joint,right_shoulder_yaw_joint,right_elbow_joint,right_wrist_yaw_joint,right_wrist_pitch_joint,right_wrist_roll_joint
0,-0.052865851670503616,1.7394648790359497,66.59020233154297,0.0645520244421104,0.4375676816542362,-88.72864949454528,1.3712523,0.29798722,8.83035,6.443864,-8.517338,0.0,1.6725347,-1.0159879,-7.035469,6.5661716,-9.568006,0.0,-1.5134584,0.9084361,1.1319524,2.6836724,-6.650772,9.81179,19.882076,-27.132463,-44.302834,18.312199,11.803732,-12.210748,0.31805727,-19.263124,9.583832,-31.468937,5.7442884,5.6245766,19.026415
1,-0.05287069454789162,1.739464521408081,66.59056854248047,0.06455132496582286,0.4375675573477398,-88.72864949728627,1.3712399,0.29798824,8.830233,6.443864,-8.517324,0.0,1.6725341,-1.0159907,-7.0354977,6.566191,-9.568083,0.0,-1.5134584,0.9084361,1.1319524,2.6836724,-6.650772,9.81179,19.882076,-27.132463,-44.302834,18.312199,11.803732,-12.210748,0.31805727,-19.263124,9.583832,-31.468937,5.7442884,5.6245766,19.026415
2,-0.052877847105264664,1.7394638061523438,66.59065246582031,0.06454808015869527,0.43756759335507917,-88.72864950965635,1.3711822,0.29808554,8.830122,6.443737,-8.517162,0.0,1.6724939,-1.0159353,-7.035541,6.566189,-9.568103,0.0,-1.5134584,0.9084361,1.1319524,2.6836724,-6.650772,9.81179,19.882076,-27.132463,-44.302834,18.312199,11.803732,-12.210748,0.31805727,-19.263124,9.583832,-31.468937,5.7442884,5.6245766,19.026415
3,-0.053000934422016144,1.7394434213638306,66.59059143066406,0.06455996377657282,0.4375665908215726,-88.72871219362646,1.3712605,0.29820806,8.830058,6.443658,-8.517161,0.0,1.6725323,-1.0158294,-7.0355334,6.566247,-9.568257,0.0,-1.5135018,0.9084488,1.1319277,2.6836727,-6.6507735,9.811788,19.882595,-27.132492,-44.302876,18.31221,11.803726,-12.210748,0.31804377,-19.263683,9.583829,-31.468954,5.7442803,5.6245713,19.026438
4,-0.05588603764772415,1.7396390438079834,66.58987426757812,0.06466989857161656,0.4373160372315944,-88.73100137786933,1.3718894,0.30030113,8.83162,6.443965,-8.517472,0.0,1.6722567,-1.0136782,-7.033933,6.566134,-9.56796,0.0,-1.5153451,0.9089853,1.1308855,2.6836898,-6.6508193,9.8116665,19.904207,-27.133657,-44.304653,18.312738,11.803512,-12.210748,0.31747478,-19.287073,9.583711,-31.469633,5.743945,5.624323,19.027393
5,-0.055939432233572006,1.7395797967910767,66.59015655517578,0.0646857407223349,0.43731691579723186,-88.73103029339212,1.3725054,0.3002477,8.831686,6.442489,-8.5165205,0.0,1.6729798,-1.0135549,-7.033931,6.564771,-9.56725,0.0,-1.5153699,0.9089902,1.1308767,2.68369,-6.6508203,9.811665,19.904549,-27.133677,-44.30468,18.312748,11.803508,-12.210748,0.31746587,-19.287443,9.583709,-31.469645,5.74394,5.624319,19.027409
6,-0.05636648088693619,1.73905348777771,66.59002685546875,0.064832467074397,0.4373732461082983,-88.73118912565994,1.3728371,0.3004919,8.831847,6.4425125,-8.5168085,0.0,1.6732166,-1.0133395,-7.0338073,6.565,-9.567725,0.0,-1.5154606,0.9089845,1.1309052,2.683692,-6.650824,9.811657,19.906591,-27.133783,-44.304844,18.312798,11.80349,-12.210748,0.3174128,-19.28965,9.583695,-31.469706,5.7439065,5.6242957,19.0275
7,-0.05636279284954071,1.739058494567871,66.5901870727539,0.06483211457301911,0.4373771931997234,-88.73118912477219,1.3722135,0.30062684,8.831925,6.443725,-8.517343,0.0,1.6726418,-1.0133761,-7.0337763,6.5661182,-9.568222,0.0,-1.5154606,0.9089845,1.1309052,2.683692,-6.650824,9.811657,19.906591,-27.133783,-44.304844,18.312798,11.80349,-12.210748,0.3174128,-19.28965,9.583695,-31.469706,5.7439065,5.6242957,19.0275
8,-0.05635997653007507,1.7390532493591309,66.59031677246094,0.06483235221196608,0.4373730964449569,-88.73118912618301,1.372893,0.30052504,8.831959,6.442565,-8.516762,0.0,1.6732262,-1.0133178,-7.0337834,6.5650454,-9.567637,0.0,-1.5154606,0.9089845,1.1309052,2.683692,-6.650824,9.811657,19.906591,-27.133783,-44.304844,18.312798,11.80349,-12.210748,0.3174128,-19.28965,9.583695,-31.469706,5.7439065,5.6242957,19.0275
9,-0.05723872035741806,1.7371017932891846,66.5904769897461,0.06551136352818919,0.43768543353272393,-88.73142782660437,1.3736863,0.30060607,8.832002,6.443909,-8.519044,0.0,1.674093,-1.0133127,-7.033652,6.5661736,-9.57002,0.0,-1.5154469,0.90872085,1.1314808,2.6836972,-6.650836,9.811658,19.912718,-27.134117,-44.305305,18.312937,11.8034525,-12.210748,0.31724834,-19.296225,9.583642,-31.469896,5.743792,5.6242256,19.027773
10,-0.05705922842025757,1.7355965375900269,66.5905990600586,0.06599361292514178,0.4379878536646705,-88.73172523408445,1.3743529,0.30020198,8.832107,6.445379,-8.521445,0.0,1.6746223,-1.0138713,-7.0334425,6.567307,-9.571986,0.0,-1.5154927,0.9084627,1.1320367,2.683702,-6.650847,9.811666,19.91815,-27.134418,-44.30571,18.313053,11.803423,-12.210748,0.31709695,-19.302042,9.583587,-31.470072,5.7436824,5.6241593,19.028015
11,-0.05754820257425308,1.7336945533752441,66.59049987792969,0.06656793616825868,0.4384097293484944,-88.73206573562668,1.3752253,0.30005097,8.83222,6.4462214,-8.52347,0.0,1.6754438,-1.0140646,-7.0332236,6.5682535,-9.574231,0.0,-1.5156137,0.90819,1.1325896,2.6837068,-6.6508574,9.81168,19.923574,-27.134727,-44.30611,18.313164,11.803396,-12.210748,0.31694013,-19.307838,9.583524,-31.47025,5.743566,5.6240897,19.02826
12,-0.05766019597649574,1.7324503660202026,66.59038543701172,0.06679762432501792,0.43870131084175545,-88.73223854578825,1.3761336,0.2998916,8.832305,6.4461217,-8.524522,0.0,1.67626,-1.0141807,-7.0330615,6.568155,-9.575264,0.0,-1.5157056,0.9080529,1.1328546,2.6837091,-6.650863,9.81169,19.926289,-27.134884,-44.30631,18.31322,11.803384,-12.210748,0.31685972,-19.310734,9.58349,-31.47034,5.7435055,5.624054,19.028381
13,-0.05809922143816948,1.731130838394165,66.59015655517578,0.06709201586991656,0.43900381802391886,-88.73241110051397,1.3765926,0.3000174,8.83243,6.4473147,-8.526467,0.0,1.6767312,-1.0141387,-7.0328217,6.5689406,-9.576906,0.0,-1.5158225,0.90792364,1.1330981,2.6837113,-6.650868,9.811703,19.929003,-27.135036,-44.306503,18.313272,11.803373,-12.210748,0.3167786,-19.313622,9.583458,-31.470432,5.743445,5.6240172,19.028507
14,-0.058749403804540634,1.7288137674331665,66.58985900878906,0.0674842166773321,0.4394933225854848,-88.7327329338296,1.3777668,0.30022183,8.832689,6.448104,-8.528887,0.0,1.677981,-1.01399,-7.0324063,6.569764,-9.579576,0.0,-1.5161022,0.9076964,1.1334926,2.683716,-6.650879,9.811732,19.934412,-27.135338,-44.306885,18.313389,11.80335,-12.210748,0.31661654,-19.319374,9.583395,-31.470617,5.7433248,5.623943,19.028757
15,-0.05890849232673645,1.7283629179000854,66.58982849121094,0.0675659631388557,0.43958578222400096,-88.73281461242928,1.3784516,0.30029452,8.832847,6.447986,-8.529606,0.0,1.6783413,-1.0139039,-7.0321646,6.5697427,-9.580066,0.0,-1.5161815,0.9076493,1.1335744,2.6837173,-6.6508813,9.811741,19.935768,-27.13541,-44.306976,18.31342,11.803346,-12.210748,0.31657618,-19.32081,9.583381,-31.470665,5.7432957,5.6239243,19.02882
16,-0.05891447141766548,1.7283616065979004,66.58985900878906,0.06756293482057804,0.4395852094687343,-88.73280984836627,1.3786517,0.30023077,8.832955,6.447903,-8.529782,0.0,1.6784372,-1.0139267,-7.0320563,6.5696974,-9.580126,0.0,-1.5161815,0.9076493,1.1335744,2.6837173,-6.6508813,9.811741,19.935768,-27.13541,-44.306976,18.31342,11.803346,-12.210748,0.31657618,-19.32081,9.583381,-31.470665,5.7432957,5.6239243,19.02882
17,-0.058925461024045944,1.7283512353897095,66.58988952636719,0.06756729033274204,0.43959006669322187,-88.73280982879395,1.3785259,0.30024943,8.833041,6.4482574,-8.530039,0.0,1.6784016,-1.0139366,-7.032043,6.570041,-9.580435,0.0,-1.5161836,0.9076483,1.1335768,2.6837173,-6.6508813,9.811741,19.93581,-27.135412,-44.30698,18.313421,11.803346,-12.210748,0.31657493,-19.320856,9.583381,-31.470665,5.7432947,5.623924,19.028822
18,-0.058927059173583984,1.7282556295394897,66.58992767333984,0.0675740532597452,0.4396198204930019,-88.7328097853043,1.3786174,0.30027747,8.83313,6.4482093,-8.530089,0.0,1.6783489,-1.0139095,-7.032111,6.5701075,-9.580435,0.0,-1.5161893,0.9076451,1.1335877,2.6837175,-6.650882,9.811743,19.93598,-27.135422,-44.30699,18.313425,11.803346,-12.210748,0.31656998,-19.321035,9.58338,-31.470673,5.7432914,5.6239214,19.028831
19,-0.05857180058956146,1.7252180576324463,66.58992767333984,0.06771879463931595,0.44067729115425086,-88.73261054570995,1.3798802,0.29995707,8.832988,6.4489026,-8.5331,0.0,1.6799012,-1.014259,-7.03227,6.5709963,-9.583835,0.0,-1.5162859,0.9075441,1.134019,2.6837227,-6.6508927,9.811798,19.941748,-27.13573,-44.307358,18.313549,11.803336,-12.210748,0.316403,-19.327114,9.583344,-31.470873,5.7431793,5.623841,19.029108
20,-0.058158572763204575,1.7238445281982422,66.58992767333984,0.06778965307373756,0.4412279871437464,-88.73245052335788,1.3802556,0.29965174,8.832868,6.449322,-8.534505,0.0,1.6804676,-1.014631,-7.032421,6.571036,-9.584923,0.0,-1.5162976,0.90749377,1.1342729,2.6837254,-6.650899,9.81183,19.944801,-27.135897,-44.307552,18.313614,11.803334,-12.210748,0.31631374,-19.33033,9.583327,-31.470984,5.743119,5.6237974,19.029255
21,-0.05771787092089653,1.7216367721557617,66.58969116210938,0.06783085165932459,0.442026071521496,-88.73216002061928,1.3812927,0.299255,8.8325615,6.4496493,-8.536794,0.0,1.6816304,-1.0150117,-7.0326085,6.57185,-9.587669,0.0,-1.5162963,0.9074244,1.1346114,2.6837294,-6.6509066,9.811876,19.948872,-27.136114,-44.307808,18.313704,11.803331,-12.210748,0.31619063,-19.334604,9.583299,-31.47113,5.743033,5.623736,19.02945
22,-0.057683348655700684,1.7214641571044922,66.589599609375,0.0678556281101874,0.44208958810322535,-88.73213091094877,1.3814863,0.29927173,8.832416,6.4501176,-8.537662,0.0,1.6817489,-1.0150461,-7.0326614,6.5715427,-9.587601,0.0,-1.5162961,0.90741855,1.13464,2.6837296,-6.6509075,9.81188,19.949211,-27.136133,-44.307827,18.31371,11.803331,-12.210748,0.31617984,-19.334959,9.583295,-31.471144,5.7430253,5.62373,19.029467
23,-0.05719076842069626,1.7191946506500244,66.58902740478516,0.06797194134462232,0.4429786721540811,-88.73162756888927,1.3827056,0.29875478,8.831866,6.449899,-8.539718,0.0,1.6830297,-1.0155306,-7.033016,6.5721164,-9.590328,0.0,-1.5162874,0.9072934,1.1351528,2.6837356,-6.650919,9.811958,19.955286,-27.136457,-44.308205,18.313848,11.803329,-12.210748,0.31597692,-19.34133,9.583227,-31.471378,5.7428703,5.623625,19.029758
24,-0.057187046855688095,1.7191933393478394,66.58917236328125,0.06797023358222891,0.4429775559849408,-88.73162269329264,1.382913,0.29869086,8.831801,6.4494944,-8.539593,0.0,1.6831889,-1.0155376,-7.033054,6.571796,-9.590166,0.0,-1.5162874,0.9072934,1.1351528,2.6837356,-6.650919,9.811958,19.955286,-27.136457,-44.308205,18.313848,11.803329,-12.210748,0.31597692,-19.34133,9.583227,-31.471378,5.7428703,5.623625,19.029758
25,-0.05627650022506714,1.7168946266174316,66.58872985839844,0.06809889124847486,0.4439155710088573,-88.7306991669531,1.3837837,0.29781914,8.831075,6.4498634,-8.541877,0.0,1.6844245,-1.0163804,-7.033733,6.572209,-9.59257,0.0,-1.5160428,0.907082,1.1359667,2.6837423,-6.650932,9.812049,19.962023,-27.136816,-44.308617,18.314003,11.803327,-12.210748,0.31574255,-19.348372,9.58314,-31.47165,5.742684,5.623502,19.030085
26,-0.0551161989569664,1.714385986328125,66.58829498291016,0.06852989271504074,0.4450139265171666,-88.72877441274909,1.3848767,0.29639503,8.829595,6.4493246,-8.543605,0.0,1.6866208,-1.0175761,-7.035171,6.5716877,-9.59505,0.0,-1.5153258,0.9066083,1.1376762,2.6837535,-6.650954,9.812198,19.97305,-27.137411,-44.309303,18.314257,11.803319,-12.210748,0.31535867,-19.359882,9.583002,-31.47209,5.7423744,5.623301,19.030628
27,-0.05419023707509041,1.7123420238494873,66.58808898925781,0.06905509587326576,0.4459120831327183,-88.72654032154516,1.3849446,0.29517433,8.827888,6.45006,-8.545366,0.0,1.6875654,-1.0188148,-7.036865,6.5729403,-9.597908,0.0,-1.5143403,0.90605664,1.1396663,2.683764,-6.6509748,9.812343,19.983688,-27.137989,-44.30997,18.3145,11.803309,-12.210748,0.31499013,-19.370974,9.582874,-31.472517,5.742076,5.62311,19.031164
28,-0.05298374593257904,1.7112388610839844,66.58805847167969,0.06960509379221531,0.446624503479256,-88.7240937439927,1.3849001,0.2937238,8.826024,6.4502273,-8.546273,0.0,1.6884203,-1.0202146,-7.0387006,6.5731244,-9.59942,0.0,-1.5131834,0.90548986,1.1418628,2.6837747,-6.650996,9.812488,19.994272,-27.13857,-44.310646,18.314747,11.803296,-12.210748,0.3146228,-19.381994,9.582752,-31.472942,5.741778,5.6229196,19.031702
29,-0.05291851609945297,1.7101085186004639,66.5880355834961,0.06998805691945376,0.44727862175483885,-88.7224592958207,1.3852797,0.29320037,8.824674,6.44943,-8.546364,0.0,1.6892954,-1.0205854,-7.039971,6.572918,-9.600639,0.0,-1.5124171,0.905198,1.1432406,2.6837814,-6.6510096,9.81258,20.000887,-27.138931,-44.31107,18.314901,11.803288,-12.210748,0.31439045,-19.388874,9.58268,-31.473217,5.741594,5.6227984,19.032043
30,-0.05176449939608574,1.7085469961166382,66.58815002441406,0.07042097784196612,0.4484393211904983,-88.71979062729173,1.3852911,0.29203898,8.822547,6.4488554,-8.546898,0.0,1.6905254,-1.0216935,-7.041949,6.5724516,-9.602366,0.0,-1.5111997,0.9048769,1.1454699,2.6837926,-6.651032,9.812741,20.01203,-27.13955,-44.311787,18.315174,11.803276,-12.210748,0.31398878,-19.400467,9.582563,-31.473688,5.7412825,5.6225877,19.032623
31,-0.050374820828437805,1.7067378759384155,66.5880355834961,0.07035585029753522,0.44942037395218415,-88.7182204518992,1.3860618,0.29097784,8.821286,6.447981,-8.547702,0.0,1.6919032,-1.0226268,-7.0430317,6.572038,-9.6040945,0.0,-1.5105212,0.90478647,1.1466831,2.6837993,-6.6510453,9.812839,20.018578,-27.13991,-44.31221,18.315338,11.803268,-12.210748,0.3137477,-19.407274,9.5824995,-31.47397,5.7411017,5.62246,19.032965
32,-0.04864315688610077,1.7041232585906982,66.5876693725586,0.07021384267650468,0.4505701856328698,-88.71667956081698,1.3865794,0.28991562,8.820103,6.448578,-8.550072,0.0,1.6931877,-1.0237672,-7.0440516,6.5729427,-9.607275,0.0,-1.5098746,0.9047221,1.1478598,2.683806,-6.6510587,9.812936,20.025105,-27.140268,-44.31263,18.315502,11.803262,-12.210748,0.31350198,-19.414055,9.58244,-31.474258,5.7409234,5.6223283,19.03331
33,-0.048082154244184494,1.7031818628311157,66.58739471435547,0.07015274973723061,0.45097559095614126,-88.71604196278828,1.3866928,0.28948042,8.819668,6.449617,-8.551711,0.0,1.6935264,-1.0242293,-7.0444236,6.573705,-9.608827,0.0,-1.5096223,0.90466756,1.1483172,2.6838086,-6.6510634,9.812974,20.027712,-27.140415,-44.3128,18.315567,11.80326,-12.210748,0.3134022,-19.416761,9.582418,-31.474377,5.7408533,5.6222744,19.033447
34,-0.04659009724855423,1.7017298936843872,66.58699035644531,0.06983977823798673,0.4515466757336795,-88.71477732505815,1.3874745,0.28857923,8.818826,6.449263,-8.552941,0.0,1.6944149,-1.0251127,-7.045214,6.573974,-9.610533,0.0,-1.5091468,0.90444654,1.149218,2.6838133,-6.6510744,9.81305,20.03291,-27.140703,-44.31314,18.315697,11.803252,-12.210748,0.3131998,-19.42215,9.582378,-31.474617,5.740712,5.6221642,19.03373
35,-0.045134536921978,1.7011299133300781,66.58688354492188,0.06950546937787995,0.45178785232167457,-88.71397670612892,1.3874168,0.28771707,8.818361,6.4501047,-8.554247,0.0,1.6950363,-1.0259887,-7.045691,6.5740614,-9.611491,0.0,-1.5088546,0.9042423,1.149778,2.6838164,-6.6510806,9.813097,20.036161,-27.140884,-44.31336,18.315775,11.803248,-12.210748,0.3130716,-19.425512,9.582356,-31.47477,5.740625,5.622094,19.033907
36,-0.04290039837360382,1.7005398273468018,66.58663940429688,0.06895976617512879,0.45210260584941,-88.71241372345635,1.387617,0.28643432,8.817309,6.4495387,-8.554574,0.0,1.6957312,-1.0272338,-7.0467463,6.5741534,-9.612416,0.0,-1.5083017,0.9038005,1.1508986,2.6838222,-6.6510935,9.813185,20.042315,-27.14123,-44.313766,18.315922,11.803238,-12.210748,0.31282538,-19.431871,9.582317,-31.475067,5.74046,5.6219573,19.034248
37,-0.04171854257583618,1.69921875,66.58647918701172,0.0687258494922239,0.45265492030645654,-88.71089766434878,1.3884395,0.28558475,8.816099,6.4491043,-8.555738,0.0,1.6972046,-1.0278817,-7.047947,6.5733147,-9.61338,0.0,-1.5077703,0.90344584,1.1519932,2.6838272,-6.651105,9.813263,20.047802,-27.141539,-44.314133,18.316051,11.803228,-12.210748,0.31260288,-19.43754,9.582288,-31.475338,5.7403135,5.6218343,19.034555
38,-0.03970455378293991,1.6958978176116943,66.58638763427734,0.06854969083800527,0.45419888543158377,-88.70749710017097,1.3887626,0.28430015,8.813342,6.4497185,-8.558564,0.0,1.6989572,-1.0292041,-7.0506296,6.5745716,-9.617535,0.0,-1.506578,0.9028688,1.1545625,2.683839,-6.651129,9.813426,20.059332,-27.142206,-44.314922,18.316326,11.803206,-12.210748,0.31212765,-19.449438,9.582233,-31.47591,5.740004,5.6215706,19.035212
39,-0.0378606915473938,1.6923943758010864,66.58613586425781,0.06847725238940308,0.45598868199455755,-88.70394610598632,1.389739,0.28289628,8.810475,6.449296,-8.561198,0.0,1.7010182,-1.0304497,-7.0534315,6.5752697,-9.621691,0.0,-1.5053325,0.90248,1.157355,2.6838512,-6.6511526,9.813586,20.07079,-27.14288,-44.315716,18.316603,11.803182,-12.210748,0.31164816,-19.461256,9.582187,-31.476492,5.7396955,5.6213055,19.035872
40,-0.0367683507502079,1.6897366046905518,66.58592987060547,0.06871200128319929,0.45753797091735876,-88.70073708210197,1.3897383,0.28192076,8.807968,6.4499865,-8.563561,0.0,1.7027404,-1.0313587,-7.055902,6.5752616,-9.624745,0.0,-1.5042181,0.9022548,1.160014,2.6838622,-6.6511736,9.813728,20.080906,-27.143482,-44.31643,18.316853,11.803157,-12.210748,0.31121737,-19.471684,9.5821495,-31.477015,5.7394195,5.621067,19.036463
41,-0.034794993698596954,1.688157558441162,66.58560180664062,0.06879624261680715,0.4588556981102761,-88.69738868624671,1.3900312,0.28032544,8.80562,6.448255,-8.563584,0.0,1.7044734,-1.0327479,-7.058249,6.57409,-9.626488,0.0,-1.503066,0.9021056,1.1629851,2.6838741,-6.651196,9.813877,20.091595,-27.144121,-44.317196,18.317125,11.803129,-12.210748,0.3107538,-19.482693,9.582113,-31.477577,5.7391243,5.620809,19.037094
42,-0.033327020704746246,1.6879996061325073,66.58534240722656,0.06865851924317293,0.4593490467014129,-88.69580467920183,1.3891865,0.27940953,8.804793,6.4491158,-8.564144,0.0,1.7040051,-1.0338165,-7.0591183,6.5748563,-9.627374,0.0,-1.5025226,0.9020788,1.1644491,2.68388,-6.6512065,9.813949,20.096617,-27.144417,-44.31756,18.31726,11.803115,-12.210748,0.31053242,-19.487862,9.582097,-31.477848,5.738984,5.6206856,19.037392
43,-0.03136686235666275,1.6882250308990479,66.58490753173828,0.06837841136061529,0.46005331230554974,-88.69272855930622,1.3883514,0.27802062,8.802842,6.4480295,-8.563018,0.0,1.7046481,-1.0350183,-7.0611396,6.5738597,-9.62772,0.0,-1.5015132,0.90207124,1.1674162,2.6838915,-6.6512275,9.81409,20.106577,-27.145002,-44.318283,18.31754,11.803087,-12.210748,0.31008276,-19.498114,9.582064,-31.478394,5.7387,5.620434,19.037996
44,-0.02937854826450348,1.6865562200546265,66.58484649658203,0.06811613304894587,0.4608090539780991,-88.69087445365325,1.3888248,0.2768137,8.801647,6.44802,-8.564302,0.0,1.7056539,-1.0362556,-7.0622897,6.5739613,-9.629448,0.0,-1.5009055,0.9020626,1.1693598,2.6838987,-6.6512403,9.8141775,20.112799,-27.145369,-44.31874,18.317719,11.803069,-12.210748,0.30979714,-19.504513,9.582043,-31.478739,5.73852,5.620273,19.038378
45,-0.02818163111805916,1.6853455305099487,66.58463287353516,0.06796133133657963,0.46127173635599933,-88.68984108992866,1.3892045,0.27599078,8.800805,6.4480095,-8.565111,0.0,1.7064228,-1.0370651,-7.063074,6.5742693,-9.630747,0.0,-1.5005677,0.9020259,1.1705636,2.683903,-6.651248,9.814228,20.116528,-27.145588,-44.31902,18.317822,11.803058,-12.210748,0.30962297,-19.508345,9.58203,-31.47895,5.738411,5.620174,19.038609
46,-0.026836318895220757,1.6841650009155273,66.58466339111328,0.0677925269839096,0.46166585165587043,-88.68906872224724,1.3899491,0.27505147,8.800011,6.448056,-8.566259,0.0,1.7072877,-1.0379637,-7.0637565,6.574432,-9.631773,0.0,-1.5003195,0.9019501,1.1715957,2.6839066,-6.6512547,9.81427,20.119633,-27.145777,-44.319252,18.317905,11.803049,-12.210748,0.30947536,-19.511528,9.58202,-31.479128,5.7383184,5.6200886,19.038801
47,-0.024799784645438194,1.682198405265808,66.58460235595703,0.06764085730363806,0.4622704661017043,-88.6878566319869,1.3902422,0.2736459,8.798861,6.4491234,-8.568288,0.0,1.7085215,-1.0394708,-7.0647473,6.57525,-9.633961,0.0,-1.4999361,0.9017259,1.1734902,2.6839123,-6.651266,9.814342,20.125196,-27.146124,-44.31967,18.318048,11.803031,-12.210748,0.3092057,-19.517231,9.581999,-31.479456,5.7381496,5.619931,19.03915
48,-0.024291789159178734,1.6814632415771484,66.5845718383789,0.06759512594861931,0.4624762765268929,-88.68752829610774,1.3906715,0.27313438,8.798421,6.4494786,-8.569166,0.0,1.7089726,-1.0399427,-7.0650983,6.575317,-9.634457,0.0,-1.4998327,0.90164757,1.174027,2.6839137,-6.651269,9.814362,20.126745,-27.146223,-44.31979,18.318087,11.803025,-12.210748,0.30912983,-19.518814,9.581994,-31.479544,5.7381024,5.619887,19.039246
49,-0.021934278309345245,1.6802784204483032,66.58441925048828,0.06734187330728686,0.462942255285022,-88.68628283884684,1.3913051,0.27157855,8.797439,6.449489,-8.570369,0.0,1.7098026,-1.0415909,-7.0659432,6.5756097,-9.635754,0.0,-1.4994115,0.9013335,1.1761373,2.6839197,-6.651281,9.814436,20.132595,-27.146603,-44.32024,18.31823,11.803006,-12.210748,0.30883968,-19.524807,9.58197,-31.479893,5.7379165,5.619718,19.03961
50,-0.018958626314997673,1.6783018112182617,66.58404541015625,0.06713933578942649,0.4636538940331594,-88.68413865612933,1.3922639,0.26938736,8.795808,6.449007,-8.571686,0.0,1.7120236,-1.0437216,-7.067434,6.574945,-9.6377,0.0,-1.4986429,0.90080947,1.1797128,2.6839297,-6.651301,9.814559,20.142357,-27.14725,-44.32101,18.31847,11.802971,-12.210748,0.30835003,-19.534813,9.5819235,-31.48048,5.737594,5.6194367,19.040224
51,-0.016974296420812607,1.6745710372924805,66.58373260498047,0.06719352507880612,0.4646831054564201,-88.68190632009625,1.3938122,0.2678686,8.794023,6.450074,-8.575415,0.0,1.7141944,-1.0453523,-7.068976,6.576798,-9.6425705,0.0,-1.497816,0.9002998,1.1833401,2.6839397,-6.6513205,9.814679,20.15206,-27.147903,-44.32179,18.318712,11.802935,-12.210748,0.30785924,-19.544765,9.581872,-31.481071,5.7372637,5.6191583,19.040833
52,-0.015185758471488953,1.6727219820022583,66.5838394165039,0.0671134293990592,0.46527363931667554,-88.68064566054319,1.3944117,0.2666269,8.793126,6.450587,-8.5772505,0.0,1.7157252,-1.0466585,-7.069834,6.5766854,-9.644388,0.0,-1.4973342,0.9000207,1.1854274,2.6839454,-6.651332,9.814746,20.157515,-27.148272,-44.322227,18.318848,11.802915,-12.210748,0.30758184,-19.55036,9.581843,-31.481405,5.7370763,5.6190014,19.041174
53,-0.013201812282204628,1.6723500490188599,66.58396911621094,0.06687817787789387,0.4656113055030481,-88.67959338843659,1.3944585,0.26524234,8.792515,6.450831,-8.578204,0.0,1.7159479,-1.0480633,-7.070545,6.5766516,-9.644632,0.0,-1.4969534,0.89978796,1.1872972,2.6839502,-6.6513414,9.814804,20.162346,-27.148603,-44.32262,18.31897,11.8028965,-12.210748,0.30733335,-19.555313,9.581823,-31.481707,5.7369127,5.6188583,19.041481
54,-0.010299040004611015,1.670229196548462,66.58415222167969,0.06657020003794138,0.4665886577306202,-88.67773936249506,1.3950853,0.26312226,8.791378,6.4504395,-8.579943,0.0,1.7175822,-1.0500453,-7.0718155,6.5762258,-9.646393,0.0,-1.4963862,0.8993522,1.1909847,2.6839602,-6.6513605,9.8149185,20.171932,-27.149271,-44.323418,18.319214,11.802859,-12.210748,0.30683112,-19.56514,9.5818,-31.48232,5.736597,5.6185617,19.0421
55,-0.009359758347272873,1.6691099405288696,66.583740234375,0.06642795795024911,0.4670017159270022,-88.67728562789449,1.396213,0.26237008,8.791261,6.449254,-8.580583,0.0,1.7188115,-1.0505909,-7.0721235,6.575679,-9.647245,0.0,-1.496273,0.89924324,1.1919818,2.683963,-6.6513653,9.814948,20.174486,-27.149448,-44.323627,18.319279,11.802849,-12.210748,0.30669636,-19.56775,9.581799,-31.482489,5.736516,5.61848,19.042267
56,-0.007269378751516342,1.6674158573150635,66.58336639404297,0.06610753925806209,0.46771491197925014,-88.6765379107631,1.3960079,0.26109105,8.790824,6.451287,-8.583549,0.0,1.7192653,-1.0520344,-7.0725503,6.5766616,-9.649128,0.0,-1.4961027,0.89902455,1.1938837,2.6839678,-6.651375,9.8150015,20.17927,-27.149784,-44.32403,18.3194,11.802829,-12.210748,0.3064414,-19.572647,9.581797,-31.482803,5.736364,5.6183243,19.042583
57,-0.005153039004653692,1.6664588451385498,66.58294677734375,0.06577434273567222,0.46823412156857114,-88.6758239995971,1.3965288,0.25965577,8.790285,6.4512873,-8.584914,0.0,1.7199023,-1.0534493,-7.073001,6.5767264,-9.650089,0.0,-1.4959224,0.8987595,1.1958462,2.6839728,-6.651384,9.815055,20.184038,-27.150118,-44.32444,18.319529,11.802809,-12.210748,0.3061873,-19.577526,9.581787,-31.483112,5.7362046,5.6181707,19.0429
58,-0.0035920317750424147,1.665326714515686,66.58257293701172,0.06561979112272473,0.46871790171649996,-88.67509506013363,1.3971229,0.25847983,8.789603,6.451447,-8.58638,0.0,1.7208029,-1.0545806,-7.0734987,6.576644,-9.651202,0.0,-1.4957039,0.89842534,1.1978893,2.6839776,-6.651393,9.815105,20.188787,-27.150454,-44.32485,18.319658,11.802787,-12.210748,0.30593538,-19.582388,9.581763,-31.483418,5.7360325,5.618023,19.043215
59,-0.0019108770648017526,1.6620656251907349,66.58198547363281,0.06574279451844048,0.46964034189337966,-88.67370771322057,1.3989688,0.25693545,8.788325,6.4510827,-8.588958,0.0,1.7234312,-1.0559894,-7.074504,6.576071,-9.65395,0.0,-1.4952067,0.8976221,1.2020506,2.6839862,-6.65141,9.815204,20.198206,-27.151123,-44.325676,18.319921,11.802737,-12.210748,0.30543697,-19.592037,9.581687,-31.484015,5.7356625,5.6177382,19.043846
60,-0.0010608284501358867,1.6612211465835571,66.58203887939453,0.06571838016701081,0.4699115922505407,-88.67327778602845,1.3989276,0.25633433,8.787857,6.4522276,-8.590526,0.0,1.7236414,-1.056689,-7.074737,6.577334,-9.655653,0.0,-1.495031,0.89734745,1.2033969,2.6839888,-6.6514153,9.815232,20.201155,-27.151333,-44.325935,18.320005,11.802721,-12.210748,0.30528218,-19.595057,9.581657,-31.4842,5.735543,5.6176505,19.044043
61,0.00028862705221399665,1.657778263092041,66.58195495605469,0.06588679865468511,0.4708854865838086,-88.67196760279626,1.4010366,0.25487596,8.786724,6.451599,-8.593206,0.0,1.7260385,-1.0579014,-7.0755944,6.5776153,-9.659176,0.0,-1.4944813,0.8964749,1.2076427,2.683997,-6.651432,9.81532,20.210499,-27.152012,-44.326782,18.320269,11.802665,-12.210748,0.3047877,-19.604633,9.581574,-31.484793,5.735162,5.617368,19.044672
62,0.0012643318623304367,1.656669020652771,66.58182525634766,0.06584349565440607,0.4712457163104373,-88.6716536074289,1.401006,0.2542195,8.786464,6.453068,-8.595241,0.0,1.7265344,-1.0585904,-7.0756536,6.578394,-9.660815,0.0,-1.4943396,0.89627016,1.2087196,2.6839988,-6.651436,9.815341,20.212841,-27.152184,-44.326996,18.320332,11.8026495,-12.210748,0.30466366,-19.60703,9.581559,-31.484943,5.73507,5.6172957,19.04483
63,0.004690270870923996,1.654159665107727,66.58161163330078,0.0655579600046789,0.4723229299710264,-88.67044659392732,1.4021716,0.25154755,8.785648,6.453117,-8.598061,0.0,1.7282304,-1.0610669,-7.0762424,6.5783873,-9.66329,0.0,-1.4938077,0.89549893,1.2130438,2.684007,-6.651451,9.815419,20.222418,-27.152908,-44.327892,18.32059,11.802585,-12.210748,0.30415195,-19.61684,9.581519,-31.485575,5.7347074,5.616987,19.045486
64,0.006277728360146284,1.6525009870529175,66.58146667480469,0.06542612232697113,0.4729257463286159,-88.67006998869411,1.402881,0.25036082,8.78541,6.453633,-8.600151,0.0,1.7291906,-1.0621936,-7.076366,6.578196,-9.664508,0.0,-1.4936408,0.89524174,1.2146276,2.6840098,-6.6514564,9.815446,20.225908,-27.153175,-44.32822,18.32068,11.80256,-12.210748,0.30396625,-19.620413,9.581511,-31.485807,5.7345786,5.6168733,19.045725
65,0.008411291055381298,1.6498228311538696,66.58129119873047,0.06516486574081597,0.4738174748071465,-88.66970829954232,1.4039583,0.24884042,8.785222,6.4543905,-8.60317,0.0,1.73055,-1.0637238,-7.0765314,6.578977,-9.667256,0.0,-1.4934912,0.8948951,1.2168499,2.6840138,-6.6514635,9.815481,20.230831,-27.153557,-44.328686,18.320805,11.802525,-12.210748,0.30370545,-19.625452,9.581495,-31.486135,5.734395,5.6167135,19.046064
66,0.008416609838604927,1.6498210430145264,66.58128356933594,0.06516552623902422,0.4738174860048236,-88.66970829680486,1.4040389,0.24886893,8.78529,6.4544253,-8.603316,0.0,1.7306219,-1.0637337,-7.076648,6.5789967,-9.66724,0.0,-1.4934912,0.8948951,1.2168499,2.6840138,-6.6514635,9.815481,20.230831,-27.153557,-44.328686,18.320805,11.802525,-12.210748,0.30370545,-19.625452,9.581495,-31.486135,5.734395,5.6167135,19.046064
67,0.010713111609220505,1.6484737396240234,66.58137512207031,0.06481543967817674,0.47444543015250457,-88.66981563575123,1.4047222,0.24722105,8.785561,6.4544477,-8.604933,0.0,1.7313721,-1.0653701,-7.076517,6.5787354,-9.668002,0.0,-1.4935639,0.8946172,1.2189571,2.6840174,-6.65147,9.815513,20.23545,-27.153925,-44.329136,18.320917,11.802488,-12.210748,0.30346692,-19.63018,9.581471,-31.486433,5.7342134,5.616571,19.046385
68,0.011382857337594032,1.6483347415924072,66.5812759399414,0.06471300455910865,0.47456662756220064,-88.66987394409928,1.4048657,0.24677485,8.785677,6.4546146,-8.605457,0.0,1.7316108,-1.065823,-7.076475,6.5785627,-9.668068,0.0,-1.4935993,0.89455575,1.2194926,2.6840184,-6.6514716,9.81552,20.236607,-27.154016,-44.329247,18.320946,11.802479,-12.210748,0.30340812,-19.631363,9.581466,-31.486504,5.7341676,5.616536,19.046465
69,0.013160900212824345,1.6474113464355469,66.5810546875,0.06442113128421018,0.47501037319343414,-88.6700777377661,1.4053798,0.24554832,8.785957,6.4545374,-8.606559,0.0,1.7319379,-1.0670162,-7.076131,6.5786324,-9.668763,0.0,-1.4937074,0.8944013,1.221126,2.6840208,-6.651476,9.815541,20.240068,-27.154293,-44.329586,18.321028,11.802451,-12.210748,0.30323353,-19.634903,9.581453,-31.486723,5.7340345,5.61643,19.04671
70,0.013591406866908073,1.647018313407898,66.58071899414062,0.06435082868460608,0.47518519845052076,-88.67014065704369,1.4054136,0.24512349,8.786011,6.4547195,-8.607022,0.0,1.7322981,-1.0673524,-7.0759397,6.578366,-9.669093,0.0,-1.4937415,0.8943516,1.2218157,2.684022,-6.651478,9.81555,20.241512,-27.154408,-44.329723,18.32106,11.802439,-12.210748,0.30316153,-19.636375,9.581452,-31.486814,5.7339816,5.6163845,19.046812
71,0.015053975395858288,1.6465542316436768,66.57999420166016,0.06404155173975325,0.4755595847285463,-88.67031558836617,1.4059317,0.24413733,8.786179,6.4546704,-8.608031,0.0,1.7326075,-1.0682342,-7.075601,6.57805,-9.669407,0.0,-1.4938289,0.8942232,1.2243196,2.684025,-6.651483,9.815579,20.246685,-27.15482,-44.330227,18.321186,11.802397,-12.210748,0.30290544,-19.641655,9.581461,-31.48715,5.7338023,5.616218,19.047186
72,0.01505037397146225,1.6465548276901245,66.58027648925781,0.06404066012534952,0.4755595022632772,-88.6703204775327,1.405922,0.24418046,8.786104,6.4546866,-8.607988,0.0,1.7325712,-1.0681881,-7.075575,6.578084,-9.669439,0.0,-1.4938289,0.8942232,1.2243196,2.684025,-6.651483,9.815579,20.246685,-27.15482,-44.330227,18.321186,11.802397,-12.210748,0.30290544,-19.641655,9.581461,-31.48715,5.7338023,5.616218,19.047186
73,0.016186662018299103,1.6467984914779663,66.58019256591797,0.06377449086562892,0.47565888149821295,-88.6705098170407,1.405862,0.24342605,8.7861595,6.4542947,-8.607675,0.0,1.7325902,-1.0688983,-7.075434,6.5778975,-9.669192,0.0,-1.4939383,0.89419407,1.2255046,2.6840265,-6.651484,9.815591,20.249128,-27.155012,-44.330467,18.321243,11.802376,-12.210748,0.3027877,-19.644142,9.581473,-31.487307,5.7337217,5.6161385,19.047367
74,0.01845848746597767,1.6463524103164673,66.58026885986328,0.0633387990762561,0.4760126954065923,-88.67113458940445,1.4061924,0.24196258,8.786539,6.454508,-8.608698,0.0,1.7324796,-1.0703875,-7.0749583,6.577195,-9.668386,0.0,-1.4942912,0.8941437,1.2276806,2.6840289,-6.6514854,9.815612,20.253712,-27.155378,-44.330917,18.321354,11.802335,-12.210748,0.30256963,-19.648806,9.581495,-31.4876,5.7335706,5.6159906,19.04771
75,0.019289294257760048,1.6453557014465332,66.58036804199219,0.06312987418350335,0.4763399869082026,-88.67154094579233,1.4066305,0.2413234,8.786677,6.4544477,-8.609354,0.0,1.7329344,-1.0709777,-7.074721,6.577422,-9.669169,0.0,-1.4945432,0.89412236,1.2287333,2.6840303,-6.6514854,9.81562,20.256006,-27.15556,-44.331142,18.321407,11.802314,-12.210748,0.30246204,-19.651136,9.581507,-31.487743,5.733494,5.615918,19.047886
76,0.02122487872838974,1.6432782411575317,66.58051300048828,0.06273422795277023,0.4769141827419058,-88.6725034927934,1.4080672,0.24011272,8.787423,6.454154,-8.61117,0.0,1.7343279,-1.0721526,-7.0739,6.576462,-9.669841,0.0,-1.4951278,0.8941058,1.2307907,2.684033,-6.6514835,9.815637,20.260574,-27.155926,-44.3316,18.321516,11.802269,-12.210748,0.30224952,-19.655777,9.581532,-31.488031,5.7333417,5.615774,19.048237
77,0.021637897938489914,1.6427375078201294,66.58040618896484,0.06261365862212391,0.4770493656225017,-88.67274539029204,1.4079738,0.23980895,8.787713,6.45551,-8.612663,0.0,1.7340404,-1.0725244,-7.073638,6.577643,-9.670762,0.0,-1.495278,0.8941185,1.2312955,2.6840334,-6.6514826,9.81564,20.261719,-27.156015,-44.331715,18.321547,11.802258,-12.210748,0.3021968,-19.656939,9.581539,-31.488102,5.733304,5.615738,19.048326
78,0.021636392921209335,1.6427377462387085,66.58026885986328,0.06261713212405251,0.4770494047300932,-88.67275014927411,1.4078624,0.23983076,8.787911,6.4554806,-8.6125765,0.0,1.7339702,-1.0725292,-7.073545,6.577533,-9.6705,0.0,-1.495278,0.8941185,1.2312955,2.6840334,-6.6514826,9.81564,20.261719,-27.156015,-44.331715,18.321547,11.802258,-12.210748,0.3021968,-19.656939,9.581539,-31.488102,5.733304,5.615738,19.048326
79,0.024549435824155807,1.6434367895126343,66.5802001953125,0.06176847541066546,0.4767691621581692,-88.67357494179493,1.4077435,0.23818178,8.788988,6.4555335,-8.6127,0.0,1.7334464,-1.074226,-7.0725703,6.577066,-9.668874,0.0,-1.4957896,0.89436215,1.2332532,2.684035,-6.6514745,9.815644,20.266268,-27.156368,-44.33218,18.321676,11.802205,-12.210748,0.3019888,-19.661572,9.581581,-31.48839,5.7331595,5.6155977,19.04868
80,0.0298030786216259,1.6522573232650757,66.58000183105469,0.059984949989976534,0.47423785105888433,-88.67622109405731,1.4049801,0.23501837,8.791736,6.4522295,-8.60494,0.0,1.7295448,-1.077124,-7.0702214,6.5727243,-9.657569,0.0,-1.4974735,0.8956976,1.2406404,2.6840413,-6.651432,9.815643,20.284128,-27.157759,-44.334072,18.322226,11.801983,-12.210748,0.30115888,-19.679794,9.581783,-31.489552,5.732595,5.6150312,19.050097
81,0.02979614958167076,1.6522566080093384,66.58013153076172,0.05998611628099462,0.47423742615915726,-88.67622586306395,1.40502,0.23497646,8.791732,6.452132,-8.604984,0.0,1.7295871,-1.0771298,-7.0702195,6.5725846,-9.657423,0.0,-1.4974735,0.8956976,1.2406404,2.6840413,-6.651432,9.815643,20.284128,-27.157759,-44.334072,18.322226,11.801983,-12.210748,0.30115888,-19.679794,9.581783,-31.489552,5.732595,5.6150312,19.050097
82,0.031170040369033813,1.6590697765350342,66.58036041259766,0.05967722459566168,0.4717939030143572,-88.67732019130177,1.4026712,0.233969,8.792756,6.450253,-8.598671,0.0,1.7268339,-1.078049,-7.0694246,6.5701017,-9.649618,0.0,-1.498188,0.89639056,1.2446347,2.6840436,-6.6514,9.81562,20.293207,-27.158455,-44.33505,18.322498,11.801861,-12.210748,0.30072054,-19.689045,9.581914,-31.490166,5.732324,5.6147265,19.05081
83,0.03116435930132866,1.659090280532837,66.58042907714844,0.059672497440721145,0.4717848448256793,-88.67732021548147,1.4023396,0.23399787,8.79266,6.4503727,-8.598562,0.0,1.7264826,-1.0780696,-7.0694585,6.5704713,-9.649642,0.0,-1.4981909,0.8963931,1.2446508,2.6840436,-6.6514,9.81562,20.293242,-27.158459,-44.335052,18.3225,11.80186,-12.210748,0.3007188,-19.689081,9.581915,-31.49017,5.7323236,5.614725,19.050814
84,0.03115902654826641,1.6590903997421265,66.58047485351562,0.05967297015795687,0.47178493370323926,-88.67732021348895,1.4020975,0.23402022,8.792529,6.450101,-8.598113,0.0,1.726333,-1.07803,-7.069446,6.570317,-9.649419,0.0,-1.4981909,0.8963931,1.2446508,2.6840436,-6.6514,9.81562,20.293242,-27.158459,-44.335052,18.3225,11.80186,-12.210748,0.3007188,-19.689081,9.581915,-31.49017,5.7323236,5.614725,19.050814
85,0.031313177198171616,1.6603868007659912,66.58055114746094,0.059561191441565374,0.4708497188704012,-88.67786216323599,1.4022508,0.23382796,8.79281,6.4499083,-8.597186,0.0,1.7260845,-1.0781521,-7.0689383,6.5700455,-9.648195,0.0,-1.49858,0.89671296,1.2456626,2.684044,-6.6513867,9.815603,20.295628,-27.158638,-44.33532,18.322567,11.801823,-12.210748,0.3005929,-19.69151,9.581956,-31.490343,5.7322555,5.6146374,19.050997
86,0.03310671076178551,1.6653385162353516,66.58078002929688,0.05859454272087187,0.46534694613211036,-88.68311944506553,1.4038422,0.23300634,8.796941,6.4506025,-8.594225,0.0,1.7256892,-1.0791821,-7.0646133,6.5700765,-9.642564,0.0,-1.5023876,0.90038824,1.252046,2.684044,-6.651275,9.815448,20.31324,-27.15997,-44.337337,18.323088,11.801518,-12.210748,0.29961923,-19.709463,9.582282,-31.491682,5.731732,5.613957,19.052387
87,0.037664998322725296,1.6719410419464111,66.58155822753906,0.0569135370630538,0.4598931862068905,-88.68939864272463,1.4042875,0.2306622,8.80214,6.451217,-8.5904255,0.0,1.7236987,-1.0818299,-7.0593185,6.568948,-9.633959,0.0,-1.5069947,0.9052251,1.2572299,2.6840425,-6.6511497,9.815267,20.330662,-27.16128,-44.33939,18.323626,11.801194,-12.210748,0.29861233,-19.72723,9.582629,-31.493065,5.7311997,5.6132555,19.053787
88,0.040684137493371964,1.67713463306427,66.58219909667969,0.05530665734191274,0.4547255193936289,-88.69594280756488,1.4057612,0.22934426,8.8075485,6.4519506,-8.587849,0.0,1.7224301,-1.0833538,-7.0539637,6.5686803,-9.627161,0.0,-1.5120499,0.9108249,1.2614692,2.684039,-6.651009,9.815058,20.348038,-27.162584,-44.34149,18.324179,11.800848,-12.210748,0.29756266,-19.744953,9.583015,-31.494507,5.7306695,5.6125226,19.0552
89,0.04143139719963074,1.6804910898208618,66.58242797851562,0.05461968929576861,0.4516424943578395,-88.69912041256322,1.4061937,0.22922386,8.810353,6.4520664,-8.585435,0.0,1.7216088,-1.0836014,-7.0514803,6.5681605,-9.622514,0.0,-1.5147203,0.9136942,1.2632805,2.6840363,-6.6509314,9.814941,20.356663,-27.163227,-44.34255,18.324451,11.800669,-12.210748,0.29702538,-19.753744,9.583233,-31.495243,5.7304196,5.612144,19.055904
90,0.04153919592499733,1.6862515211105347,66.5828628540039,0.054024769081408665,0.4477514142989106,-88.70202288905912,1.405778,0.22947262,8.813077,6.451801,-8.580955,0.0,1.7199262,-1.0834191,-7.049358,6.567175,-9.615599,0.0,-1.5174458,0.9165057,1.2648473,2.684032,-6.650845,9.81481,20.365252,-27.163872,-44.34362,18.324713,11.800482,-12.210748,0.29647443,-19.762497,9.583487,-31.496008,5.7301903,5.6117496,19.056608
91,0.04272390529513359,1.6921403408050537,66.58354949951172,0.0530938427298895,0.44329762635349756,-88.70472871692995,1.4052933,0.2292743,8.815759,6.4511366,-8.575502,0.0,1.7182257,-1.0838265,-7.047344,6.566461,-9.608235,0.0,-1.5203106,0.9194043,1.2663379,2.684026,-6.650744,9.814654,20.374344,-27.164558,-44.344776,18.324986,11.800275,-12.210748,0.29587442,-19.771757,9.583793,-31.496841,5.7299695,5.6113143,19.057358
92,0.04303737357258797,1.6985241174697876,66.58431243896484,0.052624300736906215,0.4384799106919385,-88.70706106256715,1.4051111,0.22930679,8.817939,6.450405,-8.5697,0.0,1.7165273,-1.0839344,-7.0456853,6.5662446,-9.6012335,0.0,-1.5229942,0.9222438,1.2677938,2.684019,-6.650636,9.81449,20.38313,-27.16522,-44.345905,18.325247,11.800066,-12.210748,0.29527846,-19.7807,9.58412,-31.497675,5.729771,5.6108775,19.058086
93,0.04416371136903763,1.7090651988983154,66.58566284179688,0.0520289405087025,0.4296472194467618,-88.71106208231532,1.40466,0.22875233,8.821363,6.450497,-8.560295,0.0,1.7142128,-1.084917,-7.042693,6.5660057,-9.589734,0.0,-1.5275991,0.9279772,1.2708,2.6840043,-6.6504083,9.814155,20.399902,-27.166468,-44.34812,18.32577,11.799646,-12.210748,0.29409707,-19.797789,9.584788,-31.499329,5.7293987,5.6100082,19.059502
94,0.046190205961465836,1.7209138870239258,66.5869140625,0.05190620572255313,0.42028845107847135,-88.71482014921149,1.403931,0.2270452,8.824591,6.4502125,-8.54963,0.0,1.7121956,-1.086989,-7.039862,6.564914,-9.57716,0.0,-1.5315523,0.9340341,1.274347,2.6839876,-6.650156,9.813801,20.416761,-27.16769,-44.35039,18.326323,11.799208,-12.210748,0.29286706,-19.814974,9.585486,-31.501043,5.7290235,5.609106,19.06094
95,0.04952730983495712,1.7337265014648438,66.58830261230469,0.05222960418480215,0.4107392789378856,-88.71815158495124,1.4032861,0.22379966,8.827541,6.44832,-8.537473,0.0,1.7098483,-1.090502,-7.0372744,6.562857,-9.563007,0.0,-1.534706,0.9404976,1.2784181,2.68397,-6.6498866,9.813436,20.433182,-27.16885,-44.35265,18.326885,11.79876,-12.210748,0.29162955,-19.83172,9.586188,-31.50276,5.728656,5.6082025,19.062357
96,0.04915855824947357,1.7455272674560547,66.58965301513672,0.05341736167729394,0.40131888117240316,-88.72065399687855,1.4019477,0.22261278,8.829565,6.4479623,-8.526191,0.0,1.7075621,-1.0919808,-7.0355277,6.562681,-9.551304,0.0,-1.5372535,0.9480007,1.2828578,2.6839504,-6.649594,9.813045,20.449556,-27.169992,-44.354958,18.32746,11.798285,-12.210748,0.2903627,-19.84844,9.586926,-31.504519,5.7282953,5.6072807,19.063786
97,0.048466891050338745,1.7599353790283203,66.5914535522461,0.05583016416773551,0.3869416421809024,-88.72278790131284,1.4028087,0.22048189,8.831271,6.4481406,-8.513202,0.0,1.7072644,-1.0944881,-7.0340557,6.5633163,-9.537462,0.0,-1.5410105,0.96550846,1.2914997,2.6839082,-6.64897,9.812181,20.481073,-27.172241,-44.359684,18.328588,11.797247,-12.210748,0.28782254,-19.880688,9.588478,-31.508064,5.7276077,5.6054425,19.06664
98,0.04752335324883461,1.7721692323684692,66.59318542480469,0.058543193346782645,0.37426631860129006,-88.72208055416773,1.4024199,0.21850339,8.830595,6.450008,-8.502709,0.0,1.7073231,-1.0969039,-7.0347605,6.5653224,-9.527106,0.0,-1.5439374,0.98602027,1.3000288,2.6838613,-6.6483035,9.811199,20.511965,-27.17449,-44.364582,18.32968,11.796094,-12.210748,0.2852567,-19.912323,9.590115,-31.511656,5.726948,5.603606,19.069513
99,0.04651390016078949,1.7877827882766724,66.59488677978516,0.0629848878724254,0.35582211438910377,-88.71659476602196,1.4036093,0.21507573,8.826236,6.451062,-8.487233,0.0,1.710473,-1.1009352,-7.03936,6.5686464,-9.515298,0.0,-1.5486065,1.0301079,1.3146478,2.6837578,-6.646886,9.808903,20.570183,-27.179026,-44.3749,18.331823,11.79348,-12.210748,0.2799935,-19.97212,9.593573,-31.519047,5.7256536,5.599889,19.075329
100,0.04616484045982361,1.8063666820526123,66.5968246459961,0.06708028674769259,0.3396937375551849,-88.7089267583901,1.4014211,0.21142231,8.820372,6.448941,-8.467249,0.0,1.7113461,-1.1048208,-7.0457764,6.5679,-9.49932,0.0,-1.5524107,1.0771027,1.3273089,2.683645,-6.645384,9.806321,20.62615,-27.183619,-44.385696,18.333916,11.790609,-12.210748,0.27456632,-20.029663,9.597284,-31.526693,5.724425,5.5960603,19.081232
101,0.04883423075079918,1.8246307373046875,66.5986328125,0.06975735791631846,0.3259384228735094,-88.70064897368962,1.3961401,0.20703737,8.814388,6.44878,-8.448368,0.0,1.7098664,-1.1098119,-7.0525827,6.5680137,-9.483926,0.0,-1.5552744,1.126726,1.3381115,2.6835241,-6.643798,9.803525,20.679981,-27.188358,-44.39692,18.335894,11.787547,-12.210748,0.26891857,-20.085032,9.601339,-31.534698,5.7233057,5.592027,19.087248
102,0.051582708954811096,1.8425058126449585,66.60089111328125,0.072073830380265,0.31437583697484967,-88.69237144010496,1.389509,0.20299922,8.808517,6.4468317,-8.4281845,0.0,1.7066804,-1.1144468,-7.0594664,6.566932,-9.467762,0.0,-1.5571036,1.1790001,1.347387,2.6833956,-6.6421266,9.800551,20.731787,-27.193314,-44.408554,18.337704,11.7843275,-12.210748,0.2630099,-20.138311,9.605808,-31.543133,5.7223353,5.587723,19.093393
103,0.05040179193019867,1.861519694328308,66.60275268554688,0.07425986809762201,0.30458426861176374,-88.68394369934275,1.3803399,0.2020717,8.802322,6.444543,-8.406369,0.0,1.7014923,-1.1157143,-7.0667906,6.564885,-9.450775,0.0,-1.5578045,1.2343135,1.3552175,2.6832604,-6.640367,9.797389,20.781755,-27.198439,-44.420605,18.339396,11.780947,-12.210748,0.25682738,-20.189726,9.61077,-31.552036,5.7215533,5.5831165,19.099684
104,0.04934973642230034,1.885357141494751,66.60533905029297,0.07700406917780178,0.2907079896643248,-88.67044625120768,1.3691044,0.20072816,8.792018,6.4429235,-8.379346,0.0,1.696144,-1.1176195,-7.0783167,6.564278,-9.430865,0.0,-1.5584583,1.3336695,1.366368,2.6829767,-6.6366987,9.790248,20.870985,-27.20849,-44.44595,18.342997,11.773594,-12.210748,0.24371894,-20.28177,9.621501,-31.570953,5.720195,5.5732565,19.112572
105,0.049664970487356186,1.9144784212112427,66.60746765136719,0.07203382794444443,0.109093213388497,-88.62487035538409,1.4855015,0.20989385,8.735471,6.501288,-8.373019,0.0,1.8436227,-1.1153777,-7.135695,6.6016564,-9.432782,0.0,-1.600798,1.8220505,1.4106498,2.3232882,-1.8935426,11.23559,21.630857,-27.408775,-48.663536,19.44706,12.748396,-12.210748,0.3066522,-21.009485,9.905241,-33.639523,5.184835,5.7213645,21.293535
106,0.0492725633084774,1.9322023391723633,66.60890197753906,0.07230340785839674,0.10620200820754937,-88.62311858702316,1.4747707,0.20939192,8.7347355,6.4934735,-8.351727,0.0,1.8332949,-1.1154368,-7.137228,6.5954037,-9.413293,0.0,-1.5996808,1.8273709,1.4109753,2.3232696,-1.89323,11.236114,21.639355,-27.40972,-48.663795,19.447355,12.748431,-12.210748,0.30687714,-21.016945,9.906365,-33.639717,5.184892,5.721333,21.293688
107,0.046946290880441666,1.9598891735076904,66.61119079589844,0.07386493482362667,0.10705171676813548,-88.61434048579021,1.4494992,0.2093016,8.728502,6.485351,-8.319328,0.0,1.8110713,-1.1151966,-7.1446233,6.5889134,-9.385571,0.0,-1.5939301,1.8610604,1.4126787,2.3231921,-1.8918902,11.237939,21.671051,-27.413063,-48.66517,19.448885,12.748324,-12.210748,0.3077043,-21.045107,9.911676,-33.64084,5.185534,5.7209787,21.29443
108,0.046754609793424606,1.9891974925994873,66.61407470703125,0.07642815160001232,0.11686171784037552,-88.6001069130686,1.4102119,0.2072092,8.717948,6.480838,-8.2857895,0.0,1.7787901,-1.1175008,-7.156361,6.5849557,-9.359064,0.0,-1.5833299,1.932298,1.4163274,2.323029,-1.8890516,11.240417,21.7281,-27.419025,-48.66921,19.452333,12.747372,-12.210748,0.3086388,-21.096224,9.923526,-33.64419,5.18741,5.7196484,21.296133
109,0.04375694692134857,2.0220983028411865,66.61699676513672,0.07901726735513777,0.12649534642268304,-88.58667477540526,1.3683281,0.20717692,8.707568,6.476346,-8.249377,0.0,1.7428999,-1.1177387,-7.1679034,6.580822,-9.329099,0.0,-1.5714577,2.0069325,1.4201096,2.3228638,-1.8860711,11.241855,21.781858,-27.42471,-48.67437,19.4556,12.74585,-12.210748,0.30899957,-21.144566,9.936632,-33.64848,5.1899695,5.7177987,21.298004
110,0.04064302518963814,2.0588486194610596,66.6214599609375,0.08096679954089947,0.14420378221130062,-88.57069178988245,1.3124986,0.20814285,8.694684,6.4738407,-8.209212,0.0,1.6948597,-1.1173426,-7.181877,6.578545,-9.296997,0.0,-1.5518854,2.1197267,1.4265695,2.32253,-1.8798641,11.241582,21.871157,-27.435734,-48.68813,19.461323,12.741218,-12.210748,0.30754292,-21.22508,9.964243,-33.65972,5.1958838,5.7128325,21.302013
111,0.03884328901767731,2.091045379638672,66.62519836425781,0.08257156341594521,0.15218824405489273,-88.55931391105649,1.2729906,0.20804577,8.685556,6.469176,-8.173581,0.0,1.6611124,-1.1175898,-7.191912,6.573759,-9.266876,0.0,-1.5378094,2.190199,1.4305185,2.3223653,-1.8766217,11.240794,21.917212,-27.441345,-48.69575,19.46359,12.738601,-12.210748,0.30659625,-21.26653,9.979606,-33.665947,5.1996875,5.710007,21.304165
112,0.0339750200510025,2.132481813430786,66.63024139404297,0.08447010269691564,0.17275544880610436,-88.54397490298662,1.210992,0.2102948,8.673018,6.4648666,-8.127987,0.0,1.6068099,-1.1157709,-7.205793,6.5689173,-9.228876,0.0,-1.5143262,2.3113577,1.43798,2.3220222,-1.8698874,11.2364,21.993872,-27.45186,-48.713932,19.467625,12.731925,-12.210748,0.3024108,-21.335995,10.011439,-33.68107,5.2080264,5.703159,21.3085
113,0.030745338648557663,2.1780872344970703,66.63600158691406,0.08341814686343434,0.20579624014852407,-88.53051929134736,1.1339967,0.21374834,8.661576,6.4589095,-8.07826,0.0,1.5356284,-1.1127679,-7.2187557,6.5643682,-9.1863985,0.0,-1.4855313,2.4646196,1.4491976,2.3212821,-1.8559415,11.221826,22.105217,-27.46912,-48.756332,19.477156,12.7153635,-12.210748,0.28816086,-21.437641,10.073349,-33.717285,5.223797,5.686945,21.316965
114,0.02850673720240593,2.222830057144165,66.6412353515625,0.08292135209303844,0.23821904707040656,-88.51835793562185,1.0586165,0.21582139,8.651445,6.45415,-8.030778,0.0,1.465393,-1.1112449,-7.2305446,6.5595555,-9.143851,0.0,-1.4616067,2.6003346,1.4589477,2.3204832,-1.8414727,11.203729,22.199343,-27.482763,-48.80241,19.48868,12.696697,-12.210748,0.26969856,-21.524023,10.135433,-33.757812,5.2389703,5.668914,21.325161
115,0.028287800028920174,2.276333808898926,66.64735412597656,0.07704542365157192,0.3085533936294519,-88.49920317050943,0.919766,0.22258162,8.616632,6.4822884,-7.991168,0.0,1.3365816,-1.1089933,-7.262027,6.5851026,-9.110166,0.0,-1.4499209,2.785302,1.4920363,2.0563836,2.8529873,11.645885,22.471264,-27.572142,-50.335846,20.113983,12.75917,-12.210748,0.52365035,-21.734964,10.733627,-35.0815,5.209271,5.8949814,21.420624
116,0.028725748881697655,2.3131744861602783,66.65116119384766,0.07981513755299287,0.32612093079885013,-88.48232574975552,0.86757696,0.2194421,8.604423,6.4722614,-7.946833,0.0,1.2916639,-1.1120263,-7.276108,6.57644,-9.073866,0.0,-1.437452,2.8691082,1.4939344,2.0561604,2.8578596,11.647183,22.513298,-27.57774,-50.339127,20.115261,12.758463,-12.210748,0.5246618,-21.767319,10.757012,-35.08719,5.2111964,5.8941035,21.420664
117,0.023937784135341644,2.3700058460235596,66.65876770019531,0.08162403385933707,0.4087077051737187,-88.4442788378811,0.7196099,0.22249666,8.566689,6.4759645,-7.8851695,0.0,1.1643314,-1.1107076,-7.3176737,6.57542,-9.027869,0.0,-1.4290106,3.0562363,1.5069807,1.902587,6.035304,11.764131,22.691103,-27.645384,-50.77979,20.331654,12.73636,-12.210748,0.7537156,-21.90051,11.325842,-35.8324,4.9209137,6.1479244,21.129309
118,0.016995497047901154,2.4270806312561035,66.66492462158203,0.08356824748532757,0.46836179049025545,-88.40590261372873,0.5969047,0.22687128,8.529924,6.4748774,-7.820645,0.0,1.0633103,-1.1071508,-7.3572702,6.567089,-8.978206,0.0,-1.4276702,3.1937323,1.5127943,1.8241086,8.117404,11.785442,22.81469,-27.684986,-50.98915,20.404272,12.729272,-12.210748,0.92235094,-21.994781,11.823971,-36.366497,4.644793,6.3820505,20.851202
119,0.010317972861230373,2.4840903282165527,66.67134857177734,0.08445835707517624,0.5312992759199267,-88.36488864709551,0.46896872,0.23219837,8.490519,6.4765153,-7.7570863,0.0,0.9580607,-1.1029354,-7.399269,6.562057,-8.9309225,0.0,-1.4238964,3.3408294,1.5180241,1.7806901,9.515588,11.767341,22.900978,-27.695381,-51.127533,20.424288,12.7007675,-12.210748,1.038483,-22.064623,12.258072,-36.80637,4.45062,6.5655007,20.608068
120,0.00526140071451664,2.544020414352417,66.6777572631836,0.08690142777759352,0.5947418062270203,-88.32505739991025,0.33946097,0.23446235,8.453113,6.4750714,-7.689821,0.0,0.8501186,-1.1016716,-7.439889,6.5553064,-8.879638,0.0,-1.4114106,3.5041704,1.5228363,1.746081,10.483478,11.726,22.961746,-27.683117,-51.232796,20.416851,12.664805,-12.210748,1.1075058,-22.119152,12.639026,-37.1762,4.2990537,6.714595,20.4044
121,0.00013634562492370605,2.6066677570343018,66.68367004394531,0.08843843953714348,0.6555142680904241,-88.28691568064576,0.2102633,0.23749775,8.418469,6.4744906,-7.621567,0.0,0.7394927,-1.1000812,-7.4787126,6.553319,-8.82799,0.0,-1.3859476,3.6871874,1.527331,1.7028888,11.174862,11.668134,23.004732,-27.654295,-51.32172,20.395248,12.625715,-12.210748,1.1361046,-22.164066,12.975806,-37.486034,4.1600757,6.835689,20.246433
122,-0.005594993010163307,2.673011302947998,66.69026947021484,0.090505588750747,0.7158914874621082,-88.24860908248296,0.07927865,0.24021609,8.384433,6.4708457,-7.5483227,0.0,0.6274067,-1.0985166,-7.5177584,6.548614,-8.771925,0.0,-1.3516493,3.8855991,1.5317805,1.6447798,11.6852255,11.598326,23.035376,-27.614029,-51.401463,20.361698,12.585201,-12.210748,1.1312227,-22.20276,13.277729,-37.74992,4.0392704,6.934518,20.128153
123,-0.010966604575514793,2.7453560829162598,66.6977767944336,0.09248500340689422,0.7813577606124508,-88.2104837615013,-0.061578527,0.24250622,8.350709,6.465327,-7.46855,0.0,0.50501555,-1.0974005,-7.5565434,6.542308,-8.709066,0.0,-1.3147796,4.0945787,1.5364065,1.573651,12.075234,11.519805,23.057493,-27.564724,-51.470886,20.317514,12.542403,-12.210748,1.0983042,-22.237392,13.553273,-37.98221,3.9507887,7.0164075,20.028727
124,-0.01559966430068016,2.819509506225586,66.70528411865234,0.09372420989042615,0.8573356908818757,-88.17281437230028,-0.21532263,0.24490736,8.316839,6.4610524,-7.387474,0.0,0.3698069,-1.0963295,-7.594609,6.5367804,-8.644607,0.0,-1.2816738,4.308844,1.5415596,1.4961587,12.38442,11.433901,23.073837,-27.50682,-51.527546,20.262875,12.497594,-12.210748,1.0437405,-22.269194,13.8108425,-38.197792,3.9081306,7.086097,19.927698
125,-0.022948523983359337,2.891334295272827,66.71326446533203,0.09452469580182576,0.9472376588476101,-88.13506463405362,-0.382827,0.25000378,8.2814455,6.460856,-7.309924,0.0,0.22176524,-1.0926238,-7.6325517,6.53297,-8.58324,0.0,-1.255454,4.5230565,1.5472083,1.4173899,12.640721,11.341934,23.086311,-27.44082,-51.56884,20.198582,12.451001,-12.210748,0.9758793,-22.299128,14.058125,-38.4069,3.9156857,7.15034,19.807383
126,-0.02886030450463295,2.968074321746826,66.72179412841797,0.09479064244976611,1.0475651345200856,-88.09725821349052,-0.56566143,0.25435352,8.245452,6.460762,-7.227599,0.0,0.05940474,-1.0897202,-7.670254,6.5275993,-8.516313,0.0,-1.2324392,4.7412004,1.5530987,1.3383372,12.858722,11.243581,23.096111,-27.36715,-51.59985,20.126902,12.403422,-12.210748,0.8997155,-22.327774,14.300231,-38.61432,3.9535408,7.2105536,19.674397
127,-0.03470601141452789,3.0550546646118164,66.73075866699219,0.0947210013760393,1.1534704605232224,-88.06064961611766,-0.76117635,0.25849417,8.210876,6.456699,-7.1341953,0.0,-0.116966076,-1.0868565,-7.706857,6.5190597,-8.437801,0.0,-1.208798,4.9723907,1.5591832,1.260269,13.042389,11.137331,23.104006,-27.285822,-51.62847,20.048613,12.356048,-12.210748,0.80990964,-22.355642,14.539633,-38.820217,4.0062585,7.263636,19.54038
128,-0.042771779000759125,3.1511716842651367,66.73979187011719,0.0939262168144909,1.2600834345037761,-88.02663503741167,-0.9648474,0.26482725,8.179513,6.452143,-7.0326076,0.0,-0.30232412,-1.081853,-7.741299,6.5092273,-8.349951,0.0,-1.1805879,5.226103,1.5651506,1.1844702,13.187606,11.020951,23.110508,-27.19698,-51.66241,19.964052,12.3102455,-12.210748,0.69825727,-22.382866,14.776803,-39.020226,4.0593834,7.303969,19.421497
129,-0.05171656981110573,3.2516844272613525,66.74873352050781,0.09231236302130572,1.3633246678368602,-87.9970334818326,-1.1679811,0.27248955,8.153466,6.4466076,-6.9269223,0.0,-0.48981947,-1.0756955,-7.7717595,6.499748,-8.256937,0.0,-1.1457635,5.507743,1.570782,1.1127716,13.291483,10.893221,23.115986,-27.100163,-51.70465,19.873205,12.268204,-12.210748,0.5588648,-22.409416,15.012106,-39.20733,4.112593,7.3198895,19.328075
130,-0.062116678804159164,3.353853225708008,66.7576675415039,0.09010048363188974,1.4666568292533955,-87.97055102991652,-1.374086,0.2820718,8.130982,6.443807,-6.8207917,0.0,-0.68102586,-1.0680863,-7.7993455,6.4925604,-8.16274,0.0,-1.1066481,5.8114004,1.5763214,1.0456232,13.354256,10.755434,23.120718,-26.995893,-51.751423,19.776728,12.229073,-12.210748,0.3923595,-22.435362,15.246025,-39.38027,4.17266,7.3155394,19.251978
131,-0.07166289538145065,3.4602999687194824,66.76677703857422,0.08726224944522451,1.5766029468342997,-87.9440671439338,-1.591485,0.29158813,8.108853,6.443098,-6.712272,0.0,-0.88350576,-1.0608748,-7.8269258,6.486466,-8.06492,0.0,-1.065896,6.129764,1.5827063,0.981315,13.377944,10.609697,23.124947,-26.885899,-51.79989,19.676136,12.189073,-12.210748,0.20296648,-22.460962,15.478678,-39.54686,4.234201,7.310651,19.182938
132,-0.08296287059783936,3.5667850971221924,66.77698516845703,0.08398295329208516,1.699586217102818,-87.91454577851144,-1.8236935,0.3029659,8.083497,6.4428234,-6.6024146,0.0,-1.0985655,-1.051813,-7.8576727,6.480181,-7.967567,0.0,-1.0262172,6.4553504,1.5909019,0.9167637,13.363279,10.458296,23.128855,-26.772888,-51.847923,19.573345,12.144343,-12.210748,-0.0042770053,-22.486643,15.710381,-39.717564,4.2914753,7.3278594,19.108658
133,-0.09794702380895615,3.687220811843872,66.78739929199219,0.08016713352488271,1.831498320308123,-87.87997918158514,-2.0770142,0.31727758,8.053037,6.4390945,-6.4770126,0.0,-1.3325875,-1.0396155,-7.8938274,6.469801,-7.856603,0.0,-0.9885233,6.791595,1.6009139,0.84950477,13.307878,10.299992,23.132723,-26.658382,-51.891357,19.470852,12.091255,-12.210748,-0.2259287,-22.512852,15.941603,-39.899,4.339107,7.3844132,19.026869
134,-0.10722441226243973,3.8101394176483154,66.79823303222656,0.07608677040890555,1.9708206840031082,-87.84236570107117,-2.341315,0.3272929,8.019891,6.4365788,-6.350068,0.0,-1.5817605,-1.032862,-7.932565,6.473175,-7.750948,0.0,-0.9513961,7.1407914,1.6121447,0.7790789,13.210966,10.133887,23.136679,-26.542437,-51.93252,19.368114,12.032084,-12.210748,-0.46134415,-22.539726,16.17355,-40.09145,4.3779497,7.469813,18.941957
135,-0.11475704610347748,3.9386801719665527,66.80891418457031,0.07275228092884656,2.1281575139486146,-87.80453701845921,-2.6287718,0.33491474,7.986802,6.434423,-6.218771,0.0,-1.8587261,-1.029325,-7.9712863,6.486562,-7.6453967,0.0,-0.91393435,7.4929237,1.6240672,0.7057743,13.079379,9.962543,23.140675,-26.42611,-51.978706,19.262506,11.972119,-12.210748,-0.71133983,-22.567429,16.407862,-40.292587,4.415356,7.5625362,18.848846
136,-0.12607786059379578,4.06749963760376,66.81965637207031,0.06936913115626682,2.314165306882474,-87.76942331241749,-2.9431841,0.34511384,7.95621,6.427788,-6.0842705,0.0,-2.164701,-1.022713,-8.007493,6.4976716,-7.53767,0.0,-0.8749577,7.8380556,1.6379812,0.63037294,12.925014,9.78907,23.144667,-26.31102,-52.038284,19.151905,11.916625,-12.210748,-0.9760459,-22.596094,16.646433,-40.499958,4.4570217,7.6389055,18.74354
137,-0.13898412883281708,4.202479362487793,66.82991790771484,0.06555426512415378,2.5267369554867316,-87.73688936924535,-3.2865953,0.35631564,7.928642,6.4153643,-5.941503,0.0,-2.502515,-1.0146967,-8.041256,6.506966,-7.4230723,0.0,-0.8366141,8.180229,1.6541284,0.5526726,12.760222,9.616454,23.14851,-26.198174,-52.120243,19.035347,11.870688,-12.210748,-1.255956,-22.625906,16.890575,-40.712646,4.4993134,7.6878486,18.614523
138,-0.14952367544174194,4.33803653717041,66.84014892578125,0.061049039536663956,2.761829043313836,-87.7058073090231,-3.6523018,0.36607367,7.902956,6.4017,-5.7980576,0.0,-2.8644872,-1.0081991,-8.073398,6.5170803,-7.307413,0.0,-0.7985642,8.522515,1.6726176,0.47278288,12.5876875,9.443229,23.152323,-26.088158,-52.21983,18.915384,11.831006,-12.210748,-1.5504756,-22.656898,17.14109,-40.931107,4.5392294,7.7201443,18.465837
139,-0.16220274567604065,4.48089599609375,66.85059356689453,0.05699633529691893,3.0273063630538655,-87.67736458417605,-4.0525823,0.37655723,7.8793826,6.384056,-5.6462626,0.0,-3.2641017,-1.000835,-8.102988,6.5265217,-7.184138,0.0,-0.75619006,8.85329,1.6926081,0.39283174,12.400984,9.2654,23.156515,-25.981997,-52.32369,18.794708,11.789942,-12.210748,-1.859258,-22.688957,17.398167,-41.153755,4.5865736,7.7471595,18.316652
140,-0.1728484332561493,4.636875152587891,66.86183166503906,0.05418979702856456,3.3311712120185444,-87.65276250761352,-4.500866,0.3837055,7.8587494,6.363447,-5.4820766,0.0,-3.7127535,-0.99675685,-8.128481,6.5313535,-7.0455036,0.0,-0.7047875,9.160934,1.713508,0.31594306,12.187901,9.0779915,23.161581,-25.880905,-52.41536,18.676235,11.737614,-12.210748,-2.1828237,-22.72181,17.660954,-41.37791,4.653003,7.7802477,18.188162
141,-0.18952572345733643,4.792499542236328,66.87307739257812,0.05279363651740872,3.6819958987301256,-87.63342700408408,-4.997062,0.39439893,7.8409066,6.346274,-5.3193417,0.0,-4.2120047,-0.9894766,-8.148601,6.541187,-6.908976,0.0,-0.6416152,9.436478,1.7347095,0.24497484,11.9319725,8.877474,23.168089,-25.78623,-52.488968,18.559467,11.667961,-12.210748,-2.5220938,-22.75505,17.928543,-41.603638,4.7525935,7.827133,18.09875
142,-0.20158730447292328,4.947947978973389,66.8843002319336,0.05229220331559162,4.073352955453154,-87.61844128069771,-5.5347033,0.4007717,7.8261924,6.332616,-5.1594496,0.0,-4.7552686,-0.98720366,-8.163626,6.555587,-6.77305,0.0,-0.56964946,9.687906,1.756795,0.1800038,11.630281,8.665699,23.17609,-25.698175,-52.55089,18.444143,11.585119,-12.210748,-2.879116,-22.788633,18.200157,-41.83087,4.8795395,7.8825192,18.036804
143,-0.21349848806858063,5.122442245483398,66.89522552490234,0.052377574476188654,4.491077853571144,-87.60492276751208,-6.111028,0.40537876,7.813105,6.3102055,-4.9788294,0.0,-5.338493,-0.9860307,-8.177259,6.5616465,-6.615326,0.0,-0.49307907,9.9292755,1.7807926,0.11904076,11.295077,8.447395,23.185123,-25.614779,-52.608765,18.332483,11.498899,-12.210748,-3.2529101,-22.822617,18.47383,-42.058243,5.011816,7.9346294,17.97879
144,-0.22674182057380676,5.2884521484375,66.90478515625,0.04976127245721664,4.920861718277062,-87.59045231490902,-6.6977224,0.4144458,7.799409,6.3002563,-4.8124967,0.0,-5.930045,-0.9814328,-8.192216,6.5766587,-6.4703975,0.0,-0.4149301,10.174439,1.8110135,0.05931596,10.949952,8.227951,23.194382,-25.532827,-52.671127,18.225634,11.420047,-12.210748,-3.6428077,-22.857454,18.74757,-42.283848,5.1271243,7.9710345,17.898945
145,-0.2346244603395462,5.45155668258667,66.91345977783203,0.046405098922864166,5.367713584300425,-87.5759108474119,-7.3052335,0.4208124,7.787417,6.303844,-4.6570044,0.0,-6.535694,-0.9805277,-8.207723,6.5910482,-6.32746,0.0,-0.33539173,10.415041,1.8450978,-0.00052945304,10.619562,8.0118475,23.203236,-25.45196,-52.737556,18.125168,11.353193,-12.210748,-4.04302,-22.893085,19.020586,-42.508022,5.2188096,7.980777,17.787477
146,-0.2474682629108429,5.62939977645874,66.92217254638672,0.04384719888061135,5.83647578090897,-87.56189498718943,-7.943,0.4292308,7.7768803,6.2977686,-4.483541,0.0,-7.1740937,-0.9768108,-8.223585,6.6000676,-6.169087,0.0,-0.25296485,10.647543,1.8814615,-0.060196307,10.308774,7.797347,23.21163,-25.371668,-52.80825,18.028742,11.295114,-12.210748,-4.453392,-22.929672,19.293776,-42.732407,5.297036,7.970432,17.655943
147,-0.25754350423812866,5.799408435821533,66.9308090209961,0.04135144858647154,6.31187947070324,-87.54605464122548,-8.584621,0.43583974,7.764311,6.2987103,-4.3202515,0.0,-7.815238,-0.9756796,-8.240343,6.6160965,-6.021227,0.0,-0.16929187,10.89325,1.9218692,-0.11979698,10.0051775,7.5793,23.21947,-25.288832,-52.885788,17.93207,11.239548,-12.210748,-4.8815303,-22.967207,19.56531,-42.956944,5.366596,7.9540544,17.514566
148,-0.2657499611377716,5.978592872619629,66.93862915039062,0.038689756452023424,6.778679643950778,-87.52582470375351,-9.228914,0.4409077,7.746315,6.304276,-4.150646,0.0,-8.454582,-0.9763931,-8.259737,6.6312437,-5.865334,0.0,-0.085834496,11.173939,1.9682183,-0.1799882,9.685685,7.3517222,23.226667,-25.19871,-52.97301,17.829906,11.1810255,-12.210748,-5.3376245,-23.005848,19.833376,-43.18001,5.431661,7.94642,17.37586
149,-0.277542382478714,6.162590026855469,66.94623565673828,0.03645899608442904,7.235343202962317,-87.49866248777546,-9.871608,0.44806162,7.7198167,6.314058,-3.9763181,0.0,-9.088093,-0.97518885,-8.284771,6.6489153,-5.70771,0.0,-0.004903242,11.49168,2.0224793,-0.24045242,9.334706,7.1138377,23.232819,-25.098055,-53.066944,17.722792,11.11637,-12.210748,-5.8258,-23.045305,20.096085,-43.398556,5.4889593,7.95168,17.24773
150,-0.287596732378006,6.3533148765563965,66.9532470703125,0.03440479463089602,7.689018464188104,-87.46651966281158,-10.519662,0.45314577,7.6876106,6.325982,-3.7961059,0.0,-9.723604,-0.9761325,-8.313586,6.6665244,-5.544618,0.0,0.075108394,11.836581,2.0833347,-0.30118722,8.950189,6.8678336,23.237679,-24.986326,-53.165882,17.609745,11.048628,-12.210748,-6.34405,-23.08561,20.3531,-43.611275,5.5403676,7.962307,17.126469
151,-0.2941351532936096,6.553598403930664,66.95941925048828,0.03229234442302592,8.137871256766351,-87.43347756134533,-11.171844,0.45504192,7.6539726,6.339379,-3.6090124,0.0,-10.360913,-0.9801784,-8.341185,6.6803846,-5.3708715,0.0,0.15821111,12.211018,2.1477334,-0.36419463,8.528228,6.612897,23.241526,-24.863935,-53.27499,17.484245,10.982003,-12.210748,-6.890304,-23.12668,20.60485,-43.822716,5.5959578,7.975058,17.008583
152,-0.30336499214172363,6.744918346405029,66.965576171875,0.029065429714097823,8.57993050486315,-87.4036832729201,-11.813059,0.46082696,7.6221714,6.3606462,-3.4337108,0.0,-10.9853735,-0.98054075,-8.363055,6.6962833,-5.205879,0.0,0.24857233,12.617732,2.2128077,-0.43285424,8.063575,6.347939,23.245066,-24.732243,-53.399338,17.340233,10.920312,-12.210748,-7.462613,-23.168509,20.85163,-44.037453,5.667153,7.9876037,16.889687
153,-0.3144986033439636,6.938843250274658,66.97098541259766,0.023921741510034233,9.0166934453023,-87.37869138468956,-12.453794,0.47042835,7.594498,6.3885217,-3.2600658,0.0,-11.60531,-0.97681284,-8.37681,6.705612,-5.034347,0.0,0.3496846,13.056845,2.2794547,-0.5098603,7.54832,6.072985,23.24872,-24.590977,-53.540207,17.175152,10.870712,-12.210748,-8.059371,-23.211052,21.093029,-44.257008,5.7572002,8.002227,16.76647
154,-0.3227311670780182,7.137972831726074,66.97555541992188,0.017303428373989273,9.448531269156987,-87.3561977123162,-13.094077,0.4790064,7.5687933,6.4172616,-3.0834572,0.0,-12.221748,-0.9733949,-8.385071,6.706696,-4.8531785,0.0,0.4588685,13.52709,2.3492439,-0.5958708,6.979933,5.7887096,23.252615,-24.439905,-53.696125,16.992764,10.8300085,-12.210748,-8.680673,-23.254148,21.329422,-44.480904,5.859059,8.0191145,16.64291
155,-0.3334386348724365,7.3472418785095215,66.97914123535156,0.011088566771760322,9.87191687946743,-87.33433486765603,-13.734746,0.48864242,7.542024,6.446123,-2.8981822,0.0,-12.838472,-0.9687478,-8.391503,6.706319,-4.6623163,0.0,0.57071304,14.028951,2.4194825,-0.6908597,6.367428,5.4955015,23.257147,-24.281502,-53.866714,16.79798,10.785349,-12.210748,-9.327958,-23.29795,21.56296,-44.711678,5.9733453,8.035484,16.522062
156,-0.34804677963256836,7.561575412750244,66.98184204101562,0.0068974191364163575,10.28336706457142,-87.31130209515891,-14.366444,0.49853548,7.5112123,6.470285,-2.7050188,0.0,-13.449878,-0.9637904,-8.399397,6.711027,-4.470291,0.0,0.679949,14.56272,2.4875596,-0.7942925,5.7269435,5.193391,23.262928,-24.120058,-54.05105,16.596815,10.72213,-12.210748,-10.003303,-23.342773,21.79866,-44.94931,6.0961714,8.04604,16.407267
157,-0.35832467675209045,7.7679901123046875,66.98397064208984,0.006095569525391694,10.682614393328526,-87.28743152221858,-14.978684,0.5012942,7.4761767,6.4948697,-2.5197988,0.0,-14.048655,-0.96665025,-8.407559,6.730567,-4.292757,0.0,0.78571516,15.127092,2.5507429,-0.9052844,5.069176,4.883019,23.270794,-23.961334,-54.25055,16.385252,10.632353,-12.210748,-10.703813,-23.388647,22.041405,-45.19903,6.226332,8.04668,16.300287
158,-0.37083420157432556,7.976347923278809,66.9847183227539,0.007175756994811831,11.071078077219134,-87.26349663419388,-15.581293,0.5032672,7.438057,6.517692,-2.3315341,0.0,-14.642871,-0.97046334,-8.415176,6.7595954,-4.1187654,0.0,0.89103204,15.722419,2.611327,-1.0235575,4.3949594,4.563799,23.281141,-23.806677,-54.464935,16.165577,10.522326,-12.210748,-11.428433,-23.435675,22.293251,-45.46055,6.3604646,8.040848,16.196463
159,-0.3823851943016052,8.181474685668945,66.98469543457031,0.009047880015821057,11.448575214724338,-87.2380082591114,-16.172209,0.5035081,7.3973923,6.5452714,-2.149113,0.0,-15.226131,-0.9763822,-8.423755,6.7955327,-3.9515612,0.0,0.9962057,16.35149,2.673749,-1.149557,3.7085762,4.233658,23.29365,-23.651445,-54.69014,15.951863,10.401719,-12.210748,-12.184047,-23.484116,22.552896,-45.724495,6.4946184,8.034582,16.089882
160,-0.3898800015449524,8.385819435119629,66.98408508300781,0.010117572779741834,11.814487095150032,-87.20966958451336,-16.755447,0.5014199,7.354807,6.58092,-1.9719223,0.0,-15.798493,-0.9854447,-8.434882,6.8362474,-3.7881145,0.0,1.101619,17.017933,2.7425954,-1.2839425,3.0158315,3.8899326,23.307453,-23.487406,-54.922184,15.756742,10.281837,-12.210748,-12.9794655,-23.534204,22.816425,-45.97741,6.6282268,8.032278,15.976616
161,-0.39599844813346863,8.592025756835938,66.98209381103516,0.01027833773607708,12.16922931442139,-87.1732611590679,-17.334356,0.49865213,7.305003,6.6226683,-1.7953333,0.0,-16.358427,-0.99542326,-8.453791,6.874431,-3.6234198,0.0,1.2054495,17.724802,2.821219,-1.427658,2.3240361,3.5270686,23.32196,-23.306389,-55.160664,15.581662,10.164388,-12.210748,-13.819683,-23.585936,23.080795,-46.214138,6.7625346,8.035967,15.863371
162,-0.40661734342575073,8.81008243560791,66.97836303710938,0.01008214013010504,12.51271213274804,-87.13115579879982,-17.913973,0.49858627,7.2492566,6.664854,-1.6077883,0.0,-16.913975,-1.0022795,-8.478529,6.9071445,-3.4471276,0.0,1.3085368,18.46975,2.906667,-1.5803663,1.6357313,3.148081,23.336836,-23.107237,-55.40758,15.416793,10.046746,-12.210748,-14.702664,-23.639011,23.344679,-46.43906,6.902285,8.041559,15.7549095
163,-0.4173372983932495,9.028587341308594,66.97356414794922,0.009906594152839303,12.844241020817943,-87.09306579937247,-18.486086,0.49923727,7.198048,6.717265,-1.4259317,0.0,-17.463907,-1.0098246,-8.499395,6.9502053,-3.2749135,0.0,1.41513,19.24737,2.9942403,-1.7402475,0.9435475,2.7635446,23.3515,-22.892866,-55.663033,15.25732,9.933695,-12.210748,-15.624004,-23.693373,23.60834,-46.658146,7.0441933,8.044354,15.645986
164,-0.42719578742980957,9.243782997131348,66.96680450439453,0.010074141780590453,13.16325769722738,-87.06871357770103,-19.050402,0.5014646,7.1617794,6.7927365,-1.2614677,0.0,-18.014277,-1.0193267,-8.5069895,7.0204463,-3.1168475,0.0,1.5294065,20.052362,3.0798051,-1.9049715,0.23454033,2.384271,23.365274,-22.66849,-55.92842,15.099685,9.831073,-12.210748,-16.577402,-23.74894,23.872093,-46.87736,7.1854405,8.038681,15.528578
165,-0.4395359754562378,9.458123207092285,66.95628356933594,0.008867530933896412,13.456085480854226,-87.06104308048346,-19.596367,0.5102503,7.1430674,6.8941936,-1.1135547,0.0,-18.557041,-1.0266057,-8.499192,7.123333,-2.9732456,0.0,1.6528668,20.903542,3.1644983,-2.0718288,-0.5084392,2.0116522,23.37755,-22.437891,-56.21565,14.926322,9.74968,-12.210748,-17.563898,-23.805618,24.136538,-47.102077,7.3221602,8.022122,15.401063
166,-0.4492933750152588,9.67428207397461,66.94190216064453,0.006626561876514316,13.72758384930822,-87.06479250170554,-20.132101,0.5208311,7.1367106,7.0218844,-0.98027575,0.0,-19.09626,-1.0362817,-8.4805355,7.2551203,-2.8405402,0.0,1.7836787,21.796862,3.2511067,-2.2406585,-1.2892541,1.6405466,23.388296,-22.201075,-56.521225,14.744337,9.684043,-12.210748,-18.584099,-23.86344,24.402918,-47.330246,7.456446,7.9974256,15.26539
167,-0.4552656412124634,9.891765594482422,66.92316436767578,0.0065844517320539355,14.004472205876407,-87.07747511918754,-20.682585,0.52870303,7.1406236,7.172068,-0.86001414,0.0,-19.657316,-1.0523419,-8.452276,7.4149923,-2.7188926,0.0,1.9207791,22.692636,3.3375335,-2.414168,-2.094965,1.2717073,23.397963,-21.957037,-56.82279,14.589164,9.614904,-12.210748,-19.628595,-23.92247,24.672213,-47.559803,7.5896554,7.967181,15.119951
168,-0.4594842791557312,10.112051010131836,66.90074920654297,0.011914531800349385,14.313997134144554,-87.09646222733484,-21.273472,0.53164566,7.152554,7.337675,-0.74737823,0.0,-20.267786,-1.0761293,-8.415944,7.6015825,-2.6065958,0.0,2.062508,23.550945,3.4204915,-2.5962725,-2.902215,0.9073786,23.407248,-21.703243,-57.098026,14.497731,9.521804,-12.210748,-20.684477,-23.982788,24.94478,-47.79056,7.7227306,7.9336014,14.961001
169,-0.46732664108276367,10.328546524047852,66.8729248046875,0.023603726440695503,14.676519929776465,-87.1251154706137,-21.918442,0.53359807,7.1753883,7.5180774,-0.6478912,0.0,-21.115194,-1.1284765,-8.36418,8.185432,-2.7059028,0.0,2.2094376,24.344044,3.4965525,-2.7891057,-3.6883087,0.5512656,23.416876,-21.436806,-57.342316,14.484964,9.400091,-12.210748,-21.74241,-24.044653,25.222387,-48.031406,7.858338,7.895063,14.7803545
170,-0.4713153839111328,10.532341003417969,66.83929443359375,0.04003995785421212,15.073428129349898,-87.16337624055926,-22.595585,0.5312978,7.2095137,7.7232137,-0.5752258,0.0,-22.088196,-1.2004316,-8.298307,8.984337,-2.9275007,0.0,2.3611753,25.098549,3.5670826,-2.9923558,-4.448224,0.20346326,23.426973,-21.15666,-57.566776,14.531679,9.258194,-12.210748,-22.80569,-24.108236,25.50511,-48.284927,7.992898,7.8517256,14.578141
171,-0.4686250388622284,10.735076904296875,66.79777526855469,0.061679582167495244,15.473052488313714,-87.20342933255392,-23.282232,0.52070737,7.248573,7.947291,-0.5150552,0.0,-23.11654,-1.2889377,-8.227416,9.896389,-3.2082038,0.0,2.5145388,25.856483,3.6352744,-3.2060604,-5.191752,-0.13990746,23.437138,-20.864017,-57.77291,14.62195,9.096126,-12.210748,-23.887297,-24.173786,25.791685,-48.538895,8.119217,7.8108706,14.365401
172,-0.4751909375190735,10.939460754394531,66.74736785888672,0.08923291086187857,15.84356518095918,-87.23727980893815,-23.952084,0.5128836,7.284397,8.19145,-0.46133235,0.0,-24.16652,-1.3823112,-8.1616125,10.915611,-3.5459313,0.0,2.6666465,26.65944,3.7054713,-3.4304087,-5.9383717,-0.48517442,23.446568,-20.561182,-57.95982,14.740021,8.9131365,-12.210748,-24.998682,-24.240505,26.071516,-48.77712,8.239336,7.7757053,14.157571
173,-0.4760921895503998,11.13855266571045,66.68977355957031,0.1240262285795781,16.171134887206154,-87.2631751676854,-24.731909,0.51377964,7.316427,8.772172,-0.5908552,0.0,-25.197456,-1.4911497,-8.10138,11.998677,-3.9223995,0.0,2.8165877,27.530817,3.7781172,-3.6844578,-6.7120476,-0.8396592,23.454597,-20.247223,-58.12644,14.891121,8.692744,-12.210748,-26.153046,-24.307735,26.33665,-49.000244,8.368214,7.7534723,13.973857
174,-0.4775509238243103,11.336246490478516,66.61073303222656,0.1615458280478111,16.625927484910534,-87.28363882961943,-25.994665,0.5586232,7.3435493,10.11732,-1.1257124,0.0,-26.47128,-1.6182826,-8.042519,13.3336525,-4.4338665,0.0,2.962328,27.999987,3.847054,-4.242813,-8.158192,-1.1589162,23.46153,-19.78941,-58.314514,14.999134,8.576503,-12.210748,-27.629381,-24.422361,26.830326,-48.91245,8.338484,7.7387633,13.905315
175,-0.47911494970321655,11.525629043579102,66.54315948486328,0.19091016204595826,17.226095682954885,-87.30117888262816,-27.243185,0.5920256,7.3652964,11.1331005,-1.4916208,0.0,-27.736189,-1.7162092,-7.9938293,14.354989,-4.7873,0.0,3.1133785,27.999987,3.9244053,-4.439236,-8.560046,-1.1983093,23.46043,-19.57912,-58.3786,15.214901,8.234127,-12.210748,-28.340536,-24.471703,27.032131,-49.24148,8.496206,7.694173,13.688501
176,-0.4786975085735321,11.713452339172363,66.45994567871094,0.2202530877773114,17.830649436982558,-87.31611427478076,-28.576694,0.6347192,7.3834596,12.322158,-1.9487301,0.0,-29.067453,-1.8239193,-7.9446154,15.511975,-5.213818,0.0,3.271709,27.999987,4.008276,-4.6185303,-8.987527,-1.2743363,23.459618,-19.352451,-58.491634,15.427494,8.004858,-12.210748,-29.19865,-24.526087,27.240076,-49.471455,8.623651,7.655357,13.496991
177,-0.48336753249168396,11.90299129486084,66.36554718017578,0.24546155693548763,18.43078793056592,-87.32923921473778,-29.946901,0.6902494,7.395111,13.591967,-2.443422,0.0,-30.416382,-1.9260336,-7.8984075,16.712587,-5.66255,0.0,3.4376323,27.999987,4.098159,-4.694885,-9.391758,-1.3495421,23.45855,-19.123287,-58.57669,15.633484,7.8310285,-12.210748,-30.132511,-24.589062,27.490915,-49.639133,8.652072,7.5973964,13.282506
178,-0.4863846004009247,12.086143493652344,66.26152801513672,0.2674028984829672,19.0255109801299,-87.34032931955686,-31.329338,0.750436,7.401534,14.908123,-2.9659293,0.0,-31.765368,-2.0274787,-7.8550305,17.937258,-6.1296644,0.0,3.6096501,27.999987,4.196996,-4.6442084,-9.755038,-1.4211833,23.456621,-18.894548,-58.637173,15.846197,7.689613,-12.210748,-31.096367,-24.656168,27.760368,-49.771915,8.611454,7.513977,13.038396
179,-0.48766401410102844,12.265932083129883,66.14926147460938,0.2885073734854381,19.629137808553114,-87.350084534641,-32.721695,0.8106425,7.405366,16.231354,-3.4941332,0.0,-33.1251,-2.129498,-7.812096,19.171818,-6.6046576,0.0,3.7910366,27.999987,4.305026,-4.510457,-10.087961,-1.4875033,23.45353,-18.672297,-58.6732,16.077345,7.5593696,-12.210748,-32.082417,-24.727472,28.04858,-49.866653,8.524566,7.4154525,12.7604885
180,-0.48489701747894287,12.438581466674805,66.03035736083984,0.31214592437895317,20.255456966465147,-87.35908262654868,-34.119186,0.8645289,7.410204,17.530539,-4.016386,0.0,-34.50101,-2.2356493,-7.7663608,20.40478,-7.0841875,0.0,3.9835343,27.999987,4.4229755,-4.378394,-10.419216,-1.5460672,23.449057,-18.464556,-58.685493,16.341564,7.418723,-12.210748,-33.08596,-24.802372,28.355186,-49.90861,8.416222,7.306634,12.44431
181,-0.4817740023136139,12.599078178405762,65.9054183959961,0.33822010503897126,20.915631405743984,-87.36001550935259,-35.528137,0.91302603,7.4084764,18.800737,-4.531795,0.0,-35.89778,-2.34443,-7.7258086,21.636229,-7.5749583,0.0,4.1905255,27.999987,4.562727,-4.3230295,-10.776826,-1.5998421,23.44323,-18.277359,-58.667423,16.677204,7.2500277,-12.210748,-34.113033,-24.88158,28.678656,-49.88434,8.278051,7.1927447,12.074014
182,-0.4784323275089264,12.75326919555664,65.77394104003906,0.36609956661035586,21.59956025685181,-87.35461993836904,-36.95121,0.9579392,7.4014673,20.058762,-5.04452,0.0,-37.311306,-2.4552824,-7.6891413,22.86637,-8.0713005,0.0,4.4101315,27.999987,4.7198324,-4.3568673,-11.165353,-1.6503863,23.436142,-18.113161,-58.61888,17.072525,7.0647826,-12.210748,-35.165745,-24.965435,29.01747,-49.803795,8.101685,7.070067,11.656769
183,-0.47369202971458435,12.89694881439209,65.6363525390625,0.3983104729949465,22.29023519065278,-87.35662375178111,-38.36223,1.0001328,7.405078,21.301401,-5.5607634,0.0,-38.726612,-2.5672727,-7.6403413,24.0995,-8.57589,0.0,4.634886,27.999987,4.869049,-4.459784,-11.573771,-1.6932924,23.427801,-17.972687,-58.55083,17.462513,6.887338,-12.210748,-36.235992,-25.05328,29.372803,-49.685463,7.9222617,6.9303904,11.221393
184,-0.4707532525062561,13.036995887756348,65.4935302734375,0.4378521923123439,22.970678592388417,-87.37966417505008,-39.74039,1.043491,7.434861,22.515364,-6.071025,0.0,-40.132584,-2.675094,-7.564107,25.325542,-9.073903,0.0,4.855651,27.999987,4.9839873,-4.59154,-11.981448,-1.7228187,23.418184,-17.854172,-58.47602,17.776857,6.7433987,-12.210748,-37.31186,-25.143072,29.746452,-49.55309,7.7751675,6.7680774,10.797805
185,-0.46687209606170654,13.173152923583984,65.34663391113281,0.4843831829043154,23.64291465789873,-87.43192824208207,-41.08357,1.0896468,7.4995832,23.697948,-6.5770345,0.0,-41.53005,-2.7765973,-7.452173,26.537384,-9.559404,0.0,5.070731,27.999987,5.054076,-4.7211356,-12.364862,-1.7389812,23.40708,-17.754171,-58.39298,17.984364,6.6442933,-12.210748,-38.385406,-25.233593,30.143803,-49.417873,7.665799,6.574717,10.376868
186,-0.45599666237831116,13.3021240234375,65.19560241699219,0.5373314783015627,24.313993926888557,-87.50429144216142,-42.40171,1.1331427,7.5908737,24.857567,-7.0847836,0.0,-42.921734,-2.877847,-7.3126426,27.737564,-10.038416,0.0,5.281498,27.999987,5.0919785,-4.8431063,-12.718889,-1.7442949,23.394272,-17.67003,-58.29766,18.118715,6.5789003,-12.210748,-39.462864,-25.32475,30.566751,-49.271267,7.5764723,6.357632,9.944852
187,-0.44862306118011475,13.41817855834961,65.03992462158203,0.5987557798975557,24.974462880187907,-87.58447763669139,-43.687645,1.178061,7.695484,26.00222,-7.598392,0.0,-44.297153,-2.9754968,-7.1578417,28.940914,-10.527603,0.0,5.485039,27.999987,5.1072364,-4.9567695,-13.056501,-1.735552,23.37998,-17.601864,-58.19953,18.209553,6.537666,-12.210748,-40.56763,-25.416348,31.01795,-49.097885,7.4960957,6.141119,9.53184
188,-0.4525168836116791,13.532301902770996,64.87944030761719,0.671272604957035,25.615125518131233,-87.65959054501806,-44.941128,1.2239519,7.801026,27.122665,-8.0989485,0.0,-45.654926,-3.0693085,-6.999556,30.148724,-11.020924,0.0,5.677284,27.999987,5.111244,-5.0642405,-13.401688,-1.7062672,23.364546,-17.551315,-58.110973,18.28971,6.510073,-12.210748,-41.670532,-25.505178,31.461454,-48.897736,7.4494853,5.9306073,9.161598
189,-0.4519260823726654,13.638657569885254,64.71340942382812,0.7569285089230102,26.2273246621379,-87.73843290222865,-46.149437,1.2606635,7.919813,28.228582,-8.60159,0.0,-46.987278,-3.1701543,-6.8235593,31.368465,-11.523852,0.0,5.859091,27.999987,5.0908246,-5.164465,-13.778943,-1.649586,23.348692,-17.519253,-58.037567,18.352966,6.499045,-12.210748,-42.800514,-25.59029,31.895483,-48.660244,7.4662185,5.7406883,8.877043
190,-0.4446435272693634,13.74502182006836,64.54267883300781,0.8543568649773685,26.818072954228562,-87.82294400793003,-47.323612,1.2885072,8.0545225,29.315266,-9.097993,0.0,-48.3038,-3.2769885,-6.62805,32.589184,-12.022798,0.0,6.030499,27.999987,5.046091,-5.2565026,-14.192836,-1.5659403,23.332632,-17.505524,-57.97654,18.39008,6.5073166,-12.210748,-43.942947,-25.670547,32.30998,-48.3892,7.5496492,5.5569725,8.661
191,-0.43899303674697876,13.847311973571777,64.3660659790039,0.9609353853615954,27.401720646051324,-87.89141494648618,-48.48559,1.3097352,8.182342,30.392855,-9.590174,0.0,-49.611412,-3.3888943,-6.4375477,33.816372,-12.530428,0.0,6.1922116,27.999987,5.0039096,-5.3467703,-14.632303,-1.4635497,23.31661,-17.51228,-57.924385,18.424896,6.5237756,-12.210748,-45.101772,-25.746647,32.70701,-48.08586,7.635154,5.388645,8.473954
192,-0.43628233671188354,13.943422317504883,64.1851806640625,1.0733915592445398,27.992019244178266,-87.92221472617972,-49.649487,1.3194839,8.282085,31.453016,-10.069919,0.0,-50.91025,-3.510557,-6.275529,35.03941,-13.048778,0.0,6.3474326,27.999987,4.9945703,-5.4466,-15.076706,-1.3509986,23.300592,-17.544931,-57.877594,18.485363,6.535097,-12.210748,-46.270218,-25.820389,33.08456,-47.753567,7.66068,5.238514,8.269511
193,-0.43109288811683655,14.036260604858398,64.00139617919922,1.1813997026202216,28.589719340721487,-87.91517752400546,-50.824306,1.3197223,8.346726,32.504242,-10.538219,0.0,-52.192368,-3.640182,-6.1495404,36.237885,-13.565095,0.0,6.5080523,27.999987,5.0393324,-5.566862,-15.50994,-1.2283232,23.284569,-17.610924,-57.83035,18.596836,6.5280724,-12.210748,-47.451687,-25.893042,33.44364,-47.384724,7.5993156,5.1140103,8.026761
194,-0.4258195459842682,14.121064186096191,63.81398010253906,1.2883871436713212,29.18797409037907,-87.88032067687013,-51.998566,1.3130533,8.387173,33.552124,-11.004863,0.0,-53.45566,-3.7757735,-6.0475783,37.424843,-14.088434,0.0,6.6746917,27.999987,5.122877,-5.7107906,-15.930042,-1.0946444,23.268553,-17.713776,-57.785767,18.744421,6.510253,-12.210748,-48.643566,-25.966024,33.784817,-46.98022,7.4828057,5.0093136,7.765476
195,-0.42013731598854065,14.19879150390625,63.623619079589844,1.4142687503239753,29.78948463885568,-87.81097725424995,-53.15967,1.2823726,8.415576,34.56499,-11.453968,0.0,-54.71469,-3.9335837,-5.9576025,38.620033,-14.627534,0.0,6.8307104,27.999987,5.214912,-5.876132,-16.337923,-0.957285,23.253084,-17.849987,-57.750748,18.891191,6.5000687,-12.210748,-49.836277,-26.039494,34.107285,-46.56014,7.340537,4.911651,7.5050983
196,-0.41694486141204834,14.278033256530762,63.43014907836914,1.5807256757112798,30.397016054448525,-87.69938727644274,-54.302734,1.2127585,8.444617,35.512177,-11.862893,0.0,-55.9911,-4.1275983,-5.8666525,39.84126,-15.182813,0.0,6.956129,27.999987,5.2821736,-6.056735,-16.736105,-0.8228108,23.238878,-18.011639,-57.73053,18.998032,6.516336,-12.210748,-51.016983,-26.11249,34.40875,-46.144993,7.2014327,4.808013,7.265471
197,-0.40679240226745605,14.345434188842773,63.236351013183594,1.8003588717810812,31.01663404694252,-87.53871531436278,-55.41391,1.0876046,8.4840145,36.378525,-12.237893,0.0,-57.28153,-4.373891,-5.765061,41.093178,-15.76851,0.0,7.030079,27.999987,5.3021383,-6.2454586,-17.12688,-0.69000834,23.2262,-18.19372,-57.721474,19.040525,6.572035,-12.210748,-52.18054,-26.185356,34.689217,-45.74393,7.0794606,4.6941414,7.063359
198,-0.4053860306739807,14.408205032348633,63.041202545166016,2.0657769918686943,31.645245481935934,-87.33143838569573,-56.50635,0.92674285,8.525937,37.18209,-12.579214,0.0,-58.585567,-4.6530848,-5.660274,42.36688,-16.374617,0.0,7.0594893,27.999987,5.2873654,-6.4396005,-17.510004,-0.55605906,23.215094,-18.39339,-57.719563,19.03931,6.657169,-12.210748,-53.331936,-26.25741,34.948376,-45.349136,6.961081,4.5782304,6.8883243
199,-0.402026891708374,14.46513557434082,62.8453483581543,2.36636375396377,32.27081504432237,-87.08253791552221,-57.573074,0.73110425,8.568303,37.935772,-12.8956,0.0,-59.882053,-4.9641094,-5.552304,43.64527,-16.992203,0.0,7.0692353,27.999987,5.2641263,-6.6410594,-17.884602,-0.42503554,23.205437,-18.606876,-57.73128,19.023956,6.7537236,-12.210748,-54.47676,-26.329174,35.18406,-44.952084,6.8394814,4.4661694,6.7163973
200,-0.39897653460502625,14.515693664550781,62.64940643310547,2.6892003908150293,32.88193625646376,-86.79779303543499,-58.61034,0.5126899,8.603253,38.65567,-13.195434,0.0,-61.15102,-5.2948575,-5.4476824,44.91313,-17.614502,0.0,7.0874424,27.999987,5.2628946,-6.855229,-18.248201,-0.29940024,23.197004,-18.831171,-57.762383,19.024136,6.8412156,-12.210748,-55.617695,-26.401535,35.38984,-44.54365,6.71286,4.361991,6.522626
201,-0.393609881401062,14.552688598632812,62.453651428222656,3.042532553981299,33.474803575244984,-86.46847252398241,-59.608376,0.26146466,8.630484,39.339935,-13.483841,0.0,-62.386875,-5.655782,-5.3448296,46.1821,-18.255466,0.0,7.120013,27.999987,5.2877297,-7.0882883,-18.598417,-0.17797586,23.18959,-19.07027,-57.822342,19.035887,6.919503,-12.210748,-56.75765,-26.475618,35.55577,-44.11223,6.573264,4.276454,6.296944
202,-0.4007439613342285,14.596542358398438,62.257904052734375,3.4278792557283078,34.05450096076028,-86.09412950336744,-60.583473,-0.012069889,8.649246,39.970634,-13.730051,0.0,-63.610928,-6.035697,-5.247133,47.44272,-18.890957,0.0,7.1583495,27.999987,5.32853,-7.3424845,-18.934175,-0.05641045,23.18326,-19.326527,-57.90736,19.048624,6.993536,-12.210748,-57.88945,-26.550632,35.67732,-43.66394,6.43496,4.203155,6.0544567
203,-0.4099466800689697,14.630147933959961,62.06388473510742,3.8211682799844873,34.623119046813976,-85.6936533850704,-61.537926,-0.2932454,8.657676,40.586514,-13.973976,0.0,-64.79915,-6.421137,-5.1569757,48.67511,-19.526054,0.0,7.207518,27.999987,5.3971887,-7.6166716,-19.258554,0.0643135,23.178017,-19.592539,-58.0038,19.080278,7.0533085,-12.210748,-59.008987,-26.628363,35.766773,-43.211395,6.321746,4.11719,5.805768
204,-0.4256453514099121,14.659555435180664,61.87077713012695,4.19565162050504,35.18284490243745,-85.28905581375437,-62.49054,-0.55470604,8.65068,41.215595,-14.225215,0.0,-65.94829,-6.785954,-5.0834484,49.856583,-20.142046,0.0,7.2780023,27.999987,5.505719,-7.9080667,-19.57707,0.18069208,23.17384,-19.85525,-58.09751,19.147192,7.0905123,-12.210748,-60.111324,-26.709848,35.845966,-42.766937,6.245416,3.992325,5.555659
205,-0.4348745048046112,14.688901901245117,61.67909622192383,4.5496571151712075,35.73478668540135,-84.87509909841783,-63.444218,-0.809074,8.626545,41.8516,-14.477314,0.0,-67.06049,-7.1431713,-5.0280485,50.985588,-20.734644,0.0,7.369971,27.999987,5.6634245,-8.215543,-19.894081,0.2903423,23.170479,-20.105545,-58.187244,19.261152,7.104685,-12.210748,-61.19914,-26.797022,35.933857,-42.333645,6.1925583,3.8152823,5.283047
206,-0.43958649039268494,14.705493927001953,61.49026107788086,4.894015220801605,36.27743482768759,-84.44552759398985,-64.381386,-1.0643156,8.5872555,42.484615,-14.736364,0.0,-68.12799,-7.500644,-4.988392,52.07511,-21.32362,0.0,7.483337,27.999987,5.863928,-8.539778,-20.209877,0.39436442,23.167604,-20.342846,-58.280838,19.406797,7.1033254,-12.210748,-62.28076,-26.891493,36.038322,-41.903446,6.14305,3.6010065,4.9812512
207,-0.4458305537700653,14.720684051513672,61.30156707763672,5.22061696570683,36.81004845790966,-84.0208893289707,-65.3142,-1.303066,8.541035,43.12894,-15.001649,0.0,-69.16511,-7.8408484,-4.9571595,53.12596,-21.89476,0.0,7.6251187,27.999987,6.095526,-8.879755,-20.52535,0.49545214,23.16498,-20.567524,-58.37787,19.558874,7.0892687,-12.210748,-63.359917,-26.991817,36.159657,-41.47146,6.1020823,3.3651679,4.6813407
208,-0.4592256546020508,14.737653732299805,61.11416244506836,5.520969414255971,37.33194695129561,-83.62153095114357,-66.241394,-1.5091616,8.494683,43.78675,-15.273684,0.0,-70.171364,-8.145997,-4.92948,54.12613,-22.435366,0.0,7.8018327,27.999987,6.3478527,-9.233239,-20.840858,0.59308946,23.162447,-20.78028,-58.475426,19.691385,7.0658402,-12.210748,-64.44057,-27.097155,36.29326,-41.035576,6.08134,3.1285632,4.417946
209,-0.4682903587818146,14.749753952026367,60.928768157958984,5.791307775217678,37.84230917657097,-83.24679748976226,-67.15716,-1.6910508,8.446464,44.461143,-15.561132,0.0,-71.13785,-8.424874,-4.9062276,55.076927,-22.953075,0.0,8.016345,27.999987,6.6291203,-9.601407,-21.15516,0.68484455,23.159847,-20.98037,-58.575222,19.783808,7.031505,-12.210748,-65.52839,-27.208506,36.433067,-40.593216,6.084994,2.8895538,4.222428
210,-0.4794309437274933,14.761087417602539,60.74606704711914,6.0337152320519225,38.34156744977903,-82.89103859691154,-68.06335,-1.8488995,8.390945,45.143036,-15.853138,0.0,-72.06794,-8.677477,-4.893991,55.97929,-23.445848,0.0,8.265794,27.999987,6.9409585,-9.985228,-21.468311,0.77114564,23.156996,-21.166643,-58.676586,19.851223,6.9842463,-12.210748,-66.622925,-27.3244,36.57894,-40.14581,6.109598,2.6425056,4.076248
211,-0.48472267389297485,14.755852699279785,60.56698989868164,6.25250231777932,38.83288581313953,-82.56122578131998,-68.94623,-1.9872507,8.339462,45.83558,-16.170334,0.0,-72.95479,-8.90828,-4.881658,56.84025,-23.930538,0.0,8.547121,27.999987,7.2677326,-10.379964,-21.78216,0.8553525,23.153786,-21.34103,-58.773167,19.923378,6.9280705,-12.210748,-67.71473,-27.443619,36.73018,-39.692127,6.159658,2.3991404,3.9348526
212,-0.49817436933517456,14.763002395629883,60.38782501220703,6.453892515993117,39.31948156504282,-82.26191169749143,-69.83054,-2.095402,8.2993,46.53063,-16.481972,0.0,-73.83846,-9.106928,-4.86347,57.668568,-24.381426,0.0,8.854089,27.999987,7.591659,-10.775992,-22.100817,0.94007283,23.150236,-21.506523,-58.857582,20.032675,6.867948,-12.210748,-68.79538,-27.567585,36.89377,-39.239098,6.235448,2.1761527,3.7503777
213,-0.4978184998035431,14.7554931640625,60.213375091552734,6.633435051815048,39.80223767120547,-82.00669061418172,-70.6861,-2.182659,8.282842,47.226852,-16.819242,0.0,-74.68902,-9.2811,-4.8268013,58.452496,-24.8153,0.0,9.192941,27.999987,7.908527,-11.165643,-22.427752,1.0249282,23.146372,-21.663847,-58.92705,20.205029,6.798079,-12.210748,-69.85981,-27.69637,37.07615,-38.79225,6.362563,1.9853506,3.5127058
214,-0.49871113896369934,14.746973991394043,60.04148864746094,6.789625248279878,40.279972295020826,-81.79058679216159,-71.5286,-2.2397428,8.278884,47.92722,-17.166416,0.0,-75.51894,-9.422421,-4.7836967,59.19678,-25.223738,0.0,9.559936,27.999987,8.223782,-11.545987,-22.763678,1.1076528,23.14234,-21.812023,-58.984467,20.422438,6.719385,-12.210748,-70.9142,-27.827398,37.281887,-38.35308,6.5261927,1.8210005,3.2388184
215,-0.505443274974823,14.739784240722656,59.87205505371094,6.933097664775134,40.75149837347303,-81.58717829843243,-72.36078,-2.280536,8.27297,48.620827,-17.509466,0.0,-76.330635,-9.545221,-4.7457156,59.913754,-25.616375,0.0,9.935474,27.999987,8.540047,-11.9142685,-23.105864,1.188244,23.13831,-21.952911,-59.031784,20.648985,6.6472697,-12.210748,-71.962654,-27.964352,37.503445,-37.916264,6.6730556,1.666077,2.9271128
216,-0.5161798596382141,14.730459213256836,59.700191497802734,7.076886440987279,41.21676890464904,-81.37769606506272,-73.18731,-2.319413,8.261794,49.315655,-17.852541,0.0,-77.132484,-9.666961,-4.7142143,60.63126,-26.013031,0.0,10.292675,27.999987,8.843833,-12.268394,-23.449076,1.2668195,23.134775,-22.087013,-59.069992,20.848484,6.5977783,-12.210748,-73.00125,-28.101664,37.7252,-37.483074,6.747876,1.5017657,2.5778117
217,-0.5329992175102234,14.717513084411621,59.527164459228516,7.219820872848823,41.67712803843886,-81.16227870860124,-74.00831,-2.3546202,8.242435,50.01138,-18.196312,0.0,-77.92225,-9.784749,-4.69063,61.346058,-26.414581,0.0,10.627548,27.999987,9.131206,-12.607695,-23.7914,1.342144,23.132198,-22.214457,-59.09601,21.008987,6.5796466,-12.210748,-74.02789,-28.236073,37.939396,-37.048008,6.7704253,1.3284839,2.1912823
218,-0.5437610745429993,14.70148754119873,59.353309631347656,7.358473667151076,42.13237235001604,-80.94879326451534,-74.82157,-2.3903406,8.22382,50.708607,-18.544338,0.0,-78.69931,-9.902724,-4.6662507,62.05286,-26.814934,0.0,10.9508,27.999987,9.406478,-12.932142,-24.132452,1.4131415,23.1306,-22.334658,-59.109486,21.148811,6.584447,-12.210748,-75.04103,-28.369919,38.139732,-36.61017,6.7710433,1.150632,1.772843
219,-0.5519020557403564,14.682332038879395,59.17967987060547,7.505043220399897,42.58201302347332,-80.73030958956241,-75.621414,-2.4322014,8.209466,51.39502,-18.890245,0.0,-79.4679,-10.02571,-4.6365147,62.757324,-27.21696,0.0,11.251991,27.999987,9.65984,-13.240572,-24.466747,1.4816312,23.129866,-22.445831,-59.112164,21.277233,6.6007423,-12.210748,-76.03494,-28.497595,38.322796,-36.181885,6.7018375,0.957751,1.3250284
220,-0.5639957189559937,14.661355018615723,59.00537872314453,7.674815264504328,43.0242932383985,-80.48925540043439,-76.405136,-2.4882739,8.198028,52.058765,-19.224688,0.0,-80.23326,-10.162065,-4.6018763,63.471577,-27.628227,0.0,11.521395,27.999987,9.891517,-13.529964,-24.786194,1.5503597,23.12966,-22.546549,-59.105824,21.403072,6.615975,-12.210748,-77.008125,-28.62391,38.4819,-35.767323,6.519368,0.73420274,0.8508773
221,-0.5714688301086426,14.638644218444824,58.82908248901367,7.873412498212428,43.46654295413135,-80.22876324623321,-77.180016,-2.563191,8.201129,52.704174,-19.553173,0.0,-81.00991,-10.316901,-4.5494432,64.20194,-28.04864,0.0,11.747871,27.999987,10.084954,-13.793996,-25.084381,1.6234174,23.129692,-22.63264,-59.087753,21.53747,6.627175,-12.210748,-77.95774,-28.748596,38.611977,-35.36855,6.1685853,0.4687995,0.3324572
222,-0.5821053981781006,14.613410949707031,58.653717041015625,8.096852587120694,43.907519171372996,-79.95308465507739,-77.94077,-2.647546,8.215157,53.325165,-19.872334,0.0,-81.78919,-10.479613,-4.4847107,64.93545,-28.47281,0.0,11.931324,27.999987,10.237303,-14.029751,-25.360077,1.7006092,23.1299,-22.70191,-59.057274,21.673128,6.640449,-12.210748,-78.87987,-28.868479,38.712265,-34.98514,5.687146,0.1661754,-0.22447734
223,-0.5917624831199646,14.59030818939209,58.47911834716797,8.34270287567291,44.333064929034826,-79.65309844825225,-78.681145,-2.7500265,8.232389,53.921597,-20.17516,0.0,-82.55855,-10.659018,-4.4132495,65.672325,-28.898771,0.0,12.084402,27.999987,10.372412,-14.242883,-25.61365,1.7785603,23.130331,-22.758928,-59.020767,21.789812,6.655578,-12.210748,-79.769,-28.985098,38.778587,-34.620007,5.177239,-0.16363986,-0.7764489
224,-0.6057737469673157,14.562837600708008,58.30426025390625,8.603703583736506,44.72863600615553,-79.32453273620781,-79.388084,-2.8686125,8.239426,54.502583,-20.468582,0.0,-83.29287,-10.853766,-4.348544,66.41425,-29.337925,0.0,12.226276,27.999987,10.514976,-14.445487,-25.846674,1.8544797,23.131117,-22.813011,-58.984795,21.866526,6.668766,-12.210748,-80.61802,-29.099289,38.823727,-34.281803,4.7289453,-0.50359666,-1.2875406
225,-0.6179983019828796,14.53702163696289,58.13078308105469,8.883155254839325,45.09005713181281,-78.96058213739451,-80.059525,-3.0139809,8.236811,55.0565,-20.740297,0.0,-83.99203,-11.074207,-4.2888103,67.157036,-29.782293,0.0,12.363472,27.999987,10.672633,-14.651238,-26.058723,1.9273837,23.132477,-22.873745,-58.95207,21.880339,6.678738,-12.210748,-81.4313,-29.210789,38.840366,-33.960793,4.356707,-0.84545755,-1.7211318
226,-0.6324394941329956,14.506329536437988,57.9567985534668,9.178795975995628,45.42428778652431,-78.56673073823961,-80.70053,-3.1782608,8.224836,55.59532,-21.003647,0.0,-84.65898,-11.313022,-4.234574,67.90538,-30.240862,0.0,12.494141,27.999987,10.841111,-14.864128,-26.249712,1.9990268,23.134483,-22.943838,-58.919537,21.849081,6.6824703,-12.210748,-82.21286,-29.319952,38.816547,-33.65104,4.0322204,-1.1964927,-2.0985625
227,-0.6457798480987549,14.471562385559082,57.78394317626953,9.473672311811905,45.732658903305754,-78.15945111794768,-81.31366,-3.3513725,8.203246,56.126102,-21.263115,0.0,-85.28783,-11.560361,-4.1893606,68.64519,-30.703762,0.0,12.624205,27.999987,11.024767,-15.079141,-26.422995,2.0695384,23.137037,-23.021313,-58.885693,21.815538,6.6760163,-12.210748,-82.953514,-29.426325,38.769638,-33.373737,3.7700973,-1.5564159,-2.4821458
228,-0.6632639765739441,14.432292938232422,57.61235809326172,9.75091459156387,46.01700621149343,-77.75315383587241,-81.9023,-3.5183983,8.165577,56.657974,-21.523968,0.0,-85.87231,-11.801741,-4.163625,69.36716,-31.166945,0.0,12.764335,27.999987,11.237544,-15.286545,-26.584858,2.139158,23.139936,-23.10288,-58.851604,21.823196,6.6572876,-12.210748,-83.65157,-29.53223,38.709045,-33.14007,3.5982718,-1.9287248,-2.93167
229,-0.6786458492279053,14.396675109863281,57.44029235839844,10.006517628315194,46.27303479371712,-77.34505875162596,-82.47356,-3.6860292,8.110372,57.194885,-21.779459,0.0,-86.41616,-12.044753,-4.1579456,70.07412,-31.623903,0.0,12.922746,27.999987,11.496108,-15.476418,-26.739187,2.2094405,23.142948,-23.19017,-58.826782,21.886992,6.624396,-12.210748,-84.30649,-29.638283,38.642475,-32.95232,3.5397542,-2.312635,-3.4656842
230,-0.6952031254768372,14.360676765441895,57.26952362060547,10.245922073343444,46.500631470466764,-76.92806587183264,-83.020065,-3.8574944,8.035961,57.726734,-22.026775,0.0,-86.913506,-12.2931385,-4.175755,70.76507,-32.08002,0.0,13.104796,27.999987,11.805237,-15.648505,-26.887249,2.2799075,23.14635,-23.287498,-58.811832,21.98537,6.5802617,-12.210748,-84.9235,-29.753521,38.5639,-32.80025,3.5809793,-2.7071984,-4.0584917
231,-0.7133233547210693,14.324066162109375,57.099300384521484,10.41925548233038,46.701599399145294,-76.53343701801248,-83.55659,-4.008243,7.918148,58.28836,-22.28216,0.0,-87.34307,-12.522184,-4.2458816,71.417404,-32.52596,0.0,13.37774,27.999987,12.222863,-15.812616,-27.033875,2.3438175,23.150434,-23.424658,-58.81425,22.105661,6.5279903,-12.210748,-85.50154,-29.930943,38.4733,-32.701298,3.672758,-3.1173587,-4.711073
232,-0.7295987010002136,14.284628868103027,56.934391021728516,10.638952568375347,46.90757857839382,-76.16298181330569,-84.061195,-4.156449,7.8582544,58.807617,-22.534765,0.0,-87.80121,-12.741288,-4.2515354,72.06737,-32.95779,0.0,13.496646,27.999987,12.428182,-15.97664,-27.1774,2.3974702,23.154598,-23.505844,-58.754986,22.236319,6.481916,-12.210748,-85.99293,-30.026052,38.392582,-32.6885,3.745613,-3.5187716,-5.4007983
233,-0.7491058111190796,14.243149757385254,56.769500732421875,10.826673384885341,47.103870030027316,-75.81472800008105,-84.55906,-4.28461,7.7864356,59.342396,-22.796381,0.0,-88.22965,-12.939341,-4.2733393,72.69563,-33.382694,0.0,13.630824,27.999987,12.650441,-16.139477,-27.320309,2.4310308,23.159119,-23.563992,-58.656693,22.35817,6.4513183,-12.210748,-86.48058,-30.120968,38.295994,-32.676067,3.8223684,-3.9533484,-6.177217
234,-0.7637513279914856,14.197364807128906,56.60805130004883,10.990810793341288,47.28947753341531,-75.49031198577667,-85.03762,-4.402179,7.7120633,59.8778,-23.065075,0.0,-88.62693,-13.12417,-4.3000665,73.29792,-33.797863,0.0,13.76086,27.999987,12.85761,-16.305508,-27.464336,2.451265,23.16341,-23.597767,-58.53301,22.478243,6.4317694,-12.210748,-86.93482,-30.213743,38.167027,-32.69447,3.9339547,-4.4165373,-7.011057
235,-0.779684841632843,14.152695655822754,56.44770812988281,11.138849938122533,47.46211509203226,-75.18471402126646,-85.50088,-4.5087748,7.6365986,60.412834,-23.333647,0.0,-89.00281,-13.296417,-4.3304486,73.883705,-34.202568,0.0,13.8848095,27.999987,13.050395,-16.471956,-27.606352,2.4658568,23.167135,-23.610628,-58.399166,22.604929,6.418319,-12.210748,-87.33929,-30.30417,38.020226,-32.753902,4.087044,-4.866706,-7.863591
236,-0.7986040115356445,14.103388786315918,56.29075241088867,11.275645832129072,47.61841683495559,-74.8916620830849,-85.93695,-4.608444,7.5580626,60.938557,-23.60207,0.0,-89.34616,-13.460356,-4.3676453,74.4512,-34.60338,0.0,14.01086,27.999987,13.241066,-16.633244,-27.741034,2.4830275,23.17033,-23.611176,-58.275124,22.747505,6.4055166,-12.210748,-87.69197,-30.397352,37.891354,-32.85644,4.2739005,-5.258804,-8.698948
237,-0.8119869828224182,14.058902740478516,56.13654327392578,11.394926542983242,47.755244893789786,-74.61471709353529,-86.35198,-4.7061005,7.4783797,61.45605,-23.862373,0.0,-89.662155,-13.620888,-4.408564,74.99763,-34.987442,0.0,14.145836,27.999987,13.441636,-16.787977,-27.862288,2.5092068,23.172874,-23.605358,-58.168526,22.936905,6.3886786,-12.210748,-88.01399,-30.483376,37.72347,-32.979904,4.539603,-5.604557,-9.4781275
238,-0.8220179080963135,14.012763023376465,55.985450744628906,11.4943442901089,47.87482036109282,-74.35494328678142,-86.74338,-4.7985497,7.394493,61.96931,-24.12267,0.0,-89.944435,-13.775252,-4.457454,75.52288,-35.362644,0.0,14.288389,27.999987,13.645328,-16.93661,-27.96881,2.5404694,23.175316,-23.594446,-58.068768,23.161707,6.368779,-12.210748,-88.28619,-30.566902,37.553837,-33.148968,4.844626,-5.904732,-10.254441
239,-0.8376267552375793,13.969003677368164,55.83958435058594,11.58227354456929,47.98224052479462,-74.11019877503882,-87.114044,-4.8814125,7.307859,62.46506,-24.371931,0.0,-90.20427,-13.91718,-4.5124383,76.02428,-35.7226,0.0,14.432119,27.999987,13.8454485,-17.07771,-28.065977,2.573806,23.17775,-23.583221,-57.982662,23.374678,6.350105,-12.210748,-88.51777,-30.648935,37.386753,-33.343727,5.2014303,-6.143801,-11.0009
240,-0.8528944849967957,13.923507690429688,55.701148986816406,11.6678021464196,48.08264836775072,-73.87774386991369,-87.459785,-4.9609814,7.2266564,62.9348,-24.61248,0.0,-90.444435,-14.052304,-4.5639033,76.49948,-36.06888,0.0,14.567872,27.999987,14.032882,-17.208052,-28.163351,2.6076567,23.180056,-23.578363,-57.915936,23.526995,6.3344374,-12.210748,-88.71494,-30.7293,37.220528,-33.543896,5.6268992,-6.3069835,-11.68436
241,-0.8655695915222168,13.874824523925781,55.56774139404297,11.756473961833397,48.17813675979616,-73.65642219859727,-87.7828,-5.0393796,7.156016,63.382957,-24.849527,0.0,-90.672554,-14.183004,-4.6047387,76.958115,-36.40687,0.0,14.680966,27.999987,14.194514,-17.32113,-28.271973,2.6437726,23.182184,-23.58499,-57.868706,23.592495,6.3164263,-12.210748,-88.87379,-30.8087,37.076023,-33.76748,6.1095853,-6.38072,-12.304569
242,-0.8786880373954773,13.82579517364502,55.440799713134766,11.84614775735613,48.26672833869967,-73.44733214517915,-88.08239,-5.1136847,7.093846,63.805897,-25.077545,0.0,-90.886635,-14.306629,-4.638652,77.39496,-36.731102,0.0,14.770133,27.999987,14.327178,-17.413681,-28.393852,2.6800578,23.184282,-23.60225,-57.831497,23.600449,6.2932734,-12.210748,-88.995735,-30.888716,36.99728,-34.02639,6.60049,-6.3659964,-12.891413
243,-0.8820123672485352,13.775084495544434,55.31831359863281,11.933464034621874,48.34624737301295,-73.24896475714526,-88.35909,-5.1919203,7.041276,64.21164,-25.302359,0.0,-91.08383,-14.431559,-4.6621227,77.81495,-37.04566,0.0,14.858852,27.999987,14.455217,-17.491447,-28.521227,2.7103035,23.186293,-23.62843,-57.804073,23.589405,6.273597,-12.210748,-89.11267,-30.96778,36.914257,-34.256172,7.147918,-6.2928877,-13.40311
244,-0.8851131200790405,13.727913856506348,55.20445251464844,12.006261996162445,48.414723188753186,-73.06778803627681,-88.61234,-5.263583,6.987079,64.59167,-25.511549,0.0,-91.255905,-14.546243,-4.6902714,78.200905,-37.337334,0.0,14.96138,27.999987,14.583295,-17.564774,-28.639067,2.726419,23.188229,-23.659966,-57.776363,23.59177,6.264291,-12.210748,-89.20255,-31.046036,36.900475,-34.47169,7.6792955,-6.1515045,-13.889187
245,-0.8960993885993958,13.680264472961426,55.095481872558594,12.056385892307306,48.46803796079111,-72.90446689806396,-88.84401,-5.3213725,6.9200377,64.96319,-25.71442,0.0,-91.393814,-14.644825,-4.736148,78.56115,-37.6179,0.0,15.107367,27.999987,14.745983,-17.646753,-28.733194,2.7240734,23.189882,-23.69802,-57.75283,23.615883,6.2759066,-12.210748,-89.30049,-31.121103,36.878986,-34.61159,8.288404,-5.944658,-14.292111
246,-0.9010251760482788,13.634602546691895,54.991966247558594,12.035488726377753,48.4985234803808,-72.77232647834035,-89.05881,-5.368053,6.810656,65.345436,-25.914158,0.0,-91.4638,-14.731262,-4.8344693,78.87462,-37.878983,0.0,15.37097,27.999987,15.027756,-17.843588,-28.86945,2.7036467,23.192186,-23.786333,-57.78048,23.654125,6.3149137,-12.210748,-89.35183,-31.25999,36.850903,-34.787006,9.012234,-5.6209774,-14.642422
247,-0.9037070870399475,13.591448783874512,54.89632034301758,12.043924721946057,48.52878030911149,-72.64444877687437,-89.24944,-5.415929,6.7351627,65.684586,-26.09722,0.0,-91.545715,-14.814253,-4.8953934,79.17466,-38.122463,0.0,15.57631,27.999987,15.22938,-17.915264,-28.894014,2.6770005,23.192928,-23.847486,-57.747643,23.686394,6.3232737,-12.210748,-89.3987,-31.386494,36.93783,-34.88641,9.570529,-5.3339267,-14.953543
248,-0.907646119594574,13.550594329833984,54.81144714355469,12.094551954756032,48.56380039367455,-72.51342780198271,-89.41455,-5.4702563,6.6924124,65.96535,-26.256922,0.0,-91.64662,-14.900053,-4.920634,79.458885,-38.34681,0.0,15.688519,27.999987,15.332175,-17.999516,-28.925491,2.655737,23.19294,-23.893063,-57.75318,23.734068,6.3418546,-12.210748,-89.459656,-31.444338,36.92885,-34.943604,10.162647,-5.0824647,-15.188742
249,-0.9119990468025208,13.506889343261719,54.73653793334961,12.144766044557674,48.59674986499686,-72.38671070360503,-89.55572,-5.522441,6.6530786,66.21121,-26.403788,0.0,-91.72808,-14.981402,-4.947015,79.7126,-38.557987,0.0,15.778714,27.999987,15.408044,-18.071186,-28.967325,2.638479,23.192389,-23.935453,-57.76389,23.79271,6.347763,-12.210748,-89.46875,-31.516693,37.107822,-35.026493,10.586581,-4.8401656,-15.51811
250,-0.9124240875244141,13.461033821105957,54.67121124267578,12.204311867857946,48.62778841188008,-72.26706684617021,-89.67144,-5.575565,6.628565,66.42162,-26.539946,0.0,-91.79995,-15.06087,-4.959647,79.94144,-38.75449,0.0,15.8472,27.999987,15.468076,-18.128582,-29.02268,2.6285946,23.19031,-23.975506,-57.80557,23.869913,6.3525095,-12.210748,-89.53459,-31.575993,37.180676,-34.985424,11.08193,-4.686306,-15.726439
251,-0.9046975374221802,13.421329498291016,54.615657806396484,12.273512066051973,48.65516801003099,-72.14902743544059,-89.767166,-5.636666,6.6185603,66.590744,-26.653019,0.0,-91.868454,-15.145084,-4.9566607,80.14404,-38.92672,0.0,15.893869,27.999987,15.496144,-18.1748,-29.08652,2.6151836,23.187681,-24.012356,-57.852722,23.943378,6.3509655,-12.210748,-89.5649,-31.63342,37.276745,-34.947914,11.50283,-4.531207,-15.921961
252,-0.9030637145042419,13.381878852844238,54.56930923461914,12.35067530694201,48.676725227947735,-72.03029358484089,-89.83955,-5.697103,6.6106358,66.72345,-26.747461,0.0,-91.923454,-15.225208,-4.952519,80.32317,-39.085533,0.0,15.93676,27.999987,15.515298,-18.221437,-29.153301,2.5909657,23.185059,-24.046762,-57.90204,24.001043,6.3426104,-12.210748,-89.59878,-31.688713,37.38457,-34.886383,11.822258,-4.3538804,-16.084
253,-0.9029979109764099,13.339434623718262,54.53129577636719,12.434827139894171,48.68946699453693,-71.91030407776361,-89.8842,-5.760807,6.6053853,66.82357,-26.828686,0.0,-91.958954,-15.305661,-4.946009,80.48181,-39.236282,0.0,15.989226,27.999987,15.535927,-18.282639,-29.219526,2.552883,23.182749,-24.082464,-57.954662,24.024559,6.3275347,-12.210748,-89.64228,-31.743011,37.500774,-34.79055,12.043139,-4.12369,-16.184347
254,-0.911452054977417,13.292559623718262,54.50276565551758,12.522631724362773,48.694351675937995,-71.79150110294208,-89.90044,-5.820832,6.59756,66.89062,-26.897108,0.0,-91.97067,-15.379519,-4.94511,80.61529,-39.379074,0.0,16.046612,27.999987,15.555722,-18.362173,-29.28498,2.5061402,23.180628,-24.1211,-58.014053,24.02567,6.303278,-12.210748,-89.68968,-31.796745,37.62404,-34.663372,12.181696,-3.859761,-16.229446
255,-0.8982980847358704,13.262377738952637,54.48391342163086,12.609474409239578,48.69496362954656,-71.67511360881704,-89.908035,-5.8986773,6.603112,66.91846,-26.932713,0.0,-91.98473,-15.467868,-4.9272904,80.71722,-39.482677,0.0,16.100576,27.999987,15.573538,-18.45368,-29.3493,2.4537847,23.178646,-24.160051,-58.078815,24.035498,6.2673755,-12.210748,-89.744965,-31.84991,37.747974,-34.518887,12.236209,-3.6167245,-16.263481
256,-0.8867530226707458,13.226688385009766,54.475738525390625,12.6910080426192,48.69479258324777,-71.5609481254315,-89.89338,-5.9753375,6.601772,66.914444,-26.957378,0.0,-91.9733,-15.551589,-4.919446,80.785995,-39.576134,0.0,16.142883,27.999987,15.589911,-18.54454,-29.41203,2.397928,23.176527,-24.194798,-58.148743,24.085182,6.219635,-12.210748,-89.809814,-31.908232,37.864243,-34.364216,12.204067,-3.4551039,-16.332447
257,-0.8958054780960083,13.181042671203613,54.47960662841797,12.769346559769994,48.69516448695278,-71.45018677099287,-89.85269,-6.0363336,6.584573,66.87543,-26.971607,0.0,-91.93192,-15.615688,-4.9339767,80.8199,-39.665123,0.0,16.169094,27.999987,15.595206,-18.626501,-29.470858,2.3346,23.174896,-24.21871,-58.223595,24.194769,6.1592817,-12.210748,-89.87881,-31.957954,37.961098,-34.208176,12.092274,-3.3952014,-16.454782
258,-0.8890002965927124,13.149523735046387,54.493839263916016,12.846859081415362,48.69406318107723,-71.33990532725319,-89.804115,-6.111016,6.5762205,66.796524,-26.954102,0.0,-91.89092,-15.690134,-4.937591,80.82056,-39.7181,0.0,16.184652,27.999987,15.599943,-18.698462,-29.525639,2.26435,23.173409,-24.232399,-58.30624,24.346521,6.0908046,-12.210748,-89.96113,-32.001175,37.983532,-34.016052,11.95885,-3.4254913,-16.578482
259,-0.8792170286178589,13.117487907409668,54.518733978271484,12.921417308997226,48.692488321619585,-71.235393229852,-89.73546,-6.1865616,6.5682483,66.682686,-26.920847,0.0,-91.83401,-15.76126,-4.94149,80.78868,-39.753056,0.0,16.182175,27.999987,15.582026,-18.755651,-29.578388,2.1894917,23.172258,-24.237343,-58.3875,24.50402,6.0189443,-12.210748,-89.99951,-32.053066,38.080715,-33.86837,11.65858,-3.4869208,-16.778624
260,-0.8743524551391602,13.085206985473633,54.55561828613281,12.993817811250022,48.69091341649348,-71.14069212180193,-89.645096,-6.254771,6.5601196,66.53057,-26.870037,0.0,-91.76138,-15.821157,-4.9491386,80.72056,-39.76721,0.0,16.164822,27.999987,15.550887,-18.794556,-29.636019,2.1184063,23.170666,-24.238722,-58.480125,24.642426,5.9531446,-12.210748,-90.07532,-32.0992,38.127426,-33.679985,11.288483,-3.6148434,-16.930977
261,-0.8733755946159363,13.05383586883545,54.60274887084961,13.067889140902611,48.69260926840954,-71.05439852687348,-89.53827,-6.316926,6.5548277,66.34192,-26.801525,0.0,-91.682304,-15.870268,-4.9545445,80.62174,-39.76139,0.0,16.121202,27.999987,15.488407,-18.808792,-29.706478,2.049545,23.168346,-24.239037,-58.581367,24.742182,5.898386,-12.210748,-90.14494,-32.149147,38.18471,-33.497517,10.754928,-3.8074644,-17.115734
262,-0.8663561344146729,13.020853996276855,54.66145706176758,13.147264723708327,48.696519868958305,-70.97411336158028,-89.40845,-6.382286,6.558529,66.11187,-26.7173,0.0,-91.59376,-15.91754,-4.949401,80.49132,-39.736797,0.0,16.052128,27.999987,15.404919,-18.797579,-29.792778,1.982742,23.164244,-24.238537,-58.696484,24.825897,5.850513,-12.210748,-90.256676,-32.19801,38.114925,-33.26199,10.188788,-4.1031404,-17.24265
263,-0.8614504933357239,12.987695693969727,54.730648040771484,13.230079618708078,48.69842326413,-70.89790971410869,-89.25598,-6.446017,6.5653996,65.8431,-26.615322,0.0,-91.49139,-15.959935,-4.9433436,80.330315,-39.694374,0.0,15.9541,27.999987,15.2874775,-18.724491,-29.967337,1.9119047,23.15845,-24.236572,-58.7715,24.918665,5.7716217,-12.210748,-90.281944,-32.259594,37.989986,-33.085896,9.538157,-4.454902,-17.313978
264,-0.851363480091095,12.95752239227295,54.809181213378906,13.285645671285906,48.69000220028582,-70.84139129562142,-89.08176,-6.5050383,6.561936,65.55195,-26.498798,0.0,-91.356445,-15.994284,-4.951793,80.129776,-39.627495,0.0,15.871756,27.999987,15.1879015,-18.645357,-30.000013,1.8522646,23.153109,-24.227098,-58.866917,25.01933,5.692684,-12.210748,-90.26338,-32.313496,37.842834,-32.961777,8.974108,-4.6885934,-17.280973
265,-0.8450681567192078,12.931114196777344,54.898895263671875,13.313901636585104,48.67003156304965,-70.80131174032134,-88.88336,-6.554754,6.5416512,65.230545,-26.360277,0.0,-91.18464,-16.016388,-4.984361,79.88474,-39.534714,0.0,15.806782,27.999987,15.109388,-18.56659,-30.000013,1.8045497,23.14869,-24.214813,-58.96037,25.156694,5.578002,-12.210748,-90.22073,-32.361275,37.722103,-32.85787,8.395566,-4.8225565,-17.08959
266,-0.8336117267608643,12.905557632446289,54.99985885620117,13.320099003939653,48.64155969185093,-70.77640739096077,-88.66002,-6.601758,6.5127378,64.8799,-26.20662,0.0,-90.97811,-16.033106,-5.0316396,79.59577,-39.41764,0.0,15.753211,27.999987,15.04783,-18.484121,-30.000013,1.7665445,23.14462,-24.203453,-59.05825,25.320019,5.4382505,-12.210748,-90.18324,-32.396694,37.533276,-32.73347,7.8589687,-4.9147596,-16.734434
267,-0.8244621753692627,12.878902435302734,55.109161376953125,13.311908945118857,48.606057501110755,-70.7653866579423,-88.413635,-6.6417365,6.4762444,64.50391,-26.04088,0.0,-90.74576,-16.039093,-5.0892982,79.275764,-39.284924,0.0,15.694468,27.999987,14.978418,-18.397331,-30.000013,1.7346456,23.141073,-24.191381,-59.14673,25.478378,5.2962527,-12.210748,-90.09483,-32.42777,37.381195,-32.657017,7.3298564,-4.977247,-16.390594
268,-0.8177250623703003,12.854281425476074,55.22821044921875,13.301964756381631,48.56550725601649,-70.76504482695962,-88.14462,-6.6770144,6.4416766,64.09316,-25.857164,0.0,-90.49923,-16.036312,-5.1457133,78.92566,-39.13125,0.0,15.609947,27.999987,14.879622,-18.281055,-30.000013,1.707182,23.135725,-24.169163,-59.217606,25.600727,5.178451,-12.210748,-89.89835,-32.468872,37.08992,-32.6848,6.9958963,-5.063607,-16.087116
269,-0.8097131848335266,12.828166961669922,55.354793548583984,13.285583894318094,48.52231941127714,-70.7790464923995,-87.85588,-6.7076483,6.4080334,63.65831,-25.66511,0.0,-90.23754,-16.024302,-5.2005816,78.54908,-38.962074,0.0,15.50542,27.999987,14.75377,-18.188858,-30.000013,1.6900165,23.129929,-24.138556,-59.276962,25.674204,5.08719,-12.210748,-89.62974,-32.497593,36.782745,-32.768654,6.8349767,-5.167445,-15.912288
270,-0.7922401428222656,12.80393123626709,55.488670349121094,13.262926111744674,48.47503767874254,-70.80563224382547,-87.5482,-6.7405467,6.379777,63.19737,-25.461374,0.0,-89.96283,-16.010912,-5.2487855,78.14567,-38.773006,0.0,15.381874,27.999987,14.604974,-18.106758,-30.000013,1.68047,23.12334,-24.099306,-59.323578,25.715294,5.010588,-12.210748,-89.30446,-32.498806,36.448914,-32.89026,6.820543,-5.279302,-15.7968235
271,-0.782263994216919,12.782115936279297,55.630157470703125,13.228407753594032,48.41746000378911,-70.84503276683712,-87.2177,-6.763723,6.3441024,62.70891,-25.240273,0.0,-89.66457,-15.984807,-5.30822,77.71264,-38.56557,0.0,15.249274,27.999987,14.443998,-18.012066,-30.000013,1.6737235,23.11811,-24.061277,-59.355377,25.744078,4.950026,-12.210748,-89.1112,-32.51232,36.578484,-32.950096,6.471343,-5.4010463,-15.837697
272,-0.7694856524467468,12.759659767150879,55.78034591674805,13.175879063029068,48.343153419640245,-70.8970410427836,-86.85516,-6.7850575,6.300494,62.19415,-25.005945,0.0,-89.32745,-15.954255,-5.379706,77.24535,-38.341316,0.0,15.127712,27.999987,14.298818,-17.89656,-30.000013,1.6713096,23.112223,-24.030058,-59.382446,25.775717,4.90974,-12.210748,-88.78546,-32.433823,36.19242,-33.076527,6.509363,-5.581141,-15.741403
273,-0.7553018927574158,12.739646911621094,55.937416076660156,13.097999990387045,48.2516590939562,-70.96493617483655,-86.465706,-6.8005285,6.245078,61.658554,-24.756908,0.0,-88.952095,-15.915974,-5.4685454,76.743904,-38.098034,0.0,15.019483,27.999987,14.166392,-17.742956,-30.000013,1.6670462,23.107983,-24.0056,-59.393703,25.810284,4.8927646,-12.210748,-88.53994,-32.435898,36.270668,-33.24957,6.080778,-5.7769866,-15.766593
274,-0.7405171394348145,12.715147018432617,56.10300827026367,12.999487757366524,48.14578020851611,-71.04760718738689,-86.04376,-6.8096247,6.1794195,61.10004,-24.500834,0.0,-88.53351,-15.869404,-5.5744467,76.205246,-37.84066,0.0,14.917623,27.999987,14.039573,-17.584995,-30.000013,1.6602647,23.105017,-23.990726,-59.387455,25.844612,4.894158,-12.210748,-88.266235,-32.45769,36.441696,-33.495926,5.5469613,-5.994978,-15.841219
275,-0.7319355010986328,12.694038391113281,56.27515411376953,12.894932005055152,48.024590099154295,-71.13774804864529,-85.59505,-6.813601,6.1089826,60.511265,-24.224457,0.0,-88.09125,-15.814528,-5.6867957,75.64165,-37.56656,0.0,14.817636,27.999987,13.922016,-17.382902,-30.000013,1.6704905,23.099215,-23.970856,-59.39378,25.8712,4.9163027,-12.210748,-87.68104,-32.31966,35.444794,-33.881615,5.9333177,-6.2843785,-15.592708
276,-0.7279928922653198,12.667463302612305,56.45322036743164,12.802493263974789,47.88824025038666,-71.22744188170279,-85.11095,-6.819672,6.043483,59.890728,-23.937933,0.0,-87.62759,-15.758878,-5.79267,75.06576,-37.290226,0.0,14.684377,27.999987,13.763588,-17.211063,-30.000013,1.6864431,23.096132,-23.953142,-59.38472,25.89772,4.9424524,-12.210748,-87.21185,-32.261845,35.078625,-34.293633,5.751588,-6.54271,-15.536436
277,-0.7135202884674072,12.643030166625977,56.63480758666992,12.73165640139369,47.73653971410354,-71.31284489398604,-84.59686,-6.842845,5.997235,59.236122,-23.635933,0.0,-87.15855,-15.717816,-5.872399,74.48505,-37.004498,0.0,14.512813,27.999987,13.56155,-17.060055,-30.000013,1.7165327,23.09419,-23.937292,-59.37606,25.917458,4.979963,-12.210748,-86.67435,-32.210545,34.625015,-34.812027,5.5394773,-6.804388,-15.444034
278,-0.7046010494232178,12.62204360961914,56.82080841064453,12.671616329043951,47.56963843958658,-71.3985834815237,-84.05539,-6.8673906,5.9566183,58.547894,-23.31363,0.0,-86.67848,-15.675694,-5.9447765,73.89336,-36.707474,0.0,14.315154,27.999987,13.330024,-16.91891,-30.000013,1.7578056,23.09315,-23.92369,-59.36495,25.931284,5.030557,-12.210748,-86.08421,-32.158287,34.107616,-35.413254,5.2996817,-7.078708,-15.3296385
279,-0.6892955303192139,12.603744506835938,57.0113410949707,12.606975643398492,47.386785506525584,-71.49029680129026,-83.487495,-6.8973293,5.917062,57.834496,-22.976725,0.0,-86.175995,-15.636561,-6.015166,73.281876,-36.395958,0.0,14.110285,27.999987,13.092595,-16.777012,-30.000013,1.8052872,23.092468,-23.906773,-59.34445,25.949915,5.0838184,-12.210748,-85.431625,-32.098618,33.52736,-36.096306,5.1087556,-7.349337,-15.235739
280,-0.672953188419342,12.58360767364502,57.20655822753906,12.522135130620569,47.18766482347918,-71.59343512843319,-82.892914,-6.9226065,5.865724,57.105427,-22.632055,0.0,-85.63588,-15.590612,-6.1008706,72.64317,-36.073612,0.0,13.918496,27.999987,12.87463,-16.624641,-30.000013,1.8541675,23.091675,-23.882307,-59.30795,25.983788,5.1291547,-12.210748,-84.74244,-32.04089,32.964516,-36.836456,4.9776125,-7.6043324,-15.214879
281,-0.6559075713157654,12.56529426574707,57.40523910522461,12.418729835447344,46.97173448492423,-71.70547528904461,-82.275276,-6.944589,5.8023963,56.360226,-22.275085,0.0,-85.06359,-15.538586,-6.2000446,71.98043,-35.73852,0.0,13.740078,27.999987,12.676593,-16.449392,-30.000013,1.9030048,23.090704,-23.846153,-59.24998,26.037949,5.1648283,-12.210748,-83.98592,-31.976004,32.368675,-37.657177,4.978525,-7.8423615,-15.292528
282,-0.6413714289665222,12.544837951660156,57.6085090637207,12.303347560135565,46.739464683075425,-71.82463111413193,-81.62979,-6.9619584,5.7299366,55.59586,-21.909624,0.0,-84.45705,-15.480103,-6.312,71.292755,-35.39333,0.0,13.564452,27.999987,12.484401,-16.258757,-30.000013,1.9529525,23.090351,-23.802584,-59.17261,26.106613,5.195506,-12.210748,-83.31389,-31.964304,32.111885,-38.490604,4.7721763,-8.055482,-15.534538
283,-0.6283960938453674,12.527409553527832,57.81455612182617,12.168998898432484,46.49109603582655,-71.95578452667318,-80.96337,-6.9712276,5.647338,54.817543,-21.532063,0.0,-83.82122,-15.411332,-6.4370036,70.58084,-35.03343,0.0,13.401777,27.999987,12.312231,-16.077408,-30.000013,2.0099087,23.088943,-23.754845,-59.091698,26.180468,5.22307,-12.210748,-82.36833,-31.869986,31.25761,-39.49899,5.0516114,-8.27715,-15.647222
284,-0.6171792149543762,12.512954711914062,58.02449035644531,12.00966563783499,46.22690927611557,-72.10419618991564,-80.27508,-6.967894,5.5532346,54.02548,-21.142752,0.0,-83.15227,-15.327338,-6.5780153,69.83792,-34.6551,0.0,13.249448,27.999987,12.154744,-15.921573,-30.000013,2.07276,23.087486,-23.707933,-59.008247,26.252062,5.2463655,-12.210748,-81.54771,-31.822826,30.770895,-40.465508,5.028979,-8.4699745,-15.832171
285,-0.6017608642578125,12.492995262145996,58.23796463012695,11.821722557227117,45.94573160984793,-72.27006282648897,-79.56031,-6.9543233,5.446144,53.230614,-20.75719,0.0,-82.43619,-15.231505,-6.738867,69.060936,-34.265343,0.0,13.115511,27.999987,12.026536,-15.8115835,-30.000013,2.1439078,23.084805,-23.660713,-58.926018,26.323624,5.2632246,-12.210748,-80.52861,-31.684385,29.859236,-41.545628,5.319622,-8.674903,-15.88308
286,-0.5893225073814392,12.47242546081543,58.455116271972656,11.611005445930708,45.64797083351448,-72.44975978420163,-78.81983,-6.9281354,5.325637,52.420643,-20.361649,0.0,-81.68268,-15.119588,-6.916626,68.25307,-33.86196,0.0,12.992114,27.999987,11.915083,-15.729368,-30.000013,2.220739,23.081823,-23.609415,-58.836693,26.396597,5.2742043,-12.210748,-79.6008,-31.612238,29.275173,-42.633423,5.3406157,-8.850378,-16.014585
287,-0.5765367150306702,12.453520774841309,58.67594909667969,11.381521099983752,45.33524017432593,-72.64398118814832,-78.058304,-6.8902116,5.1999536,51.59957,-19.95957,0.0,-80.897736,-14.994373,-7.105471,67.41319,-33.43904,0.0,12.876542,27.999987,11.810913,-15.648837,-30.000013,2.3037493,23.078775,-23.560389,-58.747135,26.464954,5.285396,-12.210748,-78.68786,-31.567083,28.789389,-43.746956,5.271029,-8.991172,-16.157251
288,-0.563079833984375,12.431764602661133,58.89690399169922,11.138035744719408,45.0093367855483,-72.85305751724229,-77.276344,-6.840456,5.073659,50.77461,-19.558344,0.0,-80.08852,-14.854964,-7.296324,66.55681,-33.009743,0.0,12.767987,27.999987,11.708253,-15.545139,-30.000013,2.3936903,23.07585,-23.52249,-58.666916,26.525719,5.3027606,-12.210748,-77.63339,-31.453808,28.005632,-44.92645,5.4243326,-9.111645,-16.196716
289,-0.5454856157302856,12.406926155090332,59.1191520690918,10.877410653273895,44.67121724123614,-73.07827153323383,-76.476425,-6.778942,4.947498,49.9508,-19.163126,0.0,-79.25038,-14.702576,-7.4921417,65.67456,-32.567802,0.0,12.664219,27.999987,11.601292,-15.402885,-30.000013,2.4929073,23.07292,-23.495762,-58.601982,26.573349,5.3271327,-12.210748,-76.63156,-31.351967,27.3426,-46.083736,5.4643807,-9.186806,-16.242441
290,-0.5313035845756531,12.383442878723145,59.34288024902344,10.599908140679554,44.319342675680865,-73.31775301997705,-75.65839,-6.701405,4.817341,49.118866,-18.76196,0.0,-78.38659,-14.53166,-7.695754,64.76635,-32.11063,0.0,12.568779,27.999987,11.498544,-15.239861,-30.000013,2.6012735,23.06972,-23.47839,-58.54924,26.612986,5.3555274,-12.210748,-75.58002,-31.2318,26.60292,-47.280495,5.540623,-9.236128,-16.244534
291,-0.5211808085441589,12.359512329101562,59.565101623535156,10.313769020777666,43.952481566169446,-73.56864651667823,-74.82393,-6.609979,4.6890535,48.28742,-18.361763,0.0,-77.50323,-14.345573,-7.900143,63.845463,-31.646082,0.0,12.475929,27.999987,11.392933,-15.071204,-30.000013,2.7113824,23.067442,-23.464737,-58.488422,26.64831,5.3884234,-12.210748,-74.53411,-31.113562,25.90819,-48.488495,5.594037,-9.23742,-16.243078
292,-0.5090080499649048,12.339336395263672,59.78767776489258,10.027565650022272,43.56912960769454,-73.82773242853057,-73.96802,-6.5139847,4.5703387,47.441254,-17.952568,0.0,-76.60488,-14.152789,-8.094969,62.909275,-31.166876,0.0,12.381416,27.999987,11.280356,-14.913745,-30.000013,2.8162725,23.067019,-23.450361,-58.401196,26.683844,5.4263816,-12.210748,-73.45467,-30.974985,25.188911,-49.724205,5.7151504,-9.184635,-16.225916
293,-0.4934564232826233,12.313704490661621,60.01070022583008,9.742970021898895,43.16744210931556,-74.09408556496713,-73.08092,-6.41489,4.4612036,46.582134,-17.544205,0.0,-75.68152,-13.954697,-8.279921,61.96057,-30.683937,0.0,12.293389,27.999987,11.169087,-14.780085,-30.000013,2.9113472,23.069658,-23.440536,-58.28047,26.723074,5.468503,-12.210748,-72.40619,-30.85611,24.570276,-50.959846,5.817085,-9.055202,-16.215065
294,-0.4819250702857971,12.286723136901855,60.2323112487793,9.455999519224575,42.74863803842379,-74.36869607291581,-72.17292,-6.304963,4.3576946,45.719097,-17.13596,0.0,-74.73774,-13.744274,-8.461109,60.999775,-30.194397,0.0,12.212128,27.999987,11.059999,-14.659185,-30.000013,3.001456,23.074453,-23.436073,-58.13759,26.762762,5.514724,-12.210748,-71.32614,-30.723518,23.928051,-52.223705,5.9778886,-8.86965,-16.179075
295,-0.467984139919281,12.262439727783203,60.453392028808594,9.167427155383175,42.31539615645963,-74.65186585683057,-71.24685,-6.1893463,4.263279,44.84634,-16.722263,0.0,-73.78015,-13.526326,-8.633381,60.024956,-29.692131,0.0,12.117703,27.999987,10.930838,-14.529594,-30.000013,3.092321,23.079784,-23.423319,-57.976986,26.795898,5.566582,-12.210748,-70.22422,-30.571064,23.282803,-53.509697,6.1691055,-8.644668,-16.148188
296,-0.45633161067962646,12.238835334777832,60.67278289794922,8.877005381599595,41.87055654242022,-74.94434224990367,-70.307,-6.063313,4.176839,43.97023,-16.307798,0.0,-72.81032,-13.29639,-8.798919,59.037598,-29.18051,0.0,11.990987,27.999987,10.760203,-14.369988,-30.000013,3.190174,23.08385,-23.388426,-57.804024,26.81583,5.625759,-12.210748,-69.10991,-30.400194,22.659048,-54.814217,6.353686,-8.395732,-16.153385
297,-0.4445361793041229,12.211065292358398,60.89163589477539,8.584485724763669,41.41495597718399,-75.2481898724011,-69.34802,-5.9272795,4.100087,43.089176,-15.897276,0.0,-71.82312,-13.054476,-8.956064,58.034367,-28.6619,0.0,11.81247,27.999987,10.524086,-14.164167,-30.000013,3.2961664,23.086056,-23.317373,-57.611626,26.814014,5.6983085,-12.210748,-68.01117,-30.214214,22.095758,-56.124435,6.523829,-8.116797,-16.225481
298,-0.4342436194419861,12.174610137939453,61.10968017578125,8.290326357377852,40.94671717666133,-75.56190756343867,-68.3658,-5.7806025,4.0316005,42.205723,-15.495441,0.0,-70.81216,-12.799856,-9.106616,57.016003,-28.141802,0.0,11.598278,27.999987,10.241686,-13.927656,-30.000013,3.4077606,23.087091,-23.220879,-57.40113,26.797012,5.7813816,-12.210748,-66.88832,-30.001038,21.531935,-57.461594,6.7260337,-7.806505,-16.332277
299,-0.418933242559433,12.144107818603516,61.32500076293945,7.9958162292242685,40.46402486206073,-75.88063430280705,-67.3728,-5.632158,3.9730756,41.320007,-15.088971,0.0,-69.7924,-12.5424595,-9.246812,55.988216,-27.608501,0.0,11.380657,27.999987,9.953148,-13.68641,-30.000013,3.5229588,23.08802,-23.123106,-57.186897,26.78079,5.86382,-12.210748,-65.74643,-29.783464,20.984,-58.826065,6.896289,-7.4714727,-16.444712
300,-0.40600672364234924,12.110970497131348,61.53901672363281,7.702546549304982,39.9649572722442,-76.19939076399221,-66.3583,-5.478872,3.9179494,40.426228,-14.680698,0.0,-68.75028,-12.278092,-9.384172,54.947212,-27.070623,0.0,11.191077,27.999987,9.697561,-13.466068,-30.000013,3.6399288,23.089823,-23.047068,-56.98295,26.780012,5.934461,-12.210748,-64.616905,-29.597223,20.499115,-60.203163,6.9466405,-7.114755,-16.540058
301,-0.3956370949745178,12.07326602935791,61.750709533691406,7.413502460745942,39.4496298688912,-76.51898074920021,-65.32207,-5.321191,3.8697968,39.528248,-14.275131,0.0,-67.68814,-12.007723,-9.514734,53.89867,-26.532257,0.0,11.040364,27.999987,9.483812,-13.274834,-30.000013,3.7594943,23.093191,-23.000134,-56.79247,26.809547,5.985405,-12.210748,-63.444298,-29.432571,20.024672,-61.62466,6.8768406,-6.757366,-16.616587
302,-0.37685489654541016,12.04098892211914,61.960472106933594,7.127467015736009,38.91869965988936,-76.8410297660798,-64.26888,-5.1672034,3.8334143,38.618763,-13.861281,0.0,-66.61397,-11.739395,-9.632403,52.837017,-25.979183,0.0,10.910528,27.999987,9.290945,-13.098427,-30.000013,3.8816655,23.097614,-22.969366,-56.60735,26.857412,6.0242376,-12.210748,-62.249187,-29.285353,19.577896,-63.0754,6.7090654,-6.3885098,-16.691307
303,-0.36071696877479553,12.002691268920898,62.167442321777344,6.838802042098455,38.37225164349995,-77.16166276330044,-63.198036,-5.0061545,3.7962048,37.71261,-13.453592,0.0,-65.51336,-11.462206,-9.751995,51.762653,-25.425932,0.0,10.791998,27.999987,9.116357,-12.928892,-30.000013,4.005298,23.101961,-22.949362,-56.42759,26.8992,6.063358,-12.210748,-61.053772,-29.143204,19.149843,-64.53765,6.5178,-5.9826655,-16.73229
304,-0.3441820740699768,11.964710235595703,62.3720588684082,6.541924194798822,37.810352926039215,-77.47709446471778,-62.117096,-4.839295,3.7519188,36.811287,-13.045779,0.0,-64.38629,-11.177534,-9.880325,50.668354,-24.863756,0.0,10.675056,27.999987,8.957368,-12.758137,-30.000013,4.1286073,23.10528,-22.93521,-56.25242,26.911797,6.1149297,-12.210748,-59.883354,-28.994701,18.735569,-65.99413,6.3763433,-5.514146,-16.707413
305,-0.3261917531490326,11.923188209533691,62.575523376464844,6.2296538238934,37.23053074381702,-77.7872427236956,-61.02314,-4.6632423,3.6943212,35.92012,-12.64308,0.0,-63.218792,-10.881098,-10.025066,49.542385,-24.291056,0.0,10.557929,27.999987,8.819828,-12.580714,-30.000013,4.2536335,23.106483,-22.927864,-56.08454,26.87844,6.184525,-12.210748,-58.728333,-28.830784,18.328516,-67.45906,6.3282394,-4.959966,-16.611582
306,-0.3214676082134247,11.872817039489746,62.7757568359375,5.907931115976192,36.63351172074741,-78.09289438786955,-59.91596,-4.467628,3.6255026,35.045403,-12.252611,0.0,-62.01537,-10.562979,-10.184508,48.396664,-23.719622,0.0,10.44484,27.999987,8.70181,-12.401352,-30.000013,4.380664,23.106354,-22.928766,-55.92272,26.815128,6.2647314,-12.210748,-57.61859,-28.674679,17.969198,-68.91261,6.29958,-4.3356843,-16.467663
307,-0.31055188179016113,11.820016860961914,62.971771240234375,5.588509383909728,36.02386072819137,-78.39261130092808,-58.80008,-4.273577,3.5610034,34.180714,-11.870091,0.0,-60.79524,-10.245226,-10.338115,47.242565,-23.145624,0.0,10.336688,27.999987,8.59222,-12.229142,-30.000013,4.505993,23.106565,-22.935562,-55.763405,26.748196,6.348294,-12.210748,-56.50291,-28.51093,17.597147,-70.3686,6.290249,-3.6883297,-16.262308
308,-0.29572969675064087,11.769679069519043,63.16350555419922,5.282856038790933,35.40617881040468,-78.68547169768539,-57.676212,-4.0860977,3.5096152,33.309883,-11.484112,0.0,-59.575626,-9.933098,-10.475075,46.089355,-22.567923,0.0,10.233917,27.999987,8.478655,-12.072187,-30.000013,4.6252933,23.10889,-22.944633,-55.6017,26.703098,6.428083,-12.210748,-55.39781,-28.34866,17.214191,-71.798996,6.2492366,-3.0567818,-15.994053
309,-0.28740403056144714,11.710637092590332,63.35161209106445,4.991119182330932,34.77957525279957,-78.97489102824254,-56.53493,-3.8957062,3.4706616,32.43584,-11.10548,0.0,-58.34569,-9.616337,-10.597303,44.93639,-21.99734,0.0,10.144901,27.999987,8.363275,-11.93785,-30.000013,4.7359567,23.114197,-22.958206,-55.43475,26.69278,6.503489,-12.210748,-54.333042,-28.199873,16.836767,-73.18284,6.1634874,-2.4327395,-15.6438675
310,-0.27393192052841187,11.657307624816895,63.534141540527344,4.707945177193724,34.14212517459247,-79.26041573908427,-55.389385,-3.7103336,3.4437156,31.56444,-10.7250805,0.0,-57.115494,-9.304227,-10.704605,43.78481,-21.420311,0.0,10.066641,27.999987,8.250763,-11.819862,-30.000013,4.8403697,23.121511,-22.976845,-55.265076,26.701063,6.5779285,-12.210748,-53.295116,-28.057085,16.459305,-74.53772,6.0615015,-1.8021026,-15.219035
311,-0.26215997338294983,11.602279663085938,63.712703704833984,4.436280031443773,33.498033558860186,-79.53524843544315,-54.236187,-3.5283709,3.42216,30.689438,-10.3438635,0.0,-55.879513,-8.994534,-10.804301,42.631878,-20.844315,0.0,9.983428,27.999987,8.134181,-11.70747,-30.000013,4.9422703,23.129612,-22.995825,-55.09724,26.710674,6.65014,-12.210748,-52.19366,-27.887215,16.02657,-75.92056,5.9731617,-1.196825,-14.759335
312,-0.24922063946723938,11.537269592285156,63.88577651977539,4.1789018539775515,32.85114962275645,-79.79313598076136,-53.07647,-3.3550284,3.4024043,29.818863,-9.972474,0.0,-54.637787,-8.693955,-10.899309,41.49009,-20.284643,0.0,9.877761,27.999987,8.002514,-11.587972,-30.000013,5.044788,23.137562,-23.008387,-54.932964,26.702816,6.7187963,-12.210748,-51.150696,-27.730503,15.629545,-77.24561,5.7941175,-0.63138807,-14.316512
313,-0.23834188282489777,11.473098754882812,64.05299377441406,3.9357920051193562,32.20155916676347,-80.03345908063041,-51.918945,-3.1895044,3.383595,28.949495,-9.598788,0.0,-53.401184,-8.4020195,-10.990681,40.360935,-19.732218,0.0,9.739639,27.999987,7.8498216,-11.457285,-30.000013,5.151357,23.144415,-23.008806,-54.771168,26.667124,6.7840424,-12.210748,-50.157654,-27.581951,15.260027,-78.52125,5.518703,-0.09982286,-13.905736
314,-0.2346542477607727,11.407092094421387,64.21508026123047,3.7048320425845507,31.547616110516575,-80.25983546556955,-50.758347,-3.0256314,3.3656461,28.079182,-9.223683,0.0,-52.164574,-8.111882,-11.079262,39.24085,-19.187685,0.0,9.581101,27.999987,7.683838,-11.322766,-30.000013,5.2598476,23.150824,-23.001944,-54.61193,26.615353,6.8464403,-12.210748,-49.18274,-27.431513,14.892443,-79.767525,5.182895,0.40287617,-13.501974
315,-0.22623832523822784,11.337092399597168,64.37194061279297,3.4844096535180458,30.890376895849176,-80.47266169325336,-49.596287,-2.871352,3.3502295,27.216082,-8.855728,0.0,-50.923943,-7.8315835,-11.162724,38.126072,-18.650146,0.0,9.418643,27.999987,7.5170727,-11.189731,-30.000013,5.364366,23.158264,-22.998703,-54.45966,26.563665,6.905184,-12.210748,-48.14306,-27.25875,14.483595,-81.04075,4.8453636,0.85539985,-13.090312
316,-0.21756596863269806,11.262127876281738,64.5240249633789,3.273516429771405,30.230911699272138,-80.67224230619144,-48.43089,-2.722696,3.3354867,26.355185,-8.492156,0.0,-49.67971,-7.556869,-11.243054,37.01704,-18.121399,0.0,9.266464,27.999987,7.3574452,-11.062673,-30.000013,5.458348,23.168367,-23.007332,-54.315605,26.525974,6.9593596,-12.210748,-47.165245,-27.10709,14.098549,-82.241844,4.450147,1.2450737,-12.648385
317,-0.2098621129989624,11.181453704833984,64.67095947265625,3.072550293547119,29.56873953627482,-80.856701702034,-47.263584,-2.5795302,3.3197098,25.500721,-8.135298,0.0,-48.43139,-7.288067,-11.322184,35.916523,-17.604107,0.0,9.131437,27.999987,7.2106843,-10.949535,-30.000013,5.5378294,23.18201,-23.032299,-54.177994,26.518614,7.0071354,-12.210748,-46.202477,-26.96478,13.705995,-83.39703,3.9970107,1.5354599,-12.14393
318,-0.21251149475574493,11.101612091064453,64.81259155273438,2.881049356434203,28.90366436042457,-81.0272003293388,-46.098988,-2.4348853,3.3018706,24.649084,-7.7761273,0.0,-47.185616,-7.0180364,-11.401967,34.82426,-17.092627,0.0,9.0046625,27.999987,7.070521,-10.845911,-30.000013,5.60674,23.198236,-23.067911,-54.045895,26.529367,7.049464,-12.210748,-45.25462,-26.828007,13.307791,-84.5114,3.4875891,1.7471721,-11.5963
319,-0.2106025367975235,11.022504806518555,64.9484634399414,2.6974903000393904,28.23750285293672,-81.18815610530665,-44.939224,-2.2982051,3.2873743,23.80662,-7.421422,0.0,-45.944202,-6.7565937,-11.475497,33.740845,-16.58514,0.0,8.8782625,27.999987,6.9306026,-10.737249,-30.000013,5.671726,23.215805,-23.109095,-53.92528,26.530756,7.0899196,-12.210748,-44.32699,-26.693829,12.918649,-85.593506,2.974237,1.94207,-11.063223
320,-0.20396755635738373,10.935523986816406,65.07994842529297,2.5201799111569634,27.571642084773583,-81.34414451475281,-43.77573,-2.1668582,3.277879,22.97014,-7.077911,0.0,-44.69741,-6.4998364,-11.541199,32.65763,-16.0842,0.0,8.74455,27.999987,6.784643,-10.608998,-30.000013,5.7396293,23.23343,-23.15107,-53.822937,26.495672,7.132149,-12.210748,-43.425014,-26.560139,12.553848,-86.65251,2.5107317,2.1812105,-10.602498
321,-0.2021212875843048,10.850008964538574,65.20654296875,2.351484173583787,26.906471161906182,-81.4947164671278,-42.614864,-2.036604,3.2727778,22.133116,-6.732763,0.0,-43.45738,-6.243904,-11.599861,31.579302,-15.584317,0.0,8.5967045,27.999987,6.624518,-10.451694,-30.000013,5.813941,23.251999,-23.200554,-53.745945,26.410048,7.1746745,-12.210748,-42.549564,-26.425158,12.215776,-87.68971,2.117001,2.4922676,-10.226129
322,-0.2054237276315689,10.758139610290527,65.32978057861328,2.1910105071405597,26.2410580547029,-81.63836933346884,-41.446148,-1.907013,3.269952,21.28912,-6.389136,0.0,-42.211845,-5.98741,-11.654264,30.498709,-15.08948,0.0,8.440856,27.999987,6.4563856,-10.275029,-30.000013,5.8905206,23.271759,-23.257301,-53.688828,26.29079,7.216398,-12.210748,-41.69709,-26.290838,11.896973,-88.70131,1.7632481,2.8379169,-9.903016
323,-0.21154266595840454,10.660348892211914,65.44912719726562,2.032344279241767,25.575722439620737,-81.77783677629492,-40.27839,-1.7741934,3.2689695,20.4558,-6.0556374,0.0,-40.958103,-5.726299,-11.705271,29.409307,-14.595606,0.0,8.288531,27.999987,6.2952223,-10.093611,-30.000013,5.965436,23.290413,-23.306654,-53.64046,26.157145,7.2615914,-12.210748,-40.863667,-26.160597,11.597227,-89.6889,1.4282948,3.1812973,-9.62672
324,-0.2078154981136322,10.56340217590332,65.56255340576172,1.870483200056641,24.91071458993226,-81.91531240590218,-39.129368,-1.6434804,3.2722194,19.661068,-5.7429194,0.0,-39.702442,-5.4673886,-11.750019,28.313255,-14.09647,0.0,8.15091,27.999987,6.155458,-9.921295,-30.000013,6.034798,23.305584,-23.333508,-53.589417,26.028048,7.3143687,-12.210748,-40.043446,-26.036947,11.313932,-90.652664,1.089058,3.4854555,-9.391144
325,-0.20816637575626373,10.461186408996582,65.67239379882812,1.702110833834017,24.24403822134483,-82.05105886856123,-37.989983,-1.5009797,3.2759097,18.897738,-5.4500804,0.0,-38.42815,-5.193988,-11.794101,27.189203,-13.587866,0.0,8.033808,27.999987,6.0438466,-9.7648945,-30.000013,6.1007338,23.316923,-23.339281,-53.540527,25.91033,7.3737454,-12.210748,-39.23219,-25.921284,11.049929,-91.58775,0.7399434,3.7354124,-9.201569
326,-0.2063324749469757,10.359301567077637,65.77665710449219,1.5311002946710173,23.57644084608808,-82.18389748637969,-36.868862,-1.3551321,3.2823882,18.173859,-5.1778345,0.0,-37.14889,-4.916812,-11.833646,26.054468,-13.073121,0.0,7.929902,27.999987,5.95101,-9.615469,-30.000013,6.164387,23.325499,-23.330004,-53.497177,25.79317,7.438107,-12.210748,-38.432278,-25.811258,10.804947,-92.496254,0.39338598,3.952389,-9.057213
327,-0.20997785031795502,10.249661445617676,65.876953125,1.361406137351692,22.912060798798677,-82.3139828071319,-35.757233,-1.2028816,3.291599,17.476023,-4.9251795,0.0,-35.86035,-4.6315355,-11.8682785,24.90414,-12.557676,0.0,7.829863,27.999987,5.8665543,-9.463829,-30.000013,6.220412,23.331347,-23.298037,-53.44715,25.67018,7.510805,-12.210748,-37.64779,-25.705189,10.57258,-93.38914,0.05381014,4.1541057,-8.943805
328,-0.21164090931415558,10.139533996582031,65.97174072265625,1.1972049136795992,22.254955502899463,-82.4417211195646,-34.667774,-1.0540237,3.3071177,16.811274,-4.691318,0.0,-34.58107,-4.3506336,-11.894304,23.754995,-12.041179,0.0,7.7246575,27.999987,5.780398,-9.301351,-30.000013,6.2632213,23.334356,-23.235334,-53.377613,25.534395,7.595023,-12.210748,-36.884933,-25.601337,10.3477745,-94.27776,-0.2730185,4.3585153,-8.847292
329,-0.211961567401886,10.032174110412598,66.05966186523438,1.0360500967595059,21.603974959931254,-82.56883180484286,-33.61082,-0.90586156,3.3284328,16.198675,-4.4831553,0.0,-33.3164,-4.0723357,-11.909901,22.614716,-11.525994,0.0,7.613721,27.999987,5.6936927,-9.124027,-30.000013,6.291394,23.333694,-23.137377,-53.28542,25.37587,7.6971607,-12.210748,-36.147022,-25.49971,10.131779,-95.16456,-0.5893029,4.575349,-8.7660475
330,-0.2155485302209854,9.91926383972168,66.14423370361328,0.8770271843513894,20.95771968885626,-82.69462201291316,-32.56612,-0.7542249,3.3536658,15.612023,-4.2932477,0.0,-32.042767,-3.7886379,-11.918748,21.451633,-11.003269,0.0,7.5009193,27.999987,5.610222,-8.937029,-30.000013,6.307459,23.329624,-23.009333,-53.17727,25.201218,7.813465,-12.210748,-35.429005,-25.400791,9.926084,-96.04326,-0.89689505,4.7931666,-8.705999
331,-0.21475674211978912,9.80729866027832,66.22262573242188,0.7256916977049821,20.319977792947974,-82.81640495398146,-31.548899,-0.6105785,3.3849556,15.06495,-4.1244373,0.0,-30.784826,-3.5156233,-11.919006,20.300564,-10.48512,0.0,7.3846645,27.999987,5.524801,-8.745551,-30.000013,6.312102,23.323818,-22.85833,-53.055935,25.02797,7.9323354,-12.210748,-34.726337,-25.304762,9.72894,-96.91539,-1.1852233,4.9988136,-8.664898
332,-0.2165934145450592,9.68677806854248,66.29640197753906,0.587672768029519,19.694819856509373,-82.93135693731486,-30.541039,-0.47502625,3.4211574,14.526046,-3.967326,0.0,-29.538603,-3.2525127,-11.913597,19.162266,-9.981385,0.0,7.2635865,27.999987,5.432348,-8.554719,-30.000013,6.3058476,23.318005,-22.69177,-52.924206,24.874203,8.042185,-12.210748,-34.034855,-25.211842,9.539153,-97.78198,-1.4430217,5.179245,-8.639799
333,-0.2186824381351471,9.5715970993042,66.36537170410156,0.4616694237127882,19.081442079368678,-83.03966363496733,-29.553879,-0.34976903,3.462439,13.995738,-3.8103886,0.0,-28.317223,-3.0024176,-11.902743,18.040539,-9.481324,0.0,7.1371956,27.999987,5.3338165,-8.36268,-30.000013,6.2889833,23.311888,-22.506147,-52.781433,24.73886,8.147757,-12.210748,-33.3486,-25.122168,9.357749,-98.64798,-1.673263,5.326349,-8.631209
334,-0.22006990015506744,9.45250129699707,66.42900848388672,0.3449935292493451,18.47858594853177,-83.14290424880093,-28.587467,-0.23195732,3.5079854,13.494519,-3.6724854,0.0,-27.110275,-2.762515,-11.886586,16.934303,-8.992793,0.0,7.00688,27.999987,5.23151,-8.167865,-30.000013,6.260864,23.304773,-22.299606,-52.626434,24.613752,8.252806,-12.210748,-32.670414,-25.035576,9.1854315,-99.511894,-1.8785627,5.448836,-8.639176
335,-0.2207634001970291,9.32850170135498,66.48888397216797,0.24119230133959604,17.88856608714506,-83.24109169239024,-27.627384,-0.12600362,3.5580943,12.988799,-3.5370378,0.0,-25.91662,-2.535689,-11.865004,15.837557,-8.513275,0.0,6.874245,27.999987,5.1223807,-7.9755807,-30.000013,6.2202144,23.298065,-22.081223,-52.46061,24.506283,8.343737,-12.210748,-32.00826,-24.951225,9.017469,-100.3638,-2.050273,5.558694,-8.661419
336,-0.22170718014240265,9.203719139099121,66.54402923583984,0.15355034961310457,17.314137119406308,-83.33435584062222,-26.680223,-0.034879312,3.6130884,12.479304,-3.4005024,0.0,-24.756073,-2.327801,-11.837473,14.778953,-8.054207,0.0,6.740924,27.999987,5.003505,-7.791194,-30.000013,6.165739,23.29324,-21.86083,-52.28546,24.42388,8.407156,-12.210748,-31.369938,-24.868038,8.848867,-101.193695,-2.1811779,5.667857,-8.695569
337,-0.22151292860507965,9.076716423034668,66.5952377319336,0.08426131334765445,16.758133878066147,-83.42372670959412,-25.7351,0.037448615,3.6740487,11.940186,-3.2511446,0.0,-23.631002,-2.1422105,-11.803241,13.760337,-7.6176257,0.0,6.608425,27.999987,4.872871,-7.6173944,-30.000013,6.0942883,23.290636,-21.634018,-52.094948,24.37487,8.435853,-12.210748,-30.746502,-24.78347,8.677598,-102.01217,-2.247185,5.7849727,-8.745389
338,-0.22308312356472015,8.953373908996582,66.64241790771484,0.030500206822396823,16.218374439125107,-83.50966497669724,-24.799097,0.09529017,3.739664,11.379282,-3.0872505,0.0,-22.546223,-1.9752119,-11.763984,12.785508,-7.200682,0.0,6.4759665,27.999987,4.732279,-7.4509983,-30.000013,6.0070033,23.289654,-21.397999,-51.889854,24.352701,8.43816,-12.210748,-30.17265,-24.704988,8.503793,-102.78759,-2.2722182,5.9008055,-8.794696
339,-0.22324493527412415,8.837517738342285,66.68489074707031,-0.011614263466076068,15.690433206908489,-83.59098205928848,-23.882246,0.1396993,3.807382,10.820058,-2.917838,0.0,-21.503548,-1.8272644,-11.722431,11.862872,-6.804703,0.0,6.34188,27.999987,4.5860853,-7.288738,-30.000013,5.911108,23.28993,-21.164158,-51.684174,24.342554,8.424143,-12.210748,-29.618052,-24.627907,8.332569,-103.542854,-2.2836874,6.005589,-8.85499
340,-0.22523613274097443,8.715675354003906,66.72283935546875,-0.04599942243242149,15.169823624539898,-83.66645994522217,-22.98006,0.1783482,3.8737411,10.2855015,-2.7655046,0.0,-20.479551,-1.6893955,-11.682248,10.978444,-6.4352026,0.0,6.204443,27.999987,4.438667,-7.127001,-30.000013,5.814259,23.29107,-20.944271,-51.49274,24.330063,8.403895,-12.210748,-29.05524,-24.548578,8.171293,-104.29907,-2.3089235,6.089588,-8.938345
341,-0.2203814685344696,8.585512161254883,66.75677490234375,-0.07227129014810423,14.655136731358914,-83.73327331382589,-22.084597,0.20362528,3.936698,9.766549,-2.62796,0.0,-19.468565,-1.5688515,-11.645804,10.130909,-6.0936885,0.0,6.0607457,27.999987,4.2897587,-6.9625554,-30.000013,5.719586,23.293095,-20.739063,-51.320614,24.318579,8.372908,-12.210748,-28.474834,-24.466303,8.0241375,-105.066086,-2.3475935,6.153453,-9.055302
342,-0.2196364402770996,8.457601547241211,66.78585052490234,-0.08935810194808161,14.148698162524324,-83.79342278291875,-21.213537,0.2228683,3.9972148,9.275037,-2.5014021,0.0,-18.502567,-1.4625025,-11.612006,9.361122,-5.7927685,0.0,5.9128466,27.999987,4.1371226,-6.7979345,-30.000013,5.622412,23.296305,-20.542925,-51.15914,24.312721,8.328218,-12.210748,-27.982607,-24.397654,7.872292,-105.74289,-2.4220245,6.194137,-9.153082
343,-0.2221670299768448,8.327326774597168,66.81253814697266,-0.09904568941872738,13.652155699425704,-83.85246201011313,-20.344416,0.23674917,4.0597205,8.770408,-2.3694315,0.0,-17.55865,-1.3639574,-11.576735,8.621603,-5.5100718,0.0,5.7658625,27.999987,3.9842477,-6.639178,-30.000013,5.519348,23.300472,-20.358393,-51.003674,24.302048,8.282359,-12.210748,-27.471066,-24.3246,7.7323294,-106.43293,-2.4939022,6.2164917,-9.270835
344,-0.22503651678562164,8.205596923828125,66.83533477783203,-0.1029522156546156,13.166596621376899,-83.91619200041717,-19.507244,0.24560268,4.1292634,8.297496,-2.248273,0.0,-16.716164,-1.2886605,-11.533183,8.059328,-5.312575,0.0,5.62474,27.999987,3.832259,-6.4919453,-30.000013,5.406012,23.305655,-20.187256,-50.847546,24.274797,8.247773,-12.210748,-27.00507,-24.256996,7.593325,-107.07233,-2.5899768,6.211887,-9.364718
345,-0.22378109395503998,8.079072952270508,66.85530853271484,-0.10080430997547114,12.694805586638608,-83.98687755550722,-18.837723,0.25751784,4.207704,8.167364,-2.3159258,0.0,-16.064001,-1.2587392,-11.476887,7.887128,-5.324422,0.0,5.490218,27.999987,3.680887,-6.3603683,-30.000013,5.280071,23.31201,-20.031351,-50.68824,24.22424,8.228406,-12.210748,-26.546257,-24.188713,7.464296,-107.698875,-2.6845727,6.1708717,-9.450602
346,-0.22278200089931488,7.952565670013428,66.87291717529297,-0.09228551732881177,12.235197528479876,-84.06160340452584,-18.178633,0.2634413,4.2923975,8.035832,-2.3840737,0.0,-15.432261,-1.236511,-11.415409,7.730279,-5.3432355,0.0,5.3599596,27.999987,3.5290155,-6.2404947,-30.000013,5.1439996,23.319603,-19.889164,-50.528954,24.15751,8.217227,-12.210748,-26.12138,-24.124245,7.339565,-108.28664,-2.7895162,6.0964537,-9.52
347,-0.22376613318920135,7.827953338623047,66.88809967041016,-0.0792479605648418,11.78327699145942,-84.13789257118817,-17.529778,0.26607248,4.3795238,7.9068537,-2.4521275,0.0,-14.818132,-1.2193054,-11.352236,7.5901513,-5.369238,0.0,5.2342687,27.999987,3.3784444,-6.1265965,-30.000013,5.0021744,23.327955,-19.758354,-50.374302,24.085,8.210666,-12.210748,-25.70782,-24.060013,7.2192383,-108.85606,-2.920007,6.0138397,-9.586079
348,-0.22367706894874573,7.700411796569824,66.90135192871094,-0.07170218999109712,11.437844152503832,-84.2130361728115,-16.988686,0.27272668,4.4629374,7.7851577,-2.5262966,0.0,-14.310166,-1.1987116,-11.292896,7.4569244,-5.401899,0.0,5.1124234,27.689728,3.2295778,-6.020136,-30.000013,4.9546776,23.337053,-19.661352,-50.237328,24.01345,8.206816,-12.210748,-25.218098,-23.996895,7.111073,-109.38824,-3.1117756,5.9362197,-9.647044
349,-0.2234874814748764,7.5698041915893555,66.912109375,-0.06916738077854157,11.209503093292993,-84.28646493076805,-16.565496,0.28361732,4.541842,7.6699905,-2.606286,0.0,-13.919211,-1.174512,-11.238335,7.331453,-5.442039,0.0,4.9921513,27.03065,3.081017,-5.9156213,-30.000013,5.015914,23.347027,-19.600466,-50.120293,23.948154,8.207011,-12.210748,-24.630804,-23.9329,7.019408,-109.89056,-3.382299,5.8686624,-9.707302
350,-0.22124801576137543,7.44012451171875,66.9215087890625,-0.06175291987056244,10.982342146038912,-84.3596287039861,-16.143095,0.28744885,4.6213613,7.5529747,-2.685043,0.0,-13.536351,-1.1586251,-11.184016,7.2197556,-5.488442,0.0,4.875078,26.380219,2.9340131,-5.8083315,-30.000013,5.072794,23.357584,-19.547813,-50.010563,23.887218,8.210703,-12.210748,-24.073565,-23.870834,6.9248686,-110.355415,-3.7140474,5.806143,-9.754551
351,-0.21697774529457092,7.3119215965271,66.92961120605469,-0.0520985214643735,10.758846740687494,-84.43336443641522,-15.725352,0.28694245,4.702007,7.436526,-2.7635844,0.0,-13.163211,-1.1480736,-11.128741,7.118011,-5.538309,0.0,4.765102,25.738249,2.7920637,-5.706858,-30.000013,5.122445,23.368294,-19.502354,-49.90703,23.822706,8.214447,-12.210748,-23.52204,-23.808697,6.8349953,-110.81196,-4.061352,5.7482,-9.802821
352,-0.21232566237449646,7.183520317077637,66.93609619140625,-0.04239147378991488,10.541508006205353,-84.508290011408,-15.315618,0.28594896,4.784141,7.324965,-2.8451915,0.0,-12.798797,-1.1386447,-11.071455,7.02232,-5.5915966,0.0,4.666037,25.105152,2.6581547,-5.620015,-30.000013,5.1617255,23.378922,-19.463926,-49.8085,23.7474,8.214966,-12.210748,-22.98841,-23.749538,6.7457786,-111.24968,-4.39634,5.690275,-9.845639
353,-0.21028649806976318,7.052637100219727,66.94129180908203,-0.033165286935121205,10.33212088600043,-84.5875322938636,-14.913672,0.28780723,4.8707614,7.2194986,-2.9329271,0.0,-12.445902,-1.1274754,-11.009409,6.9366674,-5.6518893,0.0,4.583287,24.481424,2.533886,-5.5556374,-30.000013,5.1880083,23.389685,-19.437527,-49.717777,23.657331,8.212072,-12.210748,-22.474508,-23.693369,6.6549544,-111.666534,-4.708518,5.63594,-9.88079
354,-0.2072889357805252,6.918702125549316,66.94505310058594,-0.02331013999837534,10.128859373198448,-84.66982656486887,-14.517131,0.28849307,4.960827,7.119605,-3.0270288,0.0,-12.101398,-1.1185838,-10.943882,6.860764,-5.7195225,0.0,4.5128365,23.867184,2.4169474,-5.5073895,-30.000013,5.2034097,23.400623,-19.421831,-49.634575,23.557365,8.20731,-12.210748,-21.96549,-23.637758,6.567979,-112.07668,-5.0106983,5.587018,-9.9169445
355,-0.20729385316371918,6.78353214263916,66.94738006591797,-0.012987292776766805,9.929451453473536,-84.74899258523631,-14.1255245,0.29048926,5.047519,7.022678,-3.122753,0.0,-11.760756,-1.1083705,-10.880825,6.7886815,-5.791269,0.0,4.444383,23.260519,2.3042958,-5.462739,-30.000013,5.2123747,23.41116,-19.40621,-49.55263,23.452427,8.200085,-12.210748,-21.464453,-23.58361,6.4862285,-112.47854,-5.31407,5.5348215,-9.9521475
356,-0.2058703899383545,6.651707172393799,66.94863891601562,-0.0023838369383357987,9.73137767173907,-84.8190739748455,-13.742112,0.28984544,5.1248665,6.9296713,-3.2156327,0.0,-11.422926,-1.1006021,-10.8255415,6.7185674,-5.863055,0.0,4.367811,22.660128,2.1932824,-5.4091396,-30.000013,5.218924,23.420732,-19.379642,-49.465233,23.346958,8.189662,-12.210748,-20.965208,-23.530594,6.413388,-112.879036,-5.6286926,5.4711432,-9.991444
357,-0.20336224138736725,6.51483154296875,66.94914245605469,0.009070707817685462,9.534263738168745,-84.8766311413889,-13.360111,0.28667665,5.189091,6.8415275,-3.3127928,0.0,-11.079279,-1.0947864,-10.781196,6.6503234,-5.9429045,0.0,4.2771196,22.065714,2.0817347,-5.341555,-30.000013,5.2213798,23.429396,-19.33575,-49.365234,23.23929,8.174129,-12.210748,-20.481697,-23.479586,6.3433986,-113.26439,-5.9838924,5.3833113,-10.012854
358,-0.20326685905456543,6.378478050231934,66.94815063476562,0.02109643737592395,9.339286811196203,-84.92554456241145,-12.98425,0.28399137,5.2441235,6.7562313,-3.4085736,0.0,-10.736915,-1.0881598,-10.7445135,6.583883,-6.025535,0.0,4.1786704,21.477913,1.9720017,-5.2668686,-30.000013,5.2186384,23.43728,-19.281376,-49.25823,23.127853,8.15444,-12.210748,-19.993675,-23.428207,6.2833986,-113.6555,-6.357459,5.2808228,-10.032305
359,-0.2011382281780243,6.242166996002197,66.946533203125,0.03288490319910579,9.146635389225231,-84.97046877426843,-12.613742,0.27956945,5.295103,6.6755633,-3.5060842,0.0,-10.397613,-1.0835677,-10.710675,6.521525,-6.111078,0.0,4.080779,20.89668,1.8671958,-5.1903524,-30.000013,5.215407,23.444225,-19.225956,-49.15629,23.017948,8.134228,-12.210748,-19.508223,-23.379324,6.23424,-114.04387,-6.7072434,5.1821957,-10.071322
360,-0.2027696967124939,6.111348628997803,66.94383239746094,0.043663214296922916,8.956418830673812,-85.01608186873032,-12.251944,0.27863577,5.3466325,6.598378,-3.6006057,0.0,-10.067936,-1.075906,-10.675589,6.4635305,-6.194418,0.0,3.9917223,20.321917,1.7705488,-5.117444,-30.000013,5.2166805,23.449928,-19.17862,-49.0721,22.914886,8.117086,-12.210748,-19.005976,-23.332827,6.206369,-114.45048,-6.9788256,5.10992,-10.167752
361,-0.19852705299854279,5.975699424743652,66.94053649902344,0.053695051574419846,8.768980597857084,-85.06232276338098,-11.891419,0.27424812,5.3999085,6.527712,-3.7036114,0.0,-9.739666,-1.0726244,-10.638436,6.4131627,-6.285934,0.0,3.9145527,19.752867,1.6836071,-5.0513573,-30.000013,5.2239428,23.45427,-19.144583,-49.01176,22.816717,8.103126,-12.210748,-18.48861,-23.289803,6.2017574,-114.86886,-7.1496887,5.066553,-10.341985
362,-0.1909119188785553,5.838224411010742,66.93622589111328,0.06324586493630209,8.584164188045921,-85.10715262900051,-11.533975,0.26766905,5.452425,6.461069,-3.810428,0.0,-9.4137945,-1.0720174,-10.601467,6.3662825,-6.3806205,0.0,3.8443072,19.1899,1.6041876,-4.988763,-30.000013,5.2343445,23.457403,-19.117725,-48.967377,22.721716,8.090826,-12.210748,-17.955603,-23.249077,6.21807,-115.301186,-7.2475996,5.043435,-10.575245
363,-0.19410862028598785,5.706117630004883,66.93140411376953,0.0718362942724415,8.401249349816794,-85.15211088606733,-11.185157,0.26997292,5.5035467,6.397269,-3.9125972,0.0,-9.0974045,-1.0626676,-10.564322,6.323838,-6.473809,0.0,3.7770581,18.634485,1.5293636,-4.9252515,-30.000013,5.247018,23.459377,-19.091682,-48.931442,22.63542,8.08095,-12.210748,-17.412971,-23.210234,6.2505326,-115.74864,-7.3056006,5.0402837,-10.829102
364,-0.19783617556095123,5.569561004638672,66.92599487304688,0.07889765426029834,8.219321492715194,-85.19897170883675,-10.836849,0.27441332,5.5541334,6.3418927,-4.0235996,0.0,-8.782223,-1.0518532,-10.5246315,6.290039,-6.575455,0.0,3.709159,18.088017,1.456487,-4.8563504,-30.000013,5.261028,23.460316,-19.059832,-48.896217,22.563293,8.074395,-12.210748,-16.880033,-23.174051,6.2873287,-116.19629,-7.364744,5.0544267,-11.05636
365,-0.19722497463226318,5.433364391326904,66.91984558105469,0.0843493466744523,8.039016906206017,-85.24752362810428,-10.492872,0.2768457,5.6038346,6.2919345,-4.1374183,0.0,-8.469439,-1.04324,-10.482179,6.2575965,-6.677068,0.0,3.6397424,17.549221,1.3853081,-4.777206,-30.000013,5.2747655,23.46001,-19.018337,-48.856476,22.512455,8.073688,-12.210748,-16.347292,-23.139648,6.3333263,-116.658775,-7.417546,5.095169,-11.2584095
366,-0.1933511346578598,5.297496318817139,66.91333770751953,0.08816421352389156,7.860405979650286,-85.29715879388,-10.15226,0.2781105,5.652749,6.2460938,-4.2539077,0.0,-8.161334,-1.0363598,-10.437627,6.2307568,-6.7807193,0.0,3.5707402,17.017767,1.3172835,-4.691507,-30.000013,5.2893233,23.458494,-18.97151,-48.817417,22.477854,8.077579,-12.210748,-15.813094,-23.107603,6.390016,-117.13391,-7.4493823,5.160441,-11.451767
367,-0.19497531652450562,5.166708469390869,66.90594482421875,0.0915038709725871,7.682099867209732,-85.34861614935922,-9.817781,0.28371274,5.702077,6.2042627,-4.3679285,0.0,-7.8598166,-1.0253248,-10.391128,6.20588,-6.880794,0.0,3.501926,16.497072,1.2508678,-4.607253,-30.000013,5.307077,23.456131,-18.924667,-48.7869,22.447742,8.081533,-12.210748,-15.28257,-23.077093,6.4530225,-117.60797,-7.481057,5.2324786,-11.632515
368,-0.19103080034255981,5.03782844543457,66.89850616455078,0.09573183875833954,7.50277178198216,-85.40263177252139,-9.487611,0.28419378,5.7541823,6.170827,-4.4849634,0.0,-7.560939,-1.0203681,-10.341418,6.1844797,-6.979691,0.0,3.4331856,15.990479,1.1846582,-4.53259,-30.000013,5.3306627,23.453215,-18.883327,-48.77235,22.409927,8.08086,-12.210748,-14.759888,-23.047749,6.5199227,-118.07252,-7.5290313,5.29402,-11.797816
369,-0.18970495462417603,4.907910346984863,66.89077758789062,0.09782676606604496,7.324930643498136,-85.46190249765377,-9.169406,0.2899305,5.810517,6.1646614,-4.61795,0.0,-7.266192,-1.0117064,-10.286659,6.167332,-7.080454,0.0,3.3656037,15.494919,1.1201216,-4.470394,-30.000013,5.362129,23.44959,-18.847023,-48.778446,22.3601,8.07197,-12.210748,-14.247017,-23.01953,6.590095,-118.52335,-7.595208,5.3459187,-11.946666
370,-0.18815301358699799,4.781220436096191,66.88211822509766,0.09897771550176761,7.148337787425344,-85.52503657042222,-8.85938,0.29655918,5.869999,6.168357,-4.753452,0.0,-6.9778166,-1.0030458,-10.227789,6.151147,-7.1769257,0.0,3.298471,15.010213,1.0569072,-4.415943,-30.000013,5.399801,23.44515,-18.813467,-48.800236,22.304842,8.058176,-12.210748,-13.7404585,-22.99273,6.665591,-118.9687,-7.6692576,5.395787,-12.081042
371,-0.18708756566047668,4.650982856750488,66.87410736083984,0.10103664601156404,6.967415498577131,-85.58776003701195,-8.543933,0.302716,5.9288726,6.1758223,-4.8933873,0.0,-6.68436,-0.99527407,-10.169021,6.143374,-7.282414,0.0,3.231429,14.542637,0.99574536,-4.365731,-30.000013,5.4400315,23.440466,-18.785822,-48.83118,22.24949,8.044999,-12.210748,-13.243951,-22.967337,6.7410464,-119.39995,-7.760791,5.4336805,-12.195488
372,-0.18428935110569,4.524320125579834,66.86608123779297,0.10336553526877637,6.776669085003805,-85.64610379905783,-8.223521,0.30676624,5.9838743,6.184195,-5.029296,0.0,-6.3871083,-0.99037856,-10.114513,6.141762,-7.387452,0.0,3.1651466,14.098389,0.93974143,-4.3219233,-29.583372,5.479406,23.436209,-18.768072,-48.86476,22.200222,8.038188,-12.210748,-12.762355,-22.943363,6.8091865,-119.808846,-7.8802056,5.4491177,-12.28333
373,-0.1782534122467041,4.39882755279541,66.85820007324219,0.10531931792827307,6.574270033951238,-85.70063013567646,-7.8938856,0.30828458,6.0354357,6.1943173,-5.164479,0.0,-6.0820527,-0.98873335,-10.063899,6.1499295,-7.4975753,0.0,3.1001287,13.681096,0.8896758,-4.279482,-29.031937,5.5155706,23.43226,-18.760002,-48.901043,22.155859,8.04257,-12.210748,-12.307445,-22.920607,6.8633494,-120.17964,-8.049659,5.428738,-12.322772
374,-0.17975039780139923,4.278059482574463,66.84942626953125,0.10791187757689473,6.363410473134578,-85.75273128001909,-7.561294,0.3146324,6.084328,6.2047615,-5.2935643,0.0,-5.7763667,-0.98276734,-10.016223,6.1658115,-7.6083317,0.0,3.0356877,13.286933,0.84342825,-4.238549,-28.501043,5.5508404,23.428392,-18.760103,-48.943035,22.11446,8.053993,-12.210748,-11.874415,-22.899221,6.907762,-120.52149,-8.25706,5.3814354,-12.322701
375,-0.17998652160167694,4.159781455993652,66.84049224853516,0.11094452132213972,6.1455314295984875,-85.80055418267077,-7.2254367,0.3192531,6.129431,6.2158003,-5.4194694,0.0,-5.467508,-0.97902197,-9.972551,6.186478,-7.7196417,0.0,2.971174,12.910918,0.8011288,-4.201304,-27.984615,5.588233,23.424896,-18.769184,-48.988243,22.078852,8.064621,-12.210748,-11.444435,-22.879591,6.9523087,-120.85442,-8.464948,5.3300533,-12.322231
376,-0.17849192023277283,4.044310092926025,66.83182525634766,0.11476986124367056,5.922072812583924,-85.84206606537872,-6.8867016,0.32124564,6.169,6.224911,-5.5409627,0.0,-5.1509905,-0.97718287,-9.934742,6.2012067,-7.8267927,0.0,2.9055846,12.548098,0.7625191,-4.1698356,-27.47585,5.631111,23.422056,-18.78766,-49.034508,22.051754,8.066551,-12.210748,-10.995624,-22.861898,7.007572,-121.203186,-8.63444,5.297812,-12.362315
377,-0.1781286895275116,3.9289183616638184,66.8229751586914,0.12020534421541115,5.690486769480706,-85.87410909518036,-6.543683,0.32248858,6.200004,6.2365184,-5.661103,0.0,-4.8258085,-0.9762265,-9.905955,6.2194576,-7.938118,0.0,2.8383586,12.201448,0.7282635,-4.1506033,-26.976812,5.6779394,23.420494,-18.816446,-49.08132,22.04665,8.050446,-12.210748,-10.526706,-22.846916,7.0725727,-121.57185,-8.751604,5.2927217,-12.459976
378,-0.1788124144077301,3.8144021034240723,66.8143539428711,0.12633937826596414,5.450959897378725,-85.89868885406689,-6.195436,0.3236469,6.224127,6.2490525,-5.779285,0.0,-4.492665,-0.9752758,-9.884445,6.239258,-8.050979,0.0,2.7698987,11.872261,0.69820124,-4.140443,-26.490059,5.7276416,23.419846,-18.854864,-49.12956,22.057816,8.022945,-12.210748,-10.043315,-22.833855,7.144513,-121.95294,-8.836959,5.302624,-12.594383
379,-0.1764087677001953,3.703268527984619,66.80528259277344,0.13277085140450534,5.209246207311025,-85.92130911311156,-5.848627,0.3218517,6.246676,6.26191,-5.894563,0.0,-4.159521,-0.9773697,-9.864334,6.259047,-8.161209,0.0,2.7011924,11.552763,0.67102647,-4.1271243,-26.00859,5.7843747,23.418955,-18.90132,-49.179943,22.058945,8.00012,-12.210748,-9.552789,-22.82261,7.219759,-122.334076,-8.909639,5.319241,-12.731755
380,-0.17447803914546967,3.5891613960266113,66.79566192626953,0.13793082966695608,4.970806945140463,-85.94769552790287,-5.5012097,0.32165006,6.272325,6.2733645,-6.012547,0.0,-3.826611,-0.9775141,-9.840127,6.275923,-8.271814,0.0,2.6332133,11.235844,0.6458187,-4.0982666,-25.526367,5.851579,23.416794,-18.954716,-49.2321,22.023912,7.9978046,-12.210748,-9.060385,-22.812906,7.3060837,-122.70364,-8.982383,5.3308277,-12.847949
381,-0.17175497114658356,3.474573850631714,66.78594970703125,0.14149019418528527,4.737614531065819,-85.97818107520575,-5.156643,0.3221902,6.3017316,6.2837963,-6.132336,0.0,-3.499433,-0.97685444,-9.811283,6.2920346,-8.381225,0.0,2.5652754,10.9194765,0.62190163,-4.04626,-25.043089,5.92833,23.41285,-19.013763,-49.285046,21.930868,8.026476,-12.210748,-8.563723,-22.804108,7.399311,-123.05787,-9.058941,5.3343515,-12.937279
382,-0.171473890542984,3.358374834060669,66.77587127685547,0.1442024766354536,4.50640640221816,-86.01021561983958,-4.813191,0.32551405,6.3323417,6.2948403,-6.2536345,0.0,-3.1738474,-0.9734559,-9.780623,6.310122,-8.493436,0.0,2.4971156,10.60779,0.60001796,-3.9791706,-24.562244,6.0133343,23.40774,-19.07917,-49.339027,21.798653,8.075528,-12.210748,-8.065243,-22.79694,7.4938807,-123.399574,-9.133379,5.3357263,-13.008849
383,-0.16750267148017883,3.2458174228668213,66.76521301269531,0.14675203099550158,4.275576061189446,-86.04452698647223,-4.4708114,0.3255592,6.3649554,6.3024087,-6.3712983,0.0,-2.849819,-0.9728955,-9.747021,6.3235006,-8.5994005,0.0,2.430405,10.301719,0.5806946,-3.9081392,-24.080614,6.110935,23.402029,-19.152325,-49.398075,21.661327,8.13009,-12.210748,-7.5635214,-22.791342,7.5909395,-123.73949,-9.208225,5.342001,-13.058768
384,-0.16530342400074005,3.136141538619995,66.75482177734375,0.1494590060227763,4.043423452693031,-86.0819340340159,-4.1289387,0.32644254,6.39959,6.3101287,-6.487259,0.0,-2.5271277,-0.97129446,-9.71009,6.334017,-8.700234,0.0,2.3668573,10.001837,0.5647268,-3.8437843,-23.596458,6.223466,23.396114,-19.236813,-49.46299,21.554035,8.173715,-12.210748,-7.0755744,-22.787773,7.694132,-124.053055,-9.290599,5.344228,-13.077582
385,-0.1595074087381363,3.022078037261963,66.74394226074219,0.15193325094712606,3.8034991124239683,-86.12421653174063,-3.775727,0.3248427,6.437935,6.320685,-6.610051,0.0,-2.1934154,-0.972258,-9.667295,6.3449855,-8.804446,0.0,2.3081002,9.7126,0.5532268,-3.793498,-23.137897,6.359929,23.390425,-19.329884,-49.543217,21.492567,8.19879,-12.210748,-6.6230555,-22.785822,7.7813454,-124.32374,-9.409212,5.3508816,-13.036173
386,-0.1584692895412445,2.915750503540039,66.73237609863281,0.15449160193343417,3.5586569968753747,-86.1704932716352,-3.421503,0.32608882,6.479063,6.3278584,-6.725462,0.0,-1.860245,-0.96975285,-9.62042,6.3496866,-8.897813,0.0,2.2527187,9.431852,0.54533815,-3.7455812,-22.643742,6.5117574,23.384632,-19.435146,-49.628147,21.46096,8.211518,-12.210748,-6.1658163,-22.785374,7.8672404,-124.58993,-9.535407,5.3633704,-12.96854
387,-0.15581998229026794,2.8049302101135254,66.72168731689453,0.15743554207056676,3.321182028068435,-86.2173811753005,-3.0687697,0.32541156,6.520268,6.3299136,-6.841657,0.0,-1.5281668,-0.96841615,-9.5725975,6.3493547,-8.992229,0.0,2.1981657,9.152553,0.53896195,-3.7039063,-22.249218,6.6692266,23.378325,-19.546932,-49.711937,21.425154,8.230121,-12.210748,-5.7377763,-22.786879,7.9673257,-124.82035,-9.659696,5.3730016,-12.870839
388,-0.15306560695171356,2.6993894577026367,66.71046447753906,0.16205612509638354,3.103603103676689,-86.26143655008667,-2.7438788,0.32287586,6.55864,6.3382545,-6.9560914,0.0,-1.222026,-0.9696444,-9.527823,6.354034,-9.0856085,0.0,2.1426773,8.867333,0.53155696,-3.6492171,-21.801886,6.822938,23.371962,-19.648176,-49.782112,21.361256,8.268716,-12.210748,-5.288375,-22.789724,8.059802,-125.076546,-9.728613,5.3866086,-12.789327
389,-0.1508364975452423,2.594546318054199,66.70010375976562,0.1683217522213131,2.913143272213874,-86.30402444320252,-2.447467,0.31892228,6.5954423,6.3459997,-7.068076,0.0,-0.94426453,-0.97249657,-9.485192,6.3592215,-9.178211,0.0,2.0857427,8.568009,0.523048,-3.5809224,-21.351362,6.9767256,23.364494,-19.752533,-49.849564,21.241812,8.337841,-12.210748,-4.802385,-22.79488,8.175882,-125.366585,-9.73024,5.3925147,-12.729691
390,-0.13995786011219025,2.4887795448303223,66.69013214111328,0.1757306177556184,2.741954900337042,-86.34616555857593,-2.1703496,0.30699384,6.632004,6.3563795,-7.1831627,0.0,-0.6845,-0.9836937,-9.442757,6.364713,-9.271227,0.0,2.0281315,8.26069,0.51455283,-3.5025246,-20.910686,7.131966,23.355482,-19.857674,-49.91151,21.087927,8.426838,-12.210748,-4.296566,-22.803053,8.315668,-125.67542,-9.681033,5.396907,-12.687119
391,-0.13259418308734894,2.387077808380127,66.68013000488281,0.18411897336923835,2.5792624849296564,-86.38420560782451,-1.9058877,0.29648373,6.6639557,6.364798,-7.2919145,0.0,-0.43499205,-0.99303466,-9.40438,6.368581,-9.3613,0.0,1.9696496,7.9582934,0.50600266,-3.4200444,-20.482727,7.2855268,23.345633,-19.959038,-49.963387,20.937178,8.521186,-12.210748,-3.784323,-22.813549,8.471353,-125.99785,-9.596842,5.409253,-12.649104
392,-0.1293843388557434,2.2910728454589844,66.66958618164062,0.19287396466038997,2.4146167893619035,-86.41451387279862,-1.6493595,0.2889133,6.687997,6.379573,-7.3971705,0.0,-0.18924592,-0.99983037,-9.373682,6.376511,-9.4501295,0.0,1.9110204,7.6761365,0.49697217,-3.3769848,-20.263412,7.3952265,23.339113,-20.02402,-50.016228,20.803467,8.6583,-12.210748,-3.4523556,-22.82045,8.574188,-126.18412,-9.575257,5.465481,-12.523194
393,-0.12628313899040222,2.196204900741577,66.6589584350586,0.202541835630875,2.2429568796010577,-86.43544081489281,-1.3817043,0.27946812,6.7009153,6.377536,-7.490366,0.0,0.07105655,-1.0059092,-9.349948,6.3703985,-9.532467,0.0,1.8489633,7.411747,0.48752505,-3.2762864,-19.712946,7.5828114,23.326252,-20.128473,-50.0307,20.77314,8.684162,-12.210748,-2.8339946,-22.836025,8.756487,-126.59465,-9.414491,5.484913,-12.468593
394,-0.1236322894692421,2.1039559841156006,66.64844512939453,0.2127321541602331,2.071585535016096,-86.44923482548933,-1.1245364,0.2704968,6.7068725,6.389158,-7.5872674,0.0,0.32667392,-1.0126716,-9.333507,6.372524,-9.618503,0.0,1.7875388,7.166333,0.47758645,-3.23541,-19.481958,7.6896987,23.319292,-20.18692,-50.05727,20.739273,8.796358,-12.210748,-2.4994216,-22.845257,8.868955,-126.80102,-9.353464,5.5741425,-12.304386
395,-0.11776787042617798,2.0143790245056152,66.63790893554688,0.22333864652479568,1.9046042700775718,-86.45770210148065,-0.87199515,0.25814506,6.7074723,6.39328,-7.6769333,0.0,0.58016884,-1.0218116,-9.321439,6.368002,-9.699799,0.0,1.7244705,6.930416,0.46727675,-3.184433,-19.194939,7.827131,23.31086,-20.249123,-50.055096,20.735376,8.865797,-12.210748,-2.0993156,-22.856346,8.98766,-127.03676,-9.256039,5.640902,-12.139604
396,-0.11181401461362839,1.929225206375122,66.62796020507812,0.23398235298193376,1.7474109906310884,-86.46317109976205,-0.634887,0.24580425,6.7061424,6.3990116,-7.7623796,0.0,0.8205062,-1.0312601,-9.312908,6.3620358,-9.776199,0.0,1.6604277,6.7009,0.45694128,-3.126102,-18.884283,7.963278,23.301802,-20.308283,-50.0415,20.716145,8.930792,-12.210748,-1.6674514,-22.869211,9.1121435,-127.304596,-9.137432,5.7002416,-12.007711
397,-0.10801713168621063,1.844105839729309,66.61797332763672,0.24497526738259784,1.6014450095853683,-86.46384954012191,-0.41129965,0.2352,6.7012877,6.4061384,-7.8464293,0.0,1.0428735,-1.0403414,-9.309825,6.3735065,-9.863415,0.0,1.5933999,6.477829,0.44513923,-3.0605824,-18.573286,8.089339,23.292524,-20.358925,-50.000275,20.664902,8.986704,-12.210748,-1.2171345,-22.88389,9.241016,-127.59555,-8.997685,5.7553077,-11.917619
398,-0.10262221097946167,1.7644766569137573,66.60853576660156,0.2555439777876082,1.4640185001322321,-86.45942519248398,-0.20143856,0.2236697,6.692475,6.412177,-7.9242806,0.0,1.2553176,-1.0500194,-9.312097,6.3797154,-9.943753,0.0,1.5240089,6.2631598,0.43271035,-2.9891007,-18.273657,8.205723,23.282892,-20.398262,-49.932568,20.594168,9.033407,-12.210748,-0.75585574,-22.900337,9.373622,-127.903046,-8.839208,5.8102303,-11.855323
399,-0.09962547570466995,1.6895594596862793,66.59919738769531,0.2661238686090793,1.3340746194575224,-86.4535852018943,-0.003715827,0.21393551,6.682761,6.416668,-7.9956837,0.0,1.4564892,-1.0579183,-9.316119,6.3849344,-10.019588,0.0,1.4562933,6.055749,0.4218094,-2.914949,-17.986387,8.320905,23.27258,-20.429821,-49.857113,20.524942,9.081492,-12.210748,-0.28780502,-22.918497,9.510931,-128.21487,-8.674407,5.860198,-11.803528
400,-0.09640166908502579,1.61057448387146,66.59046936035156,0.2762139067180456,1.2106509146429631,-86.45013418423366,0.18989812,0.20474789,6.675481,6.42558,-8.073963,0.0,1.6512315,-1.0658315,-9.317686,6.395766,-10.101119,0.0,1.3942244,5.85454,0.41474578,-2.8427298,-17.706213,8.445442,23.261423,-20.461473,-49.796127,20.481556,9.142071,-12.210748,0.18343793,-22.938126,9.654242,-128.52025,-8.517175,5.898309,-11.747147
401,-0.09172948449850082,1.537721037864685,66.58142852783203,0.28646914446374727,1.095078171967794,-86.44988133685658,0.3724291,0.19372115,6.671842,6.4308615,-8.145569,0.0,1.8333713,-1.0754168,-9.316,6.403918,-10.17504,0.0,1.3397912,5.657455,0.41194105,-2.777029,-17.426708,8.586492,23.249428,-20.5013,-49.76471,20.479145,9.226898,-12.210748,0.6564079,-22.959602,9.805261,-128.81197,-8.368486,5.919575,-11.681021
402,-0.0881553590297699,1.4719618558883667,66.57301330566406,0.29684973564652506,0.9873954789186817,-86.45108608128587,0.5416263,0.18301012,6.670058,6.4340844,-8.2096615,0.0,2.0010185,-1.0847397,-9.313062,6.411126,-10.241588,0.0,1.2906572,5.4656897,0.41239685,-2.7190886,-17.147299,8.740143,23.237125,-20.551476,-49.754803,20.510487,9.330045,-12.210748,1.1293865,-22.98284,9.962982,-129.09239,-8.224899,5.9265456,-11.613448
403,-0.08313914388418198,1.4080748558044434,66.56523132324219,0.3063447737989196,0.8843794696990569,-86.45269660945978,0.7045743,0.1719888,6.66924,6.4367776,-8.271777,0.0,2.1623888,-1.0944569,-9.309628,6.4173694,-10.305331,0.0,1.2443274,5.2825546,0.41581765,-2.6671526,-16.872194,8.897794,23.225069,-20.609743,-49.748947,20.564486,9.433758,-12.210748,1.5983733,-23.0075,10.124726,-129.36261,-8.087118,5.9265256,-11.542414
404,-0.08025727421045303,1.343809723854065,66.55740356445312,0.31453790704969364,0.7827469841846656,-86.45381894474356,0.8634685,0.16435178,6.668233,6.445242,-8.336976,0.0,2.3212805,-1.1012745,-9.3067,6.4261956,-10.370924,0.0,1.1982532,5.111579,0.42161915,-2.6175795,-16.608738,9.050266,23.213562,-20.670668,-49.72793,20.627693,9.519055,-12.210748,2.0594752,-23.032717,10.286188,-129.62463,-7.9606004,5.925747,-11.467629
405,-0.0786617174744606,1.285461664199829,66.54988861083984,0.3208424301413273,0.6825622604950736,-86.45341340317772,1.0157568,0.1595524,6.666575,6.4524546,-8.395843,0.0,2.4745903,-1.1052437,-9.305147,6.4327865,-10.430276,0.0,1.1502919,4.9535933,0.42855147,-2.5679023,-16.362429,9.1923,23.20273,-20.727854,-49.678562,20.694592,9.5704,-12.210748,2.509688,-23.05785,10.444061,-129.87398,-7.8612504,5.9182143,-11.38322
406,-0.07460981607437134,1.2296032905578613,66.54264831542969,0.3257177031833799,0.5851931730891206,-86.45198646845125,1.1616411,0.15444294,6.6649003,6.462264,-8.454077,0.0,2.623386,-1.1097817,-9.304131,6.438792,-10.4870405,0.0,1.102272,4.806822,0.43706357,-2.517782,-16.134287,9.326677,23.192331,-20.779484,-49.608204,20.766567,9.598472,-12.210748,2.949057,-23.08252,10.596729,-130.1075,-7.7866096,5.901944,-11.287989
407,-0.07228972017765045,1.178972840309143,66.53512573242188,0.32947185883694907,0.48954046061394196,-86.45204804393057,1.301324,0.15149838,6.6646514,6.471888,-8.507609,0.0,2.7647128,-1.1123965,-9.302135,6.445641,-10.539193,0.0,1.0575669,4.6710167,0.44949222,-2.4663885,-15.924432,9.458677,23.181808,-20.828382,-49.530815,20.842289,9.625308,-12.210748,3.3783028,-23.106773,10.743198,-130.3289,-7.707114,5.8929014,-11.1836
408,-0.06629908084869385,1.1295675039291382,66.52836608886719,0.33286356255941585,0.39432640269507374,-86.45555386976345,1.4425671,0.14537525,6.6673098,6.4770985,-8.5589285,0.0,2.9047217,-1.1178969,-9.297293,6.4503894,-10.587856,0.0,1.0196737,4.545838,0.4683945,-2.4126527,-15.732226,9.593178,23.170753,-20.880238,-49.460693,20.922428,9.673239,-12.210748,3.7995918,-23.130426,10.882981,-130.54478,-7.589909,5.9093714,-11.072753
409,-0.06031940504908562,1.0791988372802734,66.52156066894531,0.336989804717859,0.2955664347218329,-86.46343460884219,1.5898273,0.13805164,6.6729116,6.480651,-8.610943,0.0,3.0466504,-1.1247015,-9.289071,6.4584737,-10.638303,0.0,0.9907057,4.4358506,0.4972837,-2.3564577,-15.560347,9.734328,23.158962,-20.941776,-49.40773,21.021912,9.749302,-12.210748,4.2144723,-23.15354,11.016663,-130.75854,-7.4109015,5.9685907,-10.950928
410,-0.052393630146980286,1.0266004800796509,66.51509857177734,0.34086312158194493,0.19508322222671487,-86.47431191821063,1.7406303,0.12928848,6.68071,6.485466,-8.6661625,0.0,3.1898587,-1.1332728,-9.278336,6.4695196,-10.691074,0.0,0.96853036,4.339657,0.53386354,-2.2978427,-15.409843,9.879785,23.146696,-21.015032,-49.366203,21.141573,9.843577,-12.210748,4.6236544,-23.176071,11.144683,-130.97112,-7.188106,6.060754,-10.8192215
411,-0.04395454749464989,0.9773862361907959,66.50898742675781,0.34339838552612567,0.10049112280671367,-86.4873655152806,1.884343,0.12095932,6.690794,6.4875746,-8.717532,0.0,3.3242383,-1.1412841,-9.265975,6.4797683,-10.740011,0.0,0.94994724,4.2480288,0.5723732,-2.2356572,-15.274541,10.024222,23.134178,-21.096489,-49.32415,21.258629,9.950398,-12.210748,5.029748,-23.19762,11.266991,-131.18108,-6.9550424,6.1602564,-10.689205
412,-0.03611600399017334,0.9418214559555054,66.5033187866211,0.3459155644165099,0.01936694994631546,-86.50156869344924,2.0049267,0.11249078,6.7032447,6.4854803,-8.755205,0.0,3.4357095,-1.1492532,-9.253127,6.482878,-10.772422,0.0,0.9318036,4.1517076,0.6067727,-2.1680381,-15.14433,10.162519,23.121452,-21.178902,-49.26897,21.346613,10.063952,-12.210748,5.4354115,-23.217663,11.383024,-131.38687,-6.7469525,6.239139,-10.573568
413,-0.02905542403459549,0.9063949584960938,66.49820709228516,0.348647007378636,-0.04476698266250846,-86.51593508352495,2.1070206,0.10478387,6.7171335,6.484987,-8.793065,0.0,3.528802,-1.1570104,-9.240931,6.4876556,-10.805073,0.0,0.91221493,4.047358,0.6336703,-2.0907285,-15.01004,10.290937,23.108168,-21.256157,-49.18878,21.379282,10.182644,-12.210748,5.8425255,-23.23581,11.491476,-131.58728,-6.576399,6.2849417,-10.474297
414,-0.02451176755130291,0.8700587749481201,66.493408203125,0.3481730393730974,-0.09634835925311008,-86.53146114849926,2.1966543,0.1021815,6.732779,6.4864635,-8.8327875,0.0,3.6090038,-1.1598228,-9.228431,6.4933896,-10.838524,0.0,0.8930665,3.940108,0.6565255,-2.0026662,-14.869823,10.412645,23.093092,-21.32656,-49.08944,21.368864,10.30684,-12.210748,6.2510896,-23.252855,11.592901,-131.78067,-6.426799,6.3096447,-10.384625
415,-0.016765834763646126,0.8321062922477722,66.48847198486328,0.3488742647033533,-0.13966209408065822,-86.54910771673954,2.2789316,0.09612017,6.7509036,6.4895678,-8.8754,0.0,3.6811543,-1.1664917,-9.213209,6.5011883,-10.873954,0.0,0.87612224,3.8313222,0.680385,-1.8244884,-14.596646,10.543105,23.068268,-21.414433,-48.98769,21.360546,10.4297905,-12.210748,6.858205,-23.27821,11.755884,-132.1693,-6.170604,6.334054,-10.3884115
416,-0.009673502296209335,0.7980664968490601,66.48370361328125,0.3498617437352846,-0.17982129180166206,-86.57063983131327,2.356807,0.089802995,6.7728224,6.490522,-8.914434,0.0,3.7469106,-1.1731248,-9.193339,6.505697,-10.903088,0.0,0.8648857,3.7288225,0.70895606,-1.7136458,-14.416736,10.663424,23.046503,-21.476206,-48.88263,21.37301,10.555226,-12.210748,7.31017,-23.297367,11.892523,-132.41457,-5.9848585,6.3619037,-10.36552
417,-0.004627590533345938,0.7666451930999756,66.47938537597656,0.34973342222786785,-0.21798795838107568,-86.59617944828928,2.4316447,0.085755885,6.798489,6.48983,-8.950531,0.0,3.8067007,-1.1774027,-9.168104,6.5116916,-10.930308,0.0,0.8611321,3.632794,0.74547386,-1.6252912,-14.22786,10.793345,23.022388,-21.536211,-48.79179,21.42327,10.685299,-12.210748,7.7829514,-23.315596,12.044785,-132.68529,-5.7718897,6.400947,-10.379536
418,0.002552840393036604,0.7359549403190613,66.47521209716797,0.3477419287029244,-0.2517462480807134,-86.62508832178021,2.5025501,0.081543006,6.827717,6.4886417,-8.986775,0.0,3.8607788,-1.181811,-9.138386,6.5168695,-10.955341,0.0,0.86331415,3.5415487,0.7869514,-1.5850445,-14.082658,10.928212,22.998997,-21.588612,-48.708744,21.492136,10.822156,-12.210748,8.207678,-23.330185,12.182408,-132.90225,-5.5839763,6.433751,-10.388488
419,0.008363055996596813,0.7055940628051758,66.47106170654297,0.3470939959542596,-0.2798125202256988,-86.65717094676643,2.5688007,0.076879576,6.8597326,6.4862003,-9.022586,0.0,3.9090157,-1.1864308,-9.105149,6.51987,-10.978281,0.0,0.8683047,3.4508817,0.8294176,-1.5497452,-13.951259,11.068008,22.978022,-21.633413,-48.63055,21.58467,10.955596,-12.210748,8.600645,-23.339725,12.29346,-133.08371,-5.41531,6.460894,-10.375822
420,0.016992606222629547,0.676216185092926,66.46696472167969,0.3451195116783601,-0.30066916852195,-86.69248963443583,2.6265943,0.07112793,6.8945217,6.486003,-9.059675,0.0,3.9476373,-1.1925108,-9.068405,6.524739,-11.000419,0.0,0.8725224,3.3567522,0.86865187,-1.4904286,-13.820393,11.209844,22.95849,-21.670315,-48.55062,21.70483,11.075414,-12.210748,8.978731,-23.345924,12.393171,-133.25279,-5.249976,6.485293,-10.344281
421,0.025241345167160034,0.6469377875328064,66.46326446533203,0.3442140141649314,-0.3138139401482566,-86.73274486556187,2.677498,0.064337246,6.9332256,6.485899,-9.097534,0.0,3.978247,-1.199517,-9.026766,6.5264707,-11.01918,0.0,0.87672955,3.2590702,0.90306216,-1.3872567,-13.689249,11.353085,22.941557,-21.695078,-48.467358,21.871159,11.175651,-12.210748,9.343792,-23.347883,12.475082,-133.40852,-5.0926833,6.504684,-10.289637
422,0.033168815076351166,0.6205863356590271,66.45974731445312,0.34296683577253567,-0.3200961206856674,-86.77736087796214,2.720774,0.057605527,6.9756336,6.4843493,-9.133119,0.0,3.9992287,-1.2062744,-8.980567,6.5269566,-11.034069,0.0,0.88208246,3.1595874,0.93510056,-1.2566236,-13.558576,11.497991,22.925999,-21.710865,-48.382965,22.076286,11.262534,-12.210748,9.701361,-23.346872,12.546495,-133.55772,-4.939003,6.520993,-10.223945
423,0.0387209989130497,0.5953240990638733,66.45645141601562,0.3418912721138513,-0.3199810989321779,-86.8228616372436,2.7571883,0.05247083,7.0186453,6.4811764,-9.166405,0.0,4.012967,-1.2112877,-8.933616,6.526134,-11.047121,0.0,0.8860561,3.0571396,0.96657205,-1.129947,-13.425513,11.645384,22.911165,-21.725527,-48.299034,22.284153,11.345215,-12.210748,10.047737,-23.344223,12.614875,-133.70174,-4.779325,6.537746,-10.151454
424,0.044054288417100906,0.571312665939331,66.45378875732422,0.33868027284982577,-0.31407545146080607,-86.86570142704886,2.785477,0.049726687,7.0594754,6.47935,-9.198876,0.0,4.019503,-1.2140535,-8.8893385,6.52684,-11.06037,0.0,0.88615865,2.9505184,0.99901855,-1.038291,-13.287366,11.796438,22.896612,-21.746172,-48.21738,22.458061,11.432312,-12.210748,10.381216,-23.341032,12.685062,-133.84726,-4.601884,6.56073,-10.075687
425,0.04763227701187134,0.5481688976287842,66.45059967041016,0.33303324781219956,-0.300090262025691,-86.90362221386513,2.8036919,0.05102157,7.096121,6.477537,-9.22951,0.0,4.0175743,-1.2127981,-8.850135,6.529085,-11.075068,0.0,0.88197315,2.8352745,1.0341965,-1.0065775,-13.137015,11.95418,22.882223,-21.778938,-48.140026,22.57831,11.525541,-12.210748,10.701957,-23.336988,12.755976,-133.994,-4.3970585,6.590676,-9.996691
426,0.05127091333270073,0.5263557434082031,66.44763946533203,0.3251659063607235,-0.27849507202871,-86.93886522204967,2.813415,0.054417938,7.1306434,6.47386,-9.257556,0.0,4.0075874,-1.2092652,-8.813548,6.5302773,-11.08827,0.0,0.87469745,2.7133625,1.0708259,-1.012411,-12.978467,12.116947,22.868073,-21.81828,-48.06475,22.66743,11.620154,-12.210748,11.011882,-23.332148,12.829521,-134.14246,-4.1688237,6.626099,-9.915271
427,0.05523596704006195,0.5057111978530884,66.44483184814453,0.31835939246893946,-0.25421922073811576,-86.97493179277805,2.8192127,0.05656453,7.165885,6.470305,-9.284521,0.0,3.9939942,-1.2070755,-8.776209,6.5310516,-11.100089,0.0,0.86440367,2.5934925,1.1062583,-1.0162882,-12.823783,12.279545,22.854633,-21.855267,-47.989296,22.75356,11.715419,-12.210748,11.308501,-23.326443,12.903813,-134.28976,-3.941993,6.664058,-9.829755
428,0.058899156749248505,0.4866909682750702,66.44243621826172,0.3117663592258128,-0.23220890880158193,-87.01493514212265,2.826951,0.058378723,7.204631,6.46629,-9.310545,0.0,3.980208,-1.2052351,-8.7350025,6.531136,-11.1087675,0.0,0.8511626,2.484172,1.1379848,-0.9786554,-12.685633,12.436008,22.842022,-21.88045,-47.909874,22.864082,11.8105345,-12.210748,11.591034,-23.32017,12.986717,-134.43506,-3.7342534,6.7038345,-9.746674
429,0.060810066759586334,0.47068819403648376,66.43973541259766,0.3066065302668492,-0.21262583525024603,-87.05929762480464,2.8360324,0.059689548,7.2469354,6.4612055,-9.334064,0.0,3.966625,-1.2036145,-8.689661,6.5286837,-11.112828,0.0,0.833636,2.386382,1.1655185,-0.88026476,-12.56903,12.585536,22.830769,-21.889196,-47.826096,23.015314,11.908454,-12.210748,11.853241,-23.313044,13.068267,-134.56845,-3.5699275,6.7449365,-9.644778
430,0.06408317387104034,0.45213019847869873,66.4372787475586,0.3036087605564342,-0.19325912357003205,-87.10645768771052,2.8472815,0.057904333,7.2915893,6.4576173,-9.361005,0.0,3.9543464,-1.2053262,-8.64147,6.527469,-11.118984,0.0,0.8122281,2.2959914,1.1902671,-0.7451922,-12.467549,12.730678,22.820374,-21.886965,-47.739063,23.189083,12.008542,-12.210748,12.099304,-23.305038,13.156367,-134.69603,-3.4285872,6.788642,-9.535578
431,0.06725665181875229,0.4363710880279541,66.43489837646484,0.29869068911051494,-0.17539423391096282,-87.15687066570479,2.8586774,0.05764079,7.33937,6.4535365,-9.386054,0.0,3.9400737,-1.2055336,-8.590088,6.5259275,-11.121354,0.0,0.7897469,2.2140348,1.2121575,-0.5993149,-12.374037,12.871478,22.810633,-21.88059,-47.649784,23.363121,12.105069,-12.210748,12.3351755,-23.296715,13.247226,-134.82812,-3.2833045,6.831944,-9.43982
432,0.06802603602409363,0.4168374538421631,66.43324279785156,0.2946765956446546,-0.16042018178088477,-87.21116300917055,2.8752694,0.058604207,7.3907347,6.452168,-9.4158125,0.0,3.9299407,-1.2048244,-8.535088,6.5268865,-11.127843,0.0,0.76892465,2.1416512,1.2311224,-0.46818712,-12.280767,13.008184,22.800926,-21.876465,-47.55962,23.514303,12.192294,-12.210748,12.566229,-23.289246,13.348519,-134.97342,-3.0995927,6.872794,-9.385014
433,0.06849971413612366,0.40326061844825745,66.43187713623047,0.28758692947035563,-0.14700329695944453,-87.2703833122039,2.890236,0.062147755,7.447484,6.449779,-9.441428,0.0,3.914186,-1.2016902,-8.47528,6.528737,-11.128209,0.0,0.7505604,2.0795739,1.2467932,-0.35901335,-12.185796,13.14068,22.790731,-21.87285,-47.46779,23.639856,12.26553,-12.210748,12.702587,-23.278685,13.459349,-134.99997,-2.8865047,6.858695,-9.372006
434,0.06757315993309021,0.39141154289245605,66.42977142333984,0.28235199594419,-0.13494377609070526,-87.33400118851802,2.906139,0.064841546,7.5086784,6.4455557,-9.464578,0.0,3.897277,-1.1995423,-8.411355,6.530018,-11.125689,0.0,0.73305297,2.026992,1.2594084,-0.2578461,-12.093418,13.268982,22.780485,-21.867374,-47.37434,23.750845,12.328829,-12.210748,12.80738,-23.26729,13.577054,-134.99997,-2.642662,6.8294897,-9.395107
435,0.06970743834972382,0.37714365124702454,66.42857360839844,0.27604933961503847,-0.12768338034391225,-87.39970698281462,2.9270713,0.06635754,7.571666,6.4467797,-9.493736,0.0,3.884762,-1.1991518,-8.345136,6.5360103,-11.127233,0.0,0.7163003,1.9829293,1.2698532,-0.15941875,-12.005284,13.393233,22.771196,-21.866768,-47.280624,23.846302,12.389606,-12.210748,12.901013,-23.256104,13.696593,-134.99997,-2.407998,6.7934422,-9.428842
436,0.06854130327701569,0.36489301919937134,66.4271240234375,0.26872645880964624,-0.12858203362933612,-87.46539661188248,2.955905,0.07109756,7.633541,6.4445233,-9.518754,0.0,3.880325,-1.1948932,-8.279384,6.537505,-11.124626,0.0,0.7002634,1.9460056,1.2790161,-0.058493156,-11.922701,13.513891,22.763731,-21.877285,-47.188484,23.924702,12.455208,-12.210748,12.985293,-23.24553,13.810937,-134.99997,-2.2291944,6.748346,-9.442134
437,0.06814625859260559,0.35126444697380066,66.42530822753906,0.2612232997145557,-0.14118683402639542,-87.53077825807524,2.9967015,0.075485,7.6935706,6.444986,-9.546839,0.0,3.8873742,-1.1911517,-8.213878,6.5429044,-11.125725,0.0,0.6834324,1.9197413,1.2863816,0.048516646,-11.846308,13.630491,22.75851,-21.900873,-47.09652,23.975243,12.52826,-12.210748,13.0611725,-23.235361,13.915615,-134.99997,-2.1336548,6.6834397,-9.425831
438,0.06500451266765594,0.34049519896507263,66.42344665527344,0.2518338587388161,-0.16278769386884756,-87.59696182524829,3.0445063,0.08354923,7.7531333,6.4440994,-9.5712805,0.0,3.9020762,-1.1832783,-8.147846,6.5451794,-11.1227665,0.0,0.66633904,1.9034252,1.291527,0.15805931,-11.775417,13.742409,22.75484,-21.93423,-47.002407,24.00202,12.603297,-12.210748,13.127003,-23.225636,14.016674,-134.99997,-2.0895252,6.603755,-9.396834
439,0.06281287223100662,0.3291357457637787,66.42134857177734,0.2443303023333893,-0.18762502762118277,-87.66355659967067,3.0955064,0.08921317,7.813134,6.4445477,-9.597069,0.0,3.9199178,-1.178073,-8.081649,6.548754,-11.12092,0.0,0.652003,1.8899822,1.2963768,0.26428074,-11.709942,13.851146,22.752626,-21.975168,-46.9116,24.026096,12.679275,-12.210748,13.183837,-23.216408,14.114558,-134.99997,-2.0651565,6.527888,-9.361094
440,0.05826627090573311,0.31970834732055664,66.4197769165039,0.23689000778000258,-0.20977704046355947,-87.73035931103236,3.142469,0.09657568,7.8742685,6.4437966,-9.620057,0.0,3.9336333,-1.1711015,-8.015959,6.551189,-11.116736,0.0,0.64343965,1.8724523,1.3024919,0.36145297,-11.649615,13.956236,22.751623,-22.023022,-46.82486,24.068617,12.752155,-12.210748,13.232073,-23.208132,14.217416,-134.99997,-2.0204277,6.4771004,-9.327041
441,0.05372527614235878,0.3124806582927704,66.41858673095703,0.23057418142428124,-0.22750284432166762,-87.79714192849228,3.1835093,0.102817774,7.9368563,6.4419317,-9.6404505,0.0,3.9414647,-1.1653272,-7.951018,6.5528255,-11.110258,0.0,0.64231706,1.8483846,1.3111615,0.44802618,-11.59992,14.056781,22.752092,-22.077955,-46.739765,24.138042,12.821828,-12.210748,13.273205,-23.2009,14.316293,-134.99997,-1.9555517,6.460904,-9.291185
442,0.047713831067085266,0.3032284379005432,66.41748046875,0.22623884673887842,-0.24407801090324996,-87.86409294807741,3.2241485,0.1085919,8.000236,6.441647,-9.662957,0.0,3.94899,-1.1603346,-7.8865476,6.5551896,-11.105492,0.0,0.64670676,1.8219512,1.3213484,0.5270757,-11.557935,14.152643,22.753912,-22.139833,-46.65529,24.221876,12.889544,-12.210748,13.306231,-23.19443,14.4149065,-134.99997,-1.8841751,6.4673395,-9.254631
443,0.04224810376763344,0.29320505261421204,66.41666412353516,0.2209213614582927,-0.26091354363696395,-87.93152827245241,3.2658918,0.11478864,8.064523,6.4419255,-9.686853,0.0,3.9571223,-1.1548926,-7.821775,6.559035,-11.102463,0.0,0.65440655,1.7951418,1.330767,0.5937521,-11.519426,14.247684,22.755959,-22.201849,-46.57797,24.30362,12.955235,-12.210748,13.330594,-23.188713,14.50657,-134.99997,-1.8171474,6.48103,-9.205346
444,0.03742241859436035,0.28354957699775696,66.41555786132812,0.21558857620844826,-0.2795421529106787,-87.99969378439886,3.3088675,0.12049963,8.12959,6.4421196,-9.710045,0.0,3.9664943,-1.1500248,-7.756225,6.562771,-11.098662,0.0,0.6631892,1.7702957,1.3372914,0.6601901,-11.4704895,14.341759,22.757244,-22.266293,-46.51138,24.379944,13.017654,-12.210748,13.34438,-23.183964,14.604907,-134.99997,-1.7402147,6.488699,-9.158575
445,0.03280448913574219,0.2755945920944214,66.41443634033203,0.20833919287119895,-0.3000717018038887,-88.06977292364535,3.353288,0.12757304,8.196769,6.4423294,-9.732674,0.0,3.9760108,-1.1436436,-7.6886845,6.566064,-11.092635,0.0,0.6729,1.7477515,1.3407131,0.72090614,-11.408833,14.441078,22.757095,-22.336765,-46.465004,24.450048,13.075289,-12.210748,13.34668,-23.18046,14.70967,-134.99997,-1.6627251,6.4856596,-9.101468
446,0.03018224984407425,0.26654577255249023,66.4134750366211,0.20200575321057784,-0.3217663468298229,-88.14127353865271,3.3997371,0.13223825,8.265633,6.443264,-9.756939,0.0,3.9868846,-1.1398659,-7.6196656,6.5701866,-11.087385,0.0,0.6846393,1.7263893,1.3420863,0.7646026,-11.353408,14.544575,22.755976,-22.408758,-46.436256,24.512842,13.131305,-12.210748,13.339152,-23.178265,14.809926,-134.99997,-1.5906457,6.481094,-9.027515
447,0.023655446246266365,0.25636428594589233,66.41262817382812,0.19568681372769894,-0.345151838693291,-88.21179802472034,3.4477646,0.14009446,8.333237,6.4448495,-9.78128,0.0,3.9998384,-1.1329052,-7.551955,6.5760965,-11.084686,0.0,0.6978533,1.7061158,1.3410435,0.8110014,-11.2861185,14.639963,22.754158,-22.475937,-46.40461,24.567167,13.184583,-12.210748,13.322751,-23.17711,14.906809,-134.99997,-1.5124875,6.474361,-8.958565
448,0.016877377405762672,0.24939461052417755,66.41156005859375,0.18895558373589366,-0.37075673364688405,-88.27873272430418,3.4958377,0.1484351,8.397092,6.4443684,-9.801467,0.0,4.0142226,-1.1250578,-7.487919,6.579452,-11.078596,0.0,0.7118853,1.6868469,1.3376226,0.8552986,-11.216608,14.720615,22.752584,-22.532146,-46.36124,24.602747,13.24122,-12.210748,13.298138,-23.176567,15.005513,-134.99997,-1.4248377,6.4689674,-8.903253
449,0.011368688195943832,0.2416989505290985,66.41007232666016,0.18381186967720284,-0.39973503686338807,-88.34252505425317,3.5468936,0.15448694,8.4574375,6.4441957,-9.821854,0.0,4.0323734,-1.1197072,-7.4272327,6.584981,-11.074834,0.0,0.7267712,1.6692712,1.3302485,0.90527517,-11.134228,14.78254,22.750916,-22.571686,-46.297276,24.60981,13.306343,-12.210748,13.260411,-23.17679,15.118128,-134.99997,-1.3062001,6.466792,-8.887365
450,0.0056352438405156136,0.23379917442798615,66.40855407714844,0.17750289240959014,-0.43144351108826,-88.40416947823364,3.6008596,0.16178414,8.51538,6.4433107,-9.841735,0.0,4.0542316,-1.1128837,-7.3688374,6.5907516,-11.0722475,0.0,0.7423276,1.6531974,1.3191261,0.9411915,-11.068027,14.83226,22.74789,-22.591217,-46.222088,24.581367,13.379726,-12.210748,13.208604,-23.178385,15.262961,-134.99997,-1.16479,6.4687457,-8.899329
451,-0.001640349393710494,0.22447854280471802,66.40715026855469,0.17305844231484888,-0.463847883839867,-88.46206551177434,3.6548097,0.16895385,8.569371,6.4445615,-9.862858,0.0,4.0783224,-1.1063237,-7.3141117,6.596747,-11.071499,0.0,0.75892454,1.6372541,1.3075713,0.9712313,-11.000668,14.875861,22.74419,-22.594786,-46.149258,24.54489,13.448473,-12.210748,13.152824,-23.180693,15.3791485,-134.99997,-1.0372307,6.4677224,-8.899045
452,-0.006789708510041237,0.214138001203537,66.40574645996094,0.16725689015683626,-0.49464188626695627,-88.51503830208607,3.7065566,0.17602107,8.618735,6.4460464,-9.883806,0.0,4.1035004,-1.0997218,-7.2635856,6.602292,-11.0727005,0.0,0.7766929,1.6198123,1.2979629,1.0022727,-10.919866,14.91615,22.742485,-22.601847,-46.093666,24.53596,13.500166,-12.210748,13.100095,-23.182396,15.446607,-134.99997,-0.94294554,6.460383,-8.865834
453,-0.014175637625157833,0.20501191914081573,66.40451049804688,0.1622300173095937,-0.5234495529770304,-88.56204317184539,3.7531073,0.1846231,8.662178,6.4497547,-9.903438,0.0,4.1272464,-1.0915921,-7.218638,6.6070695,-11.073855,0.0,0.7949111,1.6004907,1.2919911,1.0203625,-10.872482,14.951055,22.742067,-22.610846,-46.04996,24.560305,13.524453,-12.210748,13.049836,-23.183504,15.4850235,-134.99997,-0.87596667,6.4428177,-8.822072
454,-0.02160644717514515,0.19675219058990479,66.40336608886719,0.1575767853528396,-0.5514850086922376,-88.60420148590988,3.7970278,0.19322494,8.70091,6.4529543,-9.920649,0.0,4.151656,-1.0832918,-7.1779213,6.609474,-11.07401,0.0,0.8141583,1.5800166,1.2882031,1.0513326,-10.791081,14.981251,22.742197,-22.619648,-46.023308,24.606691,13.539578,-12.210748,12.995713,-23.185102,15.537285,-134.99997,-0.80143803,6.4193544,-8.787957
455,-0.027836041525006294,0.18747010827064514,66.40242767333984,0.15212864779675395,-0.5788650516243643,-88.64249340326526,3.840423,0.20179886,8.73602,6.456362,-9.938379,0.0,4.1770873,-1.0749251,-7.1406364,6.6120934,-11.075867,0.0,0.8341851,1.5584203,1.2836431,1.0882287,-10.684819,15.007038,22.742899,-22.62754,-46.00823,24.662361,13.545783,-12.210748,12.936504,-23.187145,15.598187,-134.99997,-0.7195823,6.399382,-8.763045
456,-0.03490879759192467,0.17890697717666626,66.40174865722656,0.14811049434497403,-0.6057000118618482,-88.67809416903651,3.8819134,0.20985349,8.768613,6.4593396,-9.954374,0.0,4.2018194,-1.0671245,-7.1061077,6.615502,-11.078367,0.0,0.8551633,1.5360689,1.2761317,1.1220639,-10.563497,15.028663,22.74381,-22.63224,-46.002743,24.712103,13.54772,-12.210748,12.871395,-23.189459,15.663885,-134.99997,-0.62878245,6.3913198,-8.743939
457,-0.04413720592856407,0.171523779630661,66.4009780883789,0.14439913542283409,-0.6328831406188864,-88.71125590793743,3.923412,0.21919505,8.798834,6.45989,-9.967613,0.0,4.2264814,-1.0577469,-7.0740805,6.6184115,-11.080083,0.0,0.8775387,1.5131423,1.2637577,1.1427135,-10.433473,15.047244,22.744423,-22.631657,-46.00675,24.757513,13.542247,-12.210748,12.797852,-23.191692,15.731074,-134.99997,-0.5224624,6.4045825,-8.728316
458,-0.05191086232662201,0.16334271430969238,66.39958953857422,0.14008372584271198,-0.6600557967117455,-88.74140323870088,3.9654472,0.22801499,8.826269,6.4596214,-9.980922,0.0,4.2524915,-1.0487746,-7.044712,6.621599,-11.083202,0.0,0.90113574,1.4895422,1.2483581,1.1475427,-10.296733,15.062436,22.744635,-22.625093,-46.020187,24.802156,13.5277605,-12.210748,12.717278,-23.19375,15.797969,-134.99997,-0.4066016,6.434301,-8.714862
459,-0.05803317204117775,0.15481609106063843,66.39806365966797,0.13691103460275267,-0.6855464169021631,-88.76829784815628,4.0048275,0.23477118,8.850867,6.4603357,-9.994422,0.0,4.2778354,-1.0420542,-7.018465,6.625435,-11.08777,0.0,0.925192,1.4648525,1.2323662,1.1422782,-10.1552925,15.073163,22.744467,-22.612783,-46.042107,24.834057,13.510785,-12.210748,12.632885,-23.195784,15.863539,-134.99997,-0.29501688,6.464271,-8.701888
460,-0.06393372267484665,0.14685700833797455,66.39683532714844,0.13466594035007137,-0.7076167783204645,-88.79177803697684,4.038286,0.24092951,8.872545,6.463356,-10.007581,0.0,4.300477,-1.0361794,-6.9957395,6.62845,-11.092194,0.0,0.9488808,1.4387597,1.2182152,1.1377932,-10.012393,15.078309,22.744024,-22.595432,-46.07025,24.841734,13.496086,-12.210748,12.55009,-23.198126,15.927305,-134.99997,-0.20293428,6.477826,-8.688575
461,-0.0706121101975441,0.13962328433990479,66.39563751220703,0.1321343953789648,-0.7247905494875142,-88.8118209913711,4.0637994,0.24856162,8.891626,6.470282,-10.021162,0.0,4.3187857,-1.0291833,-6.976819,6.6299376,-11.095742,0.0,0.97180516,1.4100877,1.2075404,1.1448381,-9.867177,15.076721,22.743328,-22.572914,-46.10509,24.811424,13.485677,-12.210748,12.470616,-23.201283,15.989535,-134.99997,-0.14128403,6.4632373,-8.677115
462,-0.07680581510066986,0.132595032453537,66.39501190185547,0.1306475387526238,-0.7384500275852643,-88.82842706079903,4.083886,0.25529864,8.908022,6.4789495,-10.034411,0.0,4.334341,-1.0233682,-6.961449,6.631045,-11.099602,0.0,0.99438614,1.3794243,1.1986811,1.1654094,-9.719862,15.069314,22.742294,-22.54514,-46.1455,24.75215,13.47421,-12.210748,12.393982,-23.205408,16.049995,-134.99997,-0.10206215,6.428932,-8.668149
463,-0.08385536074638367,0.1275199055671692,66.39444732666016,0.12894614099283494,-0.750523418827207,-88.8418563607551,4.1002693,0.26295465,8.921133,6.4861703,-10.044081,0.0,4.347745,-1.0164618,-6.9491735,6.6320276,-11.102819,0.0,1.0172757,1.3486407,1.1892021,1.1950039,-9.573808,15.057747,22.74086,-22.513178,-46.188984,24.6859,13.457954,-12.210748,12.31894,-23.210344,16.107294,-134.99997,-0.06734198,6.388899,-8.656
464,-0.09240974485874176,0.12334655970335007,66.39337158203125,0.12863168161402383,-0.763398557167869,-88.85214142183573,4.1181793,0.27006832,8.930112,6.488952,-10.05014,0.0,4.361949,-1.0094854,-6.9397078,6.632283,-11.105353,0.0,1.0411398,1.320011,1.1767375,1.2251219,-9.43536,15.042775,22.739069,-22.478735,-46.234184,24.635971,13.435749,-12.210748,12.245231,-23.215624,16.159397,-134.99997,-0.019218413,6.3583612,-8.633911
465,-0.09889047592878342,0.11953087151050568,66.3932876586914,0.1305647005915319,-0.777279508641372,-88.85904709710742,4.137139,0.27304864,8.93431,6.4885163,-10.053807,0.0,4.376207,-1.0063119,-6.932618,6.6360636,-11.110202,0.0,1.0666057,1.2926801,1.1607864,1.248135,-9.309204,15.0248785,22.737015,-22.443798,-46.28532,24.614119,13.407748,-12.210748,12.172576,-23.220749,16.20451,-134.99997,0.05531991,6.341678,-8.600528
466,-0.10491526126861572,0.1157049760222435,66.39311218261719,0.1327456403750423,-0.7911564316690596,-88.86272365270644,4.157109,0.27504995,8.934276,6.483438,-10.054147,0.0,4.3909936,-1.0035921,-6.9282055,6.6394873,-11.115066,0.0,1.0932598,1.2662244,1.1425301,1.26264,-9.196331,15.003179,22.734869,-22.408976,-46.343845,24.609407,13.377682,-12.210748,12.10094,-23.225567,16.242037,-134.99997,0.14596455,6.3328624,-8.555789
467,-0.11079596728086472,0.11284605413675308,66.39261627197266,0.13670133821369654,-0.8049905634747637,-88.863515137954,4.175618,0.27544245,8.931373,6.479095,-10.053912,0.0,4.4060497,-1.0024605,-6.926609,6.6427665,-11.120061,0.0,1.11998,1.2421833,1.122754,1.2705909,-9.096474,14.975384,22.732813,-22.373165,-46.403336,24.609644,13.348919,-12.210748,12.030753,-23.229942,16.272364,-134.99997,0.2298048,6.3279467,-8.500019
468,-0.11780273914337158,0.11168919503688812,66.3927993774414,0.13806639871975757,-0.8187355574983346,-88.86192706486959,4.1903405,0.27979115,8.927234,6.4777293,-10.052698,0.0,4.42056,-0.9977039,-6.9277587,6.644157,-11.122882,0.0,1.1442668,1.2229216,1.1013174,1.28766,-8.8705225,14.953336,22.721998,-22.272482,-46.44454,24.558525,13.320722,-12.210748,11.936427,-23.24216,16.340706,-134.99997,0.30079418,6.344426,-8.459554
469,-0.12391538172960281,0.11036532372236252,66.39234161376953,0.13745836189922073,-0.8330897166660405,-88.85900709749353,4.203725,0.2860922,8.923523,6.480551,-10.053552,0.0,4.436084,-0.99165934,-6.9306145,6.6459966,-11.126567,0.0,1.1693423,1.2091453,1.0792154,1.2984511,-8.815706,14.900458,22.71843,-22.209608,-46.477726,24.518414,13.306905,-12.210748,11.86832,-23.245735,16.339407,-134.99997,0.3103728,6.349987,-8.352447
470,-0.1307552605867386,0.11255037039518356,66.391845703125,0.13481786087740832,-0.847687608640587,-88.85422714062659,4.2136497,0.295276,8.919023,6.4836516,-10.050793,0.0,4.449807,-0.9829027,-6.9355907,6.6458235,-11.126345,0.0,1.1941278,1.1999855,1.0557926,1.3139318,-8.774778,14.836317,22.714428,-22.135157,-46.501015,24.46357,13.299169,-12.210748,11.79987,-23.249067,16.329702,-134.99997,0.29622877,6.3625913,-8.224504
471,-0.13709911704063416,0.11316435039043427,66.3917007446289,0.13155975606952408,-0.8612705043085405,-88.84568289688822,4.2227354,0.30490202,8.91115,6.4879856,-10.049516,0.0,4.464937,-0.9736819,-6.94442,6.6452208,-11.127968,0.0,1.2172773,1.1928394,1.0314448,1.3250188,-8.744968,14.768282,22.710312,-22.061451,-46.525288,24.41187,13.28906,-12.210748,11.736142,-23.252657,16.317799,-134.99997,0.26422468,6.368674,-8.10249
472,-0.14291638135910034,0.11562661081552505,66.3920669555664,0.130433017778104,-0.8724542796622603,-88.83129279905928,4.226701,0.31223312,8.897312,6.49144,-10.045041,0.0,4.476887,-0.966725,-6.959185,6.645735,-11.129739,0.0,1.2373269,1.1855663,1.0071365,1.3226157,-8.72385,14.704097,22.7065,-22.001211,-46.562202,24.381517,13.267971,-12.210748,11.682541,-23.256708,16.309547,-134.99997,0.219339,6.353957,-8.013631
473,-0.14820025861263275,0.11861518770456314,66.3926773071289,0.13205676147107237,-0.8802824439532895,-88.81089679385383,4.2254424,0.31661338,8.877115,6.493155,-10.0374565,0.0,4.4870706,-0.96249497,-6.980091,6.6448503,-11.131454,0.0,1.2546391,1.1766367,0.9832701,1.3147222,-8.720471,14.64375,22.706093,-21.980669,-46.63186,24.39729,13.236809,-12.210748,11.654404,-23.258192,16.31281,-134.99997,0.16052327,6.2948413,-7.9800076
474,-0.15734745562076569,0.123904749751091,66.3929672241211,0.13610618607592906,-0.8857054359935753,-88.78540685787344,4.22132,0.32144725,8.851469,6.4895916,-10.023932,0.0,4.495154,-0.9571005,-7.00672,6.6418357,-11.13152,0.0,1.2686648,1.1683292,0.9584983,1.2976542,-8.719483,14.586604,22.704731,-21.955364,-46.69607,24.431484,13.185271,-12.210748,11.624242,-23.260818,16.31543,-134.99997,0.06522088,6.216623,-7.9716763
475,-0.16181907057762146,0.12872439622879028,66.39411163330078,0.14000622664356818,-0.8901478415370134,-88.75476123278096,4.2139006,0.3232484,8.821173,6.4894795,-10.012223,0.0,4.502671,-0.95519304,-7.038043,6.6411896,-11.13388,0.0,1.28014,1.1613992,0.9336495,1.2721577,-8.722409,14.529947,22.702711,-21.929865,-46.766537,24.46073,13.134867,-12.210748,11.596996,-23.264341,16.317013,-134.99997,-0.024885163,6.1407495,-7.9717045
476,-0.16602858901023865,0.13363942503929138,66.39531707763672,0.1442592333858964,-0.8948190713622118,-88.71901332159342,4.204122,0.3251832,8.786221,6.4909368,-9.999308,0.0,4.5120854,-0.9533899,-7.074258,6.639262,-11.136538,0.0,1.2892915,1.1567078,0.90924037,1.2405345,-8.728753,14.472434,22.700663,-21.907368,-46.83911,24.468721,13.094279,-12.210748,11.570121,-23.2683,16.316694,-134.99997,-0.071726434,6.0956926,-7.957187
477,-0.1750965565443039,0.1381314992904663,66.39574432373047,0.1472561865757388,-0.8997194211343863,-88.67700101244581,4.1925616,0.33279228,8.745178,6.495231,-9.986328,0.0,4.522965,-0.946011,-7.1166983,6.6385174,-11.142086,0.0,1.2954903,1.1547041,0.88486147,1.2043971,-8.737668,14.412638,22.699076,-21.889923,-46.91261,24.450214,13.065359,-12.210748,11.5405035,-23.272335,16.313591,-134.99997,-0.046750296,6.0991335,-7.915342
478,-0.18129952251911163,0.14279352128505707,66.39722442626953,0.1494180403502645,-0.9040408174209267,-88.62923357832142,4.177712,0.33952704,8.698954,6.5016317,-9.972925,0.0,4.5339317,-0.9398178,-7.164466,6.6391325,-11.149317,0.0,1.298846,1.154732,0.8607202,1.1638464,-8.749934,14.351399,22.698095,-21.878777,-46.988014,24.416233,13.041475,-12.210748,11.50958,-23.276049,16.307848,-134.99997,0.026436007,6.1354327,-7.858503
479,-0.18755576014518738,0.14985230565071106,66.39805603027344,0.15280499448115936,-0.908977492855288,-88.57773308910039,4.1608906,0.34537572,8.64939,6.50735,-9.956327,0.0,4.5451813,-0.9344535,-7.215852,6.6374826,-11.153943,0.0,1.3009329,1.1564667,0.8371425,1.1190933,-8.764825,14.290255,22.697655,-21.873993,-47.065174,24.373291,13.019975,-12.210748,11.480285,-23.279291,16.299849,-134.99997,0.109028034,6.183196,-7.798898
480,-0.19378718733787537,0.15843729674816132,66.39820098876953,0.15639386193254734,-0.915187842194438,-88.52490266776904,4.1440806,0.35096434,8.598839,6.512888,-9.93856,0.0,4.55661,-0.92930907,-7.2683887,6.6358967,-11.157525,0.0,1.3034145,1.1595025,0.8145313,1.070417,-8.78176,14.231274,22.697535,-21.875053,-47.14381,24.327288,12.997532,-12.210748,11.456508,-23.282099,16.28975,-134.99997,0.16028705,6.220755,-7.7495503
481,-0.19942131638526917,0.16627267003059387,66.3990707397461,0.16076088390314788,-0.9244886598666182,-88.47047390536403,4.1297607,0.35553747,8.547421,6.5196023,-9.921753,0.0,4.573065,-0.92516935,-7.322292,6.6328983,-11.161551,0.0,1.3070213,1.1643683,0.7934013,1.0170864,-8.799366,14.175735,22.69748,-21.88277,-47.22785,24.271273,12.976522,-12.210748,11.439725,-23.284494,16.277334,-134.99997,0.16657625,6.2413487,-7.7142167
482,-0.20411209762096405,0.17241171002388,66.40010833740234,0.16555758675943727,-0.9358826753434415,-88.41353519977503,4.1177855,0.35921314,8.494092,6.5281115,-9.907294,0.0,4.5926814,-0.9221328,-7.3783994,6.631456,-11.168074,0.0,1.310781,1.1710483,0.773389,0.9588771,-8.817594,14.123475,22.697464,-21.897581,-47.316452,24.205221,12.956595,-12.210748,11.429406,-23.28669,16.261946,-134.99997,0.14837463,6.2557282,-7.685847
483,-0.2100222259759903,0.18103498220443726,66.40127563476562,0.17098298319127334,-0.9463145322030388,-88.35522903694358,4.1030097,0.36313584,8.439154,6.5348444,-9.889219,0.0,4.6104045,-0.9185411,-7.435829,6.6281204,-11.171906,0.0,1.3136955,1.178175,0.7535367,0.89756566,-8.836735,14.07265,22.697723,-21.916956,-47.4037,24.144165,12.934163,-12.210748,11.423105,-23.288713,16.24395,-134.99997,0.115025744,6.263643,-7.6653237
484,-0.21789433062076569,0.1911522001028061,66.40223693847656,0.1750501698650821,-0.9529134420254708,-88.29664090639956,4.085129,0.3694044,8.3829155,6.5365615,-9.866681,0.0,4.6229124,-0.9120369,-7.4934106,6.62494,-11.174746,0.0,1.3146262,1.184357,0.7328479,0.83618146,-8.858242,14.019491,22.698551,-21.937168,-47.480354,24.103598,12.905318,-12.210748,11.417475,-23.290493,16.224386,-134.99997,0.07618,6.263213,-7.654356
485,-0.22471216320991516,0.20119161903858185,66.40379333496094,0.17815246662846163,-0.9536780322683234,-88.23716692655105,4.063059,0.3752906,8.324407,6.5344987,-9.842203,0.0,4.629452,-0.9053649,-7.551409,6.6222544,-11.177859,0.0,1.3128607,1.1889173,0.7107292,0.77639484,-8.884029,13.960231,22.70031,-21.954248,-47.54436,24.08931,12.871115,-12.210748,11.412506,-23.29203,16.204311,-134.99997,0.028932739,6.251683,-7.6583185
486,-0.23144309222698212,0.2098478078842163,66.40526580810547,0.17972240848911092,-0.9506021395847165,-88.17650032128176,4.039612,0.38223013,8.2637615,6.5284457,-9.816247,0.0,4.633329,-0.89715296,-7.6101966,6.6199718,-11.182512,0.0,1.3090247,1.1927418,0.6879135,0.71846104,-8.914554,13.895838,22.702961,-21.967325,-47.59997,24.091465,12.836385,-12.210748,11.409363,-23.29333,16.184237,-134.99997,-0.029598283,6.230412,-7.676254
487,-0.23804278671741486,0.21972663700580597,66.4063720703125,0.18215667348223363,-0.9464624507248866,-88.11626393348429,4.0133705,0.38828373,8.203295,6.524044,-9.790274,0.0,4.6340876,-0.8900491,-7.6685314,6.619768,-11.187259,0.0,1.3041925,1.196483,0.6647584,0.6635928,-8.947334,13.830799,22.706108,-21.976997,-47.651814,24.100231,12.804618,-12.210748,11.408307,-23.294369,16.164516,-134.99997,-0.086342625,6.2060285,-7.6974196
488,-0.24250343441963196,0.23080390691757202,66.40763854980469,0.1845478711001734,-0.9442887786267075,-88.05796156481306,3.9882703,0.39263234,8.14551,6.5208216,-9.764728,0.0,4.6365743,-0.88469416,-7.7250237,6.6165967,-11.188541,0.0,1.2995391,1.2010556,0.6419296,0.61358804,-8.97812,13.770425,22.709103,-21.984915,-47.705723,24.106365,12.779066,-12.210748,11.410664,-23.295052,16.14528,-134.99997,-0.12744945,6.1863246,-7.709822
489,-0.24955163896083832,0.24163289368152618,66.40892791748047,0.18811430010595578,-0.9451509017545527,-88.00183688249928,3.9645324,0.39821255,8.09033,6.521515,-9.740999,0.0,4.640928,-0.87860644,-7.7797318,6.615245,-11.190797,0.0,1.2948761,1.2074746,0.6190469,0.5719895,-9.002975,13.716748,22.711521,-21.992304,-47.764458,24.107805,12.760864,-12.210748,11.417408,-23.295269,16.126232,-134.99997,-0.14406416,6.172677,-7.707828
490,-0.25791776180267334,0.25475430488586426,66.41007995605469,0.19030957565583845,-0.9472989739624641,-87.9472048224839,3.9412649,0.40583488,8.03695,6.521372,-9.715371,0.0,4.64539,-0.87017924,-7.8331637,6.6113706,-11.189492,0.0,1.2898563,1.2149427,0.59602463,0.53971696,-9.021212,13.668588,22.713161,-21.999355,-47.825638,24.109558,12.746471,-12.210748,11.428156,-23.294863,16.107492,-134.99997,-0.14388685,6.1609206,-7.6977544
491,-0.2636316120624542,0.26434776186943054,66.41207122802734,0.19309869428908802,-0.9495633034833438,-87.89398785412808,3.9202056,0.41098326,7.985364,6.523752,-9.694504,0.0,4.6522403,-0.8645264,-7.8851113,6.608193,-11.190866,0.0,1.2850875,1.2215548,0.573857,0.512771,-9.033077,13.624676,22.714296,-22.006142,-47.88494,24.112606,12.732883,-12.210748,11.442383,-23.293892,16.089521,-134.99997,-0.13777153,6.1529117,-7.6845713
492,-0.2684022784233093,0.2753770351409912,66.41358947753906,0.1963018559901289,-0.9507056194107784,-87.84203787533784,3.896675,0.4150111,7.935366,6.5269213,-9.673144,0.0,4.656212,-0.86028355,-7.9361534,6.606063,-11.191515,0.0,1.2813728,1.2253482,0.553738,0.43906656,-9.049328,13.583696,22.71766,-22.030104,-47.929905,24.132507,12.7052965,-12.210748,11.45367,-23.289686,16.042974,-134.99997,-0.15399621,6.1529264,-7.651832
493,-0.2751585841178894,0.28698381781578064,66.41455841064453,0.2003116453691007,-0.9499015786760802,-87.79107180883248,3.8698401,0.42003247,7.886982,6.532445,-9.652395,0.0,4.657587,-0.85530245,-7.986432,6.6030354,-11.190915,0.0,1.2789667,1.2240492,0.53650934,0.38325202,-9.040638,13.548094,22.719696,-22.037628,-47.978165,24.152494,12.681094,-12.210748,11.470326,-23.286577,16.020416,-134.99997,-0.16701694,6.1576505,-7.63649
494,-0.2803196310997009,0.29852136969566345,66.41618347167969,0.20403933351348963,-0.9479888679144945,-87.74120256782723,3.8415296,0.4241433,7.8403506,6.539771,-9.633099,0.0,4.6579027,-0.85142475,-8.035689,6.5999923,-11.190227,0.0,1.2773442,1.2194805,0.5212973,0.3139552,-9.024503,13.517606,22.721521,-22.040874,-48.022,24.178074,12.652886,-12.210748,11.487608,-23.283861,16.010284,-134.99997,-0.17511442,6.1711187,-7.6293373
495,-0.28655940294265747,0.3092601001262665,66.4173583984375,0.20865875547031384,-0.946111478612714,-87.69318054379083,3.8142562,0.42815876,7.795303,6.547355,-9.614984,0.0,4.6576867,-0.8477551,-8.083376,6.598387,-11.190563,0.0,1.275935,1.2146791,0.5068128,0.24693102,-9.008151,13.490239,22.72324,-22.045183,-48.06064,24.192324,12.626997,-12.210748,11.504426,-23.280968,16.00435,-134.99997,-0.18576144,6.185321,-7.630068
496,-0.29255154728889465,0.3236234188079834,66.41924285888672,0.2122135071755466,-0.9455465857143104,-87.64764430526317,3.7876394,0.4323324,7.7520432,6.550292,-9.591918,0.0,4.6558228,-0.8434707,-8.128713,6.5950904,-11.186271,0.0,1.2740295,1.2128949,0.4917246,0.19912581,-8.99679,13.464781,22.72433,-22.052502,-48.093506,24.175217,12.609986,-12.210748,11.520816,-23.278296,16.002857,-134.99997,-0.19829299,6.195872,-7.6431603
497,-0.29847005009651184,0.33435457944869995,66.42105865478516,0.2153010524757236,-0.9469507887477074,-87.60458555903756,3.7673175,0.4365116,7.7098207,6.5516543,-9.572002,0.0,4.657731,-0.8389179,-8.171643,6.593565,-11.18556,0.0,1.2707565,1.2157942,0.47549993,0.17792405,-8.994795,13.440464,22.724667,-22.065344,-48.120125,24.108675,12.60404,-12.210748,11.536674,-23.275663,16.008146,-134.99997,-0.21162322,6.2023644,-7.675109
498,-0.30468273162841797,0.34421318769454956,66.42273712158203,0.2193115638350294,-0.9497049878355192,-87.56347333655758,3.750686,0.43968034,7.668661,6.550713,-9.552381,0.0,4.6604953,-0.83521277,-8.212751,6.5934167,-11.185792,0.0,1.2667215,1.2215232,0.4590277,0.17335843,-8.996802,13.417982,22.724398,-22.081305,-48.140606,24.00726,12.605578,-12.210748,11.551974,-23.273365,16.01837,-134.99997,-0.22585046,6.2071366,-7.720478
499,-0.31055042147636414,0.35773414373397827,66.4242172241211,0.22212237413952382,-0.9526035262471524,-87.5250809669122,3.7327135,0.4432907,7.630262,6.5475054,-9.529108,0.0,4.6602187,-0.83093137,-8.251366,6.5918927,-11.181474,0.0,1.2634193,1.2275174,0.44265142,0.17620416,-9.000686,13.398554,22.7241,-22.09856,-48.156467,23.901762,12.612236,-12.210748,11.566704,-23.271038,16.03027,-134.99997,-0.24352868,6.208758,-7.7690887
500,-0.31569477915763855,0.3714708089828491,66.42583465576172,0.22354057852009376,-0.9545449687529448,-87.48996044623078,3.7139912,0.44752863,7.595872,6.5449915,-9.506534,0.0,4.6588573,-0.82604676,-8.286879,6.5887594,-11.175362,0.0,1.2623607,1.2312853,0.42688522,0.17734608,-9.001101,13.383418,22.724169,-22.114408,-48.16902,23.822842,12.621987,-12.210748,11.581295,-23.268738,16.039042,-134.99997,-0.26771334,6.2055206,-7.8092427
501,-0.320808470249176,0.386261910200119,66.42713928222656,0.22558798416293874,-0.9545066722704818,-87.4586819304783,3.6933982,0.45104316,7.566284,6.5430703,-9.484293,0.0,4.653308,-0.822215,-8.319068,6.5859966,-11.167413,0.0,1.2647268,1.2309084,0.41221303,0.17458783,-8.998216,13.373474,22.724821,-22.128773,-48.17911,23.776243,12.637658,-12.210748,11.5967045,-23.266497,16.043055,-134.99997,-0.30658308,6.19375,-7.8422246
502,-0.32471615076065063,0.39694514870643616,66.42855072021484,0.22706966705569695,-0.9533008656366315,-87.430898988749,3.6754572,0.4541346,7.5406632,6.542037,-9.466582,0.0,4.6497216,-0.8188564,-8.348015,6.5833006,-11.162495,0.0,1.2694942,1.2280825,0.39813957,0.1728115,-8.993968,13.367801,22.725847,-22.143242,-48.185863,23.746788,12.659087,-12.210748,11.61225,-23.264273,16.044432,-134.99997,-0.3563328,6.175108,-7.872478
503,-0.3286397457122803,0.40846431255340576,66.4302978515625,0.22760187146117236,-0.9528742869679453,-87.40529802434202,3.6572998,0.4581126,7.517458,6.5426297,-9.449508,0.0,4.6442666,-0.81496125,-8.374677,6.5826964,-11.15712,0.0,1.274728,1.2261199,0.38418937,0.17304175,-8.987545,13.364705,22.726976,-22.15665,-48.18744,23.73241,12.679924,-12.210748,11.625302,-23.262117,16.046272,-134.99997,-0.39940873,6.1571097,-7.893527
504,-0.33365398645401,0.42127642035484314,66.43169403076172,0.22954296558507323,-0.9551428790607412,-87.38087752796247,3.641542,0.4614656,7.495155,6.542353,-9.431176,0.0,4.641202,-0.8115098,-8.399865,6.580319,-11.149791,0.0,1.2785617,1.2281567,0.36929992,0.17650339,-8.979151,13.363064,22.728264,-22.169458,-48.18319,23.731638,12.693922,-12.210748,11.633599,-23.259644,16.052706,-134.99997,-0.4190454,6.1468277,-7.900382
505,-0.337735652923584,0.4330095946788788,66.43358612060547,0.23194150171715963,-0.9605909652181918,-87.35739421724335,3.62743,0.46398604,7.473756,6.547444,-9.41695,0.0,4.64065,-0.8094381,-8.423263,6.5808663,-11.144753,0.0,1.2810253,1.2352684,0.35331437,0.18533178,-8.964162,13.361425,22.729761,-22.18166,-48.17121,23.750317,12.6967325,-12.210748,11.63645,-23.256676,16.06494,-134.99997,-0.40213776,6.1493607,-7.885289
506,-0.34104472398757935,0.44461581110954285,66.43540954589844,0.23376994202726742,-0.9682324749549375,-87.33541773851326,3.6160288,0.4663637,7.453977,6.5528045,-9.4036,0.0,4.6418805,-0.8075749,-8.444613,6.581289,-11.139107,0.0,1.2829301,1.2458373,0.3365407,0.19835974,-8.945658,13.361299,22.731602,-22.193554,-48.153217,23.787352,12.692873,-12.210748,11.634802,-23.253368,16.081694,-134.99997,-0.35929304,6.160167,-7.85286
507,-0.3454863131046295,0.45713362097740173,66.43679809570312,0.23748499071123683,-0.9775588346586175,-87.31510790720264,3.606135,0.46772125,7.435393,6.5574036,-9.389162,0.0,4.6443863,-0.8066232,-8.464485,6.580929,-11.1324215,0.0,1.2835747,1.2583733,0.31948042,0.21150295,-8.929148,13.363973,22.733116,-22.202732,-48.130466,23.829079,12.688161,-12.210748,11.629953,-23.25025,16.101503,-134.99997,-0.31202587,6.1719112,-7.81796
508,-0.3490575850009918,0.471596896648407,66.43834686279297,0.23943481302757189,-0.9882286589984423,-87.29653486268917,3.5972235,0.46966407,7.4178514,6.560494,-9.372878,0.0,4.645425,-0.8050423,-8.482958,6.581228,-11.123471,0.0,1.2822638,1.2719905,0.30265558,0.22080025,-8.922549,13.370813,22.733877,-22.20758,-48.104748,23.8624,12.688519,-12.210748,11.624402,-23.247576,16.123962,-134.99997,-0.28036344,6.1783986,-7.794887
509,-0.3537956178188324,0.48578017950057983,66.43950653076172,0.24120736937174544,-1.0005596445614646,-87.27984767857026,3.592062,0.4722722,7.4006505,6.560048,-9.354819,0.0,4.6482997,-0.8024363,-8.500483,6.58082,-11.114009,0.0,1.2773242,1.2871076,0.28493145,0.2245483,-8.930371,13.381797,22.733461,-22.203972,-48.07373,23.883305,12.695528,-12.210748,11.616147,-23.245604,16.15081,-134.99997,-0.27185178,6.1789985,-7.787186
510,-0.35732588171958923,0.4979113042354584,66.44153594970703,0.24110183853020833,-1.0145573322913684,-87.2649206135119,3.5903964,0.4755583,7.384251,6.5597034,-9.338684,0.0,4.6528344,-0.7992507,-8.5165415,6.583485,-11.107443,0.0,1.2696464,1.3041186,0.2665632,0.22509763,-8.94789,13.396232,22.732222,-22.194073,-48.037384,23.898756,12.705975,-12.210748,11.60601,-23.243944,16.182121,-134.99997,-0.27553138,6.1769953,-7.787805
511,-0.3599144518375397,0.5099704265594482,66.443359375,0.24096410285790348,-1.0293287686770676,-87.25183529418149,3.5902302,0.47802806,7.3697524,6.5592017,-9.323184,0.0,4.658282,-0.7968539,-8.530672,6.5847917,-11.099576,0.0,1.2622706,1.3213905,0.2497224,0.22442386,-8.967458,13.415145,22.730738,-22.184887,-48.001045,23.912518,12.7187805,-12.210748,11.595097,-23.242785,16.213923,-134.99997,-0.28044626,6.1717014,-7.7929754
512,-0.36232244968414307,0.5245102047920227,66.44461822509766,0.24150947713394244,-1.043761390802372,-87.24063474671078,3.588725,0.4795949,7.358289,6.5583787,-9.306478,0.0,4.661053,-0.79542565,-8.542353,6.585712,-11.089102,0.0,1.2582507,1.3372645,0.23670559,0.22434497,-8.981496,13.439615,22.72973,-22.183506,-47.97017,23.927948,12.732959,-12.210748,11.5858345,-23.241793,16.241022,-134.99997,-0.27874804,6.161286,-7.799695
513,-0.3649458587169647,0.5358763933181763,66.44585418701172,0.24087025570037834,-1.0580926940486433,-87.23134606052821,3.5892372,0.48273587,7.3504143,6.5590963,-9.293462,0.0,4.6663976,-0.7925179,-8.55105,6.5861955,-11.081105,0.0,1.258731,1.3516043,0.22907297,0.22596636,-8.985179,13.47191,22.729143,-22.191498,-47.949917,23.950317,12.750463,-12.210748,11.580184,-23.241491,16.256783,-134.99997,-0.26910043,6.142303,-7.8066506
514,-0.36807534098625183,0.5512593388557434,66.4470443725586,0.2396062391781557,-1.0726532682898546,-87.22390195143873,3.5882618,0.48661062,7.3455033,6.557616,-9.276558,0.0,4.6687403,-0.7887614,-8.557376,6.5845838,-11.068005,0.0,1.2618862,1.3652092,0.22532475,0.2276578,-8.984082,13.509879,22.728516,-22.203676,-47.93445,23.974312,12.771232,-12.210748,11.575435,-23.241364,16.270378,-134.99997,-0.25476953,6.1154213,-7.8195043
515,-0.36913570761680603,0.5623726844787598,66.44861602783203,0.2387512905874364,-1.0866042369511102,-87.21855236947735,3.5892923,0.4886937,7.34276,6.5603223,-9.266644,0.0,4.672912,-0.7871477,-8.561398,6.5853763,-11.059496,0.0,1.2665671,1.3776895,0.22303052,0.2285029,-8.984205,13.548794,22.727951,-22.218895,-47.913025,23.99267,12.787389,-12.210748,11.571051,-23.241453,16.281498,-134.99997,-0.23756126,6.091296,-7.8287306
516,-0.3724794089794159,0.5745129585266113,66.45018005371094,0.23806989182403002,-1.09908101734803,-87.21524019843827,3.5884364,0.49222845,7.341181,6.5618343,-9.254933,0.0,4.6746044,-0.7840196,-8.564204,6.5853558,-11.049348,0.0,1.2716901,1.3886015,0.220029,0.22834353,-8.987187,13.588502,22.72757,-22.236382,-47.885693,23.995642,12.802279,-12.210748,11.566748,-23.241629,16.293507,-134.99997,-0.22083291,6.077233,-7.8274603
517,-0.3758411407470703,0.5904530882835388,66.45209503173828,0.2381265697387064,-1.108941632459487,-87.21549559866611,3.5826883,0.49466202,7.3419876,6.5631666,-9.240847,0.0,4.6701574,-0.78203255,-8.564427,6.5833344,-11.033516,0.0,1.2773635,1.3971237,0.21538325,0.226527,-8.996771,13.627264,22.72763,-22.250505,-47.84785,23.971497,12.812228,-12.210748,11.561198,-23.24181,16.303099,-134.99997,-0.20799817,6.077172,-7.80851
518,-0.3768358528614044,0.5992921590805054,66.45353698730469,0.23861937104938832,-1.117066154532372,-87.2187234013236,3.5796251,0.49515113,7.3451123,6.569681,-9.236561,0.0,4.66855,-0.78246325,-8.561985,6.5839458,-11.024505,0.0,1.2843857,1.4034891,0.21068707,0.22286,-9.014461,13.668006,22.72782,-22.267506,-47.80453,23.923317,12.817365,-12.210748,11.5545845,-23.242077,16.31425,-134.99997,-0.19806917,6.0869617,-7.776589
519,-0.3791220188140869,0.6072675585746765,66.45549774169922,0.23888204434419483,-1.1250620077459073,-87.22223869427317,3.5773866,0.49684224,7.3482356,6.575699,-9.232569,0.0,4.6669893,-0.78165746,-8.55952,6.585782,-11.017008,0.0,1.2915207,1.4098122,0.20626765,0.21719071,-9.036035,13.710723,22.728043,-22.287018,-47.75644,23.877161,12.819336,-12.210748,11.547608,-23.242414,16.32536,-134.99997,-0.1805348,6.1026373,-7.7435355
520,-0.3784826397895813,0.6209797263145447,66.45719146728516,0.23919440181459742,-1.1345587152076682,-87.22325438226866,3.5733533,0.49592826,7.3495665,6.577763,-9.221568,0.0,4.663299,-0.78329194,-8.559326,6.585542,-11.003497,0.0,1.2976795,1.4179554,0.20266138,0.20939314,-9.055546,13.755652,22.728195,-22.309107,-47.708626,23.857761,12.82508,-12.210748,11.541753,-23.242588,16.334934,-134.99997,-0.14857987,6.11867,-7.722043
521,-0.38093119859695435,0.6359069347381592,66.458251953125,0.23700657419024776,-1.1457268663929936,-87.22133998532514,3.5711207,0.49968386,7.348297,6.575496,-9.2058325,0.0,4.660548,-0.7798819,-8.562082,6.5860953,-10.99043,0.0,1.3028594,1.429193,0.2006285,0.19872965,-9.066874,13.803804,22.728243,-22.334633,-47.66532,23.87733,12.840274,-12.210748,11.536278,-23.242422,16.34161,-134.99997,-0.08435249,6.13864,-7.714437
522,-0.38349026441574097,0.6497142910957336,66.45944213867188,0.23287335307783802,-1.157794440278456,-87.21773079833198,3.570681,0.5054252,7.345609,6.572471,-9.190107,0.0,4.658944,-0.77450395,-8.566519,6.5888524,-10.979848,0.0,1.3078893,1.4421188,0.19986415,0.18452999,-9.068916,13.854745,22.728859,-22.37276,-47.630783,23.925686,12.8665905,-12.210748,11.531476,-23.241354,16.346457,-134.99997,0.004910197,6.1647143,-7.71502
523,-0.3839399814605713,0.6625061631202698,66.46023559570312,0.22946519366454832,-1.1708340607905967,-87.21292201663886,3.5711179,0.5090014,7.3418384,6.5715303,-9.176592,0.0,4.658748,-0.77152765,-8.571861,6.593383,-10.971251,0.0,1.3116331,1.4555483,0.19891776,0.16845879,-9.063444,13.904636,22.729898,-22.412218,-47.59125,23.992495,12.8951645,-12.210748,11.528836,-23.239738,16.346916,-134.99997,0.0855792,6.185212,-7.720762
524,-0.3822607100009918,0.6720362901687622,66.4617691040039,0.22688877750340025,-1.1848642739393038,-87.20737847227325,3.5742126,0.5102892,7.3373337,6.572425,-9.166868,0.0,4.6628404,-0.7708732,-8.577557,6.5974283,-10.965184,0.0,1.31363,1.467772,0.19614518,0.15288706,-9.054211,13.953625,22.73066,-22.44693,-47.54693,24.059748,12.924008,-12.210748,11.529557,-23.238401,16.343441,-134.99997,0.12499048,6.189642,-7.728708
525,-0.38402220606803894,0.6823638081550598,66.46331787109375,0.2270920341909448,-1.2006524223595296,-87.20114634113726,3.5775783,0.5116799,7.331802,6.57409,-9.156273,0.0,4.6695275,-0.7698731,-8.584146,6.5986547,-10.957565,0.0,1.3137059,1.4784341,0.19134341,0.1389907,-9.043409,14.001991,22.731758,-22.483814,-47.497494,24.132658,12.951132,-12.210748,11.536478,-23.236563,16.334364,-134.99997,0.101456456,6.1688523,-7.739909
526,-0.3832140564918518,0.6938105225563049,66.464599609375,0.2277885585086513,-1.2179746513279486,-87.19398956778237,3.5813863,0.51053375,7.3255157,6.575998,-9.145218,0.0,4.677245,-0.77146256,-8.591361,6.5995193,-10.948773,0.0,1.3120822,1.488394,0.18489426,0.12778053,-9.03152,14.049017,22.732542,-22.517853,-47.437855,24.21317,12.973741,-12.210748,11.548371,-23.234888,16.318476,-134.99997,0.035102624,6.1298666,-7.7528715
527,-0.383078396320343,0.7045777440071106,66.46585845947266,0.22883545853923004,-1.235109686605344,-87.18620349496268,3.5851016,0.50963867,7.318489,6.5789576,-9.135257,0.0,4.6861405,-0.7726642,-8.599078,6.598989,-10.940048,0.0,1.3093376,1.4978524,0.17780408,0.118382566,-9.01908,14.097003,22.732782,-22.549343,-47.380554,24.287298,13.001627,-12.210748,11.5616455,-23.23373,16.298159,-134.99997,-0.047658585,6.0844646,-7.7678175
528,-0.3841998875141144,0.7165327668190002,66.46696472167969,0.22981615027858396,-1.2506524567510298,-87.1777714829111,3.586586,0.50975066,7.310819,6.580383,-9.122977,0.0,4.692602,-0.77274865,-8.607293,6.598537,-10.930704,0.0,1.3062009,1.5070807,0.17122458,0.11031246,-9.007507,14.147401,22.732714,-22.584995,-47.330997,24.33987,13.034605,-12.210748,11.572824,-23.232653,16.274515,-134.99997,-0.115164705,6.049559,-7.785326
529,-0.3847406804561615,0.7290818691253662,66.46855926513672,0.2289605775991579,-1.2640575744625469,-87.16866365952039,3.585201,0.5111611,7.3025475,6.5816197,-9.109762,0.0,4.6966324,-0.77145076,-8.615696,6.597402,-10.9203415,0.0,1.3027327,1.5165799,0.16553123,0.101623334,-8.998436,14.201171,22.732302,-22.62669,-47.29394,24.36585,13.076243,-12.210748,11.580617,-23.231804,16.250486,-134.99997,-0.16536534,6.0264573,-7.8105345
530,-0.38439348340034485,0.7371575236320496,66.47037506103516,0.22826318685835753,-1.276123740889524,-87.15886882345477,3.5858684,0.51192045,7.2935,6.584276,-9.101359,0.0,4.7032876,-0.77073395,-8.624319,6.597058,-10.91461,0.0,1.2986989,1.5259731,0.16017279,0.091880545,-8.991779,14.257458,22.731766,-22.675179,-47.264603,24.374737,13.123069,-12.210748,11.5862465,-23.231184,16.225441,-134.99997,-0.20933394,6.0095763,-7.842232
531,-0.3839738667011261,0.7475231289863586,66.47142791748047,0.22641252363575648,-1.2874262517574382,-87.14867306430524,3.583801,0.51365733,7.2841873,6.5863853,-9.090478,0.0,4.707304,-0.7690782,-8.633307,6.5960803,-10.906357,0.0,1.2939409,1.5346041,0.15461157,0.08302985,-8.986122,14.313845,22.731249,-22.7255,-47.237656,24.378813,13.170036,-12.210748,11.590448,-23.230661,16.201553,-134.99997,-0.24367192,5.999571,-7.8734217
532,-0.38323459029197693,0.7596099972724915,66.47264099121094,0.2263077154338315,-1.2985528582569512,-87.13846738753355,3.5804677,0.5134482,7.274975,6.587607,-9.077738,0.0,4.7094774,-0.76952237,-8.642674,6.59609,-10.897363,0.0,1.2884555,1.5417954,0.14796731,0.0784902,-8.979449,14.367971,22.730982,-22.776415,-47.205444,24.386995,13.21184,-12.210748,11.592724,-23.229961,16.178751,-134.99997,-0.26104847,5.997853,-7.897012
533,-0.3826218843460083,0.770418643951416,66.47340393066406,0.22577288780349278,-1.309592507720007,-87.12840143684674,3.577977,0.51383114,7.266046,6.5898705,-9.067001,0.0,4.711493,-0.7696856,-8.652455,6.5984926,-10.89064,0.0,1.2819859,1.5468751,0.1397404,0.081546,-8.968991,14.420697,22.731256,-22.828474,-47.169563,24.395178,13.250333,-12.210748,11.593227,-23.228981,16.15677,-134.99997,-0.25184917,6.009882,-7.9057145
534,-0.3810965418815613,0.77789306640625,66.47432708740234,0.22484643627208706,-1.320223793032925,-87.1181319574474,3.577432,0.5140569,7.257067,6.593513,-9.060051,0.0,4.715557,-0.7701916,-8.662622,6.6025324,-10.887807,0.0,1.2744895,1.5502753,0.13051963,0.09276149,-8.955077,14.472643,22.731863,-22.87766,-47.131615,24.399685,13.287775,-12.210748,11.59154,-23.227764,16.13767,-134.99997,-0.22096427,6.032698,-7.905303
535,-0.3794378638267517,0.7898227572441101,66.47543334960938,0.2249852456132685,-1.3303266292668001,-87.1079221475422,3.5728388,0.51298636,7.248117,6.596545,-9.049143,0.0,4.7152205,-0.7720385,-8.67278,6.6060157,-10.88062,0.0,1.2666885,1.5531915,0.12101663,0.10947595,-8.938269,14.524853,22.732466,-22.92539,-47.099186,24.416721,13.323692,-12.210748,11.590105,-23.226673,16.119219,-134.99997,-0.19034688,6.0580773,-7.9036365
536,-0.3782249987125397,0.7998486757278442,66.47662353515625,0.22351097638331444,-1.3397098684569315,-87.09794339306619,3.5695488,0.51367897,7.2389593,6.597955,-9.038579,0.0,4.716878,-0.7716749,-8.68218,6.6073823,-10.874118,0.0,1.2592816,1.5567201,0.11194518,0.1262387,-8.921547,14.576233,22.73357,-22.973785,-47.072388,24.46111,13.357022,-12.210748,11.589521,-23.224903,16.09849,-134.99997,-0.18204321,6.0743556,-7.9098163
537,-0.37580952048301697,0.8080927729606628,66.47771453857422,0.22255794124691025,-1.3473879323211118,-87.08880363072332,3.5667825,0.51278174,7.229904,6.5991745,-9.0302305,0.0,4.7193503,-0.7724706,-8.689972,6.6062284,-10.867571,0.0,1.2522415,1.5599142,0.10322855,0.13963515,-8.9073715,14.62859,22.73448,-23.01677,-47.056137,24.559717,13.391181,-12.210748,11.591219,-23.22332,16.07618,-134.99997,-0.21037795,6.0782394,-7.926203
538,-0.3759276866912842,0.8170281648635864,66.47828674316406,0.22205034842772414,-1.3539616519311992,-87.08001004372333,3.5629263,0.51326966,7.220593,6.598681,-9.020009,0.0,4.720633,-0.7715276,-8.697116,6.603421,-10.859672,0.0,1.2453487,1.5627018,0.094420694,0.14926887,-8.895613,14.681636,22.735691,-23.056871,-47.049862,24.696047,13.430032,-12.210748,11.59502,-23.221552,16.051405,-134.99997,-0.26274735,6.0749903,-7.94887
539,-0.3755224049091339,0.8264651298522949,66.47938537597656,0.2223950949018903,-1.3609296631051955,-87.0708600631163,3.5587845,0.51256746,7.2109494,6.5986676,-9.009648,0.0,4.722484,-0.77172625,-8.704555,6.5996943,-10.850957,0.0,1.2382404,1.5670375,0.08646172,0.15444387,-8.886152,14.731647,22.736834,-23.091566,-47.049595,24.82903,13.469671,-12.210748,11.59867,-23.220299,16.026928,-134.99997,-0.32215664,6.0665903,-7.9722433
540,-0.3732849955558777,0.8364567756652832,66.48075866699219,0.22050470262291927,-1.3698563709071212,-87.06049321159148,3.5559552,0.5125381,7.2008104,6.598206,-8.998307,0.0,4.724993,-0.77148736,-8.713308,6.5980363,-10.842669,0.0,1.2309765,1.5745989,0.07982235,0.15429647,-8.878085,14.774998,22.738228,-23.126236,-47.051517,24.914194,13.503729,-12.210748,11.600888,-23.219158,16.000536,-134.99997,-0.37302813,6.0555463,-7.993732
541,-0.37140026688575745,0.8442936539649963,66.48174285888672,0.2207744731217575,-1.3820349749312844,-87.04847081976146,3.5572863,0.51105183,7.189648,6.5996914,-8.98972,0.0,4.73195,-0.773059,-8.724164,6.599245,-10.838325,0.0,1.2236905,1.5868269,0.07546822,0.14657004,-8.870699,14.809395,22.739754,-23.159678,-47.047417,24.928366,13.51896,-12.210748,11.600424,-23.21825,15.973605,-134.99997,-0.40966412,6.041004,-8.010016
542,-0.3684297800064087,0.8539521098136902,66.48271942138672,0.22057362335572261,-1.3962332060102185,-87.0351946795103,3.559109,0.50912464,7.1778693,6.6000724,-8.978583,0.0,4.739377,-0.7751851,-8.73637,6.6008782,-10.832624,0.0,1.2164505,1.6024189,0.072806574,0.13062194,-8.864113,14.837679,22.74123,-23.191381,-47.036022,24.89356,13.512871,-12.210748,11.5979595,-23.217474,15.946353,-134.99997,-0.44019705,6.022656,-8.024269
543,-0.3665652275085449,0.8637475967407227,66.48357391357422,0.21952622070350608,-1.4109454111851982,-87.02122732945408,3.5614436,0.5088629,7.1655436,6.6002336,-8.967068,0.0,4.747396,-0.77556086,-8.749457,6.6025405,-10.827149,0.0,1.2086458,1.6192079,0.07025565,0.1091729,-8.858051,14.862482,22.74238,-23.220098,-47.021248,24.838522,13.498029,-12.210748,11.594508,-23.216766,15.919252,-134.99997,-0.46676123,6.0036764,-8.037875
544,-0.36417198181152344,0.8712177872657776,66.48462677001953,0.2193941754431567,-1.4244936592042499,-87.00718712186335,3.5630407,0.50766,7.152919,6.6036987,-8.959177,0.0,4.756557,-0.77707905,-8.762748,6.6038446,-10.823531,0.0,1.199797,1.6351776,0.066417456,0.08699116,-8.852333,14.886386,22.74319,-23.245333,-47.00859,24.793224,13.489454,-12.210748,11.591421,-23.215918,15.891836,-134.99997,-0.49009064,5.9881663,-8.05135
545,-0.36238983273506165,0.8791279792785645,66.48573303222656,0.2186743058414742,-1.4357960951017321,-86.99289896855075,3.559711,0.5078472,7.1398907,6.611832,-8.9531145,0.0,4.7632236,-0.7775125,-8.776608,6.604728,-10.819418,0.0,1.1889721,1.648838,0.06119743,0.051076513,-8.840773,14.912326,22.743986,-23.275864,-47.006607,24.768703,13.497699,-12.210748,11.589742,-23.214296,15.847457,-134.99997,-0.5235593,5.9737997,-8.055148
546,-0.3606472313404083,0.8894588947296143,66.48674011230469,0.21688924049376884,-1.445668922860377,-86.9781794932074,3.5520296,0.50917673,7.1264977,6.6214542,-8.945456,0.0,4.76693,-0.7769214,-8.791044,6.604122,-10.812262,0.0,1.1763577,1.6616019,0.055096254,0.028854033,-8.829383,14.932398,22.744669,-23.298834,-47.008892,24.75236,13.526849,-12.210748,11.589601,-23.211912,15.793012,-134.99997,-0.5563894,5.9596663,-8.048633
547,-0.35762736201286316,0.8995490074157715,66.48751831054688,0.2160795957159682,-1.4563288173728801,-86.96346834197246,3.5455654,0.5085567,7.113044,6.6309977,-8.938317,0.0,4.7723007,-0.77820003,-8.805429,6.6029596,-10.805287,0.0,1.1638253,1.675572,0.048218314,0.022875609,-8.823361,14.952142,22.743744,-23.30436,-47.014126,24.729452,13.557436,-12.210748,11.588857,-23.2096,15.7605715,-134.99997,-0.5738187,5.950362,-8.057764
548,-0.35752785205841064,0.9092374444007874,66.4880142211914,0.21509848903291393,-1.4694684393448456,-86.94922247467399,3.5430272,0.5101431,7.099616,6.637682,-8.929693,0.0,4.7796226,-0.7770496,-8.819394,6.602772,-10.799134,0.0,1.1538403,1.6922574,0.04095394,0.016507624,-8.82088,14.969035,22.742167,-23.305408,-47.019753,24.708624,13.572558,-12.210748,11.588429,-23.207466,15.736689,-134.99997,-0.584826,5.9465795,-8.071896
549,-0.35476189851760864,0.9162715673446655,66.48918914794922,0.21333533262735085,-1.4875987086719222,-86.93604141940645,3.550153,0.5099597,7.0870657,6.6404557,-8.922423,0.0,4.79309,-0.77740735,-8.831832,6.604949,-10.796188,0.0,1.1474099,1.7147499,0.03328813,0.010654029,-8.820202,14.981531,22.740442,-23.30317,-47.023933,24.693104,13.563755,-12.210748,11.589814,-23.204985,15.7075615,-134.99997,-0.5953289,5.9507127,-8.079878
550,-0.3520840108394623,0.9266077280044556,66.4897689819336,0.21251884078220062,-1.5092057647753974,-86.92347162103417,3.5592856,0.50860673,7.0749736,6.640245,-8.91095,0.0,4.8071494,-0.77881426,-8.84364,6.6066527,-10.789929,0.0,1.143264,1.7410372,0.025047531,0.0062493985,-8.82193,14.990529,22.738503,-23.297506,-47.028557,24.682125,13.540182,-12.210748,11.59214,-23.202135,15.67531,-134.99997,-0.6046398,5.9607077,-8.084093
551,-0.34987038373947144,0.934762716293335,66.49093627929688,0.2123353096409059,-1.5297548559440577,-86.91067122916084,3.5697815,0.50699806,7.0623918,6.638658,-8.900488,0.0,4.8218837,-0.78033805,-8.855682,6.608841,-10.785929,0.0,1.1404369,1.7664531,0.01675971,7.050915e-05,-8.828494,14.99758,22.736637,-23.291742,-47.03712,24.673786,13.513563,-12.210748,11.596397,-23.199162,15.64169,-134.99997,-0.6140664,5.971802,-8.087104
552,-0.3484717309474945,0.9442223310470581,66.49199676513672,0.21168938723211145,-1.5448674542315288,-86.89687569371016,3.57338,0.50645065,7.0487247,6.637191,-8.888467,0.0,4.830475,-0.78075475,-8.868852,6.6104164,-10.780653,0.0,1.1379563,1.7859257,0.008729545,-0.011034037,-8.843074,15.004087,22.73527,-23.290234,-47.05344,24.666729,13.495402,-12.210748,11.603423,-23.19645,15.610866,-134.99997,-0.62284,5.9793987,-8.092552
553,-0.34589675068855286,0.9528260827064514,66.49337768554688,0.21087143577818684,-1.5514920332721531,-86.8814702038157,3.567847,0.5053415,7.033457,6.6381993,-8.878137,0.0,4.832279,-0.78176177,-8.88363,6.610441,-10.775292,0.0,1.1358999,1.7962989,0.0015393556,-0.032396916,-8.873447,15.012185,22.734537,-23.296743,-47.083416,24.662464,13.490233,-12.210748,11.615201,-23.19382,15.5825205,-134.99997,-0.63261944,5.980803,-8.101664
554,-0.3427804112434387,0.9632262587547302,66.4941635131836,0.21040708297590674,-1.5526216163835715,-86.86500336453224,3.555646,0.50339246,7.017126,6.637798,-8.865155,0.0,4.82844,-0.7834408,-8.899521,6.6091576,-10.768344,0.0,1.1347406,1.8008909,-0.005174256,-0.060828656,-8.916911,15.020461,22.734203,-23.308056,-47.12344,24.661257,13.491433,-12.210748,11.630643,-23.191483,15.555817,-134.99997,-0.641348,5.9796786,-8.112058
555,-0.34047773480415344,0.9705596566200256,66.49504089355469,0.2110649583409608,-1.5529773094344559,-86.84837622089272,3.5443714,0.5012192,7.000308,6.639638,-8.856034,0.0,4.8250103,-0.78558654,-8.915642,6.6103454,-10.76518,0.0,1.133833,1.8044916,-0.012509787,-0.086777985,-8.956777,15.025459,22.734062,-23.317684,-47.162876,24.65894,13.493878,-12.210748,11.646132,-23.188974,15.529884,-134.99997,-0.65116835,5.9777546,-8.123633
556,-0.3394857943058014,0.9790844321250916,66.49588012695312,0.2110034538027722,-1.5573151120445916,-86.83232028951542,3.5369673,0.500568,6.983913,6.639445,-8.844686,0.0,4.825336,-0.78591204,-8.931237,6.61008,-10.760516,0.0,1.132574,1.8121,-0.021018237,-0.10063238,-8.977202,15.024202,22.733675,-23.318262,-47.19157,24.651232,13.49277,-12.210748,11.657813,-23.186424,15.504969,-134.99997,-0.6610384,5.9778295,-8.135398
557,-0.33694177865982056,0.9865620136260986,66.49651336669922,0.21111137182734116,-1.5684438741704851,-86.81709808457708,3.5382307,0.49839473,6.967905,6.6380157,-8.834249,0.0,4.832145,-0.7878271,-8.945854,6.6117682,-10.757338,0.0,1.1302035,1.8270395,-0.032378282,-0.09543541,-8.969447,15.0148945,22.732828,-23.305449,-47.204998,24.636131,13.485229,-12.210748,11.663336,-23.183567,15.481644,-134.99997,-0.67056787,5.9826517,-8.150342
558,-0.3347439765930176,0.9946258664131165,66.49720764160156,0.2106845689289456,-1.5834276731495307,-86.80203342807405,3.5435834,0.49682474,6.9517508,6.634498,-8.821988,0.0,4.842612,-0.78892976,-8.960286,6.612886,-10.75346,0.0,1.1272306,1.8458799,-0.04563653,-0.07775069,-8.943321,14.99939,22.731678,-23.283573,-47.209045,24.61608,13.474392,-12.210748,11.666473,-23.180428,15.458418,-134.99997,-0.6800627,5.9907193,-8.166159
559,-0.3308570086956024,1.001007080078125,66.4979248046875,0.21042406053361756,-1.5978904568221197,-86.7875882566514,3.5500114,0.49384075,6.936504,6.6321583,-8.812602,0.0,4.8537707,-0.7915569,-8.973994,6.6145544,-10.751147,0.0,1.1250134,1.8638642,-0.058525287,-0.05838224,-8.913604,14.980421,22.730696,-23.259638,-47.209488,24.593946,13.464356,-12.210748,11.668071,-23.177446,15.437536,-134.99997,-0.69144154,5.99606,-8.181722
560,-0.3293576240539551,1.0042974948883057,66.49862670898438,0.21027177292253024,-1.6074181682550785,-86.77397854048148,3.5521812,0.49306434,6.9227023,6.6338916,-8.80755,0.0,4.8622675,-0.79226214,-8.987136,6.616891,-10.752097,0.0,1.1248928,1.8759726,-0.06888272,-0.048142042,-8.893797,14.960328,22.73037,-23.240494,-47.21186,24.572378,13.459174,-12.210748,11.669328,-23.175093,15.419071,-134.99997,-0.7061184,5.9930882,-8.1933565
561,-0.32718002796173096,1.0123523473739624,66.49932861328125,0.21090765344458864,-1.6099063320322493,-86.76095870950422,3.5427053,0.49109223,6.9111176,6.636883,-8.79901,0.0,4.8607097,-0.7944475,-8.999921,6.616038,-10.746822,0.0,1.1269068,1.8798733,-0.07688293,-0.051677916,-8.890211,14.938809,22.730742,-23.22744,-47.2159,24.547234,13.462226,-12.210748,11.672999,-23.173136,15.403449,-134.99997,-0.7272997,5.978872,-8.199999
562,-0.32465964555740356,1.018115758895874,66.49980163574219,0.21274094430422383,-1.6079235512648007,-86.74865014095869,3.5287063,0.48815742,6.901101,6.6448116,-8.795191,0.0,4.8564234,-0.7980217,-9.012119,6.615608,-10.743701,0.0,1.1304399,1.8785542,-0.08347103,-0.06262338,-8.895719,14.914868,22.731594,-23.216675,-47.21917,24.51846,13.47066,-12.210748,11.676185,-23.171682,15.390465,-134.99997,-0.7520217,5.956569,-8.202957
563,-0.32260847091674805,1.023955225944519,66.5004653930664,0.21449640288607516,-1.6046991317899804,-86.73721765734962,3.5136406,0.48563927,6.8919377,6.6525884,-8.791356,0.0,4.850617,-0.8011892,-9.023442,6.6153474,-10.740533,0.0,1.1359797,1.8748286,-0.08716844,-0.0675336,-8.89765,14.890831,22.732395,-23.212486,-47.2307,24.497618,13.482521,-12.210748,11.6794815,-23.171263,15.387606,-134.99997,-0.7714189,5.9314756,-8.210886
564,-0.32088524103164673,1.0293865203857422,66.50151062011719,0.2142417566735771,-1.6032143678463655,-86.72742196351588,3.5031614,0.4848438,6.883444,6.6562243,-8.786382,0.0,4.845941,-0.8022906,-9.033135,6.616098,-10.737765,0.0,1.143729,1.87161,-0.087428674,-0.0738925,-8.897584,14.868079,22.733335,-23.207434,-47.239746,24.490372,13.484109,-12.210748,11.678625,-23.170698,15.38256,-134.99997,-0.79314476,5.9054747,-8.219228
565,-0.3189443051815033,1.0309442281723022,66.5023422241211,0.2122329918958637,-1.6040615348999527,-86.72011811175969,3.5008137,0.4851997,6.875842,6.655799,-8.783437,0.0,4.8457046,-0.8018574,-9.040226,6.618536,-10.73869,0.0,1.1559948,1.8688575,-0.08150425,-0.07874279,-8.891684,14.848264,22.734194,-23.202307,-47.256313,24.503197,13.476554,-12.210748,11.674472,-23.17011,15.375338,-134.99997,-0.8201998,5.87737,-8.231588
566,-0.3182253837585449,1.0367918014526367,66.50265502929688,0.21003765963903195,-1.6056843863366306,-86.71475038055954,3.4989989,0.4860592,6.8692865,6.6490655,-8.774067,0.0,4.8424883,-0.8005073,-9.045578,6.619566,-10.73458,0.0,1.1718334,1.8654016,-0.07053078,-0.08152176,-8.879456,14.831115,22.735033,-23.1985,-47.279636,24.53122,13.463861,-12.210748,11.667825,-23.169638,15.366216,-134.99997,-0.8523846,5.8467426,-8.245467
567,-0.3166888952255249,1.0429636240005493,66.5025405883789,0.20771222113515525,-1.6081386786333294,-86.70960905281503,3.497799,0.48636574,6.862833,6.6425877,-8.764812,0.0,4.8402123,-0.7996654,-9.050587,6.620407,-10.7302885,0.0,1.1871595,1.8619323,-0.059298664,-0.082950324,-8.8629,14.814866,22.735973,-23.195848,-47.303986,24.563927,13.451047,-12.210748,11.658104,-23.169315,15.356357,-134.99997,-0.8788777,5.8193636,-8.254277
568,-0.3118300437927246,1.0466982126235962,66.50288391113281,0.20645302940757504,-1.6115275833131524,-86.70304852448749,3.4972427,0.48346895,6.8556595,6.6410265,-8.760237,0.0,4.8410907,-0.8024278,-9.056663,6.6215587,-10.728117,0.0,1.1979394,1.8590242,-0.052690238,-0.08453513,-8.845371,14.796752,22.737144,-23.193256,-47.322956,24.588993,13.443694,-12.210748,11.644972,-23.169134,15.347644,-134.99997,-0.8878507,5.801924,-8.2515
569,-0.30796384811401367,1.0486565828323364,66.50304412841797,0.20672132745057065,-1.6152414828875492,-86.69554825337804,3.4972253,0.48038584,6.8497906,6.641433,-8.757349,0.0,4.8444166,-0.80558467,-9.062605,6.6224422,-10.727992,0.0,1.2027633,1.8558297,-0.052226737,-0.08455598,-8.845272,14.793846,22.737614,-23.191519,-47.32481,24.589924,13.442533,-12.210748,11.642187,-23.169598,15.346133,-134.99997,-0.8865034,5.800982,-8.250808
570,-0.3069286048412323,1.052365779876709,66.50334930419922,0.20702762393653604,-1.6188375500581493,-86.68895187767708,3.4962802,0.47942233,6.844774,6.640554,-8.751924,0.0,4.845834,-0.8065985,-9.067928,6.6226983,-10.725849,0.0,1.2056242,1.8530251,-0.052984305,-0.08456671,-8.845243,14.792253,22.737885,-23.190556,-47.32579,24.59028,13.441976,-12.210748,11.640825,-23.170237,15.345628,-134.99997,-0.8855409,5.8005924,-8.250332
571,-0.30257537961006165,1.0549547672271729,66.50406646728516,0.21199476944858212,-1.6275042186887732,-86.67368740977196,3.4913461,0.47201502,6.8273535,6.6567397,-8.754901,0.0,4.857002,-0.814452,-9.084427,6.6206775,-10.725549,0.0,1.2017167,1.8540071,-0.061636858,-0.0956824,-8.823812,14.729631,22.740473,-23.177467,-47.34331,24.608122,13.45976,-12.210748,11.591309,-23.170113,15.347861,-134.99997,-0.7824936,5.808399,-8.182055
572,-0.3008764386177063,1.0589929819107056,66.5042953491211,0.21124136352295617,-1.630477042143358,-86.6695781950288,3.4901855,0.47141215,6.8245244,6.6560464,-8.750135,0.0,4.8573475,-0.815071,-9.087543,6.620069,-10.722136,0.0,1.2032323,1.8518983,-0.062409017,-0.09568775,-8.8238,14.72908,22.740782,-23.17699,-47.343544,24.608198,13.459559,-12.210748,11.590724,-23.17043,15.347766,-134.99997,-0.78207237,5.8082986,-8.181829
573,-0.2991655468940735,1.062081217765808,66.5044937133789,0.21002858885618447,-1.6343383120782422,-86.66416426790308,3.4899852,0.47126418,6.820656,6.6563034,-8.746543,0.0,4.8594055,-0.815145,-9.091565,6.620793,-10.720983,0.0,1.2049236,1.8484186,-0.06384717,-0.095691614,-8.823784,14.727929,22.741217,-23.176266,-47.344173,24.608244,13.459057,-12.210748,11.589678,-23.171045,15.347624,-134.99997,-0.781305,5.8081155,-8.181412
574,-0.29673391580581665,1.0633964538574219,66.50459289550781,0.21456080113969894,-1.6456524674641184,-86.64833263809807,3.4915454,0.46568537,6.8046618,6.666223,-8.747169,0.0,4.877965,-0.8201236,-9.108002,6.611113,-10.718348,0.0,1.197483,1.8478478,-0.07327004,-0.0979559,-8.7984,14.649688,22.744925,-23.155956,-47.34353,24.589437,13.423928,-12.210748,11.500555,-23.170664,15.364056,-134.99997,-0.6531691,5.850118,-8.089049
575,-0.29558637738227844,1.064399242401123,66.5044937133789,0.21346527580459654,-1.647923300525719,-86.64622787682481,3.4921064,0.4658241,6.803334,6.6667633,-8.74616,0.0,4.8792524,-0.819962,-9.109314,6.611973,-10.718324,0.0,1.1982424,1.846129,-0.07387147,-0.097953856,-8.798392,14.649299,22.745167,-23.155653,-47.34371,24.589418,13.423714,-12.210748,11.500159,-23.170816,15.364093,-134.99997,-0.65295225,5.850055,-8.0889225
576,-0.29276135563850403,1.0670623779296875,66.50465393066406,0.2149453051057298,-1.6589720055122243,-86.6322706922824,3.4962788,0.46254432,6.790271,6.668764,-8.741676,0.0,4.8943906,-0.82259285,-9.122886,6.6049347,-10.715022,0.0,1.1922383,1.8438466,-0.08020647,-0.06828524,-8.732053,14.591069,22.749207,-23.105738,-47.317524,24.541489,13.361425,-12.210748,11.393568,-23.167946,15.426757,-134.99997,-0.54299676,5.9073887,-8.050393
577,-0.2907552123069763,1.0659468173980713,66.50479888916016,0.21546539718214677,-1.6661348928887476,-86.62228090179879,3.500604,0.46084478,6.7802963,6.6719365,-8.742099,0.0,4.9038205,-0.82429165,-9.13226,6.607763,-10.7197,0.0,1.1906673,1.840544,-0.081844635,-0.059637766,-8.726251,14.569397,22.749687,-23.101366,-47.33163,24.539488,13.3445425,-12.210748,11.370071,-23.168077,15.431954,-134.99997,-0.5140307,5.8906193,-8.034591
578,-0.28867030143737793,1.0676047801971436,66.50543975830078,0.21540550780074896,-1.6736146772029146,-86.61125390218709,3.5035262,0.45941892,6.7690024,6.672794,-8.738415,0.0,4.911504,-0.8256023,-9.142746,6.6091647,-10.720756,0.0,1.1889516,1.83682,-0.08288455,-0.043775547,-8.716111,14.548944,22.75007,-23.09603,-47.343033,24.542862,13.322103,-12.210748,11.344089,-23.168264,15.438689,-134.99997,-0.4904958,5.863911,-8.024191
579,-0.28583648800849915,1.0707790851593018,66.50569152832031,0.2159662334808256,-1.6815820289902021,-86.60052658269014,3.5063248,0.45668328,6.7579126,6.67234,-8.732957,0.0,4.9185805,-0.82822675,-9.153232,6.6107483,-10.720769,0.0,1.1866729,1.8340884,-0.08399394,0.012294997,-8.682097,14.529733,22.749645,-23.083088,-47.350056,24.538265,13.2994,-12.210748,11.309792,-23.169035,15.46101,-134.99997,-0.44475448,5.8462324,-8.019745
580,-0.28396305441856384,1.0752530097961426,66.5059814453125,0.2164996297899761,-1.690138361793688,-86.59129290840201,3.5095434,0.4544924,6.7483582,6.67066,-8.726259,0.0,4.924885,-0.8302328,-9.162731,6.611833,-10.71911,0.0,1.1841458,1.8327956,-0.08541489,0.043429002,-8.663707,14.509441,22.749567,-23.076456,-47.363228,24.525272,13.289641,-12.210748,11.277423,-23.169403,15.476354,-134.99997,-0.36543438,5.8472295,-7.9979
581,-0.28070175647735596,1.0767951011657715,66.50605773925781,0.2168902816166973,-1.7003862634288518,-86.58354799920824,3.5177991,0.4512737,6.740378,6.6684484,-8.722836,0.0,4.9350524,-0.83323014,-9.171277,6.6128464,-10.719427,0.0,1.1801032,1.8347315,-0.08757566,0.0795857,-8.641395,14.488181,22.749506,-23.07072,-47.376152,24.490465,13.29408,-12.210748,11.237185,-23.16965,15.498986,-134.99997,-0.22487071,5.886629,-7.9598107
582,-0.27820292115211487,1.077505111694336,66.50579833984375,0.2169956675321892,-1.7118436263625798,-86.57670913578775,3.52903,0.4487467,6.733209,6.664024,-8.719108,0.0,4.9479294,-0.8352334,-9.17951,6.6121526,-10.719638,0.0,1.1749922,1.8387792,-0.09008115,0.120256186,-8.61625,14.466589,22.749369,-23.06591,-47.389805,24.44094,13.30893,-12.210748,11.191737,-23.169737,15.526781,-134.99997,-0.040919818,5.9503584,-7.911121
583,-0.2740861177444458,1.0790337324142456,66.5054702758789,0.21820865654774915,-1.7224906340290147,-86.5711757823491,3.5382488,0.44397762,6.727503,6.6619806,-8.716761,0.0,4.9578795,-0.83993864,-9.186412,6.614056,-10.72019,0.0,1.1707293,1.8427467,-0.09281716,0.15650828,-8.593108,14.444521,22.749199,-23.059696,-47.403046,24.393984,13.323188,-12.210748,11.146278,-23.1698,15.554355,-134.99997,0.15034264,6.015903,-7.857994
584,-0.26979726552963257,1.080011248588562,66.50572204589844,0.2189095888136054,-1.7302842513554682,-86.56714805962729,3.5448718,0.43965593,6.7235546,6.661023,-8.715458,0.0,4.965302,-0.84428746,-9.191449,6.615148,-10.720203,0.0,1.169185,1.8443855,-0.09572815,0.17934689,-8.57822,14.421762,22.748997,-23.04981,-47.414406,24.366676,13.325823,-12.210748,11.104066,-23.169897,15.577393,-134.99997,0.31341943,6.0596933,-7.8078775
585,-0.26781973242759705,1.083023190498352,66.5057373046875,0.2202292107293437,-1.7336745672139058,-86.5659116281707,3.544822,0.436694,6.722614,6.6618166,-8.713044,0.0,4.9652843,-0.8476675,-9.193509,6.617632,-10.718861,0.0,1.1721112,1.8424575,-0.09926446,0.18309997,-8.575165,14.3978,22.748686,-23.034492,-47.42332,24.367867,13.311495,-12.210748,11.066997,-23.169594,15.594118,-134.99997,0.44355276,6.0764694,-7.7573667
586,-0.26583486795425415,1.0881761312484741,66.50634765625,0.2200614725157906,-1.7339434933833924,-86.56693870829397,3.5395145,0.4351178,6.7242436,6.6642923,-8.70994,0.0,4.9595823,-0.84991693,-9.1931305,6.61967,-10.714505,0.0,1.1781352,1.8383946,-0.10330625,0.1736186,-8.579962,14.372851,22.748251,-23.014877,-47.430485,24.386368,13.286971,-12.210748,11.031769,-23.169172,15.606456,-134.99997,0.55865824,6.078282,-7.703738
587,-0.2639247477054596,1.088791847229004,66.50697326660156,0.22115103565036223,-1.7337345832807787,-86.56779545539972,3.536809,0.4327183,6.725607,6.6691046,-8.712116,0.0,4.9569836,-0.85306954,-9.192605,6.6232243,-10.715268,0.0,1.184309,1.8339247,-0.10704026,0.15927455,-8.58668,14.348066,22.747908,-22.994646,-47.437153,24.411726,13.25915,-12.210748,11.000679,-23.168917,15.617775,-134.99997,0.6536246,6.068798,-7.6581373
588,-0.2619116008281708,1.090298056602478,66.50680541992188,0.22138453725067195,-1.7351269524645236,-86.56633220984463,3.5349987,0.4309025,6.7245226,6.6720057,-8.71171,0.0,4.956423,-0.8552697,-9.193966,6.62528,-10.715038,0.0,1.1881166,1.8306661,-0.1095511,0.1549849,-8.587161,14.325472,22.748314,-22.986609,-47.44916,24.437056,13.234875,-12.210748,10.979068,-23.169214,15.621903,-134.99997,0.715803,6.0483522,-7.6285233
589,-0.258176326751709,1.090161919593811,66.5069351196289,0.22297120180217173,-1.7384627909061852,-86.56166405552236,3.5370436,0.42649207,6.7208004,6.67322,-8.7117,0.0,4.9608684,-0.8596426,-9.197476,6.6260743,-10.716522,0.0,1.1886083,1.8281583,-0.11034629,0.15491264,-8.587117,14.318411,22.748354,-22.980885,-47.453392,24.440172,13.230794,-12.210748,10.972199,-23.169928,15.621668,-134.99997,0.71913433,6.043813,-7.6277943
590,-0.25616317987442017,1.0882229804992676,66.50634002685547,0.22697371776557232,-1.744660156556148,-86.553021182967,3.5413237,0.42117003,6.7116365,6.676231,-8.712692,0.0,4.9718866,-0.8645054,-9.2052765,6.6240244,-10.719145,0.0,1.1844091,1.830793,-0.1122933,0.15185414,-8.584277,14.28125,22.749403,-22.963264,-47.459927,24.481926,13.201174,-12.210748,10.942295,-23.170397,15.628712,-134.99997,0.73761755,5.985238,-7.6303387
591,-0.25242123007774353,1.0915043354034424,66.507080078125,0.22887837739713354,-1.750085775225025,-86.54528293752142,3.5423038,0.41616875,6.7043896,6.6757526,-8.7078705,0.0,4.9773703,-0.8690317,-9.211644,6.621903,-10.71675,0.0,1.1812263,1.831078,-0.11200585,0.15092285,-8.583132,14.261167,22.750315,-22.950104,-47.46785,24.494335,13.187884,-12.210748,10.927297,-23.170498,15.635817,-134.99997,0.7344854,5.957301,-7.639363
592,-0.24823708832263947,1.0917831659317017,66.50731658935547,0.23063376866564292,-1.7543305878379556,-86.54030007446588,3.544494,0.41124353,6.6999536,6.6776032,-8.707792,0.0,4.982629,-0.87393576,-9.215576,6.621737,-10.717103,0.0,1.1802976,1.8288409,-0.11018686,0.15070023,-8.582829,14.249444,22.750944,-22.943357,-47.47525,24.496386,13.180819,-12.210748,10.919115,-23.1706,15.639579,-134.99997,0.7333324,5.9458494,-7.642795
593,-0.24463893473148346,1.097324013710022,66.50739288330078,0.2299645311138187,-1.7580130976511816,-86.5385316262272,3.543738,0.40869823,6.698183,6.676111,-8.701993,0.0,4.9831448,-0.8763925,-9.217271,6.619319,-10.711004,0.0,1.1817291,1.8244807,-0.10606383,0.15059717,-8.582652,14.236433,22.751535,-22.940168,-47.485558,24.492199,13.172732,-12.210748,10.910623,-23.171364,15.6435175,-134.99997,0.7335544,5.9351254,-7.6450124
594,-0.2410440444946289,1.0970308780670166,66.5078353881836,0.22977469694182612,-1.7603235290027268,-86.53841162417572,3.5460143,0.4061599,6.698232,6.6769514,-8.70283,0.0,4.9855676,-0.87923527,-9.217321,6.61962,-10.710789,0.0,1.1829541,1.8202854,-0.10282069,0.1506037,-8.582657,14.234818,22.751741,-22.940332,-47.487003,24.491156,13.171856,-12.210748,10.909865,-23.171732,15.643926,-134.99997,0.733677,5.934444,-7.6450105
595,-0.2382054477930069,1.0981998443603516,66.5072250366211,0.22585392889928302,-1.7628079019776979,-86.5401385661728,3.5400743,0.40841657,6.698277,6.6944976,-8.712044,0.0,4.9869943,-0.8780653,-9.216915,6.618451,-10.708038,0.0,1.1901509,1.8111458,-0.091472276,0.16101913,-8.593754,14.216968,22.7508,-22.93647,-47.557182,24.359198,13.169768,-12.210748,10.895337,-23.174004,15.65858,-134.99997,0.75666606,5.9114823,-7.6423035
596,-0.2380545437335968,1.1008182764053345,66.50763702392578,0.22578290633864093,-1.7647484856544542,-86.53947356761371,3.5386045,0.40825975,6.697481,6.6960645,-8.710277,0.0,4.9857607,-0.8785543,-9.218186,6.620606,-10.706853,0.0,1.1920387,1.8063676,-0.088156626,0.17146505,-8.606915,14.217951,22.749493,-22.937452,-47.56703,24.309372,13.148233,-12.210748,10.886951,-23.175777,15.668402,-134.99997,0.7743337,5.9202366,-7.6432886
597,-0.2340843230485916,1.101998209953308,66.50833129882812,0.22776442301928057,-1.76599937395874,-86.53558679152681,3.5387745,0.40287867,6.694252,6.69416,-8.708042,0.0,4.9865613,-0.8838385,-9.222122,6.621362,-10.706482,0.0,1.1905526,1.804557,-0.09048136,0.18513562,-8.633996,14.207867,22.744888,-22.929787,-47.563362,24.262726,13.128415,-12.210748,10.877941,-23.179787,15.691549,-134.99997,0.8035239,5.927952,-7.664001
598,-0.22985588014125824,1.1047574281692505,66.50823974609375,0.23015506931807164,-1.766628962894258,-86.52993161908091,3.5380726,0.3965653,6.689705,6.689251,-8.702822,0.0,4.985731,-0.8898005,-9.227697,6.621916,-10.704851,0.0,1.1871881,1.8046058,-0.096682854,0.1739971,-8.633727,14.19082,22.742954,-22.91545,-47.559185,24.224297,13.123305,-12.210748,10.875084,-23.179663,15.690351,-134.99997,0.8262528,5.929116,-7.6707683
599,-0.22571903467178345,1.1076380014419556,66.50802612304688,0.23427209012023564,-1.767792037053578,-86.5245602208657,3.5381012,0.38862684,6.6852665,6.6836104,-8.6971245,0.0,4.9861684,-0.89723694,-9.233089,6.6217012,-10.703243,0.0,1.1835418,1.8058106,-0.1029228,0.16147609,-8.63279,14.174899,22.741161,-22.902395,-47.555424,24.195072,13.119009,-12.210748,10.873676,-23.179321,15.686933,-134.99997,0.8487086,5.9310007,-7.677302
600,-0.22328226268291473,1.1094013452529907,66.50786590576172,0.2373489484564195,-1.7706662635492127,-86.52138880190878,3.5413246,0.3830227,6.6822906,6.677661,-8.692231,0.0,4.988257,-0.90237767,-9.236495,6.622214,-10.702538,0.0,1.1814225,1.8076448,-0.10535376,0.15437105,-8.636705,14.165431,22.739828,-22.897007,-47.560318,24.181126,13.115338,-12.210748,10.872863,-23.178955,15.681094,-134.99997,0.8675928,5.93585,-7.679457
601,-0.2216392457485199,1.1108757257461548,66.50829315185547,0.23895188731898578,-1.7759805313999504,-86.52185215033218,3.5470462,0.37945762,6.681803,6.6737876,-8.689266,0.0,4.990324,-0.9059253,-9.236644,6.625806,-10.702685,0.0,1.1814106,1.8105077,-0.10275417,0.15526001,-8.6497345,14.164593,22.739056,-22.901373,-47.577698,24.190407,13.112378,-12.210748,10.872352,-23.178543,15.672454,-134.99997,0.88074315,5.9440284,-7.6757364
602,-0.21912525594234467,1.1121492385864258,66.50890350341797,0.23911014960442126,-1.783066583475036,-86.52464946269211,3.5563118,0.37635636,6.6830254,6.6678042,-8.685925,0.0,4.993929,-0.90889955,-9.234613,6.6293364,-10.702458,0.0,1.1824925,1.8145082,-0.09735164,0.16037449,-8.667573,14.1695795,22.738503,-22.910807,-47.60266,24.21641,13.110243,-12.210748,10.872971,-23.178051,15.662248,-134.99997,0.8906897,5.9547915,-7.669266
603,-0.2146388441324234,1.114093542098999,66.50978088378906,0.23988966051196514,-1.7905260902165445,-86.52762641643166,3.564766,0.3712508,6.684627,6.663508,-8.683168,0.0,4.997584,-0.9140594,-9.232168,6.632543,-10.701347,0.0,1.1840547,1.8185917,-0.09025311,0.16614066,-8.682574,14.1779995,22.738043,-22.922628,-47.63037,24.24596,13.109052,-12.210748,10.874306,-23.177568,15.652602,-134.99997,0.90130705,5.9674797,-7.662986
604,-0.21088658273220062,1.1170533895492554,66.50965118408203,0.24018461245542744,-1.7969546512273813,-86.52851120902994,3.5688968,0.36759195,6.6850514,6.663683,-8.681415,0.0,5.000745,-0.91790354,-9.2313,6.633764,-10.698877,0.0,1.1855736,1.8214545,-0.08244368,0.16963057,-8.69106,14.18695,22.737816,-22.938206,-47.656567,24.267607,13.108602,-12.210748,10.876395,-23.177118,15.641769,-134.99997,0.91573566,5.9825916,-7.6569705
605,-0.20776866376399994,1.120636224746704,66.50945281982422,0.2411718380328428,-1.8021612570492975,-86.52623480867044,3.567717,0.36440834,6.6836376,6.6698065,-8.681268,0.0,5.0044227,-0.9214233,-9.232862,6.63145,-10.694704,0.0,1.187158,1.8224345,-0.07377901,0.17076987,-8.691986,14.1954975,22.737608,-22.955997,-47.680542,24.275526,13.1102295,-12.210748,10.87959,-23.176914,15.631937,-134.99997,0.9346591,6.0005198,-7.6532464
606,-0.20435389876365662,1.1232320070266724,66.50945281982422,0.241040356433651,-1.8066533287435558,-86.52218573399365,3.563847,0.36256215,6.6813006,6.681049,-8.684061,0.0,5.0095468,-0.9237487,-9.235543,6.627399,-10.690879,0.0,1.1889532,1.8223584,-0.063881665,0.1715324,-8.689515,14.205193,22.737417,-22.974905,-47.70291,24.278294,13.111541,-12.210748,10.883852,-23.176735,15.623072,-134.99997,0.9557274,6.021285,-7.650304
607,-0.2000970095396042,1.1249423027038574,66.50957489013672,0.24186835663559506,-1.8107788076889348,-86.51789968407816,3.5597372,0.35931823,6.6789217,6.6935396,-8.688337,0.0,5.014238,-0.92773855,-9.238354,6.6248035,-10.688341,0.0,1.1905135,1.8221874,-0.053552337,0.17185514,-8.684063,14.216601,22.737347,-22.996443,-47.72485,24.282053,13.113389,-12.210748,10.888076,-23.1766,15.613399,-134.99997,0.9779677,6.0426264,-7.646549
608,-0.19753210246562958,1.1274232864379883,66.50975036621094,0.24196364807613743,-1.8146499575272843,-86.51485333444681,3.5570757,0.3576576,6.677305,6.70197,-8.690342,0.0,5.0165915,-0.9299524,-9.2404585,6.624849,-10.686578,0.0,1.1914619,1.822843,-0.043872435,0.17180674,-8.678108,14.228896,22.737339,-23.021265,-47.745483,24.292477,13.116682,-12.210748,10.890718,-23.176315,15.601297,-134.99997,0.99778545,6.0595446,-7.642225
609,-0.1934809386730194,1.1315003633499146,66.51068878173828,0.24018535727692122,-1.8184504997579791,-86.51364249735602,3.557343,0.3559087,6.677338,6.7010026,-8.686372,0.0,5.0161314,-0.9319578,-9.241206,6.626182,-10.6830635,0.0,1.1915798,1.8254429,-0.034482166,0.17178863,-8.673141,14.239772,22.737293,-23.045204,-47.763474,24.312855,13.124804,-12.210748,10.891105,-23.175838,15.586368,-134.99997,1.0146425,6.068614,-7.634862
610,-0.18988695740699768,1.1345264911651611,66.51092529296875,0.237970013873712,-1.8218872431583235,-86.51357438246707,3.56012,0.3546882,6.678293,6.6969466,-8.682303,0.0,5.0153117,-0.9332959,-9.241191,6.629381,-10.681427,0.0,1.191013,1.8290225,-0.025370706,0.17190419,-8.666375,14.249024,22.737122,-23.065098,-47.779793,24.34106,13.140531,-12.210748,10.89094,-23.175287,15.56801,-134.99997,1.0278844,6.0721626,-7.6212945
611,-0.1871730238199234,1.136387586593628,66.51089477539062,0.23422051032424698,-1.825073389600338,-86.5136309993706,3.5644588,0.3554282,6.6789627,6.6908617,-8.677998,0.0,5.0148997,-0.9324489,-9.2410965,6.6335554,-10.681538,0.0,1.1899079,1.8324449,-0.016954552,0.17060801,-8.6628,14.258314,22.736622,-23.0836,-47.79321,24.365124,13.156636,-12.210748,10.891024,-23.17455,15.545399,-134.99997,1.0376182,6.074648,-7.6083736
612,-0.1846429705619812,1.1383168697357178,66.51077270507812,0.23306088459207494,-1.827965030314192,-86.51294539910927,3.5678022,0.35387805,6.678303,6.686093,-8.674224,0.0,5.0150557,-0.9337941,-9.2416935,6.6359897,-10.680838,0.0,1.1880068,1.8344287,-0.009948877,0.16554613,-8.662533,14.269741,22.736038,-23.099442,-47.803963,24.381952,13.16892,-12.210748,10.891785,-23.173813,15.528466,-134.99997,1.0475024,6.082062,-7.6020513
613,-0.18011611700057983,1.1404811143875122,66.51148986816406,0.23384266892527172,-1.8304306888182957,-86.51139098987613,3.5699568,0.34880137,6.6758585,6.6816683,-8.670091,0.0,5.0162525,-0.9384071,-9.242813,6.635509,-10.678508,0.0,1.1854148,1.8341328,-0.004855692,0.1564272,-8.664287,14.284592,22.735592,-23.115057,-47.81246,24.383698,13.174586,-12.210748,10.893902,-23.173428,15.520691,-134.99997,1.0606325,6.1003075,-7.606272
614,-0.1763077676296234,1.1442551612854004,66.51187133789062,0.23690196346326975,-1.8325950092629402,-86.5091765930077,3.5708857,0.34191868,6.671983,6.6763206,-8.664047,0.0,5.0172276,-0.9444803,-9.244597,6.631968,-10.673355,0.0,1.1822591,1.8323224,-0.0011638562,0.14604877,-8.666851,14.301225,22.73536,-23.133038,-47.819195,24.377125,13.176647,-12.210748,10.897617,-23.172968,15.515667,-134.99997,1.0728501,6.124531,-7.6163383
615,-0.17364628612995148,1.1479763984680176,66.51201629638672,0.23921694392586648,-1.834517553097046,-86.50692121315933,3.5709112,0.33667725,6.6680284,6.6719594,-8.658216,0.0,5.0178323,-0.9489579,-9.246532,6.6288795,-10.668667,0.0,1.1782427,1.8302821,0.0017107475,0.13856101,-8.668179,14.316622,22.735207,-23.149496,-47.822613,24.377193,13.179268,-12.210748,10.901116,-23.1727,15.5121565,-134.99997,1.084681,6.147239,-7.6269655
616,-0.17012986540794373,1.149580478668213,66.51290893554688,0.2413736499949868,-1.8363870141870435,-86.50486135879109,3.572258,0.33120307,6.665151,6.6688633,-8.655131,0.0,5.0193715,-0.953983,-9.248448,6.6280937,-10.667086,0.0,1.1731799,1.8291523,0.0047732065,0.1285082,-8.6682625,14.332647,22.735207,-23.164986,-47.82529,24.401485,13.182097,-12.210748,10.903179,-23.172453,15.508953,-134.99997,1.0955774,6.1611476,-7.636909
617,-0.16703347861766815,1.1511632204055786,66.51299285888672,0.24212146622064776,-1.8380555889909616,-86.50275455317392,3.572814,0.3276541,6.663592,6.667375,-8.653153,0.0,5.0189066,-0.95766246,-9.250888,6.630321,-10.666641,0.0,1.1660933,1.8291126,0.007538358,0.117316455,-8.665049,14.348005,22.735332,-23.175123,-47.82584,24.467295,13.187697,-12.210748,10.902635,-23.17237,15.506311,-134.99997,1.1073046,6.161997,-7.6461864
618,-0.16167007386684418,1.1530863046646118,66.51304626464844,0.24372004167316028,-1.8394719953085408,-86.50064625993646,3.5722442,0.32172287,6.6629915,6.666859,-8.651578,0.0,5.0173554,-0.96415234,-9.253589,6.634166,-10.666616,0.0,1.1575043,1.8295916,0.009785114,0.10519673,-8.658092,14.362504,22.735714,-23.183949,-47.82803,24.56277,13.200051,-12.210748,10.90162,-23.17235,15.503518,-134.99997,1.1191409,6.1543803,-7.655838
619,-0.15631993114948273,1.155864953994751,66.51278686523438,0.24366138958069333,-1.8410838887877188,-86.49890828626906,3.5712547,0.3173413,6.662961,6.667,-8.64998,0.0,5.0153055,-0.9690926,-9.255749,6.6384444,-10.666321,0.0,1.1491089,1.8305051,0.012583464,0.09253529,-8.648867,14.376398,22.736332,-23.192917,-47.83302,24.65631,13.218769,-12.210748,10.900837,-23.172382,15.500501,-134.99997,1.1284612,6.1429586,-7.663165
620,-0.15311327576637268,1.159188985824585,66.51298522949219,0.24442287693084713,-1.8431876873361803,-86.49818469390115,3.5693321,0.31393296,6.6632004,6.668981,-8.648427,0.0,5.0139394,-0.9729174,-9.256581,6.6396637,-10.663561,0.0,1.1425599,1.8316227,0.017025882,0.07965468,-8.640386,14.391359,22.736938,-23.204496,-47.842045,24.713718,13.241238,-12.210748,10.901287,-23.172447,15.497,-134.99997,1.1318054,6.133516,-7.665741
621,-0.15022701025009155,1.1610392332077026,66.51361846923828,0.24427986792960457,-1.846137381616886,-86.49913438988143,3.5691383,0.31169957,6.6641464,6.6724987,-8.6489,0.0,5.0148363,-0.97542495,-9.254897,6.6401477,-10.661617,0.0,1.1389741,1.833022,0.024468074,0.065985195,-8.635075,14.40986,22.737196,-23.221714,-47.855644,24.716797,13.262924,-12.210748,10.904704,-23.172564,15.492675,-134.99997,1.1311356,6.128343,-7.6582227
622,-0.14778894186019897,1.1655714511871338,66.51374053955078,0.24303394634498116,-1.8496857677322893,-86.50128978714072,3.5672753,0.3107263,6.665848,6.6769333,-8.647832,0.0,5.0147777,-0.9765092,-9.251485,6.6379266,-10.655583,0.0,1.1372882,1.8346804,0.033927508,0.05135464,-8.633816,14.432256,22.73698,-23.245052,-47.870296,24.685032,13.2790575,-12.210748,10.909187,-23.172646,15.487402,-134.99997,1.1260526,6.123354,-7.6439886
623,-0.14410117268562317,1.1677485704421997,66.51403045654297,0.243026547440396,-1.853282814716409,-86.50335434675436,3.566936,0.3077829,6.667448,6.682546,-8.64946,0.0,5.0168004,-0.9796399,-9.247944,6.635877,-10.651602,0.0,1.1362132,1.8365183,0.043411303,0.036961064,-8.635653,14.456391,22.73642,-23.279922,-47.883846,24.641562,13.28912,-12.210748,10.914461,-23.172745,15.479347,-134.99997,1.1120883,6.119611,-7.6295547
624,-0.14034107327461243,1.1688824892044067,66.51421356201172,0.24233770643489153,-1.856520658989701,-86.50393321731627,3.567327,0.30545282,6.668126,6.6872177,-8.651394,0.0,5.0193367,-0.98212105,-9.246015,6.635115,-10.649756,0.0,1.1336274,1.8386323,0.050518055,0.025669869,-8.638902,14.475218,22.736116,-23.308992,-47.887413,24.612055,13.296069,-12.210748,10.918329,-23.172848,15.471153,-134.99997,1.0838343,6.1183677,-7.623085
625,-0.13694491982460022,1.1719739437103271,66.51464080810547,0.2421436496517008,-1.858920248222653,-86.50203959279887,3.5658205,0.30284074,6.667294,6.6887846,-8.649386,0.0,5.019932,-0.9847739,-9.246865,6.6340675,-10.646577,0.0,1.1286924,1.8408223,0.053815152,0.020275204,-8.643637,14.48878,22.736109,-23.330927,-47.882767,24.595531,13.306558,-12.210748,10.919391,-23.17285,15.463204,-134.99997,1.0300066,6.118359,-7.6317825
626,-0.13259707391262054,1.1709932088851929,66.51531219482422,0.2407406661442693,-1.8608948261749396,-86.49850669717942,3.5666566,0.30084148,6.6654043,6.6913304,-8.651303,0.0,5.023422,-0.9868089,-9.249216,6.634205,-10.647788,0.0,1.1226385,1.8431596,0.054806914,0.021308947,-8.649944,14.498701,22.736343,-23.35117,-47.874,24.580687,13.321601,-12.210748,10.919052,-23.172947,15.453893,-134.99997,0.95637614,6.121461,-7.649444
627,-0.12775439023971558,1.174422025680542,66.51537322998047,0.2398053936410985,-1.8631311215693112,-86.49513172080499,3.5653045,0.2976946,6.6637697,6.6914353,-8.648463,0.0,5.023914,-0.9899125,-9.251601,6.633168,-10.644496,0.0,1.116688,1.8458651,0.055557888,0.026926063,-8.656066,14.506725,22.736692,-23.368826,-47.86299,24.569757,13.336126,-12.210748,10.91766,-23.173107,15.443542,-134.99997,0.88133895,6.1263094,-7.6696653
628,-0.12400829792022705,1.178347110748291,66.51521301269531,0.2404156948598499,-1.8662185329535692,-86.49373537261037,3.5655851,0.29371545,6.663309,6.6896377,-8.644373,0.0,5.024148,-0.9938176,-9.252419,6.6324954,-10.640536,0.0,1.1122462,1.8490802,0.057877105,0.03369928,-8.659471,14.515167,22.737045,-23.384531,-47.853554,24.563484,13.346576,-12.210748,10.917688,-23.173315,15.432322,-134.99997,0.82562137,6.1338506,-7.6845436
629,-0.11848294734954834,1.1808112859725952,66.51509094238281,0.2420372578054755,-1.8717576840958494,-86.49508026381747,3.5709453,0.2871547,6.664538,6.6862755,-8.641425,0.0,5.0268993,-1.0003809,-9.250763,6.6334805,-10.637969,0.0,1.109589,1.8540282,0.06223979,0.038809534,-8.656843,14.525875,22.737286,-23.398623,-47.847286,24.563293,13.3502035,-12.210748,10.92007,-23.17341,15.420551,-134.99997,0.7940029,6.141777,-7.6928477
630,-0.11520911753177643,1.1844528913497925,66.51497650146484,0.24290971680359233,-1.879013880876324,-86.49814104172424,3.5780659,0.28275663,6.6666536,6.681768,-8.637186,0.0,5.028873,-1.0047764,-9.247824,6.6364202,-10.63511,0.0,1.1079954,1.8602984,0.06761458,0.041789494,-8.647394,14.538155,22.737394,-23.411077,-47.84265,24.568758,13.348681,-12.210748,10.924517,-23.173302,15.408619,-134.99997,0.7782528,6.150074,-7.6976347
631,-0.11320064961910248,1.1857831478118896,66.5157470703125,0.24496455002409823,-1.8848720503078131,-86.50182325067449,3.5857053,0.27833858,6.669186,6.676909,-8.634376,0.0,5.0315113,-1.0091066,-9.244458,6.6390777,-10.63417,0.0,1.1076202,1.8653517,0.073958136,0.043093465,-8.633056,14.550401,22.737679,-23.426344,-47.840424,24.57748,13.345305,-12.210748,10.931299,-23.172853,15.392332,-134.99997,0.77689326,6.1609964,-7.6995354
632,-0.10863501578569412,1.1889749765396118,66.5165786743164,0.2456644160508536,-1.8861473770688697,-86.50495382569865,3.5869062,0.2732347,6.671979,6.6726294,-8.630575,0.0,5.0288568,-1.0141563,-9.241204,6.639521,-10.630007,0.0,1.1077989,1.8666714,0.08130189,0.043604013,-8.619971,14.560257,22.737846,-23.435476,-47.83443,24.587297,13.342705,-12.210748,10.936262,-23.17267,15.381769,-134.99997,0.7916901,6.175826,-7.6999516
633,-0.10510608553886414,1.1928550004959106,66.51689147949219,0.2465898493005861,-1.880642747727927,-86.50713924799426,3.5795438,0.2689639,6.6746097,6.6700764,-8.626736,0.0,5.019911,-1.0183601,-9.238568,6.6383476,-10.624908,0.0,1.1092482,1.8623016,0.09017946,0.044187132,-8.611352,14.566902,22.738256,-23.445158,-47.827477,24.597523,13.341684,-12.210748,10.941478,-23.172693,15.370609,-134.99997,0.8350985,6.2012315,-7.7003856
634,-0.10272539407014847,1.196534276008606,66.51713562011719,0.24819637553115226,-1.870605976035032,-86.5089127525408,3.5672,0.2651045,6.6772475,6.6689315,-8.623814,0.0,5.0070124,-1.0221444,-9.236172,6.6363845,-10.619782,0.0,1.1118721,1.8539323,0.100415744,0.04489126,-8.608038,14.570978,22.738941,-23.455269,-47.8188,24.611113,13.339986,-12.210748,10.946347,-23.172878,15.359276,-134.99997,0.9018273,6.2338047,-7.6998043
635,-0.10061423480510712,1.1978812217712402,66.51734161376953,0.2476520480428577,-1.8704213172974238,-86.50889410530905,3.5656724,0.26375774,6.6774764,6.669268,-8.623289,0.0,5.005722,-1.0234907,-9.235971,6.636076,-10.618056,0.0,1.1119404,1.8543463,0.10254462,0.044891745,-8.608038,14.571082,22.73905,-23.455368,-47.818703,24.611124,13.340037,-12.210748,10.946353,-23.173023,15.358997,-134.99997,0.9020724,6.2339296,-7.6998596
636,-0.09687545150518417,1.201124906539917,66.51834106445312,0.24738744107007635,-1.8505669516348466,-86.51339446090657,3.5439699,0.26068056,6.6835957,6.6687465,-8.621443,0.0,4.9822016,-1.0268371,-9.231121,6.634759,-10.612621,0.0,1.118221,1.837823,0.1211193,0.046032477,-8.610759,14.580462,22.739813,-23.469585,-47.808037,24.628117,13.341634,-12.210748,10.951219,-23.173414,15.344294,-134.99997,1.010738,6.287762,-7.701726
637,-0.09446975588798523,1.20356285572052,66.51873779296875,0.24519312845399427,-1.8455523877519748,-86.51658868558056,3.5375872,0.26067775,6.6874895,6.669291,-8.620936,0.0,4.972858,-1.0274172,-9.228938,6.6376038,-10.610782,0.0,1.1220202,1.8336978,0.13135332,0.046994716,-8.611829,14.589788,22.740154,-23.482145,-47.816853,24.628128,13.349831,-12.210748,10.951047,-23.173326,15.332488,-134.99997,1.0159757,6.2985315,-7.6999145
638,-0.09163381159305573,1.206752896308899,66.51888275146484,0.24160467818557615,-1.8422895099118752,-86.52022759904139,3.531926,0.2617881,6.691882,6.670266,-8.619798,0.0,4.963993,-1.0272101,-9.226937,6.6411767,-10.608324,0.0,1.1264632,1.8310541,0.14193666,0.047952067,-8.610895,14.604071,22.740255,-23.500463,-47.833244,24.623167,13.358806,-12.210748,10.948933,-23.17274,15.315652,-134.99997,0.98878604,6.2990637,-7.696952
639,-0.0898374393582344,1.2114007472991943,66.51893615722656,0.23801628559427174,-1.8393860435768328,-86.52415714531007,3.5264864,0.26350582,6.69638,6.6692057,-8.6164,0.0,4.954891,-1.0261176,-9.224724,6.643195,-10.603891,0.0,1.1305689,1.8291993,0.15139295,0.049055196,-8.60708,14.618213,22.740133,-23.515278,-47.84906,24.622309,13.36602,-12.210748,10.945286,-23.172195,15.298334,-134.99997,0.9512781,6.296309,-7.689248
640,-0.08732672780752182,1.2154403924942017,66.51935577392578,0.2359159345258588,-1.8352882890747697,-86.52812815868495,3.5200956,0.2631652,6.7006984,6.668886,-8.614087,0.0,4.9458766,-1.0268415,-9.221675,6.6441393,-10.599646,0.0,1.1339792,1.8279096,0.15841797,0.048460227,-8.604887,14.625553,22.740196,-23.526217,-47.85695,24.625887,13.372849,-12.210748,10.942552,-23.171585,15.281038,-134.99997,0.9360367,6.296469,-7.6836762
641,-0.08352383971214294,1.2184826135635376,66.51947784423828,0.23629056174023325,-1.8295106750905774,-86.5323583762444,3.513389,0.25927502,6.7048936,6.6670623,-8.611793,0.0,4.9370737,-1.0307161,-9.217208,6.6423793,-10.594519,0.0,1.1365786,1.8268676,0.16238134,0.04623723,-8.606069,14.625357,22.74062,-23.528158,-47.854446,24.639502,13.379392,-12.210748,10.941929,-23.17107,15.2683,-134.99997,0.95778257,6.3043756,-7.6824083
642,-0.08099580556154251,1.2205603122711182,66.52030944824219,0.23719855527517322,-1.8228768269288353,-86.5366921195221,3.5060792,0.25582162,6.7088304,6.666196,-8.610612,0.0,4.929228,-1.0337996,-9.2120075,6.638205,-10.589049,0.0,1.1386068,1.8266115,0.16389051,0.043351233,-8.609206,14.6210575,22.741055,-23.522882,-47.846424,24.658293,13.386123,-12.210748,10.940915,-23.170607,15.263514,-134.99997,1.003209,6.315565,-7.6882405
643,-0.0782395452260971,1.2235063314437866,66.52064514160156,0.23809633135059474,-1.815926515629094,-86.54111212778196,3.4981902,0.25207266,6.71283,6.664184,-8.608063,0.0,4.9205794,-1.037062,-9.206554,6.633934,-10.58299,0.0,1.1399053,1.8265374,0.16438593,0.04174233,-8.611371,14.617256,22.74139,-23.520319,-47.83477,24.677275,13.38541,-12.210748,10.938851,-23.170588,15.261866,-134.99997,1.0444007,6.32433,-7.695033
644,-0.0754019096493721,1.2284023761749268,66.52139282226562,0.23841048757343059,-1.8090118749471937,-86.54552287903496,3.4893126,0.24875462,6.716993,6.661178,-8.603484,0.0,4.9095826,-1.0400834,-9.201572,6.630785,-10.575619,0.0,1.1402253,1.8268257,0.1654517,0.03844427,-8.616222,14.610914,22.741888,-23.516264,-47.82482,24.68645,13.387393,-12.210748,10.935443,-23.170416,15.260308,-134.99997,1.0648347,6.325272,-7.6991415
645,-0.07572321593761444,1.2336137294769287,66.52159881591797,0.23870683039482204,-1.8023322000537594,-86.54954228172976,3.4805892,0.24800965,6.7206774,6.65744,-8.5977955,0.0,4.896741,-1.0408341,-9.197829,6.631666,-10.570555,0.0,1.1385818,1.8272558,0.16647206,0.024153767,-8.640061,14.602889,22.742647,-23.504639,-47.81302,24.675331,13.387526,-12.210748,10.92918,-23.169477,15.254848,-134.99997,1.0398835,6.310562,-7.695265
646,-0.07531700283288956,1.2374475002288818,66.52246856689453,0.23933584747767653,-1.7956347420719585,-86.55348956938441,3.4730783,0.24647014,6.724228,6.6534004,-8.59308,0.0,4.8842845,-1.0425599,-9.194451,6.6340537,-10.567278,0.0,1.135546,1.8277773,0.16738339,0.019843355,-8.647773,14.599252,22.743078,-23.502855,-47.802505,24.662268,13.379539,-12.210748,10.920726,-23.169243,15.254048,-134.99997,0.9927459,6.2873187,-7.6910725
647,-0.07491752505302429,1.239295244216919,66.5228271484375,0.23824936403122096,-1.788826219842069,-86.55773836183037,3.4667842,0.24670967,6.728247,6.650872,-8.591119,0.0,4.8728027,-1.0426351,-9.190768,6.6375985,-10.566203,0.0,1.1326863,1.828617,0.16872297,0.012774425,-8.660501,14.592896,22.74371,-23.500217,-47.79073,24.644659,13.370278,-12.210748,10.911813,-23.168926,15.25235,-134.99997,0.9420017,6.263315,-7.6863956
648,-0.07222703844308853,1.2402923107147217,66.52323913574219,0.23736671802788023,-1.782252549824246,-86.56268675710926,3.459792,0.2452843,6.733508,6.651988,-8.592015,0.0,4.8634167,-1.044523,-9.186093,6.639332,-10.564902,0.0,1.131611,1.8297288,0.17136161,0.004776987,-8.674754,14.585629,22.744387,-23.497686,-47.780094,24.630568,13.362279,-12.210748,10.904579,-23.168629,15.250093,-134.99997,0.9173718,6.249596,-7.684674
649,-0.07144960016012192,1.2377798557281494,66.52342224121094,0.23655092506948902,-1.7760574205649469,-86.56914429569053,3.454167,0.24577765,6.740735,6.658401,-8.59886,0.0,4.8574467,-1.0446597,-9.179785,6.639597,-10.565408,0.0,1.1334195,1.8310868,0.17612566,-0.0029370661,-8.687007,14.578154,22.74504,-23.49643,-47.772087,24.62255,13.357171,-12.210748,10.90032,-23.168278,15.248142,-134.99997,0.9371047,6.2516823,-7.6890516
650,-0.07218386977910995,1.2427997589111328,66.52335357666016,0.23695791069448224,-1.7701024866148418,-86.57661206787654,3.4428718,0.24611206,6.749649,6.6639557,-8.598794,0.0,4.8479376,-1.0446954,-9.172648,6.633406,-10.555913,0.0,1.1371157,1.832662,0.18260273,-0.021528902,-8.711358,14.566952,22.746777,-23.49881,-47.764114,24.619312,13.353641,-12.210748,10.898233,-23.166536,15.24953,-134.99997,0.9930294,6.264844,-7.6983714
651,-0.0723443552851677,1.247470498085022,66.52375030517578,0.23643303203779373,-1.7640298094700282,-86.58376556426975,3.4316733,0.24687503,6.758164,6.669039,-8.598506,0.0,4.8382745,-1.04434,-9.165748,6.628157,-10.547217,0.0,1.1408728,1.834558,0.18910392,-0.023280498,-8.713244,14.561158,22.74723,-23.50008,-47.761696,24.617943,13.351277,-12.210748,10.896134,-23.166374,15.249631,-134.99997,1.0435419,6.278936,-7.7076564
652,-0.07381077110767365,1.2525348663330078,66.52455139160156,0.23751305440455037,-1.7575864856703198,-86.5891451761858,3.4204047,0.24701121,6.764304,6.6717076,-8.5960655,0.0,4.8273234,-1.0445504,-9.160844,6.6248007,-10.539623,0.0,1.1430993,1.8370111,0.19450311,-0.025488267,-8.71888,14.552453,22.74787,-23.501871,-47.75909,24.617899,13.34896,-12.210748,10.891791,-23.166075,15.250804,-134.99997,1.0735021,6.286987,-7.7172713
653,-0.0722571462392807,1.257041335105896,66.5252685546875,0.23672176395337916,-1.7502080414533916,-86.59173569611657,3.4096265,0.24630405,6.7670856,6.671879,-8.592899,0.0,4.8150845,-1.0455798,-9.158557,6.6250844,-10.534828,0.0,1.1434186,1.8401605,0.1982299,-0.027344503,-8.730532,14.542114,22.748537,-23.50328,-47.75684,24.622604,13.346449,-12.210748,10.883062,-23.165894,15.252255,-134.99997,1.0671633,6.2857814,-7.7262754
654,-0.07081319391727448,1.2595266103744507,66.52587890625,0.2358095298051298,-1.7423794845102794,-86.59246783031654,3.4002206,0.24579811,6.767524,6.670828,-8.5903015,0.0,4.804402,-1.0462605,-9.158196,6.625515,-10.532108,0.0,1.142721,1.8440212,0.20113942,-0.027737832,-8.736796,14.53158,22.7492,-23.50326,-47.75758,24.629076,13.346136,-12.210748,10.87233,-23.16576,15.253531,-134.99997,1.0430012,6.2797565,-7.733868
655,-0.07102072983980179,1.261521577835083,66.5263442993164,0.2354429324849286,-1.7346507163281861,-86.59302011306647,3.3902695,0.24620123,6.7674584,6.671133,-8.588353,0.0,4.7935495,-1.0461694,-9.158126,6.628043,-10.531494,0.0,1.1410713,1.8481112,0.20348714,-0.027783738,-8.741723,14.521669,22.74987,-23.502573,-47.758915,24.633251,13.3449,-12.210748,10.862269,-23.165583,15.255109,-134.99997,1.0151422,6.2725244,-7.7394066
656,-0.07022125273942947,1.2634897232055664,66.5267105102539,0.23438525349046527,-1.7280273244734248,-86.59494598704094,3.3829148,0.24630871,6.768919,6.669748,-8.586286,0.0,4.784554,-1.0461233,-9.156633,6.627977,-10.528885,0.0,1.1386245,1.8524354,0.20554394,-0.027724536,-8.743309,14.515003,22.750675,-23.502298,-47.761448,24.632433,13.342954,-12.210748,10.85722,-23.165121,15.257252,-134.99997,1.0022116,6.26824,-7.7407427
657,-0.0744234025478363,1.2705185413360596,66.52668762207031,0.23497932188995535,-1.7210968141568126,-86.5991624067743,3.373816,0.24827456,6.7724733,6.6625166,-8.576643,0.0,4.766881,-1.0444776,-9.153226,6.634733,-10.52543,0.0,1.1344986,1.8558577,0.20625223,-0.023739818,-8.777874,14.499331,22.75152,-23.503647,-47.75983,24.60946,13.339309,-12.210748,10.840136,-23.165697,15.255469,-134.99997,0.9520524,6.2621036,-7.738003
658,-0.07607242465019226,1.2735339403152466,66.52665710449219,0.23500849925399445,-1.7186308525995229,-86.60382689146901,3.370008,0.24916086,6.776015,6.661919,-8.574702,0.0,4.7608004,-1.0436012,-9.149713,6.6339207,-10.521239,0.0,1.1301746,1.8604796,0.20656982,-0.023722626,-8.777942,14.498466,22.75226,-23.504282,-47.76041,24.60837,13.3389225,-12.210748,10.84013,-23.165693,15.255798,-134.99997,0.9515739,6.2619424,-7.7376475
659,-0.07535719126462936,1.273521065711975,66.52684020996094,0.23298130301584455,-1.709990390374062,-86.61010351920609,3.364914,0.25012612,6.7825537,6.657132,-8.573633,0.0,4.749034,-1.0427295,-9.143197,6.637177,-10.521354,0.0,1.1239251,1.8635669,0.20749943,-0.013869615,-8.799752,14.482014,22.753363,-23.506258,-47.76512,24.544136,13.328197,-12.210748,10.832003,-23.165607,15.252519,-134.99997,0.922618,6.2546835,-7.7111654
660,-0.07558152079582214,1.2754708528518677,66.52706146240234,0.2326586891721042,-1.7083855410153628,-86.61376383646285,3.3626714,0.25028393,6.7854524,6.6561966,-8.572197,0.0,4.745164,-1.0425066,-9.140252,6.6359105,-10.517954,0.0,1.1211706,1.8675892,0.20769878,-0.013857172,-8.799773,14.481459,22.753757,-23.506416,-47.76552,24.543808,13.327845,-12.210748,10.832232,-23.165535,15.25264,-134.99997,0.92242116,6.2547426,-7.710986
661,-0.07680600136518478,1.2767924070358276,66.52742767333984,0.2330861238765871,-1.7021952839487504,-86.61850098406791,3.3562028,0.25067505,6.789724,6.6558366,-8.571607,0.0,4.736556,-1.0421596,-9.135752,6.6354947,-10.515556,0.0,1.1195,1.8736012,0.20996368,-0.013747613,-8.799988,14.474413,22.754744,-23.505426,-47.770702,24.543362,13.323107,-12.210748,10.834204,-23.165195,15.253774,-134.99997,0.9201968,6.2554436,-7.7092214
662,-0.07861298322677612,1.2812265157699585,66.5279769897461,0.23317837108902392,-1.695272223488866,-86.62359416036364,3.3475478,0.251692,6.796202,6.6531463,-8.567222,0.0,4.7257953,-1.0407743,-9.128249,6.632106,-10.509061,0.0,1.1228329,1.8772569,0.21332636,-0.012352204,-8.8040085,14.451877,22.756096,-23.502352,-47.784588,24.56345,13.295193,-12.210748,10.842489,-23.164835,15.251871,-134.99997,0.9039381,6.2635655,-7.6983056
663,-0.07979022711515427,1.283747673034668,66.52827453613281,0.23257279518128648,-1.691413920593931,-86.62708741793472,3.3427985,0.2528706,6.799726,6.6516657,-8.564916,0.0,4.7193556,-1.0393695,-9.124302,6.6303363,-10.505205,0.0,1.1239964,1.8824009,0.21471371,-0.012198715,-8.804579,14.443365,22.756598,-23.498354,-47.790634,24.571234,13.287782,-12.210748,10.846524,-23.164602,15.251087,-134.99997,0.9011988,6.266678,-7.6967025
664,-0.07975219190120697,1.2842546701431274,66.52852630615234,0.23279805886470709,-1.687894931985473,-86.63096057523757,3.339338,0.25252578,6.803289,6.652079,-8.565453,0.0,4.714542,-1.0397787,-9.120455,6.6299706,-10.503736,0.0,1.122065,1.8877865,0.21387221,-0.012102612,-8.8048525,14.43613,22.756958,-23.494455,-47.795803,24.576403,13.282047,-12.210748,10.84943,-23.164526,15.250521,-134.99997,0.89990973,6.268934,-7.6955457
665,-0.08035778999328613,1.2852952480316162,66.52873992919922,0.23206453453901743,-1.6858727411914984,-86.63553252834964,3.3368027,0.25353417,6.8069496,6.653144,-8.565907,0.0,4.710016,-1.0390152,-9.116809,6.6308236,-10.502134,0.0,1.1163942,1.8929706,0.20984766,-0.01206263,-8.804896,14.433208,22.757318,-23.49301,-47.79787,24.577387,13.279985,-12.210748,10.85018,-23.164642,15.250256,-134.99997,0.8998317,6.269551,-7.695086
666,-0.08195865899324417,1.287927269935608,66.52975463867188,0.23089489548871658,-1.6820740714918385,-86.63961198665518,3.3369977,0.25500903,6.811097,6.640855,-8.55731,0.0,4.7028875,-1.036994,-9.113226,6.630254,-10.49824,0.0,1.1005493,1.9025819,0.19788373,0.010714799,-8.809985,14.399016,22.759556,-23.486143,-47.789967,24.590448,13.209339,-12.210748,10.845094,-23.164017,15.240122,-134.99997,0.905543,6.2841654,-7.6621375
667,-0.08235529810190201,1.2900924682617188,66.52996826171875,0.23157092339363874,-1.6801964662048618,-86.6432818006963,3.3349757,0.25433645,6.81365,6.6387815,-8.554894,0.0,4.695721,-1.038229,-9.111697,6.635337,-10.497773,0.0,1.0876576,1.9102937,0.18819267,0.06905132,-8.78981,14.374957,22.76155,-23.461906,-47.772507,24.549023,13.190827,-12.210748,10.845772,-23.161615,15.213885,-134.99997,0.9089117,6.280057,-7.6290536
668,-0.08298151940107346,1.2907350063323975,66.53015899658203,0.2304632746526301,-1.6775622709151958,-86.64661025609595,3.3326163,0.25569868,6.81623,6.6383743,-8.5545435,0.0,4.6896863,-1.0372914,-9.109572,6.6396856,-10.498617,0.0,1.0806551,1.9153033,0.18418461,0.07928902,-8.767351,14.363699,22.761261,-23.452772,-47.771862,24.522217,13.178064,-12.210748,10.846443,-23.161505,15.2092,-134.99997,0.92099726,6.282257,-7.617768
669,-0.08418752998113632,1.2888675928115845,66.53044128417969,0.23151486101723764,-1.673861253472191,-86.64942216431963,3.3292465,0.25593168,6.818822,6.64173,-8.557985,0.0,4.686177,-1.037455,-9.10693,6.640949,-10.500216,0.0,1.082558,1.9166677,0.18819624,0.07637937,-8.762952,14.356521,22.761292,-23.452156,-47.782063,24.5077,13.172629,-12.210748,10.852485,-23.161707,15.206254,-134.99997,0.9316621,6.2923684,-7.6135945
670,-0.08706027269363403,1.2905681133270264,66.53060913085938,0.23363311917023133,-1.6694831142966184,-86.65187185776111,3.321896,0.2564395,6.821432,6.64525,-8.558191,0.0,4.681142,-1.0370318,-9.104237,6.6375375,-10.496626,0.0,1.089899,1.9156048,0.19749606,0.06734132,-8.757625,14.350027,22.761179,-23.454264,-47.794006,24.494942,13.167783,-12.210748,10.8641815,-23.162151,15.201091,-134.99997,0.9428174,6.306179,-7.61105
671,-0.08949672430753708,1.2941780090332031,66.53036499023438,0.23399250846363062,-1.6652348587515398,-86.6542089035788,3.3135278,0.25812745,6.8240743,6.647934,-8.556501,0.0,4.6749954,-1.0353116,-9.1013565,6.633058,-10.490722,0.0,1.0982946,1.914189,0.20791408,0.05357535,-8.751951,14.345171,22.760965,-23.458855,-47.807323,24.486225,13.163823,-12.210748,10.876693,-23.162766,15.194243,-134.99997,0.9509533,6.3198843,-7.60762
672,-0.0895422101020813,1.2954896688461304,66.53050231933594,0.23546316362318076,-1.6644558877505002,-86.65480889811364,3.3117177,0.25679657,6.824622,6.647924,-8.555466,0.0,4.673113,-1.0367215,-9.100876,6.6326804,-10.489345,0.0,1.0995504,1.9156383,0.21132618,0.053552434,-8.751939,14.34478,22.760904,-23.459097,-47.807724,24.486103,13.163598,-12.210748,10.877047,-23.162998,15.194038,-134.99997,0.95096195,6.3201265,-7.6075635
673,-0.09126225113868713,1.2965216636657715,66.53040313720703,0.23511476939903014,-1.6625120621233522,-86.65824611468324,3.3096945,0.25840667,6.8271246,6.6477466,-8.555125,0.0,4.6695137,-1.0351564,-9.098009,6.632092,-10.487497,0.0,1.1007675,1.9183841,0.21611361,0.05344553,-8.751853,14.34197,22.760508,-23.459858,-47.810596,24.485668,13.1621895,-12.210748,10.8786745,-23.163744,15.193334,-134.99997,0.95086855,6.321145,-7.606951
674,-0.09245386719703674,1.2990857362747192,66.5305404663086,0.23045381607312154,-1.6617060252948508,-86.66254572786296,3.3079996,0.26372033,6.830562,6.646577,-8.553088,0.0,4.665795,-1.029745,-9.093048,6.6306567,-10.48358,0.0,1.100213,1.922565,0.22112845,0.052542407,-8.750865,14.330342,22.759968,-23.462492,-47.82464,24.485828,13.157592,-12.210748,10.885117,-23.164778,15.190459,-134.99997,0.9479526,6.32371,-7.6003847
675,-0.0945325419306755,1.300428032875061,66.53077697753906,0.2282308291230532,-1.6616186632610512,-86.66554820206542,3.3080597,0.2673907,6.8326383,6.6455026,-8.552085,0.0,4.663794,-1.0259678,-9.089965,6.630304,-10.481801,0.0,1.0970078,1.9271171,0.22243842,0.052092317,-8.750199,14.324009,22.759493,-23.463606,-47.832005,24.486818,13.155946,-12.210748,10.887386,-23.165564,15.188908,-134.99997,0.945237,6.3234525,-7.5956993
676,-0.09761763364076614,1.2991559505462646,66.53099822998047,0.2267949624261455,-1.6599661208119105,-86.66774289772688,3.3076916,0.27124918,6.8340864,6.64544,-8.553022,0.0,4.662399,-1.0220417,-9.087875,6.6308546,-10.483145,0.0,1.0934665,1.9305685,0.22286999,0.051876523,-8.749772,14.319532,22.759062,-23.463984,-47.836796,24.48739,13.154895,-12.210748,10.888027,-23.166449,15.187679,-134.99997,0.9440477,6.32302,-7.5925984
677,-0.09942983835935593,1.2983330488204956,66.53118133544922,0.2276154004781449,-1.6587499488428057,-86.66867580757426,3.3069587,0.2719826,6.834853,6.6458483,-8.553673,0.0,4.6613464,-1.0213486,-9.0871725,6.631166,-10.483875,0.0,1.0921444,1.9320581,0.22295362,0.051865734,-8.749742,14.319107,22.759016,-23.464035,-47.837215,24.487354,13.154782,-12.210748,10.888058,-23.1667,15.187495,-134.99997,0.9440951,6.323046,-7.5923805
678,-0.09854288399219513,1.299386978149414,66.53123474121094,0.22818160252653755,-1.6575349852173642,-86.66941161766226,3.3054965,0.27071682,6.835857,6.6450734,-8.552611,0.0,4.6592984,-1.0226148,-9.086445,6.630429,-10.482152,0.0,1.0909009,1.933597,0.22316591,0.051862136,-8.749724,14.318819,22.759014,-23.464075,-47.837482,24.487282,13.154704,-12.210748,10.888057,-23.166937,15.187326,-134.99997,0.94421905,6.3230963,-7.5922594
679,-0.10102153569459915,1.3020693063735962,66.5315933227539,0.23434284405872274,-1.6392810567685185,-86.66814199360998,3.2858636,0.2665618,6.8369184,6.641152,-8.546891,0.0,4.6401076,-1.0263001,-9.085031,6.6276627,-10.478788,0.0,1.0814867,1.9285204,0.21990265,0.050118208,-8.704145,14.294537,22.759378,-23.461824,-47.88266,24.46484,13.18155,-12.210748,10.880692,-23.16823,15.167192,-134.99997,0.9950741,6.3407273,-7.5359
680,-0.10233922302722931,1.3031119108200073,66.53217315673828,0.23449608462790902,-1.6381594041183238,-86.66907967205412,3.2840462,0.26739195,6.8378882,6.640501,-8.545188,0.0,4.6377907,-1.025471,-9.084346,6.6274333,-10.477549,0.0,1.079949,1.9301584,0.21975322,0.0501201,-8.70412,14.294397,22.759352,-23.46182,-47.882774,24.464867,13.181491,-12.210748,10.880645,-23.168463,15.166839,-134.99997,0.9951902,6.34077,-7.5358567
681,-0.10621325671672821,1.3040293455123901,66.53231048583984,0.23722287872330947,-1.6293361941445395,-86.66936007180246,3.2712674,0.2683364,6.838809,6.646733,-8.546684,0.0,4.6277366,-1.0249912,-9.084137,6.6278605,-10.477332,0.0,1.0705616,1.9309125,0.21827646,0.055859905,-8.667592,14.288445,22.759026,-23.46106,-47.89625,24.494936,13.175189,-12.210748,10.871683,-23.169544,15.148182,-134.99997,0.99118185,6.3422823,-7.5120516
682,-0.10667066276073456,1.306165099143982,66.53245544433594,0.23607514448688635,-1.6266696544500625,-86.67085681743163,3.2655537,0.26998007,6.8404336,6.6497703,-8.546094,0.0,4.623182,-1.0236512,-9.08318,6.6270847,-10.474843,0.0,1.0640981,1.9344636,0.21820581,0.060464427,-8.6404505,14.288038,22.758434,-23.4607,-47.908802,24.53436,13.171588,-12.210748,10.867196,-23.17035,15.131959,-134.99997,0.9603377,6.335282,-7.4985843
683,-0.1080624982714653,1.3071939945220947,66.53243255615234,0.23574838151954797,-1.6248044224275218,-86.67234205736546,3.2609506,0.2717245,6.8416944,6.653698,-8.546712,0.0,4.6185236,-1.0225495,-9.082291,6.6298304,-10.475125,0.0,1.0574789,1.9382592,0.2182029,0.064764306,-8.61963,14.28905,22.757545,-23.460274,-47.922935,24.574175,13.170027,-12.210748,10.862342,-23.171276,15.116695,-134.99997,0.925303,6.324775,-7.48772
684,-0.109649658203125,1.3081469535827637,66.53227996826172,0.23516435273206124,-1.6230850113526576,-86.67351496263404,3.257764,0.2736649,6.8423553,6.6557336,-8.546861,0.0,4.6157293,-1.0207732,-9.081602,6.629663,-10.474119,0.0,1.0512646,1.9417673,0.21805783,0.070998326,-8.603946,14.28884,22.7563,-23.459795,-47.93537,24.600767,13.172402,-12.210748,10.857562,-23.172434,15.099635,-134.99997,0.89251643,6.3133173,-7.478817
685,-0.11179506778717041,1.309494972229004,66.53264617919922,0.2362070093232233,-1.6215122909007702,-86.67446454958277,3.2547874,0.27439004,6.8421936,6.655859,-8.545488,0.0,4.611896,-1.02022,-9.080964,6.6309266,-10.473361,0.0,1.0452262,1.9444841,0.21733499,0.0906655,-8.58639,14.286007,22.755474,-23.458767,-47.942207,24.605965,13.179555,-12.210748,10.853629,-23.173168,15.08337,-134.99997,0.8585796,6.299329,-7.4683127
686,-0.11491265892982483,1.30855393409729,66.53279876708984,0.23707974338556234,-1.6202949438973915,-86.67533022219105,3.2544081,0.2760329,6.841358,6.6555424,-8.545979,0.0,4.6110024,-1.0184737,-9.080358,6.631441,-10.47445,0.0,1.0392913,1.9469378,0.21624118,0.120955214,-8.583606,14.28296,22.75348,-23.455467,-47.942604,24.594694,13.184266,-12.210748,10.848803,-23.17434,15.063329,-134.99997,0.82509214,6.2826843,-7.45997
687,-0.11597960442304611,1.3095978498458862,66.53321075439453,0.23784237390854174,-1.6193499287656647,-86.67562929327188,3.2534056,0.27598602,6.840302,6.653484,-8.544113,0.0,4.608888,-1.0183781,-9.080095,6.6315484,-10.473388,0.0,1.0337142,1.9494683,0.21527684,0.14434227,-8.589179,14.280574,22.751932,-23.452343,-47.94325,24.579649,13.189463,-12.210748,10.842758,-23.174864,15.060481,-134.99997,0.8059233,6.269826,-7.462652
688,-0.11670055240392685,1.3120863437652588,66.53305053710938,0.23831445683746824,-1.6184030266070286,-86.67519946377277,3.2519598,0.27582753,6.8391194,6.64984,-8.540196,0.0,4.606554,-1.0182008,-9.08052,6.6300583,-10.470549,0.0,1.029073,1.9520737,0.21528062,0.16309802,-8.592309,14.279092,22.750534,-23.45124,-47.946564,24.570602,13.193743,-12.210748,10.835301,-23.175291,15.056794,-134.99997,0.7960121,6.261909,-7.461206
689,-0.11936791986227036,1.315161943435669,66.5331039428711,0.23808389515340095,-1.6175400296179425,-86.67352275965938,3.249473,0.27795127,6.8375616,6.646231,-8.535019,0.0,4.602714,-1.0159142,-9.082276,6.6309295,-10.468916,0.0,1.0253648,1.9554805,0.21664323,0.17481808,-8.592765,14.278234,22.749086,-23.451374,-47.953182,24.57097,13.197863,-12.210748,10.827422,-23.175571,15.05069,-134.99997,0.79860497,6.2621093,-7.4522805
690,-0.12059275805950165,1.3155447244644165,66.5333480834961,0.23752122880785528,-1.6167798526468904,-86.67110218189555,3.2493749,0.27935842,6.8358645,6.642482,-8.532078,0.0,4.60155,-1.0142809,-9.084619,6.6321692,-10.470115,0.0,1.0223522,1.9592593,0.21883766,0.18258817,-8.5924425,14.277637,22.747656,-23.452679,-47.96137,24.575556,13.202216,-12.210748,10.818242,-23.175566,15.0433235,-134.99997,0.80989873,6.2669463,-7.4393144
691,-0.12243173271417618,1.3167657852172852,66.53343963623047,0.23810218384603402,-1.6161649191090568,-86.66816169993285,3.2482479,0.28023818,6.8336964,6.6388097,-8.527932,0.0,4.600004,-1.0132296,-9.087417,6.632853,-10.470323,0.0,1.0202737,1.9626654,0.22142646,0.18950091,-8.590366,14.278233,22.746279,-23.455658,-47.97089,24.579344,13.20482,-12.210748,10.8094,-23.175646,15.035588,-134.99997,0.8236032,6.2736816,-7.425567
692,-0.12273697555065155,1.3178187608718872,66.53369140625,0.23886008085750535,-1.6155840575232525,-86.66504499705893,3.2461965,0.27986535,6.831076,6.638129,-8.525782,0.0,4.599213,-1.0134919,-9.090002,6.6325216,-10.469971,0.0,1.0193384,1.9648094,0.22369435,0.19871032,-8.58646,14.280532,22.745098,-23.461529,-47.981014,24.577717,13.203653,-12.210748,10.802482,-23.175709,15.028307,-134.99997,0.831258,6.27812,-7.416121
693,-0.12416715174913406,1.3199065923690796,66.53370666503906,0.24005150125535007,-1.6153054283082753,-86.66166906203736,3.243024,0.2799891,6.8275495,6.638137,-8.522526,0.0,4.599963,-1.01292,-9.0924225,6.6281233,-10.466841,0.0,1.0190543,1.9652468,0.22423436,0.21357372,-8.579404,14.284859,22.74407,-23.469189,-47.98989,24.566532,13.1942425,-12.210748,10.797052,-23.176098,15.022947,-134.99997,0.82703936,6.2773113,-7.4123907
694,-0.12756679952144623,1.319865107536316,66.53378295898438,0.24237561884299202,-1.615157285501294,-86.65806767527174,3.239108,0.28096592,6.8231993,6.6439567,-8.523874,0.0,4.6017647,-1.0117908,-9.094774,6.6254554,-10.466623,0.0,1.0194905,1.9647094,0.22365896,0.23148726,-8.569671,14.29078,22.743137,-23.47842,-47.998154,24.549128,13.178964,-12.210748,10.793481,-23.176476,15.018677,-134.99997,0.8155169,6.273863,-7.4123626
695,-0.12979604303836823,1.320320963859558,66.53395080566406,0.24482937237561647,-1.6148976787657507,-86.6541246528631,3.2349756,0.28088334,6.8186493,6.6487837,-8.524176,0.0,4.6039324,-1.0116447,-9.097514,6.621324,-10.465196,0.0,1.0216359,1.9634178,0.22511694,0.24581353,-8.560443,14.298784,22.742332,-23.489197,-48.0104,24.53062,13.166672,-12.210748,10.790258,-23.176739,15.014664,-134.99997,0.8092225,6.272718,-7.414271
696,-0.13369423151016235,1.3201345205307007,66.53388214111328,0.2462813212464351,-1.6142853188245248,-86.64984340287421,3.2313612,0.28309265,6.8140774,6.652828,-8.524511,0.0,4.604727,-1.0094032,-9.101204,6.6199975,-10.465733,0.0,1.0264609,1.9616934,0.23186572,0.252194,-8.553634,14.308485,22.741545,-23.502312,-48.029606,24.516514,13.16579,-12.210748,10.788596,-23.177097,15.009624,-134.99997,0.8222327,6.28048,-7.414043
697,-0.13628864288330078,1.3208246231079102,66.53414154052734,0.24546708328607414,-1.6131260740574942,-86.64514749126174,3.2272003,0.28636223,6.8099384,6.6551127,-8.523342,0.0,4.603611,-1.0062331,-9.105887,6.6208386,-10.466855,0.0,1.0369492,1.9586936,0.24836962,0.24936181,-8.545891,14.322704,22.740667,-23.526274,-48.06378,24.505426,13.183201,-12.210748,10.789198,-23.177448,15.000666,-134.99997,0.86872566,6.3039727,-7.4114966
698,-0.1372653990983963,1.3223172426223755,66.53480529785156,0.2447832499756107,-1.6116552196819358,-86.64018708000994,3.2226744,0.28823942,6.8060527,6.655761,-8.52069,0.0,4.600433,-1.0047516,-9.111228,6.6239724,-10.468253,0.0,1.0516187,1.9546793,0.27158055,0.24271159,-8.541471,14.336453,22.739677,-23.554657,-48.1075,24.489803,13.218195,-12.210748,10.793205,-23.178043,14.989859,-134.99997,0.9391285,6.3363395,-7.4086514
699,-0.13939812779426575,1.3224633932113647,66.53506469726562,0.24288950649978625,-1.6098946369145886,-86.6348178555585,3.2182763,0.29226497,6.801729,6.6577325,-8.519746,0.0,4.597814,-1.0011522,-9.117186,6.627838,-10.471377,0.0,1.0651394,1.9512925,0.2939537,0.23263623,-8.536399,14.351584,22.739182,-23.58419,-48.14886,24.489462,13.246246,-12.210748,10.795408,-23.178263,14.978654,-134.99997,1.0019745,6.367901,-7.4044905
700,-0.1406322419643402,1.3240000009536743,66.53523254394531,0.24216416183028475,-1.6080637234287538,-86.62913634826458,3.2134893,0.2942893,6.796869,6.657983,-8.51695,0.0,4.594974,-0.9993372,-9.1233635,6.6296396,-10.472191,0.0,1.0721772,1.95078,0.30773112,0.22464307,-8.533267,14.360517,22.73911,-23.602472,-48.17457,24.506588,13.259467,-12.210748,10.79424,-23.178226,14.970893,-134.99997,1.0273576,6.384352,-7.4016666
701,-0.14240297675132751,1.325831413269043,66.53555297851562,0.24368278775686597,-1.605809033581067,-86.62282355027881,3.2078514,0.29454786,6.7909503,6.658346,-8.513949,0.0,4.5922565,-0.999137,-9.130295,6.629937,-10.47215,0.0,1.0696365,1.953734,0.30929604,0.22416672,-8.534745,14.364466,22.739508,-23.616856,-48.182674,24.551655,13.25168,-12.210748,10.786074,-23.177668,14.9627,-134.99997,0.99362653,6.3771887,-7.4020863
702,-0.1446382999420166,1.3284701108932495,66.53548431396484,0.24536549203823066,-1.6031904611411631,-86.61606277637773,3.2011995,0.29491287,6.784375,6.6580105,-8.509698,0.0,4.588481,-0.99879044,-9.1377735,6.6304164,-10.471662,0.0,1.060543,1.9592803,0.30275288,0.23227201,-8.541435,14.36121,22.739882,-23.618093,-48.175777,24.615816,13.232308,-12.210748,10.77494,-23.177177,14.957622,-134.99997,0.9187375,6.3538303,-7.4040074
703,-0.1477639228105545,1.3305968046188354,66.53529357910156,0.24604627979812665,-1.6007150006438766,-86.60916271228993,3.1957977,0.2968236,6.7774034,6.6558766,-8.504641,0.0,4.586468,-0.9965256,-9.145322,6.628964,-10.470966,0.0,1.0502567,1.9663109,0.29347914,0.26683265,-8.566445,14.349139,22.740685,-23.601973,-48.16683,24.675093,13.226252,-12.210748,10.7601595,-23.175903,14.938475,-134.99997,0.8211789,6.3261275,-7.3975196
704,-0.15142805874347687,1.332165241241455,66.53524017333984,0.2489001660536163,-1.5990600081655149,-86.60220226718756,3.1901577,0.29736868,6.770223,6.657054,-8.501763,0.0,4.5845575,-0.9959846,-9.152523,6.629684,-10.471868,0.0,1.0442209,1.9731811,0.28695527,0.27795494,-8.573882,14.343091,22.740324,-23.588966,-48.15809,24.711988,13.215908,-12.210748,10.749715,-23.175062,14.9359255,-134.99997,0.7687368,6.309445,-7.402277
705,-0.15330618619918823,1.3337079286575317,66.53577423095703,0.24908981822901574,-1.5986731638254958,-86.59530860130474,3.1862042,0.29895356,6.7631793,6.657663,-8.498749,0.0,4.5847254,-0.99415386,-9.15876,6.628705,-10.4716625,0.0,1.0450212,1.9805057,0.2840124,0.27141032,-8.568178,14.337086,22.740301,-23.58496,-48.153393,24.72668,13.212986,-12.210748,10.740968,-23.17429,14.932174,-134.99997,0.7589777,6.3101273,-7.4052763
706,-0.1556064635515213,1.3361579179763794,66.53585815429688,0.25045178112505034,-1.5992144321364417,-86.58829755603752,3.182341,0.29978964,6.7558827,6.6583314,-8.494888,0.0,4.585433,-0.99302566,-9.164719,6.626618,-10.470056,0.0,1.0494106,1.9887723,0.28209248,0.25418568,-8.55397,14.329927,22.740517,-23.584501,-48.148907,24.72834,13.213251,-12.210748,10.732888,-23.173496,14.928317,-134.99997,0.7722648,6.3201013,-7.407758
707,-0.15777380764484406,1.3370847702026367,66.53619384765625,0.25083728382306797,-1.5996115611222643,-86.58131617051285,3.179837,0.30144978,6.7485332,6.65821,-8.491652,0.0,4.58784,-0.99089473,-9.170505,6.6236115,-10.469319,0.0,1.0543224,1.9964341,0.28106722,0.23654206,-8.540294,14.323679,22.740927,-23.58608,-48.14524,24.725098,13.213925,-12.210748,10.725922,-23.172588,14.925218,-134.99997,0.79350084,6.3300776,-7.4112024
708,-0.16036024689674377,1.3397440910339355,66.53628540039062,0.2519227540108367,-1.5989357127676498,-86.57442471140074,3.174746,0.30268738,6.74122,6.6589828,-8.487807,0.0,4.5860724,-0.9894778,-9.1765585,6.6238103,-10.468764,0.0,1.0567006,2.0017815,0.2808621,0.22866163,-8.534941,14.320134,22.741507,-23.588064,-48.143124,24.724867,13.212238,-12.210748,10.720687,-23.171885,14.924159,-134.99997,0.8091386,6.3318324,-7.4165034
709,-0.16112159192562103,1.3409054279327393,66.53671264648438,0.2525194527207217,-1.5962902453504197,-86.56746940835008,3.1694965,0.30289647,6.7338147,6.6584024,-8.484478,0.0,4.583794,-0.9890297,-9.182902,6.624006,-10.4693365,0.0,1.0546982,2.0040104,0.28160155,0.23171237,-8.537844,14.320224,22.741825,-23.589096,-48.142986,24.73007,13.207369,-12.210748,10.719125,-23.171661,14.924412,-134.99997,0.8179597,6.321306,-7.423471
710,-0.1640901118516922,1.3407644033432007,66.53683471679688,0.25284622877961116,-1.5923853196115287,-86.56058595550167,3.1641328,0.30509087,6.726053,6.6574655,-8.481648,0.0,4.5807886,-0.9865596,-9.189583,6.6255083,-10.47199,0.0,1.0502892,2.0042498,0.28326488,0.24019605,-8.545819,14.322677,22.742481,-23.591413,-48.145042,24.736782,13.201338,-12.210748,10.71781,-23.17122,14.925971,-134.99997,0.82623893,6.304406,-7.432621
711,-0.16630452871322632,1.3418203592300415,66.53673553466797,0.2532010120113092,-1.5887356830244241,-86.55399780044473,3.1580718,0.30664122,6.7191114,6.6567483,-8.478179,0.0,4.577593,-0.98471195,-9.195873,6.6257625,-10.472887,0.0,1.0463389,2.0035846,0.28565592,0.24246301,-8.547908,14.325194,22.743202,-23.594425,-48.14821,24.739853,13.198008,-12.210748,10.714001,-23.170694,14.927359,-134.99997,0.82874435,6.2929673,-7.4382277
712,-0.16849051415920258,1.34359610080719,66.53714752197266,0.253967667091348,-1.5862961663260644,-86.54805061565884,3.1528485,0.30777326,6.7130013,6.6559815,-8.474384,0.0,4.574758,-0.9833725,-9.201763,6.625719,-10.472686,0.0,1.044954,2.003171,0.28853363,0.24527185,-8.550349,14.328739,22.744045,-23.597858,-48.14952,24.740038,13.192649,-12.210748,10.710639,-23.170065,14.929208,-134.99997,0.8259944,6.278224,-7.445454
713,-0.17061041295528412,1.345285177230835,66.53742218017578,0.25469437117660454,-1.585795331949102,-86.54312102758723,3.1493845,0.30900353,6.7085276,6.655987,-8.471253,0.0,4.574509,-0.9819752,-9.206852,6.624202,-10.471777,0.0,1.0480521,2.0029953,0.29214334,0.25328055,-8.556065,14.334193,22.744951,-23.601458,-48.145237,24.727861,13.178281,-12.210748,10.709303,-23.16954,14.931005,-134.99997,0.8061794,6.2577076,-7.4571524
714,-0.17130908370018005,1.3457355499267578,66.53778076171875,0.2548300883366165,-1.5865795971976384,-86.53915696936652,3.1471863,0.30993092,6.705729,6.6592546,-8.471508,0.0,4.577063,-0.981029,-9.210867,6.621236,-10.470839,0.0,1.0540692,2.0026767,0.29667866,0.2595434,-8.55702,14.334941,22.745552,-23.604267,-48.13435,24.706022,13.165142,-12.210748,10.709393,-23.169226,14.931022,-134.99997,0.7732807,6.240667,-7.466849
715,-0.17427140474319458,1.3476799726486206,66.5375747680664,0.2557889954112098,-1.5877300077753966,-86.53534997173163,3.1442358,0.31179726,6.7030463,6.6613917,-8.469437,0.0,4.578186,-0.9792048,-9.214993,6.6193047,-10.46944,0.0,1.0604844,2.0025609,0.3010442,0.25875953,-8.543805,14.339749,22.74604,-23.6075,-48.12263,24.680662,13.147044,-12.210748,10.70233,-23.168764,14.927012,-134.99997,0.73251003,6.228587,-7.4708877
716,-0.1760604977607727,1.3511041402816772,66.53778839111328,0.2559882440778186,-1.5883610394157088,-86.53071932748915,3.140737,0.31315327,6.6992607,6.660939,-8.465005,0.0,4.5776563,-0.97769725,-9.21984,6.6172457,-10.4664955,0.0,1.0644764,2.0036383,0.30430153,0.25186574,-8.533554,14.342433,22.746115,-23.607962,-48.116676,24.668417,13.143534,-12.210748,10.696088,-23.168468,14.9228735,-134.99997,0.7057666,6.213604,-7.468871
717,-0.17737650871276855,1.3546142578125,66.53819274902344,0.257807351003892,-1.588306250108919,-86.52505682331338,3.1379504,0.3123197,6.6938415,6.6567087,-8.458521,0.0,4.5758033,-0.97824335,-9.22582,6.61733,-10.464816,0.0,1.0649557,2.0059452,0.30571198,0.25196674,-8.536185,14.344301,22.746138,-23.606642,-48.116558,24.674486,13.15326,-12.210748,10.68871,-23.16847,14.925632,-134.99997,0.6964292,6.193091,-7.4634156
718,-0.1803852617740631,1.3551422357559204,66.53819274902344,0.2586516864635629,-1.5878275567340094,-86.51893041263968,3.1377366,0.31367695,6.687433,6.651438,-8.454024,0.0,4.574953,-0.9765104,-9.23236,6.619812,-10.4670515,0.0,1.0635102,2.0092547,0.30609927,0.25356337,-8.540768,14.345751,22.746077,-23.604626,-48.118298,24.691887,13.169393,-12.210748,10.680661,-23.16853,14.92992,-134.99997,0.6952453,6.168822,-7.453407
719,-0.18235915899276733,1.3564972877502441,66.53849029541016,0.26052931040737454,-1.5873537196469651,-86.51250904029217,3.1366754,0.31327203,6.6807194,6.646521,-8.449067,0.0,4.57365,-0.97660315,-9.239152,6.621898,-10.468272,0.0,1.0613922,2.0130239,0.3062287,0.2555645,-8.547281,14.34736,22.746069,-23.602772,-48.121483,24.708456,13.187495,-12.210748,10.672283,-23.168667,14.934443,-134.99997,0.70122015,6.1466594,-7.443239
720,-0.18413549661636353,1.3567650318145752,66.53858184814453,0.26022094381142297,-1.5871335819832284,-86.50610155349376,3.1352103,0.31506833,6.6741686,6.644996,-8.446466,0.0,4.5733533,-0.97470325,-9.245781,6.624271,-10.470565,0.0,1.0596894,2.016683,0.3071901,0.2561107,-8.553812,14.348809,22.746191,-23.601538,-48.124313,24.71544,13.204482,-12.210748,10.662892,-23.168812,14.940389,-134.99997,0.71342623,6.1305895,-7.437571
721,-0.18610437214374542,1.3570107221603394,66.53890991210938,0.2610778659365448,-1.5874145985223842,-86.50393915028344,3.134443,0.31599262,6.672381,6.6447453,-8.444676,0.0,4.573686,-0.97376776,-9.247779,6.62454,-10.471079,0.0,1.060682,2.0176136,0.30733398,0.2561092,-8.553813,14.348915,22.746256,-23.601587,-48.12422,24.7154,13.204556,-12.210748,10.662763,-23.168898,14.94043,-134.99997,0.71353364,6.1305385,-7.437553
722,-0.1871771663427353,1.3593369722366333,66.53915405273438,0.2615036744223186,-1.5879227602889943,-86.50073226537529,3.132196,0.31660166,6.669933,6.6442776,-8.440682,0.0,4.573044,-0.9731477,-9.250576,6.623974,-10.469469,0.0,1.0620313,2.0192335,0.3075337,0.2561047,-8.553813,14.349101,22.74641,-23.601732,-48.124065,24.715263,13.20468,-12.210748,10.662535,-23.169085,14.940416,-134.99997,0.7137942,6.130485,-7.4375453
723,-0.18919120728969574,1.3619807958602905,66.53911590576172,0.2549470130103996,-1.5875033946015236,-86.48645805764366,3.1192508,0.32598546,6.6553326,6.6587534,-8.441849,0.0,4.572084,-0.9645757,-9.265842,6.626491,-10.471467,0.0,1.0571513,2.0270438,0.31579056,0.23964421,-8.555024,14.352124,22.74725,-23.605614,-48.118202,24.664663,13.22431,-12.210748,10.638493,-23.169432,14.954826,-134.99997,0.8026123,6.134036,-7.44356
724,-0.18915697932243347,1.3635447025299072,66.53900146484375,0.25539932170038715,-1.58799408321804,-86.48502025323721,3.117919,0.32564583,6.654233,6.658611,-8.439518,0.0,4.5713987,-0.965017,-9.267046,6.6267457,-10.470571,0.0,1.0578221,2.0278683,0.31595093,0.23963962,-8.555023,14.352226,22.747347,-23.605715,-48.118122,24.664585,13.224361,-12.210748,10.638349,-23.169472,14.954902,-134.99997,0.8026859,6.133976,-7.4435678
725,-0.18928635120391846,1.3665289878845215,66.53898620605469,0.255303505003955,-1.590166855300234,-86.47609266382617,3.115669,0.32597628,6.644473,6.6575785,-8.434309,0.0,4.5728893,-0.9644302,-9.275658,6.6267877,-10.469862,0.0,1.0551438,2.0373385,0.31804085,0.23011653,-8.553519,14.357762,22.747818,-23.610466,-48.11144,24.63377,13.236298,-12.210748,10.607227,-23.169632,14.970342,-134.99997,0.81267697,6.106524,-7.458145
726,-0.1919354349374771,1.3687081336975098,66.53907012939453,0.2577919181224782,-1.593038103579336,-86.47215980225552,3.118054,0.32529378,6.6393533,6.652128,-8.428657,0.0,4.57505,-0.96447855,-9.279203,6.6257367,-10.468486,0.0,1.0541917,2.04442,0.31744108,0.23069912,-8.551473,14.362243,22.74787,-23.61443,-48.109837,24.623816,13.245525,-12.210748,10.582241,-23.169735,14.982858,-134.99997,0.7853953,6.0749927,-7.4715767
727,-0.19315914809703827,1.3704841136932373,66.53980255126953,0.260521755582101,-1.5951660542285693,-86.46858221054667,3.1197932,0.32328114,6.6347165,6.6467137,-8.423286,0.0,4.5769978,-0.96588814,-9.282288,6.62411,-10.466864,0.0,1.0527548,2.051153,0.31619963,0.23881747,-8.549436,14.365796,22.74764,-23.618372,-48.108128,24.617094,13.256697,-12.210748,10.556814,-23.16995,14.993745,-134.99997,0.75124186,6.039901,-7.484667
728,-0.19514770805835724,1.3718594312667847,66.5402603149414,0.26189442117598294,-1.595093108674555,-86.46460449435827,3.1181464,0.32344306,6.630326,6.6444383,-8.419602,0.0,4.5765324,-0.9654133,-9.285938,6.6241517,-10.466803,0.0,1.0505478,2.0558245,0.3152354,0.24875878,-8.547866,14.3673,22.747585,-23.619589,-48.102257,24.611174,13.266135,-12.210748,10.538758,-23.170105,14.998493,-134.99997,0.7293917,6.0108666,-7.4925027
729,-0.1969609409570694,1.373687744140625,66.54075622558594,0.26360255673102423,-1.5914493712535347,-86.46018026298628,3.1112707,0.3234614,6.6264067,6.645229,-8.417002,0.0,4.5723696,-0.96535265,-9.290382,6.623624,-10.465979,0.0,1.0475097,2.0573564,0.31457365,0.25407833,-8.54703,14.367006,22.74774,-23.61909,-48.09378,24.60329,13.2738,-12.210748,10.524296,-23.1703,15.00196,-134.99997,0.7224274,5.989755,-7.4949455
730,-0.19789768755435944,1.3759857416152954,66.54100036621094,0.2634059168694008,-1.5901684681110666,-86.45817466586426,3.108408,0.32432607,6.625212,6.64308,-8.4129925,0.0,4.5702295,-0.9642361,-9.292126,6.621536,-10.463153,0.0,1.0470576,2.059411,0.31435835,0.25409004,-8.547027,14.367321,22.748013,-23.619087,-48.093372,24.603197,13.274064,-12.210748,10.523795,-23.170332,15.002103,-134.99997,0.7224787,5.989355,-7.4949403
731,-0.199997678399086,1.376763939857483,66.54141998291016,0.26404661951121694,-1.5885503459644865,-86.45622818623174,3.104964,0.32560983,6.6239552,6.643778,-8.4114685,0.0,4.5675297,-0.9630913,-9.293901,6.6229687,-10.463815,0.0,1.0464166,2.0616543,0.31413338,0.25409693,-8.547025,14.367649,22.74832,-23.619076,-48.092945,24.60311,13.274325,-12.210748,10.523285,-23.170366,15.002167,-134.99997,0.7225701,5.9889636,-7.494941
732,-0.20189844071865082,1.3798996210098267,66.54151916503906,0.2637244805321783,-1.5748778688649594,-86.44688120673901,3.0797591,0.3285672,6.6164417,6.6573267,-8.413175,0.0,4.554531,-0.9606885,-9.304253,6.6197557,-10.461406,0.0,1.0351778,2.057566,0.3120005,0.26473683,-8.547903,14.3605385,22.749193,-23.612604,-48.054096,24.589445,13.287894,-12.210748,10.495413,-23.170685,15.010453,-134.99997,0.73281664,5.9383597,-7.501652
733,-0.20289599895477295,1.3833577632904053,66.54194641113281,0.26358120787405276,-1.5739585497104616,-86.44380861199342,3.074537,0.3295977,6.614059,6.6579466,-8.409267,0.0,4.5520306,-0.9596465,-9.307603,6.6177607,-10.457884,0.0,1.0298927,2.0629663,0.30790937,0.29206705,-8.5612545,14.3554535,22.748348,-23.587124,-48.04112,24.571926,13.294615,-12.210748,10.469616,-23.171017,15.030041,-134.99997,0.73240256,5.933746,-7.5254774
734,-0.2043665647506714,1.3858697414398193,66.54209899902344,0.26408864437836527,-1.57523406454077,-86.44125210403638,3.071182,0.33056924,6.6119356,6.6609874,-8.407469,0.0,4.5511956,-0.95899844,-9.310374,6.6182413,-10.456414,0.0,1.0242051,2.0707624,0.30270675,0.30495238,-8.577532,14.352939,22.747576,-23.575603,-48.030148,24.567842,13.292441,-12.210748,10.446931,-23.170137,15.02759,-134.99997,0.71541226,5.933248,-7.537406
735,-0.20520302653312683,1.3884243965148926,66.54212188720703,0.265377916075094,-1.5764526509688157,-86.43874455388509,3.0684664,0.330228,6.6096663,6.6628733,-8.405275,0.0,4.5506053,-0.95958835,-9.31319,6.6180677,-10.454463,0.0,1.019953,2.077996,0.29919136,0.3169299,-8.592969,14.351398,22.746838,-23.566317,-48.0224,24.565617,13.28934,-12.210748,10.424969,-23.169207,15.022377,-134.99997,0.70160884,5.9347367,-7.5498514
736,-0.20656763017177582,1.3899431228637695,66.54206848144531,0.26635232964121613,-1.575600730324472,-86.43551864559322,3.0646107,0.33058834,6.6063704,6.6642694,-8.403556,0.0,4.548807,-0.95935553,-9.3167715,6.618608,-10.454188,0.0,1.019242,2.0816607,0.30072895,0.32427886,-8.59873,14.351811,22.746569,-23.563253,-48.020306,24.565714,13.287037,-12.210748,10.410043,-23.16836,15.01478,-134.99997,0.69984883,5.9353695,-7.5616584
737,-0.20810943841934204,1.3930262327194214,66.54230499267578,0.26683295352782643,-1.571244969718184,-86.43130286344216,3.0568686,0.3313473,6.601699,6.662796,-8.398721,0.0,4.54294,-0.9584424,-9.321571,6.61808,-10.452319,0.0,1.0235554,2.0801651,0.30934843,0.3244879,-8.596079,14.353587,22.74671,-23.566465,-48.02478,24.567436,13.286652,-12.210748,10.405397,-23.168219,15.009243,-134.99997,0.7234723,5.932637,-7.5775576
738,-0.20841090381145477,1.3961427211761475,66.54302215576172,0.2658343910552209,-1.5647088335082662,-86.42657490984834,3.0480707,0.33233008,6.5962467,6.658986,-8.392877,0.0,4.534396,-0.9571957,-9.326904,6.6182346,-10.450465,0.0,1.031324,2.07549,0.32288402,0.32302713,-8.588464,14.3562155,22.746895,-23.570877,-48.034256,24.570042,13.287045,-12.210748,10.405783,-23.168201,15.003176,-134.99997,0.75914097,5.9304075,-7.5939226
739,-0.2084493190050125,1.3980058431625366,66.54346466064453,0.2640013647726095,-1.558201436982861,-86.42155548389952,3.0396473,0.33399567,6.5905304,6.656561,-8.388777,0.0,4.5267587,-0.95533156,-9.3323765,6.61888,-10.449962,0.0,1.0404767,2.0698998,0.33809817,0.3201724,-8.577038,14.361645,22.747185,-23.579067,-48.0476,24.573143,13.287611,-12.210748,10.407848,-23.168163,14.994462,-134.99997,0.7969408,5.9305067,-7.608312
740,-0.21039976179599762,1.4008190631866455,66.54362487792969,0.26459158479798645,-1.554031845156509,-86.41657795604813,3.031972,0.33496514,6.5851226,6.6559105,-8.384595,0.0,4.5211687,-0.9541852,-9.337732,6.6188235,-10.448732,0.0,1.0486742,2.065425,0.35186797,0.31738064,-8.56525,14.368771,22.747543,-23.589767,-48.062435,24.576088,13.288726,-12.210748,10.407894,-23.168081,14.984066,-134.99997,0.8232127,5.935552,-7.6154795
741,-0.21079452335834503,1.402073621749878,66.54395294189453,0.2657597443452833,-1.55330698563532,-86.41169720942791,3.0283322,0.33435774,6.580579,6.6564236,-8.38209,0.0,4.520721,-0.9547297,-9.342423,6.6178994,-10.44812,0.0,1.0571088,2.0618422,0.3651522,0.31559053,-8.5558605,14.37888,22.74781,-23.603083,-48.081078,24.57743,13.291993,-12.210748,10.406739,-23.168016,14.972047,-134.99997,0.83500934,5.9523582,-7.61117
742,-0.21235620975494385,1.403510332107544,66.54456329345703,0.26844468233494356,-1.554634606726983,-86.40670511731477,3.0250106,0.3333925,6.5762086,6.6606035,-8.381385,0.0,4.5212626,-0.95592046,-9.347052,6.6189823,-10.448673,0.0,1.0665185,2.0581095,0.37902993,0.31475753,-8.54892,14.392355,22.748028,-23.62076,-48.103775,24.57782,13.296738,-12.210748,10.404151,-23.167871,14.95687,-134.99997,0.83731824,5.977241,-7.5990143
743,-0.21420001983642578,1.4065529108047485,66.54469299316406,0.2712113896131402,-1.5565219397667627,-86.40168655359767,3.0213828,0.33247066,6.5719404,6.6632304,-8.378204,0.0,4.5225544,-0.956791,-9.351598,6.616818,-10.446203,0.0,1.0734328,2.056185,0.39038762,0.31529477,-8.545027,14.404628,22.748253,-23.63733,-48.124146,24.57983,13.299602,-12.210748,10.3990965,-23.167793,14.941611,-134.99997,0.831757,6.0019135,-7.5831437
744,-0.21523253619670868,1.4095650911331177,66.54483795166016,0.2718800919910046,-1.5573245839497847,-86.39646347569523,3.0174873,0.33276156,6.5673184,6.6643567,-8.37449,0.0,4.5224633,-0.9563425,-9.35616,6.6150823,-10.443758,0.0,1.0748369,2.0577824,0.39611825,0.3178924,-8.544936,14.411985,22.748611,-23.65042,-48.136246,24.583183,13.299273,-12.210748,10.389306,-23.167603,14.926812,-134.99997,0.81804883,6.015523,-7.572855
745,-0.2157467007637024,1.4118696451187134,66.54485321044922,0.2734797618868355,-1.5566032828311507,-86.39070902611827,3.0127861,0.33180755,6.561824,6.6651945,-8.371332,0.0,4.521963,-0.9569835,-9.360951,6.612851,-10.441899,0.0,1.0673635,2.065081,0.39275345,0.32438108,-8.550804,14.409994,22.749239,-23.655745,-48.134033,24.587978,13.295437,-12.210748,10.371164,-23.167248,14.9136305,-134.99997,0.7882397,6.0083094,-7.5734816
746,-0.21609964966773987,1.4151771068572998,66.54532623291016,0.27228588386501207,-1.5551524905447172,-86.38444645007034,3.0072803,0.33314893,6.555779,6.6636844,-8.365842,0.0,4.5208335,-0.95493776,-9.365882,6.6086974,-10.438235,0.0,1.0534478,2.0766683,0.38253295,0.33524337,-8.563139,14.399552,22.749956,-23.65201,-48.120792,24.591105,13.291064,-12.210748,10.346948,-23.166744,14.902822,-134.99997,0.7445072,5.986686,-7.58209
747,-0.21787786483764648,1.4175031185150146,66.54564666748047,0.27266724576095863,-1.553625647140261,-86.37858164693618,3.002477,0.33422512,6.549866,6.662915,-8.361766,0.0,4.519516,-0.9533301,-9.370796,6.605683,-10.435749,0.0,1.0386109,2.0892215,0.37155336,0.36833933,-8.605722,14.381627,22.749773,-23.623665,-48.101784,24.577427,13.295527,-12.210748,10.319747,-23.165308,14.870103,-134.99997,0.689714,5.966264,-7.5730095
748,-0.2195112109184265,1.4196308851242065,66.546142578125,0.2726466774490068,-1.552412651186728,-86.37398818178679,2.9983447,0.33557224,6.5452332,6.6620917,-8.357989,0.0,4.517187,-0.95179397,-9.375124,6.6062417,-10.435396,0.0,1.0286279,2.098343,0.36631498,0.37541756,-8.619838,14.373569,22.749426,-23.612389,-48.092564,24.570148,13.294353,-12.210748,10.301663,-23.164783,14.866015,-134.99997,0.6857477,5.9617863,-7.572879
749,-0.21978574991226196,1.4224056005477905,66.54667663574219,0.2728068755173273,-1.5515876743542267,-86.37100211162895,2.9939396,0.33574364,6.5422297,6.6621256,-8.354534,0.0,4.5136046,-0.9519186,-9.378963,6.607693,-10.433968,0.0,1.026033,2.102451,0.37012583,0.36920252,-8.620683,14.373093,22.749577,-23.61633,-48.094654,24.564457,13.29145,-12.210748,10.292449,-23.164463,14.861478,-134.99997,0.7297165,5.9836755,-7.5535073
750,-0.2206973433494568,1.4251567125320435,66.54668426513672,0.2703397595644657,-1.5507607827302532,-86.36936303756991,2.9904034,0.33876985,6.540447,6.661733,-8.35145,0.0,4.508518,-0.9493748,-9.382225,6.61201,-10.433872,0.0,1.0274652,2.1039011,0.37902814,0.35817745,-8.616383,14.377243,22.74969,-23.625372,-48.103043,24.556738,13.287916,-12.210748,10.28956,-23.164467,14.857245,-134.99997,0.8063953,6.022276,-7.5209737
751,-0.21996796131134033,1.427178144454956,66.5472183227539,0.26983173924355985,-1.550437228300727,-86.36808962392139,2.987724,0.33877054,6.5391135,6.66189,-8.349458,0.0,4.5042715,-0.9500589,-9.385062,6.6167316,-10.434313,0.0,1.0298674,2.105071,0.38842893,0.34986147,-8.612678,14.380249,22.74974,-23.632225,-48.112297,24.549755,13.287647,-12.210748,10.289373,-23.164637,14.8541565,-134.99997,0.8804942,6.0591545,-7.4918137
752,-0.22162818908691406,1.4323992729187012,66.54756927490234,0.26870534979115346,-1.5506696309888228,-86.36645098275011,2.9838493,0.34090906,6.5375276,6.6597157,-8.343281,0.0,4.49923,-0.94808376,-9.38778,6.618474,-10.430874,0.0,1.0305419,2.1084828,0.39456424,0.33944806,-8.608949,14.38288,22.74987,-23.640152,-48.119343,24.549398,13.285095,-12.210748,10.286836,-23.164598,14.850519,-134.99997,0.9315017,6.086138,-7.4739075
753,-0.22213111817836761,1.4352246522903442,66.54798126220703,0.2694128862289477,-1.5521407824826903,-86.3641486383384,2.9828305,0.34051633,6.535532,6.6577377,-8.339192,0.0,4.49922,-0.94826424,-9.389995,6.6172504,-10.428353,0.0,1.0280176,2.1160252,0.39471745,0.32987157,-8.608339,14.380643,22.750208,-23.64521,-48.121094,24.559061,13.283861,-12.210748,10.281136,-23.164415,14.846847,-134.99997,0.942468,6.094335,-7.4765577
754,-0.2226724922657013,1.4382885694503784,66.54810333251953,0.27059780156677143,-1.5544758771832696,-86.36168976211205,2.9832065,0.33957088,6.533583,6.654941,-8.334921,0.0,4.500978,-0.9486429,-9.391743,6.613123,-10.42397,0.0,1.0240346,2.125999,0.39153016,0.32166716,-8.610898,14.374153,22.750626,-23.646393,-48.119846,24.574476,13.285764,-12.210748,10.274768,-23.164211,14.843358,-134.99997,0.9272657,6.091236,-7.493627
755,-0.22534632682800293,1.4429101943969727,66.54789733886719,0.27175586425244963,-1.5567956485750756,-86.3593516842059,2.9821432,0.34024712,6.5315356,6.651269,-8.328168,0.0,4.5015693,-0.9472998,-9.393417,6.6093063,-10.419063,0.0,1.0203011,2.1354024,0.38832784,0.314568,-8.615524,14.367237,22.751001,-23.645332,-48.11977,24.588518,13.290538,-12.210748,10.269282,-23.16408,14.839823,-134.99997,0.90371436,6.08492,-7.513178
756,-0.22462233901023865,1.4439576864242554,66.5483627319336,0.2724216641619161,-1.5580688757196506,-86.35760900208767,2.983003,0.3388736,6.529856,6.6490736,-8.325947,0.0,4.502901,-0.9483254,-9.394679,6.6075387,-10.417357,0.0,1.0186858,2.140755,0.38845864,0.30781478,-8.620495,14.364472,22.751144,-23.644993,-48.125393,24.594873,13.296672,-12.210748,10.266162,-23.164051,14.835759,-134.99997,0.888311,6.0831347,-7.5236115
757,-0.22455407679080963,1.4453940391540527,66.5484390258789,0.27292796772890504,-1.557852523332243,-86.35655235790452,2.9818008,0.33816445,6.528057,6.647253,-8.323319,0.0,4.500276,-0.94914,-9.396155,6.6102424,-10.417575,0.0,1.0211394,2.1393745,0.394714,0.2940961,-8.626745,14.37333,22.75086,-23.653376,-48.14403,24.592554,13.301184,-12.210748,10.269524,-23.164005,14.825917,-134.99997,0.8824178,6.090509,-7.5164514
758,-0.22656238079071045,1.4475053548812866,66.54837036132812,0.2728701710173777,-1.556709227952791,-86.35610937599742,2.9800277,0.3394324,6.526233,6.6439543,-8.319282,0.0,4.4953523,-0.9479525,-9.397667,6.61379,-10.417424,0.0,1.0262471,2.1333485,0.4045111,0.28388184,-8.626452,14.389069,22.750336,-23.669924,-48.17027,24.585432,13.302514,-12.210748,10.277362,-23.163912,14.814678,-134.99997,0.8829448,6.1008396,-7.499402
759,-0.22797931730747223,1.4494203329086304,66.5488510131836,0.2720744258095154,-1.5552541467587486,-86.35585901437403,2.9775257,0.3410293,6.5248194,6.641495,-8.315603,0.0,4.4901366,-0.94653535,-9.398806,6.618003,-10.417859,0.0,1.0308102,2.1276286,0.41406178,0.274962,-8.625449,14.40354,22.749939,-23.687037,-48.194633,24.57878,13.302835,-12.210748,10.28493,-23.163748,14.804139,-134.99997,0.885092,6.1111536,-7.4799933
760,-0.2275482565164566,1.4514384269714355,66.54936981201172,0.2724331414553647,-1.5541040455852226,-86.35585210801933,2.9743693,0.34030765,6.5245132,6.6418824,-8.313859,0.0,4.486056,-0.94754374,-9.399039,6.620509,-10.417263,0.0,1.0317297,2.1269934,0.41954753,0.27090743,-8.626997,14.40905,22.749893,-23.697796,-48.209072,24.574387,13.304544,-12.210748,10.286726,-23.16352,14.7964,-134.99997,0.88653135,6.1178026,-7.4679365
761,-0.22916200757026672,1.4556235074996948,66.55007934570312,0.2727208207531599,-1.5533696009289062,-86.3559464487416,2.9677792,0.34152386,6.5254235,6.6454725,-8.3111,0.0,4.4815288,-0.9466683,-9.3982725,6.6192226,-10.412434,0.0,1.0264732,2.1344192,0.41796848,0.26715645,-8.633776,14.404883,22.75018,-23.699005,-48.206562,24.577244,13.30109,-12.210748,10.279005,-23.163357,14.792382,-134.99997,0.88809335,6.1193514,-7.4593015
762,-0.22978103160858154,1.458289623260498,66.55084228515625,0.2723885822374716,-1.552569001677639,-86.35633154482095,2.96148,0.34280047,6.527495,6.6520724,-8.311588,0.0,4.479205,-0.9457187,-9.396452,6.6171346,-10.409008,0.0,1.0172925,2.1470022,0.41183364,0.25903547,-8.666736,14.386652,22.750782,-23.685637,-48.191444,24.576181,13.303301,-12.210748,10.26266,-23.16231,14.783551,-134.99997,0.8857027,6.1193237,-7.4480586
763,-0.23083935678005219,1.4605588912963867,66.55123901367188,0.2731260864498136,-1.552136819693421,-86.35673699232562,2.9555862,0.34352598,6.5296483,6.6592507,-8.312691,0.0,4.4772344,-0.94545084,-9.394684,6.6153855,-10.405989,0.0,1.0079362,2.1599157,0.40588313,0.25748524,-8.688529,14.371388,22.75082,-23.66886,-48.175793,24.574615,13.3038645,-12.210748,10.247358,-23.16188,14.784697,-134.99997,0.8873563,6.1179233,-7.4480486
764,-0.2316165268421173,1.4634807109832764,66.55159759521484,0.2728680892212385,-1.5521680445987456,-86.35715404147939,2.95063,0.3447552,6.531312,6.663973,-8.312107,0.0,4.4751434,-0.9445652,-9.393681,6.6135097,-10.402202,0.0,1.0024886,2.1685424,0.4048349,0.25640166,-8.693898,14.365492,22.751112,-23.665886,-48.168846,24.579884,13.300024,-12.210748,10.23987,-23.161762,14.783852,-134.99997,0.885142,6.1152296,-7.4532166
765,-0.2319873571395874,1.4640573263168335,66.55198669433594,0.2721092970625369,-1.5532335387586385,-86.35742131774015,2.9497743,0.3460846,6.5323544,6.6664295,-8.312728,0.0,4.474565,-0.9437021,-9.393899,6.615442,-10.402587,0.0,1.0028186,2.171142,0.41142058,0.251676,-8.700807,14.363154,22.751408,-23.665041,-48.16977,24.585684,13.299857,-12.210748,10.240204,-23.161394,14.778197,-134.99997,0.8728967,6.111904,-7.4669538
766,-0.23242636024951935,1.46775221824646,66.55171203613281,0.2706479244580297,-1.5550229481439382,-86.35764681227838,2.948401,0.34782365,6.5331464,6.6663256,-8.309854,0.0,4.472621,-0.9422486,-9.394923,6.615957,-10.3995075,0.0,1.006601,2.170114,0.42267883,0.24748866,-8.700648,14.369025,22.751385,-23.67079,-48.176704,24.594812,13.296386,-12.210748,10.247448,-23.161234,14.772872,-134.99997,0.85798216,6.1081915,-7.4872417
767,-0.23391205072402954,1.4700404405593872,66.5518798828125,0.269875127762485,-1.5565565991972787,-86.35801151544776,2.948411,0.34969863,6.533594,6.665179,-8.30751,0.0,4.4710903,-0.94060534,-9.396047,6.6174755,-10.398198,0.0,1.011088,2.168159,0.434318,0.24262816,-8.698282,14.376262,22.75146,-23.67947,-48.185783,24.603643,13.293158,-12.210748,10.256743,-23.16104,14.766684,-134.99997,0.8409358,6.103934,-7.5090303
768,-0.2363702803850174,1.4741873741149902,66.5518798828125,0.26917910607758005,-1.55676874002617,-86.3584856348704,2.9460125,0.35203022,6.533718,6.6626554,-8.302473,0.0,4.467009,-0.9383102,-9.396707,6.6181164,-10.394871,0.0,1.0135182,2.1678088,0.44199654,0.23875509,-8.696812,14.382468,22.751587,-23.687664,-48.195454,24.608212,13.291751,-12.210748,10.2654915,-23.160913,14.761346,-134.99997,0.82709044,6.101215,-7.5260406
769,-0.23693256080150604,1.4753918647766113,66.55211639404297,0.2703735087106139,-1.555361103281549,-86.35888567723333,2.9444108,0.3511073,6.533051,6.6602592,-8.299879,0.0,4.464479,-0.93910253,-9.396703,6.617839,-10.39343,0.0,1.0133171,2.170036,0.44393396,0.23720293,-8.698483,14.386697,22.751848,-23.697691,-48.20646,24.603773,13.294515,-12.210748,10.273238,-23.16069,14.756135,-134.99997,0.8172255,6.1008615,-7.5377083
770,-0.23778565227985382,1.4776724576950073,66.55247497558594,0.2723368901252324,-1.5528139364745523,-86.35936628618599,2.9411056,0.3494964,6.531821,6.657001,-8.295778,0.0,4.4589725,-0.9406264,-9.396412,6.618952,-10.391545,0.0,1.0118581,2.173407,0.44257236,0.23825686,-8.704171,14.38933,22.752161,-23.709068,-48.218395,24.593653,13.299985,-12.210748,10.28056,-23.160366,14.751835,-134.99997,0.8100471,6.101671,-7.546473
771,-0.239548459649086,1.4798996448516846,66.55244445800781,0.27362815791631145,-1.5495298898588843,-86.36018914328507,2.9368455,0.3492404,6.5308895,6.654576,-8.292126,0.0,4.4533415,-0.9406665,-9.395656,6.619137,-10.3894825,0.0,1.0095526,2.1768963,0.4403314,0.24186182,-8.712616,14.390842,22.75257,-23.721306,-48.22934,24.582638,13.305548,-12.210748,10.288229,-23.159979,14.748428,-134.99997,0.8054375,6.104044,-7.554065
772,-0.24005581438541412,1.4821574687957764,66.55298614501953,0.274509205994884,-1.5460626277940976,-86.36174535469172,2.9326053,0.34847328,6.5313144,6.652601,-8.289243,0.0,4.447742,-0.9412585,-9.394032,6.6181917,-10.386464,0.0,1.0067309,2.1796165,0.43980578,0.24773668,-8.7220955,14.391205,22.753134,-23.733294,-48.237003,24.575195,13.309292,-12.210748,10.29604,-23.15954,14.745884,-134.99997,0.80272883,6.1064224,-7.5627446
773,-0.24031321704387665,1.4843440055847168,66.55364227294922,0.27351291477766076,-1.5422648692750478,-86.36418428136406,2.927233,0.3495188,6.5334024,6.652209,-8.287102,0.0,4.4416084,-0.9402459,-9.391618,6.6171813,-10.383333,0.0,1.0027931,2.1818097,0.44176003,0.2482196,-8.722592,14.39043,22.753878,-23.740261,-48.23964,24.573498,13.309358,-12.210748,10.300751,-23.159111,14.744964,-134.99997,0.803095,6.1086926,-7.5660477
774,-0.2413240522146225,1.4859684705734253,66.55389404296875,0.2718576157597478,-1.5385874173891183,-86.36740736983555,2.9232497,0.35174015,6.536289,6.6511664,-8.285433,0.0,4.4366965,-0.93785495,-9.388682,6.6149435,-10.380281,0.0,0.9980991,2.1839352,0.44412506,0.2484387,-8.722768,14.3900795,22.75457,-23.743488,-48.240364,24.572624,13.309512,-12.210748,10.3034725,-23.158806,14.744177,-134.99997,0.80346024,6.1102242,-7.5678587
775,-0.24000297486782074,1.4869142770767212,66.55428314208984,0.2704740562598203,-1.536021852006197,-86.37093583712942,2.9200659,0.35197946,6.539515,6.6525307,-8.286159,0.0,4.4318666,-0.9379072,-9.385493,6.616193,-10.37942,0.0,0.9939607,2.1863852,0.44603533,0.2485173,-8.722823,14.389974,22.755074,-23.744757,-48.240547,24.572218,13.309605,-12.210748,10.3046875,-23.158657,14.743741,-134.99997,0.8036643,6.110951,-7.5685973
776,-0.24097780883312225,1.4883320331573486,66.55435180664062,0.2708657249550116,-1.5344768060316203,-86.3738810208567,2.917736,0.3523167,6.5420427,6.6523647,-8.285105,0.0,4.4286814,-0.93763465,-9.383083,6.614827,-10.37677,0.0,0.9909001,2.188164,0.44756716,0.24855737,-8.722851,14.389915,22.7554,-23.745533,-48.240658,24.57193,13.30966,-12.210748,10.305497,-23.158558,14.743466,-134.99997,0.80378383,6.111428,-7.569035
777,-0.241643026471138,1.4897016286849976,66.55457305908203,0.27021576551634535,-1.5336113337380046,-86.37644166930228,2.9166002,0.3532066,6.5441546,6.651964,-8.28456,0.0,4.4259543,-0.93670076,-9.380952,6.614587,-10.37486,0.0,0.98853046,2.1894963,0.44831333,0.24857438,-8.722863,14.389886,22.755606,-23.74611,-48.240746,24.571697,13.309692,-12.210748,10.30607,-23.158516,14.743266,-134.99997,0.8038875,6.1117563,-7.569294
778,-0.24426400661468506,1.4920406341552734,66.55429077148438,0.2690918198914156,-1.5289685307194503,-86.38140991684998,2.91058,0.35649356,6.551801,6.652356,-8.283582,0.0,4.4216423,-0.93293583,-9.373376,6.606617,-10.367796,0.0,0.98767453,2.1865523,0.45210323,0.25491834,-8.730381,14.386985,22.756248,-23.763573,-48.248657,24.552963,13.316325,-12.210748,10.340485,-23.158352,14.739554,-134.99997,0.82961535,6.1213326,-7.592092
779,-0.24576227366924286,1.4944766759872437,66.55423736572266,0.26944918588809635,-1.5296256241731057,-86.38505002223972,2.9126713,0.3567669,6.555743,6.646387,-8.279237,0.0,4.4197636,-0.93233174,-9.369943,6.605051,-10.363899,0.0,0.9878665,2.187081,0.45213458,0.24614272,-8.727953,14.386678,22.756708,-23.776903,-48.249153,24.554546,13.31097,-12.210748,10.353108,-23.158176,14.737278,-134.99997,0.8370729,6.112953,-7.587992
780,-0.24557121098041534,1.4943994283676147,66.5547103881836,0.2709597804432258,-1.5287769469488877,-86.38845093151994,2.9121835,0.3551516,6.558963,6.647588,-8.281081,0.0,4.417524,-0.93423396,-9.366951,6.606327,-10.363793,0.0,0.988015,2.1860874,0.45276317,0.24547565,-8.727602,14.386693,22.756899,-23.782768,-48.251274,24.554531,13.310339,-12.210748,10.35582,-23.15806,14.7372675,-134.99997,0.83610165,6.111821,-7.5864997
781,-0.24539318680763245,1.4946354627609253,66.55476379394531,0.27000568132249864,-1.5245496392731885,-86.39273099626071,2.9098227,0.35570747,6.563692,6.6447935,-8.280246,0.0,4.4119763,-0.9337259,-9.362676,6.606593,-10.362735,0.0,0.98973686,2.181289,0.45425072,0.23126014,-8.716609,14.388293,22.757034,-23.791876,-48.255177,24.561554,13.310218,-12.210748,10.36315,-23.158041,14.7347355,-134.99997,0.8180873,6.099525,-7.5798593
782,-0.2463710755109787,1.4951673746109009,66.5550308227539,0.26889773238016734,-1.5187344332115227,-86.3968854260064,2.9046202,0.35743284,6.56783,6.6450677,-8.28106,0.0,4.4040637,-0.9322357,-9.358929,6.607672,-10.361809,0.0,0.9920478,2.174658,0.4565667,0.2291908,-8.713109,14.390056,22.757067,-23.79777,-48.26055,24.569506,13.313391,-12.210748,10.366727,-23.158062,14.734472,-134.99997,0.7953378,6.0909705,-7.5771894
783,-0.24608540534973145,1.4945820569992065,66.5552749633789,0.2678590008839368,-1.5128382974985337,-86.4009391527427,2.8997676,0.3582213,6.571864,6.6454735,-8.282504,0.0,4.397038,-0.9317831,-9.355211,6.609436,-10.362364,0.0,0.99381137,2.1677134,0.45879877,0.2287712,-8.709075,14.391869,22.757011,-23.802559,-48.26573,24.577518,13.316728,-12.210748,10.36797,-23.1583,14.734109,-134.99997,0.7706759,6.0824127,-7.574518
784,-0.24570594727993011,1.493783712387085,66.55536651611328,0.2667550369123936,-1.5088587952662702,-86.40456057332533,2.8971744,0.35893437,6.5752254,6.6457195,-8.284141,0.0,4.392255,-0.9313221,-9.352012,6.6105003,-10.362541,0.0,0.993553,2.1630766,0.4605514,0.2288822,-8.707677,14.392454,22.75681,-23.807003,-48.269165,24.5793,13.317188,-12.210748,10.367804,-23.15864,14.73429,-134.99997,0.7617956,6.0794225,-7.5733976
785,-0.24642542004585266,1.4943902492523193,66.55533599853516,0.26730152375663796,-1.5089193778823589,-86.40600310961807,2.8972063,0.35890648,6.576303,6.6452928,-8.283663,0.0,4.391843,-0.93134034,-9.351028,6.6094403,-10.361064,0.0,0.99245673,2.163065,0.46079004,0.22888184,-8.70767,14.392427,22.756819,-23.807125,-48.269226,24.579245,13.317171,-12.210748,10.367782,-23.15869,14.734232,-134.99997,0.76182526,6.079431,-7.5734115
786,-0.2477232813835144,1.4948371648788452,66.55514526367188,0.2678573137615876,-1.5089979893267988,-86.40848950951587,2.8971152,0.35929984,6.578093,6.645748,-8.283905,0.0,4.390941,-0.931032,-9.349279,6.6097045,-10.360525,0.0,0.99022776,2.1631408,0.46107456,0.22888032,-8.707661,14.392357,22.756853,-23.80736,-48.269356,24.579098,13.317125,-12.210748,10.367729,-23.158825,14.73407,-134.99997,0.7619833,6.07948,-7.573449
787,-0.24837499856948853,1.4962412118911743,66.55509185791016,0.268339403252973,-1.5092602511140236,-86.41249279170512,2.89773,0.3590763,6.5811915,6.6442094,-8.282627,0.0,4.389882,-0.9311958,-9.346287,6.607639,-10.357225,0.0,0.98574173,2.1633558,0.4615953,0.22887583,-8.707639,14.392143,22.75695,-23.807962,-48.269722,24.578682,13.316984,-12.210748,10.367535,-23.159227,14.733602,-134.99997,0.76252383,6.079626,-7.573544
788,-0.2470179945230484,1.4953153133392334,66.55528259277344,0.26802453822363526,-1.5090877493392283,-86.41465348685817,2.8983436,0.35833028,6.5829744,6.645805,-8.285001,0.0,4.389271,-0.9322132,-9.3445,6.609154,-10.358161,0.0,0.9835316,2.1632895,0.46176133,0.22887328,-8.707629,14.392037,22.756998,-23.808207,-48.26989,24.57851,13.316913,-12.210748,10.367425,-23.159412,14.73339,-134.99997,0.7627577,6.079681,-7.573581
789,-0.248041570186615,1.4958827495574951,66.5552978515625,0.2682443802423784,-1.5090315938549959,-86.41615436141811,2.8985858,0.3588963,6.584281,6.6448917,-8.28388,0.0,4.3891487,-0.9315549,-9.343415,6.607626,-10.3567095,0.0,0.98209184,2.1630545,0.46183133,0.22887103,-8.707623,14.391949,22.757015,-23.808325,-48.270008,24.578432,13.3168545,-12.210748,10.367327,-23.159521,14.733275,-134.99997,0.7628755,6.0796905,-7.5735893
790,-0.24940474331378937,1.496216058731079,66.55538177490234,0.26805873675158837,-1.5071466432510985,-86.42026557631003,2.8971205,0.36018962,6.5878406,6.645087,-8.283827,0.0,4.385583,-0.9305272,-9.340147,6.6080704,-10.355758,0.0,0.97764945,2.159954,0.46199977,0.22885126,-8.707569,14.391196,22.756987,-23.808546,-48.270786,24.578373,13.316346,-12.210748,10.366388,-23.159966,14.732951,-134.99997,0.7631604,6.0794163,-7.5733542
791,-0.252055287361145,1.4969357252120972,66.55496978759766,0.266306834362417,-1.492544583392026,-86.42453953288458,2.881459,0.36447284,6.595179,6.6478972,-8.284675,0.0,4.36939,-0.926679,-9.334565,6.6076508,-10.354252,0.0,0.9760398,2.1411717,0.46340093,0.22631091,-8.701036,14.383582,22.757275,-23.80705,-48.277744,24.600758,13.303777,-12.210748,10.339193,-23.160786,14.730072,-134.99997,0.7385148,6.0672174,-7.5489244
792,-0.2514479160308838,1.4956600666046143,66.55551147460938,0.26584341839123976,-1.4878051172646913,-86.42788803452922,2.8785884,0.36451176,6.5988603,6.648089,-8.286393,0.0,4.365221,-0.9267312,-9.331223,6.6069083,-10.354076,0.0,0.97732955,2.134342,0.46348077,0.22597012,-8.70016,14.382263,22.75734,-23.804478,-48.277702,24.606266,13.302175,-12.210748,10.333234,-23.160843,14.730111,-134.99997,0.73162204,6.0637574,-7.5461025
793,-0.25136396288871765,1.4937117099761963,66.5559310913086,0.26574231669819587,-1.4840949348977028,-86.43157630998051,2.8764277,0.3645861,6.602188,6.6501,-8.289923,0.0,4.361698,-0.9268945,-9.327667,6.608395,-10.355874,0.0,0.97803277,2.1289394,0.46377063,0.22582981,-8.699675,14.381342,22.757524,-23.803816,-48.277966,24.608044,13.301512,-12.210748,10.329022,-23.160873,14.728277,-134.99997,0.7296437,6.061833,-7.546516
794,-0.25347092747688293,1.4919445514678955,66.55564880371094,0.2657176103377064,-1.4821270553669665,-86.43497437237755,2.8763192,0.3661252,6.604649,6.6506715,-8.292337,0.0,4.3602295,-0.9253178,-9.324783,6.6087513,-10.357135,0.0,0.97792304,2.1257489,0.46404842,0.22580682,-8.699531,14.380945,22.75778,-23.804232,-48.278263,24.607897,13.301377,-12.210748,10.327261,-23.160978,14.726613,-134.99997,0.7300757,6.061299,-7.5474634
795,-0.25251439213752747,1.4935343265533447,66.55599212646484,0.26664231940897265,-1.4810097748422324,-86.43793166698302,2.874958,0.36422628,6.6069827,6.649957,-8.291732,0.0,4.3575907,-0.9271914,-9.322212,6.6078167,-10.354673,0.0,0.9777555,2.1233263,0.4646876,0.2258034,-8.6994505,14.380664,22.757986,-23.804768,-48.27855,24.607555,13.301314,-12.210748,10.326049,-23.161123,14.725158,-134.99997,0.73080695,6.0610313,-7.548349
796,-0.25261804461479187,1.494950294494629,66.55564880371094,0.26634849121145077,-1.4803438820890988,-86.44010121351681,2.873972,0.3642922,6.6086574,6.6494174,-8.291029,0.0,4.355384,-0.9270629,-9.320376,6.6072392,-10.352632,0.0,0.9775442,2.121287,0.4648376,0.22580546,-8.699406,14.380442,22.758049,-23.805136,-48.27881,24.60737,13.301248,-12.210748,10.325215,-23.161224,14.724127,-134.99997,0.73137784,6.060857,-7.5489764
797,-0.253696471452713,1.495924949645996,66.5558090209961,0.26628959569953775,-1.4700811876593542,-86.44739224630248,2.8654864,0.36500102,6.617206,6.6470375,-8.29024,0.0,4.342333,-0.9263446,-9.310421,6.6075225,-10.350429,0.0,0.9845911,2.1057892,0.4660313,0.22704038,-8.689032,14.37716,22.758171,-23.817852,-48.29764,24.619474,13.301243,-12.210748,10.291132,-23.161951,14.70326,-134.99997,0.7615718,6.0587687,-7.591186
798,-0.253471314907074,1.495253086090088,66.55583190917969,0.2666831399578505,-1.4683975696954537,-86.4492932326823,2.864722,0.36461833,6.6199927,6.6469784,-8.291019,0.0,4.3401566,-0.9270247,-9.3084955,6.6087546,-10.351084,0.0,0.98643476,2.1004484,0.4667434,0.22823001,-8.683459,14.377648,22.757309,-23.826672,-48.309402,24.654167,13.298934,-12.210748,10.274772,-23.16256,14.692201,-134.99997,0.7613077,6.0572076,-7.598119
799,-0.2539632022380829,1.494444489479065,66.55567169189453,0.2661321066525227,-1.4675698109528623,-86.45018340992831,2.8650744,0.36564767,6.6215644,6.646971,-8.2920065,0.0,4.3400297,-0.92605084,-9.308108,6.608695,-10.351683,0.0,0.98685366,2.0963333,0.46728426,0.22985671,-8.678373,14.378597,22.756758,-23.83386,-48.32139,24.699749,13.295193,-12.210748,10.261963,-23.162704,14.685671,-134.99997,0.75220466,6.0551577,-7.5956745
800,-0.255854070186615,1.4948378801345825,66.55533599853516,0.26637378344394796,-1.4672442311128082,-86.45046605789037,2.8641136,0.36704296,6.6218176,6.647264,-8.29146,0.0,4.3389244,-0.9248228,-9.30834,6.6091685,-10.351584,0.0,0.98591864,2.09361,0.46733293,0.23086031,-8.675965,14.377541,22.75653,-23.839342,-48.32915,24.72295,13.29135,-12.210748,10.253651,-23.162872,14.681262,-134.99997,0.7474279,6.0536175,-7.592554
801,-0.25603988766670227,1.4959380626678467,66.55553436279297,0.26665928590822563,-1.4674574741845905,-86.4507698306472,2.8638513,0.36687872,6.6218576,6.6463714,-8.290038,0.0,4.3384914,-0.92497385,-9.308157,6.608139,-10.3498955,0.0,0.98550993,2.0934348,0.4671909,0.23086615,-8.675954,14.377474,22.75655,-23.839443,-48.329243,24.723003,13.291298,-12.210748,10.253564,-23.162888,14.681189,-134.99997,0.7474315,6.0536013,-7.5925446
802,-0.2566366493701935,1.494400978088379,66.555419921875,0.2669766695258035,-1.4672117226278378,-86.4510296431297,2.8644657,0.36719644,6.621625,6.6474667,-8.291918,0.0,4.3389306,-0.92482644,-9.307998,6.609704,-10.352214,0.0,0.98503107,2.0933225,0.46700236,0.2308693,-8.675946,14.377407,22.756592,-23.839539,-48.329323,24.722963,13.291259,-12.210748,10.253505,-23.162912,14.681128,-134.99997,0.7474562,6.053595,-7.5925436
803,-0.25662553310394287,1.4944031238555908,66.55548095703125,0.2669771160018983,-1.4672107172814104,-86.45102964650401,2.8643548,0.36731455,6.6212983,6.647792,-8.292147,0.0,4.3387833,-0.9248437,-9.307998,6.6100287,-10.352392,0.0,0.98503107,2.0933225,0.46700236,0.2308693,-8.675946,14.377407,22.756592,-23.839539,-48.329323,24.722963,13.291259,-12.210748,10.253505,-23.162912,14.681128,-134.99997,0.7474562,6.053595,-7.5925436
804,-0.2571152150630951,1.494990587234497,66.5552978515625,0.2672711396584044,-1.4673965084621285,-86.4511786776016,2.8641772,0.36734205,6.6211863,6.6473823,-8.291376,0.0,4.338706,-0.92475945,-9.307934,6.609386,-10.35154,0.0,0.9847188,2.0932968,0.46688598,0.23087037,-8.675945,14.377359,22.75663,-23.839602,-48.329372,24.722904,13.291237,-12.210748,10.253476,-23.16293,14.681093,-134.99997,0.74747896,6.053594,-7.5925455
805,-0.25768011808395386,1.495043396949768,66.55531311035156,0.2676718028601963,-1.467567622850703,-86.45130007462754,2.86467,0.3673321,6.621191,6.6468234,-8.291208,0.0,4.339046,-0.92461246,-9.307894,6.6088233,-10.351192,0.0,0.9843918,2.0932496,0.46676576,0.23087153,-8.675943,14.37729,22.756678,-23.839676,-48.329437,24.72283,13.291202,-12.210748,10.253435,-23.162952,14.681046,-134.99997,0.7475117,6.0535903,-7.5925508
806,-0.2602544128894806,1.4967427253723145,66.55561065673828,0.2682103377226743,-1.4685561182313573,-86.45125573157776,2.8638248,0.36864087,6.6210647,6.6465526,-8.289122,0.0,4.338123,-0.92320096,-9.308132,6.6095314,-10.350339,0.0,0.9835127,2.0931184,0.46623322,0.23087534,-8.675937,14.376981,22.756842,-23.839954,-48.329723,24.722544,13.291038,-12.210748,10.253246,-23.163055,14.68085,-134.99997,0.74765795,6.0535655,-7.5925736
807,-0.2602534890174866,1.4967340230941772,66.55547332763672,0.268208897245706,-1.4685563001454598,-86.45125571354195,2.863769,0.3685994,6.6211824,6.6464586,-8.289168,0.0,4.3380976,-0.92314506,-9.308097,6.609561,-10.350351,0.0,0.98351157,2.093118,0.46623236,0.23087534,-8.675937,14.376981,22.756842,-23.839954,-48.329723,24.722544,13.291038,-12.210748,10.253245,-23.163055,14.68085,-134.99997,0.7476583,6.0535655,-7.5925736
808,-0.2612482011318207,1.494855284690857,66.5554428100586,0.2691865549858218,-1.4868913930757133,-86.43820302067931,2.8842866,0.3682734,6.605504,6.638939,-8.284055,0.0,4.3592615,-0.9226311,-9.320523,6.613585,-10.357214,0.0,0.97104067,2.1123297,0.4629438,0.24734147,-8.64809,14.325953,22.758968,-23.870934,-48.387867,24.574827,13.259311,-12.210748,10.20073,-23.163544,14.666181,-134.99997,0.80498207,6.066697,-7.5876036
809,-0.2632523477077484,1.494771122932434,66.55522918701172,0.2691630892234522,-1.4873022713355395,-86.43704381811484,2.8843653,0.36996225,6.6045732,6.6386576,-8.283227,0.0,4.3594365,-0.9209359,-9.321442,6.6145506,-10.358364,0.0,0.97104484,2.112268,0.46267623,0.24734609,-8.648087,14.325937,22.759108,-23.871244,-48.387886,24.574713,13.259263,-12.210748,10.200632,-23.163536,14.666061,-134.99997,0.8049591,6.066661,-7.58759
810,-0.263618528842926,1.4950511455535889,66.55558013916016,0.26982946027996335,-1.4879877111753992,-86.43503367563275,2.884439,0.3699013,6.6030984,6.6384773,-8.28231,0.0,4.3604145,-0.9209977,-9.322915,6.6142163,-10.35861,0.0,0.97084546,2.1120825,0.46245128,0.24735156,-8.648085,14.325889,22.759274,-23.871634,-48.387928,24.574493,13.259238,-12.210748,10.20052,-23.163467,14.6659775,-134.99997,0.8048588,6.0665765,-7.587557
811,-0.26508858799934387,1.4955397844314575,66.55546569824219,0.2677807777007541,-1.493968072168299,-86.41800870416441,2.8806968,0.37435532,6.586527,6.6499796,-8.283925,0.0,4.3741126,-0.9158258,-9.336863,6.605412,-10.357848,0.0,0.9552333,2.1161637,0.46101442,0.26403368,-8.652265,14.304471,22.759802,-23.898832,-48.382523,24.50471,13.266682,-12.210748,10.188245,-23.163052,14.649016,-134.99997,0.7407428,6.043292,-7.5657625
812,-0.2670920491218567,1.496254324913025,66.55554962158203,0.26723374304803826,-1.4954531693304982,-86.41176095602579,2.8783472,0.37700334,6.5805826,6.6533875,-8.283107,0.0,4.377204,-0.91307396,-9.342367,6.6034164,-10.357754,0.0,0.9514073,2.1169388,0.46023834,0.2764693,-8.662949,14.293222,22.760166,-23.918848,-48.379124,24.492752,13.262498,-12.210748,10.186562,-23.16258,14.632805,-134.99997,0.7164019,6.037705,-7.55375
813,-0.26792219281196594,1.4959068298339844,66.55561065673828,0.26720170794965115,-1.4963640456151923,-86.40731163488533,2.8756645,0.37835267,6.5764117,6.659209,-8.284849,0.0,4.3788,-0.91217136,-9.346924,6.6045628,-10.359512,0.0,0.9502267,2.117847,0.4593223,0.2848856,-8.678279,14.284083,22.76047,-23.933155,-48.38641,24.496058,13.255474,-12.210748,10.186891,-23.16235,14.621626,-134.99997,0.71189654,6.040063,-7.549511
814,-0.2707434892654419,1.4972516298294067,66.55554962158203,0.26817589019249194,-1.4968017332731725,-86.40391804981142,2.8737292,0.37993452,6.5731907,6.6594553,-8.2818985,0.0,4.37915,-0.91067517,-9.351104,6.6038527,-10.358734,0.0,0.95066774,2.1187916,0.45809773,0.28589603,-8.681823,14.278828,22.760927,-23.9437,-48.39918,24.50401,13.247594,-12.210748,10.186688,-23.162258,14.614381,-134.99997,0.71741855,6.045919,-7.5515847
815,-0.27203884720802307,1.4966908693313599,66.55594635009766,0.26869217692417663,-1.4969335815759048,-86.40131540617081,2.8727863,0.3808464,6.5709233,6.661136,-8.281901,0.0,4.3795857,-0.9100451,-9.353778,6.605322,-10.360392,0.0,0.9515241,2.1189969,0.45670527,0.28597164,-8.682166,14.275658,22.7609,-23.946676,-48.403168,24.504969,13.245016,-12.210748,10.18687,-23.16237,14.612028,-134.99997,0.71913385,6.047327,-7.552535
816,-0.2731882631778717,1.497033953666687,66.55580139160156,0.26881373795326113,-1.4969510497121976,-86.39922466238701,2.871625,0.38184458,6.5691614,6.6616654,-8.280902,0.0,4.3798523,-0.90909857,-9.355792,6.6054068,-10.36068,0.0,0.9519904,2.1187694,0.45551965,0.28599757,-8.682271,14.274158,22.760845,-23.947786,-48.404884,24.505018,13.243977,-12.210748,10.187032,-23.162493,14.611277,-134.99997,0.7197662,6.047906,-7.5528755
817,-0.27486926317214966,1.4968069791793823,66.55596160888672,0.2694118408496801,-1.496901894883696,-86.39779218414218,2.8716145,0.3826599,6.5678844,6.6609483,-8.280206,0.0,4.3800726,-0.90820724,-9.357189,6.6052017,-10.360926,0.0,0.9522152,2.118291,0.45479366,0.28600815,-8.6823,14.273646,22.760895,-23.948198,-48.40543,24.504854,13.243682,-12.210748,10.187095,-23.16254,14.611108,-134.99997,0.71992,6.048081,-7.552951
818,-0.2737053334712982,1.4943219423294067,66.55583953857422,0.2675734727575891,-1.4935715488913939,-86.39042148360424,2.866571,0.38412395,6.560643,6.665841,-8.2839,0.0,4.376279,-0.90758055,-9.365752,6.6147738,-10.36975,0.0,0.9483894,2.1129034,0.45400736,0.30583137,-8.718777,14.2534075,22.762035,-23.967628,-48.43497,24.45866,13.242875,-12.210748,10.187922,-23.162123,14.61045,-134.99997,0.73339134,6.0767217,-7.559534
819,-0.2746005654335022,1.4936481714248657,66.55547332763672,0.26783601450511196,-1.4934283874545113,-86.39016357098382,2.866875,0.3845291,6.5603423,6.6659913,-8.2848835,0.0,4.37707,-0.9070068,-9.366079,6.614834,-10.37095,0.0,0.9484493,2.1127684,0.45386103,0.30583373,-8.7187805,14.253399,22.762074,-23.967697,-48.43498,24.458622,13.242872,-12.210748,10.187928,-23.162117,14.61046,-134.99997,0.7333842,6.0767274,-7.5595274
820,-0.27710211277008057,1.493717074394226,66.55498504638672,0.2660241337104101,-1.4919553431792971,-86.38520802360927,2.8692257,0.38787034,6.555737,6.6550817,-8.278073,0.0,4.3754125,-0.90304005,-9.370922,6.617199,-10.373464,0.0,0.9459325,2.1071737,0.45163983,0.32733753,-8.741649,14.2402315,22.762976,-23.983477,-48.435207,24.416332,13.246147,-12.210748,10.19067,-23.161592,14.612827,-134.99997,0.7220728,6.0844493,-7.551063
821,-0.27801457047462463,1.4942214488983154,66.55481719970703,0.26552424530287594,-1.4940403366778616,-86.38511385830203,2.8727727,0.38877362,6.555407,6.6507444,-8.275544,0.0,4.3766394,-0.90196836,-9.371857,6.6181583,-10.373701,0.0,0.94662946,2.1068852,0.44976717,0.3382175,-8.758272,14.234696,22.76347,-23.99392,-48.435555,24.426052,13.235916,-12.210748,10.195422,-23.161098,14.6154995,-134.99997,0.7207399,6.083919,-7.5439095
822,-0.2791079878807068,1.4947478771209717,66.55448150634766,0.2668198330636367,-1.4977202881827323,-86.38631199259841,2.8788702,0.38802454,6.556119,6.6454134,-8.272994,0.0,4.37933,-0.9025601,-9.372044,6.618807,-10.373506,0.0,0.94823736,2.1077979,0.44766968,0.33920157,-8.772659,14.230367,22.764238,-24.004839,-48.443153,24.452915,13.228851,-12.210748,10.203442,-23.160019,14.621019,-134.99997,0.7230352,6.078571,-7.535735
823,-0.2794129550457001,1.493799090385437,66.55441284179688,0.26778576458316766,-1.5016480729495438,-86.38756938338905,2.8852584,0.38717195,6.556989,6.6428246,-8.273211,0.0,4.3838115,-0.9033281,-9.371893,6.6189785,-10.374296,0.0,0.949713,2.1088314,0.44548035,0.32517007,-8.797507,14.226446,22.764637,-24.013124,-48.451977,24.485445,13.224166,-12.210748,10.212747,-23.159159,14.62867,-134.99997,0.72788846,6.07124,-7.530665
824,-0.2798660099506378,1.493299961090088,66.55459594726562,0.2688382947291661,-1.5043662161302118,-86.38757370041401,2.888657,0.38658413,6.5570064,6.6418943,-8.273132,0.0,4.3877134,-0.9037855,-9.37216,6.617694,-10.374333,0.0,0.9500308,2.108851,0.44363055,0.3141692,-8.801178,14.225697,22.764708,-24.018814,-48.462906,24.502714,13.221944,-12.210748,10.218479,-23.158642,14.636326,-134.99997,0.7280796,6.067848,-7.5267844
825,-0.2814101576805115,1.4929735660552979,66.55479431152344,0.26890029770307716,-1.5050918980576657,-86.38585074830691,2.888038,0.38808882,6.555818,6.6443257,-8.27405,0.0,4.3913784,-0.90190005,-9.372797,6.612619,-10.372603,0.0,0.9488508,2.1072543,0.44243103,0.31221408,-8.797113,14.226305,22.764456,-24.024668,-48.47477,24.505201,13.223472,-12.210748,10.219599,-23.15862,14.643093,-134.99997,0.7219325,6.0680575,-7.5253654
826,-0.28367990255355835,1.491710901260376,66.55494689941406,0.2694022904012554,-1.5047884408821766,-86.38305880092192,2.8859277,0.3900129,6.5538945,6.6490545,-8.27653,0.0,4.396384,-0.8993872,-9.373595,6.6046433,-10.370499,0.0,0.9467446,2.1046178,0.44163045,0.31370994,-8.787678,14.22773,22.76409,-24.031307,-48.48715,24.501427,13.22715,-12.210748,10.2176485,-23.15872,14.650335,-134.99997,0.71182257,6.0696692,-7.527359
827,-0.28448766469955444,1.4905455112457275,66.55509185791016,0.26881222476170746,-1.504558009275277,-86.37979328998411,2.8828332,0.39192823,6.551644,6.655781,-8.280068,0.0,4.400443,-0.8971967,-9.374722,6.599332,-10.369821,0.0,0.9440692,2.10212,0.4406396,0.31540385,-8.78159,14.229296,22.763584,-24.038382,-48.50069,24.492582,13.232926,-12.210748,10.216568,-23.158958,14.657047,-134.99997,0.7015097,6.071362,-7.528358
828,-0.2866380512714386,1.4908641576766968,66.55462646484375,0.26979393909131116,-1.5055543937687863,-86.37684564123388,2.8803048,0.39325798,6.549297,6.6607842,-8.281234,0.0,4.402685,-0.8959259,-9.376721,6.597033,-10.369152,0.0,0.94118315,2.1006634,0.43869328,0.3168444,-8.774076,14.231393,22.763277,-24.04644,-48.5128,24.486334,13.234353,-12.210748,10.216786,-23.159086,14.663843,-134.99997,0.69511217,6.0721245,-7.5311146
829,-0.287684828042984,1.492178201675415,66.55480194091797,0.2697282339647911,-1.5087862555653841,-86.37371976635879,2.880234,0.39444107,6.546552,6.6638393,-8.280894,0.0,4.4041533,-0.8951826,-9.380269,6.599818,-10.37011,0.0,0.9375685,2.1010473,0.43510103,0.31643817,-8.767506,14.234145,22.76304,-24.05617,-48.52469,24.478426,13.2331705,-12.210748,10.2199745,-23.159096,14.670464,-134.99997,0.69555634,6.0694056,-7.5345535
830,-0.2888970375061035,1.4915168285369873,66.55526733398438,0.271352622277551,-1.5134036554824768,-86.37035256889402,2.8830361,0.39425126,6.5432425,6.6668735,-8.282049,0.0,4.4073715,-0.8961367,-9.385055,6.6060843,-10.374743,0.0,0.9332361,2.1026068,0.4305445,0.31401962,-8.762053,14.237375,22.763054,-24.069706,-48.53676,24.468575,13.229897,-12.210748,10.226239,-23.158854,14.678311,-134.99997,0.7001635,6.0637436,-7.5398464
831,-0.29014042019844055,1.4914370775222778,66.55494689941406,0.2726829308027206,-1.517759323263971,-86.36766773560295,2.885823,0.3942322,6.540402,6.6685567,-8.282098,0.0,4.409585,-0.8969067,-9.389375,6.612281,-10.378557,0.0,0.9293236,2.1039135,0.42581606,0.31044292,-8.757305,14.240157,22.76319,-24.082682,-48.54691,24.463676,13.224056,-12.210748,10.23281,-23.158491,14.685867,-134.99997,0.7061778,6.058467,-7.545049
832,-0.29144027829170227,1.490270972251892,66.55487823486328,0.2733905148727817,-1.5203413228619167,-86.36655114031325,2.888415,0.3948002,6.5388556,6.670004,-8.28343,0.0,4.4111867,-0.896857,-9.39167,6.6170754,-10.382317,0.0,0.9269316,2.1036336,0.4220412,0.30710545,-8.75269,14.242151,22.763186,-24.091269,-48.55481,24.469278,13.21623,-12.210748,10.237715,-23.158348,14.692024,-134.99997,0.7098387,6.0578485,-7.5475206
833,-0.29142144322395325,1.4906001091003418,66.55463409423828,0.273021673134356,-1.519659174553072,-86.36786924410919,2.888769,0.39498338,6.539387,6.6679335,-8.2823,0.0,4.4099536,-0.8965866,-9.390829,6.6170187,-10.381752,0.0,0.9264777,2.100558,0.41897458,0.30531865,-8.746885,14.243797,22.763119,-24.09638,-48.560127,24.49332,13.204502,-12.210748,10.239574,-23.15832,14.699036,-134.99997,0.70679003,6.0650916,-7.5465426
834,-0.2935623526573181,1.4904296398162842,66.55460357666016,0.27290752934808254,-1.5170152928651168,-86.37083428586165,2.8884697,0.3965017,6.5410323,6.6641235,-8.280498,0.0,4.408156,-0.89454186,-9.388253,6.613959,-10.380027,0.0,0.9273682,2.095809,0.41636539,0.3053561,-8.739502,14.244751,22.762932,-24.09666,-48.56412,24.530363,13.191363,-12.210748,10.238755,-23.158464,14.706358,-134.99997,0.69989806,6.0785503,-7.543633
835,-0.294060617685318,1.4918895959854126,66.55413055419922,0.27192344083714737,-1.5144354036176433,-86.37440217285514,2.8877342,0.39740208,6.5434713,6.659782,-8.277811,0.0,4.405291,-0.89306325,-9.384814,6.609784,-10.375866,0.0,0.92894155,2.0912142,0.41444448,0.30673867,-8.731401,14.245257,22.762537,-24.093351,-48.568287,24.564955,13.182105,-12.210748,10.237072,-23.158915,14.71502,-134.99997,0.6949446,6.0939164,-7.5391045
836,-0.2963104248046875,1.491206169128418,66.55438232421875,0.2709259734460639,-1.5140874617114395,-86.37743764851554,2.8892083,0.40004268,6.545704,6.6581593,-8.27769,0.0,4.4051027,-0.89022505,-9.381976,6.6091375,-10.375807,0.0,0.930649,2.0887706,0.41344506,0.31146243,-8.711038,14.247009,22.761644,-24.087372,-48.57425,24.578959,13.18194,-12.210748,10.235844,-23.159658,14.73423,-134.99997,0.7043328,6.1064863,-7.544236
837,-0.29707249999046326,1.490155816078186,66.55472564697266,0.26970399101756887,-1.5171634452506824,-86.3802303319021,2.8935916,0.40195474,6.5485287,6.6586814,-8.279402,0.0,4.407022,-0.88867784,-9.37951,6.6115956,-10.377153,0.0,0.93326706,2.0898407,0.41422087,0.31155103,-8.707723,14.247824,22.761333,-24.091599,-48.577755,24.567614,13.183978,-12.210748,10.241706,-23.159697,14.734286,-134.99997,0.716726,6.107116,-7.5341916
838,-0.2983364164829254,1.4915121793746948,66.55440521240234,0.268443552626182,-1.522272337161705,-86.38309916237652,2.897852,0.4043187,6.551978,6.659465,-8.279244,0.0,4.4093747,-0.8867593,-9.377091,6.613643,-10.376472,0.0,0.9366909,2.0930357,0.4163778,0.31051612,-8.70561,14.248029,22.761204,-24.100475,-48.580463,24.540428,13.190177,-12.210748,10.250288,-23.1594,14.730845,-134.99997,0.7354352,6.1018176,-7.5216994
839,-0.2995223104953766,1.4910852909088135,66.55438232421875,0.26826660896019816,-1.5278175556599514,-86.38542211381774,2.9033966,0.40575382,6.55486,6.6617312,-8.281403,0.0,4.4133086,-0.8858768,-9.375022,6.6165338,-10.377771,0.0,0.93991095,2.0964823,0.41859427,0.3095636,-8.703604,14.248457,22.761078,-24.1095,-48.58266,24.51033,13.197266,-12.210748,10.259179,-23.159166,14.727052,-134.99997,0.756006,6.097276,-7.508668
840,-0.3012971580028534,1.491580605506897,66.55462646484375,0.2672750034239659,-1.5321257369717316,-86.3865866384314,2.9070256,0.40822566,6.5561624,6.662759,-8.281557,0.0,4.416433,-0.883537,-9.373561,6.6174192,-10.377709,0.0,0.94196767,2.0980165,0.41957128,0.30986223,-8.698538,14.249727,22.760906,-24.116209,-48.584923,24.49127,13.201797,-12.210748,10.264484,-23.159126,14.725244,-134.99997,0.773304,6.098562,-7.497824
841,-0.302569180727005,1.4925658702850342,66.55427551269531,0.2678875682339424,-1.5351075905765983,-86.38577428062072,2.9092185,0.4085874,6.5547767,6.661646,-8.279416,0.0,4.4201565,-0.88269854,-9.37313,6.614092,-10.375483,0.0,0.9420255,2.0974476,0.41851723,0.31163058,-8.688454,14.25241,22.760475,-24.118654,-48.58725,24.487879,13.202201,-12.210748,10.263969,-23.159492,14.727369,-134.99997,0.78852475,6.112001,-7.4886737
842,-0.3038690984249115,1.4924503564834595,66.5542221069336,0.268678149249975,-1.537527422861448,-86.38353747792618,2.9116793,0.40874493,6.5514927,6.660583,-8.278096,0.0,4.4254785,-0.8816712,-9.373392,6.609276,-10.374044,0.0,0.94080794,2.0956137,0.41649017,0.3135525,-8.679475,14.255925,22.760017,-24.118883,-48.589397,24.492605,13.200661,-12.210748,10.259854,-23.160017,14.730663,-134.99997,0.80355424,6.1324124,-7.47953
843,-0.30420640110969543,1.4908852577209473,66.55426788330078,0.27046431337391286,-1.5389987956895304,-86.38128318740426,2.9138865,0.40734258,6.548314,6.660017,-8.278023,0.0,4.4307866,-0.88237166,-9.373761,6.6050434,-10.373996,0.0,0.9395578,2.0928252,0.41407913,0.31514603,-8.673323,14.258795,22.75969,-24.118752,-48.59064,24.499678,13.19859,-12.210748,10.257258,-23.160454,14.7332945,-134.99997,0.8139448,6.1493144,-7.472854
844,-0.30711719393730164,1.4910098314285278,66.55449676513672,0.27092246641692247,-1.5389495644929594,-86.38055480215635,2.914248,0.4090574,6.547103,6.658432,-8.276389,0.0,4.432239,-0.8800207,-9.373687,6.6016335,-10.372628,0.0,0.9395385,2.0890071,0.41205755,0.31773248,-8.665971,14.262299,22.759314,-24.118847,-48.59171,24.504486,13.197993,-12.210748,10.256111,-23.161013,14.735767,-134.99997,0.81865394,6.158109,-7.4705334
845,-0.3083075284957886,1.4918802976608276,66.55493927001953,0.2715997668996976,-1.5363162795025336,-86.38191185719614,2.9104416,0.40942177,6.5490055,6.6593037,-8.275855,0.0,4.428111,-0.87990475,-9.372886,6.602384,-10.372049,0.0,0.94145626,2.0834022,0.41074,0.31839,-8.6646185,14.264959,22.758965,-24.120003,-48.591835,24.504694,13.199072,-12.210748,10.259053,-23.161472,14.737075,-134.99997,0.8124413,6.1543775,-7.4745994
846,-0.3103393018245697,1.4926209449768066,66.55520629882812,0.27087883668129525,-1.5316252448197434,-86.38452195095535,2.9058316,0.41168007,6.5527306,6.6586967,-8.2750025,0.0,4.421641,-0.8779324,-9.371717,6.6032305,-10.371248,0.0,0.9445292,2.0762012,0.40948194,0.319388,-8.663118,14.267802,22.758812,-24.122116,-48.591976,24.504002,13.200644,-12.210748,10.264031,-23.161757,14.737519,-134.99997,0.7982394,6.1422286,-7.483918
847,-0.31104576587677,1.4917171001434326,66.55528259277344,0.2711695057935223,-1.5271035399799706,-86.3874889019796,2.902549,0.41209438,6.5567827,6.6589017,-8.276252,0.0,4.4162407,-0.8780048,-9.370256,6.6049747,-10.372046,0.0,0.94761646,2.069379,0.40864125,0.32010987,-8.662305,14.270303,22.758757,-24.124437,-48.591385,24.503584,13.202203,-12.210748,10.268775,-23.161802,14.737306,-134.99997,0.7856297,6.1303983,-7.4918146
848,-0.31007713079452515,1.4904032945632935,66.55538940429688,0.27020372088627115,-1.524713631262783,-86.389853959994,2.9013543,0.41242236,6.559878,6.660279,-8.278831,0.0,4.4139576,-0.8780408,-9.368689,6.60611,-10.373089,0.0,0.949672,2.0644155,0.40805104,0.32061282,-8.661865,14.272578,22.758656,-24.125784,-48.590214,24.503962,13.203747,-12.210748,10.272505,-23.161938,14.736576,-134.99997,0.7788597,6.122605,-7.495976
849,-0.30950796604156494,1.4907341003417969,66.55552673339844,0.27072340563545577,-1.5251172606324859,-86.39083794060022,2.902018,0.4115506,6.56069,6.659622,-8.278502,0.0,4.414064,-0.8789791,-9.367836,6.6058154,-10.3724575,0.0,0.9495336,2.0633945,0.407989,0.32062498,-8.6618595,14.272699,22.758608,-24.12578,-48.59012,24.504013,13.20382,-12.210748,10.272569,-23.162035,14.736505,-134.99997,0.7788216,6.122443,-7.496011
850,-0.3111318051815033,1.4924813508987427,66.55522155761719,0.2707294491225357,-1.5261702403483366,-86.39271020494775,2.9022794,0.41279677,6.561932,6.658942,-8.276959,0.0,4.4135017,-0.87774944,-9.366307,6.6049623,-10.370317,0.0,0.9493051,2.0612676,0.40776202,0.320657,-8.661846,14.273131,22.758448,-24.125631,-48.58976,24.504229,13.204083,-12.210748,10.27275,-23.162428,14.736295,-134.99997,0.7790013,6.122149,-7.4959307
851,-0.3129011392593384,1.4946222305297852,66.5543212890625,0.2674835469168527,-1.5292066120473016,-86.39638418357646,2.9017637,0.41776198,6.5660753,6.6646614,-8.278995,0.0,4.4145465,-0.8730672,-9.3612,6.6029234,-10.366737,0.0,0.9504376,2.0586755,0.41040745,0.34582612,-8.653614,14.284536,22.757715,-24.120535,-48.58178,24.522907,13.216679,-12.210748,10.303637,-23.163734,14.728093,-134.99997,0.81853974,6.079766,-7.474889
852,-0.31509533524513245,1.493665337562561,66.55462646484375,0.2678813056039732,-1.530048311198007,-86.39634287866953,2.9026628,0.41929454,6.565703,6.6658316,-8.2801075,0.0,4.4152617,-0.87166756,-9.361291,6.604573,-10.368649,0.0,0.9502384,2.0583134,0.40986213,0.34584004,-8.653612,14.284596,22.757616,-24.120401,-48.581726,24.522959,13.216726,-12.210748,10.303698,-23.164,14.727931,-134.99997,0.81869596,6.0797763,-7.4748287
853,-0.31572723388671875,1.495160460472107,66.55461120605469,0.26794374593480086,-1.5312627646236239,-86.39557290058548,2.9029298,0.41965318,6.565127,6.6644726,-8.277795,0.0,4.415955,-0.8711212,-9.361981,6.6033564,-10.367022,0.0,0.95039684,2.058409,0.40917537,0.34584454,-8.653612,14.284633,22.75757,-24.120346,-48.581696,24.522985,13.216744,-12.210748,10.3037195,-23.164154,14.7278385,-134.99997,0.818789,6.0798006,-7.4748015
854,-0.317194402217865,1.4965795278549194,66.55496215820312,0.2682377538158003,-1.5449380099024557,-86.3858123540404,2.9119735,0.42084417,6.5560093,6.6661334,-8.274885,0.0,4.4300227,-0.8698391,-9.371571,6.604426,-10.368627,0.0,0.9443035,2.0744643,0.40213153,0.3531223,-8.656856,14.282971,22.757275,-24.115192,-48.571526,24.524555,13.212341,-12.210748,10.309969,-23.165222,14.717899,-134.99997,0.8534646,6.0897417,-7.4635615
855,-0.3176955282688141,1.4964112043380737,66.55503845214844,0.26790394572855114,-1.545805626708474,-86.38429214888538,2.912391,0.42154953,6.554888,6.666261,-8.274547,0.0,4.43095,-0.8690841,-9.37288,6.605184,-10.369505,0.0,0.9447121,2.0750163,0.40120947,0.35312137,-8.6568575,14.282969,22.757265,-24.115156,-48.571514,24.524551,13.212333,-12.210748,10.30996,-23.165329,14.717788,-134.99997,0.853509,6.089787,-7.463564
856,-0.3175549805164337,1.4971829652786255,66.55496215820312,0.26880938521504966,-1.547059005557426,-86.38223331561586,2.9121642,0.4207282,6.553321,6.666598,-8.273454,0.0,4.431892,-0.8699522,-9.374639,6.6052346,-10.369207,0.0,0.9450512,2.0759904,0.39991918,0.3531177,-8.65686,14.28298,22.75728,-24.115124,-48.571484,24.524538,13.212321,-12.210748,10.309942,-23.165504,14.717602,-134.99997,0.85360986,6.089886,-7.463566
857,-0.318993479013443,1.497653603553772,66.55521392822266,0.26911246740952854,-1.54735361240575,-86.38179831978668,2.9116094,0.42153287,6.552812,6.666944,-8.272789,0.0,4.431693,-0.86913157,-9.375217,6.60541,-10.368995,0.0,0.94501245,2.0761638,0.3994526,0.35311648,-8.65686,14.28299,22.757284,-24.115118,-48.571472,24.524534,13.212323,-12.210748,10.309932,-23.165573,14.717543,-134.99997,0.853654,6.089922,-7.4635572
858,-0.3202607035636902,1.4983234405517578,66.5555191040039,0.26999616966764284,-1.54744741082824,-86.3817136148735,2.9112248,0.4217065,6.5525684,6.6661067,-8.271304,0.0,4.431421,-0.8689138,-9.375586,6.604835,-10.368093,0.0,0.94463336,2.076195,0.39882943,0.3531143,-8.65686,14.283023,22.757298,-24.115116,-48.571438,24.524525,13.212338,-12.210748,10.309903,-23.165709,14.717429,-134.99997,0.85375834,6.089996,-7.4635234
859,-0.3208179771900177,1.4985536336898804,66.55599975585938,0.27410864458402845,-1.5401948455865266,-86.37626477499582,2.905595,0.41768152,6.5448565,6.6592045,-8.266031,0.0,4.421407,-0.873219,-9.385017,6.6133313,-10.373563,0.0,0.9338806,2.0671604,0.39030454,0.327761,-8.6374235,14.290661,22.756697,-24.102346,-48.558723,24.51176,13.217021,-12.210748,10.284009,-23.16607,14.66825,-134.99997,0.8885413,6.1596713,-7.384457
860,-0.32095032930374146,1.4983677864074707,66.555908203125,0.2752686786311287,-1.5366623513984956,-86.37560657499701,2.9022744,0.41669136,6.5438733,6.658743,-8.265679,0.0,4.41882,-0.87408066,-9.386007,6.6122956,-10.373419,0.0,0.93235266,2.062211,0.38930964,0.32699224,-8.633596,14.292966,22.756723,-24.101763,-48.557053,24.513094,13.221861,-12.210748,10.282155,-23.16608,14.666757,-134.99997,0.8985335,6.16646,-7.3771067
861,-0.32256022095680237,1.4993330240249634,66.55582427978516,0.27497170139033444,-1.5363183959203337,-86.37223832354447,2.8988957,0.41848955,6.5408993,6.6608977,-8.264573,0.0,4.4184694,-0.8722066,-9.388398,6.611841,-10.373321,0.0,0.9303017,2.0622132,0.3871742,0.3260181,-8.632764,14.293078,22.756807,-24.100267,-48.55549,24.516014,13.226639,-12.210748,10.282189,-23.166136,14.663681,-134.99997,0.89738625,6.163013,-7.3831773
862,-0.3227671980857849,1.5013580322265625,66.55574035644531,0.27588953596395804,-1.5376756254269552,-86.36739172552878,2.89627,0.4180913,6.5369797,6.662889,-8.26242,0.0,4.420047,-0.87240666,-9.391372,6.609326,-10.371307,0.0,0.92792493,2.0648386,0.38437575,0.32497343,-8.632828,14.292237,22.756966,-24.097988,-48.55388,24.520077,13.231196,-12.210748,10.283143,-23.166132,14.659335,-134.99997,0.8903784,6.15407,-7.396059
863,-0.3234565258026123,1.503779411315918,66.55615234375,0.2762882279624396,-1.5400469253090252,-86.36210053359133,2.8942049,0.41857088,6.532785,6.6642556,-8.259235,0.0,4.4224834,-0.8717129,-9.39507,6.6069026,-10.369231,0.0,0.92626995,2.0682063,0.38222483,0.32417083,-8.633042,14.291348,22.75716,-24.095903,-48.552193,24.522604,13.234741,-12.210748,10.284608,-23.166199,14.65495,-134.99997,0.8852204,6.148267,-7.4068336
864,-0.32461345195770264,1.5068578720092773,66.55655670166016,0.275885563957766,-1.5416486372501685,-86.35918902870223,2.8925226,0.41984132,6.530651,6.6636763,-8.255413,0.0,4.421774,-0.8703886,-9.397502,6.6070423,-10.367187,0.0,0.9271915,2.0689943,0.38173056,0.3241541,-8.633044,14.291414,22.75726,-24.095818,-48.552055,24.52263,13.234875,-12.210748,10.284701,-23.16639,14.654606,-134.99997,0.8853029,6.1483502,-7.407053
