Frame,root_translateX,root_translateY,root_translateZ,root_rotateX,root_rotateY,root_rotateZ,left_hip_pitch_joint,left_hip_roll_joint,left_hip_yaw_joint,left_knee_joint,left_ankle_pitch_joint,left_ankle_roll_joint,right_hip_pitch_joint,right_hip_roll_joint,right_hip_yaw_joint,right_knee_joint,right_ankle_pitch_joint,right_ankle_roll_joint,waist_yaw_joint,waist_pitch_joint,waist_roll_joint,head_yaw_joint,head_pitch_joint,left_shoulder_pitch_joint,left_shoulder_roll_joint,left_shoulder_yaw_joint,left_elbow_joint,left_wrist_yaw_joint,left_wrist_pitch_joint,left_wrist_roll_joint,right_shoulder_pitch_joint,right_shoulder_roll_joint,right_shoulder_yaw_joint,right_elbow_joint,right_wrist_yaw_joint,right_wrist_pitch_joint,right_wrist_roll_joint
0,0.15602846443653107,1.554211974143982,65.62667846679688,0.1436707110330484,-0.8195715752191745,-91.53898355358932,2.9505916,2.5381644,8.040981,10.192717,-10.314966,0.0,6.5404496,-2.2057445,-18.806606,6.2842865,-13.500657,0.0,-3.939155,6.4014583,-0.9666236,0.97934705,-13.999721,8.084534,21.462854,-39.688015,-62.8387,-5.342282,13.899423,-12.210748,4.495694,-19.91301,30.306437,-56.48986,0.37156484,5.291115,14.493305
1,0.1563388854265213,1.5484192371368408,65.62528991699219,0.14230157485535452,-0.8175849114662761,-91.5414682698655,2.931647,2.54114,8.039323,10.237893,-10.341647,0.0,6.542926,-2.2052648,-18.802713,6.284305,-13.508041,0.0,-3.9408355,6.403112,-0.9673308,0.97935134,-13.9997635,8.084632,21.480974,-39.68879,-62.839863,-5.341611,13.898852,-12.210748,4.495889,-19.935883,30.307245,-56.49103,0.37069997,5.290632,14.493768
2,0.1593383252620697,1.5464037656784058,65.6230239868164,0.138152887338949,-0.8147387674672669,-91.55004722386285,2.9036708,2.5457628,8.041969,10.29992,-10.3769245,0.0,6.538956,-2.205357,-18.793892,6.2849383,-13.510154,0.0,-3.9463499,6.409187,-0.9701771,0.97936404,-13.999858,8.084813,21.517172,-39.69032,-62.842464,-5.340157,13.89755,-12.210748,4.4962463,-19.981672,30.308792,-56.493492,0.36884943,5.2896233,14.494677
3,0.1700114756822586,1.5497817993164062,65.6216812133789,0.13095470235005055,-0.8099661828109739,-91.56652878367586,2.8661468,2.548739,8.051984,10.375603,-10.418653,0.0,6.5285473,-2.2086844,-18.77911,6.2801566,-13.500806,0.0,-3.9581547,6.4236293,-0.9768426,0.97939837,-14.000054,8.085083,21.584286,-39.69307,-62.848145,-5.3370223,13.894663,-12.210748,4.4967766,-20.066547,30.311636,-56.49867,0.36498123,5.2874985,14.496452
4,0.1787966936826706,1.5518150329589844,65.62098693847656,0.12519726891091268,-0.8050574791773657,-91.57484330890557,2.8296108,2.551257,8.057324,10.448087,-10.458728,0.0,6.5222087,-2.210777,-18.771454,6.275549,-13.495728,0.0,-3.9667935,6.4326453,-0.9808101,0.9794189,-14.000159,8.085185,21.617804,-39.694317,-62.851234,-5.3353205,13.893066,-12.210748,4.4969807,-20.108809,30.312859,-56.501305,0.3629471,5.286419,14.497289
5,0.19347643852233887,1.5521796941757202,65.61988067626953,0.11662112324038389,-0.7921992970588274,-91.58405724618164,2.7699213,2.5544045,8.065509,10.560665,-10.524786,0.0,6.508864,-2.2149131,-18.763712,6.270506,-13.489487,0.0,-3.988635,6.449743,-0.98781115,0.9794665,-14.000379,8.085193,21.679802,-39.69629,-62.858036,-5.331464,13.88951,-12.210748,4.497167,-20.187122,30.314909,-56.506805,0.35864106,5.2841434,14.498898
6,0.21008047461509705,1.542394757270813,65.6186752319336,0.10818933573329782,-0.7744452851717097,-91.58552610714555,2.711707,2.5555625,8.069395,10.671954,-10.596805,0.0,6.500523,-2.219936,-18.762184,6.267088,-13.493517,0.0,-4.0176597,6.46527,-0.993945,0.9795205,-14.000614,8.0849905,21.739317,-39.697678,-62.865616,-5.3269944,13.885498,-12.210748,4.497129,-20.262249,30.3165,-56.512573,0.35401073,5.2817235,14.500455
7,0.23293490707874298,1.524835467338562,65.61817169189453,0.10218000695100105,-0.7457619717183447,-91.56980719026213,2.6459877,2.549744,8.061284,10.778948,-10.668848,0.0,6.491412,-2.2306252,-18.774061,6.264404,-13.505516,0.0,-4.0807242,6.4848843,-1.0033594,0.9796442,-14.001124,8.084119,21.845598,-39.69928,-62.88273,-5.316615,13.876385,-12.210748,4.496487,-20.396358,30.318857,-56.525146,0.34381148,5.2763667,14.503602
8,0.26673009991645813,1.5072507858276367,65.57859802246094,0.16258014129205878,-0.6404040193564668,-91.33076753395855,2.127118,2.5234756,7.841072,11.568165,-11.053389,0.0,6.359469,-2.3358436,-19.052128,6.515765,-13.699893,0.0,-4.5017653,6.453244,-1.0905244,1.2013441,-14.709773,9.137841,22.734388,-39.704212,-65.55537,-3.5352573,13.884157,-12.210748,5.5420146,-21.435669,30.50506,-59.14126,-1.5783964,5.6417866,14.550448
9,0.28783708810806274,1.4925369024276733,65.57273864746094,0.151045409245381,-0.6312156761426638,-91.32519838894112,2.0353363,2.5293536,7.8387713,11.77677,-11.176905,0.0,6.364539,-2.3419173,-19.053438,6.51572,-13.708369,0.0,-4.506392,6.455062,-1.0894275,1.2013706,-14.709867,9.138535,22.75574,-39.704674,-65.55586,-3.5349643,13.883989,-12.210748,5.542898,-21.457344,30.505962,-59.141415,-1.5789003,5.641882,14.550204
10,0.32113945484161377,1.4752535820007324,65.57059478759766,0.13302103023047604,-0.6145533422608769,-91.30629428258426,1.9492161,2.5297375,7.828199,11.956486,-11.2850485,0.0,6.366967,-2.35035,-19.063612,6.515691,-13.717312,0.0,-4.5232096,6.4585433,-1.0838213,1.2014216,-14.710075,9.139888,22.795908,-39.70605,-65.557594,-3.5343642,13.88321,-12.210748,5.5445824,-21.49833,30.506683,-59.14167,-1.5806034,5.6421475,14.549321
11,0.36235055327415466,1.4449771642684937,65.56900024414062,0.1201447519042986,-0.5929829774166524,-91.26350365218202,1.8751218,2.5174122,7.7994046,12.105107,-11.381377,0.0,6.379563,-2.36804,-19.091972,6.5186315,-13.740159,0.0,-4.564956,6.4620905,-1.071999,1.2015172,-14.710533,9.142493,22.867828,-39.7099,-65.562874,-3.5330722,13.880585,-12.210748,5.547766,-21.572237,30.505983,-59.142166,-1.5854759,5.6427608,14.546819
12,0.4110040068626404,1.4242520332336426,65.56598663330078,0.12573019788253847,-0.5745423081548193,-91.18899865281894,1.8038268,2.4801815,7.745035,12.221262,-11.449584,0.0,6.3986726,-2.4059036,-19.148897,6.5173807,-13.758841,0.0,-4.642897,6.4653544,-1.0669112,1.201689,-14.711532,9.14762,22.986103,-39.7196,-65.577705,-3.5297265,13.87291,-12.210748,5.553981,-21.694859,30.50121,-59.14347,-1.5978972,5.6439686,14.540907
13,0.45931386947631836,1.400357723236084,65.56302642822266,0.13859101570034263,-0.5626457864897538,-91.12058824968963,1.764626,2.4319675,7.693919,12.288579,-11.4974375,0.0,6.424269,-2.4519956,-19.202978,6.5182343,-13.779111,0.0,-4.704946,6.4718585,-1.0781538,1.2018232,-14.712616,9.152735,23.092852,-39.731125,-65.59621,-3.5258157,13.863177,-12.210748,5.560312,-21.805534,30.493568,-59.14474,-1.6123618,5.6452384,14.534433
14,0.5162887573242188,1.381266474723816,65.55895233154297,0.155533998894181,-0.5575373097149823,-91.05816965460589,1.7356697,2.3721309,7.646558,12.345175,-11.540509,0.0,6.453179,-2.5094635,-19.253948,6.515703,-13.790047,0.0,-4.7478805,6.484304,-1.1022347,1.2019023,-14.713787,9.157771,23.189611,-39.74462,-65.61795,-3.5216956,13.851637,-12.210748,5.566992,-21.905823,30.483294,-59.145653,-1.6285468,5.6466784,14.527543
15,0.5919045209884644,1.3530930280685425,65.51567840576172,0.3222574202896326,-0.6196673260088328,-90.86692072770822,1.6690463,2.1530643,7.4148912,12.565549,-11.653953,0.0,6.6657004,-2.706367,-19.5558,6.3804603,-13.762777,0.0,-4.930366,6.566242,-1.3063802,1.2116454,-15.51488,10.140879,23.648298,-39.871784,-67.518295,-3.320391,13.887956,-12.210748,6.240521,-22.327394,30.450037,-60.01463,-2.9941738,5.90118,13.714636
16,0.660565197467804,1.325314998626709,65.506103515625,0.3236060965089468,-0.6174448774758595,-90.82371351351028,1.6081419,2.1049545,7.380849,12.727062,-11.770547,0.0,6.6976786,-2.7611272,-19.5862,6.3837852,-13.774217,0.0,-4.9239936,6.5741177,-1.3206288,1.2115147,-15.516615,10.150777,23.77126,-39.888542,-67.52853,-3.3203888,13.883644,-12.210748,6.2480903,-22.430136,30.446072,-60.014404,-3.0012643,5.9029913,13.711466
17,0.7393800020217896,1.2921545505523682,65.49803924560547,0.37504331509160505,-0.6300333889488129,-90.7499236827761,1.6689491,1.9834065,7.3226786,12.648038,-11.759345,0.0,6.7570424,-2.8720129,-19.646637,6.3914485,-13.796267,0.0,-4.939573,6.5841994,-1.384828,1.210938,-15.520395,10.170937,23.92478,-39.934055,-67.565094,-3.3216496,13.867084,-12.210748,6.2687187,-22.558676,30.426094,-60.007484,-3.024272,5.9102745,13.703046
18,0.8297672271728516,1.2501012086868286,65.48125457763672,0.5506543575130615,-0.6766084651742571,-90.6222045915695,1.9139758,1.7017804,7.159758,12.223118,-11.56193,0.0,6.6897736,-3.182451,-19.805748,6.829127,-14.062637,0.0,-5.0130424,6.6035433,-1.5898645,1.066472,-16.162271,10.784942,24.19273,-40.136944,-68.63851,-3.4797592,14.003144,-12.210748,6.6368546,-22.757586,30.29603,-60.23422,-3.5426958,6.0469966,13.411853
19,0.9179073572158813,1.2114843130111694,65.47950744628906,0.6504424418431805,-0.6956889831849893,-90.51322823216432,2.1341252,1.5020438,7.0451503,11.802143,-11.36873,0.0,6.8634644,-3.3139143,-19.92465,6.631964,-13.983058,0.0,-5.058212,6.598818,-1.7084757,0.92337453,-16.603846,11.053727,24.40108,-40.308704,-69.086006,-3.5520773,14.083278,-12.210748,6.807256,-22.893478,30.15571,-60.293247,-3.6873934,6.118626,13.344508
20,1.0153881311416626,1.1707241535186768,65.46820831298828,0.778053897405514,-0.7242359988190347,-90.40472138967483,2.3479815,1.2706381,6.9266043,11.418847,-11.196429,0.0,6.8089056,-3.5686085,-20.037766,6.979975,-14.19013,0.0,-5.1062865,6.606216,-1.859123,0.78189033,-16.927391,11.202056,24.561901,-40.462166,-69.396675,-3.6064298,14.125398,-12.210748,6.891385,-22.98579,29.986134,-60.22278,-3.8000119,6.1605825,13.316488
21,1.1166168451309204,1.120969295501709,65.46438598632812,0.919359549261098,-0.7526063511929456,-90.29103361981795,2.6716716,1.0101602,6.7982583,10.807279,-10.90473,0.0,6.9034066,-3.7885845,-20.172005,7.011965,-14.236558,0.0,-5.1650195,6.615283,-2.0259585,0.64309907,-17.183983,11.291057,24.686453,-40.593334,-69.62136,-3.659192,14.128539,-12.210748,6.9281588,-23.047594,29.782125,-60.072487,-3.91124,6.1972136,13.300366
22,1.2191855907440186,1.0764487981796265,65.45352935791016,1.0849531020321634,-0.783349152909416,-90.1743613468982,2.9962485,0.7247007,6.659536,10.191922,-10.60649,0.0,6.8900924,-4.074699,-20.311478,7.292379,-14.412012,0.0,-5.2302203,6.624704,-2.219073,0.5065588,-17.403294,11.346748,24.783234,-40.70372,-69.79018,-3.7227228,14.10532,-12.210748,6.937078,-23.087814,29.543873,-59.8658,-4.0172167,6.234022,13.294009
23,1.330898404121399,1.031136393547058,65.44125366210938,1.2581611409255344,-0.8298357268953235,-90.04979075314098,3.3564007,0.4246761,6.5090675,9.531354,-10.28317,0.0,6.904873,-4.3723893,-20.460066,7.5540752,-14.571779,0.0,-5.2988653,6.652862,-2.4243193,0.3699371,-17.602465,11.375704,24.858644,-40.799587,-69.92108,-3.7909384,14.072584,-12.210748,6.9203205,-23.112696,29.270447,-59.61395,-4.1114736,6.251139,13.295549
24,1.448495626449585,0.9969497323036194,65.41980743408203,1.4334731803602219,-0.907295651556802,-89.91639844324418,3.6614418,0.12955211,6.347818,9.036484,-10.039772,0.0,6.886101,-4.6996994,-20.610548,7.9509325,-14.784653,0.0,-5.3650517,6.7194433,-2.6387794,0.22970267,-17.792084,11.377677,24.917923,-40.890812,-70.02638,-3.853829,14.04761,-12.210748,6.874404,-23.126558,28.960014,-59.322826,-4.187954,6.226143,13.307653
25,1.5670793056488037,0.9658254384994507,65.38845825195312,1.6180040104515347,-1.0204629864234067,-89.77677614698945,3.914059,-0.16521227,6.177867,8.7230425,-9.890053,0.0,6.8532457,-5.0577517,-20.761211,8.46628,-15.051793,0.0,-5.4255056,6.828538,-2.8709145,0.08213708,-17.98049,11.353932,24.964766,-40.9831,-70.11262,-3.9090917,14.039401,-12.210748,6.79883,-23.131956,28.609978,-58.990593,-4.238475,6.1669717,13.349856
26,1.6865540742874146,0.9348341226577759,65.37211608886719,1.818301970929048,-1.1613941123354303,-89.63272681336626,4.4122767,-0.49933296,5.997956,7.9314747,-9.481425,0.0,6.682047,-5.5001836,-20.904419,9.344918,-15.486734,0.0,-5.4830914,6.969757,-3.1264932,-0.0736828,-18.172657,11.305086,25.002275,-41.077293,-70.18013,-3.9548078,14.041918,-12.210748,6.6942277,-23.130701,28.218962,-58.617123,-4.267711,6.0813975,13.41937
27,1.816084623336792,0.9035741090774536,65.3515396118164,2.0336231043303687,-1.3257690374425524,-89.48240265868574,4.662096,-0.8245873,5.809733,7.719984,-9.3797455,0.0,5.3933167,-6.3971963,-20.945683,12.805672,-17.213188,0.0,-5.5282307,7.1435914,-3.397569,-0.51077557,-18.679363,11.166085,25.129015,-41.349064,-70.276634,-3.8383787,14.071957,-12.210748,6.5448065,-23.064672,26.783323,-57.926094,-3.6356857,5.7556577,14.326009
28,1.940767526626587,0.8721626996994019,65.32884216308594,2.232668512648054,-1.5077431194881743,-89.31750409250037,4.863362,-1.1218799,5.610801,7.6463203,-9.348362,0.0,4.234688,-7.24393,-21.005062,15.993302,-18.61271,0.0,-5.5928793,7.3403645,-3.6660779,-0.68332374,-18.860342,11.019751,25.149277,-41.48688,-70.27802,-3.812976,14.075249,-12.210748,6.3577623,-23.038935,26.195818,-57.4216,-3.5782397,5.497452,14.441307
29,2.0616345405578613,0.8473178148269653,65.3056640625,2.415287898587393,-1.7121393361198283,-89.13552017157542,5.070991,-1.3985535,5.3964005,7.5911503,-9.319639,0.0,3.1147382,-8.0843115,-21.09233,19.134232,-19.683712,0.0,-5.668786,7.574606,-3.9259157,-0.85457695,-19.03542,10.815498,25.162365,-41.651764,-70.25096,-3.7119699,14.07199,-12.210748,6.127891,-23.024067,25.638294,-56.885563,-3.582962,5.12399,14.439063
30,2.184831142425537,0.8146330714225769,65.28270721435547,2.587484568071313,-1.9396510535757445,-88.93941465354983,5.2975917,-1.6648021,5.1682496,7.5502357,-9.301229,0.0,2.0264163,-8.932427,-21.21248,22.25249,-20.339901,0.0,-5.752826,7.8439393,-4.1838164,-1.0273887,-19.206287,10.567109,25.178705,-41.839333,-70.210014,-3.5475495,14.067822,-12.210748,5.8634424,-23.012415,25.06243,-56.313778,-3.6054907,4.6561685,14.376197
31,2.311311721801758,0.78184974193573,65.25757598876953,2.7524366488041947,-2.179983515757132,-88.73373712021768,5.534791,-1.9234191,4.933401,7.5123734,-9.281853,0.0,0.9632421,-9.789591,-21.36416,25.331873,-20.519445,0.0,-5.840298,8.125053,-4.4451637,-1.1975354,-19.351885,10.2951355,25.197662,-42.035736,-70.15004,-3.3913321,14.068461,-12.210748,5.5640774,-23.00162,24.456533,-55.702515,-3.6319163,4.144803,14.296244
32,2.4328391551971436,0.7521729469299316,65.23526000976562,2.912596910228945,-2.422395292760536,-88.5230786486608,5.772694,-2.1710973,4.6979513,7.4732795,-9.255834,0.0,-0.08548993,-10.657623,-21.534206,28.365007,-20.253666,0.0,-5.9262166,8.394513,-4.715421,-1.3607198,-19.44746,10.020517,25.21825,-42.226906,-70.065025,-3.315172,14.0788965,-12.210748,5.2270436,-22.989866,23.810673,-55.046036,-3.6495883,3.640854,14.241545
33,2.5438618659973145,0.7276411056518555,65.21012878417969,3.0705761861012326,-2.6658337134543273,-88.31183180068875,6.01237,-2.4085765,4.4652643,7.426489,-9.217615,0.0,-1.1490803,-11.555293,-21.687145,31.406397,-19.64739,0.0,-6.0054054,8.649459,-5.001114,-1.5166284,-19.497305,9.742968,25.240108,-42.41162,-69.94797,-3.3492227,14.099385,-12.210748,4.848739,-22.976046,23.118296,-54.331795,-3.6557744,3.1260068,14.214221
34,2.655545473098755,0.6949753761291504,65.18456268310547,3.2253237513083763,-2.915270653899367,-88.09622680188555,6.2619514,-2.640856,4.2310534,7.381295,-9.181777,0.0,-2.2283795,-12.478935,-21.809807,34.471878,-18.903086,0.0,-6.081621,8.90142,-5.296495,-1.6672658,-19.510424,9.453426,25.263783,-42.596687,-69.803604,-3.4515922,14.127249,-12.210748,4.428087,-22.96144,22.384888,-53.561783,-3.654347,2.5820763,14.1960335
35,2.7581419944763184,0.6551505327224731,65.16349029541016,3.36369789453327,-3.1697795015759898,-87.86788444657846,6.5170813,-2.8488522,3.989635,7.3414106,-9.149864,0.0,-3.283241,-13.393215,-21.921633,37.476227,-18.267632,0.0,-6.163076,9.148413,-5.5888267,-1.811726,-19.471788,9.15881,25.28954,-42.78152,-69.64333,-3.5853877,14.163057,-12.210748,3.9659219,-22.948158,21.618345,-52.752167,-3.6416526,2.0603943,14.197152
36,2.8607449531555176,0.6092390418052673,65.14485168457031,3.478773854622233,-3.4283650207156025,-87.61881400299376,6.7747607,-3.0293393,3.7363997,7.3096724,-9.124648,0.0,-4.271561,-14.264614,-22.055006,40.33362,-17.848698,0.0,-6.2580566,9.388305,-5.865852,-1.9490539,-19.367155,8.865245,25.317762,-42.965305,-69.4774,-3.7134256,14.207462,-12.210748,3.4628122,-22.93884,20.827488,-51.92011,-3.6134222,1.6134399,14.225814
37,2.955843925476074,0.5629634261131287,65.12556457519531,3.575010491286734,-3.7011010266554667,-87.35786240763625,7.0473685,-3.1829867,3.4836972,7.278513,-9.100598,0.0,-5.2096133,-15.115547,-22.219353,43.097248,-17.415874,0.0,-6.3627014,9.62991,-6.1350102,-2.0723522,-19.182816,8.57488,25.34863,-43.14649,-69.30596,-3.817641,14.264773,-12.210748,2.9174876,-22.932823,20.010075,-51.07493,-3.5699944,1.2632927,14.288878
38,3.043123960494995,0.5131406784057617,65.1132583618164,3.6537117675549284,-3.9848177774287774,-87.08533795193749,7.3298,-3.3118944,3.2296574,7.252759,-9.080171,0.0,-6.123055,-15.964615,-22.398159,45.819923,-16.898308,0.0,-6.474692,9.87104,-6.3993855,-2.1847465,-18.929684,8.284005,25.381794,-43.325985,-69.12386,-3.9205189,14.333071,-12.210748,2.32796,-22.930168,19.163303,-50.20463,-3.5087488,0.9786937,14.377334
39,3.124235153198242,0.44696345925331116,65.1065444946289,3.7018378739006397,-4.25883632169245,-86.77971384678897,7.6034436,-3.402771,2.9468694,7.2370343,-9.070287,0.0,-6.9776297,-16.768568,-22.603844,48.403008,-16.400438,0.0,-6.6044044,10.092956,-6.6405034,-2.3003607,-18.630058,7.9909983,25.41745,-43.50692,-68.93528,-4.045742,14.404041,-12.210748,1.7005036,-22.932705,18.294607,-49.30105,-3.427276,0.7321549,14.478076
40,3.1942591667175293,0.37713131308555603,65.10743713378906,3.6988980157528473,-4.500539057925681,-86.41754572222119,7.829766,-3.432037,2.609021,7.237927,-9.061574,0.0,-7.7439485,-17.470783,-22.831228,50.75365,-16.033695,0.0,-6.773732,10.270605,-6.8392167,-2.347449,-18.504719,7.7692904,25.428934,-43.570755,-68.79459,-4.2881804,14.490179,-12.210748,1.323243,-22.950932,18.051805,-48.84911,-3.744392,0.6991754,13.997137
41,3.260350227355957,0.30082347989082336,65.1160888671875,3.652632508255967,-4.7166171032444115,-85.98266401888979,8.016958,-3.4110885,2.1940155,7.2475867,-9.047692,0.0,-8.414511,-18.116781,-23.151424,52.93181,-15.844428,0.0,-6.9684224,10.424481,-6.994188,-2.5799644,-17.959698,7.3942122,25.496004,-43.887527,-68.55273,-4.464601,14.530949,-12.210748,0.36186394,-22.961998,16.533916,-47.392223,-3.2203755,0.28917012,14.662733
42,3.3310647010803223,0.20902054011821747,65.13264465332031,3.553708258645863,-4.908551119407585,-85.48487930924159,8.164809,-3.3346276,1.7224499,7.2913547,-9.05219,0.0,-9.022773,-18.665115,-23.475437,54.97039,-15.785192,0.0,-7.2236733,10.53709,-7.112096,-2.6357913,-17.811213,7.1654553,25.508898,-43.959972,-68.413315,-4.8345494,14.622399,-12.210748,-0.035011113,-22.98555,16.293882,-46.927425,-3.550072,0.32144028,14.163036
43,3.3938050270080566,0.10935378819704056,65.15369415283203,3.424140949513889,-5.068466044140634,-84.96278632177258,8.284363,-3.2205026,1.2279631,7.3331103,-9.057308,0.0,-9.551885,-19.125074,-23.825161,56.75099,-15.793939,0.0,-7.4730215,10.615912,-7.1997933,-2.7348764,-17.562943,6.9064155,25.528835,-44.074226,-68.21416,-5.202965,14.668921,-12.210748,-0.6131965,-23.021572,15.882018,-46.223026,-3.7715774,0.30360323,13.806453
44,3.444803237915039,0.01302318461239338,65.18419647216797,3.271393690549125,-5.184573895946045,-84.4502974728008,8.36627,-3.0757575,0.74678826,7.3664646,-9.058737,0.0,-10.000607,-19.467548,-24.182617,58.168526,-15.822735,0.0,-7.6550126,10.661004,-7.24452,-3.1176033,-16.749073,6.463684,25.628513,-44.4658,-67.9375,-5.333199,14.680123,-12.210748,-1.8196636,-23.069307,13.788792,-44.304356,-2.7075267,-0.28201497,14.866871
45,3.478015661239624,-0.09684701263904572,65.21772766113281,3.0810112249270096,-5.239672298085598,-83.94343321731219,8.391403,-2.880353,0.28194997,7.4191766,-9.082644,0.0,-10.349911,-19.660906,-24.591318,59.1669,-15.888676,0.0,-7.824248,10.630662,-7.251666,-3.2079697,-16.575294,6.1815057,25.643208,-44.521774,-67.73571,-5.588338,14.719919,-12.210748,-2.2270553,-23.101492,13.530149,-43.773975,-2.8984895,-0.31739056,14.268784
46,3.509289503097534,-0.21362453699111938,65.25667572021484,2.8584803817908657,-5.246192617260512,-83.4294803888895,8.371175,-2.649127,-0.18633899,7.4784265,-9.115852,0.0,-10.612433,-19.741133,-25.072355,59.840855,-16.019405,0.0,-7.9638424,10.553287,-7.218286,-3.368011,-16.284742,5.861255,25.665655,-44.61288,-67.45975,-5.800307,14.697217,-12.210748,-2.829326,-23.152224,13.080356,-42.97385,-2.917261,-0.44703612,13.809569
47,3.5343124866485596,-0.34007519483566284,65.29625701904297,2.6226970641995586,-5.224109186247831,-82.92651929687469,8.328824,-2.3990452,-0.64171046,7.545938,-9.162861,0.0,-10.842049,-19.729101,-25.524118,60.262722,-16.151258,0.0,-8.068915,10.450923,-7.1616797,-3.5771728,-15.922671,5.518073,25.693146,-44.714283,-67.174065,-5.9702673,14.673023,-12.210748,-3.5268247,-23.215902,12.476125,-42.00574,-2.7993681,-0.6339909,13.452351
48,3.5569701194763184,-0.4733503758907318,65.33493041992188,2.396178360930489,-5.195159146962987,-82.45304702837596,8.291609,-2.155572,-1.0701116,7.612288,-9.219139,0.0,-11.0938425,-19.652353,-25.84957,60.510902,-16.224642,0.0,-8.124834,10.352727,-7.100011,-4.032473,-15.178257,5.144701,25.740719,-44.86563,-66.85645,-6.0879993,14.630763,-12.210748,-4.682801,-23.33034,11.188579,-40.314007,-2.1393626,-1.0636997,13.653218
49,3.572263240814209,-0.6073110103607178,65.37261962890625,2.1754812488861055,-5.155156470931364,-82.01815791519266,8.251534,-1.9136862,-1.4573743,7.6815643,-9.283646,0.0,-11.384829,-19.497814,-26.01941,60.5704,-16.218798,0.0,-8.130592,10.245111,-7.0319195,-4.3636036,-14.66553,4.8261266,25.780245,-44.930485,-66.6264,-6.2473693,14.674652,-12.210748,-5.583248,-23.433685,9.948926,-38.932194,-1.5576385,-1.3508633,13.641893
50,3.5899181365966797,-0.7501232624053955,65.40603637695312,1.9524115275521203,-5.0967138693846925,-81.61086787559577,8.205503,-1.6694818,-1.8155354,7.7545676,-9.362057,0.0,-11.683763,-19.255276,-26.092913,60.40543,-16.162289,0.0,-8.090639,10.1212435,-6.9502144,-4.617454,-14.286262,4.549779,25.812592,-44.928017,-66.42638,-6.44576,14.743214,-12.210748,-6.5526447,-23.5416,8.733111,-37.36839,-0.9884252,-1.7007843,13.518926
51,3.607895851135254,-0.8914629817008972,65.43254852294922,1.7413295464740448,-5.033146929229013,-81.22087443433415,8.161298,-1.4363949,-2.1572793,7.821986,-9.441865,0.0,-11.98369,-18.965302,-26.083164,60.071777,-16.071886,0.0,-8.044162,9.993781,-6.88043,-4.7838798,-14.050302,4.273883,25.829256,-44.87812,-66.24061,-6.5937247,14.83469,-12.210748,-7.0865483,-23.619158,8.023689,-36.64978,-0.8509498,-1.6387646,12.942586
52,3.612854242324829,-1.0327742099761963,65.45481872558594,1.5519058380979707,-4.978272074033766,-80.83726315241599,8.128538,-1.2149282,-2.5007763,7.883317,-9.521655,0.0,-12.272824,-18.654305,-26.010593,59.613247,-15.9593,0.0,-7.9905944,9.891747,-6.8331695,-5.1285834,-13.616891,4.082171,25.852112,-44.7158,-66.0545,-6.7388473,14.855276,-12.210748,-8.302633,-23.787727,6.5786076,-34.80403,-0.027848814,-2.0635715,12.886105
53,3.6252241134643555,-1.1879750490188599,65.47332763671875,1.38834802384896,-4.937251724494562,-80.45641364880842,8.126437,-1.0206875,-2.845129,7.93044,-9.608723,0.0,-12.556016,-18.328089,-25.844727,59.03765,-15.835935,0.0,-7.9614882,9.807816,-6.823674,-5.3204894,-13.420416,3.8503942,25.862944,-44.556934,-65.916985,-6.750646,14.932091,-12.210748,-8.887107,-23.892355,5.7973433,-34.09078,0.19623291,-2.0297027,12.3378315
54,3.6259658336639404,-1.3350229263305664,65.48834228515625,1.243461227705001,-4.902957756017212,-80.08358613852025,8.131014,-0.8365101,-3.1869807,7.966802,-9.688764,0.0,-12.830317,-17.964417,-25.590998,58.31193,-15.689475,0.0,-7.926686,9.741465,-6.834946,-5.5515056,-13.226956,3.661018,25.870646,-44.316208,-65.77801,-6.733681,14.981973,-12.210748,-9.6594,-24.027485,4.912692,-33.085453,0.51678395,-2.1101038,11.814092
55,3.6238811016082764,-1.4790878295898438,65.49712371826172,1.1150847770417933,-4.8699005833919715,-79.72359407630242,8.140446,-0.66672456,-3.520638,7.997607,-9.767542,0.0,-13.088815,-17.590424,-25.297771,57.45933,-15.513777,0.0,-7.8847084,9.689478,-6.8620377,-6.0354404,-12.896974,3.6498885,25.876179,-43.7979,-65.71527,-6.7967896,14.967631,-12.210748,-10.890381,-24.296934,3.2366493,-31.373413,1.6119949,-2.520157,11.797672
56,3.627016067504883,-1.6321115493774414,65.501953125,1.0148699420379166,-4.832206922158879,-79.38286208031556,8.162459,-0.52555513,-3.8360775,8.015149,-9.847797,0.0,-13.344181,-17.24346,-25.004196,56.541183,-15.322997,0.0,-7.8564444,9.624412,-6.912987,-6.2089295,-12.79649,3.475751,25.88057,-43.472244,-65.61846,-6.601275,14.996341,-12.210748,-11.524993,-24.44802,2.412308,-30.566433,1.9532961,-2.5677066,11.106871
57,3.622426748275757,-1.7909321784973145,65.50251770019531,0.9412857563441825,-4.790590889586895,-79.06593607466898,8.183563,-0.40574345,-4.1338015,8.043453,-9.939073,0.0,-13.596031,-16.918613,-24.706255,55.541218,-15.102126,0.0,-7.8315115,9.558836,-6.986361,-6.408473,-12.6908,3.3262062,25.884949,-43.049553,-65.50361,-6.288216,14.966168,-12.210748,-12.304815,-24.632479,1.5255184,-29.611464,2.45043,-2.6355832,10.334304
58,3.620236396789551,-1.9480828046798706,65.49716186523438,0.8923668418025599,-4.747703679024772,-78.76887234897326,8.224221,-0.31061032,-4.4154787,8.03582,-10.012413,0.0,-13.839661,-16.605152,-24.384317,54.440853,-14.850835,0.0,-7.8090224,9.495005,-7.0820017,-6.6169505,-12.592568,3.2005203,25.889772,-42.537457,-65.40161,-5.8836765,14.900575,-12.210748,-13.128839,-24.846004,0.6023935,-28.617834,3.0452673,-2.7190762,9.508745
59,3.617393970489502,-2.1152899265289307,65.4894027709961,0.8598100311722188,-4.7017933809860155,-78.48196993819187,8.267375,-0.22863635,-4.6886635,8.035205,-10.099122,0.0,-14.061359,-16.303144,-24.069016,53.253628,-14.587364,0.0,-7.791176,9.430419,-7.189253,-6.828038,-12.506991,3.1072624,25.895477,-41.957558,-65.305534,-5.4268312,14.808749,-12.210748,-13.948815,-25.085976,-0.33702734,-27.636747,3.6815004,-2.796766,8.644844
60,3.614370107650757,-2.2871997356414795,65.47787475585938,0.8323995288593633,-4.650227359199159,-78.19525248857855,8.308078,-0.14866099,-4.9604173,8.036583,-10.193448,0.0,-14.2463665,-16.011374,-23.794039,51.988483,-14.320566,0.0,-7.779898,9.3627,-7.2973347,-7.042243,-12.435901,3.0513477,25.902443,-41.339497,-65.21067,-4.9536414,14.702511,-12.210748,-14.739216,-25.350931,-1.2785485,-26.69128,4.315377,-2.8547323,7.762762
61,3.6027941703796387,-2.463371992111206,65.46460723876953,0.8118149570864376,-4.596398524298511,-77.90583028061249,8.348022,-0.06655294,-5.2327623,8.037815,-10.293284,0.0,-14.387857,-15.733365,-23.57285,50.638126,-14.051607,0.0,-7.7789855,9.296655,-7.4082723,-7.2575665,-12.383396,3.019832,25.911327,-40.696934,-65.11672,-4.4000964,14.579722,-12.210748,-15.4941435,-25.640207,-2.2147493,-25.795588,4.9196,-2.8880842,6.861251
62,3.5920791625976562,-2.643724203109741,65.44990539550781,0.8006875176598169,-4.540309015059046,-77.61882603348208,8.389185,0.008511528,-5.5014853,8.0390415,-10.399042,0.0,-14.495696,-15.468773,-23.384575,49.201744,-13.775107,0.0,-7.7862906,9.231489,-7.525918,-7.4715033,-12.351398,3.002319,25.92266,-40.033806,-65.0205,-3.7553415,14.439697,-12.210748,-16.213758,-25.953947,-3.139393,-24.95742,5.4952984,-2.8936813,5.927215
63,3.579495906829834,-2.828813314437866,65.43421936035156,0.7948201395432066,-4.474975947199824,-77.33710656080716,8.428928,0.08200212,-5.7660966,8.034322,-10.507138,0.0,-14.579934,-15.210646,-23.2119,47.696186,-13.494984,0.0,-7.794633,9.15644,-7.642107,-7.6886325,-12.334631,3.0096977,25.936224,-39.366924,-64.916115,-3.1409895,14.2967205,-12.210748,-16.88616,-26.292309,-4.0450325,-24.177418,6.0422854,-2.8678122,4.9725327
64,3.563062906265259,-3.016451358795166,65.42378997802734,0.7882279592376411,-4.393479737311324,-77.06284915573875,8.460647,0.16050245,-6.027797,8.019187,-10.611622,0.0,-14.641169,-14.944643,-23.042356,46.117832,-13.204147,0.0,-7.7941694,9.067546,-7.742676,-8.125314,-12.317806,3.3444197,25.9608,-38.30537,-64.97035,-2.9127262,14.109895,-12.210748,-17.589388,-26.941986,-5.553739,-23.241573,7.0657887,-2.968549,4.41999
65,3.5508134365081787,-3.2145121097564697,65.40282440185547,0.7881204398227032,-4.291975878698799,-76.80097263920221,8.491091,0.2328523,-6.280371,7.991852,-10.720888,0.0,-14.713908,-14.693153,-22.8651,44.529537,-12.948144,0.0,-7.786154,8.942839,-7.8400717,-8.297282,-12.308536,3.3587267,25.975195,-37.825222,-64.84526,-2.6105204,14.039698,-12.210748,-17.968912,-27.274708,-6.238788,-22.799906,7.326046,-2.7993224,3.4097438
66,3.530693769454956,-3.42071533203125,65.38957214355469,0.7868767435034174,-4.174454376320124,-76.54643722658534,8.516976,0.3137268,-6.531917,7.952894,-10.830006,0.0,-14.7494545,-14.431774,-22.704386,42.83251,-12.674007,0.0,-7.770198,8.807133,-7.921267,-8.725701,-12.294121,3.6367998,25.999159,-37.009327,-64.82827,-2.6017964,13.909133,-12.210748,-18.399538,-27.950796,-7.4311132,-22.17804,7.9478965,-2.7344122,2.7005708
67,3.5102107524871826,-3.6334450244903564,65.3715591430664,0.7885591542519885,-4.047300570667004,-76.29681993409316,8.54231,0.3950873,-6.778084,7.9085646,-10.942223,0.0,-14.776808,-14.175845,-22.53809,41.109764,-12.396961,0.0,-7.751798,8.653771,-7.9980316,-9.082325,-12.2708435,3.8453536,26.020954,-36.37688,-64.764786,-2.6259382,13.832835,-12.210748,-18.817516,-28.604553,-8.40621,-21.631348,8.392168,-2.587842,1.9829767
68,3.4839940071105957,-3.8521568775177,65.35647583007812,0.7888122543788094,-3.9164889321249485,-76.04689527350655,8.564973,0.48481405,-7.022188,7.8690963,-11.05862,0.0,-14.786276,-13.915267,-22.359753,39.36193,-12.089114,0.0,-7.7319026,8.492241,-8.065335,-9.520753,-12.217038,4.1279483,26.048119,-35.715553,-64.728485,-2.7677019,13.780216,-12.210748,-19.162727,-29.524105,-9.497102,-21.11681,8.850733,-2.459464,1.561681
69,3.455902576446533,-4.07405424118042,65.3390884399414,0.7882930909406473,-3.781011620100313,-75.80079657084688,8.586179,0.57999367,-7.258842,7.8304186,-11.177427,0.0,-14.771077,-13.643278,-22.179438,37.561478,-11.74234,0.0,-7.7078424,8.318908,-8.121877,-9.909757,-12.127082,4.387973,26.0806,-35.14436,-64.64661,-2.9629045,13.763233,-12.210748,-19.556843,-30.804155,-10.520214,-20.489836,9.201904,-2.352504,1.4892256
70,3.4194679260253906,-4.302213668823242,65.3218002319336,0.7861027568071489,-3.6388018930053248,-75.55912908734464,8.605992,0.68496853,-7.4895554,7.78967,-11.298838,0.0,-14.732133,-13.363891,-21.999147,35.705875,-11.364652,0.0,-7.680884,8.13195,-8.168544,-10.273479,-12.019285,4.549472,26.109406,-34.746788,-64.46421,-3.163714,13.782081,-12.210748,-20.227268,-32.35894,-11.125326,-19.528292,9.280237,-2.2772615,1.5481137
71,3.382128953933716,-4.541635990142822,65.30609130859375,0.7851707579103605,-3.4945293206748143,-75.31238078081897,8.625878,0.7940124,-7.7248163,7.757261,-11.42953,0.0,-14.677223,-13.087158,-21.795599,33.844418,-10.963883,0.0,-7.6543937,7.939308,-8.201094,-10.650515,-11.910637,4.6705337,26.130606,-34.455074,-64.2258,-3.371483,13.818388,-12.210748,-21.350988,-34.35288,-11.215777,-18.066805,9.020696,-2.2764223,1.8203683
72,3.3431715965270996,-4.784773349761963,65.28963470458984,0.7851606889884262,-3.352285392239766,-75.05074347546746,8.647038,0.90769047,-7.975422,7.7241616,-11.557428,0.0,-14.60646,-12.820002,-21.547325,32.009773,-10.540002,0.0,-7.6354194,7.747019,-8.228266,-11.03998,-11.823095,4.7872415,26.145716,-34.22341,-63.955013,-3.5711524,13.855028,-12.210748,-22.569115,-36.25025,-11.194783,-16.594368,8.753119,-2.2383897,1.9167672
73,3.300312042236328,-5.034491539001465,65.26972198486328,0.7923238574462597,-3.210634779465372,-74.77812186926256,8.669685,1.0223627,-8.238618,7.691773,-11.685916,0.0,-14.525946,-12.561305,-21.225729,30.188469,-10.08839,0.0,-7.6224422,7.5535545,-8.252469,-11.438974,-11.762618,4.9216847,26.15971,-34.042263,-63.666588,-3.748419,13.885907,-12.210748,-23.700596,-37.948265,-11.311878,-15.290228,8.622836,-2.1408982,1.7995311
74,3.251136064529419,-5.290283203125,65.2509994506836,0.8027378900234868,-3.0681077619040833,-74.49763176397936,8.692031,1.1422528,-8.510578,7.660108,-11.815026,0.0,-14.433401,-12.308148,-20.849716,28.370953,-9.611063,0.0,-7.612276,7.357171,-8.268829,-11.849853,-11.718549,5.0708117,26.172808,-33.912647,-63.36052,-3.9276621,13.918813,-12.210748,-24.91882,-39.72963,-11.382247,-13.935222,8.491995,-2.0398047,1.7011565
75,3.1967124938964844,-5.555266380310059,65.2307357788086,0.8119550153204665,-2.9292315838316587,-74.1981336852261,8.718011,1.2730504,-8.801236,7.6294556,-11.944945,0.0,-14.310353,-12.06149,-20.471893,26.58018,-9.109409,0.0,-7.6088934,7.1633244,-8.275408,-12.279551,-11.685534,5.2228494,26.186512,-33.82313,-63.037136,-4.136293,13.959577,-12.210748,-26.243002,-41.619892,-11.368545,-12.543224,8.323885,-1.9311761,1.6508186
76,3.139493703842163,-5.827929973602295,65.21342468261719,0.8183289942229632,-2.799708009529598,-73.86876443939448,8.741899,1.4156281,-9.120821,7.613787,-12.079299,0.0,-14.151917,-11.827555,-20.143467,24.86646,-8.5947,0.0,-7.6166425,6.9775095,-8.271103,-12.734577,-11.65899,5.365572,26.20262,-33.76204,-62.695896,-4.4024396,14.014453,-12.210748,-27.662283,-43.60247,-11.2655,-11.165979,8.106537,-1.8001171,1.6463449
77,3.0811805725097656,-6.107795715332031,65.19560241699219,0.8230302786835942,-2.679510810078303,-73.49910209119575,8.76088,1.568529,-9.479926,7.614595,-12.217339,0.0,-13.96155,-11.614841,-19.849842,23.236328,-8.078436,0.0,-7.6374717,6.8031216,-8.257997,-13.227802,-11.650631,5.4876637,26.222803,-33.746895,-62.334503,-4.775257,14.090284,-12.210748,-29.145248,-45.664223,-11.07238,-9.826862,7.839683,-1.6283299,1.6682142
78,3.0181422233581543,-6.393455505371094,65.17781829833984,0.8274651902501462,-2.5661762239960844,-73.09728063379279,8.770141,1.7311654,-9.871026,7.637561,-12.362444,0.0,-13.749707,-11.420362,-19.573277,21.683659,-7.5588,0.0,-7.6691794,6.636728,-8.23581,-13.751669,-11.659778,5.597861,26.245989,-33.777046,-61.952934,-5.226063,14.1823635,-12.210748,-30.696955,-47.78767,-10.794558,-8.530397,7.5440564,-1.4171917,1.7050506
79,2.943511962890625,-6.680882930755615,65.15892028808594,0.824350794281771,-2.460943658097666,-72.68025145475553,8.77895,1.9137049,-10.276326,7.666875,-12.506242,0.0,-13.488914,-11.216608,-19.345718,20.165426,-6.987027,0.0,-7.709561,6.473438,-8.199977,-14.282838,-11.658293,5.714323,26.26989,-33.814274,-61.55552,-5.6669116,14.279566,-12.210748,-32.365536,-49.946693,-10.436047,-7.289671,7.24215,-1.190542,1.7611983
80,2.867846727371216,-6.975248336791992,65.13768768310547,0.8053421866486488,-2.3640607231497195,-72.26409213661923,8.795958,2.1173546,-10.677715,7.7061777,-12.657804,0.0,-13.143446,-10.973795,-19.17575,18.622082,-6.2345867,0.0,-7.7568645,6.3085775,-8.144797,-14.797677,-11.620677,5.8550153,26.292168,-33.820404,-61.146896,-6.0092983,14.370756,-12.210748,-34.197205,-52.11679,-10.001132,-6.1229467,6.9543285,-0.9704029,1.8428355
81,2.7774171829223633,-7.281230926513672,65.11846160888672,0.7660177894845708,-2.276658612626677,-71.84462625647213,8.821955,2.3561227,-11.079407,7.755138,-12.818928,0.0,-12.581781,-10.647513,-19.137167,16.761717,-5.108663,0.0,-7.812329,6.1457076,-8.068095,-15.313505,-11.555785,6.017023,26.314163,-33.800476,-60.72354,-6.2164454,14.454235,-12.210748,-36.18502,-54.300465,-9.48993,-5.0337353,6.740007,-0.7605509,1.9658797
82,2.6901981830596924,-7.596572399139404,65.09212493896484,0.7158758492037165,-2.197866642397519,-71.41516045942251,8.852626,2.6096983,-11.488742,7.8231454,-12.994511,0.0,-11.82027,-10.272371,-19.223392,14.618858,-3.59333,0.0,-7.8769913,5.9854093,-7.977092,-15.835142,-11.473249,6.193743,26.336697,-33.7693,-60.28557,-6.3403125,14.5357275,-12.210748,-38.302856,-56.499245,-8.902256,-4.0442824,6.5718665,-0.5432407,2.1211138
83,2.6014292240142822,-7.915383338928223,65.05697631835938,0.6616573189709559,-2.1252991081802386,-70.98847595231592,8.889611,2.87162,-11.894277,7.897224,-13.173473,0.0,-11.103075,-9.952239,-19.362938,12.754659,-1.9783924,0.0,-7.948585,5.8188844,-7.8754544,-16.320606,-11.344056,6.3971224,26.356537,-33.70382,-59.84192,-6.4251504,14.615124,-12.210748,-40.576218,-58.683403,-8.253369,-3.1970038,6.3537283,-0.30679274,2.2744431
84,2.512312412261963,-8.235275268554688,65.0356674194336,0.6007829747460004,-2.0568301411338026,-70.57914019860475,8.926329,3.1389422,-12.281523,7.9834757,-13.355145,0.0,-10.800673,-9.804722,-19.477562,11.998442,-0.8155016,0.0,-8.023433,5.6388397,-7.7572036,-16.72763,-11.139483,6.6388607,26.369793,-33.58191,-59.401257,-6.515752,14.692585,-12.210748,-43.02314,-60.81353,-7.567621,-2.538337,5.98904,-0.037117913,2.3830478
85,2.4194486141204834,-8.547173500061035,65.03707885742188,0.5206520890430009,-1.987748320855735,-70.1808094428613,8.9556875,3.4261181,-12.650774,8.066472,-13.523902,0.0,-11.148515,-9.869126,-19.543694,12.869483,-0.55074835,0.0,-8.112573,5.4368434,-7.609995,-17.022917,-10.827322,6.9310327,26.375656,-33.405006,-58.967316,-6.63326,14.772068,-12.210748,-45.70255,-62.888573,-6.8829603,-2.0282633,5.432499,0.29203168,2.4431248
86,2.322516679763794,-8.862419128417969,65.04082489013672,0.4278977510531011,-1.920311281315256,-69.7908130981817,8.985834,3.7305987,-13.007257,8.1537695,-13.693952,0.0,-11.865617,-10.025058,-19.630507,14.7043495,-1.0775576,0.0,-8.214813,5.219011,-7.443025,-17.236261,-10.430569,7.264925,26.376074,-33.18287,-58.53552,-6.7513704,14.852012,-12.210748,-48.579426,-64.91013,-6.194062,-1.6851028,4.745708,0.6755822,2.468437
87,2.224116086959839,-9.190987586975098,65.03498840332031,0.33746745862096766,-1.8634960572661599,-69.42898594482378,9.030554,4.0345616,-13.340503,8.264807,-13.882984,0.0,-12.577976,-10.153206,-19.7668,16.642588,-2.0148864,0.0,-8.306679,5.001061,-7.270081,-17.420448,-10.006728,7.6195145,26.370483,-32.90794,-58.100365,-6.841929,14.9249115,-12.210748,-51.50732,-66.82913,-5.486967,-1.6356467,3.9848554,1.0782897,2.4330802
88,2.130819082260132,-9.543703079223633,65.0112075805664,0.250449621481324,-1.826316867789703,-69.11528963613539,9.109146,4.3318825,-13.6370325,8.409193,-14.10349,0.0,-12.969668,-10.161564,-19.955866,17.98165,-2.876771,0.0,-8.362656,4.800158,-7.092365,-17.627708,-9.614037,7.973593,26.357447,-32.573265,-57.656075,-6.876921,14.983834,-12.210748,-54.315216,-68.58583,-4.7725315,-2.001596,3.199971,1.4617566,2.2959127
89,2.023839235305786,-9.886250495910645,64.9848861694336,0.16123610255936935,-1.8188341626552549,-68.85889694724203,9.21146,4.6301155,-13.894874,8.576956,-14.326696,0.0,-13.009995,-10.048199,-20.166082,18.72649,-3.565201,0.0,-8.370928,4.626528,-6.906836,-17.857718,-9.261765,8.327952,26.337883,-32.182922,-57.212,-6.8569665,15.028171,-12.210748,-57.00383,-70.15628,-4.0881042,-2.7943797,2.4264417,1.8234087,1.9839177
90,1.9117345809936523,-10.228089332580566,64.97127532958984,0.06768686551106955,-1.8338901401106478,-68.64752807134496,9.334163,4.9289227,-14.119689,8.766568,-14.556304,0.0,-12.853403,-9.88159,-20.368982,19.229319,-4.2145333,0.0,-8.346802,4.4687753,-6.711413,-18.087187,-8.920808,8.693495,26.311394,-31.739994,-56.767986,-6.793576,15.06144,-12.210748,-59.615494,-71.55413,-3.463533,-3.945082,1.6202542,2.1779447,1.5176771
91,1.795762538909912,-10.56608772277832,64.95614624023438,-0.026157067871274465,-1.8548642752956415,-68.46894599402385,9.462573,5.224654,-14.311728,8.96805,-14.780938,0.0,-12.687705,-9.697935,-20.552925,19.690216,-4.8392463,0.0,-8.304616,4.311818,-6.505023,-18.332905,-8.589724,9.063233,26.274265,-31.235378,-56.303257,-6.675146,15.083178,-12.210748,-62.04276,-72.776535,-2.909785,-5.4289165,0.71899825,2.5071867,0.99492854
92,1.6852662563323975,-10.901578903198242,64.94213104248047,-0.11599610908836275,-1.865129638565281,-68.31091650000903,9.581049,5.5085177,-14.470952,9.179012,-14.995065,0.0,-12.519819,-9.509393,-20.72287,20.099474,-5.42273,0.0,-8.258989,4.1406617,-6.287054,-18.611027,-8.268023,9.429133,26.222961,-30.659523,-55.795483,-6.491151,15.092302,-12.210748,-64.17717,-73.82019,-2.4328902,-7.21942,-0.34293124,2.7943254,0.50845194
93,1.569725513458252,-11.237446784973145,64.93228912353516,-0.2062811496080141,-1.8683771221880745,-68.19140306879072,9.6998,5.788161,-14.572168,9.398666,-15.198372,0.0,-12.341028,-9.293665,-20.866758,20.428741,-5.9453645,0.0,-8.213662,3.9532137,-6.0443735,-18.901781,-7.949065,9.791686,26.150599,-29.977182,-55.214245,-6.218093,15.077922,-12.210748,-65.98305,-74.65749,-2.039522,-9.33322,-1.6553704,2.987848,0.06419334
94,1.458465814590454,-11.584772109985352,64.92826080322266,-0.29728059488536474,-1.8710566663131154,-68.10990074534492,9.829181,6.060809,-14.622825,9.635559,-15.405677,0.0,-12.1274,-9.052519,-20.98697,20.66942,-6.4204893,0.0,-8.161009,3.7562509,-5.7815957,-19.202948,-7.6354084,10.151583,26.06063,-29.206762,-54.574875,-5.8684974,15.04314,-12.210748,-67.52126,-75.29491,-1.725794,-11.739367,-3.1648798,3.103473,-0.3943397
95,1.3469747304916382,-11.940963745117188,64.92510223388672,-0.3779174713634422,-1.8604195028928199,-68.0263804064915,9.9431,6.3252544,-14.675132,9.879507,-15.607794,0.0,-11.91686,-8.817137,-21.110119,20.903372,-6.8999686,0.0,-8.098526,3.5487082,-5.525066,-19.557745,-7.3382983,10.49916,25.965555,-28.417765,-53.92439,-5.486726,15.007988,-12.210748,-68.84028,-75.79461,-1.4725205,-14.340977,-4.712936,3.226841,-0.85891724
96,1.2313555479049683,-12.288928985595703,64.9208984375,-0.43674997213424144,-1.8236676203589057,-67.90091330295269,10.008503,6.57693,-14.7814455,10.115877,-15.784215,0.0,-11.740061,-8.61656,-21.265768,21.1688,-7.3995986,0.0,-8.023316,3.3298647,-5.301123,-20.010408,-7.069187,10.827332,25.877924,-27.676178,-53.314007,-5.117915,14.993205,-12.210748,-69.99466,-76.23273,-1.2592758,-17.046057,-6.1366253,3.4463646,-1.3094139
97,1.1082017421722412,-12.63875961303711,64.9201889038086,-0.46092516949748064,-1.7430511348943813,-67.72124116673096,10.008497,6.810076,-14.957751,10.339658,-15.934096,0.0,-11.6021385,-8.459912,-21.466038,21.464926,-7.9315557,0.0,-7.9270473,3.0802362,-5.128253,-20.592157,-6.8137245,11.134297,25.797676,-26.962812,-52.733547,-4.7717175,15.002219,-12.210748,-70.97027,-76.647,-1.0772481,-19.847197,-7.3971553,3.7834537,-1.6863787
98,0.9763474464416504,-12.986774444580078,64.92300415039062,-0.4588158676207058,-1.6301929604738732,-67.50944363922152,9.959415,7.0286593,-15.1757145,10.553849,-16.058613,0.0,-11.490585,-8.329298,-21.6952,21.76295,-8.4711685,0.0,-7.813087,2.8068318,-4.9892945,-21.273756,-6.569801,11.421064,25.719524,-26.252304,-52.162926,-4.426542,15.024745,-12.210748,-71.75963,-77.023544,-0.922482,-22.776037,-8.583781,4.1916833,-2.00352
99,0.8371657729148865,-13.322834968566895,64.92160034179688,-0.4567567006155817,-1.5163057389092394,-67.27509562153473,9.873251,7.248145,-15.4243145,10.802387,-16.182817,0.0,-11.386582,-8.200661,-21.944887,22.063494,-9.0068655,0.0,-7.6973147,2.5493755,-4.8519454,-22.00855,-6.3681664,11.686078,25.648764,-25.602163,-51.642246,-4.077969,15.063051,-12.210748,-72.41874,-77.358154,-0.784602,-25.81136,-9.730817,4.658505,-2.3552387
100,0.6978505849838257,-13.652131080627441,64.91937255859375,-0.47703133859761365,-1.4323304981461733,-67.02895816151043,9.791832,7.484706,-15.68886,11.083598,-16.31584,0.0,-11.223179,-8.038692,-22.209312,22.289644,-9.499981,0.0,-7.5948405,2.3468328,-4.687567,-22.750711,-6.2396216,11.931251,25.591057,-25.07029,-51.214684,-3.720173,15.119893,-12.210748,-73.00424,-77.64739,-0.6513138,-28.929295,-10.873892,5.164465,-2.8337522
101,0.5555406212806702,-13.96966552734375,64.91679382324219,-0.5192062383396764,-1.3900066522528756,-66.76130002072742,9.731844,7.743076,-15.982908,11.368857,-16.434578,0.0,-10.987589,-7.8433013,-22.496767,22.434502,-9.944725,0.0,-7.516364,2.2144,-4.5012155,-23.5096,-6.2000937,12.156836,25.550282,-24.65964,-50.891445,-3.3192239,15.210315,-12.210748,-73.510605,-77.89383,-0.5210694,-32.13024,-12.078816,5.7316217,-3.514249
102,0.41207265853881836,-14.289690971374512,64.91486358642578,-0.5724506585466664,-1.371481041350437,-66.47088906592359,9.678542,8.014328,-16.307514,11.666946,-16.55062,0.0,-10.695136,-7.625714,-22.807062,22.521185,-10.36655,0.0,-7.4511905,2.1296155,-4.304464,-24.30379,-6.230147,12.364932,25.523212,-24.341906,-50.65391,-2.8881679,15.329582,-12.210748,-73.918884,-78.10465,-0.39256802,-35.414333,-13.308765,6.346034,-4.336272
103,0.26820245385169983,-14.602118492126465,64.91252899169922,-0.6356087975602984,-1.3632447837878123,-66.18340897351814,9.628408,8.292265,-16.626888,11.966389,-16.663574,0.0,-10.381561,-7.388042,-23.114727,22.559128,-10.754857,0.0,-7.381134,2.0733073,-4.087579,-25.099445,-6.310669,12.565307,25.504507,-24.126375,-50.503082,-2.491515,15.449387,-12.210748,-74.256226,-78.253555,-0.27083126,-38.7687,-14.422812,6.939037,-5.2019687
104,0.12943919003009796,-14.903013229370117,64.90907287597656,-0.7071946372187863,-1.3516181333435116,-65.92492004916727,9.582325,8.5690155,-16.904497,12.257968,-16.777082,0.0,-10.075482,-7.134554,-23.39367,22.557514,-11.104705,0.0,-7.2865596,2.0265265,-3.8402617,-25.864338,-6.4232564,12.7653475,25.487797,-24.024101,-50.438625,-2.1947114,15.540831,-12.210748,-74.57963,-78.397255,-0.11189483,-42.17074,-15.337711,7.4607673,-5.952289
105,-0.0034230703022331,-15.201714515686035,64.90226745605469,-0.794838068515805,-1.3400840324598575,-65.70977965347446,9.55224,8.8507805,-17.124084,12.550706,-16.907177,0.0,-9.773067,-6.853633,-23.629412,22.522455,-11.424458,0.0,-7.1587915,1.9950753,-3.548635,-26.589174,-6.578147,12.970378,25.47452,-24.065556,-50.477264,-1.9870036,15.595763,-12.210748,-74.89566,-78.527985,0.09576333,-45.62619,-16.032408,7.897455,-6.5537987
106,-0.13394121825695038,-15.49417781829834,64.89141845703125,-0.8965531803988898,-1.3336277159865055,-65.52162149662254,9.532497,9.1388445,-17.307552,12.846362,-17.045433,0.0,-9.471734,-6.551193,-23.837,22.463398,-11.719442,0.0,-7.0102057,1.9842846,-3.2225363,-27.29126,-6.780582,13.182527,25.46683,-24.225733,-50.616615,-1.8495389,15.628133,-12.210748,-75.10619,-78.56709,0.22511049,-49.15645,-16.477009,8.277123,-7.09044
107,-0.2599838674068451,-15.781776428222656,64.9176025390625,-0.9959475339306868,-1.320648713059596,-65.34025535648435,9.479964,9.409471,-17.475483,13.108348,-17.118464,0.0,-9.030803,-6.1843467,-24.052092,22.047138,-11.818179,0.0,-6.850969,1.9749864,-2.886836,-27.931025,-6.998298,13.41466,25.460114,-24.420918,-50.837685,-1.8498329,15.638536,-12.210748,-75.2676,-78.595,0.34650084,-52.71438,-16.725725,8.61373,-7.545692
108,-0.38314223289489746,-16.060962677001953,64.9470443725586,-1.0771631079958615,-1.2898513801863747,-65.1458860889648,9.40177,9.656275,-17.647478,13.365113,-17.148764,0.0,-8.602261,-5.8365507,-24.277596,21.607903,-11.899231,0.0,-6.6921124,1.9484061,-2.5659566,-27.999987,-7.252923,13.596079,25.453915,-24.67509,-51.061417,-1.959906,15.644204,-12.210748,-75.459595,-78.62438,0.5288584,-56.268444,-16.795752,8.932655,-7.9512234
109,-0.507844090461731,-16.344667434692383,64.98228454589844,-1.1347491564517767,-1.2373012546588469,-64.9315934886933,9.292809,9.875854,-17.830927,13.619191,-17.107946,0.0,-8.177815,-5.5056076,-24.522259,21.14385,-11.974714,0.0,-6.533864,1.8945245,-2.2667391,-27.999987,-7.473502,13.789328,25.449408,-24.93288,-51.33203,-2.3050807,15.622897,-12.210748,-75.58093,-78.65888,0.70533156,-59.839783,-16.692762,9.242706,-8.317926
110,-0.6222299337387085,-16.613162994384766,65.01454162597656,-1.1772700588323135,-1.1693503478120542,-64.70857484736969,9.163005,10.074917,-18.011316,13.871083,-16.97114,0.0,-7.7889724,-5.2068653,-24.770515,20.70594,-12.051674,0.0,-6.368588,1.8254586,-1.9744616,-27.999987,-7.709149,13.964127,25.447432,-25.26286,-51.642864,-2.8106432,15.582511,-12.210748,-75.76828,-78.68556,0.9164837,-63.393707,-16.349451,9.540645,-8.554577
111,-0.7445459961891174,-16.874773025512695,65.04202270507812,-1.2098090916589388,-1.0904219200263117,-64.48426705044083,9.020027,10.258214,-18.175179,14.117225,-16.714453,0.0,-7.441284,-4.921388,-25.016827,20.313028,-12.14574,0.0,-6.2042365,1.7538958,-1.6882132,-27.999987,-7.9539027,14.110151,25.444117,-25.602068,-51.97012,-3.3733988,15.540725,-12.210748,-75.9378,-78.70372,1.1636915,-66.94493,-15.825471,9.7782345,-8.745942
112,-0.8619575500488281,-17.130582809448242,65.07020568847656,-1.2377140077845026,-1.0048706893837474,-64.26567804250301,8.870395,10.431075,-18.308626,14.359958,-16.324265,0.0,-7.101921,-4.6398554,-25.254179,19.905102,-12.224425,0.0,-6.04704,1.6927683,-1.4051954,-27.999987,-8.23913,14.1493,25.430145,-25.987234,-52.247124,-3.826583,15.529334,-12.210748,-76.47301,-78.76523,2.0206404,-70.41274,-15.267851,9.880016,-9.070763
113,-0.9766032695770264,-17.381689071655273,65.09483337402344,-1.2679824305362375,-0.9062463125828509,-64.04207342284876,8.699856,10.603397,-18.418121,14.604523,-15.789873,0.0,-6.7832484,-4.3593216,-25.493103,19.50529,-12.303506,0.0,-5.9080606,1.6393155,-1.1227318,-27.999987,-8.509902,14.261878,25.392204,-26.162619,-52.5897,-4.407205,15.510992,-12.210748,-76.57777,-78.81382,2.395811,-73.94261,-14.400917,9.918196,-9.206181
114,-1.0948030948638916,-17.622896194458008,65.11833190917969,-1.295858597463378,-0.7948776841325906,-63.81362353931943,8.510205,10.771033,-18.500292,14.848547,-15.1045065,0.0,-6.4870973,-4.080085,-25.734945,19.10345,-12.37286,0.0,-5.779862,1.5889014,-0.8419227,-27.999987,-8.788054,14.362126,25.342825,-26.289955,-52.95068,-5.0472126,15.493904,-12.210748,-76.588715,-78.87421,2.727147,-77.47322,-13.316764,9.880438,-9.2500725
115,-1.2111246585845947,-17.86252212524414,65.14261627197266,-1.3095062666792312,-0.6841973220054509,-63.60479013525021,8.330225,10.918137,-18.524593,15.079235,-14.264888,0.0,-6.2081137,-3.8162766,-25.953796,18.72036,-12.44546,0.0,-5.64514,1.5531926,-0.5696639,-27.999987,-9.097797,14.436883,25.278116,-26.318113,-53.29361,-5.6183405,15.473456,-12.210748,-76.50873,-78.96397,3.0342383,-81.01693,-12.140643,9.748839,-9.344025
116,-1.322176456451416,-18.080495834350586,65.16738891601562,-1.297719583966394,-0.5877981419971454,-63.4401120922223,8.187867,11.029398,-18.45939,15.283607,-13.271542,0.0,-5.9722943,-3.5963402,-26.12369,18.39799,-12.520495,0.0,-5.48667,1.5437163,-0.31249267,-27.999987,-9.460505,14.470433,25.194439,-26.198454,-53.583847,-5.989062,15.448349,-12.210748,-76.30235,-79.10035,3.286439,-84.59202,-10.990628,9.511693,-9.621555
117,-1.4294648170471191,-18.28978729248047,65.19435119628906,-1.2578507441043567,-0.5119528285181105,-63.320513898984515,8.0906,11.101528,-18.29112,15.459178,-12.133607,0.0,-5.7599964,-3.4158297,-26.243645,18.128546,-12.605145,0.0,-5.3040094,1.5695072,-0.07006474,-27.999987,-9.889459,14.460299,25.08489,-25.915945,-53.81851,-6.150602,15.421919,-12.210748,-75.922676,-79.31375,3.4574122,-88.20593,-9.909601,9.138496,-10.197504
118,-1.5327115058898926,-18.48238182067871,65.22197723388672,-1.1963617630013108,-0.44868680657553045,-63.234742928254356,8.023667,11.145413,-18.028551,15.608513,-10.867508,0.0,-5.581154,-3.273634,-26.325891,17.911726,-12.694693,0.0,-5.1046734,1.6225139,0.1616287,-27.999987,-10.371267,14.408923,24.954538,-25.499989,-54.011642,-6.161259,15.395336,-12.210748,-75.37993,-79.60952,3.5466425,-91.84857,-8.838853,8.649094,-10.97963
119,-1.6430819034576416,-18.671222686767578,65.25074005126953,-1.1163460789396609,-0.38997601637789275,-63.18823272114619,7.974989,11.164253,-17.679304,15.742327,-9.507809,0.0,-5.435534,-3.1523213,-26.368736,17.740854,-12.796125,0.0,-4.883495,1.688309,0.3816628,-27.999987,-10.891006,14.310185,24.8164,-24.96689,-54.158142,-5.989719,15.36973,-12.210748,-74.73808,-79.95976,3.5762537,-95.50841,-7.739771,8.105484,-11.794493
120,-1.7401115894317627,-18.853670120239258,65.28141784667969,-1.02101814716268,-0.32783303386537443,-63.18657791827903,7.9340396,11.161732,-17.256046,15.868402,-8.092817,0.0,-5.3186774,-3.0607548,-26.366503,17.596682,-12.895706,0.0,-4.6355276,1.7524556,0.5889634,-27.999987,-11.433193,14.158914,24.682354,-24.331232,-54.25349,-5.604864,15.348008,-12.210748,-74.07378,-80.3224,3.5824883,-99.17165,-6.566504,7.5653963,-12.4688015
121,-1.8275437355041504,-19.023988723754883,65.31172180175781,-0.9051778398075137,-0.25603774702523713,-63.24009719706206,7.729997,11.077948,-16.775232,16.36223,-6.8567777,0.0,-5.267451,-3.0142934,-26.308382,17.532013,-13.014474,0.0,-4.35238,1.8049457,0.7798343,-27.999987,-11.99359,13.943905,24.548946,-23.555826,-54.27616,-4.9773927,15.3378105,-12.210748,-73.42188,-80.66583,3.5919604,-102.879776,-5.2856836,7.077435,-12.956038
122,-1.923629641532898,-19.179306030273438,65.33990478515625,-0.7700149333688666,-0.18005113357259686,-63.34233520696036,7.26533,10.890811,-16.26159,17.439106,-5.9417357,0.0,-5.288565,-3.0031447,-26.20213,17.55973,-13.157719,0.0,-4.0397286,1.8554106,0.95586824,-27.999987,-12.5807705,13.663378,24.411434,-22.645708,-54.220787,-4.130926,15.33723,-12.210748,-72.75447,-81.001305,3.5998302,-106.61906,-3.9062436,6.594788,-13.3521595
123,-2.017141580581665,-19.333009719848633,65.36997985839844,-0.6266525814130276,-0.10928806680692993,-63.475061335297646,6.871361,10.719776,-15.707651,18.37404,-4.998168,0.0,-5.3185983,-3.0035386,-26.066332,17.5997,-13.298872,0.0,-3.7131774,1.9185929,1.1243452,-27.999987,-13.198021,13.329789,24.279165,-21.677223,-54.10919,-3.1162193,15.333238,-12.210748,-72.04771,-81.35847,3.587747,-110.29539,-2.4582846,6.0310583,-13.699887
124,-2.101925849914551,-19.475400924682617,65.39823150634766,-0.48992951380853966,-0.05319967622004613,-63.61939871014864,6.512054,10.57284,-15.182625,19.246523,-4.102848,0.0,-5.34406,-3.0085845,-25.919807,17.642511,-13.428327,0.0,-3.3881078,2.0092096,1.2925135,-27.999987,-13.848161,12.960721,24.161392,-20.725084,-53.96969,-1.9845444,15.310995,-12.210748,-71.27204,-81.773056,3.5261567,-113.81616,-0.9798348,5.3033595,-14.0459385
125,-2.188863515853882,-19.612321853637695,65.42337799072266,-0.3624310869536906,-0.023647856731223337,-63.780790347623615,6.187511,10.444781,-14.70082,20.08933,-3.310024,0.0,-5.356044,-3.006225,-25.75947,17.69361,-13.552813,0.0,-3.053739,2.1436822,1.465441,-27.999987,-14.561177,12.546723,24.05937,-19.775166,-53.79344,-0.63984394,15.27417,-12.210748,-70.401596,-82.27114,3.384769,-117.21781,0.41994065,4.389739,-14.379999
126,-2.283130645751953,-19.747745513916016,65.44902038574219,-0.23686818140516158,-0.012310282714898766,-63.96593622291579,5.89758,10.323778,-14.251088,20.898361,-2.6435447,0.0,-5.359053,-2.995749,-25.578989,17.742626,-13.66885,0.0,-2.706035,2.3097427,1.6387943,-27.999987,-15.325887,12.085039,23.968004,-18.792994,-53.553493,0.90127087,15.21499,-12.210748,-69.44108,-82.85213,3.1589959,-120.53232,1.7743407,3.3352592,-14.699865
127,-2.3629074096679688,-19.877212524414062,65.4751968383789,-0.11222907981562184,0.0012597948585435345,-64.15760192150698,5.6240067,10.210978,-13.860868,21.65439,-2.0973752,0.0,-5.359904,-2.9946952,-25.391232,17.778818,-13.771187,0.0,-2.3706253,2.4795039,1.8058347,-27.999987,-16.083511,11.609038,23.887018,-17.826988,-53.26745,2.425043,15.105789,-12.210748,-68.41165,-83.50217,2.860751,-123.662155,3.267565,2.166433,-15.069696
128,-2.4488468170166016,-20.007097244262695,65.50243377685547,0.011922184610593073,0.03746580652539885,-64.33812762715436,5.348851,10.107183,-13.554812,22.337305,-1.6569483,0.0,-5.3709817,-2.9847775,-25.215052,17.790136,-13.863061,0.0,-2.073539,2.6256826,1.9597491,-27.999987,-16.776567,11.153654,23.816147,-16.928883,-52.968826,3.7236004,14.927021,-12.210748,-67.33844,-84.19964,2.5093312,-126.50971,5.0940638,0.91639936,-15.556512
129,-2.5330417156219482,-20.129783630371094,65.53297424316406,0.13505309714522498,0.10163702923632378,-64.50849843421625,5.075323,10.0110445,-13.3494835,22.925781,-1.3090389,0.0,-5.3929224,-2.9701426,-25.048231,17.756172,-13.926608,0.0,-1.8203937,2.7457514,2.1015522,-27.999987,-17.409985,10.714484,23.756279,-16.081535,-52.643612,4.7928658,14.644605,-12.210748,-66.218834,-84.931816,2.1260798,-129.08414,7.5109076,-0.40057012,-16.170145
130,-2.6175808906555176,-20.250415802001953,65.56495666503906,0.2568626903924192,0.18296730621551302,-64.67596344922097,4.8088937,9.917664,-13.229383,23.43963,-1.0563446,0.0,-5.4211497,-2.9501803,-24.88415,17.694853,-13.974283,0.0,-1.5979546,2.8533888,2.2334538,-27.999987,-18.007812,10.284757,23.706968,-15.270504,-52.292095,5.7344456,14.276524,-12.210748,-65.05006,-85.69958,1.7013954,-131.42024,10.369487,-1.7824807,-16.90162
131,-2.7012760639190674,-20.373693466186523,65.60160827636719,0.3776272578322584,0.27753442210755896,-64.83291601690067,4.524219,9.821394,-13.167026,23.945803,-0.90447515,0.0,-5.4291286,-2.9175513,-24.73186,17.567886,-13.991116,0.0,-1.4038941,2.9459329,2.3501024,-27.999987,-18.537777,9.895865,23.666096,-14.5540905,-51.988205,6.503504,13.894191,-12.210748,-63.855545,-86.50018,1.2095926,-133.4722,13.2556505,-3.2034574,-17.783117
132,-2.7804698944091797,-20.491790771484375,65.64027404785156,0.4978860984035507,0.3812536306070191,-64.97151580807041,4.2097607,9.721479,-13.129136,24.47845,-0.8249738,0.0,-5.4274983,-2.8847606,-24.598597,17.403494,-13.986884,0.0,-1.2351402,3.0206838,2.4440002,-27.999987,-18.967165,9.576701,23.631765,-13.9886465,-51.81084,7.049755,13.575242,-12.210748,-62.687508,-87.3238,0.65558624,-134.99997,15.760232,-4.8321958,-18.880117
133,-2.8598814010620117,-20.612651824951172,65.68360900878906,0.6172547803509553,0.49553222597170454,-65.09694793385573,3.8554225,9.616276,-13.11065,25.056007,-0.7794841,0.0,-5.393752,-2.8356016,-24.48214,17.153517,-13.941184,0.0,-1.091916,3.074601,2.5082657,-27.999987,-19.268583,9.333295,23.603786,-13.5773115,-51.777916,7.33062,13.341235,-12.210748,-61.602585,-88.163795,0.11516676,-134.99997,17.867113,-7.705164,-20.670073
134,-2.9358842372894287,-20.729198455810547,65.72893524169922,0.7368541564122574,0.6221418243621205,-65.21129646823643,3.4882348,9.511064,-13.1175785,25.61478,-0.72338986,0.0,-5.3673663,-2.7905884,-24.376898,16.893324,-13.889501,0.0,-0.9797675,3.109624,2.5583065,-27.999987,-19.471252,9.159556,23.580893,-13.2942095,-51.87272,7.393627,13.160753,-12.210748,-60.356136,-89.05168,-0.63221264,-134.99997,19.771658,-10.359544,-22.733635
135,-3.012955665588379,-20.838815689086914,65.77611541748047,0.8544326654500303,0.7558469619533214,-65.30069894885301,3.1023192,9.408852,-13.134944,26.175997,-0.66998005,0.0,-5.324322,-2.737704,-24.296902,16.579348,-13.80708,0.0,-0.8884914,3.132857,2.5873365,-27.999987,-19.608557,9.047165,23.565666,-13.150088,-52.107292,7.289618,13.033489,-12.210748,-59.014874,-89.9785,-1.5599076,-134.99997,21.45752,-12.572374,-24.694012
136,-3.089959144592285,-20.953397750854492,65.82706451416016,0.968587464354064,0.8912946888133739,-65.35221320837069,2.7023983,9.315323,-13.149118,26.741589,-0.6232154,0.0,-5.2365074,-2.6678522,-24.253603,16.188156,-13.695189,0.0,-0.80821055,3.1512375,2.5883942,-27.999987,-19.713558,8.987214,23.560818,-13.155853,-52.48987,7.0683255,12.957307,-12.210748,-57.695293,-90.90238,-2.5801835,-134.99997,22.885643,-14.148736,-26.144154
137,-3.1694822311401367,-21.062301635742188,65.88014221191406,1.084205898473672,1.0311786002519516,-65.36157752752123,2.2851498,9.227162,-13.159037,27.307098,-0.5784284,0.0,-5.1315584,-2.5950265,-24.249678,15.757514,-13.565393,0.0,-0.73281294,3.159958,2.549788,-27.999987,-19.786263,8.9744425,23.566029,-13.331095,-53.02099,6.7178984,12.953392,-12.210748,-56.472874,-91.78871,-3.608945,-134.99997,24.076166,-15.072599,-26.857336
138,-3.2489922046661377,-21.175384521484375,65.9326171875,1.200213375838683,1.1766356546445806,-65.33580429393264,1.8561864,9.144433,-13.170581,27.859043,-0.52752745,0.0,-5.0097203,-2.5182436,-24.278671,15.301827,-13.4329195,0.0,-0.67186755,3.1571174,2.475722,-27.999987,-19.809744,9.014222,23.580238,-13.660562,-53.693073,6.212904,13.016725,-12.210748,-55.599777,-92.42704,-4.334438,-134.99997,25.134487,-15.573975,-26.896322
139,-3.3220438957214355,-21.28331756591797,65.98552703857422,1.3070344130386025,1.3199174401241358,-65.27969777030928,1.4254583,9.074965,-13.181519,28.40338,-0.47996387,0.0,-4.856729,-2.429493,-24.336775,14.789468,-13.271534,0.0,-0.6420018,3.155084,2.381037,-27.999987,-19.797495,9.150427,23.58218,-13.928977,-54.4875,5.4640036,13.077763,-12.210748,-55.400745,-92.523346,-4.4267073,-134.99997,26.09042,-15.859884,-26.280806
140,-3.3968939781188965,-21.394229888916016,66.0378646850586,1.3952526529481248,1.4537327123364252,-65.19716258292443,1.0029986,9.026507,-13.189976,28.945223,-0.44519612,0.0,-4.6501646,-2.3039997,-24.422531,14.191029,-13.072028,0.0,-0.64138263,3.1654882,2.2938735,-27.999987,-19.778778,9.330815,23.595888,-14.33776,-55.413513,4.644335,13.122374,-12.210748,-55.28522,-92.64226,-4.5288663,-134.99997,26.502846,-15.788354,-25.518051
141,-3.470820903778076,-21.50281524658203,66.08810424804688,1.465273009159898,1.5748194646594982,-65.08397775407629,0.5933495,8.999284,-13.203534,29.475985,-0.41295466,0.0,-4.3938065,-2.1476786,-24.53921,13.517003,-12.836266,0.0,-0.67909896,3.1938229,2.2059083,-27.999987,-19.74468,9.531448,23.608429,-14.688293,-56.408447,3.6688342,13.140366,-12.210748,-55.278988,-92.70879,-4.594198,-134.99997,26.306616,-15.342161,-24.583036
142,-3.5428245067596436,-21.604751586914062,66.13701629638672,1.5210158813854158,1.6889380024396976,-64.9382534301095,0.1870795,8.990856,-13.217284,29.997646,-0.3816782,0.0,-4.0959,-1.9657115,-24.687164,12.765586,-12.559602,0.0,-0.7433281,3.2325196,2.1139033,-27.999987,-19.687359,9.864103,23.630272,-15.202735,-57.615902,2.5134723,13.137494,-12.210748,-55.369167,-92.7782,-4.665497,-134.99997,25.549953,-14.4774475,-23.335133
143,-3.6133055686950684,-21.712459564208984,66.18372344970703,1.5596212027900047,1.7978009455060016,-64.77373995353597,-0.20918976,9.002763,-13.219734,30.512196,-0.3689681,0.0,-3.7481835,-1.747185,-24.853857,11.927928,-12.246234,0.0,-0.8327546,3.2749681,2.032154,-27.999987,-19.607994,10.259998,23.663734,-15.83632,-58.92371,1.335954,13.1207695,-12.210748,-55.562256,-92.84638,-4.7403374,-134.99997,24.44625,-13.251363,-21.981123
144,-3.6819908618927,-21.820350646972656,66.2262191772461,1.5776208286171518,1.9038337923391586,-64.60315126067138,-0.58971965,9.038245,-13.194963,31.01808,-0.38590157,0.0,-3.3636081,-1.4916348,-25.027048,11.011137,-11.89226,0.0,-0.9460108,3.315272,1.9756156,-27.999987,-19.51055,10.678908,23.708492,-16.534025,-60.243774,0.2452157,13.079661,-12.210748,-55.842255,-92.910194,-4.8140054,-134.99568,23.259718,-11.740535,-20.71636
145,-3.75215744972229,-21.926715850830078,66.26335144042969,1.5706068221371672,2.007687303321476,-64.42521677683519,-0.9583136,9.101255,-13.137474,31.527237,-0.44151804,0.0,-2.9268734,-1.183818,-25.208576,9.97301,-11.473521,0.0,-1.0801486,3.354046,1.932333,-27.999987,-19.398031,11.116082,23.763563,-17.266638,-61.576473,-0.793544,12.998657,-12.210748,-56.140762,-92.97157,-4.8996453,-133.1808,22.190928,-11.433369,-20.352219
146,-3.808840036392212,-22.035554885864258,66.29774475097656,1.5431581829851282,2.1087992533822653,-64.23473088586475,-1.3172891,9.188314,-13.056727,32.03854,-0.52893156,0.0,-2.4104278,-0.8283832,-25.400242,8.76982,-10.971906,0.0,-1.2434711,3.3927863,1.9084489,-27.999987,-19.272234,11.587568,23.827404,-18.028017,-62.938843,-1.831434,12.876013,-12.210748,-56.474037,-93.02791,-4.989219,-131.3454,20.99522,-10.930715,-20.109076
147,-3.8691482543945312,-22.142494201660156,66.32791900634766,1.5003626832629606,2.205167396651683,-64.0391927261957,-1.6611761,9.294331,-12.960902,32.542118,-0.643545,0.0,-1.8145242,-0.41428056,-25.594107,7.3806634,-10.370578,0.0,-1.424399,3.4322708,1.8997576,-27.999987,-19.128723,12.066671,23.89967,-18.797104,-64.27477,-2.827815,12.73792,-12.210748,-56.858055,-93.078186,-5.0812726,-129.34024,19.720818,-10.348845,-19.884012
148,-3.921740770339966,-22.24534034729004,66.3532943725586,1.4473850064847653,2.2949978721872113,-63.846366408100664,-1.9861459,9.413373,-12.857898,33.030704,-0.78176594,0.0,-1.7256255,-0.23892057,-25.778131,7.200338,-10.40774,0.0,-1.6123235,3.4733675,1.9033879,-27.999987,-18.959549,12.515799,23.979849,-19.544352,-65.5233,-3.7297788,12.615808,-12.210748,-57.293186,-93.12219,-5.1732903,-127.2363,18.430466,-9.717941,-19.516352
149,-3.968881368637085,-22.34613037109375,66.37179565429688,1.379421660694306,2.3747196212056236,-63.65830770645496,-2.28618,9.551839,-12.740522,33.50386,-0.947354,0.0,-1.6293806,-0.053161614,-25.956076,7.0241346,-10.444896,0.0,-1.8093556,3.5191941,1.9244527,-27.999987,-18.75738,12.92949,24.066687,-20.250563,-66.677536,-4.53549,12.509939,-12.210748,-57.795963,-93.158676,-5.26388,-125.024445,17.187717,-9.0189705,-18.925629
150,-4.018782138824463,-22.4507999420166,66.38430786132812,1.2957840895658235,2.446516049633589,-63.47102813170569,-2.564789,9.710152,-12.607754,33.965675,-1.1413772,0.0,-1.5276208,0.15085064,-26.132671,6.8574014,-10.490817,0.0,-2.019874,3.568587,1.9618576,-27.999987,-18.52102,13.325506,24.15865,-20.913136,-67.76641,-5.269215,12.405481,-12.210748,-58.371086,-93.186,-5.351252,-122.671036,15.954679,-8.248601,-18.189669
151,-4.069766521453857,-22.55411720275879,66.3937759399414,1.2079139504253527,2.5169124288904827,-63.28277809722388,-2.8284996,9.874901,-12.476373,34.406925,-1.3505789,0.0,-1.4361802,0.3552851,-26.310701,6.7139916,-10.548065,0.0,-2.236604,3.6161795,2.0038166,-27.999987,-18.251722,13.700893,24.254906,-21.529335,-68.787605,-5.911083,12.314582,-12.210748,-58.993973,-93.20489,-5.4338136,-120.21308,14.646191,-7.450105,-17.399954
152,-4.1192402839660645,-22.653491973876953,66.39994049072266,1.1269070107086245,2.592431371644149,-63.091911493341655,-3.0784872,10.033505,-12.361748,34.805614,-1.5544014,0.0,-1.3650914,0.5446797,-26.492916,6.601351,-10.619118,0.0,-2.4522953,3.656411,2.0391245,-27.999987,-17.953217,14.046284,24.35464,-22.097088,-69.73594,-6.43611,12.253566,-12.210748,-59.63172,-93.21808,-5.512646,-117.68385,13.174829,-6.6666903,-16.660654
153,-4.1623382568359375,-22.749515533447266,66.4031753540039,1.0523638050443842,2.6742498045512106,-62.89492354824755,-3.3180866,10.185975,-12.267323,35.163692,-1.7591001,0.0,-1.3092943,0.71775955,-26.683182,6.511471,-10.700592,0.0,-2.6677732,3.6873038,2.0686011,-27.999987,-17.628662,14.357894,24.457678,-22.613373,-70.61994,-6.8087883,12.237759,-12.210748,-60.26523,-93.22965,-5.592596,-115.06769,11.438168,-5.9144044,-16.073643
154,-4.202897071838379,-22.842479705810547,66.40190887451172,0.9789062742849698,2.759137206641252,-62.69355127562482,-3.5416746,10.338711,-12.184329,35.480564,-1.9659847,0.0,-1.2640446,0.8842508,-26.879473,6.4359426,-10.787593,0.0,-2.88611,3.7118738,2.0976446,-27.999987,-17.278662,14.642875,24.563797,-23.078657,-71.44847,-7.0421705,12.260423,-12.210748,-60.899445,-93.24299,-5.6782694,-112.34309,9.506933,-5.173453,-15.588026
155,-4.2439775466918945,-22.93450355529785,66.3982162475586,0.9102515268191841,2.8469074878692746,-62.49416347807278,-3.7458048,10.4873905,-12.110562,35.750496,-2.1581376,0.0,-1.2292451,1.0434792,-27.074774,6.375309,-10.881631,0.0,-3.103671,3.731978,2.1224384,-27.999987,-16.902874,14.906375,24.672058,-23.497608,-72.21134,-7.1880436,12.299273,-12.210748,-61.539795,-93.25985,-5.7699914,-109.53998,7.5635214,-4.424538,-15.071983
156,-4.28379487991333,-23.02385711669922,66.39410400390625,0.8499590683301157,2.9372147545209484,-62.30329738137408,-3.926764,10.628361,-12.04365,35.966526,-2.3169005,0.0,-1.2052705,1.1902838,-27.261805,6.3247695,-10.976258,0.0,-3.3164976,3.7494898,2.1393657,-27.999987,-16.500507,15.151076,24.780998,-23.87641,-72.893005,-7.3026476,12.3282,-12.210748,-62.193474,-93.27993,-5.8643684,-106.68893,5.797673,-3.6419156,-14.38592
157,-4.316941738128662,-23.112159729003906,66.39025115966797,0.7964270756574651,3.0289972667399723,-62.123170854757376,-4.078418,10.764103,-11.975168,36.123425,-2.4421697,0.0,-1.1870791,1.3233559,-27.438118,6.2850666,-11.074278,0.0,-3.5238657,3.766342,2.1504877,-27.999987,-16.06712,15.374517,24.889332,-24.214003,-73.48448,-7.3896437,12.338273,-12.210748,-62.86283,-93.302376,-5.9565964,-103.79865,4.3310356,-2.788577,-13.43383
158,-4.351391792297363,-23.197553634643555,66.38470458984375,0.7486150504600201,3.12259244169563,-61.95018921998843,-4.20563,10.895248,-11.908554,36.22805,-2.5416763,0.0,-1.1792198,1.4485077,-27.608307,6.2512007,-11.169323,0.0,-3.727446,3.7810953,2.1569178,-27.999987,-15.601295,15.574121,24.996449,-24.508339,-73.991905,-7.4257836,12.338018,-12.210748,-63.550114,-93.32654,-6.0446763,-100.85487,3.06808,-1.875718,-12.298101
159,-4.3863959312438965,-23.278743743896484,66.37896728515625,0.7109340294828426,3.219936967074296,-61.78179217149745,-4.3195996,11.015103,-11.860756,36.289944,-2.6166089,0.0,-1.1807864,1.5618804,-27.77391,6.2234573,-11.264525,0.0,-3.9270875,3.7903066,2.1533284,-27.999987,-15.109924,15.752235,25.101938,-24.766808,-74.4218,-7.427406,12.328639,-12.210748,-64.263626,-93.351456,-6.1285915,-97.85866,1.85863,-0.95765674,-11.107391
160,-4.412625789642334,-23.357881546020508,66.371826171875,0.6873208369002782,3.3229574546553144,-61.61561440489842,-4.428995,11.117747,-11.847231,36.311726,-2.6637187,0.0,-1.1910673,1.652584,-27.935738,6.203588,-11.360919,0.0,-4.1225386,3.7904158,2.134687,-27.999987,-14.60488,15.910396,25.205574,-25.001795,-74.77832,-7.4126735,12.309477,-12.210748,-65.01119,-93.37595,-6.209171,-94.80615,0.54171133,-0.091578156,-9.991088
161,-4.441098690032959,-23.435396194458008,66.36705017089844,0.6807159408920656,3.435848089722923,-61.45518258887568,-4.538785,11.199922,-11.862391,36.29831,-2.6909373,0.0,-1.2192504,1.7250808,-28.090702,6.195064,-11.460914,0.0,-4.313576,3.7749007,2.0987034,-27.999943,-14.089471,16.046019,25.307507,-25.220997,-75.05694,-7.362247,12.276321,-12.210748,-65.80028,-93.398674,-6.2868195,-91.682945,-1.0246826,0.6920743,-8.973833
162,-4.47410249710083,-23.511981964111328,66.36576080322266,0.6881544399731632,3.556357231853561,-61.300212459071446,-4.648273,11.265226,-11.901799,36.256924,-2.7006285,0.0,-1.2608196,1.7854934,-28.239656,6.1886997,-11.558727,0.0,-4.5012236,3.7471585,2.0483272,-27.801748,-13.563298,16.153793,25.407825,-25.425043,-75.2549,-7.2697935,12.233043,-12.210748,-66.61874,-93.42132,-6.3608584,-88.48618,-2.746333,1.4273235,-7.991233
163,-4.502717018127441,-23.580772399902344,66.3648910522461,0.7057206297395515,3.676183912790514,-61.14273337567084,-4.7531004,11.316537,-11.98399,36.185234,-2.6860003,0.0,-1.3065643,1.8295506,-28.390629,6.1844893,-11.651595,0.0,-4.688625,3.718285,1.9848926,-27.513014,-13.040713,16.232357,25.506063,-25.615011,-75.377205,-7.175463,12.190609,-12.210748,-67.40904,-93.456924,-6.4371533,-85.251595,-4.4267907,2.1667287,-7.072352
164,-4.5272955894470215,-23.646831512451172,66.3628921508789,0.7296651274318788,3.787613605239017,-60.974863249684105,-4.849602,11.356029,-12.127562,36.082493,-2.6403608,0.0,-1.3402256,1.8655192,-28.551762,6.174679,-11.741517,0.0,-4.8641553,3.7014854,1.9184054,-27.186895,-12.542088,16.281769,25.601019,-25.796673,-75.43961,-7.1257625,12.155966,-12.210748,-68.284584,-93.476875,-6.491448,-81.949356,-5.8089614,2.8788052,-6.1248474
165,-4.554605484008789,-23.709383010864258,66.3614273071289,0.7607860956219971,3.886433706524707,-60.79235149429744,-4.9336843,11.381736,-12.341629,35.93992,-2.556586,0.0,-1.3655872,1.8942218,-28.728403,6.170244,-11.833499,0.0,-5.039816,3.7014604,1.8367274,-26.857368,-12.077605,16.299852,25.691969,-25.969765,-75.42879,-7.130919,12.124951,-12.210748,-69.091805,-93.49928,-6.5250664,-78.65132,-6.7562246,3.6643384,-5.219185
166,-4.579528331756592,-23.771316528320312,66.36075592041016,0.8004194877868223,3.9775637653575484,-60.600097387187624,-5.009476,11.392607,-12.61487,35.762295,-2.440779,0.0,-1.3799026,1.914147,-28.914621,6.1635222,-11.926192,0.0,-5.2107,3.7111678,1.742811,-26.540648,-11.648201,16.28569,25.778387,-26.134491,-75.34327,-7.1713185,12.0931835,-12.210748,-69.86571,-93.52476,-6.5416336,-75.33458,-7.412061,4.4756584,-4.358855
167,-4.599997520446777,-23.831584930419922,66.36067199707031,0.8453478908764986,4.065815339487539,-60.40413048273986,-5.0875955,11.391256,-12.935645,35.575363,-2.309838,0.0,-1.3917576,1.9249295,-29.103865,6.1590633,-12.019092,0.0,-5.37812,3.7220814,1.6457946,-26.23727,-11.256732,16.24649,25.859892,-26.289495,-75.19592,-7.2428293,12.077322,-12.210748,-70.694084,-93.55097,-6.5495844,-71.988846,-8.024355,5.2206883,-3.5935729
168,-4.6206159591674805,-23.886615753173828,66.36248016357422,0.8918649287282832,4.156336081430239,-60.20981773671688,-5.1809864,11.379795,-13.292497,35.410534,-2.1838465,0.0,-1.409816,1.932654,-29.290602,6.150903,-12.104138,0.0,-5.5435123,3.725794,1.5550219,-25.938,-10.907591,16.19264,25.93563,-26.431728,-75.00231,-7.3427153,12.095706,-12.210748,-71.67412,-93.572495,-6.556141,-68.59944,-8.838262,5.810695,-2.9577963
169,-4.639175891876221,-23.941707611083984,66.36505126953125,0.9418330145151177,4.252840509801707,-60.01137958247815,-5.2982264,11.352817,-13.705077,35.269146,-2.0611434,0.0,-1.4324169,1.9364061,-29.479494,6.1410904,-12.188586,0.0,-5.703411,3.7200842,1.468641,-25.63914,-10.607585,16.125154,26.005842,-26.56808,-74.77431,-7.526454,12.165622,-12.210748,-72.79544,-93.586334,-6.555884,-65.11882,-9.8622,6.188294,-2.3337367
170,-4.6565728187561035,-23.995702743530273,66.36808776855469,0.9959287150158804,4.351925854590337,-59.808409676062254,-5.43008,11.309752,-14.171246,35.13513,-1.9319475,0.0,-1.4557114,1.9364381,-29.671497,6.12999,-12.27363,0.0,-5.8583035,3.70963,1.3833048,-25.34188,-10.358402,16.041544,26.070452,-26.699835,-74.50384,-7.7793956,12.274767,-12.210748,-74.031784,-93.590614,-6.543066,-61.555935,-10.985905,6.4022837,-1.7091022
171,-4.677916526794434,-24.04884147644043,66.37042999267578,1.0497071218855576,4.4477281617597555,-59.61416727988656,-5.5621886,11.260123,-14.646754,35.010956,-1.8033276,0.0,-1.4822942,1.9375604,-29.855127,6.121281,-12.355701,0.0,-6.0165215,3.6969507,1.3057519,-25.03948,-10.152906,15.947632,26.128479,-26.80934,-74.1803,-7.9907684,12.399155,-12.210748,-75.46411,-93.5793,-6.523566,-57.9891,-12.262186,6.543936,-1.2736037
172,-4.6964111328125,-24.10176658630371,66.37320709228516,1.0981540677170611,4.534615198305475,-59.44248222070187,-5.6827316,11.21482,-15.087768,34.90467,-1.684455,0.0,-1.5011338,1.9417151,-30.017054,6.111305,-12.433834,0.0,-6.1870513,3.684852,1.2428732,-24.72012,-9.978552,15.853179,26.178694,-26.868359,-73.79824,-8.047747,12.517717,-12.210748,-77.18686,-93.54288,-6.5024257,-54.500248,-13.740333,6.7196627,-1.2183378
173,-4.708140850067139,-24.15517234802246,66.3756332397461,1.139540405687815,4.611790397080456,-59.29149337428159,-5.7917275,11.176791,-15.500328,34.81663,-1.5771191,0.0,-1.5207545,1.9415085,-30.159697,6.120702,-12.516144,0.0,-6.3806877,3.6780336,1.1893878,-24.059174,-9.69908,15.728796,26.25082,-26.840137,-73.35647,-7.906963,12.654513,-12.210748,-79.82849,-93.40205,-6.2951965,-50.63142,-15.3183155,6.6078405,-1.3737563
174,-4.721557140350342,-24.204425811767578,66.37830352783203,1.1752081789905289,4.677730162922713,-59.156520990051625,-5.89471,11.140656,-15.902177,34.7529,-1.4790312,0.0,-1.5216635,1.9535066,-30.28673,6.09687,-12.574624,0.0,-6.6074023,3.6639702,1.150053,-23.353899,-9.507763,15.829785,26.369167,-26.563896,-73.02211,-7.69165,12.759794,-12.210748,-84.25333,-92.09941,-4.247004,-47.275345,-16.58888,6.493623,-2.9673991
175,-4.735157012939453,-24.250181198120117,66.37846374511719,1.2100158731651542,4.738242377374014,-59.04513217941171,-5.989969,11.103972,-16.266775,34.70675,-1.390656,0.0,-1.5730476,1.9347466,-30.392834,6.196773,-12.692019,0.0,-6.835685,3.651225,1.1243885,-22.882349,-9.417235,15.867479,26.354284,-26.253803,-72.52523,-7.4459715,12.848403,-12.210748,-87.81534,-90.96905,-3.3518226,-43.998596,-17.95617,6.543243,-4.661153
176,-4.743275165557861,-24.299837112426758,66.38130950927734,1.2437764440366603,4.794946732379479,-58.96402259125645,-6.0715127,11.069342,-16.570314,34.66854,-1.3082126,0.0,-1.562118,1.9473319,-30.466839,6.1502204,-12.728859,0.0,-7.062023,3.6433735,1.1078295,-22.421532,-9.336112,15.89076,26.337326,-25.94277,-71.9828,-7.0559945,12.922597,-12.210748,-90.904274,-90.06337,-2.8551068,-41.001217,-19.36228,6.8056,-6.4197326
177,-4.7575178146362305,-24.341838836669922,66.3840560913086,1.2791862359347645,4.851626444321042,-58.91373824719518,-6.1406875,11.037449,-16.805542,34.63381,-1.2305473,0.0,-1.5124507,1.9878055,-30.509115,5.9817395,-12.69153,0.0,-7.307738,3.635554,1.0966383,-21.955093,-9.256053,15.912444,26.32317,-25.581532,-71.380035,-6.4613137,12.969828,-12.210748,-93.97351,-89.06352,-2.3804655,-38.38626,-20.800406,7.3289137,-8.79093
178,-4.765836715698242,-24.3801212310791,66.38373565673828,1.3178534884681028,4.906538028527579,-58.892459309323996,-6.2036533,11.004327,-16.985174,34.61821,-1.1653619,0.0,-1.6111093,1.9324192,-30.527525,6.159161,-12.823438,0.0,-7.567148,3.6276124,1.0899296,-21.478924,-9.181362,15.936285,26.309914,-25.167225,-70.71473,-5.6975174,12.991922,-12.210748,-97.04867,-88.02067,-2.0021002,-36.037075,-22.335955,8.006848,-11.689828
179,-4.775206089019775,-24.41494369506836,66.38660430908203,1.350359474597681,4.95090569997715,-58.89906010687119,-6.2474933,10.97696,-17.116749,34.609684,-1.1032623,0.0,-1.4679964,2.020621,-30.511938,5.751253,-12.638552,0.0,-7.807803,3.6284533,1.0965658,-21.023975,-9.122584,15.950444,26.29901,-24.795904,-70.01859,-4.87778,13.0043125,-12.210748,-99.7807,-87.11276,-1.7405668,-33.921673,-23.779173,8.676288,-14.415651
180,-4.779910564422607,-24.444284439086914,66.38628387451172,1.3800721042238653,4.975610516234841,-58.93848961252422,-6.272241,10.945669,-17.203213,34.630165,-1.0543025,0.0,-1.6012938,1.9334806,-30.476892,6.0573826,-12.821681,0.0,-7.9945974,3.6448286,1.1127907,-20.622627,-9.09289,15.94401,26.290094,-24.561825,-69.33047,-4.110607,13.028978,-12.210748,-101.83956,-86.39066,-1.592702,-32.03948,-24.847614,9.201137,-16.309101
181,-4.784925937652588,-24.469982147216797,66.38558959960938,1.402712111581282,4.974115856406619,-59.0137141038848,-6.2718987,10.913222,-17.245228,34.681946,-1.0194192,0.0,-1.5921241,1.9224192,-30.406519,6.055502,-12.831308,0.0,-8.120041,3.6819315,1.1420791,-20.270517,-9.089341,15.91008,26.285969,-24.477848,-68.64624,-3.3255053,13.079816,-12.210748,-103.233826,-85.83013,-1.4665712,-30.397266,-25.3526,9.659541,-17.054453
182,-4.78965950012207,-24.491273880004883,66.38553619384766,1.42109747649424,4.952399349466428,-59.12292661033672,-6.2516346,10.879238,-17.240557,34.76315,-0.99864393,0.0,-1.5765787,1.9076355,-30.30605,6.065592,-12.836322,0.0,-8.20194,3.7346828,1.1817694,-19.957829,-9.109062,15.855179,26.285734,-24.498222,-67.95189,-2.4955273,13.144623,-12.210748,-104.1172,-85.376854,-1.3744615,-29.02483,-25.459522,10.132863,-17.040419
183,-4.787885665893555,-24.50714111328125,66.38497161865234,1.4350052711459003,4.920284477267601,-59.25658348931529,-6.215557,10.847541,-17.19343,34.85546,-0.9814931,0.0,-1.57151,1.8794165,-30.183407,6.114134,-12.85223,0.0,-8.246439,3.7972395,1.2319161,-19.687845,-9.159987,15.796268,26.283361,-24.623632,-67.28824,-1.7955949,13.21422,-12.210748,-104.465965,-85.135735,-1.3424652,-27.954565,-25.459478,10.526992,-16.597902
184,-4.78618049621582,-24.520137786865234,66.38540649414062,1.4424279740313,4.8868376144991315,-59.40476943917095,-6.1632724,10.8244095,-17.108004,34.93205,-0.9523054,0.0,-1.5200126,1.8838818,-30.045328,6.044139,-12.801335,0.0,-8.26669,3.8625157,1.2958733,-19.453362,-9.247632,15.75151,26.27001,-24.853981,-66.69608,-1.3937094,13.281696,-12.210748,-104.35138,-84.888504,-1.3257475,-27.216787,-25.521282,10.624063,-16.320683
185,-4.777834415435791,-24.524295806884766,66.38462829589844,1.4426208177877342,4.852090255955467,-59.576804775021564,-6.0909357,10.811943,-16.961102,34.99803,-0.91468567,0.0,-1.5279218,1.8546733,-29.886484,6.097975,-12.800717,0.0,-8.249994,3.9309833,1.3759105,-19.258461,-9.379515,15.725541,26.242136,-25.213133,-66.18822,-1.3553822,13.333846,-12.210748,-103.58825,-84.68409,-1.3266894,-26.868431,-25.733683,10.264491,-16.249664
186,-4.76528787612915,-24.530349731445312,66.38471221923828,1.4351004977797084,4.8118407325079176,-59.773666397417585,-6.0000434,10.807901,-16.759077,35.063698,-0.8729192,0.0,-1.5167394,1.8375428,-29.703764,6.115932,-12.777597,0.0,-8.19681,4.0053654,1.4714512,-19.102676,-9.550807,15.711005,26.20318,-25.691881,-65.74479,-1.5774411,13.378683,-12.210748,-102.229034,-84.51321,-1.3445708,-26.883701,-25.957756,9.575372,-16.159887
187,-4.7554030418396,-24.532909393310547,66.38607788085938,1.4261047334821695,4.769184857780218,-59.97442241505485,-5.9037614,10.803913,-16.548847,35.123524,-0.825665,0.0,-1.4739494,1.8409472,-29.515968,6.0527654,-12.708133,0.0,-8.131798,4.0822864,1.5738977,-18.977577,-9.750569,15.716944,26.158016,-26.232698,-65.367485,-1.9810638,13.440039,-12.210748,-100.64552,-84.35205,-1.3606228,-27.164417,-26.148098,8.862574,-16.045471
188,-4.741422176361084,-24.531768798828125,66.38703918457031,1.4230944004965034,4.727260359230895,-60.15905401771363,-5.8216515,10.788644,-16.376728,35.186733,-0.774983,0.0,-1.4452798,1.8267105,-29.34192,6.029023,-12.660973,0.0,-8.080004,4.1580906,1.6731782,-18.873798,-9.966648,15.743146,26.107887,-26.785496,-65.04936,-2.4869936,13.542886,-12.210748,-99.19831,-84.12849,-1.3863381,-27.614828,-26.227419,8.413798,-15.9396715
189,-4.727757453918457,-24.530118942260742,66.38883209228516,1.4280560116488619,4.690292670454678,-60.33006388658095,-5.7569704,10.7596035,-16.245947,35.252495,-0.7232244,0.0,-1.4716051,1.7768513,-29.180748,6.1232595,-12.675055,0.0,-8.045219,4.2316065,1.7678607,-18.783512,-10.214112,15.807828,26.052876,-27.354563,-64.80548,-3.1414177,13.699194,-12.210748,-97.933784,-83.834076,-1.3857021,-28.272095,-26.106161,8.367088,-15.8530035
190,-4.713584899902344,-24.52937126159668,66.39311218261719,1.4343572692453292,4.655475286718975,-60.4944614222154,-5.6980686,10.725957,-16.135096,35.311695,-0.6644366,0.0,-1.4215474,1.768864,-29.02216,6.034341,-12.595766,0.0,-8.016429,4.3050494,1.8653036,-18.712534,-10.493307,15.905459,25.991497,-27.962847,-64.62392,-3.962145,13.884116,-12.210748,-96.68038,-83.47179,-1.3624061,-29.169329,-25.833843,8.534961,-15.796736
191,-4.69663667678833,-24.522377014160156,66.39579772949219,1.4465489305645902,4.615391061975487,-60.6432366816948,-5.65164,10.680864,-16.053005,35.386566,-0.6066408,0.0,-1.4574556,1.7018352,-28.879404,6.1631317,-12.628977,0.0,-7.99223,4.378928,1.959529,-18.672956,-10.770223,16.01368,25.929798,-28.574705,-64.4778,-4.8321056,14.07428,-12.210748,-95.50973,-83.04654,-1.3255457,-30.196207,-25.58519,8.732701,-15.7697735
192,-4.678851127624512,-24.515666961669922,66.399658203125,1.4608546151627761,4.5624807239906735,-60.76403355984629,-5.6154184,10.629007,-16.010725,35.47628,-0.54403293,0.0,-1.4087316,1.6712363,-28.758913,6.1291056,-12.580905,0.0,-7.9748893,4.454697,2.0523086,-18.676743,-11.009685,16.106976,25.873762,-29.15646,-64.345,-5.634581,14.254239,-12.210748,-94.492714,-82.553474,-1.285472,-31.238268,-25.530024,8.771294,-15.779632
193,-4.663430690765381,-24.506973266601562,66.40646362304688,1.4779707301931413,4.494060973216615,-60.85095744240303,-5.5984325,10.566911,-16.020212,35.60069,-0.48542973,0.0,-1.314173,1.6560215,-28.666517,6.027637,-12.502909,0.0,-7.96609,4.5359497,2.14532,-18.73032,-11.21607,16.185358,25.827261,-29.707281,-64.23027,-6.3777833,14.426331,-12.210748,-93.6719,-82.11981,-1.2270299,-32.252285,-25.873129,8.602204,-15.753082
194,-4.648594379425049,-24.501014709472656,66.41061401367188,1.5012212104988814,4.414287290360099,-60.91211550921855,-5.598357,10.492045,-16.071625,35.753963,-0.43010765,0.0,-1.2870088,1.5919307,-28.597918,6.1352158,-12.54437,0.0,-7.9643264,4.6204696,2.2352767,-18.825596,-11.402904,16.254162,25.784155,-30.246595,-64.137764,-7.1111937,14.599861,-12.210748,-93.00542,-81.67018,-1.1514719,-33.299896,-26.449938,8.312067,-15.734637
195,-4.634823322296143,-24.489330291748047,66.41753387451172,1.5258496608767695,4.326654247620659,-60.95456097489654,-5.6030116,10.414074,-16.147682,35.91045,-0.3684613,0.0,-1.1702344,1.5715331,-28.544926,6.035437,-12.47218,0.0,-7.9624743,4.7030706,2.321764,-18.959026,-11.551391,16.311258,25.746958,-30.759035,-64.07311,-7.7848134,14.775728,-12.210748,-92.43115,-81.21294,-1.055222,-34.41878,-27.042366,8.017183,-15.688148
196,-4.621191024780273,-24.477819442749023,66.42322540283203,1.5547152149314953,4.234814856694559,-60.98834923193921,-5.604553,10.333179,-16.22849,36.056004,-0.29733765,0.0,-1.0796723,1.5301293,-28.50357,6.01139,-12.440999,0.0,-7.951344,4.777455,2.3967326,-19.126633,-11.642146,16.351254,25.717371,-31.23177,-64.03988,-8.347024,14.956638,-12.210748,-91.873024,-80.738434,-0.93397945,-35.65434,-27.436079,7.8254585,-15.60292
197,-4.608277797698975,-24.467992782592773,66.43276977539062,1.5900609441616436,4.136729989512635,-61.010945958587115,-5.609371,10.245124,-16.319729,36.205303,-0.22000353,0.0,-0.98292935,1.4821938,-28.476088,6.0037036,-12.4261055,0.0,-7.9329867,4.84314,2.4570773,-19.327345,-11.659003,16.373648,25.698267,-31.671637,-64.04814,-8.798346,15.166134,-12.210748,-91.3695,-80.277885,-0.7873318,-36.98905,-27.601078,7.798975,-15.382905
198,-4.596640110015869,-24.454633712768555,66.43985748291016,1.6320055320163644,4.031359478590259,-61.01982885796025,-5.6176834,10.148801,-16.427162,36.3573,-0.13470443,0.0,-0.9295449,1.4010553,-28.464808,6.1117773,-12.469932,0.0,-7.9107237,4.9026704,2.5053396,-19.563072,-11.615196,16.377161,25.687387,-32.084854,-64.09373,-9.160014,15.399926,-12.210748,-90.94591,-79.8026,-0.6089074,-38.40678,-27.632236,7.860334,-15.0836115
199,-4.580148696899414,-24.440820693969727,66.44893646240234,1.6711645121737861,3.9243351092289642,-61.02068249018072,-5.618697,10.058777,-16.535122,36.488594,-0.04189927,0.0,-0.7877243,1.3649207,-28.460157,6.015105,-12.405426,0.0,-7.8767633,4.9561973,2.5507054,-19.837963,-11.536451,16.361889,25.681211,-32.45094,-64.16769,-9.417019,15.618169,-12.210748,-90.523,-79.35709,-0.41088098,-39.945118,-27.533491,7.9634733,-14.798268
200,-4.565407752990723,-24.42404556274414,66.45665740966797,1.7052631419858946,3.821073623751782,-61.021727593772376,-5.6087613,9.9804945,-16.625937,36.59472,0.04969132,0.0,-0.6998472,1.3081858,-28.457521,6.0327306,-12.398795,0.0,-7.822438,5.0026326,2.5958,-20.15475,-11.448236,16.326385,25.675768,-32.750698,-64.259026,-9.553391,15.781081,-12.210748,-89.95572,-78.973694,-0.19626102,-41.6689,-27.366964,8.050499,-14.681206
201,-4.548809051513672,-24.408355712890625,66.46228790283203,1.7330490611613816,3.7214956343170584,-61.021959075501975,-5.583396,9.917499,-16.694689,36.664616,0.14696062,0.0,-0.63581246,1.2450556,-28.4571,6.1055064,-12.423343,0.0,-7.736229,5.0415015,2.640228,-20.535631,-11.346184,16.267378,25.671543,-32.982174,-64.37539,-9.530127,15.883005,-12.210748,-89.35136,-78.70429,-0.0048301867,-43.532475,-26.944149,8.157657,-14.639635
202,-4.5363335609436035,-24.389148712158203,66.4676284790039,1.7560191181052496,3.6228925352597092,-61.0179099789648,-5.5460114,9.865905,-16.750458,36.705223,0.2512205,0.0,-0.5501858,1.2024928,-28.461905,6.112137,-12.409009,0.0,-7.6290894,5.072646,2.682249,-20.969221,-11.217815,16.182234,25.669231,-33.15901,-64.51616,-9.362729,15.946351,-12.210748,-88.68982,-78.42299,0.21058743,-45.55185,-26.311695,8.263018,-14.75211
203,-4.525978088378906,-24.370393753051758,66.47179412841797,1.7739353331601617,3.527913402003793,-61.014075300676666,-5.4992943,9.823382,-16.796398,36.7231,0.35141328,0.0,-0.46474728,1.1686827,-28.46686,6.112333,-12.393011,0.0,-7.5132008,5.098423,2.7284143,-21.420107,-11.081304,16.083351,25.667442,-33.27279,-64.67577,-9.133193,15.968481,-12.210748,-87.99649,-78.16884,0.42754614,-47.6905,-25.609518,8.350026,-14.901975
204,-4.510258674621582,-24.34616470336914,66.47647094726562,1.78542921885187,3.4392097278261913,-61.014584365134375,-5.4494777,9.787833,-16.836634,36.73286,0.43265745,0.0,-0.38556105,1.1364388,-28.46691,6.1031966,-12.365485,0.0,-7.402278,5.1211047,2.7855976,-21.851656,-10.95552,15.978638,25.664255,-33.320534,-64.84411,-8.919129,15.947318,-12.210748,-87.27883,-77.94715,0.64082664,-49.9359,-24.989256,8.389395,-15.026526
205,-4.494925498962402,-24.320598602294922,66.48068237304688,1.7915540814537412,3.357164287697216,-61.020568229177236,-5.392578,9.759524,-16.868645,36.728477,0.4940713,0.0,-0.3155998,1.1086439,-28.460651,6.0952387,-12.336677,0.0,-7.2961187,5.139614,2.8540905,-22.26163,-10.841562,15.86492,25.659658,-33.295612,-65.01401,-8.747227,15.861923,-12.210748,-86.52863,-77.7651,0.8437074,-52.29203,-24.514215,8.363083,-15.147024
206,-4.476847171783447,-24.295265197753906,66.48382568359375,1.7921205224721684,3.280591194944945,-61.02966271654226,-5.327248,9.739446,-16.891438,36.705494,0.5428056,0.0,-0.24857037,1.0853842,-28.450607,6.0803905,-12.302829,0.0,-7.18893,5.1532197,2.9308217,-22.666689,-10.730534,15.740171,25.654102,-33.200993,-65.19129,-8.573245,15.719114,-12.210748,-85.75115,-77.60147,1.0449499,-54.761898,-24.080107,8.285212,-15.29161
207,-4.458898544311523,-24.266895294189453,66.48475646972656,1.7864624743146713,3.2092957545196565,-61.04148316719591,-5.259787,9.72616,-16.911139,36.67274,0.5793924,0.0,-0.19616413,1.06339,-28.438396,6.0843916,-12.277219,0.0,-7.084686,5.1650777,3.0167878,-23.059824,-10.63085,15.613586,25.64736,-33.048805,-65.38536,-8.36841,15.558912,-12.210748,-84.924255,-77.50786,1.2283347,-57.336773,-23.664894,8.18764,-15.373928
208,-4.441158771514893,-24.23512840270996,66.48487091064453,1.7726339047303519,3.143092540641939,-61.05530076658819,-5.1991754,9.7184725,-16.934292,36.64585,0.6019302,0.0,-0.15374537,1.0470258,-28.425438,6.0893197,-12.246956,0.0,-6.989213,5.178144,3.113404,-23.431768,-10.55082,15.495393,25.63779,-32.848343,-65.604576,-8.106048,15.420336,-12.210748,-84.07401,-77.44844,1.4194331,-59.997498,-23.180105,8.082701,-15.349116
209,-4.420668601989746,-24.201229095458984,66.48268127441406,1.749293941851522,3.0825113750096653,-61.07245773086597,-5.145929,9.71734,-16.960423,36.625816,0.609739,0.0,-0.11594509,1.0381052,-28.410332,6.0918217,-12.213737,0.0,-6.903884,5.1940064,3.2233796,-23.783,-10.501584,15.388733,25.624708,-32.580982,-65.85337,-7.749812,15.312209,-12.210748,-83.1919,-77.42622,1.6170099,-62.756527,-22.625761,7.97367,-15.173529
210,-4.402083396911621,-24.163644790649414,66.47898864746094,1.7177098063473275,3.0274411305817925,-61.092941977879086,-5.096182,9.722848,-16.987453,36.60643,0.6037131,0.0,-0.09085808,1.0352513,-28.393084,6.101684,-12.180518,0.0,-6.825952,5.210778,3.3451598,-24.116962,-10.4756975,15.288715,25.608639,-32.246902,-66.123924,-7.323763,15.211795,-12.210748,-82.27534,-77.441154,1.8174802,-65.61463,-22.03027,7.844582,-14.889842
211,-4.387028694152832,-24.12451934814453,66.4759292602539,1.6801415768429806,2.9767454804060396,-61.11348226001151,-5.052233,9.733014,-17.017748,36.591034,0.58395463,0.0,-0.067911856,1.042706,-28.376654,6.099311,-12.13872,0.0,-6.753632,5.226253,3.473827,-24.43037,-10.458468,15.191485,25.591137,-31.88785,-66.406006,-6.8893285,15.112825,-12.210748,-81.33141,-77.49354,2.013137,-68.533806,-21.378117,7.688478,-14.557479
212,-4.365937232971191,-24.080923080444336,66.47293853759766,1.6390312588404077,2.9292697515256894,-61.13084855953683,-5.016176,9.74572,-17.054169,36.581676,0.5514258,0.0,-0.056651607,1.0435725,-28.363522,6.1134186,-12.101757,0.0,-6.6850333,5.238233,3.6045883,-24.720245,-10.433579,15.093537,25.573605,-31.54576,-66.69225,-6.508326,15.010496,-12.210748,-80.36607,-77.58846,2.1958156,-71.47783,-20.658062,7.5003276,-14.23603
213,-4.350977897644043,-24.029949188232422,66.46682739257812,1.5938628592915207,2.8883776778078105,-61.144619121001504,-4.9864197,9.764137,-17.093876,36.565144,0.51404554,0.0,-0.055254135,1.0521653,-28.35537,6.118092,-12.054102,0.0,-6.620268,5.2429914,3.7391353,-24.98261,-10.393477,14.994498,25.556292,-31.215267,-66.98379,-6.1850696,14.904584,-12.210748,-79.36583,-77.72644,2.3569496,-74.44999,-19.884949,7.271442,-13.933339
214,-4.329410076141357,-23.981826782226562,66.460693359375,1.5438008681739255,2.8534324981948935,-61.15633990194051,-4.9631844,9.78823,-17.137062,36.546608,0.46736592,0.0,-0.05711426,1.0610305,-28.349424,6.12857,-12.012523,0.0,-6.5600147,5.242808,3.8792348,-25.22014,-10.348335,14.896553,25.538324,-30.87897,-67.28475,-5.8904657,14.797802,-12.210748,-78.32522,-77.908775,2.4961972,-77.46136,-19.0626,7.0035214,-13.619877
215,-4.310928821563721,-23.936241149902344,66.45384216308594,1.4904180676147012,2.817327993207541,-61.166022258306086,-4.9399576,9.813015,-17.18806,36.52973,0.4102903,0.0,-0.05703976,1.0764012,-28.34538,6.1413383,-11.975454,0.0,-6.50384,5.244384,4.0196543,-25.43946,-10.308582,14.798448,25.520657,-30.564491,-67.592834,-5.6339025,14.692064,-12.210748,-77.260254,-78.12821,2.6126506,-80.50001,-18.146887,6.709506,-13.3024
216,-4.289618015289307,-23.881956100463867,66.44507598876953,1.4354080957562765,2.7728805304760713,-61.1740430057387,-4.908939,9.834292,-17.250683,36.51437,0.34372777,0.0,-0.053988528,1.0878747,-28.342081,6.1504645,-11.927351,0.0,-6.451127,5.2544956,4.155255,-25.647104,-10.285476,14.698645,25.504293,-30.299524,-67.90637,-5.4252143,14.589853,-12.210748,-76.18915,-78.37288,2.708192,-83.55416,-17.090118,6.401966,-12.9891205
217,-4.268644332885742,-23.82477378845215,66.43727111816406,1.3789652916429662,2.7144974559283583,-61.177318316773835,-4.8689027,9.848157,-17.342001,36.509365,0.2605076,0.0,-0.038488954,1.1001086,-28.342031,6.1612735,-11.879433,0.0,-6.403979,5.278178,4.2844815,-25.845377,-10.286972,14.593976,25.490303,-30.090483,-68.22822,-5.2829304,14.492841,-12.210748,-75.11124,-78.640335,2.7806556,-86.621605,-15.87176,6.0500846,-12.694016
218,-4.245285511016846,-23.762836456298828,66.42688751220703,1.3203499916695653,2.64724543501829,-61.17693406296709,-4.8204355,9.85912,-17.453249,36.50401,0.16710505,0.0,-0.015681403,1.111369,-28.34463,6.1702943,-11.82685,0.0,-6.361985,5.310878,4.410272,-26.030529,-10.305286,14.486192,25.477892,-29.923208,-68.56023,-5.196809,14.400997,-12.210748,-74.01763,-78.932144,2.8304362,-89.70644,-14.514163,5.655361,-12.413068
219,-4.222314834594727,-23.69757843017578,66.4154281616211,1.2597711912408711,2.5797771546803494,-61.17838585693924,-4.766775,9.8716545,-17.555151,36.49197,0.07037325,0.0,0.005303462,1.1238492,-28.344967,6.178465,-11.771204,0.0,-6.3213825,5.3444476,4.5342417,-26.200178,-10.32776,14.381693,25.465424,-29.794916,-68.89999,-5.134105,14.313785,-12.210748,-72.917145,-79.23938,2.867185,-92.80594,-13.030626,5.2783556,-12.128303
220,-4.202686786651611,-23.635929107666016,66.40380859375,1.1975349962947432,2.5206731956043016,-61.18725602921769,-4.711681,9.890183,-17.6178,36.467346,-0.022869987,0.0,0.01518623,1.1398786,-28.338236,6.190354,-11.717588,0.0,-6.278614,5.3707967,4.6578155,-26.35153,-10.341692,14.285545,25.451338,-29.703098,-69.24347,-5.0623975,14.230438,-12.210748,-71.82393,-79.548325,2.905316,-95.92056,-11.427343,4.9783263,-11.819804
221,-4.178533554077148,-23.572839736938477,66.39131164550781,1.1304276177476882,2.4737748066419587,-61.2036088894027,-4.659666,9.91891,-17.632357,36.433964,-0.11428452,0.0,0.025515025,1.1637263,-28.323252,6.170906,-11.644344,0.0,-6.234166,5.3857293,4.7856784,-26.481085,-10.333966,14.202354,25.434282,-29.648603,-69.58998,-4.969813,14.141207,-12.210748,-70.73,-79.86989,2.9472253,-99.07641,-9.596592,4.756017,-11.444246
222,-4.1517863273620605,-23.501853942871094,66.37689971923828,1.059915917783205,2.433970229848814,-61.225032038829234,-4.608371,9.953404,-17.615963,36.395813,-0.21037865,0.0,0.002214379,1.174496,-28.30329,6.2015944,-11.591369,0.0,-6.189998,5.394215,4.9151835,-26.590405,-10.316024,14.127417,25.415703,-29.632572,-69.94112,-4.8755126,14.049996,-12.210748,-69.64722,-80.181786,3.0036728,-102.25953,-7.540974,4.577931,-11.020095
223,-4.121539115905762,-23.420528411865234,66.36272430419922,0.991767574411004,2.3964144396816827,-61.253224467263756,-4.546413,9.98823,-17.574621,36.335556,-0.2974175,0.0,-0.031479128,1.175534,-28.277237,6.2313313,-11.525927,0.0,-6.143386,5.401927,5.0380764,-26.686756,-10.306507,14.053505,25.397352,-29.653042,-70.297806,-4.794531,13.976049,-12.210748,-68.58929,-80.47973,3.0714319,-105.42225,-5.49186,4.4557285,-10.626388
224,-4.0997748374938965,-23.340547561645508,66.34645080566406,0.9312175573518237,2.3563677303412596,-61.28945998316233,-4.4588366,10.019042,-17.515625,36.227505,-0.36028305,0.0,-0.05880866,1.17916,-28.24505,6.2425475,-11.450116,0.0,-6.0925817,5.414618,5.1463685,-26.776579,-10.325545,13.974305,25.38122,-29.707151,-70.66114,-4.741802,13.938662,-12.210748,-67.583786,-80.73016,3.1564841,-108.51601,-3.656916,4.4108105,-10.334491
225,-4.071855545043945,-23.255197525024414,66.33167266845703,0.8801912901870098,2.3105990022964606,-61.336709418317,-4.339395,10.04486,-17.42794,36.0687,-0.39608583,0.0,-0.087400116,1.1643453,-28.203497,6.261569,-11.371587,0.0,-6.0340524,5.4371495,5.238596,-26.860844,-10.388042,13.884479,25.366423,-29.80472,-71.03423,-4.7277775,13.957675,-12.210748,-66.61767,-80.993454,3.2357225,-111.5688,-2.1023107,4.487548,-10.194504
226,-4.041680812835693,-23.167301177978516,66.31751251220703,0.835701277340816,2.2622541752457828,-61.39349930500432,-4.196611,10.067601,-17.312487,35.871483,-0.41295305,0.0,-0.1193828,1.1382637,-28.153698,6.287323,-11.292124,0.0,-5.970499,5.4652257,5.3184185,-26.935799,-10.479831,13.789221,25.353086,-29.943087,-71.416016,-4.743037,14.017981,-12.210748,-65.70049,-81.22608,3.3268893,-114.595436,-0.67734987,4.672613,-10.140151
227,-4.011568069458008,-23.07259178161621,66.30290222167969,0.796307878502393,2.216294870571979,-61.4542752199977,-4.0410757,10.085798,-17.193813,35.641525,-0.4167891,0.0,-0.16129461,1.1033807,-28.100912,6.3163342,-11.207572,0.0,-5.906003,5.4912987,5.3860106,-27.00375,-10.5784,13.69301,25.34212,-30.10483,-71.79799,-4.7728233,14.086383,-12.210748,-64.825455,-81.42397,3.436806,-117.54931,0.55429876,4.8976955,-10.137352
228,-3.9809927940368652,-22.973712921142578,66.28533935546875,0.760301321858169,2.1777098443342218,-61.5137269166633,-3.8839648,10.09795,-17.096794,35.38498,-0.41343945,0.0,-0.21295153,1.0634822,-28.049725,6.3444476,-11.119175,0.0,-5.844778,5.5078874,5.441357,-27.066938,-10.659559,13.601088,25.33463,-30.271704,-72.17234,-4.802232,14.129692,-12.210748,-63.98624,-81.57748,3.5718563,-120.38952,1.53328,5.096873,-10.153943
229,-3.9526820182800293,-22.87466049194336,66.26847076416016,0.7320805922111571,2.1494339962178826,-61.56928225650451,-3.7346866,10.0986805,-17.023663,35.110294,-0.39823717,0.0,-0.27324525,1.0186151,-28.002665,6.3673525,-11.027536,0.0,-5.788501,5.5100875,5.4788785,-27.126068,-10.7073765,13.51551,25.332088,-30.443768,-72.53976,-4.82252,14.141226,-12.210748,-63.187244,-81.65332,3.729079,-123.111595,2.1884282,5.26269,-10.226585
230,-3.9192006587982178,-22.768753051757812,66.25379943847656,0.7101254767936748,2.128494147120291,-61.62416887841985,-3.5841749,10.090125,-16.967695,34.81443,-0.3813591,0.0,-0.3475142,0.9594413,-27.956448,6.3964524,-10.933926,0.0,-5.7360654,5.503885,5.5005803,-27.164396,-10.730565,13.487331,25.331469,-30.558647,-72.933754,-4.883243,14.12505,-12.210748,-62.43455,-81.661865,3.8488173,-125.740715,2.530281,5.4241567,-10.305106
231,-3.884549856185913,-22.66010856628418,66.23668670654297,0.6864919175293984,2.1103737161943847,-61.68191830779707,-3.4252605,10.082766,-16.92498,34.49207,-0.36240673,0.0,-0.4229917,0.90194255,-27.907719,6.416848,-10.832212,0.0,-5.683272,5.494805,5.5168934,-27.209595,-10.763999,13.432682,25.33227,-30.71977,-73.30573,-4.935337,14.104648,-12.210748,-61.667835,-81.66292,3.9922843,-128.29462,2.7339234,5.5928245,-10.412536
232,-3.8496739864349365,-22.548828125,66.21757507324219,0.6525015471504799,2.0905676692974673,-61.74578561661185,-3.2521791,10.084762,-16.89971,34.1493,-0.36209083,0.0,-0.5052839,0.8506057,-27.853502,6.4488716,-10.732729,0.0,-5.629125,5.4906564,5.537662,-27.251762,-10.821851,13.36457,25.333693,-30.899143,-73.65851,-5.001848,14.0766115,-12.210748,-60.920334,-81.65415,4.1595197,-130.76349,2.9474547,5.75757,-10.394449
233,-3.8167483806610107,-22.430889129638672,66.19351196289062,0.605812718916002,2.0675827896390127,-61.817988347902485,-3.0587509,10.100391,-16.890469,33.78034,-0.3844274,0.0,-0.60158217,0.80532134,-27.792524,6.5039115,-10.637938,0.0,-5.575965,5.4910474,5.5626707,-27.294363,-10.946227,13.193627,25.337553,-31.198406,-73.931145,-5.0319495,14.050038,-12.210748,-60.47902,-81.499374,4.7588663,-133.10747,3.3085043,5.9288516,-10.22117
234,-3.7738521099090576,-22.311180114746094,66.1654052734375,0.5514194017992099,2.0440836888738323,-61.89627352969511,-2.852074,10.123471,-16.897348,33.390728,-0.4243979,0.0,-0.7174217,0.7488204,-27.725826,6.609633,-10.56732,0.0,-5.5233893,5.4947577,5.5831947,-27.311455,-11.072958,13.117406,25.338182,-31.380657,-74.2458,-5.1604614,13.987734,-12.210748,-60.086624,-81.295494,5.2791195,-134.99997,3.5205426,5.73438,-9.848373
235,-3.730459451675415,-22.187583923339844,66.13943481445312,0.4877696026205825,2.0196787937678775,-61.97739711949125,-2.6390305,10.153068,-16.923126,32.98677,-0.47404212,0.0,-0.7989817,0.7190658,-27.655739,6.624759,-10.443837,0.0,-5.464593,5.5018744,5.5907974,-27.332336,-11.208396,13.040016,25.341156,-31.563416,-74.54969,-5.3105083,13.92925,-12.210748,-60.678776,-80.707634,6.8035398,-134.99997,4.0716166,3.9433477,-9.2948675
236,-3.6881537437438965,-22.061267852783203,66.11266326904297,0.4204469220606395,1.9966210255118657,-62.05903553970072,-2.4246168,10.182618,-16.969412,32.56722,-0.52226585,0.0,-0.8699395,0.7005193,-27.58412,6.603735,-10.29791,0.0,-5.4006486,5.5126996,5.6028376,-27.36138,-11.353933,12.972605,25.343159,-31.746212,-74.86597,-5.454173,13.889496,-12.210748,-61.348648,-80.03257,8.443693,-134.99997,4.9087687,2.2690783,-8.709591
237,-3.6424617767333984,-21.924470901489258,66.0844497680664,0.3508732415335821,1.9743191176449988,-62.14048452729856,-2.2155144,10.20814,-17.043037,32.14595,-0.5755467,0.0,-0.9746464,0.66418135,-27.511444,6.6432714,-10.175446,0.0,-5.328034,5.529661,5.6190853,-27.407452,-11.511565,12.919407,25.343727,-31.928364,-75.2054,-5.5971527,13.87414,-12.210748,-62.10142,-79.29799,10.216844,-134.99997,6.105071,0.7159319,-8.109621
238,-3.59185528755188,-21.782140731811523,66.05054473876953,0.2772569873393074,1.9525203397865656,-62.22310984845017,-2.0034065,10.235282,-17.138178,31.706375,-0.626417,0.0,-1.1983367,0.56643,-27.437574,6.960988,-10.195481,0.0,-5.2496967,5.55158,5.639041,-27.463158,-11.683498,12.8775,25.34316,-32.109695,-75.55873,-5.7450953,13.873053,-12.210748,-62.959896,-78.487465,12.139986,-134.99997,7.5628605,-0.7091,-7.4887567
239,-3.5442728996276855,-21.639354705810547,66.01677703857422,0.20073237085984513,1.9328748981138582,-62.30831531478326,-1.7855351,10.263799,-17.246716,31.2453,-0.67905456,0.0,-1.6356413,0.3659618,-27.362658,7.7797227,-10.480337,0.0,-5.1707754,5.573511,5.6610546,-27.513552,-11.864197,12.838777,25.342243,-32.293358,-75.90849,-5.880056,13.880824,-12.210748,-63.919407,-77.58213,14.207527,-134.99997,9.15536,-1.9969085,-6.9066534
240,-3.485797643661499,-21.47863006591797,65.98200225830078,0.12300966397497558,1.9171674404459365,-62.39761302587624,-1.5547789,10.294497,-17.359074,30.748114,-0.72901964,0.0,-2.0757241,0.15903008,-27.283018,8.566728,-10.730955,0.0,-5.096404,5.5903993,5.6827927,-27.543882,-12.049761,12.795165,25.341764,-32.48201,-76.23707,-5.9844823,13.891954,-12.210748,-64.96585,-76.56778,16.40026,-134.99997,10.747669,-3.1334608,-6.4100127
241,-3.4307897090911865,-21.324249267578125,65.94566345214844,0.042590573411354825,1.9038588246878523,-62.49391352570758,-1.3040457,10.330027,-17.471529,30.205725,-0.7729931,0.0,-2.4910479,-0.025953475,-27.196663,9.291167,-10.951966,0.0,-5.025146,5.604058,5.7074766,-27.551132,-12.240903,12.740905,25.342304,-32.68473,-76.53989,-6.038305,13.912281,-12.210748,-66.099365,-75.437904,18.714447,-134.99997,12.420891,-4.1200113,-5.981212
242,-3.3667795658111572,-21.158023834228516,65.90859985351562,-0.04064897992507687,1.8927360199338858,-62.59561466950687,-1.0390114,10.369499,-17.590027,29.627665,-0.8142292,0.0,-2.902726,-0.21131769,-27.104277,9.981501,-11.142614,0.0,-4.9551954,5.6161413,5.735092,-27.542994,-12.439694,12.681321,25.343273,-32.897236,-76.82631,-6.0560203,13.94214,-12.210748,-67.30264,-74.205475,21.132755,-134.99997,14.19067,-4.94728,-5.6007066
243,-3.3062610626220703,-20.99156379699707,65.87059020996094,-0.12309813170194454,1.8874672213423767,-62.69718634356997,-0.772253,10.408086,-17.716993,29.026546,-0.8551128,0.0,-3.3105507,-0.38783598,-27.011866,10.642294,-11.316853,0.0,-4.890724,5.6215286,5.758606,-27.521006,-12.640905,12.623551,25.343857,-33.10313,-77.09953,-6.07125,13.968415,-12.210748,-68.508644,-72.90321,23.580544,-134.99997,15.805538,-5.587494,-5.301952
244,-3.238147497177124,-20.813404083251953,65.83016204833984,-0.20095479166879998,1.891842230468822,-62.793444315265276,-0.51464987,10.441789,-17.854176,28.41105,-0.89494306,0.0,-3.744473,-0.5833958,-26.923185,11.32719,-11.494028,0.0,-4.8355284,5.615167,5.770798,-27.486612,-12.837946,12.574615,25.343382,-33.28629,-77.36272,-6.1178865,13.977888,-12.210748,-69.63635,-71.578735,25.96438,-134.99997,17.006521,-6.0279293,-5.115708
245,-3.1712162494659424,-20.635629653930664,65.79170227050781,-0.2742355181156005,1.9106571136116506,-62.8801465263148,-0.28569928,10.467431,-18.012375,27.808386,-0.94255185,0.0,-4.1676946,-0.76960653,-26.84337,11.95365,-11.641513,0.0,-4.792707,5.591519,5.7702055,-27.438652,-13.027903,12.538106,25.34214,-33.441303,-77.62112,-6.203817,13.961315,-12.210748,-70.60832,-70.28141,28.196018,-134.99997,17.593946,-6.3069925,-5.1310506
246,-3.105105400085449,-20.448884963989258,65.75421905517578,-0.3445868418537561,1.940757650942547,-62.96115407269065,-0.07654884,10.487823,-18.187178,27.2104,-0.99709946,0.0,-4.5968785,-0.9550493,-26.768969,12.55012,-11.765441,0.0,-4.7583394,5.5548687,5.7602224,-27.377972,-13.214846,12.508935,25.340563,-33.578026,-77.871826,-6.311914,13.927928,-12.210748,-71.39391,-69.041756,30.234695,-134.99997,17.705004,-6.469624,-5.324454
247,-3.034677743911743,-20.256643295288086,65.71531677246094,-0.41126298184206106,1.9740875512737823,-63.04291788556645,0.13981295,10.506209,-18.359077,26.585014,-1.0529097,0.0,-5.0361557,-1.150285,-26.69221,13.15327,-11.887347,0.0,-4.7255435,5.5148573,5.741049,-27.308813,-13.403489,12.481865,25.33782,-33.702473,-78.10621,-6.43817,13.891949,-12.210748,-71.99359,-67.87322,32.07218,-134.99997,17.596611,-6.516597,-5.5584655
248,-2.958486318588257,-20.058116912841797,65.67691802978516,-0.4733119666205755,2.002434435096022,-63.13204091606592,0.38629428,10.5245075,-18.509636,25.909838,-1.1222514,0.0,-5.469268,-1.3523253,-26.606113,13.73985,-11.992906,0.0,-4.687903,5.4811077,5.71248,-27.235804,-13.597829,12.45177,25.333157,-33.82074,-78.31579,-6.578253,13.867671,-12.210748,-72.42387,-66.7773,33.71939,-134.99997,17.53538,-6.4411306,-5.6912675
249,-2.878666400909424,-19.86043930053711,65.63977813720703,-0.5275738785336361,2.026107195048879,-63.23272312416421,0.67491806,10.542628,-18.636778,25.160053,-1.2535092,0.0,-5.892066,-1.5591067,-26.506248,14.307572,-12.086273,0.0,-4.6409683,5.4553857,5.6718893,-27.15881,-13.805098,12.417806,25.325544,-33.93504,-78.50149,-6.755979,13.861675,-12.210748,-72.67618,-65.770065,35.16158,-134.99997,17.516876,-6.2763133,-5.7191124
250,-2.793161392211914,-19.65752410888672,65.60103607177734,-0.5751739516407127,2.0485992061609024,-63.34072932610704,0.99668795,10.56274,-18.74948,24.340137,-1.4939319,0.0,-6.325904,-1.7807815,-26.39636,14.892175,-12.182207,0.0,-4.588804,5.432907,5.6196327,-27.076109,-14.020494,12.382061,25.315815,-34.042328,-78.66659,-6.965318,13.865463,-12.210748,-72.73366,-64.86364,36.385387,-134.99997,17.429714,-6.0530376,-5.714239
251,-2.715972900390625,-19.446001052856445,65.56111907958984,-0.6225261447935501,2.0666568108712533,-63.44924727014679,1.3369756,10.588644,-18.847805,23.48631,-1.8931671,0.0,-6.7643266,-1.997927,-26.285625,15.470579,-12.266204,0.0,-4.5381746,5.413372,5.5607142,-26.989138,-14.231569,12.345223,25.305696,-34.139664,-78.80679,-7.1579065,13.871181,-12.210748,-72.60603,-64.03969,37.409462,-134.99997,17.38377,-5.741857,-5.64345
252,-2.623408794403076,-19.22740936279297,65.51981353759766,-0.6750136821323633,2.0769040223073114,-63.5517970563773,1.6770096,10.622246,-18.929592,22.64366,-2.485785,0.0,-7.1845546,-2.2181337,-26.178356,16.02459,-12.331782,0.0,-4.495951,5.396496,5.4999156,-26.899364,-14.425279,12.307808,25.296873,-34.224228,-78.91767,-7.28472,13.870685,-12.210748,-72.316895,-63.264133,38.26837,-134.99997,17.496016,-5.301093,-5.4640484
253,-2.5335326194763184,-19.005645751953125,65.47409057617188,-0.7351711525848724,2.077606526651101,-63.648549750652734,2.0241876,10.669211,-18.990833,21.798847,-3.2610226,0.0,-7.6011147,-2.4307852,-26.076878,16.584528,-12.39828,0.0,-4.464278,5.381978,5.4367523,-26.804613,-14.594179,12.272439,25.289524,-34.283623,-78.99319,-7.3286705,13.85947,-12.210748,-71.906746,-62.500393,39.00041,-134.99997,17.896723,-4.666878,-5.0764885
254,-2.449248790740967,-18.77950668334961,65.4259033203125,-0.7994971181349196,2.070864060400418,-63.74222953162914,2.3806324,10.727196,-19.023495,20.941391,-4.1966333,0.0,-8.012612,-2.6346705,-25.978735,17.136217,-12.456588,0.0,-4.439824,5.3699837,5.368955,-26.704544,-14.74642,12.238019,25.282856,-34.32295,-79.03715,-7.316779,13.84261,-12.210748,-71.37589,-61.74941,39.606037,-134.99997,18.51277,-3.8751922,-4.50834
255,-2.3589916229248047,-18.548879623413086,65.37733459472656,-0.864927279235667,2.0588156682394576,-63.83005270932989,2.7318406,10.789306,-19.022713,20.098404,-5.2880325,0.0,-8.411038,-2.8388577,-25.884338,17.665934,-12.499616,0.0,-4.4215183,5.360793,5.2992163,-26.604229,-14.892197,12.200336,25.276878,-34.36562,-79.05991,-7.266987,13.826131,-12.210748,-70.67533,-61.044186,40.04895,-134.99997,19.14719,-3.0368724,-3.9166412
256,-2.261679172515869,-18.314401626586914,65.32855987548828,-0.9293054837761,2.0437617548790428,-63.90922660439172,3.0629933,10.847332,-18.984613,19.297691,-6.52172,0.0,-8.798534,-3.047198,-25.795153,18.177893,-12.530753,0.0,-4.4080486,5.354824,5.2305202,-26.508183,-15.041714,12.154164,25.271751,-34.435474,-79.071754,-7.197318,13.81642,-12.210748,-69.75317,-60.430534,40.288963,-134.99997,19.592985,-2.267351,-3.4727447
257,-2.157715320587158,-18.065547943115234,65.27696228027344,-0.993101866773234,2.0266196684714552,-63.975326029455786,3.3435094,10.8920555,-18.91844,18.601084,-7.891274,0.0,-9.194119,-3.2688515,-25.713907,18.697523,-12.554964,0.0,-4.4008226,5.3525624,5.16464,-26.422691,-15.202865,12.097417,25.267408,-34.542007,-79.07449,-7.0708256,13.817033,-12.210748,-68.597305,-59.938683,40.30412,-134.99997,19.763166,-1.5993617,-3.2223456
258,-2.063056468963623,-17.816652297973633,65.22190856933594,-1.0573384126481093,2.006140214558266,-64.0312115316782,3.5894034,10.926002,-18.819942,17.979546,-9.336675,0.0,-9.592334,-3.486047,-25.640757,19.227262,-12.585908,0.0,-4.3997865,5.35379,5.0997047,-26.343958,-15.368108,12.032905,25.263805,-34.67177,-79.063354,-6.891851,13.824221,-12.210748,-67.23047,-59.556946,40.114296,-134.99997,19.766304,-0.9880115,-3.0889976
259,-1.9571349620819092,-17.557777404785156,65.1689453125,-1.1193081450374593,1.9811672583065858,-64.08458473602727,3.8424282,10.953986,-18.67184,17.355347,-10.774629,0.0,-9.974902,-3.7101052,-25.567778,19.719585,-12.5875435,0.0,-4.401284,5.357323,5.033111,-26.261276,-15.526716,11.962923,25.261158,-34.813576,-79.03848,-6.740294,13.833123,-12.210748,-65.65842,-59.25639,39.747787,-134.99997,19.689108,-0.41572902,-3.0634787
260,-1.8531588315963745,-17.29914093017578,65.1122817993164,-1.1759094319166448,1.9504779532409358,-64.14349412417947,4.198525,10.997052,-18.45268,16.527758,-12.0582075,0.0,-10.365986,-3.9425066,-25.488615,20.237942,-12.601278,0.0,-4.401553,5.362205,4.9622846,-26.164433,-15.666313,11.889553,25.259657,-34.95619,-78.99946,-6.6958556,13.838254,-12.210748,-63.887108,-59.02792,39.23683,-134.99997,19.610262,0.12832594,-3.1516435
261,-1.739209532737732,-17.03366470336914,65.05628967285156,-1.2291506555822387,1.916465099251142,-64.20201326983997,4.700833,11.069838,-18.166954,15.399929,-13.10392,0.0,-10.747086,-4.183713,-25.409592,20.7336,-12.59593,0.0,-4.4067335,5.365252,4.887895,-26.044579,-15.781508,11.815652,25.259544,-35.094776,-78.94819,-6.8142242,13.83528,-12.210748,-61.927437,-58.79611,38.58618,-134.99997,19.591461,0.67339826,-3.3068273
262,-1.6232097148895264,-16.762226104736328,64.99678802490234,-1.2837670778708243,1.8788497021038848,-64.2577204552095,4.7554297,10.984114,-17.942547,15.278887,-14.570842,0.0,-11.129104,-4.42797,-25.33335,21.229048,-12.584381,0.0,-4.4162507,5.368013,4.8114376,-25.909487,-15.879255,11.7392025,25.26063,-35.23589,-78.88432,-7.041279,13.827908,-12.210748,-59.80759,-58.62299,37.8368,-134.99997,19.563005,1.2102627,-3.5897868
263,-1.4970725774765015,-16.487598419189453,64.93795776367188,-1.3307105148984537,1.8324986590289627,-64.32603960897923,4.8401866,10.8816185,-17.69027,15.127974,-15.878357,0.0,-11.500517,-4.683126,-25.241499,21.709072,-12.558283,0.0,-4.4198484,5.3760276,4.7293262,-25.77032,-15.965667,11.656077,25.262276,-35.38362,-78.80275,-7.2914824,13.822583,-12.210748,-57.52273,-58.420204,36.959404,-134.99997,19.511349,1.7677296,-3.9001846
264,-1.3712339401245117,-16.205944061279297,64.87866973876953,-1.364463954807177,1.7723346028962605,-64.42127924488068,4.9460125,10.746013,-17.408669,14.981111,-17.018284,0.0,-11.878035,-4.950379,-25.118858,22.196308,-12.522978,0.0,-4.406987,5.3949466,4.638609,-25.638916,-16.047546,11.561675,25.263876,-35.542427,-78.698456,-7.479284,13.825618,-12.210748,-55.13029,-58.15505,36.033035,-134.99997,19.417849,2.3897774,-4.214834
265,-1.2385886907577515,-15.924585342407227,64.82032775878906,-1.3862398229402018,1.6969121490470638,-64.54887625324665,5.080613,10.573729,-17.092558,14.839941,-17.989544,0.0,-12.246903,-5.2257996,-24.959581,22.67385,-12.4749565,0.0,-4.379207,5.4224415,4.5410275,-25.517752,-16.114471,11.461258,25.264875,-35.704456,-78.574905,-7.586652,13.839906,-12.210748,-52.608383,-57.717945,35.042347,-134.99997,19.345425,3.0860162,-4.4638653
266,-1.0985116958618164,-15.628342628479004,64.76203155517578,-1.3978106576729281,1.6089530326169665,-64.700633373355,5.2466,10.370406,-16.752697,14.687824,-18.780516,0.0,-12.620205,-5.515039,-24.771725,23.142517,-12.402479,0.0,-4.3409863,5.4568224,4.437429,-25.400595,-16.166878,11.354695,25.26572,-35.87006,-78.43312,-7.6574297,13.861786,-12.210748,-49.983845,-57.16469,34.03351,-134.99997,19.293114,3.8478544,-4.7081966
267,-0.9543381929397583,-15.329930305480957,64.70506286621094,-1.394687645578842,1.5097504120572443,-64.87104128213228,5.4315863,10.136165,-16.406794,14.525245,-19.384079,0.0,-12.987918,-5.815085,-24.56063,23.600681,-12.317446,0.0,-4.287846,5.504702,4.321369,-25.284231,-16.226841,11.230635,25.2673,-36.053745,-78.26305,-7.6996446,13.887368,-12.210748,-47.28249,-56.504932,32.983124,-134.99997,19.218025,4.6919575,-4.8967686
268,-0.8109935522079468,-15.04073715209961,64.65449523925781,-1.372513985421675,1.400709230836434,-65.05436510926135,5.6293383,9.874413,-16.068815,14.341026,-19.797459,0.0,-13.330395,-6.117415,-24.33327,24.020851,-12.216889,0.0,-4.215145,5.5727534,4.18681,-25.164825,-16.316324,11.076839,25.270538,-36.27051,-78.05472,-7.7210245,13.912668,-12.210748,-44.541027,-55.761395,31.889128,-134.99997,19.071928,5.639166,-5.0010014
269,-0.660734236240387,-14.734538078308105,64.60409545898438,-1.3292840555716496,1.2822092795654805,-65.25033651063049,5.8457165,9.582442,-15.732894,14.124276,-20.036795,0.0,-13.6864195,-6.4483485,-24.08563,24.447538,-12.100559,0.0,-4.1166844,5.662077,4.032132,-25.045841,-16.442085,10.879663,25.276867,-36.533463,-77.800026,-7.705657,13.935448,-12.210748,-41.75628,-54.963955,30.738955,-134.99997,18.78492,6.6896477,-5.023142
270,-0.508510410785675,-14.423992156982422,64.55912780761719,-1.2677053585578857,1.1537511039457453,-65.46134037527918,6.0837946,9.260993,-15.391148,13.882133,-20.13732,0.0,-14.029694,-6.7876477,-23.81869,24.838816,-11.957261,0.0,-3.9963896,5.769758,3.8608449,-24.927738,-16.59219,10.648356,25.285326,-36.83148,-77.50614,-7.655467,13.958458,-12.210748,-38.904278,-54.099697,29.534357,-134.99997,18.396574,7.8127813,-4.990275
271,-0.356101393699646,-14.106805801391602,64.51046752929688,-1.1898931687127894,1.0149558785345831,-65.68694258588033,6.330788,8.917555,-15.049828,13.627854,-20.127504,0.0,-14.390298,-7.1446214,-23.529102,25.258535,-11.818652,0.0,-3.8643346,5.896269,3.6744943,-24.80377,-16.761217,10.405134,25.293348,-37.143143,-77.185585,-7.605405,13.985535,-12.210748,-36.087326,-53.10037,28.363365,-134.82915,18.004549,8.88337,-4.93223
272,-0.20133918523788452,-13.785898208618164,64.4654541015625,-1.098215223542523,0.8632147765368998,-65.92622442569333,6.5760336,8.560924,-14.715526,13.375456,-20.04,0.0,-14.735075,-7.5047965,-23.220228,25.643654,-11.654378,0.0,-3.729067,6.0415335,3.4709108,-24.668816,-16.938713,10.172281,25.29892,-37.449596,-76.84843,-7.5918574,14.020907,-12.210748,-34.83122,-51.35458,28.555748,-132.59367,17.79442,9.151984,-5.119399
273,-0.04374978691339493,-13.463005065917969,64.42754364013672,-0.9909686463116177,0.6930833958760308,-66.18028532540048,6.8177814,8.190443,-14.388222,13.137666,-19.910648,0.0,-15.048448,-7.864882,-22.890963,25.973095,-11.4546175,0.0,-3.5927904,6.2125683,3.24842,-24.518183,-17.12085,9.952561,25.300922,-37.753403,-76.49181,-7.6166763,14.064784,-12.210748,-33.89409,-49.023464,29.036526,-129.89948,17.888584,9.451188,-5.103714
274,0.10978689789772034,-13.138092994689941,64.43231964111328,-0.8674109289189234,0.5075828636283405,-66.44906564969885,7.016419,7.8337398,-14.069897,12.847807,-19.672068,0.0,-15.211449,-8.168387,-22.56111,25.965124,-11.071241,0.0,-3.450938,6.407334,3.0087638,-24.355604,-17.31392,9.736222,25.300642,-38.06217,-76.11288,-7.662672,14.115005,-12.210748,-33.0943,-46.281986,29.572098,-126.87861,18.151943,9.77312,-4.9304056
275,0.2698044776916504,-12.801617622375488,64.44457244873047,-0.7311057797650186,0.32221405034000705,-66.73074120680297,7.2073708,7.453556,-13.748948,12.553559,-19.415964,0.0,-15.358461,-8.473943,-22.217798,25.884092,-10.635695,0.0,-3.3135855,6.6121225,2.7582698,-24.177124,-17.527271,9.530764,25.298819,-38.352776,-75.72325,-7.733298,14.1706915,-12.210748,-32.346222,-43.299706,30.023819,-123.63107,18.586132,10.055948,-4.6726713
276,0.4327448606491089,-12.472187995910645,64.46243286132812,-0.5851108199632156,0.15232700764737003,-67.02300894441456,7.389617,7.0620675,-13.425279,12.251275,-19.156015,0.0,-15.499283,-8.774454,-21.865839,25.75386,-10.178532,0.0,-3.1905618,6.8130546,2.5032225,-23.978638,-17.77307,9.34357,25.29618,-38.60255,-75.33473,-7.8326488,14.2309065,-12.210748,-31.567225,-40.255043,30.294895,-120.26968,19.18728,10.239827,-4.410079
277,0.5943977236747742,-12.14297103881836,64.4808578491211,-0.4341971249139163,0.0036437570662123785,-67.32791925938326,7.554383,6.665631,-13.0996,11.937256,-18.88634,0.0,-15.659087,-9.069374,-21.504278,25.601032,-9.70673,0.0,-3.0783567,7.009229,2.2533207,-23.764183,-18.068514,9.171763,25.292614,-38.80869,-74.95446,-7.9969325,14.302211,-12.210748,-30.499777,-37.29318,30.256704,-117.00411,19.983345,10.289617,-4.191183
278,0.7527759075164795,-11.799942016601562,64.5004653930664,-0.2759874608227234,-0.13187454552947425,-67.64547897285988,7.6987567,6.2594957,-12.772977,11.611731,-18.595596,0.0,-15.837903,-9.362131,-21.131378,25.415077,-9.2019615,0.0,-2.9717124,7.207507,2.0058556,-23.535856,-18.403593,9.012183,25.28772,-38.98449,-74.576706,-8.212192,14.382421,-12.210748,-28.999174,-34.63977,29.862122,-114.07681,20.78641,10.263868,-4.0214443
279,0.9166469573974609,-11.452988624572754,64.52049255371094,-0.10406155900050183,-0.2595787604527696,-67.97157663110818,7.8335648,5.834463,-12.443855,11.2817545,-18.295393,0.0,-16.028292,-9.666388,-20.745049,25.218662,-8.686459,0.0,-2.8775887,7.4057245,1.7486923,-23.28694,-18.750751,8.871388,25.281786,-39.13144,-74.19432,-8.407482,14.457769,-12.210748,-27.22089,-32.577248,29.217102,-111.60209,21.25674,10.243348,-3.921716
280,1.0804693698883057,-11.110583305358887,64.53791809082031,0.08846176127248348,-0.3849765967601553,-68.30167182108568,7.9663615,5.3901935,-12.112776,10.951984,-17.993597,0.0,-16.237818,-9.989932,-20.343729,25.056189,-8.192698,0.0,-2.804449,7.601376,1.4679093,-23.009542,-19.080872,8.757021,25.275064,-39.25012,-73.798965,-8.51148,14.514541,-12.210748,-25.38831,-31.141153,28.48441,-109.50605,21.226822,10.280025,-3.8833952
281,1.2415852546691895,-10.775322914123535,64.55438995361328,0.3089177988333158,-0.5111460297671888,-68.63965046876122,8.104453,4.921792,-11.776754,10.617062,-17.68824,0.0,-16.469868,-10.337288,-19.91952,24.939734,-7.727515,0.0,-2.7544668,7.793591,1.1509963,-22.690937,-19.383476,8.67724,25.26647,-39.328217,-73.38172,-8.496582,14.543502,-12.210748,-23.85278,-30.146658,27.847336,-107.43896,20.670938,10.376417,-3.9117153
282,1.3986637592315674,-10.43216609954834,64.56619262695312,0.5518093051065464,-0.6345163186464848,-68.98603598609428,8.234419,4.4321656,-11.437574,10.27582,-17.368635,0.0,-16.743137,-10.707061,-19.472471,24.87216,-7.2783813,0.0,-2.7247756,7.9831486,0.8064283,-22.33804,-19.673145,8.626801,25.256407,-39.368965,-72.94817,-8.404062,14.554306,-12.210748,-22.5439,-29.381218,27.298176,-105.30101,19.810488,10.484023,-3.9653194
283,1.5514410734176636,-10.083954811096191,64.57534790039062,0.8053771023485924,-0.7510470601966758,-69.33238473529231,8.35027,3.9346724,-11.101046,9.932758,-17.039978,0.0,-17.037924,-11.082626,-19.018517,24.81573,-6.83216,0.0,-2.7165918,8.169628,0.44973105,-21.971882,-19.95904,8.593048,25.247698,-39.3955,-72.51064,-8.267076,14.561655,-12.210748,-21.392633,-28.736687,26.806509,-103.09474,18.780016,10.576283,-3.9435945
284,1.705089807510376,-9.742685317993164,64.58406829833984,1.0582805673775053,-0.8568688129284591,-69.67003761571836,8.448368,3.43979,-10.772588,9.605388,-16.721243,0.0,-17.328337,-11.451278,-18.573671,24.74113,-6.3884835,0.0,-2.7308626,8.352491,0.09670511,-21.61351,-20.249294,8.563468,25.242994,-39.430595,-72.08176,-8.118888,14.580163,-12.210748,-20.297726,-28.158161,26.32905,-100.87983,17.692694,10.63407,-3.7515175
285,1.8560734987258911,-9.399713516235352,64.59053802490234,1.317070493773868,-0.9430400048251333,-69.99913865939857,8.514571,2.9413197,-10.450292,9.290031,-16.404955,0.0,-17.640333,-11.8212805,-18.129635,24.664944,-5.946814,0.0,-2.7714953,8.524466,-0.25951558,-21.263006,-20.552048,8.539231,25.24323,-39.46574,-71.66383,-7.9332504,14.615584,-12.210748,-19.275995,-27.630573,25.865463,-98.629776,16.47181,10.6398945,-3.3646245
286,2.012800455093384,-9.057016372680664,64.59532165527344,1.5843952258918572,-1.01433224847855,-70.32335563646295,8.566981,2.4326265,-10.131129,8.968611,-16.083721,0.0,-17.970844,-12.2010565,-17.680828,24.594507,-5.510968,0.0,-2.836885,8.687511,-0.6239852,-20.911001,-20.860147,8.525592,25.246967,-39.493298,-71.250305,-7.704833,14.659858,-12.210748,-18.385649,-27.15411,25.435213,-96.29158,15.11746,10.608038,-2.8192894
287,2.164421558380127,-8.719718933105469,64.59911346435547,1.8419376312939164,-1.0875857098928599,-70.63922781014048,8.606728,1.9383993,-9.82099,8.676254,-15.776759,0.0,-18.280067,-12.560965,-17.25069,24.4943,-5.0720067,0.0,-2.9198396,8.855283,-0.9782192,-20.563732,-21.160385,8.514308,25.253456,-39.538204,-70.839424,-7.49684,14.706354,-12.210748,-17.579792,-26.718004,25.027563,-93.90743,13.847003,10.5712595,-2.1161199
288,2.2982966899871826,-8.37750244140625,64.59944915771484,2.0716645736378902,-1.1798679567792414,-70.94356926631302,8.640597,1.4836476,-9.525689,8.4131155,-15.473513,0.0,-18.548983,-12.877314,-16.86078,24.344124,-4.614444,0.0,-3.0132031,9.041527,-1.3037055,-20.228058,-21.440248,8.497118,25.261944,-39.62569,-70.42984,-7.3714046,14.748437,-12.210748,-16.801466,-26.311268,24.631598,-91.52883,12.881459,10.559173,-1.2603729
289,2.4382262229919434,-8.04186725616455,64.6025390625,2.2612363005721448,-1.3010888110412502,-71.23456869943608,8.687869,1.0665028,-9.24399,8.187861,-15.190401,0.0,-18.713856,-13.145123,-16.52799,24.07029,-4.113216,0.0,-3.1242278,9.257627,-1.5857136,-19.902302,-21.702122,8.4767275,25.271212,-39.758083,-70.02343,-7.366368,14.779675,-12.210748,-16.062084,-25.928978,24.2563,-89.15334,12.34029,10.589384,-0.19709271
290,2.576296329498291,-7.713993549346924,64.6075439453125,2.4236378558112817,-1.440882360610362,-71.51449544356831,8.741328,0.67999136,-8.973889,7.992478,-14.923727,0.0,-18.804974,-13.374879,-16.239334,23.709366,-3.5857713,0.0,-3.2537913,9.493373,-1.838389,-19.584213,-21.950928,8.45565,25.28195,-39.923214,-69.6198,-7.440822,14.804533,-12.210748,-15.377311,-25.568958,23.89672,-86.75612,12.0973,10.630303,1.0589036
291,2.710125684738159,-7.392697811126709,64.61347198486328,2.5788499640052045,-1.5858262137251065,-71.78584546405969,8.785868,0.30573374,-8.716736,7.826698,-14.668779,0.0,-18.82055,-13.551723,-15.98374,23.448578,-3.2547505,0.0,-3.385063,9.73036,-2.087286,-19.278835,-22.17801,8.426709,25.29598,-40.12321,-69.21431,-7.53957,14.832766,-12.210748,-14.723662,-25.231546,23.53116,-84.338715,11.988757,10.638259,2.3984106
292,2.840148448944092,-7.076726913452148,64.61962890625,2.746290310977233,-1.7222465868148404,-72.05125203429695,8.812129,-0.0752139,-8.473232,7.6792946,-14.415124,0.0,-18.840008,-13.743471,-15.750043,23.20749,-3.0353796,0.0,-3.5013235,9.950306,-2.3576996,-18.990904,-22.377079,8.381867,25.315285,-40.360794,-68.80245,-7.607081,14.874598,-12.210748,-14.086117,-24.918024,23.14088,-81.89463,11.848221,10.580775,3.7118993
293,2.964536666870117,-6.766711235046387,64.62757873535156,2.939837165123954,-1.8586807475623515,-72.3090188272476,8.824676,-0.47517398,-8.251012,7.5548515,-14.160734,0.0,-18.864277,-13.975878,-15.549429,23.005611,-3.0353599,0.0,-3.5998394,10.163439,-2.6656666,-18.723555,-22.55061,8.308154,25.342255,-40.650185,-68.382774,-7.605019,14.9384165,-12.210748,-13.466699,-24.622978,22.71367,-79.43753,11.783683,10.489794,5.048468
294,3.088226079940796,-6.466405868530273,64.63494110107422,3.14697005192735,-1.9983521256635886,-72.55856931180661,8.825697,-0.8850476,-8.046928,7.467086,-13.920277,0.0,-18.870342,-14.237269,-15.416363,22.815367,-3.3379288,0.0,-3.6892202,10.374472,-2.9951308,-18.473612,-22.702797,8.211935,25.375238,-40.98587,-67.95733,-7.5698605,15.017268,-12.210748,-12.875489,-24.343372,22.25713,-76.9527,11.838545,10.361776,6.438821
295,3.206158399581909,-6.166923522949219,64.64507293701172,3.3472735103379128,-2.11972523983198,-72.804402950402,8.805579,-1.2816136,-7.8458242,7.380201,-13.673934,0.0,-18.866108,-14.505814,-15.379721,22.61894,-4.0013933,0.0,-3.7685409,10.557064,-3.3225424,-18.23725,-22.823383,8.115845,25.409872,-41.338646,-67.527,-7.5604734,15.098633,-12.210748,-12.30251,-24.081612,21.780428,-74.396614,11.757537,10.136419,7.7448697
296,3.322483539581299,-5.877234935760498,64.66114807128906,3.522751354783442,-2.2023111278224534,-73.05032755940788,8.751361,-1.6486031,-7.633123,7.2992845,-13.439048,0.0,-18.864262,-14.761892,-15.474249,22.407293,-5.032889,0.0,-3.836196,10.685126,-3.6238062,-18.010406,-22.903006,8.043535,25.441761,-41.67959,-67.092735,-7.635347,15.169353,-12.210748,-11.738716,-23.84013,21.294603,-71.72707,11.291087,9.774509,8.830826
297,3.4314725399017334,-5.591026782989502,64.67932891845703,3.6693549734073962,-2.227215885161898,-73.29677298580049,8.642536,-1.979193,-7.404758,7.2166777,-13.207119,0.0,-18.866613,-14.995821,-15.7057085,22.138453,-6.3796177,0.0,-3.8888893,10.735814,-3.8962493,-17.797514,-22.924732,7.997849,25.470936,-42.01727,-66.64453,-7.827835,15.218931,-12.210748,-11.190459,-23.61746,20.785551,-68.87843,10.323021,9.243404,9.608699
298,3.5372753143310547,-5.313782215118408,64.70022583007812,3.798038299185131,-2.2108004189623163,-73.54173029409384,8.498403,-2.2853968,-7.1686068,7.1332607,-12.979505,0.0,-18.863152,-15.214834,-16.061527,21.82219,-7.9603868,0.0,-3.9271584,10.728847,-4.150867,-17.59911,-22.899025,7.967458,25.499058,-42.361492,-66.183846,-8.100636,15.255839,-12.210748,-10.661895,-23.410145,20.248861,-65.8802,9.028188,8.601558,10.179052
299,3.6334340572357178,-5.051527976989746,64.71966552734375,3.9050578854123428,-2.182913209068071,-73.78499711990142,8.335662,-2.560075,-6.9275208,7.0844564,-12.781006,0.0,-18.816774,-15.413298,-16.561033,21.461443,-9.615041,0.0,-3.955443,10.701819,-4.384266,-17.405893,-22.85503,7.9558177,25.525316,-42.684486,-65.730194,-8.407013,15.295434,-12.210748,-10.146287,-23.217663,19.711372,-62.83092,7.5871916,7.9554973,10.684828
300,3.721820592880249,-4.794588565826416,64.7420425415039,3.989457875546378,-2.1743270591268447,-74.02704611253591,8.188584,-2.8041935,-6.6840935,7.048121,-12.592862,0.0,-18.701956,-15.584596,-17.217215,21.079927,-11.156202,0.0,-3.9790041,10.692153,-4.5930104,-17.208668,-22.82172,7.9674187,25.547882,-42.95829,-65.30316,-8.701195,15.353104,-12.210748,-9.632417,-23.04047,19.2016,-59.836914,6.167965,7.4082193,11.251373
301,3.8052618503570557,-4.542237281799316,64.76760864257812,4.058555348667817,-2.1956467917457823,-74.26457616350248,8.110254,-3.021182,-6.4435263,6.930792,-12.364412,0.0,-18.49858,-15.720959,-18.00392,20.642908,-12.471466,0.0,-4.000195,10.706156,-4.7854695,-17.003782,-22.799473,8.008004,25.566427,-43.183525,-64.902,-9.002839,15.437273,-12.210748,-9.124587,-22.880198,18.714622,-56.85768,4.6487656,6.9596887,11.82635
302,3.88553786277771,-4.295639514923096,64.7922134399414,4.103303837004846,-2.2297081907494585,-74.4966992335031,8.002873,-3.2128177,-6.200517,6.9088106,-12.190331,0.0,-18.236746,-15.806758,-18.86189,20.166878,-13.502898,0.0,-4.0170465,10.725545,-4.9545493,-16.79666,-22.773706,8.075133,25.582376,-43.37266,-64.52007,-9.325681,15.538599,-12.210748,-8.624214,-22.7339,18.22885,-53.85297,3.0116215,6.578421,12.357197
303,3.961066961288452,-4.054856777191162,64.81916046142578,4.122899836063457,-2.2668166009067168,-74.73308762995765,7.8818917,-3.3758206,-5.9499216,6.931315,-12.0450945,0.0,-17.912535,-15.827942,-19.78216,19.637259,-14.180217,0.0,-4.0251055,10.749643,-5.0933557,-16.591051,-22.757776,8.159261,25.595293,-43.515564,-64.16312,-9.614815,15.643504,-12.210748,-8.11996,-22.599762,17.764225,-50.935783,1.553613,6.3118,12.939586
304,4.036860942840576,-3.814983367919922,64.85405731201172,4.122931285786518,-2.29719909203593,-74.98560729429721,7.8273287,-3.512513,-5.6889887,6.804626,-11.824944,0.0,-17.501993,-15.778665,-20.812572,19.00073,-14.536161,0.0,-4.018889,10.777399,-5.200398,-16.390762,-22.763964,8.250571,25.605087,-43.602722,-63.837513,-9.815465,15.738387,-12.210748,-7.60225,-22.475508,17.341705,-48.22111,0.55617607,6.1922793,13.66508
305,4.110564231872559,-3.5751290321350098,64.88916015625,4.084970726047331,-2.3157183587013646,-75.25895191121108,7.726171,-3.614984,-5.4059963,6.761392,-11.65452,0.0,-16.922178,-15.594958,-22.0882,18.065008,-14.481076,0.0,-3.994323,10.807429,-5.252181,-16.198278,-22.792517,8.35084,25.611595,-43.63341,-63.554157,-9.909616,15.830612,-12.210748,-7.103088,-22.35851,16.945726,-45.665257,0.08427233,6.20967,14.591315
306,4.175678253173828,-3.341831684112549,64.92330932617188,4.010699619172041,-2.328444431253229,-75.54572403634961,7.561964,-3.679941,-5.1054983,6.8537717,-11.563868,0.0,-16.210651,-15.284923,-23.568735,16.895617,-14.111593,0.0,-3.9554472,10.840588,-5.2557507,-16.010872,-22.837889,8.463391,25.614828,-43.613132,-63.30777,-9.927612,15.924961,-12.210748,-6.6200385,-22.25014,16.568127,-43.225746,-0.022654165,6.330741,15.636867
307,4.2354912757873535,-3.104736089706421,64.96166229248047,3.9305770163270863,-2.344197170435162,-75.83729374770203,7.4493384,-3.7299273,-4.8051796,6.8348937,-11.411961,0.0,-15.563092,-14.973543,-25.012356,15.932511,-13.693672,0.0,-3.910046,10.880928,-5.2476115,-15.826147,-22.903345,8.581975,25.616917,-43.54208,-63.08494,-9.887206,16.00654,-12.210748,-6.11358,-22.148842,16.196552,-40.98389,0.21692358,6.5208545,16.726284
308,4.29708194732666,-2.876277446746826,64.99536895751953,3.8581106107714347,-2.3701911616029245,-76.11936934471396,7.352776,-3.7844694,-4.5158443,6.814065,-11.264759,0.0,-15.209203,-14.820336,-26.182312,15.729991,-13.56201,0.0,-3.8685374,10.931808,-5.249472,-15.640232,-22.991737,8.698996,25.619776,-43.421818,-62.87292,-9.805166,16.062347,-12.210748,-5.5287356,-22.057016,15.864755,-39.05858,0.72825986,6.767235,17.756603
309,4.368760108947754,-2.6649563312530518,65.02726745605469,3.7994799667295953,-2.4105390164210476,-76.39831351188123,7.286125,-3.8543942,-4.2334714,6.7901692,-11.130591,0.0,-15.297918,-14.947854,-27.010532,16.685535,-13.900924,0.0,-3.8247013,10.996911,-5.263108,-15.45049,-23.107847,8.813735,25.623335,-43.240154,-62.669018,-9.670953,16.085316,-12.210748,-4.8800583,-21.97025,15.550506,-37.442383,1.6859663,7.0813737,18.773386
310,4.436655521392822,-2.459787607192993,65.05752563476562,3.740781574141428,-2.4601729598584194,-76.67683936395355,7.235705,-3.9192507,-3.9542184,6.7599845,-10.998283,0.0,-15.620901,-15.244136,-27.63554,18.320652,-14.453749,0.0,-3.7768087,11.073419,-5.2757735,-15.259444,-23.249489,8.929137,25.62676,-43.00137,-62.47918,-9.480705,16.083767,-12.210748,-4.185784,-21.88987,15.259172,-36.08724,3.0331867,7.4413505,19.80423
311,4.500418186187744,-2.2523789405822754,65.08444213867188,3.6806044066662396,-2.514454286222505,-76.93731103983069,7.176828,-3.977209,-3.6907847,6.7448397,-10.868636,0.0,-15.928929,-15.558497,-28.118729,20.019081,-14.97153,0.0,-3.7399223,11.156215,-5.289748,-15.071561,-23.407393,9.0426655,25.631424,-42.730804,-62.304092,-9.26229,16.067822,-12.210748,-3.4132128,-21.820192,15.015542,-35.022686,4.392372,7.7886786,20.76051
312,4.554343223571777,-2.051729440689087,65.11212921142578,3.6177190631937526,-2.5680851245886402,-77.16335259795895,7.109125,-4.019279,-3.4569578,6.7384987,-10.740415,0.0,-16.05581,-15.772957,-28.511114,21.347603,-15.299257,0.0,-3.7282143,11.240173,-5.30866,-14.891685,-23.57436,9.154549,25.63926,-42.4509,-62.14646,-9.045651,16.046959,-12.210748,-2.5397277,-21.763903,14.831413,-34.264023,5.399362,8.07949,21.556599
313,4.607662677764893,-1.864084005355835,65.13990783691406,3.5455334884070306,-2.618740660784504,-77.35024963124681,6.9991765,-4.046029,-3.2522137,6.818788,-10.658792,0.0,-15.997508,-15.873463,-28.810207,22.290947,-15.428403,0.0,-3.7431965,11.324479,-5.3284063,-14.722279,-23.753242,9.263762,25.651104,-42.163155,-62.008793,-8.831492,16.023724,-12.210748,-1.5350426,-21.723326,14.732662,-33.886757,6.0019894,8.359117,22.149265
314,4.645008087158203,-1.6807324886322021,65.17216491699219,3.4727431989045368,-2.6691093835983293,-77.50919202028257,6.922281,-4.0534606,-3.0742638,6.8158154,-10.527992,0.0,-15.854881,-15.928774,-28.98895,23.095058,-15.45294,0.0,-3.775792,11.411274,-5.3540287,-14.563581,-23.945267,9.326805,25.66122,-41.9103,-61.861546,-8.569446,16.001347,-12.210748,-0.43607566,-21.696592,14.69084,-33.83692,6.3824463,8.640415,22.603733
315,4.680104732513428,-1.5058413743972778,65.20341491699219,3.4010794569796188,-2.722441790712666,-77.64155054958158,6.8518004,-4.0553093,-2.9219198,6.8076754,-10.39445,0.0,-15.666957,-15.960996,-29.067013,23.841776,-15.444838,0.0,-3.8290854,11.501354,-5.38642,-14.417952,-24.131355,9.390861,25.672487,-41.644978,-61.729073,-8.308195,15.96842,-12.210748,0.6920137,-21.677452,14.67001,-33.9627,6.493335,8.856549,22.965635
316,4.71143102645874,-1.3260672092437744,65.23112487792969,3.336342366785488,-2.781630685907367,-77.75014655349726,6.7663865,-4.0600233,-2.7937055,6.823553,-10.265057,0.0,-15.464641,-15.991207,-29.062473,24.591587,-15.4635,0.0,-3.904743,11.594812,-5.430573,-14.297401,-24.284206,9.431111,25.683622,-41.404545,-61.593815,-8.03106,15.931498,-12.210748,1.7608175,-21.664291,14.656369,-34.092377,6.2756267,8.93823,23.284048
317,4.73471212387085,-1.1476874351501465,65.25736236572266,3.281090200898512,-2.8500965691582487,-77.8290972754921,6.684312,-4.0651283,-2.6975982,6.837848,-10.126981,0.0,-15.2421875,-16.015718,-28.967844,25.338032,-15.523616,0.0,-4.008443,11.697832,-5.4905124,-14.215702,-24.393793,9.4623165,25.6975,-41.144264,-61.457096,-7.7754803,15.875944,-12.210748,2.7496622,-21.655195,14.660585,-34.161057,5.59285,8.811543,23.538958
318,4.7599711418151855,-0.9818625450134277,65.28311157226562,3.231154797024076,-2.9244971213291713,-77.88051545704477,6.613988,-4.0718217,-2.6302767,6.8484387,-9.989963,0.0,-14.992866,-16.025576,-28.77921,26.063448,-15.595079,0.0,-4.1286035,11.811219,-5.5573564,-14.119047,-24.525797,9.484821,25.707705,-40.947952,-61.34892,-7.5360146,15.821691,-12.210748,3.7177725,-21.651094,14.609106,-34.33728,4.563394,8.634221,23.715084
319,4.782952785491943,-0.8113012909889221,65.30681610107422,3.1858656212303202,-2.9999582828372913,-77.91393832192766,6.5383983,-4.0804195,-2.5806415,6.8574944,-9.845428,0.0,-14.75064,-16.040339,-28.51448,26.832891,-15.691942,0.0,-4.2718782,11.91663,-5.636697,-14.002109,-24.678705,9.501203,25.720224,-40.708645,-61.231106,-7.2652392,15.757082,-12.210748,4.7971377,-21.65068,14.564292,-34.72594,3.3589816,8.405037,23.851389
320,4.802175521850586,-0.6502704620361328,65.32918548583984,3.1422116075874205,-3.0695577337990056,-77.9439888057785,6.4657545,-4.0854588,-2.536113,6.8623686,-9.707116,0.0,-14.533493,-16.061884,-28.194637,27.665056,-15.801749,0.0,-4.42752,12.002006,-5.7175436,-13.865355,-24.834543,9.541462,25.73487,-40.44457,-61.108604,-6.950175,15.677061,-12.210748,5.9347634,-21.654547,14.573415,-35.251255,2.2323003,8.180718,23.964842
321,4.821094989776611,-0.5003419518470764,65.34980773925781,3.0987366445778144,-3.135022628787003,-77.96541404207188,6.397,-4.0874743,-2.501033,6.86657,-9.578442,0.0,-14.348514,-16.095465,-27.792128,28.585037,-15.917207,0.0,-4.601409,12.066631,-5.7988267,-13.707747,-24.980947,9.606415,25.75151,-40.16612,-60.983253,-6.516902,15.576962,-12.210748,7.11124,-21.663273,14.655965,-35.896286,1.1636916,7.9609785,24.062286
322,4.838945388793945,-0.3503793478012085,65.37203979492188,3.0544272480718595,-3.1981351705481704,-77.97424802098342,6.333077,-4.086572,-2.4793665,6.851284,-9.438355,0.0,-14.185363,-16.13218,-27.30539,29.571293,-16.04337,0.0,-4.7943864,12.116858,-5.883789,-13.531314,-25.113348,9.686796,25.770239,-39.880188,-60.860977,-5.9930987,15.465611,-12.210748,8.320346,-21.677702,14.812916,-36.663513,0.04464177,7.726314,24.120003
323,4.853622913360596,-0.2049124836921692,65.39219665527344,3.014507542748101,-3.254296524371426,-77.98417066805331,6.2524714,-4.086975,-2.456951,6.864067,-9.317923,0.0,-14.024504,-16.161812,-26.799122,30.560074,-16.17987,0.0,-4.990208,12.150447,-5.971007,-13.339061,-25.229069,9.778252,25.790598,-39.594643,-60.740616,-5.501789,15.361491,-12.210748,9.556299,-21.698101,15.056726,-37.546513,-1.0022647,7.503248,24.120455
324,4.8642730712890625,-0.064262256026268,65.40946960449219,2.978450751731639,-3.2981865713262444,-78.00880364848611,6.174686,-4.087693,-2.422387,6.858987,-9.19342,0.0,-13.844503,-16.172434,-26.338875,31.482986,-16.327187,0.0,-5.17284,12.165249,-6.0588913,-13.134573,-25.326838,9.877864,25.811468,-39.31614,-60.619797,-5.1731453,15.280186,-12.210748,10.810053,-21.724255,15.401961,-38.540848,-1.8392984,7.3268213,24.044899
325,4.872809886932373,0.07505779713392258,65.42845916748047,2.9498657889015343,-3.326693780064329,-78.04869044578092,6.0855737,-4.0941405,-2.3747284,6.852679,-9.070401,0.0,-13.650809,-16.168522,-25.92584,32.350086,-16.498152,0.0,-5.3389616,12.155143,-6.1483784,-12.920207,-25.40391,9.983582,25.8318,-39.05106,-60.491028,-5.0761356,15.218567,-12.210748,12.085066,-21.756594,15.864751,-39.651863,-2.4365792,7.207577,23.858086
326,4.879397392272949,0.21098141372203827,65.44618225097656,2.925600387761321,-3.3429930375707713,-78.09761036418983,5.9909253,-4.102791,-2.3199382,6.841716,-8.948591,0.0,-13.447336,-16.150757,-25.532297,33.18052,-16.685528,0.0,-5.4967146,12.123031,-6.239452,-12.696679,-25.458876,10.094678,25.850748,-38.79938,-60.35043,-5.1381803,15.164105,-12.210748,13.377719,-21.79608,16.447208,-40.87643,-2.8587162,7.133583,23.561869
327,4.8830342292785645,0.34097182750701904,65.46207427978516,2.905234588957235,-3.3511881842759927,-78.15879104175681,5.8942256,-4.112302,-2.2538273,6.8332844,-8.835615,0.0,-13.239514,-16.128597,-25.16942,33.991524,-16.890741,0.0,-5.6603518,12.073145,-6.3431063,-12.251448,-25.523584,10.309537,25.880215,-38.382217,-60.25219,-5.377879,15.093756,-12.210748,15.300128,-21.893702,17.70381,-43.125664,-3.671706,7.4097123,22.542788
328,4.886296272277832,0.45867684483528137,65.48384094238281,2.8774825732191167,-3.3583734678653303,-78.23627161720499,5.8090415,-4.1123924,-2.1714625,6.8249817,-8.736495,0.0,-13.020265,-16.096884,-24.86471,34.77564,-17.09753,0.0,-5.7979217,12.035898,-6.419987,-12.090436,-25.535711,10.414618,25.891642,-38.18997,-60.11257,-5.465324,15.089381,-12.210748,16.216442,-21.941816,18.359873,-44.073803,-3.5965643,7.330403,22.381386
329,4.885989665985107,0.5831125378608704,65.50191497802734,2.8469315401012145,-3.3619920723159242,-78.32667351719462,5.717852,-4.108599,-2.0732722,6.818543,-8.638306,0.0,-12.789787,-16.06606,-24.615753,35.543877,-17.320408,0.0,-5.947664,11.991667,-6.5091095,-11.710101,-25.537735,10.594824,25.90644,-37.82714,-60.00574,-5.645532,15.100845,-12.210748,17.7679,-22.042492,19.641544,-46.020386,-3.6943176,7.564877,21.573572
330,4.881058216094971,0.7099742293357849,65.51701354980469,2.809313504909465,-3.3621416198141683,-78.43000434335114,5.6293693,-4.094887,-1.9615757,6.8006687,-8.535822,0.0,-12.532857,-16.023752,-24.427547,36.259445,-17.538975,0.0,-6.0755587,11.954266,-6.574949,-11.553653,-25.529917,10.702871,25.910109,-37.649303,-59.86802,-5.746983,15.162768,-12.210748,18.540588,-22.090202,20.30678,-46.964947,-2.9666784,7.5344677,21.552505
331,4.879794120788574,0.8331588506698608,65.5345230102539,2.773611850506647,-3.3595552698880957,-78.55195111520335,5.541541,-4.0851684,-1.8327343,6.790476,-8.444976,0.0,-12.279628,-15.985801,-24.26354,36.966385,-17.766724,0.0,-6.195616,11.913376,-6.640601,-11.353222,-25.517227,10.800091,25.910492,-37.436954,-59.729877,-5.8307624,15.238187,-12.210748,19.432528,-22.139406,21.031952,-48.08661,-2.1133258,7.546844,21.482435
332,4.876239776611328,0.9555693864822388,65.54940032958984,2.744857313104949,-3.3556519396441433,-78.69873028692079,5.4559665,-4.080352,-1.6839752,6.783138,-8.360863,0.0,-12.0391245,-15.95265,-24.102674,37.660393,-17.9886,0.0,-6.3102837,11.867632,-6.71376,-10.911574,-25.503859,10.9770975,25.904066,-37.010662,-59.63489,-5.9424186,15.285937,-12.210748,20.73477,-22.244501,22.341099,-49.868706,-1.7390722,7.8339467,20.808537
333,4.869050025939941,1.0736801624298096,65.5647964477539,2.713018799318628,-3.353976547844378,-78.87395056316939,5.3918643,-4.0696573,-1.517134,6.751753,-8.272069,0.0,-11.7993,-15.920985,-23.967834,38.328793,-18.194586,0.0,-6.3892717,11.834197,-6.7614274,-10.736889,-25.518303,11.063027,25.897682,-36.764538,-59.510384,-5.8447175,15.333113,-12.210748,21.295126,-22.293484,22.95026,-50.65506,-0.9923912,7.8016877,20.962685
334,4.857845783233643,1.1924073696136475,65.58013153076172,2.6848414058837626,-3.3513323463104165,-79.07371077884393,5.3114905,-4.059996,-1.3301553,6.7587814,-8.208235,0.0,-11.564685,-15.895094,-23.853144,38.984627,-18.40045,0.0,-6.4554977,11.800068,-6.8068395,-10.514752,-25.5487,11.135355,25.887499,-36.451336,-59.389538,-5.6917505,15.386493,-12.210748,21.926985,-22.341843,23.569014,-51.52802,-0.1702111,7.763616,21.138548
335,4.846548080444336,1.310813307762146,65.59195709228516,2.6644312843072084,-3.346283525597353,-79.29338424329576,5.239104,-4.0575466,-1.1243373,6.753866,-8.142165,0.0,-11.339343,-15.87376,-23.729418,39.612747,-18.596403,0.0,-6.5069203,11.765507,-6.852253,-10.261884,-25.596798,11.218245,25.873493,-36.087234,-59.28046,-5.4933906,15.422439,-12.210748,22.53119,-22.390997,24.17644,-52.390038,0.5706546,7.74895,21.313112
336,4.838611125946045,1.434369444847107,65.60233306884766,2.655899211966113,-3.336578406248218,-79.52824023297512,5.1618733,-4.0697165,-0.8978436,6.749481,-8.075496,0.0,-11.1359215,-15.857284,-23.563429,40.214428,-18.781055,0.0,-6.542852,11.729078,-6.9020033,-9.991516,-25.662937,11.313315,25.856508,-35.689926,-59.188572,-5.2472353,15.430542,-12.210748,23.076426,-22.440664,24.751099,-53.188457,1.1193084,7.765731,21.468075
337,4.828113079071045,1.5563703775405884,65.6087417602539,2.6635872056865706,-3.3233371570636767,-79.78264058801143,5.0907397,-4.09568,-0.6443599,6.7361426,-8.007891,0.0,-10.969104,-15.85168,-23.340345,40.818016,-18.95206,0.0,-6.5603395,11.691134,-6.957031,-9.7096615,-25.749458,11.418367,25.837116,-35.26706,-59.111446,-4.9072313,15.401484,-12.210748,23.548458,-22.490198,25.278223,-53.90841,1.4536302,7.81715,21.622467
338,4.81141996383667,1.670940637588501,65.61339569091797,2.683229864821385,-3.306691366721115,-80.05722116114123,5.027043,-4.1279774,-0.36684167,6.7206216,-7.947903,0.0,-10.829876,-15.855289,-23.079462,41.41648,-19.112097,0.0,-6.55998,11.652408,-7.01446,-9.41964,-25.857164,11.527471,25.815714,-34.822,-59.04718,-4.479351,15.34595,-12.210748,23.943094,-22.538757,25.750864,-54.551113,1.6323713,7.8872876,21.803503
339,4.795075416564941,1.7816784381866455,65.61739349365234,2.7107664382237107,-3.2844059617252346,-80.34181555050195,4.963485,-4.1671205,-0.07897568,6.7034526,-7.892162,0.0,-10.68713,-15.846878,-22.802887,41.93525,-19.253841,0.0,-6.5466604,11.611958,-7.074095,-9.129168,-25.982721,11.635246,25.793215,-34.366646,-58.997776,-4.041181,15.28122,-12.210748,24.266853,-22.585222,26.163214,-55.116837,1.6673256,7.961333,21.9922
340,4.773929119110107,1.898851990699768,65.6177978515625,2.743028809740046,-3.254135417561147,-80.62641831108168,4.8856564,-4.2069125,0.20536609,6.686572,-7.8318796,0.0,-10.5076475,-15.808316,-22.534859,42.298275,-19.368876,0.0,-6.5253487,11.568795,-7.1357164,-8.848611,-26.120625,11.735148,25.770836,-33.91701,-58.96303,-3.6715991,15.222037,-12.210748,24.528173,-22.628567,26.511564,-55.609676,1.5658964,8.0274105,22.163084
341,4.744105815887451,2.013641357421875,65.61631774902344,2.77873792959408,-3.2140763540489035,-80.91132728251473,4.7985387,-4.2424498,0.48393393,6.670064,-7.7743917,0.0,-10.284241,-15.734605,-22.272196,42.489384,-19.45102,0.0,-6.4943132,11.5224,-7.201238,-8.587606,-26.268435,11.817576,25.749908,-33.483166,-58.938545,-3.3886416,15.170595,-12.210748,24.728546,-22.667898,26.789457,-56.03279,1.2894562,8.091935,22.313765
342,4.714293003082275,2.1317150592803955,65.61332702636719,2.820889699275671,-3.16588374135404,-81.20082744289107,4.7021446,-4.2835846,0.764204,6.651957,-7.715287,0.0,-10.033092,-15.635675,-22.007105,42.547966,-19.50566,0.0,-6.45173,11.473488,-7.269959,-8.348612,-26.425997,11.880761,25.731054,-33.06713,-58.918785,-3.147481,15.116917,-12.210748,24.867239,-22.702911,26.995506,-56.388306,0.84742564,8.157545,22.455484
343,4.685855865478516,2.2468149662017822,65.60970306396484,2.8659403092277893,-3.1119109200372006,-81.49035986320055,4.601502,-4.3268986,1.0437547,6.63634,-7.660447,0.0,-9.758486,-15.5173025,-21.756401,42.486237,-19.544857,0.0,-6.402498,11.422829,-7.3372602,-8.12881,-26.590506,11.932606,25.714287,-32.672222,-58.906178,-2.9320433,15.059403,-12.210748,24.95059,-22.733475,27.137545,-56.6808,0.32016647,8.207434,22.581696
344,4.645783424377441,2.359124183654785,65.60441589355469,2.9065623779490246,-3.0541463043868773,-81.77547734082071,4.4976215,-4.356516,1.3197529,6.620718,-7.605212,0.0,-9.460914,-15.382668,-21.53759,42.307278,-19.576225,0.0,-6.3516498,11.371102,-7.3984766,-7.922092,-26.757215,11.982382,25.69913,-32.302025,-58.904675,-2.7281036,14.997107,-12.210748,24.985447,-22.759865,27.228294,-56.914925,-0.2086376,8.225016,22.680817
345,4.606893539428711,2.4699554443359375,65.6002426147461,2.9482016158293973,-2.993145732294775,-82.05472613945048,4.391214,-4.386367,1.591959,6.6041455,-7.5481243,0.0,-9.147809,-15.233621,-21.338078,42.026825,-19.61572,0.0,-6.302403,11.319011,-7.4557633,-7.723796,-26.923975,12.032163,25.685165,-31.95538,-58.916477,-2.5060446,14.9293,-12.210748,24.973764,-22.782349,27.275505,-57.098316,-0.7401748,8.208366,22.747185
346,4.564535140991211,2.5790014266967773,65.59329986572266,2.989551806536243,-2.9277239289391606,-82.33029556550595,4.2810216,-4.4123483,1.8612766,6.587968,-7.4910574,0.0,-8.812224,-15.0645895,-21.154211,41.627483,-19.648748,0.0,-6.251637,11.265975,-7.510279,-7.5332246,-27.090775,12.077682,25.67248,-31.63253,-58.942364,-2.278435,14.860019,-12.210748,24.914415,-22.801025,27.280643,-57.231037,-1.3134077,8.166445,22.77962
347,4.520642280578613,2.6829471588134766,65.58917999267578,3.0248608219130593,-2.857165493803377,-82.60428612121203,4.163632,-4.4294977,2.130606,6.584678,-7.4449944,0.0,-8.444189,-14.872231,-21.010239,41.087322,-19.651676,0.0,-6.2013483,11.210904,-7.5587616,-7.051718,-27.51918,12.449711,25.607136,-30.787924,-59.16016,-2.464691,14.734947,-12.210748,24.858095,-22.847626,27.244713,-57.327557,-1.953916,8.057334,22.76296
348,4.474216461181641,2.7889575958251953,65.58472442626953,3.0527967174165505,-2.7838173734754466,-82.87745716287846,4.0456476,-4.436943,2.3979683,6.5743423,-7.3953896,0.0,-8.035137,-14.656552,-20.93697,40.392452,-19.603872,0.0,-6.1323047,11.151465,-7.590823,-6.892297,-27.666094,12.43941,25.604027,-30.608606,-59.18382,-2.3391855,14.673531,-12.210748,24.694504,-22.846045,27.10048,-57.29254,-2.4664035,7.941137,22.781857
349,4.422948360443115,2.896352529525757,65.57990264892578,3.0692253628698225,-2.704432176311469,-83.15424617132268,3.9269872,-4.4291224,2.6688242,6.5529423,-7.3418636,0.0,-7.5713854,-14.405058,-20.932026,39.50063,-19.472599,0.0,-6.0494385,11.08547,-7.6069374,-6.7413244,-27.801958,12.409122,25.603853,-30.495115,-59.2117,-2.3491042,14.609363,-12.210748,24.487537,-22.841974,26.935333,-57.188778,-2.983382,7.7885003,22.740229
350,4.372591018676758,2.9994404315948486,65.57501220703125,3.0760245232305725,-2.6195881400326875,-83.43259126541878,3.8024025,-4.411089,2.9418726,6.5430875,-7.3005333,0.0,-7.0589743,-14.119189,-20.980253,38.42448,-19.27295,0.0,-5.9560294,11.014279,-7.6101246,-6.598428,-27.928627,12.363108,25.606102,-30.436369,-59.246376,-2.458939,14.543385,-12.210748,24.236475,-22.83536,26.747602,-57.022396,-3.514174,7.6038766,22.644276
351,4.321722507476807,3.0972158908843994,65.57341003417969,3.079060895055736,-2.5341473473223664,-83.70498750395762,3.679172,-4.3871956,3.2081544,6.536447,-7.264884,0.0,-6.5121794,-13.808919,-21.086002,37.20772,-19.04346,0.0,-5.857203,10.94175,-7.6055346,-6.46446,-28.041014,12.30617,25.60902,-30.415186,-59.281338,-2.6023,14.484382,-12.210748,23.949142,-22.825434,26.534775,-56.811535,-4.014287,7.4189706,22.50841
352,4.263103008270264,3.1906471252441406,65.57130432128906,3.081388750257562,-2.452291521358636,-83.96468566049462,3.5821104,-4.3570642,3.4576712,6.482225,-7.2035747,0.0,-5.9370146,-13.486807,-21.257177,35.87629,-18.813421,0.0,-5.757953,10.871876,-7.599326,-6.3402395,-28.133411,12.244192,25.610594,-30.413755,-59.309685,-2.7131073,14.440474,-12.210748,23.633411,-22.811777,26.298195,-56.576046,-4.443236,7.2660155,22.344233
353,4.2039570808410645,3.2857277393341064,65.56771087646484,3.08022700346947,-2.3768726674441476,-84.20964043886151,3.445759,-4.3195662,3.692968,6.516965,-7.185622,0.0,-5.315392,-13.147198,-21.546915,34.388836,-18.609571,0.0,-5.6588397,10.809062,-7.5875254,-6.223173,-28.203688,12.17787,25.610657,-30.433239,-59.333366,-2.7775905,14.413753,-12.210748,23.285517,-22.79222,26.024374,-56.318504,-4.760263,7.1609087,22.163342
354,4.145588397979736,3.377473831176758,65.56626892089844,3.0772556209714046,-2.3049376662602556,-84.44443175463353,3.3214607,-4.279755,3.915355,6.5353875,-7.1600523,0.0,-4.64399,-12.780824,-21.94922,32.72433,-18.508383,0.0,-5.557056,10.749884,-7.5709066,-6.1137395,-28.25368,12.10448,25.610073,-30.480892,-59.35439,-2.829993,14.399401,-12.210748,22.900259,-22.768208,25.717676,-56.025585,-4.996424,7.0839086,21.955873
355,4.085422992706299,3.465632677078247,65.56937408447266,3.074691505385367,-2.2329186785379074,-84.66968345941952,3.252886,-4.241839,4.1237326,6.4372177,-7.073253,0.0,-3.9679217,-12.393865,-22.362305,30.984322,-18.558943,0.0,-5.4539785,10.686937,-7.5546174,-6.0174036,-28.290148,12.023874,25.608656,-30.548801,-59.367092,-2.875503,14.396299,-12.210748,22.489054,-22.743086,25.404394,-55.70048,-5.2193475,7.0140257,21.7037
356,4.016290187835693,3.5597431659698486,65.567626953125,3.072572497738295,-2.157621915830238,-84.88296684418314,3.1331942,-4.1942334,4.325274,6.4271626,-7.025324,0.0,-3.3434033,-11.996724,-22.682487,29.305605,-18.7576,0.0,-5.3521833,10.613415,-7.535817,-5.9396205,-28.317003,11.936476,25.606037,-30.628527,-59.36721,-2.9200623,14.404531,-12.210748,22.062943,-22.720062,25.10719,-55.34416,-5.4935646,6.9293275,21.390703
357,3.951795816421509,3.643876791000366,65.5687484741211,3.0746075386805507,-2.076773119948906,-85.0817201136713,3.0215275,-4.1530404,4.51433,6.400904,-6.9737506,0.0,-2.8038332,-11.610776,-22.881191,27.755816,-19.06658,0.0,-5.255029,10.525332,-7.521704,-5.88487,-28.335491,11.83928,25.604126,-30.73269,-59.35193,-2.960571,14.42978,-12.210748,21.620955,-22.698935,24.823673,-54.944508,-5.8525205,6.818364,20.99805
358,3.8836824893951416,3.725449323654175,65.56588745117188,3.075510587458258,-1.9924920453918684,-85.2661688674528,2.8585007,-4.1031456,4.694136,6.4773006,-6.975849,0.0,-2.3219795,-11.229314,-23.012196,26.278711,-19.352154,0.0,-5.1609006,10.427259,-7.505419,-5.8491445,-28.344168,11.733476,25.602518,-30.86079,-59.325203,-2.9956708,14.4709215,-12.210748,21.158834,-22.678568,24.544708,-54.504738,-6.2558475,6.6934495,20.538792
359,3.8216702938079834,3.793926477432251,65.5669174194336,3.0699128447980146,-1.9083517623879283,-85.44412512526625,2.716428,-4.0504785,4.866973,6.530763,-6.975469,0.0,-1.8697994,-10.846881,-23.099121,24.845581,-19.48204,0.0,-5.0622377,10.324695,-7.482102,-5.8251915,-28.340712,11.622259,25.597082,-30.987005,-59.287434,-3.0309992,14.515107,-12.210748,20.686537,-22.659561,24.280262,-54.053265,-6.6554036,6.5670238,20.048527
360,3.753430128097534,3.865994453430176,65.56853485107422,3.0550980135227137,-1.8268836181620651,-85.62301890732087,2.6443174,-3.9894147,5.0356784,6.43682,-6.894426,0.0,-1.3918066,-10.440779,-23.158894,23.35966,-19.3492,0.0,-4.951496,10.221686,-7.444639,-5.8054247,-28.325583,11.514268,25.584326,-31.080334,-59.24323,-3.0758398,14.549362,-12.210748,20.212187,-22.64547,24.054178,-53.620842,-7.014333,6.4554453,19.548336
361,3.6829476356506348,3.9360504150390625,65.57276153564453,3.0301437663733854,-1.745809136407946,-85.79976396326927,2.503913,-3.909635,5.2062454,6.490755,-6.892445,0.0,-0.9094507,-10.0213585,-23.19425,21.880566,-19.003548,0.0,-4.82993,10.112832,-7.3916397,-5.786019,-28.295374,11.408157,25.5623,-31.148714,-59.189514,-3.1443002,14.565497,-12.210748,19.736582,-22.63385,23.85184,-53.197014,-7.3541675,6.361776,19.040806
362,3.613062858581543,4.002967357635498,65.57611846923828,2.9987114434780113,-1.6651363037941425,-85.97294761911199,2.3603985,-3.8224106,5.3729944,6.5586486,-6.900765,0.0,-0.42360967,-9.592498,-23.204193,20.395588,-18.47041,0.0,-4.700273,9.997945,-7.3292346,-5.771471,-28.251005,11.301627,25.53227,-31.201197,-59.12465,-3.2291458,14.570919,-12.210748,19.256912,-22.624832,23.671804,-52.774704,-7.687942,6.277962,18.511269
363,3.5395820140838623,4.067709445953369,65.5882797241211,2.9489894839272197,-1.5901344223381066,-86.14761578383849,2.3236,-3.7230816,5.5354624,6.4152617,-6.797912,0.0,0.09185383,-9.141866,-23.191435,18.84555,-17.756985,0.0,-4.559125,9.890176,-7.248251,-5.766888,-28.19842,11.194705,25.49796,-31.219864,-59.054672,-3.3002985,14.580126,-12.210748,18.776142,-22.62007,23.530918,-52.381104,-7.9477663,6.2009697,17.975962
364,3.461907148361206,4.129004001617432,65.61131286621094,2.8560789020822144,-1.5274133883318401,-86.32442978691365,2.2407162,-3.5712678,5.7065105,6.404637,-6.7672195,0.0,0.6203034,-8.663271,-23.157679,17.276325,-16.939787,0.0,-4.405528,9.804012,-7.1254787,-5.777712,-28.143421,11.080746,25.456903,-31.189005,-58.979042,-3.329122,14.609289,-12.210748,18.298338,-22.618822,23.43532,-52.04182,-8.059304,6.1269865,17.461885
365,3.383155107498169,4.185079097747803,65.64341735839844,2.7086845956055705,-1.4859386179025185,-86.50226758977719,2.159301,-3.3612535,5.8826523,6.4479537,-6.7682066,0.0,1.1965963,-8.141034,-23.10747,15.620687,-16.024385,0.0,-4.2347555,9.752074,-6.955056,-5.814827,-28.082287,10.951398,25.408123,-31.112347,-58.89371,-3.3280494,14.671444,-12.210748,17.826956,-22.621887,23.405773,-51.779335,-7.965653,6.061279,16.948807
366,3.304572105407715,4.238320350646973,65.69913482666016,2.5187117994518213,-1.4604033512712997,-86.68050251690632,2.072526,-3.1055915,6.0623765,6.5398893,-6.794621,0.0,1.5625345,-7.671656,-23.010656,14.440655,-15.333738,0.0,-4.0493007,9.723257,-6.746501,-5.872189,-28.013847,10.8110485,25.352552,-30.996374,-58.799164,-3.3054037,14.755483,-12.210748,17.359772,-22.629059,23.432552,-51.576336,-7.7215137,6.0070143,16.43063
367,3.216970682144165,4.295458793640137,65.75709533691406,2.307570153667793,-1.4348548413717426,-86.86459723451121,1.9939948,-2.8228877,6.2484756,6.612107,-6.8077173,0.0,2.009272,-7.139446,-22.910603,13.061131,-14.531027,0.0,-3.8568833,9.695781,-6.5131035,-5.929764,-27.945288,10.675796,25.291784,-30.827368,-58.702694,-3.2281318,14.839574,-12.210748,16.889154,-22.638817,23.475979,-51.3955,-7.416615,5.9564185,15.954715
368,3.127647638320923,4.3531012535095215,65.81050109863281,2.0951921888979506,-1.3935663090017838,-87.05986431634247,1.9185275,-2.5388856,6.4457006,6.650964,-6.8056545,0.0,2.4704256,-6.594359,-22.799992,11.607253,-13.685153,0.0,-3.6654007,9.648301,-6.265752,-5.967521,-27.886503,10.559915,25.223267,-30.590115,-58.607407,-3.0666323,14.901491,-12.210748,16.406849,-22.649786,23.496077,-51.198227,-7.139479,5.899692,15.5683155
369,3.0448291301727295,4.405457973480225,65.86082458496094,1.8732080314028108,-1.3255749311595304,-87.27328546538583,1.825768,-2.2493339,6.663376,6.692444,-6.815473,0.0,2.9929001,-6.012519,-22.67975,9.952116,-12.727642,0.0,-3.4700048,9.568516,-5.9870315,-5.9859614,-27.84085,10.463119,25.140882,-30.260319,-58.495552,-2.8159335,14.929054,-12.210748,15.907879,-22.66321,23.48544,-50.967144,-6.892523,5.8219886,15.286156
370,2.9572372436523438,4.451208114624023,65.90345764160156,1.6344570548089943,-1.2418779707117682,-87.50053068219222,1.7234602,-1.9388776,6.8959846,6.742539,-6.8383203,0.0,3.392198,-5.459293,-22.528597,8.551432,-11.906642,0.0,-3.2689087,9.469693,-5.678743,-5.9938703,-27.804281,10.37671,25.047352,-29.853949,-58.368473,-2.490736,14.936185,-12.210748,15.398095,-22.679224,23.465223,-50.726673,-6.6364627,5.732313,15.08197
371,2.8639492988586426,4.499177932739258,65.93931579589844,1.4040557994223168,-1.159013365431644,-87.72938032748213,1.6172535,-1.631293,7.128617,6.801617,-6.864501,0.0,3.3321652,-5.10081,-22.327427,8.209001,-11.648089,0.0,-3.0748568,9.369801,-5.3786335,-5.9836235,-27.769165,10.301875,24.954552,-29.417814,-58.258663,-2.0887527,14.940464,-12.210748,14.884435,-22.695374,23.438341,-50.499313,-6.3946443,5.655034,14.941654
372,2.7732181549072266,4.554619789123535,65.96920776367188,1.2033123948547888,-1.0933214093572192,-87.94680057369202,1.5210198,-1.3542335,7.34626,6.858263,-6.880638,0.0,3.2739542,-4.780614,-22.130087,7.902787,-11.40825,0.0,-2.9005668,9.287145,-5.124213,-5.9476933,-27.72987,10.240842,24.874075,-28.997372,-58.199955,-1.6086843,14.959274,-12.210748,14.374479,-22.708902,23.407927,-50.308193,-6.191567,5.614695,14.852107
373,2.6820642948150635,4.611326217651367,65.99170684814453,1.0369644885395963,-1.040426188495946,-88.1590610962965,1.3652015,-1.1006596,7.5549903,7.065545,-6.973912,0.0,3.216607,-4.500544,-21.928255,7.6332765,-11.192766,0.0,-2.7415354,9.218305,-4.922223,-5.8756323,-27.676525,10.197906,24.806133,-28.578428,-58.195374,-0.9960443,15.0098295,-12.210748,13.862954,-22.719177,23.371426,-50.13832,-6.033474,5.619283,14.837902
374,2.5888962745666504,4.660419940948486,66.01062774658203,0.8909210042153468,-0.9943180343014066,-88.36946442906886,1.0924368,-0.846963,7.7596264,7.55163,-7.2200465,0.0,3.1573946,-4.245678,-21.720676,7.405632,-11.009221,0.0,-2.5934927,9.1568165,-4.7528276,-5.7741795,-27.61601,10.170452,24.745007,-28.144524,-58.227764,-0.27017123,15.077877,-12.210748,13.348588,-22.72751,23.329483,-49.985367,-5.908736,5.6551895,14.897212
375,2.4931561946868896,4.705033302307129,66.02430725097656,0.7638787133672335,-0.9682599998380649,-88.56086960210739,0.8512379,-0.6098324,7.9423704,8.012762,-7.4518356,0.0,3.1094909,-4.014497,-21.526829,7.2249923,-10.861384,0.0,-2.4692461,9.116963,-4.6118875,-5.661678,-27.564684,10.151954,24.693344,-27.737093,-58.303223,0.45948303,15.133681,-12.210748,12.841473,-22.73478,23.284832,-49.881634,-5.807222,5.7134323,14.977963
376,2.39493465423584,4.751466751098633,66.0356674194336,0.6545079891656744,-0.9756793873246574,-88.71583937719016,0.6553492,-0.38964182,8.088626,8.428503,-7.6494255,0.0,3.0878556,-3.8041291,-21.366718,7.084734,-10.7433195,0.0,-2.3815515,9.1129875,-4.495021,-5.5566206,-27.538511,10.135897,24.653923,-27.398315,-58.428932,1.0839307,15.147911,-12.210748,12.354032,-22.74135,23.242395,-49.862846,-5.723426,5.785553,15.028136
377,2.298769235610962,4.7921462059021,66.04418182373047,0.562189957460417,-1.028383667424151,-88.82440728392747,0.5190782,-0.18996157,8.189528,8.801814,-7.819081,0.0,3.1131184,-3.6168633,-21.247944,6.9853363,-10.662702,0.0,-2.3416586,9.158158,-4.410895,-5.463333,-27.546642,10.125582,24.628183,-27.118507,-58.610737,1.5841796,15.107092,-12.210748,11.886405,-22.746008,23.195791,-49.94082,-5.658293,5.8922453,15.050097
378,2.2007803916931152,4.832088947296143,66.0499267578125,0.48916044471791004,-1.1161069324987267,-88.89740012405031,0.434101,-0.010838201,8.255194,9.123916,-7.953789,0.0,3.1741908,-3.4496512,-21.15991,6.911648,-10.6065035,0.0,-2.3399408,9.242026,-4.357485,-5.372236,-27.578432,10.124792,24.61397,-26.880733,-58.84491,2.0149477,15.028078,-12.210748,11.433617,-22.748816,23.145197,-50.096184,-5.614873,6.030215,15.066683
379,2.102252721786499,4.8729248046875,66.05477905273438,0.42541772034033215,-1.2191070623109654,-88.94871148166791,0.37375182,0.15746038,8.2998,9.414443,-8.066096,0.0,3.2502086,-3.292762,-21.093,6.8520465,-10.562034,0.0,-2.3577688,9.343398,-4.314266,-5.281245,-27.623102,10.130383,24.610062,-26.716076,-59.128098,2.3785324,14.927823,-12.210748,10.996543,-22.752928,23.103207,-50.313046,-5.5854673,6.1554046,15.055532
380,2.006117582321167,4.914968013763428,66.06163787841797,0.36370040991137814,-1.3169254433709874,-88.9921238733074,0.32198623,0.319748,8.337082,9.669949,-8.157113,0.0,3.3262496,-3.1383736,-21.038359,6.7831974,-10.511557,0.0,-2.3780072,9.437996,-4.262296,-5.2446923,-27.63984,10.112882,24.609686,-26.682243,-59.437492,2.6659744,14.832361,-12.210748,10.639307,-22.75831,23.076838,-50.695118,-5.5602694,6.2796845,14.966742
381,1.9084330797195435,4.948401927947998,66.06456756591797,0.3020396112489124,-1.412810450754309,-89.02333619760732,0.24777284,0.4869142,8.362972,9.979965,-8.281248,0.0,3.3950582,-2.9885476,-20.997707,6.752445,-10.490859,0.0,-2.4017944,9.533788,-4.1955743,-5.186831,-27.669142,10.139288,24.61172,-26.684238,-59.82392,2.8777242,14.722576,-12.210748,10.258979,-22.766485,23.063358,-51.04087,-5.5232096,6.2973223,14.85177
382,1.8145992755889893,4.986674785614014,66.06643676757812,0.24313932952337677,-1.513830148625984,-89.03717005188605,0.16720618,0.6489711,8.37275,10.29915,-8.403282,0.0,3.4707766,-2.8439634,-20.97648,6.718865,-10.466418,0.0,-2.4372294,9.636868,-4.124407,-5.1164584,-27.708767,10.200647,24.617817,-26.745897,-60.28785,3.0042906,14.602066,-12.210748,9.87746,-22.777018,23.060669,-51.422615,-5.483189,6.2609115,14.708805
383,1.7224645614624023,5.019471645355225,66.06733703613281,0.1898663794654325,-1.6104770369108508,-89.04832004861032,0.0973361,0.8025064,8.379941,10.593942,-8.515854,0.0,3.5429883,-2.7083035,-20.960203,6.697264,-10.453045,0.0,-2.4719286,9.736051,-4.050988,-5.0352416,-27.754606,10.276717,24.628918,-26.875765,-60.789658,3.0343359,14.473466,-12.210748,9.506813,-22.789661,23.068577,-51.828766,-5.4570246,6.178843,14.536932
384,1.629625678062439,5.055408000946045,66.06846618652344,0.14375955491681522,-1.6929298615464137,-89.07125139089412,0.0329576,0.9465916,8.39823,10.846366,-8.605236,0.0,3.5945363,-2.580685,-20.936266,6.6774054,-10.435503,0.0,-2.4936419,9.820453,-3.9771416,-4.940367,-27.800825,10.347028,24.645006,-27.072552,-61.286213,2.951035,14.337712,-12.210748,9.148385,-22.804125,23.084412,-52.234535,-5.4585114,6.0536776,14.3423
385,1.5385020971298218,5.091656684875488,66.06834411621094,0.1097317099649345,-1.7533665533626814,-89.11135062318023,-0.025409011,1.0741371,8.433335,11.045941,-8.669124,0.0,3.6158664,-2.4693663,-20.90033,6.6666837,-10.418595,0.0,-2.4986563,9.883769,-3.9064035,-4.8234305,-27.845144,10.401617,24.66613,-27.340519,-61.767105,2.7237914,14.177258,-12.210748,8.799382,-22.820164,23.10541,-52.638546,-5.489089,5.8632317,14.128351
386,1.4463979005813599,5.126389026641846,66.06859588623047,0.08494171410904318,-1.7986805300634565,-89.1604049084989,-0.069314465,1.1893629,8.4776125,11.188246,-8.704578,0.0,3.6181448,-2.3684764,-20.859774,6.663751,-10.405532,0.0,-2.4936488,9.93289,-3.8371685,-4.6831827,-27.88712,10.44228,24.692284,-27.683676,-62.242527,2.369553,13.992977,-12.210748,8.46018,-22.837713,23.130728,-53.050957,-5.5392957,5.611128,13.894068
387,1.3608801364898682,5.1563520431518555,66.06964111328125,0.06283491050972921,-1.8415450365040809,-89.21269431358922,-0.097393006,1.2952962,8.525435,11.301765,-8.730112,0.0,3.620412,-2.2761343,-20.817463,6.6630945,-10.394795,0.0,-2.4820323,9.976568,-3.7629285,-4.53092,-27.922874,10.469875,24.722378,-28.092066,-62.705048,1.9415637,13.818585,-12.210748,8.133828,-22.856432,23.159462,-53.463097,-5.607331,5.342048,13.640896
388,1.2769581079483032,5.1875715255737305,66.0682601928711,0.03584156255402818,-1.894581647397968,-89.26246426015395,-0.13845283,1.408397,8.570011,11.463889,-8.78141,0.0,3.6341608,-2.1795478,-20.777233,6.6594906,-10.381741,0.0,-2.4673736,10.023471,-3.6772516,-4.385537,-27.946371,10.487648,24.754425,-28.547417,-63.15026,1.4911363,13.692611,-12.210748,7.8234153,-22.875664,23.189772,-53.869156,-5.692828,5.10606,13.371744
389,1.192327618598938,5.214532375335693,66.06668853759766,0.00016960876989622787,-1.9646686292971602,-89.30750052063645,-0.17321727,1.5326401,8.608637,11.656139,-8.852683,0.0,3.6707065,-2.072911,-20.7404,6.653904,-10.372142,0.0,-2.451439,10.078949,-3.5764184,-4.26461,-27.95278,10.506028,24.786747,-29.041834,-63.590595,0.9868132,13.63652,-12.210748,7.52907,-22.895145,23.219858,-54.270515,-5.7972655,4.912643,13.072501
390,1.1082804203033447,5.24257755279541,66.06478118896484,-0.038592572860303896,-2.0440355427147,-89.35101931002981,-0.20829079,1.6610899,8.644913,11.867738,-8.934124,0.0,3.7165256,-1.9634517,-20.705153,6.647411,-10.361204,0.0,-2.4320836,10.137399,-3.46432,-4.171549,-27.941198,10.527203,24.818676,-29.574392,-64.02939,0.40841413,13.631661,-12.210748,7.25056,-22.914736,23.249163,-54.6725,-5.919561,4.7413497,12.746753
391,1.0228639841079712,5.261589050292969,66.06299591064453,-0.0787209704864576,-2.1234196111706454,-89.39553693461136,-0.23236273,1.7913139,8.681792,12.072645,-9.0194435,0.0,3.7687843,-1.851743,-20.668764,6.6439977,-10.359568,0.0,-2.4071379,10.190982,-3.346303,-4.100388,-27.91169,10.542429,24.849615,-30.134321,-64.44795,-0.17368071,13.654263,-12.210748,6.9871745,-22.934065,23.277243,-55.072876,-6.052728,4.5976267,12.424271
392,0.941127359867096,5.281470775604248,66.05968475341797,-0.11640370318595909,-2.1936661198087553,-89.44345272871716,-0.2677735,1.9169222,8.722547,12.283426,-9.108083,0.0,3.8097858,-1.7460688,-20.629503,6.642406,-10.356597,0.0,-2.3746557,10.23187,-3.227886,-4.0393414,-27.865482,10.540972,24.87905,-30.706268,-64.82797,-0.6845065,13.681696,-12.210748,6.736313,-22.952698,23.30292,-55.468678,-6.1886034,4.490465,12.136879
393,0.8639677166938782,5.308610916137695,66.05681610107422,-0.14886507251297657,-2.2493479418707367,-89.49949436713267,-0.3110892,2.03275,8.773158,12.471933,-9.180354,0.0,3.8282166,-1.6500018,-20.584545,6.640138,-10.344108,0.0,-2.3319073,10.252883,-3.109853,-3.978882,-27.800692,10.523152,24.906498,-31.282425,-65.16637,-1.1125757,13.710323,-12.210748,6.494875,-22.970182,23.323883,-55.859318,-6.326718,4.4363103,11.895996
394,0.7883765697479248,5.329838275909424,66.05379486083984,-0.17688390157607745,-2.2962777069976843,-89.56102893493143,-0.34485304,2.1415992,8.830304,12.634413,-9.244172,0.0,3.8408206,-1.560096,-20.535278,6.64068,-10.336552,0.0,-2.2810159,10.259795,-2.989637,-3.9174364,-27.716442,10.495323,24.931547,-31.862413,-65.47187,-1.4958292,13.748997,-12.210748,6.2628226,-22.986319,23.338833,-56.244373,-6.4697046,4.4276547,11.688151
395,0.7085283994674683,5.351158142089844,66.05116271972656,-0.2068112004303737,-2.3423955854259466,-89.6193397512427,-0.38116157,2.2552695,8.883282,12.799245,-9.308292,0.0,3.854273,-1.4643229,-20.488277,6.6397505,-10.330341,0.0,-2.227355,10.264414,-2.8680098,-3.8557112,-27.617762,10.45744,24.953678,-32.440685,-65.74566,-1.8336769,13.794396,-12.210748,6.041649,-23.001085,23.348955,-56.62088,-6.614241,4.435908,11.50759
396,0.6252474188804626,5.3685526847839355,66.04759216308594,-0.24010733410933802,-2.3955068330635605,-89.66566793367741,-0.4203326,2.3760755,8.922015,12.986665,-9.385911,0.0,3.8819284,-1.3612634,-20.449297,6.636587,-10.329652,0.0,-2.1763394,10.278581,-2.7457883,-3.7957997,-27.512644,10.409068,24.97233,-33.00906,-65.98741,-2.124364,13.841778,-12.210748,5.8319974,-23.014656,23.35724,-56.985863,-6.757803,4.4311333,11.348113
397,0.5479694604873657,5.3847527503967285,66.04325103759766,-0.28057849579771665,-2.458406226695276,-89.69349876254,-0.472402,2.5018823,8.940124,13.216784,-9.485996,0.0,3.9289355,-1.253487,-20.422888,6.6251574,-10.328339,0.0,-2.134335,10.306297,-2.6240969,-3.7380884,-27.408152,10.356912,24.98719,-33.56665,-66.20135,-2.363969,13.887018,-12.210748,5.633363,-23.02716,23.367264,-57.344913,-6.887515,4.410053,11.213083
398,0.46371617913246155,5.392383575439453,66.03702545166016,-0.32370800758421536,-2.526815213948951,-89.70882012305971,-0.52561206,2.6366131,8.943028,13.469525,-9.602515,0.0,3.9910347,-1.1367722,-20.404776,6.6168,-10.341049,0.0,-2.0968308,10.340886,-2.5020998,-3.6824045,-27.305717,10.303271,24.998077,-34.112846,-66.38888,-2.556825,13.932439,-12.210748,5.4456387,-23.038532,23.380253,-57.698055,-7.0112586,4.385517,11.101869
399,0.3907864987850189,5.404451370239258,66.02828979492188,-0.37126491749434226,-2.5980933888868227,-89.72179688534091,-0.60390013,2.771229,8.942523,13.775483,-9.745742,0.0,4.050175,-1.0259196,-20.386513,6.613383,-10.349585,0.0,-2.046113,10.378386,-2.3717656,-3.5884335,-27.113157,10.050848,25.012735,-34.969017,-66.44737,-2.5349438,14.020667,-12.210748,5.2512355,-23.056404,23.421515,-57.978817,-7.188918,4.3125854,10.98446
400,0.3155768811702728,5.423891544342041,66.02124786376953,-0.4155732523027805,-2.668595470424613,-89.74297223889417,-0.66788644,2.90147,8.949778,14.040277,-9.862264,0.0,4.103551,-0.9158531,-20.361883,6.602101,-10.346396,0.0,-1.9840049,10.415142,-2.2422416,-3.541123,-26.983406,9.87852,25.014553,-35.57213,-66.5144,-2.590059,14.095337,-12.210748,5.0737395,-23.06915,23.442951,-58.270767,-7.3943973,4.2602077,10.883634
401,0.2404567152261734,5.437908172607422,66.01536560058594,-0.4583742914954562,-2.7448482205783287,-89.77383621554081,-0.70522344,3.0281744,8.966358,14.274827,-9.968707,0.0,4.163941,-0.80805355,-20.327568,6.5934954,-10.346773,0.0,-1.8970815,10.456302,-2.1039305,-3.5205348,-26.81976,9.521109,24.991667,-36.351025,-66.43004,-2.5198002,14.201182,-12.210748,4.8917727,-23.088448,23.463226,-58.51022,-7.7004223,4.17862,10.78978
402,0.17176619172096252,5.449270725250244,66.0106430053711,-0.5035205855227008,-2.8252583124402673,-89.80889187656807,-0.7262215,3.151044,8.987159,14.490605,-10.069044,0.0,4.259457,-0.6923994,-20.28847,6.5170126,-10.310128,0.0,-1.7995592,10.50233,-1.9617307,-3.5306976,-26.702425,9.47741,24.953049,-36.67402,-66.50058,-2.7238374,14.261856,-12.210748,4.7218037,-23.095139,23.438665,-58.70602,-8.034787,4.0687366,10.736044
403,0.0987938940525055,5.468114376068115,66.00379180908203,-0.5444416592797645,-2.8979259327466016,-89.8493729936411,-0.76586586,3.2742937,9.0120325,14.720459,-10.171674,0.0,4.294068,-0.59476745,-20.245007,6.544008,-10.322287,0.0,-1.6930201,10.540424,-1.8216754,-3.5397038,-26.582197,9.434959,24.907316,-36.934578,-66.55027,-2.8901048,14.328193,-12.210748,4.5595737,-23.100534,23.415909,-58.873108,-8.363523,3.9519079,10.684382
404,0.030223071575164795,5.476452827453613,65.9992904663086,-0.5869363740132355,-2.950247291085374,-89.89384367303012,-0.7981126,3.3932054,9.04212,14.911106,-10.263169,0.0,4.3421097,-0.48965603,-20.198696,6.513244,-10.310539,0.0,-1.5853407,10.558184,-1.6834476,-3.5286582,-26.46308,9.39405,24.861914,-37.118423,-66.591194,-2.9740117,14.404006,-12.210748,4.4090776,-23.104204,23.411663,-59.023895,-8.624018,3.8441775,10.616974
405,-0.03768858686089516,5.485130310058594,65.99629211425781,-0.6310436000254962,-2.9758142737033766,-89.9472863753481,-0.8446053,3.5120234,9.08098,15.079721,-10.344748,0.0,4.3787856,-0.3774614,-20.146263,6.4420877,-10.274913,0.0,-1.4745684,10.548962,-1.5491663,-3.4817317,-26.346792,9.350825,24.817936,-37.21376,-66.61671,-2.9623399,14.493915,-12.210748,4.27205,-23.106936,23.435575,-59.16287,-8.7921095,3.7419863,10.523075
406,-0.10298892110586166,5.497758865356445,65.98832702636719,-0.6701683976993809,-2.9824636905963557,-90.01035811236254,-0.92886215,3.627453,9.127749,15.288763,-10.447421,0.0,4.3011465,-0.30591136,-20.086327,6.574772,-10.341409,0.0,-1.3572177,10.520157,-1.4231279,-3.4125502,-26.230791,9.300318,24.767183,-37.233665,-66.617226,-2.8794942,14.59543,-12.210748,4.146258,-23.108862,23.479074,-59.284542,-8.905842,3.6405718,10.412185
407,-0.17223435640335083,5.507417678833008,65.98390197753906,-0.7122057372203285,-2.9785079504178715,-90.07005769185686,-1.0017395,3.7452986,9.172479,15.453246,-10.527333,0.0,4.282275,-0.2038891,-20.03065,6.557888,-10.33282,0.0,-1.2410624,10.481672,-1.2952348,-3.3463702,-26.113409,9.255494,24.717422,-37.196217,-66.61998,-2.7339892,14.703103,-12.210748,4.0276294,-23.108423,23.523586,-59.379272,-8.987025,3.5512807,10.3019705
408,-0.24278676509857178,5.521085262298584,65.9803466796875,-0.7537040743612288,-2.972171677441904,-90.11761481985828,-1.0781797,3.862377,9.207241,15.60622,-10.5951185,0.0,4.2829742,-0.092871666,-19.98682,6.490889,-10.297664,0.0,-1.1318892,10.442884,-1.1673771,-3.3084826,-25.99162,9.219549,24.666134,-37.12225,-66.63825,-2.5370865,14.8104925,-12.210748,3.9123552,-23.104166,23.553152,-59.440533,-9.060353,3.4875903,10.207837
409,-0.31074652075767517,5.5326642990112305,65.97662353515625,-0.7942910037873442,-2.9626839205734417,-90.15481995581939,-1.1600217,3.9764752,9.234497,15.761761,-10.663945,0.0,4.265548,0.008423972,-19.952488,6.4675245,-10.288816,0.0,-1.0250885,10.402722,-1.040053,-3.307045,-25.859999,9.200719,24.614958,-36.99606,-66.68089,-2.2648413,14.93122,-12.210748,3.7977383,-23.095543,23.560213,-59.458733,-9.128287,3.4548118,10.128892
410,-0.3756352663040161,5.543603420257568,65.972412109375,-0.8339417153712404,-2.9466128893351557,-90.18528167646392,-1.2506429,4.087466,9.257119,15.91942,-10.733311,0.0,4.24329,0.10630378,-19.924744,6.445321,-10.281752,0.0,-0.91953903,10.357443,-0.91322696,-3.3280416,-25.721874,9.192109,24.56126,-36.8138,-66.7339,-1.9214109,15.062993,-12.210748,3.6867826,-23.083267,23.554754,-59.440628,-9.179715,3.445561,10.058165
411,-0.4400649070739746,5.551490306854248,65.96836853027344,-0.8710307342619996,-2.9283866035556443,-90.20361765927993,-1.3396385,4.1941266,9.268945,16.066866,-10.797128,0.0,4.2230983,0.20123683,-19.908522,6.4261293,-10.281362,0.0,-0.8255406,10.312015,-0.78986,-3.3638763,-25.585588,9.184239,24.510382,-36.614193,-66.79398,-1.5522633,15.177219,-12.210748,3.5816567,-23.068487,23.54395,-59.400436,-9.214848,3.4542391,10.004728
412,-0.5050894618034363,5.562344551086426,65.96331024169922,-0.906851047273263,-2.912165211935862,-90.20442456241642,-1.4380902,4.299073,9.2627735,16.223152,-10.859453,0.0,4.207452,0.29611602,-19.909182,6.405105,-10.281687,0.0,-0.7533969,10.271735,-0.67296934,-3.4068544,-25.460657,9.167952,24.46726,-36.435265,-66.85802,-1.2038165,15.245274,-12.210748,3.485482,-23.052193,23.53567,-59.353905,-9.234457,3.4754248,9.977139
413,-0.5693997740745544,5.572439193725586,65.9588623046875,-0.9391657028899437,-2.899499461931397,-90.18565196047517,-1.5327309,4.3976617,9.238113,16.36786,-10.912032,0.0,4.200393,0.3875296,-19.928383,6.384338,-10.286825,0.0,-0.70833135,10.238386,-0.5635564,-3.455393,-25.345522,9.1395445,24.432701,-36.275543,-66.91712,-0.8718066,15.256065,-12.210748,3.3964622,-23.03377,23.52955,-59.300896,-9.2277,3.516293,9.984207
414,-0.6285019516944885,5.583342552185059,65.95317840576172,-0.9693828498177193,-2.888007482075852,-90.15074432537507,-1.6369756,4.4898987,9.198258,16.524454,-10.967488,0.0,4.185313,0.46860272,-19.9629,6.391664,-10.30851,0.0,-0.6839095,10.209228,-0.46040648,-3.5134513,-25.2381,9.104412,24.403923,-36.117706,-66.974655,-0.5373246,15.225332,-12.210748,3.3144782,-23.012808,23.522602,-59.23547,-9.198785,3.5770693,10.019404
415,-0.687738299369812,5.597757339477539,65.94933319091797,-0.997696736046802,-2.8761284202242803,-90.10108576390031,-1.73949,4.5774574,9.143741,16.660524,-11.00591,0.0,4.1974044,0.55819625,-20.011513,6.3362317,-10.296717,0.0,-0.6734322,10.182535,-0.36068782,-3.581859,-25.141016,9.068502,24.38137,-35.977062,-67.04784,-0.2236493,15.164653,-12.210748,3.2432451,-22.991207,23.51677,-59.161182,-9.167206,3.6404762,10.0684805
416,-0.7473401427268982,5.609823703765869,65.94436645507812,-1.0226316786994185,-2.8620461076553756,-90.03979217217255,-1.8451424,4.6602316,9.075638,16.794537,-11.042473,0.0,4.1924367,0.6379764,-20.071342,6.3250833,-10.312813,0.0,-0.66934836,10.156465,-0.26521048,-3.6613736,-25.057577,9.036989,24.364744,-35.868774,-67.15374,0.045293514,15.086265,-12.210748,3.1874547,-22.970404,23.513783,-59.083244,-9.15401,3.6901631,10.117506
417,-0.8059322834014893,5.618362903594971,65.94094848632812,-1.0452629531215263,-2.844178718620754,-89.96311217480982,-1.9469485,4.736466,8.990096,16.906998,-11.066838,0.0,4.190579,0.7153328,-20.145632,6.3135777,-10.334661,0.0,-0.67084605,10.129791,-0.17196858,-3.7614963,-24.98714,9.012788,24.353657,-35.784863,-67.29825,0.2714842,14.97705,-12.210748,3.1469152,-22.950285,23.50915,-58.99564,-9.17385,3.7171364,10.164709
418,-0.8634092211723328,5.635097026824951,65.93736267089844,-1.0641812138533502,-2.823780802356965,-89.87117172139445,-2.0630357,4.80672,8.887389,17.019993,-11.0817175,0.0,4.182945,0.7885679,-20.235128,6.300422,-10.351454,0.0,-0.6814226,10.103583,-0.081945956,-3.8787057,-24.928453,8.9926815,24.348206,-35.721233,-67.47224,0.46548602,14.836146,-12.210748,3.1197,-22.930107,23.502882,-58.897995,-9.212038,3.731798,10.217236
419,-0.9163832068443298,5.645386695861816,65.93463134765625,-1.0800587901981333,-2.8038894685312123,-89.77168425094048,-2.166499,4.867839,8.7780905,17.112597,-11.089672,0.0,4.180672,0.8546115,-20.331139,6.293185,-10.377269,0.0,-0.7005434,10.080489,0.002931718,-3.9943,-24.884022,8.975097,24.348663,-35.69722,-67.67242,0.6137687,14.6943865,-12.210748,3.1078393,-22.910652,23.506275,-58.80494,-9.24741,3.7464392,10.273028
420,-0.9673804044723511,5.65838623046875,65.93170166015625,-1.0916191747966677,-2.7876292775777505,-89.67198786259796,-2.2633584,4.921855,8.670555,17.193758,-11.089608,0.0,4.1793966,0.91457134,-20.427513,6.284548,-10.39877,0.0,-0.72775924,10.063041,0.08073114,-4.089493,-24.857447,8.957131,24.355299,-35.732708,-67.8945,0.7027583,14.582793,-12.210748,3.1119168,-22.892756,23.529324,-58.72865,-9.256604,3.7729604,10.330395
421,-1.0197851657867432,5.67269229888916,65.9291763305664,-1.0961146948731264,-2.775533772696665,-89.57413625412767,-2.343123,4.967516,8.567848,17.245367,-11.072714,0.0,4.184929,0.97018147,-20.52208,6.268626,-10.416596,0.0,-0.7656186,10.052321,0.1490084,-4.1508946,-24.853285,8.953743,24.3642,-35.820427,-68.15131,0.71879417,14.509718,-12.210748,3.138614,-22.879402,23.567139,-58.679653,-9.231731,3.82028,10.395859
422,-1.0686452388763428,5.6842732429504395,65.92713928222656,-1.0961870776949785,-2.7658063488274363,-89.47434050227663,-2.4092467,5.0038605,8.46552,17.2759,-11.046672,0.0,4.188315,1.0159119,-20.618158,6.2668858,-10.442579,0.0,-0.81359035,10.046868,0.20896487,-4.1902194,-24.864157,8.962244,24.374401,-35.94074,-68.437355,0.670696,14.456961,-12.210748,3.1797898,-22.868141,23.612299,-58.641342,-9.1812935,3.8788471,10.470868
423,-1.1163208484649658,5.694695949554443,65.92526245117188,-1.092410024605893,-2.7595259425539433,-89.37129960494273,-2.4650793,5.033947,8.36108,17.291367,-11.013137,0.0,4.1884255,1.0538253,-20.717499,6.2860236,-10.481864,0.0,-0.8662963,10.046453,0.26425308,-4.211865,-24.875835,8.971038,24.382948,-36.048595,-68.74222,0.53697735,14.430133,-12.210748,3.2378433,-22.85975,23.655106,-58.595303,-9.1119795,3.9157345,10.560475
424,-1.1608474254608154,5.7023468017578125,65.92422485351562,-1.08974054458167,-2.755473353367367,-89.26242684442691,-2.5166748,5.061909,8.25115,17.303667,-10.979691,0.0,4.210683,1.0966715,-20.822102,6.2679634,-10.504055,0.0,-0.91986656,10.047893,0.3219986,-4.2420063,-24.893223,8.98695,24.395702,-36.203724,-69.04145,0.3283371,14.392372,-12.210748,3.3044114,-22.849579,23.713299,-58.563984,-9.026922,3.953335,10.655984
425,-1.2060645818710327,5.714390277862549,65.92129516601562,-1.0866960956354346,-2.75553167634281,-89.14688922223411,-2.5779853,5.09064,8.133571,17.334055,-10.951646,0.0,4.2181454,1.1335152,-20.93418,6.285483,-10.542294,0.0,-0.9717455,10.052553,0.38286623,-4.2790275,-24.91379,8.993519,24.412565,-36.396446,-69.34309,-0.0013688242,14.359668,-12.210748,3.3835735,-22.838846,23.785795,-58.53771,-8.92289,3.9714308,10.753474
426,-1.251059651374817,5.721992492675781,65.9198226928711,-1.0838264759212033,-2.758840465635915,-89.02541597725245,-2.6265602,5.1174765,8.010815,17.347849,-10.917525,0.0,4.2502303,1.1769013,-21.05145,6.2672076,-10.56708,0.0,-1.0250529,10.060602,0.4450063,-4.3199778,-24.93777,8.995527,24.43257,-36.623463,-69.64861,-0.43858725,14.331941,-12.210748,3.4752603,-22.828608,23.871328,-58.516884,-8.799548,3.975274,10.854466
427,-1.2920281887054443,5.72943115234375,65.91809844970703,-1.0796041078016776,-2.763872325199031,-88.90152758985847,-2.6755302,5.1396275,7.8856034,17.364998,-10.885446,0.0,4.267064,1.2089654,-21.171652,6.287854,-10.611496,0.0,-1.0808058,10.071039,0.5036256,-4.3631206,-24.965332,8.990566,24.45549,-36.873573,-69.93745,-0.89313483,14.304216,-12.210748,3.578238,-22.819126,23.970318,-58.4989,-8.673647,3.97169,10.957688
428,-1.3369801044464111,5.738016128540039,65.9165267944336,-1.0742370469554907,-2.7682522877658142,-88.77750785954768,-2.7225232,5.1624274,7.759201,17.373802,-10.847138,0.0,4.2994056,1.2496892,-21.29264,6.2702904,-10.63632,0.0,-1.1408486,10.0822735,0.5559618,-4.4074183,-24.996716,8.974454,24.48074,-37.13059,-70.189926,-1.2700114,14.273559,-12.210748,3.689655,-22.810724,24.084389,-58.479244,-8.561973,3.967359,11.0603285
429,-1.3743807077407837,5.739911079406738,65.91482543945312,-1.068535992762912,-2.772676826063231,-88.65110316086786,-2.764354,5.178336,7.6299014,17.382082,-10.813959,0.0,4.3207498,1.2773421,-21.416561,6.292286,-10.685584,0.0,-1.2089164,10.096685,0.59957993,-4.453469,-25.033321,8.949365,24.507282,-37.386265,-70.40754,-1.5486412,14.23966,-12.210748,3.8085093,-22.803831,24.214933,-58.459885,-8.472757,3.9588337,11.162158
430,-1.4072085618972778,5.745396137237549,65.9135513305664,-1.0626981483410811,-2.7778071339889934,-88.52131627887388,-2.8093674,5.1898794,7.4965796,17.390507,-10.777725,0.0,4.357629,1.3077657,-21.544394,6.2738075,-10.709247,0.0,-1.2836373,10.1139345,0.63768876,-4.501109,-25.075512,8.918589,24.534924,-37.640568,-70.60097,-1.7767336,14.20602,-12.210748,3.936037,-22.798592,24.363033,-58.442482,-8.398667,3.944566,11.262749
431,-1.4438401460647583,5.752950191497803,65.91183471679688,-1.0543031974149581,-2.7818901595213537,-88.39566871166767,-2.8539462,5.201313,7.3671746,17.39441,-10.737755,0.0,4.373583,1.3317875,-21.669037,6.294438,-10.752188,0.0,-1.3572016,10.129769,0.6700282,-4.547627,-25.121056,8.879197,24.563412,-37.887547,-70.764786,-1.9631482,14.175328,-12.210748,4.0707884,-22.795082,24.528763,-58.4214,-8.330417,3.9353495,11.359137
432,-1.4768792390823364,5.758974075317383,65.91188049316406,-1.0445291473101446,-2.7826656931197924,-88.28035733606889,-2.8877623,5.208247,7.250803,17.377539,-10.690547,0.0,4.402144,1.3579229,-21.782068,6.276356,-10.772745,0.0,-1.4226292,10.139516,0.6989618,-4.5887475,-25.16637,8.827394,24.592278,-38.11818,-70.89346,-2.1149151,14.150948,-12.210748,4.211362,-22.79315,24.711393,-58.391357,-8.259976,3.9429266,11.4498205
433,-1.511782169342041,5.763237476348877,65.91082763671875,-1.0320558117658678,-2.777391141303057,-88.17629526485896,-2.9210863,5.2144437,7.1477137,17.356981,-10.644863,0.0,4.4051166,1.3752205,-21.882917,6.3015885,-10.816531,0.0,-1.4789546,10.140133,0.72210187,-4.6199226,-25.209723,8.76314,24.621202,-38.324547,-70.983696,-2.2237632,14.131252,-12.210748,4.3573556,-22.79261,24.910292,-58.350124,-8.194415,3.9747229,11.545564
434,-1.5373451709747314,5.765917778015137,65.91065216064453,-1.0193412607389047,-2.767693916943437,-88.07978663436901,-2.9496064,5.213291,7.055065,17.325321,-10.597378,0.0,4.4201255,1.3910749,-21.974346,6.287217,-10.835714,0.0,-1.5301164,10.134628,0.74057764,-4.6401167,-25.250854,8.691576,24.649624,-38.50506,-71.040115,-2.2930055,14.114029,-12.210748,4.507603,-22.793472,25.124662,-58.299187,-8.133343,4.0248847,11.644868
435,-1.5648424625396729,5.770040512084961,65.90963745117188,-1.0036370893273283,-2.7591907529724002,-87.99308261470142,-2.9738867,5.211277,6.972402,17.29073,-10.549172,0.0,4.416016,1.3983041,-22.05717,6.3121924,-10.873428,0.0,-1.5746326,10.1279335,0.75550705,-4.6515765,-25.287613,8.617072,24.677338,-38.66199,-71.06957,-2.347949,14.101776,-12.210748,4.6610208,-22.795664,25.353706,-58.240604,-8.058201,4.083501,11.727912
436,-1.5926506519317627,5.777590274810791,65.90990447998047,-0.9890667713228852,-2.7572837082337296,-87.91732963473216,-2.987347,5.210835,6.899807,17.247631,-10.496433,0.0,4.4308033,1.4133458,-22.130547,6.2965183,-10.8845005,0.0,-1.6116588,10.124924,0.7706357,-4.6585793,-25.316744,8.542524,24.704113,-38.799862,-71.078476,-2.414314,14.097225,-12.210748,4.8181624,-22.798922,25.595736,-58.17629,-7.948628,4.1392856,11.773284
437,-1.6206274032592773,5.783712863922119,65.90951538085938,-0.9742608279464894,-2.7670845863135027,-87.85591470471576,-2.9866872,5.2119055,6.8397326,17.210804,-10.45189,0.0,4.4385695,1.4208717,-22.192352,6.319137,-10.913872,0.0,-1.6394367,10.130623,0.7846073,-4.66384,-25.335066,8.466557,24.729805,-38.920906,-71.066216,-2.504426,14.10394,-12.210748,4.979728,-22.803219,25.85193,-58.103775,-7.7926955,4.187803,11.766542
438,-1.6438696384429932,5.790496349334717,65.90904998779297,-0.9606407025438272,-2.7843889115870746,-87.8064041203333,-2.9783602,5.2119837,6.7909484,17.1804,-10.413873,0.0,4.4664383,1.4314371,-22.243187,6.30578,-10.919797,0.0,-1.6592221,10.140911,0.7976318,-4.6677394,-25.342026,8.38748,24.75434,-39.02482,-71.0298,-2.6039264,14.1194315,-12.210748,5.147589,-22.80841,26.122808,-58.023876,-7.6027713,4.2336445,11.719734
439,-1.6636974811553955,5.79799222946167,65.90848541259766,-0.9454731776213888,-2.8011514405608042,-87.76476809367637,-2.967341,5.2084823,6.750255,17.147263,-10.376233,0.0,4.47656,1.4311479,-22.287235,6.3269167,-10.940717,0.0,-1.6729566,10.148196,0.80990845,-4.671378,-25.338095,8.307982,24.77759,-39.11266,-70.97075,-2.6969097,14.136897,-12.210748,5.3199224,-22.814278,26.403833,-57.940197,-7.3897185,4.280749,11.651483
440,-1.6797730922698975,5.80343770980835,65.90955352783203,-0.9312109551742842,-2.809096270423816,-87.72546037647982,-2.9542913,5.2019506,6.713245,17.096384,-10.331817,0.0,4.4934316,1.4344269,-22.328045,6.314415,-10.943265,0.0,-1.683102,10.144199,0.82383364,-4.6763253,-25.324375,8.231843,24.799244,-39.186172,-70.89232,-2.7677124,14.149725,-12.210748,5.495156,-22.820381,26.686646,-57.854725,-7.1631074,4.331611,11.584739
441,-1.6966508626937866,5.803116321563721,65.91017150878906,-0.9149861680332415,-2.805033255981289,-87.6847537596749,-2.943098,5.193164,6.6758423,17.033072,-10.284872,0.0,4.4880238,1.4303863,-22.369934,6.338316,-10.970403,0.0,-1.6913328,10.124831,0.8391543,-4.684015,-25.301338,8.156034,24.81923,-39.24278,-70.789764,-2.8001955,14.151476,-12.210748,5.6751075,-22.826195,26.965828,-57.762066,-6.9259405,4.3825703,11.536238
442,-1.7130041122436523,5.807007789611816,65.91304016113281,-0.8975016184297993,-2.7935170667309817,-87.64573822483892,-2.930248,5.181272,6.641362,16.944038,-10.221262,0.0,4.485779,1.4303474,-22.410192,6.3283563,-10.975312,0.0,-1.6963245,10.094874,0.855878,-4.6948037,-25.2688,8.08006,24.837496,-39.281857,-70.66317,-2.805741,14.146729,-12.210748,5.8579125,-22.83162,27.239386,-57.65893,-6.668204,4.4327474,11.498755
443,-1.7294436693191528,5.809680938720703,65.91567993164062,-0.8802534361302189,-2.778437454788705,-87.61567745397969,-2.915405,5.1697826,6.6158404,16.851177,-10.158873,0.0,4.465435,1.4245231,-22.442038,6.349777,-10.995898,0.0,-1.6943825,10.060197,0.87202346,-4.7083483,-25.227766,8.010969,24.854034,-39.31084,-70.523125,-2.8101032,14.146313,-12.210748,6.041136,-22.836538,27.503748,-57.55592,-6.3839765,4.488682,11.460501
444,-1.7422292232513428,5.820991039276123,65.92059326171875,-0.8598932588353916,-2.7638719059486685,-87.60104052162961,-2.8908637,5.15249,6.607074,16.733526,-10.080541,0.0,4.4492617,1.4174154,-22.459064,6.3383594,-10.987846,0.0,-1.6822457,10.026151,0.8875301,-4.7239084,-25.179375,7.9556203,24.869074,-39.340885,-70.38064,-2.8387582,14.162422,-12.210748,6.223741,-22.84093,27.755644,-57.465656,-6.067775,4.5576825,11.408533
445,-1.7529046535491943,5.818064212799072,65.92476654052734,-0.8362780866503271,-2.750566382494479,-87.61388044006507,-2.8359098,5.1318927,6.6266413,16.595453,-10.0096,0.0,4.425735,1.3987916,-22.44847,6.360776,-11.002736,0.0,-1.6483388,9.994475,0.9015481,-4.741919,-25.123514,7.915464,24.882797,-39.38335,-70.23912,-2.900128,14.209488,-12.210748,6.4083867,-22.844784,27.99321,-57.390663,-5.687389,4.641565,11.3322315
446,-1.7560977935791016,5.818269729614258,65.9302978515625,-0.8125769733720967,-2.7363144031577353,-87.64703822487637,-2.7693143,5.1060004,6.667762,16.43861,-9.932038,0.0,4.4056716,1.3774543,-22.417547,6.357939,-10.995557,0.0,-1.5979329,9.962118,0.9154655,-4.7626696,-25.060232,7.8831444,24.895464,-39.439713,-70.09317,-2.9765754,14.281731,-12.210748,6.598582,-22.847956,28.216038,-57.32753,-5.2528405,4.7373567,11.241029
447,-1.7627143859863281,5.828883647918701,65.93545532226562,-0.78708910058908,-2.7213228613159828,-87.67965792692975,-2.7131512,5.0804944,6.707859,16.283924,-9.846913,0.0,4.3700504,1.3541193,-22.388432,6.368613,-10.9881115,0.0,-1.5519077,9.927645,0.9281647,-4.7845035,-24.991028,7.85185,24.907328,-39.503574,-69.93915,-3.0542417,14.358195,-12.210748,6.790789,-22.85053,28.422676,-57.274296,-4.821732,4.8442845,11.151274
448,-1.7718679904937744,5.8317365646362305,65.94149017333984,-0.7627527896017521,-2.7052179915875922,-87.6904581475674,-2.6556098,5.055631,6.726406,16.123968,-9.760161,0.0,4.351879,1.3382481,-22.380148,6.362448,-10.983412,0.0,-1.5316396,9.88994,0.9399694,-4.8045273,-24.918589,7.8179092,24.918596,-39.563976,-69.77364,-3.1219206,14.415137,-12.210748,6.97955,-22.852734,28.611725,-57.226364,-4.455792,4.959749,11.08067
449,-1.7745442390441895,5.825935363769531,65.94557189941406,-0.7419229764262381,-2.6855036707987554,-87.66813234912031,-2.620492,5.0283484,6.7116933,16.000282,-9.693343,0.0,4.338629,1.3195896,-22.403723,6.3704405,-10.9982815,0.0,-1.5471898,9.845445,0.95196235,-4.820345,-24.843494,7.7813487,24.929537,-39.614033,-69.594894,-3.1842296,14.436731,-12.210748,7.161716,-22.854788,28.782084,-57.17527,-4.176272,5.085566,11.035594
450,-1.7750130891799927,5.825774192810059,65.94928741455078,-0.7211641561026702,-2.6630369903780697,-87.62556055464376,-2.6058185,4.9985423,6.676733,15.892875,-9.626686,0.0,4.3311324,1.3033137,-22.447578,6.357892,-11.001297,0.0,-1.5861079,9.795893,0.9643631,-4.8314786,-24.76564,7.747612,24.940248,-39.653046,-69.403725,-3.2484477,14.432589,-12.210748,7.337326,-22.856768,28.933886,-57.122013,-3.9526162,5.220839,11.009473
451,-1.7774131298065186,5.826288223266602,65.95270538330078,-0.7020968972856763,-2.6427092831572905,-87.579138665211,-2.5942178,4.9715652,6.6370435,15.793318,-9.562679,0.0,4.320853,1.2882041,-22.495394,6.3578396,-11.012046,0.0,-1.6348761,9.747825,0.9732743,-4.838174,-24.688023,7.721467,24.95031,-39.679447,-69.20395,-3.3080153,14.421395,-12.210748,7.506299,-22.858679,29.067497,-57.07691,-3.7678797,5.357908,10.999757
452,-1.7793729305267334,5.831236362457275,65.95647430419922,-0.683225388202945,-2.6293876330565684,-87.54545099270149,-2.574893,4.9453177,6.609099,15.692369,-9.497218,0.0,4.314817,1.2737889,-22.530619,6.3488235,-11.011593,0.0,-1.6804721,9.707607,0.9753964,-4.8411093,-24.615154,7.707377,24.959398,-39.690983,-68.99895,-3.3556144,14.422795,-12.210748,7.6686525,-22.860773,29.185427,-57.04946,-3.605199,5.488253,11.0018015
453,-1.7818623781204224,5.83315896987915,65.95893859863281,-0.6632107834974004,-2.6281036349873297,-87.52982506149688,-2.5339608,4.919789,6.598173,15.587396,-9.4359,0.0,4.3148217,1.256301,-22.547518,6.350047,-11.015082,0.0,-1.7202638,9.679724,0.9679574,-4.8413115,-24.552147,7.709468,24.966728,-39.682693,-68.7867,-3.391941,14.446992,-12.210748,7.8260174,-22.863222,29.289673,-57.04499,-3.4663084,5.6154003,11.01556
454,-1.787541389465332,5.835281848907471,65.96282958984375,-0.6441109420005632,-2.634917984899116,-87.52310143703409,-2.4745395,4.8970165,6.595629,15.465095,-9.366739,0.0,4.3247833,1.2436382,-22.555378,6.341975,-11.012536,0.0,-1.7611424,9.6598425,0.9534632,-4.8388925,-24.500076,7.7272863,24.972065,-39.652966,-68.56984,-3.422437,14.4852085,-12.210748,7.9811106,-22.866058,29.381525,-57.06077,-3.359569,5.74138,11.040027
455,-1.7875105142593384,5.836789131164551,65.9671630859375,-0.6260001132073114,-2.6419661875104676,-87.52045300703764,-2.4137862,4.871328,6.59708,15.344548,-9.300646,0.0,4.3301363,1.225174,-22.55887,6.344671,-11.013721,0.0,-1.8034085,9.6415205,0.93550664,-4.832744,-24.456186,7.756568,24.975971,-39.607464,-68.35623,-3.4441674,14.526543,-12.210748,8.131139,-22.869484,29.461279,-57.08898,-3.2751737,5.8559403,11.067073
456,-1.7794959545135498,5.825992584228516,65.97154998779297,-0.6064091601757546,-2.6412277864053437,-87.516562397216,-2.348146,4.8384633,6.598346,15.217864,-9.241815,0.0,4.3397985,1.1999034,-22.562521,6.345792,-11.02231,0.0,-1.8475125,9.618336,0.9183986,-4.8210526,-24.415276,7.7901564,24.979696,-39.55633,-68.15265,-3.4513507,14.56056,-12.210748,8.273205,-22.873547,29.528307,-57.12112,-3.2031243,5.946842,11.090609
457,-1.7772274017333984,5.826412200927734,65.97549438476562,-0.5883218491976523,-2.626867729061558,-87.51048581286653,-2.314104,4.8116,6.595487,15.10812,-9.181954,0.0,4.3223205,1.1783985,-22.569956,6.355757,-11.028201,0.0,-1.8935279,9.58538,0.9032832,-4.8019495,-24.372341,7.8216724,24.98475,-39.508366,-67.95837,-3.415269,14.582605,-12.210748,8.405669,-22.878204,29.580194,-57.155678,-3.1439888,6.0067797,11.111297
458,-1.7755173444747925,5.82856559753418,65.9764633178711,-0.5854474819169909,-2.6249756918745377,-87.51506617317796,-2.3081691,4.80674,6.599259,15.090483,-9.172723,0.0,4.317755,1.1737204,-22.566696,6.35414,-11.023484,0.0,-1.9042279,9.581832,0.9058969,-4.801935,-24.372309,7.823532,24.986929,-39.50731,-67.9557,-3.4146998,14.584096,-12.210748,8.407914,-22.878841,29.581745,-57.15464,-3.1438117,6.007478,11.111967
459,-1.771051287651062,5.8305888175964355,65.9825210571289,-0.5531892234069372,-2.582581319656337,-87.49944578507721,-2.2746935,4.758991,6.589044,14.911438,-9.072217,0.0,4.2686,1.1346692,-22.584372,6.374326,-11.034886,0.0,-1.9888316,9.51177,0.87383354,-4.758291,-24.308062,7.8659554,24.997564,-39.4566,-67.56392,-3.2622747,14.606796,-12.210748,8.606094,-22.884602,29.61634,-57.184254,-3.0609517,6.041933,11.191196
460,-1.7673749923706055,5.831889629364014,65.98267364501953,-0.550896138263779,-2.582585648435799,-87.50514634186659,-2.2697508,4.7536397,6.5938363,14.901809,-9.068122,0.0,4.266489,1.128945,-22.579855,6.3740344,-11.031366,0.0,-2.000739,9.508924,0.87611604,-4.7582626,-24.308022,7.867563,25.00038,-39.455673,-67.56137,-3.2621868,14.608296,-12.210748,8.607956,-22.88531,29.617273,-57.18355,-3.0609152,6.0423846,11.191705
461,-1.7601070404052734,5.832036018371582,65.98947143554688,-0.5153858146967679,-2.571277852744003,-87.49107074846813,-2.1908548,4.698905,6.5880394,14.6956835,-8.954683,0.0,4.2522235,1.0855043,-22.594385,6.3880515,-11.039768,0.0,-2.0903785,9.473787,0.8350316,-4.692809,-24.244917,7.9188595,25.012201,-39.401543,-67.19726,-3.3371716,14.662622,-12.210748,8.78443,-22.8933,29.627901,-57.238827,-2.9974146,6.05775,11.249608
462,-1.7583668231964111,5.838346004486084,65.98971557617188,-0.5149042186144482,-2.5757430091243285,-87.49795003342828,-2.1865113,4.69604,6.5939536,14.687472,-8.946462,0.0,4.2497945,1.0826885,-22.589115,6.387342,-11.031981,0.0,-2.1038663,9.4729595,0.836689,-4.6927667,-24.244884,7.9202476,25.015598,-39.401127,-67.19467,-3.338452,14.664171,-12.210748,8.785814,-22.894274,29.628239,-57.238346,-2.9974349,6.0579996,11.249915
463,-1.7489230632781982,5.8427300453186035,65.99576568603516,-0.47793295879440323,-2.5934337863738417,-87.48557335208197,-2.080512,4.6379843,6.591268,14.478996,-8.82876,0.0,4.259151,1.0351337,-22.60092,6.404557,-11.037615,0.0,-2.197213,9.4724455,0.7871239,-4.607235,-24.197193,7.9969645,25.025532,-39.34115,-66.85151,-3.6672714,14.732372,-12.210748,8.920739,-22.904526,29.615192,-57.294262,-2.9602711,6.046267,11.291941
464,-1.7395254373550415,5.853437423706055,65.99703979492188,-0.4753610040626036,-2.600187198589832,-87.49256339658862,-2.0723135,4.6267443,6.598683,14.461077,-8.813309,0.0,4.256455,1.024089,-22.595427,6.4004664,-11.021482,0.0,-2.2242491,9.469721,0.7847695,-4.607042,-24.197083,8.003706,25.033087,-39.3384,-66.84176,-3.669653,14.737976,-12.210748,8.924512,-22.907677,29.61395,-57.293118,-2.9612496,6.046657,11.292505
465,-1.7321908473968506,5.85621452331543,66.0029067993164,-0.44659795893767745,-2.612881881384139,-87.4828851288236,-1.9811646,4.5801835,6.597603,14.280132,-8.713378,0.0,4.265497,0.98786324,-22.604164,6.4088764,-11.023382,0.0,-2.3008237,9.457877,0.73533916,-4.5382004,-24.148338,8.102004,25.041206,-39.277637,-66.50327,-3.6897845,14.7707205,-12.210748,9.034707,-22.918455,29.570374,-57.3483,-3.0125308,6.030876,11.310577
466,-1.7202485799789429,5.852300643920898,66.00367736816406,-0.4425861885990438,-2.620123938344346,-87.48475245035134,-1.9573619,4.5649595,6.6014247,14.253296,-8.705138,0.0,4.275199,0.97346485,-22.60138,6.410297,-11.022574,0.0,-2.3401265,9.447264,0.72081923,-4.5377736,-24.147799,8.132061,25.048534,-39.261032,-66.47185,-3.6711805,14.788263,-12.210748,9.043951,-22.923265,29.55606,-57.346592,-3.022004,6.030415,11.310949
467,-1.705444574356079,5.851301670074463,66.00953674316406,-0.42225698079948004,-2.629386554393547,-87.48304935415482,-1.8790513,4.5238667,6.6072,14.105891,-8.629528,0.0,4.2808046,0.9385724,-22.602348,6.4220967,-11.024983,0.0,-2.4013102,9.429745,0.6799746,-4.5084205,-24.088547,8.228097,25.056795,-39.213192,-66.15964,-3.3665717,14.794851,-12.210748,9.12904,-22.933506,29.481806,-57.404697,-3.1518922,6.014596,11.312995
468,-1.691513180732727,5.854305744171143,66.01092529296875,-0.4173553671788476,-2.633432284395846,-87.49347171453923,-1.8614076,4.5062566,6.6186223,14.078706,-8.617367,0.0,4.2805166,0.9211692,-22.593395,6.420692,-11.01449,0.0,-2.435764,9.41807,0.66770315,-4.508268,-24.087904,8.254119,25.065516,-39.205593,-66.13178,-3.3569303,14.810827,-12.210748,9.134987,-22.938341,29.460848,-57.40256,-3.1627016,6.01406,11.311842
469,-1.680765151977539,5.858911991119385,66.01602935791016,-0.39125901094523496,-2.6303793315392126,-87.50897803096687,-1.7870005,4.4622526,6.6426277,13.912674,-8.529308,0.0,4.264069,0.8823823,-22.580381,6.435354,-11.012027,0.0,-2.4813924,9.394999,0.63015604,-4.4924088,-24.021402,8.349206,25.074043,-39.197063,-65.87263,-3.3826566,14.820444,-12.210748,9.182253,-22.948761,29.371004,-57.43552,-3.3121164,6.0054936,11.314367
470,-1.6674243211746216,5.872648239135742,66.02049255371094,-0.371235138099551,-2.6226760635789175,-87.53198563405509,-1.7401737,4.424753,6.67166,13.784866,-8.456031,0.0,4.240911,0.8496558,-22.562128,6.4323163,-10.990122,0.0,-2.5137374,9.373077,0.60583836,-4.4797187,-23.965527,8.4128685,25.082504,-39.20931,-65.7566,-3.580525,14.829884,-12.210748,9.201106,-22.958504,29.28829,-57.445827,-3.4030914,6.001938,11.328295
471,-1.653916597366333,5.882233619689941,66.02519226074219,-0.3523700634208312,-2.6157665080676225,-87.56076889681856,-1.6892812,4.3886685,6.7060504,13.660668,-8.38921,0.0,4.2134366,0.8148424,-22.5382,6.4460187,-10.979113,0.0,-2.5398774,9.353147,0.58479816,-4.466984,-23.915548,8.472704,25.090744,-39.237038,-65.63494,-3.796073,14.827054,-12.210748,9.201492,-22.967644,29.210012,-57.44338,-3.4810827,6.000778,11.336886
472,-1.6419486999511719,5.887685775756836,66.02922821044922,-0.3358717246022505,-2.6155083542665425,-87.59489429706422,-1.6316915,4.356866,6.7446866,13.546669,-8.332336,0.0,4.197908,0.7848742,-22.508219,6.4526443,-10.966695,0.0,-2.5580945,9.339417,0.5689964,-4.4523377,-23.868412,8.5243,25.098389,-39.26902,-65.514084,-3.940111,14.830067,-12.210748,9.190547,-22.976343,29.137165,-57.43163,-3.5233612,6.00021,11.3317
473,-1.6279587745666504,5.8868231773376465,66.033203125,-0.3213680746991701,-2.6248644949437328,-87.63697303114843,-1.5599436,4.326461,6.790416,13.43899,-8.28642,0.0,4.1906753,0.75321656,-22.469257,6.471683,-10.963975,0.0,-2.5646896,9.334434,0.56142306,-4.433896,-23.821394,8.570651,25.104956,-39.299885,-65.397675,-3.983764,14.845665,-12.210748,9.169591,-22.984917,29.071312,-57.41105,-3.515599,6.0025215,11.297012
474,-1.6085216999053955,5.896245002746582,66.03628540039062,-0.30998276734473035,-2.640323104203336,-87.68625893104749,-1.5025998,4.2968593,6.8420973,13.362738,-8.251718,0.0,4.182818,0.7207275,-22.423405,6.481164,-10.943884,0.0,-2.5618567,9.335384,0.56025875,-4.410699,-23.772827,8.614441,25.110313,-39.329903,-65.290184,-3.971878,14.872868,-12.210748,9.139153,-22.9935,29.012182,-57.38437,-3.4735863,6.0080447,11.238154
475,-1.5883628129959106,5.908508777618408,66.03865051269531,-0.2977181675282092,-2.657879527620509,-87.73801145973998,-1.4474839,4.266422,6.896012,13.292355,-8.21837,0.0,4.1737523,0.6864835,-22.375076,6.491683,-10.921379,0.0,-2.5565634,9.338868,0.5592269,-4.3835907,-23.72411,8.653887,25.11463,-39.3563,-65.1883,-3.9317806,14.906069,-12.210748,9.099037,-23.002018,28.958813,-57.353485,-3.4136171,6.0136266,11.180018
476,-1.5677839517593384,5.9250288009643555,66.04205322265625,-0.2856562507357013,-2.6735031038044457,-87.78731864527369,-1.3963072,4.2352853,6.9479403,13.217191,-8.178026,0.0,4.160401,0.6523404,-22.329142,6.499447,-10.89403,0.0,-2.5559623,9.341392,0.5521284,-4.354467,-23.678022,8.687166,25.118242,-39.374954,-65.0887,-3.8901324,14.939602,-12.210748,9.049073,-23.010159,28.909243,-57.32005,-3.3520985,6.015243,11.150565
477,-1.55353581905365,5.939260005950928,66.04460144042969,-0.2706923681018873,-2.6870344231083245,-87.8329728492068,-1.3447621,4.205707,6.9961686,13.137747,-8.134592,0.0,4.147015,0.62067986,-22.286737,6.509652,-10.873139,0.0,-2.564487,9.342353,0.53492934,-4.3237095,-23.63636,8.711772,25.121601,-39.37984,-64.9855,-3.848307,14.972262,-12.210748,8.988003,-23.01758,28.863111,-57.285484,-3.2773523,6.0121017,11.163785
478,-1.5380176305770874,5.950169086456299,66.04737854003906,-0.2557775445145331,-2.700182360702398,-87.87747072240725,-1.2899727,4.17499,7.0435653,13.055697,-8.091719,0.0,4.1358566,0.5880914,-22.244884,6.5207253,-10.855209,0.0,-2.5775852,9.343456,0.51157886,-4.2911544,-23.599075,8.731843,25.124718,-39.369175,-64.881546,-3.7984955,15.003982,-12.210748,8.915578,-23.02426,28.820234,-57.246532,-3.1844032,6.005066,11.205777
479,-1.5202856063842773,5.960973739624023,66.05065155029297,-0.24013742385757259,-2.712004213337392,-87.92182338526497,-1.2345182,4.1417966,7.0914235,12.96918,-8.046741,0.0,4.123029,0.5528808,-22.202848,6.5326934,-10.837092,0.0,-2.5888803,9.34475,0.4878693,-4.2585807,-23.567234,8.75461,25.127312,-39.34744,-64.78689,-3.752697,15.030711,-12.210748,8.834282,-23.03029,28.778868,-57.20082,-3.1033359,5.993311,11.261924
480,-1.5018672943115234,5.97081184387207,66.05352783203125,-0.22670360988508978,-2.7211016906614933,-87.96711371102214,-1.1844313,4.110509,7.1400957,12.890187,-8.007585,0.0,4.107023,0.5188542,-22.159695,6.546969,-10.820407,0.0,-2.5918212,9.346144,0.46939668,-4.229029,-23.542427,8.787212,25.128878,-39.322422,-64.71185,-3.7230694,15.048242,-12.210748,8.74571,-23.03603,28.736244,-57.14486,-3.06525,5.9763036,11.317809
481,-1.477687120437622,5.985908508300781,66.05681610107422,-0.21677509748153428,-2.726442062666569,-88.01525924821901,-1.1455463,4.0786624,7.1919703,12.820105,-7.971671,0.0,4.082237,0.48319125,-22.113478,6.5604043,-10.79611,0.0,-2.5804362,9.347845,0.4601845,-4.2052064,-23.527155,8.833089,25.128853,-39.30017,-64.66208,-3.715129,15.052599,-12.210748,8.649206,-23.041851,28.689491,-57.07399,-3.098256,5.9491596,11.375864
482,-1.4588401317596436,6.0001606941223145,66.05915069580078,-0.2082000896370833,-2.729063092671026,-88.0649880301913,-1.1092712,4.051998,7.245011,12.751199,-7.9374366,0.0,4.053436,0.45264015,-22.065664,6.5775337,-10.775632,0.0,-2.559315,9.349751,0.45648196,-4.1877227,-23.52208,8.887463,25.127132,-39.281097,-64.631584,-3.7205627,15.047549,-12.210748,8.541868,-23.048014,28.638073,-56.988945,-3.1807532,5.913946,11.44351
483,-1.441191554069519,6.011458873748779,66.06310272216797,-0.2004088960730939,-2.7303359839829056,-88.11304875159571,-1.0634909,4.025599,7.296971,12.6625595,-7.8944798,0.0,4.0260496,0.42404005,-22.019468,6.5945244,-10.758045,0.0,-2.5380712,9.351431,0.4522814,-4.175968,-23.524693,8.942324,25.124062,-39.264786,-64.61115,-3.7285864,15.040859,-12.210748,8.4269705,-23.0543,28.583523,-56.900867,-3.2700121,5.8803897,11.514055
484,-1.419336199760437,6.026933670043945,66.06629943847656,-0.19081996713768748,-2.7320192179493943,-88.15616971347752,-1.0269816,3.9948173,7.3443303,12.5852375,-7.8532186,0.0,3.9915645,0.3881317,-21.978712,6.623059,-10.743127,0.0,-2.5246902,9.353168,0.44164094,-4.1582885,-23.539207,9.008575,25.109865,-39.218773,-64.60158,-3.7568736,15.041831,-12.210748,8.28728,-23.062115,28.401419,-56.75484,-3.2466104,5.815724,11.701728
485,-1.3981404304504395,6.038156032562256,66.07024383544922,-0.18166244346871063,-2.7328173683044428,-88.19104425761428,-0.99101996,3.9648993,7.38323,12.509846,-7.8137136,0.0,3.982186,0.36202067,-21.945766,6.6045523,-10.709015,0.0,-2.5298517,9.351347,0.42095467,-4.159265,-23.538794,9.035497,25.108744,-39.21663,-64.566055,-3.7399783,15.049112,-12.210748,8.193423,-23.065115,28.38836,-56.736755,-3.2505736,5.8389688,11.701832
486,-1.3785709142684937,6.052337169647217,66.07177734375,-0.16936066344161135,-2.732974979620243,-88.2209170981402,-0.97105485,3.934546,7.4166355,12.459322,-7.7833195,0.0,3.9550042,0.3278176,-21.91856,6.623091,-10.694325,0.0,-2.5438507,9.348311,0.39229065,-4.1626825,-23.536705,9.055298,25.10722,-39.21166,-64.537125,-3.7221417,15.06837,-12.210748,8.0858135,-23.068817,28.37156,-56.70444,-3.2216918,5.862824,11.70638
487,-1.3624820709228516,6.060176372528076,66.07554626464844,-0.15709383650999284,-2.7342155035547893,-88.24900408494977,-0.93062115,3.9048023,7.448922,12.376447,-7.739677,0.0,3.9431782,0.30034485,-21.89313,6.622351,-10.676102,0.0,-2.5575285,9.347357,0.36424717,-4.1770205,-23.53144,9.069678,25.09971,-39.19716,-64.51366,-3.6977255,15.089412,-12.210748,7.952205,-23.073578,28.304256,-56.625748,-3.1524992,5.8637805,11.759537
488,-1.347127079963684,6.072933673858643,66.07691192626953,-0.14820424889310535,-2.738394952078249,-88.27909296244307,-0.91098815,3.8813965,7.481042,12.337493,-7.716281,0.0,3.9230509,0.273873,-21.866076,6.63572,-10.66064,0.0,-2.563389,9.350139,0.3421288,-4.1787972,-23.534777,9.086057,25.09915,-39.19901,-64.503006,-3.6434789,15.092237,-12.210748,7.856625,-23.075949,28.288979,-56.623886,-3.1370296,5.897315,11.733319
489,-1.3297618627548218,6.0886945724487305,66.07911682128906,-0.1424709093378981,-2.7473493578145725,-88.31227349502045,-0.88842535,3.859746,7.5158725,12.298598,-7.6915526,0.0,3.9073524,0.2498618,-21.836462,6.642314,-10.637668,0.0,-2.5554898,9.360034,0.33065766,-4.180638,-23.546404,9.09564,25.09873,-39.204758,-64.50937,-3.5334997,15.084137,-12.210748,7.748382,-23.078484,28.260302,-56.59408,-3.1446683,5.9120464,11.70984
490,-1.3084168434143066,6.100003242492676,66.08135986328125,-0.13908417040763313,-2.759911642703728,-88.34677463773069,-0.8604798,3.8377807,7.5518317,12.264555,-7.6739035,0.0,3.893024,0.22275001,-21.805552,6.661676,-10.623268,0.0,-2.5375617,9.3755865,0.32621434,-4.185466,-23.601368,9.075612,25.101023,-39.247616,-64.52176,-3.3478143,15.076928,-12.210748,7.6074643,-23.076248,28.121412,-56.491753,-3.1009088,5.885355,11.780804
491,-1.2900176048278809,6.114573001861572,66.08366394042969,-0.13497521113598365,-2.7729495086646088,-88.38092621718275,-0.83317703,3.8170936,7.587128,12.226508,-7.651046,0.0,3.8858387,0.20108849,-21.775003,6.6596565,-10.595935,0.0,-2.520374,9.3912735,0.3214895,-4.184609,-23.616236,9.086977,25.100906,-39.256783,-64.55061,-3.2206469,15.05278,-12.210748,7.5108657,-23.077902,28.094435,-56.490906,-3.1303723,5.9050894,11.7287655
492,-1.2720717191696167,6.1329145431518555,66.08499145507812,-0.12714741433184643,-2.7845993969132725,-88.41454779493877,-0.80869853,3.7926152,7.6225104,12.184638,-7.6230626,0.0,3.8632863,0.17156276,-21.745394,6.6820593,-10.578635,0.0,-2.504227,9.406441,0.3114031,-4.179979,-23.67475,9.075448,25.102392,-39.311623,-64.585205,-3.118369,15.047188,-12.210748,7.374156,-23.07506,27.968054,-56.40554,-3.1032317,5.871902,11.766877
493,-1.25652015209198,6.1452178955078125,66.08866882324219,-0.11594788920076042,-2.793835898585286,-88.45058541939208,-0.7576563,3.7633257,7.6619453,12.091559,-7.572811,0.0,3.8519118,0.14444949,-21.7126,6.6845183,-10.556275,0.0,-2.493301,9.419091,0.2936455,-4.1675124,-23.7019,9.097008,25.097952,-39.343536,-64.63728,-3.154204,15.040911,-12.210748,7.25653,-23.075308,27.906023,-56.373802,-3.1102905,5.8531475,11.732776
494,-1.2339892387390137,6.158432960510254,66.09223175048828,-0.09997387576208815,-2.802138710261724,-88.48872859963807,-0.7024695,3.723777,7.704776,11.987674,-7.5175934,0.0,3.8344023,0.1052318,-21.677317,6.696294,-10.535704,0.0,-2.483478,9.431327,0.27112028,-4.148881,-23.726688,9.12977,25.090864,-39.37704,-64.703316,-3.2643416,15.037288,-12.210748,7.1374393,-23.075932,27.8489,-56.346424,-3.1207879,5.8265376,11.682769
495,-1.2143720388412476,6.178620338439941,66.09519958496094,-0.0829901811202662,-2.809551786659677,-88.52099071573537,-0.6597471,3.6855545,7.741343,11.89253,-7.4595513,0.0,3.8102849,0.06690368,-21.648138,6.7098384,-10.512302,0.0,-2.4769757,9.442222,0.24610259,-4.134549,-23.749706,9.159933,25.083687,-39.41223,-64.77479,-3.3908484,15.03456,-12.210748,7.021851,-23.07647,27.791807,-56.32744,-3.1382244,5.7997513,11.63116
496,-1.1977120637893677,6.196113586425781,66.09819030761719,-0.06882862733509137,-2.8161197477578077,-88.53948893549071,-0.624805,3.6522317,7.7635274,11.808922,-7.406187,0.0,3.7910454,0.03446831,-21.631952,6.722694,-10.494593,0.0,-2.4760096,9.450874,0.2208763,-4.1349897,-23.772219,9.174808,25.079107,-39.44837,-64.84445,-3.4762726,15.031488,-12.210748,6.9165297,-23.076279,27.729433,-56.322193,-3.1664526,5.7801433,11.592185
497,-1.1823382377624512,6.2082037925720215,66.10147857666016,-0.05647109805848436,-2.82097043889438,-88.53842153295248,-0.59738296,3.6215534,7.765574,11.734985,-7.357103,0.0,3.7804651,0.006283047,-21.634016,6.7329817,-10.484742,0.0,-2.4835863,9.45638,0.19542062,-4.1585526,-23.796572,9.167037,25.078548,-39.484585,-64.910614,-3.5015428,15.030039,-12.210748,6.8226957,-23.075037,27.656792,-56.33259,-3.210912,5.7712045,11.570854
498,-1.1681405305862427,6.220658302307129,66.10360717773438,-0.045177190353001745,-2.824171565467325,-88.52328971389464,-0.58683604,3.5937576,7.752713,11.684653,-7.316593,0.0,3.7728536,-0.0187855,-21.649445,6.73914,-10.475704,0.0,-2.497762,9.459454,0.16890806,-4.1978235,-23.821999,9.144778,25.08041,-39.52147,-64.97731,-3.4984748,15.030328,-12.210748,6.73775,-23.072945,27.577475,-56.35631,-3.2683473,5.768368,11.559423
499,-1.1526527404785156,6.231128215789795,66.10552978515625,-0.0348638626117557,-2.827974271550727,-88.50292056814715,-0.57751185,3.5659702,7.73496,11.638959,-7.279132,0.0,3.7691245,-0.043576684,-21.66965,6.744374,-10.46849,0.0,-2.5132198,9.4615345,0.14199305,-4.2395267,-23.84226,9.118436,25.082489,-39.56059,-65.04547,-3.4860017,15.027752,-12.210748,6.6594667,-23.070814,27.500269,-56.389313,-3.3284667,5.767297,11.552269
500,-1.1344876289367676,6.2419562339782715,66.10763549804688,-0.02362750040848896,-2.8345528564071696,-88.486312917072,-0.5613701,3.5351393,7.7221885,11.58675,-7.2393317,0.0,3.7671168,-0.07156469,-21.686235,6.750075,-10.459898,0.0,-2.5246725,9.464102,0.11558486,-4.270371,-23.854877,9.097985,25.082624,-39.60433,-65.11628,-3.4828126,15.018158,-12.210748,6.584268,-23.069695,27.434673,-56.426853,-3.3808408,5.7637877,11.5432
501,-1.1175276041030884,6.249351501464844,66.10987854003906,-0.012571939835493028,-2.846442131378819,-88.47617410770413,-0.529283,3.5046227,7.7176027,11.521724,-7.1968656,0.0,3.7712662,-0.09872595,-21.696852,6.7571692,-10.453727,0.0,-2.529918,9.468236,0.08967483,-4.286807,-23.852947,9.087225,25.079884,-39.657757,-65.18837,-3.497699,14.9973,-12.210748,6.5133767,-23.069565,27.382154,-56.470818,-3.417764,5.761821,11.534693
502,-1.1040552854537964,6.255914211273193,66.11184692382812,0.0013068088069692339,-2.8619012407630766,-88.46764316039959,-0.4859595,3.4733343,7.7158637,11.442559,-7.147524,0.0,3.7782915,-0.1261434,-21.706282,6.7669744,-10.450593,0.0,-2.5320537,9.472948,0.063916475,-4.295836,-23.841976,9.080755,25.075527,-39.717957,-65.262146,-3.5198169,14.968463,-12.210748,6.4478903,-23.070122,27.339027,-56.52306,-3.4470854,5.762107,11.527954
503,-1.0915238857269287,6.268330097198486,66.11389923095703,0.0132446735899778,-2.876466429960722,-88.45818785401677,-0.45273212,3.444936,7.712505,11.372777,-7.098445,0.0,3.7813056,-0.15045787,-21.716888,6.772837,-10.441017,0.0,-2.533695,9.476533,0.038585585,-4.30038,-23.826965,9.073273,25.070585,-39.77574,-65.33918,-3.5374277,14.938521,-12.210748,6.386261,-23.070992,27.302767,-56.57927,-3.4802392,5.754725,11.518152
504,-1.0750168561935425,6.2750749588012695,66.11552429199219,0.023534462127995592,-2.8858800731884613,-88.44549132219333,-0.4270404,3.4160957,7.704211,11.316219,-7.061004,0.0,3.7842367,-0.17625901,-21.729551,6.7795334,-10.435755,0.0,-2.5374408,9.477352,0.013872083,-4.3032684,-23.81623,9.059696,25.06649,-39.82189,-65.42189,-3.5388398,14.914352,-12.210748,6.327382,-23.072,27.272057,-56.636265,-3.529465,5.7300897,11.499598
505,-1.0607653856277466,6.283730506896973,66.11712646484375,0.032086987700941136,-2.8867948568596553,-88.42804207633436,-0.4214549,3.3917582,7.688064,11.278269,-7.0310173,0.0,3.776598,-0.19892292,-21.74588,6.789813,-10.432676,0.0,-2.5455916,9.473189,-0.010283032,-4.304042,-23.813341,9.046518,25.065514,-39.830273,-65.52609,-3.5282629,14.9018755,-12.210748,6.2782483,-23.0728,27.257568,-56.711945,-3.611129,5.689344,11.453922
506,-1.046066403388977,6.299448013305664,66.1181869506836,0.03829446540794052,-2.8821972065241495,-88.40728709373761,-0.43937284,3.3706532,7.666444,11.265244,-7.0084825,0.0,3.7618861,-0.21839003,-21.7654,6.7907295,-10.419081,0.0,-2.5544686,9.466141,-0.03356632,-4.3071165,-23.802729,9.006414,25.061628,-39.864582,-65.60694,-3.4768584,14.878603,-12.210748,6.2145367,-23.074535,27.221415,-56.740837,-3.7122674,5.588581,11.423547
507,-1.031629204750061,6.310469627380371,66.12004089355469,0.04445156226754857,-2.8775496892408703,-88.38572343666381,-0.45017898,3.3494217,7.643698,11.244204,-6.9852867,0.0,3.7487824,-0.23833296,-21.785435,6.797646,-10.412784,0.0,-2.5639782,9.458742,-0.05665602,-4.305727,-23.800795,8.982686,25.060833,-39.867004,-65.718666,-3.4430704,14.874533,-12.210748,6.1717257,-23.075232,27.210688,-56.819595,-3.8015835,5.529043,11.375785
508,-1.0175693035125732,6.31545352935791,66.12084197998047,0.05041318653532882,-2.8777138550079577,-88.36511150185258,-0.4528719,3.3289251,7.6221356,11.227004,-6.9691377,0.0,3.7458403,-0.25749427,-21.805601,6.804595,-10.411688,0.0,-2.5705755,9.455306,-0.07924283,-4.3012,-23.798908,8.966811,25.059372,-39.877953,-65.824005,-3.4132252,14.87006,-12.210748,6.1280923,-23.076332,27.203691,-56.890472,-3.8597379,5.484701,11.343399
509,-1.0024033784866333,6.326592922210693,66.12236785888672,0.05745426417381116,-2.886075214169672,-88.34621386319064,-0.44655564,3.3059473,7.6028366,11.198005,-6.942458,0.0,3.7471914,-0.2783936,-21.827032,6.8071327,-10.402239,0.0,-2.5743647,9.457771,-0.10020883,-4.271645,-23.800705,8.93681,25.051012,-39.939857,-65.90884,-3.3659978,14.881368,-12.210748,6.076822,-23.080091,27.217585,-56.962345,-3.868338,5.488251,11.328664
510,-0.9840238094329834,6.33469820022583,66.12419128417969,0.06340891558859664,-2.899094378758902,-88.32798147904872,-0.4324237,3.2816162,7.584303,11.167891,-6.9183383,0.0,3.7550282,-0.3010793,-21.84884,6.8106704,-10.394397,0.0,-2.5772755,9.463588,-0.12021386,-4.238521,-23.809706,8.927894,25.045164,-39.984634,-66.01415,-3.3364124,14.9098835,-12.210748,6.0406146,-23.082382,27.242542,-57.0682,-3.831718,5.5437884,11.320313
511,-0.9711116552352905,6.3452019691467285,66.12593841552734,0.07028813145198996,-2.912680176148287,-88.30991896860895,-0.41675153,3.2599373,7.5664225,11.131377,-6.8880944,0.0,3.7618012,-0.320111,-21.870708,6.813929,-10.386481,0.0,-2.5770888,9.469761,-0.14128643,-4.2089534,-23.817287,8.918376,25.03939,-40.0331,-66.12144,-3.3150084,14.936615,-12.210748,6.009901,-23.084787,27.274296,-57.177505,-3.79198,5.6013403,11.3125305
512,-0.9593708515167236,6.355167865753174,66.12763214111328,0.07893854474316797,-2.9228098827119706,-88.29172808659301,-0.3992563,3.2366967,7.550258,11.084301,-6.8517594,0.0,3.7651846,-0.3399907,-21.890902,6.8180027,-10.379863,0.0,-2.5721414,9.473101,-0.16561054,-4.197513,-23.818003,8.91246,25.03649,-40.069206,-66.23743,-3.3166173,14.94567,-12.210748,5.9856877,-23.086166,27.29609,-57.27658,-3.7759,5.6233544,11.305441
513,-0.9454159140586853,6.359353542327881,66.12992858886719,0.09368864465203311,-2.927497163630859,-88.27498716681387,-0.36570966,3.204188,7.5392838,11.002171,-6.800809,0.0,3.7665277,-0.3677735,-21.90616,6.825311,-10.379043,0.0,-2.559865,9.472087,-0.19545306,-4.2023344,-23.814468,8.896835,25.035288,-40.089443,-66.363556,-3.34301,14.940056,-12.210748,5.9720335,-23.08676,27.306454,-57.368244,-3.7997031,5.5979958,11.289452
514,-0.9363667368888855,6.366611957550049,66.1317138671875,0.11051878467767277,-2.9290634607824835,-88.25931845955621,-0.33296862,3.172404,7.5310526,10.910142,-6.7409678,0.0,3.7627006,-0.39340693,-21.919123,6.831191,-10.376572,0.0,-2.5415106,9.468838,-0.22968002,-4.2171674,-23.806158,8.878299,25.034382,-40.119072,-66.48589,-3.3811364,14.914128,-12.210748,5.9625444,-23.087791,27.32528,-57.450535,-3.854693,5.541039,11.259191
515,-0.9260543584823608,6.373931407928467,66.13434600830078,0.12750225547560573,-2.93034414706079,-88.24150348153358,-0.29620603,3.1390302,7.5214553,10.807691,-6.67531,0.0,3.7592432,-0.4200294,-21.933992,6.8360343,-10.373316,0.0,-2.522176,9.464889,-0.26337108,-4.2396083,-23.794268,8.85539,25.033854,-40.1549,-66.607025,-3.426269,14.881084,-12.210748,5.954933,-23.089165,27.351091,-57.528694,-3.9172716,5.475801,11.231243
516,-0.9141438007354736,6.383486270904541,66.13610076904297,0.1399920492303089,-2.934172875182791,-88.21829964237902,-0.2765339,3.1110137,7.50449,10.740988,-6.6270046,0.0,3.7594323,-0.44280636,-21.955708,6.8368974,-10.366727,0.0,-2.5068555,9.462084,-0.29164118,-4.2629986,-23.780308,8.832578,25.033487,-40.196507,-66.725945,-3.4728026,14.849097,-12.210748,5.9481926,-23.09062,27.382412,-57.6072,-3.9633596,5.4250345,11.223869
517,-0.9040800929069519,6.390625953674316,66.1385498046875,0.1429955124549542,-2.9419076029417752,-88.18649272842873,-0.26862642,3.095306,7.4761076,10.707699,-6.59838,0.0,3.7671974,-0.45456514,-21.988447,6.8377976,-10.363969,0.0,-2.497452,9.461554,-0.31131536,-4.2818055,-23.765133,8.810845,25.033115,-40.24526,-66.84534,-3.535256,14.81986,-12.210748,5.9413543,-23.09204,27.41751,-57.68551,-3.9792724,5.393733,11.251727
518,-0.8939636945724487,6.398402690887451,66.1383056640625,0.14132816749232938,-2.951818031985701,-88.14864857519427,-0.28727892,3.0876348,7.439351,10.732304,-6.59966,0.0,3.7792954,-0.46112162,-22.028677,6.836357,-10.360923,0.0,-2.4911194,9.462088,-0.32554293,-4.295405,-23.748646,8.788443,25.03272,-40.30033,-66.965225,-3.6121812,14.78982,-12.210748,5.9359026,-23.093195,27.454905,-57.763172,-3.9774563,5.3720145,11.306366
519,-0.8823527097702026,6.408675670623779,66.13861083984375,0.13944818271751366,-2.96201438750856,-88.10995290502493,-0.3065367,3.0788448,7.4014683,10.754279,-6.597693,0.0,3.789855,-0.46874502,-22.06981,6.8341203,-10.354883,0.0,-2.485713,9.462071,-0.33855414,-4.304527,-23.732424,8.765705,25.032299,-40.358727,-67.082375,-3.672973,14.761037,-12.210748,5.931593,-23.094082,27.493942,-57.839344,-3.9691978,5.3599033,11.366053
520,-0.8725454211235046,6.415168762207031,66.14038848876953,0.1431184771470471,-2.970662636431208,-88.07547238074706,-0.30285197,3.0634725,7.3688455,10.731771,-6.5746474,0.0,3.7997944,-0.48077363,-22.105036,6.8353844,-10.353749,0.0,-2.4791493,9.459808,-0.35485107,-4.310743,-23.718878,8.743248,25.031837,-40.41575,-67.1955,-3.6857069,14.737576,-12.210748,5.9295554,-23.094637,27.53479,-57.915287,-3.967978,5.358477,11.407781
521,-0.861679196357727,6.4208984375,66.14183807373047,0.15628752579098293,-2.9783858770153397,-88.04703165822963,-0.28303292,3.0362477,7.34403,10.677139,-6.5348473,0.0,3.8069038,-0.50367826,-22.131441,6.8401017,-10.354003,0.0,-2.4709308,9.455027,-0.3769584,-4.3119526,-23.708094,8.72554,25.031254,-40.46739,-67.305855,-3.6113095,14.719907,-12.210748,5.9316154,-23.0948,27.578024,-57.99227,-3.9854763,5.3807507,11.416009
522,-0.8525592088699341,6.4275970458984375,66.1427993774414,0.17420951739625326,-2.9858650569006606,-88.02190497872733,-0.25608674,3.0046303,7.32319,10.606319,-6.485009,0.0,3.8113616,-0.5303465,-22.153,6.8469486,-10.354691,0.0,-2.4623137,9.448297,-0.40218335,-4.3073616,-23.700363,8.712241,25.03062,-40.511383,-67.41741,-3.47481,14.709295,-12.210748,5.9383187,-23.094395,27.622677,-58.071323,-4.013722,5.4235277,11.40209
523,-0.8451728224754333,6.434955596923828,66.1429672241211,0.19115030696475294,-2.9911160780873782,-87.9979022180524,-0.23294748,2.9755154,7.3022165,10.538452,-6.436681,0.0,3.8128424,-0.55460906,-22.1735,6.853876,-10.355289,0.0,-2.4535625,9.440349,-0.42733046,-4.302875,-23.69798,8.697898,25.030132,-40.554726,-67.52893,-3.3440835,14.70771,-12.210748,5.948406,-23.093784,27.673868,-58.152855,-4.033963,5.461162,11.385603
524,-0.8351022601127625,6.437500476837158,66.1463851928711,0.19909710676994682,-2.992203913370219,-87.97317255541763,-0.20437983,2.9525871,7.2784867,10.458486,-6.387802,0.0,3.8137212,-0.5720979,-22.19581,6.861139,-10.358492,0.0,-2.4450603,9.431083,-0.44880745,-4.3085437,-23.704784,8.671627,25.030146,-40.59724,-67.636925,-3.2882628,14.715869,-12.210748,5.959163,-23.093262,27.727335,-58.234318,-4.0286746,5.4655952,11.385087
